Model,Similarity Score (%),Raw Score
qwen3-235b-a22b,41.55%,41.552197424999996
llama-3.1-405b-instruct,38.65%,38.651769810000005
deepseek-v3.1,37.61%,37.60965465
kimi-k2-instruct-0905,35.35%,35.34896168666667
llama-3.3-70b-instruct,28.95%,28.951457035000004
gpt-oss-120b,28.83%,28.832666178
gemma2-9b-it,27.37%,27.374278888000003
qwen3-32b,26.29%,26.292772591999995
llama-4-maverick-17b-128e-instruct,26.07%,26.06912103199999
