Model,Similarity Score (%),Raw Score
qwen3-235b-a22b,49.86%,49.8635402
deepseek-v3.1,41.45%,41.4465512
kimi-k2-instruct-0905,35.64%,35.640413063333334
gpt-oss-120b,28.83%,28.832666178000004
llama-3.3-70b-instruct,28.43%,28.43150464
llama-3.1-405b-instruct,27.87%,27.872284439999994
gemma2-9b-it,27.37%,27.374278888
qwen3-32b,26.29%,26.292772592000002
llama-4-maverick-17b-128e-instruct,26.07%,26.069121031999998
