Model,Similarity Score (%),Raw Score
kimi-k2-instruct-0905,40.56%,40.56012768
qwen3-32b,28.09%,28.09038384
gpt-oss-120b,27.53%,27.5267722725
gemma2-9b-it,25.63%,25.633710459999996
llama-4-maverick-17b-128e-instruct,25.03%,25.026526240000003
