Model,Similarity Score (%),Raw Score
gemma-2-27b-it,42.37%,42.3702472
qwen3-235b-a22b,41.78%,41.781643163333335
llama-3.1-405b-instruct,38.55%,38.55182360666667
kimi-k2-instruct-0905,35.74%,35.74292258
deepseek-v3.1,34.22%,34.22136673666667
gpt-oss-120b,28.83%,28.832666178
llama-3.3-70b-instruct,28.78%,28.782242263333334
gemma2-9b-it,27.37%,27.374278888000003
qwen3-32b,26.29%,26.292772591999995
llama-4-maverick-17b-128e-instruct,26.07%,26.06912103199999
