Model,Similarity Score (%),Raw Score
kimi-k2-instruct-0905,37.52%,37.520178716000004
gpt-oss-120b,28.83%,28.832666178000004
gemma2-9b-it,27.37%,27.374278888
qwen3-32b,26.29%,26.292772592000002
llama-4-maverick-17b-128e-instruct,26.07%,26.069121031999998
