Model,Similarity Score (%),Raw Score
qwen3-235b-a22b,40.67%,40.67057930000001
deepseek-v3.1,36.62%,36.61754226666666
llama-3.1-405b-instruct,36.02%,36.02214281333333
kimi-k2-instruct-0905,35.40%,35.4031644975
llama-3.3-70b-instruct,29.90%,29.896889913333336
gpt-oss-120b,28.83%,28.832666178
gemma2-9b-it,27.37%,27.374278888000003
qwen3-32b,26.29%,26.292772591999995
llama-4-maverick-17b-128e-instruct,26.07%,26.06912103199999
