Model,Similarity Score (%),Raw Score
qwen3-235b-a22b,39.96%,39.955595076
llama-3.1-405b-instruct,36.62%,36.616608968
deepseek-v3.1,35.63%,35.625030079999995
kimi-k2-instruct-0905,35.06%,35.064304098
llama-3.3-70b-instruct,29.10%,29.101467696
gpt-oss-120b,28.83%,28.832666178
gemma2-9b-it,27.37%,27.374278888000003
qwen3-32b,26.29%,26.292772591999995
llama-4-maverick-17b-128e-instruct,26.07%,26.06912103199999
