{
  "language_pair": "acd-eng",
  "timestamp": "2025-10-09T07:08:48.333088",
  "models": {
    "kimi-k2-instruct-0905": 37.520178716000004,
    "gpt-oss-120b": 28.832666178000004,
    "qwen3-32b": 26.292772592000002,
    "llama-4-maverick-17b-128e-instruct": 26.069121031999998,
    "gemma2-9b-it": 27.374278888
  },
  "average_score": 29.2178034812,
  "best_model": "kimi-k2-instruct-0905",
  "best_score": 37.520178716000004
}