{
  "language_pair": "acd-eng",
  "timestamp": "2026-01-19T11:10:30.421783",
  "models": {
    "kimi-k2-instruct-0905": 49.48567648840968,
    "seed-oss-36b-instruct": 22.735793566288432,
    "palmyra-med-70b": 32.98276255,
    "gpt-oss-120b": 23.195083029703188,
    "claude-sonnet-4-5": 37.34739049275716,
    "deepseek-v3.1": 40.016782248379776,
    "gemma-2-9b-it": 23.5076077612793,
    "mistral-medium-3-instruct": 32.90208094271353,
    "gemma-2-27b-it": 31.12701068096055,
    "llama-3.3-70b-instruct": 30.645361677229143,
    "qwen3-32b": 26.292772592000002,
    "llama-4-maverick-17b-128e-instruct": 40.971382603108204,
    "qwq-32b": 32.51092345983367,
    "llama-3.1-405b-instruct": 33.52038089721048,
    "gpt-4.1": 35.431215604146324,
    "qwen3-235b-a22b": 37.77300298847235,
    "gemini-2.5-flash": 53.05853271484375,
    "mistral-7b-instruct-v0.3": 24.26164764,
    "gemma2-9b-it": 27.374278888
  },
  "average_score": 33.428404569754505,
  "best_model": "gemini-2.5-flash",
  "best_score": 53.05853271484375
}