{
  "language_pair": "acd-eng",
  "timestamp": "2026-01-16T14:45:12.757563",
  "models": {
    "kimi-k2-instruct-0905": 49.48567648840968,
    "seed-oss-36b-instruct": 22.73829526936618,
    "palmyra-med-70b": 32.98276255,
    "gpt-oss-120b": 22.851073525200558,
    "gemini": 54.66970825195312,
    "deepseek-v3.1": 40.01333639868064,
    "gemma-2-9b-it": 21.612561425944275,
    "mistral-medium-3-instruct": 32.90331387440437,
    "gemma-2-27b-it": 30.136332700513393,
    "llama-3.3-70b-instruct": 30.646552648154866,
    "qwen3-32b": 26.292772592000002,
    "llama-4-maverick-17b-128e-instruct": 40.97176521155037,
    "qwq-32b": 32.51088408231351,
    "llama-3.1-405b-instruct": 33.5203090911443,
    "claude": 37.68702697753906,
    "qwen3-235b-a22b": 37.36577739272561,
    "chatgpt": 35.73067283630371,
    "mistral-7b-instruct-v0.3": 24.26164764,
    "gemma2-9b-it": 27.374278888
  },
  "average_score": 33.35551304443177,
  "best_model": "gemini",
  "best_score": 54.66970825195312
}