{
  "language_pair": "acd-eng",
  "timestamp": "2025-10-20T10:24:55.224956",
  "models": {
    "kimi-k2-instruct-0905": 35.064304098,
    "gpt-oss-120b": 28.832666178,
    "deepseek-v3.1": 35.625030079999995,
    "llama-3.3-70b-instruct": 29.101467696,
    "qwen3-32b": 26.292772591999995,
    "llama-4-maverick-17b-128e-instruct": 26.06912103199999,
    "llama-3.1-405b-instruct": 36.616608968,
    "qwen3-235b-a22b": 39.955595076,
    "gemma2-9b-it": 27.374278888000003
  },
  "average_score": 31.659093845333334,
  "best_model": "qwen3-235b-a22b",
  "best_score": 39.955595076
}