{
  "language_pair": "acd-eng",
  "timestamp": "2025-10-18T06:37:28.615264",
  "models": {
    "kimi-k2-instruct-0905": 35.4031644975,
    "gpt-oss-120b": 28.832666178,
    "deepseek-v3.1": 36.61754226666666,
    "llama-3.3-70b-instruct": 29.896889913333336,
    "qwen3-32b": 26.292772591999995,
    "llama-4-maverick-17b-128e-instruct": 26.06912103199999,
    "llama-3.1-405b-instruct": 36.02214281333333,
    "qwen3-235b-a22b": 40.67057930000001,
    "gemma2-9b-it": 27.374278888000003
  },
  "average_score": 31.90879527564815,
  "best_model": "qwen3-235b-a22b",
  "best_score": 40.67057930000001
}