{
  "language_pair": "acd-eng",
  "timestamp": "2025-09-24T14:06:30.107480",
  "models": {
    "kimi-k2-instruct-0905": 40.57343459999999,
    "gpt-oss-120b": 13.93021955,
    "qwen3-32b": 29.0088686,
    "llama-4-maverick-17b-128e-instruct": 27.996783000000004,
    "gemma2-9b-it": 29.855493199999994
  },
  "average_score": 28.272959789999998,
  "best_model": "kimi-k2-instruct-0905",
  "best_score": 40.57343459999999
}