{
  "language_pair": "acd-eng",
  "timestamp": "2026-01-12T13:35:16.579985",
  "models": {
    "kimi-k2-instruct-0905": 49.62442160059444,
    "seed-oss-36b-instruct": 22.803891665738146,
    "palmyra-med-70b": 32.98276255,
    "gpt-oss-120b": 23.05598194296348,
    "deepseek-v3.1": 39.87641077452363,
    "gemma-2-9b-it": 23.473552243558267,
    "mistral-medium-3-instruct": 33.17949018311304,
    "gemma-2-27b-it": 31.321702366517474,
    "llama-3.3-70b-instruct": 30.67406672376739,
    "qwen3-32b": 26.292772592000002,
    "llama-4-maverick-17b-128e-instruct": 40.477308371063494,
    "qwq-32b": 32.444411850382544,
    "llama-3.1-405b-instruct": 33.60842571463867,
    "qwen3-235b-a22b": 37.3932996822017,
    "mistral-7b-instruct-v0.3": 24.26164764,
    "gemma2-9b-it": 27.374278888
  },
  "average_score": 31.80277654931639,
  "best_model": "kimi-k2-instruct-0905",
  "best_score": 49.62442160059444
}