{
  "language_pair": "acd-eng",
  "timestamp": "2025-09-25T08:30:48.751528",
  "models": {
    "kimi-k2-instruct-0905": 40.5734346,
    "gpt-oss-120b": 13.93021955,
    "qwen3-32b": 29.008868600000003,
    "llama-4-maverick-17b-128e-instruct": 27.996783000000004,
    "gemma2-9b-it": 29.855493199999998
  },
  "average_score": 28.272959790000005,
  "best_model": "kimi-k2-instruct-0905",
  "best_score": 40.5734346
}