{
  "language_pair": "acd-eng",
  "timestamp": "2025-11-07T13:48:48.217532",
  "models": {
    "kimi-k2-instruct-0905": 35.91093749748151,
    "seed-oss-36b-instruct": 26.49809193646796,
    "palmyra-med-70b": 32.98276255,
    "gpt-oss-120b": 29.286477650698068,
    "deepseek-v3.1": 34.566579855880775,
    "gemma-2-9b-it": 26.15803631082722,
    "mistral-medium-3-instruct": 38.22578064449812,
    "gemma-2-27b-it": 36.60590287269233,
    "llama-3.3-70b-instruct": 30.015641275218503,
    "qwen3-32b": 26.292772592000002,
    "llama-4-maverick-17b-128e-instruct": 27.96606794235291,
    "qwq-32b": 30.57302227012319,
    "llama-3.1-405b-instruct": 36.28151088028902,
    "qwen3-235b-a22b": 39.45509323574347,
    "mistral-7b-instruct-v0.3": 24.26164764,
    "gemma2-9b-it": 27.374278888
  },
  "average_score": 31.40341275264207,
  "best_model": "qwen3-235b-a22b",
  "best_score": 39.45509323574347
}