{
  "language_pair": "acd-eng",
  "timestamp": "2026-01-16T11:13:51.886846",
  "models": {
    "kimi-k2-instruct-0905": 49.48567648840968,
    "seed-oss-36b-instruct": 22.736207030250124,
    "palmyra-med-70b": 32.98276255,
    "gpt-oss-120b": 22.85139635107363,
    "gemini": 54.669197082519524,
    "deepseek-v3.1": 40.014870411867825,
    "gemma-2-9b-it": 21.612267863455102,
    "mistral-medium-3-instruct": 32.90167240094186,
    "gemma-2-27b-it": 30.13433694778522,
    "llama-3.3-70b-instruct": 30.645289871162966,
    "qwen3-32b": 26.292772592000002,
    "llama-4-maverick-17b-128e-instruct": 40.97149191980597,
    "qwq-32b": 32.5106871947127,
    "llama-3.1-405b-instruct": 33.52041680024357,
    "claude": 37.686309814453125,
    "qwen3-235b-a22b": 37.36577739272561,
    "chatgpt": 35.73274230957031,
    "mistral-7b-instruct-v0.3": 24.26164764,
    "gemma2-9b-it": 27.374278888
  },
  "average_score": 33.35525271310407,
  "best_model": "gemini",
  "best_score": 54.669197082519524
}