{
  "language_pair": "acd-eng",
  "timestamp": "2026-01-28T14:52:28.373633",
  "models": {
    "bleu": {
      "kimi-k2-instruct-0905": 10.669982707647128,
      "seed-oss-36b-instruct": 2.47647853870282,
      "palmyra-med-70b": 2.110155034246931,
      "gpt-oss-120b": 2.956632430950952,
      "claude-sonnet-4-5": 4.210591057063157,
      "deepseek-v3.1": 8.645340342105577,
      "gemma-2-9b-it": 2.186863052346306,
      "mistral-medium-3-instruct": 2.881664344220464,
      "gemma-2-27b-it": 2.4138258257910836,
      "llama-3.3-70b-instruct": 2.726215761570981,
      "qwen3-32b": 1.9905443013117818,
      "llama-4-maverick-17b-128e-instruct": 3.8954877410297115,
      "qwq-32b": 3.65020001338855,
      "llama-3.1-405b-instruct": 2.9487804453073787,
      "gpt-4.1": 4.154196320921828,
      "qwen3-235b-a22b": 3.7857506819087523,
      "gemini-2.5-flash": 7.309852833539626,
      "mistral-7b-instruct-v0.3": 1.408660759877446,
      "gemma2-9b-it": 2.2627513594743904
    },
    "chrf": {
      "kimi-k2-instruct-0905": 29.77258854952931,
      "seed-oss-36b-instruct": 21.216193777336922,
      "palmyra-med-70b": 22.00841897734673,
      "gpt-oss-120b": 19.1183522310506,
      "claude-sonnet-4-5": 25.613557116585287,
      "deepseek-v3.1": 27.496228488857785,
      "gemma-2-9b-it": 19.51639910481526,
      "mistral-medium-3-instruct": 22.91397239971088,
      "gemma-2-27b-it": 20.510710455566038,
      "llama-3.3-70b-instruct": 22.361356016668385,
      "qwen3-32b": 21.133162346356794,
      "llama-4-maverick-17b-128e-instruct": 24.81980884513314,
      "qwq-32b": 23.229776217992452,
      "llama-3.1-405b-instruct": 24.106723321835617,
      "gpt-4.1": 24.630726349057145,
      "qwen3-235b-a22b": 23.913453092102486,
      "gemini-2.5-flash": 30.91499077072468,
      "mistral-7b-instruct-v0.3": 15.812773128130072,
      "gemma2-9b-it": 18.89310229113234
    },
    "average": {
      "kimi-k2-instruct-0905": 20.221285628588216,
      "seed-oss-36b-instruct": 11.846336158019872,
      "palmyra-med-70b": 12.059287005796829,
      "gpt-oss-120b": 11.037492331000777,
      "claude-sonnet-4-5": 14.91207408682422,
      "deepseek-v3.1": 18.07078441548168,
      "gemma-2-9b-it": 10.851631078580782,
      "mistral-medium-3-instruct": 12.897818371965672,
      "gemma-2-27b-it": 11.46226814067856,
      "llama-3.3-70b-instruct": 12.54378588911968,
      "qwen3-32b": 11.561853323834287,
      "llama-4-maverick-17b-128e-instruct": 14.357648293081425,
      "qwq-32b": 13.439988115690499,
      "llama-3.1-405b-instruct": 13.527751883571497,
      "gpt-4.1": 14.392461334989488,
      "qwen3-235b-a22b": 13.849601887005619,
      "gemini-2.5-flash": 19.11242180213215,
      "mistral-7b-instruct-v0.3": 8.610716944003759,
      "gemma2-9b-it": 10.577926825303367
    }
  },
  "best_model": "kimi-k2-instruct-0905",
  "best_model_scores": {
    "BLEU": 10.669982707647128,
    "chrF": 29.77258854952931,
    "Average": 20.221285628588216
  }
}