Model,Similarity Score (%),Raw Score
kimi-k2-instruct-0905,75.09%,75.08521073999998
llama-4-maverick-17b-128e-instruct,68.49%,68.48730624
llama-3.1-405b-instruct,68.09%,68.09233823999999
deepseek-v3.1,67.15%,67.150347
llama-3.3-70b-instruct,65.51%,65.5079262
gemma2-9b-it,63.30%,63.2993166
qwen3-235b-a22b,58.38%,58.380082560000005
gpt-oss-120b,54.97%,54.96503336800001
qwen3-32b,48.19%,48.192138635999996
