Model,Similarity Score (%),Raw Score
kimi-k2-instruct-0905,73.93%,73.93344844444444
llama-3.1-405b-instruct,68.80%,68.80061289999999
llama-4-maverick-17b-128e-instruct,68.49%,68.48730624
deepseek-v3.1,66.97%,66.96600129999999
llama-3.3-70b-instruct,64.24%,64.24123765
gemma2-9b-it,63.30%,63.2993166
qwen3-235b-a22b,56.26%,56.25829770000001
gpt-oss-120b,54.97%,54.96503336800001
qwen3-32b,48.19%,48.192138635999996
