Model,Similarity Score (%),Raw Score
kimi-k2-instruct-0905,76.18%,76.17568013333333
llama-4-maverick-17b-128e-instruct,68.49%,68.48730624000001
llama-3.1-405b-instruct,66.74%,66.7438082
deepseek-v3.1,66.17%,66.16822219999999
gemma2-9b-it,63.30%,63.2993166
qwen3-235b-a22b,56.25%,56.2483254
gpt-oss-120b,54.97%,54.96503336800001
llama-3.3-70b-instruct,52.45%,52.449427799999995
qwen3-32b,48.19%,48.192138635999996
