Model,Similarity Score (%),Raw Score
kimi-k2-instruct-0905,74.56%,74.555321425
llama-3.1-405b-instruct,73.17%,73.16935826666666
llama-4-maverick-17b-128e-instruct,68.49%,68.48730624
deepseek-v3.1,67.51%,67.50749786666667
gemma2-9b-it,63.30%,63.2993166
llama-3.3-70b-instruct,61.27%,61.27050426666667
qwen3-235b-a22b,55.79%,55.79331666666668
gpt-oss-120b,54.97%,54.96503336800001
qwen3-32b,48.19%,48.192138635999996
