{
  "language_pair": "twi-eng",
  "timestamp": "2025-11-07T13:48:49.357356",
  "models": {
    "llama-3.3-70b-instruct": 63.03655728181896,
    "qwq-32b": 45.17965244584617,
    "gemma2-9b-it": 63.2993166,
    "seed-oss-36b-instruct": 41.90540762052472,
    "llama-3.1-405b-instruct": 70.77660115931741,
    "gemma-2-27b-it": 55.19477559512126,
    "qwen3-235b-a22b": 56.9563292829547,
    "deepseek-v3.1": 66.78687283236503,
    "mistral-medium-3-instruct": 65.60513421649983,
    "gemma-2-9b-it": 53.36956367729747,
    "palmyra-med-70b": 49.7249032,
    "qwen3-32b": 48.192138636,
    "llama-4-maverick-17b-128e-instruct": 69.1459327789959,
    "gpt-oss-120b": 60.94379830440681,
    "kimi-k2-instruct-0905": 75.31812046532616,
    "mistral-7b-instruct-v0.3": 34.857450406
  },
  "average_score": 57.51828465640465,
  "best_model": "kimi-k2-instruct-0905",
  "best_score": 75.31812046532616
}