{
  "language_pair": "twi-eng",
  "timestamp": "2025-09-25T08:09:42.009200",
  "models": {
    "gemma2-9b-it": 65.7502976,
    "qwen3-32b": 46.132156,
    "llama-4-maverick-17b-128e-instruct": 66.72078579999999,
    "gpt-oss-120b": 9.379904040000001,
    "kimi-k2-instruct-0905": 83.91616299999998
  },
  "average_score": 54.379861287999994,
  "best_model": "kimi-k2-instruct-0905",
  "best_score": 83.91616299999998
}