{
  "language_pair": "twi-eng",
  "timestamp": "2026-01-28T14:52:32.955499",
  "models": {
    "bleu": {
      "gemini-2.5-flash": 11.950185041281078,
      "llama-3.3-70b-instruct": 8.590453995343138,
      "gpt-4.1": 12.69283398868247,
      "qwq-32b": 4.1764764081934365,
      "gemma2-9b-it": 8.130552582075332,
      "seed-oss-36b-instruct": 6.583862281152072,
      "llama-3.1-405b-instruct": 10.488790202389744,
      "gemma-2-27b-it": 9.738455844595025,
      "qwen3-235b-a22b": 8.155914010249612,
      "deepseek-v3.1": 9.680171490693914,
      "claude-sonnet-4-5": 12.169316577666228,
      "mistral-medium-3-instruct": 10.685177373678114,
      "gemma-2-9b-it": 7.634625897460622,
      "palmyra-med-70b": 4.101514168829555,
      "qwen3-32b": 4.021952239991169,
      "llama-4-maverick-17b-128e-instruct": 11.552796187184144,
      "gpt-oss-120b": 10.795821379007641,
      "kimi-k2-instruct-0905": 10.317987809269436,
      "mistral-7b-instruct-v0.3": 3.345977783071438
    },
    "chrf": {
      "gemini-2.5-flash": 39.046897469253636,
      "llama-3.3-70b-instruct": 32.58192835774016,
      "gpt-4.1": 39.52591411811759,
      "qwq-32b": 23.538021229691154,
      "gemma2-9b-it": 29.165201581176383,
      "seed-oss-36b-instruct": 27.416349542557782,
      "llama-3.1-405b-instruct": 35.97722973031291,
      "gemma-2-27b-it": 32.24933898207303,
      "qwen3-235b-a22b": 32.148718109809884,
      "deepseek-v3.1": 36.30319429441514,
      "claude-sonnet-4-5": 39.084040529481456,
      "mistral-medium-3-instruct": 36.96256242350109,
      "gemma-2-9b-it": 29.54522165750217,
      "palmyra-med-70b": 25.83176228970491,
      "qwen3-32b": 24.463204534288977,
      "llama-4-maverick-17b-128e-instruct": 37.67913373526795,
      "gpt-oss-120b": 35.77364737650683,
      "kimi-k2-instruct-0905": 37.23539437317241,
      "mistral-7b-instruct-v0.3": 21.781444335232543
    },
    "average": {
      "gemini-2.5-flash": 25.498541255267355,
      "llama-3.3-70b-instruct": 20.586191176541654,
      "gpt-4.1": 26.109374053400032,
      "qwq-32b": 13.857248818942294,
      "gemma2-9b-it": 18.647877081625857,
      "seed-oss-36b-instruct": 17.000105911854927,
      "llama-3.1-405b-instruct": 23.233009966351325,
      "gemma-2-27b-it": 20.993897413334025,
      "qwen3-235b-a22b": 20.152316060029747,
      "deepseek-v3.1": 22.991682892554525,
      "claude-sonnet-4-5": 25.626678553573843,
      "mistral-medium-3-instruct": 23.8238698985896,
      "gemma-2-9b-it": 18.589923777481395,
      "palmyra-med-70b": 14.966638229267232,
      "qwen3-32b": 14.242578387140073,
      "llama-4-maverick-17b-128e-instruct": 24.61596496122605,
      "gpt-oss-120b": 23.28473437775724,
      "kimi-k2-instruct-0905": 23.776691091220926,
      "mistral-7b-instruct-v0.3": 12.563711059151988
    }
  },
  "best_model": "gpt-4.1",
  "best_model_scores": {
    "BLEU": 12.69283398868247,
    "chrF": 39.52591411811759,
    "Average": 26.109374053400032
  }
}