{
  "language_pair": "twi-eng",
  "timestamp": "2025-09-24T14:06:30.289938",
  "models": {
    "gemma2-9b-it": 65.7502976,
    "qwen3-32b": 46.132156,
    "llama-4-maverick-17b-128e-instruct": 66.7207858,
    "gpt-oss-120b": 9.379904040000001,
    "kimi-k2-instruct-0905": 83.91616300000001
  },
  "average_score": 54.37986128800001,
  "best_model": "kimi-k2-instruct-0905",
  "best_score": 83.91616300000001
}