{
  "language_pair": "twi-eng",
  "timestamp": "2026-01-12T13:35:17.662252",
  "models": {
    "llama-3.3-70b-instruct": 62.453110775595235,
    "qwq-32b": 39.42055105255253,
    "gemma2-9b-it": 63.2993166,
    "seed-oss-36b-instruct": 44.26145102767366,
    "llama-3.1-405b-instruct": 71.37057639603175,
    "gemma-2-27b-it": 67.66717822047414,
    "qwen3-235b-a22b": 58.321985873511906,
    "deepseek-v3.1": 69.0058778125,
    "mistral-medium-3-instruct": 70.16328931099139,
    "gemma-2-9b-it": 62.193340559375,
    "palmyra-med-70b": 49.7249032,
    "qwen3-32b": 48.192138636,
    "llama-4-maverick-17b-128e-instruct": 74.21043200912698,
    "gpt-oss-120b": 70.96117561214287,
    "kimi-k2-instruct-0905": 74.38051793933823,
    "mistral-7b-instruct-v0.3": 34.857450406
  },
  "average_score": 60.03020596445711,
  "best_model": "kimi-k2-instruct-0905",
  "best_score": 74.38051793933823
}