{
  "language_pair": "twi-eng",
  "timestamp": "2026-01-29T11:31:08.350716",
  "models": {
    "bleu": {
      "gemini-2.5-flash": 23.71035629061341,
      "llama-3.3-70b-instruct": 6.769313155377068,
      "gpt-4.1": 22.250253290431043,
      "qwq-32b": 7.305891545072536,
      "gemma2-9b-it": 47.587330964125215,
      "seed-oss-36b-instruct": 6.106432774355543,
      "llama-3.1-405b-instruct": 6.560775693230668,
      "gemma-2-27b-it": 6.18481505272775,
      "qwen3-235b-a22b": 7.9132472714226125,
      "deepseek-v3.1": 6.829283838698379,
      "claude-sonnet-4-5": 22.250253290431043,
      "mistral-medium-3-instruct": 6.143498010483916,
      "gemma-2-9b-it": 4.424483358384046,
      "palmyra-med-70b": 2.175879801073134,
      "qwen3-32b": 4.88937829410912,
      "llama-4-maverick-17b-128e-instruct": 10.435185733665413,
      "gpt-oss-120b": 4.899864500847875,
      "kimi-k2-instruct-0905": 6.868639585538378,
      "mistral-7b-instruct-v0.3": 9.429541449402004
    },
    "chrf": {
      "gemini-2.5-flash": 39.046897469253636,
      "llama-3.3-70b-instruct": 32.58192835774016,
      "gpt-4.1": 39.52591411811759,
      "qwq-32b": 23.538021229691154,
      "gemma2-9b-it": 29.165201581176383,
      "seed-oss-36b-instruct": 27.416349542557782,
      "llama-3.1-405b-instruct": 35.97722973031291,
      "gemma-2-27b-it": 32.24933898207303,
      "qwen3-235b-a22b": 32.148718109809884,
      "deepseek-v3.1": 36.30319429441514,
      "claude-sonnet-4-5": 39.084040529481456,
      "mistral-medium-3-instruct": 36.96256242350109,
      "gemma-2-9b-it": 29.54522165750217,
      "palmyra-med-70b": 25.83176228970491,
      "qwen3-32b": 24.463204534288977,
      "llama-4-maverick-17b-128e-instruct": 37.67913373526795,
      "gpt-oss-120b": 35.77364737650683,
      "kimi-k2-instruct-0905": 37.23539437317241,
      "mistral-7b-instruct-v0.3": 21.781444335232543
    },
    "average": {
      "gemini-2.5-flash": 31.378626879933524,
      "llama-3.3-70b-instruct": 19.675620756558615,
      "gpt-4.1": 30.888083704274315,
      "qwq-32b": 15.421956387381845,
      "gemma2-9b-it": 38.376266272650795,
      "seed-oss-36b-instruct": 16.76139115845666,
      "llama-3.1-405b-instruct": 21.269002711771787,
      "gemma-2-27b-it": 19.21707701740039,
      "qwen3-235b-a22b": 20.03098269061625,
      "deepseek-v3.1": 21.56623906655676,
      "claude-sonnet-4-5": 30.66714690995625,
      "mistral-medium-3-instruct": 21.553030216992504,
      "gemma-2-9b-it": 16.98485250794311,
      "palmyra-med-70b": 14.00382104538902,
      "qwen3-32b": 14.67629141419905,
      "llama-4-maverick-17b-128e-instruct": 24.057159734466683,
      "gpt-oss-120b": 20.336755938677353,
      "kimi-k2-instruct-0905": 22.052016979355393,
      "mistral-7b-instruct-v0.3": 15.605492892317272
    }
  },
  "best_model": "gemma2-9b-it",
  "best_model_scores": {
    "BLEU": 47.587330964125215,
    "chrF": 29.165201581176383,
    "Average": 38.376266272650795
  }
}