{
  "language_pair": "twi-eng",
  "timestamp": "2025-10-05T08:21:58.908524",
  "models": {
    "gemma2-9b-it": 64.6811574,
    "qwen3-32b": 46.645197395,
    "llama-4-maverick-17b-128e-instruct": 67.8723515,
    "gpt-oss-120b": 52.10012236,
    "kimi-k2-instruct-0905": 76.1196114
  },
  "average_score": 61.483688011000005,
  "best_model": "kimi-k2-instruct-0905",
  "best_score": 76.1196114
}