{
  "language_pair": "twi-eng",
  "timestamp": "2026-01-16T11:13:52.790329",
  "models": {
    "llama-3.3-70b-instruct": 62.175222345404414,
    "qwq-32b": 39.578016628506326,
    "gemma2-9b-it": 63.2993166,
    "seed-oss-36b-instruct": 44.5616332435918,
    "llama-3.1-405b-instruct": 71.37319945514706,
    "gemma-2-27b-it": 65.76678058144842,
    "qwen3-235b-a22b": 58.3629538527114,
    "deepseek-v3.1": 69.08830982077205,
    "claude": 73.9775390625,
    "gemini": 74.3583984375,
    "mistral-medium-3-instruct": 70.05910650357143,
    "gemma-2-9b-it": 57.22442154176587,
    "palmyra-med-70b": 49.7249032,
    "qwen3-32b": 48.192138636,
    "llama-4-maverick-17b-128e-instruct": 74.26805764264705,
    "gpt-oss-120b": 71.0776275432353,
    "chatgpt": 73.79736328125,
    "kimi-k2-instruct-0905": 74.36783263527397,
    "mistral-7b-instruct-v0.3": 34.857450406
  },
  "average_score": 61.900540600911846,
  "best_model": "kimi-k2-instruct-0905",
  "best_score": 74.36783263527397
}