{
  "language_pair": "hag-eng",
  "timestamp": "2026-01-29T11:31:16.373783",
  "models": {
    "bleu": {
      "llama-3.3-70b-instruct": 6.9953569096145465,
      "claude-sonnet-4-5": 11.390778025531022,
      "seed-oss-36b-instruct": 7.103702656973528,
      "gpt-oss-120b": 5.024385356323939,
      "qwen3-32b": 4.848189163173709,
      "qwq-32b": 3.6164117246195175,
      "llama-3.1-405b-instruct": 5.033937723948129,
      "mistral-medium-3-instruct": 4.8166393300477806,
      "qwen3-235b-a22b": 5.09035939130606,
      "gemini-2.5-flash": 23.17511932071925,
      "gemma2-9b-it": 8.034095158584922,
      "mistral-7b-instruct-v0.3": 3.9386441723466263,
      "llama-4-maverick-17b-128e-instruct": 17.07889374809039,
      "gemma-2-9b-it": 3.6540485487441523,
      "deepseek-v3.1": 7.802873871541012,
      "palmyra-med-70b": 14.942825782038728,
      "kimi-k2-instruct-0905": 13.494045360169336,
      "gpt-4.1": 11.44707843033496,
      "gemma-2-27b-it": 4.620856909230222
    },
    "chrf": {
      "llama-3.3-70b-instruct": 19.868326429636294,
      "claude-sonnet-4-5": 26.564597337249495,
      "seed-oss-36b-instruct": 21.87928954598837,
      "gpt-oss-120b": 20.970874535624844,
      "qwen3-32b": 18.151765800461927,
      "qwq-32b": 19.675846576394502,
      "llama-3.1-405b-instruct": 24.972582906482263,
      "mistral-medium-3-instruct": 20.09111102925539,
      "qwen3-235b-a22b": 25.161939430509147,
      "gemini-2.5-flash": 28.00841122144487,
      "gemma2-9b-it": 19.002782585364102,
      "mistral-7b-instruct-v0.3": 20.25065827595838,
      "llama-4-maverick-17b-128e-instruct": 26.78904927571226,
      "gemma-2-9b-it": 17.65804180153179,
      "deepseek-v3.1": 27.731888956210796,
      "palmyra-med-70b": 22.133872095944195,
      "kimi-k2-instruct-0905": 27.049977260055144,
      "gpt-4.1": 23.78850333527148,
      "gemma-2-27b-it": 19.716181609813994
    },
    "average": {
      "llama-3.3-70b-instruct": 13.43184166962542,
      "claude-sonnet-4-5": 18.977687681390258,
      "seed-oss-36b-instruct": 14.49149610148095,
      "gpt-oss-120b": 12.997629945974392,
      "qwen3-32b": 11.499977481817819,
      "qwq-32b": 11.64612915050701,
      "llama-3.1-405b-instruct": 15.003260315215195,
      "mistral-medium-3-instruct": 12.453875179651586,
      "qwen3-235b-a22b": 15.126149410907603,
      "gemini-2.5-flash": 25.59176527108206,
      "gemma2-9b-it": 13.518438871974512,
      "mistral-7b-instruct-v0.3": 12.094651224152503,
      "llama-4-maverick-17b-128e-instruct": 21.933971511901326,
      "gemma-2-9b-it": 10.656045175137972,
      "deepseek-v3.1": 17.767381413875903,
      "palmyra-med-70b": 18.53834893899146,
      "kimi-k2-instruct-0905": 20.27201131011224,
      "gpt-4.1": 17.61779088280322,
      "gemma-2-27b-it": 12.168519259522107
    }
  },
  "best_model": "gemini-2.5-flash",
  "best_model_scores": {
    "BLEU": 23.17511932071925,
    "chrF": 28.00841122144487,
    "Average": 25.59176527108206
  }
}