{
  "language_pair": "maw-eng",
  "timestamp": "2026-01-29T11:31:20.193301",
  "models": {
    "bleu": {
      "mistral-7b-instruct-v0.3": 2.0506623206233634,
      "gemma-2-9b-it": 2.4900807945060754,
      "llama-3.1-405b-instruct": 3.5177264276945084,
      "palmyra-med-70b": 3.3608728159393864,
      "qwen3-32b": 11.581380964805074,
      "llama-4-maverick-17b-128e-instruct": 4.881544430202361,
      "deepseek-v3.1": 3.96466996903532,
      "gemma-2-27b-it": 3.8856620103720525,
      "seed-oss-36b-instruct": 1.86547639099627,
      "gpt-4.1": 40.129341737177064,
      "mistral-medium-3-instruct": 6.703084558950244,
      "qwen3-235b-a22b": 8.447773742536654,
      "claude-sonnet-4-5": 37.911915463608715,
      "llama-3.3-70b-instruct": 8.675107600029897,
      "gemini-2.5-flash": 34.64596663612719,
      "gpt-oss-120b": 8.661387883295113,
      "qwq-32b": 3.274011941168719,
      "gemma2-9b-it": 8.40876630619497,
      "kimi-k2-instruct-0905": 24.491064943437035
    },
    "chrf": {
      "mistral-7b-instruct-v0.3": 17.935724860835723,
      "gemma-2-9b-it": 16.482688372682624,
      "llama-3.1-405b-instruct": 23.263927675149333,
      "palmyra-med-70b": 26.85495521187648,
      "qwen3-32b": 22.58773763954714,
      "llama-4-maverick-17b-128e-instruct": 22.92599720284095,
      "deepseek-v3.1": 32.15110353789032,
      "gemma-2-27b-it": 18.861126824222843,
      "seed-oss-36b-instruct": 19.965416917144296,
      "gpt-4.1": 24.116954353392416,
      "mistral-medium-3-instruct": 19.309018065234344,
      "qwen3-235b-a22b": 20.2519376564563,
      "claude-sonnet-4-5": 26.184949895378985,
      "llama-3.3-70b-instruct": 20.669017514710053,
      "gemini-2.5-flash": 33.85880647220921,
      "gpt-oss-120b": 17.59181843963991,
      "qwq-32b": 19.77061692146782,
      "gemma2-9b-it": 19.08737092022285,
      "kimi-k2-instruct-0905": 30.06537289493502
    },
    "average": {
      "mistral-7b-instruct-v0.3": 9.993193590729543,
      "gemma-2-9b-it": 9.486384583594349,
      "llama-3.1-405b-instruct": 13.39082705142192,
      "palmyra-med-70b": 15.107914013907934,
      "qwen3-32b": 17.084559302176107,
      "llama-4-maverick-17b-128e-instruct": 13.903770816521655,
      "deepseek-v3.1": 18.05788675346282,
      "gemma-2-27b-it": 11.373394417297447,
      "seed-oss-36b-instruct": 10.915446654070283,
      "gpt-4.1": 32.123148045284736,
      "mistral-medium-3-instruct": 13.006051312092294,
      "qwen3-235b-a22b": 14.349855699496477,
      "claude-sonnet-4-5": 32.04843267949385,
      "llama-3.3-70b-instruct": 14.672062557369975,
      "gemini-2.5-flash": 34.2523865541682,
      "gpt-oss-120b": 13.12660316146751,
      "qwq-32b": 11.52231443131827,
      "gemma2-9b-it": 13.74806861320891,
      "kimi-k2-instruct-0905": 27.278218919186028
    }
  },
  "best_model": "gemini-2.5-flash",
  "best_model_scores": {
    "BLEU": 34.64596663612719,
    "chrF": 33.85880647220921,
    "Average": 34.2523865541682
  }
}