Model,Similarity Score (%),Raw Score
llama-3.3-70b-instruct,37.53%,37.532299990000006
qwen3-235b-a22b,37.48%,37.48007014
llama-3.1-405b-instruct,36.53%,36.53084540133334
kimi-k2-instruct-0905,35.66%,35.65943553963637
gemma-2-27b-it,32.12%,32.120218900000005
deepseek-v3.1,30.42%,30.419998553333333
qwen3-32b,29.42%,29.421079834000004
llama-4-maverick-17b-128e-instruct,29.07%,29.065666900616005
gemma2-9b-it,28.15%,28.149432292
gpt-oss-120b,22.32%,22.315470603999998
