Model,Similarity Score (%),Raw Score
llama-3.1-405b-instruct,41.44%,41.438457570000004
llama-3.3-70b-instruct,39.73%,39.729049575000005
qwen3-235b-a22b,38.33%,38.33217775000001
kimi-k2-instruct-0905,36.55%,36.547681706666665
deepseek-v3.1,30.06%,30.057354760000006
qwen3-32b,29.42%,29.421079834000004
llama-4-maverick-17b-128e-instruct,29.07%,29.065666900616005
gemma2-9b-it,28.15%,28.149432292
gpt-oss-120b,22.32%,22.315470603999998
