Model,Similarity Score (%),Raw Score
kimi-k2-instruct-0905,37.23%,37.23069901499999
qwen3-32b,31.46%,31.455266457500002
gemma2-9b-it,28.76%,28.762692115
llama-4-maverick-17b-128e-instruct,26.30%,26.298563275769997
gpt-oss-120b,21.30%,21.29862432
