Model,Similarity Score (%),Raw Score
kimi-k2-instruct-0905,42.95%,42.95210358
qwen3-32b,26.08%,26.07888625
llama-4-maverick-17b-128e-instruct,24.78%,24.776001320000002
gemma2-9b-it,23.14%,23.137419499999996
gpt-oss-120b,19.32%,19.32487028
