Model,Similarity Score (%),Raw Score
qwen3-235b-a22b,43.11%,43.11484409333333
llama-3.3-70b-instruct,41.51%,41.51138626666667
kimi-k2-instruct-0905,37.60%,37.5974143575
llama-3.1-405b-instruct,36.88%,36.87813362666666
deepseek-v3.1,29.93%,29.929298746666678
qwen3-32b,29.42%,29.421079834000004
llama-4-maverick-17b-128e-instruct,29.07%,29.065666900616005
gemma2-9b-it,28.15%,28.149432292
gpt-oss-120b,22.32%,22.315470603999998
