Model,Similarity Score (%),Raw Score
kimi-k2-instruct-0905,37.14%,37.139893692
qwen3-32b,29.42%,29.421079834000004
llama-4-maverick-17b-128e-instruct,29.07%,29.065666900615998
gemma2-9b-it,28.15%,28.149432292
gpt-oss-120b,22.32%,22.315470603999998
