Model,Similarity Score (%),Raw Score
kimi-k2-instruct-0905,39.62%,39.62261934333334
llama-3.1-405b-instruct,36.56%,36.5594639
llama-3.3-70b-instruct,33.91%,33.907504
qwen3-32b,29.42%,29.421079834000004
llama-4-maverick-17b-128e-instruct,29.07%,29.065666900615998
gemma2-9b-it,28.15%,28.149432292
qwen3-235b-a22b,27.66%,27.659098679999992
deepseek-v3.1,25.54%,25.541131040000003
gpt-oss-120b,22.32%,22.315470603999998
