Model,Similarity Score (%),Raw Score
llama-3.3-70b-instruct,40.37%,40.36611534000001
llama-3.1-405b-instruct,39.98%,39.978868065600004
qwen3-235b-a22b,37.41%,37.407324728
kimi-k2-instruct-0905,37.20%,37.196265736
qwen3-32b,29.42%,29.421079834000004
deepseek-v3.1,29.32%,29.319355063999996
llama-4-maverick-17b-128e-instruct,29.07%,29.065666900616005
gemma2-9b-it,28.15%,28.149432292
gpt-oss-120b,22.32%,22.315470603999998
