{
  "language_pair": "avn-eng",
  "timestamp": "2026-01-12T13:35:14.628849",
  "models": {
    "qwen3-32b": 29.421079834000004,
    "kimi-k2-instruct-0905": 38.19624477262602,
    "deepseek-v3.1": 28.306271241364744,
    "gpt-oss-120b": 23.675980080017855,
    "gemma2-9b-it": 28.149432292,
    "qwq-32b": 33.39614065105149,
    "mistral-medium-3-instruct": 39.93552558908742,
    "llama-4-maverick-17b-128e-instruct": 31.52504844854343,
    "seed-oss-36b-instruct": 38.86437716918103,
    "gemma-2-9b-it": 36.081332603926455,
    "llama-3.3-70b-instruct": 36.36925708564697,
    "llama-3.1-405b-instruct": 39.243057543685794,
    "palmyra-med-70b": 47.9954344,
    "qwen3-235b-a22b": 39.42121159343506,
    "gemma-2-27b-it": 41.77505674480932,
    "mistral-7b-instruct-v0.3": 26.7129756
  },
  "average_score": 34.94177660308598,
  "best_model": "palmyra-med-70b",
  "best_score": 47.9954344
}