{
  "language_pair": "avn-eng",
  "timestamp": "2026-01-28T14:52:18.626965",
  "models": {
    "bleu": {
      "qwen3-32b": 2.332845000261261,
      "kimi-k2-instruct-0905": 2.673524925725572,
      "deepseek-v3.1": 2.024656094473023,
      "gpt-oss-120b": 1.9512981305293227,
      "gemma2-9b-it": 2.7583749603185255,
      "qwq-32b": 2.2832651531140944,
      "claude-sonnet-4-5": 5.03417154401937,
      "mistral-medium-3-instruct": 3.6091359107343344,
      "llama-4-maverick-17b-128e-instruct": 2.2561790727513458,
      "gemini-2.5-flash": 4.675873446689704,
      "seed-oss-36b-instruct": 2.924623655398712,
      "gemma-2-9b-it": 2.112093136026305,
      "llama-3.3-70b-instruct": 2.453108585130262,
      "gpt-4.1": 5.943440170156691,
      "llama-3.1-405b-instruct": 3.9267149668372827,
      "palmyra-med-70b": 6.201150272031149,
      "qwen3-235b-a22b": 2.691463422506747,
      "gemma-2-27b-it": 2.0417593630204145,
      "mistral-7b-instruct-v0.3": 1.7618921211759229
    },
    "chrf": {
      "qwen3-32b": 20.425529466451025,
      "kimi-k2-instruct-0905": 22.520207266902297,
      "deepseek-v3.1": 19.5306224989689,
      "gpt-oss-120b": 15.29493310427603,
      "gemma2-9b-it": 19.104123020358944,
      "qwq-32b": 19.807508809125583,
      "claude-sonnet-4-5": 25.052427247114466,
      "mistral-medium-3-instruct": 25.85829922234932,
      "llama-4-maverick-17b-128e-instruct": 20.08558908498294,
      "gemini-2.5-flash": 24.163549646358284,
      "seed-oss-36b-instruct": 24.300719641551723,
      "gemma-2-9b-it": 19.58247682877565,
      "llama-3.3-70b-instruct": 22.493892394978378,
      "gpt-4.1": 24.90950182407531,
      "llama-3.1-405b-instruct": 24.589640499918097,
      "palmyra-med-70b": 25.292616626635784,
      "qwen3-235b-a22b": 22.896781039384447,
      "gemma-2-27b-it": 19.811277947806996,
      "mistral-7b-instruct-v0.3": 19.50183030424656
    },
    "average": {
      "qwen3-32b": 11.379187233356145,
      "kimi-k2-instruct-0905": 12.596866096313935,
      "deepseek-v3.1": 10.77763929672096,
      "gpt-oss-120b": 8.623115617402679,
      "gemma2-9b-it": 10.931248990338736,
      "qwq-32b": 11.045386981119838,
      "claude-sonnet-4-5": 15.043299395566915,
      "mistral-medium-3-instruct": 14.733717566541825,
      "llama-4-maverick-17b-128e-instruct": 11.170884078867143,
      "gemini-2.5-flash": 14.419711546523995,
      "seed-oss-36b-instruct": 13.612671648475219,
      "gemma-2-9b-it": 10.847284982400977,
      "llama-3.3-70b-instruct": 12.47350049005432,
      "gpt-4.1": 15.426470997116,
      "llama-3.1-405b-instruct": 14.258177733377691,
      "palmyra-med-70b": 15.746883449333467,
      "qwen3-235b-a22b": 12.794122230945595,
      "gemma-2-27b-it": 10.926518655413707,
      "mistral-7b-instruct-v0.3": 10.631861212711245
    }
  },
  "best_model": "palmyra-med-70b",
  "best_model_scores": {
    "BLEU": 6.201150272031149,
    "chrF": 25.292616626635784,
    "Average": 15.746883449333467
  }
}