{
  "language_pair": "avn-eng",
  "timestamp": "2026-01-19T11:10:27.050629",
  "models": {
    "qwen3-32b": 30.129945268750003,
    "kimi-k2-instruct-0905": 38.2610629819893,
    "deepseek-v3.1": 28.247659726477476,
    "gpt-oss-120b": 23.736050369771743,
    "gemma2-9b-it": 28.149432292,
    "qwq-32b": 33.592043164494505,
    "claude-sonnet-4-5": 38.815937757492065,
    "mistral-medium-3-instruct": 40.28000497425983,
    "llama-4-maverick-17b-128e-instruct": 31.44284860019872,
    "gemini-2.5-flash": 36.26539397239685,
    "seed-oss-36b-instruct": 38.90887453276699,
    "gemma-2-9b-it": 36.05477460487596,
    "llama-3.3-70b-instruct": 36.239651056482074,
    "gpt-4.1": 36.883005142211914,
    "llama-3.1-405b-instruct": 39.19963460309903,
    "palmyra-med-70b": 47.9954344,
    "qwen3-235b-a22b": 39.589331242305384,
    "gemma-2-27b-it": 41.81437433232581,
    "mistral-7b-instruct-v0.3": 26.7129756
  },
  "average_score": 35.385180769573566,
  "best_model": "palmyra-med-70b",
  "best_score": 47.9954344
}