{
  "language_pair": "avn-eng",
  "timestamp": "2026-01-16T14:45:11.158105",
  "models": {
    "gemini": 35.380977630615234,
    "qwen3-32b": 29.421079834000004,
    "claude": 37.028061389923096,
    "kimi-k2-instruct-0905": 38.2610629819893,
    "deepseek-v3.1": 28.24649512184168,
    "chatgpt": 36.73912048339844,
    "gpt-oss-120b": 23.52302868356623,
    "gemma2-9b-it": 28.149432292,
    "qwq-32b": 33.37532030536873,
    "mistral-medium-3-instruct": 40.150069474342864,
    "llama-4-maverick-17b-128e-instruct": 31.44284860019872,
    "seed-oss-36b-instruct": 38.78286981527218,
    "gemma-2-9b-it": 33.14740590367313,
    "llama-3.3-70b-instruct": 36.23959271405331,
    "llama-3.1-405b-instruct": 39.199562797032854,
    "palmyra-med-70b": 47.9954344,
    "qwen3-235b-a22b": 39.356452823233,
    "gemma-2-27b-it": 40.486933877331346,
    "mistral-7b-instruct-v0.3": 26.7129756
  },
  "average_score": 34.928353933044214,
  "best_model": "palmyra-med-70b",
  "best_score": 47.9954344
}