{
  "language_pair": "avn-eng",
  "timestamp": "2026-01-14T12:27:13.248896",
  "models": {
    "qwen3-32b": 29.421079834000004,
    "kimi-k2-instruct-0905": 38.2610629819893,
    "deepseek-v3.1": 28.247785387093288,
    "gpt-oss-120b": 23.522955805767722,
    "gemma2-9b-it": 28.149432292,
    "qwq-32b": 33.37532030536873,
    "mistral-medium-3-instruct": 40.150069474342864,
    "llama-4-maverick-17b-128e-instruct": 31.443187937448023,
    "seed-oss-36b-instruct": 38.7830470141129,
    "gemma-2-9b-it": 33.14740590367313,
    "llama-3.3-70b-instruct": 36.23977222921875,
    "llama-3.1-405b-instruct": 39.20228245178929,
    "palmyra-med-70b": 47.9954344,
    "qwen3-235b-a22b": 39.356201502001376,
    "gemma-2-27b-it": 40.486933877331346,
    "mistral-7b-instruct-v0.3": 26.7129756
  },
  "average_score": 34.655934187258545,
  "best_model": "palmyra-med-70b",
  "best_score": 47.9954344
}