Model,Similarity Score (%),Raw Score
deepseek-v3.1,54.00%,53.995115000000006
kimi-k2-instruct-0905,41.56%,41.56253268333333
llama-3.1-405b-instruct,39.92%,39.9186544
qwen3-235b-a22b,37.08%,37.077512799999994
qwen3-32b,36.73%,36.725666296
llama-4-maverick-17b-128e-instruct,34.48%,34.48288704000001
gemma2-9b-it,29.44%,29.43697914
llama-3.3-70b-instruct,26.81%,26.8057565
gpt-oss-120b,18.97%,18.9720555498208
