Model,Similarity Score (%),Raw Score
deepseek-v3.1,43.11%,43.10725206666666
kimi-k2-instruct-0905,42.46%,42.460577825
qwen3-235b-a22b,39.23%,39.225158433333334
llama-3.3-70b-instruct,38.15%,38.14559603333334
qwen3-32b,36.73%,36.725666296
llama-3.1-405b-instruct,34.71%,34.71076179999999
llama-4-maverick-17b-128e-instruct,34.48%,34.482887039999994
gemma2-9b-it,29.44%,29.436979140000002
gpt-oss-120b,18.97%,18.9720555498208
