Model,Similarity Score (%),Raw Score
deepseek-v3.1,46.60%,46.60067110000001
kimi-k2-instruct-0905,42.66%,42.65953477777778
qwen3-235b-a22b,38.22%,38.221673300000006
llama-3.3-70b-instruct,37.43%,37.433692975
qwen3-32b,36.73%,36.725666296
llama-4-maverick-17b-128e-instruct,34.48%,34.482887039999994
llama-3.1-405b-instruct,34.03%,34.03276035
gemma2-9b-it,29.44%,29.436979140000002
gpt-oss-120b,18.97%,18.9720555498208
