Model,Similarity Score (%),Raw Score
deepseek-v3.1,45.73%,45.727919104
kimi-k2-instruct-0905,41.85%,41.85016128
qwen3-235b-a22b,38.24%,38.23881292
llama-3.3-70b-instruct,37.40%,37.3982541384
qwen3-32b,36.73%,36.725666296
llama-3.1-405b-instruct,36.35%,36.35195184
llama-4-maverick-17b-128e-instruct,34.48%,34.482887039999994
gemma2-9b-it,29.44%,29.436979140000002
gpt-oss-120b,18.97%,18.9720555498208
