Model,Similarity Score (%),Raw Score
kimi-k2-instruct-0905,43.15%,43.15102246
qwen3-32b,36.73%,36.725666296
llama-4-maverick-17b-128e-instruct,34.48%,34.48288704000001
gemma2-9b-it,29.44%,29.43697914
gpt-oss-120b,18.97%,18.9720555498208
