Model,Similarity Score (%),Raw Score
deepseek-v3.1,45.62%,45.620307153333336
kimi-k2-instruct-0905,41.11%,41.109778956363634
llama-3.1-405b-instruct,39.62%,39.6201009
qwen3-235b-a22b,38.24%,38.23881292
llama-3.3-70b-instruct,37.40%,37.3982541384
qwen3-32b,36.73%,36.725666296
llama-4-maverick-17b-128e-instruct,34.48%,34.482887039999994
gemma2-9b-it,29.44%,29.436979140000002
gemma-2-27b-it,21.43%,21.430428519999996
gpt-oss-120b,18.97%,18.9720555498208
