{
  "language_pair": "mzw-eng",
  "timestamp": "2026-01-16T14:45:11.542361",
  "models": {
    "gemma-2-27b-it": 17.906276410007933,
    "gemma-2-9b-it": 20.32043773801599,
    "mistral-7b-instruct-v0.3": 29.567168749999993,
    "claude": 41.71497631072998,
    "seed-oss-36b-instruct": 21.85501743271283,
    "llama-3.3-70b-instruct": 20.088883954369084,
    "palmyra-med-70b": 35.11857856,
    "gemma2-9b-it": 29.436979140000002,
    "kimi-k2-instruct-0905": 23.582052741820366,
    "qwen3-235b-a22b": 21.437088663316434,
    "mistral-medium-3-instruct": 16.17788581647213,
    "gpt-oss-120b": 17.21951356522134,
    "llama-3.1-405b-instruct": 17.458401050818757,
    "qwq-32b": 18.147113184294394,
    "chatgpt": 40.274139404296875,
    "llama-4-maverick-17b-128e-instruct": 22.935201025364954,
    "deepseek-v3.1": 23.779436042011437,
    "gemini": 43.77461242675781,
    "qwen3-32b": 36.725666296
  },
  "average_score": 26.185233079590013,
  "best_model": "gemini",
  "best_score": 43.77461242675781
}