{
  "language_pair": "mzw-eng",
  "timestamp": "2025-10-05T08:21:33.803234",
  "models": {
    "gemma2-9b-it": 28.73761542500001,
    "kimi-k2-instruct-0905": 42.552753625,
    "gpt-oss-120b": 19.328198297276,
    "llama-4-maverick-17b-128e-instruct": 37.489002,
    "qwen3-32b": 39.04637187
  },
  "average_score": 33.430788243455204,
  "best_model": "kimi-k2-instruct-0905",
  "best_score": 42.552753625
}