{
  "language_pair": "mzw-eng",
  "timestamp": "2026-01-12T13:35:15.086010",
  "models": {
    "gemma-2-27b-it": 18.813200293486496,
    "gemma-2-9b-it": 22.070428490793372,
    "mistral-7b-instruct-v0.3": 29.567168749999993,
    "seed-oss-36b-instruct": 21.855788491512662,
    "llama-3.3-70b-instruct": 20.16367636076432,
    "palmyra-med-70b": 35.11857856,
    "gemma2-9b-it": 29.436979140000002,
    "kimi-k2-instruct-0905": 23.85488918760162,
    "qwen3-235b-a22b": 21.290267375027902,
    "mistral-medium-3-instruct": 16.259151923529263,
    "gpt-oss-120b": 17.338861565654334,
    "llama-3.1-405b-instruct": 17.80944769796982,
    "qwq-32b": 18.11038844870016,
    "llama-4-maverick-17b-128e-instruct": 22.96921713882582,
    "deepseek-v3.1": 24.089609369277724,
    "qwen3-32b": 36.725666296
  },
  "average_score": 23.46708244307147,
  "best_model": "qwen3-32b",
  "best_score": 36.725666296
}