{
  "language_pair": "mzw-eng",
  "timestamp": "2025-11-07T13:48:46.561171",
  "models": {
    "gemma-2-27b-it": 27.219012050406512,
    "gemma-2-9b-it": 33.21185078522517,
    "mistral-7b-instruct-v0.3": 29.567168749999993,
    "seed-oss-36b-instruct": 34.17038442890805,
    "llama-3.3-70b-instruct": 32.91375555931872,
    "palmyra-med-70b": 35.11857856,
    "gemma2-9b-it": 29.436979140000002,
    "kimi-k2-instruct-0905": 38.37735244374414,
    "qwen3-235b-a22b": 35.649051528510114,
    "mistral-medium-3-instruct": 22.281392259423416,
    "gpt-oss-120b": 21.288798077278592,
    "llama-3.1-405b-instruct": 34.64096912199897,
    "qwq-32b": 31.637289736059437,
    "llama-4-maverick-17b-128e-instruct": 35.58718100529845,
    "deepseek-v3.1": 43.182523705004016,
    "qwen3-32b": 36.725666296
  },
  "average_score": 32.56299709044848,
  "best_model": "deepseek-v3.1",
  "best_score": 43.182523705004016
}