{
  "language_pair": "mzw-eng",
  "timestamp": "2025-09-25T08:09:06.113294",
  "models": {
    "gemma2-9b-it": 37.106802959999996,
    "kimi-k2-instruct-0905": 51.6188102,
    "gpt-oss-120b": 16.06483346,
    "llama-4-maverick-17b-128e-instruct": 22.476735800000004,
    "qwen3-32b": 37.7324764
  },
  "average_score": 32.999931764,
  "best_model": "kimi-k2-instruct-0905",
  "best_score": 51.6188102
}