{
  "language_pair": "mzw-eng",
  "timestamp": "2026-01-16T11:13:50.570650",
  "models": {
    "gemma-2-27b-it": 17.906593506718142,
    "gemma-2-9b-it": 20.320656931731886,
    "mistral-7b-instruct-v0.3": 29.567168749999993,
    "claude": 41.71436595916748,
    "seed-oss-36b-instruct": 21.85545703115963,
    "llama-3.3-70b-instruct": 20.088280334625285,
    "palmyra-med-70b": 35.11857856,
    "gemma2-9b-it": 29.436979140000002,
    "kimi-k2-instruct-0905": 23.58206356731261,
    "qwen3-235b-a22b": 21.43663622900103,
    "mistral-medium-3-instruct": 16.177698676809644,
    "gpt-oss-120b": 17.219180340195493,
    "llama-3.1-405b-instruct": 17.462166129377195,
    "qwq-32b": 18.147113184294394,
    "chatgpt": 40.274139404296875,
    "llama-4-maverick-17b-128e-instruct": 22.936084120769635,
    "deepseek-v3.1": 23.78242240748177,
    "gemini": 43.771708488464355,
    "qwen3-32b": 36.725666296
  },
  "average_score": 26.18541889775818,
  "best_model": "gemini",
  "best_score": 43.771708488464355
}