{
  "language_pair": "mzw-eng",
  "timestamp": "2026-01-29T11:30:58.807647",
  "models": {
    "bleu": {
      "gemma-2-27b-it": 6.896869224045711,
      "gemma-2-9b-it": 3.985677924984254,
      "mistral-7b-instruct-v0.3": 6.61476354612817,
      "seed-oss-36b-instruct": 4.657469807170696,
      "llama-3.3-70b-instruct": 6.12957497932821,
      "palmyra-med-70b": 5.300156689756295,
      "gemma2-9b-it": 5.7182166807135,
      "kimi-k2-instruct-0905": 6.481236440245939,
      "gpt-4.1": 8.22215373545072,
      "qwen3-235b-a22b": 7.430373661088236,
      "mistral-medium-3-instruct": 2.5399225166234354,
      "gpt-oss-120b": 13.259061490238889,
      "llama-3.1-405b-instruct": 6.481236440245939,
      "qwq-32b": 3.12673368755473,
      "claude-sonnet-4-5": 8.40876630619497,
      "llama-4-maverick-17b-128e-instruct": 10.457995018881569,
      "deepseek-v3.1": 11.96655750514248,
      "gemini-2.5-flash": 13.597796343834895,
      "qwen3-32b": 12.129405244451394
    },
    "chrf": {
      "gemma-2-27b-it": 15.371979122268096,
      "gemma-2-9b-it": 15.179139856945268,
      "mistral-7b-instruct-v0.3": 20.447296700949387,
      "seed-oss-36b-instruct": 17.87158394734498,
      "llama-3.3-70b-instruct": 18.234903116899165,
      "palmyra-med-70b": 19.011455084599284,
      "gemma2-9b-it": 20.01380771325838,
      "kimi-k2-instruct-0905": 19.047221537213648,
      "gpt-4.1": 23.024642039312845,
      "qwen3-235b-a22b": 16.98486662519526,
      "mistral-medium-3-instruct": 16.727862108750323,
      "gpt-oss-120b": 16.582517789567834,
      "llama-3.1-405b-instruct": 18.850982417080914,
      "qwq-32b": 15.482631493463971,
      "claude-sonnet-4-5": 24.480431242135523,
      "llama-4-maverick-17b-128e-instruct": 18.220435366090683,
      "deepseek-v3.1": 19.278608240252517,
      "gemini-2.5-flash": 23.237044791144818,
      "qwen3-32b": 20.00305953119529
    },
    "average": {
      "gemma-2-27b-it": 11.134424173156903,
      "gemma-2-9b-it": 9.58240889096476,
      "mistral-7b-instruct-v0.3": 13.531030123538779,
      "seed-oss-36b-instruct": 11.264526877257838,
      "llama-3.3-70b-instruct": 12.182239048113688,
      "palmyra-med-70b": 12.15580588717779,
      "gemma2-9b-it": 12.86601219698594,
      "kimi-k2-instruct-0905": 12.764228988729794,
      "gpt-4.1": 15.623397887381781,
      "qwen3-235b-a22b": 12.207620143141748,
      "mistral-medium-3-instruct": 9.633892312686879,
      "gpt-oss-120b": 14.920789639903361,
      "llama-3.1-405b-instruct": 12.666109428663427,
      "qwq-32b": 9.304682590509351,
      "claude-sonnet-4-5": 16.444598774165247,
      "llama-4-maverick-17b-128e-instruct": 14.339215192486126,
      "deepseek-v3.1": 15.6225828726975,
      "gemini-2.5-flash": 18.417420567489856,
      "qwen3-32b": 16.06623238782334
    }
  },
  "best_model": "gemini-2.5-flash",
  "best_model_scores": {
    "BLEU": 13.597796343834895,
    "chrF": 23.237044791144818,
    "Average": 18.417420567489856
  }
}