{
  "language_pair": "mzw-eng",
  "timestamp": "2026-01-14T12:27:13.592147",
  "models": {
    "gemma-2-27b-it": 17.907211010838015,
    "gemma-2-9b-it": 20.32036235233193,
    "mistral-7b-instruct-v0.3": 29.567168749999993,
    "seed-oss-36b-instruct": 21.8557428307008,
    "llama-3.3-70b-instruct": 20.088465459639647,
    "palmyra-med-70b": 35.11857856,
    "gemma2-9b-it": 29.436979140000002,
    "kimi-k2-instruct-0905": 23.581515591205395,
    "qwen3-235b-a22b": 21.436923453265738,
    "mistral-medium-3-instruct": 16.178287646388466,
    "gpt-oss-120b": 17.219117229395142,
    "llama-3.1-405b-instruct": 17.459988296594062,
    "qwq-32b": 18.147113184294394,
    "llama-4-maverick-17b-128e-instruct": 22.935000297958283,
    "deepseek-v3.1": 23.778889959805046,
    "qwen3-32b": 36.725666296
  },
  "average_score": 23.234813128651055,
  "best_model": "qwen3-32b",
  "best_score": 36.725666296
}