{
  "language_pair": "mzw-eng",
  "timestamp": "2026-01-28T14:52:21.613489",
  "models": {
    "bleu": {
      "gemma-2-27b-it": 1.845275290826671,
      "gemma-2-9b-it": 1.4923351514718028,
      "mistral-7b-instruct-v0.3": 2.391217994521436,
      "seed-oss-36b-instruct": 1.8305832940150832,
      "llama-3.3-70b-instruct": 2.0911065265530304,
      "palmyra-med-70b": 3.6285481225031107,
      "gemma2-9b-it": 2.61639803049483,
      "kimi-k2-instruct-0905": 2.382379997449084,
      "gpt-4.1": 4.225475876888577,
      "qwen3-235b-a22b": 1.9476190011877608,
      "mistral-medium-3-instruct": 1.701648187218195,
      "gpt-oss-120b": 2.0125263964597444,
      "llama-3.1-405b-instruct": 1.7311480767322587,
      "qwq-32b": 1.7070076751682857,
      "claude-sonnet-4-5": 4.854466244839343,
      "llama-4-maverick-17b-128e-instruct": 1.9793422928569986,
      "deepseek-v3.1": 2.6804608394976093,
      "gemini-2.5-flash": 4.235313554407097,
      "qwen3-32b": 2.6289544954739124
    },
    "chrf": {
      "gemma-2-27b-it": 15.371979122268096,
      "gemma-2-9b-it": 15.179139856945268,
      "mistral-7b-instruct-v0.3": 20.447296700949387,
      "seed-oss-36b-instruct": 17.87158394734498,
      "llama-3.3-70b-instruct": 18.234903116899165,
      "palmyra-med-70b": 19.011455084599284,
      "gemma2-9b-it": 20.01380771325838,
      "kimi-k2-instruct-0905": 19.047221537213648,
      "gpt-4.1": 23.024642039312845,
      "qwen3-235b-a22b": 16.98486662519526,
      "mistral-medium-3-instruct": 16.727862108750323,
      "gpt-oss-120b": 16.582517789567834,
      "llama-3.1-405b-instruct": 18.850982417080914,
      "qwq-32b": 15.482631493463971,
      "claude-sonnet-4-5": 24.480431242135523,
      "llama-4-maverick-17b-128e-instruct": 18.220435366090683,
      "deepseek-v3.1": 19.278608240252517,
      "gemini-2.5-flash": 23.237044791144818,
      "qwen3-32b": 20.00305953119529
    },
    "average": {
      "gemma-2-27b-it": 8.608627206547382,
      "gemma-2-9b-it": 8.335737504208534,
      "mistral-7b-instruct-v0.3": 11.419257347735412,
      "seed-oss-36b-instruct": 9.851083620680033,
      "llama-3.3-70b-instruct": 10.163004821726098,
      "palmyra-med-70b": 11.320001603551196,
      "gemma2-9b-it": 11.315102871876604,
      "kimi-k2-instruct-0905": 10.714800767331367,
      "gpt-4.1": 13.62505895810071,
      "qwen3-235b-a22b": 9.46624281319151,
      "mistral-medium-3-instruct": 9.21475514798426,
      "gpt-oss-120b": 9.29752209301379,
      "llama-3.1-405b-instruct": 10.291065246906586,
      "qwq-32b": 8.594819584316129,
      "claude-sonnet-4-5": 14.66744874348743,
      "llama-4-maverick-17b-128e-instruct": 10.09988882947384,
      "deepseek-v3.1": 10.979534539875061,
      "gemini-2.5-flash": 13.736179172775955,
      "qwen3-32b": 11.316007013334604
    }
  },
  "best_model": "claude-sonnet-4-5",
  "best_model_scores": {
    "BLEU": 4.854466244839343,
    "chrF": 24.480431242135523,
    "Average": 14.66744874348743
  }
}