Model,Similarity Score (%),Raw Score
llama-3.3-70b-instruct,18.60%,18.597380539999996
llama-4-maverick-17b-128e-instruct,18.14%,18.144755128
qwen3-235b-a22b,17.26%,17.26259482
kimi-k2-instruct-0905,17.10%,17.097308869999996
gemma2-9b-it,17.04%,17.041052508
qwen3-32b,16.52%,16.515551081999998
deepseek-v3.1,16.16%,16.1564646
gpt-oss-120b,15.06%,15.061528551999997
llama-3.1-405b-instruct,13.56%,13.563490179999999
