Model,Similarity Score (%),Raw Score
gemma2-9b-it,18.26%,18.26222615
kimi-k2-instruct-0905,17.05%,17.051975185
qwen3-32b,16.70%,16.702312365
llama-4-maverick-17b-128e-instruct,16.45%,16.448112809999998
gpt-oss-120b,15.46%,15.462891790000002
