Model,Similarity Score (%),Raw Score
kimi-k2-instruct-0905,21.41%,21.407791834000005
llama-4-maverick-17b-128e-instruct,18.14%,18.144755128
deepseek-v3.1,18.13%,18.131499464
gemma2-9b-it,17.04%,17.041052508
qwen3-32b,16.52%,16.515551081999998
qwen3-235b-a22b,15.74%,15.744130383999998
gpt-oss-120b,15.06%,15.061528552
llama-3.3-70b-instruct,14.90%,14.9020549
llama-3.1-405b-instruct,14.71%,14.710993703999996
