Model,Similarity Score (%),Raw Score
llama-4-maverick-17b-128e-instruct,18.14%,18.144755128
gemma2-9b-it,17.04%,17.041052508
kimi-k2-instruct-0905,16.99%,16.992541403999997
qwen3-32b,16.52%,16.515551081999998
gpt-oss-120b,15.06%,15.061528551999997
