Model,Similarity Score (%),Raw Score
kimi-k2-instruct-0905,18.79%,18.78680826
llama-4-maverick-17b-128e-instruct,18.14%,18.144755128
gemma2-9b-it,17.04%,17.041052508
llama-3.3-70b-instruct,16.55%,16.547602300000005
qwen3-32b,16.52%,16.515551081999998
deepseek-v3.1,16.30%,16.297259
qwen3-235b-a22b,16.16%,16.158153093333336
llama-3.1-405b-instruct,15.25%,15.246265426666664
gpt-oss-120b,15.06%,15.061528552
