Model,Similarity Score (%),Raw Score
kimi-k2-instruct-0905,20.61%,20.605190453333332
llama-4-maverick-17b-128e-instruct,18.14%,18.144755128
deepseek-v3.1,17.73%,17.73419823
gemma2-9b-it,17.04%,17.041052508
qwen3-32b,16.52%,16.515551081999998
llama-3.3-70b-instruct,16.17%,16.168004075000002
qwen3-235b-a22b,16.07%,16.074513615
llama-3.1-405b-instruct,15.91%,15.907832785
gpt-oss-120b,15.06%,15.061528552
