{
  "language_pair": "nko-eng",
  "timestamp": "2026-01-28T14:52:27.061459",
  "models": {
    "bleu": {
      "llama-3.1-405b-instruct": 2.125077152437498,
      "deepseek-v3.1": 2.293502052302806,
      "kimi-k2-instruct-0905": 2.9311576649344704,
      "gemma2-9b-it": 2.7706415055294893,
      "claude-sonnet-4-5": 3.073095188172597,
      "seed-oss-36b-instruct": 2.156637565881317,
      "palmyra-med-70b": 2.774885389602621,
      "gpt-4.1": 2.850929782392503,
      "gemini-2.5-flash": 3.271530091247463,
      "mistral-medium-3-instruct": 2.329263305322766,
      "gemma-2-27b-it": 2.3160126530053198,
      "qwen3-235b-a22b": 2.444311914240248,
      "mistral-7b-instruct-v0.3": 2.6819099838069076,
      "gemma-2-9b-it": 2.327703372004411,
      "qwen3-32b": 2.3446504620886905,
      "llama-3.3-70b-instruct": 2.278814742883699,
      "llama-4-maverick-17b-128e-instruct": 2.277202461591859,
      "qwq-32b": 2.201611542979953,
      "gpt-oss-120b": 2.524806102981052
    },
    "chrf": {
      "llama-3.1-405b-instruct": 15.810784804236768,
      "deepseek-v3.1": 18.250134215320443,
      "kimi-k2-instruct-0905": 20.168400562723424,
      "gemma2-9b-it": 14.630197378573417,
      "claude-sonnet-4-5": 18.029506487264502,
      "seed-oss-36b-instruct": 16.80588241077789,
      "palmyra-med-70b": 16.556546297370197,
      "gpt-4.1": 17.084510114565823,
      "gemini-2.5-flash": 18.528489754102193,
      "mistral-medium-3-instruct": 17.113127672583683,
      "gemma-2-27b-it": 15.237229514739386,
      "qwen3-235b-a22b": 15.575639029949121,
      "mistral-7b-instruct-v0.3": 17.166542324388082,
      "gemma-2-9b-it": 14.919925672181385,
      "qwen3-32b": 14.942517904386182,
      "llama-3.3-70b-instruct": 16.2669369742769,
      "llama-4-maverick-17b-128e-instruct": 18.39783479721026,
      "qwq-32b": 16.42898731192379,
      "gpt-oss-120b": 15.048008863292505
    },
    "average": {
      "llama-3.1-405b-instruct": 8.967930978337133,
      "deepseek-v3.1": 10.271818133811625,
      "kimi-k2-instruct-0905": 11.549779113828949,
      "gemma2-9b-it": 8.700419442051453,
      "claude-sonnet-4-5": 10.551300837718548,
      "seed-oss-36b-instruct": 9.481259988329603,
      "palmyra-med-70b": 9.665715843486408,
      "gpt-4.1": 9.967719948479163,
      "gemini-2.5-flash": 10.900009922674828,
      "mistral-medium-3-instruct": 9.721195488953223,
      "gemma-2-27b-it": 8.776621083872351,
      "qwen3-235b-a22b": 9.009975472094686,
      "mistral-7b-instruct-v0.3": 9.924226154097495,
      "gemma-2-9b-it": 8.623814522092896,
      "qwen3-32b": 8.643584183237436,
      "llama-3.3-70b-instruct": 9.272875858580298,
      "llama-4-maverick-17b-128e-instruct": 10.337518629401059,
      "qwq-32b": 9.315299427451874,
      "gpt-oss-120b": 8.786407483136779
    }
  },
  "best_model": "kimi-k2-instruct-0905",
  "best_model_scores": {
    "BLEU": 2.9311576649344704,
    "chrF": 20.168400562723424,
    "Average": 11.549779113828949
  }
}