{
  "language_pair": "nko-eng",
  "timestamp": "2026-01-14T12:27:14.504922",
  "models": {
    "llama-3.1-405b-instruct": 12.991593942566638,
    "deepseek-v3.1": 20.867774260872874,
    "kimi-k2-instruct-0905": 26.349544533938356,
    "gemma2-9b-it": 17.041052508,
    "seed-oss-36b-instruct": 17.68642042234972,
    "palmyra-med-70b": 12.8987774,
    "mistral-medium-3-instruct": 18.471218856178076,
    "gemma-2-27b-it": 16.576794088544148,
    "qwen3-235b-a22b": 14.492057147666987,
    "mistral-7b-instruct-v0.3": 11.50641557,
    "gemma-2-9b-it": 19.203500307881942,
    "qwen3-32b": 16.515551082,
    "llama-3.3-70b-instruct": 17.815172110748506,
    "llama-4-maverick-17b-128e-instruct": 18.34810637699785,
    "qwq-32b": 13.378515523025175,
    "gpt-oss-120b": 13.905127484191748
  },
  "average_score": 16.75297635093513,
  "best_model": "kimi-k2-instruct-0905",
  "best_score": 26.349544533938356
}