{
  "language_pair": "nko-eng",
  "timestamp": "2026-01-16T11:13:51.632070",
  "models": {
    "llama-3.1-405b-instruct": 12.99221326988741,
    "deepseek-v3.1": 20.867774260872874,
    "kimi-k2-instruct-0905": 26.3495863388399,
    "gemma2-9b-it": 17.041052508,
    "seed-oss-36b-instruct": 17.68599770242455,
    "palmyra-med-70b": 12.8987774,
    "mistral-medium-3-instruct": 18.471175259637896,
    "gemma-2-27b-it": 16.578143159259675,
    "qwen3-235b-a22b": 14.492164997012475,
    "mistral-7b-instruct-v0.3": 11.50641557,
    "gemini": 26.03631591796875,
    "gemma-2-9b-it": 19.203686804192706,
    "chatgpt": 0.0,
    "qwen3-32b": 16.515551082,
    "llama-3.3-70b-instruct": 17.815665777453468,
    "llama-4-maverick-17b-128e-instruct": 18.348034570931677,
    "claude": 23.724002838134766,
    "qwq-32b": 13.3780577593533,
    "gpt-oss-120b": 13.905149923587429
  },
  "average_score": 16.726829744187203,
  "best_model": "kimi-k2-instruct-0905",
  "best_score": 26.3495863388399
}