{
  "language_pair": "nko-eng",
  "timestamp": "2026-01-29T11:31:03.370880",
  "models": {
    "bleu": {
      "llama-3.1-405b-instruct": 5.538003944406129,
      "deepseek-v3.1": 9.171692497889692,
      "kimi-k2-instruct-0905": 6.853073163479873,
      "gemma2-9b-it": 2.3433107909182285,
      "claude-sonnet-4-5": 13.329188408514423,
      "seed-oss-36b-instruct": 6.256118460580956,
      "palmyra-med-70b": 2.1503312768483953,
      "gpt-4.1": 15.851165692617148,
      "gemini-2.5-flash": 9.42119686197517,
      "mistral-medium-3-instruct": 3.0379937028521833,
      "gemma-2-27b-it": 3.3613183938332405,
      "qwen3-235b-a22b": 5.897112026633552,
      "mistral-7b-instruct-v0.3": 4.546632359631261,
      "gemma-2-9b-it": 6.150343144231885,
      "qwen3-32b": 4.389842869544044,
      "llama-3.3-70b-instruct": 7.688154242553586,
      "llama-4-maverick-17b-128e-instruct": 5.719991697745737,
      "qwq-32b": 3.2199657147289606,
      "gpt-oss-120b": 10.682175159905853
    },
    "chrf": {
      "llama-3.1-405b-instruct": 15.810784804236768,
      "deepseek-v3.1": 18.250134215320443,
      "kimi-k2-instruct-0905": 20.168400562723424,
      "gemma2-9b-it": 14.630197378573417,
      "claude-sonnet-4-5": 18.029506487264502,
      "seed-oss-36b-instruct": 16.80588241077789,
      "palmyra-med-70b": 16.556546297370197,
      "gpt-4.1": 17.084510114565823,
      "gemini-2.5-flash": 18.528489754102193,
      "mistral-medium-3-instruct": 17.113127672583683,
      "gemma-2-27b-it": 15.237229514739386,
      "qwen3-235b-a22b": 15.575639029949121,
      "mistral-7b-instruct-v0.3": 17.166542324388082,
      "gemma-2-9b-it": 14.919925672181385,
      "qwen3-32b": 14.942517904386182,
      "llama-3.3-70b-instruct": 16.2669369742769,
      "llama-4-maverick-17b-128e-instruct": 18.39783479721026,
      "qwq-32b": 16.42898731192379,
      "gpt-oss-120b": 15.048008863292505
    },
    "average": {
      "llama-3.1-405b-instruct": 10.674394374321448,
      "deepseek-v3.1": 13.710913356605069,
      "kimi-k2-instruct-0905": 13.510736863101648,
      "gemma2-9b-it": 8.486754084745822,
      "claude-sonnet-4-5": 15.679347447889462,
      "seed-oss-36b-instruct": 11.531000435679424,
      "palmyra-med-70b": 9.353438787109296,
      "gpt-4.1": 16.467837903591487,
      "gemini-2.5-flash": 13.974843308038682,
      "mistral-medium-3-instruct": 10.075560687717934,
      "gemma-2-27b-it": 9.299273954286313,
      "qwen3-235b-a22b": 10.736375528291337,
      "mistral-7b-instruct-v0.3": 10.856587342009671,
      "gemma-2-9b-it": 10.535134408206636,
      "qwen3-32b": 9.666180386965113,
      "llama-3.3-70b-instruct": 11.977545608415243,
      "llama-4-maverick-17b-128e-instruct": 12.058913247477998,
      "qwq-32b": 9.824476513326376,
      "gpt-oss-120b": 12.86509201159918
    }
  },
  "best_model": "gpt-4.1",
  "best_model_scores": {
    "BLEU": 15.851165692617148,
    "chrF": 17.084510114565823,
    "Average": 16.467837903591487
  }
}