{
  "language_pair": "nko-eng",
  "timestamp": "2026-01-16T14:45:12.526699",
  "models": {
    "llama-3.1-405b-instruct": 12.991845263798254,
    "deepseek-v3.1": 20.866556362672334,
    "kimi-k2-instruct-0905": 26.349544533938356,
    "gemma2-9b-it": 17.041052508,
    "seed-oss-36b-instruct": 17.685627737340536,
    "palmyra-med-70b": 12.8987774,
    "mistral-medium-3-instruct": 18.471456215119048,
    "gemma-2-27b-it": 16.576871593504467,
    "qwen3-235b-a22b": 14.491855333352088,
    "mistral-7b-instruct-v0.3": 11.50641557,
    "gemini": 26.03631591796875,
    "gemma-2-9b-it": 19.20361656532242,
    "chatgpt": 20.22929811477661,
    "qwen3-32b": 16.515551082,
    "llama-3.3-70b-instruct": 17.81510030468233,
    "llama-4-maverick-17b-128e-instruct": 18.3481243285144,
    "claude": 23.724517822265625,
    "qwq-32b": 13.37732025121528,
    "gpt-oss-120b": 13.905253144807558
  },
  "average_score": 17.79132105522516,
  "best_model": "kimi-k2-instruct-0905",
  "best_score": 26.349544533938356
}