{
  "language_pair": "nko-eng",
  "timestamp": "2025-10-09T07:08:45.387642",
  "models": {
    "kimi-k2-instruct-0905": 16.992541403999997,
    "gemma2-9b-it": 17.041052508,
    "qwen3-32b": 16.515551081999998,
    "llama-4-maverick-17b-128e-instruct": 18.144755128,
    "gpt-oss-120b": 15.061528551999997
  },
  "average_score": 16.7510857348,
  "best_model": "llama-4-maverick-17b-128e-instruct",
  "best_score": 18.144755128
}