{
  "language_pair": "nko-eng",
  "timestamp": "2025-11-07T13:48:47.921319",
  "models": {
    "llama-3.1-405b-instruct": 14.416494807927155,
    "deepseek-v3.1": 18.60307661850386,
    "kimi-k2-instruct-0905": 23.597772824157794,
    "gemma2-9b-it": 17.041052508,
    "seed-oss-36b-instruct": 16.460505299410503,
    "palmyra-med-70b": 12.8987774,
    "mistral-medium-3-instruct": 18.196600925971424,
    "gemma-2-27b-it": 14.49522284308635,
    "qwen3-235b-a22b": 16.618477002121118,
    "mistral-7b-instruct-v0.3": 11.50641557,
    "gemma-2-9b-it": 16.61904116766291,
    "qwen3-32b": 16.515551082,
    "llama-3.3-70b-instruct": 15.242279614402692,
    "llama-4-maverick-17b-128e-instruct": 18.483413895183695,
    "qwq-32b": 15.397672562126669,
    "gpt-oss-120b": 13.222800769417494
  },
  "average_score": 16.207197180623226,
  "best_model": "kimi-k2-instruct-0905",
  "best_score": 23.597772824157794
}