{
  "language_pair": "nko-eng",
  "timestamp": "2025-10-17T06:38:50.551282",
  "models": {
    "llama-3.1-405b-instruct": 13.563490179999999,
    "deepseek-v3.1": 16.1564646,
    "kimi-k2-instruct-0905": 17.097308869999996,
    "gemma2-9b-it": 17.041052508,
    "qwen3-235b-a22b": 17.26259482,
    "qwen3-32b": 16.515551081999998,
    "llama-3.3-70b-instruct": 18.597380539999996,
    "llama-4-maverick-17b-128e-instruct": 18.144755128,
    "gpt-oss-120b": 15.061528551999997
  },
  "average_score": 16.604458475555553,
  "best_model": "llama-3.3-70b-instruct",
  "best_score": 18.597380539999996
}