{
  "language_pair": "nko-eng",
  "timestamp": "2026-01-12T13:35:16.266959",
  "models": {
    "llama-3.1-405b-instruct": 13.037391018861607,
    "deepseek-v3.1": 20.78028927014509,
    "kimi-k2-instruct-0905": 26.3884855813557,
    "gemma2-9b-it": 17.041052508,
    "seed-oss-36b-instruct": 17.533769636968152,
    "palmyra-med-70b": 12.8987774,
    "mistral-medium-3-instruct": 18.459650851120692,
    "gemma-2-27b-it": 17.06606292076643,
    "qwen3-235b-a22b": 14.569689439829567,
    "mistral-7b-instruct-v0.3": 11.50641557,
    "gemma-2-9b-it": 20.735620316912716,
    "qwen3-32b": 16.515551082,
    "llama-3.3-70b-instruct": 17.889504356408732,
    "llama-4-maverick-17b-128e-instruct": 18.355562387662452,
    "qwq-32b": 13.380499682977504,
    "gpt-oss-120b": 13.974461041809894
  },
  "average_score": 16.883298941551157,
  "best_model": "kimi-k2-instruct-0905",
  "best_score": 26.3884855813557
}