{
  "language_pair": "nko-eng",
  "timestamp": "2025-09-24T14:06:30.028136",
  "models": {
    "kimi-k2-instruct-0905": 13.442827979999999,
    "gemma2-9b-it": 17.2235544,
    "qwen3-32b": 20.566209200000003,
    "llama-4-maverick-17b-128e-instruct": 14.738533140000001,
    "gpt-oss-120b": 13.32703912
  },
  "average_score": 15.859632768,
  "best_model": "qwen3-32b",
  "best_score": 20.566209200000003
}