Model,Similarity Score (%),Raw Score
gemma-2-27b-it,61.80%,61.801511399999995
kimi-k2-instruct-0905,49.17%,49.171721399999996
llama-4-maverick-17b-128e-instruct,42.71%,42.7142281228
qwen3-235b-a22b,41.22%,41.21506735333334
deepseek-v3.1,41.06%,41.060772085
llama-3.1-405b-instruct,39.68%,39.679771231
qwen3-32b,38.67%,38.67484256
gemma2-9b-it,37.53%,37.53253148
llama-3.3-70b-instruct,35.63%,35.63493148333334
gpt-oss-120b,25.13%,25.133506688
