Model,Similarity Score (%),Raw Score
kimi-k2-instruct-0905,47.64%,47.64155097777777
deepseek-v3.1,44.08%,44.0778245125
llama-4-maverick-17b-128e-instruct,42.71%,42.7142281228
qwen3-235b-a22b,41.97%,41.968397280000005
qwen3-32b,38.67%,38.67484256
gemma2-9b-it,37.53%,37.53253148
llama-3.1-405b-instruct,35.84%,35.841293646500006
llama-3.3-70b-instruct,34.77%,34.765996725
gpt-oss-120b,25.13%,25.133506688
