Model,Similarity Score (%),Raw Score
kimi-k2-instruct-0905,48.87%,48.86926947999999
llama-4-maverick-17b-128e-instruct,42.71%,42.7142281228
deepseek-v3.1,42.31%,42.31270905
llama-3.1-405b-instruct,39.56%,39.556728397200004
qwen3-235b-a22b,39.10%,39.095035104000004
qwen3-32b,38.67%,38.67484256
gemma2-9b-it,37.53%,37.53253148
llama-3.3-70b-instruct,37.32%,37.31872182
gpt-oss-120b,25.13%,25.133506688
