Model,Similarity Score (%),Raw Score
kimi-k2-instruct-0905,46.74%,46.737856625
llama-4-maverick-17b-128e-instruct,42.71%,42.7142281228
qwen3-235b-a22b,40.51%,40.50618217333332
qwen3-32b,38.67%,38.67484256
deepseek-v3.1,38.16%,38.156326283333335
llama-3.1-405b-instruct,38.02%,38.023638662
gemma2-9b-it,37.53%,37.53253148
llama-3.3-70b-instruct,36.97%,36.9733924
gpt-oss-120b,25.13%,25.133506688
