Model,Similarity Score (%),Raw Score
kimi-k2-instruct-0905,49.95%,49.9462248
llama-4-maverick-17b-128e-instruct,45.34%,45.343841000000005
qwen3-32b,45.25%,45.2489848
gemma2-9b-it,40.56%,40.561703
gpt-oss-120b,15.71%,15.709822619999999
