Model,Similarity Score (%),Raw Score
kimi-k2-instruct-0905,45.68%,45.67996588
llama-4-maverick-17b-128e-instruct,42.71%,42.714228122799994
qwen3-32b,38.67%,38.67484256
gemma2-9b-it,37.53%,37.53253148
gpt-oss-120b,25.13%,25.133506688000008
