{
  "language_pair": "gaa-eng",
  "timestamp": "2026-01-12T13:35:19.083729",
  "models": {
    "kimi-k2-instruct-0905": 60.402879981159415,
    "qwen3-235b-a22b": 52.06156580978515,
    "qwen3-32b": 38.67484256,
    "deepseek-v3.1": 55.86570489911718,
    "mistral-7b-instruct-v0.3": 31.206612659999998,
    "gemma-2-9b-it": 50.26811517872414,
    "gpt-oss-120b": 38.13354425404762,
    "llama-3.3-70b-instruct": 51.12472822246094,
    "llama-3.1-405b-instruct": 54.97099745075781,
    "qwq-32b": 39.67839747015086,
    "mistral-medium-3-instruct": 53.892029740948274,
    "llama-4-maverick-17b-128e-instruct": 58.19107294645238,
    "palmyra-med-70b": 32.046224965,
    "gemma-2-27b-it": 43.228551219968224,
    "gemma2-9b-it": 37.53253148,
    "seed-oss-36b-instruct": 44.15628071890087
  },
  "average_score": 46.33962997234205,
  "best_model": "kimi-k2-instruct-0905",
  "best_score": 60.402879981159415
}