{
  "language_pair": "gaa-eng",
  "timestamp": "2026-01-28T14:52:37.396363",
  "models": {
    "bleu": {
      "kimi-k2-instruct-0905": 5.297856010037603,
      "qwen3-235b-a22b": 3.7017820075163215,
      "qwen3-32b": 3.1016387381204193,
      "deepseek-v3.1": 7.046042971281849,
      "gemini-2.5-flash": 7.5169380281302285,
      "mistral-7b-instruct-v0.3": 3.4113542540067385,
      "gemma-2-9b-it": 3.331845621724989,
      "claude-sonnet-4-5": 5.300013861017908,
      "gpt-oss-120b": 2.7916437123221742,
      "llama-3.3-70b-instruct": 3.448273449468356,
      "llama-3.1-405b-instruct": 3.834176079599875,
      "qwq-32b": 4.444236464418077,
      "gpt-4.1": 5.9054701722332,
      "mistral-medium-3-instruct": 5.250379424709909,
      "llama-4-maverick-17b-128e-instruct": 3.9416752323559208,
      "palmyra-med-70b": 1.8087675019433682,
      "gemma-2-27b-it": 2.6392800903935836,
      "gemma2-9b-it": 2.8888784600289585,
      "seed-oss-36b-instruct": 3.1602519757943903
    },
    "chrf": {
      "kimi-k2-instruct-0905": 28.158888281721737,
      "qwen3-235b-a22b": 24.924454234541223,
      "qwen3-32b": 20.353700155353273,
      "deepseek-v3.1": 29.67236129386555,
      "gemini-2.5-flash": 31.817780039281352,
      "mistral-7b-instruct-v0.3": 22.68209029116083,
      "gemma-2-9b-it": 21.259515622503127,
      "claude-sonnet-4-5": 27.235643280511965,
      "gpt-oss-120b": 19.912908573117818,
      "llama-3.3-70b-instruct": 23.19166157828772,
      "llama-3.1-405b-instruct": 25.198359986025306,
      "qwq-32b": 22.378647505322206,
      "gpt-4.1": 27.088545744992857,
      "mistral-medium-3-instruct": 26.621393422316356,
      "llama-4-maverick-17b-128e-instruct": 26.056700600473608,
      "palmyra-med-70b": 18.472802730505926,
      "gemma-2-27b-it": 20.203267870060287,
      "gemma2-9b-it": 19.624189011056103,
      "seed-oss-36b-instruct": 23.506672888743754
    },
    "average": {
      "kimi-k2-instruct-0905": 16.72837214587967,
      "qwen3-235b-a22b": 14.313118121028774,
      "qwen3-32b": 11.727669446736847,
      "deepseek-v3.1": 18.359202132573696,
      "gemini-2.5-flash": 19.667359033705793,
      "mistral-7b-instruct-v0.3": 13.046722272583787,
      "gemma-2-9b-it": 12.295680622114057,
      "claude-sonnet-4-5": 16.267828570764934,
      "gpt-oss-120b": 11.352276142719994,
      "llama-3.3-70b-instruct": 13.31996751387804,
      "llama-3.1-405b-instruct": 14.516268032812587,
      "qwq-32b": 13.411441984870143,
      "gpt-4.1": 16.49700795861303,
      "mistral-medium-3-instruct": 15.935886423513134,
      "llama-4-maverick-17b-128e-instruct": 14.999187916414764,
      "palmyra-med-70b": 10.140785116224643,
      "gemma-2-27b-it": 11.421273980226935,
      "gemma2-9b-it": 11.256533735542533,
      "seed-oss-36b-instruct": 13.333462432269073
    }
  },
  "best_model": "gemini-2.5-flash",
  "best_model_scores": {
    "BLEU": 7.5169380281302285,
    "chrF": 31.817780039281352,
    "Average": 19.667359033705793
  }
}