{
  "language_pair": "gaa-eng",
  "timestamp": "2025-10-09T07:09:09.540749",
  "models": {
    "kimi-k2-instruct-0905": 45.67996588,
    "qwen3-32b": 38.67484256,
    "gpt-oss-120b": 25.133506688000008,
    "llama-4-maverick-17b-128e-instruct": 42.714228122799994,
    "gemma2-9b-it": 37.53253148
  },
  "average_score": 37.94701494616,
  "best_model": "kimi-k2-instruct-0905",
  "best_score": 45.67996588
}