{
  "language_pair": "gaa-eng",
  "timestamp": "2025-10-24T14:23:42.212330",
  "models": {
    "kimi-k2-instruct-0905": 49.171721399999996,
    "qwen3-235b-a22b": 41.21506735333334,
    "qwen3-32b": 38.67484256,
    "deepseek-v3.1": 41.060772085,
    "gpt-oss-120b": 25.133506688,
    "llama-3.3-70b-instruct": 35.63493148333334,
    "llama-3.1-405b-instruct": 39.679771231,
    "llama-4-maverick-17b-128e-instruct": 42.7142281228,
    "gemma-2-27b-it": 61.801511399999995,
    "gemma2-9b-it": 37.53253148
  },
  "average_score": 41.26188838034666,
  "best_model": "gemma-2-27b-it",
  "best_score": 61.801511399999995
}