{
  "language_pair": "gaa-eng",
  "timestamp": "2026-01-16T14:45:14.291693",
  "models": {
    "claude": 48.93098449707031,
    "kimi-k2-instruct-0905": 60.63576710236486,
    "chatgpt": 45.68972206115723,
    "qwen3-235b-a22b": 51.673060701286225,
    "qwen3-32b": 38.67484256,
    "deepseek-v3.1": 56.136914575811595,
    "mistral-7b-instruct-v0.3": 31.206612659999998,
    "gemma-2-9b-it": 46.12690502069048,
    "gpt-oss-120b": 38.352570756507355,
    "llama-3.3-70b-instruct": 51.232594383876815,
    "llama-3.1-405b-instruct": 55.10118445613767,
    "qwq-32b": 39.70066205498992,
    "mistral-medium-3-instruct": 53.88529157946428,
    "llama-4-maverick-17b-128e-instruct": 58.42015880516912,
    "gemini": 62.728759765625,
    "palmyra-med-70b": 32.046224965,
    "gemma-2-27b-it": 41.69837323006592,
    "gemma2-9b-it": 37.53253148,
    "seed-oss-36b-instruct": 44.43851317504033
  },
  "average_score": 47.06377230685563,
  "best_model": "gemini",
  "best_score": 62.728759765625
}