{
  "language_pair": "sfw-eng",
  "timestamp": "2026-01-29T11:31:08.928884",
  "models": {
    "bleu": {
      "palmyra-med-70b": 9.548450962056531,
      "qwq-32b": 3.1142484770067225,
      "gemma-2-27b-it": 3.8461875130248733,
      "claude-sonnet-4-5": 20.236360012390445,
      "gemini-2.5-flash": 11.36192633466682,
      "gpt-oss-120b": 10.21619866588636,
      "seed-oss-36b-instruct": 2.9134768634787753,
      "llama-3.1-405b-instruct": 7.378790595215932,
      "llama-4-maverick-17b-128e-instruct": 3.0647874896641047,
      "gemma-2-9b-it": 2.2102485003825127,
      "llama-3.3-70b-instruct": 8.225964699966557,
      "qwen3-32b": 0.5239941898939261,
      "qwen3-235b-a22b": 8.8345241881953,
      "gpt-4.1": 25.91641360720012,
      "mistral-medium-3-instruct": 5.165604006110218,
      "kimi-k2-instruct-0905": 8.818239281751483,
      "mistral-7b-instruct-v0.3": 3.554180921777833,
      "gemma2-9b-it": 4.5153886139928225,
      "deepseek-v3.1": 6.4718242450883325
    },
    "chrf": {
      "palmyra-med-70b": 19.40369472305415,
      "qwq-32b": 19.5766764656224,
      "gemma-2-27b-it": 20.146174737321683,
      "claude-sonnet-4-5": 33.022603550542314,
      "gemini-2.5-flash": 34.11653870257722,
      "gpt-oss-120b": 20.433829899914617,
      "seed-oss-36b-instruct": 22.192431052218932,
      "llama-3.1-405b-instruct": 23.42854909239664,
      "llama-4-maverick-17b-128e-instruct": 21.833866939679815,
      "gemma-2-9b-it": 18.169214436659562,
      "llama-3.3-70b-instruct": 22.459359073989567,
      "qwen3-32b": 21.88554499621236,
      "qwen3-235b-a22b": 20.477824934593468,
      "gpt-4.1": 31.15765048529629,
      "mistral-medium-3-instruct": 23.305070780424636,
      "kimi-k2-instruct-0905": 23.529250735996342,
      "mistral-7b-instruct-v0.3": 21.8071631462269,
      "gemma2-9b-it": 22.818433566856328,
      "deepseek-v3.1": 23.110118687324732
    },
    "average": {
      "palmyra-med-70b": 14.476072842555341,
      "qwq-32b": 11.34546247131456,
      "gemma-2-27b-it": 11.996181125173278,
      "claude-sonnet-4-5": 26.62948178146638,
      "gemini-2.5-flash": 22.73923251862202,
      "gpt-oss-120b": 15.325014282900488,
      "seed-oss-36b-instruct": 12.552953957848853,
      "llama-3.1-405b-instruct": 15.403669843806286,
      "llama-4-maverick-17b-128e-instruct": 12.44932721467196,
      "gemma-2-9b-it": 10.189731468521037,
      "llama-3.3-70b-instruct": 15.342661886978062,
      "qwen3-32b": 11.204769593053143,
      "qwen3-235b-a22b": 14.656174561394383,
      "gpt-4.1": 28.537032046248207,
      "mistral-medium-3-instruct": 14.235337393267427,
      "kimi-k2-instruct-0905": 16.17374500887391,
      "mistral-7b-instruct-v0.3": 12.680672034002367,
      "gemma2-9b-it": 13.666911090424575,
      "deepseek-v3.1": 14.790971466206532
    }
  },
  "best_model": "gpt-4.1",
  "best_model_scores": {
    "BLEU": 25.91641360720012,
    "chrF": 31.15765048529629,
    "Average": 28.537032046248207
  }
}