Model,Similarity Score (%),Raw Score
qwen3-235b-a22b,50.92%,50.92387652
llama-3.1-405b-instruct,45.18%,45.179569
deepseek-v3.1,35.99%,35.99448319999999
llama-3.3-70b-instruct,33.32%,33.32216872
kimi-k2-instruct-0905,31.47%,31.469824308333322
qwen3-32b,27.04%,27.042901691999997
gemma2-9b-it,25.45%,25.445044132
llama-4-maverick-17b-128e-instruct,25.27%,25.268207053200005
gpt-oss-120b,19.52%,19.515534135600003
