Model,Similarity Score (%),Raw Score
qwen3-235b-a22b,39.15%,39.149116510000006
kimi-k2-instruct-0905,37.50%,37.50433971363638
deepseek-v3.1,36.06%,36.06420669333333
llama-3.1-405b-instruct,34.57%,34.57394446866667
llama-3.3-70b-instruct,30.76%,30.75576266666667
gemma-2-27b-it,27.51%,27.5137147
qwen3-32b,27.04%,27.042901691999997
gemma2-9b-it,25.45%,25.445044132
llama-4-maverick-17b-128e-instruct,25.27%,25.268207053200005
gpt-oss-120b,19.52%,19.515534135600003
