Model,Similarity Score (%),Raw Score
qwen3-235b-a22b,40.53%,40.52867559600001
kimi-k2-instruct-0905,37.43%,37.429236265
deepseek-v3.1,33.24%,33.244825232000004
llama-3.1-405b-instruct,32.29%,32.2854447624
llama-3.3-70b-instruct,30.31%,30.308088079999994
qwen3-32b,27.04%,27.042901691999997
gemma2-9b-it,25.45%,25.445044132
llama-4-maverick-17b-128e-instruct,25.27%,25.268207053200005
gpt-oss-120b,19.52%,19.515534135600003
