Model,Similarity Score (%),Raw Score
qwen3-235b-a22b,40.96%,40.961354895
kimi-k2-instruct-0905,36.54%,36.54145651666667
deepseek-v3.1,34.99%,34.989153890000004
llama-3.1-405b-instruct,30.14%,30.135419053
llama-3.3-70b-instruct,27.35%,27.350504600000004
qwen3-32b,27.04%,27.042901691999997
gemma2-9b-it,25.45%,25.445044132
llama-4-maverick-17b-128e-instruct,25.27%,25.268207053200005
gpt-oss-120b,19.52%,19.515534135600003
