Model,Similarity Score (%),Raw Score
qwen3-235b-a22b,40.40%,40.39818579333333
llama-3.1-405b-instruct,34.75%,34.74626297333334
kimi-k2-instruct-0905,34.33%,34.32887180625
llama-3.3-70b-instruct,31.23%,31.233537213333328
deepseek-v3.1,30.08%,30.075152919999997
qwen3-32b,27.04%,27.042901691999997
gemma2-9b-it,25.45%,25.445044132
llama-4-maverick-17b-128e-instruct,25.27%,25.268207053200005
gpt-oss-120b,19.52%,19.515534135600003
