Model,Similarity Score (%),Raw Score
kimi-k2-instruct-0905,35.16%,35.1597357275
qwen3-32b,26.34%,26.338196115000002
llama-4-maverick-17b-128e-instruct,26.07%,26.071688641499996
gemma2-9b-it,23.36%,23.355935265000003
gpt-oss-120b,20.52%,20.523225444500003
