Model,Similarity Score (%),Raw Score
kimi-k2-instruct-0905,33.28%,33.280290702
qwen3-32b,27.04%,27.042901691999997
gemma2-9b-it,25.45%,25.445044132
llama-4-maverick-17b-128e-instruct,25.27%,25.268207053200005
gpt-oss-120b,19.52%,19.515534135600003
