{
  "language_pair": "gur-eng",
  "timestamp": "2026-01-16T11:13:51.749329",
  "models": {
    "chatgpt": 33.37581443786621,
    "llama-3.3-70b-instruct": 31.407786328177366,
    "mistral-medium-3-instruct": 37.820935501136226,
    "deepseek-v3.1": 60.65969414160779,
    "gemma-2-9b-it": 31.30456049139365,
    "seed-oss-36b-instruct": 36.266946954817705,
    "llama-3.1-405b-instruct": 49.03932995815399,
    "qwq-32b": 28.99501918983135,
    "kimi-k2-instruct-0905": 41.76506236732679,
    "llama-4-maverick-17b-128e-instruct": 52.837233185572494,
    "palmyra-med-70b": 25.323756630000005,
    "gpt-oss-120b": 13.258570564744401,
    "gemma-2-27b-it": 33.30860440779785,
    "claude": 39.533660888671875,
    "qwen3-32b": 27.042901691999997,
    "mistral-7b-instruct-v0.3": 32.6069559,
    "qwen3-235b-a22b": 39.36814361495923,
    "gemma2-9b-it": 25.445044132,
    "gemini": 43.88600158691406
  },
  "average_score": 35.96031694594584,
  "best_model": "deepseek-v3.1",
  "best_score": 60.65969414160779
}