{
  "language_pair": "gur-eng",
  "timestamp": "2026-01-14T12:27:14.616186",
  "models": {
    "llama-3.3-70b-instruct": 31.407786328177366,
    "mistral-medium-3-instruct": 37.82086041820592,
    "deepseek-v3.1": 60.65905725302083,
    "gemma-2-9b-it": 31.304447281023183,
    "seed-oss-36b-instruct": 36.26743136081969,
    "llama-3.1-405b-instruct": 49.0398960813424,
    "qwq-32b": 28.99501918983135,
    "kimi-k2-instruct-0905": 41.765154126261024,
    "llama-4-maverick-17b-128e-instruct": 52.83659141885604,
    "palmyra-med-70b": 25.323756630000005,
    "gpt-oss-120b": 13.258525016120334,
    "gemma-2-27b-it": 33.308239627371826,
    "qwen3-32b": 27.042901691999997,
    "mistral-7b-instruct-v0.3": 32.6069559,
    "qwen3-235b-a22b": 39.36806400388587,
    "gemma2-9b-it": 25.445044132
  },
  "average_score": 35.40310815368224,
  "best_model": "deepseek-v3.1",
  "best_score": 60.65905725302083
}