{
  "language_pair": "gur-eng",
  "timestamp": "2025-09-25T19:54:17.818231",
  "models": {
    "kimi-k2-instruct-0905": 22.939671,
    "llama-4-maverick-17b-128e-instruct": 9.492103646,
    "gpt-oss-120b": 23.648358800000004,
    "qwen3-32b": 21.593924560000005,
    "gemma2-9b-it": 11.55356094
  },
  "average_score": 17.8455237892,
  "best_model": "gpt-oss-120b",
  "best_score": 23.648358800000004
}