{
  "language_pair": "gur-eng",
  "timestamp": "2026-01-16T14:45:12.637835",
  "models": {
    "chatgpt": 33.375619888305664,
    "llama-3.3-70b-instruct": 31.407786328177366,
    "mistral-medium-3-instruct": 37.82188735893012,
    "deepseek-v3.1": 60.657633099375,
    "gemma-2-9b-it": 31.304442358833168,
    "seed-oss-36b-instruct": 36.26698449628286,
    "llama-3.1-405b-instruct": 49.028361321378625,
    "qwq-32b": 28.995057942311508,
    "kimi-k2-instruct-0905": 41.76471749807399,
    "llama-4-maverick-17b-128e-instruct": 52.83889370085282,
    "palmyra-med-70b": 25.323756630000005,
    "gpt-oss-120b": 13.258251724375933,
    "gemma-2-27b-it": 33.30859308291535,
    "claude": 39.53387451171875,
    "qwen3-32b": 27.042901691999997,
    "mistral-7b-instruct-v0.3": 32.6069559,
    "qwen3-235b-a22b": 39.36808611807292,
    "gemma2-9b-it": 25.445044132,
    "gemini": 43.88423156738281
  },
  "average_score": 35.959635755315105,
  "best_model": "deepseek-v3.1",
  "best_score": 60.657633099375
}