{
  "language_pair": "gur-eng",
  "timestamp": "2026-01-19T12:02:41.188483",
  "models": {
    "llama-3.3-70b-instruct": 31.407786328177366,
    "mistral-medium-3-instruct": 37.820392966414005,
    "gemini-2.5-flash": 43.573565800984696,
    "deepseek-v3.1": 60.65768617342391,
    "gemma-2-9b-it": 34.05044607452029,
    "seed-oss-36b-instruct": 36.26776075690104,
    "llama-3.1-405b-instruct": 49.04187751250182,
    "qwq-32b": 29.46268078966734,
    "claude-sonnet-4-5": 38.7110907236735,
    "kimi-k2-instruct-0905": 41.76475255204887,
    "llama-4-maverick-17b-128e-instruct": 52.838359643235634,
    "palmyra-med-70b": 25.323756630000005,
    "gpt-oss-120b": 13.458898508611266,
    "gemma-2-27b-it": 34.38284171370086,
    "qwen3-32b": 28.270694354166665,
    "gpt-4.1": 33.566317001978554,
    "mistral-7b-instruct-v0.3": 32.6069559,
    "qwen3-235b-a22b": 39.368258608731885,
    "gemma2-9b-it": 25.445044132
  },
  "average_score": 36.21153506161778,
  "best_model": "deepseek-v3.1",
  "best_score": 60.65768617342391
}