{
  "language_pair": "gur-eng",
  "timestamp": "2025-10-09T07:08:46.808073",
  "models": {
    "kimi-k2-instruct-0905": 33.280290702,
    "llama-4-maverick-17b-128e-instruct": 25.268207053200005,
    "gpt-oss-120b": 19.515534135600003,
    "qwen3-32b": 27.042901691999997,
    "gemma2-9b-it": 25.445044132
  },
  "average_score": 26.110395542960003,
  "best_model": "kimi-k2-instruct-0905",
  "best_score": 33.280290702
}