{
  "language_pair": "gur-eng",
  "timestamp": "2025-10-24T14:23:38.520409",
  "models": {
    "llama-3.3-70b-instruct": 30.75576266666667,
    "deepseek-v3.1": 36.06420669333333,
    "llama-3.1-405b-instruct": 34.57394446866667,
    "kimi-k2-instruct-0905": 37.50433971363638,
    "llama-4-maverick-17b-128e-instruct": 25.268207053200005,
    "gpt-oss-120b": 19.515534135600003,
    "gemma-2-27b-it": 27.5137147,
    "qwen3-32b": 27.042901691999997,
    "qwen3-235b-a22b": 39.149116510000006,
    "gemma2-9b-it": 25.445044132
  },
  "average_score": 30.283277176510307,
  "best_model": "qwen3-235b-a22b",
  "best_score": 39.149116510000006
}