{
  "language_pair": "gur-eng",
  "timestamp": "2026-01-12T13:35:16.434912",
  "models": {
    "llama-3.3-70b-instruct": 31.08118706975861,
    "mistral-medium-3-instruct": 37.59743084799805,
    "deepseek-v3.1": 60.045496547995604,
    "gemma-2-9b-it": 33.93083557512123,
    "seed-oss-36b-instruct": 35.789984353098056,
    "llama-3.1-405b-instruct": 49.01938091313672,
    "qwq-32b": 29.073135741756463,
    "kimi-k2-instruct-0905": 41.50576481928718,
    "llama-4-maverick-17b-128e-instruct": 52.520285023372146,
    "palmyra-med-70b": 25.323756630000005,
    "gpt-oss-120b": 13.152033874410716,
    "gemma-2-27b-it": 34.554321212004105,
    "qwen3-32b": 27.042901691999997,
    "mistral-7b-instruct-v0.3": 32.6069559,
    "qwen3-235b-a22b": 39.30652511991211,
    "gemma2-9b-it": 25.445044132
  },
  "average_score": 35.499689965740686,
  "best_model": "deepseek-v3.1",
  "best_score": 60.045496547995604
}