{
  "language_pair": "gur-eng",
  "timestamp": "2026-01-28T14:52:27.718800",
  "models": {
    "bleu": {
      "llama-3.3-70b-instruct": 2.7624061544175444,
      "mistral-medium-3-instruct": 7.170029544935845,
      "gemini-2.5-flash": 6.280174927775499,
      "deepseek-v3.1": 10.705683624241821,
      "gemma-2-9b-it": 1.795053979433203,
      "seed-oss-36b-instruct": 2.328996660462726,
      "llama-3.1-405b-instruct": 5.136383107741923,
      "qwq-32b": 2.083167103168986,
      "claude-sonnet-4-5": 5.152299863970879,
      "kimi-k2-instruct-0905": 5.90105148589572,
      "llama-4-maverick-17b-128e-instruct": 9.894055402193736,
      "palmyra-med-70b": 2.3334509371759973,
      "gpt-oss-120b": 1.4612458258117387,
      "gemma-2-27b-it": 2.0037682356507225,
      "qwen3-32b": 3.8936856940949296,
      "gpt-4.1": 4.939182482825822,
      "mistral-7b-instruct-v0.3": 2.407154585363345,
      "qwen3-235b-a22b": 3.456374969792453,
      "gemma2-9b-it": 2.1728662819610083
    },
    "chrf": {
      "llama-3.3-70b-instruct": 22.03235580318337,
      "mistral-medium-3-instruct": 25.601722424901325,
      "gemini-2.5-flash": 25.943158860282352,
      "deepseek-v3.1": 33.266835661864064,
      "gemma-2-9b-it": 18.303402001037327,
      "seed-oss-36b-instruct": 22.66022800102502,
      "llama-3.1-405b-instruct": 24.68971216623966,
      "qwq-32b": 19.339468188189876,
      "claude-sonnet-4-5": 24.56406382324786,
      "kimi-k2-instruct-0905": 25.351519159039643,
      "llama-4-maverick-17b-128e-instruct": 29.839587508209608,
      "palmyra-med-70b": 19.235268390708953,
      "gpt-oss-120b": 15.882141456276074,
      "gemma-2-27b-it": 19.71260570419447,
      "qwen3-32b": 20.90155018033523,
      "gpt-4.1": 22.753264897505087,
      "mistral-7b-instruct-v0.3": 22.881739135206328,
      "qwen3-235b-a22b": 23.343006282168965,
      "gemma2-9b-it": 18.83065586392456
    },
    "average": {
      "llama-3.3-70b-instruct": 12.397380978800456,
      "mistral-medium-3-instruct": 16.385875984918584,
      "gemini-2.5-flash": 16.11166689402893,
      "deepseek-v3.1": 21.98625964305294,
      "gemma-2-9b-it": 10.049227990235265,
      "seed-oss-36b-instruct": 12.494612330743871,
      "llama-3.1-405b-instruct": 14.913047636990788,
      "qwq-32b": 10.711317645679431,
      "claude-sonnet-4-5": 14.858181843609369,
      "kimi-k2-instruct-0905": 15.62628532246768,
      "llama-4-maverick-17b-128e-instruct": 19.86682145520167,
      "palmyra-med-70b": 10.784359663942473,
      "gpt-oss-120b": 8.671693641043907,
      "gemma-2-27b-it": 10.858186969922595,
      "qwen3-32b": 12.39761793721508,
      "gpt-4.1": 13.846223690165456,
      "mistral-7b-instruct-v0.3": 12.644446860284836,
      "qwen3-235b-a22b": 13.399690625980709,
      "gemma2-9b-it": 10.501761072942784
    }
  },
  "best_model": "deepseek-v3.1",
  "best_model_scores": {
    "BLEU": 10.705683624241821,
    "chrF": 33.266835661864064,
    "Average": 21.98625964305294
  }
}