{
  "language_pair": "gur-eng",
  "timestamp": "2025-11-07T13:48:48.063435",
  "models": {
    "llama-3.3-70b-instruct": 31.503349667574437,
    "mistral-medium-3-instruct": 31.075359568530942,
    "deepseek-v3.1": 39.78822838220666,
    "gemma-2-9b-it": 25.810789719204074,
    "seed-oss-36b-instruct": 28.794256726020436,
    "llama-3.1-405b-instruct": 35.36681558040914,
    "qwq-32b": 30.884770019502835,
    "kimi-k2-instruct-0905": 36.90425668622069,
    "llama-4-maverick-17b-128e-instruct": 33.03405725789676,
    "palmyra-med-70b": 25.323756630000005,
    "gpt-oss-120b": 16.998616282598984,
    "gemma-2-27b-it": 31.28421987180866,
    "qwen3-32b": 27.042901691999997,
    "mistral-7b-instruct-v0.3": 32.6069559,
    "qwen3-235b-a22b": 38.516268613313606,
    "gemma2-9b-it": 25.445044132
  },
  "average_score": 30.648727920580452,
  "best_model": "deepseek-v3.1",
  "best_score": 39.78822838220666
}