{
  "language_pair": "kma-eng",
  "timestamp": "2026-01-29T11:31:02.818159",
  "models": {
    "bleu": {
      "palmyra-med-70b": 6.141461578786633,
      "llama-3.3-70b-instruct": 9.142807726483076,
      "gpt-oss-120b": 6.389280711751664,
      "mistral-medium-3-instruct": 4.150547731411289,
      "gemma-2-9b-it": 4.5601690801305415,
      "qwen3-235b-a22b": 8.282282660969607,
      "llama-3.1-405b-instruct": 6.654221263555511,
      "llama-4-maverick-17b-128e-instruct": 8.19143491294813,
      "gemini-2.5-flash": 35.53635904578214,
      "mistral-7b-instruct-v0.3": 3.4809203970307467,
      "kimi-k2-instruct-0905": 7.7250397735730845,
      "gemma2-9b-it": 5.711059917254418,
      "qwen3-32b": 9.13124680674188,
      "gpt-4.1": 25.593313004630907,
      "seed-oss-36b-instruct": 2.7482884396693366,
      "claude-sonnet-4-5": 44.947804052082695,
      "deepseek-v3.1": 10.863175410887585,
      "qwq-32b": 2.769348116298872,
      "gemma-2-27b-it": 7.238177794755686
    },
    "chrf": {
      "palmyra-med-70b": 22.725359731035276,
      "llama-3.3-70b-instruct": 24.066239179270358,
      "gpt-oss-120b": 16.656240544010384,
      "mistral-medium-3-instruct": 21.30179597701355,
      "gemma-2-9b-it": 20.503128225904835,
      "qwen3-235b-a22b": 21.417431134898735,
      "llama-3.1-405b-instruct": 20.496859749424477,
      "llama-4-maverick-17b-128e-instruct": 20.590935458875393,
      "gemini-2.5-flash": 25.2119186888133,
      "mistral-7b-instruct-v0.3": 16.53480823582489,
      "kimi-k2-instruct-0905": 23.033010756145313,
      "gemma2-9b-it": 19.985296822547603,
      "qwen3-32b": 19.7262494819794,
      "gpt-4.1": 19.745702245176133,
      "seed-oss-36b-instruct": 20.02058661193236,
      "claude-sonnet-4-5": 24.569914182574074,
      "deepseek-v3.1": 22.73865063934903,
      "qwq-32b": 17.676654239451253,
      "gemma-2-27b-it": 19.654989055262522
    },
    "average": {
      "palmyra-med-70b": 14.433410654910954,
      "llama-3.3-70b-instruct": 16.604523452876716,
      "gpt-oss-120b": 11.522760627881024,
      "mistral-medium-3-instruct": 12.72617185421242,
      "gemma-2-9b-it": 12.531648653017688,
      "qwen3-235b-a22b": 14.84985689793417,
      "llama-3.1-405b-instruct": 13.575540506489993,
      "llama-4-maverick-17b-128e-instruct": 14.391185185911763,
      "gemini-2.5-flash": 30.37413886729772,
      "mistral-7b-instruct-v0.3": 10.007864316427819,
      "kimi-k2-instruct-0905": 15.379025264859198,
      "gemma2-9b-it": 12.84817836990101,
      "qwen3-32b": 14.42874814436064,
      "gpt-4.1": 22.66950762490352,
      "seed-oss-36b-instruct": 11.384437525800848,
      "claude-sonnet-4-5": 34.758859117328385,
      "deepseek-v3.1": 16.800913025118305,
      "qwq-32b": 10.223001177875062,
      "gemma-2-27b-it": 13.446583425009104
    }
  },
  "best_model": "claude-sonnet-4-5",
  "best_model_scores": {
    "BLEU": 44.947804052082695,
    "chrF": 24.569914182574074,
    "Average": 34.758859117328385
  }
}