ref,text,translated,source_zip_file,similarity_score,chrf_sentence,corpus_bleu,corpus_chrf
So God created humans to be like himself; he made men and women.,"Eye Mawu wɔ ame ɖe ye ŋutɔ ƒe nɔnɔme, Mawu ƒe nɔnɔme nue wòwɔe ɖo; ŋutsu kple nyɔnu wòwɔ.","God created the world and everything in it, God's creation is good; the world and everything in it are good.",Dec 08 output,,24.370387358202912,5.356850921756573,4.5681655960028555
"But I solemnly promise that you, your wife, your sons, and your daughters-in-law will be kept safe in the boat.","Ke mabia nu kpli wò bena, nayi ɖe aɖakaʋu la me, wò ŋutɔ, viwòŋutsuwo kple srɔ̃wò hekpe ɖe viwòŋutsuawo srɔ̃wo ŋu.","When the rain falls and it is heavy, I will be sitting in my room, and it will be thundering, lightning will flash and the wind will be blowing.",Dec 08 output,,19.590750323593717,5.356850921756573,4.5681655960028555
"Then he asked God, “Why not let Ishmael inherit what you have promised me?”",Eye Abraham gblɔ na Mawu bena: Ismael netsi agbe na wò ko! Mawu ɖo Isak ŋugbe na Abraham.,"And Abraham said to God: ""But Ishmael will also be your heir!"" God said to Abraham, ""No, Isaac will be your heir.""",Dec 08 output,,19.839341496084696,5.356850921756573,4.5681655960028555
"she exclaimed, “God has given me a wonderful gift, and my husband will praise me for giving him six sons.” So she named the boy Zebulun.","Tete Lea gblɔ bena Mawu na nu nyuia ɖem, azɔ srɔ̃nye abum, elabena medzi ŋutsuvi ade nɛ. Eyata wòna ŋkɔe be Zebulon.","Tete Lea was a very good person in the eyes of God, and he was very strong. He was a great hunter and a good provider for his family. His name was Zebulon.",Dec 08 output,,22.463589557150307,5.356850921756573,4.5681655960028555
But you have promised that I would be a success and that someday it will be as hard to count my descendants as it is to count the grains of sand along the seashore.,"Meɖe kuku, ɖem tso nɔvinye si me, tso Esau si me; elabena mele evɔ̃m be, ava dze dzinye, eye wòaɖe zi dadawo kple viwo dome.","My father, I have sinned against heaven and against you; I am no longer worthy to be called your son. Make me like one of your hired servants.",Dec 08 output,,20.831717844119144,5.356850921756573,4.5681655960028555
So God created humans to be like himself; he made men and women.,"Eye Mawu wɔ ame ɖe ye ŋutɔ ƒe nɔnɔme, Mawu ƒe nɔnɔme nue wòwɔe ɖo; ŋutsu kple nyɔnu wòwɔ.","God created the heavens and the earth, and everything in them. God created man and woman.",onesimus_31223989_Dec 12 output,,32.80401632077969,5.356850921756573,4.5681655960028555
"But I solemnly promise that you, your wife, your sons, and your daughters-in-law will be kept safe in the boat.","Ke mabia nu kpli wò bena, nayi ɖe aɖakaʋu la me, wò ŋutɔ, viwòŋutsuwo kple srɔ̃wò hekpe ɖe viwòŋutsuawo srɔ̃wo ŋu.","When a child is born, the mother is happy, and the father is also happy. The child grows, and the parents take care of the child until the child grows up.",onesimus_31223989_Dec 12 output,,17.683595733633215,5.356850921756573,4.5681655960028555
"Then he asked God, “Why not let Ishmael inherit what you have promised me?”",Eye Abraham gblɔ na Mawu bena: Ismael netsi agbe na wò ko! Mawu ɖo Isak ŋugbe na Abraham.,"And Abraham said to God: ""But Ishmael will also be your heir!"" God said to Abraham, ""No, Isaac will be your heir.""",onesimus_31223989_Dec 12 output,,19.839341496084696,5.356850921756573,4.5681655960028555
"she exclaimed, “God has given me a wonderful gift, and my husband will praise me for giving him six sons.” So she named the boy Zebulun.","Tete Lea gblɔ bena Mawu na nu nyuia ɖem, azɔ srɔ̃nye abum, elabena medzi ŋutsuvi ade nɛ. Eyata wòna ŋkɔe be Zebulon.","Tete Lea was a good man who served God faithfully, and he became very rich. He had many children and grandchildren.",onesimus_31223989_Dec 12 output,,18.943489899254544,5.356850921756573,4.5681655960028555
But you have promised that I would be a success and that someday it will be as hard to count my descendants as it is to count the grains of sand along the seashore.,"Meɖe kuku, ɖem tso nɔvinye si me, tso Esau si me; elabena mele evɔ̃m be, ava dze dzinye, eye wòaɖe zi dadawo kple viwo dome.","I am a man, and I have a brother named Esau; but my brother is a cunning hunter, and he is a man of the field.",onesimus_31223989_Dec 12 output,,15.933294586811671,5.356850921756573,4.5681655960028555
So God created humans to be like himself; he made men and women.,"Eye Mawu wɔ ame ɖe ye ŋutɔ ƒe nɔnɔme, Mawu ƒe nɔnɔme nue wòwɔe ɖo; ŋutsu kple nyɔnu wòwɔ.","God created the heavens and the earth, and everything in them. God created man and woman.",john_AC86BE0F_output (5),,32.80401632077969,5.356850921756573,4.5681655960028555
"But I solemnly promise that you, your wife, your sons, and your daughters-in-law will be kept safe in the boat.","Ke mabia nu kpli wò bena, nayi ɖe aɖakaʋu la me, wò ŋutɔ, viwòŋutsuwo kple srɔ̃wò hekpe ɖe viwòŋutsuawo srɔ̃wo ŋu.","When the rain falls heavily, I will stay at home, and I will not go out. I will be afraid, because the thunder and lightning will be very strong.",john_AC86BE0F_output (5),,21.801803226059615,5.356850921756573,4.5681655960028555
"Then he asked God, “Why not let Ishmael inherit what you have promised me?”",Eye Abraham gblɔ na Mawu bena: Ismael netsi agbe na wò ko! Mawu ɖo Isak ŋugbe na Abraham.,"Then Abraham said to God: ""But Ishmael will also be your heir!"" God said to Abraham, ""No, but Isaac will be your heir.""",john_AC86BE0F_output (5),,22.057439989038876,5.356850921756573,4.5681655960028555
"she exclaimed, “God has given me a wonderful gift, and my husband will praise me for giving him six sons.” So she named the boy Zebulun.","Tete Lea gblɔ bena Mawu na nu nyuia ɖem, azɔ srɔ̃nye abum, elabena medzi ŋutsuvi ade nɛ. Eyata wòna ŋkɔe be Zebulon.","Tete Lea was blessed by God and became very fruitful, and he had many children. He named the firstborn Zebulon.",john_AC86BE0F_output (5),,24.15845262298345,5.356850921756573,4.5681655960028555
But you have promised that I would be a success and that someday it will be as hard to count my descendants as it is to count the grains of sand along the seashore.,"Meɖe kuku, ɖem tso nɔvinye si me, tso Esau si me; elabena mele evɔ̃m be, ava dze dzinye, eye wòaɖe zi dadawo kple viwo dome.","I am a hunter, and my father is Jacob, and my brother is Esau; I am a skillful hunter, and I have killed many animals, and I have brought them to my father and mother.",john_AC86BE0F_output (5),,18.708823995840135,5.356850921756573,4.5681655960028555
So God created humans to be like himself; he made men and women.,"Eye Mawu wɔ ame ɖe ye ŋutɔ ƒe nɔnɔme, Mawu ƒe nɔnɔme nue wòwɔe ɖo; ŋutsu kple nyɔnu wòwɔ.","God created the world and everything in it, God's creation is good; the world and everything in it are good.",output_JA-4,,24.370387358202912,5.356850921756573,4.5681655960028555
"But I solemnly promise that you, your wife, your sons, and your daughters-in-law will be kept safe in the boat.","Ke mabia nu kpli wò bena, nayi ɖe aɖakaʋu la me, wò ŋutɔ, viwòŋutsuwo kple srɔ̃wò hekpe ɖe viwòŋutsuawo srɔ̃wo ŋu.","When the rain falls heavily, it is because the sky is full of water. The water comes down, and the rivers and streams overflow, carrying the debris and dirt along with them.",output_JA-4,,19.534009247064144,5.356850921756573,4.5681655960028555
"Then he asked God, “Why not let Ishmael inherit what you have promised me?”",Eye Abraham gblɔ na Mawu bena: Ismael netsi agbe na wò ko! Mawu ɖo Isak ŋugbe na Abraham.,"And Abraham said to God: ""But Ishmael will also be your heir!"" God said to Abraham, ""No, Isaac will be your heir.""",output_JA-4,,19.839341496084696,5.356850921756573,4.5681655960028555
"she exclaimed, “God has given me a wonderful gift, and my husband will praise me for giving him six sons.” So she named the boy Zebulun.","Tete Lea gblɔ bena Mawu na nu nyuia ɖem, azɔ srɔ̃nye abum, elabena medzi ŋutsuvi ade nɛ. Eyata wòna ŋkɔe be Zebulon.","Tete Lea was a good man who served God faithfully. He was a strong and brave warrior, and he was known for his wisdom and justice. His name was Zebulon.",output_JA-4,,21.712871466184083,5.356850921756573,4.5681655960028555
But you have promised that I would be a success and that someday it will be as hard to count my descendants as it is to count the grains of sand along the seashore.,"Meɖe kuku, ɖem tso nɔvinye si me, tso Esau si me; elabena mele evɔ̃m be, ava dze dzinye, eye wòaɖe zi dadawo kple viwo dome.","Look, my brother, this is my inheritance from my father, Esau, my brother; because he sold his birthright to me, and he ate and drank, and he went and played with the women.",output_JA-4,,19.102782716588866,5.356850921756573,4.5681655960028555
So God created humans to be like himself; he made men and women.,"Eye Mawu wɔ ame ɖe ye ŋutɔ ƒe nɔnɔme, Mawu ƒe nɔnɔme nue wòwɔe ɖo; ŋutsu kple nyɔnu wòwɔ.","God created man and woman in his own image, God created them male and female. God blessed them and said to them, “Be fruitful and multiply.”",onesimus_7C821E01_Dec 01 output,,31.13485517191784,5.356850921756573,4.5681655960028555
"But I solemnly promise that you, your wife, your sons, and your daughters-in-law will be kept safe in the boat.","Ke mabia nu kpli wò bena, nayi ɖe aɖakaʋu la me, wò ŋutɔ, viwòŋutsuwo kple srɔ̃wò hekpe ɖe viwòŋutsuawo srɔ̃wo ŋu.","When the rain falls and it is heavy, I will take my umbrella and go, because it is raining, and the water and mud are everywhere.",onesimus_7C821E01_Dec 01 output,,18.806085126563783,5.356850921756573,4.5681655960028555
"Then he asked God, “Why not let Ishmael inherit what you have promised me?”",Eye Abraham gblɔ na Mawu bena: Ismael netsi agbe na wò ko! Mawu ɖo Isak ŋugbe na Abraham.,"And Abraham said to God: ""But Ishmael will also be your heir!"" God said to Abraham: ""No, Isaac will be your heir.""",onesimus_7C821E01_Dec 01 output,,19.839341496084696,5.356850921756573,4.5681655960028555
"she exclaimed, “God has given me a wonderful gift, and my husband will praise me for giving him six sons.” So she named the boy Zebulun.","Tete Lea gblɔ bena Mawu na nu nyuia ɖem, azɔ srɔ̃nye abum, elabena medzi ŋutsuvi ade nɛ. Eyata wòna ŋkɔe be Zebulon.",Tete Lea was a good man who served God faithfully. He was a skilled hunter and a provider for his family. His name was changed to Zebulon.,onesimus_7C821E01_Dec 01 output,,23.05350389517062,5.356850921756573,4.5681655960028555
But you have promised that I would be a success and that someday it will be as hard to count my descendants as it is to count the grains of sand along the seashore.,"Meɖe kuku, ɖem tso nɔvinye si me, tso Esau si me; elabena mele evɔ̃m be, ava dze dzinye, eye wòaɖe zi dadawo kple viwo dome.","I am a man, and my name is Jacob, the same as my brother Esau. I was born holding onto his heel, and when I was born, I was already cunning, and I took the birthright from my brother.",onesimus_7C821E01_Dec 01 output,,19.364784263624944,5.356850921756573,4.5681655960028555
"The Lord said to Abram: Leave your country, your family, and your relatives and go to the land that I will show you.","Eye Yehowa gblɔ na Abram bena: Ʋu le wò anyigba dzi kple ƒowòmeawo gbɔ kple fofowò ƒe me, eye nayi anyigba, si mafia wò la dzi!","And Jehovah said to Abram: “I will make you a great nation, and I will bless you and make your name great; and you will be a blessing.",output_jonathan,0.7258574,31.140277714215724,5.356850921756573,4.5681655960028555
So Abraham buried his wife Sarah in Machpelah Cave that was in the field,"Esia megbe la Abraham ɖi srɔ̃a Sara ɖe kpeto, si le Maxpela-gblea me la me le Mamre kasa; esia enye Hebron le Kanaan-nyigba dzi.","Abraham and Sarah lived in Mamre, near Hebron, in Canaan.",output_jonathan,0.55832464,22.463732152141084,5.356850921756573,4.5681655960028555
"and threw Joseph in the same prison where the king's prisoners were kept. While Joseph was in prison,","Eye Yosef ƒe aƒetɔ lée de gaxɔ, si me fia ƒe gatɔwo nɔna la me, eye wònɔ afima le gaxɔa me.","Joseph was a good man, and he was kind to everyone. He was also a very honest man.",output_jonathan,0.56658447,20.64553446336744,5.356850921756573,4.5681655960028555
At this time Abram the Hebrew was living near the oaks that belonged to Mamre the Amorite. Mamre and his brothers Eshcol and Aner were Abram's friends. Someone who had escaped from the battle told Abram,"Tete amea ɖe si va gblɔe na Hebritɔ Abram, si le Amoritɔ Mamre, Eskol kple Aner nɔvi ƒe ali gãwo te la. Ame siawoe bia nu kple Abram.","And it came to pass that Abraham, the Hebrew, dwelt by the oaks of Mamre the Amorite, brother of Eshcol and Aner; these three had a covenant with Abraham.",output_jonathan,0.6951522,36.69055911128174,5.356850921756573,4.5681655960028555
"She answered, “My father is Bethuel, the son of Nahor and Milcah.","Eɖo ŋu ne bena: Betuel, Milka vi, si wòdzi na Naxor la vinyɔnu menye.","A man named Betuel, Milka's son, lived in Naxor, a city in Mesopotamia.",output_jonathan,0.3659131,18.34647934125172,5.356850921756573,4.5681655960028555
So God created humans to be like himself; he made men and women.,"Eye Mawu wɔ ame ɖe ye ŋutɔ ƒe nɔnɔme, Mawu ƒe nɔnɔme nue wòwɔe ɖo; ŋutsu kple nyɔnu wòwɔ.",,output_JA-2,,,5.356850921756573,4.5681655960028555
"But I solemnly promise that you, your wife, your sons, and your daughters-in-law will be kept safe in the boat.","Ke mabia nu kpli wò bena, nayi ɖe aɖakaʋu la me, wò ŋutɔ, viwòŋutsuwo kple srɔ̃wò hekpe ɖe viwòŋutsuawo srɔ̃wo ŋu.",,output_JA-2,,,5.356850921756573,4.5681655960028555
"Then he asked God, “Why not let Ishmael inherit what you have promised me?”",Eye Abraham gblɔ na Mawu bena: Ismael netsi agbe na wò ko! Mawu ɖo Isak ŋugbe na Abraham.,,output_JA-2,,,5.356850921756573,4.5681655960028555
"she exclaimed, “God has given me a wonderful gift, and my husband will praise me for giving him six sons.” So she named the boy Zebulun.","Tete Lea gblɔ bena Mawu na nu nyuia ɖem, azɔ srɔ̃nye abum, elabena medzi ŋutsuvi ade nɛ. Eyata wòna ŋkɔe be Zebulon.",,output_JA-2,,,5.356850921756573,4.5681655960028555
But you have promised that I would be a success and that someday it will be as hard to count my descendants as it is to count the grains of sand along the seashore.,"Meɖe kuku, ɖem tso nɔvinye si me, tso Esau si me; elabena mele evɔ̃m be, ava dze dzinye, eye wòaɖe zi dadawo kple viwo dome.",,output_JA-2,,,5.356850921756573,4.5681655960028555
So God created humans to be like himself; he made men and women.,"Eye Mawu wɔ ame ɖe ye ŋutɔ ƒe nɔnɔme, Mawu ƒe nɔnɔme nue wòwɔe ɖo; ŋutsu kple nyɔnu wòwɔ.","God created the world and everything in it, and God saw that it was good; and there was evening and morning.",gerhardt_8019BE0D_output_WsImHC,,25.02729053533807,5.356850921756573,4.5681655960028555
"But I solemnly promise that you, your wife, your sons, and your daughters-in-law will be kept safe in the boat.","Ke mabia nu kpli wò bena, nayi ɖe aɖakaʋu la me, wò ŋutɔ, viwòŋutsuwo kple srɔ̃wò hekpe ɖe viwòŋutsuawo srɔ̃wo ŋu.","When the child is born, the mother will take care of him/her, and the father will also help. The father will help with the child's upbringing and the mother will also help with the child's upbringing.",gerhardt_8019BE0D_output_WsImHC,,17.269819634302088,5.356850921756573,4.5681655960028555
"Then he asked God, “Why not let Ishmael inherit what you have promised me?”",Eye Abraham gblɔ na Mawu bena: Ismael netsi agbe na wò ko! Mawu ɖo Isak ŋugbe na Abraham.,"And Abraham said to God: ""But Ishmael will also be your heir!"" God said to Abraham, ""No, Isaac will be your heir.""",gerhardt_8019BE0D_output_WsImHC,,19.839341496084696,5.356850921756573,4.5681655960028555
"she exclaimed, “God has given me a wonderful gift, and my husband will praise me for giving him six sons.” So she named the boy Zebulun.","Tete Lea gblɔ bena Mawu na nu nyuia ɖem, azɔ srɔ̃nye abum, elabena medzi ŋutsuvi ade nɛ. Eyata wòna ŋkɔe be Zebulon.","Tete Lea was a good man who served God faithfully. He was a strong man, and he was known for his wisdom. His name was Zebulon.",gerhardt_8019BE0D_output_WsImHC,,20.59767182852194,5.356850921756573,4.5681655960028555
But you have promised that I would be a success and that someday it will be as hard to count my descendants as it is to count the grains of sand along the seashore.,"Meɖe kuku, ɖem tso nɔvinye si me, tso Esau si me; elabena mele evɔ̃m be, ava dze dzinye, eye wòaɖe zi dadawo kple viwo dome.","Look, my brother, this is my inheritance from my father, Esau, my brother; for my mother gave birth to us, and she gave us a portion, and we divided it between us.",gerhardt_8019BE0D_output_WsImHC,,18.345474951939067,5.356850921756573,4.5681655960028555
So God created humans to be like himself; he made men and women.,"Eye Mawu wɔ ame ɖe ye ŋutɔ ƒe nɔnɔme, Mawu ƒe nɔnɔme nue wòwɔe ɖo; ŋutsu kple nyɔnu wòwɔ.","God created the world and everything in it, God's creation is good; the world and everything in it are good.",Dec 02 output,,24.370387358202912,5.356850921756573,4.5681655960028555
"But I solemnly promise that you, your wife, your sons, and your daughters-in-law will be kept safe in the boat.","Ke mabia nu kpli wò bena, nayi ɖe aɖakaʋu la me, wò ŋutɔ, viwòŋutsuwo kple srɔ̃wò hekpe ɖe viwòŋutsuawo srɔ̃wo ŋu.","When the rain falls heavily, it is a sign that the harvest will be good, so we should be happy, because the crops will grow well and we will have plenty of food to eat.",Dec 02 output,,22.230537321830386,5.356850921756573,4.5681655960028555
"Then he asked God, “Why not let Ishmael inherit what you have promised me?”",Eye Abraham gblɔ na Mawu bena: Ismael netsi agbe na wò ko! Mawu ɖo Isak ŋugbe na Abraham.,"And Abraham said to God: ""But Ishmael will also be your heir!"" God said to Abraham, ""No, Isaac will be your heir.""",Dec 02 output,,19.839341496084696,5.356850921756573,4.5681655960028555
"she exclaimed, “God has given me a wonderful gift, and my husband will praise me for giving him six sons.” So she named the boy Zebulun.","Tete Lea gblɔ bena Mawu na nu nyuia ɖem, azɔ srɔ̃nye abum, elabena medzi ŋutsuvi ade nɛ. Eyata wòna ŋkɔe be Zebulon.","Tete Lea was a good man who served God faithfully, and he became very wealthy. He had many children and grandchildren.",Dec 02 output,,18.838181505723643,5.356850921756573,4.5681655960028555
But you have promised that I would be a success and that someday it will be as hard to count my descendants as it is to count the grains of sand along the seashore.,"Meɖe kuku, ɖem tso nɔvinye si me, tso Esau si me; elabena mele evɔ̃m be, ava dze dzinye, eye wòaɖe zi dadawo kple viwo dome.","Look, my brother, this is the reason why I am like this, like Esau my brother; because I was born first, but he came out first, and he took all the rights and privileges.",Dec 02 output,,19.092708632852823,5.356850921756573,4.5681655960028555
So God created humans to be like himself; he made men and women.,"Eye Mawu wɔ ame ɖe ye ŋutɔ ƒe nɔnɔme, Mawu ƒe nɔnɔme nue wòwɔe ɖo; ŋutsu kple nyɔnu wòwɔ.","God created the world and everything in it, and God saw that it was good; and there was evening and morning.",john_567A83BD_output (1),,25.02729053533807,5.356850921756573,4.5681655960028555
"But I solemnly promise that you, your wife, your sons, and your daughters-in-law will be kept safe in the boat.","Ke mabia nu kpli wò bena, nayi ɖe aɖakaʋu la me, wò ŋutɔ, viwòŋutsuwo kple srɔ̃wò hekpe ɖe viwòŋutsuawo srɔ̃wo ŋu.","When the rain falls heavily, it washes away the dirt, and the earth becomes clean. The trees, the grasses, and the flowers all become fresh.",john_567A83BD_output (1),,18.17657271904921,5.356850921756573,4.5681655960028555
"Then he asked God, “Why not let Ishmael inherit what you have promised me?”",Eye Abraham gblɔ na Mawu bena: Ismael netsi agbe na wò ko! Mawu ɖo Isak ŋugbe na Abraham.,"And Abraham said to God: ""But Ishmael will also be your heir!"" God said to Abraham, ""No, Isaac will be your heir.""",john_567A83BD_output (1),,19.839341496084696,5.356850921756573,4.5681655960028555
"she exclaimed, “God has given me a wonderful gift, and my husband will praise me for giving him six sons.” So she named the boy Zebulun.","Tete Lea gblɔ bena Mawu na nu nyuia ɖem, azɔ srɔ̃nye abum, elabena medzi ŋutsuvi ade nɛ. Eyata wòna ŋkɔe be Zebulon.",Tete Lea was a good man who served God faithfully. He was a strong man and a brave warrior. He was also a wise man and a good leader. His name was Zebulon.,john_567A83BD_output (1),,20.82844556772762,5.356850921756573,4.5681655960028555
But you have promised that I would be a success and that someday it will be as hard to count my descendants as it is to count the grains of sand along the seashore.,"Meɖe kuku, ɖem tso nɔvinye si me, tso Esau si me; elabena mele evɔ̃m be, ava dze dzinye, eye wòaɖe zi dadawo kple viwo dome.","Look, my brother, I have something to tell you, something that concerns both Esau and me; because I have heard that they are planning to kill me, and they are coming here with their swords and spears.",john_567A83BD_output (1),,26.05357978067349,5.356850921756573,4.5681655960028555
So God created humans to be like himself; he made men and women.,"Eye Mawu wɔ ame ɖe ye ŋutɔ ƒe nɔnɔme, Mawu ƒe nɔnɔme nue wòwɔe ɖo; ŋutsu kple nyɔnu wòwɔ.","God created the heavens and the earth, and everything in them. God created man in his own image; male and female he created them.",john_AA1B9A68_output (9),,27.06060359560063,5.356850921756573,4.5681655960028555
"But I solemnly promise that you, your wife, your sons, and your daughters-in-law will be kept safe in the boat.","Ke mabia nu kpli wò bena, nayi ɖe aɖakaʋu la me, wò ŋutɔ, viwòŋutsuwo kple srɔ̃wò hekpe ɖe viwòŋutsuawo srɔ̃wo ŋu.","When the rain falls heavily, I will take my umbrella and go, because I don't want to get wet, and my clothes and shoes will also get wet.",john_AA1B9A68_output (9),,18.913825248907173,5.356850921756573,4.5681655960028555
"Then he asked God, “Why not let Ishmael inherit what you have promised me?”",Eye Abraham gblɔ na Mawu bena: Ismael netsi agbe na wò ko! Mawu ɖo Isak ŋugbe na Abraham.,"And Abraham said to God: ""But Ishmael will also be your heir!"" God said to Abraham: ""No, Isaac will be your heir.""",john_AA1B9A68_output (9),,19.839341496084696,5.356850921756573,4.5681655960028555
"she exclaimed, “God has given me a wonderful gift, and my husband will praise me for giving him six sons.” So she named the boy Zebulun.","Tete Lea gblɔ bena Mawu na nu nyuia ɖem, azɔ srɔ̃nye abum, elabena medzi ŋutsuvi ade nɛ. Eyata wòna ŋkɔe be Zebulon.","Tete Lea was a good man who served God faithfully. He was a strong and brave warrior, and he was a wise leader. His name was changed to Zebulon.",john_AA1B9A68_output (9),,21.842270122656895,5.356850921756573,4.5681655960028555
But you have promised that I would be a success and that someday it will be as hard to count my descendants as it is to count the grains of sand along the seashore.,"Meɖe kuku, ɖem tso nɔvinye si me, tso Esau si me; elabena mele evɔ̃m be, ava dze dzinye, eye wòaɖe zi dadawo kple viwo dome.","I am a man, my name is Jacob, son of Isaac, son of Abraham. I am a man of many troubles, I have seen many things, and I have suffered much.",john_AA1B9A68_output (9),,15.44908250928853,5.356850921756573,4.5681655960028555
So God created humans to be like himself; he made men and women.,"Eye Mawu wɔ ame ɖe ye ŋutɔ ƒe nɔnɔme, Mawu ƒe nɔnɔme nue wòwɔe ɖo; ŋutsu kple nyɔnu wòwɔ.","God created the heavens and the earth, and everything in them. God created man in his own image; male and female he created them.",Dec 07 output,,27.06060359560063,5.356850921756573,4.5681655960028555
"But I solemnly promise that you, your wife, your sons, and your daughters-in-law will be kept safe in the boat.","Ke mabia nu kpli wò bena, nayi ɖe aɖakaʋu la me, wò ŋutɔ, viwòŋutsuwo kple srɔ̃wò hekpe ɖe viwòŋutsuawo srɔ̃wo ŋu.","When a person is sick, it is good to take care of them. You should give them food, water, and medicine so they can get well.",Dec 07 output,,18.46336628891903,5.356850921756573,4.5681655960028555
"Then he asked God, “Why not let Ishmael inherit what you have promised me?”",Eye Abraham gblɔ na Mawu bena: Ismael netsi agbe na wò ko! Mawu ɖo Isak ŋugbe na Abraham.,"And Abraham said to God: ""But Ishmael will also be your heir!"" God said to Abraham, ""No, Isaac will be your heir.""",Dec 07 output,,19.839341496084696,5.356850921756573,4.5681655960028555
"she exclaimed, “God has given me a wonderful gift, and my husband will praise me for giving him six sons.” So she named the boy Zebulun.","Tete Lea gblɔ bena Mawu na nu nyuia ɖem, azɔ srɔ̃nye abum, elabena medzi ŋutsuvi ade nɛ. Eyata wòna ŋkɔe be Zebulon.",Tete Lea was a good man who served God faithfully. He was a skilled farmer and a generous man. He was known as Zebulon.,Dec 07 output,,18.757042423859197,5.356850921756573,4.5681655960028555
But you have promised that I would be a success and that someday it will be as hard to count my descendants as it is to count the grains of sand along the seashore.,"Meɖe kuku, ɖem tso nɔvinye si me, tso Esau si me; elabena mele evɔ̃m be, ava dze dzinye, eye wòaɖe zi dadawo kple viwo dome.","My father, I am the one who is telling you this, I am Esau your son; listen to me, my father, I have become a hunter, and I am tired of living alone.",Dec 07 output,,20.09671014170856,5.356850921756573,4.5681655960028555
So God created humans to be like himself; he made men and women.,"Eye Mawu wɔ ame ɖe ye ŋutɔ ƒe nɔnɔme, Mawu ƒe nɔnɔme nue wòwɔe ɖo; ŋutsu kple nyɔnu wòwɔ.","God created the heavens and the earth, and everything in them. God created man in his own image; male and female he created them.",Dec 10 output,,27.06060359560063,5.356850921756573,4.5681655960028555
"But I solemnly promise that you, your wife, your sons, and your daughters-in-law will be kept safe in the boat.","Ke mabia nu kpli wò bena, nayi ɖe aɖakaʋu la me, wò ŋutɔ, viwòŋutsuwo kple srɔ̃wò hekpe ɖe viwòŋutsuawo srɔ̃wo ŋu.","When the rain falls heavily, it is the time for planting. We plant yams, cassava, and maize.",Dec 10 output,,16.02663637292213,5.356850921756573,4.5681655960028555
"Then he asked God, “Why not let Ishmael inherit what you have promised me?”",Eye Abraham gblɔ na Mawu bena: Ismael netsi agbe na wò ko! Mawu ɖo Isak ŋugbe na Abraham.,"And Abraham said to God: ""But Ishmael will also be your heir!"" God said to Abraham: ""No, Isaac will be your heir.""",Dec 10 output,,19.839341496084696,5.356850921756573,4.5681655960028555
"she exclaimed, “God has given me a wonderful gift, and my husband will praise me for giving him six sons.” So she named the boy Zebulun.","Tete Lea gblɔ bena Mawu na nu nyuia ɖem, azɔ srɔ̃nye abum, elabena medzi ŋutsuvi ade nɛ. Eyata wòna ŋkɔe be Zebulon.","Tete Lea was a good man who served God faithfully, and he became very wealthy. He had many sons and daughters.",Dec 10 output,,18.8126000512885,5.356850921756573,4.5681655960028555
But you have promised that I would be a success and that someday it will be as hard to count my descendants as it is to count the grains of sand along the seashore.,"Meɖe kuku, ɖem tso nɔvinye si me, tso Esau si me; elabena mele evɔ̃m be, ava dze dzinye, eye wòaɖe zi dadawo kple viwo dome.","I am a man, and my name is Jacob, the same as my brother Esau. But my mother loved me more than him, and she gave me the food to eat, and he was hungry and was about to die.",Dec 10 output,,21.481075143153134,5.356850921756573,4.5681655960028555
So God created humans to be like himself; he made men and women.,"Eye Mawu wɔ ame ɖe ye ŋutɔ ƒe nɔnɔme, Mawu ƒe nɔnɔme nue wòwɔe ɖo; ŋutsu kple nyɔnu wòwɔ.","God created the world and everything in it, and God saw that it was good; and there was evening and morning.",john_7781CD93_output (6),,25.02729053533807,5.356850921756573,4.5681655960028555
"But I solemnly promise that you, your wife, your sons, and your daughters-in-law will be kept safe in the boat.","Ke mabia nu kpli wò bena, nayi ɖe aɖakaʋu la me, wò ŋutɔ, viwòŋutsuwo kple srɔ̃wò hekpe ɖe viwòŋutsuawo srɔ̃wo ŋu.","When a person is born, they are given a name, and they grow up, they marry and have children, and their children also marry and have children.",john_7781CD93_output (6),,16.079360071120348,5.356850921756573,4.5681655960028555
"Then he asked God, “Why not let Ishmael inherit what you have promised me?”",Eye Abraham gblɔ na Mawu bena: Ismael netsi agbe na wò ko! Mawu ɖo Isak ŋugbe na Abraham.,"And Abraham said to God: ""But Ishmael will also be your heir!"" God said to Abraham, ""No, Isaac will be your heir.""",john_7781CD93_output (6),,19.839341496084696,5.356850921756573,4.5681655960028555
"she exclaimed, “God has given me a wonderful gift, and my husband will praise me for giving him six sons.” So she named the boy Zebulun.","Tete Lea gblɔ bena Mawu na nu nyuia ɖem, azɔ srɔ̃nye abum, elabena medzi ŋutsuvi ade nɛ. Eyata wòna ŋkɔe be Zebulon.","Tete Lea was a good man who served God faithfully. He was a strong man, and he worked hard to provide for his family. His name was Zebulon.",john_7781CD93_output (6),,22.756514360965863,5.356850921756573,4.5681655960028555
But you have promised that I would be a success and that someday it will be as hard to count my descendants as it is to count the grains of sand along the seashore.,"Meɖe kuku, ɖem tso nɔvinye si me, tso Esau si me; elabena mele evɔ̃m be, ava dze dzinye, eye wòaɖe zi dadawo kple viwo dome.","My father, I have come to you, I am Esau your son; I have heard that you have many flocks, and I have come to serve you so that you may bless me.",john_7781CD93_output (6),,21.994880200887835,5.356850921756573,4.5681655960028555
So God created humans to be like himself; he made men and women.,"Eye Mawu wɔ ame ɖe ye ŋutɔ ƒe nɔnɔme, Mawu ƒe nɔnɔme nue wòwɔe ɖo; ŋutsu kple nyɔnu wòwɔ.","God created the world and everything in it, God's creation is good; the world and everything in it are good.",gerhardt_25FFCBF7_output_DdErIM,,24.370387358202912,5.356850921756573,4.5681655960028555
"But I solemnly promise that you, your wife, your sons, and your daughters-in-law will be kept safe in the boat.","Ke mabia nu kpli wò bena, nayi ɖe aɖakaʋu la me, wò ŋutɔ, viwòŋutsuwo kple srɔ̃wò hekpe ɖe viwòŋutsuawo srɔ̃wo ŋu.","When the child is born, the mother will be happy, and she will take care of the child, feed it, bathe it and clothe it.",gerhardt_25FFCBF7_output_DdErIM,,19.038061280635795,5.356850921756573,4.5681655960028555
"Then he asked God, “Why not let Ishmael inherit what you have promised me?”",Eye Abraham gblɔ na Mawu bena: Ismael netsi agbe na wò ko! Mawu ɖo Isak ŋugbe na Abraham.,"And Abraham said to God: ""But Ishmael will also be your heir!"" God said to Abraham, ""No, Isaac will be your heir.""",gerhardt_25FFCBF7_output_DdErIM,,19.839341496084696,5.356850921756573,4.5681655960028555
"she exclaimed, “God has given me a wonderful gift, and my husband will praise me for giving him six sons.” So she named the boy Zebulun.","Tete Lea gblɔ bena Mawu na nu nyuia ɖem, azɔ srɔ̃nye abum, elabena medzi ŋutsuvi ade nɛ. Eyata wòna ŋkɔe be Zebulon.","Tete Lea was a good man who served God faithfully, and he became very rich. He had many children and grandchildren.",gerhardt_25FFCBF7_output_DdErIM,,18.943489899254544,5.356850921756573,4.5681655960028555
But you have promised that I would be a success and that someday it will be as hard to count my descendants as it is to count the grains of sand along the seashore.,"Meɖe kuku, ɖem tso nɔvinye si me, tso Esau si me; elabena mele evɔ̃m be, ava dze dzinye, eye wòaɖe zi dadawo kple viwo dome.","I am a man, and I am the son of Jacob, the son of Isaac; I have been blessed by God, and I have become very rich, and I have many flocks and herds.",gerhardt_25FFCBF7_output_DdErIM,,18.357832195055252,5.356850921756573,4.5681655960028555
So God created humans to be like himself; he made men and women.,"Eye Mawu wɔ ame ɖe ye ŋutɔ ƒe nɔnɔme, Mawu ƒe nɔnɔme nue wòwɔe ɖo; ŋutsu kple nyɔnu wòwɔ.",God created the world and everything in it. God's creation is good; the world and everything in it are good.,output_mich003,,24.370387358202912,5.356850921756573,4.5681655960028555
"But I solemnly promise that you, your wife, your sons, and your daughters-in-law will be kept safe in the boat.","Ke mabia nu kpli wò bena, nayi ɖe aɖakaʋu la me, wò ŋutɔ, viwòŋutsuwo kple srɔ̃wò hekpe ɖe viwòŋutsuawo srɔ̃wo ŋu.","When a child is born, it is the mother who knows best how to care for it. She knows its needs, its cries, and its desires.",output_mich003,,16.0186932220758,5.356850921756573,4.5681655960028555
"Then he asked God, “Why not let Ishmael inherit what you have promised me?”",Eye Abraham gblɔ na Mawu bena: Ismael netsi agbe na wò ko! Mawu ɖo Isak ŋugbe na Abraham.,"And Abraham said to God: ""But Ishmael will also be your heir!"" God said to Abraham: ""No, Isaac will be your heir.""",output_mich003,,19.839341496084696,5.356850921756573,4.5681655960028555
"she exclaimed, “God has given me a wonderful gift, and my husband will praise me for giving him six sons.” So she named the boy Zebulun.","Tete Lea gblɔ bena Mawu na nu nyuia ɖem, azɔ srɔ̃nye abum, elabena medzi ŋutsuvi ade nɛ. Eyata wòna ŋkɔe be Zebulon.","Tete Lea was a good man who served God faithfully. He was a strong and brave warrior, and he was known for his wisdom and justice. His name was Zebulon.",output_mich003,,21.712871466184083,5.356850921756573,4.5681655960028555
But you have promised that I would be a success and that someday it will be as hard to count my descendants as it is to count the grains of sand along the seashore.,"Meɖe kuku, ɖem tso nɔvinye si me, tso Esau si me; elabena mele evɔ̃m be, ava dze dzinye, eye wòaɖe zi dadawo kple viwo dome.","I am a man, and my name is Jacob, the same as my brother Esau; but my mother loved me more than him, and she gave me the best food and clothing.",output_mich003,,19.037684776841697,5.356850921756573,4.5681655960028555
So God created humans to be like himself; he made men and women.,"Eye Mawu wɔ ame ɖe ye ŋutɔ ƒe nɔnɔme, Mawu ƒe nɔnɔme nue wòwɔe ɖo; ŋutsu kple nyɔnu wòwɔ.","God created all things, and everything God created is good; and everything was made by him.",output_JA-6,,27.913088313741735,5.356850921756573,4.5681655960028555
"But I solemnly promise that you, your wife, your sons, and your daughters-in-law will be kept safe in the boat.","Ke mabia nu kpli wò bena, nayi ɖe aɖakaʋu la me, wò ŋutɔ, viwòŋutsuwo kple srɔ̃wò hekpe ɖe viwòŋutsuawo srɔ̃wo ŋu.","When a person is born, it is the mother who knows the child best, because she carried him in her womb, she felt his movements, and she heard his voice.",output_JA-6,,18.46109973427355,5.356850921756573,4.5681655960028555
"Then he asked God, “Why not let Ishmael inherit what you have promised me?”",Eye Abraham gblɔ na Mawu bena: Ismael netsi agbe na wò ko! Mawu ɖo Isak ŋugbe na Abraham.,"And Abraham said to God: ""But Ishmael will also be your heir!"" God said to Abraham, ""No, Isaac will be your heir.""",output_JA-6,,19.839341496084696,5.356850921756573,4.5681655960028555
"she exclaimed, “God has given me a wonderful gift, and my husband will praise me for giving him six sons.” So she named the boy Zebulun.","Tete Lea gblɔ bena Mawu na nu nyuia ɖem, azɔ srɔ̃nye abum, elabena medzi ŋutsuvi ade nɛ. Eyata wòna ŋkɔe be Zebulon.","Tete Lea was a very good person in the eyes of God, and he was very strong. He was a great hunter and a very good farmer. His name was changed to Zebulon.",output_JA-6,,20.869394392847596,5.356850921756573,4.5681655960028555
But you have promised that I would be a success and that someday it will be as hard to count my descendants as it is to count the grains of sand along the seashore.,"Meɖe kuku, ɖem tso nɔvinye si me, tso Esau si me; elabena mele evɔ̃m be, ava dze dzinye, eye wòaɖe zi dadawo kple viwo dome.","I am a hunter, and my father's name is Esau; he taught me to hunt, and I have learned how to hunt animals and birds.",output_JA-6,,16.971328622427933,5.356850921756573,4.5681655960028555
So God created humans to be like himself; he made men and women.,"Eye Mawu wɔ ame ɖe ye ŋutɔ ƒe nɔnɔme, Mawu ƒe nɔnɔme nue wòwɔe ɖo; ŋutsu kple nyɔnu wòwɔ.","God created the world and everything in it, and God saw that it was good; and there was evening and morning.",Dec 03 output,,25.02729053533807,5.356850921756573,4.5681655960028555
"But I solemnly promise that you, your wife, your sons, and your daughters-in-law will be kept safe in the boat.","Ke mabia nu kpli wò bena, nayi ɖe aɖakaʋu la me, wò ŋutɔ, viwòŋutsuwo kple srɔ̃wò hekpe ɖe viwòŋutsuawo srɔ̃wo ŋu.","When the rain falls heavily, I will be inside my house, it will be raining, and I will be sleeping soundly with my children and wife beside me.",Dec 03 output,,20.812313957200974,5.356850921756573,4.5681655960028555
"Then he asked God, “Why not let Ishmael inherit what you have promised me?”",Eye Abraham gblɔ na Mawu bena: Ismael netsi agbe na wò ko! Mawu ɖo Isak ŋugbe na Abraham.,"And Abraham said to God: ""But Ishmael will also be your heir!"" God said to Abraham, ""No, Isaac will be your heir.""",Dec 03 output,,19.839341496084696,5.356850921756573,4.5681655960028555
"she exclaimed, “God has given me a wonderful gift, and my husband will praise me for giving him six sons.” So she named the boy Zebulun.","Tete Lea gblɔ bena Mawu na nu nyuia ɖem, azɔ srɔ̃nye abum, elabena medzi ŋutsuvi ade nɛ. Eyata wòna ŋkɔe be Zebulon.","Tete Lea was a good man who served God faithfully, and he became very wealthy. He had many children and grandchildren.",Dec 03 output,,18.838181505723643,5.356850921756573,4.5681655960028555
But you have promised that I would be a success and that someday it will be as hard to count my descendants as it is to count the grains of sand along the seashore.,"Meɖe kuku, ɖem tso nɔvinye si me, tso Esau si me; elabena mele evɔ̃m be, ava dze dzinye, eye wòaɖe zi dadawo kple viwo dome.","I am a man, the son of Jacob, who is also my father; and I have heard that you have taken my wives, and my cattle, and my goods.",Dec 03 output,,21.384717166349493,5.356850921756573,4.5681655960028555
So God created humans to be like himself; he made men and women.,"Eye Mawu wɔ ame ɖe ye ŋutɔ ƒe nɔnɔme, Mawu ƒe nɔnɔme nue wòwɔe ɖo; ŋutsu kple nyɔnu wòwɔ.","God created the heavens and the earth, and everything in them. God created everything that exists. All things were created by God.",Dec 09 output,,24.1408411323104,5.356850921756573,4.5681655960028555
"But I solemnly promise that you, your wife, your sons, and your daughters-in-law will be kept safe in the boat.","Ke mabia nu kpli wò bena, nayi ɖe aɖakaʋu la me, wò ŋutɔ, viwòŋutsuwo kple srɔ̃wò hekpe ɖe viwòŋutsuawo srɔ̃wo ŋu.","When the rain falls heavily, it washes away the soil, and the soil, when it dries up, becomes hard, and the plants and trees that grow on it become weak.",Dec 09 output,,19.225373027226063,5.356850921756573,4.5681655960028555
"Then he asked God, “Why not let Ishmael inherit what you have promised me?”",Eye Abraham gblɔ na Mawu bena: Ismael netsi agbe na wò ko! Mawu ɖo Isak ŋugbe na Abraham.,"And Abraham said to God: ""But Ishmael will also be your heir!"" God said to Abraham, ""No, Isaac will be your heir.""",Dec 09 output,,19.839341496084696,5.356850921756573,4.5681655960028555
"she exclaimed, “God has given me a wonderful gift, and my husband will praise me for giving him six sons.” So she named the boy Zebulun.","Tete Lea gblɔ bena Mawu na nu nyuia ɖem, azɔ srɔ̃nye abum, elabena medzi ŋutsuvi ade nɛ. Eyata wòna ŋkɔe be Zebulon.",Tete Lea was a good man who served God faithfully. He was a strong man and a good farmer. His name was changed to Zebulon.,Dec 09 output,,19.624473562635693,5.356850921756573,4.5681655960028555
But you have promised that I would be a success and that someday it will be as hard to count my descendants as it is to count the grains of sand along the seashore.,"Meɖe kuku, ɖem tso nɔvinye si me, tso Esau si me; elabena mele evɔ̃m be, ava dze dzinye, eye wòaɖe zi dadawo kple viwo dome.","Look, I am a man of war, a man of violence, like Esau my brother; I am a skilled hunter, a man of the field, and I have hunted wild animals and birds.",Dec 09 output,,17.979290418049025,5.356850921756573,4.5681655960028555
"Now I want you to promise in the name of God that you will always be loyal to me and my descendants, just as I have always been loyal to you in this land where you have lived as a foreigner.”","Azɔ ka atam le Mawu ƒe ŋku me le afisia be, nagable nye ŋutɔ, vinyewo kple nye dzidzimeviwo o! Abe alesi meve nu wòe ene la, nenema ke wò hã nawɔ nam kple anyigba, si dzi nènye amedzro le la!","This is a prayer to God, asking for his blessings on the speaker's family, friends, and loved ones. The speaker expresses gratitude for the good things in their life and asks for continued protection and guidance.",output_onesimus007,0.3526584,21.072381624763075,5.356850921756573,4.5681655960028555
"Some of the sheep that Jacob was keeping for Laban were already spotted. And when the others were ready to mate, he made sure that they faced in the direction of the spotted and black ones. In this way, Jacob built up a flock of sheep for himself and did not put them with the other sheep.","Eye Yakob ɖe lãviawo ɖo Laban ƒe lã, siwo le ŋɔtaŋɔta, kple esiwo tso kpɔ la kasa. Ale wòɖo lãha tɔxe na eɖokui, eye mena wotɔtɔ kple Laban towo o.","Jacob went to Laban's land, and he worked for him for seven years, and they agreed on wages. After that, he gave him his daughter Rachel as a wife, and he worked for him for another seven years.",output_onesimus007,0.49931884,20.659225315482598,5.356850921756573,4.5681655960028555
He treats us like foreigners and has even cheated us out of the bride price that should have been ours.,"Ɖe mele mia bum amedzrowoe oa? Elabena etsɔ mí dzra, eye wòle ga, si wòxɔ ɖe mía ta la ɖum vaseɖe mi.","What do you want from me? I have told you the truth, and I have nothing to hide, so why are you still asking me?",output_onesimus007,0.119552396,19.77678564678596,5.356850921756573,4.5681655960028555
"So he took some of his relatives along and chased after Jacob for seven days, before catching up with him in the hill country of Gilead.","Tete wotsɔ nɔvia wo kpe ɖe eɖokui ŋu ti eyome ŋkeke adre sɔŋ, eye wòva tui le Gilead-towo dzi.","The Lord is my shepherd, I shall not want. He makes me lie down in green pastures; he leads me beside still waters. He restores my soul; he leads me in paths of righteousness for his name's sake.",output_onesimus007,0.2004785,20.142930563063967,5.356850921756573,4.5681655960028555
"By the twenty-seventh day of the second month, the earth was completely dry.",Le ɣleti evelia ƒe ŋkeke blave vɔ adrelia dzi anyigba dzi ƒu keŋkeŋ. Noa me nu na Mawu.,"The world is full of troubles, but we should always thank God.",output_onesimus007,0.07435559,12.554151075730832,5.356850921756573,4.5681655960028555
So God created humans to be like himself; he made men and women.,"Eye Mawu wɔ ame ɖe ye ŋutɔ ƒe nɔnɔme, Mawu ƒe nɔnɔme nue wòwɔe ɖo; ŋutsu kple nyɔnu wòwɔ.","God created the world and everything in it, God's creation is good; the world and everything in it are good.",john_1C6E69D4_output (8),,24.370387358202912,5.356850921756573,4.5681655960028555
"But I solemnly promise that you, your wife, your sons, and your daughters-in-law will be kept safe in the boat.","Ke mabia nu kpli wò bena, nayi ɖe aɖakaʋu la me, wò ŋutɔ, viwòŋutsuwo kple srɔ̃wò hekpe ɖe viwòŋutsuawo srɔ̃wo ŋu.","When the rain falls heavily, I will go and fetch water for you. I will bring it in a large container, and you will use it to wash your clothes and bathe.",john_1C6E69D4_output (8),,24.18080563007933,5.356850921756573,4.5681655960028555
"Then he asked God, “Why not let Ishmael inherit what you have promised me?”",Eye Abraham gblɔ na Mawu bena: Ismael netsi agbe na wò ko! Mawu ɖo Isak ŋugbe na Abraham.,"And Abraham said to God: ""But Ishmael will also be your heir!"" God said to Abraham: ""No, Isaac will be your heir.""",john_1C6E69D4_output (8),,19.839341496084696,5.356850921756573,4.5681655960028555
"she exclaimed, “God has given me a wonderful gift, and my husband will praise me for giving him six sons.” So she named the boy Zebulun.","Tete Lea gblɔ bena Mawu na nu nyuia ɖem, azɔ srɔ̃nye abum, elabena medzi ŋutsuvi ade nɛ. Eyata wòna ŋkɔe be Zebulon.","Tete Lea was a good man who served God faithfully, and he became very rich. He had many children and grandchildren.",john_1C6E69D4_output (8),,18.943489899254544,5.356850921756573,4.5681655960028555
But you have promised that I would be a success and that someday it will be as hard to count my descendants as it is to count the grains of sand along the seashore.,"Meɖe kuku, ɖem tso nɔvinye si me, tso Esau si me; elabena mele evɔ̃m be, ava dze dzinye, eye wòaɖe zi dadawo kple viwo dome.","I am a man, and my name is Jacob, the same as my brother Esau; but I was born holding his heel, and I have been blessed by God, and I have become rich and prosperous.",john_1C6E69D4_output (8),,20.816495694252882,5.356850921756573,4.5681655960028555
So God created humans to be like himself; he made men and women.,"Eye Mawu wɔ ame ɖe ye ŋutɔ ƒe nɔnɔme, Mawu ƒe nɔnɔme nue wòwɔe ɖo; ŋutsu kple nyɔnu wòwɔ.","God created the heavens and the earth, and everything in them. God created man and woman.",output_johnayernor,,32.80401632077969,5.356850921756573,4.5681655960028555
"But I solemnly promise that you, your wife, your sons, and your daughters-in-law will be kept safe in the boat.","Ke mabia nu kpli wò bena, nayi ɖe aɖakaʋu la me, wò ŋutɔ, viwòŋutsuwo kple srɔ̃wò hekpe ɖe viwòŋutsuawo srɔ̃wo ŋu.","When the rain falls heavily, I will stay at home, because it is dangerous, the wind is strong, and the trees are swaying violently.",output_johnayernor,,20.4109875146284,5.356850921756573,4.5681655960028555
"Then he asked God, “Why not let Ishmael inherit what you have promised me?”",Eye Abraham gblɔ na Mawu bena: Ismael netsi agbe na wò ko! Mawu ɖo Isak ŋugbe na Abraham.,"And Abraham said to God: ""But Ishmael will also be your heir!"" God said to Abraham, ""No, but Isaac will be your heir.""",output_johnayernor,,19.90599795031252,5.356850921756573,4.5681655960028555
"she exclaimed, “God has given me a wonderful gift, and my husband will praise me for giving him six sons.” So she named the boy Zebulun.","Tete Lea gblɔ bena Mawu na nu nyuia ɖem, azɔ srɔ̃nye abum, elabena medzi ŋutsuvi ade nɛ. Eyata wòna ŋkɔe be Zebulon.",Tete Lea was a good man who served God faithfully. He was a strong man and a skilled hunter. He was also a wise man and a good leader. His name was Zebulon.,output_johnayernor,,21.38498067600493,5.356850921756573,4.5681655960028555
But you have promised that I would be a success and that someday it will be as hard to count my descendants as it is to count the grains of sand along the seashore.,"Meɖe kuku, ɖem tso nɔvinye si me, tso Esau si me; elabena mele evɔ̃m be, ava dze dzinye, eye wòaɖe zi dadawo kple viwo dome.","I am a hunter, and I am a farmer. My father's name is Esau. He told me that I should be diligent, and I should work hard, and I should take care of my family and my home.",output_johnayernor,,21.290064313305564,5.356850921756573,4.5681655960028555
So God created humans to be like himself; he made men and women.,"Eye Mawu wɔ ame ɖe ye ŋutɔ ƒe nɔnɔme, Mawu ƒe nɔnɔme nue wòwɔe ɖo; ŋutsu kple nyɔnu wòwɔ.","God created the world and everything in it, and God saw that it was good; and there was evening and morning.",Dec 11 output,,25.02729053533807,5.356850921756573,4.5681655960028555
"But I solemnly promise that you, your wife, your sons, and your daughters-in-law will be kept safe in the boat.","Ke mabia nu kpli wò bena, nayi ɖe aɖakaʋu la me, wò ŋutɔ, viwòŋutsuwo kple srɔ̃wò hekpe ɖe viwòŋutsuawo srɔ̃wo ŋu.","When the rain falls heavily, I will stay at home, because I am afraid of thunder, lightning and the strong wind.",Dec 11 output,,18.564397525071684,5.356850921756573,4.5681655960028555
"Then he asked God, “Why not let Ishmael inherit what you have promised me?”",Eye Abraham gblɔ na Mawu bena: Ismael netsi agbe na wò ko! Mawu ɖo Isak ŋugbe na Abraham.,"Then Abraham said to God: ""But Ishmael will also be your heir!"" God said to Abraham, ""No, but Isaac will be your heir.""",Dec 11 output,,22.057439989038876,5.356850921756573,4.5681655960028555
"she exclaimed, “God has given me a wonderful gift, and my husband will praise me for giving him six sons.” So she named the boy Zebulun.","Tete Lea gblɔ bena Mawu na nu nyuia ɖem, azɔ srɔ̃nye abum, elabena medzi ŋutsuvi ade nɛ. Eyata wòna ŋkɔe be Zebulon.","Tete Lea was a good man who served God faithfully. He was a strong and brave man, and he was known for his wisdom. His name was Zebulon.",Dec 11 output,,21.51056813111873,5.356850921756573,4.5681655960028555
But you have promised that I would be a success and that someday it will be as hard to count my descendants as it is to count the grains of sand along the seashore.,"Meɖe kuku, ɖem tso nɔvinye si me, tso Esau si me; elabena mele evɔ̃m be, ava dze dzinye, eye wòaɖe zi dadawo kple viwo dome.","My father, the one who gave birth to me, is Esau, my father; because he loved me, he gave me a blessing, and he said, ""May you be great and have many children.""",Dec 11 output,,19.62952542678495,5.356850921756573,4.5681655960028555
So God created humans to be like himself; he made men and women.,"Eye Mawu wɔ ame ɖe ye ŋutɔ ƒe nɔnɔme, Mawu ƒe nɔnɔme nue wòwɔe ɖo; ŋutsu kple nyɔnu wòwɔ.",God created the world and everything in it. God created man and woman. Man and woman were created together.,gerhardt_0445F08A_output_T9n53N,,30.23689807684423,5.356850921756573,4.5681655960028555
"But I solemnly promise that you, your wife, your sons, and your daughters-in-law will be kept safe in the boat.","Ke mabia nu kpli wò bena, nayi ɖe aɖakaʋu la me, wò ŋutɔ, viwòŋutsuwo kple srɔ̃wò hekpe ɖe viwòŋutsuawo srɔ̃wo ŋu.","When a child is born, the mother is happy, but the father is also happy, because the child brings joy to the family and strengthens the family bond.",gerhardt_0445F08A_output_T9n53N,,18.2963763912408,5.356850921756573,4.5681655960028555
"Then he asked God, “Why not let Ishmael inherit what you have promised me?”",Eye Abraham gblɔ na Mawu bena: Ismael netsi agbe na wò ko! Mawu ɖo Isak ŋugbe na Abraham.,"And Abraham said to God: ""But Ishmael will also be your heir!"" God said to Abraham, ""No, Isaac will be your heir.""",gerhardt_0445F08A_output_T9n53N,,19.839341496084696,5.356850921756573,4.5681655960028555
"she exclaimed, “God has given me a wonderful gift, and my husband will praise me for giving him six sons.” So she named the boy Zebulun.","Tete Lea gblɔ bena Mawu na nu nyuia ɖem, azɔ srɔ̃nye abum, elabena medzi ŋutsuvi ade nɛ. Eyata wòna ŋkɔe be Zebulon.","Tete Lea was blessed by God and became very fruitful, and he had many sons and daughters. He named his firstborn Zebulon.",gerhardt_0445F08A_output_T9n53N,,23.596962647860614,5.356850921756573,4.5681655960028555
But you have promised that I would be a success and that someday it will be as hard to count my descendants as it is to count the grains of sand along the seashore.,"Meɖe kuku, ɖem tso nɔvinye si me, tso Esau si me; elabena mele evɔ̃m be, ava dze dzinye, eye wòaɖe zi dadawo kple viwo dome.","I am the firstborn, the firstborn of my father, the firstborn of Esau; but I am the one who will be blessed, the one who will be given the inheritance, and I will be the one who will rule over the land.",gerhardt_0445F08A_output_T9n53N,,18.930353507678305,5.356850921756573,4.5681655960028555
So God created humans to be like himself; he made men and women.,"Eye Mawu wɔ ame ɖe ye ŋutɔ ƒe nɔnɔme, Mawu ƒe nɔnɔme nue wòwɔe ɖo; ŋutsu kple nyɔnu wòwɔ.","God is the creator of all things, God's creation is good; it is beautiful and pleasant.",gerhardt_60BC0D18_output (8),,18.3423118086714,5.356850921756573,4.5681655960028555
"But I solemnly promise that you, your wife, your sons, and your daughters-in-law will be kept safe in the boat.","Ke mabia nu kpli wò bena, nayi ɖe aɖakaʋu la me, wò ŋutɔ, viwòŋutsuwo kple srɔ̃wò hekpe ɖe viwòŋutsuawo srɔ̃wo ŋu.","When the rain falls heavily, it is the time for planting yams. We dig the ground, clear the weeds and prepare the mounds for planting.",gerhardt_60BC0D18_output (8),,17.148015663156006,5.356850921756573,4.5681655960028555
"Then he asked God, “Why not let Ishmael inherit what you have promised me?”",Eye Abraham gblɔ na Mawu bena: Ismael netsi agbe na wò ko! Mawu ɖo Isak ŋugbe na Abraham.,"Then Abraham said to God: ""But Ishmael will also be your heir!"" God said to Abraham, ""No, but Isaac will be your heir.""",gerhardt_60BC0D18_output (8),,22.057439989038876,5.356850921756573,4.5681655960028555
"she exclaimed, “God has given me a wonderful gift, and my husband will praise me for giving him six sons.” So she named the boy Zebulun.","Tete Lea gblɔ bena Mawu na nu nyuia ɖem, azɔ srɔ̃nye abum, elabena medzi ŋutsuvi ade nɛ. Eyata wòna ŋkɔe be Zebulon.",Tete Lea was a good man who served God faithfully. He was a skilled farmer and a good provider for his family. His name was changed to Zebulon.,gerhardt_60BC0D18_output (8),,22.43884884883616,5.356850921756573,4.5681655960028555
But you have promised that I would be a success and that someday it will be as hard to count my descendants as it is to count the grains of sand along the seashore.,"Meɖe kuku, ɖem tso nɔvinye si me, tso Esau si me; elabena mele evɔ̃m be, ava dze dzinye, eye wòaɖe zi dadawo kple viwo dome.","I am a man, my name is Jacob, son of Isaac; I am the younger brother, but I have taken the birthright, the blessing, and the inheritance.",gerhardt_60BC0D18_output (8),,18.578308772029363,5.356850921756573,4.5681655960028555
So God created humans to be like himself; he made men and women.,"Eye Mawu wɔ ame ɖe ye ŋutɔ ƒe nɔnɔme, Mawu ƒe nɔnɔme nue wòwɔe ɖo; ŋutsu kple nyɔnu wòwɔ.","God created the heavens and the earth, and everything in them. God created man in his own image; male and female he created them.",onesimus_BAB3F503_Dec 10 output,,27.06060359560063,5.356850921756573,4.5681655960028555
"But I solemnly promise that you, your wife, your sons, and your daughters-in-law will be kept safe in the boat.","Ke mabia nu kpli wò bena, nayi ɖe aɖakaʋu la me, wò ŋutɔ, viwòŋutsuwo kple srɔ̃wò hekpe ɖe viwòŋutsuawo srɔ̃wo ŋu.","When the rain falls heavily, it is the time for planting. We plant yams, cassava, and maize.",onesimus_BAB3F503_Dec 10 output,,16.02663637292213,5.356850921756573,4.5681655960028555
"Then he asked God, “Why not let Ishmael inherit what you have promised me?”",Eye Abraham gblɔ na Mawu bena: Ismael netsi agbe na wò ko! Mawu ɖo Isak ŋugbe na Abraham.,"And Abraham said to God: ""But Ishmael will also be your heir!"" God said to Abraham: ""No, Isaac will be your heir.""",onesimus_BAB3F503_Dec 10 output,,19.839341496084696,5.356850921756573,4.5681655960028555
"she exclaimed, “God has given me a wonderful gift, and my husband will praise me for giving him six sons.” So she named the boy Zebulun.","Tete Lea gblɔ bena Mawu na nu nyuia ɖem, azɔ srɔ̃nye abum, elabena medzi ŋutsuvi ade nɛ. Eyata wòna ŋkɔe be Zebulon.","Tete Lea was a good man who served God faithfully, and he became very wealthy. He had many sons and daughters.",onesimus_BAB3F503_Dec 10 output,,18.8126000512885,5.356850921756573,4.5681655960028555
But you have promised that I would be a success and that someday it will be as hard to count my descendants as it is to count the grains of sand along the seashore.,"Meɖe kuku, ɖem tso nɔvinye si me, tso Esau si me; elabena mele evɔ̃m be, ava dze dzinye, eye wòaɖe zi dadawo kple viwo dome.","I am a man, and my name is Jacob, the same as my brother Esau. But my mother loved me more than him, and she gave me the food to eat, and he was hungry and was about to die.",onesimus_BAB3F503_Dec 10 output,,21.481075143153134,5.356850921756573,4.5681655960028555
So God created humans to be like himself; he made men and women.,"Eye Mawu wɔ ame ɖe ye ŋutɔ ƒe nɔnɔme, Mawu ƒe nɔnɔme nue wòwɔe ɖo; ŋutsu kple nyɔnu wòwɔ.","God created the world and everything in it, God's creation is good; the world and everything in it are good.",onesimus_AE3F5661_Dec 08 output,,24.370387358202912,5.356850921756573,4.5681655960028555
"But I solemnly promise that you, your wife, your sons, and your daughters-in-law will be kept safe in the boat.","Ke mabia nu kpli wò bena, nayi ɖe aɖakaʋu la me, wò ŋutɔ, viwòŋutsuwo kple srɔ̃wò hekpe ɖe viwòŋutsuawo srɔ̃wo ŋu.","When the rain falls and it is heavy, I will be sitting in my room, and it will be thundering, lightning will flash and the wind will be blowing.",onesimus_AE3F5661_Dec 08 output,,19.590750323593717,5.356850921756573,4.5681655960028555
"Then he asked God, “Why not let Ishmael inherit what you have promised me?”",Eye Abraham gblɔ na Mawu bena: Ismael netsi agbe na wò ko! Mawu ɖo Isak ŋugbe na Abraham.,"And Abraham said to God: ""But Ishmael will also be your heir!"" God said to Abraham, ""No, Isaac will be your heir.""",onesimus_AE3F5661_Dec 08 output,,19.839341496084696,5.356850921756573,4.5681655960028555
"she exclaimed, “God has given me a wonderful gift, and my husband will praise me for giving him six sons.” So she named the boy Zebulun.","Tete Lea gblɔ bena Mawu na nu nyuia ɖem, azɔ srɔ̃nye abum, elabena medzi ŋutsuvi ade nɛ. Eyata wòna ŋkɔe be Zebulon.","Tete Lea was a very good person in the eyes of God, and he was very strong. He was a great hunter and a good provider for his family. His name was Zebulon.",onesimus_AE3F5661_Dec 08 output,,22.463589557150307,5.356850921756573,4.5681655960028555
But you have promised that I would be a success and that someday it will be as hard to count my descendants as it is to count the grains of sand along the seashore.,"Meɖe kuku, ɖem tso nɔvinye si me, tso Esau si me; elabena mele evɔ̃m be, ava dze dzinye, eye wòaɖe zi dadawo kple viwo dome.","My father, I have sinned against heaven and against you; I am no longer worthy to be called your son. Make me like one of your hired servants.",onesimus_AE3F5661_Dec 08 output,,20.831717844119144,5.356850921756573,4.5681655960028555
So God created humans to be like himself; he made men and women.,"Eye Mawu wɔ ame ɖe ye ŋutɔ ƒe nɔnɔme, Mawu ƒe nɔnɔme nue wòwɔe ɖo; ŋutsu kple nyɔnu wòwɔ.","God created the world and everything in it, God's creation is good; the world and everything in it are good.",onesimus_A84A9EF3_Dec 04 output,,24.370387358202912,5.356850921756573,4.5681655960028555
"But I solemnly promise that you, your wife, your sons, and your daughters-in-law will be kept safe in the boat.","Ke mabia nu kpli wò bena, nayi ɖe aɖakaʋu la me, wò ŋutɔ, viwòŋutsuwo kple srɔ̃wò hekpe ɖe viwòŋutsuawo srɔ̃wo ŋu.","When the rain falls heavily, I will go and sit under the big tree, and I will see the birds, the squirrels and the monkeys playing.",onesimus_A84A9EF3_Dec 04 output,,19.794480521463925,5.356850921756573,4.5681655960028555
"Then he asked God, “Why not let Ishmael inherit what you have promised me?”",Eye Abraham gblɔ na Mawu bena: Ismael netsi agbe na wò ko! Mawu ɖo Isak ŋugbe na Abraham.,"And Abraham said to God: ""But Ishmael will also be your heir!"" God said to Abraham, ""No, Isaac will be your heir.""",onesimus_A84A9EF3_Dec 04 output,,19.839341496084696,5.356850921756573,4.5681655960028555
"she exclaimed, “God has given me a wonderful gift, and my husband will praise me for giving him six sons.” So she named the boy Zebulun.","Tete Lea gblɔ bena Mawu na nu nyuia ɖem, azɔ srɔ̃nye abum, elabena medzi ŋutsuvi ade nɛ. Eyata wòna ŋkɔe be Zebulon.",Tete Lea was a good man who served God faithfully. He was a strong man and a skilled hunter. He was also a wise man and a good leader. His name was Zebulon.,onesimus_A84A9EF3_Dec 04 output,,21.38498067600493,5.356850921756573,4.5681655960028555
But you have promised that I would be a success and that someday it will be as hard to count my descendants as it is to count the grains of sand along the seashore.,"Meɖe kuku, ɖem tso nɔvinye si me, tso Esau si me; elabena mele evɔ̃m be, ava dze dzinye, eye wòaɖe zi dadawo kple viwo dome.","My father, the one who gave me birth, is Esau; and my mother, she is the one who gave me birth, and she is the one who gave birth to Esau. She said to me, ""You will be strong, and you will be a leader of men, and you will be a ruler of nations.""",onesimus_A84A9EF3_Dec 04 output,,23.2977051493549,5.356850921756573,4.5681655960028555
So God created humans to be like himself; he made men and women.,"Eye Mawu wɔ ame ɖe ye ŋutɔ ƒe nɔnɔme, Mawu ƒe nɔnɔme nue wòwɔe ɖo; ŋutsu kple nyɔnu wòwɔ.","God created the heavens and the earth, and everything in them. God created man in his own image; male and female he created them.",gerhardt_34E1778F_output (7),,27.06060359560063,5.356850921756573,4.5681655960028555
"But I solemnly promise that you, your wife, your sons, and your daughters-in-law will be kept safe in the boat.","Ke mabia nu kpli wò bena, nayi ɖe aɖakaʋu la me, wò ŋutɔ, viwòŋutsuwo kple srɔ̃wò hekpe ɖe viwòŋutsuawo srɔ̃wo ŋu.","When the rain falls, it washes away the dirt, and the sun comes out, it dries the ground, and the birds and the animals come out to feed.",gerhardt_34E1778F_output (7),,18.20906389110296,5.356850921756573,4.5681655960028555
"Then he asked God, “Why not let Ishmael inherit what you have promised me?”",Eye Abraham gblɔ na Mawu bena: Ismael netsi agbe na wò ko! Mawu ɖo Isak ŋugbe na Abraham.,"And Abraham said to God: ""But Ishmael will also be your heir!"" God said to Abraham, ""No, Isaac will be your heir.""",gerhardt_34E1778F_output (7),,19.839341496084696,5.356850921756573,4.5681655960028555
"she exclaimed, “God has given me a wonderful gift, and my husband will praise me for giving him six sons.” So she named the boy Zebulun.","Tete Lea gblɔ bena Mawu na nu nyuia ɖem, azɔ srɔ̃nye abum, elabena medzi ŋutsuvi ade nɛ. Eyata wòna ŋkɔe be Zebulon.","Tete Lea was a good man who served God faithfully, and he became very wealthy. He had many children and grandchildren.",gerhardt_34E1778F_output (7),,18.838181505723643,5.356850921756573,4.5681655960028555
But you have promised that I would be a success and that someday it will be as hard to count my descendants as it is to count the grains of sand along the seashore.,"Meɖe kuku, ɖem tso nɔvinye si me, tso Esau si me; elabena mele evɔ̃m be, ava dze dzinye, eye wòaɖe zi dadawo kple viwo dome.","I am the firstborn son, the firstborn of my father, the firstborn of Esau my father; but my brother Jacob has become cunning, he has taken my birthright, and he has stolen my blessing.",gerhardt_34E1778F_output (7),,18.817137977204638,5.356850921756573,4.5681655960028555
So God created humans to be like himself; he made men and women.,"Eye Mawu wɔ ame ɖe ye ŋutɔ ƒe nɔnɔme, Mawu ƒe nɔnɔme nue wòwɔe ɖo; ŋutsu kple nyɔnu wòwɔ.","God created the heavens and the earth, and everything in them. God created everything that exists, both visible and invisible.",output_JA-5,,24.03272888677363,5.356850921756573,4.5681655960028555
"But I solemnly promise that you, your wife, your sons, and your daughters-in-law will be kept safe in the boat.","Ke mabia nu kpli wò bena, nayi ɖe aɖakaʋu la me, wò ŋutɔ, viwòŋutsuwo kple srɔ̃wò hekpe ɖe viwòŋutsuawo srɔ̃wo ŋu.","When a child is born, it is the mother who knows best how to care for it. She knows how to feed it, bathe it, and clothe it.",output_JA-5,,15.823462591153312,5.356850921756573,4.5681655960028555
"Then he asked God, “Why not let Ishmael inherit what you have promised me?”",Eye Abraham gblɔ na Mawu bena: Ismael netsi agbe na wò ko! Mawu ɖo Isak ŋugbe na Abraham.,"And Abraham said to God: ""But Ishmael will also be your heir!"" God said to Abraham: ""No, Isaac will be your heir.""",output_JA-5,,19.839341496084696,5.356850921756573,4.5681655960028555
"she exclaimed, “God has given me a wonderful gift, and my husband will praise me for giving him six sons.” So she named the boy Zebulun.","Tete Lea gblɔ bena Mawu na nu nyuia ɖem, azɔ srɔ̃nye abum, elabena medzi ŋutsuvi ade nɛ. Eyata wòna ŋkɔe be Zebulon.","Tete Lea was a good man who served God faithfully. He was a strong and brave warrior, and he was known for his wisdom and justice. His name was Zebulon.",output_JA-5,,21.712871466184083,5.356850921756573,4.5681655960028555
But you have promised that I would be a success and that someday it will be as hard to count my descendants as it is to count the grains of sand along the seashore.,"Meɖe kuku, ɖem tso nɔvinye si me, tso Esau si me; elabena mele evɔ̃m be, ava dze dzinye, eye wòaɖe zi dadawo kple viwo dome.","I am a man, and my name is Jacob, the same as my brother Esau. I have been told that I will be a great nation, and that kings will come from me. My father loves me more than my brother.",output_JA-5,,26.986486748706636,5.356850921756573,4.5681655960028555
So God created humans to be like himself; he made men and women.,"Eye Mawu wɔ ame ɖe ye ŋutɔ ƒe nɔnɔme, Mawu ƒe nɔnɔme nue wòwɔe ɖo; ŋutsu kple nyɔnu wòwɔ.","God created the world and everything in it, and God saw that it was good; and there was evening and morning.",john_86344B85_output (7),,25.02729053533807,5.356850921756573,4.5681655960028555
"But I solemnly promise that you, your wife, your sons, and your daughters-in-law will be kept safe in the boat.","Ke mabia nu kpli wò bena, nayi ɖe aɖakaʋu la me, wò ŋutɔ, viwòŋutsuwo kple srɔ̃wò hekpe ɖe viwòŋutsuawo srɔ̃wo ŋu.","When a person is born, they are given a name, and they grow up, they learn the customs and traditions of their people.",john_86344B85_output (7),,18.768892688090684,5.356850921756573,4.5681655960028555
"Then he asked God, “Why not let Ishmael inherit what you have promised me?”",Eye Abraham gblɔ na Mawu bena: Ismael netsi agbe na wò ko! Mawu ɖo Isak ŋugbe na Abraham.,"And Abraham said to God: ""But Ishmael will also be your heir!"" God said to Abraham, ""No, Isaac will be your heir.""",john_86344B85_output (7),,19.839341496084696,5.356850921756573,4.5681655960028555
"she exclaimed, “God has given me a wonderful gift, and my husband will praise me for giving him six sons.” So she named the boy Zebulun.","Tete Lea gblɔ bena Mawu na nu nyuia ɖem, azɔ srɔ̃nye abum, elabena medzi ŋutsuvi ade nɛ. Eyata wòna ŋkɔe be Zebulon.","Tete Lea was blessed by God and became very fruitful, and he spread out and filled the land. He had many sons and daughters.",john_86344B85_output (7),,20.907782600971558,5.356850921756573,4.5681655960028555
But you have promised that I would be a success and that someday it will be as hard to count my descendants as it is to count the grains of sand along the seashore.,"Meɖe kuku, ɖem tso nɔvinye si me, tso Esau si me; elabena mele evɔ̃m be, ava dze dzinye, eye wòaɖe zi dadawo kple viwo dome.","Look, I am a man of war, I am a man of battle, I am Esau; behold, I have been hunting, and I have caught a wild animal, and I have brought it home to my father and mother.",john_86344B85_output (7),,19.09221412421547,5.356850921756573,4.5681655960028555
So God created humans to be like himself; he made men and women.,"Eye Mawu wɔ ame ɖe ye ŋutɔ ƒe nɔnɔme, Mawu ƒe nɔnɔme nue wòwɔe ɖo; ŋutsu kple nyɔnu wòwɔ.",God created the world and everything in it. God's creation is good; the world and everything in it are good.,Dec 05 output,,24.370387358202912,5.356850921756573,4.5681655960028555
"But I solemnly promise that you, your wife, your sons, and your daughters-in-law will be kept safe in the boat.","Ke mabia nu kpli wò bena, nayi ɖe aɖakaʋu la me, wò ŋutɔ, viwòŋutsuwo kple srɔ̃wò hekpe ɖe viwòŋutsuawo srɔ̃wo ŋu.","When a person is born, they are given a name, and they grow up, they marry and have children, and their children also grow up and have children.",Dec 05 output,,16.216098629667364,5.356850921756573,4.5681655960028555
"Then he asked God, “Why not let Ishmael inherit what you have promised me?”",Eye Abraham gblɔ na Mawu bena: Ismael netsi agbe na wò ko! Mawu ɖo Isak ŋugbe na Abraham.,"And Abraham said to God: ""But Ishmael will also be your heir!"" God said to Abraham, ""No, Isaac will be your heir.""",Dec 05 output,,19.839341496084696,5.356850921756573,4.5681655960028555
"she exclaimed, “God has given me a wonderful gift, and my husband will praise me for giving him six sons.” So she named the boy Zebulun.","Tete Lea gblɔ bena Mawu na nu nyuia ɖem, azɔ srɔ̃nye abum, elabena medzi ŋutsuvi ade nɛ. Eyata wòna ŋkɔe be Zebulon.",Tete Lea was a good man who served God faithfully. He was a skilled farmer and a generous provider for his family. His name was changed to Zebulon.,Dec 05 output,,23.02028289541318,5.356850921756573,4.5681655960028555
But you have promised that I would be a success and that someday it will be as hard to count my descendants as it is to count the grains of sand along the seashore.,"Meɖe kuku, ɖem tso nɔvinye si me, tso Esau si me; elabena mele evɔ̃m be, ava dze dzinye, eye wòaɖe zi dadawo kple viwo dome.","I am the firstborn, but my brother Jacob has taken my birthright; he tricked me and stole it, and now he has taken my blessing.",Dec 05 output,,16.528797777328023,5.356850921756573,4.5681655960028555
So God created humans to be like himself; he made men and women.,"Eye Mawu wɔ ame ɖe ye ŋutɔ ƒe nɔnɔme, Mawu ƒe nɔnɔme nue wòwɔe ɖo; ŋutsu kple nyɔnu wòwɔ.","God created the heavens and the earth, and everything in them. God created man in his own image; male and female he created them.",onesimus_C968674F_Dec 07 output,,27.06060359560063,5.356850921756573,4.5681655960028555
"But I solemnly promise that you, your wife, your sons, and your daughters-in-law will be kept safe in the boat.","Ke mabia nu kpli wò bena, nayi ɖe aɖakaʋu la me, wò ŋutɔ, viwòŋutsuwo kple srɔ̃wò hekpe ɖe viwòŋutsuawo srɔ̃wo ŋu.","When a person is sick, it is good to take care of them. You should give them food, water, and medicine so they can get well.",onesimus_C968674F_Dec 07 output,,18.46336628891903,5.356850921756573,4.5681655960028555
"Then he asked God, “Why not let Ishmael inherit what you have promised me?”",Eye Abraham gblɔ na Mawu bena: Ismael netsi agbe na wò ko! Mawu ɖo Isak ŋugbe na Abraham.,"And Abraham said to God: ""But Ishmael will also be your heir!"" God said to Abraham, ""No, Isaac will be your heir.""",onesimus_C968674F_Dec 07 output,,19.839341496084696,5.356850921756573,4.5681655960028555
"she exclaimed, “God has given me a wonderful gift, and my husband will praise me for giving him six sons.” So she named the boy Zebulun.","Tete Lea gblɔ bena Mawu na nu nyuia ɖem, azɔ srɔ̃nye abum, elabena medzi ŋutsuvi ade nɛ. Eyata wòna ŋkɔe be Zebulon.",Tete Lea was a good man who served God faithfully. He was a skilled farmer and a generous man. He was known as Zebulon.,onesimus_C968674F_Dec 07 output,,18.757042423859197,5.356850921756573,4.5681655960028555
But you have promised that I would be a success and that someday it will be as hard to count my descendants as it is to count the grains of sand along the seashore.,"Meɖe kuku, ɖem tso nɔvinye si me, tso Esau si me; elabena mele evɔ̃m be, ava dze dzinye, eye wòaɖe zi dadawo kple viwo dome.","My father, I am the one who is telling you this, I am Esau your son; listen to me, my father, I have become a hunter, and I am tired of living alone.",onesimus_C968674F_Dec 07 output,,20.09671014170856,5.356850921756573,4.5681655960028555
So God created humans to be like himself; he made men and women.,"Eye Mawu wɔ ame ɖe ye ŋutɔ ƒe nɔnɔme, Mawu ƒe nɔnɔme nue wòwɔe ɖo; ŋutsu kple nyɔnu wòwɔ.","God created the world and everything in it, God's creation is good; the world and everything in it are good.",john_C52DEBBB_output (10),,24.370387358202912,5.356850921756573,4.5681655960028555
"But I solemnly promise that you, your wife, your sons, and your daughters-in-law will be kept safe in the boat.","Ke mabia nu kpli wò bena, nayi ɖe aɖakaʋu la me, wò ŋutɔ, viwòŋutsuwo kple srɔ̃wò hekpe ɖe viwòŋutsuawo srɔ̃wo ŋu.","When the rain falls heavily, I will be at home, but you, you will go out, and the wind and the storm will blow you away.",john_C52DEBBB_output (10),,26.19247759068648,5.356850921756573,4.5681655960028555
"Then he asked God, “Why not let Ishmael inherit what you have promised me?”",Eye Abraham gblɔ na Mawu bena: Ismael netsi agbe na wò ko! Mawu ɖo Isak ŋugbe na Abraham.,"And Abraham said to God: ""But Ishmael will also be your heir!"" God said to Abraham: ""No, Isaac will be your heir.""",john_C52DEBBB_output (10),,19.839341496084696,5.356850921756573,4.5681655960028555
"she exclaimed, “God has given me a wonderful gift, and my husband will praise me for giving him six sons.” So she named the boy Zebulun.","Tete Lea gblɔ bena Mawu na nu nyuia ɖem, azɔ srɔ̃nye abum, elabena medzi ŋutsuvi ade nɛ. Eyata wòna ŋkɔe be Zebulon.","Tete Lea was a good man who served God faithfully, and he became very rich. He had many children and grandchildren.",john_C52DEBBB_output (10),,18.943489899254544,5.356850921756573,4.5681655960028555
But you have promised that I would be a success and that someday it will be as hard to count my descendants as it is to count the grains of sand along the seashore.,"Meɖe kuku, ɖem tso nɔvinye si me, tso Esau si me; elabena mele evɔ̃m be, ava dze dzinye, eye wòaɖe zi dadawo kple viwo dome.","My father, the one who gave birth to me, is Esau, my father; but he was not the one who raised me, it was another woman, and she brought me up with her own children.",john_C52DEBBB_output (10),,20.431865136535162,5.356850921756573,4.5681655960028555
So God created humans to be like himself; he made men and women.,"Eye Mawu wɔ ame ɖe ye ŋutɔ ƒe nɔnɔme, Mawu ƒe nɔnɔme nue wòwɔe ɖo; ŋutsu kple nyɔnu wòwɔ.","God created the heavens and the earth, and everything in them. God created man and woman.",gerhardt_62CB5CC1_output (4),,32.80401632077969,5.356850921756573,4.5681655960028555
"But I solemnly promise that you, your wife, your sons, and your daughters-in-law will be kept safe in the boat.","Ke mabia nu kpli wò bena, nayi ɖe aɖakaʋu la me, wò ŋutɔ, viwòŋutsuwo kple srɔ̃wò hekpe ɖe viwòŋutsuawo srɔ̃wo ŋu.","When a person is born, they are given a name, and that name becomes their identity. Their family and friends use that name to identify them.",gerhardt_62CB5CC1_output (4),,19.80954283948275,5.356850921756573,4.5681655960028555
"Then he asked God, “Why not let Ishmael inherit what you have promised me?”",Eye Abraham gblɔ na Mawu bena: Ismael netsi agbe na wò ko! Mawu ɖo Isak ŋugbe na Abraham.,"And Abraham said to God: ""But Ishmael will also be your heir!"" God said to Abraham, ""No, Isaac will be your heir.""",gerhardt_62CB5CC1_output (4),,19.839341496084696,5.356850921756573,4.5681655960028555
"she exclaimed, “God has given me a wonderful gift, and my husband will praise me for giving him six sons.” So she named the boy Zebulun.","Tete Lea gblɔ bena Mawu na nu nyuia ɖem, azɔ srɔ̃nye abum, elabena medzi ŋutsuvi ade nɛ. Eyata wòna ŋkɔe be Zebulon.","Tete Lea was a good man who served God faithfully. He was a strong and brave warrior, and he was known for his wisdom and justice. His name was Zebulon.",gerhardt_62CB5CC1_output (4),,21.712871466184083,5.356850921756573,4.5681655960028555
But you have promised that I would be a success and that someday it will be as hard to count my descendants as it is to count the grains of sand along the seashore.,"Meɖe kuku, ɖem tso nɔvinye si me, tso Esau si me; elabena mele evɔ̃m be, ava dze dzinye, eye wòaɖe zi dadawo kple viwo dome.","I am the firstborn, the firstborn of my father, the firstborn of Esau my father. And behold, my brother Jacob came, and he deceived me, and took my birthright, and my blessing.",gerhardt_62CB5CC1_output (4),,18.4890983887491,5.356850921756573,4.5681655960028555
So God created humans to be like himself; he made men and women.,"Eye Mawu wɔ ame ɖe ye ŋutɔ ƒe nɔnɔme, Mawu ƒe nɔnɔme nue wòwɔe ɖo; ŋutsu kple nyɔnu wòwɔ.","God created the world and everything in it, God's creation is good; the world and everything in it are good.",Dec 04 output,,24.370387358202912,5.356850921756573,4.5681655960028555
"But I solemnly promise that you, your wife, your sons, and your daughters-in-law will be kept safe in the boat.","Ke mabia nu kpli wò bena, nayi ɖe aɖakaʋu la me, wò ŋutɔ, viwòŋutsuwo kple srɔ̃wò hekpe ɖe viwòŋutsuawo srɔ̃wo ŋu.","When the rain falls heavily, I will go and sit under the big tree, and I will see the birds, the squirrels and the monkeys playing.",Dec 04 output,,19.794480521463925,5.356850921756573,4.5681655960028555
"Then he asked God, “Why not let Ishmael inherit what you have promised me?”",Eye Abraham gblɔ na Mawu bena: Ismael netsi agbe na wò ko! Mawu ɖo Isak ŋugbe na Abraham.,"And Abraham said to God: ""But Ishmael will also be your heir!"" God said to Abraham, ""No, Isaac will be your heir.""",Dec 04 output,,19.839341496084696,5.356850921756573,4.5681655960028555
"she exclaimed, “God has given me a wonderful gift, and my husband will praise me for giving him six sons.” So she named the boy Zebulun.","Tete Lea gblɔ bena Mawu na nu nyuia ɖem, azɔ srɔ̃nye abum, elabena medzi ŋutsuvi ade nɛ. Eyata wòna ŋkɔe be Zebulon.",Tete Lea was a good man who served God faithfully. He was a strong man and a skilled hunter. He was also a wise man and a good leader. His name was Zebulon.,Dec 04 output,,21.38498067600493,5.356850921756573,4.5681655960028555
But you have promised that I would be a success and that someday it will be as hard to count my descendants as it is to count the grains of sand along the seashore.,"Meɖe kuku, ɖem tso nɔvinye si me, tso Esau si me; elabena mele evɔ̃m be, ava dze dzinye, eye wòaɖe zi dadawo kple viwo dome.","My father, the one who gave me birth, is Esau; and my mother, she is the one who gave me birth, and she is the one who gave birth to Esau. She said to me, ""You will be strong, and you will be a leader of men, and you will be a ruler of nations.""",Dec 04 output,,23.2977051493549,5.356850921756573,4.5681655960028555
So God created humans to be like himself; he made men and women.,"Eye Mawu wɔ ame ɖe ye ŋutɔ ƒe nɔnɔme, Mawu ƒe nɔnɔme nue wòwɔe ɖo; ŋutsu kple nyɔnu wòwɔ.","God created the heavens and the earth, and everything in them. God created man and woman.",gerhardt_676E558A_output (6),,32.80401632077969,5.356850921756573,4.5681655960028555
"But I solemnly promise that you, your wife, your sons, and your daughters-in-law will be kept safe in the boat.","Ke mabia nu kpli wò bena, nayi ɖe aɖakaʋu la me, wò ŋutɔ, viwòŋutsuwo kple srɔ̃wò hekpe ɖe viwòŋutsuawo srɔ̃wo ŋu.","When the rain falls and it becomes heavy, I will take my umbrella and go out, because the rain is strong, and it will wet my clothes and my hair.",gerhardt_676E558A_output (6),,20.764375129547627,5.356850921756573,4.5681655960028555
"Then he asked God, “Why not let Ishmael inherit what you have promised me?”",Eye Abraham gblɔ na Mawu bena: Ismael netsi agbe na wò ko! Mawu ɖo Isak ŋugbe na Abraham.,"And Abraham said to God: ""But Ishmael will also be your heir!"" God said to Abraham, ""No, Isaac will be your heir.""",gerhardt_676E558A_output (6),,19.839341496084696,5.356850921756573,4.5681655960028555
"she exclaimed, “God has given me a wonderful gift, and my husband will praise me for giving him six sons.” So she named the boy Zebulun.","Tete Lea gblɔ bena Mawu na nu nyuia ɖem, azɔ srɔ̃nye abum, elabena medzi ŋutsuvi ade nɛ. Eyata wòna ŋkɔe be Zebulon.",Tete Lea was a good man who served God faithfully. He was a strong man and a skilled hunter. His name was changed to Zebulon.,gerhardt_676E558A_output (6),,20.89915461829905,5.356850921756573,4.5681655960028555
But you have promised that I would be a success and that someday it will be as hard to count my descendants as it is to count the grains of sand along the seashore.,"Meɖe kuku, ɖem tso nɔvinye si me, tso Esau si me; elabena mele evɔ̃m be, ava dze dzinye, eye wòaɖe zi dadawo kple viwo dome.","I am a man, and I am a descendant of Jacob, who is my father; and I have heard that you have taken my brother Esau by force, and you have stolen his birthright.",gerhardt_676E558A_output (6),,26.469960474650478,5.356850921756573,4.5681655960028555
So God created humans to be like himself; he made men and women.,"Eye Mawu wɔ ame ɖe ye ŋutɔ ƒe nɔnɔme, Mawu ƒe nɔnɔme nue wòwɔe ɖo; ŋutsu kple nyɔnu wòwɔ.","God created the world and everything in it, God's creation is good; the world and everything in it are good.",gerhardt_107423D8_output (9),,24.370387358202912,5.356850921756573,4.5681655960028555
"But I solemnly promise that you, your wife, your sons, and your daughters-in-law will be kept safe in the boat.","Ke mabia nu kpli wò bena, nayi ɖe aɖakaʋu la me, wò ŋutɔ, viwòŋutsuwo kple srɔ̃wò hekpe ɖe viwòŋutsuawo srɔ̃wo ŋu.","When a person is sick, it is good to take care of them, so they can recover, and their strength and health will return.",gerhardt_107423D8_output (9),,18.595207298314776,5.356850921756573,4.5681655960028555
"Then he asked God, “Why not let Ishmael inherit what you have promised me?”",Eye Abraham gblɔ na Mawu bena: Ismael netsi agbe na wò ko! Mawu ɖo Isak ŋugbe na Abraham.,"And Abraham said to God: ""But Ishmael will also be your heir!"" God said to Abraham: ""No, Isaac will be your heir.""",gerhardt_107423D8_output (9),,19.839341496084696,5.356850921756573,4.5681655960028555
"she exclaimed, “God has given me a wonderful gift, and my husband will praise me for giving him six sons.” So she named the boy Zebulun.","Tete Lea gblɔ bena Mawu na nu nyuia ɖem, azɔ srɔ̃nye abum, elabena medzi ŋutsuvi ade nɛ. Eyata wòna ŋkɔe be Zebulon.","Tete Lea was a good man who served God faithfully, and he became very wealthy. He had many children and grandchildren.",gerhardt_107423D8_output (9),,18.838181505723643,5.356850921756573,4.5681655960028555
But you have promised that I would be a success and that someday it will be as hard to count my descendants as it is to count the grains of sand along the seashore.,"Meɖe kuku, ɖem tso nɔvinye si me, tso Esau si me; elabena mele evɔ̃m be, ava dze dzinye, eye wòaɖe zi dadawo kple viwo dome.","Look, my brother, this is what happened to me, this is what Esau did to me; he has taken away my birthright, and now he wants to take my blessing too.",gerhardt_107423D8_output (9),,19.480058111901013,5.356850921756573,4.5681655960028555
So God created humans to be like himself; he made men and women.,"Eye Mawu wɔ ame ɖe ye ŋutɔ ƒe nɔnɔme, Mawu ƒe nɔnɔme nue wòwɔe ɖo; ŋutsu kple nyɔnu wòwɔ.","God created all things, and everything God created is good; and everything was made beautiful.",gerhardt_E4F773B6_output (3),,27.506094375909218,5.356850921756573,4.5681655960028555
"But I solemnly promise that you, your wife, your sons, and your daughters-in-law will be kept safe in the boat.","Ke mabia nu kpli wò bena, nayi ɖe aɖakaʋu la me, wò ŋutɔ, viwòŋutsuwo kple srɔ̃wò hekpe ɖe viwòŋutsuawo srɔ̃wo ŋu.","When a child is born, they are given a name, and they grow up, they learn the customs and traditions of their people.",gerhardt_E4F773B6_output (3),,17.527855300894444,5.356850921756573,4.5681655960028555
"Then he asked God, “Why not let Ishmael inherit what you have promised me?”",Eye Abraham gblɔ na Mawu bena: Ismael netsi agbe na wò ko! Mawu ɖo Isak ŋugbe na Abraham.,"And Abraham said to God: ""But Ishmael will also be your heir!"" God said to Abraham, ""No, Isaac will be your heir.""",gerhardt_E4F773B6_output (3),,19.839341496084696,5.356850921756573,4.5681655960028555
"she exclaimed, “God has given me a wonderful gift, and my husband will praise me for giving him six sons.” So she named the boy Zebulun.","Tete Lea gblɔ bena Mawu na nu nyuia ɖem, azɔ srɔ̃nye abum, elabena medzi ŋutsuvi ade nɛ. Eyata wòna ŋkɔe be Zebulon.",Tete Lea was a good man who served God faithfully. He was a skilled hunter and a brave warrior. His name was changed to Zebulon.,gerhardt_E4F773B6_output (3),,20.785567016573015,5.356850921756573,4.5681655960028555
But you have promised that I would be a success and that someday it will be as hard to count my descendants as it is to count the grains of sand along the seashore.,"Meɖe kuku, ɖem tso nɔvinye si me, tso Esau si me; elabena mele evɔ̃m be, ava dze dzinye, eye wòaɖe zi dadawo kple viwo dome.","I am a man, and my name is Jacob, the same as my brother Esau; but my mother loved me more than him, and she gave me two goats and ten loaves of bread.",gerhardt_E4F773B6_output (3),,20.600009010010428,5.356850921756573,4.5681655960028555
So God created humans to be like himself; he made men and women.,"Eye Mawu wɔ ame ɖe ye ŋutɔ ƒe nɔnɔme, Mawu ƒe nɔnɔme nue wòwɔe ɖo; ŋutsu kple nyɔnu wòwɔ.","God created the world and everything in it, God's creation is good; the world and everything in it are good.",john_B0DBB2CB_output (4),,24.370387358202912,5.356850921756573,4.5681655960028555
"But I solemnly promise that you, your wife, your sons, and your daughters-in-law will be kept safe in the boat.","Ke mabia nu kpli wò bena, nayi ɖe aɖakaʋu la me, wò ŋutɔ, viwòŋutsuwo kple srɔ̃wò hekpe ɖe viwòŋutsuawo srɔ̃wo ŋu.","When the rain falls and it is heavy, I will stay at home, because I am afraid of thunder and lightning.",john_B0DBB2CB_output (4),,17.454308904883646,5.356850921756573,4.5681655960028555
"Then he asked God, “Why not let Ishmael inherit what you have promised me?”",Eye Abraham gblɔ na Mawu bena: Ismael netsi agbe na wò ko! Mawu ɖo Isak ŋugbe na Abraham.,"And Abraham said to God: ""But Ishmael will also be your heir!"" God said to Abraham, ""No, Isaac will be your heir.""",john_B0DBB2CB_output (4),,19.839341496084696,5.356850921756573,4.5681655960028555
"she exclaimed, “God has given me a wonderful gift, and my husband will praise me for giving him six sons.” So she named the boy Zebulun.","Tete Lea gblɔ bena Mawu na nu nyuia ɖem, azɔ srɔ̃nye abum, elabena medzi ŋutsuvi ade nɛ. Eyata wòna ŋkɔe be Zebulon.","Tete Lea was a good man who served God faithfully. He was a strong man, and he was known for his wisdom. His name was Zebulon.",john_B0DBB2CB_output (4),,20.59767182852194,5.356850921756573,4.5681655960028555
But you have promised that I would be a success and that someday it will be as hard to count my descendants as it is to count the grains of sand along the seashore.,"Meɖe kuku, ɖem tso nɔvinye si me, tso Esau si me; elabena mele evɔ̃m be, ava dze dzinye, eye wòaɖe zi dadawo kple viwo dome.","My father, I have a problem, it is Esau my brother; he has threatened to kill me, and now I am afraid, because he is planning to kill me tomorrow.",john_B0DBB2CB_output (4),,19.838776303645396,5.356850921756573,4.5681655960028555
So God created humans to be like himself; he made men and women.,"Eye Mawu wɔ ame ɖe ye ŋutɔ ƒe nɔnɔme, Mawu ƒe nɔnɔme nue wòwɔe ɖo; ŋutsu kple nyɔnu wòwɔ.","God created the world and everything in it, God's creation is good; the world and everything in it are good.",gerhardt_E32D1C1E_output_mzX2S5,,24.370387358202912,5.356850921756573,4.5681655960028555
"But I solemnly promise that you, your wife, your sons, and your daughters-in-law will be kept safe in the boat.","Ke mabia nu kpli wò bena, nayi ɖe aɖakaʋu la me, wò ŋutɔ, viwòŋutsuwo kple srɔ̃wò hekpe ɖe viwòŋutsuawo srɔ̃wo ŋu.","When the rain falls heavily, I will take my umbrella and go, because I don't want to get wet, and I don't want my clothes to get dirty.",gerhardt_E32D1C1E_output_mzX2S5,,18.287804915763168,5.356850921756573,4.5681655960028555
"Then he asked God, “Why not let Ishmael inherit what you have promised me?”",Eye Abraham gblɔ na Mawu bena: Ismael netsi agbe na wò ko! Mawu ɖo Isak ŋugbe na Abraham.,"And Abraham said to God: ""But Ishmael will also be your heir!"" God said to Abraham: ""No, but Isaac will be your heir.""",gerhardt_E32D1C1E_output_mzX2S5,,19.90599795031252,5.356850921756573,4.5681655960028555
"she exclaimed, “God has given me a wonderful gift, and my husband will praise me for giving him six sons.” So she named the boy Zebulun.","Tete Lea gblɔ bena Mawu na nu nyuia ɖem, azɔ srɔ̃nye abum, elabena medzi ŋutsuvi ade nɛ. Eyata wòna ŋkɔe be Zebulon.",Tete Lea was a good man who served God faithfully. He was a skilled hunter and a provider for his family. His name was changed to Zebulon.,gerhardt_E32D1C1E_output_mzX2S5,,23.05350389517062,5.356850921756573,4.5681655960028555
But you have promised that I would be a success and that someday it will be as hard to count my descendants as it is to count the grains of sand along the seashore.,"Meɖe kuku, ɖem tso nɔvinye si me, tso Esau si me; elabena mele evɔ̃m be, ava dze dzinye, eye wòaɖe zi dadawo kple viwo dome.","I am a man, and my name is Jacob, the same as my brother Esau. But my mother loved me more than him, and she helped me to deceive my father, and I took his blessing.",gerhardt_E32D1C1E_output_mzX2S5,,19.94562496439302,5.356850921756573,4.5681655960028555
So God created humans to be like himself; he made men and women.,"Eye Mawu wɔ ame ɖe ye ŋutɔ ƒe nɔnɔme, Mawu ƒe nɔnɔme nue wòwɔe ɖo; ŋutsu kple nyɔnu wòwɔ.","God created the world and everything in it, God's creation is good; the world and everything in it are good.",gerhardt_145C11AE_output (2),,24.370387358202912,5.356850921756573,4.5681655960028555
"But I solemnly promise that you, your wife, your sons, and your daughters-in-law will be kept safe in the boat.","Ke mabia nu kpli wò bena, nayi ɖe aɖakaʋu la me, wò ŋutɔ, viwòŋutsuwo kple srɔ̃wò hekpe ɖe viwòŋutsuawo srɔ̃wo ŋu.","When a child is born, it is the mother who knows best how to care for it. She understands its cries, its needs and its wants.",gerhardt_145C11AE_output (2),,15.537729653499003,5.356850921756573,4.5681655960028555
"Then he asked God, “Why not let Ishmael inherit what you have promised me?”",Eye Abraham gblɔ na Mawu bena: Ismael netsi agbe na wò ko! Mawu ɖo Isak ŋugbe na Abraham.,"Then Abraham said to God: ""But Ishmael will also be your heir!"" God said to Abraham, ""No, but Isaac will be your heir.""",gerhardt_145C11AE_output (2),,22.057439989038876,5.356850921756573,4.5681655960028555
"she exclaimed, “God has given me a wonderful gift, and my husband will praise me for giving him six sons.” So she named the boy Zebulun.","Tete Lea gblɔ bena Mawu na nu nyuia ɖem, azɔ srɔ̃nye abum, elabena medzi ŋutsuvi ade nɛ. Eyata wòna ŋkɔe be Zebulon.","Tete Lea gave birth to a son named Mawu, and he became a great hunter, a skilled archer, and a brave warrior. He was called Zebulon.",gerhardt_145C11AE_output (2),,19.627354142272864,5.356850921756573,4.5681655960028555
But you have promised that I would be a success and that someday it will be as hard to count my descendants as it is to count the grains of sand along the seashore.,"Meɖe kuku, ɖem tso nɔvinye si me, tso Esau si me; elabena mele evɔ̃m be, ava dze dzinye, eye wòaɖe zi dadawo kple viwo dome.","Look, these are my children, these are my sons; I have given them a good inheritance, a land flowing with milk and honey.",gerhardt_145C11AE_output (2),,19.08580323746344,5.356850921756573,4.5681655960028555
So God created humans to be like himself; he made men and women.,"Eye Mawu wɔ ame ɖe ye ŋutɔ ƒe nɔnɔme, Mawu ƒe nɔnɔme nue wòwɔe ɖo; ŋutsu kple nyɔnu wòwɔ.","God created man and woman in his own image, God created them male and female. God blessed them and said to them, ""Be fruitful and multiply.""",gerhardt_087BEB88_output_loRIsq,,31.13485517191784,5.356850921756573,4.5681655960028555
"But I solemnly promise that you, your wife, your sons, and your daughters-in-law will be kept safe in the boat.","Ke mabia nu kpli wò bena, nayi ɖe aɖakaʋu la me, wò ŋutɔ, viwòŋutsuwo kple srɔ̃wò hekpe ɖe viwòŋutsuawo srɔ̃wo ŋu.","When a person is born, they are given a name, and they grow up, they learn their customs and traditions from their elders.",gerhardt_087BEB88_output_loRIsq,,18.78964290836736,5.356850921756573,4.5681655960028555
"Then he asked God, “Why not let Ishmael inherit what you have promised me?”",Eye Abraham gblɔ na Mawu bena: Ismael netsi agbe na wò ko! Mawu ɖo Isak ŋugbe na Abraham.,"And Abraham said to God: ""But Ishmael will also be your heir!"" God said to Abraham, ""No, Isaac will be your heir.""",gerhardt_087BEB88_output_loRIsq,,19.839341496084696,5.356850921756573,4.5681655960028555
"she exclaimed, “God has given me a wonderful gift, and my husband will praise me for giving him six sons.” So she named the boy Zebulun.","Tete Lea gblɔ bena Mawu na nu nyuia ɖem, azɔ srɔ̃nye abum, elabena medzi ŋutsuvi ade nɛ. Eyata wòna ŋkɔe be Zebulon.",Tete Lea was a good man who served God faithfully. He was a skilled hunter and a brave warrior. His name was changed to Zebulon.,gerhardt_087BEB88_output_loRIsq,,20.785567016573015,5.356850921756573,4.5681655960028555
But you have promised that I would be a success and that someday it will be as hard to count my descendants as it is to count the grains of sand along the seashore.,"Meɖe kuku, ɖem tso nɔvinye si me, tso Esau si me; elabena mele evɔ̃m be, ava dze dzinye, eye wòaɖe zi dadawo kple viwo dome.","My father, I have come to you, I am Esau your son; I have heard that you have a blessing, and I have come to receive it before my brother.",gerhardt_087BEB88_output_loRIsq,,21.871482727704937,5.356850921756573,4.5681655960028555
So God created humans to be like himself; he made men and women.,"Eye Mawu wɔ ame ɖe ye ŋutɔ ƒe nɔnɔme, Mawu ƒe nɔnɔme nue wòwɔe ɖo; ŋutsu kple nyɔnu wòwɔ.","God created the world and everything in it, God's creation is good; the world and everything in it are good.",john_C904F397_output (2),,24.370387358202912,5.356850921756573,4.5681655960028555
"But I solemnly promise that you, your wife, your sons, and your daughters-in-law will be kept safe in the boat.","Ke mabia nu kpli wò bena, nayi ɖe aɖakaʋu la me, wò ŋutɔ, viwòŋutsuwo kple srɔ̃wò hekpe ɖe viwòŋutsuawo srɔ̃wo ŋu.","When a child is born, the mother is happy, and the father is also happy. The child's relatives and friends are also happy for the new baby.",john_C904F397_output (2),,16.161639442155344,5.356850921756573,4.5681655960028555
"Then he asked God, “Why not let Ishmael inherit what you have promised me?”",Eye Abraham gblɔ na Mawu bena: Ismael netsi agbe na wò ko! Mawu ɖo Isak ŋugbe na Abraham.,"And Abraham said to God: ""But Ishmael will also be your heir!"" God said to Abraham, ""No, but Isaac will be your heir.""",john_C904F397_output (2),,19.90599795031252,5.356850921756573,4.5681655960028555
"she exclaimed, “God has given me a wonderful gift, and my husband will praise me for giving him six sons.” So she named the boy Zebulun.","Tete Lea gblɔ bena Mawu na nu nyuia ɖem, azɔ srɔ̃nye abum, elabena medzi ŋutsuvi ade nɛ. Eyata wòna ŋkɔe be Zebulon.","Tete Lea was a good man who served God faithfully. He was a strong and brave warrior, and he was a wise leader. His name was changed to Zebulon.",john_C904F397_output (2),,21.842270122656895,5.356850921756573,4.5681655960028555
But you have promised that I would be a success and that someday it will be as hard to count my descendants as it is to count the grains of sand along the seashore.,"Meɖe kuku, ɖem tso nɔvinye si me, tso Esau si me; elabena mele evɔ̃m be, ava dze dzinye, eye wòaɖe zi dadawo kple viwo dome.","I am a man, and my name is Jacob, the same as my brother Esau; but I was born holding onto his heel, and when I grew up, I took his birthright and his blessing.",john_C904F397_output (2),,18.90694926934586,5.356850921756573,4.5681655960028555
So God created humans to be like himself; he made men and women.,"Eye Mawu wɔ ame ɖe ye ŋutɔ ƒe nɔnɔme, Mawu ƒe nɔnɔme nue wòwɔe ɖo; ŋutsu kple nyɔnu wòwɔ.","God created the world and everything in it, and God saw that it was good; and there was evening and morning.",onesimus_E33AE420_Dec 11 output,,25.02729053533807,5.356850921756573,4.5681655960028555
"But I solemnly promise that you, your wife, your sons, and your daughters-in-law will be kept safe in the boat.","Ke mabia nu kpli wò bena, nayi ɖe aɖakaʋu la me, wò ŋutɔ, viwòŋutsuwo kple srɔ̃wò hekpe ɖe viwòŋutsuawo srɔ̃wo ŋu.","When the rain falls heavily, I will stay at home, because I am afraid of thunder, lightning and the strong wind.",onesimus_E33AE420_Dec 11 output,,18.564397525071684,5.356850921756573,4.5681655960028555
"Then he asked God, “Why not let Ishmael inherit what you have promised me?”",Eye Abraham gblɔ na Mawu bena: Ismael netsi agbe na wò ko! Mawu ɖo Isak ŋugbe na Abraham.,"Then Abraham said to God: ""But Ishmael will also be your heir!"" God said to Abraham, ""No, but Isaac will be your heir.""",onesimus_E33AE420_Dec 11 output,,22.057439989038876,5.356850921756573,4.5681655960028555
"she exclaimed, “God has given me a wonderful gift, and my husband will praise me for giving him six sons.” So she named the boy Zebulun.","Tete Lea gblɔ bena Mawu na nu nyuia ɖem, azɔ srɔ̃nye abum, elabena medzi ŋutsuvi ade nɛ. Eyata wòna ŋkɔe be Zebulon.","Tete Lea was a good man who served God faithfully. He was a strong and brave man, and he was known for his wisdom. His name was Zebulon.",onesimus_E33AE420_Dec 11 output,,21.51056813111873,5.356850921756573,4.5681655960028555
But you have promised that I would be a success and that someday it will be as hard to count my descendants as it is to count the grains of sand along the seashore.,"Meɖe kuku, ɖem tso nɔvinye si me, tso Esau si me; elabena mele evɔ̃m be, ava dze dzinye, eye wòaɖe zi dadawo kple viwo dome.","My father, the one who gave birth to me, is Esau, my father; because he loved me, he gave me a blessing, and he said, ""May you be great and have many children.""",onesimus_E33AE420_Dec 11 output,,19.62952542678495,5.356850921756573,4.5681655960028555
So God created humans to be like himself; he made men and women.,"Eye Mawu wɔ ame ɖe ye ŋutɔ ƒe nɔnɔme, Mawu ƒe nɔnɔme nue wòwɔe ɖo; ŋutsu kple nyɔnu wòwɔ.","God created the heavens and the earth, and everything in them. God created everything that exists. All things were created by God.",onesimus_48E85B7F_Dec 09 output,,24.1408411323104,5.356850921756573,4.5681655960028555
"But I solemnly promise that you, your wife, your sons, and your daughters-in-law will be kept safe in the boat.","Ke mabia nu kpli wò bena, nayi ɖe aɖakaʋu la me, wò ŋutɔ, viwòŋutsuwo kple srɔ̃wò hekpe ɖe viwòŋutsuawo srɔ̃wo ŋu.","When the rain falls heavily, it washes away the soil, and the soil, when it dries up, becomes hard, and the plants and trees that grow on it become weak.",onesimus_48E85B7F_Dec 09 output,,19.225373027226063,5.356850921756573,4.5681655960028555
"Then he asked God, “Why not let Ishmael inherit what you have promised me?”",Eye Abraham gblɔ na Mawu bena: Ismael netsi agbe na wò ko! Mawu ɖo Isak ŋugbe na Abraham.,"And Abraham said to God: ""But Ishmael will also be your heir!"" God said to Abraham, ""No, Isaac will be your heir.""",onesimus_48E85B7F_Dec 09 output,,19.839341496084696,5.356850921756573,4.5681655960028555
"she exclaimed, “God has given me a wonderful gift, and my husband will praise me for giving him six sons.” So she named the boy Zebulun.","Tete Lea gblɔ bena Mawu na nu nyuia ɖem, azɔ srɔ̃nye abum, elabena medzi ŋutsuvi ade nɛ. Eyata wòna ŋkɔe be Zebulon.",Tete Lea was a good man who served God faithfully. He was a strong man and a good farmer. His name was changed to Zebulon.,onesimus_48E85B7F_Dec 09 output,,19.624473562635693,5.356850921756573,4.5681655960028555
But you have promised that I would be a success and that someday it will be as hard to count my descendants as it is to count the grains of sand along the seashore.,"Meɖe kuku, ɖem tso nɔvinye si me, tso Esau si me; elabena mele evɔ̃m be, ava dze dzinye, eye wòaɖe zi dadawo kple viwo dome.","Look, I am a man of war, a man of violence, like Esau my brother; I am a skilled hunter, a man of the field, and I have hunted wild animals and birds.",onesimus_48E85B7F_Dec 09 output,,17.979290418049025,5.356850921756573,4.5681655960028555
So God created humans to be like himself; he made men and women.,"Eye Mawu wɔ ame ɖe ye ŋutɔ ƒe nɔnɔme, Mawu ƒe nɔnɔme nue wòwɔe ɖo; ŋutsu kple nyɔnu wòwɔ.","God created man and woman in his own image, God created them male and female. God blessed them and said to them, “Be fruitful and multiply.”",Dec 01 output,,31.13485517191784,5.356850921756573,4.5681655960028555
"But I solemnly promise that you, your wife, your sons, and your daughters-in-law will be kept safe in the boat.","Ke mabia nu kpli wò bena, nayi ɖe aɖakaʋu la me, wò ŋutɔ, viwòŋutsuwo kple srɔ̃wò hekpe ɖe viwòŋutsuawo srɔ̃wo ŋu.","When the rain falls and it is heavy, I will take my umbrella and go, because it is raining, and the water and mud are everywhere.",Dec 01 output,,18.806085126563783,5.356850921756573,4.5681655960028555
"Then he asked God, “Why not let Ishmael inherit what you have promised me?”",Eye Abraham gblɔ na Mawu bena: Ismael netsi agbe na wò ko! Mawu ɖo Isak ŋugbe na Abraham.,"And Abraham said to God: ""But Ishmael will also be your heir!"" God said to Abraham: ""No, Isaac will be your heir.""",Dec 01 output,,19.839341496084696,5.356850921756573,4.5681655960028555
"she exclaimed, “God has given me a wonderful gift, and my husband will praise me for giving him six sons.” So she named the boy Zebulun.","Tete Lea gblɔ bena Mawu na nu nyuia ɖem, azɔ srɔ̃nye abum, elabena medzi ŋutsuvi ade nɛ. Eyata wòna ŋkɔe be Zebulon.",Tete Lea was a good man who served God faithfully. He was a skilled hunter and a provider for his family. His name was changed to Zebulon.,Dec 01 output,,23.05350389517062,5.356850921756573,4.5681655960028555
But you have promised that I would be a success and that someday it will be as hard to count my descendants as it is to count the grains of sand along the seashore.,"Meɖe kuku, ɖem tso nɔvinye si me, tso Esau si me; elabena mele evɔ̃m be, ava dze dzinye, eye wòaɖe zi dadawo kple viwo dome.","I am a man, and my name is Jacob, the same as my brother Esau. I was born holding onto his heel, and when I was born, I was already cunning, and I took the birthright from my brother.",Dec 01 output,,19.364784263624944,5.356850921756573,4.5681655960028555
So God created humans to be like himself; he made men and women.,"Eye Mawu wɔ ame ɖe ye ŋutɔ ƒe nɔnɔme, Mawu ƒe nɔnɔme nue wòwɔe ɖo; ŋutsu kple nyɔnu wòwɔ.","God created the world and everything in it, God's creation is good; the world and everything in it are good.",gerhardt_80805CFE_output_7z6RFo,,24.370387358202912,5.356850921756573,4.5681655960028555
"But I solemnly promise that you, your wife, your sons, and your daughters-in-law will be kept safe in the boat.","Ke mabia nu kpli wò bena, nayi ɖe aɖakaʋu la me, wò ŋutɔ, viwòŋutsuwo kple srɔ̃wò hekpe ɖe viwòŋutsuawo srɔ̃wo ŋu.","When the child is born, the mother will be happy, and she will take care of the child, bathe the child, and dress the child.",gerhardt_80805CFE_output_7z6RFo,,18.833194460485387,5.356850921756573,4.5681655960028555
"Then he asked God, “Why not let Ishmael inherit what you have promised me?”",Eye Abraham gblɔ na Mawu bena: Ismael netsi agbe na wò ko! Mawu ɖo Isak ŋugbe na Abraham.,"And Abraham said to God: ""But Ishmael will also be your heir!"" God said to Abraham, ""No, Isaac will be your heir.""",gerhardt_80805CFE_output_7z6RFo,,19.839341496084696,5.356850921756573,4.5681655960028555
"she exclaimed, “God has given me a wonderful gift, and my husband will praise me for giving him six sons.” So she named the boy Zebulun.","Tete Lea gblɔ bena Mawu na nu nyuia ɖem, azɔ srɔ̃nye abum, elabena medzi ŋutsuvi ade nɛ. Eyata wòna ŋkɔe be Zebulon.",Tete Lea was a good man who served God faithfully. He was a skilled farmer and a generous man. His name was changed to Zebulon.,gerhardt_80805CFE_output_7z6RFo,,20.974701280750267,5.356850921756573,4.5681655960028555
But you have promised that I would be a success and that someday it will be as hard to count my descendants as it is to count the grains of sand along the seashore.,"Meɖe kuku, ɖem tso nɔvinye si me, tso Esau si me; elabena mele evɔ̃m be, ava dze dzinye, eye wòaɖe zi dadawo kple viwo dome.","Look, I am Jacob, your brother, Esau's brother; I have brought you a gift, please accept it, take some of it and bless me.",gerhardt_80805CFE_output_7z6RFo,,17.59997491374645,5.356850921756573,4.5681655960028555
So God created humans to be like himself; he made men and women.,"Eye Mawu wɔ ame ɖe ye ŋutɔ ƒe nɔnɔme, Mawu ƒe nɔnɔme nue wòwɔe ɖo; ŋutsu kple nyɔnu wòwɔ.",,output_JA-3,,,5.356850921756573,4.5681655960028555
"But I solemnly promise that you, your wife, your sons, and your daughters-in-law will be kept safe in the boat.","Ke mabia nu kpli wò bena, nayi ɖe aɖakaʋu la me, wò ŋutɔ, viwòŋutsuwo kple srɔ̃wò hekpe ɖe viwòŋutsuawo srɔ̃wo ŋu.",,output_JA-3,,,5.356850921756573,4.5681655960028555
"Then he asked God, “Why not let Ishmael inherit what you have promised me?”",Eye Abraham gblɔ na Mawu bena: Ismael netsi agbe na wò ko! Mawu ɖo Isak ŋugbe na Abraham.,,output_JA-3,,,5.356850921756573,4.5681655960028555
"she exclaimed, “God has given me a wonderful gift, and my husband will praise me for giving him six sons.” So she named the boy Zebulun.","Tete Lea gblɔ bena Mawu na nu nyuia ɖem, azɔ srɔ̃nye abum, elabena medzi ŋutsuvi ade nɛ. Eyata wòna ŋkɔe be Zebulon.",,output_JA-3,,,5.356850921756573,4.5681655960028555
But you have promised that I would be a success and that someday it will be as hard to count my descendants as it is to count the grains of sand along the seashore.,"Meɖe kuku, ɖem tso nɔvinye si me, tso Esau si me; elabena mele evɔ̃m be, ava dze dzinye, eye wòaɖe zi dadawo kple viwo dome.",,output_JA-3,,,5.356850921756573,4.5681655960028555
So God created humans to be like himself; he made men and women.,"Eye Mawu wɔ ame ɖe ye ŋutɔ ƒe nɔnɔme, Mawu ƒe nɔnɔme nue wòwɔe ɖo; ŋutsu kple nyɔnu wòwɔ.","God created the heavens and the earth, and everything in them. God created man in his own image; male and female he created them.",Dec 06 output,,27.06060359560063,5.356850921756573,4.5681655960028555
"But I solemnly promise that you, your wife, your sons, and your daughters-in-law will be kept safe in the boat.","Ke mabia nu kpli wò bena, nayi ɖe aɖakaʋu la me, wò ŋutɔ, viwòŋutsuwo kple srɔ̃wò hekpe ɖe viwòŋutsuawo srɔ̃wo ŋu.","When a person is sick, I will go and visit them, and I will comfort them, and I will give them food and medicine.",Dec 06 output,,17.92835910999989,5.356850921756573,4.5681655960028555
"Then he asked God, “Why not let Ishmael inherit what you have promised me?”",Eye Abraham gblɔ na Mawu bena: Ismael netsi agbe na wò ko! Mawu ɖo Isak ŋugbe na Abraham.,"And Abraham said to God: ""But Ishmael will also be your heir!"" God said to Abraham, ""No, Isaac will be your heir.""",Dec 06 output,,19.839341496084696,5.356850921756573,4.5681655960028555
"she exclaimed, “God has given me a wonderful gift, and my husband will praise me for giving him six sons.” So she named the boy Zebulun.","Tete Lea gblɔ bena Mawu na nu nyuia ɖem, azɔ srɔ̃nye abum, elabena medzi ŋutsuvi ade nɛ. Eyata wòna ŋkɔe be Zebulon.","Tete Lea was a good man who served God faithfully. He was a strong and brave warrior, and he was a good leader to his people. His name was Zebulon.",Dec 06 output,,21.01335637908734,5.356850921756573,4.5681655960028555
But you have promised that I would be a success and that someday it will be as hard to count my descendants as it is to count the grains of sand along the seashore.,"Meɖe kuku, ɖem tso nɔvinye si me, tso Esau si me; elabena mele evɔ̃m be, ava dze dzinye, eye wòaɖe zi dadawo kple viwo dome.","I am a man, and I am a descendant of Jacob, who is also my ancestor; but my brother is Esau, who is my brother. He was born before me, and he is the firstborn son.",Dec 06 output,,23.28703747195582,5.356850921756573,4.5681655960028555
So God created humans to be like himself; he made men and women.,"Eye Mawu wɔ ame ɖe ye ŋutɔ ƒe nɔnɔme, Mawu ƒe nɔnɔme nue wòwɔe ɖo; ŋutsu kple nyɔnu wòwɔ.","God created the world and everything in it, God's creation is good; the world and everything in it are good.",onesimus_C6D92021_Dec 02 output,,24.370387358202912,5.356850921756573,4.5681655960028555
"But I solemnly promise that you, your wife, your sons, and your daughters-in-law will be kept safe in the boat.","Ke mabia nu kpli wò bena, nayi ɖe aɖakaʋu la me, wò ŋutɔ, viwòŋutsuwo kple srɔ̃wò hekpe ɖe viwòŋutsuawo srɔ̃wo ŋu.","When the rain falls heavily, it is a sign that the harvest will be good, so we should be happy, because the crops will grow well and we will have plenty of food to eat.",onesimus_C6D92021_Dec 02 output,,22.230537321830386,5.356850921756573,4.5681655960028555
"Then he asked God, “Why not let Ishmael inherit what you have promised me?”",Eye Abraham gblɔ na Mawu bena: Ismael netsi agbe na wò ko! Mawu ɖo Isak ŋugbe na Abraham.,"And Abraham said to God: ""But Ishmael will also be your heir!"" God said to Abraham, ""No, Isaac will be your heir.""",onesimus_C6D92021_Dec 02 output,,19.839341496084696,5.356850921756573,4.5681655960028555
"she exclaimed, “God has given me a wonderful gift, and my husband will praise me for giving him six sons.” So she named the boy Zebulun.","Tete Lea gblɔ bena Mawu na nu nyuia ɖem, azɔ srɔ̃nye abum, elabena medzi ŋutsuvi ade nɛ. Eyata wòna ŋkɔe be Zebulon.","Tete Lea was a good man who served God faithfully, and he became very wealthy. He had many children and grandchildren.",onesimus_C6D92021_Dec 02 output,,18.838181505723643,5.356850921756573,4.5681655960028555
But you have promised that I would be a success and that someday it will be as hard to count my descendants as it is to count the grains of sand along the seashore.,"Meɖe kuku, ɖem tso nɔvinye si me, tso Esau si me; elabena mele evɔ̃m be, ava dze dzinye, eye wòaɖe zi dadawo kple viwo dome.","Look, my brother, this is the reason why I am like this, like Esau my brother; because I was born first, but he came out first, and he took all the rights and privileges.",onesimus_C6D92021_Dec 02 output,,19.092708632852823,5.356850921756573,4.5681655960028555
So God created humans to be like himself; he made men and women.,"Eye Mawu wɔ ame ɖe ye ŋutɔ ƒe nɔnɔme, Mawu ƒe nɔnɔme nue wòwɔe ɖo; ŋutsu kple nyɔnu wòwɔ.","God created the world and everything in it, God's creation is good; the world and everything in it are good.",Jan output 1 ,,24.370387358202912,5.356850921756573,4.5681655960028555
"But I solemnly promise that you, your wife, your sons, and your daughters-in-law will be kept safe in the boat.","Ke mabia nu kpli wò bena, nayi ɖe aɖakaʋu la me, wò ŋutɔ, viwòŋutsuwo kple srɔ̃wò hekpe ɖe viwòŋutsuawo srɔ̃wo ŋu.","If you don't have money to buy food, come and I will give you some. You will eat, and you will be satisfied. You will also have enough to share with others.",Jan output 1 ,,25.74940138926886,5.356850921756573,4.5681655960028555
"Then he asked God, “Why not let Ishmael inherit what you have promised me?”",Eye Abraham gblɔ na Mawu bena: Ismael netsi agbe na wò ko! Mawu ɖo Isak ŋugbe na Abraham.,"Then Abraham said to God: ""But Ishmael will also be your heir!"" God said to Abraham, ""No, but Isaac will be your heir.""",Jan output 1 ,,22.057439989038876,5.356850921756573,4.5681655960028555
"she exclaimed, “God has given me a wonderful gift, and my husband will praise me for giving him six sons.” So she named the boy Zebulun.","Tete Lea gblɔ bena Mawu na nu nyuia ɖem, azɔ srɔ̃nye abum, elabena medzi ŋutsuvi ade nɛ. Eyata wòna ŋkɔe be Zebulon.","Tete Lea was a good man who served God faithfully. He was a strong and brave warrior, and he was known for his wisdom and justice. His name was changed to Zebulon.",Jan output 1 ,,22.391014025898293,5.356850921756573,4.5681655960028555
But you have promised that I would be a success and that someday it will be as hard to count my descendants as it is to count the grains of sand along the seashore.,"Meɖe kuku, ɖem tso nɔvinye si me, tso Esau si me; elabena mele evɔ̃m be, ava dze dzinye, eye wòaɖe zi dadawo kple viwo dome.","Look, I am a man of war, and I am a man of peace; but I have a problem, my brother Esau is coming to fight me, and he is bringing many people with him.",Jan output 1 ,,17.478111299424768,5.356850921756573,4.5681655960028555
So God created humans to be like himself; he made men and women.,"Eye Mawu wɔ ame ɖe ye ŋutɔ ƒe nɔnɔme, Mawu ƒe nɔnɔme nue wòwɔe ɖo; ŋutsu kple nyɔnu wòwɔ.",God created the world and everything in it. God's creation is good; the world and everything in it are good.,onesimus_5B146D14_Dec 05 output,,24.370387358202912,5.356850921756573,4.5681655960028555
"But I solemnly promise that you, your wife, your sons, and your daughters-in-law will be kept safe in the boat.","Ke mabia nu kpli wò bena, nayi ɖe aɖakaʋu la me, wò ŋutɔ, viwòŋutsuwo kple srɔ̃wò hekpe ɖe viwòŋutsuawo srɔ̃wo ŋu.","When a person is born, they are given a name, and they grow up, they marry and have children, and their children also grow up and have children.",onesimus_5B146D14_Dec 05 output,,16.216098629667364,5.356850921756573,4.5681655960028555
"Then he asked God, “Why not let Ishmael inherit what you have promised me?”",Eye Abraham gblɔ na Mawu bena: Ismael netsi agbe na wò ko! Mawu ɖo Isak ŋugbe na Abraham.,"And Abraham said to God: ""But Ishmael will also be your heir!"" God said to Abraham, ""No, Isaac will be your heir.""",onesimus_5B146D14_Dec 05 output,,19.839341496084696,5.356850921756573,4.5681655960028555
"she exclaimed, “God has given me a wonderful gift, and my husband will praise me for giving him six sons.” So she named the boy Zebulun.","Tete Lea gblɔ bena Mawu na nu nyuia ɖem, azɔ srɔ̃nye abum, elabena medzi ŋutsuvi ade nɛ. Eyata wòna ŋkɔe be Zebulon.",Tete Lea was a good man who served God faithfully. He was a skilled farmer and a generous provider for his family. His name was changed to Zebulon.,onesimus_5B146D14_Dec 05 output,,23.02028289541318,5.356850921756573,4.5681655960028555
But you have promised that I would be a success and that someday it will be as hard to count my descendants as it is to count the grains of sand along the seashore.,"Meɖe kuku, ɖem tso nɔvinye si me, tso Esau si me; elabena mele evɔ̃m be, ava dze dzinye, eye wòaɖe zi dadawo kple viwo dome.","I am the firstborn, but my brother Jacob has taken my birthright; he tricked me and stole it, and now he has taken my blessing.",onesimus_5B146D14_Dec 05 output,,16.528797777328023,5.356850921756573,4.5681655960028555
"I am the Lord! There is nothing too difficult for me. I'll come back next year at the time I promised, and Sarah will already have a son.”","Ɖe nane sesẽ na Yehowa? Le ƒe, si gbɔna ƒe woleawoɣi la, magato ava gbɔwò, eye ŋutsuvi anɔ Sara si.","What is Jehovah's name? Yes, it is a wonderful name, and it is a name that brings comfort, and it is a name that is precious to Sarah.",output_eliasd,0.40340447,19.293964547274324,5.356850921756573,4.5681655960028555
"The third one was born when Judah was in Chezib, and she named him Shelah.","Emegbe la egadzi ŋutsuvi, eye wòna ŋkɔe bena Sela. Enɔ Kesib hafi dzii.","The woman went to the farm, and she found Sela there. He was working on the farm.",output_eliasd,0.3300798,23.857790484912403,5.356850921756573,4.5681655960028555
"“I'll name the boy Joseph, and I'll pray that the Lord will give me another son.” Jacob and Laban",Eyata wòna ŋkɔe be Yosef; elabena egblɔ be: Yehowa agatsɔ ŋutsuvi bubu akpee nam. Yakob ƒe kesinɔnuwo.,"Joseph was a faithful servant of Jehovah, a righteous man. He was a descendant of Jacob.",output_eliasd,0.6336012,19.468144163873653,5.356850921756573,4.5681655960028555
"Before the end of the day, Laban had separated his spotted and speckled animals and the black lambs from the others and had put his sons in charge of them.","Gbemagbe ke wòɖe gbɔ̃tsu, siwo me fli to, kple esiwo tso kpɔ, kple gbɔ̃nɔ, siwo katã le ŋɔtaŋɔta, kple esiwo tso kpɔ — lã sia lã, si me ɣi to — kpakple alẽvi, siwo le yibɔ la, ɖe vovo, eye wòde wo asi na viawo.","When a person is sick, they should be taken care of, given medicine, and fed, and their bed should be made comfortable, and they should be given water to drink — little by little, as they can take it — and they should be kept warm, and their surroundings should be clean, and they should be comforted.",output_eliasd,0.107294545,23.56827119916531,5.356850921756573,4.5681655960028555
"That night they got their father drunk, and the older daughter got in bed with him, but he was too drunk even to know she was there.","Tete wona wein wo fofo le zã ma me wono, eye tsitsitɔ yi ɖamlɔ fofoa gbɔ; ke eya menya naneke le eƒe egbɔ mɔmlɔ kple fɔfɔdzo ŋuti o.","That person is very good, and he is helping us a lot. He is the one who brought us peace and development.",output_eliasd,-0.053926118,20.13968266776615,5.356850921756573,4.5681655960028555
So God created humans to be like himself; he made men and women.,"Eye Mawu wɔ ame ɖe ye ŋutɔ ƒe nɔnɔme, Mawu ƒe nɔnɔme nue wòwɔe ɖo; ŋutsu kple nyɔnu wòwɔ.",God created the world and everything in it. God's creation is good; the world and everything in it are good.,gerhardt_428C0151_output_jQjr1f,,24.370387358202912,5.356850921756573,4.5681655960028555
"But I solemnly promise that you, your wife, your sons, and your daughters-in-law will be kept safe in the boat.","Ke mabia nu kpli wò bena, nayi ɖe aɖakaʋu la me, wò ŋutɔ, viwòŋutsuwo kple srɔ̃wò hekpe ɖe viwòŋutsuawo srɔ̃wo ŋu.","When the rain falls heavily, I will stay inside my room, because I am afraid of thunder, lightning and strong winds.",gerhardt_428C0151_output_jQjr1f,,18.762806510684754,5.356850921756573,4.5681655960028555
"Then he asked God, “Why not let Ishmael inherit what you have promised me?”",Eye Abraham gblɔ na Mawu bena: Ismael netsi agbe na wò ko! Mawu ɖo Isak ŋugbe na Abraham.,"Then Abraham said to God: ""But Ishmael will also be your heir!"" God said to Abraham, ""No, Isaac will be your heir.""",gerhardt_428C0151_output_jQjr1f,,22.01016119462014,5.356850921756573,4.5681655960028555
"she exclaimed, “God has given me a wonderful gift, and my husband will praise me for giving him six sons.” So she named the boy Zebulun.","Tete Lea gblɔ bena Mawu na nu nyuia ɖem, azɔ srɔ̃nye abum, elabena medzi ŋutsuvi ade nɛ. Eyata wòna ŋkɔe be Zebulon.","Tete Lea was a good man who served God faithfully, and he was very wealthy. He had many sheep and cattle, and he was a generous man.",gerhardt_428C0151_output_jQjr1f,,18.711788275580695,5.356850921756573,4.5681655960028555
But you have promised that I would be a success and that someday it will be as hard to count my descendants as it is to count the grains of sand along the seashore.,"Meɖe kuku, ɖem tso nɔvinye si me, tso Esau si me; elabena mele evɔ̃m be, ava dze dzinye, eye wòaɖe zi dadawo kple viwo dome.","I am the firstborn son, and the right of the firstborn belongs to me, to Esau, my brother. For I have sold my birthright to him, but when he was hungry, he sold me his birthright for a bowl of lentil stew.",gerhardt_428C0151_output_jQjr1f,,20.428180635718405,5.356850921756573,4.5681655960028555
So God created humans to be like himself; he made men and women.,"Eye Mawu wɔ ame ɖe ye ŋutɔ ƒe nɔnɔme, Mawu ƒe nɔnɔme nue wòwɔe ɖo; ŋutsu kple nyɔnu wòwɔ.","God created the heavens and the earth, and everything in them. God created man in his own image; male and female he created them.",gerhardt_E4DFEBFE_output_T8d1lo,,27.06060359560063,5.356850921756573,4.5681655960028555
"But I solemnly promise that you, your wife, your sons, and your daughters-in-law will be kept safe in the boat.","Ke mabia nu kpli wò bena, nayi ɖe aɖakaʋu la me, wò ŋutɔ, viwòŋutsuwo kple srɔ̃wò hekpe ɖe viwòŋutsuawo srɔ̃wo ŋu.","When the rain falls heavily, it is the time for planting yams. We dig the ground, we plant the yams, and we cover them with soil.",gerhardt_E4DFEBFE_output_T8d1lo,,18.449366706001964,5.356850921756573,4.5681655960028555
"Then he asked God, “Why not let Ishmael inherit what you have promised me?”",Eye Abraham gblɔ na Mawu bena: Ismael netsi agbe na wò ko! Mawu ɖo Isak ŋugbe na Abraham.,"And Abraham said to God: ""But Ishmael will also be your heir!"" God said to Abraham, ""No, Isaac will be your heir.""",gerhardt_E4DFEBFE_output_T8d1lo,,19.839341496084696,5.356850921756573,4.5681655960028555
"she exclaimed, “God has given me a wonderful gift, and my husband will praise me for giving him six sons.” So she named the boy Zebulun.","Tete Lea gblɔ bena Mawu na nu nyuia ɖem, azɔ srɔ̃nye abum, elabena medzi ŋutsuvi ade nɛ. Eyata wòna ŋkɔe be Zebulon.",Tete Lea was a good man who served God faithfully. He was a skilled hunter and a provider for his family. He was known as Zebulon.,gerhardt_E4DFEBFE_output_T8d1lo,,21.205677061641197,5.356850921756573,4.5681655960028555
But you have promised that I would be a success and that someday it will be as hard to count my descendants as it is to count the grains of sand along the seashore.,"Meɖe kuku, ɖem tso nɔvinye si me, tso Esau si me; elabena mele evɔ̃m be, ava dze dzinye, eye wòaɖe zi dadawo kple viwo dome.","Look, I am a man of war, and I am a man of peace; I am Esau, your brother. See, I have brought you a gift, and I hope you will accept it, so that we can live together in peace.",gerhardt_E4DFEBFE_output_T8d1lo,,20.27949938825813,5.356850921756573,4.5681655960028555
So God created humans to be like himself; he made men and women.,"Eye Mawu wɔ ame ɖe ye ŋutɔ ƒe nɔnɔme, Mawu ƒe nɔnɔme nue wòwɔe ɖo; ŋutsu kple nyɔnu wòwɔ.","God created the world and everything in it, God's creation is good; the world and everything in it are good.",onesimus_4838858E_Jan output 1 ,,24.370387358202912,5.356850921756573,4.5681655960028555
"But I solemnly promise that you, your wife, your sons, and your daughters-in-law will be kept safe in the boat.","Ke mabia nu kpli wò bena, nayi ɖe aɖakaʋu la me, wò ŋutɔ, viwòŋutsuwo kple srɔ̃wò hekpe ɖe viwòŋutsuawo srɔ̃wo ŋu.","If you don't have money to buy food, come and I will give you some. You will eat, and you will be satisfied. You will also have enough to share with others.",onesimus_4838858E_Jan output 1 ,,25.74940138926886,5.356850921756573,4.5681655960028555
"Then he asked God, “Why not let Ishmael inherit what you have promised me?”",Eye Abraham gblɔ na Mawu bena: Ismael netsi agbe na wò ko! Mawu ɖo Isak ŋugbe na Abraham.,"Then Abraham said to God: ""But Ishmael will also be your heir!"" God said to Abraham, ""No, but Isaac will be your heir.""",onesimus_4838858E_Jan output 1 ,,22.057439989038876,5.356850921756573,4.5681655960028555
"she exclaimed, “God has given me a wonderful gift, and my husband will praise me for giving him six sons.” So she named the boy Zebulun.","Tete Lea gblɔ bena Mawu na nu nyuia ɖem, azɔ srɔ̃nye abum, elabena medzi ŋutsuvi ade nɛ. Eyata wòna ŋkɔe be Zebulon.","Tete Lea was a good man who served God faithfully. He was a strong and brave warrior, and he was known for his wisdom and justice. His name was changed to Zebulon.",onesimus_4838858E_Jan output 1 ,,22.391014025898293,5.356850921756573,4.5681655960028555
But you have promised that I would be a success and that someday it will be as hard to count my descendants as it is to count the grains of sand along the seashore.,"Meɖe kuku, ɖem tso nɔvinye si me, tso Esau si me; elabena mele evɔ̃m be, ava dze dzinye, eye wòaɖe zi dadawo kple viwo dome.","Look, I am a man of war, and I am a man of peace; but I have a problem, my brother Esau is coming to fight me, and he is bringing many people with him.",onesimus_4838858E_Jan output 1 ,,17.478111299424768,5.356850921756573,4.5681655960028555
So God created humans to be like himself; he made men and women.,"Eye Mawu wɔ ame ɖe ye ŋutɔ ƒe nɔnɔme, Mawu ƒe nɔnɔme nue wòwɔe ɖo; ŋutsu kple nyɔnu wòwɔ.","God created the world and everything in it, God's creation is good; the world and everything in it are good.",gerhardt_2F3FAF10_output (1),,24.370387358202912,5.356850921756573,4.5681655960028555
"But I solemnly promise that you, your wife, your sons, and your daughters-in-law will be kept safe in the boat.","Ke mabia nu kpli wò bena, nayi ɖe aɖakaʋu la me, wò ŋutɔ, viwòŋutsuwo kple srɔ̃wò hekpe ɖe viwòŋutsuawo srɔ̃wo ŋu.","When the rain falls heavily, it is the time for me to harvest my cassava, because the cassava tubers are ripe, and the leaves and stems are also ripe.",gerhardt_2F3FAF10_output (1),,18.113723499046618,5.356850921756573,4.5681655960028555
"Then he asked God, “Why not let Ishmael inherit what you have promised me?”",Eye Abraham gblɔ na Mawu bena: Ismael netsi agbe na wò ko! Mawu ɖo Isak ŋugbe na Abraham.,"And Abraham said to God: ""But Ishmael will also be your heir!"" God said to Abraham: ""No, Isaac will be your heir.""",gerhardt_2F3FAF10_output (1),,19.839341496084696,5.356850921756573,4.5681655960028555
"she exclaimed, “God has given me a wonderful gift, and my husband will praise me for giving him six sons.” So she named the boy Zebulun.","Tete Lea gblɔ bena Mawu na nu nyuia ɖem, azɔ srɔ̃nye abum, elabena medzi ŋutsuvi ade nɛ. Eyata wòna ŋkɔe be Zebulon.","Tete Lea was a good man who served God faithfully. He was a farmer and a hunter, and he was known for his kindness and generosity. His name was changed to Zebulon.",gerhardt_2F3FAF10_output (1),,22.684166481826917,5.356850921756573,4.5681655960028555
But you have promised that I would be a success and that someday it will be as hard to count my descendants as it is to count the grains of sand along the seashore.,"Meɖe kuku, ɖem tso nɔvinye si me, tso Esau si me; elabena mele evɔ̃m be, ava dze dzinye, eye wòaɖe zi dadawo kple viwo dome.","I am the firstborn, and the right of the firstborn belongs to me; for I was born first, and my father's blessing is on me. My brother Jacob, he was born after me, and he took my birthright.",gerhardt_2F3FAF10_output (1),,19.174914883644973,5.356850921756573,4.5681655960028555
So God created humans to be like himself; he made men and women.,"Eye Mawu wɔ ame ɖe ye ŋutɔ ƒe nɔnɔme, Mawu ƒe nɔnɔme nue wòwɔe ɖo; ŋutsu kple nyɔnu wòwɔ.","God created the heavens and the earth, and everything in them. God created man in his own image; male and female he created them.",onesimus_778C5456_Dec 06 output,,27.06060359560063,5.356850921756573,4.5681655960028555
"But I solemnly promise that you, your wife, your sons, and your daughters-in-law will be kept safe in the boat.","Ke mabia nu kpli wò bena, nayi ɖe aɖakaʋu la me, wò ŋutɔ, viwòŋutsuwo kple srɔ̃wò hekpe ɖe viwòŋutsuawo srɔ̃wo ŋu.","When a person is sick, I will go and visit them, and I will comfort them, and I will give them food and medicine.",onesimus_778C5456_Dec 06 output,,17.92835910999989,5.356850921756573,4.5681655960028555
"Then he asked God, “Why not let Ishmael inherit what you have promised me?”",Eye Abraham gblɔ na Mawu bena: Ismael netsi agbe na wò ko! Mawu ɖo Isak ŋugbe na Abraham.,"And Abraham said to God: ""But Ishmael will also be your heir!"" God said to Abraham, ""No, Isaac will be your heir.""",onesimus_778C5456_Dec 06 output,,19.839341496084696,5.356850921756573,4.5681655960028555
"she exclaimed, “God has given me a wonderful gift, and my husband will praise me for giving him six sons.” So she named the boy Zebulun.","Tete Lea gblɔ bena Mawu na nu nyuia ɖem, azɔ srɔ̃nye abum, elabena medzi ŋutsuvi ade nɛ. Eyata wòna ŋkɔe be Zebulon.","Tete Lea was a good man who served God faithfully. He was a strong and brave warrior, and he was a good leader to his people. His name was Zebulon.",onesimus_778C5456_Dec 06 output,,21.01335637908734,5.356850921756573,4.5681655960028555
But you have promised that I would be a success and that someday it will be as hard to count my descendants as it is to count the grains of sand along the seashore.,"Meɖe kuku, ɖem tso nɔvinye si me, tso Esau si me; elabena mele evɔ̃m be, ava dze dzinye, eye wòaɖe zi dadawo kple viwo dome.","I am a man, and I am a descendant of Jacob, who is also my ancestor; but my brother is Esau, who is my brother. He was born before me, and he is the firstborn son.",onesimus_778C5456_Dec 06 output,,23.28703747195582,5.356850921756573,4.5681655960028555
So God created humans to be like himself; he made men and women.,"Eye Mawu wɔ ame ɖe ye ŋutɔ ƒe nɔnɔme, Mawu ƒe nɔnɔme nue wòwɔe ɖo; ŋutsu kple nyɔnu wòwɔ.","God created the heavens and the earth, and everything in them. God created everything that exists, both visible and invisible.",gerhardt_E3C23636_output_AHjhdB,,24.03272888677363,5.356850921756573,4.5681655960028555
"But I solemnly promise that you, your wife, your sons, and your daughters-in-law will be kept safe in the boat.","Ke mabia nu kpli wò bena, nayi ɖe aɖakaʋu la me, wò ŋutɔ, viwòŋutsuwo kple srɔ̃wò hekpe ɖe viwòŋutsuawo srɔ̃wo ŋu.","When the child is born, they are given a name, and they are given a place to sleep, and they are given clothes to wear, and they are given food to eat.",gerhardt_E3C23636_output_AHjhdB,,16.110666988811445,5.356850921756573,4.5681655960028555
"Then he asked God, “Why not let Ishmael inherit what you have promised me?”",Eye Abraham gblɔ na Mawu bena: Ismael netsi agbe na wò ko! Mawu ɖo Isak ŋugbe na Abraham.,"And Abraham said to God: ""But Ishmael will also be your heir!"" God said to Abraham, ""No, but Isaac will be your heir.""",gerhardt_E3C23636_output_AHjhdB,,19.90599795031252,5.356850921756573,4.5681655960028555
"she exclaimed, “God has given me a wonderful gift, and my husband will praise me for giving him six sons.” So she named the boy Zebulun.","Tete Lea gblɔ bena Mawu na nu nyuia ɖem, azɔ srɔ̃nye abum, elabena medzi ŋutsuvi ade nɛ. Eyata wòna ŋkɔe be Zebulon.","Tete Lea was a good man who served God faithfully. He was a strong man, and he worked hard to provide for his family. His name was changed to Zebulon.",gerhardt_E3C23636_output_AHjhdB,,23.27965163762203,5.356850921756573,4.5681655960028555
But you have promised that I would be a success and that someday it will be as hard to count my descendants as it is to count the grains of sand along the seashore.,"Meɖe kuku, ɖem tso nɔvinye si me, tso Esau si me; elabena mele evɔ̃m be, ava dze dzinye, eye wòaɖe zi dadawo kple viwo dome.","My father, I am the one who is telling you this, I am Esau your son; listen to me, my father, I am a hairy man, and my skin is rough, like the skin of a goat.",gerhardt_E3C23636_output_AHjhdB,,17.856353056743547,5.356850921756573,4.5681655960028555
So God created humans to be like himself; he made men and women.,"Eye Mawu wɔ ame ɖe ye ŋutɔ ƒe nɔnɔme, Mawu ƒe nɔnɔme nue wòwɔe ɖo; ŋutsu kple nyɔnu wòwɔ.","God created the heavens and the earth, and everything in them. God created man and woman.",Dec 12 output,,32.80401632077969,5.356850921756573,4.5681655960028555
"But I solemnly promise that you, your wife, your sons, and your daughters-in-law will be kept safe in the boat.","Ke mabia nu kpli wò bena, nayi ɖe aɖakaʋu la me, wò ŋutɔ, viwòŋutsuwo kple srɔ̃wò hekpe ɖe viwòŋutsuawo srɔ̃wo ŋu.","When a child is born, the mother is happy, and the father is also happy. The child grows, and the parents take care of the child until the child grows up.",Dec 12 output,,17.683595733633215,5.356850921756573,4.5681655960028555
"Then he asked God, “Why not let Ishmael inherit what you have promised me?”",Eye Abraham gblɔ na Mawu bena: Ismael netsi agbe na wò ko! Mawu ɖo Isak ŋugbe na Abraham.,"And Abraham said to God: ""But Ishmael will also be your heir!"" God said to Abraham, ""No, Isaac will be your heir.""",Dec 12 output,,19.839341496084696,5.356850921756573,4.5681655960028555
"she exclaimed, “God has given me a wonderful gift, and my husband will praise me for giving him six sons.” So she named the boy Zebulun.","Tete Lea gblɔ bena Mawu na nu nyuia ɖem, azɔ srɔ̃nye abum, elabena medzi ŋutsuvi ade nɛ. Eyata wòna ŋkɔe be Zebulon.","Tete Lea was a good man who served God faithfully, and he became very rich. He had many children and grandchildren.",Dec 12 output,,18.943489899254544,5.356850921756573,4.5681655960028555
But you have promised that I would be a success and that someday it will be as hard to count my descendants as it is to count the grains of sand along the seashore.,"Meɖe kuku, ɖem tso nɔvinye si me, tso Esau si me; elabena mele evɔ̃m be, ava dze dzinye, eye wòaɖe zi dadawo kple viwo dome.","I am a man, and I have a brother named Esau; but my brother is a cunning hunter, and he is a man of the field.",Dec 12 output,,15.933294586811671,5.356850921756573,4.5681655960028555
So God created humans to be like himself; he made men and women.,"Eye Mawu wɔ ame ɖe ye ŋutɔ ƒe nɔnɔme, Mawu ƒe nɔnɔme nue wòwɔe ɖo; ŋutsu kple nyɔnu wòwɔ.","God created the world and everything in it, and God saw that it was good; and there was evening and morning.",onesimus_CF2838B3_Dec 03 output,,25.02729053533807,5.356850921756573,4.5681655960028555
"But I solemnly promise that you, your wife, your sons, and your daughters-in-law will be kept safe in the boat.","Ke mabia nu kpli wò bena, nayi ɖe aɖakaʋu la me, wò ŋutɔ, viwòŋutsuwo kple srɔ̃wò hekpe ɖe viwòŋutsuawo srɔ̃wo ŋu.","When the rain falls heavily, I will be inside my house, it will be raining, and I will be sleeping soundly with my children and wife beside me.",onesimus_CF2838B3_Dec 03 output,,20.812313957200974,5.356850921756573,4.5681655960028555
"Then he asked God, “Why not let Ishmael inherit what you have promised me?”",Eye Abraham gblɔ na Mawu bena: Ismael netsi agbe na wò ko! Mawu ɖo Isak ŋugbe na Abraham.,"And Abraham said to God: ""But Ishmael will also be your heir!"" God said to Abraham, ""No, Isaac will be your heir.""",onesimus_CF2838B3_Dec 03 output,,19.839341496084696,5.356850921756573,4.5681655960028555
"she exclaimed, “God has given me a wonderful gift, and my husband will praise me for giving him six sons.” So she named the boy Zebulun.","Tete Lea gblɔ bena Mawu na nu nyuia ɖem, azɔ srɔ̃nye abum, elabena medzi ŋutsuvi ade nɛ. Eyata wòna ŋkɔe be Zebulon.","Tete Lea was a good man who served God faithfully, and he became very wealthy. He had many children and grandchildren.",onesimus_CF2838B3_Dec 03 output,,18.838181505723643,5.356850921756573,4.5681655960028555
But you have promised that I would be a success and that someday it will be as hard to count my descendants as it is to count the grains of sand along the seashore.,"Meɖe kuku, ɖem tso nɔvinye si me, tso Esau si me; elabena mele evɔ̃m be, ava dze dzinye, eye wòaɖe zi dadawo kple viwo dome.","I am a man, the son of Jacob, who is also my father; and I have heard that you have taken my wives, and my cattle, and my goods.",onesimus_CF2838B3_Dec 03 output,,21.384717166349493,5.356850921756573,4.5681655960028555
So God created humans to be like himself; he made men and women.,"Eye Mawu wɔ ame ɖe ye ŋutɔ ƒe nɔnɔme, Mawu ƒe nɔnɔme nue wòwɔe ɖo; ŋutsu kple nyɔnu wòwɔ.","God created the heavens and the earth, and everything in them. God created man and woman.",john_BA3F5F9A_output (3),,32.80401632077969,5.356850921756573,4.5681655960028555
"But I solemnly promise that you, your wife, your sons, and your daughters-in-law will be kept safe in the boat.","Ke mabia nu kpli wò bena, nayi ɖe aɖakaʋu la me, wò ŋutɔ, viwòŋutsuwo kple srɔ̃wò hekpe ɖe viwòŋutsuawo srɔ̃wo ŋu.","When the rain falls heavily, it is good to stay indoors, because the wind blows, and the thunder roars, and the lightning flashes.",john_BA3F5F9A_output (3),,20.06868854433969,5.356850921756573,4.5681655960028555
"Then he asked God, “Why not let Ishmael inherit what you have promised me?”",Eye Abraham gblɔ na Mawu bena: Ismael netsi agbe na wò ko! Mawu ɖo Isak ŋugbe na Abraham.,"And Abraham said to God: ""But Ishmael will also be your heir!"" God said to Abraham, ""No, Isaac will be your heir.""",john_BA3F5F9A_output (3),,19.839341496084696,5.356850921756573,4.5681655960028555
"she exclaimed, “God has given me a wonderful gift, and my husband will praise me for giving him six sons.” So she named the boy Zebulun.","Tete Lea gblɔ bena Mawu na nu nyuia ɖem, azɔ srɔ̃nye abum, elabena medzi ŋutsuvi ade nɛ. Eyata wòna ŋkɔe be Zebulon.","Tete Lea was a good man who served God faithfully. He was a strong and brave man, and he was known for his wisdom. His name was Zebulon.",john_BA3F5F9A_output (3),,21.51056813111873,5.356850921756573,4.5681655960028555
But you have promised that I would be a success and that someday it will be as hard to count my descendants as it is to count the grains of sand along the seashore.,"Meɖe kuku, ɖem tso nɔvinye si me, tso Esau si me; elabena mele evɔ̃m be, ava dze dzinye, eye wòaɖe zi dadawo kple viwo dome.","I am the firstborn, and the right of the firstborn belongs to me. It was given to me by my father, but my brother Esau sold his birthright to me.",john_BA3F5F9A_output (3),,18.171137986913436,5.356850921756573,4.5681655960028555
