{
  "language_pair": "ewe-eng",
  "timestamp": "2026-01-29T11:31:01.655867",
  "models": {
    "bleu": {
      "gpt-4.1": 9.246523455174716,
      "qwen3-32b": 5.241978157530934,
      "deepseek-v3.1": 7.479205385914791,
      "qwq-32b": 6.291102779229684,
      "gemini-2.5-flash": 19.692215902857168,
      "claude-sonnet-4-5": 21.604629781816136,
      "gpt-oss-120b": 9.614272376566879,
      "kimi-k2-instruct-0905": 6.769313155377068,
      "mistral-7b-instruct-v0.3": 3.2674392554094007,
      "qwen3-235b-a22b": 10.48987838961543,
      "gemma-2-27b-it": 5.356850921756573,
      "mistral-medium-3-instruct": 8.968622051963912,
      "llama-3.1-405b-instruct": 3.2147257206158626,
      "seed-oss-36b-instruct": 6.735883426844561,
      "llama-4-maverick-17b-128e-instruct": 9.278337965054556,
      "gemma2-9b-it": 10.1364546118828,
      "llama-3.3-70b-instruct": 6.2047985604249,
      "palmyra-med-70b": 4.264366797818018,
      "gemma-2-9b-it": 6.559405009839628
    },
    "chrf": {
      "gpt-4.1": 31.965009411762107,
      "qwen3-32b": 22.251061987889372,
      "deepseek-v3.1": 28.21555267557516,
      "qwq-32b": 19.85647866838728,
      "gemini-2.5-flash": 36.60940925449729,
      "claude-sonnet-4-5": 38.02272839828733,
      "gpt-oss-120b": 23.787514175004823,
      "kimi-k2-instruct-0905": 27.941011654945267,
      "mistral-7b-instruct-v0.3": 19.66830814750723,
      "qwen3-235b-a22b": 21.787767513053133,
      "gemma-2-27b-it": 20.602642485571575,
      "mistral-medium-3-instruct": 21.74187421647448,
      "llama-3.1-405b-instruct": 22.877719551069152,
      "seed-oss-36b-instruct": 20.338763370169453,
      "llama-4-maverick-17b-128e-instruct": 28.924625577040988,
      "gemma2-9b-it": 20.70367178284734,
      "llama-3.3-70b-instruct": 20.966099449981016,
      "palmyra-med-70b": 22.56680297406955,
      "gemma-2-9b-it": 18.417446595267876
    },
    "average": {
      "gpt-4.1": 20.60576643346841,
      "qwen3-32b": 13.746520072710153,
      "deepseek-v3.1": 17.847379030744975,
      "qwq-32b": 13.073790723808482,
      "gemini-2.5-flash": 28.150812578677225,
      "claude-sonnet-4-5": 29.813679090051732,
      "gpt-oss-120b": 16.70089327578585,
      "kimi-k2-instruct-0905": 17.355162405161167,
      "mistral-7b-instruct-v0.3": 11.467873701458315,
      "qwen3-235b-a22b": 16.138822951334284,
      "gemma-2-27b-it": 12.979746703664073,
      "mistral-medium-3-instruct": 15.355248134219195,
      "llama-3.1-405b-instruct": 13.046222635842508,
      "seed-oss-36b-instruct": 13.537323398507006,
      "llama-4-maverick-17b-128e-instruct": 19.101481771047773,
      "gemma2-9b-it": 15.42006319736507,
      "llama-3.3-70b-instruct": 13.585449005202957,
      "palmyra-med-70b": 13.415584885943783,
      "gemma-2-9b-it": 12.488425802553753
    }
  },
  "best_model": "claude-sonnet-4-5",
  "best_model_scores": {
    "BLEU": 21.604629781816136,
    "chrF": 38.02272839828733,
    "Average": 29.813679090051732
  }
}