ref,text,translated,source_zip_file,similarity_score,chrf_sentence,corpus_bleu,corpus_chrf
"So the Lord's promise came true, just as the prophet Jeremiah had said,",Na diyifoɔ Yeremia asɛm he baam sɛ:,"The word that came to Jeremiah from the Lord, saying:",Dec 08 output,,30.571845383684675,4.821042715448803,2.707912612447219
"I tell you not to worry about your life. Don't worry about having something to eat, drink, or wear. Isn't life more than food or clothing?","Nti meeka akyerɛ ho, honnwennwene ho kra ho, deɛ hobedi anaa deɛ hobɛnom, anaa ho nipadua ho, ɔfa deɛ hobɛhyɛ ho. Nkwa nsom bo nkyɛne aduane, na nipadua nkyɛne ntoma anaa?","When you write it, think deeply about what you will eat or drink, or what you will wear, because life is more than food and clothing, isn't it?",Dec 08 output,,37.173609453591425,4.821042715448803,2.707912612447219
On that day they will be told they are either innocent or guilty because of the things they have said. A Sign from Heaven (Mark,"efiri sɛ ho nsɛm so ne bɛnam bebu ho bem, na ho nsɛm nso so ne bɛnam bebu ho fɔ.” Bebisaa nsɛnkyerɛnne firii Yesu hɔ","The word is near you, in your mouth and in your heart, so that you may obey it. This is the message of faith that we proclaim about Jesus.",Dec 08 output,,18.91536404634497,4.821042715448803,2.707912612447219
"No one knows the day or hour. The angels in heaven don't know, and the Son himself doesn't know. Only the Father knows.","“Nso saa da ne dɔnhwere he deɛ biaa nnim, soro abɔfoɔ, anaa Ɔba he mpo nnim, gye sɛ Agya he nkoaa.","Even if the whole world, the angels in heaven, or even the Son does not know, only the Father knows.",Dec 08 output,,47.537788967100525,4.821042715448803,2.707912612447219
"But Jesus did not say anything, and the governor was greatly amazed. The Death Sentence (Mark","Nso wamma no mmuaeɛ biaa, wammua kwaadu baako koraa, na ɔyɛɛ amrado he nwanwa kɛse. Bebuaa Yesu kumfɔ (Marko","So when they were alone, they asked him about the parable. And he said to them, ""Do you not understand this parable? How then will you understand all the parables?"" (Mark 4:10-13)",Dec 08 output,,21.342697653648873,4.821042715448803,2.707912612447219
"So the Lord's promise came true, just as the prophet Jeremiah had said,",Na diyifoɔ Yeremia asɛm he baam sɛ:,The words of the prophet Jeremiah came to pass as follows:,onesimus_31223989_Dec 12 output,,39.48178645486089,4.821042715448803,2.707912612447219
"I tell you not to worry about your life. Don't worry about having something to eat, drink, or wear. Isn't life more than food or clothing?","Nti meeka akyerɛ ho, honnwennwene ho kra ho, deɛ hobedi anaa deɛ hobɛnom, anaa ho nipadua ho, ɔfa deɛ hobɛhyɛ ho. Nkwa nsom bo nkyɛne aduane, na nipadua nkyɛne ntoma anaa?","When you write it, think deeply about it, whether it will be good or bad, or about the person's reputation, he will do what will suit him. Life is more important than food, and reputation is more important than clothes, isn't it?",onesimus_31223989_Dec 12 output,,29.143053142527968,4.821042715448803,2.707912612447219
On that day they will be told they are either innocent or guilty because of the things they have said. A Sign from Heaven (Mark,"efiri sɛ ho nsɛm so ne bɛnam bebu ho bem, na ho nsɛm nso so ne bɛnam bebu ho fɔ.” Bebisaa nsɛnkyerɛnne firii Yesu hɔ","The word that is in your mouth and in your heart, that is the word of faith that we preach. The question arose from Jesus.",onesimus_31223989_Dec 12 output,,18.718601684346243,4.821042715448803,2.707912612447219
"No one knows the day or hour. The angels in heaven don't know, and the Son himself doesn't know. Only the Father knows.","“Nso saa da ne dɔnhwere he deɛ biaa nnim, soro abɔfoɔ, anaa Ɔba he mpo nnim, gye sɛ Agya he nkoaa.","Even though no one knows the day or the hour, not the angels in heaven, nor the Son, but only the Father.",onesimus_31223989_Dec 12 output,,49.81613565828263,4.821042715448803,2.707912612447219
"But Jesus did not say anything, and the governor was greatly amazed. The Death Sentence (Mark","Nso wamma no mmuaeɛ biaa, wammua kwaadu baako koraa, na ɔyɛɛ amrado he nwanwa kɛse. Bebuaa Yesu kumfɔ (Marko","So when they were all gathered, they chose one man, and he was a great warrior in the army. They called Jesus the son of Mark",onesimus_31223989_Dec 12 output,,26.13161509845995,4.821042715448803,2.707912612447219
"So the Lord's promise came true, just as the prophet Jeremiah had said,",Na diyifoɔ Yeremia asɛm he baam sɛ:,The words of the prophet Jeremiah came to pass as follows:,john_AC86BE0F_output (5),,39.48178645486089,4.821042715448803,2.707912612447219
"I tell you not to worry about your life. Don't worry about having something to eat, drink, or wear. Isn't life more than food or clothing?","Nti meeka akyerɛ ho, honnwennwene ho kra ho, deɛ hobedi anaa deɛ hobɛnom, anaa ho nipadua ho, ɔfa deɛ hobɛhyɛ ho. Nkwa nsom bo nkyɛne aduane, na nipadua nkyɛne ntoma anaa?","When you look at it, think deeply about it, whether it will benefit you or harm you, or its consequences, and then decide what to do. Life is more important than food, and consequences are more important than clothes, right?",john_AC86BE0F_output (5),,27.55249131357722,4.821042715448803,2.707912612447219
On that day they will be told they are either innocent or guilty because of the things they have said. A Sign from Heaven (Mark,"efiri sɛ ho nsɛm so ne bɛnam bebu ho bem, na ho nsɛm nso so ne bɛnam bebu ho fɔ.” Bebisaa nsɛnkyerɛnne firii Yesu hɔ","the word that is in your mouth and in your heart, that is the word of faith that we preach. The question of righteousness came from Jesus.",john_AC86BE0F_output (5),,19.97466604402266,4.821042715448803,2.707912612447219
"No one knows the day or hour. The angels in heaven don't know, and the Son himself doesn't know. Only the Father knows.","“Nso saa da ne dɔnhwere he deɛ biaa nnim, soro abɔfoɔ, anaa Ɔba he mpo nnim, gye sɛ Agya he nkoaa.","If you don't know the one who created the sky, the angels, or even the Son, then know that it is the Father.",john_AC86BE0F_output (5),,36.2701481982345,4.821042715448803,2.707912612447219
"But Jesus did not say anything, and the governor was greatly amazed. The Death Sentence (Mark","Nso wamma no mmuaeɛ biaa, wammua kwaadu baako koraa, na ɔyɛɛ amrado he nwanwa kɛse. Bebuaa Yesu kumfɔ (Marko","So when they were eating, he took bread, blessed and broke it, and gave it to them, saying, ""Take, eat; this is my body."" And he took the cup, and when he had given thanks, he gave it to them, and they all drank from it. And he said to them, ""This is my blood of the new covenant, which is shed for many."" (Mark 14:22-24)",john_AC86BE0F_output (5),,21.586931000588905,4.821042715448803,2.707912612447219
"So the Lord's promise came true, just as the prophet Jeremiah had said,",Na diyifoɔ Yeremia asɛm he baam sɛ:,Thus says the prophet Jeremiah,output_JA-4,,35.23197406978844,4.821042715448803,2.707912612447219
"I tell you not to worry about your life. Don't worry about having something to eat, drink, or wear. Isn't life more than food or clothing?","Nti meeka akyerɛ ho, honnwennwene ho kra ho, deɛ hobedi anaa deɛ hobɛnom, anaa ho nipadua ho, ɔfa deɛ hobɛhyɛ ho. Nkwa nsom bo nkyɛne aduane, na nipadua nkyɛne ntoma anaa?","When you write, think deeply about what you will eat or drink, or what you will wear, because life is not just about food and drink, or body and clothing, is it?",output_JA-4,,32.56442824295417,4.821042715448803,2.707912612447219
On that day they will be told they are either innocent or guilty because of the things they have said. A Sign from Heaven (Mark,"efiri sɛ ho nsɛm so ne bɛnam bebu ho bem, na ho nsɛm nso so ne bɛnam bebu ho fɔ.” Bebisaa nsɛnkyerɛnne firii Yesu hɔ","""If you remain in me and my words remain in you, ask whatever you wish, and it will be done for you."" This promise came from Jesus.",output_JA-4,,17.998471254832914,4.821042715448803,2.707912612447219
"No one knows the day or hour. The angels in heaven don't know, and the Son himself doesn't know. Only the Father knows.","“Nso saa da ne dɔnhwere he deɛ biaa nnim, soro abɔfoɔ, anaa Ɔba he mpo nnim, gye sɛ Agya he nkoaa.","If you don't know the way of the earthly kings, or the angels in heaven, or even the Son, just know the Father's way.",output_JA-4,,41.913381039549144,4.821042715448803,2.707912612447219
"But Jesus did not say anything, and the governor was greatly amazed. The Death Sentence (Mark","Nso wamma no mmuaeɛ biaa, wammua kwaadu baako koraa, na ɔyɛɛ amrado he nwanwa kɛse. Bebuaa Yesu kumfɔ (Marko","So when they had eaten, they gave him a piece of bread, and he blessed it and broke it into many pieces. Then Jesus took it (Mark)",output_JA-4,,26.06839183433076,4.821042715448803,2.707912612447219
"So the Lord's promise came true, just as the prophet Jeremiah had said,",Na diyifoɔ Yeremia asɛm he baam sɛ:,These are the words of the prophet Jeremiah:,onesimus_7C821E01_Dec 01 output,,37.06554672902128,4.821042715448803,2.707912612447219
"I tell you not to worry about your life. Don't worry about having something to eat, drink, or wear. Isn't life more than food or clothing?","Nti meeka akyerɛ ho, honnwennwene ho kra ho, deɛ hobedi anaa deɛ hobɛnom, anaa ho nipadua ho, ɔfa deɛ hobɛhyɛ ho. Nkwa nsom bo nkyɛne aduane, na nipadua nkyɛne ntoma anaa?","If you don't take care of it, it will affect your soul, whether you eat it or drink it, or your clothing, it will affect you. Life is more than food, and clothing is more than clothes, isn't it?",onesimus_7C821E01_Dec 01 output,,35.32497977679142,4.821042715448803,2.707912612447219
On that day they will be told they are either innocent or guilty because of the things they have said. A Sign from Heaven (Mark,"efiri sɛ ho nsɛm so ne bɛnam bebu ho bem, na ho nsɛm nso so ne bɛnam bebu ho fɔ.” Bebisaa nsɛnkyerɛnne firii Yesu hɔ","""The words that I speak to you are spirit and they are life. The words that I speak to you are spirit and life."" This teaching came from Jesus.",onesimus_7C821E01_Dec 01 output,,22.152117834599704,4.821042715448803,2.707912612447219
"No one knows the day or hour. The angels in heaven don't know, and the Son himself doesn't know. Only the Father knows.","“Nso saa da ne dɔnhwere he deɛ biaa nnim, soro abɔfoɔ, anaa Ɔba he mpo nnim, gye sɛ Agya he nkoaa.","Even if no one else knows, not the angels in heaven, nor the Son himself, only the Father knows.",onesimus_7C821E01_Dec 01 output,,52.50331174646286,4.821042715448803,2.707912612447219
"But Jesus did not say anything, and the governor was greatly amazed. The Death Sentence (Mark","Nso wamma no mmuaeɛ biaa, wammua kwaadu baako koraa, na ɔyɛɛ amrado he nwanwa kɛse. Bebuaa Yesu kumfɔ (Marko","And when he had opened the third seal, I heard the third beast say, Come and see. And I beheld, and lo a black horse; and he that sat on him had a pair of balances in his hand. And I heard a voice in the midst of the four beasts say, A measure of wheat for a penny, and three measures of barley for a penny; and see thou hurt not the oil and the wine. (Revelation 6:5-6, Mark",onesimus_7C821E01_Dec 01 output,,18.213294890182667,4.821042715448803,2.707912612447219
"Later in the evening he was still there by himself, and the boat was somewhere in the middle of the lake.","Afei nwunu dwoeɛ a na kodoɔ he akoduru po he mfimfini he, na ɔno nkoaa ne ya fam hɔ.","The child took the stone and threw it into the river, and it sank to the bottom.",output_jonathan,0.27608225,20.828933140464528,4.821042715448803,2.707912612447219
"The others were Simon, known as the Eager One, and Judas Iscariot, who later betrayed Jesus. Instructions for the Twelve Apostles (Mark","Simon a ofiri Kana, ne Yuda Iskariot a oyii Yesu maeɛ he. Asuafoɔ dummienu he dwumadie (Marko","Simon, the father of Judas Iscariot, who betrayed Jesus, was one of the twelve disciples (Mark)",output_jonathan,0.812718,41.61257871066196,4.821042715448803,2.707912612447219
"Two women will be together grinding grain, but only one will be taken. The other will be left.",Saa ara nso ne ɔte sɛ mmaa mmienu ɔɔyam wiyammoɔ so a; bɛbɛfa baako na bɛagya baako hɔ.,"The other day, the two women were in the same room; one was carrying a child and the other was pregnant.",output_jonathan,0.42488363,28.339919721972095,4.821042715448803,2.707912612447219
"The Son of Man did not come to be a slave master, but a slave who will give his life to rescue many people. Jesus Heals Two Blind Men (Mark",sɛdeɛ Nipa Ba he nso amma sɛ bɛnsom no na mmom ɔbɛsomeɛ na ɔde ne nkwa ayɛ agyedeɛ ama nipa bebree he.” Yesu saa mmeema anifirafoɔ mmienu bi yadeɛ (Marko,"""For the Son of Man did not come to be served, but to serve, and to give His life as a ransom for many."" Jesus said this to His twelve disciples (Mark",output_jonathan,0.6496937,40.54278646151006,4.821042715448803,2.707912612447219
The seeds that fell on good ground are the people who hear and welcome the message. They produce,Na nea beguu no asaase pa mu he gyina hɔ ma nnipa a bɛte asɛm he a bɛgye na bɛsõ aba mmɔho aduasa ne aduosia ne mmɔho ha.” Kanea a ɔhyɛ Atam Ase,We are standing on this good land to listen to those who will speak and take the oath of office as the 27th and 28th members of this house. This is what Atam Ase said earlier.,output_jonathan,0.29368332,23.74208266189668,4.821042715448803,2.707912612447219
"So the Lord's promise came true, just as the prophet Jeremiah had said,",Na diyifoɔ Yeremia asɛm he baam sɛ:,The words of the prophet Jeremiah came to pass as follows:,output_JA-2,,39.48178645486089,4.821042715448803,2.707912612447219
"I tell you not to worry about your life. Don't worry about having something to eat, drink, or wear. Isn't life more than food or clothing?","Nti meeka akyerɛ ho, honnwennwene ho kra ho, deɛ hobedi anaa deɛ hobɛnom, anaa ho nipadua ho, ɔfa deɛ hobɛhyɛ ho. Nkwa nsom bo nkyɛne aduane, na nipadua nkyɛne ntoma anaa?","When you write it down, think deeply in your heart, whether it will benefit you or harm you, or your reputation, it depends on what you will do. Life and religion are connected to food, and reputation is connected to clothing, isn't it?",output_JA-2,,26.223585849723456,4.821042715448803,2.707912612447219
On that day they will be told they are either innocent or guilty because of the things they have said. A Sign from Heaven (Mark,"efiri sɛ ho nsɛm so ne bɛnam bebu ho bem, na ho nsɛm nso so ne bɛnam bebu ho fɔ.” Bebisaa nsɛnkyerɛnne firii Yesu hɔ","The word is like a seed that is sown in the heart, and the word is also like a seed that is sown in the field. The parable came from Jesus.",output_JA-2,,20.413272279664525,4.821042715448803,2.707912612447219
"No one knows the day or hour. The angels in heaven don't know, and the Son himself doesn't know. Only the Father knows.","“Nso saa da ne dɔnhwere he deɛ biaa nnim, soro abɔfoɔ, anaa Ɔba he mpo nnim, gye sɛ Agya he nkoaa.","If you don't know the one who created the sky, the angels, or even the Son, then know that it is the Father.",output_JA-2,,36.2701481982345,4.821042715448803,2.707912612447219
"But Jesus did not say anything, and the governor was greatly amazed. The Death Sentence (Mark","Nso wamma no mmuaeɛ biaa, wammua kwaadu baako koraa, na ɔyɛɛ amrado he nwanwa kɛse. Bebuaa Yesu kumfɔ (Marko","And when he had taken the scroll, he unrolled one part, and it was a very long passage from the prophet Isaiah. They spoke about Jesus' suffering (Mark",output_JA-2,,26.449129956165162,4.821042715448803,2.707912612447219
"So the Lord's promise came true, just as the prophet Jeremiah had said,",Na diyifoɔ Yeremia asɛm he baam sɛ:,Thus says the prophet Jeremiah,gerhardt_8019BE0D_output_WsImHC,,35.23197406978844,4.821042715448803,2.707912612447219
"I tell you not to worry about your life. Don't worry about having something to eat, drink, or wear. Isn't life more than food or clothing?","Nti meeka akyerɛ ho, honnwennwene ho kra ho, deɛ hobedi anaa deɛ hobɛnom, anaa ho nipadua ho, ɔfa deɛ hobɛhyɛ ho. Nkwa nsom bo nkyɛne aduane, na nipadua nkyɛne ntoma anaa?","When I look at it, I think about the soul, whether it will be eaten or drunk, or its clothing, it takes what will be put on it. Life is connected to food, and clothing is connected to clothes, right?",gerhardt_8019BE0D_output_WsImHC,,25.79341599487181,4.821042715448803,2.707912612447219
On that day they will be told they are either innocent or guilty because of the things they have said. A Sign from Heaven (Mark,"efiri sɛ ho nsɛm so ne bɛnam bebu ho bem, na ho nsɛm nso so ne bɛnam bebu ho fɔ.” Bebisaa nsɛnkyerɛnne firii Yesu hɔ","the word that is in your heart and in your mouth, and the word that is in your mouth and in your heart. The parable came from Jesus.",gerhardt_8019BE0D_output_WsImHC,,18.620385272130342,4.821042715448803,2.707912612447219
"No one knows the day or hour. The angels in heaven don't know, and the Son himself doesn't know. Only the Father knows.","“Nso saa da ne dɔnhwere he deɛ biaa nnim, soro abɔfoɔ, anaa Ɔba he mpo nnim, gye sɛ Agya he nkoaa.","Even if no one on earth knows, not even the angels in heaven, nor the Son himself, only the Father knows.",gerhardt_8019BE0D_output_WsImHC,,51.679284328773015,4.821042715448803,2.707912612447219
"But Jesus did not say anything, and the governor was greatly amazed. The Death Sentence (Mark","Nso wamma no mmuaeɛ biaa, wammua kwaadu baako koraa, na ɔyɛɛ amrado he nwanwa kɛse. Bebuaa Yesu kumfɔ (Marko","So when the woman saw that the tree was good for food, and that it was pleasant to the eyes, and a tree to be desired to make one wise, she took of the fruit thereof, and did eat, and gave also unto her husband with her; and he did eat. And the eyes of them both were opened, and they knew that they were naked; and they sewed fig leaves together, and made themselves aprons. And they heard the voice of the Lord God walking in the garden in the cool of the day: and Adam and his wife hid themselves from the presence of the Lord God amongst the trees of the garden. And the Lord God called unto Adam, and said unto him, Where art thou? And he said, I heard thy voice in the garden, and I was afraid, because I was naked; and I hid myself. And he said, Who told thee that thou wast naked? Hast thou eaten of the tree, whereof I commanded thee that thou shouldest not eat? And the man said, The woman whom thou gavest to be with me, she gave me of the tree, and I did eat. And the Lord God said unto the woman, What is this that thou hast done? And the woman said, The serpent beguiled me, and I did eat. And the Lord God said unto the serpent, Because thou hast done this, thou art cursed above all cattle, and above every beast of the field; upon thy belly shalt thou go, and dust shalt thou eat all the days of thy life: And I will put enmity between thee and the woman, and between thy seed and her seed; it shall bruise thy head, and thou shalt bruise his heel. Unto the woman he said, I will greatly multiply thy sorrow and thy conception; in sorrow thou shalt bring forth children; and thy desire shall be to thy husband, and he shall rule over thee. And unto Adam he said, Because thou hast hearkened unto the voice of thy wife, and hast eaten of the tree, of which I commanded thee, saying, Thou shalt not eat of it: cursed is the ground for thy sake; in sorrow shalt thou eat of it all the days of thy life; Thorns also and thistles shall it bring forth to thee; and thou shalt eat the herb of the field; In the sweat of thy face shalt thou eat bread, till thou return unto the ground; for out of it wast thou taken: for dust thou art, and unto dust shalt thou return. And Adam called his wife's name Eve; because she was the mother of all living. Unto Adam also and to his wife did the Lord God make coats of skins, and clothed them. And the Lord God said, Behold, the man is become as one of us, to know good and evil: and now, lest he put forth his hand, and take also of the tree of life, and eat, and live for ever: Therefore the Lord God sent him forth from the garden of Eden, to till the ground from whence he was taken. So he drove out the man; and he placed at the east of the garden of Eden Cherubims, and a flaming sword which turned every way, to keep the way of the tree of life.",gerhardt_8019BE0D_output_WsImHC,,6.030971542744931,4.821042715448803,2.707912612447219
"So the Lord's promise came true, just as the prophet Jeremiah had said,",Na diyifoɔ Yeremia asɛm he baam sɛ:,The words of the prophet Jeremiah came to pass as follows:,Dec 02 output,,39.48178645486089,4.821042715448803,2.707912612447219
"I tell you not to worry about your life. Don't worry about having something to eat, drink, or wear. Isn't life more than food or clothing?","Nti meeka akyerɛ ho, honnwennwene ho kra ho, deɛ hobedi anaa deɛ hobɛnom, anaa ho nipadua ho, ɔfa deɛ hobɛhyɛ ho. Nkwa nsom bo nkyɛne aduane, na nipadua nkyɛne ntoma anaa?","If you don't take care of it, it will affect your soul, whether you eat it or drink it, or your clothing, it will affect you. Life is more than food, and clothing is more than clothes, isn't it?",Dec 02 output,,35.32497977679142,4.821042715448803,2.707912612447219
On that day they will be told they are either innocent or guilty because of the things they have said. A Sign from Heaven (Mark,"efiri sɛ ho nsɛm so ne bɛnam bebu ho bem, na ho nsɛm nso so ne bɛnam bebu ho fɔ.” Bebisaa nsɛnkyerɛnne firii Yesu hɔ","the words that I speak unto you, they are spirit, and they are life. But there are some of you that believe not. For Jesus knew from the beginning",Dec 02 output,,26.954206088137834,4.821042715448803,2.707912612447219
"No one knows the day or hour. The angels in heaven don't know, and the Son himself doesn't know. Only the Father knows.","“Nso saa da ne dɔnhwere he deɛ biaa nnim, soro abɔfoɔ, anaa Ɔba he mpo nnim, gye sɛ Agya he nkoaa.","Even if no one on earth or in heaven, or even the Son, knows, only the Father knows.",Dec 02 output,,36.997290976662974,4.821042715448803,2.707912612447219
"But Jesus did not say anything, and the governor was greatly amazed. The Death Sentence (Mark","Nso wamma no mmuaeɛ biaa, wammua kwaadu baako koraa, na ɔyɛɛ amrado he nwanwa kɛse. Bebuaa Yesu kumfɔ (Marko","And he said to them, ""Follow me, and I will make you fishers of men."" And immediately they left their nets and followed him. They saw Jesus walking (Mark",Dec 02 output,,24.614314348199166,4.821042715448803,2.707912612447219
"So the Lord's promise came true, just as the prophet Jeremiah had said,",Na diyifoɔ Yeremia asɛm he baam sɛ:,The words of the prophet Jeremiah came to pass as follows:,john_567A83BD_output (1),,39.48178645486089,4.821042715448803,2.707912612447219
"I tell you not to worry about your life. Don't worry about having something to eat, drink, or wear. Isn't life more than food or clothing?","Nti meeka akyerɛ ho, honnwennwene ho kra ho, deɛ hobedi anaa deɛ hobɛnom, anaa ho nipadua ho, ɔfa deɛ hobɛhyɛ ho. Nkwa nsom bo nkyɛne aduane, na nipadua nkyɛne ntoma anaa?","When I show you, think about it in your heart, whether it will be good or bad, or about your body, it depends on what you will do. Life is more important than food, and the body is more important than clothes, right?",john_567A83BD_output (1),,31.033670836770185,4.821042715448803,2.707912612447219
On that day they will be told they are either innocent or guilty because of the things they have said. A Sign from Heaven (Mark,"efiri sɛ ho nsɛm so ne bɛnam bebu ho bem, na ho nsɛm nso so ne bɛnam bebu ho fɔ.” Bebisaa nsɛnkyerɛnne firii Yesu hɔ","the word that I speak to you, you will eat it, and the word that I speak to you will be fulfilled.” The question came from Jesus.",john_567A83BD_output (1),,19.874396103269966,4.821042715448803,2.707912612447219
"No one knows the day or hour. The angels in heaven don't know, and the Son himself doesn't know. Only the Father knows.","“Nso saa da ne dɔnhwere he deɛ biaa nnim, soro abɔfoɔ, anaa Ɔba he mpo nnim, gye sɛ Agya he nkoaa.","If you don't know the one who created the heavens and the earth, the angels, or even the Son, then know that it is the Father.",john_567A83BD_output (1),,38.643724654928505,4.821042715448803,2.707912612447219
"But Jesus did not say anything, and the governor was greatly amazed. The Death Sentence (Mark","Nso wamma no mmuaeɛ biaa, wammua kwaadu baako koraa, na ɔyɛɛ amrado he nwanwa kɛse. Bebuaa Yesu kumfɔ (Marko","So when they had eaten, they took one of the loaves, and after giving thanks to God, they broke it. Then Jesus distributed it (Mark)",john_567A83BD_output (1),,27.072946907820867,4.821042715448803,2.707912612447219
"So the Lord's promise came true, just as the prophet Jeremiah had said,",Na diyifoɔ Yeremia asɛm he baam sɛ:,The words of the prophet Jeremiah came to pass as follows:,john_AA1B9A68_output (9),,39.48178645486089,4.821042715448803,2.707912612447219
"I tell you not to worry about your life. Don't worry about having something to eat, drink, or wear. Isn't life more than food or clothing?","Nti meeka akyerɛ ho, honnwennwene ho kra ho, deɛ hobedi anaa deɛ hobɛnom, anaa ho nipadua ho, ɔfa deɛ hobɛhyɛ ho. Nkwa nsom bo nkyɛne aduane, na nipadua nkyɛne ntoma anaa?","When you look at yourself, you see your own face, whether you are eating or drinking, or your own clothes, you take what suits you. Life is more important than food, and clothes are more important than wealth, right?",john_AA1B9A68_output (9),,27.987782929295967,4.821042715448803,2.707912612447219
On that day they will be told they are either innocent or guilty because of the things they have said. A Sign from Heaven (Mark,"efiri sɛ ho nsɛm so ne bɛnam bebu ho bem, na ho nsɛm nso so ne bɛnam bebu ho fɔ.” Bebisaa nsɛnkyerɛnne firii Yesu hɔ","The word is near you, in your mouth and in your heart, that is, the word of faith that we preach. This is the message about Jesus.",john_AA1B9A68_output (9),,18.16092215649971,4.821042715448803,2.707912612447219
"No one knows the day or hour. The angels in heaven don't know, and the Son himself doesn't know. Only the Father knows.","“Nso saa da ne dɔnhwere he deɛ biaa nnim, soro abɔfoɔ, anaa Ɔba he mpo nnim, gye sɛ Agya he nkoaa.","If you don't know the way to go, the angels in heaven, or even God Himself, know, but only the Father knows.",john_AA1B9A68_output (9),,49.99529382481881,4.821042715448803,2.707912612447219
"But Jesus did not say anything, and the governor was greatly amazed. The Death Sentence (Mark","Nso wamma no mmuaeɛ biaa, wammua kwaadu baako koraa, na ɔyɛɛ amrado he nwanwa kɛse. Bebuaa Yesu kumfɔ (Marko","So when the woman saw that the tree was good for food, and that it was pleasant to the eyes, and a tree to be desired to make one wise, she took of the fruit thereof, and did eat, and gave also unto her husband with her; and he did eat. And the eyes of them both were opened, and they knew that they were naked; and they sewed fig leaves together, and made themselves aprons. And they heard the voice of the Lord God walking in the garden in the cool of the day: and Adam and his wife hid themselves from the presence of the Lord God amongst the trees of the garden. And the Lord God called unto Adam, and said unto him, Where art thou? And he said, I heard thy voice in the garden, and I was afraid, because I was naked; and I hid myself. And he said, Who told thee that thou wast naked? Hast thou eaten of the tree, whereof I commanded thee that thou shouldest not eat? And the man said, The woman whom thou gavest to be with me, she gave me of the tree, and I did eat. And the Lord God said unto the woman, What is this that thou hast done? And the woman said, The serpent beguiled me, and I did eat. And the Lord God said unto the serpent, Because thou hast done this, thou art cursed above all cattle, and above every beast of the field; upon thy belly shalt thou go, and dust shalt thou eat all the days of thy life: And I will put enmity between thee and the woman, and between thy seed and her seed; it shall bruise thy head, and thou shalt bruise his heel. Unto the woman he said, I will greatly multiply thy sorrow and thy conception; in sorrow thou shalt bring forth children; and thy desire shall be to thy husband, and he shall rule over thee. And unto Adam he said, Because thou hast hearkened unto the voice of thy wife, and hast eaten of the tree, of which I commanded thee, saying, Thou shalt not eat of it: cursed is the ground for thy sake; in sorrow shalt thou eat of it all the days of thy life; Thorns also and thistles shall it bring forth to thee; and thou shalt eat the herb of the field; In the sweat of thy face shalt thou eat bread, till thou return unto the ground; for out of it wast thou taken: for dust thou art, and unto dust shalt thou return. And Adam called his wife's name Eve; because she was the mother of all living. Unto Adam also and to his wife did the Lord God make coats of skins, and clothed them. And the Lord God said, Behold, the man is become as one of us, to know good and evil: and now, lest he put forth his hand, and take also of the tree of life, and eat, and live for ever: Therefore the Lord God sent him forth from the garden of Eden, to till the ground from whence he was taken. So he drove out the man; and he placed at the east of the garden of Eden Cherubims, and a flaming sword which turned every way, to keep the way of the tree of life.",john_AA1B9A68_output (9),,6.030971542744931,4.821042715448803,2.707912612447219
"So the Lord's promise came true, just as the prophet Jeremiah had said,",Na diyifoɔ Yeremia asɛm he baam sɛ:,The words of the prophet Jeremiah came to pass as follows:,Dec 07 output,,39.48178645486089,4.821042715448803,2.707912612447219
"I tell you not to worry about your life. Don't worry about having something to eat, drink, or wear. Isn't life more than food or clothing?","Nti meeka akyerɛ ho, honnwennwene ho kra ho, deɛ hobedi anaa deɛ hobɛnom, anaa ho nipadua ho, ɔfa deɛ hobɛhyɛ ho. Nkwa nsom bo nkyɛne aduane, na nipadua nkyɛne ntoma anaa?","If I tell you, think carefully about it, whether it will benefit you or harm you, or your reputation, he will do what is right. Life is more important than food, and reputation more important than clothes, isn't it?",Dec 07 output,,31.950509087768985,4.821042715448803,2.707912612447219
On that day they will be told they are either innocent or guilty because of the things they have said. A Sign from Heaven (Mark,"efiri sɛ ho nsɛm so ne bɛnam bebu ho bem, na ho nsɛm nso so ne bɛnam bebu ho fɔ.” Bebisaa nsɛnkyerɛnne firii Yesu hɔ","the word that is in you is the same as the one that is in the world, and the word that is in the world is also the same as the one that is in you. The disciples heard this teaching from Jesus.",Dec 07 output,,21.615867117507737,4.821042715448803,2.707912612447219
"No one knows the day or hour. The angels in heaven don't know, and the Son himself doesn't know. Only the Father knows.","“Nso saa da ne dɔnhwere he deɛ biaa nnim, soro abɔfoɔ, anaa Ɔba he mpo nnim, gye sɛ Agya he nkoaa.","If you don't know the way to go, the heavenly beings or even the king himself, just rely on God.",Dec 07 output,,27.622485923042746,4.821042715448803,2.707912612447219
"But Jesus did not say anything, and the governor was greatly amazed. The Death Sentence (Mark","Nso wamma no mmuaeɛ biaa, wammua kwaadu baako koraa, na ɔyɛɛ amrado he nwanwa kɛse. Bebuaa Yesu kumfɔ (Marko","And he said to them, ""Follow me, and I will make you fishers of men."" Then they immediately left their nets and followed him. (Mark 1:17)",Dec 07 output,,21.179052259115252,4.821042715448803,2.707912612447219
"So the Lord's promise came true, just as the prophet Jeremiah had said,",Na diyifoɔ Yeremia asɛm he baam sɛ:,The word that came to Jeremiah from the Lord saying:,Dec 10 output,,30.695670811241033,4.821042715448803,2.707912612447219
"I tell you not to worry about your life. Don't worry about having something to eat, drink, or wear. Isn't life more than food or clothing?","Nti meeka akyerɛ ho, honnwennwene ho kra ho, deɛ hobedi anaa deɛ hobɛnom, anaa ho nipadua ho, ɔfa deɛ hobɛhyɛ ho. Nkwa nsom bo nkyɛne aduane, na nipadua nkyɛne ntoma anaa?","If you don't take care of it, the dirt will settle in your body, whether you eat or drink, or on your clothes, it will affect what you wear. Life and health are more important than food, and clothes are more important than wealth, right?",Dec 10 output,,31.0248167812594,4.821042715448803,2.707912612447219
On that day they will be told they are either innocent or guilty because of the things they have said. A Sign from Heaven (Mark,"efiri sɛ ho nsɛm so ne bɛnam bebu ho bem, na ho nsɛm nso so ne bɛnam bebu ho fɔ.” Bebisaa nsɛnkyerɛnne firii Yesu hɔ",The words that I speak to you are spirit and they are life. The words I have spoken to you are spirit and life. This saying of Jesus was difficult to understand.,Dec 10 output,,23.402542691662042,4.821042715448803,2.707912612447219
"No one knows the day or hour. The angels in heaven don't know, and the Son himself doesn't know. Only the Father knows.","“Nso saa da ne dɔnhwere he deɛ biaa nnim, soro abɔfoɔ, anaa Ɔba he mpo nnim, gye sɛ Agya he nkoaa.","If you don't know where to go, the heavenly beings or even the king himself doesn't know, except the Father.",Dec 10 output,,43.472306523623836,4.821042715448803,2.707912612447219
"But Jesus did not say anything, and the governor was greatly amazed. The Death Sentence (Mark","Nso wamma no mmuaeɛ biaa, wammua kwaadu baako koraa, na ɔyɛɛ amrado he nwanwa kɛse. Bebuaa Yesu kumfɔ (Marko","So when they had eaten, they gave him a piece of bread, and he blessed and broke it, and gave it to them. Then Jesus was crucified (Mark)",Dec 10 output,,26.09182349662591,4.821042715448803,2.707912612447219
"So the Lord's promise came true, just as the prophet Jeremiah had said,",Na diyifoɔ Yeremia asɛm he baam sɛ:,The words of the prophet Jeremiah came to me saying:,john_7781CD93_output (6),,39.61837567426168,4.821042715448803,2.707912612447219
"I tell you not to worry about your life. Don't worry about having something to eat, drink, or wear. Isn't life more than food or clothing?","Nti meeka akyerɛ ho, honnwennwene ho kra ho, deɛ hobedi anaa deɛ hobɛnom, anaa ho nipadua ho, ɔfa deɛ hobɛhyɛ ho. Nkwa nsom bo nkyɛne aduane, na nipadua nkyɛne ntoma anaa?","If I tell you, think carefully about it, whether it will benefit you or harm you, or your reputation, it depends on how you will use it. Life is more than just food, and reputation is more than just clothes, isn't it?",john_7781CD93_output (6),,31.601630310202584,4.821042715448803,2.707912612447219
On that day they will be told they are either innocent or guilty because of the things they have said. A Sign from Heaven (Mark,"efiri sɛ ho nsɛm so ne bɛnam bebu ho bem, na ho nsɛm nso so ne bɛnam bebu ho fɔ.” Bebisaa nsɛnkyerɛnne firii Yesu hɔ","""The word that was with God and was God, and the word was with God from the beginning."" The teaching came from Jesus.",john_7781CD93_output (6),,19.010883125220438,4.821042715448803,2.707912612447219
"No one knows the day or hour. The angels in heaven don't know, and the Son himself doesn't know. Only the Father knows.","“Nso saa da ne dɔnhwere he deɛ biaa nnim, soro abɔfoɔ, anaa Ɔba he mpo nnim, gye sɛ Agya he nkoaa.","Even if the whole world does not know you, the angels in heaven, or even the Lord Himself, it is enough that the Father knows you.",john_7781CD93_output (6),,42.681428970129396,4.821042715448803,2.707912612447219
"But Jesus did not say anything, and the governor was greatly amazed. The Death Sentence (Mark","Nso wamma no mmuaeɛ biaa, wammua kwaadu baako koraa, na ɔyɛɛ amrado he nwanwa kɛse. Bebuaa Yesu kumfɔ (Marko","So when they had gathered, they found only one boy, and he was a great sinner. They brought him to Jesus to be killed (Mark)",john_7781CD93_output (6),,27.37075408925086,4.821042715448803,2.707912612447219
"So the Lord's promise came true, just as the prophet Jeremiah had said,",Na diyifoɔ Yeremia asɛm he baam sɛ:,Thus says the prophet Jeremiah,gerhardt_25FFCBF7_output_DdErIM,,35.23197406978844,4.821042715448803,2.707912612447219
"I tell you not to worry about your life. Don't worry about having something to eat, drink, or wear. Isn't life more than food or clothing?","Nti meeka akyerɛ ho, honnwennwene ho kra ho, deɛ hobedi anaa deɛ hobɛnom, anaa ho nipadua ho, ɔfa deɛ hobɛhyɛ ho. Nkwa nsom bo nkyɛne aduane, na nipadua nkyɛne ntoma anaa?","When you write it, think carefully about what you will eat or drink, or what you will wear. Life is more than food, and the body is more than clothes, isn't it?",gerhardt_25FFCBF7_output_DdErIM,,36.146320090809404,4.821042715448803,2.707912612447219
On that day they will be told they are either innocent or guilty because of the things they have said. A Sign from Heaven (Mark,"efiri sɛ ho nsɛm so ne bɛnam bebu ho bem, na ho nsɛm nso so ne bɛnam bebu ho fɔ.” Bebisaa nsɛnkyerɛnne firii Yesu hɔ","the word that is in your mouth and in your heart, that is the word of faith that we preach. The scripture says about Jesus",gerhardt_25FFCBF7_output_DdErIM,,18.54863366347318,4.821042715448803,2.707912612447219
"No one knows the day or hour. The angels in heaven don't know, and the Son himself doesn't know. Only the Father knows.","“Nso saa da ne dɔnhwere he deɛ biaa nnim, soro abɔfoɔ, anaa Ɔba he mpo nnim, gye sɛ Agya he nkoaa.","Even if no one on earth, in the sky, or even the King knows, only God knows.",gerhardt_25FFCBF7_output_DdErIM,,19.723204571525947,4.821042715448803,2.707912612447219
"But Jesus did not say anything, and the governor was greatly amazed. The Death Sentence (Mark","Nso wamma no mmuaeɛ biaa, wammua kwaadu baako koraa, na ɔyɛɛ amrado he nwanwa kɛse. Bebuaa Yesu kumfɔ (Marko","And when they had taken him, they led him to one man, and he was a great man in the army. They asked Jesus to kill him (Mark).",gerhardt_25FFCBF7_output_DdErIM,,26.824622811849043,4.821042715448803,2.707912612447219
"So the Lord's promise came true, just as the prophet Jeremiah had said,",Na diyifoɔ Yeremia asɛm he baam sɛ:,The words of the prophet Jeremiah came to me as follows:,output_mich003,,39.18108121676382,4.821042715448803,2.707912612447219
"I tell you not to worry about your life. Don't worry about having something to eat, drink, or wear. Isn't life more than food or clothing?","Nti meeka akyerɛ ho, honnwennwene ho kra ho, deɛ hobedi anaa deɛ hobɛnom, anaa ho nipadua ho, ɔfa deɛ hobɛhyɛ ho. Nkwa nsom bo nkyɛne aduane, na nipadua nkyɛne ntoma anaa?","When you look at it, it's all about the mind, whether it's good or bad, or its color, it depends on what you make of it. Life is like food and clothes, isn't it?",output_mich003,,23.709543641286544,4.821042715448803,2.707912612447219
On that day they will be told they are either innocent or guilty because of the things they have said. A Sign from Heaven (Mark,"efiri sɛ ho nsɛm so ne bɛnam bebu ho bem, na ho nsɛm nso so ne bɛnam bebu ho fɔ.” Bebisaa nsɛnkyerɛnne firii Yesu hɔ","The word is near you, in your mouth and in your heart, that is, the word of faith which we preach. The scripture says about Jesus.",output_mich003,,17.31015021292579,4.821042715448803,2.707912612447219
"No one knows the day or hour. The angels in heaven don't know, and the Son himself doesn't know. Only the Father knows.","“Nso saa da ne dɔnhwere he deɛ biaa nnim, soro abɔfoɔ, anaa Ɔba he mpo nnim, gye sɛ Agya he nkoaa.","Even if no one on earth knows, not even the angels in heaven, nor the Son himself, only the Father knows.",output_mich003,,51.679284328773015,4.821042715448803,2.707912612447219
"But Jesus did not say anything, and the governor was greatly amazed. The Death Sentence (Mark","Nso wamma no mmuaeɛ biaa, wammua kwaadu baako koraa, na ɔyɛɛ amrado he nwanwa kɛse. Bebuaa Yesu kumfɔ (Marko","So when they had gathered, they took one of the boys, who was a great sinner, and brought him to Jesus to be healed (Mark).",output_mich003,,26.20117770413268,4.821042715448803,2.707912612447219
"So the Lord's promise came true, just as the prophet Jeremiah had said,",Na diyifoɔ Yeremia asɛm he baam sɛ:,"The word that came to Jeremiah from the Lord, saying:",output_JA-6,,30.571845383684675,4.821042715448803,2.707912612447219
"I tell you not to worry about your life. Don't worry about having something to eat, drink, or wear. Isn't life more than food or clothing?","Nti meeka akyerɛ ho, honnwennwene ho kra ho, deɛ hobedi anaa deɛ hobɛnom, anaa ho nipadua ho, ɔfa deɛ hobɛhyɛ ho. Nkwa nsom bo nkyɛne aduane, na nipadua nkyɛne ntoma anaa?","When you write it, think deeply in your heart, whether it will be useful or not, or whether it will be beneficial to others. Life is more important than food, and clothing is more important than food, isn't it?",output_JA-6,,29.087911661205656,4.821042715448803,2.707912612447219
On that day they will be told they are either innocent or guilty because of the things they have said. A Sign from Heaven (Mark,"efiri sɛ ho nsɛm so ne bɛnam bebu ho bem, na ho nsɛm nso so ne bɛnam bebu ho fɔ.” Bebisaa nsɛnkyerɛnne firii Yesu hɔ","""If you remain in my word, you are truly my disciples, and you will know the truth, and the truth will set you free."" This statement came from Jesus.",output_JA-6,,20.740716870304723,4.821042715448803,2.707912612447219
"No one knows the day or hour. The angels in heaven don't know, and the Son himself doesn't know. Only the Father knows.","“Nso saa da ne dɔnhwere he deɛ biaa nnim, soro abɔfoɔ, anaa Ɔba he mpo nnim, gye sɛ Agya he nkoaa.","Even if no one on earth knows, the angels in heaven, or even God himself, it is enough that the Father knows.",output_JA-6,,43.38867660561726,4.821042715448803,2.707912612447219
"But Jesus did not say anything, and the governor was greatly amazed. The Death Sentence (Mark","Nso wamma no mmuaeɛ biaa, wammua kwaadu baako koraa, na ɔyɛɛ amrado he nwanwa kɛse. Bebuaa Yesu kumfɔ (Marko","So when the woman saw that the tree was good for food, and that it was pleasant to the eyes, and a tree to be desired to make one wise, she took of the fruit thereof, and did eat, and gave also unto her husband with her; and he did eat. And the eyes of them both were opened, and they knew that they were naked; and they sewed fig leaves together, and made themselves aprons. And they heard the voice of the Lord God walking in the garden in the cool of the day: and Adam and his wife hid themselves from the presence of the Lord God amongst the trees of the garden. And the Lord God called unto Adam, and said unto him, Where art thou? And he said, I heard thy voice in the garden, and I was afraid, because I was naked; and I hid myself. And he said, Who told thee that thou wast naked? Hast thou eaten of the tree, whereof I commanded thee that thou shouldest not eat? And the man said, The woman whom thou gavest to be with me, she gave me of the tree, and I did eat. And the Lord God said unto the woman, What is this that thou hast done? And the woman said, The serpent beguiled me, and I did eat. And the Lord God said unto the serpent, Because thou hast done this, thou art cursed above all cattle, and above every beast of the field; upon thy belly shalt thou go, and dust shalt thou eat all the days of thy life: And I will put enmity between thee and the woman, and between thy seed and her seed; it shall bruise thy head, and thou shalt bruise his heel. Unto the woman he said, I will greatly multiply thy sorrow and thy conception; in sorrow thou shalt bring forth children; and thy desire shall be to thy husband, and he shall rule over thee. And unto Adam he said, Because thou hast hearkened unto the voice of thy wife, and hast eaten of the tree, of which I commanded thee, saying, Thou shalt not eat of it: cursed is the ground for thy sake; in sorrow shalt thou eat of it all the days of thy life; Thorns also and thistles shall it bring forth to thee; and thou shalt eat the herb of the field; In the sweat of thy face shalt thou eat bread, till thou return unto the ground; for out of it wast thou taken: for dust thou art, and unto dust shalt thou return. And Adam called his wife's name Eve; because she was the mother of all living. Unto Adam also and to his wife did the Lord God make coats of skins, and clothed them. And the Lord God said, Behold, the man is become as one of us, to know good and evil: and now, lest he put forth his hand, and take also of the tree of life, and eat, and live for ever: Therefore the Lord God sent him forth from the garden of Eden, to till the ground from whence he was taken. So he drove out the man; and he placed at the east of the garden of Eden Cherubims, and a flaming sword which turned every way, to keep the way of the tree of life.",output_JA-6,,6.030971542744931,4.821042715448803,2.707912612447219
"So the Lord's promise came true, just as the prophet Jeremiah had said,",Na diyifoɔ Yeremia asɛm he baam sɛ:,Thus says the prophet Jeremiah,Dec 03 output,,35.23197406978844,4.821042715448803,2.707912612447219
"I tell you not to worry about your life. Don't worry about having something to eat, drink, or wear. Isn't life more than food or clothing?","Nti meeka akyerɛ ho, honnwennwene ho kra ho, deɛ hobedi anaa deɛ hobɛnom, anaa ho nipadua ho, ɔfa deɛ hobɛhyɛ ho. Nkwa nsom bo nkyɛne aduane, na nipadua nkyɛne ntoma anaa?","When I look at you, I see your soul, what you will eat or what you will drink, or your clothes, he takes what he will wear. Life is more than food, and clothing is more than clothes, isn't it?",Dec 03 output,,35.25623403535461,4.821042715448803,2.707912612447219
On that day they will be told they are either innocent or guilty because of the things they have said. A Sign from Heaven (Mark,"efiri sɛ ho nsɛm so ne bɛnam bebu ho bem, na ho nsɛm nso so ne bɛnam bebu ho fɔ.” Bebisaa nsɛnkyerɛnne firii Yesu hɔ","""The word is near you, in your mouth and in your heart, that is, the word of faith that we preach. The scripture says about the righteousness that comes from faith."" The message came from Jesus.",Dec 03 output,,20.680512785048013,4.821042715448803,2.707912612447219
"No one knows the day or hour. The angels in heaven don't know, and the Son himself doesn't know. Only the Father knows.","“Nso saa da ne dɔnhwere he deɛ biaa nnim, soro abɔfoɔ, anaa Ɔba he mpo nnim, gye sɛ Agya he nkoaa.","If you don't know the name of a bird in the sky or even the name of a king, just say it's the name of the father.",Dec 03 output,,23.939187088659555,4.821042715448803,2.707912612447219
"But Jesus did not say anything, and the governor was greatly amazed. The Death Sentence (Mark","Nso wamma no mmuaeɛ biaa, wammua kwaadu baako koraa, na ɔyɛɛ amrado he nwanwa kɛse. Bebuaa Yesu kumfɔ (Marko","And they took the child and his mother, and brought him to a great house, and he became a great man there. They asked Jesus to come (Mark)",Dec 03 output,,28.69968315469989,4.821042715448803,2.707912612447219
"So the Lord's promise came true, just as the prophet Jeremiah had said,",Na diyifoɔ Yeremia asɛm he baam sɛ:,"The word that came to Jeremiah from the Lord, saying:",Dec 09 output,,30.571845383684675,4.821042715448803,2.707912612447219
"I tell you not to worry about your life. Don't worry about having something to eat, drink, or wear. Isn't life more than food or clothing?","Nti meeka akyerɛ ho, honnwennwene ho kra ho, deɛ hobedi anaa deɛ hobɛnom, anaa ho nipadua ho, ɔfa deɛ hobɛhyɛ ho. Nkwa nsom bo nkyɛne aduane, na nipadua nkyɛne ntoma anaa?","If you don't take care of yourself, your body will suffer, whether you eat or drink, or your clothing, it affects your well-being. Health is connected to food, and clothing is connected to health, isn't it?",Dec 09 output,,31.438674481276017,4.821042715448803,2.707912612447219
On that day they will be told they are either innocent or guilty because of the things they have said. A Sign from Heaven (Mark,"efiri sɛ ho nsɛm so ne bɛnam bebu ho bem, na ho nsɛm nso so ne bɛnam bebu ho fɔ.” Bebisaa nsɛnkyerɛnne firii Yesu hɔ","If you remain in my word, you are truly my disciples, and you will know the truth, and the truth will set you free.” This teaching came from Jesus.",Dec 09 output,,20.825313284743814,4.821042715448803,2.707912612447219
"No one knows the day or hour. The angels in heaven don't know, and the Son himself doesn't know. Only the Father knows.","“Nso saa da ne dɔnhwere he deɛ biaa nnim, soro abɔfoɔ, anaa Ɔba he mpo nnim, gye sɛ Agya he nkoaa.","If you do not know the one who created the sky and the earth, or even the Son, know that it is the Father.",Dec 09 output,,30.661531191789575,4.821042715448803,2.707912612447219
"But Jesus did not say anything, and the governor was greatly amazed. The Death Sentence (Mark","Nso wamma no mmuaeɛ biaa, wammua kwaadu baako koraa, na ɔyɛɛ amrado he nwanwa kɛse. Bebuaa Yesu kumfɔ (Marko","And when they had bound him, they led him away and delivered him to Pontius Pilate the governor. They accused Jesus before Pilate (Mark)",Dec 09 output,,32.44621892278647,4.821042715448803,2.707912612447219
"So the Lord's promise came true, just as the prophet Jeremiah had said,",Na diyifoɔ Yeremia asɛm he baam sɛ:,The words of the prophet Jeremiah came to pass as follows:,output_onesimus007,0.816744,39.48178645486089,4.821042715448803,2.707912612447219
"When the soldiers had finished making fun of Jesus, they took off the robe. They put his own clothes back on him and led him off to be nailed to a cross.","Bedii ne ho fɛw wieeɛ he, beyii ataadeɛ kɔkɔɔ he firii ne ho, na bɛde ɔnoaa n’ataadeɛ hyɛɛ no. Na afei bɛde no firi hɔ kɔbɔɔ no asennua mu.","When he saw that he was alone, he took a knife and cut himself, and then used the knife to kill himself. After that, they took him from there and buried him in his father's grave.",output_onesimus007,0.49263227,26.956333284058985,4.821042715448803,2.707912612447219
"No one was able to give Jesus an answer, and from that day on, no one dared ask him any more questions.","Biaa antumi ammua no asɛm biaa, na ofiri saa da he biaa ammisa no asɛm biaa bio.","If you don't tell him anything, he won't ask you anything again from that day.",output_onesimus007,0.33115852,23.820075015735412,4.821042715448803,2.707912612447219
"Jesus answered, “Who is my mother and who are my brothers?”","Na Yesu buaa deɛ ɔkaa saa he sɛ, “Hwane ne me maame, na hwane ne me nuanom?”","Who is my mother, and who are my brothers?",output_onesimus007,0.6667391,64.5229564368779,4.821042715448803,2.707912612447219
"“A virgin will have a baby boy, and he will be called Immanuel,” which means “God is with us.”","“Hwɛ, babunu he bɛfa afuro na wawo ba beema, na bɛato ne dini sɛ Immanuel,” asekyerɛ ne sɛ, .","“Behold, the virgin shall conceive and bear a son, and they shall call his name Immanuel,” which means",output_onesimus007,0.89778507,40.534849720540585,4.821042715448803,2.707912612447219
"So the Lord's promise came true, just as the prophet Jeremiah had said,",Na diyifoɔ Yeremia asɛm he baam sɛ:,The words of the prophet Jeremiah came to pass as follows:,john_1C6E69D4_output (8),,39.48178645486089,4.821042715448803,2.707912612447219
"I tell you not to worry about your life. Don't worry about having something to eat, drink, or wear. Isn't life more than food or clothing?","Nti meeka akyerɛ ho, honnwennwene ho kra ho, deɛ hobedi anaa deɛ hobɛnom, anaa ho nipadua ho, ɔfa deɛ hobɛhyɛ ho. Nkwa nsom bo nkyɛne aduane, na nipadua nkyɛne ntoma anaa?","When you look at it, think deeply about it, whether it will benefit you or harm you, or about your reputation, it will affect what you do. Life is more than just food, and reputation is more than just clothes, isn't it?",john_1C6E69D4_output (8),,30.841346546775732,4.821042715448803,2.707912612447219
On that day they will be told they are either innocent or guilty because of the things they have said. A Sign from Heaven (Mark,"efiri sɛ ho nsɛm so ne bɛnam bebu ho bem, na ho nsɛm nso so ne bɛnam bebu ho fɔ.” Bebisaa nsɛnkyerɛnne firii Yesu hɔ","if you do not forgive others their sins, your Father will not forgive your sins. This parable came from Jesus.",john_1C6E69D4_output (8),,18.498565009463917,4.821042715448803,2.707912612447219
"No one knows the day or hour. The angels in heaven don't know, and the Son himself doesn't know. Only the Father knows.","“Nso saa da ne dɔnhwere he deɛ biaa nnim, soro abɔfoɔ, anaa Ɔba he mpo nnim, gye sɛ Agya he nkoaa.","If you don't know the one who created the heavens and the earth, the angels, or even the Son, then know that it is the Father.",john_1C6E69D4_output (8),,38.643724654928505,4.821042715448803,2.707912612447219
"But Jesus did not say anything, and the governor was greatly amazed. The Death Sentence (Mark","Nso wamma no mmuaeɛ biaa, wammua kwaadu baako koraa, na ɔyɛɛ amrado he nwanwa kɛse. Bebuaa Yesu kumfɔ (Marko","So when the woman saw that the tree was good for food, and that it was pleasant to the eyes, and a tree to be desired to make one wise, she took of the fruit thereof, and did eat, and gave also unto her husband with her; and he did eat. And the eyes of them both were opened, and they knew that they were naked; and they sewed fig leaves together, and made themselves aprons. And they heard the voice of the Lord God walking in the garden in the cool of the day: and Adam and his wife hid themselves from the presence of the Lord God amongst the trees of the garden. And the Lord God called unto Adam, and said unto him, Where art thou? And he said, I heard thy voice in the garden, and I was afraid, because I was naked; and I hid myself. And he said, Who told thee that thou wast naked? Hast thou eaten of the tree, whereof I commanded thee that thou shouldest not eat? And the man said, The woman whom thou gavest to be with me, she gave me of the tree, and I did eat. And the Lord God said unto the woman, What is this that thou hast done? And the woman said, The serpent beguiled me, and I did eat. And the Lord God said unto the serpent, Because thou hast done this, thou art cursed above all cattle, and above every beast of the field; upon thy belly shalt thou go, and dust shalt thou eat all the days of thy life: And I will put enmity between thee and the woman, and between thy seed and her seed; it shall bruise thy head, and thou shalt bruise his heel. Unto the woman he said, I will greatly multiply thy sorrow and thy conception; in sorrow thou shalt bring forth children; and thy desire shall be to thy husband, and he shall rule over thee. And unto Adam he said, Because thou hast hearkened unto the voice of thy wife, and hast eaten of the tree, of which I commanded thee, saying, Thou shalt not eat of it: cursed is the ground for thy sake; in sorrow shalt thou eat of it all the days of thy life; Thorns also and thistles shall it bring forth to thee; and thou shalt eat the herb of the field; In the sweat of thy face shalt thou eat bread, till thou return unto the ground; for out of it wast thou taken: for dust thou art, and unto dust shalt thou return. And Adam called his wife's name Eve; because she was the mother of all living. Unto Adam also and to his wife did the Lord God make coats of skins, and clothed them. And the Lord God said, Behold, the man is become as one of us, to know good and evil: and now, lest he put forth his hand, and take also of the tree of life, and eat, and live for ever: Therefore the Lord God sent him forth from the garden of Eden, to till the ground from whence he was taken. So he drove out the man; and he placed at the east of the garden of Eden Cherubims, and a flaming sword which turned every way, to keep the way of the tree of life.",john_1C6E69D4_output (8),,6.030971542744931,4.821042715448803,2.707912612447219
"So the Lord's promise came true, just as the prophet Jeremiah had said,",Na diyifoɔ Yeremia asɛm he baam sɛ:,The word of the Lord came to the prophet Jeremiah as follows:,output_johnayernor,,45.002382872551024,4.821042715448803,2.707912612447219
"I tell you not to worry about your life. Don't worry about having something to eat, drink, or wear. Isn't life more than food or clothing?","Nti meeka akyerɛ ho, honnwennwene ho kra ho, deɛ hobedi anaa deɛ hobɛnom, anaa ho nipadua ho, ɔfa deɛ hobɛhyɛ ho. Nkwa nsom bo nkyɛne aduane, na nipadua nkyɛne ntoma anaa?","When you write it down, think deeply about it, whether it will be beneficial or harmful, or about someone's reputation, consider what will happen. Life is more important than food, and reputation is more important than clothes, isn't it?",output_johnayernor,,28.381522703637636,4.821042715448803,2.707912612447219
On that day they will be told they are either innocent or guilty because of the things they have said. A Sign from Heaven (Mark,"efiri sɛ ho nsɛm so ne bɛnam bebu ho bem, na ho nsɛm nso so ne bɛnam bebu ho fɔ.” Bebisaa nsɛnkyerɛnne firii Yesu hɔ","""The word that was with God and was God, and the word was with God in the beginning."" The teaching came from Jesus.",output_johnayernor,,19.421631828789916,4.821042715448803,2.707912612447219
"No one knows the day or hour. The angels in heaven don't know, and the Son himself doesn't know. Only the Father knows.","“Nso saa da ne dɔnhwere he deɛ biaa nnim, soro abɔfoɔ, anaa Ɔba he mpo nnim, gye sɛ Agya he nkoaa.","If you don't know the one who created the sky, the angels, or even the Son, then know that it is the Father.",output_johnayernor,,36.2701481982345,4.821042715448803,2.707912612447219
"But Jesus did not say anything, and the governor was greatly amazed. The Death Sentence (Mark","Nso wamma no mmuaeɛ biaa, wammua kwaadu baako koraa, na ɔyɛɛ amrado he nwanwa kɛse. Bebuaa Yesu kumfɔ (Marko","And when they had bound him, they led him away and delivered him to Pontius Pilate the governor. They brought Jesus to Pilate (Mark)",output_johnayernor,,33.18967436614706,4.821042715448803,2.707912612447219
"So the Lord's promise came true, just as the prophet Jeremiah had said,",Na diyifoɔ Yeremia asɛm he baam sɛ:,The word that came to Jeremiah from the Lord saying:,Dec 11 output,,30.695670811241033,4.821042715448803,2.707912612447219
"I tell you not to worry about your life. Don't worry about having something to eat, drink, or wear. Isn't life more than food or clothing?","Nti meeka akyerɛ ho, honnwennwene ho kra ho, deɛ hobedi anaa deɛ hobɛnom, anaa ho nipadua ho, ɔfa deɛ hobɛhyɛ ho. Nkwa nsom bo nkyɛne aduane, na nipadua nkyɛne ntoma anaa?","When I look at you, I see your soul, whether you are eating or drinking, or your clothing, it shows who you are. Life and worship go together with food, and clothing goes with what?",Dec 11 output,,29.169643500441584,4.821042715448803,2.707912612447219
On that day they will be told they are either innocent or guilty because of the things they have said. A Sign from Heaven (Mark,"efiri sɛ ho nsɛm so ne bɛnam bebu ho bem, na ho nsɛm nso so ne bɛnam bebu ho fɔ.” Bebisaa nsɛnkyerɛnne firii Yesu hɔ","""The word is near you, in your mouth and in your heart"" (that is, the word of faith which we preach): that if you confess with your mouth the Lord Jesus",Dec 11 output,,17.54033106704838,4.821042715448803,2.707912612447219
"No one knows the day or hour. The angels in heaven don't know, and the Son himself doesn't know. Only the Father knows.","“Nso saa da ne dɔnhwere he deɛ biaa nnim, soro abɔfoɔ, anaa Ɔba he mpo nnim, gye sɛ Agya he nkoaa.","If you don't know where to go or what to do, look to the heavens, or even to the Son, but rely on the Father.",Dec 11 output,,30.59699575509895,4.821042715448803,2.707912612447219
"But Jesus did not say anything, and the governor was greatly amazed. The Death Sentence (Mark","Nso wamma no mmuaeɛ biaa, wammua kwaadu baako koraa, na ɔyɛɛ amrado he nwanwa kɛse. Bebuaa Yesu kumfɔ (Marko","And he could not do any miracle there, except that he laid his hands on a few sick people and healed them. And he was amazed at their unbelief. (Mark)",Dec 11 output,,24.6747958785351,4.821042715448803,2.707912612447219
"So the Lord's promise came true, just as the prophet Jeremiah had said,",Na diyifoɔ Yeremia asɛm he baam sɛ:,The words of the prophet Jeremiah came to pass as follows:,gerhardt_0445F08A_output_T9n53N,,39.48178645486089,4.821042715448803,2.707912612447219
"I tell you not to worry about your life. Don't worry about having something to eat, drink, or wear. Isn't life more than food or clothing?","Nti meeka akyerɛ ho, honnwennwene ho kra ho, deɛ hobedi anaa deɛ hobɛnom, anaa ho nipadua ho, ɔfa deɛ hobɛhyɛ ho. Nkwa nsom bo nkyɛne aduane, na nipadua nkyɛne ntoma anaa?","When I tell you, think deeply about it, whether it will benefit you or harm you, or your reputation, he takes what will suit him. Life is more important than food, and reputation more important than clothing, right?",gerhardt_0445F08A_output_T9n53N,,32.729942380483564,4.821042715448803,2.707912612447219
On that day they will be told they are either innocent or guilty because of the things they have said. A Sign from Heaven (Mark,"efiri sɛ ho nsɛm so ne bɛnam bebu ho bem, na ho nsɛm nso so ne bɛnam bebu ho fɔ.” Bebisaa nsɛnkyerɛnne firii Yesu hɔ","the word that is sown in them is the one who hears the word and immediately receives it with joy. But they have no root in themselves, and so they endure only for a time. When trouble or persecution arises on account of the word, they quickly fall away. The parable came from Jesus.",gerhardt_0445F08A_output_T9n53N,,26.19344994264589,4.821042715448803,2.707912612447219
"No one knows the day or hour. The angels in heaven don't know, and the Son himself doesn't know. Only the Father knows.","“Nso saa da ne dɔnhwere he deɛ biaa nnim, soro abɔfoɔ, anaa Ɔba he mpo nnim, gye sɛ Agya he nkoaa.","Even if no one else knows, not the angels in heaven, nor the Son, only the Father knows.",gerhardt_0445F08A_output_T9n53N,,46.574839823271056,4.821042715448803,2.707912612447219
"But Jesus did not say anything, and the governor was greatly amazed. The Death Sentence (Mark","Nso wamma no mmuaeɛ biaa, wammua kwaadu baako koraa, na ɔyɛɛ amrado he nwanwa kɛse. Bebuaa Yesu kumfɔ (Marko","So when they had gathered, they found only one boy, and he was possessed by a very bad spirit. They brought him to Jesus (Mark",gerhardt_0445F08A_output_T9n53N,,24.77658812877349,4.821042715448803,2.707912612447219
"So the Lord's promise came true, just as the prophet Jeremiah had said,",Na diyifoɔ Yeremia asɛm he baam sɛ:,The words of the prophet Jeremiah came to pass as follows:,gerhardt_60BC0D18_output (8),,39.48178645486089,4.821042715448803,2.707912612447219
"I tell you not to worry about your life. Don't worry about having something to eat, drink, or wear. Isn't life more than food or clothing?","Nti meeka akyerɛ ho, honnwennwene ho kra ho, deɛ hobedi anaa deɛ hobɛnom, anaa ho nipadua ho, ɔfa deɛ hobɛhyɛ ho. Nkwa nsom bo nkyɛne aduane, na nipadua nkyɛne ntoma anaa?","When I show you, think about it in your heart, whether it will be good or bad, or about your clothing, he will take what will be suitable for you. Life is more than food, and clothing is more than clothes, isn't it?",gerhardt_60BC0D18_output (8),,37.35998966876754,4.821042715448803,2.707912612447219
On that day they will be told they are either innocent or guilty because of the things they have said. A Sign from Heaven (Mark,"efiri sɛ ho nsɛm so ne bɛnam bebu ho bem, na ho nsɛm nso so ne bɛnam bebu ho fɔ.” Bebisaa nsɛnkyerɛnne firii Yesu hɔ","""If you remain in my word, you are truly my disciples, and you will know the truth, and the truth will set you free."" This teaching came from Jesus.",gerhardt_60BC0D18_output (8),,20.785959231360422,4.821042715448803,2.707912612447219
"No one knows the day or hour. The angels in heaven don't know, and the Son himself doesn't know. Only the Father knows.","“Nso saa da ne dɔnhwere he deɛ biaa nnim, soro abɔfoɔ, anaa Ɔba he mpo nnim, gye sɛ Agya he nkoaa.","Even if no one on earth knows, not the angels in heaven, nor the Son himself, only the Father knows.",gerhardt_60BC0D18_output (8),,52.130057947619854,4.821042715448803,2.707912612447219
"But Jesus did not say anything, and the governor was greatly amazed. The Death Sentence (Mark","Nso wamma no mmuaeɛ biaa, wammua kwaadu baako koraa, na ɔyɛɛ amrado he nwanwa kɛse. Bebuaa Yesu kumfɔ (Marko","So when they had gathered, they caught one young man, and he was wearing only a linen cloth. They seized Jesus and left (Mark",gerhardt_60BC0D18_output (8),,28.02931377636058,4.821042715448803,2.707912612447219
"So the Lord's promise came true, just as the prophet Jeremiah had said,",Na diyifoɔ Yeremia asɛm he baam sɛ:,The word that came to Jeremiah from the Lord saying:,onesimus_BAB3F503_Dec 10 output,,30.695670811241033,4.821042715448803,2.707912612447219
"I tell you not to worry about your life. Don't worry about having something to eat, drink, or wear. Isn't life more than food or clothing?","Nti meeka akyerɛ ho, honnwennwene ho kra ho, deɛ hobedi anaa deɛ hobɛnom, anaa ho nipadua ho, ɔfa deɛ hobɛhyɛ ho. Nkwa nsom bo nkyɛne aduane, na nipadua nkyɛne ntoma anaa?","If you don't take care of it, the dirt will settle in your body, whether you eat or drink, or on your clothes, it will affect what you wear. Life and health are more important than food, and clothes are more important than wealth, right?",onesimus_BAB3F503_Dec 10 output,,31.0248167812594,4.821042715448803,2.707912612447219
On that day they will be told they are either innocent or guilty because of the things they have said. A Sign from Heaven (Mark,"efiri sɛ ho nsɛm so ne bɛnam bebu ho bem, na ho nsɛm nso so ne bɛnam bebu ho fɔ.” Bebisaa nsɛnkyerɛnne firii Yesu hɔ",The words that I speak to you are spirit and they are life. The words I have spoken to you are spirit and life. This saying of Jesus was difficult to understand.,onesimus_BAB3F503_Dec 10 output,,23.402542691662042,4.821042715448803,2.707912612447219
"No one knows the day or hour. The angels in heaven don't know, and the Son himself doesn't know. Only the Father knows.","“Nso saa da ne dɔnhwere he deɛ biaa nnim, soro abɔfoɔ, anaa Ɔba he mpo nnim, gye sɛ Agya he nkoaa.","If you don't know where to go, the heavenly beings or even the king himself doesn't know, except the Father.",onesimus_BAB3F503_Dec 10 output,,43.472306523623836,4.821042715448803,2.707912612447219
"But Jesus did not say anything, and the governor was greatly amazed. The Death Sentence (Mark","Nso wamma no mmuaeɛ biaa, wammua kwaadu baako koraa, na ɔyɛɛ amrado he nwanwa kɛse. Bebuaa Yesu kumfɔ (Marko","So when they had eaten, they gave him a piece of bread, and he blessed and broke it, and gave it to them. Then Jesus was crucified (Mark)",onesimus_BAB3F503_Dec 10 output,,26.09182349662591,4.821042715448803,2.707912612447219
"So the Lord's promise came true, just as the prophet Jeremiah had said,",Na diyifoɔ Yeremia asɛm he baam sɛ:,"The word that came to Jeremiah from the Lord, saying:",onesimus_AE3F5661_Dec 08 output,,30.571845383684675,4.821042715448803,2.707912612447219
"I tell you not to worry about your life. Don't worry about having something to eat, drink, or wear. Isn't life more than food or clothing?","Nti meeka akyerɛ ho, honnwennwene ho kra ho, deɛ hobedi anaa deɛ hobɛnom, anaa ho nipadua ho, ɔfa deɛ hobɛhyɛ ho. Nkwa nsom bo nkyɛne aduane, na nipadua nkyɛne ntoma anaa?","When you write it, think deeply about what you will eat or drink, or what you will wear, because life is more than food and clothing, isn't it?",onesimus_AE3F5661_Dec 08 output,,37.173609453591425,4.821042715448803,2.707912612447219
On that day they will be told they are either innocent or guilty because of the things they have said. A Sign from Heaven (Mark,"efiri sɛ ho nsɛm so ne bɛnam bebu ho bem, na ho nsɛm nso so ne bɛnam bebu ho fɔ.” Bebisaa nsɛnkyerɛnne firii Yesu hɔ","The word is near you, in your mouth and in your heart, so that you may obey it. This is the message of faith that we proclaim about Jesus.",onesimus_AE3F5661_Dec 08 output,,18.91536404634497,4.821042715448803,2.707912612447219
"No one knows the day or hour. The angels in heaven don't know, and the Son himself doesn't know. Only the Father knows.","“Nso saa da ne dɔnhwere he deɛ biaa nnim, soro abɔfoɔ, anaa Ɔba he mpo nnim, gye sɛ Agya he nkoaa.","Even if the whole world, the angels in heaven, or even the Son does not know, only the Father knows.",onesimus_AE3F5661_Dec 08 output,,47.537788967100525,4.821042715448803,2.707912612447219
"But Jesus did not say anything, and the governor was greatly amazed. The Death Sentence (Mark","Nso wamma no mmuaeɛ biaa, wammua kwaadu baako koraa, na ɔyɛɛ amrado he nwanwa kɛse. Bebuaa Yesu kumfɔ (Marko","So when they were alone, they asked him about the parable. And he said to them, ""Do you not understand this parable? How then will you understand all the parables?"" (Mark 4:10-13)",onesimus_AE3F5661_Dec 08 output,,21.342697653648873,4.821042715448803,2.707912612447219
"So the Lord's promise came true, just as the prophet Jeremiah had said,",Na diyifoɔ Yeremia asɛm he baam sɛ:,"The word that came to Jeremiah from the Lord, saying:",onesimus_A84A9EF3_Dec 04 output,,30.571845383684675,4.821042715448803,2.707912612447219
"I tell you not to worry about your life. Don't worry about having something to eat, drink, or wear. Isn't life more than food or clothing?","Nti meeka akyerɛ ho, honnwennwene ho kra ho, deɛ hobedi anaa deɛ hobɛnom, anaa ho nipadua ho, ɔfa deɛ hobɛhyɛ ho. Nkwa nsom bo nkyɛne aduane, na nipadua nkyɛne ntoma anaa?","If you don't take care of yourself, whether it's your soul, what you will eat or drink, or your clothing, it will affect what you wear. Life is more than food, and clothing is more than clothes, isn't it?",onesimus_A84A9EF3_Dec 04 output,,37.50594329232266,4.821042715448803,2.707912612447219
On that day they will be told they are either innocent or guilty because of the things they have said. A Sign from Heaven (Mark,"efiri sɛ ho nsɛm so ne bɛnam bebu ho bem, na ho nsɛm nso so ne bɛnam bebu ho fɔ.” Bebisaa nsɛnkyerɛnne firii Yesu hɔ","the word that I speak unto you, they are spirit, and they are life. But there are some of you that believe not. For Jesus knew from the beginning",onesimus_A84A9EF3_Dec 04 output,,26.68599511915287,4.821042715448803,2.707912612447219
"No one knows the day or hour. The angels in heaven don't know, and the Son himself doesn't know. Only the Father knows.","“Nso saa da ne dɔnhwere he deɛ biaa nnim, soro abɔfoɔ, anaa Ɔba he mpo nnim, gye sɛ Agya he nkoaa.","Even if no one on earth or in heaven, not even the Son, knows, only the Father knows.",onesimus_A84A9EF3_Dec 04 output,,37.46474056840258,4.821042715448803,2.707912612447219
"But Jesus did not say anything, and the governor was greatly amazed. The Death Sentence (Mark","Nso wamma no mmuaeɛ biaa, wammua kwaadu baako koraa, na ɔyɛɛ amrado he nwanwa kɛse. Bebuaa Yesu kumfɔ (Marko","And as they went to cast the net, they caught a very large fish, and it was a great miracle. They praised Jesus greatly (Mark)",onesimus_A84A9EF3_Dec 04 output,,29.76720537636812,4.821042715448803,2.707912612447219
"So the Lord's promise came true, just as the prophet Jeremiah had said,",Na diyifoɔ Yeremia asɛm he baam sɛ:,The word that came to Jeremiah from the Lord saying:,gerhardt_34E1778F_output (7),,30.695670811241033,4.821042715448803,2.707912612447219
"I tell you not to worry about your life. Don't worry about having something to eat, drink, or wear. Isn't life more than food or clothing?","Nti meeka akyerɛ ho, honnwennwene ho kra ho, deɛ hobedi anaa deɛ hobɛnom, anaa ho nipadua ho, ɔfa deɛ hobɛhyɛ ho. Nkwa nsom bo nkyɛne aduane, na nipadua nkyɛne ntoma anaa?","When I tell you, think deeply about it, whether it will benefit you or harm you, or about your reputation, consider what will happen. Life is more important than food, and reputation is more important than clothes, isn't it?",gerhardt_34E1778F_output (7),,33.51838056364846,4.821042715448803,2.707912612447219
On that day they will be told they are either innocent or guilty because of the things they have said. A Sign from Heaven (Mark,"efiri sɛ ho nsɛm so ne bɛnam bebu ho bem, na ho nsɛm nso so ne bɛnam bebu ho fɔ.” Bebisaa nsɛnkyerɛnne firii Yesu hɔ","the word that I speak to you, you do not understand it, and the word that I speak to you, you do not know it.” They asked for a parable from Jesus.",gerhardt_34E1778F_output (7),,17.922728183901533,4.821042715448803,2.707912612447219
"No one knows the day or hour. The angels in heaven don't know, and the Son himself doesn't know. Only the Father knows.","“Nso saa da ne dɔnhwere he deɛ biaa nnim, soro abɔfoɔ, anaa Ɔba he mpo nnim, gye sɛ Agya he nkoaa.","Even if no one on earth knows, not even the angels in heaven, or the Son himself, only the Father knows.",gerhardt_34E1778F_output (7),,51.79124344359801,4.821042715448803,2.707912612447219
"But Jesus did not say anything, and the governor was greatly amazed. The Death Sentence (Mark","Nso wamma no mmuaeɛ biaa, wammua kwaadu baako koraa, na ɔyɛɛ amrado he nwanwa kɛse. Bebuaa Yesu kumfɔ (Marko","And they took the child and his mother, and brought him to a great city, and he became a great king there. They spoke of Jesus' suffering (Mark)",gerhardt_34E1778F_output (7),,26.88445559933176,4.821042715448803,2.707912612447219
"So the Lord's promise came true, just as the prophet Jeremiah had said,",Na diyifoɔ Yeremia asɛm he baam sɛ:,The words of the prophet Jeremiah came to pass as follows:,output_JA-5,,39.48178645486089,4.821042715448803,2.707912612447219
"I tell you not to worry about your life. Don't worry about having something to eat, drink, or wear. Isn't life more than food or clothing?","Nti meeka akyerɛ ho, honnwennwene ho kra ho, deɛ hobedi anaa deɛ hobɛnom, anaa ho nipadua ho, ɔfa deɛ hobɛhyɛ ho. Nkwa nsom bo nkyɛne aduane, na nipadua nkyɛne ntoma anaa?","When you write it, think deeply about it, whether it will be useful or not, or about its beauty, it depends on what you will use it for. Life is more than just food, and beauty is more than just clothes, isn't it?",output_JA-5,,29.27064055288208,4.821042715448803,2.707912612447219
On that day they will be told they are either innocent or guilty because of the things they have said. A Sign from Heaven (Mark,"efiri sɛ ho nsɛm so ne bɛnam bebu ho bem, na ho nsɛm nso so ne bɛnam bebu ho fɔ.” Bebisaa nsɛnkyerɛnne firii Yesu hɔ","The word is near you, in your mouth and in your heart, that is, the word of faith that we proclaim. This is the message about Jesus.",output_JA-5,,18.252960766190387,4.821042715448803,2.707912612447219
"No one knows the day or hour. The angels in heaven don't know, and the Son himself doesn't know. Only the Father knows.","“Nso saa da ne dɔnhwere he deɛ biaa nnim, soro abɔfoɔ, anaa Ɔba he mpo nnim, gye sɛ Agya he nkoaa.","Even if no one else knows, not the angels in heaven, nor the Son, only the Father knows.",output_JA-5,,46.574839823271056,4.821042715448803,2.707912612447219
"But Jesus did not say anything, and the governor was greatly amazed. The Death Sentence (Mark","Nso wamma no mmuaeɛ biaa, wammua kwaadu baako koraa, na ɔyɛɛ amrado he nwanwa kɛse. Bebuaa Yesu kumfɔ (Marko","So when the woman heard about Jesus, she came in the crowd behind and touched his garment.",output_JA-5,,22.257912019606714,4.821042715448803,2.707912612447219
"So the Lord's promise came true, just as the prophet Jeremiah had said,",Na diyifoɔ Yeremia asɛm he baam sɛ:,The word that came to Jeremiah from the Lord saying:,john_86344B85_output (7),,30.695670811241033,4.821042715448803,2.707912612447219
"I tell you not to worry about your life. Don't worry about having something to eat, drink, or wear. Isn't life more than food or clothing?","Nti meeka akyerɛ ho, honnwennwene ho kra ho, deɛ hobedi anaa deɛ hobɛnom, anaa ho nipadua ho, ɔfa deɛ hobɛhyɛ ho. Nkwa nsom bo nkyɛne aduane, na nipadua nkyɛne ntoma anaa?","When you write something, think deeply about it, whether it will be beneficial or harmful, or about your reputation, consider what will affect it. Life is more important than food, and reputation is more important than clothing, isn't it?",john_86344B85_output (7),,35.662734096795866,4.821042715448803,2.707912612447219
On that day they will be told they are either innocent or guilty because of the things they have said. A Sign from Heaven (Mark,"efiri sɛ ho nsɛm so ne bɛnam bebu ho bem, na ho nsɛm nso so ne bɛnam bebu ho fɔ.” Bebisaa nsɛnkyerɛnne firii Yesu hɔ","the word that I speak to you, you will not understand now, but later you will understand it.” This was a hidden saying from Jesus.",john_86344B85_output (7),,18.749884249130062,4.821042715448803,2.707912612447219
"No one knows the day or hour. The angels in heaven don't know, and the Son himself doesn't know. Only the Father knows.","“Nso saa da ne dɔnhwere he deɛ biaa nnim, soro abɔfoɔ, anaa Ɔba he mpo nnim, gye sɛ Agya he nkoaa.","Even if no one on earth or in heaven, or even the Son himself, knows, only the Father knows.",john_86344B85_output (7),,43.85375674642377,4.821042715448803,2.707912612447219
"But Jesus did not say anything, and the governor was greatly amazed. The Death Sentence (Mark","Nso wamma no mmuaeɛ biaa, wammua kwaadu baako koraa, na ɔyɛɛ amrado he nwanwa kɛse. Bebuaa Yesu kumfɔ (Marko","So when they had gathered, they found only one boy, and he was possessed by a great demon. They brought him to Jesus to be healed (Mark)",john_86344B85_output (7),,26.318539920548574,4.821042715448803,2.707912612447219
"So the Lord's promise came true, just as the prophet Jeremiah had said,",Na diyifoɔ Yeremia asɛm he baam sɛ:,The words of the prophet Jeremiah came to pass as follows:,Dec 05 output,,39.48178645486089,4.821042715448803,2.707912612447219
"I tell you not to worry about your life. Don't worry about having something to eat, drink, or wear. Isn't life more than food or clothing?","Nti meeka akyerɛ ho, honnwennwene ho kra ho, deɛ hobedi anaa deɛ hobɛnom, anaa ho nipadua ho, ɔfa deɛ hobɛhyɛ ho. Nkwa nsom bo nkyɛne aduane, na nipadua nkyɛne ntoma anaa?","When you write it, think deeply about what you will eat or drink, or what you will wear. Life is more than food and the body more than clothes, isn't it?",Dec 05 output,,36.09081799122898,4.821042715448803,2.707912612447219
On that day they will be told they are either innocent or guilty because of the things they have said. A Sign from Heaven (Mark,"efiri sɛ ho nsɛm so ne bɛnam bebu ho bem, na ho nsɛm nso so ne bɛnam bebu ho fɔ.” Bebisaa nsɛnkyerɛnne firii Yesu hɔ","""The word is near you, in your mouth and in your heart,"" that is, the word of faith that we proclaim. This is the message about Jesus.",Dec 05 output,,18.18246926310686,4.821042715448803,2.707912612447219
"No one knows the day or hour. The angels in heaven don't know, and the Son himself doesn't know. Only the Father knows.","“Nso saa da ne dɔnhwere he deɛ biaa nnim, soro abɔfoɔ, anaa Ɔba he mpo nnim, gye sɛ Agya he nkoaa.","Even if no one else knows, neither the angels in heaven nor the Son, only the Father knows.",Dec 05 output,,46.62832904108639,4.821042715448803,2.707912612447219
"But Jesus did not say anything, and the governor was greatly amazed. The Death Sentence (Mark","Nso wamma no mmuaeɛ biaa, wammua kwaadu baako koraa, na ɔyɛɛ amrado he nwanwa kɛse. Bebuaa Yesu kumfɔ (Marko","So when the woman saw that the tree was good for food, and that it was pleasant to the eyes, and a tree to be desired to make one wise, she took of the fruit thereof, and did eat, and gave also unto her husband with her; and he did eat. And the eyes of them both were opened, and they knew that they were naked; and they sewed fig leaves together, and made themselves aprons. And they heard the voice of the Lord God walking in the garden in the cool of the day: and Adam and his wife hid themselves from the presence of the Lord God amongst the trees of the garden.",Dec 05 output,,15.464912594321726,4.821042715448803,2.707912612447219
"So the Lord's promise came true, just as the prophet Jeremiah had said,",Na diyifoɔ Yeremia asɛm he baam sɛ:,The words of the prophet Jeremiah came to pass as follows:,onesimus_C968674F_Dec 07 output,,39.48178645486089,4.821042715448803,2.707912612447219
"I tell you not to worry about your life. Don't worry about having something to eat, drink, or wear. Isn't life more than food or clothing?","Nti meeka akyerɛ ho, honnwennwene ho kra ho, deɛ hobedi anaa deɛ hobɛnom, anaa ho nipadua ho, ɔfa deɛ hobɛhyɛ ho. Nkwa nsom bo nkyɛne aduane, na nipadua nkyɛne ntoma anaa?","If I tell you, think carefully about it, whether it will benefit you or harm you, or your reputation, he will do what is right. Life is more important than food, and reputation more important than clothes, isn't it?",onesimus_C968674F_Dec 07 output,,31.950509087768985,4.821042715448803,2.707912612447219
On that day they will be told they are either innocent or guilty because of the things they have said. A Sign from Heaven (Mark,"efiri sɛ ho nsɛm so ne bɛnam bebu ho bem, na ho nsɛm nso so ne bɛnam bebu ho fɔ.” Bebisaa nsɛnkyerɛnne firii Yesu hɔ","the word that is in you is the same as the one that is in the world, and the word that is in the world is also the same as the one that is in you. The disciples heard this teaching from Jesus.",onesimus_C968674F_Dec 07 output,,21.615867117507737,4.821042715448803,2.707912612447219
"No one knows the day or hour. The angels in heaven don't know, and the Son himself doesn't know. Only the Father knows.","“Nso saa da ne dɔnhwere he deɛ biaa nnim, soro abɔfoɔ, anaa Ɔba he mpo nnim, gye sɛ Agya he nkoaa.","If you don't know the way to go, the heavenly beings or even the king himself, just rely on God.",onesimus_C968674F_Dec 07 output,,27.622485923042746,4.821042715448803,2.707912612447219
"But Jesus did not say anything, and the governor was greatly amazed. The Death Sentence (Mark","Nso wamma no mmuaeɛ biaa, wammua kwaadu baako koraa, na ɔyɛɛ amrado he nwanwa kɛse. Bebuaa Yesu kumfɔ (Marko","And he said to them, ""Follow me, and I will make you fishers of men."" Then they immediately left their nets and followed him. (Mark 1:17)",onesimus_C968674F_Dec 07 output,,21.179052259115252,4.821042715448803,2.707912612447219
"So the Lord's promise came true, just as the prophet Jeremiah had said,",Na diyifoɔ Yeremia asɛm he baam sɛ:,"The word that came to Jeremiah from the Lord, saying:",john_C52DEBBB_output (10),,30.571845383684675,4.821042715448803,2.707912612447219
"I tell you not to worry about your life. Don't worry about having something to eat, drink, or wear. Isn't life more than food or clothing?","Nti meeka akyerɛ ho, honnwennwene ho kra ho, deɛ hobedi anaa deɛ hobɛnom, anaa ho nipadua ho, ɔfa deɛ hobɛhyɛ ho. Nkwa nsom bo nkyɛne aduane, na nipadua nkyɛne ntoma anaa?","If you don't take care of yourself, whether it's your body or soul, what you will eat or drink, or your clothing, it will affect you. Life is more than food, and the body more than clothes, isn't it?",john_C52DEBBB_output (10),,35.73657056499767,4.821042715448803,2.707912612447219
On that day they will be told they are either innocent or guilty because of the things they have said. A Sign from Heaven (Mark,"efiri sɛ ho nsɛm so ne bɛnam bebu ho bem, na ho nsɛm nso so ne bɛnam bebu ho fɔ.” Bebisaa nsɛnkyerɛnne firii Yesu hɔ","the word that is sown among thorns is the one who hears the word, but the cares of the world and the deceitfulness of riches choke the word. The parable came from Jesus.",john_C52DEBBB_output (10),,22.448319012829042,4.821042715448803,2.707912612447219
"No one knows the day or hour. The angels in heaven don't know, and the Son himself doesn't know. Only the Father knows.","“Nso saa da ne dɔnhwere he deɛ biaa nnim, soro abɔfoɔ, anaa Ɔba he mpo nnim, gye sɛ Agya he nkoaa.","Even if no one on earth or in heaven, or even the Son himself knows, only the Father knows.",john_C52DEBBB_output (10),,43.95099216028504,4.821042715448803,2.707912612447219
"But Jesus did not say anything, and the governor was greatly amazed. The Death Sentence (Mark","Nso wamma no mmuaeɛ biaa, wammua kwaadu baako koraa, na ɔyɛɛ amrado he nwanwa kɛse. Bebuaa Yesu kumfɔ (Marko","So when the woman heard about Jesus, she came up behind him in the crowd and touched his cloak, for she said, ""If I touch even his garments, I will be made well."" (Mark 5:27-28)",john_C52DEBBB_output (10),,23.479676755756497,4.821042715448803,2.707912612447219
"So the Lord's promise came true, just as the prophet Jeremiah had said,",Na diyifoɔ Yeremia asɛm he baam sɛ:,The words of the prophet Jeremiah came to pass as follows:,gerhardt_62CB5CC1_output (4),,39.48178645486089,4.821042715448803,2.707912612447219
"I tell you not to worry about your life. Don't worry about having something to eat, drink, or wear. Isn't life more than food or clothing?","Nti meeka akyerɛ ho, honnwennwene ho kra ho, deɛ hobedi anaa deɛ hobɛnom, anaa ho nipadua ho, ɔfa deɛ hobɛhyɛ ho. Nkwa nsom bo nkyɛne aduane, na nipadua nkyɛne ntoma anaa?","If you don't take care of yourself, whether it's your soul, what you eat or drink, or your appearance, it affects what you wear. Life and worship go hand in hand with food, and appearance goes hand in hand with clothing, right?",gerhardt_62CB5CC1_output (4),,28.974162859308077,4.821042715448803,2.707912612447219
On that day they will be told they are either innocent or guilty because of the things they have said. A Sign from Heaven (Mark,"efiri sɛ ho nsɛm so ne bɛnam bebu ho bem, na ho nsɛm nso so ne bɛnam bebu ho fɔ.” Bebisaa nsɛnkyerɛnne firii Yesu hɔ","the word that I speak to you, you do not believe; the words that I speak to you, you do not accept.” This unbelief came from Jesus.",gerhardt_62CB5CC1_output (4),,17.808063198052555,4.821042715448803,2.707912612447219
"No one knows the day or hour. The angels in heaven don't know, and the Son himself doesn't know. Only the Father knows.","“Nso saa da ne dɔnhwere he deɛ biaa nnim, soro abɔfoɔ, anaa Ɔba he mpo nnim, gye sɛ Agya he nkoaa.","Even if no one on earth knows, neither the angels in heaven nor the Son, only the Father knows.",gerhardt_62CB5CC1_output (4),,45.56999272255439,4.821042715448803,2.707912612447219
"But Jesus did not say anything, and the governor was greatly amazed. The Death Sentence (Mark","Nso wamma no mmuaeɛ biaa, wammua kwaadu baako koraa, na ɔyɛɛ amrado he nwanwa kɛse. Bebuaa Yesu kumfɔ (Marko","So when they had eaten, they gave him a piece of bread, and he blessed it and broke it into many pieces. They asked Jesus to come (Mark)",gerhardt_62CB5CC1_output (4),,26.98538144632529,4.821042715448803,2.707912612447219
"So the Lord's promise came true, just as the prophet Jeremiah had said,",Na diyifoɔ Yeremia asɛm he baam sɛ:,"The word that came to Jeremiah from the Lord, saying:",Dec 04 output,,30.571845383684675,4.821042715448803,2.707912612447219
"I tell you not to worry about your life. Don't worry about having something to eat, drink, or wear. Isn't life more than food or clothing?","Nti meeka akyerɛ ho, honnwennwene ho kra ho, deɛ hobedi anaa deɛ hobɛnom, anaa ho nipadua ho, ɔfa deɛ hobɛhyɛ ho. Nkwa nsom bo nkyɛne aduane, na nipadua nkyɛne ntoma anaa?","If you don't take care of yourself, whether it's your soul, what you will eat or drink, or your clothing, it will affect what you wear. Life is more than food, and clothing is more than clothes, isn't it?",Dec 04 output,,37.50594329232266,4.821042715448803,2.707912612447219
On that day they will be told they are either innocent or guilty because of the things they have said. A Sign from Heaven (Mark,"efiri sɛ ho nsɛm so ne bɛnam bebu ho bem, na ho nsɛm nso so ne bɛnam bebu ho fɔ.” Bebisaa nsɛnkyerɛnne firii Yesu hɔ","the word that I speak unto you, they are spirit, and they are life. But there are some of you that believe not. For Jesus knew from the beginning",Dec 04 output,,26.68599511915287,4.821042715448803,2.707912612447219
"No one knows the day or hour. The angels in heaven don't know, and the Son himself doesn't know. Only the Father knows.","“Nso saa da ne dɔnhwere he deɛ biaa nnim, soro abɔfoɔ, anaa Ɔba he mpo nnim, gye sɛ Agya he nkoaa.","Even if no one on earth or in heaven, not even the Son, knows, only the Father knows.",Dec 04 output,,37.46474056840258,4.821042715448803,2.707912612447219
"But Jesus did not say anything, and the governor was greatly amazed. The Death Sentence (Mark","Nso wamma no mmuaeɛ biaa, wammua kwaadu baako koraa, na ɔyɛɛ amrado he nwanwa kɛse. Bebuaa Yesu kumfɔ (Marko","And as they went to cast the net, they caught a very large fish, and it was a great miracle. They praised Jesus greatly (Mark)",Dec 04 output,,29.76720537636812,4.821042715448803,2.707912612447219
"So the Lord's promise came true, just as the prophet Jeremiah had said,",Na diyifoɔ Yeremia asɛm he baam sɛ:,The words of the prophet Jeremiah came to pass as follows:,gerhardt_676E558A_output (6),,39.48178645486089,4.821042715448803,2.707912612447219
"I tell you not to worry about your life. Don't worry about having something to eat, drink, or wear. Isn't life more than food or clothing?","Nti meeka akyerɛ ho, honnwennwene ho kra ho, deɛ hobedi anaa deɛ hobɛnom, anaa ho nipadua ho, ɔfa deɛ hobɛhyɛ ho. Nkwa nsom bo nkyɛne aduane, na nipadua nkyɛne ntoma anaa?","When you write, think deeply about what you will eat or drink, or your clothing, he will provide what you need. Life is more than food, and the body more than clothing, isn't it?",gerhardt_676E558A_output (6),,38.43442141898229,4.821042715448803,2.707912612447219
On that day they will be told they are either innocent or guilty because of the things they have said. A Sign from Heaven (Mark,"efiri sɛ ho nsɛm so ne bɛnam bebu ho bem, na ho nsɛm nso so ne bɛnam bebu ho fɔ.” Bebisaa nsɛnkyerɛnne firii Yesu hɔ","The word is near you, in your mouth and in your heart, that is, the word of faith that we preach. That is the message about faith that we proclaim: If you declare with your mouth, “Jesus is Lord,” and believe in your heart that God raised him from the dead, you will be saved.",gerhardt_676E558A_output (6),,21.80370505879695,4.821042715448803,2.707912612447219
"No one knows the day or hour. The angels in heaven don't know, and the Son himself doesn't know. Only the Father knows.","“Nso saa da ne dɔnhwere he deɛ biaa nnim, soro abɔfoɔ, anaa Ɔba he mpo nnim, gye sɛ Agya he nkoaa.","If you don't know the one who created you, the angels in heaven, or even the Son, at least know the Father.",gerhardt_676E558A_output (6),,42.4661167728525,4.821042715448803,2.707912612447219
"But Jesus did not say anything, and the governor was greatly amazed. The Death Sentence (Mark","Nso wamma no mmuaeɛ biaa, wammua kwaadu baako koraa, na ɔyɛɛ amrado he nwanwa kɛse. Bebuaa Yesu kumfɔ (Marko","So when they had gathered, they caught a large number of fish, and their nets were breaking. They signaled to their partners in the other boat (Mark",gerhardt_676E558A_output (6),,25.006744600127995,4.821042715448803,2.707912612447219
"So the Lord's promise came true, just as the prophet Jeremiah had said,",Na diyifoɔ Yeremia asɛm he baam sɛ:,The words of the prophet Jeremiah came to pass as follows:,gerhardt_107423D8_output (9),,39.48178645486089,4.821042715448803,2.707912612447219
"I tell you not to worry about your life. Don't worry about having something to eat, drink, or wear. Isn't life more than food or clothing?","Nti meeka akyerɛ ho, honnwennwene ho kra ho, deɛ hobedi anaa deɛ hobɛnom, anaa ho nipadua ho, ɔfa deɛ hobɛhyɛ ho. Nkwa nsom bo nkyɛne aduane, na nipadua nkyɛne ntoma anaa?","When you write, think deeply about what you will eat or drink, or what you will wear. Life is not only about food and drink, and the body is not only about clothing, right?",gerhardt_107423D8_output (9),,33.77865354872791,4.821042715448803,2.707912612447219
On that day they will be told they are either innocent or guilty because of the things they have said. A Sign from Heaven (Mark,"efiri sɛ ho nsɛm so ne bɛnam bebu ho bem, na ho nsɛm nso so ne bɛnam bebu ho fɔ.” Bebisaa nsɛnkyerɛnne firii Yesu hɔ","the word that I speak unto you, they are spirit, and they are life. The disciples were amazed at Jesus' teaching.",gerhardt_107423D8_output (9),,22.30180881045468,4.821042715448803,2.707912612447219
"No one knows the day or hour. The angels in heaven don't know, and the Son himself doesn't know. Only the Father knows.","“Nso saa da ne dɔnhwere he deɛ biaa nnim, soro abɔfoɔ, anaa Ɔba he mpo nnim, gye sɛ Agya he nkoaa.","If you don't know the one who created the heavens, the angels, or even the Son, then know that it is the Father.",gerhardt_107423D8_output (9),,37.58363851250313,4.821042715448803,2.707912612447219
"But Jesus did not say anything, and the governor was greatly amazed. The Death Sentence (Mark","Nso wamma no mmuaeɛ biaa, wammua kwaadu baako koraa, na ɔyɛɛ amrado he nwanwa kɛse. Bebuaa Yesu kumfɔ (Marko","So when the time came, he sent one servant to the vineyard to receive some of the fruit. But the tenants seized him, beat him, and sent him away empty-handed. Later he sent another servant (Mark",gerhardt_107423D8_output (9),,23.70009307034851,4.821042715448803,2.707912612447219
"So the Lord's promise came true, just as the prophet Jeremiah had said,",Na diyifoɔ Yeremia asɛm he baam sɛ:,The words of the prophet Jeremiah came to pass as follows:,gerhardt_E4F773B6_output (3),,39.48178645486089,4.821042715448803,2.707912612447219
"I tell you not to worry about your life. Don't worry about having something to eat, drink, or wear. Isn't life more than food or clothing?","Nti meeka akyerɛ ho, honnwennwene ho kra ho, deɛ hobedi anaa deɛ hobɛnom, anaa ho nipadua ho, ɔfa deɛ hobɛhyɛ ho. Nkwa nsom bo nkyɛne aduane, na nipadua nkyɛne ntoma anaa?","When I show you, think about it in your heart, whether it will be good or bad, or about your character, he will do what is right. Life is more important than food, and character is more important than clothes, isn't it?",gerhardt_E4F773B6_output (3),,31.639138536730947,4.821042715448803,2.707912612447219
On that day they will be told they are either innocent or guilty because of the things they have said. A Sign from Heaven (Mark,"efiri sɛ ho nsɛm so ne bɛnam bebu ho bem, na ho nsɛm nso so ne bɛnam bebu ho fɔ.” Bebisaa nsɛnkyerɛnne firii Yesu hɔ","the word that I speak unto you, they are spirit, and they are life. The words that I speak unto you are spirit and are life. This is the explanation that came from Jesus.",gerhardt_E4F773B6_output (3),,24.635152920070944,4.821042715448803,2.707912612447219
"No one knows the day or hour. The angels in heaven don't know, and the Son himself doesn't know. Only the Father knows.","“Nso saa da ne dɔnhwere he deɛ biaa nnim, soro abɔfoɔ, anaa Ɔba he mpo nnim, gye sɛ Agya he nkoaa.","Even if no one on earth or in heaven, or even the Son knows, only the Father knows.",gerhardt_E4F773B6_output (3),,37.08049072775457,4.821042715448803,2.707912612447219
"But Jesus did not say anything, and the governor was greatly amazed. The Death Sentence (Mark","Nso wamma no mmuaeɛ biaa, wammua kwaadu baako koraa, na ɔyɛɛ amrado he nwanwa kɛse. Bebuaa Yesu kumfɔ (Marko","And when they had bound him, they led him away and delivered him to Pontius Pilate the governor. But Jesus remained silent (Mark).",gerhardt_E4F773B6_output (3),,33.684474117038846,4.821042715448803,2.707912612447219
"So the Lord's promise came true, just as the prophet Jeremiah had said,",Na diyifoɔ Yeremia asɛm he baam sɛ:,The words of the prophet Jeremiah came to pass as follows:,john_B0DBB2CB_output (4),,39.48178645486089,4.821042715448803,2.707912612447219
"I tell you not to worry about your life. Don't worry about having something to eat, drink, or wear. Isn't life more than food or clothing?","Nti meeka akyerɛ ho, honnwennwene ho kra ho, deɛ hobedi anaa deɛ hobɛnom, anaa ho nipadua ho, ɔfa deɛ hobɛhyɛ ho. Nkwa nsom bo nkyɛne aduane, na nipadua nkyɛne ntoma anaa?","When you write it down, think deeply in your heart, whether it will be beneficial or harmful, or about your reputation, consider what will happen. Life is more important than food, and reputation is more important than clothes, isn't it?",john_B0DBB2CB_output (4),,29.217303933619405,4.821042715448803,2.707912612447219
On that day they will be told they are either innocent or guilty because of the things they have said. A Sign from Heaven (Mark,"efiri sɛ ho nsɛm so ne bɛnam bebu ho bem, na ho nsɛm nso so ne bɛnam bebu ho fɔ.” Bebisaa nsɛnkyerɛnne firii Yesu hɔ","the word that I speak to you, you do not understand; and the things that I say to you, you cannot hear.” This parable came from Jesus.",john_B0DBB2CB_output (4),,25.424880613806632,4.821042715448803,2.707912612447219
"No one knows the day or hour. The angels in heaven don't know, and the Son himself doesn't know. Only the Father knows.","“Nso saa da ne dɔnhwere he deɛ biaa nnim, soro abɔfoɔ, anaa Ɔba he mpo nnim, gye sɛ Agya he nkoaa.","Even if no one on earth, in heaven, or even the Lord himself knows, only the Father knows.",john_B0DBB2CB_output (4),,38.5329063509036,4.821042715448803,2.707912612447219
"But Jesus did not say anything, and the governor was greatly amazed. The Death Sentence (Mark","Nso wamma no mmuaeɛ biaa, wammua kwaadu baako koraa, na ɔyɛɛ amrado he nwanwa kɛse. Bebuaa Yesu kumfɔ (Marko","So when they had gathered, they found only one boy, and he was possessed by a great demon. They brought him to Jesus (Mark)",john_B0DBB2CB_output (4),,26.35445692941175,4.821042715448803,2.707912612447219
"So the Lord's promise came true, just as the prophet Jeremiah had said,",Na diyifoɔ Yeremia asɛm he baam sɛ:,The words of the prophet Jeremiah came to pass as follows:,gerhardt_E32D1C1E_output_mzX2S5,,39.48178645486089,4.821042715448803,2.707912612447219
"I tell you not to worry about your life. Don't worry about having something to eat, drink, or wear. Isn't life more than food or clothing?","Nti meeka akyerɛ ho, honnwennwene ho kra ho, deɛ hobedi anaa deɛ hobɛnom, anaa ho nipadua ho, ɔfa deɛ hobɛhyɛ ho. Nkwa nsom bo nkyɛne aduane, na nipadua nkyɛne ntoma anaa?","When you write it, think deeply about it, whether it will be useful or not, or about its appearance, it depends on what you will use it for. Life is more important than food, and appearance is more important than clothing, right?",gerhardt_E32D1C1E_output_mzX2S5,,30.60894272325253,4.821042715448803,2.707912612447219
On that day they will be told they are either innocent or guilty because of the things they have said. A Sign from Heaven (Mark,"efiri sɛ ho nsɛm so ne bɛnam bebu ho bem, na ho nsɛm nso so ne bɛnam bebu ho fɔ.” Bebisaa nsɛnkyerɛnne firii Yesu hɔ","""The word that was with God and was God, and the word was with God in the beginning."" The teaching came from Jesus.",gerhardt_E32D1C1E_output_mzX2S5,,19.421631828789916,4.821042715448803,2.707912612447219
"No one knows the day or hour. The angels in heaven don't know, and the Son himself doesn't know. Only the Father knows.","“Nso saa da ne dɔnhwere he deɛ biaa nnim, soro abɔfoɔ, anaa Ɔba he mpo nnim, gye sɛ Agya he nkoaa.","Even if no one on earth knows, the angels in heaven, or even God Himself, only the Father knows.",gerhardt_E32D1C1E_output_mzX2S5,,44.93360060543895,4.821042715448803,2.707912612447219
"But Jesus did not say anything, and the governor was greatly amazed. The Death Sentence (Mark","Nso wamma no mmuaeɛ biaa, wammua kwaadu baako koraa, na ɔyɛɛ amrado he nwanwa kɛse. Bebuaa Yesu kumfɔ (Marko","So when the woman saw that the tree was good for food, and that it was pleasant to the eyes, and a tree to be desired to make one wise, she took of the fruit thereof, and did eat, and gave also unto her husband with her; and he did eat. And the eyes of them both were opened, and they knew that they were naked; and they sewed fig leaves together, and made themselves aprons. And they heard the voice of the Lord God walking in the garden in the cool of the day: and Adam and his wife hid themselves from the presence of the Lord God amongst the trees of the garden. And the Lord God called unto Adam, and said unto him, Where art thou? And he said, I heard thy voice in the garden, and I was afraid, because I was naked; and I hid myself. And he said, Who told thee that thou wast naked? Hast thou eaten of the tree, whereof I commanded thee that thou shouldest not eat? And the man said, The woman whom thou gavest to be with me, she gave me of the tree, and I did eat. And the Lord God said unto the woman, What is this that thou hast done? And the woman said, The serpent beguiled me, and I did eat. And the Lord God said unto the serpent, Because thou hast done this, thou art cursed above all cattle, and above every beast of the field; upon thy belly shalt thou go, and dust shalt thou eat all the days of thy life: And I will put enmity between thee and the woman, and between thy seed and her seed; it shall bruise thy head, and thou shalt bruise his heel. Unto the woman he said, I will greatly multiply thy sorrow and thy conception; in sorrow thou shalt bring forth children; and thy desire shall be to thy husband, and he shall rule over thee. And unto Adam he said, Because thou hast hearkened unto the voice of thy wife, and hast eaten of the tree, of which I commanded thee, saying, Thou shalt not eat of it: cursed is the ground for thy sake; in sorrow shalt thou eat of it all the days of thy life; Thorns also and thistles shall it bring forth to thee; and thou shalt eat the herb of the field; In the sweat of thy face shalt thou eat bread, till thou return unto the ground; for out of it wast thou taken: for dust thou art, and unto dust shalt thou return. And Adam called his wife's name Eve; because she was the mother of all living. Unto Adam also and to his wife did the Lord God make coats of skins, and clothed them. And the Lord God said, Behold, the man is become as one of us, to know good and evil: and now, lest he put forth his hand, and take also of the tree of life, and eat, and live for ever: Therefore the Lord God sent him forth from the garden of Eden, to till the ground from whence he was taken. So he drove out the man; and he placed at the east of the garden of Eden Cherubims, and a flaming sword which turned every way, to keep the way of the tree of life. (Mark",gerhardt_E32D1C1E_output_mzX2S5,,6.313945468645136,4.821042715448803,2.707912612447219
"So the Lord's promise came true, just as the prophet Jeremiah had said,",Na diyifoɔ Yeremia asɛm he baam sɛ:,The words of the prophet Jeremiah came to pass as follows:,gerhardt_145C11AE_output (2),,39.48178645486089,4.821042715448803,2.707912612447219
"I tell you not to worry about your life. Don't worry about having something to eat, drink, or wear. Isn't life more than food or clothing?","Nti meeka akyerɛ ho, honnwennwene ho kra ho, deɛ hobedi anaa deɛ hobɛnom, anaa ho nipadua ho, ɔfa deɛ hobɛhyɛ ho. Nkwa nsom bo nkyɛne aduane, na nipadua nkyɛne ntoma anaa?","When I tell you, think carefully about it, whether it will benefit you or harm you, or your reputation, then you will know what to do. Life is more important than food, and reputation is more important than clothing, isn't it?",gerhardt_145C11AE_output (2),,33.900532028910405,4.821042715448803,2.707912612447219
On that day they will be told they are either innocent or guilty because of the things they have said. A Sign from Heaven (Mark,"efiri sɛ ho nsɛm so ne bɛnam bebu ho bem, na ho nsɛm nso so ne bɛnam bebu ho fɔ.” Bebisaa nsɛnkyerɛnne firii Yesu hɔ","The word is like a seed that is sown in the heart, and the word is also like a seed that is sown in the field. The parable came from Jesus.",gerhardt_145C11AE_output (2),,20.413272279664525,4.821042715448803,2.707912612447219
"No one knows the day or hour. The angels in heaven don't know, and the Son himself doesn't know. Only the Father knows.","“Nso saa da ne dɔnhwere he deɛ biaa nnim, soro abɔfoɔ, anaa Ɔba he mpo nnim, gye sɛ Agya he nkoaa.","If you don't know the one who created the sky, the angels, or even the Son, just know that it is the Father.",gerhardt_145C11AE_output (2),,36.99253706649676,4.821042715448803,2.707912612447219
"But Jesus did not say anything, and the governor was greatly amazed. The Death Sentence (Mark","Nso wamma no mmuaeɛ biaa, wammua kwaadu baako koraa, na ɔyɛɛ amrado he nwanwa kɛse. Bebuaa Yesu kumfɔ (Marko","And when they had bound him, they led him away and delivered him to Pontius Pilate the governor. But Jesus remained silent (Mark).",gerhardt_145C11AE_output (2),,33.684474117038846,4.821042715448803,2.707912612447219
"So the Lord's promise came true, just as the prophet Jeremiah had said,",Na diyifoɔ Yeremia asɛm he baam sɛ:,These are the words of the prophet Jeremiah,gerhardt_087BEB88_output_loRIsq,,37.207359281737055,4.821042715448803,2.707912612447219
"I tell you not to worry about your life. Don't worry about having something to eat, drink, or wear. Isn't life more than food or clothing?","Nti meeka akyerɛ ho, honnwennwene ho kra ho, deɛ hobedi anaa deɛ hobɛnom, anaa ho nipadua ho, ɔfa deɛ hobɛhyɛ ho. Nkwa nsom bo nkyɛne aduane, na nipadua nkyɛne ntoma anaa?","When you look at it, think deeply about it, whether it will benefit you or harm you, or its consequences, and choose what will benefit you. Life is more important than food, and consequences are more important than clothes, right?",gerhardt_087BEB88_output_loRIsq,,26.76888659299939,4.821042715448803,2.707912612447219
On that day they will be told they are either innocent or guilty because of the things they have said. A Sign from Heaven (Mark,"efiri sɛ ho nsɛm so ne bɛnam bebu ho bem, na ho nsɛm nso so ne bɛnam bebu ho fɔ.” Bebisaa nsɛnkyerɛnne firii Yesu hɔ","The word is near you, in your mouth and in your heart, so that you may obey it. This is the message of faith that we proclaim about Jesus.",gerhardt_087BEB88_output_loRIsq,,18.91536404634497,4.821042715448803,2.707912612447219
"No one knows the day or hour. The angels in heaven don't know, and the Son himself doesn't know. Only the Father knows.","“Nso saa da ne dɔnhwere he deɛ biaa nnim, soro abɔfoɔ, anaa Ɔba he mpo nnim, gye sɛ Agya he nkoaa.","Even if the whole world, the heavenly beings, or even the Son himself does not know, only the Father knows.",gerhardt_087BEB88_output_loRIsq,,47.3686255691456,4.821042715448803,2.707912612447219
"But Jesus did not say anything, and the governor was greatly amazed. The Death Sentence (Mark","Nso wamma no mmuaeɛ biaa, wammua kwaadu baako koraa, na ɔyɛɛ amrado he nwanwa kɛse. Bebuaa Yesu kumfɔ (Marko","And when they had bound him, they led him away and delivered him to Pontius Pilate the governor. But Jesus remained silent (Mark).",gerhardt_087BEB88_output_loRIsq,,33.684474117038846,4.821042715448803,2.707912612447219
"So the Lord's promise came true, just as the prophet Jeremiah had said,",Na diyifoɔ Yeremia asɛm he baam sɛ:,The word of the Lord came to the prophet Jeremiah as follows:,john_C904F397_output (2),,45.002382872551024,4.821042715448803,2.707912612447219
"I tell you not to worry about your life. Don't worry about having something to eat, drink, or wear. Isn't life more than food or clothing?","Nti meeka akyerɛ ho, honnwennwene ho kra ho, deɛ hobedi anaa deɛ hobɛnom, anaa ho nipadua ho, ɔfa deɛ hobɛhyɛ ho. Nkwa nsom bo nkyɛne aduane, na nipadua nkyɛne ntoma anaa?","When I show you, think deeply about it, whether it will benefit you or harm you, or your reputation, it depends on how you handle it. Life is not just about food, and reputation is not just about clothes, right?",john_C904F397_output (2),,26.345166859858026,4.821042715448803,2.707912612447219
On that day they will be told they are either innocent or guilty because of the things they have said. A Sign from Heaven (Mark,"efiri sɛ ho nsɛm so ne bɛnam bebu ho bem, na ho nsɛm nso so ne bɛnam bebu ho fɔ.” Bebisaa nsɛnkyerɛnne firii Yesu hɔ","the word that I speak unto you, they are spirit, and they are life. But there are some of you that believe not. For Jesus knew from the beginning",john_C904F397_output (2),,26.68599511915287,4.821042715448803,2.707912612447219
"No one knows the day or hour. The angels in heaven don't know, and the Son himself doesn't know. Only the Father knows.","“Nso saa da ne dɔnhwere he deɛ biaa nnim, soro abɔfoɔ, anaa Ɔba he mpo nnim, gye sɛ Agya he nkoaa.","If you don't know the one who created the sky, the angels, or even the Son, then know that it is the Father.",john_C904F397_output (2),,36.2701481982345,4.821042715448803,2.707912612447219
"But Jesus did not say anything, and the governor was greatly amazed. The Death Sentence (Mark","Nso wamma no mmuaeɛ biaa, wammua kwaadu baako koraa, na ɔyɛɛ amrado he nwanwa kɛse. Bebuaa Yesu kumfɔ (Marko","When the woman saw that the tree was good for food and pleasing to the eyes, and also desirable for gaining wisdom, she took some and ate it. Then she gave some to her husband, who was with her, and he ate it. (Genesis",john_C904F397_output (2),,20.311471466020535,4.821042715448803,2.707912612447219
"So the Lord's promise came true, just as the prophet Jeremiah had said,",Na diyifoɔ Yeremia asɛm he baam sɛ:,The word that came to Jeremiah from the Lord saying:,onesimus_E33AE420_Dec 11 output,,30.695670811241033,4.821042715448803,2.707912612447219
"I tell you not to worry about your life. Don't worry about having something to eat, drink, or wear. Isn't life more than food or clothing?","Nti meeka akyerɛ ho, honnwennwene ho kra ho, deɛ hobedi anaa deɛ hobɛnom, anaa ho nipadua ho, ɔfa deɛ hobɛhyɛ ho. Nkwa nsom bo nkyɛne aduane, na nipadua nkyɛne ntoma anaa?","When I look at you, I see your soul, whether you are eating or drinking, or your clothing, it shows who you are. Life and worship go together with food, and clothing goes with what?",onesimus_E33AE420_Dec 11 output,,29.169643500441584,4.821042715448803,2.707912612447219
On that day they will be told they are either innocent or guilty because of the things they have said. A Sign from Heaven (Mark,"efiri sɛ ho nsɛm so ne bɛnam bebu ho bem, na ho nsɛm nso so ne bɛnam bebu ho fɔ.” Bebisaa nsɛnkyerɛnne firii Yesu hɔ","""The word is near you, in your mouth and in your heart"" (that is, the word of faith which we preach): that if you confess with your mouth the Lord Jesus",onesimus_E33AE420_Dec 11 output,,17.54033106704838,4.821042715448803,2.707912612447219
"No one knows the day or hour. The angels in heaven don't know, and the Son himself doesn't know. Only the Father knows.","“Nso saa da ne dɔnhwere he deɛ biaa nnim, soro abɔfoɔ, anaa Ɔba he mpo nnim, gye sɛ Agya he nkoaa.","If you don't know where to go or what to do, look to the heavens, or even to the Son, but rely on the Father.",onesimus_E33AE420_Dec 11 output,,30.59699575509895,4.821042715448803,2.707912612447219
"But Jesus did not say anything, and the governor was greatly amazed. The Death Sentence (Mark","Nso wamma no mmuaeɛ biaa, wammua kwaadu baako koraa, na ɔyɛɛ amrado he nwanwa kɛse. Bebuaa Yesu kumfɔ (Marko","And he could not do any miracle there, except that he laid his hands on a few sick people and healed them. And he was amazed at their unbelief. (Mark)",onesimus_E33AE420_Dec 11 output,,24.6747958785351,4.821042715448803,2.707912612447219
"So the Lord's promise came true, just as the prophet Jeremiah had said,",Na diyifoɔ Yeremia asɛm he baam sɛ:,"The word that came to Jeremiah from the Lord, saying:",onesimus_48E85B7F_Dec 09 output,,30.571845383684675,4.821042715448803,2.707912612447219
"I tell you not to worry about your life. Don't worry about having something to eat, drink, or wear. Isn't life more than food or clothing?","Nti meeka akyerɛ ho, honnwennwene ho kra ho, deɛ hobedi anaa deɛ hobɛnom, anaa ho nipadua ho, ɔfa deɛ hobɛhyɛ ho. Nkwa nsom bo nkyɛne aduane, na nipadua nkyɛne ntoma anaa?","If you don't take care of yourself, your body will suffer, whether you eat or drink, or your clothing, it affects your well-being. Health is connected to food, and clothing is connected to health, isn't it?",onesimus_48E85B7F_Dec 09 output,,31.438674481276017,4.821042715448803,2.707912612447219
On that day they will be told they are either innocent or guilty because of the things they have said. A Sign from Heaven (Mark,"efiri sɛ ho nsɛm so ne bɛnam bebu ho bem, na ho nsɛm nso so ne bɛnam bebu ho fɔ.” Bebisaa nsɛnkyerɛnne firii Yesu hɔ","If you remain in my word, you are truly my disciples, and you will know the truth, and the truth will set you free.” This teaching came from Jesus.",onesimus_48E85B7F_Dec 09 output,,20.825313284743814,4.821042715448803,2.707912612447219
"No one knows the day or hour. The angels in heaven don't know, and the Son himself doesn't know. Only the Father knows.","“Nso saa da ne dɔnhwere he deɛ biaa nnim, soro abɔfoɔ, anaa Ɔba he mpo nnim, gye sɛ Agya he nkoaa.","If you do not know the one who created the sky and the earth, or even the Son, know that it is the Father.",onesimus_48E85B7F_Dec 09 output,,30.661531191789575,4.821042715448803,2.707912612447219
"But Jesus did not say anything, and the governor was greatly amazed. The Death Sentence (Mark","Nso wamma no mmuaeɛ biaa, wammua kwaadu baako koraa, na ɔyɛɛ amrado he nwanwa kɛse. Bebuaa Yesu kumfɔ (Marko","And when they had bound him, they led him away and delivered him to Pontius Pilate the governor. They accused Jesus before Pilate (Mark)",onesimus_48E85B7F_Dec 09 output,,32.44621892278647,4.821042715448803,2.707912612447219
"So the Lord's promise came true, just as the prophet Jeremiah had said,",Na diyifoɔ Yeremia asɛm he baam sɛ:,These are the words of the prophet Jeremiah:,Dec 01 output,,37.06554672902128,4.821042715448803,2.707912612447219
"I tell you not to worry about your life. Don't worry about having something to eat, drink, or wear. Isn't life more than food or clothing?","Nti meeka akyerɛ ho, honnwennwene ho kra ho, deɛ hobedi anaa deɛ hobɛnom, anaa ho nipadua ho, ɔfa deɛ hobɛhyɛ ho. Nkwa nsom bo nkyɛne aduane, na nipadua nkyɛne ntoma anaa?","If you don't take care of it, it will affect your soul, whether you eat it or drink it, or your clothing, it will affect you. Life is more than food, and clothing is more than clothes, isn't it?",Dec 01 output,,35.32497977679142,4.821042715448803,2.707912612447219
On that day they will be told they are either innocent or guilty because of the things they have said. A Sign from Heaven (Mark,"efiri sɛ ho nsɛm so ne bɛnam bebu ho bem, na ho nsɛm nso so ne bɛnam bebu ho fɔ.” Bebisaa nsɛnkyerɛnne firii Yesu hɔ","""The words that I speak to you are spirit and they are life. The words that I speak to you are spirit and life."" This teaching came from Jesus.",Dec 01 output,,22.152117834599704,4.821042715448803,2.707912612447219
"No one knows the day or hour. The angels in heaven don't know, and the Son himself doesn't know. Only the Father knows.","“Nso saa da ne dɔnhwere he deɛ biaa nnim, soro abɔfoɔ, anaa Ɔba he mpo nnim, gye sɛ Agya he nkoaa.","Even if no one else knows, not the angels in heaven, nor the Son himself, only the Father knows.",Dec 01 output,,52.50331174646286,4.821042715448803,2.707912612447219
"But Jesus did not say anything, and the governor was greatly amazed. The Death Sentence (Mark","Nso wamma no mmuaeɛ biaa, wammua kwaadu baako koraa, na ɔyɛɛ amrado he nwanwa kɛse. Bebuaa Yesu kumfɔ (Marko","And when he had opened the third seal, I heard the third beast say, Come and see. And I beheld, and lo a black horse; and he that sat on him had a pair of balances in his hand. And I heard a voice in the midst of the four beasts say, A measure of wheat for a penny, and three measures of barley for a penny; and see thou hurt not the oil and the wine. (Revelation 6:5-6, Mark",Dec 01 output,,18.213294890182667,4.821042715448803,2.707912612447219
"So the Lord's promise came true, just as the prophet Jeremiah had said,",Na diyifoɔ Yeremia asɛm he baam sɛ:,The words of the prophet Jeremiah came to pass as follows:,gerhardt_80805CFE_output_7z6RFo,,39.48178645486089,4.821042715448803,2.707912612447219
"I tell you not to worry about your life. Don't worry about having something to eat, drink, or wear. Isn't life more than food or clothing?","Nti meeka akyerɛ ho, honnwennwene ho kra ho, deɛ hobedi anaa deɛ hobɛnom, anaa ho nipadua ho, ɔfa deɛ hobɛhyɛ ho. Nkwa nsom bo nkyɛne aduane, na nipadua nkyɛne ntoma anaa?","When you write it down, think deeply about it, whether it will be beneficial or harmful, or about your reputation, consider what will happen. Life is more important than food, and reputation is more important than clothing, isn't it?",gerhardt_80805CFE_output_7z6RFo,,32.64970213316186,4.821042715448803,2.707912612447219
On that day they will be told they are either innocent or guilty because of the things they have said. A Sign from Heaven (Mark,"efiri sɛ ho nsɛm so ne bɛnam bebu ho bem, na ho nsɛm nso so ne bɛnam bebu ho fɔ.” Bebisaa nsɛnkyerɛnne firii Yesu hɔ","""The word that is in your mouth and in your heart, that is the word of faith that we preach. The message about faith that we proclaim comes from Christ.""",gerhardt_80805CFE_output_7z6RFo,,18.740642771388238,4.821042715448803,2.707912612447219
"No one knows the day or hour. The angels in heaven don't know, and the Son himself doesn't know. Only the Father knows.","“Nso saa da ne dɔnhwere he deɛ biaa nnim, soro abɔfoɔ, anaa Ɔba he mpo nnim, gye sɛ Agya he nkoaa.","Even if the child does not know the father, the angels in heaven, or even God himself, it is enough that the Father knows.",gerhardt_80805CFE_output_7z6RFo,,43.43943986891397,4.821042715448803,2.707912612447219
"But Jesus did not say anything, and the governor was greatly amazed. The Death Sentence (Mark","Nso wamma no mmuaeɛ biaa, wammua kwaadu baako koraa, na ɔyɛɛ amrado he nwanwa kɛse. Bebuaa Yesu kumfɔ (Marko","So when they had gathered, they caught a very large number of fish, and their nets were breaking. They signaled to their partners in the other boat (Mark",gerhardt_80805CFE_output_7z6RFo,,25.353605225700456,4.821042715448803,2.707912612447219
"So the Lord's promise came true, just as the prophet Jeremiah had said,",Na diyifoɔ Yeremia asɛm he baam sɛ:,The words of the prophet Jeremiah came to pass as follows:,output_JA-3,,39.48178645486089,4.821042715448803,2.707912612447219
"I tell you not to worry about your life. Don't worry about having something to eat, drink, or wear. Isn't life more than food or clothing?","Nti meeka akyerɛ ho, honnwennwene ho kra ho, deɛ hobedi anaa deɛ hobɛnom, anaa ho nipadua ho, ɔfa deɛ hobɛhyɛ ho. Nkwa nsom bo nkyɛne aduane, na nipadua nkyɛne ntoma anaa?","If you don't take care of it, the body will get sick, whether it's through eating or drinking, or through clothing, it will affect the body. Life is more than food, and the body is more than clothes, isn't it?",output_JA-3,,32.058016339266935,4.821042715448803,2.707912612447219
On that day they will be told they are either innocent or guilty because of the things they have said. A Sign from Heaven (Mark,"efiri sɛ ho nsɛm so ne bɛnam bebu ho bem, na ho nsɛm nso so ne bɛnam bebu ho fɔ.” Bebisaa nsɛnkyerɛnne firii Yesu hɔ","""If you remain in my word, you are truly my disciples, and you will know the truth, and the truth will set you free."" This statement came from Jesus.",output_JA-3,,20.740716870304723,4.821042715448803,2.707912612447219
"No one knows the day or hour. The angels in heaven don't know, and the Son himself doesn't know. Only the Father knows.","“Nso saa da ne dɔnhwere he deɛ biaa nnim, soro abɔfoɔ, anaa Ɔba he mpo nnim, gye sɛ Agya he nkoaa.","If you don't know the name of the tree, the birds in the sky, or even the name of the Lord, at least know the name of the Father.",output_JA-3,,28.659533445530183,4.821042715448803,2.707912612447219
"But Jesus did not say anything, and the governor was greatly amazed. The Death Sentence (Mark","Nso wamma no mmuaeɛ biaa, wammua kwaadu baako koraa, na ɔyɛɛ amrado he nwanwa kɛse. Bebuaa Yesu kumfɔ (Marko","So when the man saw that he could not hide it, he confessed and said, ""I have sinned against heaven and before you.""",output_JA-3,,19.815139534977728,4.821042715448803,2.707912612447219
"So the Lord's promise came true, just as the prophet Jeremiah had said,",Na diyifoɔ Yeremia asɛm he baam sɛ:,"The word that came to Jeremiah from the Lord, saying:",Dec 06 output,,30.571845383684675,4.821042715448803,2.707912612447219
"I tell you not to worry about your life. Don't worry about having something to eat, drink, or wear. Isn't life more than food or clothing?","Nti meeka akyerɛ ho, honnwennwene ho kra ho, deɛ hobedi anaa deɛ hobɛnom, anaa ho nipadua ho, ɔfa deɛ hobɛhyɛ ho. Nkwa nsom bo nkyɛne aduane, na nipadua nkyɛne ntoma anaa?","When you write it, think deeply about it, whether it will be good or bad, or about the person's character, he will do what is right. Life is not only about food, and character is not about clothes, right?",Dec 06 output,,27.0241319044837,4.821042715448803,2.707912612447219
On that day they will be told they are either innocent or guilty because of the things they have said. A Sign from Heaven (Mark,"efiri sɛ ho nsɛm so ne bɛnam bebu ho bem, na ho nsɛm nso so ne bɛnam bebu ho fɔ.” Bebisaa nsɛnkyerɛnne firii Yesu hɔ","the word that I speak unto you, they are spirit, and they are life. The words that I speak unto you, they are spirit, and they are life. This question was from Jesus.",Dec 06 output,,23.998401682893856,4.821042715448803,2.707912612447219
"No one knows the day or hour. The angels in heaven don't know, and the Son himself doesn't know. Only the Father knows.","“Nso saa da ne dɔnhwere he deɛ biaa nnim, soro abɔfoɔ, anaa Ɔba he mpo nnim, gye sɛ Agya he nkoaa.","Even if the whole world does not know, the angels in heaven, or even the Lord himself, it is enough that the Father knows.",Dec 06 output,,45.0086442214045,4.821042715448803,2.707912612447219
"But Jesus did not say anything, and the governor was greatly amazed. The Death Sentence (Mark","Nso wamma no mmuaeɛ biaa, wammua kwaadu baako koraa, na ɔyɛɛ amrado he nwanwa kɛse. Bebuaa Yesu kumfɔ (Marko","So when they had gathered, they found only one boy, and he was wearing a large white robe. They asked Jesus to come (Mark)",Dec 06 output,,27.02784296250968,4.821042715448803,2.707912612447219
"So the Lord's promise came true, just as the prophet Jeremiah had said,",Na diyifoɔ Yeremia asɛm he baam sɛ:,The words of the prophet Jeremiah came to pass as follows:,onesimus_C6D92021_Dec 02 output,,39.48178645486089,4.821042715448803,2.707912612447219
"I tell you not to worry about your life. Don't worry about having something to eat, drink, or wear. Isn't life more than food or clothing?","Nti meeka akyerɛ ho, honnwennwene ho kra ho, deɛ hobedi anaa deɛ hobɛnom, anaa ho nipadua ho, ɔfa deɛ hobɛhyɛ ho. Nkwa nsom bo nkyɛne aduane, na nipadua nkyɛne ntoma anaa?","If you don't take care of it, it will affect your soul, whether you eat it or drink it, or your clothing, it will affect you. Life is more than food, and clothing is more than clothes, isn't it?",onesimus_C6D92021_Dec 02 output,,35.32497977679142,4.821042715448803,2.707912612447219
On that day they will be told they are either innocent or guilty because of the things they have said. A Sign from Heaven (Mark,"efiri sɛ ho nsɛm so ne bɛnam bebu ho bem, na ho nsɛm nso so ne bɛnam bebu ho fɔ.” Bebisaa nsɛnkyerɛnne firii Yesu hɔ","the words that I speak unto you, they are spirit, and they are life. But there are some of you that believe not. For Jesus knew from the beginning",onesimus_C6D92021_Dec 02 output,,26.954206088137834,4.821042715448803,2.707912612447219
"No one knows the day or hour. The angels in heaven don't know, and the Son himself doesn't know. Only the Father knows.","“Nso saa da ne dɔnhwere he deɛ biaa nnim, soro abɔfoɔ, anaa Ɔba he mpo nnim, gye sɛ Agya he nkoaa.","Even if no one on earth or in heaven, or even the Son, knows, only the Father knows.",onesimus_C6D92021_Dec 02 output,,36.997290976662974,4.821042715448803,2.707912612447219
"But Jesus did not say anything, and the governor was greatly amazed. The Death Sentence (Mark","Nso wamma no mmuaeɛ biaa, wammua kwaadu baako koraa, na ɔyɛɛ amrado he nwanwa kɛse. Bebuaa Yesu kumfɔ (Marko","And he said to them, ""Follow me, and I will make you fishers of men."" And immediately they left their nets and followed him. They saw Jesus walking (Mark",onesimus_C6D92021_Dec 02 output,,24.614314348199166,4.821042715448803,2.707912612447219
"So the Lord's promise came true, just as the prophet Jeremiah had said,",Na diyifoɔ Yeremia asɛm he baam sɛ:,The words of the prophet Jeremiah came to pass as follows:,Jan output 1 ,,39.48178645486089,4.821042715448803,2.707912612447219
"I tell you not to worry about your life. Don't worry about having something to eat, drink, or wear. Isn't life more than food or clothing?","Nti meeka akyerɛ ho, honnwennwene ho kra ho, deɛ hobedi anaa deɛ hobɛnom, anaa ho nipadua ho, ɔfa deɛ hobɛhyɛ ho. Nkwa nsom bo nkyɛne aduane, na nipadua nkyɛne ntoma anaa?","When I show you, look at it carefully, whether it's good or bad, or its color, he takes what he will use. Life is more important than food, and color is more important than clothes, right?",Jan output 1 ,,24.548891317873423,4.821042715448803,2.707912612447219
On that day they will be told they are either innocent or guilty because of the things they have said. A Sign from Heaven (Mark,"efiri sɛ ho nsɛm so ne bɛnam bebu ho bem, na ho nsɛm nso so ne bɛnam bebu ho fɔ.” Bebisaa nsɛnkyerɛnne firii Yesu hɔ",but the word that was spoken about him was that he would be called the son of God.” The question arose from Jesus.,Jan output 1 ,,19.129677887316824,4.821042715448803,2.707912612447219
"No one knows the day or hour. The angels in heaven don't know, and the Son himself doesn't know. Only the Father knows.","“Nso saa da ne dɔnhwere he deɛ biaa nnim, soro abɔfoɔ, anaa Ɔba he mpo nnim, gye sɛ Agya he nkoaa.","If you don't know the name of the river, the sky gods, or even the king, at least know the name of the father.",Jan output 1 ,,25.897415795225502,4.821042715448803,2.707912612447219
"But Jesus did not say anything, and the governor was greatly amazed. The Death Sentence (Mark","Nso wamma no mmuaeɛ biaa, wammua kwaadu baako koraa, na ɔyɛɛ amrado he nwanwa kɛse. Bebuaa Yesu kumfɔ (Marko","So when the woman saw that the tree was good for food, and that it was pleasant to the eyes, and a tree to be desired to make one wise, she took of the fruit thereof, and did eat, and gave also unto her husband with her; and he did eat. But Jesus answered (Mark)",Jan output 1 ,,24.936444210045742,4.821042715448803,2.707912612447219
"So the Lord's promise came true, just as the prophet Jeremiah had said,",Na diyifoɔ Yeremia asɛm he baam sɛ:,The words of the prophet Jeremiah came to pass as follows:,onesimus_5B146D14_Dec 05 output,,39.48178645486089,4.821042715448803,2.707912612447219
"I tell you not to worry about your life. Don't worry about having something to eat, drink, or wear. Isn't life more than food or clothing?","Nti meeka akyerɛ ho, honnwennwene ho kra ho, deɛ hobedi anaa deɛ hobɛnom, anaa ho nipadua ho, ɔfa deɛ hobɛhyɛ ho. Nkwa nsom bo nkyɛne aduane, na nipadua nkyɛne ntoma anaa?","When you write it, think deeply about what you will eat or drink, or what you will wear. Life is more than food and the body more than clothes, isn't it?",onesimus_5B146D14_Dec 05 output,,36.09081799122898,4.821042715448803,2.707912612447219
On that day they will be told they are either innocent or guilty because of the things they have said. A Sign from Heaven (Mark,"efiri sɛ ho nsɛm so ne bɛnam bebu ho bem, na ho nsɛm nso so ne bɛnam bebu ho fɔ.” Bebisaa nsɛnkyerɛnne firii Yesu hɔ","""The word is near you, in your mouth and in your heart,"" that is, the word of faith that we proclaim. This is the message about Jesus.",onesimus_5B146D14_Dec 05 output,,18.18246926310686,4.821042715448803,2.707912612447219
"No one knows the day or hour. The angels in heaven don't know, and the Son himself doesn't know. Only the Father knows.","“Nso saa da ne dɔnhwere he deɛ biaa nnim, soro abɔfoɔ, anaa Ɔba he mpo nnim, gye sɛ Agya he nkoaa.","Even if no one else knows, neither the angels in heaven nor the Son, only the Father knows.",onesimus_5B146D14_Dec 05 output,,46.62832904108639,4.821042715448803,2.707912612447219
"But Jesus did not say anything, and the governor was greatly amazed. The Death Sentence (Mark","Nso wamma no mmuaeɛ biaa, wammua kwaadu baako koraa, na ɔyɛɛ amrado he nwanwa kɛse. Bebuaa Yesu kumfɔ (Marko","So when the woman saw that the tree was good for food, and that it was pleasant to the eyes, and a tree to be desired to make one wise, she took of the fruit thereof, and did eat, and gave also unto her husband with her; and he did eat. And the eyes of them both were opened, and they knew that they were naked; and they sewed fig leaves together, and made themselves aprons. And they heard the voice of the Lord God walking in the garden in the cool of the day: and Adam and his wife hid themselves from the presence of the Lord God amongst the trees of the garden.",onesimus_5B146D14_Dec 05 output,,15.464912594321726,4.821042715448803,2.707912612447219
"So the Lord's promise came true, just as the prophet Jeremiah had said,",Na diyifoɔ Yeremia asɛm he baam sɛ:,The words of the prophet Jeremiah came to pass as follows:,gerhardt_428C0151_output_jQjr1f,,39.48178645486089,4.821042715448803,2.707912612447219
"I tell you not to worry about your life. Don't worry about having something to eat, drink, or wear. Isn't life more than food or clothing?","Nti meeka akyerɛ ho, honnwennwene ho kra ho, deɛ hobedi anaa deɛ hobɛnom, anaa ho nipadua ho, ɔfa deɛ hobɛhyɛ ho. Nkwa nsom bo nkyɛne aduane, na nipadua nkyɛne ntoma anaa?","When you see it, you will be amazed at its beauty, whether it is eaten or drunk, or its seed, it gives what it will be used for. Life is more important than food, and seed is more important than clothing, isn't it?",gerhardt_428C0151_output_jQjr1f,,27.876263335548003,4.821042715448803,2.707912612447219
On that day they will be told they are either innocent or guilty because of the things they have said. A Sign from Heaven (Mark,"efiri sɛ ho nsɛm so ne bɛnam bebu ho bem, na ho nsɛm nso so ne bɛnam bebu ho fɔ.” Bebisaa nsɛnkyerɛnne firii Yesu hɔ","""The word that is in your mouth and in your heart, that is the word of faith that we preach. The confession comes from faith in Jesus.""",gerhardt_428C0151_output_jQjr1f,,19.775118837622017,4.821042715448803,2.707912612447219
"No one knows the day or hour. The angels in heaven don't know, and the Son himself doesn't know. Only the Father knows.","“Nso saa da ne dɔnhwere he deɛ biaa nnim, soro abɔfoɔ, anaa Ɔba he mpo nnim, gye sɛ Agya he nkoaa.","Even if no one on earth knows, the angels in heaven, or even God himself, it is only the Father who knows.",gerhardt_428C0151_output_jQjr1f,,43.64962156723333,4.821042715448803,2.707912612447219
"But Jesus did not say anything, and the governor was greatly amazed. The Death Sentence (Mark","Nso wamma no mmuaeɛ biaa, wammua kwaadu baako koraa, na ɔyɛɛ amrado he nwanwa kɛse. Bebuaa Yesu kumfɔ (Marko","So when the woman heard about Jesus, she came in the crowd behind and touched his garment. For she said, ""If I may touch but his clothes, I shall be whole."" (Mark 5:27-28)",gerhardt_428C0151_output_jQjr1f,,24.252579412677033,4.821042715448803,2.707912612447219
"So the Lord's promise came true, just as the prophet Jeremiah had said,",Na diyifoɔ Yeremia asɛm he baam sɛ:,Thus says the prophet Jeremiah,gerhardt_E4DFEBFE_output_T8d1lo,,35.23197406978844,4.821042715448803,2.707912612447219
"I tell you not to worry about your life. Don't worry about having something to eat, drink, or wear. Isn't life more than food or clothing?","Nti meeka akyerɛ ho, honnwennwene ho kra ho, deɛ hobedi anaa deɛ hobɛnom, anaa ho nipadua ho, ɔfa deɛ hobɛhyɛ ho. Nkwa nsom bo nkyɛne aduane, na nipadua nkyɛne ntoma anaa?","If you don't show it, it's not the soul that's beautiful, whether it's eaten or drunk, or the body, it takes what is used to adorn it. Life is connected to food, and the body is connected to clothes, isn't it?",gerhardt_E4DFEBFE_output_T8d1lo,,23.887028742859144,4.821042715448803,2.707912612447219
On that day they will be told they are either innocent or guilty because of the things they have said. A Sign from Heaven (Mark,"efiri sɛ ho nsɛm so ne bɛnam bebu ho bem, na ho nsɛm nso so ne bɛnam bebu ho fɔ.” Bebisaa nsɛnkyerɛnne firii Yesu hɔ","""The word that was with God and was God became flesh and dwelt among us."" The testimony came from Jesus.",gerhardt_E4DFEBFE_output_T8d1lo,,16.521171955984475,4.821042715448803,2.707912612447219
"No one knows the day or hour. The angels in heaven don't know, and the Son himself doesn't know. Only the Father knows.","“Nso saa da ne dɔnhwere he deɛ biaa nnim, soro abɔfoɔ, anaa Ɔba he mpo nnim, gye sɛ Agya he nkoaa.","If you do not know the one who created the heavens and the earth, the angels, or even the Son, then know that it is the Father.",gerhardt_E4DFEBFE_output_T8d1lo,,35.8172695003675,4.821042715448803,2.707912612447219
"But Jesus did not say anything, and the governor was greatly amazed. The Death Sentence (Mark","Nso wamma no mmuaeɛ biaa, wammua kwaadu baako koraa, na ɔyɛɛ amrado he nwanwa kɛse. Bebuaa Yesu kumfɔ (Marko","So when they had gathered, they found only one boy, and he was possessed by a great demon. They brought him to Jesus (Mark)",gerhardt_E4DFEBFE_output_T8d1lo,,26.35445692941175,4.821042715448803,2.707912612447219
"So the Lord's promise came true, just as the prophet Jeremiah had said,",Na diyifoɔ Yeremia asɛm he baam sɛ:,The words of the prophet Jeremiah came to pass as follows:,onesimus_4838858E_Jan output 1 ,,39.48178645486089,4.821042715448803,2.707912612447219
"I tell you not to worry about your life. Don't worry about having something to eat, drink, or wear. Isn't life more than food or clothing?","Nti meeka akyerɛ ho, honnwennwene ho kra ho, deɛ hobedi anaa deɛ hobɛnom, anaa ho nipadua ho, ɔfa deɛ hobɛhyɛ ho. Nkwa nsom bo nkyɛne aduane, na nipadua nkyɛne ntoma anaa?","When I show you, look at it carefully, whether it's good or bad, or its color, he takes what he will use. Life is more important than food, and color is more important than clothes, right?",onesimus_4838858E_Jan output 1 ,,24.548891317873423,4.821042715448803,2.707912612447219
On that day they will be told they are either innocent or guilty because of the things they have said. A Sign from Heaven (Mark,"efiri sɛ ho nsɛm so ne bɛnam bebu ho bem, na ho nsɛm nso so ne bɛnam bebu ho fɔ.” Bebisaa nsɛnkyerɛnne firii Yesu hɔ",but the word that was spoken about him was that he would be called the son of God.” The question arose from Jesus.,onesimus_4838858E_Jan output 1 ,,19.129677887316824,4.821042715448803,2.707912612447219
"No one knows the day or hour. The angels in heaven don't know, and the Son himself doesn't know. Only the Father knows.","“Nso saa da ne dɔnhwere he deɛ biaa nnim, soro abɔfoɔ, anaa Ɔba he mpo nnim, gye sɛ Agya he nkoaa.","If you don't know the name of the river, the sky gods, or even the king, at least know the name of the father.",onesimus_4838858E_Jan output 1 ,,25.897415795225502,4.821042715448803,2.707912612447219
"But Jesus did not say anything, and the governor was greatly amazed. The Death Sentence (Mark","Nso wamma no mmuaeɛ biaa, wammua kwaadu baako koraa, na ɔyɛɛ amrado he nwanwa kɛse. Bebuaa Yesu kumfɔ (Marko","So when the woman saw that the tree was good for food, and that it was pleasant to the eyes, and a tree to be desired to make one wise, she took of the fruit thereof, and did eat, and gave also unto her husband with her; and he did eat. But Jesus answered (Mark)",onesimus_4838858E_Jan output 1 ,,24.936444210045742,4.821042715448803,2.707912612447219
"So the Lord's promise came true, just as the prophet Jeremiah had said,",Na diyifoɔ Yeremia asɛm he baam sɛ:,The words of the prophet Jeremiah came to pass as follows:,gerhardt_2F3FAF10_output (1),,39.48178645486089,4.821042715448803,2.707912612447219
"I tell you not to worry about your life. Don't worry about having something to eat, drink, or wear. Isn't life more than food or clothing?","Nti meeka akyerɛ ho, honnwennwene ho kra ho, deɛ hobedi anaa deɛ hobɛnom, anaa ho nipadua ho, ɔfa deɛ hobɛhyɛ ho. Nkwa nsom bo nkyɛne aduane, na nipadua nkyɛne ntoma anaa?","When you write it, think deeply about it, whether it will benefit or harm, or about the person's reputation, consider what will happen. Life is more important than food, and reputation more important than clothes, right?",gerhardt_2F3FAF10_output (1),,27.553508806437645,4.821042715448803,2.707912612447219
On that day they will be told they are either innocent or guilty because of the things they have said. A Sign from Heaven (Mark,"efiri sɛ ho nsɛm so ne bɛnam bebu ho bem, na ho nsɛm nso so ne bɛnam bebu ho fɔ.” Bebisaa nsɛnkyerɛnne firii Yesu hɔ","the word is like a seed that is sown in the heart, and the word is also like a seed that is sown in the field. The parable came from Jesus.",gerhardt_2F3FAF10_output (1),,20.89779875583302,4.821042715448803,2.707912612447219
"No one knows the day or hour. The angels in heaven don't know, and the Son himself doesn't know. Only the Father knows.","“Nso saa da ne dɔnhwere he deɛ biaa nnim, soro abɔfoɔ, anaa Ɔba he mpo nnim, gye sɛ Agya he nkoaa.","If you don't know the one who created the sky, the angels, or even the Son, then know that it is the Father.",gerhardt_2F3FAF10_output (1),,36.2701481982345,4.821042715448803,2.707912612447219
"But Jesus did not say anything, and the governor was greatly amazed. The Death Sentence (Mark","Nso wamma no mmuaeɛ biaa, wammua kwaadu baako koraa, na ɔyɛɛ amrado he nwanwa kɛse. Bebuaa Yesu kumfɔ (Marko","When the woman saw that the tree was good for food and pleasing to the eyes, and also desirable for gaining wisdom, she took some and ate it. Then she gave some to her husband, who was with her, and he ate it. (Genesis 3:6)",gerhardt_2F3FAF10_output (1),,20.14502420438508,4.821042715448803,2.707912612447219
"So the Lord's promise came true, just as the prophet Jeremiah had said,",Na diyifoɔ Yeremia asɛm he baam sɛ:,"The word that came to Jeremiah from the Lord, saying:",onesimus_778C5456_Dec 06 output,,30.571845383684675,4.821042715448803,2.707912612447219
"I tell you not to worry about your life. Don't worry about having something to eat, drink, or wear. Isn't life more than food or clothing?","Nti meeka akyerɛ ho, honnwennwene ho kra ho, deɛ hobedi anaa deɛ hobɛnom, anaa ho nipadua ho, ɔfa deɛ hobɛhyɛ ho. Nkwa nsom bo nkyɛne aduane, na nipadua nkyɛne ntoma anaa?","When you write it, think deeply about it, whether it will be good or bad, or about the person's character, he will do what is right. Life is not only about food, and character is not about clothes, right?",onesimus_778C5456_Dec 06 output,,27.0241319044837,4.821042715448803,2.707912612447219
On that day they will be told they are either innocent or guilty because of the things they have said. A Sign from Heaven (Mark,"efiri sɛ ho nsɛm so ne bɛnam bebu ho bem, na ho nsɛm nso so ne bɛnam bebu ho fɔ.” Bebisaa nsɛnkyerɛnne firii Yesu hɔ","the word that I speak unto you, they are spirit, and they are life. The words that I speak unto you, they are spirit, and they are life. This question was from Jesus.",onesimus_778C5456_Dec 06 output,,23.998401682893856,4.821042715448803,2.707912612447219
"No one knows the day or hour. The angels in heaven don't know, and the Son himself doesn't know. Only the Father knows.","“Nso saa da ne dɔnhwere he deɛ biaa nnim, soro abɔfoɔ, anaa Ɔba he mpo nnim, gye sɛ Agya he nkoaa.","Even if the whole world does not know, the angels in heaven, or even the Lord himself, it is enough that the Father knows.",onesimus_778C5456_Dec 06 output,,45.0086442214045,4.821042715448803,2.707912612447219
"But Jesus did not say anything, and the governor was greatly amazed. The Death Sentence (Mark","Nso wamma no mmuaeɛ biaa, wammua kwaadu baako koraa, na ɔyɛɛ amrado he nwanwa kɛse. Bebuaa Yesu kumfɔ (Marko","So when they had gathered, they found only one boy, and he was wearing a large white robe. They asked Jesus to come (Mark)",onesimus_778C5456_Dec 06 output,,27.02784296250968,4.821042715448803,2.707912612447219
"So the Lord's promise came true, just as the prophet Jeremiah had said,",Na diyifoɔ Yeremia asɛm he baam sɛ:,The words of the prophet Jeremiah came to pass as follows:,gerhardt_E3C23636_output_AHjhdB,,39.48178645486089,4.821042715448803,2.707912612447219
"I tell you not to worry about your life. Don't worry about having something to eat, drink, or wear. Isn't life more than food or clothing?","Nti meeka akyerɛ ho, honnwennwene ho kra ho, deɛ hobedi anaa deɛ hobɛnom, anaa ho nipadua ho, ɔfa deɛ hobɛhyɛ ho. Nkwa nsom bo nkyɛne aduane, na nipadua nkyɛne ntoma anaa?","When you write it, think deeply in your heart, whether it will be useful or not, or whether it will be beneficial, or whether it will be harmful to others. Life is more important than food, and is clothing more important than life?",gerhardt_E3C23636_output_AHjhdB,,28.050125547734556,4.821042715448803,2.707912612447219
On that day they will be told they are either innocent or guilty because of the things they have said. A Sign from Heaven (Mark,"efiri sɛ ho nsɛm so ne bɛnam bebu ho bem, na ho nsɛm nso so ne bɛnam bebu ho fɔ.” Bebisaa nsɛnkyerɛnne firii Yesu hɔ","the word that is in your heart and the word that comes out of your mouth, and the word that comes out of your mouth will be justified.” This parable came from Jesus.",gerhardt_E3C23636_output_AHjhdB,,21.542668470615062,4.821042715448803,2.707912612447219
"No one knows the day or hour. The angels in heaven don't know, and the Son himself doesn't know. Only the Father knows.","“Nso saa da ne dɔnhwere he deɛ biaa nnim, soro abɔfoɔ, anaa Ɔba he mpo nnim, gye sɛ Agya he nkoaa.","Even if no one on earth knows, not even the angels in heaven, or the Son himself, only the Father knows.",gerhardt_E3C23636_output_AHjhdB,,51.79124344359801,4.821042715448803,2.707912612447219
"But Jesus did not say anything, and the governor was greatly amazed. The Death Sentence (Mark","Nso wamma no mmuaeɛ biaa, wammua kwaadu baako koraa, na ɔyɛɛ amrado he nwanwa kɛse. Bebuaa Yesu kumfɔ (Marko","So when the woman heard about Jesus, she came in the crowd behind and touched his garment. For she said, ""If I may touch but his clothes, I shall be whole.""",gerhardt_E3C23636_output_AHjhdB,,22.65396648301519,4.821042715448803,2.707912612447219
"So the Lord's promise came true, just as the prophet Jeremiah had said,",Na diyifoɔ Yeremia asɛm he baam sɛ:,The words of the prophet Jeremiah came to pass as follows:,Dec 12 output,,39.48178645486089,4.821042715448803,2.707912612447219
"I tell you not to worry about your life. Don't worry about having something to eat, drink, or wear. Isn't life more than food or clothing?","Nti meeka akyerɛ ho, honnwennwene ho kra ho, deɛ hobedi anaa deɛ hobɛnom, anaa ho nipadua ho, ɔfa deɛ hobɛhyɛ ho. Nkwa nsom bo nkyɛne aduane, na nipadua nkyɛne ntoma anaa?","When you write it, think deeply about it, whether it will be good or bad, or about the person's reputation, he will do what will suit him. Life is more important than food, and reputation is more important than clothes, isn't it?",Dec 12 output,,29.143053142527968,4.821042715448803,2.707912612447219
On that day they will be told they are either innocent or guilty because of the things they have said. A Sign from Heaven (Mark,"efiri sɛ ho nsɛm so ne bɛnam bebu ho bem, na ho nsɛm nso so ne bɛnam bebu ho fɔ.” Bebisaa nsɛnkyerɛnne firii Yesu hɔ","The word that is in your mouth and in your heart, that is the word of faith that we preach. The question arose from Jesus.",Dec 12 output,,18.718601684346243,4.821042715448803,2.707912612447219
"No one knows the day or hour. The angels in heaven don't know, and the Son himself doesn't know. Only the Father knows.","“Nso saa da ne dɔnhwere he deɛ biaa nnim, soro abɔfoɔ, anaa Ɔba he mpo nnim, gye sɛ Agya he nkoaa.","Even though no one knows the day or the hour, not the angels in heaven, nor the Son, but only the Father.",Dec 12 output,,49.81613565828263,4.821042715448803,2.707912612447219
"But Jesus did not say anything, and the governor was greatly amazed. The Death Sentence (Mark","Nso wamma no mmuaeɛ biaa, wammua kwaadu baako koraa, na ɔyɛɛ amrado he nwanwa kɛse. Bebuaa Yesu kumfɔ (Marko","So when they were all gathered, they chose one man, and he was a great warrior in the army. They called Jesus the son of Mark",Dec 12 output,,26.13161509845995,4.821042715448803,2.707912612447219
"So the Lord's promise came true, just as the prophet Jeremiah had said,",Na diyifoɔ Yeremia asɛm he baam sɛ:,Thus says the prophet Jeremiah,onesimus_CF2838B3_Dec 03 output,,35.23197406978844,4.821042715448803,2.707912612447219
"I tell you not to worry about your life. Don't worry about having something to eat, drink, or wear. Isn't life more than food or clothing?","Nti meeka akyerɛ ho, honnwennwene ho kra ho, deɛ hobedi anaa deɛ hobɛnom, anaa ho nipadua ho, ɔfa deɛ hobɛhyɛ ho. Nkwa nsom bo nkyɛne aduane, na nipadua nkyɛne ntoma anaa?","When I look at you, I see your soul, what you will eat or what you will drink, or your clothes, he takes what he will wear. Life is more than food, and clothing is more than clothes, isn't it?",onesimus_CF2838B3_Dec 03 output,,35.25623403535461,4.821042715448803,2.707912612447219
On that day they will be told they are either innocent or guilty because of the things they have said. A Sign from Heaven (Mark,"efiri sɛ ho nsɛm so ne bɛnam bebu ho bem, na ho nsɛm nso so ne bɛnam bebu ho fɔ.” Bebisaa nsɛnkyerɛnne firii Yesu hɔ","""The word is near you, in your mouth and in your heart, that is, the word of faith that we preach. The scripture says about the righteousness that comes from faith."" The message came from Jesus.",onesimus_CF2838B3_Dec 03 output,,20.680512785048013,4.821042715448803,2.707912612447219
"No one knows the day or hour. The angels in heaven don't know, and the Son himself doesn't know. Only the Father knows.","“Nso saa da ne dɔnhwere he deɛ biaa nnim, soro abɔfoɔ, anaa Ɔba he mpo nnim, gye sɛ Agya he nkoaa.","If you don't know the name of a bird in the sky or even the name of a king, just say it's the name of the father.",onesimus_CF2838B3_Dec 03 output,,23.939187088659555,4.821042715448803,2.707912612447219
"But Jesus did not say anything, and the governor was greatly amazed. The Death Sentence (Mark","Nso wamma no mmuaeɛ biaa, wammua kwaadu baako koraa, na ɔyɛɛ amrado he nwanwa kɛse. Bebuaa Yesu kumfɔ (Marko","And they took the child and his mother, and brought him to a great house, and he became a great man there. They asked Jesus to come (Mark)",onesimus_CF2838B3_Dec 03 output,,28.69968315469989,4.821042715448803,2.707912612447219
"So the Lord's promise came true, just as the prophet Jeremiah had said,",Na diyifoɔ Yeremia asɛm he baam sɛ:,The words of the prophet Jeremiah came to pass as follows:,john_BA3F5F9A_output (3),,39.48178645486089,4.821042715448803,2.707912612447219
"I tell you not to worry about your life. Don't worry about having something to eat, drink, or wear. Isn't life more than food or clothing?","Nti meeka akyerɛ ho, honnwennwene ho kra ho, deɛ hobedi anaa deɛ hobɛnom, anaa ho nipadua ho, ɔfa deɛ hobɛhyɛ ho. Nkwa nsom bo nkyɛne aduane, na nipadua nkyɛne ntoma anaa?","When you write it, think deeply about it, whether it will be beneficial or harmful, or about its consequences, it depends on what you will use it for. Life and religion are related to food, and consequences are related to clothing, right?",john_BA3F5F9A_output (3),,26.901582474207714,4.821042715448803,2.707912612447219
On that day they will be told they are either innocent or guilty because of the things they have said. A Sign from Heaven (Mark,"efiri sɛ ho nsɛm so ne bɛnam bebu ho bem, na ho nsɛm nso so ne bɛnam bebu ho fɔ.” Bebisaa nsɛnkyerɛnne firii Yesu hɔ","The word is near you, in your mouth and in your heart, that is, the word of faith which we preach. The preaching of the word came from Jesus.",john_BA3F5F9A_output (3),,19.794914264022797,4.821042715448803,2.707912612447219
"No one knows the day or hour. The angels in heaven don't know, and the Son himself doesn't know. Only the Father knows.","“Nso saa da ne dɔnhwere he deɛ biaa nnim, soro abɔfoɔ, anaa Ɔba he mpo nnim, gye sɛ Agya he nkoaa.","Even though no one knows the day or the hour, not even the angels in heaven, nor the Son, but only the Father.",john_BA3F5F9A_output (3),,49.56314625454935,4.821042715448803,2.707912612447219
"But Jesus did not say anything, and the governor was greatly amazed. The Death Sentence (Mark","Nso wamma no mmuaeɛ biaa, wammua kwaadu baako koraa, na ɔyɛɛ amrado he nwanwa kɛse. Bebuaa Yesu kumfɔ (Marko","So when the time came, she gave birth to her firstborn son, and she wrapped him in cloths and placed him in a manger, because there was no guest room available for them. This is how Jesus was born (Mark).",john_BA3F5F9A_output (3),,23.40576753975207,4.821042715448803,2.707912612447219
