ref,text,translated,source_zip_file,similarity_score,chrf_sentence,corpus_bleu,corpus_chrf
"After King Herod died, an angel from the Lord appeared in a dream to Joseph while he was still in Egypt.","Wura Hɛrodɛ lɛwu gɛmara mɔ, Wurubuaarɛ dɔ ɔsɔɔ ɔko gi baa lɛɛ mɔ-nyoro nyiile Gyosɛfo oderi dɔ Igyipiti.","When Herod the king heard this, he was troubled, and all Jerusalem with him, because they feared the words of the wise men.",Dec 08 output,,25.018684430408854,6.259768097362956,3.159742539496782
"Rain poured down, rivers flooded, and the winds blew and beat against that house. Finally, it fell with a crash.","Gɛkɛ gɛdɛ mɔ, nyangbon de afuu belɛ a baa da, ne ibon i bɔla baa da de obu mɔ. Obu mɔ yii daa giŋɛsii so so mɔ, ɔ tɔrɔ daa wurum!”","If you want to eat, then go and hunt. If you don't want to hunt, then you will not eat. You will not eat without hunting, so go and hunt!",Dec 08 output,,17.102197837338228,6.259768097362956,3.159742539496782
John's followers took his body and buried it. Then they told Jesus what had happened. Jesus Feeds Five Thousand (Mark,"Gyɔn akasɛbo mɔ mɛ nu gɛnen mɔ, mɛ kpaa kyu mɔ-gibuni mɔ kyu kpaa pule, ne mɛ kpaa buu sa Yesu. Yesu Gi Sa Sakpii Belɛ Agyudɔ Ne Mɛ Gyi Kaabo","When the world is filled with evil, we will fight evil with good, and we will fight evil with the love of Jesus. Jesus is the only way to salvation and we will follow him.",Dec 08 output,,24.493281610079805,6.259768097362956,3.159742539496782
"They left their graves, and after Jesus had risen to life, they went into the holy city, where they were seen by many people.","ne mɛ lii nkyan mɔ dɔ. Yesu gi kyingi mɔ, imɔ gɛmara mɔ, gɛnen ibuni ibono mɛ naa baa loo Gyɛrusalem ɔsowolɛ ɔbono Wurubuaarɛ gi lɔrɔ yela sa mɔ-ɔson mɔ, ne mɛ lɛɛ mɔmɔ-nyoro gɛwi nyiile asa sakyɔ.","When he arrived in Jerusalem, he went to the temple and saw all the people buying and selling there. And he made a whip of cords and drove them all out of the temple, both sheep and cattle. He overturned the tables of the money changers and scattered their coins.",Dec 08 output,,25.35211743365172,6.259768097362956,3.159742539496782
Over on the hillside a large herd of pigs was feeding.,"Aberɛ abono mɔ, akuuri gikpen belɛ giko gi yelɛ gibii mɔ alan dɔ nno mɛ kya gyi.","If you are a man, you should be strong and brave.",Dec 08 output,,12.089786309407966,6.259768097362956,3.159742539496782
"After King Herod died, an angel from the Lord appeared in a dream to Joseph while he was still in Egypt.","Wura Hɛrodɛ lɛwu gɛmara mɔ, Wurubuaarɛ dɔ ɔsɔɔ ɔko gi baa lɛɛ mɔ-nyoro nyiile Gyosɛfo oderi dɔ Igyipiti.","When Herod heard that the wise men had gone to Bethlehem, he was disturbed, and he sent out and killed all the male children in Bethlehem and its vicinity who were under two years old, according to the time which he had ascertained from the wise men.",onesimus_31223989_Dec 12 output,,25.547286821085258,6.259768097362956,3.159742539496782
"Rain poured down, rivers flooded, and the winds blew and beat against that house. Finally, it fell with a crash.","Gɛkɛ gɛdɛ mɔ, nyangbon de afuu belɛ a baa da, ne ibon i bɔla baa da de obu mɔ. Obu mɔ yii daa giŋɛsii so so mɔ, ɔ tɔrɔ daa wurum!”","If you are going to steal, steal well so that you will not be caught. If you are caught, you will be punished.  Do not steal at all!",onesimus_31223989_Dec 12 output,,17.747442018294425,6.259768097362956,3.159742539496782
John's followers took his body and buried it. Then they told Jesus what had happened. Jesus Feeds Five Thousand (Mark,"Gyɔn akasɛbo mɔ mɛ nu gɛnen mɔ, mɛ kpaa kyu mɔ-gibuni mɔ kyu kpaa pule, ne mɛ kpaa buu sa Yesu. Yesu Gi Sa Sakpii Belɛ Agyudɔ Ne Mɛ Gyi Kaabo","When the wicked are judged, they will be punished, and they will be punished severely. They will be punished with fire and brimstone, and they will be punished with the judgment of Jesus. Jesus is the judge of all, and he will judge us all.",onesimus_31223989_Dec 12 output,,23.562988585658555,6.259768097362956,3.159742539496782
"They left their graves, and after Jesus had risen to life, they went into the holy city, where they were seen by many people.","ne mɛ lii nkyan mɔ dɔ. Yesu gi kyingi mɔ, imɔ gɛmara mɔ, gɛnen ibuni ibono mɛ naa baa loo Gyɛrusalem ɔsowolɛ ɔbono Wurubuaarɛ gi lɔrɔ yela sa mɔ-ɔson mɔ, ne mɛ lɛɛ mɔmɔ-nyoro gɛwi nyiile asa sakyɔ.","When he arrived in Jerusalem, he went into the temple and drove out all those who were selling and buying there. He overturned the tables of the money changers and the benches of those who were selling doves. And he said to them, ""It is written, 'My house shall be called a house of prayer,' but you have made it a 'den of robbers.'""",onesimus_31223989_Dec 12 output,,26.751621848735756,6.259768097362956,3.159742539496782
Over on the hillside a large herd of pigs was feeding.,"Aberɛ abono mɔ, akuuri gikpen belɛ giko gi yelɛ gibii mɔ alan dɔ nno mɛ kya gyi.","If you are a man, you should be strong and brave.",onesimus_31223989_Dec 12 output,,12.089786309407966,6.259768097362956,3.159742539496782
"After King Herod died, an angel from the Lord appeared in a dream to Joseph while he was still in Egypt.","Wura Hɛrodɛ lɛwu gɛmara mɔ, Wurubuaarɛ dɔ ɔsɔɔ ɔko gi baa lɛɛ mɔ-nyoro nyiile Gyosɛfo oderi dɔ Igyipiti.","When Herod heard it, he was troubled, and all Jerusalem with him, because they were afraid of what the wise men would do.",john_AC86BE0F_output (5),,23.563555268391198,6.259768097362956,3.159742539496782
"Rain poured down, rivers flooded, and the winds blew and beat against that house. Finally, it fell with a crash.","Gɛkɛ gɛdɛ mɔ, nyangbon de afuu belɛ a baa da, ne ibon i bɔla baa da de obu mɔ. Obu mɔ yii daa giŋɛsii so so mɔ, ɔ tɔrɔ daa wurum!”","If you are a man, you should be strong and brave, and if you are a woman, you should be beautiful and wise. You should always be strong and courageous!",john_AC86BE0F_output (5),,20.00098588391694,6.259768097362956,3.159742539496782
John's followers took his body and buried it. Then they told Jesus what had happened. Jesus Feeds Five Thousand (Mark,"Gyɔn akasɛbo mɔ mɛ nu gɛnen mɔ, mɛ kpaa kyu mɔ-gibuni mɔ kyu kpaa pule, ne mɛ kpaa buu sa Yesu. Yesu Gi Sa Sakpii Belɛ Agyudɔ Ne Mɛ Gyi Kaabo","When you are in trouble, you will call on me, and I will deliver you from the hands of your enemies. You will call on me, and I will answer you.  Jesus is the Savior of the World and I will be your guide.",john_AC86BE0F_output (5),,19.738550583369292,6.259768097362956,3.159742539496782
"They left their graves, and after Jesus had risen to life, they went into the holy city, where they were seen by many people.","ne mɛ lii nkyan mɔ dɔ. Yesu gi kyingi mɔ, imɔ gɛmara mɔ, gɛnen ibuni ibono mɛ naa baa loo Gyɛrusalem ɔsowolɛ ɔbono Wurubuaarɛ gi lɔrɔ yela sa mɔ-ɔson mɔ, ne mɛ lɛɛ mɔmɔ-nyoro gɛwi nyiile asa sakyɔ.","When they arrived in Jerusalem, they went to the temple and saw all the things being sold there. Jesus made a whip of cords and drove them all out of the temple, both sheep and cattle; he overturned the tables of the money changers and scattered their coins. He told those who sold doves, ""Get these out of here! Stop making my Father's house a market.""",john_AC86BE0F_output (5),,27.263837274691504,6.259768097362956,3.159742539496782
Over on the hillside a large herd of pigs was feeding.,"Aberɛ abono mɔ, akuuri gikpen belɛ giko gi yelɛ gibii mɔ alan dɔ nno mɛ kya gyi.","If you are a good person, you will be respected by all.",john_AC86BE0F_output (5),,14.870045974697138,6.259768097362956,3.159742539496782
"After King Herod died, an angel from the Lord appeared in a dream to Joseph while he was still in Egypt.","Wura Hɛrodɛ lɛwu gɛmara mɔ, Wurubuaarɛ dɔ ɔsɔɔ ɔko gi baa lɛɛ mɔ-nyoro nyiile Gyosɛfo oderi dɔ Igyipiti.",,output_JA-4,,,6.259768097362956,3.159742539496782
"Rain poured down, rivers flooded, and the winds blew and beat against that house. Finally, it fell with a crash.","Gɛkɛ gɛdɛ mɔ, nyangbon de afuu belɛ a baa da, ne ibon i bɔla baa da de obu mɔ. Obu mɔ yii daa giŋɛsii so so mɔ, ɔ tɔrɔ daa wurum!”",,output_JA-4,,,6.259768097362956,3.159742539496782
John's followers took his body and buried it. Then they told Jesus what had happened. Jesus Feeds Five Thousand (Mark,"Gyɔn akasɛbo mɔ mɛ nu gɛnen mɔ, mɛ kpaa kyu mɔ-gibuni mɔ kyu kpaa pule, ne mɛ kpaa buu sa Yesu. Yesu Gi Sa Sakpii Belɛ Agyudɔ Ne Mɛ Gyi Kaabo",,output_JA-4,,,6.259768097362956,3.159742539496782
"They left their graves, and after Jesus had risen to life, they went into the holy city, where they were seen by many people.","ne mɛ lii nkyan mɔ dɔ. Yesu gi kyingi mɔ, imɔ gɛmara mɔ, gɛnen ibuni ibono mɛ naa baa loo Gyɛrusalem ɔsowolɛ ɔbono Wurubuaarɛ gi lɔrɔ yela sa mɔ-ɔson mɔ, ne mɛ lɛɛ mɔmɔ-nyoro gɛwi nyiile asa sakyɔ.",,output_JA-4,,,6.259768097362956,3.159742539496782
Over on the hillside a large herd of pigs was feeding.,"Aberɛ abono mɔ, akuuri gikpen belɛ giko gi yelɛ gibii mɔ alan dɔ nno mɛ kya gyi.",,output_JA-4,,,6.259768097362956,3.159742539496782
"After King Herod died, an angel from the Lord appeared in a dream to Joseph while he was still in Egypt.","Wura Hɛrodɛ lɛwu gɛmara mɔ, Wurubuaarɛ dɔ ɔsɔɔ ɔko gi baa lɛɛ mɔ-nyoro nyiile Gyosɛfo oderi dɔ Igyipiti.","When Herod heard that the star had disappeared, he was furious, and he ordered the massacre of all the male children in Bethlehem and its vicinity, from two years old and under, according to the time which he had ascertained from the wise men.",onesimus_7C821E01_Dec 01 output,,29.08128004769076,6.259768097362956,3.159742539496782
"Rain poured down, rivers flooded, and the winds blew and beat against that house. Finally, it fell with a crash.","Gɛkɛ gɛdɛ mɔ, nyangbon de afuu belɛ a baa da, ne ibon i bɔla baa da de obu mɔ. Obu mɔ yii daa giŋɛsii so so mɔ, ɔ tɔrɔ daa wurum!”","If you are a man, be a man, and if you are a woman, be a woman. Do not be a man who acts like a woman, nor a woman who acts like a man. Be true to yourself and stand strong!",onesimus_7C821E01_Dec 01 output,,17.257384099369613,6.259768097362956,3.159742539496782
John's followers took his body and buried it. Then they told Jesus what had happened. Jesus Feeds Five Thousand (Mark,"Gyɔn akasɛbo mɔ mɛ nu gɛnen mɔ, mɛ kpaa kyu mɔ-gibuni mɔ kyu kpaa pule, ne mɛ kpaa buu sa Yesu. Yesu Gi Sa Sakpii Belɛ Agyudɔ Ne Mɛ Gyi Kaabo","When the evil one comes to you, you should resist him, stand firm against him, and you will overcome him. For you are not alone, Jesus is with you. Jesus gives you the strength to overcome evil and to live a victorious life.",onesimus_7C821E01_Dec 01 output,,23.26071300339035,6.259768097362956,3.159742539496782
"They left their graves, and after Jesus had risen to life, they went into the holy city, where they were seen by many people.","ne mɛ lii nkyan mɔ dɔ. Yesu gi kyingi mɔ, imɔ gɛmara mɔ, gɛnen ibuni ibono mɛ naa baa loo Gyɛrusalem ɔsowolɛ ɔbono Wurubuaarɛ gi lɔrɔ yela sa mɔ-ɔson mɔ, ne mɛ lɛɛ mɔmɔ-nyoro gɛwi nyiile asa sakyɔ.","When Jesus arrived in Jerusalem, he went to the temple and saw all the people buying and selling there. He made a whip of cords and drove them all out of the temple, both sheep and cattle; he scattered the coins of the money changers and overturned their tables.",onesimus_7C821E01_Dec 01 output,,26.442656047967805,6.259768097362956,3.159742539496782
Over on the hillside a large herd of pigs was feeding.,"Aberɛ abono mɔ, akuuri gikpen belɛ giko gi yelɛ gibii mɔ alan dɔ nno mɛ kya gyi.","If you are a man, you should be strong and brave.",onesimus_7C821E01_Dec 01 output,,12.089786309407966,6.259768097362956,3.159742539496782
"The servants came and asked, “Sir, didn't you scatter good seed in your field? Where did these weeds come from?”","Nfono mɔ dɔɔbo mɔ adega mɔ mɛ baa taasɛ mɔ yɛɛ, ‘Ɔbelɛnsɛ, iŋ gyɛ awayu ne fo duu fo-ndɔɔ mɔ dɔ? Fonɛ dɔ ne ifɛ idɛ ɔnan i lii?’","If you are looking for something to eat, and you see a beautiful, ripe fruit, would you not say, 'This is good, it is sweet and delicious?'  Is it not good to eat something that is beautiful and delicious?",output_jonathan,0.11589305,19.446601435617293,6.259768097362956,3.159742539496782
But the gate to life is very narrow. The road that leads there is so hard to follow that only a few people find it. A Tree and Its Fruit (Luke,"Gɛbunono gɛbono gɛ dɛ kpe Wurubuaarɛ asɛ gɛkyena mɔ dɔ mɔ gɛŋ ŋmangɛ, ne ɔkpa ɔbono ɔ dɛ kpe gɛnen gɛbunono mɔ asɛ mɔ gyɛ daa gɛkpasuɛɛ. Asa kalɛsɛ ne n kya wu gɛnen ɔkpa ɔbono bii. Asa Ako Mɛ Kya Kɛɛ Abon Yɛɛ Wurubuaarɛ Ɔkalan Ne Mɛ Kya Tɔgɛ","The one who is wise, the one who is wise, knows that the world is full of good and bad, and that the one who is wise knows how to choose the good and avoid the bad.  He who is wise knows how to choose the good and avoid the bad. He who is wise knows how to choose the good and avoid the bad.  He who is wise knows how to choose the good and avoid the bad.",output_jonathan,0.48678556,16.78147595742992,6.259768097362956,3.159742539496782
"But they said, “We have only five small loaves of bread and two fish.”","Mɛ lɛɛ gɛnɔ yɛɛ, “Aye asɛ gɛrɛ a bo daa ibodobodo inun de iken inyɔ.”","If you want to see the sun rise, you must wake up early.",output_jonathan,0.109129995,13.237361290372116,6.259768097362956,3.159742539496782
"So they looked for a way to arrest Jesus. But they were afraid to, because the people thought he was a prophet.",Imɔso mɛ laarɛ de mɛꞌ keda mɔ. Mɛ kii mɛ selɛ sakpii ɔbono ɔ bo nno mɔ gifuu. I lii fɛɛ sakpii mɔ gi sɔɔ Yesu gyi yɛɛ ɔ gyɛ Wurubuaarɛ ikalan ɔtɔgɛbo.,"I have come to bring good news to you. I have come to tell you that the kingdom of God is near. Repent, for the kingdom of heaven is at hand.",output_jonathan,0.22443855,18.474939566548432,6.259768097362956,3.159742539496782
Jesus said to his disciples: Don't stop him! No one who works miracles in my name will soon turn and say something bad about me.,"Ne Yesu gi lɛɛ gɛnɔ sa mɔ yɛɛ, “Fɛ san wu gɛnen mɔ, fɛŋꞌ baa gya mɔ. Ɔbono ɔ dɛ me-ginyen ɔ kya wɔra amunale ilaa mɔ, gɛnen kaasɛ ɔbono maŋ baa kii tɔgɛ ilaa nyɛnyɛn iko kyu lii me so ayaa abono so.","But Jesus said to them, “Whoever wants to be my disciple must deny themselves and take up their cross and follow me. For whoever wants to save their life will lose it, but whoever loses their life for me will find it. What good will it be for someone to gain the whole world, yet forfeit their soul? Or what can anyone give in exchange for their soul?",output_jonathan,0.37010458,27.62379664982329,6.259768097362956,3.159742539496782
"After King Herod died, an angel from the Lord appeared in a dream to Joseph while he was still in Egypt.","Wura Hɛrodɛ lɛwu gɛmara mɔ, Wurubuaarɛ dɔ ɔsɔɔ ɔko gi baa lɛɛ mɔ-nyoro nyiile Gyosɛfo oderi dɔ Igyipiti.",,output_JA-2,,,6.259768097362956,3.159742539496782
"Rain poured down, rivers flooded, and the winds blew and beat against that house. Finally, it fell with a crash.","Gɛkɛ gɛdɛ mɔ, nyangbon de afuu belɛ a baa da, ne ibon i bɔla baa da de obu mɔ. Obu mɔ yii daa giŋɛsii so so mɔ, ɔ tɔrɔ daa wurum!”",,output_JA-2,,,6.259768097362956,3.159742539496782
John's followers took his body and buried it. Then they told Jesus what had happened. Jesus Feeds Five Thousand (Mark,"Gyɔn akasɛbo mɔ mɛ nu gɛnen mɔ, mɛ kpaa kyu mɔ-gibuni mɔ kyu kpaa pule, ne mɛ kpaa buu sa Yesu. Yesu Gi Sa Sakpii Belɛ Agyudɔ Ne Mɛ Gyi Kaabo",,output_JA-2,,,6.259768097362956,3.159742539496782
"They left their graves, and after Jesus had risen to life, they went into the holy city, where they were seen by many people.","ne mɛ lii nkyan mɔ dɔ. Yesu gi kyingi mɔ, imɔ gɛmara mɔ, gɛnen ibuni ibono mɛ naa baa loo Gyɛrusalem ɔsowolɛ ɔbono Wurubuaarɛ gi lɔrɔ yela sa mɔ-ɔson mɔ, ne mɛ lɛɛ mɔmɔ-nyoro gɛwi nyiile asa sakyɔ.",,output_JA-2,,,6.259768097362956,3.159742539496782
Over on the hillside a large herd of pigs was feeding.,"Aberɛ abono mɔ, akuuri gikpen belɛ giko gi yelɛ gibii mɔ alan dɔ nno mɛ kya gyi.",,output_JA-2,,,6.259768097362956,3.159742539496782
"After King Herod died, an angel from the Lord appeared in a dream to Joseph while he was still in Egypt.","Wura Hɛrodɛ lɛwu gɛmara mɔ, Wurubuaarɛ dɔ ɔsɔɔ ɔko gi baa lɛɛ mɔ-nyoro nyiile Gyosɛfo oderi dɔ Igyipiti.","When Herod heard that the star had disappeared, he was furious, and he ordered the massacre of all the male children in Bethlehem and its vicinity, from two years old and under, according to the time which he had ascertained from the Magi.",gerhardt_8019BE0D_output_WsImHC,,29.245318616750033,6.259768097362956,3.159742539496782
"Rain poured down, rivers flooded, and the winds blew and beat against that house. Finally, it fell with a crash.","Gɛkɛ gɛdɛ mɔ, nyangbon de afuu belɛ a baa da, ne ibon i bɔla baa da de obu mɔ. Obu mɔ yii daa giŋɛsii so so mɔ, ɔ tɔrɔ daa wurum!”","If you are a man, you should be strong. You should not be afraid to fight. If you are afraid to fight, you are not a man. A real man is brave and fearless!",gerhardt_8019BE0D_output_WsImHC,,17.940071941292352,6.259768097362956,3.159742539496782
John's followers took his body and buried it. Then they told Jesus what had happened. Jesus Feeds Five Thousand (Mark,"Gyɔn akasɛbo mɔ mɛ nu gɛnen mɔ, mɛ kpaa kyu mɔ-gibuni mɔ kyu kpaa pule, ne mɛ kpaa buu sa Yesu. Yesu Gi Sa Sakpii Belɛ Agyudɔ Ne Mɛ Gyi Kaabo","When you see the signs of the times, you will know that the end is near. You will see many false prophets, and they will deceive many. But you will also see the true prophet, Jesus. Jesus is the only way to salvation, and he will come again.",gerhardt_8019BE0D_output_WsImHC,,21.32251132245065,6.259768097362956,3.159742539496782
"They left their graves, and after Jesus had risen to life, they went into the holy city, where they were seen by many people.","ne mɛ lii nkyan mɔ dɔ. Yesu gi kyingi mɔ, imɔ gɛmara mɔ, gɛnen ibuni ibono mɛ naa baa loo Gyɛrusalem ɔsowolɛ ɔbono Wurubuaarɛ gi lɔrɔ yela sa mɔ-ɔson mɔ, ne mɛ lɛɛ mɔmɔ-nyoro gɛwi nyiile asa sakyɔ.","And he went to Jerusalem during the feast of the Passover, and he found a donkey and rode on it, as it is written, ""Tell the daughter of Zion, behold, your king comes to you, humble and riding on a donkey, on a colt the foal of a donkey.""",gerhardt_8019BE0D_output_WsImHC,,23.24017051046427,6.259768097362956,3.159742539496782
Over on the hillside a large herd of pigs was feeding.,"Aberɛ abono mɔ, akuuri gikpen belɛ giko gi yelɛ gibii mɔ alan dɔ nno mɛ kya gyi.","When you see a good thing, quickly take it before it is gone.",gerhardt_8019BE0D_output_WsImHC,,14.529014530668874,6.259768097362956,3.159742539496782
"After King Herod died, an angel from the Lord appeared in a dream to Joseph while he was still in Egypt.","Wura Hɛrodɛ lɛwu gɛmara mɔ, Wurubuaarɛ dɔ ɔsɔɔ ɔko gi baa lɛɛ mɔ-nyoro nyiile Gyosɛfo oderi dɔ Igyipiti.","When Herod the king heard this, he was troubled, because he had been told by the wise men from the east that a king of the Jews had been born.",Dec 02 output,,24.93340863462999,6.259768097362956,3.159742539496782
"Rain poured down, rivers flooded, and the winds blew and beat against that house. Finally, it fell with a crash.","Gɛkɛ gɛdɛ mɔ, nyangbon de afuu belɛ a baa da, ne ibon i bɔla baa da de obu mɔ. Obu mɔ yii daa giŋɛsii so so mɔ, ɔ tɔrɔ daa wurum!”","If you are going to do something, do it well. If you are going to do something, do it well and do not leave anything undone. Do not leave anything undone, do it thoroughly!",Dec 02 output,,18.657243788956553,6.259768097362956,3.159742539496782
John's followers took his body and buried it. Then they told Jesus what had happened. Jesus Feeds Five Thousand (Mark,"Gyɔn akasɛbo mɔ mɛ nu gɛnen mɔ, mɛ kpaa kyu mɔ-gibuni mɔ kyu kpaa pule, ne mɛ kpaa buu sa Yesu. Yesu Gi Sa Sakpii Belɛ Agyudɔ Ne Mɛ Gyi Kaabo","When you see the signs of the times, you will know that the time is near. You will see many things happen, and you will know that the end is near. You will see the return of Jesus. Jesus is coming soon.",Dec 02 output,,23.386565988962175,6.259768097362956,3.159742539496782
"They left their graves, and after Jesus had risen to life, they went into the holy city, where they were seen by many people.","ne mɛ lii nkyan mɔ dɔ. Yesu gi kyingi mɔ, imɔ gɛmara mɔ, gɛnen ibuni ibono mɛ naa baa loo Gyɛrusalem ɔsowolɛ ɔbono Wurubuaarɛ gi lɔrɔ yela sa mɔ-ɔson mɔ, ne mɛ lɛɛ mɔmɔ-nyoro gɛwi nyiile asa sakyɔ.","When they arrived in Jerusalem, they went to the temple and saw all the things being sold there. Jesus made a whip out of cords and drove them all out of the temple, both sheep and cattle; he overturned the tables of the money changers and scattered their coins. He told those who sold doves, ""Take these things away; do not make my Father's house a house of merchandise.""",Dec 02 output,,26.761152168395952,6.259768097362956,3.159742539496782
Over on the hillside a large herd of pigs was feeding.,"Aberɛ abono mɔ, akuuri gikpen belɛ giko gi yelɛ gibii mɔ alan dɔ nno mɛ kya gyi.","If you are a good person, you will be rewarded in this life and the next.",Dec 02 output,,22.323688993951663,6.259768097362956,3.159742539496782
"After King Herod died, an angel from the Lord appeared in a dream to Joseph while he was still in Egypt.","Wura Hɛrodɛ lɛwu gɛmara mɔ, Wurubuaarɛ dɔ ɔsɔɔ ɔko gi baa lɛɛ mɔ-nyoro nyiile Gyosɛfo oderi dɔ Igyipiti.","When Herod the king heard this, he was troubled, and all Jerusalem with him, because they feared the words of the wise men.",john_567A83BD_output (1),,25.018684430408854,6.259768097362956,3.159742539496782
"Rain poured down, rivers flooded, and the winds blew and beat against that house. Finally, it fell with a crash.","Gɛkɛ gɛdɛ mɔ, nyangbon de afuu belɛ a baa da, ne ibon i bɔla baa da de obu mɔ. Obu mɔ yii daa giŋɛsii so so mɔ, ɔ tɔrɔ daa wurum!”","If you are going to steal, steal something valuable, and if you are going to kill, kill someone important, for if you kill a nobody, it will not be worth it. It will not be worth it if you steal something worthless, so don't do it!",john_567A83BD_output (1),,19.638538271856028,6.259768097362956,3.159742539496782
John's followers took his body and buried it. Then they told Jesus what had happened. Jesus Feeds Five Thousand (Mark,"Gyɔn akasɛbo mɔ mɛ nu gɛnen mɔ, mɛ kpaa kyu mɔ-gibuni mɔ kyu kpaa pule, ne mɛ kpaa buu sa Yesu. Yesu Gi Sa Sakpii Belɛ Agyudɔ Ne Mɛ Gyi Kaabo","When the wicked are judged, they will be punished with the sword, and they will be killed by the sword. And they will be killed by the sword. And they will be killed by the sword. Yesu Gi Sa Sakpii Belɛ Agyudɔ Ne Mɛ Gyi Kaabo",john_567A83BD_output (1),,17.565772841007117,6.259768097362956,3.159742539496782
"They left their graves, and after Jesus had risen to life, they went into the holy city, where they were seen by many people.","ne mɛ lii nkyan mɔ dɔ. Yesu gi kyingi mɔ, imɔ gɛmara mɔ, gɛnen ibuni ibono mɛ naa baa loo Gyɛrusalem ɔsowolɛ ɔbono Wurubuaarɛ gi lɔrɔ yela sa mɔ-ɔson mɔ, ne mɛ lɛɛ mɔmɔ-nyoro gɛwi nyiile asa sakyɔ.","He was born in Bethlehem. Jesus was born in Bethlehem, and he was brought up there until he went to Jerusalem to offer sacrifices in the temple of the Lord. He was obedient to his parents.",john_567A83BD_output (1),,24.050175043705494,6.259768097362956,3.159742539496782
Over on the hillside a large herd of pigs was feeding.,"Aberɛ abono mɔ, akuuri gikpen belɛ giko gi yelɛ gibii mɔ alan dɔ nno mɛ kya gyi.","If you are a man, be careful with your words, for they can wound others deeply.",john_567A83BD_output (1),,16.076343761309353,6.259768097362956,3.159742539496782
"After King Herod died, an angel from the Lord appeared in a dream to Joseph while he was still in Egypt.","Wura Hɛrodɛ lɛwu gɛmara mɔ, Wurubuaarɛ dɔ ɔsɔɔ ɔko gi baa lɛɛ mɔ-nyoro nyiile Gyosɛfo oderi dɔ Igyipiti.","When Herod heard that the wise men had gone to Bethlehem, he was disturbed, and he sent and killed all the male children in Bethlehem and its vicinity who were under two years old, according to the time which he had ascertained from the wise men.",john_AA1B9A68_output (9),,25.69136747892201,6.259768097362956,3.159742539496782
"Rain poured down, rivers flooded, and the winds blew and beat against that house. Finally, it fell with a crash.","Gɛkɛ gɛdɛ mɔ, nyangbon de afuu belɛ a baa da, ne ibon i bɔla baa da de obu mɔ. Obu mɔ yii daa giŋɛsii so so mɔ, ɔ tɔrɔ daa wurum!”","If you want to eat, you must work. If you want to be given, you must also give. If you only want to receive, you will not have anything. You will only have nothing to show for your laziness!",john_AA1B9A68_output (9),,19.472684600810666,6.259768097362956,3.159742539496782
John's followers took his body and buried it. Then they told Jesus what had happened. Jesus Feeds Five Thousand (Mark,"Gyɔn akasɛbo mɔ mɛ nu gɛnen mɔ, mɛ kpaa kyu mɔ-gibuni mɔ kyu kpaa pule, ne mɛ kpaa buu sa Yesu. Yesu Gi Sa Sakpii Belɛ Agyudɔ Ne Mɛ Gyi Kaabo","When the wicked are judged, they will be punished. They will be punished severely, and they will be punished forever. They will be punished because they did not believe in Jesus. Jesus is the only Savior, and he will save those who believe in him.",john_AA1B9A68_output (9),,23.697802390712557,6.259768097362956,3.159742539496782
"They left their graves, and after Jesus had risen to life, they went into the holy city, where they were seen by many people.","ne mɛ lii nkyan mɔ dɔ. Yesu gi kyingi mɔ, imɔ gɛmara mɔ, gɛnen ibuni ibono mɛ naa baa loo Gyɛrusalem ɔsowolɛ ɔbono Wurubuaarɛ gi lɔrɔ yela sa mɔ-ɔson mɔ, ne mɛ lɛɛ mɔmɔ-nyoro gɛwi nyiile asa sakyɔ.","When they arrived in Jerusalem, they went to the temple and began to teach.  Yesu was teaching in the temple, and the chief priests and the scribes were coming against him, seeking to destroy him, because they were afraid of him, for he was teaching the people and overturning the traditions of the elders.",john_AA1B9A68_output (9),,29.819683448965222,6.259768097362956,3.159742539496782
Over on the hillside a large herd of pigs was feeding.,"Aberɛ abono mɔ, akuuri gikpen belɛ giko gi yelɛ gibii mɔ alan dɔ nno mɛ kya gyi.","If you want to be a good person, you must be honest and truthful.",john_AA1B9A68_output (9),,12.849767352922429,6.259768097362956,3.159742539496782
"After King Herod died, an angel from the Lord appeared in a dream to Joseph while he was still in Egypt.","Wura Hɛrodɛ lɛwu gɛmara mɔ, Wurubuaarɛ dɔ ɔsɔɔ ɔko gi baa lɛɛ mɔ-nyoro nyiile Gyosɛfo oderi dɔ Igyipiti.","When Herod heard that the wise men had gone to Bethlehem, he was disturbed, and he sent soldiers to kill all the male children in Bethlehem who were under two years old, according to the star's message which he had received from the Magi in Egypt.",Dec 07 output,,30.395626869503435,6.259768097362956,3.159742539496782
"Rain poured down, rivers flooded, and the winds blew and beat against that house. Finally, it fell with a crash.","Gɛkɛ gɛdɛ mɔ, nyangbon de afuu belɛ a baa da, ne ibon i bɔla baa da de obu mɔ. Obu mɔ yii daa giŋɛsii so so mɔ, ɔ tɔrɔ daa wurum!”","If you are going to steal, steal well, so that when you are caught, you will not be ashamed.  Do not steal poorly, for it will only bring shame upon you!",Dec 07 output,,19.983483320313645,6.259768097362956,3.159742539496782
John's followers took his body and buried it. Then they told Jesus what had happened. Jesus Feeds Five Thousand (Mark,"Gyɔn akasɛbo mɔ mɛ nu gɛnen mɔ, mɛ kpaa kyu mɔ-gibuni mɔ kyu kpaa pule, ne mɛ kpaa buu sa Yesu. Yesu Gi Sa Sakpii Belɛ Agyudɔ Ne Mɛ Gyi Kaabo","When you are in trouble, call on the name of Jesus. Jesus is the only one who can save you. Jesus is the only way to salvation.",Dec 07 output,,21.96672033709506,6.259768097362956,3.159742539496782
"They left their graves, and after Jesus had risen to life, they went into the holy city, where they were seen by many people.","ne mɛ lii nkyan mɔ dɔ. Yesu gi kyingi mɔ, imɔ gɛmara mɔ, gɛnen ibuni ibono mɛ naa baa loo Gyɛrusalem ɔsowolɛ ɔbono Wurubuaarɛ gi lɔrɔ yela sa mɔ-ɔson mɔ, ne mɛ lɛɛ mɔmɔ-nyoro gɛwi nyiile asa sakyɔ.","He who is not with me is against me, and he who does not gather with me scatters. Therefore I say to you, whoever hears these words of mine and does them, he is like a wise man who built his house on the rock. And the rain fell, and the floods came, and the winds blew and beat on that house, but it did not fall, because it was founded on the rock.",Dec 07 output,,20.06072895326495,6.259768097362956,3.159742539496782
Over on the hillside a large herd of pigs was feeding.,"Aberɛ abono mɔ, akuuri gikpen belɛ giko gi yelɛ gibii mɔ alan dɔ nno mɛ kya gyi.","When the sun sets, the birds return to their nests to sleep.",Dec 07 output,,13.444753636115262,6.259768097362956,3.159742539496782
"After King Herod died, an angel from the Lord appeared in a dream to Joseph while he was still in Egypt.","Wura Hɛrodɛ lɛwu gɛmara mɔ, Wurubuaarɛ dɔ ɔsɔɔ ɔko gi baa lɛɛ mɔ-nyoro nyiile Gyosɛfo oderi dɔ Igyipiti.","When Herod the king heard this, he was troubled, and all Jerusalem with him, because this saying was spoken of the child, ""He shall be called the Son of the Highest, and the Lord God shall give unto him the throne of his father David.""",Dec 10 output,,24.894292237747788,6.259768097362956,3.159742539496782
"Rain poured down, rivers flooded, and the winds blew and beat against that house. Finally, it fell with a crash.","Gɛkɛ gɛdɛ mɔ, nyangbon de afuu belɛ a baa da, ne ibon i bɔla baa da de obu mɔ. Obu mɔ yii daa giŋɛsii so so mɔ, ɔ tɔrɔ daa wurum!”","If you are going to steal, steal well, so that when you are caught, you will not be ashamed.  Do not steal poorly!",Dec 10 output,,17.891624643232753,6.259768097362956,3.159742539496782
John's followers took his body and buried it. Then they told Jesus what had happened. Jesus Feeds Five Thousand (Mark,"Gyɔn akasɛbo mɔ mɛ nu gɛnen mɔ, mɛ kpaa kyu mɔ-gibuni mɔ kyu kpaa pule, ne mɛ kpaa buu sa Yesu. Yesu Gi Sa Sakpii Belɛ Agyudɔ Ne Mɛ Gyi Kaabo","When the wicked are destroyed, I will rejoice, for I will have destroyed the wicked and the ungodly, and I will have executed judgment on the wicked. I will execute judgment on the wicked, for the Lord is my strength.",Dec 10 output,,17.77641579821647,6.259768097362956,3.159742539496782
"They left their graves, and after Jesus had risen to life, they went into the holy city, where they were seen by many people.","ne mɛ lii nkyan mɔ dɔ. Yesu gi kyingi mɔ, imɔ gɛmara mɔ, gɛnen ibuni ibono mɛ naa baa loo Gyɛrusalem ɔsowolɛ ɔbono Wurubuaarɛ gi lɔrɔ yela sa mɔ-ɔson mɔ, ne mɛ lɛɛ mɔmɔ-nyoro gɛwi nyiile asa sakyɔ.","When they arrived in Jerusalem, Jesus went into the temple and drove out all those who were buying and selling there. He overturned the tables of the money changers and the benches of those who were selling doves, and he said to them, ""It is written, 'My house shall be called a house of prayer,' but you are making it a 'den of robbers.'""",Dec 10 output,,29.374927599912905,6.259768097362956,3.159742539496782
Over on the hillside a large herd of pigs was feeding.,"Aberɛ abono mɔ, akuuri gikpen belɛ giko gi yelɛ gibii mɔ alan dɔ nno mɛ kya gyi.","If you are a man, you should be strong and brave.",Dec 10 output,,12.089786309407966,6.259768097362956,3.159742539496782
"After King Herod died, an angel from the Lord appeared in a dream to Joseph while he was still in Egypt.","Wura Hɛrodɛ lɛwu gɛmara mɔ, Wurubuaarɛ dɔ ɔsɔɔ ɔko gi baa lɛɛ mɔ-nyoro nyiile Gyosɛfo oderi dɔ Igyipiti.","When Herod heard that the wise men had gone to Bethlehem, he was disturbed, and he sent soldiers to kill all the male children in Bethlehem who were two years old and under, according to the star's message which he had heard from the Magi in Egypt.",john_7781CD93_output (6),,30.234802013956717,6.259768097362956,3.159742539496782
"Rain poured down, rivers flooded, and the winds blew and beat against that house. Finally, it fell with a crash.","Gɛkɛ gɛdɛ mɔ, nyangbon de afuu belɛ a baa da, ne ibon i bɔla baa da de obu mɔ. Obu mɔ yii daa giŋɛsii so so mɔ, ɔ tɔrɔ daa wurum!”","If you are a man, do not be afraid to speak your mind, even if it is unpopular. Even if your words are unpopular, speak them boldly. Speak them boldly and fearlessly!",john_7781CD93_output (6),,18.803368707288197,6.259768097362956,3.159742539496782
John's followers took his body and buried it. Then they told Jesus what had happened. Jesus Feeds Five Thousand (Mark,"Gyɔn akasɛbo mɔ mɛ nu gɛnen mɔ, mɛ kpaa kyu mɔ-gibuni mɔ kyu kpaa pule, ne mɛ kpaa buu sa Yesu. Yesu Gi Sa Sakpii Belɛ Agyudɔ Ne Mɛ Gyi Kaabo","When the wicked are judged, they will be punished, and they will be punished severely. They will be punished with the fire of God's judgment. And they will be punished with the fire of God's wrath. Jesus is the only way to salvation.",john_7781CD93_output (6),,22.30216751847513,6.259768097362956,3.159742539496782
"They left their graves, and after Jesus had risen to life, they went into the holy city, where they were seen by many people.","ne mɛ lii nkyan mɔ dɔ. Yesu gi kyingi mɔ, imɔ gɛmara mɔ, gɛnen ibuni ibono mɛ naa baa loo Gyɛrusalem ɔsowolɛ ɔbono Wurubuaarɛ gi lɔrɔ yela sa mɔ-ɔson mɔ, ne mɛ lɛɛ mɔmɔ-nyoro gɛwi nyiile asa sakyɔ.","When they arrived in Jerusalem, they went to the temple and saw all the people selling and buying there. Jesus made a whip of cords and drove them all out of the temple, both sheep and cattle; he overturned the tables of the money changers and scattered their coins.",john_7781CD93_output (6),,30.21735020590142,6.259768097362956,3.159742539496782
Over on the hillside a large herd of pigs was feeding.,"Aberɛ abono mɔ, akuuri gikpen belɛ giko gi yelɛ gibii mɔ alan dɔ nno mɛ kya gyi.","If you are a good person, you will be rewarded in this life and the next.",john_7781CD93_output (6),,22.323688993951663,6.259768097362956,3.159742539496782
"After King Herod died, an angel from the Lord appeared in a dream to Joseph while he was still in Egypt.","Wura Hɛrodɛ lɛwu gɛmara mɔ, Wurubuaarɛ dɔ ɔsɔɔ ɔko gi baa lɛɛ mɔ-nyoro nyiile Gyosɛfo oderi dɔ Igyipiti.","When Herod the king heard this, he was troubled, and all Jerusalem with him, because this thing was done in secret, and they did not know who was doing it.",gerhardt_25FFCBF7_output_DdErIM,,23.44623518361889,6.259768097362956,3.159742539496782
"Rain poured down, rivers flooded, and the winds blew and beat against that house. Finally, it fell with a crash.","Gɛkɛ gɛdɛ mɔ, nyangbon de afuu belɛ a baa da, ne ibon i bɔla baa da de obu mɔ. Obu mɔ yii daa giŋɛsii so so mɔ, ɔ tɔrɔ daa wurum!”","If you are going to steal, steal well, so that you will not be caught. If you are caught, do not cry, because you have already stolen!",gerhardt_25FFCBF7_output_DdErIM,,17.77257138558402,6.259768097362956,3.159742539496782
John's followers took his body and buried it. Then they told Jesus what had happened. Jesus Feeds Five Thousand (Mark,"Gyɔn akasɛbo mɔ mɛ nu gɛnen mɔ, mɛ kpaa kyu mɔ-gibuni mɔ kyu kpaa pule, ne mɛ kpaa buu sa Yesu. Yesu Gi Sa Sakpii Belɛ Agyudɔ Ne Mɛ Gyi Kaabo","When you are in trouble, call on the name of Jesus. Jesus is the only one who can save you. Jesus is the only one who can deliver you.",gerhardt_25FFCBF7_output_DdErIM,,22.419000896721066,6.259768097362956,3.159742539496782
"They left their graves, and after Jesus had risen to life, they went into the holy city, where they were seen by many people.","ne mɛ lii nkyan mɔ dɔ. Yesu gi kyingi mɔ, imɔ gɛmara mɔ, gɛnen ibuni ibono mɛ naa baa loo Gyɛrusalem ɔsowolɛ ɔbono Wurubuaarɛ gi lɔrɔ yela sa mɔ-ɔson mɔ, ne mɛ lɛɛ mɔmɔ-nyoro gɛwi nyiile asa sakyɔ.","He was born in Bethlehem. Jesus was born in Bethlehem, and he was born in the city of David, as it is written in the prophets: ""And you, Bethlehem, in the land of Judah, are by no means least among the rulers of Judah; for from you will come a ruler who will shepherd my people Israel.""",gerhardt_25FFCBF7_output_DdErIM,,24.047877453142537,6.259768097362956,3.159742539496782
Over on the hillside a large herd of pigs was feeding.,"Aberɛ abono mɔ, akuuri gikpen belɛ giko gi yelɛ gibii mɔ alan dɔ nno mɛ kya gyi.","If you are a man, you should be strong and brave, not afraid to face any danger.",gerhardt_25FFCBF7_output_DdErIM,,14.325123513950604,6.259768097362956,3.159742539496782
"After King Herod died, an angel from the Lord appeared in a dream to Joseph while he was still in Egypt.","Wura Hɛrodɛ lɛwu gɛmara mɔ, Wurubuaarɛ dɔ ɔsɔɔ ɔko gi baa lɛɛ mɔ-nyoro nyiile Gyosɛfo oderi dɔ Igyipiti.","When Herod heard that the wise men had gone to Bethlehem, he was disturbed, and he secretly sent for the wise men and asked them where the Christ child was born.",output_mich003,,23.3893777279347,6.259768097362956,3.159742539496782
"Rain poured down, rivers flooded, and the winds blew and beat against that house. Finally, it fell with a crash.","Gɛkɛ gɛdɛ mɔ, nyangbon de afuu belɛ a baa da, ne ibon i bɔla baa da de obu mɔ. Obu mɔ yii daa giŋɛsii so so mɔ, ɔ tɔrɔ daa wurum!”","If you are going to do something, do it well. If you are going to do something, do it well and do not leave anything undone. Do not leave anything undone, do it thoroughly!",output_mich003,,18.657243788956553,6.259768097362956,3.159742539496782
John's followers took his body and buried it. Then they told Jesus what had happened. Jesus Feeds Five Thousand (Mark,"Gyɔn akasɛbo mɔ mɛ nu gɛnen mɔ, mɛ kpaa kyu mɔ-gibuni mɔ kyu kpaa pule, ne mɛ kpaa buu sa Yesu. Yesu Gi Sa Sakpii Belɛ Agyudɔ Ne Mɛ Gyi Kaabo","When the evil one comes to you, do not be afraid, because you are not alone. You have the power of God within you. You can overcome him. You can overcome him through the name of Jesus. Jesus is the savior of the world and you are his child.",output_mich003,,22.708056369808773,6.259768097362956,3.159742539496782
"They left their graves, and after Jesus had risen to life, they went into the holy city, where they were seen by many people.","ne mɛ lii nkyan mɔ dɔ. Yesu gi kyingi mɔ, imɔ gɛmara mɔ, gɛnen ibuni ibono mɛ naa baa loo Gyɛrusalem ɔsowolɛ ɔbono Wurubuaarɛ gi lɔrɔ yela sa mɔ-ɔson mɔ, ne mɛ lɛɛ mɔmɔ-nyoro gɛwi nyiile asa sakyɔ.","When Jesus was in Jerusalem during the Feast of Tabernacles, he went up to the temple and taught. The Jews were amazed at his teachings, because he spoke with authority unlike anyone they had ever heard.",output_mich003,,26.355067214773225,6.259768097362956,3.159742539496782
Over on the hillside a large herd of pigs was feeding.,"Aberɛ abono mɔ, akuuri gikpen belɛ giko gi yelɛ gibii mɔ alan dɔ nno mɛ kya gyi.","If you are not careful, you will fall into trouble.",output_mich003,,11.931344743633625,6.259768097362956,3.159742539496782
"After King Herod died, an angel from the Lord appeared in a dream to Joseph while he was still in Egypt.","Wura Hɛrodɛ lɛwu gɛmara mɔ, Wurubuaarɛ dɔ ɔsɔɔ ɔko gi baa lɛɛ mɔ-nyoro nyiile Gyosɛfo oderi dɔ Igyipiti.",,output_JA-6,,,6.259768097362956,3.159742539496782
"Rain poured down, rivers flooded, and the winds blew and beat against that house. Finally, it fell with a crash.","Gɛkɛ gɛdɛ mɔ, nyangbon de afuu belɛ a baa da, ne ibon i bɔla baa da de obu mɔ. Obu mɔ yii daa giŋɛsii so so mɔ, ɔ tɔrɔ daa wurum!”",,output_JA-6,,,6.259768097362956,3.159742539496782
John's followers took his body and buried it. Then they told Jesus what had happened. Jesus Feeds Five Thousand (Mark,"Gyɔn akasɛbo mɔ mɛ nu gɛnen mɔ, mɛ kpaa kyu mɔ-gibuni mɔ kyu kpaa pule, ne mɛ kpaa buu sa Yesu. Yesu Gi Sa Sakpii Belɛ Agyudɔ Ne Mɛ Gyi Kaabo",,output_JA-6,,,6.259768097362956,3.159742539496782
"They left their graves, and after Jesus had risen to life, they went into the holy city, where they were seen by many people.","ne mɛ lii nkyan mɔ dɔ. Yesu gi kyingi mɔ, imɔ gɛmara mɔ, gɛnen ibuni ibono mɛ naa baa loo Gyɛrusalem ɔsowolɛ ɔbono Wurubuaarɛ gi lɔrɔ yela sa mɔ-ɔson mɔ, ne mɛ lɛɛ mɔmɔ-nyoro gɛwi nyiile asa sakyɔ.",,output_JA-6,,,6.259768097362956,3.159742539496782
Over on the hillside a large herd of pigs was feeding.,"Aberɛ abono mɔ, akuuri gikpen belɛ giko gi yelɛ gibii mɔ alan dɔ nno mɛ kya gyi.",,output_JA-6,,,6.259768097362956,3.159742539496782
"After King Herod died, an angel from the Lord appeared in a dream to Joseph while he was still in Egypt.","Wura Hɛrodɛ lɛwu gɛmara mɔ, Wurubuaarɛ dɔ ɔsɔɔ ɔko gi baa lɛɛ mɔ-nyoro nyiile Gyosɛfo oderi dɔ Igyipiti.","When Herod heard that the wise men had gone to Bethlehem, he was disturbed, and he secretly sent for the wise men and asked them about the child.",Dec 03 output,,23.1409575361597,6.259768097362956,3.159742539496782
"Rain poured down, rivers flooded, and the winds blew and beat against that house. Finally, it fell with a crash.","Gɛkɛ gɛdɛ mɔ, nyangbon de afuu belɛ a baa da, ne ibon i bɔla baa da de obu mɔ. Obu mɔ yii daa giŋɛsii so so mɔ, ɔ tɔrɔ daa wurum!”","If you are going to do something, do it well. Don't just do it halfway. If you are going to do it, do it completely. Do it thoroughly!",Dec 03 output,,16.94365275365513,6.259768097362956,3.159742539496782
John's followers took his body and buried it. Then they told Jesus what had happened. Jesus Feeds Five Thousand (Mark,"Gyɔn akasɛbo mɔ mɛ nu gɛnen mɔ, mɛ kpaa kyu mɔ-gibuni mɔ kyu kpaa pule, ne mɛ kpaa buu sa Yesu. Yesu Gi Sa Sakpii Belɛ Agyudɔ Ne Mɛ Gyi Kaabo","When the evil one comes to you, do not be afraid, for you are stronger than him. You can defeat him with the name of Jesus. Jesus is the only savior and you are his child.",Dec 03 output,,24.02493543401229,6.259768097362956,3.159742539496782
"They left their graves, and after Jesus had risen to life, they went into the holy city, where they were seen by many people.","ne mɛ lii nkyan mɔ dɔ. Yesu gi kyingi mɔ, imɔ gɛmara mɔ, gɛnen ibuni ibono mɛ naa baa loo Gyɛrusalem ɔsowolɛ ɔbono Wurubuaarɛ gi lɔrɔ yela sa mɔ-ɔson mɔ, ne mɛ lɛɛ mɔmɔ-nyoro gɛwi nyiile asa sakyɔ.","When they arrived in Jerusalem, they went to the temple and saw all the things being sold there. They were angry and overturned the tables of the money changers and drove out the sheep. Jesus said to them, ""It is written, 'My house will be called a house of prayer,' but you are making it a 'den of robbers.'""",Dec 03 output,,30.091278938370632,6.259768097362956,3.159742539496782
Over on the hillside a large herd of pigs was feeding.,"Aberɛ abono mɔ, akuuri gikpen belɛ giko gi yelɛ gibii mɔ alan dɔ nno mɛ kya gyi.","If you are a man, do not be afraid to speak your mind.",Dec 03 output,,11.521730123876207,6.259768097362956,3.159742539496782
"After King Herod died, an angel from the Lord appeared in a dream to Joseph while he was still in Egypt.","Wura Hɛrodɛ lɛwu gɛmara mɔ, Wurubuaarɛ dɔ ɔsɔɔ ɔko gi baa lɛɛ mɔ-nyoro nyiile Gyosɛfo oderi dɔ Igyipiti.","When Herod heard that the wise men had gone to Bethlehem, he was disturbed, and he sent out and killed all the male children in Bethlehem and its vicinity who were under two years old, according to the time which he had determined from the wise men who had come from the East.",Dec 09 output,,25.676303865583268,6.259768097362956,3.159742539496782
"Rain poured down, rivers flooded, and the winds blew and beat against that house. Finally, it fell with a crash.","Gɛkɛ gɛdɛ mɔ, nyangbon de afuu belɛ a baa da, ne ibon i bɔla baa da de obu mɔ. Obu mɔ yii daa giŋɛsii so so mɔ, ɔ tɔrɔ daa wurum!”","If you are a man, be strong and brave, and if you are a woman, be strong and brave, and do not be afraid. Do not be afraid, for you are strong and courageous, and you will overcome!",Dec 09 output,,18.1721061308045,6.259768097362956,3.159742539496782
John's followers took his body and buried it. Then they told Jesus what had happened. Jesus Feeds Five Thousand (Mark,"Gyɔn akasɛbo mɔ mɛ nu gɛnen mɔ, mɛ kpaa kyu mɔ-gibuni mɔ kyu kpaa pule, ne mɛ kpaa buu sa Yesu. Yesu Gi Sa Sakpii Belɛ Agyudɔ Ne Mɛ Gyi Kaabo","When the time comes, we will gather and sing praises to God, and we will sing praises to the one who is the giver of life, and we will sing praises to Jesus. Jesus is the giver of life and we will sing praises to him.",Dec 09 output,,21.735648220585283,6.259768097362956,3.159742539496782
"They left their graves, and after Jesus had risen to life, they went into the holy city, where they were seen by many people.","ne mɛ lii nkyan mɔ dɔ. Yesu gi kyingi mɔ, imɔ gɛmara mɔ, gɛnen ibuni ibono mɛ naa baa loo Gyɛrusalem ɔsowolɛ ɔbono Wurubuaarɛ gi lɔrɔ yela sa mɔ-ɔson mɔ, ne mɛ lɛɛ mɔmɔ-nyoro gɛwi nyiile asa sakyɔ.","He who is humble will be exalted. For Jesus said, ""I am meek and lowly in heart, and you will find rest for your souls, for my yoke is easy and my burden is light.""",Dec 09 output,,18.99714615954494,6.259768097362956,3.159742539496782
Over on the hillside a large herd of pigs was feeding.,"Aberɛ abono mɔ, akuuri gikpen belɛ giko gi yelɛ gibii mɔ alan dɔ nno mɛ kya gyi.","If you have a problem, quickly go and seek advice from someone who is wise.",Dec 09 output,,14.813414959239864,6.259768097362956,3.159742539496782
"“Teacher, what is the most important commandment in the Law?”","“Ɔbelɛnsɛ, Wurubuaarɛ nbara mɔ dɔ mɔ, nmɔ mɔ ne n tansi gi tiri daa?”","Why are you looking at me with that kind of anger, are you angry with me?",output_onesimus007,0.16764829,16.0679397264959,6.259768097362956,3.159742539496782
"Jesus then warned them, “Watch out! Guard against the yeast of the Pharisees and Sadducees.”","Yesu gi tɔgɛ sa ɔmɔ yɛɛ, “Fɛꞌ kerɛ fɛye-nyoro so dɔɔdan. Farasii awura de Saadusii awura ilaa i dɛ fɛɛ gɛlin gɛbono gɛ kya yɛgɛ bodobodo kya ŋan mɔ.”","Jesus said to them, ""Truly I tell you, it will be hard for a rich person to enter the kingdom of heaven. Again I tell you, it is easier for a camel to go through the eye of a needle than for a rich person to enter the kingdom of God.""",output_onesimus007,0.4609385,23.18697107127787,6.259768097362956,3.159742539496782
"Because of me, you will be dragged before rulers and kings to tell them and the Gentiles about your faith.","Me so mɔ, mɛ laa biidɛ fɛye ako kpe abɛyin abelɛnsɛ de awura-awura ansi dɔ. Mɛ kyu fɛye kpe gɛnen mɔ, i laa bugi ɔkpa sa fɛye de fɛꞌ nyɛ tɔgɛ me-ilaa sa mɔmɔ‑rɛ gɛsinkpan so asa kpɛi-kpɛi.","I am so happy, I will always love you with all my heart. I will always love you, even if you are far away, because your love is my joy and my strength.",output_onesimus007,0.15675825,22.675954806932417,6.259768097362956,3.159742539496782
"The girl left and asked her mother, “What do you think I should ask for?” Her mother answered, “The head of John the Baptist!”","Obolonbu mɔ gi lii kpaa taasɛ mɔ-nyi yɛɛ, “Menɛ ne nꞌ tɔgɛ wura mɔ yɛɛ ɔꞌ sa me?” Ne mɔ-nyi yɛɛ, “Tɔgɛ mɔ yɛɛ Gyɔn ɔbono ɔ gyere asa Wurubuaarɛ sagyere mɔ gimu ne fo kya laarɛ.”","Obolonbu asked the man, ""What did you do to my son?"" The man replied, ""I gave your son Gyɔn, the child of Wurubuaarɛ, a medicine to cure his illness.""",output_onesimus007,0.33995992,20.088161281735623,6.259768097362956,3.159742539496782
"The reason is, “These people will look and look, but never see. They will listen and listen, but never understand. If they did, they would turn to God and be forgiven.” Jesus Explains the Story about the Farmer (Matthew","de iꞌ nyɛ kyena de ilaa ibono i bo Wurubuaarɛ ɔwolɛ mɔ agyɛbi dɔ mɔ. I bo nno yɛɛ, ‘Mɛ laa kpɛ mɛ kya kerɛ ilaa, mɛ maŋ kii wu sɛi; Mɛ laa kpɛ mɛ kya nu ilaa, mɛ maŋ kii nu ilaa gɛsɛ. Nkana mɛ nyɛ nu ilaa gɛsɛ mɔ, mɛ laa naa kii ba Wurubuaarɛ asɛ de Wurubuaarɛ oꞌ kyu mɔmɔ-ilaa nyɛnyɛn kyɛɛ mɔmɔ.’ ”","“Then he said, ‘I will make a covenant with you and your descendants after you, and I will give you the land of Canaan, as an everlasting possession. I will be their God, and they will be my people. And I will be with them, and I will be their God. And they will know that I am the Lord their God, who brought them out of the land of Egypt, that I might dwell among them.’”",output_onesimus007,0.3054286,27.207570267037934,6.259768097362956,3.159742539496782
"After King Herod died, an angel from the Lord appeared in a dream to Joseph while he was still in Egypt.","Wura Hɛrodɛ lɛwu gɛmara mɔ, Wurubuaarɛ dɔ ɔsɔɔ ɔko gi baa lɛɛ mɔ-nyoro nyiile Gyosɛfo oderi dɔ Igyipiti.","When Herod heard that the star had set, he was enraged, and he ordered the massacre of all the male children in Bethlehem and its vicinity, from two years old and under, according to the time which he had ascertained from the wise men.",john_1C6E69D4_output (8),,26.770910415912148,6.259768097362956,3.159742539496782
"Rain poured down, rivers flooded, and the winds blew and beat against that house. Finally, it fell with a crash.","Gɛkɛ gɛdɛ mɔ, nyangbon de afuu belɛ a baa da, ne ibon i bɔla baa da de obu mɔ. Obu mɔ yii daa giŋɛsii so so mɔ, ɔ tɔrɔ daa wurum!”","If you are going to do something, do it well. Don't do it halfway and then leave it. If you are going to do it, do it completely. Do it thoroughly!",john_1C6E69D4_output (8),,20.57827864024099,6.259768097362956,3.159742539496782
John's followers took his body and buried it. Then they told Jesus what had happened. Jesus Feeds Five Thousand (Mark,"Gyɔn akasɛbo mɔ mɛ nu gɛnen mɔ, mɛ kpaa kyu mɔ-gibuni mɔ kyu kpaa pule, ne mɛ kpaa buu sa Yesu. Yesu Gi Sa Sakpii Belɛ Agyudɔ Ne Mɛ Gyi Kaabo","When the evil one comes to you, you will be tempted to do evil things, but you will resist him and turn away from him, and you will call on the name of Jesus. Jesus is the only Savior and you will be saved.",john_1C6E69D4_output (8),,23.29615037041855,6.259768097362956,3.159742539496782
"They left their graves, and after Jesus had risen to life, they went into the holy city, where they were seen by many people.","ne mɛ lii nkyan mɔ dɔ. Yesu gi kyingi mɔ, imɔ gɛmara mɔ, gɛnen ibuni ibono mɛ naa baa loo Gyɛrusalem ɔsowolɛ ɔbono Wurubuaarɛ gi lɔrɔ yela sa mɔ-ɔson mɔ, ne mɛ lɛɛ mɔmɔ-nyoro gɛwi nyiile asa sakyɔ.","He who does not love his brother, cannot know God. For God is love, and whoever does not love does not know God.  Little children, let us not love in word or speech but in deed and in truth.",john_1C6E69D4_output (8),,18.857879427370573,6.259768097362956,3.159742539496782
Over on the hillside a large herd of pigs was feeding.,"Aberɛ abono mɔ, akuuri gikpen belɛ giko gi yelɛ gibii mɔ alan dɔ nno mɛ kya gyi.","If you are a good person, you will be rewarded in this life and the next.",john_1C6E69D4_output (8),,22.323688993951663,6.259768097362956,3.159742539496782
"After King Herod died, an angel from the Lord appeared in a dream to Joseph while he was still in Egypt.","Wura Hɛrodɛ lɛwu gɛmara mɔ, Wurubuaarɛ dɔ ɔsɔɔ ɔko gi baa lɛɛ mɔ-nyoro nyiile Gyosɛfo oderi dɔ Igyipiti.","When Herod the king saw that the wise men had gone, behold, an angel of the Lord appeared to Joseph in a dream, saying, ""Get up, take the child and his mother, and flee to Egypt, and stay there until I tell you. For Herod will seek the child to destroy him.""",output_johnayernor,,41.168076450449,6.259768097362956,3.159742539496782
"Rain poured down, rivers flooded, and the winds blew and beat against that house. Finally, it fell with a crash.","Gɛkɛ gɛdɛ mɔ, nyangbon de afuu belɛ a baa da, ne ibon i bɔla baa da de obu mɔ. Obu mɔ yii daa giŋɛsii so so mɔ, ɔ tɔrɔ daa wurum!”","If you are a man, you should be strong, and if you are a woman, you should be beautiful.  You should be strong and beautiful, and you should be the best!",output_johnayernor,,19.509709165583377,6.259768097362956,3.159742539496782
John's followers took his body and buried it. Then they told Jesus what had happened. Jesus Feeds Five Thousand (Mark,"Gyɔn akasɛbo mɔ mɛ nu gɛnen mɔ, mɛ kpaa kyu mɔ-gibuni mɔ kyu kpaa pule, ne mɛ kpaa buu sa Yesu. Yesu Gi Sa Sakpii Belɛ Agyudɔ Ne Mɛ Gyi Kaabo","When the wicked are destroyed, we will rejoice, we will sing and dance, and we will shout for joy in the name of Jesus. Jesus is the King of Kings and Lord of Lords.",output_johnayernor,,23.087448749148667,6.259768097362956,3.159742539496782
"They left their graves, and after Jesus had risen to life, they went into the holy city, where they were seen by many people.","ne mɛ lii nkyan mɔ dɔ. Yesu gi kyingi mɔ, imɔ gɛmara mɔ, gɛnen ibuni ibono mɛ naa baa loo Gyɛrusalem ɔsowolɛ ɔbono Wurubuaarɛ gi lɔrɔ yela sa mɔ-ɔson mɔ, ne mɛ lɛɛ mɔmɔ-nyoro gɛwi nyiile asa sakyɔ.","When they arrived in Jerusalem, they went to the temple and saw all the things being sold there. Jesus made a whip of cords and drove them all out of the temple, both sheep and cattle; he overturned the tables of the money changers and scattered their coins.",output_johnayernor,,28.504796879320722,6.259768097362956,3.159742539496782
Over on the hillside a large herd of pigs was feeding.,"Aberɛ abono mɔ, akuuri gikpen belɛ giko gi yelɛ gibii mɔ alan dɔ nno mɛ kya gyi.","If you are a man, you should be strong and courageous.",output_johnayernor,,12.192103761871206,6.259768097362956,3.159742539496782
"After King Herod died, an angel from the Lord appeared in a dream to Joseph while he was still in Egypt.","Wura Hɛrodɛ lɛwu gɛmara mɔ, Wurubuaarɛ dɔ ɔsɔɔ ɔko gi baa lɛɛ mɔ-nyoro nyiile Gyosɛfo oderi dɔ Igyipiti.","When Herod heard that the wise men had gone to Bethlehem, he was disturbed, and he secretly sent for the wise men and asked them where the Christ child was born.",Dec 11 output,,23.3893777279347,6.259768097362956,3.159742539496782
"Rain poured down, rivers flooded, and the winds blew and beat against that house. Finally, it fell with a crash.","Gɛkɛ gɛdɛ mɔ, nyangbon de afuu belɛ a baa da, ne ibon i bɔla baa da de obu mɔ. Obu mɔ yii daa giŋɛsii so so mɔ, ɔ tɔrɔ daa wurum!”","If you want to eat, you must work. If you don't work, you won't have anything to eat.  You must work hard so that you can have enough to eat!",Dec 11 output,,15.93288227262627,6.259768097362956,3.159742539496782
John's followers took his body and buried it. Then they told Jesus what had happened. Jesus Feeds Five Thousand (Mark,"Gyɔn akasɛbo mɔ mɛ nu gɛnen mɔ, mɛ kpaa kyu mɔ-gibuni mɔ kyu kpaa pule, ne mɛ kpaa buu sa Yesu. Yesu Gi Sa Sakpii Belɛ Agyudɔ Ne Mɛ Gyi Kaabo","When the wicked are judged, they will be punished, and they will be punished severely. They will be punished with the fire of God's wrath. And they will be punished with the sword of God's justice. Jesus is the only way to salvation.",Dec 11 output,,22.445106810547127,6.259768097362956,3.159742539496782
"They left their graves, and after Jesus had risen to life, they went into the holy city, where they were seen by many people.","ne mɛ lii nkyan mɔ dɔ. Yesu gi kyingi mɔ, imɔ gɛmara mɔ, gɛnen ibuni ibono mɛ naa baa loo Gyɛrusalem ɔsowolɛ ɔbono Wurubuaarɛ gi lɔrɔ yela sa mɔ-ɔson mɔ, ne mɛ lɛɛ mɔmɔ-nyoro gɛwi nyiile asa sakyɔ.","He was going to Jerusalem, and on the way he passed through villages and towns, teaching the people and proclaiming the good news of the kingdom of God. And the twelve were with him.",Dec 11 output,,22.417986696052616,6.259768097362956,3.159742539496782
Over on the hillside a large herd of pigs was feeding.,"Aberɛ abono mɔ, akuuri gikpen belɛ giko gi yelɛ gibii mɔ alan dɔ nno mɛ kya gyi.","If you have a good heart, you will always be kind to others, no matter what they do to you.",Dec 11 output,,17.955315362753474,6.259768097362956,3.159742539496782
"After King Herod died, an angel from the Lord appeared in a dream to Joseph while he was still in Egypt.","Wura Hɛrodɛ lɛwu gɛmara mɔ, Wurubuaarɛ dɔ ɔsɔɔ ɔko gi baa lɛɛ mɔ-nyoro nyiile Gyosɛfo oderi dɔ Igyipiti.","When Herod heard that the wise men had gone to Bethlehem, he was disturbed, and he secretly sent for the wise men and asked them where the Christ child was born.",gerhardt_0445F08A_output_T9n53N,,23.3893777279347,6.259768097362956,3.159742539496782
"Rain poured down, rivers flooded, and the winds blew and beat against that house. Finally, it fell with a crash.","Gɛkɛ gɛdɛ mɔ, nyangbon de afuu belɛ a baa da, ne ibon i bɔla baa da de obu mɔ. Obu mɔ yii daa giŋɛsii so so mɔ, ɔ tɔrɔ daa wurum!”","If you want to eat, go and work. If you don't work, you won't eat. You won't eat if you don't work, so work hard!",gerhardt_0445F08A_output_T9n53N,,12.510676692138386,6.259768097362956,3.159742539496782
John's followers took his body and buried it. Then they told Jesus what had happened. Jesus Feeds Five Thousand (Mark,"Gyɔn akasɛbo mɔ mɛ nu gɛnen mɔ, mɛ kpaa kyu mɔ-gibuni mɔ kyu kpaa pule, ne mɛ kpaa buu sa Yesu. Yesu Gi Sa Sakpii Belɛ Agyudɔ Ne Mɛ Gyi Kaabo","When the wicked are judged, they will be punished, and they will be punished severely. They will be punished with the fire of God's wrath. And they will be punished with the punishment of Jesus. Jesus is the King of Kings and Lord of Lords, and He will judge the world.",gerhardt_0445F08A_output_T9n53N,,23.212742471209943,6.259768097362956,3.159742539496782
"They left their graves, and after Jesus had risen to life, they went into the holy city, where they were seen by many people.","ne mɛ lii nkyan mɔ dɔ. Yesu gi kyingi mɔ, imɔ gɛmara mɔ, gɛnen ibuni ibono mɛ naa baa loo Gyɛrusalem ɔsowolɛ ɔbono Wurubuaarɛ gi lɔrɔ yela sa mɔ-ɔson mɔ, ne mɛ lɛɛ mɔmɔ-nyoro gɛwi nyiile asa sakyɔ.","When he arrived in Jerusalem, he went to the temple and saw all the people buying and selling there. He made a whip of cords and drove them all out of the temple, both sheep and cattle; he scattered the coins of the money changers and overturned their tables.",gerhardt_0445F08A_output_T9n53N,,25.474681331379013,6.259768097362956,3.159742539496782
Over on the hillside a large herd of pigs was feeding.,"Aberɛ abono mɔ, akuuri gikpen belɛ giko gi yelɛ gibii mɔ alan dɔ nno mɛ kya gyi.","If you are not careful, the enemy will defeat you and take your possessions.",gerhardt_0445F08A_output_T9n53N,,16.500181293017977,6.259768097362956,3.159742539496782
"After King Herod died, an angel from the Lord appeared in a dream to Joseph while he was still in Egypt.","Wura Hɛrodɛ lɛwu gɛmara mɔ, Wurubuaarɛ dɔ ɔsɔɔ ɔko gi baa lɛɛ mɔ-nyoro nyiile Gyosɛfo oderi dɔ Igyipiti.","When Herod heard that the wise men had gone to Bethlehem, he was disturbed, and he sent and killed all the male children in Bethlehem and its vicinity who were under two years old, according to the time which he had ascertained from the wise men.",gerhardt_60BC0D18_output (8),,25.69136747892201,6.259768097362956,3.159742539496782
"Rain poured down, rivers flooded, and the winds blew and beat against that house. Finally, it fell with a crash.","Gɛkɛ gɛdɛ mɔ, nyangbon de afuu belɛ a baa da, ne ibon i bɔla baa da de obu mɔ. Obu mɔ yii daa giŋɛsii so so mɔ, ɔ tɔrɔ daa wurum!”","If you are a man, do not be afraid of a woman. If you are a woman, do not be afraid of a man. Do not be afraid of anyone. Be bold and courageous!",gerhardt_60BC0D18_output (8),,14.680071809441545,6.259768097362956,3.159742539496782
John's followers took his body and buried it. Then they told Jesus what had happened. Jesus Feeds Five Thousand (Mark,"Gyɔn akasɛbo mɔ mɛ nu gɛnen mɔ, mɛ kpaa kyu mɔ-gibuni mɔ kyu kpaa pule, ne mɛ kpaa buu sa Yesu. Yesu Gi Sa Sakpii Belɛ Agyudɔ Ne Mɛ Gyi Kaabo","When the time is right, we will sing a new song, we will sing a song of victory, and we will sing a song of praise to Jesus. Jesus is the King of Kings and Lord of Lords.",gerhardt_60BC0D18_output (8),,21.28789092932894,6.259768097362956,3.159742539496782
"They left their graves, and after Jesus had risen to life, they went into the holy city, where they were seen by many people.","ne mɛ lii nkyan mɔ dɔ. Yesu gi kyingi mɔ, imɔ gɛmara mɔ, gɛnen ibuni ibono mɛ naa baa loo Gyɛrusalem ɔsowolɛ ɔbono Wurubuaarɛ gi lɔrɔ yela sa mɔ-ɔson mɔ, ne mɛ lɛɛ mɔmɔ-nyoro gɛwi nyiile asa sakyɔ.","When Jesus came to Jerusalem, he entered the temple and drove out all who were selling and buying there. He overturned the tables of the money changers and the benches of those who were selling doves, and he said to them, ""It is written, 'My house shall be called a house of prayer,' but you are making it a 'den of robbers.'""",gerhardt_60BC0D18_output (8),,26.433556090449645,6.259768097362956,3.159742539496782
Over on the hillside a large herd of pigs was feeding.,"Aberɛ abono mɔ, akuuri gikpen belɛ giko gi yelɛ gibii mɔ alan dɔ nno mɛ kya gyi.","If you are a man, you should not be afraid to speak your mind.",gerhardt_60BC0D18_output (8),,11.515152774622102,6.259768097362956,3.159742539496782
"After King Herod died, an angel from the Lord appeared in a dream to Joseph while he was still in Egypt.","Wura Hɛrodɛ lɛwu gɛmara mɔ, Wurubuaarɛ dɔ ɔsɔɔ ɔko gi baa lɛɛ mɔ-nyoro nyiile Gyosɛfo oderi dɔ Igyipiti.","When Herod the king heard this, he was troubled, and all Jerusalem with him, because this saying was spoken of the child, ""He shall be called the Son of the Highest, and the Lord God shall give unto him the throne of his father David.""",onesimus_BAB3F503_Dec 10 output,,24.894292237747788,6.259768097362956,3.159742539496782
"Rain poured down, rivers flooded, and the winds blew and beat against that house. Finally, it fell with a crash.","Gɛkɛ gɛdɛ mɔ, nyangbon de afuu belɛ a baa da, ne ibon i bɔla baa da de obu mɔ. Obu mɔ yii daa giŋɛsii so so mɔ, ɔ tɔrɔ daa wurum!”","If you are going to steal, steal well, so that when you are caught, you will not be ashamed.  Do not steal poorly!",onesimus_BAB3F503_Dec 10 output,,17.891624643232753,6.259768097362956,3.159742539496782
John's followers took his body and buried it. Then they told Jesus what had happened. Jesus Feeds Five Thousand (Mark,"Gyɔn akasɛbo mɔ mɛ nu gɛnen mɔ, mɛ kpaa kyu mɔ-gibuni mɔ kyu kpaa pule, ne mɛ kpaa buu sa Yesu. Yesu Gi Sa Sakpii Belɛ Agyudɔ Ne Mɛ Gyi Kaabo","When the wicked are destroyed, I will rejoice, for I will have destroyed the wicked and the ungodly, and I will have executed judgment on the wicked. I will execute judgment on the wicked, for the Lord is my strength.",onesimus_BAB3F503_Dec 10 output,,17.77641579821647,6.259768097362956,3.159742539496782
"They left their graves, and after Jesus had risen to life, they went into the holy city, where they were seen by many people.","ne mɛ lii nkyan mɔ dɔ. Yesu gi kyingi mɔ, imɔ gɛmara mɔ, gɛnen ibuni ibono mɛ naa baa loo Gyɛrusalem ɔsowolɛ ɔbono Wurubuaarɛ gi lɔrɔ yela sa mɔ-ɔson mɔ, ne mɛ lɛɛ mɔmɔ-nyoro gɛwi nyiile asa sakyɔ.","When they arrived in Jerusalem, Jesus went into the temple and drove out all those who were buying and selling there. He overturned the tables of the money changers and the benches of those who were selling doves, and he said to them, ""It is written, 'My house shall be called a house of prayer,' but you are making it a 'den of robbers.'""",onesimus_BAB3F503_Dec 10 output,,29.374927599912905,6.259768097362956,3.159742539496782
Over on the hillside a large herd of pigs was feeding.,"Aberɛ abono mɔ, akuuri gikpen belɛ giko gi yelɛ gibii mɔ alan dɔ nno mɛ kya gyi.","If you are a man, you should be strong and brave.",onesimus_BAB3F503_Dec 10 output,,12.089786309407966,6.259768097362956,3.159742539496782
"After King Herod died, an angel from the Lord appeared in a dream to Joseph while he was still in Egypt.","Wura Hɛrodɛ lɛwu gɛmara mɔ, Wurubuaarɛ dɔ ɔsɔɔ ɔko gi baa lɛɛ mɔ-nyoro nyiile Gyosɛfo oderi dɔ Igyipiti.","When Herod the king heard this, he was troubled, and all Jerusalem with him, because they feared the words of the wise men.",onesimus_AE3F5661_Dec 08 output,,25.018684430408854,6.259768097362956,3.159742539496782
"Rain poured down, rivers flooded, and the winds blew and beat against that house. Finally, it fell with a crash.","Gɛkɛ gɛdɛ mɔ, nyangbon de afuu belɛ a baa da, ne ibon i bɔla baa da de obu mɔ. Obu mɔ yii daa giŋɛsii so so mɔ, ɔ tɔrɔ daa wurum!”","If you want to eat, then go and hunt. If you don't want to hunt, then you will not eat. You will not eat without hunting, so go and hunt!",onesimus_AE3F5661_Dec 08 output,,17.102197837338228,6.259768097362956,3.159742539496782
John's followers took his body and buried it. Then they told Jesus what had happened. Jesus Feeds Five Thousand (Mark,"Gyɔn akasɛbo mɔ mɛ nu gɛnen mɔ, mɛ kpaa kyu mɔ-gibuni mɔ kyu kpaa pule, ne mɛ kpaa buu sa Yesu. Yesu Gi Sa Sakpii Belɛ Agyudɔ Ne Mɛ Gyi Kaabo","When the world is filled with evil, we will fight evil with good, and we will fight evil with the love of Jesus. Jesus is the only way to salvation and we will follow him.",onesimus_AE3F5661_Dec 08 output,,24.493281610079805,6.259768097362956,3.159742539496782
"They left their graves, and after Jesus had risen to life, they went into the holy city, where they were seen by many people.","ne mɛ lii nkyan mɔ dɔ. Yesu gi kyingi mɔ, imɔ gɛmara mɔ, gɛnen ibuni ibono mɛ naa baa loo Gyɛrusalem ɔsowolɛ ɔbono Wurubuaarɛ gi lɔrɔ yela sa mɔ-ɔson mɔ, ne mɛ lɛɛ mɔmɔ-nyoro gɛwi nyiile asa sakyɔ.","When he arrived in Jerusalem, he went to the temple and saw all the people buying and selling there. And he made a whip of cords and drove them all out of the temple, both sheep and cattle. He overturned the tables of the money changers and scattered their coins.",onesimus_AE3F5661_Dec 08 output,,25.35211743365172,6.259768097362956,3.159742539496782
Over on the hillside a large herd of pigs was feeding.,"Aberɛ abono mɔ, akuuri gikpen belɛ giko gi yelɛ gibii mɔ alan dɔ nno mɛ kya gyi.","If you are a man, you should be strong and brave.",onesimus_AE3F5661_Dec 08 output,,12.089786309407966,6.259768097362956,3.159742539496782
"After King Herod died, an angel from the Lord appeared in a dream to Joseph while he was still in Egypt.","Wura Hɛrodɛ lɛwu gɛmara mɔ, Wurubuaarɛ dɔ ɔsɔɔ ɔko gi baa lɛɛ mɔ-nyoro nyiile Gyosɛfo oderi dɔ Igyipiti.","When Herod the king saw that the wise men had departed, he was enraged, and he sent and killed all the male children in Bethlehem and its vicinity, from two years old and under, according to the time which he had diligently ascertained from the wise men.",onesimus_A84A9EF3_Dec 04 output,,26.591725249627274,6.259768097362956,3.159742539496782
"Rain poured down, rivers flooded, and the winds blew and beat against that house. Finally, it fell with a crash.","Gɛkɛ gɛdɛ mɔ, nyangbon de afuu belɛ a baa da, ne ibon i bɔla baa da de obu mɔ. Obu mɔ yii daa giŋɛsii so so mɔ, ɔ tɔrɔ daa wurum!”","If you want to eat, you must work. If you don't work, you won't eat. You must work hard so that you can eat well! Work hard!",onesimus_A84A9EF3_Dec 04 output,,14.421137042613335,6.259768097362956,3.159742539496782
John's followers took his body and buried it. Then they told Jesus what had happened. Jesus Feeds Five Thousand (Mark,"Gyɔn akasɛbo mɔ mɛ nu gɛnen mɔ, mɛ kpaa kyu mɔ-gibuni mɔ kyu kpaa pule, ne mɛ kpaa buu sa Yesu. Yesu Gi Sa Sakpii Belɛ Agyudɔ Ne Mɛ Gyi Kaabo","When the evil spirit came upon him, he fell to the ground and rolled about, crying out with a loud voice, ""What do you want with me, Jesus, Son of God? Don't torment me!"" Jesus said to him, ""Come out of him, you unclean spirit.""",onesimus_A84A9EF3_Dec 04 output,,21.843727772850567,6.259768097362956,3.159742539496782
"They left their graves, and after Jesus had risen to life, they went into the holy city, where they were seen by many people.","ne mɛ lii nkyan mɔ dɔ. Yesu gi kyingi mɔ, imɔ gɛmara mɔ, gɛnen ibuni ibono mɛ naa baa loo Gyɛrusalem ɔsowolɛ ɔbono Wurubuaarɛ gi lɔrɔ yela sa mɔ-ɔson mɔ, ne mɛ lɛɛ mɔmɔ-nyoro gɛwi nyiile asa sakyɔ.","When he arrived in Jerusalem, he went to the temple and saw all the people buying and selling there. He was angry and overturned the tables of the money changers and drove out those who were selling doves. He said to them, ""It is written, 'My house will be called a house of prayer,' but you are making it a den of robbers.""",onesimus_A84A9EF3_Dec 04 output,,25.281327178557117,6.259768097362956,3.159742539496782
Over on the hillside a large herd of pigs was feeding.,"Aberɛ abono mɔ, akuuri gikpen belɛ giko gi yelɛ gibii mɔ alan dɔ nno mɛ kya gyi.","If you are a good person, you will be rewarded in this life and in the next.",onesimus_A84A9EF3_Dec 04 output,,22.509496286744852,6.259768097362956,3.159742539496782
"After King Herod died, an angel from the Lord appeared in a dream to Joseph while he was still in Egypt.","Wura Hɛrodɛ lɛwu gɛmara mɔ, Wurubuaarɛ dɔ ɔsɔɔ ɔko gi baa lɛɛ mɔ-nyoro nyiile Gyosɛfo oderi dɔ Igyipiti.","When Herod heard that the star had set, he was angry, and he sent out and killed all the male children in Bethlehem and in all the surrounding country, from two years old and under, according to the time which he had determined from the wise men.",gerhardt_34E1778F_output (7),,26.3584721898713,6.259768097362956,3.159742539496782
"Rain poured down, rivers flooded, and the winds blew and beat against that house. Finally, it fell with a crash.","Gɛkɛ gɛdɛ mɔ, nyangbon de afuu belɛ a baa da, ne ibon i bɔla baa da de obu mɔ. Obu mɔ yii daa giŋɛsii so so mɔ, ɔ tɔrɔ daa wurum!”","If you are going to do something, do it well. If you are going to do it, do it completely. Do it well, so that you will not be ashamed. Do it well, so that you will not be ashamed!",gerhardt_34E1778F_output (7),,19.565433623908064,6.259768097362956,3.159742539496782
John's followers took his body and buried it. Then they told Jesus what had happened. Jesus Feeds Five Thousand (Mark,"Gyɔn akasɛbo mɔ mɛ nu gɛnen mɔ, mɛ kpaa kyu mɔ-gibuni mɔ kyu kpaa pule, ne mɛ kpaa buu sa Yesu. Yesu Gi Sa Sakpii Belɛ Agyudɔ Ne Mɛ Gyi Kaabo","When you are in trouble, you should call on Jesus. Jesus is the only one who can save you from your troubles.",gerhardt_34E1778F_output (7),,20.298230587504875,6.259768097362956,3.159742539496782
"They left their graves, and after Jesus had risen to life, they went into the holy city, where they were seen by many people.","ne mɛ lii nkyan mɔ dɔ. Yesu gi kyingi mɔ, imɔ gɛmara mɔ, gɛnen ibuni ibono mɛ naa baa loo Gyɛrusalem ɔsowolɛ ɔbono Wurubuaarɛ gi lɔrɔ yela sa mɔ-ɔson mɔ, ne mɛ lɛɛ mɔmɔ-nyoro gɛwi nyiile asa sakyɔ.","When they arrived in Jerusalem, they went to the temple and saw all the things being sold there. Jesus made a whip out of cords and drove them all out of the temple, both sheep and cattle. He overturned the tables of the money changers and scattered their coins.",gerhardt_34E1778F_output (7),,28.50234611925201,6.259768097362956,3.159742539496782
Over on the hillside a large herd of pigs was feeding.,"Aberɛ abono mɔ, akuuri gikpen belɛ giko gi yelɛ gibii mɔ alan dɔ nno mɛ kya gyi.","If you are a man, be strong and brave, do not be afraid to face your challenges.",gerhardt_34E1778F_output (7),,16.076014551017526,6.259768097362956,3.159742539496782
"After King Herod died, an angel from the Lord appeared in a dream to Joseph while he was still in Egypt.","Wura Hɛrodɛ lɛwu gɛmara mɔ, Wurubuaarɛ dɔ ɔsɔɔ ɔko gi baa lɛɛ mɔ-nyoro nyiile Gyosɛfo oderi dɔ Igyipiti.",,output_JA-5,,,6.259768097362956,3.159742539496782
"Rain poured down, rivers flooded, and the winds blew and beat against that house. Finally, it fell with a crash.","Gɛkɛ gɛdɛ mɔ, nyangbon de afuu belɛ a baa da, ne ibon i bɔla baa da de obu mɔ. Obu mɔ yii daa giŋɛsii so so mɔ, ɔ tɔrɔ daa wurum!”",,output_JA-5,,,6.259768097362956,3.159742539496782
John's followers took his body and buried it. Then they told Jesus what had happened. Jesus Feeds Five Thousand (Mark,"Gyɔn akasɛbo mɔ mɛ nu gɛnen mɔ, mɛ kpaa kyu mɔ-gibuni mɔ kyu kpaa pule, ne mɛ kpaa buu sa Yesu. Yesu Gi Sa Sakpii Belɛ Agyudɔ Ne Mɛ Gyi Kaabo",,output_JA-5,,,6.259768097362956,3.159742539496782
"They left their graves, and after Jesus had risen to life, they went into the holy city, where they were seen by many people.","ne mɛ lii nkyan mɔ dɔ. Yesu gi kyingi mɔ, imɔ gɛmara mɔ, gɛnen ibuni ibono mɛ naa baa loo Gyɛrusalem ɔsowolɛ ɔbono Wurubuaarɛ gi lɔrɔ yela sa mɔ-ɔson mɔ, ne mɛ lɛɛ mɔmɔ-nyoro gɛwi nyiile asa sakyɔ.",,output_JA-5,,,6.259768097362956,3.159742539496782
Over on the hillside a large herd of pigs was feeding.,"Aberɛ abono mɔ, akuuri gikpen belɛ giko gi yelɛ gibii mɔ alan dɔ nno mɛ kya gyi.",,output_JA-5,,,6.259768097362956,3.159742539496782
"After King Herod died, an angel from the Lord appeared in a dream to Joseph while he was still in Egypt.","Wura Hɛrodɛ lɛwu gɛmara mɔ, Wurubuaarɛ dɔ ɔsɔɔ ɔko gi baa lɛɛ mɔ-nyoro nyiile Gyosɛfo oderi dɔ Igyipiti.","When Herod the king heard this, he was troubled, and all Jerusalem with him, because they feared the words of the wise men.",john_86344B85_output (7),,25.018684430408854,6.259768097362956,3.159742539496782
"Rain poured down, rivers flooded, and the winds blew and beat against that house. Finally, it fell with a crash.","Gɛkɛ gɛdɛ mɔ, nyangbon de afuu belɛ a baa da, ne ibon i bɔla baa da de obu mɔ. Obu mɔ yii daa giŋɛsii so so mɔ, ɔ tɔrɔ daa wurum!”","If you are going to do something, do it well. Don't do it halfway and then say it's done. If you are going to do it, do it completely. Do it thoroughly!",john_86344B85_output (7),,20.917363144321076,6.259768097362956,3.159742539496782
John's followers took his body and buried it. Then they told Jesus what had happened. Jesus Feeds Five Thousand (Mark,"Gyɔn akasɛbo mɔ mɛ nu gɛnen mɔ, mɛ kpaa kyu mɔ-gibuni mɔ kyu kpaa pule, ne mɛ kpaa buu sa Yesu. Yesu Gi Sa Sakpii Belɛ Agyudɔ Ne Mɛ Gyi Kaabo","When the time comes, I will go to the place where I am going. I will go to the place where I am going, and I will go to the place where I am going. And I will go to the place where I am going, and I will go to the place where I am going.",john_86344B85_output (7),,13.299376224843968,6.259768097362956,3.159742539496782
"They left their graves, and after Jesus had risen to life, they went into the holy city, where they were seen by many people.","ne mɛ lii nkyan mɔ dɔ. Yesu gi kyingi mɔ, imɔ gɛmara mɔ, gɛnen ibuni ibono mɛ naa baa loo Gyɛrusalem ɔsowolɛ ɔbono Wurubuaarɛ gi lɔrɔ yela sa mɔ-ɔson mɔ, ne mɛ lɛɛ mɔmɔ-nyoro gɛwi nyiile asa sakyɔ.","He was teaching in the temple, and when he was teaching, the chief priests and the scribes came to him and said, ""Why do you teach this way? Why do you break the traditions of our ancestors?""",john_86344B85_output (7),,20.958307209470888,6.259768097362956,3.159742539496782
Over on the hillside a large herd of pigs was feeding.,"Aberɛ abono mɔ, akuuri gikpen belɛ giko gi yelɛ gibii mɔ alan dɔ nno mɛ kya gyi.","When the sun is setting, the sky turns red, and the birds fly back to their nests.",john_86344B85_output (7),,15.97298823467984,6.259768097362956,3.159742539496782
"After King Herod died, an angel from the Lord appeared in a dream to Joseph while he was still in Egypt.","Wura Hɛrodɛ lɛwu gɛmara mɔ, Wurubuaarɛ dɔ ɔsɔɔ ɔko gi baa lɛɛ mɔ-nyoro nyiile Gyosɛfo oderi dɔ Igyipiti.","When Herod the king heard this, he was troubled, and all Jerusalem with him, because he feared the wise men, and he sent them to Bethlehem and said to them, ""Go and search diligently for the young child; and when you have found him, bring me word again, that I may come and worship him also.""",Dec 05 output,,23.004107644507883,6.259768097362956,3.159742539496782
"Rain poured down, rivers flooded, and the winds blew and beat against that house. Finally, it fell with a crash.","Gɛkɛ gɛdɛ mɔ, nyangbon de afuu belɛ a baa da, ne ibon i bɔla baa da de obu mɔ. Obu mɔ yii daa giŋɛsii so so mɔ, ɔ tɔrɔ daa wurum!”","If you are a man, be strong and brave, and if you are a woman, be strong and brave, and do not be afraid. Do not be afraid, for you are strong and courageous, so go and conquer!",Dec 05 output,,17.1673636956714,6.259768097362956,3.159742539496782
John's followers took his body and buried it. Then they told Jesus what had happened. Jesus Feeds Five Thousand (Mark,"Gyɔn akasɛbo mɔ mɛ nu gɛnen mɔ, mɛ kpaa kyu mɔ-gibuni mɔ kyu kpaa pule, ne mɛ kpaa buu sa Yesu. Yesu Gi Sa Sakpii Belɛ Agyudɔ Ne Mɛ Gyi Kaabo","When the truth is revealed, we will be judged according to our deeds. We will be judged according to our actions, both good and bad, and according to our faith in Jesus. Jesus is the only way to salvation and eternal life.",Dec 05 output,,24.182025349253923,6.259768097362956,3.159742539496782
"They left their graves, and after Jesus had risen to life, they went into the holy city, where they were seen by many people.","ne mɛ lii nkyan mɔ dɔ. Yesu gi kyingi mɔ, imɔ gɛmara mɔ, gɛnen ibuni ibono mɛ naa baa loo Gyɛrusalem ɔsowolɛ ɔbono Wurubuaarɛ gi lɔrɔ yela sa mɔ-ɔson mɔ, ne mɛ lɛɛ mɔmɔ-nyoro gɛwi nyiile asa sakyɔ.","When he arrived in Jerusalem, he went to the temple and saw all the people buying and selling there. And he made a whip of cords and drove them all out of the temple, both sheep and cattle; he overturned the tables of the money changers and scattered their coins.",Dec 05 output,,25.215950662072036,6.259768097362956,3.159742539496782
Over on the hillside a large herd of pigs was feeding.,"Aberɛ abono mɔ, akuuri gikpen belɛ giko gi yelɛ gibii mɔ alan dɔ nno mɛ kya gyi.","If you are a good person, you will not be able to do evil things because you are good.",Dec 05 output,,18.216095893938157,6.259768097362956,3.159742539496782
"After King Herod died, an angel from the Lord appeared in a dream to Joseph while he was still in Egypt.","Wura Hɛrodɛ lɛwu gɛmara mɔ, Wurubuaarɛ dɔ ɔsɔɔ ɔko gi baa lɛɛ mɔ-nyoro nyiile Gyosɛfo oderi dɔ Igyipiti.","When Herod heard that the wise men had gone to Bethlehem, he was disturbed, and he sent soldiers to kill all the male children in Bethlehem who were under two years old, according to the star's message which he had received from the Magi in Egypt.",onesimus_C968674F_Dec 07 output,,30.395626869503435,6.259768097362956,3.159742539496782
"Rain poured down, rivers flooded, and the winds blew and beat against that house. Finally, it fell with a crash.","Gɛkɛ gɛdɛ mɔ, nyangbon de afuu belɛ a baa da, ne ibon i bɔla baa da de obu mɔ. Obu mɔ yii daa giŋɛsii so so mɔ, ɔ tɔrɔ daa wurum!”","If you are going to steal, steal well, so that when you are caught, you will not be ashamed.  Do not steal poorly, for it will only bring shame upon you!",onesimus_C968674F_Dec 07 output,,19.983483320313645,6.259768097362956,3.159742539496782
John's followers took his body and buried it. Then they told Jesus what had happened. Jesus Feeds Five Thousand (Mark,"Gyɔn akasɛbo mɔ mɛ nu gɛnen mɔ, mɛ kpaa kyu mɔ-gibuni mɔ kyu kpaa pule, ne mɛ kpaa buu sa Yesu. Yesu Gi Sa Sakpii Belɛ Agyudɔ Ne Mɛ Gyi Kaabo","When you are in trouble, call on the name of Jesus. Jesus is the only one who can save you. Jesus is the only way to salvation.",onesimus_C968674F_Dec 07 output,,21.96672033709506,6.259768097362956,3.159742539496782
"They left their graves, and after Jesus had risen to life, they went into the holy city, where they were seen by many people.","ne mɛ lii nkyan mɔ dɔ. Yesu gi kyingi mɔ, imɔ gɛmara mɔ, gɛnen ibuni ibono mɛ naa baa loo Gyɛrusalem ɔsowolɛ ɔbono Wurubuaarɛ gi lɔrɔ yela sa mɔ-ɔson mɔ, ne mɛ lɛɛ mɔmɔ-nyoro gɛwi nyiile asa sakyɔ.","He who is not with me is against me, and he who does not gather with me scatters. Therefore I say to you, whoever hears these words of mine and does them, he is like a wise man who built his house on the rock. And the rain fell, and the floods came, and the winds blew and beat on that house, but it did not fall, because it was founded on the rock.",onesimus_C968674F_Dec 07 output,,20.06072895326495,6.259768097362956,3.159742539496782
Over on the hillside a large herd of pigs was feeding.,"Aberɛ abono mɔ, akuuri gikpen belɛ giko gi yelɛ gibii mɔ alan dɔ nno mɛ kya gyi.","When the sun sets, the birds return to their nests to sleep.",onesimus_C968674F_Dec 07 output,,13.444753636115262,6.259768097362956,3.159742539496782
"After King Herod died, an angel from the Lord appeared in a dream to Joseph while he was still in Egypt.","Wura Hɛrodɛ lɛwu gɛmara mɔ, Wurubuaarɛ dɔ ɔsɔɔ ɔko gi baa lɛɛ mɔ-nyoro nyiile Gyosɛfo oderi dɔ Igyipiti.","When Herod the king heard this, he was troubled, and all Jerusalem with him, because he feared the wise men, and he sent them to Bethlehem to find the child.",john_C52DEBBB_output (10),,25.194135583963885,6.259768097362956,3.159742539496782
"Rain poured down, rivers flooded, and the winds blew and beat against that house. Finally, it fell with a crash.","Gɛkɛ gɛdɛ mɔ, nyangbon de afuu belɛ a baa da, ne ibon i bɔla baa da de obu mɔ. Obu mɔ yii daa giŋɛsii so so mɔ, ɔ tɔrɔ daa wurum!”","If you are a man, be brave and face your fears, and if you are a woman, be strong and face your challenges. Be strong and courageous, and do not be afraid!",john_C52DEBBB_output (10),,18.059673854091745,6.259768097362956,3.159742539496782
John's followers took his body and buried it. Then they told Jesus what had happened. Jesus Feeds Five Thousand (Mark,"Gyɔn akasɛbo mɔ mɛ nu gɛnen mɔ, mɛ kpaa kyu mɔ-gibuni mɔ kyu kpaa pule, ne mɛ kpaa buu sa Yesu. Yesu Gi Sa Sakpii Belɛ Agyudɔ Ne Mɛ Gyi Kaabo","When the time is right, we will gather together, and we will sing praises to the Lord. We will sing praises to the Lord, and we will sing praises to Jesus. Jesus is the King of Kings, and we will worship him.",john_C52DEBBB_output (10),,20.878586602377812,6.259768097362956,3.159742539496782
"They left their graves, and after Jesus had risen to life, they went into the holy city, where they were seen by many people.","ne mɛ lii nkyan mɔ dɔ. Yesu gi kyingi mɔ, imɔ gɛmara mɔ, gɛnen ibuni ibono mɛ naa baa loo Gyɛrusalem ɔsowolɛ ɔbono Wurubuaarɛ gi lɔrɔ yela sa mɔ-ɔson mɔ, ne mɛ lɛɛ mɔmɔ-nyoro gɛwi nyiile asa sakyɔ.","When they arrived in Jerusalem, they went to the temple and saw all the people selling and buying there. Jesus made a whip of cords and drove them all out of the temple, both sheep and cattle; he overturned the tables of the money changers and scattered their coins.",john_C52DEBBB_output (10),,30.21735020590142,6.259768097362956,3.159742539496782
Over on the hillside a large herd of pigs was feeding.,"Aberɛ abono mɔ, akuuri gikpen belɛ giko gi yelɛ gibii mɔ alan dɔ nno mɛ kya gyi.","If you are a man, you should be strong and brave.",john_C52DEBBB_output (10),,12.089786309407966,6.259768097362956,3.159742539496782
"After King Herod died, an angel from the Lord appeared in a dream to Joseph while he was still in Egypt.","Wura Hɛrodɛ lɛwu gɛmara mɔ, Wurubuaarɛ dɔ ɔsɔɔ ɔko gi baa lɛɛ mɔ-nyoro nyiile Gyosɛfo oderi dɔ Igyipiti.","When Herod heard that the star had set, he was enraged, and he ordered the slaughter of all the male children in Bethlehem and its vicinity, from two years old and under, according to the time which he had ascertained from the wise men.",gerhardt_62CB5CC1_output (4),,26.87734631122178,6.259768097362956,3.159742539496782
"Rain poured down, rivers flooded, and the winds blew and beat against that house. Finally, it fell with a crash.","Gɛkɛ gɛdɛ mɔ, nyangbon de afuu belɛ a baa da, ne ibon i bɔla baa da de obu mɔ. Obu mɔ yii daa giŋɛsii so so mɔ, ɔ tɔrɔ daa wurum!”","If you are a man, be brave and face your fears, and if you are a woman, be strong and face your challenges. Be strong and courageous, and do not be afraid!",gerhardt_62CB5CC1_output (4),,18.059673854091745,6.259768097362956,3.159742539496782
John's followers took his body and buried it. Then they told Jesus what had happened. Jesus Feeds Five Thousand (Mark,"Gyɔn akasɛbo mɔ mɛ nu gɛnen mɔ, mɛ kpaa kyu mɔ-gibuni mɔ kyu kpaa pule, ne mɛ kpaa buu sa Yesu. Yesu Gi Sa Sakpii Belɛ Agyudɔ Ne Mɛ Gyi Kaabo","When the wicked are judged, they will be punished severely, and they will be cast into the lake of fire. But those who believe in Jesus will be saved.",gerhardt_62CB5CC1_output (4),,22.052102957201765,6.259768097362956,3.159742539496782
"They left their graves, and after Jesus had risen to life, they went into the holy city, where they were seen by many people.","ne mɛ lii nkyan mɔ dɔ. Yesu gi kyingi mɔ, imɔ gɛmara mɔ, gɛnen ibuni ibono mɛ naa baa loo Gyɛrusalem ɔsowolɛ ɔbono Wurubuaarɛ gi lɔrɔ yela sa mɔ-ɔson mɔ, ne mɛ lɛɛ mɔmɔ-nyoro gɛwi nyiile asa sakyɔ.","When they arrived in Jerusalem, they went to the temple and saw all the things being sold there. Jesus made a whip out of cords and drove them all out of the temple, both sheep and cattle; he scattered the coins of the money changers and overturned their tables. And he said to those who sold doves, ""Take these things away; do not make my Father's house a house of trade.""",gerhardt_62CB5CC1_output (4),,26.56130704780263,6.259768097362956,3.159742539496782
Over on the hillside a large herd of pigs was feeding.,"Aberɛ abono mɔ, akuuri gikpen belɛ giko gi yelɛ gibii mɔ alan dɔ nno mɛ kya gyi.","If you are a good person, you will be rewarded in this life and the next.",gerhardt_62CB5CC1_output (4),,22.323688993951663,6.259768097362956,3.159742539496782
"After King Herod died, an angel from the Lord appeared in a dream to Joseph while he was still in Egypt.","Wura Hɛrodɛ lɛwu gɛmara mɔ, Wurubuaarɛ dɔ ɔsɔɔ ɔko gi baa lɛɛ mɔ-nyoro nyiile Gyosɛfo oderi dɔ Igyipiti.","When Herod the king saw that the wise men had departed, he was enraged, and he sent and killed all the male children in Bethlehem and its vicinity, from two years old and under, according to the time which he had diligently ascertained from the wise men.",Dec 04 output,,26.591725249627274,6.259768097362956,3.159742539496782
"Rain poured down, rivers flooded, and the winds blew and beat against that house. Finally, it fell with a crash.","Gɛkɛ gɛdɛ mɔ, nyangbon de afuu belɛ a baa da, ne ibon i bɔla baa da de obu mɔ. Obu mɔ yii daa giŋɛsii so so mɔ, ɔ tɔrɔ daa wurum!”","If you want to eat, you must work. If you don't work, you won't eat. You must work hard so that you can eat well! Work hard!",Dec 04 output,,14.421137042613335,6.259768097362956,3.159742539496782
John's followers took his body and buried it. Then they told Jesus what had happened. Jesus Feeds Five Thousand (Mark,"Gyɔn akasɛbo mɔ mɛ nu gɛnen mɔ, mɛ kpaa kyu mɔ-gibuni mɔ kyu kpaa pule, ne mɛ kpaa buu sa Yesu. Yesu Gi Sa Sakpii Belɛ Agyudɔ Ne Mɛ Gyi Kaabo","When the evil spirit came upon him, he fell to the ground and rolled about, crying out with a loud voice, ""What do you want with me, Jesus, Son of God? Don't torment me!"" Jesus said to him, ""Come out of him, you unclean spirit.""",Dec 04 output,,21.843727772850567,6.259768097362956,3.159742539496782
"They left their graves, and after Jesus had risen to life, they went into the holy city, where they were seen by many people.","ne mɛ lii nkyan mɔ dɔ. Yesu gi kyingi mɔ, imɔ gɛmara mɔ, gɛnen ibuni ibono mɛ naa baa loo Gyɛrusalem ɔsowolɛ ɔbono Wurubuaarɛ gi lɔrɔ yela sa mɔ-ɔson mɔ, ne mɛ lɛɛ mɔmɔ-nyoro gɛwi nyiile asa sakyɔ.","When he arrived in Jerusalem, he went to the temple and saw all the people buying and selling there. He was angry and overturned the tables of the money changers and drove out those who were selling doves. He said to them, ""It is written, 'My house will be called a house of prayer,' but you are making it a den of robbers.""",Dec 04 output,,25.281327178557117,6.259768097362956,3.159742539496782
Over on the hillside a large herd of pigs was feeding.,"Aberɛ abono mɔ, akuuri gikpen belɛ giko gi yelɛ gibii mɔ alan dɔ nno mɛ kya gyi.","If you are a good person, you will be rewarded in this life and in the next.",Dec 04 output,,22.509496286744852,6.259768097362956,3.159742539496782
"After King Herod died, an angel from the Lord appeared in a dream to Joseph while he was still in Egypt.","Wura Hɛrodɛ lɛwu gɛmara mɔ, Wurubuaarɛ dɔ ɔsɔɔ ɔko gi baa lɛɛ mɔ-nyoro nyiile Gyosɛfo oderi dɔ Igyipiti.","When Herod heard that the wise men had gone to Bethlehem, he was disturbed, and he sent soldiers to kill all the male children in Bethlehem who were under two years old, according to the star's message which he had seen in Egypt.",gerhardt_676E558A_output (6),,27.849803912009598,6.259768097362956,3.159742539496782
"Rain poured down, rivers flooded, and the winds blew and beat against that house. Finally, it fell with a crash.","Gɛkɛ gɛdɛ mɔ, nyangbon de afuu belɛ a baa da, ne ibon i bɔla baa da de obu mɔ. Obu mɔ yii daa giŋɛsii so so mɔ, ɔ tɔrɔ daa wurum!”","If you are a man, be strong and brave, and if you are a woman, be beautiful and wise. Be strong and wise, so that you may be able to stand firm!",gerhardt_676E558A_output (6),,19.684967810851532,6.259768097362956,3.159742539496782
John's followers took his body and buried it. Then they told Jesus what had happened. Jesus Feeds Five Thousand (Mark,"Gyɔn akasɛbo mɔ mɛ nu gɛnen mɔ, mɛ kpaa kyu mɔ-gibuni mɔ kyu kpaa pule, ne mɛ kpaa buu sa Yesu. Yesu Gi Sa Sakpii Belɛ Agyudɔ Ne Mɛ Gyi Kaabo","When the evil one comes to you, you should resist him, stand firm in the faith, and you will overcome him. You will overcome him by the name of Jesus. Jesus is the name of the Lord, and you will be saved.",gerhardt_676E558A_output (6),,23.753477410675423,6.259768097362956,3.159742539496782
"They left their graves, and after Jesus had risen to life, they went into the holy city, where they were seen by many people.","ne mɛ lii nkyan mɔ dɔ. Yesu gi kyingi mɔ, imɔ gɛmara mɔ, gɛnen ibuni ibono mɛ naa baa loo Gyɛrusalem ɔsowolɛ ɔbono Wurubuaarɛ gi lɔrɔ yela sa mɔ-ɔson mɔ, ne mɛ lɛɛ mɔmɔ-nyoro gɛwi nyiile asa sakyɔ.","He who does not love his brother does not know God, because God is love. Whoever does not love does not know God, for God is love. Little children, let us not love in word or speech but in deed and in truth.",gerhardt_676E558A_output (6),,18.24213094675251,6.259768097362956,3.159742539496782
Over on the hillside a large herd of pigs was feeding.,"Aberɛ abono mɔ, akuuri gikpen belɛ giko gi yelɛ gibii mɔ alan dɔ nno mɛ kya gyi.","If you are a man, be strong and courageous, so that you may be able to face life's challenges.",gerhardt_676E558A_output (6),,15.299017378955156,6.259768097362956,3.159742539496782
"After King Herod died, an angel from the Lord appeared in a dream to Joseph while he was still in Egypt.","Wura Hɛrodɛ lɛwu gɛmara mɔ, Wurubuaarɛ dɔ ɔsɔɔ ɔko gi baa lɛɛ mɔ-nyoro nyiile Gyosɛfo oderi dɔ Igyipiti.","When Herod the king heard this, he was troubled, and all Jerusalem with him, because he feared the wise men, and sent them to Bethlehem to find the child.",gerhardt_107423D8_output (9),,25.304218607386158,6.259768097362956,3.159742539496782
"Rain poured down, rivers flooded, and the winds blew and beat against that house. Finally, it fell with a crash.","Gɛkɛ gɛdɛ mɔ, nyangbon de afuu belɛ a baa da, ne ibon i bɔla baa da de obu mɔ. Obu mɔ yii daa giŋɛsii so so mɔ, ɔ tɔrɔ daa wurum!”","If you are a man, you should be strong, and if you are a woman, you should be beautiful.  Don't be ashamed of your beauty, because beauty is a gift from God.  Be proud of your beauty!",gerhardt_107423D8_output (9),,17.964490056847822,6.259768097362956,3.159742539496782
John's followers took his body and buried it. Then they told Jesus what had happened. Jesus Feeds Five Thousand (Mark,"Gyɔn akasɛbo mɔ mɛ nu gɛnen mɔ, mɛ kpaa kyu mɔ-gibuni mɔ kyu kpaa pule, ne mɛ kpaa buu sa Yesu. Yesu Gi Sa Sakpii Belɛ Agyudɔ Ne Mɛ Gyi Kaabo","When you see the signs of the times, you will know that the end is near. You will see many false prophets and deceivers, and they will say they are Jesus. Jesus is the only true Savior, and he will return again.",gerhardt_107423D8_output (9),,22.989922033691233,6.259768097362956,3.159742539496782
"They left their graves, and after Jesus had risen to life, they went into the holy city, where they were seen by many people.","ne mɛ lii nkyan mɔ dɔ. Yesu gi kyingi mɔ, imɔ gɛmara mɔ, gɛnen ibuni ibono mɛ naa baa loo Gyɛrusalem ɔsowolɛ ɔbono Wurubuaarɛ gi lɔrɔ yela sa mɔ-ɔson mɔ, ne mɛ lɛɛ mɔmɔ-nyoro gɛwi nyiile asa sakyɔ.","When they arrived in Jerusalem, they went to the temple and began to drive out those who were selling and buying there. Jesus said to them, ""It is written, 'My house will be called a house of prayer,' but you have made it a 'den of robbers.'""",gerhardt_107423D8_output (9),,31.035744936281656,6.259768097362956,3.159742539496782
Over on the hillside a large herd of pigs was feeding.,"Aberɛ abono mɔ, akuuri gikpen belɛ giko gi yelɛ gibii mɔ alan dɔ nno mɛ kya gyi.","If you are a man, you should be strong and brave, not afraid to face any challenge.",gerhardt_107423D8_output (9),,15.869053129464582,6.259768097362956,3.159742539496782
"After King Herod died, an angel from the Lord appeared in a dream to Joseph while he was still in Egypt.","Wura Hɛrodɛ lɛwu gɛmara mɔ, Wurubuaarɛ dɔ ɔsɔɔ ɔko gi baa lɛɛ mɔ-nyoro nyiile Gyosɛfo oderi dɔ Igyipiti.","When Herod heard that the wise men had gone to Bethlehem, he was disturbed, and he secretly sent for the wise men and asked them where the Christ child was born.",gerhardt_E4F773B6_output (3),,23.3893777279347,6.259768097362956,3.159742539496782
"Rain poured down, rivers flooded, and the winds blew and beat against that house. Finally, it fell with a crash.","Gɛkɛ gɛdɛ mɔ, nyangbon de afuu belɛ a baa da, ne ibon i bɔla baa da de obu mɔ. Obu mɔ yii daa giŋɛsii so so mɔ, ɔ tɔrɔ daa wurum!”","If you are a man, be a man, and if you are a woman, be a woman. Do not be a man who acts like a woman, nor a woman who acts like a man. Be a man, be a woman, and be strong!",gerhardt_E4F773B6_output (3),,15.704887423482553,6.259768097362956,3.159742539496782
John's followers took his body and buried it. Then they told Jesus what had happened. Jesus Feeds Five Thousand (Mark,"Gyɔn akasɛbo mɔ mɛ nu gɛnen mɔ, mɛ kpaa kyu mɔ-gibuni mɔ kyu kpaa pule, ne mɛ kpaa buu sa Yesu. Yesu Gi Sa Sakpii Belɛ Agyudɔ Ne Mɛ Gyi Kaabo","When the world is full of wickedness, we will call on the name of Jesus. Jesus is the only savior, and we will sing his praises.",gerhardt_E4F773B6_output (3),,22.08109429327027,6.259768097362956,3.159742539496782
"They left their graves, and after Jesus had risen to life, they went into the holy city, where they were seen by many people.","ne mɛ lii nkyan mɔ dɔ. Yesu gi kyingi mɔ, imɔ gɛmara mɔ, gɛnen ibuni ibono mɛ naa baa loo Gyɛrusalem ɔsowolɛ ɔbono Wurubuaarɛ gi lɔrɔ yela sa mɔ-ɔson mɔ, ne mɛ lɛɛ mɔmɔ-nyoro gɛwi nyiile asa sakyɔ.","And he went to Jerusalem during the feast of the Passover, and he found a colt, and he rode on it. And many spread their cloaks in the way, and others cut branches from the trees and strewed them in the way. And the crowds that went before him and those that followed were shouting, ""Hosanna! Blessed is he who comes in the name of the Lord! Blessed is the kingdom of our father David that is to come! Hosanna in the highest!""",gerhardt_E4F773B6_output (3),,22.164409401588404,6.259768097362956,3.159742539496782
Over on the hillside a large herd of pigs was feeding.,"Aberɛ abono mɔ, akuuri gikpen belɛ giko gi yelɛ gibii mɔ alan dɔ nno mɛ kya gyi.","If you are a good person, you will be rewarded in this life.",gerhardt_E4F773B6_output (3),,21.81801842895536,6.259768097362956,3.159742539496782
"After King Herod died, an angel from the Lord appeared in a dream to Joseph while he was still in Egypt.","Wura Hɛrodɛ lɛwu gɛmara mɔ, Wurubuaarɛ dɔ ɔsɔɔ ɔko gi baa lɛɛ mɔ-nyoro nyiile Gyosɛfo oderi dɔ Igyipiti.","When Herod heard this, he was very angry, and he sent out his soldiers to kill all the male children in Bethlehem and its vicinity, from two years old and under, according to the star's message which he had received from the Magi.",john_B0DBB2CB_output (4),,26.807210760729227,6.259768097362956,3.159742539496782
"Rain poured down, rivers flooded, and the winds blew and beat against that house. Finally, it fell with a crash.","Gɛkɛ gɛdɛ mɔ, nyangbon de afuu belɛ a baa da, ne ibon i bɔla baa da de obu mɔ. Obu mɔ yii daa giŋɛsii so so mɔ, ɔ tɔrɔ daa wurum!”","If you are a man, be strong and courageous, and do not be afraid. Do not be afraid of what may happen to you. For if you are strong and courageous, you will overcome all obstacles!",john_B0DBB2CB_output (4),,21.049102262526883,6.259768097362956,3.159742539496782
John's followers took his body and buried it. Then they told Jesus what had happened. Jesus Feeds Five Thousand (Mark,"Gyɔn akasɛbo mɔ mɛ nu gɛnen mɔ, mɛ kpaa kyu mɔ-gibuni mɔ kyu kpaa pule, ne mɛ kpaa buu sa Yesu. Yesu Gi Sa Sakpii Belɛ Agyudɔ Ne Mɛ Gyi Kaabo","When you are in trouble, you will call on me, and I will deliver you from the hand of your enemies. You will call on me, and I will answer you.  Jesus is the Savior of the world and I will give you peace.",john_B0DBB2CB_output (4),,19.436617809523344,6.259768097362956,3.159742539496782
"They left their graves, and after Jesus had risen to life, they went into the holy city, where they were seen by many people.","ne mɛ lii nkyan mɔ dɔ. Yesu gi kyingi mɔ, imɔ gɛmara mɔ, gɛnen ibuni ibono mɛ naa baa loo Gyɛrusalem ɔsowolɛ ɔbono Wurubuaarɛ gi lɔrɔ yela sa mɔ-ɔson mɔ, ne mɛ lɛɛ mɔmɔ-nyoro gɛwi nyiile asa sakyɔ.","When they arrived in Jerusalem, Jesus went into the temple and drove out all those who were buying and selling there. He overturned the tables of the money changers and the benches of those who were selling doves, and he said to them, ""It is written, 'My house shall be called a house of prayer,' but you are making it a 'den of robbers.'""",john_B0DBB2CB_output (4),,29.374927599912905,6.259768097362956,3.159742539496782
Over on the hillside a large herd of pigs was feeding.,"Aberɛ abono mɔ, akuuri gikpen belɛ giko gi yelɛ gibii mɔ alan dɔ nno mɛ kya gyi.","If you are a man, do not be ashamed to work hard.",john_B0DBB2CB_output (4),,11.747459076567912,6.259768097362956,3.159742539496782
"After King Herod died, an angel from the Lord appeared in a dream to Joseph while he was still in Egypt.","Wura Hɛrodɛ lɛwu gɛmara mɔ, Wurubuaarɛ dɔ ɔsɔɔ ɔko gi baa lɛɛ mɔ-nyoro nyiile Gyosɛfo oderi dɔ Igyipiti.","When Herod heard that the wise men had gone to Bethlehem, he was disturbed, and he secretly sent for the wise men and asked them about the child.",gerhardt_E32D1C1E_output_mzX2S5,,23.1409575361597,6.259768097362956,3.159742539496782
"Rain poured down, rivers flooded, and the winds blew and beat against that house. Finally, it fell with a crash.","Gɛkɛ gɛdɛ mɔ, nyangbon de afuu belɛ a baa da, ne ibon i bɔla baa da de obu mɔ. Obu mɔ yii daa giŋɛsii so so mɔ, ɔ tɔrɔ daa wurum!”","If you are going to do something, do it well. Do not do it halfway and then leave it. If you are going to do it, do it completely. Do it thoroughly and well!",gerhardt_E32D1C1E_output_mzX2S5,,21.63871888862704,6.259768097362956,3.159742539496782
John's followers took his body and buried it. Then they told Jesus what had happened. Jesus Feeds Five Thousand (Mark,"Gyɔn akasɛbo mɔ mɛ nu gɛnen mɔ, mɛ kpaa kyu mɔ-gibuni mɔ kyu kpaa pule, ne mɛ kpaa buu sa Yesu. Yesu Gi Sa Sakpii Belɛ Agyudɔ Ne Mɛ Gyi Kaabo","When you are in trouble, you will call on me, and I will deliver you from your enemies. You will call on me, and I will save you. For I am the Lord your God.",gerhardt_E32D1C1E_output_mzX2S5,,16.084684583885405,6.259768097362956,3.159742539496782
"They left their graves, and after Jesus had risen to life, they went into the holy city, where they were seen by many people.","ne mɛ lii nkyan mɔ dɔ. Yesu gi kyingi mɔ, imɔ gɛmara mɔ, gɛnen ibuni ibono mɛ naa baa loo Gyɛrusalem ɔsowolɛ ɔbono Wurubuaarɛ gi lɔrɔ yela sa mɔ-ɔson mɔ, ne mɛ lɛɛ mɔmɔ-nyoro gɛwi nyiile asa sakyɔ.","When Jesus was about to be betrayed, he went to the Mount of Olives, and his disciples followed him. He said to them, ""You know that in two days the Passover will be celebrated, and the Son of Man will be betrayed into the hands of the chief priests and the scribes, and they will condemn him to death and hand him over to the Gentiles to be mocked and flogged, and after that they will kill him.""",gerhardt_E32D1C1E_output_mzX2S5,,27.947560514552688,6.259768097362956,3.159742539496782
Over on the hillside a large herd of pigs was feeding.,"Aberɛ abono mɔ, akuuri gikpen belɛ giko gi yelɛ gibii mɔ alan dɔ nno mɛ kya gyi.","If you are a man, you should be strong and brave.",gerhardt_E32D1C1E_output_mzX2S5,,12.089786309407966,6.259768097362956,3.159742539496782
"After King Herod died, an angel from the Lord appeared in a dream to Joseph while he was still in Egypt.","Wura Hɛrodɛ lɛwu gɛmara mɔ, Wurubuaarɛ dɔ ɔsɔɔ ɔko gi baa lɛɛ mɔ-nyoro nyiile Gyosɛfo oderi dɔ Igyipiti.","When Herod heard that the wise men had gone to Bethlehem, he was disturbed, and he sent soldiers to kill all the male children in Bethlehem who were under two years old, according to the star's message which he had heard from the Magi in Egypt.",gerhardt_145C11AE_output (2),,30.091824906830865,6.259768097362956,3.159742539496782
"Rain poured down, rivers flooded, and the winds blew and beat against that house. Finally, it fell with a crash.","Gɛkɛ gɛdɛ mɔ, nyangbon de afuu belɛ a baa da, ne ibon i bɔla baa da de obu mɔ. Obu mɔ yii daa giŋɛsii so so mɔ, ɔ tɔrɔ daa wurum!”","If you want to eat, you must work. If you want to sleep, you must work. Work is the only way to get food. Food is what gives you strength!",gerhardt_145C11AE_output (2),,16.52819431972178,6.259768097362956,3.159742539496782
John's followers took his body and buried it. Then they told Jesus what had happened. Jesus Feeds Five Thousand (Mark,"Gyɔn akasɛbo mɔ mɛ nu gɛnen mɔ, mɛ kpaa kyu mɔ-gibuni mɔ kyu kpaa pule, ne mɛ kpaa buu sa Yesu. Yesu Gi Sa Sakpii Belɛ Agyudɔ Ne Mɛ Gyi Kaabo","When you are in trouble, call on the name of Jesus. Jesus is the only one who can save you. Jesus is the only way to salvation.",gerhardt_145C11AE_output (2),,21.96672033709506,6.259768097362956,3.159742539496782
"They left their graves, and after Jesus had risen to life, they went into the holy city, where they were seen by many people.","ne mɛ lii nkyan mɔ dɔ. Yesu gi kyingi mɔ, imɔ gɛmara mɔ, gɛnen ibuni ibono mɛ naa baa loo Gyɛrusalem ɔsowolɛ ɔbono Wurubuaarɛ gi lɔrɔ yela sa mɔ-ɔson mɔ, ne mɛ lɛɛ mɔmɔ-nyoro gɛwi nyiile asa sakyɔ.","When they arrived in Jerusalem, they went to the temple and saw all the people buying and selling there. And he made a whip of cords and drove them all out of the temple, both sheep and cattle; he overturned the tables of the money changers and scattered their coins.",gerhardt_145C11AE_output (2),,28.863340252485877,6.259768097362956,3.159742539496782
Over on the hillside a large herd of pigs was feeding.,"Aberɛ abono mɔ, akuuri gikpen belɛ giko gi yelɛ gibii mɔ alan dɔ nno mɛ kya gyi.","If you want to eat, you must work hard to get it.",gerhardt_145C11AE_output (2),,9.791101962471847,6.259768097362956,3.159742539496782
"After King Herod died, an angel from the Lord appeared in a dream to Joseph while he was still in Egypt.","Wura Hɛrodɛ lɛwu gɛmara mɔ, Wurubuaarɛ dɔ ɔsɔɔ ɔko gi baa lɛɛ mɔ-nyoro nyiile Gyosɛfo oderi dɔ Igyipiti.","When Herod heard that the wise men had gone to Bethlehem, he was angry and sent soldiers to kill all the male children in Bethlehem who were two years old and under, because of what the wise men had said to him in Egypt.",gerhardt_087BEB88_output_loRIsq,,26.078840773797708,6.259768097362956,3.159742539496782
"Rain poured down, rivers flooded, and the winds blew and beat against that house. Finally, it fell with a crash.","Gɛkɛ gɛdɛ mɔ, nyangbon de afuu belɛ a baa da, ne ibon i bɔla baa da de obu mɔ. Obu mɔ yii daa giŋɛsii so so mɔ, ɔ tɔrɔ daa wurum!”","If you are going to steal, steal well, and if you are going to lie, lie well, so that you don't get caught. But be careful, because if you are caught, you will be punished!",gerhardt_087BEB88_output_loRIsq,,19.027461544046233,6.259768097362956,3.159742539496782
John's followers took his body and buried it. Then they told Jesus what had happened. Jesus Feeds Five Thousand (Mark,"Gyɔn akasɛbo mɔ mɛ nu gɛnen mɔ, mɛ kpaa kyu mɔ-gibuni mɔ kyu kpaa pule, ne mɛ kpaa buu sa Yesu. Yesu Gi Sa Sakpii Belɛ Agyudɔ Ne Mɛ Gyi Kaabo","When the evil one comes to you, do not be afraid, do not be afraid of his power, but rather, cast out the evil one in the name of Jesus. Jesus is the true God and Savior.",gerhardt_087BEB88_output_loRIsq,,23.32194158371231,6.259768097362956,3.159742539496782
"They left their graves, and after Jesus had risen to life, they went into the holy city, where they were seen by many people.","ne mɛ lii nkyan mɔ dɔ. Yesu gi kyingi mɔ, imɔ gɛmara mɔ, gɛnen ibuni ibono mɛ naa baa loo Gyɛrusalem ɔsowolɛ ɔbono Wurubuaarɛ gi lɔrɔ yela sa mɔ-ɔson mɔ, ne mɛ lɛɛ mɔmɔ-nyoro gɛwi nyiile asa sakyɔ.","He who does not love his brother, does not know God, because God is love. He who does not love, does not know God, for God is love. Little children, let us not love in word or in tongue, but in deed and in truth.",gerhardt_087BEB88_output_loRIsq,,18.589781754858876,6.259768097362956,3.159742539496782
Over on the hillside a large herd of pigs was feeding.,"Aberɛ abono mɔ, akuuri gikpen belɛ giko gi yelɛ gibii mɔ alan dɔ nno mɛ kya gyi.","If you are a man, you should be strong and brave.",gerhardt_087BEB88_output_loRIsq,,12.089786309407966,6.259768097362956,3.159742539496782
"After King Herod died, an angel from the Lord appeared in a dream to Joseph while he was still in Egypt.","Wura Hɛrodɛ lɛwu gɛmara mɔ, Wurubuaarɛ dɔ ɔsɔɔ ɔko gi baa lɛɛ mɔ-nyoro nyiile Gyosɛfo oderi dɔ Igyipiti.","When Herod the king heard this, he was troubled, and all Jerusalem with him, because he feared the wise men.",john_C904F397_output (2),,24.357003720209285,6.259768097362956,3.159742539496782
"Rain poured down, rivers flooded, and the winds blew and beat against that house. Finally, it fell with a crash.","Gɛkɛ gɛdɛ mɔ, nyangbon de afuu belɛ a baa da, ne ibon i bɔla baa da de obu mɔ. Obu mɔ yii daa giŋɛsii so so mɔ, ɔ tɔrɔ daa wurum!”","If you are going to do something, do it well. If you are going to do it, do it well and do not leave anything undone. Do not leave anything undone, do it thoroughly!",john_C904F397_output (2),,18.75196909025313,6.259768097362956,3.159742539496782
John's followers took his body and buried it. Then they told Jesus what had happened. Jesus Feeds Five Thousand (Mark,"Gyɔn akasɛbo mɔ mɛ nu gɛnen mɔ, mɛ kpaa kyu mɔ-gibuni mɔ kyu kpaa pule, ne mɛ kpaa buu sa Yesu. Yesu Gi Sa Sakpii Belɛ Agyudɔ Ne Mɛ Gyi Kaabo","When the wicked are destroyed, we will rejoice, we will sing and dance, and we will shout for joy in the name of Jesus. Jesus is the King of Kings and Lord of Lords.",john_C904F397_output (2),,23.087448749148667,6.259768097362956,3.159742539496782
"They left their graves, and after Jesus had risen to life, they went into the holy city, where they were seen by many people.","ne mɛ lii nkyan mɔ dɔ. Yesu gi kyingi mɔ, imɔ gɛmara mɔ, gɛnen ibuni ibono mɛ naa baa loo Gyɛrusalem ɔsowolɛ ɔbono Wurubuaarɛ gi lɔrɔ yela sa mɔ-ɔson mɔ, ne mɛ lɛɛ mɔmɔ-nyoro gɛwi nyiile asa sakyɔ.","When he arrived in Jerusalem, he went into the temple and drove out all those who were selling and buying there. He overturned the tables of the money changers and the benches of those who were selling doves, and he said to them, ""It is written, 'My house shall be called a house of prayer,' but you are making it a 'den of robbers.'""",john_C904F397_output (2),,27.973710099074562,6.259768097362956,3.159742539496782
Over on the hillside a large herd of pigs was feeding.,"Aberɛ abono mɔ, akuuri gikpen belɛ giko gi yelɛ gibii mɔ alan dɔ nno mɛ kya gyi.","If you are a good person, you will not be afraid to speak the truth.",john_C904F397_output (2),,15.685128512511634,6.259768097362956,3.159742539496782
"After King Herod died, an angel from the Lord appeared in a dream to Joseph while he was still in Egypt.","Wura Hɛrodɛ lɛwu gɛmara mɔ, Wurubuaarɛ dɔ ɔsɔɔ ɔko gi baa lɛɛ mɔ-nyoro nyiile Gyosɛfo oderi dɔ Igyipiti.","When Herod heard that the wise men had gone to Bethlehem, he was disturbed, and he secretly sent for the wise men and asked them where the Christ child was born.",onesimus_E33AE420_Dec 11 output,,23.3893777279347,6.259768097362956,3.159742539496782
"Rain poured down, rivers flooded, and the winds blew and beat against that house. Finally, it fell with a crash.","Gɛkɛ gɛdɛ mɔ, nyangbon de afuu belɛ a baa da, ne ibon i bɔla baa da de obu mɔ. Obu mɔ yii daa giŋɛsii so so mɔ, ɔ tɔrɔ daa wurum!”","If you want to eat, you must work. If you don't work, you won't have anything to eat.  You must work hard so that you can have enough to eat!",onesimus_E33AE420_Dec 11 output,,15.93288227262627,6.259768097362956,3.159742539496782
John's followers took his body and buried it. Then they told Jesus what had happened. Jesus Feeds Five Thousand (Mark,"Gyɔn akasɛbo mɔ mɛ nu gɛnen mɔ, mɛ kpaa kyu mɔ-gibuni mɔ kyu kpaa pule, ne mɛ kpaa buu sa Yesu. Yesu Gi Sa Sakpii Belɛ Agyudɔ Ne Mɛ Gyi Kaabo","When the wicked are judged, they will be punished, and they will be punished severely. They will be punished with the fire of God's wrath. And they will be punished with the sword of God's justice. Jesus is the only way to salvation.",onesimus_E33AE420_Dec 11 output,,22.445106810547127,6.259768097362956,3.159742539496782
"They left their graves, and after Jesus had risen to life, they went into the holy city, where they were seen by many people.","ne mɛ lii nkyan mɔ dɔ. Yesu gi kyingi mɔ, imɔ gɛmara mɔ, gɛnen ibuni ibono mɛ naa baa loo Gyɛrusalem ɔsowolɛ ɔbono Wurubuaarɛ gi lɔrɔ yela sa mɔ-ɔson mɔ, ne mɛ lɛɛ mɔmɔ-nyoro gɛwi nyiile asa sakyɔ.","He was going to Jerusalem, and on the way he passed through villages and towns, teaching the people and proclaiming the good news of the kingdom of God. And the twelve were with him.",onesimus_E33AE420_Dec 11 output,,22.417986696052616,6.259768097362956,3.159742539496782
Over on the hillside a large herd of pigs was feeding.,"Aberɛ abono mɔ, akuuri gikpen belɛ giko gi yelɛ gibii mɔ alan dɔ nno mɛ kya gyi.","If you have a good heart, you will always be kind to others, no matter what they do to you.",onesimus_E33AE420_Dec 11 output,,17.955315362753474,6.259768097362956,3.159742539496782
"After King Herod died, an angel from the Lord appeared in a dream to Joseph while he was still in Egypt.","Wura Hɛrodɛ lɛwu gɛmara mɔ, Wurubuaarɛ dɔ ɔsɔɔ ɔko gi baa lɛɛ mɔ-nyoro nyiile Gyosɛfo oderi dɔ Igyipiti.","When Herod heard that the wise men had gone to Bethlehem, he was disturbed, and he sent out and killed all the male children in Bethlehem and its vicinity who were under two years old, according to the time which he had determined from the wise men who had come from the East.",onesimus_48E85B7F_Dec 09 output,,25.676303865583268,6.259768097362956,3.159742539496782
"Rain poured down, rivers flooded, and the winds blew and beat against that house. Finally, it fell with a crash.","Gɛkɛ gɛdɛ mɔ, nyangbon de afuu belɛ a baa da, ne ibon i bɔla baa da de obu mɔ. Obu mɔ yii daa giŋɛsii so so mɔ, ɔ tɔrɔ daa wurum!”","If you are a man, be strong and brave, and if you are a woman, be strong and brave, and do not be afraid. Do not be afraid, for you are strong and courageous, and you will overcome!",onesimus_48E85B7F_Dec 09 output,,18.1721061308045,6.259768097362956,3.159742539496782
John's followers took his body and buried it. Then they told Jesus what had happened. Jesus Feeds Five Thousand (Mark,"Gyɔn akasɛbo mɔ mɛ nu gɛnen mɔ, mɛ kpaa kyu mɔ-gibuni mɔ kyu kpaa pule, ne mɛ kpaa buu sa Yesu. Yesu Gi Sa Sakpii Belɛ Agyudɔ Ne Mɛ Gyi Kaabo","When the time comes, we will gather and sing praises to God, and we will sing praises to the one who is the giver of life, and we will sing praises to Jesus. Jesus is the giver of life and we will sing praises to him.",onesimus_48E85B7F_Dec 09 output,,21.735648220585283,6.259768097362956,3.159742539496782
"They left their graves, and after Jesus had risen to life, they went into the holy city, where they were seen by many people.","ne mɛ lii nkyan mɔ dɔ. Yesu gi kyingi mɔ, imɔ gɛmara mɔ, gɛnen ibuni ibono mɛ naa baa loo Gyɛrusalem ɔsowolɛ ɔbono Wurubuaarɛ gi lɔrɔ yela sa mɔ-ɔson mɔ, ne mɛ lɛɛ mɔmɔ-nyoro gɛwi nyiile asa sakyɔ.","He who is humble will be exalted. For Jesus said, ""I am meek and lowly in heart, and you will find rest for your souls, for my yoke is easy and my burden is light.""",onesimus_48E85B7F_Dec 09 output,,18.99714615954494,6.259768097362956,3.159742539496782
Over on the hillside a large herd of pigs was feeding.,"Aberɛ abono mɔ, akuuri gikpen belɛ giko gi yelɛ gibii mɔ alan dɔ nno mɛ kya gyi.","If you have a problem, quickly go and seek advice from someone who is wise.",onesimus_48E85B7F_Dec 09 output,,14.813414959239864,6.259768097362956,3.159742539496782
"After King Herod died, an angel from the Lord appeared in a dream to Joseph while he was still in Egypt.","Wura Hɛrodɛ lɛwu gɛmara mɔ, Wurubuaarɛ dɔ ɔsɔɔ ɔko gi baa lɛɛ mɔ-nyoro nyiile Gyosɛfo oderi dɔ Igyipiti.","When Herod heard that the star had disappeared, he was furious, and he ordered the massacre of all the male children in Bethlehem and its vicinity, from two years old and under, according to the time which he had ascertained from the wise men.",Dec 01 output,,29.08128004769076,6.259768097362956,3.159742539496782
"Rain poured down, rivers flooded, and the winds blew and beat against that house. Finally, it fell with a crash.","Gɛkɛ gɛdɛ mɔ, nyangbon de afuu belɛ a baa da, ne ibon i bɔla baa da de obu mɔ. Obu mɔ yii daa giŋɛsii so so mɔ, ɔ tɔrɔ daa wurum!”","If you are a man, be a man, and if you are a woman, be a woman. Do not be a man who acts like a woman, nor a woman who acts like a man. Be true to yourself and stand strong!",Dec 01 output,,17.257384099369613,6.259768097362956,3.159742539496782
John's followers took his body and buried it. Then they told Jesus what had happened. Jesus Feeds Five Thousand (Mark,"Gyɔn akasɛbo mɔ mɛ nu gɛnen mɔ, mɛ kpaa kyu mɔ-gibuni mɔ kyu kpaa pule, ne mɛ kpaa buu sa Yesu. Yesu Gi Sa Sakpii Belɛ Agyudɔ Ne Mɛ Gyi Kaabo","When the evil one comes to you, you should resist him, stand firm against him, and you will overcome him. For you are not alone, Jesus is with you. Jesus gives you the strength to overcome evil and to live a victorious life.",Dec 01 output,,23.26071300339035,6.259768097362956,3.159742539496782
"They left their graves, and after Jesus had risen to life, they went into the holy city, where they were seen by many people.","ne mɛ lii nkyan mɔ dɔ. Yesu gi kyingi mɔ, imɔ gɛmara mɔ, gɛnen ibuni ibono mɛ naa baa loo Gyɛrusalem ɔsowolɛ ɔbono Wurubuaarɛ gi lɔrɔ yela sa mɔ-ɔson mɔ, ne mɛ lɛɛ mɔmɔ-nyoro gɛwi nyiile asa sakyɔ.","When Jesus arrived in Jerusalem, he went to the temple and saw all the people buying and selling there. He made a whip of cords and drove them all out of the temple, both sheep and cattle; he scattered the coins of the money changers and overturned their tables.",Dec 01 output,,26.442656047967805,6.259768097362956,3.159742539496782
Over on the hillside a large herd of pigs was feeding.,"Aberɛ abono mɔ, akuuri gikpen belɛ giko gi yelɛ gibii mɔ alan dɔ nno mɛ kya gyi.","If you are a man, you should be strong and brave.",Dec 01 output,,12.089786309407966,6.259768097362956,3.159742539496782
"After King Herod died, an angel from the Lord appeared in a dream to Joseph while he was still in Egypt.","Wura Hɛrodɛ lɛwu gɛmara mɔ, Wurubuaarɛ dɔ ɔsɔɔ ɔko gi baa lɛɛ mɔ-nyoro nyiile Gyosɛfo oderi dɔ Igyipiti.","When Herod heard that the wise men had gone to Bethlehem, he was disturbed, and he secretly sent out and ordered all the male children in Bethlehem and its vicinity to be killed, from two years old and under, according to the time which he had ascertained from the wise men.",gerhardt_80805CFE_output_7z6RFo,,25.077041819710406,6.259768097362956,3.159742539496782
"Rain poured down, rivers flooded, and the winds blew and beat against that house. Finally, it fell with a crash.","Gɛkɛ gɛdɛ mɔ, nyangbon de afuu belɛ a baa da, ne ibon i bɔla baa da de obu mɔ. Obu mɔ yii daa giŋɛsii so so mɔ, ɔ tɔrɔ daa wurum!”","If you are a man, you should be strong and brave, not afraid of anything. Be strong and courageous, and you will overcome all obstacles!",gerhardt_80805CFE_output_7z6RFo,,21.115757558241505,6.259768097362956,3.159742539496782
John's followers took his body and buried it. Then they told Jesus what had happened. Jesus Feeds Five Thousand (Mark,"Gyɔn akasɛbo mɔ mɛ nu gɛnen mɔ, mɛ kpaa kyu mɔ-gibuni mɔ kyu kpaa pule, ne mɛ kpaa buu sa Yesu. Yesu Gi Sa Sakpii Belɛ Agyudɔ Ne Mɛ Gyi Kaabo","When you see the signs of the times, you will know that the end is near. Then you will see the coming of the Son of Man, and you will see the Son of Man coming in the clouds of heaven.  Jesus is the King of Kings and Lord of Lords.",gerhardt_80805CFE_output_7z6RFo,,21.5525764167684,6.259768097362956,3.159742539496782
"They left their graves, and after Jesus had risen to life, they went into the holy city, where they were seen by many people.","ne mɛ lii nkyan mɔ dɔ. Yesu gi kyingi mɔ, imɔ gɛmara mɔ, gɛnen ibuni ibono mɛ naa baa loo Gyɛrusalem ɔsowolɛ ɔbono Wurubuaarɛ gi lɔrɔ yela sa mɔ-ɔson mɔ, ne mɛ lɛɛ mɔmɔ-nyoro gɛwi nyiile asa sakyɔ.","When they arrived in Jerusalem, they went to the temple and saw all the people selling and buying there. And Jesus made a whip of cords and drove them all out of the temple, both sheep and cattle; he overturned the tables of the money changers and scattered their coins.",gerhardt_80805CFE_output_7z6RFo,,30.071953994104987,6.259768097362956,3.159742539496782
Over on the hillside a large herd of pigs was feeding.,"Aberɛ abono mɔ, akuuri gikpen belɛ giko gi yelɛ gibii mɔ alan dɔ nno mɛ kya gyi.","If you are a man, you should be strong and brave.",gerhardt_80805CFE_output_7z6RFo,,12.089786309407966,6.259768097362956,3.159742539496782
"After King Herod died, an angel from the Lord appeared in a dream to Joseph while he was still in Egypt.","Wura Hɛrodɛ lɛwu gɛmara mɔ, Wurubuaarɛ dɔ ɔsɔɔ ɔko gi baa lɛɛ mɔ-nyoro nyiile Gyosɛfo oderi dɔ Igyipiti.",,output_JA-3,,,6.259768097362956,3.159742539496782
"Rain poured down, rivers flooded, and the winds blew and beat against that house. Finally, it fell with a crash.","Gɛkɛ gɛdɛ mɔ, nyangbon de afuu belɛ a baa da, ne ibon i bɔla baa da de obu mɔ. Obu mɔ yii daa giŋɛsii so so mɔ, ɔ tɔrɔ daa wurum!”",,output_JA-3,,,6.259768097362956,3.159742539496782
John's followers took his body and buried it. Then they told Jesus what had happened. Jesus Feeds Five Thousand (Mark,"Gyɔn akasɛbo mɔ mɛ nu gɛnen mɔ, mɛ kpaa kyu mɔ-gibuni mɔ kyu kpaa pule, ne mɛ kpaa buu sa Yesu. Yesu Gi Sa Sakpii Belɛ Agyudɔ Ne Mɛ Gyi Kaabo",,output_JA-3,,,6.259768097362956,3.159742539496782
"They left their graves, and after Jesus had risen to life, they went into the holy city, where they were seen by many people.","ne mɛ lii nkyan mɔ dɔ. Yesu gi kyingi mɔ, imɔ gɛmara mɔ, gɛnen ibuni ibono mɛ naa baa loo Gyɛrusalem ɔsowolɛ ɔbono Wurubuaarɛ gi lɔrɔ yela sa mɔ-ɔson mɔ, ne mɛ lɛɛ mɔmɔ-nyoro gɛwi nyiile asa sakyɔ.",,output_JA-3,,,6.259768097362956,3.159742539496782
Over on the hillside a large herd of pigs was feeding.,"Aberɛ abono mɔ, akuuri gikpen belɛ giko gi yelɛ gibii mɔ alan dɔ nno mɛ kya gyi.",,output_JA-3,,,6.259768097362956,3.159742539496782
"After King Herod died, an angel from the Lord appeared in a dream to Joseph while he was still in Egypt.","Wura Hɛrodɛ lɛwu gɛmara mɔ, Wurubuaarɛ dɔ ɔsɔɔ ɔko gi baa lɛɛ mɔ-nyoro nyiile Gyosɛfo oderi dɔ Igyipiti.","When Herod heard that the star had set, he was enraged, and he sent out and killed all the male children in Bethlehem and its vicinity, from two years old and under, according to the time which he had ascertained from the wise men.",Dec 06 output,,26.654569000621738,6.259768097362956,3.159742539496782
"Rain poured down, rivers flooded, and the winds blew and beat against that house. Finally, it fell with a crash.","Gɛkɛ gɛdɛ mɔ, nyangbon de afuu belɛ a baa da, ne ibon i bɔla baa da de obu mɔ. Obu mɔ yii daa giŋɛsii so so mɔ, ɔ tɔrɔ daa wurum!”","If you are going to do something, do it well. If you are going to do something, do it well and do not leave anything undone. Do not leave anything undone, do it thoroughly!",Dec 06 output,,18.657243788956553,6.259768097362956,3.159742539496782
John's followers took his body and buried it. Then they told Jesus what had happened. Jesus Feeds Five Thousand (Mark,"Gyɔn akasɛbo mɔ mɛ nu gɛnen mɔ, mɛ kpaa kyu mɔ-gibuni mɔ kyu kpaa pule, ne mɛ kpaa buu sa Yesu. Yesu Gi Sa Sakpii Belɛ Agyudɔ Ne Mɛ Gyi Kaabo","When the enemy comes in like a flood, the Spirit of the Lord will lift up a standard against him.  And when the enemy comes in like a flood, the Spirit of the Lord will lift up a standard against him. And when the enemy comes in like a flood, the Spirit of the Lord will lift up a standard against him. Jesus is the standard bearer of the Lord and He will give us victory.",Dec 06 output,,18.14183037527438,6.259768097362956,3.159742539496782
"They left their graves, and after Jesus had risen to life, they went into the holy city, where they were seen by many people.","ne mɛ lii nkyan mɔ dɔ. Yesu gi kyingi mɔ, imɔ gɛmara mɔ, gɛnen ibuni ibono mɛ naa baa loo Gyɛrusalem ɔsowolɛ ɔbono Wurubuaarɛ gi lɔrɔ yela sa mɔ-ɔson mɔ, ne mɛ lɛɛ mɔmɔ-nyoro gɛwi nyiile asa sakyɔ.","When they arrived in Jerusalem, they went to the temple and saw all the people selling and buying there. And Jesus made a whip of cords and drove them all out of the temple, both sheep and cattle; he overturned the tables of the money changers and scattered their coins.",Dec 06 output,,30.071953994104987,6.259768097362956,3.159742539496782
Over on the hillside a large herd of pigs was feeding.,"Aberɛ abono mɔ, akuuri gikpen belɛ giko gi yelɛ gibii mɔ alan dɔ nno mɛ kya gyi.","If you are not careful, the enemy will come and destroy your house.",Dec 06 output,,15.61676279155082,6.259768097362956,3.159742539496782
"After King Herod died, an angel from the Lord appeared in a dream to Joseph while he was still in Egypt.","Wura Hɛrodɛ lɛwu gɛmara mɔ, Wurubuaarɛ dɔ ɔsɔɔ ɔko gi baa lɛɛ mɔ-nyoro nyiile Gyosɛfo oderi dɔ Igyipiti.","When Herod the king heard this, he was troubled, because he had been told by the wise men from the east that a king of the Jews had been born.",onesimus_C6D92021_Dec 02 output,,24.93340863462999,6.259768097362956,3.159742539496782
"Rain poured down, rivers flooded, and the winds blew and beat against that house. Finally, it fell with a crash.","Gɛkɛ gɛdɛ mɔ, nyangbon de afuu belɛ a baa da, ne ibon i bɔla baa da de obu mɔ. Obu mɔ yii daa giŋɛsii so so mɔ, ɔ tɔrɔ daa wurum!”","If you are going to do something, do it well. If you are going to do something, do it well and do not leave anything undone. Do not leave anything undone, do it thoroughly!",onesimus_C6D92021_Dec 02 output,,18.657243788956553,6.259768097362956,3.159742539496782
John's followers took his body and buried it. Then they told Jesus what had happened. Jesus Feeds Five Thousand (Mark,"Gyɔn akasɛbo mɔ mɛ nu gɛnen mɔ, mɛ kpaa kyu mɔ-gibuni mɔ kyu kpaa pule, ne mɛ kpaa buu sa Yesu. Yesu Gi Sa Sakpii Belɛ Agyudɔ Ne Mɛ Gyi Kaabo","When you see the signs of the times, you will know that the time is near. You will see many things happen, and you will know that the end is near. You will see the return of Jesus. Jesus is coming soon.",onesimus_C6D92021_Dec 02 output,,23.386565988962175,6.259768097362956,3.159742539496782
"They left their graves, and after Jesus had risen to life, they went into the holy city, where they were seen by many people.","ne mɛ lii nkyan mɔ dɔ. Yesu gi kyingi mɔ, imɔ gɛmara mɔ, gɛnen ibuni ibono mɛ naa baa loo Gyɛrusalem ɔsowolɛ ɔbono Wurubuaarɛ gi lɔrɔ yela sa mɔ-ɔson mɔ, ne mɛ lɛɛ mɔmɔ-nyoro gɛwi nyiile asa sakyɔ.","When they arrived in Jerusalem, they went to the temple and saw all the things being sold there. Jesus made a whip out of cords and drove them all out of the temple, both sheep and cattle; he overturned the tables of the money changers and scattered their coins. He told those who sold doves, ""Take these things away; do not make my Father's house a house of merchandise.""",onesimus_C6D92021_Dec 02 output,,26.761152168395952,6.259768097362956,3.159742539496782
Over on the hillside a large herd of pigs was feeding.,"Aberɛ abono mɔ, akuuri gikpen belɛ giko gi yelɛ gibii mɔ alan dɔ nno mɛ kya gyi.","If you are a good person, you will be rewarded in this life and the next.",onesimus_C6D92021_Dec 02 output,,22.323688993951663,6.259768097362956,3.159742539496782
"After King Herod died, an angel from the Lord appeared in a dream to Joseph while he was still in Egypt.","Wura Hɛrodɛ lɛwu gɛmara mɔ, Wurubuaarɛ dɔ ɔsɔɔ ɔko gi baa lɛɛ mɔ-nyoro nyiile Gyosɛfo oderi dɔ Igyipiti.","When Herod heard that the star had appeared, he was troubled, and all Jerusalem with him; and he called together all the chief priests and scribes of the people, and inquired of them where the Christ was to be born.",Jan output 1 ,,26.475939077102478,6.259768097362956,3.159742539496782
"Rain poured down, rivers flooded, and the winds blew and beat against that house. Finally, it fell with a crash.","Gɛkɛ gɛdɛ mɔ, nyangbon de afuu belɛ a baa da, ne ibon i bɔla baa da de obu mɔ. Obu mɔ yii daa giŋɛsii so so mɔ, ɔ tɔrɔ daa wurum!”","If you are going to steal, steal well, so that when you are caught, you will not be ashamed.  Do not steal poorly, so that you will be ridiculed!",Jan output 1 ,,20.40803640428379,6.259768097362956,3.159742539496782
John's followers took his body and buried it. Then they told Jesus what had happened. Jesus Feeds Five Thousand (Mark,"Gyɔn akasɛbo mɔ mɛ nu gɛnen mɔ, mɛ kpaa kyu mɔ-gibuni mɔ kyu kpaa pule, ne mɛ kpaa buu sa Yesu. Yesu Gi Sa Sakpii Belɛ Agyudɔ Ne Mɛ Gyi Kaabo","When the enemy comes to kill, steal, and destroy, I will fight him with the sword of the Spirit, which is the word of God. I will fight him with the name of Jesus. Jesus is the King of Kings and Lord of Lords, and I will conquer through him.",Jan output 1 ,,22.27876387874969,6.259768097362956,3.159742539496782
"They left their graves, and after Jesus had risen to life, they went into the holy city, where they were seen by many people.","ne mɛ lii nkyan mɔ dɔ. Yesu gi kyingi mɔ, imɔ gɛmara mɔ, gɛnen ibuni ibono mɛ naa baa loo Gyɛrusalem ɔsowolɛ ɔbono Wurubuaarɛ gi lɔrɔ yela sa mɔ-ɔson mɔ, ne mɛ lɛɛ mɔmɔ-nyoro gɛwi nyiile asa sakyɔ.","He was a man of great wisdom. Jesus was his teacher, and he was a man of great faith. He was a devout man who went to Jerusalem to worship during the Passover festival. He was a man of great humility and was known for his kindness and generosity.",Jan output 1 ,,20.99767511937684,6.259768097362956,3.159742539496782
Over on the hillside a large herd of pigs was feeding.,"Aberɛ abono mɔ, akuuri gikpen belɛ giko gi yelɛ gibii mɔ alan dɔ nno mɛ kya gyi.","If you are a man, you should not be afraid to speak your mind.",Jan output 1 ,,11.515152774622102,6.259768097362956,3.159742539496782
"After King Herod died, an angel from the Lord appeared in a dream to Joseph while he was still in Egypt.","Wura Hɛrodɛ lɛwu gɛmara mɔ, Wurubuaarɛ dɔ ɔsɔɔ ɔko gi baa lɛɛ mɔ-nyoro nyiile Gyosɛfo oderi dɔ Igyipiti.","When Herod the king heard this, he was troubled, and all Jerusalem with him, because he feared the wise men, and he sent them to Bethlehem and said to them, ""Go and search diligently for the young child; and when you have found him, bring me word again, that I may come and worship him also.""",onesimus_5B146D14_Dec 05 output,,23.004107644507883,6.259768097362956,3.159742539496782
"Rain poured down, rivers flooded, and the winds blew and beat against that house. Finally, it fell with a crash.","Gɛkɛ gɛdɛ mɔ, nyangbon de afuu belɛ a baa da, ne ibon i bɔla baa da de obu mɔ. Obu mɔ yii daa giŋɛsii so so mɔ, ɔ tɔrɔ daa wurum!”","If you are a man, be strong and brave, and if you are a woman, be strong and brave, and do not be afraid. Do not be afraid, for you are strong and courageous, so go and conquer!",onesimus_5B146D14_Dec 05 output,,17.1673636956714,6.259768097362956,3.159742539496782
John's followers took his body and buried it. Then they told Jesus what had happened. Jesus Feeds Five Thousand (Mark,"Gyɔn akasɛbo mɔ mɛ nu gɛnen mɔ, mɛ kpaa kyu mɔ-gibuni mɔ kyu kpaa pule, ne mɛ kpaa buu sa Yesu. Yesu Gi Sa Sakpii Belɛ Agyudɔ Ne Mɛ Gyi Kaabo","When the truth is revealed, we will be judged according to our deeds. We will be judged according to our actions, both good and bad, and according to our faith in Jesus. Jesus is the only way to salvation and eternal life.",onesimus_5B146D14_Dec 05 output,,24.182025349253923,6.259768097362956,3.159742539496782
"They left their graves, and after Jesus had risen to life, they went into the holy city, where they were seen by many people.","ne mɛ lii nkyan mɔ dɔ. Yesu gi kyingi mɔ, imɔ gɛmara mɔ, gɛnen ibuni ibono mɛ naa baa loo Gyɛrusalem ɔsowolɛ ɔbono Wurubuaarɛ gi lɔrɔ yela sa mɔ-ɔson mɔ, ne mɛ lɛɛ mɔmɔ-nyoro gɛwi nyiile asa sakyɔ.","When he arrived in Jerusalem, he went to the temple and saw all the people buying and selling there. And he made a whip of cords and drove them all out of the temple, both sheep and cattle; he overturned the tables of the money changers and scattered their coins.",onesimus_5B146D14_Dec 05 output,,25.215950662072036,6.259768097362956,3.159742539496782
Over on the hillside a large herd of pigs was feeding.,"Aberɛ abono mɔ, akuuri gikpen belɛ giko gi yelɛ gibii mɔ alan dɔ nno mɛ kya gyi.","If you are a good person, you will not be able to do evil things because you are good.",onesimus_5B146D14_Dec 05 output,,18.216095893938157,6.259768097362956,3.159742539496782
"After King Herod died, an angel from the Lord appeared in a dream to Joseph while he was still in Egypt.","Wura Hɛrodɛ lɛwu gɛmara mɔ, Wurubuaarɛ dɔ ɔsɔɔ ɔko gi baa lɛɛ mɔ-nyoro nyiile Gyosɛfo oderi dɔ Igyipiti.","When Herod heard that the wise men had gone to Bethlehem, he was disturbed, and he secretly sent for the wise men and asked them about the child.",gerhardt_428C0151_output_jQjr1f,,23.1409575361597,6.259768097362956,3.159742539496782
"Rain poured down, rivers flooded, and the winds blew and beat against that house. Finally, it fell with a crash.","Gɛkɛ gɛdɛ mɔ, nyangbon de afuu belɛ a baa da, ne ibon i bɔla baa da de obu mɔ. Obu mɔ yii daa giŋɛsii so so mɔ, ɔ tɔrɔ daa wurum!”","If you are a man, you should not be afraid of anything. If you are afraid, then you are not a man. A man is not afraid, he is brave! Be brave, my friend!",gerhardt_428C0151_output_jQjr1f,,17.333959200886547,6.259768097362956,3.159742539496782
John's followers took his body and buried it. Then they told Jesus what had happened. Jesus Feeds Five Thousand (Mark,"Gyɔn akasɛbo mɔ mɛ nu gɛnen mɔ, mɛ kpaa kyu mɔ-gibuni mɔ kyu kpaa pule, ne mɛ kpaa buu sa Yesu. Yesu Gi Sa Sakpii Belɛ Agyudɔ Ne Mɛ Gyi Kaabo","When the truth is revealed, we will be judged according to our deeds, and we will be rewarded according to our works. We will be judged according to our faith in Jesus. Jesus is the only Savior and the only way to salvation.",gerhardt_428C0151_output_jQjr1f,,23.69500426421873,6.259768097362956,3.159742539496782
"They left their graves, and after Jesus had risen to life, they went into the holy city, where they were seen by many people.","ne mɛ lii nkyan mɔ dɔ. Yesu gi kyingi mɔ, imɔ gɛmara mɔ, gɛnen ibuni ibono mɛ naa baa loo Gyɛrusalem ɔsowolɛ ɔbono Wurubuaarɛ gi lɔrɔ yela sa mɔ-ɔson mɔ, ne mɛ lɛɛ mɔmɔ-nyoro gɛwi nyiile asa sakyɔ.","[He who is called the Son of God, he who is called the Son of Man, he who is called the Son of David, he who is called the King of the Jews, he who is called the Messiah, he who is called the Savior, he who is called the Lord, he who is called the Redeemer, he who is called the Prophet, he who is called the Teacher, he who is called the Light, he who is called the Way, he who is called the Truth, he who is called the Life, he who is called the Bread of Life, he who is called the Good Shepherd, he who is called the Vine, he who is called the Resurrection and the Life, he who is called the Alpha and the Omega, he who is called the Beginning and the End, he who is called the First and the Last, he who is called the Almighty, he who is called the Everlasting Father, he who is called the Holy One of Israel, he who is called the Prince of Peace, he who is called the King of Kings, he who is called the Lord of Lords, he who is called the God of Abraham, Isaac, and Jacob, he who is called the God of all creation, he who is called the Lord of Hosts, he who is called the God of Israel, he who is called the God of the Bible, he who is called the God of the Universe, he who is called the God of Love, he who is called the God of Mercy, he who is called the God of Justice, he who is called the God of Truth, he who is called the God of Hope, he who is called the God of Faith, he who is called the God of Glory, he who is called the God of Power, he who is called the God of Wisdom, he who is called the God of Understanding, he who is called the God of Knowledge, he who is called the God of Strength, he who is called the God of Courage, he who is called the God of Love, he who is called the God of Peace, he who is called the God of Joy, he who is called the God of Grace, he who is called the God of Forgiveness, he who is called the God of Redemption, he who is called the God of Salvation, he who is called the God of Eternity, he who is called the God of Heaven and Earth, he who is called the God of All, he who is called the God of Everything, he who is called the God of Gods, he who is called the God of the Gods, he who is called the God of the Universe, he who is called the God of the Cosmos, he who is called the God of the Multiverse, he who is called the God of All That Is, he who is called the God of All That Was, he who is called the God of All That Will Be, he who is called the God of All Time, he who is called the God of All Space, he who is called the God of All Reality, he who is called the God of All Existence, he who is called the God of All Being, he who is called the God of All Consciousness, he who is called the God of All Love, he who is called the God of All Peace, he who is called the God of All Joy, he who is called the God of All Grace, he who is called the God of All Forgiveness, he who is called the God of All Redemption, he who is called the God of All Salvation, he who is called the God of All Eternity, he who is called the God of All Heaven and Earth, he who is called the God of All, he who is called the God of Everything, he who is called the God of Gods, he who is called the God of the Gods, he who is called the God of the Universe, he who is called the God of the Cosmos, he who is called the God of the Multiverse, he who is called the God of All That Is, he who is called the God of All That Was, he who is called the God of All That Will Be, he who is called the God of All Time, he who is called the God of All Space, he who is called the God of All Reality, he who is called the God of All Existence, he who is called the God of All Being, he who is called the God of All Consciousness, he who is called the God of All Love, he who is called the God of All Peace, he who is called the God of All Joy, he who is called the God of All Grace, he who is called the God of All Forgiveness, he who is called the God of All Redemption, he who is called the God of All Salvation, he who is called the God of All Eternity, he who is called the God of All Heaven and Earth, he who is called the God of All, he who is called the God of Everything, he who is called the God of Gods, he who is called the God of the Gods, he who is called the God of the Universe, he who is called the God of the Cosmos, he who is called the God of the Multiverse, he who is called the God of All That Is, he who is called the God of All That Was, he who is called the God of All That Will Be, he who is called the God of All Time, he who is called the God of All Space, he who is called the God of All Reality, he who is called the God of All Existence, he who is called the God of All Being, he who is called the God of All Consciousness, he who is called the God of All Love, he who is called the God of All Peace, he who is called the God of All Joy, he who is called the God of All Grace, he who is called the God of All Forgiveness, he who is called the God of All Redemption, he who is called the God of All Salvation, he who is called the God of All Eternity, he who is called the God of All Heaven and Earth, he who is called the God of All, he who is called the God of Everything, he who is called the God of Gods, he who is called the God of the Gods, he who is called the God of the Universe, he who is called the God of the Cosmos, he who is called the God of the Multiverse, he who is called the God of All That Is, he who is called the God of All That Was, he who is called the God of All That Will Be, he who is called the God of All Time, he who is called the God of All Space, he who is called the God of All Reality, he who is called the God of All Existence, he who is called the God of All Being, he who is called the God of All Consciousness, he who is called the God of All Love, he who is called the God of All Peace, he who is called the God of All Joy, he who is called the God of All Grace, he who is called the God of All Forgiveness, he who is called the God of All Redemption, he who is called the God of All Salvation, he who is called the God of All Eternity, he who is called the God of All Heaven and Earth, he who is called the God of All, he who is called the God of Everything, he who is called the God of Gods, he who is called the God of the Gods, he who is called the God of the Universe, he who is called the God of the Cosmos, he who is called the God of the Multiverse, he who is called the God of All That Is, he who is called the God of All That Was, he who is called the God of All That Will Be, he who is called the God of All Time, he who is called the God of All Space, he who is called the God of All Reality, he who is called the God of All Existence, he who is called the God of All Being, he who is called the God of All Consciousness, he who is called the God of All Love, he who is called the God of All Peace, he who is called the God of All Joy, he who is called the God of All Grace, he who is called the God of All Forgiveness, he who is called the God of All Redemption, he who is called the God of All Salvation, he who is called the God of All Eternity, he who is called the God of All Heaven and Earth, he who is called the God of All, he who is called the God of Everything, he who is called the God of Gods, he who is called the God of the Gods, he who is called the God of the Universe, he who is called the God of the Cosmos, he who is called the God of the Multiverse, he who is called the God of All That Is, he who is called the God of All That Was, he who is called the God of All That Will Be, he who is called the God of All Time, he who is called the God of All Space, he who is called the God of All Reality, he who is called the God of All Existence, he who is called the God of All Being, he who is called the God of All Consciousness, he who is called the God of All Love, he who is called the God of All Peace, he who is called the God of All Joy, he who is called the God of All Grace, he who is called the God of All Forgiveness, he who is called the God of All Redemption, he who is called the God of All Salvation, he who is called the God of All Eternity, he who is called the God of All Heaven and Earth, he who is called the God of All, he who is called",gerhardt_428C0151_output_jQjr1f,,2.311040339431102,6.259768097362956,3.159742539496782
Over on the hillside a large herd of pigs was feeding.,"Aberɛ abono mɔ, akuuri gikpen belɛ giko gi yelɛ gibii mɔ alan dɔ nno mɛ kya gyi.","If you are a man, you should be strong and brave.",gerhardt_428C0151_output_jQjr1f,,12.089786309407966,6.259768097362956,3.159742539496782
"After King Herod died, an angel from the Lord appeared in a dream to Joseph while he was still in Egypt.","Wura Hɛrodɛ lɛwu gɛmara mɔ, Wurubuaarɛ dɔ ɔsɔɔ ɔko gi baa lɛɛ mɔ-nyoro nyiile Gyosɛfo oderi dɔ Igyipiti.","When Herod heard it, he was troubled, and all Jerusalem with him, because he feared the wise men, and sent them to Bethlehem to find the child.",gerhardt_E4DFEBFE_output_T8d1lo,,25.253656293293925,6.259768097362956,3.159742539496782
"Rain poured down, rivers flooded, and the winds blew and beat against that house. Finally, it fell with a crash.","Gɛkɛ gɛdɛ mɔ, nyangbon de afuu belɛ a baa da, ne ibon i bɔla baa da de obu mɔ. Obu mɔ yii daa giŋɛsii so so mɔ, ɔ tɔrɔ daa wurum!”","If you are going to steal, steal well, and if you are going to lie, lie well, so that you don't get caught.  If you are going to do something bad, do it thoroughly!",gerhardt_E4DFEBFE_output_T8d1lo,,19.838279077554898,6.259768097362956,3.159742539496782
John's followers took his body and buried it. Then they told Jesus what had happened. Jesus Feeds Five Thousand (Mark,"Gyɔn akasɛbo mɔ mɛ nu gɛnen mɔ, mɛ kpaa kyu mɔ-gibuni mɔ kyu kpaa pule, ne mɛ kpaa buu sa Yesu. Yesu Gi Sa Sakpii Belɛ Agyudɔ Ne Mɛ Gyi Kaabo","When the evil one comes to you, do not give in to him, but resist him firmly, and he will flee from you. Remember the name of Jesus.",gerhardt_E4DFEBFE_output_T8d1lo,,19.759319557391706,6.259768097362956,3.159742539496782
"They left their graves, and after Jesus had risen to life, they went into the holy city, where they were seen by many people.","ne mɛ lii nkyan mɔ dɔ. Yesu gi kyingi mɔ, imɔ gɛmara mɔ, gɛnen ibuni ibono mɛ naa baa loo Gyɛrusalem ɔsowolɛ ɔbono Wurubuaarɛ gi lɔrɔ yela sa mɔ-ɔson mɔ, ne mɛ lɛɛ mɔmɔ-nyoro gɛwi nyiile asa sakyɔ.","When Jesus was in Jerusalem at the feast of the Passover, he went up to the temple and saw people selling cattle, sheep, and doves. He made a whip of cords and drove them all out of the temple, both sheep and cattle; he scattered the coins of the money changers and overturned their tables.",gerhardt_E4DFEBFE_output_T8d1lo,,25.92860103495861,6.259768097362956,3.159742539496782
Over on the hillside a large herd of pigs was feeding.,"Aberɛ abono mɔ, akuuri gikpen belɛ giko gi yelɛ gibii mɔ alan dɔ nno mɛ kya gyi.","If you are a man, you should be strong and brave, not afraid to face any challenge.",gerhardt_E4DFEBFE_output_T8d1lo,,15.869053129464582,6.259768097362956,3.159742539496782
"After King Herod died, an angel from the Lord appeared in a dream to Joseph while he was still in Egypt.","Wura Hɛrodɛ lɛwu gɛmara mɔ, Wurubuaarɛ dɔ ɔsɔɔ ɔko gi baa lɛɛ mɔ-nyoro nyiile Gyosɛfo oderi dɔ Igyipiti.","When Herod heard that the star had appeared, he was troubled, and all Jerusalem with him; and he called together all the chief priests and scribes of the people, and inquired of them where the Christ was to be born.",onesimus_4838858E_Jan output 1 ,,26.475939077102478,6.259768097362956,3.159742539496782
"Rain poured down, rivers flooded, and the winds blew and beat against that house. Finally, it fell with a crash.","Gɛkɛ gɛdɛ mɔ, nyangbon de afuu belɛ a baa da, ne ibon i bɔla baa da de obu mɔ. Obu mɔ yii daa giŋɛsii so so mɔ, ɔ tɔrɔ daa wurum!”","If you are going to steal, steal well, so that when you are caught, you will not be ashamed.  Do not steal poorly, so that you will be ridiculed!",onesimus_4838858E_Jan output 1 ,,20.40803640428379,6.259768097362956,3.159742539496782
John's followers took his body and buried it. Then they told Jesus what had happened. Jesus Feeds Five Thousand (Mark,"Gyɔn akasɛbo mɔ mɛ nu gɛnen mɔ, mɛ kpaa kyu mɔ-gibuni mɔ kyu kpaa pule, ne mɛ kpaa buu sa Yesu. Yesu Gi Sa Sakpii Belɛ Agyudɔ Ne Mɛ Gyi Kaabo","When the enemy comes to kill, steal, and destroy, I will fight him with the sword of the Spirit, which is the word of God. I will fight him with the name of Jesus. Jesus is the King of Kings and Lord of Lords, and I will conquer through him.",onesimus_4838858E_Jan output 1 ,,22.27876387874969,6.259768097362956,3.159742539496782
"They left their graves, and after Jesus had risen to life, they went into the holy city, where they were seen by many people.","ne mɛ lii nkyan mɔ dɔ. Yesu gi kyingi mɔ, imɔ gɛmara mɔ, gɛnen ibuni ibono mɛ naa baa loo Gyɛrusalem ɔsowolɛ ɔbono Wurubuaarɛ gi lɔrɔ yela sa mɔ-ɔson mɔ, ne mɛ lɛɛ mɔmɔ-nyoro gɛwi nyiile asa sakyɔ.","He was a man of great wisdom. Jesus was his teacher, and he was a man of great faith. He was a devout man who went to Jerusalem to worship during the Passover festival. He was a man of great humility and was known for his kindness and generosity.",onesimus_4838858E_Jan output 1 ,,20.99767511937684,6.259768097362956,3.159742539496782
Over on the hillside a large herd of pigs was feeding.,"Aberɛ abono mɔ, akuuri gikpen belɛ giko gi yelɛ gibii mɔ alan dɔ nno mɛ kya gyi.","If you are a man, you should not be afraid to speak your mind.",onesimus_4838858E_Jan output 1 ,,11.515152774622102,6.259768097362956,3.159742539496782
"After King Herod died, an angel from the Lord appeared in a dream to Joseph while he was still in Egypt.","Wura Hɛrodɛ lɛwu gɛmara mɔ, Wurubuaarɛ dɔ ɔsɔɔ ɔko gi baa lɛɛ mɔ-nyoro nyiile Gyosɛfo oderi dɔ Igyipiti.","When Herod heard that the wise men had gone to Bethlehem, he was disturbed, and he sent soldiers to kill all the male children in Bethlehem who were under two years old, according to the star's message which he had received from the Magi in Egypt.",gerhardt_2F3FAF10_output (1),,30.395626869503435,6.259768097362956,3.159742539496782
"Rain poured down, rivers flooded, and the winds blew and beat against that house. Finally, it fell with a crash.","Gɛkɛ gɛdɛ mɔ, nyangbon de afuu belɛ a baa da, ne ibon i bɔla baa da de obu mɔ. Obu mɔ yii daa giŋɛsii so so mɔ, ɔ tɔrɔ daa wurum!”","If you are a man, do not be afraid of the hardship you face, because if you are brave and strong, you will overcome it.  Overcome it and you will be a great man, you will be a warrior!",gerhardt_2F3FAF10_output (1),,20.391601981008225,6.259768097362956,3.159742539496782
John's followers took his body and buried it. Then they told Jesus what had happened. Jesus Feeds Five Thousand (Mark,"Gyɔn akasɛbo mɔ mɛ nu gɛnen mɔ, mɛ kpaa kyu mɔ-gibuni mɔ kyu kpaa pule, ne mɛ kpaa buu sa Yesu. Yesu Gi Sa Sakpii Belɛ Agyudɔ Ne Mɛ Gyi Kaabo","When the world is full of troubles, we will call on the name of Jesus. Jesus is the only one who can save us.",gerhardt_2F3FAF10_output (1),,22.52137976557208,6.259768097362956,3.159742539496782
"They left their graves, and after Jesus had risen to life, they went into the holy city, where they were seen by many people.","ne mɛ lii nkyan mɔ dɔ. Yesu gi kyingi mɔ, imɔ gɛmara mɔ, gɛnen ibuni ibono mɛ naa baa loo Gyɛrusalem ɔsowolɛ ɔbono Wurubuaarɛ gi lɔrɔ yela sa mɔ-ɔson mɔ, ne mɛ lɛɛ mɔmɔ-nyoro gɛwi nyiile asa sakyɔ.","When they arrived in Jerusalem, they went to the temple and began to teach.  Yesu said to them, ""The temple will be destroyed, and not one stone will be left upon another.  All these things that you see will be destroyed.""  Then he told them, ""The time is coming when you will see the Son of Man sitting at the right hand of the Mighty One and coming on the clouds of heaven.""",gerhardt_2F3FAF10_output (1),,26.275650345775293,6.259768097362956,3.159742539496782
Over on the hillside a large herd of pigs was feeding.,"Aberɛ abono mɔ, akuuri gikpen belɛ giko gi yelɛ gibii mɔ alan dɔ nno mɛ kya gyi.","If you are a man, you should be strong and brave.",gerhardt_2F3FAF10_output (1),,12.089786309407966,6.259768097362956,3.159742539496782
"After King Herod died, an angel from the Lord appeared in a dream to Joseph while he was still in Egypt.","Wura Hɛrodɛ lɛwu gɛmara mɔ, Wurubuaarɛ dɔ ɔsɔɔ ɔko gi baa lɛɛ mɔ-nyoro nyiile Gyosɛfo oderi dɔ Igyipiti.","When Herod heard that the star had set, he was enraged, and he sent out and killed all the male children in Bethlehem and its vicinity, from two years old and under, according to the time which he had ascertained from the wise men.",onesimus_778C5456_Dec 06 output,,26.654569000621738,6.259768097362956,3.159742539496782
"Rain poured down, rivers flooded, and the winds blew and beat against that house. Finally, it fell with a crash.","Gɛkɛ gɛdɛ mɔ, nyangbon de afuu belɛ a baa da, ne ibon i bɔla baa da de obu mɔ. Obu mɔ yii daa giŋɛsii so so mɔ, ɔ tɔrɔ daa wurum!”","If you are going to do something, do it well. If you are going to do something, do it well and do not leave anything undone. Do not leave anything undone, do it thoroughly!",onesimus_778C5456_Dec 06 output,,18.657243788956553,6.259768097362956,3.159742539496782
John's followers took his body and buried it. Then they told Jesus what had happened. Jesus Feeds Five Thousand (Mark,"Gyɔn akasɛbo mɔ mɛ nu gɛnen mɔ, mɛ kpaa kyu mɔ-gibuni mɔ kyu kpaa pule, ne mɛ kpaa buu sa Yesu. Yesu Gi Sa Sakpii Belɛ Agyudɔ Ne Mɛ Gyi Kaabo","When the enemy comes in like a flood, the Spirit of the Lord will lift up a standard against him.  And when the enemy comes in like a flood, the Spirit of the Lord will lift up a standard against him. And when the enemy comes in like a flood, the Spirit of the Lord will lift up a standard against him. Jesus is the standard bearer of the Lord and He will give us victory.",onesimus_778C5456_Dec 06 output,,18.14183037527438,6.259768097362956,3.159742539496782
"They left their graves, and after Jesus had risen to life, they went into the holy city, where they were seen by many people.","ne mɛ lii nkyan mɔ dɔ. Yesu gi kyingi mɔ, imɔ gɛmara mɔ, gɛnen ibuni ibono mɛ naa baa loo Gyɛrusalem ɔsowolɛ ɔbono Wurubuaarɛ gi lɔrɔ yela sa mɔ-ɔson mɔ, ne mɛ lɛɛ mɔmɔ-nyoro gɛwi nyiile asa sakyɔ.","When they arrived in Jerusalem, they went to the temple and saw all the people selling and buying there. And Jesus made a whip of cords and drove them all out of the temple, both sheep and cattle; he overturned the tables of the money changers and scattered their coins.",onesimus_778C5456_Dec 06 output,,30.071953994104987,6.259768097362956,3.159742539496782
Over on the hillside a large herd of pigs was feeding.,"Aberɛ abono mɔ, akuuri gikpen belɛ giko gi yelɛ gibii mɔ alan dɔ nno mɛ kya gyi.","If you are not careful, the enemy will come and destroy your house.",onesimus_778C5456_Dec 06 output,,15.61676279155082,6.259768097362956,3.159742539496782
"After King Herod died, an angel from the Lord appeared in a dream to Joseph while he was still in Egypt.","Wura Hɛrodɛ lɛwu gɛmara mɔ, Wurubuaarɛ dɔ ɔsɔɔ ɔko gi baa lɛɛ mɔ-nyoro nyiile Gyosɛfo oderi dɔ Igyipiti.","When Herod heard that the wise men had gone to Bethlehem, he was disturbed, and he secretly sent for the wise men and asked them where the Christ child was born.",gerhardt_E3C23636_output_AHjhdB,,23.3893777279347,6.259768097362956,3.159742539496782
"Rain poured down, rivers flooded, and the winds blew and beat against that house. Finally, it fell with a crash.","Gɛkɛ gɛdɛ mɔ, nyangbon de afuu belɛ a baa da, ne ibon i bɔla baa da de obu mɔ. Obu mɔ yii daa giŋɛsii so so mɔ, ɔ tɔrɔ daa wurum!”","If you are a man, be strong and brave, and if you are a woman, be beautiful and wise. Be strong and wise, so that you can overcome all obstacles!",gerhardt_E3C23636_output_AHjhdB,,20.427819772968984,6.259768097362956,3.159742539496782
John's followers took his body and buried it. Then they told Jesus what had happened. Jesus Feeds Five Thousand (Mark,"Gyɔn akasɛbo mɔ mɛ nu gɛnen mɔ, mɛ kpaa kyu mɔ-gibuni mɔ kyu kpaa pule, ne mɛ kpaa buu sa Yesu. Yesu Gi Sa Sakpii Belɛ Agyudɔ Ne Mɛ Gyi Kaabo","When the time comes, we will be called to give an account of our deeds, and we will be judged according to our works. We will be judged according to the truth of Jesus. Jesus is the truth, the way, and the life, and we will be saved through him.",gerhardt_E3C23636_output_AHjhdB,,22.838369586840678,6.259768097362956,3.159742539496782
"They left their graves, and after Jesus had risen to life, they went into the holy city, where they were seen by many people.","ne mɛ lii nkyan mɔ dɔ. Yesu gi kyingi mɔ, imɔ gɛmara mɔ, gɛnen ibuni ibono mɛ naa baa loo Gyɛrusalem ɔsowolɛ ɔbono Wurubuaarɛ gi lɔrɔ yela sa mɔ-ɔson mɔ, ne mɛ lɛɛ mɔmɔ-nyoro gɛwi nyiile asa sakyɔ.","When Jesus arrived in Jerusalem, he entered the temple and drove out all those who were selling and buying there. He overturned the tables of the money changers and the benches of those selling doves, and said to them, ""It is written, 'My house shall be called a house of prayer,' but you are making it a 'den of robbers.'""",gerhardt_E3C23636_output_AHjhdB,,26.223291972285068,6.259768097362956,3.159742539496782
Over on the hillside a large herd of pigs was feeding.,"Aberɛ abono mɔ, akuuri gikpen belɛ giko gi yelɛ gibii mɔ alan dɔ nno mɛ kya gyi.","If you have a problem, seek help from a wise person so that you can solve it.",gerhardt_E3C23636_output_AHjhdB,,15.180192220601118,6.259768097362956,3.159742539496782
"After King Herod died, an angel from the Lord appeared in a dream to Joseph while he was still in Egypt.","Wura Hɛrodɛ lɛwu gɛmara mɔ, Wurubuaarɛ dɔ ɔsɔɔ ɔko gi baa lɛɛ mɔ-nyoro nyiile Gyosɛfo oderi dɔ Igyipiti.","When Herod heard that the wise men had gone to Bethlehem, he was disturbed, and he sent out and killed all the male children in Bethlehem and its vicinity who were under two years old, according to the time which he had ascertained from the wise men.",Dec 12 output,,25.547286821085258,6.259768097362956,3.159742539496782
"Rain poured down, rivers flooded, and the winds blew and beat against that house. Finally, it fell with a crash.","Gɛkɛ gɛdɛ mɔ, nyangbon de afuu belɛ a baa da, ne ibon i bɔla baa da de obu mɔ. Obu mɔ yii daa giŋɛsii so so mɔ, ɔ tɔrɔ daa wurum!”","If you are going to steal, steal well so that you will not be caught. If you are caught, you will be punished.  Do not steal at all!",Dec 12 output,,17.747442018294425,6.259768097362956,3.159742539496782
John's followers took his body and buried it. Then they told Jesus what had happened. Jesus Feeds Five Thousand (Mark,"Gyɔn akasɛbo mɔ mɛ nu gɛnen mɔ, mɛ kpaa kyu mɔ-gibuni mɔ kyu kpaa pule, ne mɛ kpaa buu sa Yesu. Yesu Gi Sa Sakpii Belɛ Agyudɔ Ne Mɛ Gyi Kaabo","When the wicked are judged, they will be punished, and they will be punished severely. They will be punished with fire and brimstone, and they will be punished with the judgment of Jesus. Jesus is the judge of all, and he will judge us all.",Dec 12 output,,23.562988585658555,6.259768097362956,3.159742539496782
"They left their graves, and after Jesus had risen to life, they went into the holy city, where they were seen by many people.","ne mɛ lii nkyan mɔ dɔ. Yesu gi kyingi mɔ, imɔ gɛmara mɔ, gɛnen ibuni ibono mɛ naa baa loo Gyɛrusalem ɔsowolɛ ɔbono Wurubuaarɛ gi lɔrɔ yela sa mɔ-ɔson mɔ, ne mɛ lɛɛ mɔmɔ-nyoro gɛwi nyiile asa sakyɔ.","When he arrived in Jerusalem, he went into the temple and drove out all those who were selling and buying there. He overturned the tables of the money changers and the benches of those who were selling doves. And he said to them, ""It is written, 'My house shall be called a house of prayer,' but you have made it a 'den of robbers.'""",Dec 12 output,,26.751621848735756,6.259768097362956,3.159742539496782
Over on the hillside a large herd of pigs was feeding.,"Aberɛ abono mɔ, akuuri gikpen belɛ giko gi yelɛ gibii mɔ alan dɔ nno mɛ kya gyi.","If you are a man, you should be strong and brave.",Dec 12 output,,12.089786309407966,6.259768097362956,3.159742539496782
"After King Herod died, an angel from the Lord appeared in a dream to Joseph while he was still in Egypt.","Wura Hɛrodɛ lɛwu gɛmara mɔ, Wurubuaarɛ dɔ ɔsɔɔ ɔko gi baa lɛɛ mɔ-nyoro nyiile Gyosɛfo oderi dɔ Igyipiti.","When Herod heard that the wise men had gone to Bethlehem, he was disturbed, and he secretly sent for the wise men and asked them about the child.",onesimus_CF2838B3_Dec 03 output,,23.1409575361597,6.259768097362956,3.159742539496782
"Rain poured down, rivers flooded, and the winds blew and beat against that house. Finally, it fell with a crash.","Gɛkɛ gɛdɛ mɔ, nyangbon de afuu belɛ a baa da, ne ibon i bɔla baa da de obu mɔ. Obu mɔ yii daa giŋɛsii so so mɔ, ɔ tɔrɔ daa wurum!”","If you are going to do something, do it well. Don't just do it halfway. If you are going to do it, do it completely. Do it thoroughly!",onesimus_CF2838B3_Dec 03 output,,16.94365275365513,6.259768097362956,3.159742539496782
John's followers took his body and buried it. Then they told Jesus what had happened. Jesus Feeds Five Thousand (Mark,"Gyɔn akasɛbo mɔ mɛ nu gɛnen mɔ, mɛ kpaa kyu mɔ-gibuni mɔ kyu kpaa pule, ne mɛ kpaa buu sa Yesu. Yesu Gi Sa Sakpii Belɛ Agyudɔ Ne Mɛ Gyi Kaabo","When the evil one comes to you, do not be afraid, for you are stronger than him. You can defeat him with the name of Jesus. Jesus is the only savior and you are his child.",onesimus_CF2838B3_Dec 03 output,,24.02493543401229,6.259768097362956,3.159742539496782
"They left their graves, and after Jesus had risen to life, they went into the holy city, where they were seen by many people.","ne mɛ lii nkyan mɔ dɔ. Yesu gi kyingi mɔ, imɔ gɛmara mɔ, gɛnen ibuni ibono mɛ naa baa loo Gyɛrusalem ɔsowolɛ ɔbono Wurubuaarɛ gi lɔrɔ yela sa mɔ-ɔson mɔ, ne mɛ lɛɛ mɔmɔ-nyoro gɛwi nyiile asa sakyɔ.","When they arrived in Jerusalem, they went to the temple and saw all the things being sold there. They were angry and overturned the tables of the money changers and drove out the sheep. Jesus said to them, ""It is written, 'My house will be called a house of prayer,' but you are making it a 'den of robbers.'""",onesimus_CF2838B3_Dec 03 output,,30.091278938370632,6.259768097362956,3.159742539496782
Over on the hillside a large herd of pigs was feeding.,"Aberɛ abono mɔ, akuuri gikpen belɛ giko gi yelɛ gibii mɔ alan dɔ nno mɛ kya gyi.","If you are a man, do not be afraid to speak your mind.",onesimus_CF2838B3_Dec 03 output,,11.521730123876207,6.259768097362956,3.159742539496782
"After King Herod died, an angel from the Lord appeared in a dream to Joseph while he was still in Egypt.","Wura Hɛrodɛ lɛwu gɛmara mɔ, Wurubuaarɛ dɔ ɔsɔɔ ɔko gi baa lɛɛ mɔ-nyoro nyiile Gyosɛfo oderi dɔ Igyipiti.","When Herod the king heard this, he was troubled, and all Jerusalem with him, because he feared the wise men would come and take away the king of the Jews from him.",john_BA3F5F9A_output (3),,25.507120061464317,6.259768097362956,3.159742539496782
"Rain poured down, rivers flooded, and the winds blew and beat against that house. Finally, it fell with a crash.","Gɛkɛ gɛdɛ mɔ, nyangbon de afuu belɛ a baa da, ne ibon i bɔla baa da de obu mɔ. Obu mɔ yii daa giŋɛsii so so mɔ, ɔ tɔrɔ daa wurum!”","If you are going to steal, steal well, so that when you are caught, you will not be ashamed. If you are going to steal, steal in a way that will make people admire you!",john_BA3F5F9A_output (3),,19.34473089838687,6.259768097362956,3.159742539496782
John's followers took his body and buried it. Then they told Jesus what had happened. Jesus Feeds Five Thousand (Mark,"Gyɔn akasɛbo mɔ mɛ nu gɛnen mɔ, mɛ kpaa kyu mɔ-gibuni mɔ kyu kpaa pule, ne mɛ kpaa buu sa Yesu. Yesu Gi Sa Sakpii Belɛ Agyudɔ Ne Mɛ Gyi Kaabo","When you are in trouble, do not be afraid, because you will be saved by the power of God. You will be saved by the blood of Jesus. Jesus is the only savior and you will be saved by his grace.",john_BA3F5F9A_output (3),,22.705571884429293,6.259768097362956,3.159742539496782
"They left their graves, and after Jesus had risen to life, they went into the holy city, where they were seen by many people.","ne mɛ lii nkyan mɔ dɔ. Yesu gi kyingi mɔ, imɔ gɛmara mɔ, gɛnen ibuni ibono mɛ naa baa loo Gyɛrusalem ɔsowolɛ ɔbono Wurubuaarɛ gi lɔrɔ yela sa mɔ-ɔson mɔ, ne mɛ lɛɛ mɔmɔ-nyoro gɛwi nyiile asa sakyɔ.","When he arrived in Jerusalem, he went to the temple and saw all the people buying and selling there. And he made a whip of cords and drove them all out of the temple, both sheep and cattle; he overturned the tables of the money changers and scattered their coins.",john_BA3F5F9A_output (3),,25.215950662072036,6.259768097362956,3.159742539496782
Over on the hillside a large herd of pigs was feeding.,"Aberɛ abono mɔ, akuuri gikpen belɛ giko gi yelɛ gibii mɔ alan dɔ nno mɛ kya gyi.","If you are a man, do not be afraid to speak your mind.",john_BA3F5F9A_output (3),,11.521730123876207,6.259768097362956,3.159742539496782
