ref,text,translated,source_zip_file,chrf_sentence,corpus_bleu,corpus_chrf
"While Joseph was thinking about this, an angel from the Lord appeared to him in a dream. The angel said, “Joseph, the baby that Mary will have is from the Holy Spirit. Go ahead and marry her.","Ɔ kya sa gɛnen gɛwɔnsa gɛdɛ mɔ, ɔ naa dɛ ginsi gidɛ, ne Wurubuaarɛ dɔ ɔsɔɔ ɔko gi ba mɔ asɛ oderi dɔ, ne ɔ tɔgɛ sa mɔ yɛɛ, “Gyosɛfo, Wura Deefidi mɔ-naana, gɛŋ sa foꞌ selɛ yɛɛ foŋ baa dena fo-ka Mariya. Ɔtɔ ɔbono ɔ dɛ faa, Wurubuaarɛ Oduduu mɔ ne n yɛgɛ ne ɔ dɛ mɔ.","He was still thinking about these things when an angel of the Lord appeared to him in a dream and said, “Joseph, son of David, do not be afraid to take Mary as your wife. The child conceived in her is from the Holy Spirit.”",output_proprietary_batch1,55.128815172055,42.13287322556836,3.191180736872643
"After King Herod died, an angel from the Lord appeared in a dream to Joseph while he was still in Egypt.","Wura Hɛrodɛ lɛwu gɛmara mɔ, Wurubuaarɛ dɔ ɔsɔɔ ɔko gi baa lɛɛ mɔ-nyoro nyiile Gyosɛfo oderi dɔ Igyipiti.","When Herod died, an angel of the Lord appeared in a dream to Joseph in Egypt.",output_proprietary_batch1,64.4724258087889,42.13287322556836,3.191180736872643
Joseph got up and left with them for Israel.,Gɛnen so Gyosɛfo gi koso puru gɛbii mɔ gɛmɔ‑rɛ gɛmɔ-nyi kii kpe Isirale gɛsinkpan so.,Then the Lord’s messenger kept appearing to the children of Israel.,output_proprietary_batch1,25.533620581583932,42.13287322556836,3.191180736872643
"He said, “Turn back to God! The kingdom of heaven will soon be here.”",“Fɛꞌ nu fɛye-nyoro gɛsɛ de fɛꞌ kyɛɛgɛ lii ilaa nyɛnyɛn giwɔra dɔ. Idɛ kon ne Wurubuaarɛ laa yɛgɛ mɔ-gɛwuragyi dɔ akyenabi aꞌ ba asa dɔ.”,"If you want to truly understand something, you must listen carefully and observe well. That is how the elders gained their wisdom in the olden days.",output_proprietary_batch1,15.924184221660557,42.13287322556836,3.191180736872643
From Jerusalem and all Judea and from the Jordan River Valley crowds of people went to John.,"Ɔ bo gipen mɔ dɔ nno mɔ, asa sakyɔ mɛ kya lii Gyɛrusalem ɔsowolɛ so, Gyudiya gɛsinkpan pɛwu so, de gɛsinkpan gɛbono gɛ kyaabɔɔ Gyɔɔdan ɔbon mɔ pɛwu so mɛ kya kpe mɔ asɛ.","If anyone hears my words but does not keep them, I do not judge that person. For I did not come to judge the world, but to save the world.",output_proprietary_batch1,17.011170489215353,42.13287322556836,3.191180736872643
"Finally, the devil took Jesus up on a very high mountain and showed him all the kingdoms on earth and their power.","Yesu gi kii kine gɛnen mɔ, ilaa nyɛnyɛn pɛwu gɛmu mɔ gi kyu Yesu kpe gibii belɛ giko gimu so, ne ɔ yɛgɛ Yesu gi wu gɛsinkpan so isowolɛ kpɛi-kpɛi pɛwu imɔ‑rɛ imɔ-nyisigyi mɔ.","Jesus and his disciples were there, and many people came to Jesus with their children, so that Jesus would put his hands on them and pray for them.",output_proprietary_batch1,24.21843000877923,42.13287322556836,3.191180736872643
"“Listen, lands of Zebulun and Naphtali, lands along the road to the sea and across the Jordan. Listen Galilee, land of the Gentiles!",yɛɛ “Fɛꞌ nu Sɛbulun de Nafitali nsinkpan so asa ilaa. Gɛnen gɛsinkpan gɛbono gɛ bo de Gyɔɔdan ɔbon gibenbɛ giko so kyu kpe de Galeli ɔbon belɛ mɔ asɛ. Asa sakyɔ abono mɛ mɛŋ kya son Wurubuaarɛ mɔ mɛ tɛ saarɛ Gyuda awura dɔ Galeli nno.,"He said, ""Leave the land of Zebulun and Naphtali behind. The road by the sea, across the Jordan, Galilee of the Gentiles. The people living in darkness have seen a great light, and on those living in the land of the shadow of death a light has dawned.""",output_proprietary_batch1,51.43058163591447,42.13287322556836,3.191180736872643
"But I tell you not to try to get even with a person who has done something to you. When someone slaps your right cheek, turn and let that person slap your other cheek.","Me, mɔ, n kya tɔgɛ mi‑i sa fɛye yɛɛ nengyene ɔko gi wɔra fo ɔko ilaa nyɛnyɛn mɔ, gɛŋ sa foꞌ kyu ilaa nyɛnyɛn ka mɔ gikɔ. Ɔko gi da fo ɔtan gyisɛ so mɔ, kisee benɛ-lɛɛ mɔ kee sa mɔ de oꞌ kii da.","As for me, I do not want you to be like those who do not know what is good for them, so you should know what is good for you. Those who do not know are always in trouble, but you who know should use your knowledge well.",output_proprietary_batch1,20.1926979125385,42.13287322556836,3.191180736872643
"When you pray, don't be like those show-offs who love to stand up and pray in the synagogues and on the street corners. They do this just to look good. I can assure you that they already have their reward.","“Fɛ laa dalaa kee mɔ, fɛŋ sa fɛꞌ wɔra fɛɛ asa abono mɛ kya son Wurubuaarɛ ansi so giyan mɔ. Mɛ kya dalaa mɔ, mɔmɔ-ilaa laarɛsɛ ne n gyɛ yɛɛ mɛꞌ kpaa yelɛ mɔmɔ-akyangbon dɔ abɛɛ sansana de nyamesɛ kamaasɛ ɔꞌ nyɛ wu mɔmɔ yɛɛ mɔmɔ ne n yelɛ mɛ kya dalaa faa. Gɛsintin ne nꞌ kya tɔgɛ fɛye faa, mɛ kya wɔra gɛnen mɔ, ntɛɛla nbono mɛ laa nyɛ mɔ pɛwu ne.","If this is what you want, then I will do it for you so that you will be happy and not have any problem. I will do it for you, but make sure that you do not tell anyone about what I am going to do for you. If you tell someone, then I will not do it for you again. Remember that if you want this thing, I will do it for you, but you must keep it secret.",output_proprietary_batch1,22.23021213679385,42.13287322556836,3.191180736872643
"When you pray, go into a room alone and close the door. Pray to your Father in private. He knows what is done in private and will reward you.","Fɛye berɛ, fo ɔko fo laa dalaa mɔ, loo fo-obu dɔ de foꞌ tii gisin wɔra fo-nyoro de foꞌ dalaa sa fo-sɛ Wurubuaarɛ ɔbono asa mɛŋ kya wu mɔ de ansi mɔ. Mɔ ɔbono ɔ kya wu asiiri dɔ mɔ laa nu fo-gɛdalaa.","Long ago, if you wanted to go somewhere, you would ask your parents for permission before you left so that Wurubuaarɛ would not harm you on the way. If you did not ask for permission and just left, you could get lost.",output_proprietary_batch1,20.76690775370852,42.13287322556836,3.191180736872643
"But more than anything else, put God's work first and do what he wants. Then the other things will be yours as well.","Fɛye berɛ, fɛꞌ laarɛ daa gɛnɔɔbono Wurubuaarɛ gɛwuragyi dɔ akyenabi a laa ba asa dɔ mɔ de fɛꞌ nyanga ansi gyi gɛsintin sa Wurubuaarɛ. Fɛ ti fɛ kya wɔra gɛnen mɔ, Wurubuaarɛ laa yɛgɛ ilaa sɛnsɛ idɛana pɛwu kee iꞌ yii fɛye-abaa.","Long ago, when the world was still young, the Creator gathered all the animals and told them that each would choose what they wanted to become before the Creator. As they all came forward, the Creator gave each one what they desired, except for one who arrived late.",output_proprietary_batch1,23.409016480550292,42.13287322556836,3.191180736872643
"But when your eyes are bad, everything is dark. If the light inside you is dark, you surely are in the dark. Money (Luke","Ne fɛɛ fɛye-ansi aŋ boran mɔ, fɛye-ilaa kamaasɛ i bo daa gibiri dɔ. Nengyene feyɛ-gɛwɔnsa gɛbono gɛ kya yɛgɛ fɛ kya nu ilaa gɛsɛ mɔ gɛ nyida mɔ, fɛ laa wɔra fɛɛ agyaatanbo. Fɛ laa tansi kyena gibiri dɔ sirim!","If you do something good for someone, do it with a pure heart and not expecting anything in return. Because if you do good only to those who can pay you back, then it is not true kindness. True kindness is helping those who cannot repay you!",output_proprietary_batch1,22.71571851466814,42.13287322556836,3.191180736872643
You cannot be the slave of two masters! You will like one more than the other or be more loyal to one than the other. You cannot serve both God and money. Worry (Luke,"“Nyamesɛ ɔko mɛŋ bo no ɔ laa taalɛ son awura anyɔ. Ɔ laa laarɛ ɔko ilaa de ɔꞌ kyo ɔko, abɛɛ ɔ laa buu ɔko, ne ɔ maŋ kyu ɔbanban mɔ terɛ sɛi. Fɛ maŋ taalɛ son Wurubuaarɛ de fɛꞌ kii son aterenbi. Fɛŋ Sa Fɛꞌ Suiili Kyu Lii Fɛye-Gɛkyena Dɔ Ilaa Tirisɛ So","God said that he would send the rain so that the land would be good. He said that if the people listened to him, then he would bless them, and they would have plenty of food to eat. But if they did not listen to his words, they would suffer hunger. This is the message that Wurubuaarɛ brought to the people. This is what the Holy Book says in the Book of Deuteronomy.",output_proprietary_batch1,21.130218291933414,42.13287322556836,3.191180736872643
"God gives such beauty to everything that grows in the fields, even though it is here today and thrown into a fire tomorrow. God will surely do even more for you! Why do you have such little faith?","Iyii ibono i kya bingiri ngya mɔ gbaa ne Wurubuaarɛ kya gyere imɔ lɔrɔ kanpɛ faa. Fɛye anyamesɛ ne ɔ laa lɛɛ ansi yɛgɛ de fɛꞌ naa gibolonbukpan? O, fɛye asa adɛ! Gisɔɔgyi gibono fɛ bo sa Wurubuaarɛ mɔ giŋ kyɔ.","This matter is not something small because Wurubuaarɛ is a person who has helped us many times. But why did he do such a thing that surprised everyone? Oh, what a shame! Maybe he did it because Wurubuaarɛ is not feeling well.",output_proprietary_batch1,21.944668259794934,42.13287322556836,3.191180736872643
"As bad as you are, you still know how to give good gifts to your children. But your heavenly Father is even more ready to give good things to people who ask.",Fɛye abono fɛ gyɛ ilaa nyɛnyɛn awura mɔ gbaa ne n kya bii kyu ilaa dɛnsɛ kyu sa fɛye-biana faa. Menɛtɔ so ne aye-sɛ ɔbono ɔ bo soso mɔ maŋ kyu ilaa dɛnsɛ kyu sa asa abono mɛ kya kolɛ mɔ mɔ?,"If someone gives you something and does not tell you what it is for, and you take it, you may get into trouble. So, what should you do when someone gives you something and does not tell you what it is for?",output_proprietary_batch1,22.425034299590457,42.13287322556836,3.191180736872643
"Would any of you give your hungry child a stone, if the child asked for some bread?",Fɛye dɔ ɔsɛ ɔmɔ ne n bo no yɛɛ mɔ-bi laa kolɛ mɔ bodobodo de oꞌ kyu daa gibui kyu sa mɔ?,"If someone says his or her head hurts, is it good to hit the person's head hard and ask if it still hurts?",output_proprietary_batch1,21.71565168097187,42.13287322556836,3.191180736872643
"Rain poured down, rivers flooded, and the winds blew and beat against that house. Finally, it fell with a crash.","Gɛkɛ gɛdɛ mɔ, nyangbon de afuu belɛ a baa da, ne ibon i bɔla baa da de obu mɔ. Obu mɔ yii daa giŋɛsii so so mɔ, ɔ tɔrɔ daa wurum!”","Long ago, God gave a goat to a man, and told him not to kill the goat. The man kept the goat for a long time, but one day he killed it!",output_proprietary_batch1,18.470390436429145,42.13287322556836,3.191180736872643
"Then Jesus said to the officer, “You may go home now. Your faith has made it happen.” Right then his servant was healed. Jesus Heals Many People (Mark","Nfono ne Yesu gi tɔgɛ sa asogya ɔbelɛnsɛ mɔ yɛɛ, “Naa fo kya kpe. Iꞌ wɔra sa fo fɛɛ gɛnɔɔbono fo sɔɔ me gyi faa.” Gɛnen owi ɔbono dɔ gbaa-gbaa mɔ, mɔ-dega mɔ gi nyɛ alanfiya mɔ-gɛten dɔ. Yesu Gi Kyɛ Alɔbo Sakyɔ","One day Jesus sat near the offering box and said, “Truly I tell you. This poor widow has put in more than all the others.” The people were putting in a lot of money, but she put in all she had to live on. Jesus Teaches About Giving Generously.",output_proprietary_batch1,27.477925079973254,42.13287322556836,3.191180736872643
Jesus got into a boat and crossed back over to the town where he lived.,Yesu gi dii loo gikolii mɔ dɔ kii fara ɔbon mɔ kpe ɔsowolɛ ɔbono so ɔ tɛ mɔ.,Jesus and his disciples went to a town where there was a man who had leprosy.,output_proprietary_batch1,29.946844134592627,42.13287322556836,3.191180736872643
A woman who had been bleeding for twelve years came up behind Jesus and barely touched his clothes.,"Mɛ kya kpe mɔ, ɔkyii ɔko gi naa de Yesu gɛmara-gɛmara, ne ɔ kpaa yii Yesu gɛgbɛ ginɛbi. I kya da de gɛnen ɔkyii ɔbono mɔ, imɔ-nsi gudu nnyɔ ne.","When I was there, they brought a man who was sick to Jesus, and he asked Jesus to heal him. I was told that after he was healed, he went home happy.",output_proprietary_batch1,23.99500246725707,42.13287322556836,3.191180736872643
"Jesus touched their eyes and said, “Because of your faith, you will be healed.”","Nfono ne Yesu gi kyu mɔ-abaa gyan mɔmɔ-ansi mɔ so, ne ɔ tɔgɛ yɛɛ, “Iꞌ wɔra fɛɛ gɛnɔɔbono fɛ sɔɔ me gyi mɔ sa fɛye.”","One day Jesus and his disciples were in a boat, and he said, “Let us go over to the other side of the lake.”",output_proprietary_batch1,25.615027510908046,42.13287322556836,3.191180736872643
"But the Pharisees said, “The leader of the demons gives him the power to force out demons.” Jesus Has Pity on People","Farasii gikpen mɔ dɔ awura berɛ, mɛ kya tɔgɛ daa yɛɛ, “Ilaa nyɛnyɛn oduduu pɛwu gɛmu mɔ ne n kya sa Yesu ɔlon. Imɔso ne ɔ kya taalɛ gya ilaa nyɛnyɛn oduduu koso asa so gɛnen.” Yesu Gi Su Asa So","The horse was tied at the master's time, and I heard a voice saying, ""Unless the black sheep dies, there will be no salvation through Jesus. That is why He sacrificed Himself like the black sheep on the cross."" Jesus Died on the Cross",output_proprietary_batch1,21.406292125531916,42.13287322556836,3.191180736872643
"Anyone who welcomes a prophet, just because that person is a prophet, will be given the same reward as a prophet. Anyone who welcomes a good person, just because that person is good, will be given the same reward as a good person.","Ɔbono o wu Wurubuaarɛ ikalan ɔtɔgɛbo bii, ne gɛnen so ne ɔ sɔɔ mɔ abaa anyɔ mɔ, ɔ laa nyɛ Wurubuaarɛ ikalan ɔtɔgɛbo ntɛɛla Wurubuaarɛ asɛ. Ɔbono o wu bii yɛɛ ɔko kya gyi gɛsintin sa Wurubuaarɛ, ne gɛnen so ne ɔ sɔɔ mɔ abaa anyɔ mɔ, ɔ laa nyɛ gɛsintin agyibo ntɛɛla Wurubuaarɛ asɛ.","If someone kills a Wurubuaarɛ clan member intentionally, and it is proven that he did it, he must pay the Wurubuaarɛ clan the full compensation. If someone kills unintentionally in the Wurubuaarɛ clan, and it is proven that he did it, he must pay the compensation for accidental killing to the Wurubuaarɛ clan.",output_proprietary_batch1,21.26852056849622,42.13287322556836,3.191180736872643
What kind of man did you go out to see? Was he someone dressed in fine clothes? People who dress like that live in the king's palace.,"Ne ɔŋ dɛ gɛnen mɔ, nnɛ ne ɔ dɛ? Fɛ wu o bun gikuru dɛnsɛ? Kuaa, nkana akuru dɛnsɛ abunbo ne fɛ kya laarɛ de fɛꞌ kpaa kerɛ berɛ mɔ, ɔfaanan fɛ kpe daa awura-awura nwi.","Who is that person there, and where is he from? Did you see the new moon? Yes, I saw the new moon yesterday evening and it was shining very brightly, more than before.",output_proprietary_batch1,23.51487559806697,42.13287322556836,3.191180736872643
"Some Pharisees noticed this and said to Jesus, “Why are your disciples picking grain on the Sabbath? They are not supposed to do this!”","Farasii gikpen mɔ dɔ ako mɛ wu mɔmɔ gɛnen mɔ, mɛ tɔgɛ sa Yesu yɛɛ, “Kerɛ, fo-akasɛbo mɔ mɛ kya kyadɛ awayu adɛ faa, gɛsun ne mɛ kya wɔra aye-gɛkɛ kyoolasɛ mɔ faa. Aye-nbara mɔ giŋ kya sa ɔkpa gɛnen.”","The Pharisees came to test him with a question, and they asked Jesus, “Teacher, is it lawful for a man to divorce his wife for any reason?”",output_proprietary_batch1,27.895548240580247,42.13287322556836,3.191180736872643
"When Jesus found out what was happening, he left there and large crowds followed him. He healed all of their sick,","Yesu gi nu yɛɛ mɛ da gɛdɛ mɛ kya laarɛ mɔ-imɔɔten mɔ, ɔ lii nfono kpe gɛten pobɔrɔ. Ɔ kya kpe mɔ, sakpii belɛ ɔko gi buu mɔ. Ɔ kyɛ abono pɛwu mɛ kya lɔ mɔ,","Jesus said that if anyone wants to follow him, he must leave everything. He said, even if it is difficult, they should follow him. He promised good things to those who do so,",output_proprietary_batch1,26.10768611420598,42.13287322556836,3.191180736872643
"If you are not on my side, you are against me. If you don't gather in the harvest with me, you scatter it.","“Fɛꞌ nu yɛɛ ɔbono ɔŋ kya buu me mɔ kya sɔɔ akyɔɔlɛ de me ne. Ɔbono ɔŋ kya kpaa me de nꞌ koola asa mɔ, ɔ kya yaasɛ mɔmɔ ne.","When I was walking in the forest I met a monkey who greeted me. The monkey asked me for some of my food, and I gave it to him.",output_proprietary_batch1,18.914349068691887,42.13287322556836,3.191180736872643
"When an evil spirit leaves a person, it travels through the desert, looking for a place to rest. But when the demon doesn't find a place,","“Nengyene ilaa nyɛnyɛn oduduu i koso isa so mɔ, i kya naa kingi, ne i kya wɔra imɔ fɛɛ i naa gɛsinkpan so nfono nkyu giŋ bo mɔ. I naa i naa i kya laarɛ ɔkyoolaten. Nengyene iŋ nyɛ ɔkyoolaten mɔ,","If you see someone carrying a heavy load and you do not help, and you do not even say a word to encourage them, you have not done well. You have not shown kindness. If you are not kind,",output_proprietary_batch1,19.95459084046169,42.13287322556836,3.191180736872643
"I promise you on the day of judgment, everyone will have to account for every careless word they have spoken.","N kya tɔgɛ mi‑i sa fɛye yɛɛ gɛkɛ gɛbono Wurubuaarɛ laa gyi anyamesɛ pɛwu nbɛlɛ mɔ, anyantɔgɛ kamaasɛ abono fo ɔko fo tɔgɛ mɔ fo laa yelɛ Wurubuaarɛ ansi dɔ lɛɛ fo-gɛnɔ ilaa ibono so fo tɔgɛ amɔ mɔ.","If I tell you what happened at Wurubuaarɛ, you will be surprised, because what happened there is not something you would expect at Wurubuaarɛ, but I am telling you so you know what happened.",output_proprietary_batch1,20.232168955591657,42.13287322556836,3.191180736872643
"Someone told Jesus, “Your mother and brothers are standing outside and want to talk with you.”","Ɔko gi tɔgɛ sa Yesu yɛɛ, “Kerɛ, fo-nyi de fo-tedɛana mɛ yelɛ nŋmaŋman mɛ kya laarɛ mɛꞌ wu fo.”","He went to Jesus and said, “Lord, if you are willing, you can make me clean.”",output_proprietary_batch1,20.23519011407463,42.13287322556836,3.191180736872643
"Other seeds fell on thin, rocky ground and quickly started growing because the soil wasn't very deep.","Ayu mɔ ako, mɔ, a tɔrɔ kpandan so. Amɔ abono a kpaala kɔrɔ. I kya nyiile yɛɛ isɛ ibono i bo kpandan mɔ so mɔ iŋ kyɔ,","If you go there, you will see a big house. The owner is a good person. If you want something and you ask him, he will give it to you.",output_proprietary_batch1,20.761881355639836,42.13287322556836,3.191180736872643
"The servants came and asked, “Sir, didn't you scatter good seed in your field? Where did these weeds come from?”","Nfono mɔ dɔɔbo mɔ adega mɔ mɛ baa taasɛ mɔ yɛɛ, ‘Ɔbelɛnsɛ, iŋ gyɛ awayu ne fo duu fo-ndɔɔ mɔ dɔ? Fonɛ dɔ ne ifɛ idɛ ɔnan i lii?’","One day a woman went and asked, ‘Please, can you tell me where your mother and father are? Where are they and what are they doing?’",output_proprietary_batch1,25.92078971464585,42.13287322556836,3.191180736872643
"So he told them, “Every student of the Scriptures who becomes a disciple in the kingdom of heaven is like someone who brings out new and old treasures from the storeroom.” The People of Nazareth Turn against Jesus (Mark","Yesu gi tɔgɛ sa mɔmɔ yɛɛ, “Nbara ɔŋmarasɛbo kamaasɛ nyi Wurubuaarɛ agyɛbi dedaa ne o kii nyɛ kasɛ Wurubuaarɛ gɛwuragyi dɔ akyenabi ilaa bɔla mɔ, ɔ dɛ fɛɛ gɛten wura ɔbono ɔ bo ilaa dedaa de ilaa pobɔrɔ pɛwu mɔ-ilaa ɔyelaten mɔ. Nengyene i gyɛ ilaa dedaa ilaa mɔ, ɔ bo nno, ne i kii i gyɛ ilaa pobɔrɔ ilaa kee mɔ, ɔ bo nno.” Yesu Gɛwi Awura Mɛ Mɛŋ Sɔɔ Mɔ Gyi","Jesus also said, “No one puts new wine into old wineskins. If they do, the new wine will burst the skins, the wine will run out and the wineskins will be ruined. No, new wine must be put into new wineskins. And no one after drinking old wine wants the new, for they say, ‘The old is better.’” Jesus is Lord. Amen.",output_proprietary_batch1,22.787698740993427,42.13287322556836,3.191180736872643
John's followers took his body and buried it. Then they told Jesus what had happened. Jesus Feeds Five Thousand (Mark,"Gyɔn akasɛbo mɔ mɛ nu gɛnen mɔ, mɛ kpaa kyu mɔ-gibuni mɔ kyu kpaa pule, ne mɛ kpaa buu sa Yesu. Yesu Gi Sa Sakpii Belɛ Agyudɔ Ne Mɛ Gyi Kaabo","If someone does something bad to me, I will forgive that person and not do the same, because I want to follow Jesus. Jesus is the Savior who came to save us and I want to follow Him.",output_proprietary_batch1,25.204883202398833,42.13287322556836,3.191180736872643
"After Jesus heard about John, he crossed Lake Galilee to go to some place where he could be alone. But the crowds found out and followed him on foot from the towns.","Yesu gi nu Gyɔn lɛwu mɔ so mɔ, ɔ dii loo gikolii dɔ ne ɔ lii nfono ɔ bo mɔ de oꞌ kpe nfono asa mɛŋ tɛ mɔ. Asa sakyɔ mɛ nu yɛɛ Yesu gi koso nfono mɔ, mɛ naa de ayaa lii mɔmɔ-isowolɛ so de mɛꞌ kpaa tu mɔ.","When Jesus saw the crowd, he went up the mountain, and after he sat down, his disciples came to him. Then he began to teach them, saying:",output_proprietary_batch1,22.310700835323235,42.13287322556836,3.191180736872643
"At once, Jesus reached out his hand. He helped Peter up and said, “You surely don't have much faith. Why do you doubt?”","Ayaa abono so mɔ, Yesu gi tengɛ mɔ-gibaa keda mɔ, ne ɔ taasɛ mɔ yɛɛ, “Kerɛ, gisɔɔgyi gibono fo bo sa me mɔ pɛwu ne? I wonɛ ne fo sɔɔ fo-nyoro akyɔɔlɛ?”","That evening, Jesus sat with his disciples, and he said to them, “Truly, do you all know that one of you will betray me? Who is it that will dip his hand in the bowl with me?”",output_proprietary_batch1,25.047640634060524,42.13287322556836,3.191180736872643
"The people found out he was there, and they sent word to everyone who lived in this part of the country. So they brought all the sick people to Jesus.","Gɛnɛsaretɛ awura mɛ wu Yesu bii mɔ, mɛ yɛgɛ i nu gyanꞌ gɛnen gɛsinkpan gɛbono so pɛwu yɛɛ Yesu gi loo mɔmɔ asɛ. Mɛ nu gɛnen mɔ, mɛ kyu mɔmɔ-asa abono mɛ kya lɔ mɔ pɛwu bara mɔ.","When the Lord Jesus was at Gennesaret, some people brought all the sick to Him and begged Him to let them touch even the edge of His cloak, and all who touched Him were healed.",output_proprietary_batch1,34.7155218008466,42.13287322556836,3.191180736872643
"Then Jesus said to his disciples: If any of you want to be my followers, you must forget about yourself. You must take up your cross and follow me.","Ne Yesu gi kisee tɔgɛ sa mɔ-akasɛbo mɔ yɛɛ, “Ɔbono ɔ kya laarɛ de ɔꞌ wɔra me-ɔkasɛbo mɔ, kaasɛ oꞌ kyu mɔ-nyoro fuɛ me so de oꞌ kyule sɔɔ awɔrɔfɔɔ abono a laa tu mɔ me so mɔ abaa anyɔ, ba‑a mɛ laa da mɔ aŋanbi oyii so mɔɔ me so mɔ, mɛꞌ da mɔ.","But Jesus called them to him and said, “You know that the rulers of the Gentiles lord it over them, and their great ones exercise authority over them. It shall not be so among you, but whoever would be great among you must be your servant.”",output_proprietary_batch1,25.998011767958438,42.13287322556836,3.191180736872643
"There in front of the disciples, Jesus was completely changed. His face was shining like the sun, and his clothes became white as light.","Mɛ bo nno gɛnen mɔ, Yesu nyoro gi kyɛɛgɛ kii lɔrɔ wɔra ɔdan too, ne mɔ-ansi dɔ i kya ŋɛlegi fɛɛ owi. Mɔ-ngbɛ nbono o suu mɔ gi fuuli gi kya ŋɛlegi faa ŋela-ŋela.","If I remember correctly, Jesus once told his disciples to go into a house and not take anything with them. They should stay there until they leave that place.",output_proprietary_batch1,29.020371815268813,42.13287322556836,3.191180736872643
"While Peter was still speaking, the shadow of a bright cloud passed over them. From the cloud a voice said, “This is my own dear Son, and I am pleased with him. Listen to what he says!”","Piita mɛŋ ti taa tɔgɛ ta mɔ, gibuntɔ ŋɛlegisɛ giko gi baa bun mɔmɔ so faa kpem, ne Wurubuaarɛ gigyɛbiꞌ gi lii gibuntɔ mɔ dɔ tɔgɛ akasɛbo mɔ yɛɛ, “Me-gisen dɔ obi ne n gyɛ Yesu. Ɔ kya gyi me-ginsi. Fɛꞌ nu mɔ asɛ.”","Peter was still speaking when the Holy Spirit came upon all who were listening to the message, and the believers who had come with Peter were amazed that the gift of the Holy Spirit had been poured out even on the Gentiles, for they heard them speaking in tongues and praising God. Then Peter said, “Can anyone withhold water for baptizing these people who have received the Holy Spirit just as we have?”",output_proprietary_batch1,31.64860475569984,42.13287322556836,3.191180736872643
"While Jesus and his disciples were going from place to place in Galilee, he told them, “The Son of Man will be handed over to people","Yesu mɔ‑rɛ mɔ-akasɛbo mɔ mɛ naa de Galeli mɔ, Yesu gi tɔgɛ sa ɔmɔ yɛɛ, “Ako mɛ laa kyu me, anyamesɛ pɛwu mɔmɔ-daa mɔ, wɔra asa abaa dɔ","Jesus was walking with his disciples in Galilee, and Jesus said to them, “The Son of Man will be handed over to people, and they will kill him, but on the third day he will rise again.”",output_proprietary_batch1,58.25620309359182,42.13287322556836,3.191180736872643
"But we don't want to cause trouble. So go cast a line into the lake and pull out the first fish you hook. Open its mouth, and you will find a coin. Use it to pay your taxes and mine.”","Imɔ‑rɛ imɔ gɛnen mɔ, aŋ kya laarɛ aꞌ wɔra too-too asɔɔbo mɔ ginyadon. Imɔso kpe ɔbon mɔ dɔ kpaa too daaruwa. Ɔken ɔbono fo laa daa gilɛɛ mɔ, kerɛ mɔ-gɛnɔ dɔ, fo laa wu aterenbi gibi. Lɛɛ gimɔ de foꞌ kyu kpaa too me‑rɛ fo-lɛɛ.”","If you see someone in trouble, you should quickly help them as much as you can. If you have a lot of strength, use it to help others. Even if you have only a little, use what you have, because every little bit counts. That is how we should all live together.",output_proprietary_batch1,26.32283482041539,42.13287322556836,3.191180736872643
"But if you are as humble as this child, you are the greatest in the kingdom of heaven.","Imɔso fo ɔbono fo bara fo-nyoro gɛsɛ wɔra fɛɛ gɛnen gɛbii gɛdɛ mɔ, fo ne nan don fo-nanboana Wurubuaarɛ gɛwuragyi dɔ akyenabi mɔ dɔ.","If you want to be a good person in this world, you must follow the teachings of our ancestors every single day.",output_proprietary_batch1,26.01420880243193,42.13287322556836,3.191180736872643
It will be terrible for people who cause even one of my little followers to sin. Those people would be better off thrown into the deepest part of the ocean with a heavy stone tied around their necks!,"“Ɔbono, mɔ, ɔ laa yɛgɛ apiipii abono mɛ sɔɔ me gyi mɔ dɔ ɔko gisɔɔgyi giꞌ koso me so mɔ, nengyene fɛɛ mɛ kyu gibui belɛ ŋminde kyaga de kaasɛ ɔbono gibɔ ne mɛ too mɔ wɔra apoo dɔ mɔ, i tɛsɛ i bɔ.","Friend, come, let us go to the farm so that I can show you how we plant the crops, and then you will know how to do it yourself when you go to your own farm, just like I do.",output_proprietary_batch1,19.786798318988545,42.13287322556836,3.191180736872643
"I promise that when any two of you on earth agree about something you are praying for, my Father in heaven will do it for you.","Nꞌ kii tɔgɛ sa fɛye yɛɛ nengyene fɛye dɔ anyamesɛ anyɔ fɛ wɔra gɛnɔ dalaa kolɛ me-sɛ Wurubuaarɛ ɔbono ɔ bo soso mɔ ilaa iko mɔ, ɔ laa wɔra imɔ sa fɛye.","If you do not want to do something that is not good in the eyes of God, then you should not do it, just as Wurubuaarɛ said that if something is not good, do not do it.",output_proprietary_batch1,24.831415281139538,42.13287322556836,3.191180736872643
"But the first official refused to have pity. Instead, he went and had the other official put in jail until he could pay what he owed.","Oŋ kyule, ne ɔ yɛgɛ mɛ keda mɔ kpaa tii de obu. Nengyene ɔꞌ ka gikɔ mɔ mɔ, pɛi de mɛꞌ lɔɔ tigi mɔ.","That day, he said he would come but he did not. Maybe he had some work, so he could not make it.",output_proprietary_batch1,17.55414659508,42.13287322556836,3.191180736872643
"The king called the first official back in and said, “You're an evil man! When you begged for mercy, I said you did not have to pay back a cent.","Wura mɔ gi nu gɛnen mɔ, ɔ yɛgɛ mɛ kpaa terɛ mɔ ba mɔ asɛ. Ɔ kpɛ da de ginsi wu mɔ mɔ, ɔ taasɛ mɔ yɛɛ, ‘Ɔnyen, gɛnen ne fo dɛ ne? Fo dɛ me gikɔ belɛ ne fo kolɛ me mɔ, meŋ kyu kyɛɛ fo?","If someone takes something from you, and you do not get it back, do not go and fight that person. Instead, ask the person, ‘Friend, why did you do that? If you needed it, why didn’t you ask me, so I could give it to you?’",output_proprietary_batch1,21.202248753663884,42.13287322556836,3.191180736872643
"The crowd told them to be quiet, but they shouted even louder, “Lord and Son of David, have pity on us!”","Sakpii ɔbono o buu Yesu mɔ gi gya ɔmɔ yɛɛ mɛꞌ bun ɔmɔ-nnɔ so. Mɛ kya gya mɔmɔ gɛnen mɔ, idɛ kon gbaa ne mɛ lɔrɔ mɛ kya kpen ken-ken yɛɛ, “Aye-wura, Wura Deefidi ɔnaanabi, su aye so!”","As Jesus was leaving the town, two blind men followed him, calling out loudly, “Lord, Son of David, have mercy on us!”",output_proprietary_batch1,36.065173306051186,42.13287322556836,3.191180736872643
The mother of James and John came to Jesus with her two sons. She knelt down and started begging him to do something for her.,Imɔ gɛmara mɔ Yesu akasɛbo ako mɔmɔ-nyi gi kyu mɔmɔ ba mɔ asɛ baa kolɛ mɔ ilaa iko. Akasɛbo mɔ mɛ gyɛ Sɛbedi mɔ-biana. Ɔkyii mɔ gi baa ŋmii mɔ-ayaa dɔ,"One day, as Jesus was walking by the lake, he saw two brothers who were fishermen. They were the sons of Zebedee. He called them and they followed him.",output_proprietary_batch1,24.52777343981628,42.13287322556836,3.191180736872643
"So they told Jesus, “We don't know.” Jesus said, “Then I won't tell you who gave me the right to do what I do.” A Story about Two Sons","Gɛnen so mɔ mɛ lɛɛ gɛnɔ sa Yesu yɛɛ, “A mɛŋ nyi.” Ne Yesu gi kisee tɔgɛ abelɛnsɛ mɔ yɛɛ, “Fɛ maŋ tɔgɛ me berɛ mɔ, me kee maŋ tɔgɛ fɛye ɔbono ɔ sa me ɔkpa ne nꞌ kya wɔra ilaa ibono n kya wɔra mɔ.” Nbii Nnyɔ Nko Gikpalɛ","Someone came to Jesus and said, “I want to follow you.” But Jesus replied, “Foxes have holes and birds have nests, but the Son of Man has nowhere to lay his head.”",output_proprietary_batch1,25.509815251415002,42.13287322556836,3.191180736872643
"His son told him he would not do it, but later he changed his mind and went.","Mɔ-bi mɔ gi lɛɛ gɛnɔ sa mɔ yɛɛ, ‘Maŋ kpe.’ Imɔ gɛmara mɔ, o nu mɔ-nyoro gɛsɛ yɛɛ oŋ kpe mɔ, iŋ boran, ne ɔ koso kpe ndɔɔ mɔ.","Someone told him, ‘Don’t go.’ But he didn’t listen, he still went, and when he got there, he found nothing.",output_proprietary_batch1,27.313657200460785,42.13287322556836,3.191180736872643
He then sent more servants than he did the first time. But the renters treated them in the same way.,"Ndɔɔ wura mɔ gi nu ilaa ibono i ba mɔ, o kii sun adega abono mɛ nyaakyɔ nyɛ agyangbarasɛ mɔ. Mɔ-ndɔɔ akerɛbo mɔ mɛ kii wɔra ɔmɔ fɛɛ agyangbarasɛ mɔ-lɛɛ mɔ.","If someone gives you something and you do not thank the person, it is like you have taken your father's property and given it to someone else. The person who gave it to you will think you have given your father's property to someone else.",output_proprietary_batch1,19.87760887141507,42.13287322556836,3.191180736872643
"You Pharisees and teachers of the Law of Moses are in for trouble! You're nothing but show-offs. You lock people out of the kingdom of heaven. You won't go in yourselves, and you keep others from going in.","Fɛye nbara aŋmarasɛbo de fɛye Farasii awura, fɛye laako! Fɛ gyɛ daa o-dun-me, ɔ-fon-me anyamesɛ! Fɛ kya kudi akyii ikulaabo mɔmɔ‑rɛ mɔmɔ-biana gyi, yɛgɛ fɛye, mɔ, ne n kii fa‑a dalaa faa bolo-bolo de asa mɛꞌ nyɛ yen fɛye yɛɛ fɛye ne n nyi gɛdalaa. Owi ɔbono Wurubuaarɛ laa gyi fɛye-nbɛlɛ mɔ, fɛye-gisobiidɛ gi laa nyaakyɔ too.]","If you see a stranger like a Frenchman, greet him! If he stays with you, do not insult or mock him! If he asks for food or water, give him, because you do not know when you too will travel and meet people who will treat you the same way. The elders of Wurubuaarɛ say that if you treat strangers well, strangers will also treat you well.",output_proprietary_batch1,24.8563317526987,42.13287322556836,3.191180736872643
So be on your guard! You don't know when your Lord will come.,"Imɔso fɛꞌ dɛsɛ fɛye-nyoro so gyoo me-giba. Fɛ mɛŋ nyi gɛkaabono me, fɛye-wura mɔ, nan kii ba mɔ.”","If you want to do something good for me, do not tell others about it; do it quietly, so that only you and I know.",output_proprietary_batch1,18.8824510480181,42.13287322556836,3.191180736872643
"Then in the middle of the night someone shouted, “Here's the groom! Come to meet him!”","“I baa fo gɛnyɛ de nsana mɔ, mɛ nu ɔko gi lɛɛ gɛnɔ yɛɛ, ‘Ɔkyiifɔ mɔ-kuli mɔ kya ba‑o! Fɛꞌ koso de fɛꞌ kpaa gyangara mɔ.’","When I was about to leave the house, I heard someone shouting, ‘Thief, catch the thief! He has stolen my money and my new cloth.’",output_proprietary_batch1,28.516764491096126,42.13287322556836,3.191180736872643
The kingdom is also like what happened when a man went away and put his three servants in charge of all he owned.,"Yesu gi kii tɔgɛ sa mɔmɔ yɛɛ, “Me-gikiiba mɔ i laa wɔra fɛɛ gikpalɛ gibono nan ba da faa. Imɔ ne n gyɛ yɛɛ ɔbelɛnsɛ ɔko kya laarɛ oꞌ kpe ɔkpa. Imɔso ɔ terɛ mɔ-adega ba mɔ asɛ ne o kyu mɔ-ilaa wɔra mɔmɔ-abaa dɔ.","Jesus said to them, ""Truly I tell you, no prophet is accepted in his hometown. But I tell you the truth, there were many widows in Israel in the days of Elijah when the sky was shut for three and a half years.""",output_proprietary_batch1,23.150554176000814,42.13287322556836,3.191180736872643
He will place the sheep on his right and the goats on his left.,"Nɛ kyɛ asa mɔ dɔ mɔ, nan kyu ilaa dɛnsɛ awɔrabo mɔ yela me-gibaa gyisɛ so, de nꞌ kyu asa sɛnsɛ mɔ, mɔ, yela me-benɛ gibaa so.","If you give me something good, I will remember you for a long time, but if you give me something bad, I will also remember you.",output_proprietary_batch1,15.831818078247123,42.13287322556836,3.191180736872643
We could have sold this perfume for a lot of money and given it to the poor.”,"Anuwanterɛ baarɛ mɛn wɔra ɔfɛsɛ mɔ, nkana a laa nyɛ aterenbi belɛ de aꞌ kyu yɛ sa ayenbo!”","If you want to get a new job, you must always do your best so that they will consider you for the position!",output_proprietary_batch1,21.201507397746457,42.13287322556836,3.191180736872643
"and he said to them, “I am so sad that I feel as if I am dying. Stay here and keep awake with me.”","Ne ɔ tɔgɛ sa mɔmɔ yɛɛ, “N kya wuꞌ mi‑i fuɛ. I kya laarɛ iꞌ mɔɔ me gbaa. Fɛꞌ kyena gɛrɛ de fɛꞌ dii ilaa kamaasɛ ibono i laa ba mɔ kpaa me.”","And the old woman said, ""I have nothing to give you. I am just a poor woman. But if you go to the river and fetch water, maybe you will find what you are looking for.""",output_proprietary_batch1,21.753281411379042,42.13287322556836,3.191180736872643
"Peter spoke up, “Even if all the others reject you, I never will!”","Nfono ne Piita gi tɔgɛ sa Yesu yɛɛ, “Ba‑a me-nanboana pɛwu mɛ laa selɛ taa fo yɛgɛ mɔ, me berɛ maŋ selɛ taa fo yɛgɛ kpa‑a.”","Simon Peter asked Jesus, “Lord, where are you going?” Jesus replied, “You cannot follow me now, but you will follow later.”",output_proprietary_batch1,21.12731195157861,42.13287322556836,3.191180736872643
"When Peter had gone out to the gate, another servant girl saw him and said to some people there, “This man was with Jesus from Nazareth.”","Ɔ tɔgɛ gɛnen mɔ, ɔ koso lii kpe gɛten mɔ gɛbunono. Obolonbu ɔko kee gi kii wu mɔ, ne ɔ tɔgɛ sa abono mɛ bo nfono mɔ yɛɛ, “Ɔnyen baarɛ kee mɔ‑rɛ Yesu, Nasarɛtɛnyen mɔ ne n naa.”","As he was approaching the town gate, a dead man was being carried out. He was the only son of his mother, and she was a widow. A large crowd from the town was with her. When the Lord saw her, his heart went out to her and he said, “Don’t cry.”",output_proprietary_batch1,31.257639062502378,42.13287322556836,3.191180736872643
But Peter followed along at a distance and came to the courtyard of the high priest's palace. He went in and sat down with the guards to see what was going to happen.,"Mɛ dɛ Yesu mɛ kya kpe gɛnen mɔ, Piita gi buu mɔmɔ giyaa-giyaa gɛnen‑n kpaa loo asunbi alɛɛbo gɛmu mɔ gikpaara mɔ so. Ɔ loo nno mɔ, ɔ kpaa kyena saarɛ Wurubuaarɛ ɔson obu mɔ adiibo mɔ dɔ de oꞌ wu ilaa ibono i laa ba mɔ.","When I say Jesus will rise again, Peter was very surprised and did not believe it because he had never seen someone come back to life after dying. But later, he saw with his own eyes that Jesus truly rose from the dead and appeared to them.",output_proprietary_batch1,25.914653960637956,42.13287322556836,3.191180736872643
Then they had a meeting and decided to buy a field that belonged to someone who made clay pots. They wanted to use it as a graveyard for foreigners.,Mɔmɔ pɛwu mɛ tɔgɛ kyule abara yɛɛ mɛꞌ kyu gɛnen aterenbi mɔ kpaa sɔɔ gɛsinkpan gɛbono mɛ kya terɛ yɛɛ Nlɔbi Ɔpɔrɔbo Gɛsinkpan mɔ de mɛꞌ kyu nno wɔra asafo opuleten.,"When someone dies, the family members gather together and inform the elders and the entire community about the death so that they can prepare for the funeral at Nlɔbi Ɔpɔrɔbo. The community then helps the family with the funeral arrangements.",output_proprietary_batch1,25.637270405067653,42.13287322556836,3.191180736872643
"Everyone answered, “We and our own families will take the blame for his death!”","Sakpii mɔ pɛwu gi lɛɛ gɛnɔ sa mɔ yɛɛ, “Yɛgɛ mɔ-lɛwu mɔ ɔꞌ sola daa aye‑rɛ aye-biana de aye-naanaana!”","Then the woman said to the man, “Let us both go and look for food to eat and water to drink!”",output_proprietary_batch1,17.654272797383076,42.13287322556836,3.191180736872643
At noon the sky turned dark and stayed that way until three o'clock.,"I fo owi ken-ken gerɛ-gerɛ mɔ, i wɔra gibiri sirim gɛnen gɛsinkpan mɔ pɛwu so kaaborɛ owi gbaasɛ.","If you see something strange, you should quickly inform the elders so that they can help solve the problem.",output_proprietary_batch1,16.06181150571486,42.13287322556836,3.191180736872643
"They left their graves, and after Jesus had risen to life, they went into the holy city, where they were seen by many people.","ne mɛ lii nkyan mɔ dɔ. Yesu gi kyingi mɔ, imɔ gɛmara mɔ, gɛnen ibuni ibono mɛ naa baa loo Gyɛrusalem ɔsowolɛ ɔbono Wurubuaarɛ gi lɔrɔ yela sa mɔ-ɔson mɔ, ne mɛ lɛɛ mɔmɔ-nyoro gɛwi nyiile asa sakyɔ.","And I will go with you. Jesus loves you, he cares for you, that is why he went to Jerusalem and died on the cross to save you, and he will give you eternal life if you believe in him.",output_proprietary_batch1,24.742319802095597,42.13287322556836,3.191180736872643
"Suddenly a strong earthquake struck, and the Lord's angel came down from heaven. He rolled away the stone and sat on it.","Nfono mɔ, gɛsinkpan gɛ gyigisi ibono i wɔra ɔlon. Wurubuaarɛ dɔ ɔsɔɔ ɔko gi kpelegɛ lii soso baa belen gibui belɛ gibono gi tii folɛbɔ mɔ gɛbunono mɔ yela nkan, ne ɔ dii ɔ tɛ gimɔ so.","Long ago, the elders would gather under the big tree. They would tell stories about how things used to be and teach the children important lessons so that they would grow up wise and know what to do in life.",output_proprietary_batch1,21.365538227185493,42.13287322556836,3.191180736872643
News about Jesus quickly spread all over Galilee. Jesus Heals Many People (Matthew,"Nfono mɔ, ilaa ibono Yesu kya wɔra mɔ i nu gyanꞌ de Galeli gɛsinkpan gɛbono so pɛwu. Yesu Gi Kyɛ Alɔbo Sakyɔ","That day, they took Jesus from there to the place called Galilee to be crucified. Jesus the Messiah is the Savior of the World.",output_proprietary_batch1,25.305906503810665,42.13287322556836,3.191180736872643
"Jesus went to her. He took hold of her hand and helped her up. The fever left her, and she served them a meal.","Yesu gi loo ɔkyii mɔ asɛ, ne ɔ keda mɔ-gibaa dɔ kosorɛ mɔ kyena. Nfono mɔ ɔkyii mɔ nyoro mɔ gi taa mɔ yɛgɛ, ne ɔ koso kii taalɛ keda mɔmɔ-gisafo.","Jesus told them again, and he lay down his life for them. Then he told them what he would do, and he continued to teach them about the good news.",output_proprietary_batch1,27.22191031843052,42.13287322556836,3.191180736872643
"As soon as Jesus left the synagogue with James and John, they went home with Simon and Andrew.","Yesu mɔ‑rɛ mɔ-akasɛbo mɔ mɛ kpɛ lii gikyangbon mɔ dɔ mɔ, Simon mɔ‑rɛ Andiru mɛ kyu Yesu kpe mɔmɔ-gɛwi. Gyeemesi mɔ‑rɛ Gyɔn kee mɛ buu mɔmɔ kpe.","Jesus called the fishermen he saw by the lake, Simon and Andrew, and they followed him. He also called James and John, and they followed him too.",output_proprietary_batch1,41.01429753513522,42.13287322556836,3.191180736872643
"The Pharisees wanted to accuse Jesus of doing something wrong, and they kept watching to see if Jesus would heal him on the Sabbath.","Yesu gi loo nno mɔ, asa ako mɛ kya dii mɔ de mɛꞌ kerɛ yɛɛ ɔ laa kyɛ gibaa wusɛ wura mɔ abɛɛ? Nengyene ɔ nyɛ kyɛ mɔ gɛnen gɛkɛ kyoolasɛ gɛbono dɔ mɔ de mɛꞌ nyɛ kyu mɔ wɔra nbɛlɛ dɔ yɛɛ ɔ wɔra gɛsun gɛkɛ kyoolasɛ.","Jesus answered him, ""Truly I tell you, today you will be with me in paradise."" He said this to assure him that because he believed in him, he would be with him in the place of rest.",output_proprietary_batch1,23.35873561561771,42.13287322556836,3.191180736872643
"There were also James and John, the two sons of Zebedee. Jesus called them Boanerges, which means “Thunderbolts.”","Ako ne n gyɛ Gyeemesi de mɔ-tedɛ Gyɔn Sɛbedi mɔ-biana, abono Yesu gi yela mɔmɔ ayenbi yɛɛ Buwaneegyisi.","If you believe that Jesus died and rose again, then God will bring with Jesus those who have fallen asleep in him.",output_proprietary_batch1,20.03973042171707,42.13287322556836,3.191180736872643
"Jesus went back home, and once again such a large crowd gathered that there was no chance even to eat.",sakpii gi ti baa bɔla mɔ-gɛten dɔ ibono i yɛgɛ mɔ‑rɛ mɔ-akasɛbo gudu anyɔ mɔ mɛŋ kya nyɛ nyoro de mɛꞌ kpɛɛ agyudɔ wɔra gɛnɔ.,"The child and his father went to the farm early in the morning and when they returned home, they brought along some yams and cocoyams.",output_proprietary_batch1,23.73733449691829,42.13287322556836,3.191180736872643
"But when the sun came up, the plants were scorched and dried up, because they did not have deep roots.","imɔso ayu mɔ a mɛŋ nyɛ de amɔ-ilin iꞌ loo gɛsɛ. Owi gi dii mɔ, a wiili ne a wuꞌ.","The woman said that she would go to the farm tomorrow. If you see her, greet her for me.",output_proprietary_batch1,16.683566064986334,42.13287322556836,3.191180736872643
"Jesus was in the back of the boat with his head on a pillow, and he was asleep. His disciples woke him and said, “Teacher, don't you care that we're about to drown?”","Mɛ kya kpe mɔ, Yesu tɛ gikolii mɔ gɛmara. Ɔ dɛ ginsi gidɛ, o sin gɛputu. Nfono mɔ afuu belɛ ako a tigi, a kya da ginyadon so. A kya yɛgɛ nkyu mɔ gi kya loo gikolii mɔ dɔ. I wɔra mɔmɔ gifuu, ne mɛ da Yesu kyingi taasɛ mɔ yɛɛ, “Ɔbelɛnsɛ, a kya laarɛ aꞌ sii faa, iŋ fɛ fo-giso?”","When I was a child, Jesus loved me so much. He cared for me, he protected me. Even now as I am grown, I still remember his love. I still want to be like that child he loved. If you are also grown, let us remember what Jesus said, “Unless you become like a child, how will you enter the kingdom?”",output_proprietary_batch1,25.438654544333772,42.13287322556836,3.191180736872643
Jesus and his disciples crossed Lake Galilee and came to shore near the town of Gerasa.,Yesu mɔ‑rɛ mɔ-akasɛbo mɔ mɛ fara ɔbon belɛ mɔ kpe gibenbɛ giko so Gerigasa gɛsinkpan so.,Jesus and his disciples crossed the lake and came to the region of Gerasenes.,output_proprietary_batch1,61.74678551883531,42.13287322556836,3.191180736872643
"When the man saw Jesus in the distance, he ran up to him and knelt down.",Gɛnen ɔnyen baarɛ gi wu Yesu koo-koo ne ɔ selɛ kpaa ŋmii Yesu ayaa dɔ.,"When the women arrived, they saw that Jesus was not in the grave because Jesus had risen.",output_proprietary_batch1,27.33229765447548,42.13287322556836,3.191180736872643
Over on the hillside a large herd of pigs was feeding.,"Aberɛ abono mɔ, akuuri gikpen belɛ giko gi yelɛ gibii mɔ alan dɔ nno mɛ kya gyi.","When the time comes, everyone will see what has been hidden and know the truth.",output_proprietary_batch1,19.59454417593562,42.13287322556836,3.191180736872643
They went home with Jairus and saw the people crying and making a lot of noise.,"Mɛ naa kpaa loo ɔbelɛnsɛ mɔ gɛten dɔ mɔ, ɔlanba ne. Asa mɛ dɛ osulon mɛ yelɛ.","If I see the balance there in the morning, I will be happy. But if it is not there, I will cry.",output_proprietary_batch1,18.03467881988349,42.13287322556836,3.191180736872643
"But Jesus said, “Prophets are honored by everyone, except the people of their hometown and their relatives and their own family.”","Yesu gi wu gɛnen mɔ, ɔ tɔgɛ sa mɔmɔ yɛɛ, “Wurubuaarɛ ikalan ɔtɔgɛbo kya gyi ginsi gɛten kamaasɛ, gɛnen mɔ, mɔ-gɛwi, mɔ gbaa-gbaa gɛten dɔ de mɔ-subuana asɛ wolɛ.”","Jesus answered him, “Truly, truly I say to you, unless one is born again, he cannot see the kingdom of God.”",output_proprietary_batch1,18.21768052955636,42.13287322556836,3.191180736872643
Herod was very sorry for what he had said. But he did not want to break the promise he had made in front of his guests.,"Obolonbu mɔ gi taasɛ gɛnen mɔ, i yɛgɛ Wura Hɛrodɛ gisen dɔ i nyida mɔ. Ɔ ti ka ntan abelɛnsɛ mɔ ansi dɔ so mɔ, mɔ, iŋ kya sa mɔ gikine.","After Jesus was born in Bethlehem, during the time of King Herod, wise men from the east came to Jerusalem and asked,",output_proprietary_batch1,20.959166273465044,42.13287322556836,3.191180736872643
"It doesn't go into your heart, but into your stomach, and then out of your body.” By saying this, Jesus meant that all foods were fit to eat.","I kya nyiile yɛɛ iŋ kya loo mɔ-gɛwɔnsa dɔ, i kya loo daa mɔ-ɔtɔ dɔ de ɔꞌ kɔɔ fuɛ.” Yesu gi tɔgɛ gɛnen mɔ, ɔ lɛɛ nyiile yɛɛ ilaa gyisɛ kamaasɛ i boran; iŋ kya kyɔlesɛ nyamesɛ Wurubuaarɛ ɔson.","If you know these things and do them, you will be blessed. Jesus said these things, then went out with his disciples across the Kidron Valley, where there was a garden, which he and his disciples entered.",output_proprietary_batch1,21.745378589965796,42.13287322556836,3.191180736872643
"All of these come from your heart, and they are what make you unfit to worship God. A Woman's Faith (Matthew",Gɛnen ilaa nyɛnyɛn idɛana pɛwu i kya lii nyamesɛ gɛwɔnsa dɔ ne imɔ ne n kya kyɔlesɛ mɔ-Wurubuaarɛ ɔson.” Isafokyii Gi Sɔɔ Yesu Gyi,"“No one has greater love than this, that someone would lay down his life for his friends.” John 15:13",output_proprietary_batch1,16.341546827864775,42.13287322556836,3.191180736872643
"But Jesus said, “The children must first be fed! It isn't right to take away their food and feed it to dogs.”","Ɔkyii mɔ gi kolɛ Yesu mɔ, Yesu gi tɔgɛ sa mɔ yɛɛ, “Iŋ kaaborɛ fɛɛ ɔko oꞌ kyu nbii agyudɔ kyu too sa igyoono aberɛ abono nbii mɔ mɛŋ ti gyi mɔ.”","He asked Jesus, “Teacher, what good thing must I do to get eternal life?”",output_proprietary_batch1,18.127287549370237,42.13287322556836,3.191180736872643
"But when Jesus turned and saw the disciples, he corrected Peter. He said to him, “Satan, get away from me! You are thinking like everyone else and not like God.”","Ne Yesu gi kisee kerɛ mɔ-akasɛbo sɛnsɛ mɔ, ne ɔ gya Piita yɛɛ, “Naa me asɛ; ilaa nyɛnyɛn gɛmu! Fo-gɛwɔnsa gɛŋ gyan Wurubuaarɛ gɛlaarɛ so. Anyamesɛ-lɛɛ gɛlaarɛ so ne fo-gɛwɔnsa gɛ gyan.”","But Jesus turned and said to Peter, “Get behind me; you are a stumbling block to me! You do not have in mind the things of God, but the things of men.”",output_proprietary_batch1,32.5018660981025,42.13287322556836,3.191180736872643
"After Jesus and the disciples had gone back home and were alone, they asked him, “Why couldn't we force out that demon?”","Yesu gi kpaa loo obu dɔ mɔ, mɔ-akasɛbo mɔ mɛ baa taasɛ mɔ mɔmɔ-wolɛ yɛɛ, “I wonɛ so ne aye berɛ, a mɛŋ taalɛ gya ilaa nyɛnyɛn oduduu mɔ koso gɛbii mɔ so daa?”","Jesus said to her, ""Woman, what does this have to do with me? My hour has not yet come.""",output_proprietary_batch1,17.805695083604146,42.13287322556836,3.191180736872643
"The spirit screamed and made the boy shake all over. Then it went out of him. The boy looked dead, and almost everyone said he was.","Ilaa nyɛnyɛn oduduu mɔ gi lɔgedɛ saawo, ne i kyu ɔlon nyala gɛbii mɔ kerii-kerii pɛi ne i koso gɛmɔ so. I koso taa gɛbii mɔ yɛgɛ mɔ, gɛ san gɛ dɛ fɛɛ obuni. Asa sakyɔ mɛ kya tɔgɛ yɛɛ gɛ wuꞌ daa.","If you want to get something good in this world, you have to work hard and not just sit idle. You should always do your best, and then you will see the results. But if you are lazy, you will not get anything.",output_proprietary_batch1,19.992894767779738,42.13287322556836,3.191180736872643
"John said, “Teacher, we saw a man using your name to force demons out of people. But he wasn't one of us, and we told him to stop.”","Ne Gyɔn gi tɔgɛ sa Yesu yɛɛ, “Ɔbelɛnsɛ, a wu ɔnyen ɔko ɔ dɛ fo-ginyen ɔ kya gya ilaa nyɛnyɛn oduduu kpɛi-kpɛi ɔ kya koso asa so. Kaasɛ mɔ mɛŋ kii ɔ bo aye dɔ, imɔso a gya mɔ yɛɛ ɔŋꞌ baa wɔra gɛnen.”","Jesus replied, “Truly, truly, I say to you, unless a person is born of water and the Spirit, he cannot enter the kingdom of God. What is born of flesh is flesh, and what is born of the Spirit is spirit.”",output_proprietary_batch1,20.807421331248,42.13287322556836,3.191180736872643
"After Jesus left, he went to Judea and then on to the other side of the Jordan River. Once again large crowds came to him, and as usual, he taught them.","Yesu gi koso lii nno, ne o kpe Gyudiya gɛsinkpan so de Gyɔɔdan ɔbon mɔ gibenbɛ giko so. Sakpii gi ti kpaa kyaabɔɔ mɔ, ne o nyiile mɔmɔ ilaa fɛɛ gɛnɔɔbono ɔ wolaa ɔ kya wɔra mɔ.","Jesus and his followers went there, and he climbed up a hill and sat down with his disciples. It was almost time for the Passover festival, a Jewish holiday.",output_proprietary_batch1,22.40201155671118,42.13287322556836,3.191180736872643
"He becomes like one person with his wife. Then they are no longer two people, but one.","de mɛꞌ bingiri nyamesɛ kolon mɔ.’ Imɔso ɔnyen mɔ‑rɛ mɔ-ka mɛŋ baa mɛ gyɛ asa anyɔ, mɛ bingiri nyamesɛ kolon.","If I speak in the tongues of men and of angels, but do not have love, I am only a resounding gong or a clanging cymbal.",output_proprietary_batch1,19.989195731444408,42.13287322556836,3.191180736872643
Some people brought their children to Jesus so he could bless them by placing his hands on them. But his disciples told the people to stop bothering him.,"Owi ɔko dɔ mɔ, asa ako mɛ kpɛ mɛ dɛ nbii ma‑a bara Yesu yɛɛ oꞌ kyu mɔ-abaa gyan nmɔ so de ɔꞌ dalaa sa mɔmɔ. Yesu akasɛbo mɔ, mɔ, mɛ kya gya mɔmɔ yɛɛ mɛꞌ kiiri nbii mɔ.","The man went there, and when he arrived he saw that children were brought to Jesus so that he would place his hands on them and bless them. Jesus’ disciples, however, rebuked the people who brought the children.",output_proprietary_batch1,49.23280043475909,42.13287322556836,3.191180736872643
"And if you want to be first, you must be everyone's slave.","ne ɔbono ɔ kya laarɛ ɔꞌ wɔra fɛye-wura mɔ, i kaaborɛ ɔꞌ wɔra mɔ-nyoro fɛɛ gɛbide sa ɔkamaasɛ.","If a monkey climbs a tree and finds honey, the hunter who finds it will surely be happy.",output_proprietary_batch1,16.479228900434403,42.13287322556836,3.191180736872643
"Jesus asked, “What do you want me to do for you?” The blind man answered, “Master, I want to see!”","Ne Yesu gi taasɛ mɔ yɛɛ, “Menɛ ne fo kya laarɛ nꞌ wɔra sa fo?” Gyaatanbo mɔ gi lɛɛ gɛnɔ yɛɛ, “Ɔbelɛnsɛ, n kya laarɛ me-ansi aꞌ bugi.”","Then Jesus asked him, “Do you want to get well?” The sick man replied, “Sir, I have no one to help me into the pool.”",output_proprietary_batch1,34.023224241751784,42.13287322556836,3.191180736872643
"They went to him and said, “Teacher, we know that you are honest. You treat everyone with the same respect, no matter who they are. And you teach the truth about what God wants people to do. Tell us, should we pay taxes to the Emperor or not?”","Asunbo mɔ mɛ kpe, ne mɛ kpaa too Yesu soso yɛɛ, “Ɔbelɛnsɛ, a wu yɛɛ fo bo gɛsintin ne fo mɛŋ selɛ ɔko. Fo berɛ, fo mɛŋ kya kerɛ nyamesɛ sakyɔ abɛɛ mɔ-nyisigyi ɔbono ɔ bo mɔ de foꞌ buu ɔko don ɔko. Fo kya nyiile asa Wurubuaarɛ ɔkpa daa gɛsintin ɔkpa so. Rom wura belɛ ɔbono ɔ kya kerɛ aye so ne ɔŋ kya son Wurubuaarɛ mɔ, i dɛ ɔkpa Wurubuaarɛ asɛ fɛɛ aꞌ sɔɔ mɔ-lɛnpoo abɛɛ a mɛŋ sa aꞌ sɔɔ?”","Then I asked, and I also asked Jesus directly, “Teacher, what should a person do if he wants to enter heaven? Please, tell me clearly so that I can also tell others who want to enter. Tell me the way to the Father so that I can follow it. Because I hear people say there are many ways, but you say the Father has only one way. Is it true that the Father has only one way, or are there many ways?”",output_proprietary_batch1,31.8427650502113,42.13287322556836,3.191180736872643
"Jesus answered, “The most important one says: ‘People of Israel, you have only one Lord and God.","Ne Yesu gi lɛɛ gɛnɔ yɛɛ, “Nbono gi tiri don nsɛnsɛ mɔ ne n gyɛ nbono gi kya tɔgɛ yɛɛ, ‘Isirale awura, fɛꞌ yela fɛye-aso de fɛꞌ nu! Aye-Wura Wurubuaarɛ gyɛ daa ɔkolon.","And Jesus answered them, “How can people say that the Christ is David’s son? For David himself says in the book of Psalms, ‘The Lord said to my Lord, Sit at my right hand until I make your enemies your footstool.’ David calls him Lord, so how is he his son?”",output_proprietary_batch1,29.869886267979073,42.13287322556836,3.191180736872643
Jesus told his disciples to gather around him. Then he said: I tell you that this poor widow has put in more than all the others.,"Yesu gi wu gɛnen mɔ, ɔ terɛ mɔ-akasɛbo mɔ, ne o nyiile mɔmɔ yɛɛ, “Iŋ gyɛ fɛ wu okulaabo yenbo baarɛ? Gɛsintin ne nꞌ kya tɔgɛ fɛye faa, ɔkyii baarɛ gi kyɛɛ Wurubuaarɛ aterenbi don asa sɛnsɛ abono mɛ kya too mɔ pɛwu.","Jesus answered him, “Are you a teacher of Israel and do not understand these things? Truly, truly, I say to you, we speak of what we know, and we bear witness to what we have seen, but you do not receive our testimony.",output_proprietary_batch1,23.77896406334117,42.13287322556836,3.191180736872643
"If you are out in the field, don't go back for your coat.","Fo ɔbono fo bo ndɔɔ dɔ gɛnen owi ɔbono mɔ, gɛŋ baa kii ba gɛwi yɛɛ fo kya ba de foꞌ baa kyu fo-gikuru.","If someone does not know their own language well, they cannot teach their children or help them to speak their mother tongue.",output_proprietary_batch1,15.630859956733614,42.13287322556836,3.191180736872643
"Learn a lesson from a fig tree. When its branches sprout and start putting out leaves, you know summer is near.","Ne Yesu gi da gikpalɛ sa mɔmɔ yɛɛ, “Fɛꞌ kasɛ ilaa lii gifeeya oyii so. Aye gɛrɛ mɔ, nengyene fɛ wu gifeeya ngyalenbi gi punge ne gi boori afɛdaa mɔ, fɛ kya bii yɛɛ gikyɛ gi kya fuude ne.","And Jesus said to them, “Can the wedding guests fast while the bridegroom is with them? As long as they have the bridegroom with them, they cannot fast.",output_proprietary_batch1,17.4335483479589,42.13287322556836,3.191180736872643
"No one knows the day or the time. The angels in heaven don't know, and the Son himself doesn't know. Only the Father knows.","“Gɛkɛ gɛbono abɛɛ owi ɔbono nan kii ba mɔ berɛ, ɔko mɛŋ nyi. Wurubuaarɛ dɔ isɔɔ gbaa mɛ mɛŋ nyi, ne me, Wurubuaarɛ mɔ-bi mɔ kee, meŋ nyi, gɛnen mɔ, me-sɛ Wurubuaarɛ mɔ-nkon ne n nyi.","If someone does something bad to you, do not do the same to them. God says you should not do that, because God is the one who judges, not you, so let God be the judge, not you.",output_proprietary_batch1,18.482657820412626,42.13287322556836,3.191180736872643
"But if he comes suddenly, don't let him find you asleep.",Meŋꞌ kya laarɛ fɛɛ nꞌ baa tuule fɛye ibono fɛ mɛŋ dɛsɛ.,"If you want to go, you should tell me so that I know.",output_proprietary_batch1,13.039508188093944,42.13287322556836,3.191180736872643
more to the birth of the Messiah. The Birth of Jesus (Luke,"Asoro mɔ-bi ne n gyɛ Sadokɛ. Sadokɛ mɔ-bi ne n gyɛ Akim, Akim mɔ-bi ne n gyɛ Eliwudi.","Asor was the father of Sadok. Sadok was the father of Akim, Akim was the father of Elihud.",output_proprietary_batch2,16.052097652115677,42.13287322556836,3.191180736872643
"While Joseph was thinking about this, an angel from the Lord appeared to him in a dream. The angel said, “Joseph, the baby that Mary will have is from the Holy Spirit. Go ahead and marry her.","Ɔ kya sa gɛnen gɛwɔnsa gɛdɛ mɔ, ɔ naa dɛ ginsi gidɛ, ne Wurubuaarɛ dɔ ɔsɔɔ ɔko gi ba mɔ asɛ oderi dɔ, ne ɔ tɔgɛ sa mɔ yɛɛ, “Gyosɛfo, Wura Deefidi mɔ-naana, gɛŋ sa foꞌ selɛ yɛɛ foŋ baa dena fo-ka Mariya. Ɔtɔ ɔbono ɔ dɛ faa, Wurubuaarɛ Oduduu mɔ ne n yɛgɛ ne ɔ dɛ mɔ.","He was still thinking about these things when an angel of the Lord appeared to him in a dream and said, “Joseph, descendant of David, do not be afraid to take Mary as your wife. For the child she is carrying is by the Holy Spirit.",output_proprietary_batch2,52.903440931199306,42.13287322556836,3.191180736872643
"and said, “Where is the child born to be king of the Jews? We saw his star in the east and have come to worship him.”","Mɛ baa taasɛ yɛɛ, “Aꞌ kerɛ gɛbii gɛbono mɛ korogɛ ne gɛ laa baa gyi gɛwura sa Gyuda awura mɔ. A wu gɛmɔ-gigyɛkpebi gi baa lii de owi ɔbaaliiten so. Imɔ ne a ba de aꞌ baa ŋmii gɛmɔ de aꞌ kyu buubuu ɔbono ɔ gyɛ gɛmɔ-lɛɛ mɔ kyu sa gɛmɔ faa.”","And he also said, “The one who has dipped his hand into the bowl with me will betray me. The Son of Man will go just as it is written about him. But woe to that man who betrays the Son of Man! It would be better for him if he had not been born.”",output_proprietary_batch2,25.516751527979757,42.13287322556836,3.191180736872643
"After King Herod died, an angel from the Lord appeared in a dream to Joseph while he was still in Egypt.","Wura Hɛrodɛ lɛwu gɛmara mɔ, Wurubuaarɛ dɔ ɔsɔɔ ɔko gi baa lɛɛ mɔ-nyoro nyiile Gyosɛfo oderi dɔ Igyipiti.","After Herod died, an angel of the Lord appeared in a dream to Joseph in Egypt.",output_proprietary_batch2,66.443207700127,42.13287322556836,3.191180736872643
Joseph got up and left with them for Israel.,Gɛnen so Gyosɛfo gi koso puru gɛbii mɔ gɛmɔ‑rɛ gɛmɔ-nyi kii kpe Isirale gɛsinkpan so.,Then the Lord continued to speak to Moses and Aaron about the Israelites.,output_proprietary_batch2,22.8876867237158,42.13287322556836,3.191180736872643
"He said, “Turn back to God! The kingdom of heaven will soon be here.”",“Fɛꞌ nu fɛye-nyoro gɛsɛ de fɛꞌ kyɛɛgɛ lii ilaa nyɛnyɛn giwɔra dɔ. Idɛ kon ne Wurubuaarɛ laa yɛgɛ mɔ-gɛwuragyi dɔ akyenabi aꞌ ba asa dɔ.”,"If you want to truly understand, then you must listen carefully to the words of the elders. This is how Wurubuaarɛ became a wise leader among the people in the olden days.",output_proprietary_batch2,15.402689229196243,42.13287322556836,3.191180736872643
From Jerusalem and all Judea and from the Jordan River Valley crowds of people went to John.,"Ɔ bo gipen mɔ dɔ nno mɔ, asa sakyɔ mɛ kya lii Gyɛrusalem ɔsowolɛ so, Gyudiya gɛsinkpan pɛwu so, de gɛsinkpan gɛbono gɛ kyaabɔɔ Gyɔɔdan ɔbon mɔ pɛwu so mɛ kya kpe mɔ asɛ.","If anyone asks you why you are untying it, say, ""The Lord needs it,"" and they brought it to Jerusalem, to the Mount of Olives, to the region of Bethphage and Bethany, at the hill called the Mount of Olives.",output_proprietary_batch2,23.427665352877597,42.13287322556836,3.191180736872643
"Finally, the devil took Jesus up on a very high mountain and showed him all the kingdoms on earth and their power.","Yesu gi kii kine gɛnen mɔ, ilaa nyɛnyɛn pɛwu gɛmu mɔ gi kyu Yesu kpe gibii belɛ giko gimu so, ne ɔ yɛgɛ Yesu gi wu gɛsinkpan so isowolɛ kpɛi-kpɛi pɛwu imɔ‑rɛ imɔ-nyisigyi mɔ.","Jesus said these words, and when he had finished speaking, they took Jesus and led him away, and they crucified Jesus between two criminals, one on his right and one on his left.",output_proprietary_batch2,31.228015262587792,42.13287322556836,3.191180736872643
"“Listen, lands of Zebulun and Naphtali, lands along the road to the sea and across the Jordan. Listen Galilee, land of the Gentiles!",yɛɛ “Fɛꞌ nu Sɛbulun de Nafitali nsinkpan so asa ilaa. Gɛnen gɛsinkpan gɛbono gɛ bo de Gyɔɔdan ɔbon gibenbɛ giko so kyu kpe de Galeli ɔbon belɛ mɔ asɛ. Asa sakyɔ abono mɛ mɛŋ kya son Wurubuaarɛ mɔ mɛ tɛ saarɛ Gyuda awura dɔ Galeli nno.,"“Land of Zebulun and land of Naphtali, the way to the sea, beyond the Jordan, Galilee of the Gentiles. The people living in darkness have seen a great light; on those living in the land of the shadow of death a light has dawned.”",output_proprietary_batch2,47.549225394050524,42.13287322556836,3.191180736872643
"While Jesus was walking along the shore of Lake Galilee, he saw two brothers. One was Simon, also known as Peter, and the other was Andrew. They were fishermen, and they were casting their net into the lake.","Gɛkɛ gɛdɛ mɔ, Yesu naa Galeli ɔbon belɛ mɔ gigengen so mɔ, o wu iken alɛɛbo anyɔ ako, Simon Piita mɔ‑rɛ mɔ-tedɛ Andiru, mɛ kya too asɛwu.","One day, as Jesus was standing by the Lake of Galilee, he saw two brothers, Simon Peter and his brother Andrew, casting a net into the lake.",output_proprietary_batch2,42.15883181769387,42.13287322556836,3.191180736872643
God blesses those people who are merciful. They will be treated with mercy!,Amudɛnsɛbo ne n gyɛ asa abono mɛ kya su asa gitolon mɔ. Wurubuaarɛ laa su mɔmɔ gitolon kee.,The farmer and his wife went to the farm to plant yams. They worked together to plant the yams.,output_proprietary_batch2,20.218091049638023,42.13287322556836,3.191180736872643
"You know our ancestors were told, “Do not murder” and “A murderer must be brought to trial.”","“Fɛ nu yɛɛ dedaa mɔ, Wurubuaarɛ nbara aŋmarasɛbo mɔ mɛ tɔgɛ yɛɛ, ‘Fɛŋ sa fɛꞌ mɔɔ isa. Ɔbono ɔ mɔɔ isa mɔ, mɛꞌ kperɛ mɔ nbɛlɛ agyibo asɛ.’","When they were still there, the leader called the children and said, ‘Who among you will go? Whoever among you will go, I will give him a new dress.’",output_proprietary_batch2,16.160677649679876,42.13287322556836,3.191180736872643
"Before you are dragged into court, make friends with the person who has accused you of doing wrong. If you don't, you will be handed over to the judge and then to the officer who will put you in jail.","Nengyene ɔko gi terɛ fo ɔko nbɛlɛ ne fɛ kya kpe nbɛlɛ mɔ ogyiten mɔ, fɛꞌ wolaa tɔgɛ lɔrɔ ɔkpa dɔ nno pɛi de fɛꞌ lɔɔ loo. I mɛŋ gyɛ gɛnen mɔ, foŋbii ɔ laa kyu fo kpe nbɛlɛ ogyibo mɔ asɛ de ɔbono, mɔ, oꞌ kyu fo kpaa wɔra ngbɛ awura ɔbelɛnsɛ abaa dɔ de ɔꞌ keda fo tii de obu.","When you go to the farm and you see a snake, do not be afraid of the snake itself, but be careful of where you step so that you do not step on it. If you are wise, your child will also see a snake and not be afraid, but will know how to walk carefully in the bush and avoid danger.",output_proprietary_batch2,30.34633639144389,42.13287322556836,3.191180736872643
"But I tell you not to try to get even with a person who has done something to you. When someone slaps your right cheek, turn and let that person slap your other cheek.","Me, mɔ, n kya tɔgɛ mi‑i sa fɛye yɛɛ nengyene ɔko gi wɔra fo ɔko ilaa nyɛnyɛn mɔ, gɛŋ sa foꞌ kyu ilaa nyɛnyɛn ka mɔ gikɔ. Ɔko gi da fo ɔtan gyisɛ so mɔ, kisee benɛ-lɛɛ mɔ kee sa mɔ de oꞌ kii da.","As for me, I will not give you what you want because you do not respect me, and if you do not respect me, I will not help you. If you treat me well, then I will also treat you well.",output_proprietary_batch2,20.630891863963473,42.13287322556836,3.191180736872643
"When people ask you for something, give it to them. When they want to borrow money, lend it to them. Love (Luke","Ɔko gi kolɛ fo ilaa iko ne fo bo mɔ, sa mɔ. Ne ɔko kya laarɛ de ɔꞌ paa fo ilaa iko ne fo bo imɔ mɔ, paa mɔ.","If someone gives you something and you don't like it, leave it. But if someone does something bad to you and you don't like it, say it.",output_proprietary_batch2,23.870105179472382,42.13287322556836,3.191180736872643
"When you pray, don't be like those show-offs who love to stand up and pray in the synagogues and on the street corners. They do this just to look good. I can assure you that they already have their reward.","“Fɛ laa dalaa kee mɔ, fɛŋ sa fɛꞌ wɔra fɛɛ asa abono mɛ kya son Wurubuaarɛ ansi so giyan mɔ. Mɛ kya dalaa mɔ, mɔmɔ-ilaa laarɛsɛ ne n gyɛ yɛɛ mɛꞌ kpaa yelɛ mɔmɔ-akyangbon dɔ abɛɛ sansana de nyamesɛ kamaasɛ ɔꞌ nyɛ wu mɔmɔ yɛɛ mɔmɔ ne n yelɛ mɛ kya dalaa faa. Gɛsintin ne nꞌ kya tɔgɛ fɛye faa, mɛ kya wɔra gɛnen mɔ, ntɛɛla nbono mɛ laa nyɛ mɔ pɛwu ne.","If you do this to me, and you do not let me go to the farm today, I will not be happy. I will not do it, because you know that I have always helped you and have never refused to do what you ask of me. But if you insist on this, I will not be pleased, and I will not do what you want me to do.",output_proprietary_batch2,23.257948596552485,42.13287322556836,3.191180736872643
"When you pray, go into a room alone and close the door. Pray to your Father in private. He knows what is done in private and will reward you.","Fɛye berɛ, fo ɔko fo laa dalaa mɔ, loo fo-obu dɔ de foꞌ tii gisin wɔra fo-nyoro de foꞌ dalaa sa fo-sɛ Wurubuaarɛ ɔbono asa mɛŋ kya wu mɔ de ansi mɔ. Mɔ ɔbono ɔ kya wu asiiri dɔ mɔ laa nu fo-gɛdalaa.","Long ago, if you went to the forest alone, and you met someone and did not greet them, it was believed that the spirit of the forest would make you get lost and not return. The spirit would hide your path so you could not find your way back.",output_proprietary_batch2,23.901000615376645,42.13287322556836,3.191180736872643
"But more than anything else, put God's work first and do what he wants. Then the other things will be yours as well.","Fɛye berɛ, fɛꞌ laarɛ daa gɛnɔɔbono Wurubuaarɛ gɛwuragyi dɔ akyenabi a laa ba asa dɔ mɔ de fɛꞌ nyanga ansi gyi gɛsintin sa Wurubuaarɛ. Fɛ ti fɛ kya wɔra gɛnen mɔ, Wurubuaarɛ laa yɛgɛ ilaa sɛnsɛ idɛana pɛwu kee iꞌ yii fɛye-abaa.","Long ago, when the world was still young, the Creator sent a message to the people so that they would know how to live well and not bring trouble to the world. But before the message could reach them, the Creator saw that people had already started doing things their own way.",output_proprietary_batch2,27.38769796992505,42.13287322556836,3.191180736872643
Your heart will always be where your treasure is. Light (Luke,I lii fɛɛ nfono fɛye-atɔ a bo mɔ nfono kee ne fɛye-nwɔnsa gi bo.,"If you have one hand, you can do something, but if you have two hands, you can do more.",output_proprietary_batch2,11.639605461812833,42.13287322556836,3.191180736872643
"But when your eyes are bad, everything is dark. If the light inside you is dark, you surely are in the dark. Money (Luke","Ne fɛɛ fɛye-ansi aŋ boran mɔ, fɛye-ilaa kamaasɛ i bo daa gibiri dɔ. Nengyene feyɛ-gɛwɔnsa gɛbono gɛ kya yɛgɛ fɛ kya nu ilaa gɛsɛ mɔ gɛ nyida mɔ, fɛ laa wɔra fɛɛ agyaatanbo. Fɛ laa tansi kyena gibiri dɔ sirim!","If you want to do something good, do it with all your heart. Sometimes good things take time before you see their results, but do not give up. Do not stop doing good things!",output_proprietary_batch2,21.425482080301986,42.13287322556836,3.191180736872643
You cannot be the slave of two masters! You will like one more than the other or be more loyal to one than the other. You cannot serve both God and money. Worry (Luke,"“Nyamesɛ ɔko mɛŋ bo no ɔ laa taalɛ son awura anyɔ. Ɔ laa laarɛ ɔko ilaa de ɔꞌ kyo ɔko, abɛɛ ɔ laa buu ɔko, ne ɔ maŋ kyu ɔbanban mɔ terɛ sɛi. Fɛ maŋ taalɛ son Wurubuaarɛ de fɛꞌ kii son aterenbi. Fɛŋ Sa Fɛꞌ Suiili Kyu Lii Fɛye-Gɛkyena Dɔ Ilaa Tirisɛ So","God says that if someone does not forgive another person, just as he does not forgive, so he will not be forgiven, and he will be punished on the last day. We should forgive others as Wurubuaarɛ (the Merciful One) forgives us always. This is what the Holy Book teaches us to do.",output_proprietary_batch2,25.520826731923147,42.13287322556836,3.191180736872643
"God gives such beauty to everything that grows in the fields, even though it is here today and thrown into a fire tomorrow. God will surely do even more for you! Why do you have such little faith?","Iyii ibono i kya bingiri ngya mɔ gbaa ne Wurubuaarɛ kya gyere imɔ lɔrɔ kanpɛ faa. Fɛye anyamesɛ ne ɔ laa lɛɛ ansi yɛgɛ de fɛꞌ naa gibolonbukpan? O, fɛye asa adɛ! Gisɔɔgyi gibono fɛ bo sa Wurubuaarɛ mɔ giŋ kyɔ.","This thing that you are asking me about, I don't know much about Wurubuaarɛ, so I can't say much. But what is it that you want to know about it? Oh, but thank you! Maybe someone else knows more about Wurubuaarɛ than I do.",output_proprietary_batch2,20.673823094584414,42.13287322556836,3.191180736872643
"As bad as you are, you still know how to give good gifts to your children. But your heavenly Father is even more ready to give good things to people who ask.",Fɛye abono fɛ gyɛ ilaa nyɛnyɛn awura mɔ gbaa ne n kya bii kyu ilaa dɛnsɛ kyu sa fɛye-biana faa. Menɛtɔ so ne aye-sɛ ɔbono ɔ bo soso mɔ maŋ kyu ilaa dɛnsɛ kyu sa asa abono mɛ kya kolɛ mɔ mɔ?,"When you eat a fruit and throw away the seed, do you know if that seed will grow into a big tree? So why do you judge someone just because you don't know what they will become in the future?",output_proprietary_batch2,20.810626882000463,42.13287322556836,3.191180736872643
"Would any of you give your hungry child a stone, if the child asked for some bread?",Fɛye dɔ ɔsɛ ɔmɔ ne n bo no yɛɛ mɔ-bi laa kolɛ mɔ bodobodo de oꞌ kyu daa gibui kyu sa mɔ?,"If someone says that his or her head hurts, what should the person do to make it stop hurting?",output_proprietary_batch2,20.27256777991647,42.13287322556836,3.191180736872643
Every tree producing bad fruit will be chopped down and burned.,Oyii kamaasɛ ɔbono ɔ maŋ sɔrɔ abi dɛnsɛ mɔ mɛ laa ŋɛ mɔ kyu wɔra ɔgya dɔ.,"If someone is angry, you should give them time so that they can calm down.",output_proprietary_batch2,14.798792953298623,42.13287322556836,3.191180736872643
"Rain poured down, rivers flooded, and the winds blew and beat against that house. Finally, it fell with a crash.","Gɛkɛ gɛdɛ mɔ, nyangbon de afuu belɛ a baa da, ne ibon i bɔla baa da de obu mɔ. Obu mɔ yii daa giŋɛsii so so mɔ, ɔ tɔrɔ daa wurum!”","Long ago, God gave everyone a bag, and told each person to put their bad things in their own bag. That bag became so heavy that no one could carry it!",output_proprietary_batch2,20.440937975043187,42.13287322556836,3.191180736872643
"But I will tell them, “I will have nothing to do with you! Get out of my sight, you evil people!” Two Builders (Luke","Nfono ne nan tɔgɛ tigi mɔmɔ yɛɛ, ‘Meŋ nyi fɛye. Fɛ gyɛ daa ilaa nyɛnyɛn awɔrabo. Fɛꞌ naa me-ansi so!’ Yesu Yɛɛ Asa Mɛꞌ Gyi Mɔ-Ilaa Tɔgɛsɛ So","One of them came back shouting, ‘Thank you. Thank you for healing me. Thank you so much!’ Jesus Heals Ten Sick People",output_proprietary_batch2,15.408631228789133,42.13287322556836,3.191180736872643
"Then Jesus said to the officer, “You may go home now. Your faith has made it happen.” Right then his servant was healed. Jesus Heals Many People (Mark","Nfono ne Yesu gi tɔgɛ sa asogya ɔbelɛnsɛ mɔ yɛɛ, “Naa fo kya kpe. Iꞌ wɔra sa fo fɛɛ gɛnɔɔbono fo sɔɔ me gyi faa.” Gɛnen owi ɔbono dɔ gbaa-gbaa mɔ, mɔ-dega mɔ gi nyɛ alanfiya mɔ-gɛten dɔ. Yesu Gi Kyɛ Alɔbo Sakyɔ","One day Jesus was teaching the people and said, “Do not be afraid. I have come so that you may have life in abundance.” The people listened to him attentively, and many of them became his followers. Jesus is the Good Shepherd.",output_proprietary_batch2,27.115137496754503,42.13287322556836,3.191180736872643
"The people taking care of the pigs ran to the town and told everything, especially what had happened to the two men.","Anyen abono mɛ kya kerɛ akuuri mɔ so mɔ, mɛ selɛ kpe nten dɔ kpaa tɔgɛ ilaa ibono i ba mɔmɔ-akuuri mɔ so de ilaa ibono Yesu gi wɔra sa anyen anyɔ mɔ pɛwu sa asa.","If someone puts their hand in fire, they will get burnt, just as anyone who does not believe in Jesus will die and not have life.",output_proprietary_batch2,19.36309188732557,42.13287322556836,3.191180736872643
Jesus got into a boat and crossed back over to the town where he lived.,Yesu gi dii loo gikolii mɔ dɔ kii fara ɔbon mɔ kpe ɔsowolɛ ɔbono so ɔ tɛ mɔ.,Jesus and his disciples went to a town where there was a man who had an evil spirit.,output_proprietary_batch2,28.84354353615248,42.13287322556836,3.191180736872643
"But Jesus knew what was in their minds, and he said, “Why are you thinking such evil things?","Yesu gi bii mɔmɔ-nwɔnsa dɔ. Imɔso ɔ taasɛ mɔmɔ yɛɛ, “Menɛ n wɔra so ne fɛ kya sa gɛnen nwɔnsa nyɛnyɛn ndɛ?","Jesus and the children were washing hands. Then he asked them, “Why do people wash their hands before eating food these days?”",output_proprietary_batch2,26.60607763659909,42.13287322556836,3.191180736872643
"Some followers of John the Baptist came and asked Jesus, “Why do we and the Pharisees often go without eating, while your disciples never do?”","Nfono mɔ Gyɔn ɔbono ɔ gyere asa Wurubuaarɛ sagyere mɔ akasɛbo ako mɛ ba Yesu asɛ baa taasɛ mɔ yɛɛ, “Aye‑rɛ Farasii awura a kya ŋminde nnɔ. Ne menɛ n wɔra ne fo-lɛɛ akasɛbo mɔ berɛ mɛŋ kya ŋminde nnɔ daa?”","One day Jesus was teaching the people when some Pharisees came to test him. They asked, “Teacher, is it right for a man to divorce his wife for any reason?”",output_proprietary_batch2,29.169796385465773,42.13287322556836,3.191180736872643
A woman who had been bleeding for twelve years came up behind Jesus and barely touched his clothes.,"Mɛ kya kpe mɔ, ɔkyii ɔko gi naa de Yesu gɛmara-gɛmara, ne ɔ kpaa yii Yesu gɛgbɛ ginɛbi. I kya da de gɛnen ɔkyii ɔbono mɔ, imɔ-nsi gudu nnyɔ ne.","When I was there, they told the story of how Jesus suffered, and how they crucified Jesus on the cross. I was sad because of how they treated him, it touched my heart very much.",output_proprietary_batch2,25.38680768857013,42.13287322556836,3.191180736872643
"But after the crowd had been sent out of the house, Jesus went to the girl's bedside. He took her by the hand and helped her up.","Yesu gi gya mɔmɔ lii mɔ, ɔ loo obu ɔbono dɔ obuni mɔ dɛ mɔ. Ɔ kpaa keda mɔ gibaa dɔ, ne o kyingi koso yelɛ.","Jesus said to them, ""Truly, truly I say to you, whoever believes in me has eternal life.""",output_proprietary_batch2,16.749809743844345,42.13287322556836,3.191180736872643
"Jesus touched their eyes and said, “Because of your faith, you will be healed.”","Nfono ne Yesu gi kyu mɔ-abaa gyan mɔmɔ-ansi mɔ so, ne ɔ tɔgɛ yɛɛ, “Iꞌ wɔra fɛɛ gɛnɔɔbono fɛ sɔɔ me gyi mɔ sa fɛye.”","One day Jesus was with his disciples in a boat, and he said, “Let us go over to the other side of the lake.”",output_proprietary_batch2,25.123275686582886,42.13287322556836,3.191180736872643
"But the Pharisees said, “The leader of the demons gives him the power to force out demons.” Jesus Has Pity on People","Farasii gikpen mɔ dɔ awura berɛ, mɛ kya tɔgɛ daa yɛɛ, “Ilaa nyɛnyɛn oduduu pɛwu gɛmu mɔ ne n kya sa Yesu ɔlon. Imɔso ne ɔ kya taalɛ gya ilaa nyɛnyɛn oduduu koso asa so gɛnen.” Yesu Gi Su Asa So","The horse was tied at the master's time, and I heard someone say, ""No one can untie the black rope except the one called Jesus. Only he has the power to untie the black rope tied on the horse."" Jesus is the one with the power.",output_proprietary_batch2,25.172801182839027,42.13287322556836,3.191180736872643
Jesus went to every town and village. He taught in their synagogues and preached the good news about God's kingdom. Jesus also healed every kind of disease and sickness.,"Yesu gi naa de isowolɛ belɛ-belɛ de iburu-buru ibono i kyaabɔɔ gɛnen gɛsinkpan gɛbono so mɔ pɛwu. Ɔ naa Gyuda awura akyangbon dɔ ɔ kya nyiile asa Wurubuaarɛ gɛwuragyi dɔ akyenabi mɔ so ilaa. Wurubuaarɛ ɔkalan konkonsɛ mɔ ne ɔ dɛ ɔ naa gɛnen, ne ɔ kya kyɛ asa alɔbi kpɛi-kpɛi kamaasɛ.","Jesus went to the garden often to pray and talk with his Father in heaven about many things. Judas knew the place because he had often gone there with Jesus and the other disciples. Jesus prayed deeply there, and he talked with his Father about what was going to happen, and he prayed for his friends as well.",output_proprietary_batch2,29.182113166431623,42.13287322556836,3.191180736872643
And don't carry a traveling bag or an extra shirt or sandals or a walking stick. Workers deserve their food.,Fɛ mɛŋꞌ puru ba‑a atɔ ɔwɔraten abɛɛ gɛgbɛ giwɔra nyɔsɛ. Fɛ mɛŋꞌ puru ayaawolɛ abɛɛ oyii tugɛsɛ keda. Gɛsun ɔwɔrabo gi kaaborɛ ɔꞌ nyɛ mɛꞌ kerɛ mɔ so.,If you want to get something good you must work hard. If you want happiness you must do what is right. Only a lazy person sits and waits for things to come.,output_proprietary_batch2,20.3968442247689,42.13287322556836,3.191180736872643
"Anyone who welcomes a prophet, just because that person is a prophet, will be given the same reward as a prophet. Anyone who welcomes a good person, just because that person is good, will be given the same reward as a good person.","Ɔbono o wu Wurubuaarɛ ikalan ɔtɔgɛbo bii, ne gɛnen so ne ɔ sɔɔ mɔ abaa anyɔ mɔ, ɔ laa nyɛ Wurubuaarɛ ikalan ɔtɔgɛbo ntɛɛla Wurubuaarɛ asɛ. Ɔbono o wu bii yɛɛ ɔko kya gyi gɛsintin sa Wurubuaarɛ, ne gɛnen so ne ɔ sɔɔ mɔ abaa anyɔ mɔ, ɔ laa nyɛ gɛsintin agyibo ntɛɛla Wurubuaarɛ asɛ.","If someone kills a Wurubuaarɛ person intentionally, and it is proven that he did it, he must also be killed intentionally as punishment for the Wurubuaarɛ person. If someone kills a person by accident and it is proven that he did it, he must pay compensation as punishment for the Wurubuaarɛ person.",output_proprietary_batch2,27.212075086961846,42.13287322556836,3.191180736872643
What kind of man did you go out to see? Was he someone dressed in fine clothes? People who dress like that live in the king's palace.,"Ne ɔŋ dɛ gɛnen mɔ, nnɛ ne ɔ dɛ? Fɛ wu o bun gikuru dɛnsɛ? Kuaa, nkana akuru dɛnsɛ abunbo ne fɛ kya laarɛ de fɛꞌ kpaa kerɛ berɛ mɔ, ɔfaanan fɛ kpe daa awura-awura nwi.","Who is that person, and where is he from? Do you know how to speak Gikyode? Yes, I know how to speak Gikyode a little, but I am still learning so I make mistakes sometimes.",output_proprietary_batch2,21.73275241888932,42.13287322556836,3.191180736872643
"Some Pharisees noticed this and said to Jesus, “Why are your disciples picking grain on the Sabbath? They are not supposed to do this!”","Farasii gikpen mɔ dɔ ako mɛ wu mɔmɔ gɛnen mɔ, mɛ tɔgɛ sa Yesu yɛɛ, “Kerɛ, fo-akasɛbo mɔ mɛ kya kyadɛ awayu adɛ faa, gɛsun ne mɛ kya wɔra aye-gɛkɛ kyoolasɛ mɔ faa. Aye-nbara mɔ giŋ kya sa ɔkpa gɛnen.”","The Pharisees came and asked him to test him, “Teacher, is it lawful for a man to divorce his wife for any reason?” He answered and said, “Have you not read that in the beginning the Creator made them male and female?”",output_proprietary_batch2,27.699136289482627,42.13287322556836,3.191180736872643
Haven't you read in the Law of Moses that the priests are allowed to work in the temple on the Sabbath? But no one says they are guilty of breaking the law of the Sabbath.,"Ne fɛŋ ti kalɛ Wurubuaarɛ agyɛbi dɔ nfono mɛ ŋmarasɛ Wurubuaarɛ asunbi alɛɛbo gɛsun wɔrasɛ ilaa mɔ? Nno i kya nyiile yɛɛ Wurubuaarɛ asunbi alɛɛbo mɔ mɛ bo mɔmɔ-gɛsun wɔrasɛ mɛ kya wɔra Wurubuaarɛ ɔson obu mɔ dɔ gɛkɛ kyoolasɛ, ne Wurubuaarɛ mɛŋ kya kyu imɔ yɛɛ mɛ tɔrɔ gɛkɛ kyoolasɛ nbara.","Why do we call the month of Ramadan a holy month? It is because during the month of Ramadan, God commands us to fast, and God has told us to do this so that we may become righteous, and God wants us to obey Him and become righteous people.",output_proprietary_batch2,21.506573393878856,42.13287322556836,3.191180736872643
"Don't you know what the Scriptures mean when they say, “Instead of offering sacrifices to me, I want you to be merciful to others?” If you knew what this means, you would not condemn these innocent disciples of mine.","Wurubuaarɛ gi tɔgɛ yela mɔ-agyɛbi ɔwolɛ dɔ yɛɛ, ‘Me Wurubuaarɛ, n kya laarɛ fɛꞌ su asa gitolon; i mɛŋ gyɛ asunbi abono fɛ laa lɛɛ sa me mɔ ne nꞌ kya laarɛ.’ Fɛmɛn nu agyɛbi adɛ gɛsɛ mɔ, nkana fɛ maŋ bun me-akasɛbo adɛ gipuɛɛ. I lii fɛɛ mɛ mɛŋ wɔra ilaa nyɛnyɛn iko.","The Lord spoke to me and said, ‘My servant, do not be afraid of what they will say; I will give you the right words to speak so that you will not be afraid.’ When I heard these words, my heart was filled with peace. I knew that I would not be alone.",output_proprietary_batch2,26.536583611160765,42.13287322556836,3.191180736872643
"When Jesus found out what was happening, he left there and large crowds followed him. He healed all of their sick,","Yesu gi nu yɛɛ mɛ da gɛdɛ mɛ kya laarɛ mɔ-imɔɔten mɔ, ɔ lii nfono kpe gɛten pobɔrɔ. Ɔ kya kpe mɔ, sakpii belɛ ɔko gi buu mɔ. Ɔ kyɛ abono pɛwu mɛ kya lɔ mɔ,","Jesus said that he will give his body for the people, he took bread and broke it. He gave it to them, saying this is my body. He took a cup and gave it to them,",output_proprietary_batch2,21.069559303674794,42.13287322556836,3.191180736872643
"If you are not on my side, you are against me. If you don't gather in the harvest with me, you scatter it.","“Fɛꞌ nu yɛɛ ɔbono ɔŋ kya buu me mɔ kya sɔɔ akyɔɔlɛ de me ne. Ɔbono ɔŋ kya kpaa me de nꞌ koola asa mɔ, ɔ kya yaasɛ mɔmɔ ne.","When I was in the bush, a monkey threw a fruit at me and ran away with my food. The monkey also took my hat, and I couldn't catch it.",output_proprietary_batch2,23.26679028149405,42.13287322556836,3.191180736872643
"Some people brought to Jesus a man who was blind and could not talk because he had a demon in him. Jesus healed the man, and then he was able to talk and see.","Imɔ idɛ gɛmara mɔ, asa ako mɛ kyu ɔnyen ɔko kyu bara Yesu. Gɛnen ɔnyen mɔ gyɛ gyaatanbo ne o kii ɔ gyɛ omuumuu. I kya nyiile yɛɛ ilaa nyɛnyɛn oduduu tɛ mɔ so. Yesu gi kosorɛ gɛnen oduduu nyɛnyɛn ɔbono lii ɔnyen mɔ so, ne ɔ taalɛ ɔ kya tɔngɛ ne ɔ kya wu ilaa.","When the man saw him, he cried out and fell down before Jesus. The spirit shouted loudly and made him foam at the mouth. It had often seized him and though he was chained and kept under guard, he would break the chains and be driven by the demon into solitary places. Jesus commanded the evil spirit to come out of the man, and it threw him down before them and came out without injuring him.",output_proprietary_batch2,31.43924999803619,42.13287322556836,3.191180736872643
"When an evil spirit leaves a person, it travels through the desert, looking for a place to rest. But when the demon doesn't find a place,","“Nengyene ilaa nyɛnyɛn oduduu i koso isa so mɔ, i kya naa kingi, ne i kya wɔra imɔ fɛɛ i naa gɛsinkpan so nfono nkyu giŋ bo mɔ. I naa i naa i kya laarɛ ɔkyoolaten. Nengyene iŋ nyɛ ɔkyoolaten mɔ,","If you want to do something good in this world, you must be patient, and you must also be ready to face challenges that will come your way. You must be strong-hearted. If you are not strong-hearted,",output_proprietary_batch2,20.279669148436312,42.13287322556836,3.191180736872643
"I promise you on the day of judgment, everyone will have to account for every careless word they have spoken.","N kya tɔgɛ mi‑i sa fɛye yɛɛ gɛkɛ gɛbono Wurubuaarɛ laa gyi anyamesɛ pɛwu nbɛlɛ mɔ, anyantɔgɛ kamaasɛ abono fo ɔko fo tɔgɛ mɔ fo laa yelɛ Wurubuaarɛ ansi dɔ lɛɛ fo-gɛnɔ ilaa ibono so fo tɔgɛ amɔ mɔ.","And I want to say that the reason why we celebrate Easter is because Jesus died for us, and rose again to give us life, so that we may believe in him and have eternal life.",output_proprietary_batch2,19.359379579720596,42.13287322556836,3.191180736872643
"Someone told Jesus, “Your mother and brothers are standing outside and want to talk with you.”","Ɔko gi tɔgɛ sa Yesu yɛɛ, “Kerɛ, fo-nyi de fo-tedɛana mɛ yelɛ nŋmaŋman mɛ kya laarɛ mɛꞌ wu fo.”","He went and asked Jesus, “Lord, what must I do so that I will have eternal life?”",output_proprietary_batch2,20.594999795016708,42.13287322556836,3.191180736872643
"Jesus answered, “Who is my mother and who are my brothers?”","Yesu gi lɛɛ gɛnɔ taasɛ mɔ yɛɛ, “Anɛ ne n gyɛ me-nyi? Anɛana ne n gyɛ me-tedɛana?”","Jesus turned around and asked them, “What do you want from me? Why are you following me?”",output_proprietary_batch2,23.205675285767235,42.13287322556836,3.191180736872643
"Other seeds fell on thin, rocky ground and quickly started growing because the soil wasn't very deep.","Ayu mɔ ako, mɔ, a tɔrɔ kpandan so. Amɔ abono a kpaala kɔrɔ. I kya nyiile yɛɛ isɛ ibono i bo kpandan mɔ so mɔ iŋ kyɔ,","If you go, go, and do not look back. What is ahead is better. If you see something that makes you want to look back, keep going forward and do not stop.",output_proprietary_batch2,21.44811833806308,42.13287322556836,3.191180736872643
"The servants came and asked, “Sir, didn't you scatter good seed in your field? Where did these weeds come from?”","Nfono mɔ dɔɔbo mɔ adega mɔ mɛ baa taasɛ mɔ yɛɛ, ‘Ɔbelɛnsɛ, iŋ gyɛ awayu ne fo duu fo-ndɔɔ mɔ dɔ? Fonɛ dɔ ne ifɛ idɛ ɔnan i lii?’","Then the woman went to her husband and asked him, ‘Please, do you know what your child did today? Should I tell you or should I keep quiet?’",output_proprietary_batch2,24.280513554953234,42.13287322556836,3.191180736872643
“No!” he answered. “You might also pull up the wheat.,"Ɔ lɛɛ gɛnɔ yɛɛ, ‘Kuaa. Nengyene fɛ laa kyigi ifɛ mɔ mɔ, fɛ laa naa kyigi dabɔlɛ de awayu mɔ.","He/she said, ‘Okay. If you want to take this one, take it, but if you want to take the other one, take that one instead.’",output_proprietary_batch2,13.822042445298305,42.13287322556836,3.191180736872643
"After Jesus left the crowd and went inside, his disciples came to him and said, “Explain to us the story about the weeds in the wheat field.”","Yesu gi tɔngɛ ta mɔ, ɔ lɛɛ sakpii mɔ ɔkpa, ne ɔ naa kpaa loo gɛten dɔ. Ɔ loo gɛten dɔ mɔ, mɔ-akasɛbo mɔ mɛ ba mɔ asɛ baa taasɛ mɔ yɛɛ, “Ifɛ mɔ gikpalɛ gibono fo da mɔ gɛsɛ ne n gyɛ yɛɛ menɛ?”","Jesus and his disciples were walking, and he saw a fig tree by the road. When he went up to it, he found nothing on it except leaves. Then he said to it, ""May you never bear fruit again!""",output_proprietary_batch2,29.12083455785302,42.13287322556836,3.191180736872643
"Jesus asked his disciples if they understood all these things. They said, “Yes, we do.”","Yesu gi da akpalɛ adɛ sa mɔmɔ gɛnen mɔ, ɔ taasɛ mɔmɔ yɛɛ, “Fɛ nu ilaa ibono nɛ tɔgɛ fɛye faa pɛwu gɛsɛ?” Mɛ lɛɛ gɛnɔ yɛɛ, “Ɛɛn.”","Jesus looked at the people sitting around him and asked, “Who are my mother and my brothers?” Then he said, “Here they are.”",output_proprietary_batch2,29.575243509681297,42.13287322556836,3.191180736872643
"So he told them, “Every student of the Scriptures who becomes a disciple in the kingdom of heaven is like someone who brings out new and old treasures from the storeroom.” The People of Nazareth Turn against Jesus (Mark","Yesu gi tɔgɛ sa mɔmɔ yɛɛ, “Nbara ɔŋmarasɛbo kamaasɛ nyi Wurubuaarɛ agyɛbi dedaa ne o kii nyɛ kasɛ Wurubuaarɛ gɛwuragyi dɔ akyenabi ilaa bɔla mɔ, ɔ dɛ fɛɛ gɛten wura ɔbono ɔ bo ilaa dedaa de ilaa pobɔrɔ pɛwu mɔ-ilaa ɔyelaten mɔ. Nengyene i gyɛ ilaa dedaa ilaa mɔ, ɔ bo nno, ne i kii i gyɛ ilaa pobɔrɔ ilaa kee mɔ, ɔ bo nno.” Yesu Gɛwi Awura Mɛ Mɛŋ Sɔɔ Mɔ Gyi","Jesus answered them, “Truly, truly I say to you, unless a grain of wheat falls into the earth and dies, it remains alone; but if it dies, it bears much fruit. Whoever loves his life loses it, and whoever hates his life in this world will keep it for eternal life.” Jesus is the Lord, Amen.",output_proprietary_batch2,24.270476158694876,42.13287322556836,3.191180736872643
"When Jesus had finished telling these stories, he left","Yesu gi da gɛnen akpalɛ adɛ pɛwu ta mɔ, ɔ koso lii nfono","Jesus and his disciples entered the boat, and he lay down to sleep.",output_proprietary_batch2,23.32437862561407,42.13287322556836,3.191180736872643
"Isn't he the son of the carpenter? Isn't Mary his mother, and aren't James, Joseph, Simon, and Judas his brothers?","Iŋ gyɛ kaafenta mɔ-bi mɔ ne? Iŋ gyɛ mɔ-nyi ne n gyɛ Mariya? Ne iŋ gyɛ Gyeemesi, de Gyosɛfo, de Simon de Gyudasɛ mɔmɔ-daa mɔ ne?","Isn’t this the carpenter’s son? Isn’t his mother called Mary? And aren’t his brothers James, Joseph, Simon, and Judas?",output_proprietary_batch2,63.523973824940384,42.13287322556836,3.191180736872643
Don't his sisters still live here in our town? How can he do all this?”,Iŋ gyɛ aye‑rɛ mɔ-pikyiiana ne n tɛ gɛrɛ? Ne fonɛ dɔ ne ɔ nyɛ imɔ idɛ pɛwu lii daa?”,Who will help the orphans and the widows? Who will care for them so that they do not suffer every day?,output_proprietary_batch2,18.65447617600485,42.13287322556836,3.191180736872643
"And because the people did not have any faith, Jesus did not work many miracles there.","Asa mɛ mɛŋ sɔɔ mɔ gyi so mɔ, oŋ kyu Wurubuaarɛ ɔlon wɔra amunale ilaa gbaaꞌgbaa nno gikyɔ.","If I go to the place, I will meet Wurubuaarɛ there and we will talk about many things in Gikyode.",output_proprietary_batch2,20.894844999355904,42.13287322556836,3.191180736872643
John's followers took his body and buried it. Then they told Jesus what had happened. Jesus Feeds Five Thousand (Mark,"Gyɔn akasɛbo mɔ mɛ nu gɛnen mɔ, mɛ kpaa kyu mɔ-gibuni mɔ kyu kpaa pule, ne mɛ kpaa buu sa Yesu. Yesu Gi Sa Sakpii Belɛ Agyudɔ Ne Mɛ Gyi Kaabo","If someone believes in me, even though they die, they will live, and whoever lives and believes in me will never die. Jesus is the resurrection and the life, and I welcome you.",output_proprietary_batch2,21.444904389962414,42.13287322556836,3.191180736872643
"After Jesus heard about John, he crossed Lake Galilee to go to some place where he could be alone. But the crowds found out and followed him on foot from the towns.","Yesu gi nu Gyɔn lɛwu mɔ so mɔ, ɔ dii loo gikolii dɔ ne ɔ lii nfono ɔ bo mɔ de oꞌ kpe nfono asa mɛŋ tɛ mɔ. Asa sakyɔ mɛ nu yɛɛ Yesu gi koso nfono mɔ, mɛ naa de ayaa lii mɔmɔ-isowolɛ so de mɛꞌ kpaa tu mɔ.","Jesus took the bread, gave thanks, broke it and gave it to them, saying, ""This is my body given for you; do this in remembrance of me."" In the same way, after the meal he took the cup, saying, ""This cup is the new covenant in my blood, which is poured out for you.""",output_proprietary_batch2,22.262767721708865,42.13287322556836,3.191180736872643
"At once, Jesus reached out his hand. He helped Peter up and said, “You surely don't have much faith. Why do you doubt?”","Ayaa abono so mɔ, Yesu gi tengɛ mɔ-gibaa keda mɔ, ne ɔ taasɛ mɔ yɛɛ, “Kerɛ, gisɔɔgyi gibono fo bo sa me mɔ pɛwu ne? I wonɛ ne fo sɔɔ fo-nyoro akyɔɔlɛ?”","That evening, Jesus sat with his disciples, and he said to them, “So, what are you discussing among yourselves? Don’t you understand what I told you earlier?”",output_proprietary_batch2,23.06291227913524,42.13287322556836,3.191180736872643
"The people found out he was there, and they sent word to everyone who lived in this part of the country. So they brought all the sick people to Jesus.","Gɛnɛsaretɛ awura mɛ wu Yesu bii mɔ, mɛ yɛgɛ i nu gyanꞌ gɛnen gɛsinkpan gɛbono so pɛwu yɛɛ Yesu gi loo mɔmɔ asɛ. Mɛ nu gɛnen mɔ, mɛ kyu mɔmɔ-asa abono mɛ kya lɔ mɔ pɛwu bara mɔ.","When the Lord of Gennesaret saw Jesus coming, he sent his people to go and call all the sick to Jesus so that he would heal them. When they came, they begged him to let them just touch the edge of his cloak, and all who touched him were healed.",output_proprietary_batch2,34.1956695944814,42.13287322556836,3.191180736872643
"Jesus answered, “Dear woman, you really do have a lot of faith, and you will be given what you want.” At that moment her daughter was healed. Jesus Heals Many People","Nfono ne Yesu gi tɔgɛ sa ɔkyii mɔ yɛɛ, “Ɔkyii, gisɔɔgyi gibono fo bo sa me mɔ gi tansi gi nyaakyɔ! Ibono fo kolɛ me mɔ, iꞌ wɔra sa fo.” Gɛnen owi ɔbono dɔ mɔ, mɔ-bi mɔ gi nyɛ mɔ-nyoro lii ilaa nyɛnyɛn oduduu mɔ abaa dɔ. Yesu Gi Kyɛ Asa Alɔtɔ Ne Ɔ Sa Asa Sakyɔ Agyudɔ","Then Jesus reached out his hand and touched him, saying, “I am willing, be clean!” Immediately he was cleansed of his leprosy. Jesus told him not to tell anyone, but to go show himself to the priest and offer the gift Moses commanded, as a testimony to them.",output_proprietary_batch2,24.18307139456547,42.13287322556836,3.191180736872643
"From there, Jesus went along Lake Galilee. Then he climbed a hill and sat down.","Yesu gi lii nno kpaa naa Galeli ɔbon belɛ mɔ gigengen so. Ɔ dii gyanꞌ gibii giko so, ne ɔ kpelegɛ kyena.","Jesus went again to the Sea of Galilee. He walked along the shore, and many people followed him.",output_proprietary_batch2,36.90328509158119,42.13287322556836,3.191180736872643
"Finally, the disciples understood that Jesus wasn't talking about the yeast used to make bread, but about the teaching of the Pharisees and Sadducees. Who Is Jesus? (Mark","Nfono mɔ, mɔ-akasɛbo mɔ mɛ nu gɛsɛ kon yɛɛ iŋ gyɛ bodobodo ilaa ne ɔ darɛ. Ɔ darɛ daa Farasii awura de Saadusii awura mɔ ilaa nyiilesɛ ibono i kya yɛlegɛ i kya nyida ilaa mɔ. Piita Gi Lɛɛ Tɔgɛ Isa Ɔbono Ɔnan Yesu Gyɛ Mɔ","That day, the Sadducees, who say there is no resurrection, came to Jesus with a question. Peter said to Jesus, ""You are the Christ.""",output_proprietary_batch2,24.536611911465304,42.13287322556836,3.191180736872643
"Then Jesus said to his disciples: If any of you want to be my followers, you must forget about yourself. You must take up your cross and follow me.","Ne Yesu gi kisee tɔgɛ sa mɔ-akasɛbo mɔ yɛɛ, “Ɔbono ɔ kya laarɛ de ɔꞌ wɔra me-ɔkasɛbo mɔ, kaasɛ oꞌ kyu mɔ-nyoro fuɛ me so de oꞌ kyule sɔɔ awɔrɔfɔɔ abono a laa tu mɔ me so mɔ abaa anyɔ, ba‑a mɛ laa da mɔ aŋanbi oyii so mɔɔ me so mɔ, mɛꞌ da mɔ.","But Jesus called them to him and said, “You know that the rulers of the Gentiles lord it over them, and their great ones exercise authority over them. It shall not be so among you, but whoever would be great among you must be your servant.”",output_proprietary_batch2,25.998011767958438,42.13287322556836,3.191180736872643
"There in front of the disciples, Jesus was completely changed. His face was shining like the sun, and his clothes became white as light.","Mɛ bo nno gɛnen mɔ, Yesu nyoro gi kyɛɛgɛ kii lɔrɔ wɔra ɔdan too, ne mɔ-ansi dɔ i kya ŋɛlegi fɛɛ owi. Mɔ-ngbɛ nbono o suu mɔ gi fuuli gi kya ŋɛlegi faa ŋela-ŋela.","When it was evening, Jesus and his disciples entered a house, and he did not want anyone to know it. However, they could not keep it a secret because people kept coming to him from everywhere.",output_proprietary_batch2,30.92823952855639,42.13287322556836,3.191180736872643
"While Peter was still speaking, the shadow of a bright cloud passed over them. From the cloud a voice said, “This is my own dear Son, and I am pleased with him. Listen to what he says!”","Piita mɛŋ ti taa tɔgɛ ta mɔ, gibuntɔ ŋɛlegisɛ giko gi baa bun mɔmɔ so faa kpem, ne Wurubuaarɛ gigyɛbiꞌ gi lii gibuntɔ mɔ dɔ tɔgɛ akasɛbo mɔ yɛɛ, “Me-gisen dɔ obi ne n gyɛ Yesu. Ɔ kya gyi me-ginsi. Fɛꞌ nu mɔ asɛ.”","Peter was still speaking when the Holy Spirit came down on all who were listening to the message, and the believers from Joppa who had come with Peter were amazed that the gift of the Holy Spirit had been poured out even on the Gentiles, for they heard them speaking in tongues and praising God. Then Peter said, “Can anyone keep these people from being baptized with water? They have received the Holy Spirit just as we have.”",output_proprietary_batch2,32.11072600118322,42.13287322556836,3.191180736872643
"While Jesus and his disciples were going from place to place in Galilee, he told them, “The Son of Man will be handed over to people","Yesu mɔ‑rɛ mɔ-akasɛbo mɔ mɛ naa de Galeli mɔ, Yesu gi tɔgɛ sa ɔmɔ yɛɛ, “Ako mɛ laa kyu me, anyamesɛ pɛwu mɔmɔ-daa mɔ, wɔra asa abaa dɔ","Jesus was with his disciples in Galilee, and he said to them, ""The Son of Man will be handed over to people, and they will kill him, but on the third day he will rise again.""",output_proprietary_batch2,56.12677303651205,42.13287322556836,3.191180736872643
"But we don't want to cause trouble. So go cast a line into the lake and pull out the first fish you hook. Open its mouth, and you will find a coin. Use it to pay your taxes and mine.”","Imɔ‑rɛ imɔ gɛnen mɔ, aŋ kya laarɛ aꞌ wɔra too-too asɔɔbo mɔ ginyadon. Imɔso kpe ɔbon mɔ dɔ kpaa too daaruwa. Ɔken ɔbono fo laa daa gilɛɛ mɔ, kerɛ mɔ-gɛnɔ dɔ, fo laa wu aterenbi gibi. Lɛɛ gimɔ de foꞌ kyu kpaa too me‑rɛ fo-lɛɛ.”","If you are like me, you may sometimes feel very tired in the morning. Maybe you did not sleep well last night. When this happens to you, try to rest, eat well, and you will feel better. But do not let it stop you from doing your work.",output_proprietary_batch2,26.912829974415565,42.13287322556836,3.191180736872643
"But if you are as humble as this child, you are the greatest in the kingdom of heaven.","Imɔso fo ɔbono fo bara fo-nyoro gɛsɛ wɔra fɛɛ gɛnen gɛbii gɛdɛ mɔ, fo ne nan don fo-nanboana Wurubuaarɛ gɛwuragyi dɔ akyenabi mɔ dɔ.","If you want to be a good person in this world, you must follow the teachings of God every day.",output_proprietary_batch2,24.985001580769552,42.13287322556836,3.191180736872643
It will be terrible for people who cause even one of my little followers to sin. Those people would be better off thrown into the deepest part of the ocean with a heavy stone tied around their necks!,"“Ɔbono, mɔ, ɔ laa yɛgɛ apiipii abono mɛ sɔɔ me gyi mɔ dɔ ɔko gisɔɔgyi giꞌ koso me so mɔ, nengyene fɛɛ mɛ kyu gibui belɛ ŋminde kyaga de kaasɛ ɔbono gibɔ ne mɛ too mɔ wɔra apoo dɔ mɔ, i tɛsɛ i bɔ.","Friend, listen, I have told you many times that if you want to do something good for yourself, you must first think well about what you want, and then ask those who know better than you so that you do not make a mistake like others have done before you.",output_proprietary_batch2,23.46755001760438,42.13287322556836,3.191180736872643
"I promise that when any two of you on earth agree about something you are praying for, my Father in heaven will do it for you.","Nꞌ kii tɔgɛ sa fɛye yɛɛ nengyene fɛye dɔ anyamesɛ anyɔ fɛ wɔra gɛnɔ dalaa kolɛ me-sɛ Wurubuaarɛ ɔbono ɔ bo soso mɔ ilaa iko mɔ, ɔ laa wɔra imɔ sa fɛye.","If you see someone doing something bad and you do not tell them that it is bad, you are just like the one who did it, because you did not stop them from doing it.",output_proprietary_batch2,27.520017725295777,42.13287322556836,3.191180736872643
"But the first official refused to have pity. Instead, he went and had the other official put in jail until he could pay what he owed.","Oŋ kyule, ne ɔ yɛgɛ mɛ keda mɔ kpaa tii de obu. Nengyene ɔꞌ ka gikɔ mɔ mɔ, pɛi de mɛꞌ lɔɔ tigi mɔ.","One day, he said he would go to the farm early in the morning. When he got there, he saw something strange, so he ran back home.",output_proprietary_batch2,18.82910327108588,42.13287322556836,3.191180736872643
"When some other officials found out what had happened, they felt sorry for the man who had been put in jail. Then they told the king what had happened.","“Mɔ-nanboana adega mɛ nu gɛnɔɔbono dega mɔ gi kyu wɔra mɔ-nanbo mɔ mɔ, i mɛŋ wɔra mɔmɔ ɔkon, ne mɛ kpaa buu sa mɔmɔ-wura mɔ.","If you do something good for someone and the person does not appreciate it, do not be discouraged, because your reward will come from God.",output_proprietary_batch2,18.64608664990082,42.13287322556836,3.191180736872643
"The king called the first official back in and said, “You're an evil man! When you begged for mercy, I said you did not have to pay back a cent.","Wura mɔ gi nu gɛnen mɔ, ɔ yɛgɛ mɛ kpaa terɛ mɔ ba mɔ asɛ. Ɔ kpɛ da de ginsi wu mɔ mɔ, ɔ taasɛ mɔ yɛɛ, ‘Ɔnyen, gɛnen ne fo dɛ ne? Fo dɛ me gikɔ belɛ ne fo kolɛ me mɔ, meŋ kyu kyɛɛ fo?","The woman went to her husband and told him everything that had happened. He called his son and asked him, ‘My child, what is this that I hear? Why did you take your brother’s thing and hide it, and not tell me?’",output_proprietary_batch2,24.079535245232588,42.13287322556836,3.191180736872643
"When Jesus finished teaching, he left Galilee and went to the part of Judea east of the Jordan River.","Yesu gi tɔgɛ ilaa idɛ ta mɔ, ɔ lii Galeli nfono kyon kpe ɔbon Gyɔɔdan gibenbɛ giko so Gyudiya gɛsinkpan so.","After this, Jesus traveled around in Galilee, for he did not want to travel in Judea because the Jewish leaders were looking for a way to kill him.",output_proprietary_batch2,30.558875820024618,42.13287322556836,3.191180736872643
That's why a man leaves his father and mother and gets married. He becomes like one person with his wife.,"Wurubuaarɛ gi tɔgɛ nfono yɛɛ, ‘Imɔ idɛ so mɔ, ɔnyen laa taa mɔ-sɛ de mɔ-nyi yɛgɛ de oꞌ kyu mɔ-nyoro mada de mɔ-ka de mɔmɔ asa anyɔ mɛꞌ bingiri nyamesɛ kolon.’","The elders used to say, ‘If someone does not know, he should ask those who know so that he will not make mistakes like those who do not know the way and end up getting lost in the forest.’",output_proprietary_batch2,22.7722165239517,42.13287322556836,3.191180736872643
"But Jesus said, “Let the children come to me, and don't try to stop them! People who are like these children belong to God's kingdom.”","Yesu gi wu gɛnen mɔ, ɔ tɔgɛ sa mɔ-akasɛbo mɔ yɛɛ, “Fɛꞌ yɛgɛ nbii mɔ mɛꞌ ba me asɛ; fɛŋꞌ baa tii mɔmɔ-ɔkpa. Abono mɛ dɛ fɛɛ gɛnen nbii ndɛana ɔnan mɔ ne nan nyɛ Wurubuaarɛ gɛwuragyi dɔ akyenabi mɔ.”","Jesus answered him, “Truly I tell you, today you will be with me in paradise.""",output_proprietary_batch2,13.122364067159237,42.13287322556836,3.191180736872643
"Jesus replied, “If you want to be perfect, go sell everything you own! Give the money to the poor, and you will have riches in heaven. Then come and be my follower.”","Yesu gi tɔgɛ sa mɔ yɛɛ, “Nengyene fo kya laarɛ fo ta gudu berɛ mɔ, naa kpaa fɛ fo-ilaa ibono fo bo mɔ pɛwu de foꞌ kyu aterenbi mɔ kyu yɛ sa ayenbo. Fo wɔra gɛnen mɔ, fo laa nyɛ ntɛɛla Wurubuaarɛ dɔ, de foꞌ san naa baa buu me wɔra me-ɔkasɛbo.”","Jesus answered him, “Truly I tell you, today you will be with me in paradise.”",output_proprietary_batch2,16.08355810378919,42.13287322556836,3.191180736872643
"In fact, it's easier for a camel to go through the eye of a needle than for a rich person to get into God's kingdom.”","Nꞌ kii tɔgɛ sa fɛye yɛɛ pɛi de aterenbi wura ɔꞌ nyɛ ɔkyenaten Wurubuaarɛ gɛwuragyi dɔ mɔ, i laa wɔra ɔlon sa mɔ don gɛnɔɔbono gɛkpatitii gɛ laa loo ɔbaatɔ ɔbɔ dɔ lii mɔ.”","If you want to be wise and live a good life, you must listen to the advice of elders because they know things that you do not know, and that will help you to avoid making mistakes in your life.",output_proprietary_batch2,20.525867049410756,42.13287322556836,3.191180736872643
"The crowd told them to be quiet, but they shouted even louder, “Lord and Son of David, have pity on us!”","Sakpii ɔbono o buu Yesu mɔ gi gya ɔmɔ yɛɛ mɛꞌ bun ɔmɔ-nnɔ so. Mɛ kya gya mɔmɔ gɛnen mɔ, idɛ kon gbaa ne mɛ lɔrɔ mɛ kya kpen ken-ken yɛɛ, “Aye-wura, Wura Deefidi ɔnaanabi, su aye so!”","As Jesus was leaving the town, a large crowd followed him. Two blind men were sitting by the roadside, and when they heard that Jesus was passing by, they shouted, “Lord, Son of David, have mercy on us!”",output_proprietary_batch2,42.55662648499976,42.13287322556836,3.191180736872643
The mother of James and John came to Jesus with her two sons. She knelt down and started begging him to do something for her.,Imɔ gɛmara mɔ Yesu akasɛbo ako mɔmɔ-nyi gi kyu mɔmɔ ba mɔ asɛ baa kolɛ mɔ ilaa iko. Akasɛbo mɔ mɛ gyɛ Sɛbedi mɔ-biana. Ɔkyii mɔ gi baa ŋmii mɔ-ayaa dɔ,"One day, Jesus was walking by the sea when he saw two brothers casting a net into the lake, for they were fishermen. He called them, the sons of Zebedee. They left their boat and followed him.",output_proprietary_batch2,25.913293819794735,42.13287322556836,3.191180736872643
"But don't act like them. If you want to be great, you must be the servant of all the others.","Fɛye-lɛɛ berɛ, iŋ kaaborɛ iꞌ wɔra fɛɛ asa adɛ. Nengyene ɔko kya laarɛ ɔꞌ wɔra nyamesɛ gbaaꞌ fɛye dɔ mɔ, i kaaborɛ ɔꞌ wɔra mɔ-nyoro fɛɛ fɛye-dega,","Long ago, when people lived together in the same place, there was a man who lived with his wife for many years without having a child, and the people in the village called him ""the childless man.""",output_proprietary_batch2,18.73325112950031,42.13287322556836,3.191180736872643
"But when they saw the man's son, they said, “Someday he will own the vineyard. Let's kill him! Then we can have it all for ourselves.”","Mɔ-bi mɔ gi kpe mɔ, mɔ, ndɔɔ akerɛbo mɔ mɛ kpɛ da de ginsi wu mɔ mɔ, mɛ tɔgɛ sa abara yɛɛ, ‘Ɔbono ɔ laa gyi mɔ-sɛ atɔ mɔ ne n kya ba faa. Aꞌ mɔɔ mɔ de mɔ-tɔgyi mɔ ɔꞌ nyɛ sii de aye.’","If someone does something to you, you, don’t rush to do the same thing to them, but rather say, ‘God is the one who will judge between you and me. I will not do to you what you did to me.’",output_proprietary_batch2,20.201546915848596,42.13287322556836,3.191180736872643
"So they told Jesus, “We don't know.” Jesus said, “Then I won't tell you who gave me the right to do what I do.” A Story about Two Sons","Gɛnen so mɔ mɛ lɛɛ gɛnɔ sa Yesu yɛɛ, “A mɛŋ nyi.” Ne Yesu gi kisee tɔgɛ abelɛnsɛ mɔ yɛɛ, “Fɛ maŋ tɔgɛ me berɛ mɔ, me kee maŋ tɔgɛ fɛye ɔbono ɔ sa me ɔkpa ne nꞌ kya wɔra ilaa ibono n kya wɔra mɔ.” Nbii Nnyɔ Nko Gikpalɛ","When he came down from the mountain, large crowds followed Jesus. Then a man with a skin disease came and knelt before him, saying, “Lord, if you are willing, you can make me clean.” Jesus reached out his hand and touched the man, saying, “I am willing; be clean!” Immediately he was cleansed of his disease.",output_proprietary_batch2,21.673729378770613,42.13287322556836,3.191180736872643
"His son told him he would not do it, but later he changed his mind and went.","Mɔ-bi mɔ gi lɛɛ gɛnɔ sa mɔ yɛɛ, ‘Maŋ kpe.’ Imɔ gɛmara mɔ, o nu mɔ-nyoro gɛsɛ yɛɛ oŋ kpe mɔ, iŋ boran, ne ɔ koso kpe ndɔɔ mɔ.","One person said to another, ‘Don’t do it.’ But the other person didn’t listen and did it anyway, so now, as a result, he is suffering because of it.",output_proprietary_batch2,22.16883182722223,42.13287322556836,3.191180736872643
"But the renters grabbed those servants. They beat up one, killed one, and stoned one of them to death.","Adega mɔ mɛ kpe mɔ, ndɔɔ akerɛbo mɔ mɛ keda mɔmɔ ne mɛ daarɛ ɔko ne mɛ mɔɔ ɔko ne mɛ da ɔbanban abui.","When I wake up, I brush my teeth, then I wash my face and I eat food before I go to school.",output_proprietary_batch2,15.66096379042438,42.13287322556836,3.191180736872643
He then sent more servants than he did the first time. But the renters treated them in the same way.,"Ndɔɔ wura mɔ gi nu ilaa ibono i ba mɔ, o kii sun adega abono mɛ nyaakyɔ nyɛ agyangbarasɛ mɔ. Mɔ-ndɔɔ akerɛbo mɔ mɛ kii wɔra ɔmɔ fɛɛ agyangbarasɛ mɔ-lɛɛ mɔ.","If someone gives you something and you don't thank them, it's like you took their goat and didn't even say thank you. People who are grateful are the ones who will always receive more gifts.",output_proprietary_batch2,23.758446774028048,42.13287322556836,3.191180736872643
"The chief priests and leaders answered, “He will kill them in some horrible way. Then he will rent out his vineyard to people who will give him his share of grapes at harvest time.”","Mɛ lɛɛ gɛnɔ yɛɛ, “Ɔ laa yɛgɛ gɛnen asa nyɛnyɛn abono mɛ laa wuꞌ awɔrɔfɔɔ lɛwu de oꞌ kyu mɔ-ndɔɔ mɔ kyu sa akerɛbo dɛnsɛ abono mɛ laa kyu mɔ-lɛɛ ogyiten sa mɔ imɔ-aberɛ dɔ mɔ.”","And I also said, “If you want to do good things in this world, you must first love yourself so that you can love others and also help them in their time of need.”",output_proprietary_batch2,20.20777574935786,42.13287322556836,3.191180736872643
"He sent other servants to say to the guests, “The banquet is ready! My cattle and prize calves have all been prepared. Everything is ready. Come to the banquet!”","Ne o kii sun mɔ-adega banban yɛɛ mɛꞌ kpaa tɔgɛ sa abono ɔ da gibaa terɛ mɔ yɛɛ, ‘Fɛꞌ kerɛ! Nɛ yɛgɛ mɛ mɔɔ anaadɛ abono mɛ kiirɛ mɔ de abono mɛ bo nfɔ mɔ kyu wɔra agyudɔ; mɛ wɔra ilaa kamaasɛ logɛ; imɔso fɛꞌ baa gyi.’","And he said to his servants who were standing by him, ‘Look here! If you see someone coming with a message, bring the person to me at once; I want to hear what he has to say; do not let him go.’",output_proprietary_batch2,24.116952283248114,42.13287322556836,3.191180736872643
"If you put yourself above others, you will be put down. But if you humble yourself, you will be honored.","Ɔbono ɔ diirɛ mɔ-nyoro mɔ, Wurubuaarɛ laa kpelegɛrɛ mɔ gɛsɛ, ne ɔbono, mɔ, ɔ bara mɔ-nyoro gɛsɛ mɔ, Wurubuaarɛ laa diirɛ mɔ.” Nbara Aŋmarasɛbo De Farasii Awura, Fɛye Laako!","The rain falls on both the rich and the poor, just as the sun shines on both the rich and the poor. This is the wisdom of God, Praise be to God!",output_proprietary_batch2,13.84441940058764,42.13287322556836,3.191180736872643
"So obey everything they teach you, but don't do as they do. After all, they say one thing and do something else.","Imɔso ilaa kamaasɛ ibono mɛ kya tɔgɛ fɛye kyu lii nmɔ so mɔ fɛꞌ nu de fɛꞌ wɔra imɔ. Mɔmɔ-ilaa wɔrasɛ berɛ ne fɛŋ sa fɛꞌ wɔra. I lii fɛɛ ilaa ibono mɛ kya nyiile fɛye mɔ, iŋ gyɛ imɔ ne mɛ kya wɔra.","If someone does something bad to you and you do the same thing back to them, you are not different from them. You should always try to do good to others. If you do something good to someone who has done bad to you, you show that you are better than them.",output_proprietary_batch2,28.95381539376349,42.13287322556836,3.191180736872643
"You Pharisees and teachers of the Law of Moses are in for trouble! You're nothing but show-offs. You lock people out of the kingdom of heaven. You won't go in yourselves, and you keep others from going in.","Fɛye nbara aŋmarasɛbo de fɛye Farasii awura, fɛye laako! Fɛ gyɛ daa o-dun-me, ɔ-fon-me anyamesɛ! Fɛ kya kudi akyii ikulaabo mɔmɔ‑rɛ mɔmɔ-biana gyi, yɛgɛ fɛye, mɔ, ne n kii fa‑a dalaa faa bolo-bolo de asa mɛꞌ nyɛ yen fɛye yɛɛ fɛye ne n nyi gɛdalaa. Owi ɔbono Wurubuaarɛ laa gyi fɛye-nbɛlɛ mɔ, fɛye-gisobiidɛ gi laa nyaakyɔ too.]","If you see a stranger who looks like a Frenchman, be careful! If you are always happy, he will trick you! If you chase after money without thinking, you will see, he, or someone else, will take everything from you and leave you with nothing but empty hands, and you will not even know how it happened. Like the story of Wurubuaarɛ, if you do not listen, you will end up in trouble.",output_proprietary_batch2,28.43282026245254,42.13287322556836,3.191180736872643
"And anyone who swears by the temple also swears by God, who lives there.","Nengyene ɔko gi ka Wurubuaarɛ ɔson obu mɔ ntan mɔ, ɔ ka dabɔlɛ de Wurubuaarɛ ɔbono ɔ bo obu mɔ dɔ mɔ kee ne.","When someone goes to Wurubuaarɛ and does not see the person, he leaves a message with Wurubuaarɛ so that when the person comes, he will give it to him.",output_proprietary_batch2,19.38859642723548,42.13287322556836,3.191180736872643
"If you are living in Judea at that time, run to the mountains.","fɛye abono fɛ bo Gyudiya gɛsinkpan so mɔ, fɛꞌ selɛ kpe abii dɔ.","If you see a snake on the road to Gyudiya, don't try to kill it.",output_proprietary_batch2,18.542060240685853,42.13287322556836,3.191180736872643
They didn't know anything was happening until the flood came and swept them all away. This is how it will be when the Son of Man appears.,"nkyu mɔ gi baa gyi asa mɔ pɛwu, ibono mɛ mɛŋ dɛsɛ. Gɛnen kee ne me, anyamesɛ pɛwu mɔmɔ-daa mɔ, gikiiba gɛsinkpan so mɔ i laa wɔra ne.","If you do not help me with this work, I will not be happy. Listen to me, because this work is very important to me, and I really need your support.",output_proprietary_batch2,19.99620619217953,42.13287322556836,3.191180736872643
So be on your guard! You don't know when your Lord will come.,"Imɔso fɛꞌ dɛsɛ fɛye-nyoro so gyoo me-giba. Fɛ mɛŋ nyi gɛkaabono me, fɛye-wura mɔ, nan kii ba mɔ.”","The person who does good will always be remembered. If I am not around, remember me, do good, and you will be blessed.",output_proprietary_batch2,17.861355701903143,42.13287322556836,3.191180736872643
But suppose one of the servants thinks the master won't return until late.,"“To, ne fɛɛ gɛnen dega ɔbono gyɛ nyamesɛ nyɛnyɛn mɔ, foŋbii mɔ, ɔ laa tɔgɛ sa mɔ-nyoro yɛɛ, ‘Ilaa iko i keda me-wura yela.’","So, if someone takes a sheep and says it belongs to God, no one, not even the chief, can say, ‘Bring it so I can share it.’",output_proprietary_batch2,17.246358588106638,42.13287322556836,3.191180736872643
"Then in the middle of the night someone shouted, “Here's the groom! Come to meet him!”","“I baa fo gɛnyɛ de nsana mɔ, mɛ nu ɔko gi lɛɛ gɛnɔ yɛɛ, ‘Ɔkyiifɔ mɔ-kuli mɔ kya ba‑o! Fɛꞌ koso de fɛꞌ kpaa gyangara mɔ.’","When I was about to go to the farm, I heard someone say, ‘The chief’s child has come! Bring out the big chair for the important person.’",output_proprietary_batch2,23.963966685961992,42.13287322556836,3.191180736872643
The kingdom is also like what happened when a man went away and put his three servants in charge of all he owned.,"Yesu gi kii tɔgɛ sa mɔmɔ yɛɛ, “Me-gikiiba mɔ i laa wɔra fɛɛ gikpalɛ gibono nan ba da faa. Imɔ ne n gyɛ yɛɛ ɔbelɛnsɛ ɔko kya laarɛ oꞌ kpe ɔkpa. Imɔso ɔ terɛ mɔ-adega ba mɔ asɛ ne o kyu mɔ-ilaa wɔra mɔmɔ-abaa dɔ.","Jesus said to them, “Truly, truly I say to you, unless a grain of wheat falls into the ground and dies, it remains alone; but if it dies, it produces much grain. Anyone who loves his life will lose it, but anyone who hates his life in this world will keep it for eternal life.",output_proprietary_batch2,20.99299334861558,42.13287322556836,3.191180736872643
"“Wonderful!” his master replied. “You are a good and faithful servant. I left you in charge of only a little, but now I will put you in charge of much more. Come and share in my happiness!”","Ɔbelɛnsɛ mɔ gi nu gɛnen mɔ, ɔ tɔgɛ sa mɔ yɛɛ, ‘Fo wɔra ilaa; fɔɔꞌkpon. Fo gyɛ dega dɛnsɛ ne fo kya gyi gɛsintin. Fɛɛ gɛnɔɔbono fo gyi gɛsintin ilaa pii idɛ dɔ faa mɔ, nan kyu ilaa gikyɔ kyu wɔra fo-abaa dɔ. Ba de me‑rɛ fo aꞌ gyi ɔkon dabɔlɛ.’","The king called his servant and said, ‘Come here quickly; listen. Take this message and go straight to the chief’s house. When you get there, give this message to the chief just as I have told you, and return here immediately. Do not stop anywhere on the way.’",output_proprietary_batch2,22.81720527770295,42.13287322556836,3.191180736872643
"Everyone who has something will be given more, and they will have more than enough. But everything will be taken from those who don't have anything.","I kya nyiile yɛɛ ɔbono ɔ bo ne ɔ kya kyu wɔra ilaa mɔ, ɔ laa kii nyɛ too de iꞌ tansi nyaakyɔ sa mɔ. Ne ɔbono, mɔ, ɔŋ bo ne ɔŋ kya wɔra sɛi mɔ, ipii ibono ɔ nyɛ mɔ gbaa mɛ laa sɔgɛ imɔ lii mɔ asɛ.","If someone says that a tree is good and another says it is not, it is only when you taste its fruit that you will know the truth. In the same way, if two people argue about something, it is by examining it closely that you will find out which one is right.",output_proprietary_batch2,25.767075120078715,42.13287322556836,3.191180736872643
He will place the sheep on his right and the goats on his left.,"Nɛ kyɛ asa mɔ dɔ mɔ, nan kyu ilaa dɛnsɛ awɔrabo mɔ yela me-gibaa gyisɛ so, de nꞌ kyu asa sɛnsɛ mɔ, mɔ, yela me-benɛ gibaa so.","If you give me your hand today, I will help you with your work, but if you don't give me your hand, I won't help you.",output_proprietary_batch2,17.840421144645617,42.13287322556836,3.191180736872643
or visit you while you were sick or in jail?”,"Gɛmenkɛ ne a wu fo fo kya lɔ abɛɛ mɛ tii fo de obu, ne a kpaa laa fo?’","Why do you say you love me, but do not do what I say?",output_proprietary_batch2,12.34357892363981,42.13287322556836,3.191180736872643
We could have sold this perfume for a lot of money and given it to the poor.”,"Anuwanterɛ baarɛ mɛn wɔra ɔfɛsɛ mɔ, nkana a laa nyɛ aterenbi belɛ de aꞌ kyu yɛ sa ayenbo!”","If you want to get good things, you must work hard and not just sit and wait for them!",output_proprietary_batch2,18.307253920618034,42.13287322556836,3.191180736872643
"During the meal Jesus took some bread in his hands. He blessed the bread and broke it. Then he gave it to his disciples and said, “Take this and eat it. This is my body.”","Mɛ san mɛ kya gyi mɔ, Yesu gi puru bodobodo keda, o kyu afaala sa Wurubuaarɛ, ne ɔ gbaa-gbaa mɔ dɔ kyu sa mɔ-akasɛbo mɔ yɛɛ, “Fɛꞌ sɔɔ de fɛꞌ gyi. Me-nyoro ne.”","When I return again, Jesus will come in great glory, he will sit at the right hand of God, and he will say to those on his right, ""Come and receive this. It is yours.""",output_proprietary_batch2,22.142230229015077,42.13287322556836,3.191180736872643
"This is my blood, and with it God makes his agreement with you. It will be poured out, so that many people will have their sins forgiven.","Nta nbono n dɛ mi‑i sa fɛye faa, me-nkalan ne. Nan wuꞌ mɔ, me-nkalan gi laa kyɛɛgɛ fuɛ sa asa sakyɔ de Wurubuaarɛ ɔꞌ yɛgɛ mɔmɔ‑rɛ mɔ mɛꞌ nyɛ wɔra gɛnɔ pobɔrɔ.","There is nothing I can do about it, I am tired. If you want, I can give you some of the medicine that Wurubuaarɛ gave me the last time I was sick.",output_proprietary_batch2,22.319140201214875,42.13287322556836,3.191180736872643
"and he said to them, “I am so sad that I feel as if I am dying. Stay here and keep awake with me.”","Ne ɔ tɔgɛ sa mɔmɔ yɛɛ, “N kya wuꞌ mi‑i fuɛ. I kya laarɛ iꞌ mɔɔ me gbaa. Fɛꞌ kyena gɛrɛ de fɛꞌ dii ilaa kamaasɛ ibono i laa ba mɔ kpaa me.”","And the old woman said, “Don’t cry, my child. If you cry, I will also cry. Let’s wait until morning and see if your father will come back to us.”",output_proprietary_batch2,19.541398608930667,42.13287322556836,3.191180736872643
"Peter spoke up, “Even if all the others reject you, I never will!”","Nfono ne Piita gi tɔgɛ sa Yesu yɛɛ, “Ba‑a me-nanboana pɛwu mɛ laa selɛ taa fo yɛgɛ mɔ, me berɛ maŋ selɛ taa fo yɛgɛ kpa‑a.”","Then Peter said to Jesus, “Even if everyone else abandons you, I will never abandon you.”",output_proprietary_batch2,32.69018195838508,42.13287322556836,3.191180736872643
He left them and prayed the same prayer once more.,Yesu gi taa ɔmɔ yɛgɛ ne o kii kpaa dalaa gɛsasɛ. Gɛdalaa kolon gɛbono ne ɔ kpɛ ɔ kya dalaa.,"Jesus and his mother went to a place and he met some people there. There, they sat with them and talked with them.",output_proprietary_batch2,25.22438053788285,42.13287322556836,3.191180736872643
"When Peter had gone out to the gate, another servant girl saw him and said to some people there, “This man was with Jesus from Nazareth.”","Ɔ tɔgɛ gɛnen mɔ, ɔ koso lii kpe gɛten mɔ gɛbunono. Obolonbu ɔko kee gi kii wu mɔ, ne ɔ tɔgɛ sa abono mɛ bo nfono mɔ yɛɛ, “Ɔnyen baarɛ kee mɔ‑rɛ Yesu, Nasarɛtɛnyen mɔ ne n naa.”","As he was approaching the town gate, a dead person was being carried out. He was the only son of his mother, and she was a widow. A large crowd from the town was with her. When the Lord saw her, his heart went out to her and he said, “Don’t cry.”",output_proprietary_batch2,30.18151381212386,42.13287322556836,3.191180736872643
But Peter followed along at a distance and came to the courtyard of the high priest's palace. He went in and sat down with the guards to see what was going to happen.,"Mɛ dɛ Yesu mɛ kya kpe gɛnen mɔ, Piita gi buu mɔmɔ giyaa-giyaa gɛnen‑n kpaa loo asunbi alɛɛbo gɛmu mɔ gikpaara mɔ so. Ɔ loo nno mɔ, ɔ kpaa kyena saarɛ Wurubuaarɛ ɔson obu mɔ adiibo mɔ dɔ de oꞌ wu ilaa ibono i laa ba mɔ.","When I say Jesus will rise again, Peter denied it strongly and told me that it is impossible for someone to come back to life after dying. He said that only God has the power to bring someone back from the dead.",output_proprietary_batch2,22.862900250877647,42.13287322556836,3.191180736872643
Then they spit in his face and hit him with their fists. Others slapped him,"Nfono mɔ, mɛ too akyɔlɛ wɔra mɔ-ansi dɔ ne mɛ ŋɛ ŋɛ mɔ akɔn. Ako mɛ da mɔ itan,","Last night, I bought food for you—and I will bring it to you tomorrow. Then I will give you water.",output_proprietary_batch2,14.017878487948742,42.13287322556836,3.191180736872643
Then they had a meeting and decided to buy a field that belonged to someone who made clay pots. They wanted to use it as a graveyard for foreigners.,Mɔmɔ pɛwu mɛ tɔgɛ kyule abara yɛɛ mɛꞌ kyu gɛnen aterenbi mɔ kpaa sɔɔ gɛsinkpan gɛbono mɛ kya terɛ yɛɛ Nlɔbi Ɔpɔrɔbo Gɛsinkpan mɔ de mɛꞌ kyu nno wɔra asafo opuleten.,"When someone dies, the family members gather and inform the entire community so that everyone will come together for the funeral, and then the Nlɔbi Ɔpɔrɔbo Community will also come to help with the funeral arrangements.",output_proprietary_batch2,25.596925695419653,42.13287322556836,3.191180736872643
"Pilate saw that there was nothing he could do and that the people were starting to riot. So he took some water and washed his hands in front of them and said, “I won't have anything to do with killing this man. You are the ones doing it!”","Pilato gi wu yɛɛ ɔ buɛɛlɛ sakpii mɔ kpon. I kya laarɛ iꞌ bara ikɔ. Gɛnen so mɔ, o kyu nkyu foro mɔ-abaa sakpii mɔ ansi dɔ nfono, ne ɔ tɔgɛ sa mɔmɔ yɛɛ, “Gɛnen ɔnyen baarɛ lɛwu berɛ, meŋ nyi mɔ so sɛi. Fɛꞌ wolaa bii yɛɛ fɛye ne n yɛgɛ ne ɔ laa wɔra ɔmɔɔsɛ faa.”","Pilate said to them, ""You take him and judge him according to your law."" The Jews said to him, ""It is not lawful for us to put anyone to death."" This happened so that the word Jesus had spoken indicating the kind of death he was going to die would be fulfilled.",output_proprietary_batch2,31.128984712878793,42.13287322556836,3.191180736872643
"Everyone answered, “We and our own families will take the blame for his death!”","Sakpii mɔ pɛwu gi lɛɛ gɛnɔ sa mɔ yɛɛ, “Yɛgɛ mɔ-lɛwu mɔ ɔꞌ sola daa aye‑rɛ aye-biana de aye-naanaana!”","The chief said to the people who were with him, ""Let us all go and greet our elders and our mothers and our grandmothers!""",output_proprietary_batch2,21.31661718697523,42.13287322556836,3.191180736872643
At noon the sky turned dark and stayed that way until three o'clock.,"I fo owi ken-ken gerɛ-gerɛ mɔ, i wɔra gibiri sirim gɛnen gɛsinkpan mɔ pɛwu so kaaborɛ owi gbaasɛ.","If you want to live a good life, you must always do what is right and avoid what is wrong.",output_proprietary_batch2,16.487160674245597,42.13287322556836,3.191180736872643
"They left their graves, and after Jesus had risen to life, they went into the holy city, where they were seen by many people.","ne mɛ lii nkyan mɔ dɔ. Yesu gi kyingi mɔ, imɔ gɛmara mɔ, gɛnen ibuni ibono mɛ naa baa loo Gyɛrusalem ɔsowolɛ ɔbono Wurubuaarɛ gi lɔrɔ yela sa mɔ-ɔson mɔ, ne mɛ lɛɛ mɔmɔ-nyoro gɛwi nyiile asa sakyɔ.","And I will go with you. Jesus loves you, he cares for you, that is why he went to Jerusalem and died on the cross for your sins, and now you have a new life in him.",output_proprietary_batch2,23.465670333503947,42.13287322556836,3.191180736872643
"The officer and the soldiers guarding Jesus felt the earthquake and saw everything else that happened. They were frightened and said, “This man really was God's Son!”","Asogya ɔbelɛnsɛ mɔ mɔ‑rɛ asogya sɛnsɛ abono mɛ kya dii Yesu mɔ mɛ wu gɛsinkpan gigyigisibi mɔ de ilaa ibono i wɔra-wɔra nfono mɔ, i tansi dɛ ɔmɔ-gɛnɔ ne i wɔra ɔmɔ gifuu, ne mɛ tɔgɛ yɛɛ, “Gɛsintin, ɔnyen baarɛ tansi ɔ gyɛ Wurubuaarɛ mɔ-bi!”","The sick person was lying down, the sick person was very weak, and when Jesus came, he saw the sick person trembling and shaking, and he asked those standing around, “Why are you making noise and crying? The child is not dead but asleep!”",output_proprietary_batch2,25.492803653323836,42.13287322556836,3.191180736872643
"Many women had come with Jesus from Galilee to be of help to him, and they were there, looking on at a distance.",Akyii sakyɔ abono mɛ buu Yesu lii Galeli ba Gyɛrusalem mɛ kya kpaa mɔ mɔ kee mɛ bo nno. Mɛ yelɛ gɛta-gɛta wu ilaa idɛ pɛwu.,After three days Jesus left Galilee for Jerusalem to do what he had to do. I am telling you the truth about what will happen to you.,output_proprietary_batch2,23.440797487388814,42.13287322556836,3.191180736872643
who took the body and wrapped it in a clean linen cloth.,"Imɔso Gyosɛfo gi kpaa saga Yesu gibuni mɔ. O kyu gikɛlɛlɛ kyabi-kyabi kyu mili Yesu gibuni mɔ,",The chief priests were looking for a way to kill Jesus. They were secretly planning how to kill Jesus.,output_proprietary_batch2,15.856279988916464,42.13287322556836,3.191180736872643
"Jesus' eleven disciples went to a mountain in Galilee, where Jesus had told them to meet him.","Yesu akasɛbo gudu ɔko mɔ mɛ kpe Galeli mɔ, mɛ kyon kpe gibii gibono so Yesu gi tɔgɛ sa mɔmɔ yɛɛ mɛꞌ kpaa gyanꞌ mɔ.","Jesus crossed over again to the other side of the lake of Galilee, and a large crowd gathered around Jesus while he was by the lake.",output_proprietary_batch2,27.85508668643567,42.13287322556836,3.191180736872643
"Suddenly a strong earthquake struck, and the Lord's angel came down from heaven. He rolled away the stone and sat on it.","Nfono mɔ, gɛsinkpan gɛ gyigisi ibono i wɔra ɔlon. Wurubuaarɛ dɔ ɔsɔɔ ɔko gi kpelegɛ lii soso baa belen gibui belɛ gibono gi tii folɛbɔ mɔ gɛbunono mɔ yela nkan, ne ɔ dii ɔ tɛ gimɔ so.","Long ago, the elders say that a certain man lived in this town. Every day he would go to the farm and bring back food for his wife and children, but one day he did not return home, and no one knew what happened to him.",output_proprietary_batch2,23.547841551872075,42.13287322556836,3.191180736872643
"They said to the soldiers, “Tell everyone that Jesus' disciples came during the night and stole his body while you were asleep.","“Fɛꞌ sɔɔ de fɛꞌ naa tɔgɛ sa asa yɛɛ gɛnyɛ fɛ dɛ mɔ, Yesu akasɛbo mɔ mɛ baa yuuri mɔ-gibuni mɔ koso.","If someone wants to know what love is, Jesus’ story is the best example.",output_proprietary_batch2,15.450104410274593,42.13287322556836,3.191180736872643
News about Jesus quickly spread all over Galilee. Jesus Heals Many People (Matthew,"Nfono mɔ, ilaa ibono Yesu kya wɔra mɔ i nu gyanꞌ de Galeli gɛsinkpan gɛbono so pɛwu. Yesu Gi Kyɛ Alɔbo Sakyɔ","That day, they took Jesus and led him to a place called Galilee where he was crucified. Jesus is the Savior of the World.",output_proprietary_batch2,27.053943053937722,42.13287322556836,3.191180736872643
"Jesus went to her. He took hold of her hand and helped her up. The fever left her, and she served them a meal.","Yesu gi loo ɔkyii mɔ asɛ, ne ɔ keda mɔ-gibaa dɔ kosorɛ mɔ kyena. Nfono mɔ ɔkyii mɔ nyoro mɔ gi taa mɔ yɛgɛ, ne ɔ koso kii taalɛ keda mɔmɔ-gisafo.","Jesus said to them, ""Truly I say to you, one of you will betray me."" They were very sad and began to say to him one after the other, ""Surely not I, Lord?""",output_proprietary_batch2,22.874356875245404,42.13287322556836,3.191180736872643
"As soon as Jesus left the synagogue with James and John, they went home with Simon and Andrew.","Yesu mɔ‑rɛ mɔ-akasɛbo mɔ mɛ kpɛ lii gikyangbon mɔ dɔ mɔ, Simon mɔ‑rɛ Andiru mɛ kyu Yesu kpe mɔmɔ-gɛwi. Gyeemesi mɔ‑rɛ Gyɔn kee mɛ buu mɔmɔ kpe.","Jesus saw two brothers standing by the lake, Simon called Peter and Andrew his brother. They were casting a net into the lake.",output_proprietary_batch2,29.527988850623387,42.13287322556836,3.191180736872643
"Very early the next morning before daylight, Jesus got up and went to a place where he could be alone and pray.","I kya laarɛ iꞌ fo gibaadiikɛ mɔ, Yesu gi koso lii kpe nfono ɔko mɛŋ bo mɔ ne ɔ kpaa dalaa sa Wurubuaarɛ.","If you believe in your heart, Jesus will come and live with you and you will become a child of God.",output_proprietary_batch2,20.30629359454806,42.13287322556836,3.191180736872643
"Then Jesus went to their synagogues everywhere in Galilee, where he preached and forced out demons. Jesus Heals a Man (Matthew","Gɛsintin ɔ naa gyan de Galeli isowolɛ mɔ so. Ɔ naa mɔ, ɔ kya tɔgɛ Wurubuaarɛ ilaa mɔmɔ-akyangbon dɔ ne ɔ kya kosorɛ ilaa nyɛnyɛn oduduu kpɛi-kpɛi lii asa so. Yesu Gi Kyɛ Okononbu Ɔko","One day Jesus went to the region of Galilee. When he arrived, he met Wurubuaarɛ and his companions sitting together and talking among themselves. Jesus is the Son of God.",output_proprietary_batch2,34.03772357160192,42.13287322556836,3.191180736872643
"At once the man's leprosy disappeared, and he was well.","Gɛsintin mɔ, ayaa abono so mɔ, gilɔ mɔ gi ta.","If you are patient, you will climb the tree and eat its fruit.",output_proprietary_batch2,16.151096264471285,42.13287322556836,3.191180736872643
Then so many of them came to the house that there wasn't even standing room left in front of the door. Jesus was still teaching,"Imɔso asa mɛ baa gyan mɔ asɛ faa fiye‑e. Mɛ gɛnda, ibono isa mɛŋ baa nyɛ ɔkpa tu ba gɛbunono asɛ. Ɔ kya tɔgɛ Wurubuaarɛ agyɛbi ɔ kya sa mɔmɔ.","When I was going to the farm, I met a woman on the way. She said, her child was not well so she was going to the herbalist. She asked if Wurubuaarɛ medicine would help her child.",output_proprietary_batch2,24.525942114741408,42.13287322556836,3.191180736872643
"I will show you that the Son of Man has the right to forgive sins here on earth.” So Jesus said to the man,","N kya laarɛ de fɛꞌ nyɛ bii yɛɛ me, anyamesɛ pɛwu mɔmɔ-daa mɔ, n bo ɔkpa gɛsinkpan so de nꞌ kyu asa ilaa nyɛnyɛn ibono mɛ kya wɔra Wurubuaarɛ mɔ kyɛɛ mɔmɔ.” Gɛnen so mɔ, o kisee tɔgɛ sa ɔtɛgɛsɛ mɔ yɛɛ,","If I had known that this child would become like this, I would have killed him long ago, so that I would not be suffering like this today because of Wurubuaarɛ.” After saying this, she took a stick and beat the child again,",output_proprietary_batch2,22.875487406189617,42.13287322556836,3.191180736872643
"The Pharisees wanted to accuse Jesus of doing something wrong, and they kept watching to see if Jesus would heal him on the Sabbath.","Yesu gi loo nno mɔ, asa ako mɛ kya dii mɔ de mɛꞌ kerɛ yɛɛ ɔ laa kyɛ gibaa wusɛ wura mɔ abɛɛ? Nengyene ɔ nyɛ kyɛ mɔ gɛnen gɛkɛ kyoolasɛ gɛbono dɔ mɔ de mɛꞌ nyɛ kyu mɔ wɔra nbɛlɛ dɔ yɛɛ ɔ wɔra gɛsun gɛkɛ kyoolasɛ.","Jesus answered them, ""Did I not choose you, the twelve, and yet one of you is a devil?"" He was speaking about Judas, the son of Simon Iscariot, for he, one of the twelve, was going to betray him.",output_proprietary_batch2,25.863672243993047,42.13287322556836,3.191180736872643
"There were also James and John, the two sons of Zebedee. Jesus called them Boanerges, which means “Thunderbolts.”","Ako ne n gyɛ Gyeemesi de mɔ-tedɛ Gyɔn Sɛbedi mɔ-biana, abono Yesu gi yela mɔmɔ ayenbi yɛɛ Buwaneegyisi.","If you do not accept Jesus as your Lord and Savior, then you have not received the salvation that comes from God.",output_proprietary_batch2,17.279197870871258,42.13287322556836,3.191180736872643
"Jesus went back home, and once again such a large crowd gathered that there was no chance even to eat.",sakpii gi ti baa bɔla mɔ-gɛten dɔ ibono i yɛgɛ mɔ‑rɛ mɔ-akasɛbo gudu anyɔ mɔ mɛŋ kya nyɛ nyoro de mɛꞌ kpɛɛ agyudɔ wɔra gɛnɔ.,"The child and his father went to the farm but when they got there, they saw that someone had already harvested all the yams.",output_proprietary_batch2,25.057300241500553,42.13287322556836,3.191180736872643
"But when the sun came up, the plants were scorched and dried up, because they did not have deep roots.","imɔso ayu mɔ a mɛŋ nyɛ de amɔ-ilin iꞌ loo gɛsɛ. Owi gi dii mɔ, a wiili ne a wuꞌ.","The woman said that she would go to the farm tomorrow. If you see her, greet her for me.",output_proprietary_batch2,16.683566064986334,42.13287322556836,3.191180736872643
"Finally, Jesus said: What is God's kingdom like? What story can I use to explain it?","O kii taasɛ mɔmɔ yɛɛ, “Nnɛ ne a laa tɔgɛ yɛɛ Wurubuaarɛ gɛwuragyi dɔ akyenabi mɔ a dɛ? Menɛ gikpalɛ ne a laa kyu kɛserɛ ne?","He asked them, “Is today the day that Wurubuaarɛ will show his power to the people? Or is it another day for something else?”",output_proprietary_batch2,17.49332563432916,42.13287322556836,3.191180736872643
"When Jesus was alone with the twelve apostles and some others, they asked him about these stories.","I san Yesu mɔ‑rɛ mɔ-akasɛbo gudu anyɔ mɔ de asa kalɛsɛ ako mɔ, mɛ taasɛ mɔ akpalɛ mɔ gɛsɛ.","If you believe in Jesus and accept him into your heart as your Lord and Savior, you will receive eternal life.",output_proprietary_batch2,19.09392895079281,42.13287322556836,3.191180736872643
The seeds that fell along the road are the people who hear the message. But Satan soon comes and snatches it away from them.,"Asa ako mɛ dɛ fɛɛ ayu abono a tɔrɔ ɔkpa dɔ mɔ. Asa abono mɔ, mɛ kpɛ nu Wurubuaarɛ agyɛbi mɔ, ayaa abono so mɔ, ilaa nyɛnyɛn pɛwu gɛmu kya baa lɛɛ agyɛbi mɔ lii mɔmɔ-nwɔnsa dɔ.","When I go to the farm, I like to take some food with me. On the farm, I see the beautiful nature, and after working, I rest under the big trees and drink some water.",output_proprietary_batch2,22.555672133265546,42.13287322556836,3.191180736872643
What the farmer is spreading is really the message about the kingdom.,“Ayu abono dɔɔbo mɔ gi ŋmadɛ mɔ ne n gyɛ Wurubuaarɛ agyɛbi.,The person who does good things will receive blessings from God.,output_proprietary_batch2,16.124713681071693,42.13287322556836,3.191180736872643
"Jesus used many other stories when he spoke to the people, and he taught them as much as they could understand.","Akpalɛ gikyɔ fafaanan so‑o ne Yesu gi kyu tɔgɛ Wurubuaarɛ agyɛbi sa mɔmɔ, gɛnɔɔbono ɔkara mɛ laa taalɛ nu gɛsɛ mɔ.","The reason why Jesus came into this world is to save us from our sins, so that we can have eternal life with Him.",output_proprietary_batch2,19.93932400199329,42.13287322556836,3.191180736872643
"Jesus was in the back of the boat with his head on a pillow, and he was asleep. His disciples woke him and said, “Teacher, don't you care that we're about to drown?”","Mɛ kya kpe mɔ, Yesu tɛ gikolii mɔ gɛmara. Ɔ dɛ ginsi gidɛ, o sin gɛputu. Nfono mɔ afuu belɛ ako a tigi, a kya da ginyadon so. A kya yɛgɛ nkyu mɔ gi kya loo gikolii mɔ dɔ. I wɔra mɔmɔ gifuu, ne mɛ da Yesu kyingi taasɛ mɔ yɛɛ, “Ɔbelɛnsɛ, a kya laarɛ aꞌ sii faa, iŋ fɛ fo-giso?”","When I was a child, Jesus called me to Himself. He loves children, He is their friend. If you want to be happy like me, come and follow the Savior. Come and join me as I go to Jesus. And when I got close, I heard Jesus ask me, “Child, what do you want Me to do for you?”",output_proprietary_batch2,23.83382451670303,42.13287322556836,3.191180736872643
Jesus and his disciples crossed Lake Galilee and came to shore near the town of Gerasa.,Yesu mɔ‑rɛ mɔ-akasɛbo mɔ mɛ fara ɔbon belɛ mɔ kpe gibenbɛ giko so Gerigasa gɛsinkpan so.,Jesus and his disciples crossed over the lake and came to the region of Gerasenes.,output_proprietary_batch2,62.222104418369625,42.13287322556836,3.191180736872643
"When the man saw Jesus in the distance, he ran up to him and knelt down.",Gɛnen ɔnyen baarɛ gi wu Yesu koo-koo ne ɔ selɛ kpaa ŋmii Yesu ayaa dɔ.,"Then the woman said to Jesus, ""Truly, you are the Son of God.""",output_proprietary_batch2,22.335657202250236,42.13287322556836,3.191180736872643
Over on the hillside a large herd of pigs was feeding.,"Aberɛ abono mɔ, akuuri gikpen belɛ giko gi yelɛ gibii mɔ alan dɔ nno mɛ kya gyi.","When the time comes, everyone will gather and we will all go together to the place.",output_proprietary_batch2,18.97253214394831,42.13287322556836,3.191180736872643
"When they came to Jesus, they saw the man who had once been full of demons. He was sitting there with his clothes on and in his right mind, and they were terrified.","Mɛ ba Yesu asɛ mɔ, mɛ wu ɔnyen mɔ nkana ilaa nyɛnyɛn oduduu gikpen mɔ gi tɛ mɔ so mɔ, o bun gikuru ɔ tɛ Yesu asɛ. Ɔ nyɛ mɔ-ginyamesɛ gɛwɔnsa. I wɔra asa mɔ gifuu ne i dɛ mɔmɔ-gɛnɔ.","I will follow Jesus, I will die to myself so that everything I do will be for Him, and I will not do anything that does not please Jesus. I will not worship any other god. I will walk in His ways and I will trust in Him alone.",output_proprietary_batch2,22.887865176447093,42.13287322556836,3.191180736872643
"But Jesus would not let him. Instead, he said, “Go home to your family and tell them how much the Lord has done for you and how good he has been to you.”",Yesu mɔ mɛŋ kyule sa mɔ. Ɔ tɔgɛ mɔ daa yɛɛ ɔꞌ naa kpe gɛwi de ɔꞌ kpaa tɔgɛ sa mɔ-adɛ ilaa gbaaꞌ ibono Wurubuaarɛ gi wɔra sa mɔ mɔ de gɛnɔɔbono o su mɔ gitolon mɔ.,"Jesus is the one who saves us. He gave himself so that by his death he would save us from the punishment that comes to everyone who disobeys God, and bring us into the good life he has for us.",output_proprietary_batch2,24.855657588813806,42.13287322556836,3.191180736872643
"The person in charge of the synagogue was also there. His name was Jairus, and when he saw Jesus, he went over to him. He knelt at Jesus' feet","Nfono mɔ ɔnyen ɔko gi ba Yesu asɛ. Mɛ kya terɛ mɔ yɛɛ Gyarasɛ. Ɔ gyɛ Gyuda awura gikyangbon akerɛbo mɔ dɔ ɔko. Gyarasɛ gi wu Yesu mɔ, ɔ kpelegɛ ŋmii mɔ-ayaa dɔ","One day, the chief priests went to arrest Jesus. They sent him to Pilate. He handed Jesus over to the soldiers to kill him. Pilate did not want Jesus to die, he washed his hands to show he was not responsible.",output_proprietary_batch2,29.548525824857606,42.13287322556836,3.191180736872643
But Jesus turned to see who had touched him.,Yesu gi kisee ɔ kya kerɛ de oꞌ wu ɔkolon ɔbono o yii mɔ-gɛgbɛ mɔ.,Jesus and his disciples were in a boat when a great storm arose.,output_proprietary_batch2,20.775133421889304,42.13287322556836,3.191180736872643
They went home with Jairus and saw the people crying and making a lot of noise.,"Mɛ naa kpaa loo ɔbelɛnsɛ mɔ gɛten dɔ mɔ, ɔlanba ne. Asa mɛ dɛ osulon mɛ yelɛ.","If I go there and I don't see him, I will come back. But I think I will see him.",output_proprietary_batch2,15.582019901483804,42.13287322556836,3.191180736872643
"But Jesus said, “Prophets are honored by everyone, except the people of their hometown and their relatives and their own family.”","Yesu gi wu gɛnen mɔ, ɔ tɔgɛ sa mɔmɔ yɛɛ, “Wurubuaarɛ ikalan ɔtɔgɛbo kya gyi ginsi gɛten kamaasɛ, gɛnen mɔ, mɔ-gɛwi, mɔ gbaa-gbaa gɛten dɔ de mɔ-subuana asɛ wolɛ.”","Jesus answered him, “Truly, truly I say to you, unless one is born again, he cannot see the kingdom of God.”",output_proprietary_batch2,18.21768052955636,42.13287322556836,3.191180736872643
"He told them, “You may take along a walking stick. But don't carry food or a traveling bag or any money.","Ɔ ka sa mɔmɔ yɛɛ, “Fɛ kya kpe faa, fɛŋ sa fɛꞌ puru sɛi-sɛi keda baa too de fɛye-iyii tugɛsɛ. Fɛŋ sa fɛꞌ puru agyudɔ keda. Fɛ mɛŋꞌ keda atɔ ɔwɔraten. Fɛ mɛŋꞌ puru aterenbi wɔra fɛye-igo ibɔ dɔ.","He said to them, ""Take this and eat, this is my body which is given for your sake. This is my blood. Do this in remembrance of me. Do this whenever you drink it in my memory.""",output_proprietary_batch2,19.575253495231863,42.13287322556836,3.191180736872643
"Herod had earlier married Herodias, the wife of his brother Philip. But John had told him, “It isn't right for you to take your brother's wife!” So, in order to please Herodias, Herod arrested John and put him in prison.","Gyɔn mɔ gi nu gɛnen mɔ, ɔ kya tɔgɛ wura mɔ yɛɛ, “Fo sɔgɛ fo-tedɛ mɔ-ka faa, iŋ boran. Iŋ dɛ ɔkpa gɛnen.”","When they reached that place, the old woman said to the child, “Take your calabash and come, let’s go. Let’s go to another place.”",output_proprietary_batch2,16.22054023046624,42.13287322556836,3.191180736872643
Herod was very sorry for what he had said. But he did not want to break the promise he had made in front of his guests.,"Obolonbu mɔ gi taasɛ gɛnen mɔ, i yɛgɛ Wura Hɛrodɛ gisen dɔ i nyida mɔ. Ɔ ti ka ntan abelɛnsɛ mɔ ansi dɔ so mɔ, mɔ, iŋ kya sa mɔ gikine.","After they had heard the king, they went on their way, and the star they had seen in the east went ahead of them until it stopped over the place where the child was.",output_proprietary_batch2,22.600059876902932,42.13287322556836,3.191180736872643
"But so many people were coming and going that Jesus and the apostles did not even have a chance to eat. Then Jesus said, “Let's go to a place where we can be alone and get some rest.”","Mɛ ba mɔ, asa mɛ kpɛ ma‑a dii ma‑a kpelegɛ mɔmɔ so. Imɔso i yɛgɛ mɛŋ kya nyɛ nyoro de mɛꞌ gyi gbaa. Nfono ne Yesu gi tɔgɛ sa mɔmɔ yɛɛ, “Fɛꞌ koso de aye-wolɛ aꞌ kpe nfono asa mɛŋ tɛ mɔ de fɛꞌ nyɛ kyoola ŋmaraa.”","When I come, if I find you have done what I told you, I will be happy. But if you do not do what I say, I will be sad. That is why Jesus said, “Anyone who hears my words and does not do them is like a foolish person who built his house on sand.”",output_proprietary_batch2,24.257922420556547,42.13287322556836,3.191180736872643
"As soon as they got out of the boat, the people recognized Jesus.","Mɛ kpɛ mɛ kya lii gikolii mɔ dɔ mɔ, asa mɛ wu Yesu bii,","I want to tell you something important today, that Jesus loves you.",output_proprietary_batch2,18.532779371834508,42.13287322556836,3.191180736872643
"He answered, “Don't you know what I am talking about by now? You surely know that the food you put into your mouth cannot make you unclean.","Yesu gi lɛɛ gɛnɔ taasɛ mɔmɔ yɛɛ, “Imɔso fɛye kee fɛye-nwɔnsa dɔ iŋ ti bugi de fɛꞌ nu ilaa gɛsɛ? Imɔso fɛ mɛŋ nyi yɛɛ sɛi mɛŋ bo no i laa loo nyamesɛ gɛnɔ dɔ de iꞌ kyɔlesɛ mɔ-Wurubuaarɛ ɔson?","Jesus also asked them, “Why are you discussing that you have no bread? Do you still not see or understand? Are your hearts hardened?",output_proprietary_batch2,19.866632071780973,42.13287322556836,3.191180736872643
"It doesn't go into your heart, but into your stomach, and then out of your body.” By saying this, Jesus meant that all foods were fit to eat.","I kya nyiile yɛɛ iŋ kya loo mɔ-gɛwɔnsa dɔ, i kya loo daa mɔ-ɔtɔ dɔ de ɔꞌ kɔɔ fuɛ.” Yesu gi tɔgɛ gɛnen mɔ, ɔ lɛɛ nyiile yɛɛ ilaa gyisɛ kamaasɛ i boran; iŋ kya kyɔlesɛ nyamesɛ Wurubuaarɛ ɔson.","If you know these things and do them, you will be blessed. Jesus said this to show them that they should serve each other; you should love one another as the Lord loves you.",output_proprietary_batch2,22.768936202004298,42.13287322556836,3.191180736872643
"All of these come from your heart, and they are what make you unfit to worship God. A Woman's Faith (Matthew",Gɛnen ilaa nyɛnyɛn idɛana pɛwu i kya lii nyamesɛ gɛwɔnsa dɔ ne imɔ ne n kya kyɔlesɛ mɔ-Wurubuaarɛ ɔson.” Isafokyii Gi Sɔɔ Yesu Gyi,“That is why everyone who hears these words of mine and puts them into practice is like a wise man who built his house on the rock.” Matthew 7:24,output_proprietary_batch2,24.91970555598049,42.13287322556836,3.191180736872643
"But Jesus said, “The children must first be fed! It isn't right to take away their food and feed it to dogs.”","Ɔkyii mɔ gi kolɛ Yesu mɔ, Yesu gi tɔgɛ sa mɔ yɛɛ, “Iŋ kaaborɛ fɛɛ ɔko oꞌ kyu nbii agyudɔ kyu too sa igyoono aberɛ abono nbii mɔ mɛŋ ti gyi mɔ.”","He asked Jesus, “Teacher, what good thing must I do to get eternal life?”",output_proprietary_batch2,18.127287549370237,42.13287322556836,3.191180736872643
Jesus left the region around Tyre and went by way of Sidon toward Lake Galilee. He went through the land near the ten cities known as Decapolis.,Yesu gi lii gɛsinkpan gɛbono gɛ sindi Taya ɔsowolɛ so mɔ kpaa loo lii Sidon ɔsowolɛ so kyu gɛnen‑n kpaa lii gɛsinkpan gɛbono so Isowolɛ Gudu mɔ i bo mɔ baa fo ɔbon belɛ ɔbono mɛ kya terɛ mɔ yɛɛ Galeli mɔ asɛ.,"Jesus left the region of Gennesaret and went to the area of Tyre, then left Sidon and went to the region of the Ten Cities, and from there he went to the Sea of Galilee.",output_proprietary_batch2,39.64705529583,42.13287322556836,3.191180736872643
he got into the boat with the disciples and crossed to the territory near Dalmanutha. A Sign from Heaven (Matthew,"Nfono mɔ Yesu mɔ‑rɛ mɔ-akasɛbo mɔ, mɔ, mɛ san dii loo mɔmɔ-gikolii dɔ ne mɛ kyon Dɔmanuta gɛsinkpan so. Farasii Awura Ako Yɛɛ Yesu Ɔꞌ Wɔra Ilaa Lɛɛnyiilesɛ Sa Ɔmɔ","One day Jesus was teaching, and the Pharisee leader invited Jesus to his house for a meal.",output_proprietary_batch2,16.16947123989813,42.13287322556836,3.191180736872643
"But when Jesus turned and saw the disciples, he corrected Peter. He said to him, “Satan, get away from me! You are thinking like everyone else and not like God.”","Ne Yesu gi kisee kerɛ mɔ-akasɛbo sɛnsɛ mɔ, ne ɔ gya Piita yɛɛ, “Naa me asɛ; ilaa nyɛnyɛn gɛmu! Fo-gɛwɔnsa gɛŋ gyan Wurubuaarɛ gɛlaarɛ so. Anyamesɛ-lɛɛ gɛlaarɛ so ne fo-gɛwɔnsa gɛ gyan.”","But Jesus turned and said to Peter, “Get behind me; you are a stumbling block to me! You do not have in mind the things of God, but the things of men.”",output_proprietary_batch2,32.5018660981025,42.13287322556836,3.191180736872643
"After Jesus and the disciples had gone back home and were alone, they asked him, “Why couldn't we force out that demon?”","Yesu gi kpaa loo obu dɔ mɔ, mɔ-akasɛbo mɔ mɛ baa taasɛ mɔ mɔmɔ-wolɛ yɛɛ, “I wonɛ so ne aye berɛ, a mɛŋ taalɛ gya ilaa nyɛnyɛn oduduu mɔ koso gɛbii mɔ so daa?”","Jesus said to his disciples, his disciples asked him, ""Why do you speak to the people in parables?""",output_proprietary_batch2,25.119978074409605,42.13287322556836,3.191180736872643
"Jesus said, “You people don't have any faith! How much longer must I be with you? Why do I have to put up with you? Bring the boy to me.”","Ne Yesu gi tɔgɛ sakpii mɔ yɛɛ, “O! Fɛye nkɛ ndɛ dɔ asa! Fɛŋ kya sɔɔ Wurubuaarɛ gyi. Nkɛ nfonɛ ne nan kyena fɛye asɛ, n kpɛ mi‑i nyɛ gisen mi‑i sa fɛye daa? Fɛꞌ kyu gɛbii mɔ bara me.”","But Jesus said to them, “Oh! How long must I be with you! How long must I put up with you? Bring the boy here to me.”",output_proprietary_batch2,50.520946786924206,42.13287322556836,3.191180736872643
"The spirit screamed and made the boy shake all over. Then it went out of him. The boy looked dead, and almost everyone said he was.","Ilaa nyɛnyɛn oduduu mɔ gi lɔgedɛ saawo, ne i kyu ɔlon nyala gɛbii mɔ kerii-kerii pɛi ne i koso gɛmɔ so. I koso taa gɛbii mɔ yɛgɛ mɔ, gɛ san gɛ dɛ fɛɛ obuni. Asa sakyɔ mɛ kya tɔgɛ yɛɛ gɛ wuꞌ daa.","If you see a big snake on the road, and you don't have anything sharp or a stick with you. You should just leave it alone, because if you try to kill it, it might bite you. So it is better to leave it and go your way.",output_proprietary_batch2,21.70587049908723,42.13287322556836,3.191180736872643
"John said, “Teacher, we saw a man using your name to force demons out of people. But he wasn't one of us, and we told him to stop.”","Ne Gyɔn gi tɔgɛ sa Yesu yɛɛ, “Ɔbelɛnsɛ, a wu ɔnyen ɔko ɔ dɛ fo-ginyen ɔ kya gya ilaa nyɛnyɛn oduduu kpɛi-kpɛi ɔ kya koso asa so. Kaasɛ mɔ mɛŋ kii ɔ bo aye dɔ, imɔso a gya mɔ yɛɛ ɔŋꞌ baa wɔra gɛnen.”","And Jesus said to him, ""Truly, if you have faith as small as a mustard seed, you can say to this mountain, ‘Move from here to there,’ and it will move. Nothing will be impossible for you.""",output_proprietary_batch2,21.35851195363408,42.13287322556836,3.191180736872643
"If your eye causes you to sin, get rid of it. You would be better off to go into God's kingdom with only one eye than to have two eyes and be thrown into hell.","“Nengyene fo-ginsi gi kya yɛgɛ fo-gisɔɔgyi giꞌ koso me so mɔ, lɔgedɛ gimɔ lɛɛ fuɛ. I boran yɛɛ foꞌ kyu ginsi kolon kpaa kyena Wurubuaarɛ gɛwuragyi mɔ dɔ don ibono Wurubuaarɛ laa kyu fo‑rɛ fo-ansi anyɔ too wɔra ɔgya dɔ mɔ.","If you want to know what you should do, listen to what I am about to say. In the past, when people wanted to know the truth about something, they would go to the elders and ask them for advice.",output_proprietary_batch2,23.680585058183183,42.13287322556836,3.191180736872643
"After Jesus left, he went to Judea and then on to the other side of the Jordan River. Once again large crowds came to him, and as usual, he taught them.","Yesu gi koso lii nno, ne o kpe Gyudiya gɛsinkpan so de Gyɔɔdan ɔbon mɔ gibenbɛ giko so. Sakpii gi ti kpaa kyaabɔɔ mɔ, ne o nyiile mɔmɔ ilaa fɛɛ gɛnɔɔbono ɔ wolaa ɔ kya wɔra mɔ.","Jesus and his followers went there, and he met a man who was possessed by an evil spirit. For a long time, this man had not worn clothes or lived in a house, but stayed among the tombs.",output_proprietary_batch2,24.762843296413863,42.13287322556836,3.191180736872643
"He becomes like one person with his wife. Then they are no longer two people, but one.","de mɛꞌ bingiri nyamesɛ kolon mɔ.’ Imɔso ɔnyen mɔ‑rɛ mɔ-ka mɛŋ baa mɛ gyɛ asa anyɔ, mɛ bingiri nyamesɛ kolon.","If I speak in the tongues of men and of angels, but do not have love, I am only a resounding gong or a clanging cymbal.",output_proprietary_batch2,19.989195731444408,42.13287322556836,3.191180736872643
Some people brought their children to Jesus so he could bless them by placing his hands on them. But his disciples told the people to stop bothering him.,"Owi ɔko dɔ mɔ, asa ako mɛ kpɛ mɛ dɛ nbii ma‑a bara Yesu yɛɛ oꞌ kyu mɔ-abaa gyan nmɔ so de ɔꞌ dalaa sa mɔmɔ. Yesu akasɛbo mɔ, mɔ, mɛ kya gya mɔmɔ yɛɛ mɛꞌ kiiri nbii mɔ.","If someone loves me, he will do what I say and my Father will love him. We will come to him and live with him. The person who does not love me does not do what I say.",output_proprietary_batch2,18.10216301097161,42.13287322556836,3.191180736872643
"We are now on our way to Jerusalem where the Son of Man will be handed over to the chief priests and the teachers of the Law of Moses. They will sentence him to death and hand him over to foreigners,","Ɔ tɔgɛ sa mɔ-akasɛbo mɔ yɛɛ, “Fɛꞌ nu. A kya kpe Gyɛrusalem faa, ako mɛ laa kyu me, anyamesɛ pɛwu mɔmɔ-daa mɔ, wɔra aye Gyuda awura asunbi alɛɛbo abelɛnsɛ de aye-nbara aŋmarasɛbo abaa dɔ. Mɔmɔ, mɔ, mɛ laa tɔgɛ yɛɛ n gyɛ ilaa nyɛnyɛn ɔwɔrabo, imɔso nꞌ wɔra ɔmɔɔsɛ, de mɔmɔ kee mɛꞌ kyu me wɔra asa abono mɛ mɛŋ gyɛ Gyuda awura mɔ abaa dɔ.","He took the twelve aside and said to them, ""Look. We are going up to Jerusalem, and everything written by the prophets about the Son of Man will be fulfilled. He will be handed over to the Gentiles, mocked, insulted, and spit on; they will flog him and kill him. On the third day he will rise again.""",output_proprietary_batch2,40.95132223456213,42.13287322556836,3.191180736872643
"And if you want to be first, you must be everyone's slave.","ne ɔbono ɔ kya laarɛ ɔꞌ wɔra fɛye-wura mɔ, i kaaborɛ ɔꞌ wɔra mɔ-nyoro fɛɛ gɛbide sa ɔkamaasɛ.","If the stone is heavy, the owner knows, but if the calabash is heavy, everyone knows.",output_proprietary_batch2,23.40037684558984,42.13287322556836,3.191180736872643
"The Son of Man did not come to be a slave master, but a slave who will give his life to rescue many people. Jesus Heals Blind Bartimaeus (Matthew","I lii fɛɛ me, anyamesɛ pɛwu mɔmɔ-daa mɔ gbaa, meŋ ba gɛsinkpan so yɛɛ asa mɛꞌ son me. Nɛ ba daa de nꞌ baa son asa de nꞌ kyu me-nkpa kyɛɛ de iꞌ lɛɛ asa sakyɔ lii ilaa nyɛnyɛn giwɔra dɔ kiiri mɔmɔ sa Wurubuaarɛ.” Yesu Gi Kyɛ Gyaatanbo","“I am telling you the truth, unless a grain of wheat falls into the ground and dies, it remains alone; but if it dies, it produces much grain. Anyone who loves their life will lose it, but anyone who hates their life in this world will keep it for eternal life.” Jesus in the Gospel of John",output_proprietary_batch2,22.781356615528527,42.13287322556836,3.191180736872643
"Jesus and his disciples went to Jericho. And as they were leaving, they were followed by a large crowd. A blind beggar by the name of Bartimaeus son of Timaeus was sitting beside the road.","Yesu mɔ‑rɛ mɔ-akasɛbo de sakpii belɛ mɛ loo Gyɛriko ɔsowolɛ so. Mɛ loo mɛ kya lii mɔ, gyaatanbo ɔko tɛ ɔkpa nkan. Mɛ kya terɛ gɛnen gyaatanbo ɔbono yɛɛ Batimeyasɛ. Mɔ-sɛ ne n gyɛ Timeyasɛ.","Jesus and his disciples came to Jericho. As they were leaving the city, a large crowd followed them. A blind beggar named Bartimaeus was sitting by the roadside. He was the son of Timaeus.",output_proprietary_batch2,69.59895572166842,42.13287322556836,3.191180736872643
"Jesus asked, “What do you want me to do for you?” The blind man answered, “Master, I want to see!”","Ne Yesu gi taasɛ mɔ yɛɛ, “Menɛ ne fo kya laarɛ nꞌ wɔra sa fo?” Gyaatanbo mɔ gi lɛɛ gɛnɔ yɛɛ, “Ɔbelɛnsɛ, n kya laarɛ me-ansi aꞌ bugi.”","But Jesus answered him, “Do you want to be healed?” The sick man replied, “Sir, I have no one to help me into the pool.”",output_proprietary_batch2,35.396181924106216,42.13287322556836,3.191180736872643
"The chief priests and the teachers of the Law of Moses heard what Jesus said, and they started looking for a way to kill him. They were afraid of him, because the crowds were completely amazed at his teaching.","Yesu ilaa nyiilesɛ mɔ i dɛ sakpii mɔ pɛwu gɛnɔ, ne i tɔrɔ mɔmɔ-gisen. Gyuda awura asunbi alɛɛbo abelɛnsɛ de mɔmɔ nbara aŋmarasɛbo mɔ berɛ, mɛ nu ilaa ibono Yesu gi wɔra mɔ, mɛ laarɛ ɔkpa ɔbono so mɛ laa nyɛ mɔɔ mɔ mɔ. Mɛ kii mɛ selɛ Yesu gifuu. I kya nyiile yɛɛ mɛ wu yɛɛ sakpii mɔ yelɛ mɔ-gɛmara.","Jesus knew that he would suffer and die soon, and he told his disciples. Judas, one of the twelve disciples, went to the leaders to betray Jesus for money, and they promised to give him money. Later, he looked for a chance to hand Jesus over to them. You should know that Jesus did all this for us. He died for our sins.",output_proprietary_batch2,27.283225347825113,42.13287322556836,3.191180736872643
"Jesus and his disciples returned to Jerusalem. And as he was walking through the temple, the chief priests, the nation's leaders, and the teachers of the Law of Moses came over to him.","Yesu mɔ‑rɛ mɔ-akasɛbo mɔ mɛ kii ba Gyɛrusalem ɔsowolɛ so. Ɔ naa Wurubuaarɛ ɔson obu mɔ gikpaara mɔ so mɔ, Gyuda awura asunbi alɛɛbo abelɛnsɛ de mɔmɔ-nbara aŋmarasɛbo de abelɛnsɛ sɛnsɛ ako mɛ ba mɔ asɛ","Jesus was going up to Jerusalem with his disciples. On the way, he took the twelve aside and told them, ""We are going up to Jerusalem, and the Son of Man will be handed over to the chief priests and the teachers of the law. They will condemn him to death.""",output_proprietary_batch2,46.7730036768929,42.13287322556836,3.191180736872643
"Jesus answered, “I have just one question to ask you. If you answer it, I will tell you where I got the right to do these things.","Nfono ne Yesu gi tɔgɛ abelɛnsɛ mɔ yɛɛ, “Nan taasɛ fɛye ilaa kolon. Fɛ lɛɛ gɛnɔ sa me mɔ, nan tɔgɛ fɛye ɔbono ginyen n dɛ n kya wɔra gɛnen ilaa idɛ mɔ.","One day Jesus said to his disciples, ""Let us go over to the other side of the lake."" So they got into a boat and set out.",output_proprietary_batch2,21.327003714491322,42.13287322556836,3.191180736872643
"It is also true that we must love God with all our heart, mind, and strength, and that we must love others as much as we love ourselves. These commandments are more important than all the sacrifices and offerings that we could possibly make.”","I kaaborɛ nyamesɛ oꞌ kyu mɔ-gisen pɛwu, mɔ-nwɔnsa pɛwu, de mɔ-nyoro ɔlon pɛwu kyu laarɛ Wurubuaarɛ ilaa de ɔꞌ laarɛ mɔ-nanbo ilaa fɛɛ mɔ-nyoro. Nyamesɛ gi gyi gɛnen nbara nnyɔ ndɛ so mɔ, imɔ ne n tiri gikyɔ don ibono ɔ laa kyu nbuɛ lɛɛ asunbi kamaasɛ sa Wurubuaarɛ mɔ.”","If someone says he has not eaten dog meat, not drunk palm wine, and not slept with a woman except his wife or has not slept with another man's wife except his own, it means he is telling the truth. But if he is lying, then his head will swell up and burst or he will die suddenly as a punishment from the ancestors.",output_proprietary_batch2,25.11810333731824,42.13287322556836,3.191180736872643
"They went to him and said, “Teacher, we know that you are honest. You treat everyone with the same respect, no matter who they are. And you teach the truth about what God wants people to do. Tell us, should we pay taxes to the Emperor or not?”","Asunbo mɔ mɛ kpe, ne mɛ kpaa too Yesu soso yɛɛ, “Ɔbelɛnsɛ, a wu yɛɛ fo bo gɛsintin ne fo mɛŋ selɛ ɔko. Fo berɛ, fo mɛŋ kya kerɛ nyamesɛ sakyɔ abɛɛ mɔ-nyisigyi ɔbono ɔ bo mɔ de foꞌ buu ɔko don ɔko. Fo kya nyiile asa Wurubuaarɛ ɔkpa daa gɛsintin ɔkpa so. Rom wura belɛ ɔbono ɔ kya kerɛ aye so ne ɔŋ kya son Wurubuaarɛ mɔ, i dɛ ɔkpa Wurubuaarɛ asɛ fɛɛ aꞌ sɔɔ mɔ-lɛnpoo abɛɛ a mɛŋ sa aꞌ sɔɔ?”","When I was listening, I heard Jesus say, “Truly, if you want to follow me and be my disciple, you must leave everything and carry your cross. You must not love your family or anything else more than me. Whoever wants to save their life will lose it, but whoever loses their life for my sake will find it. What good is it for someone to gain the whole world, yet forfeit their soul? Or what can anyone give in exchange for their soul?”",output_proprietary_batch2,25.40178289991396,42.13287322556836,3.191180736872643
"Jesus answered, “The most important one says: ‘People of Israel, you have only one Lord and God.","Ne Yesu gi lɛɛ gɛnɔ yɛɛ, “Nbono gi tiri don nsɛnsɛ mɔ ne n gyɛ nbono gi kya tɔgɛ yɛɛ, ‘Isirale awura, fɛꞌ yela fɛye-aso de fɛꞌ nu! Aye-Wura Wurubuaarɛ gyɛ daa ɔkolon.","And Jesus answered them, “How can people say that the Christ is David’s son? For David himself says in the book of Psalms, ‘The Lord said to my Lord, Sit at my right hand until I make your enemies your footstool.’ David thus calls him Lord, so how is he his son?”",output_proprietary_batch2,29.64260152713445,42.13287322556836,3.191180736872643
"You must love him with all your heart, soul, mind, and strength.’","Imɔso laarɛ fo-Wura Wurubuaarɛ ilaa lii fo-gisen dɔ. Kyu fo-gisen pɛwu, fo-gɛwɔnsa pɛwu de fo-ɔlon pɛwu kyu laarɛ Wurubuaarɛ ilaa.’","The chief said, ‘Wurubuaarɛ’s matter is not your concern. If it is not your concern, do not talk about it, do not ask about it, and do not go there because it is Wurubuaarɛ’s matter.’",output_proprietary_batch2,16.315902498471072,42.13287322556836,3.191180736872643
The second most important commandment says: ‘Love others as much as you love yourself.’ No other commandment is more important than these.”,"Nbara nyɔsɛ nbono kee gi baa gi tiri mɔ ne n gyɛ yɛɛ, ‘Laarɛ fo-nanbo fɛɛ fo-nyoro.’ I mɛŋ baa i bo nbara nko gi tiri don nmɔ ndɛ.”","Some people say that if someone offends you, you should say, ‘May what you did to me be done to you.’ But I say you should not do to others what they did to you.",output_proprietary_batch2,20.009192910391445,42.13287322556836,3.191180736872643
Everyone else gave what they didn't need. But she is very poor and gave everything she had. Now she doesn't have a cent to live on.,"I kya nyiile yɛɛ asa adɛ pɛwu mɛ kya gyɔgɛ mɔmɔ-aterenbi dɔ daa kyu baa kyɛɛ Wurubuaarɛ. Ɔkyii mɔ berɛ, ipii ibono ɔ bo ne nkana imɔ ne ɔ tɛ ɔ kpasa de mɔ, imɔ pɛwu ne o kyu baa kyɛɛ Wurubuaarɛ faa.”","He took his things and went to the farm and when he finished working, he returned home and told Wurubuaarɛ. After some time, he went to the bush and while he was there, he saw a snake and killed it, then he returned home and told Wurubuaarɛ everything.",output_proprietary_batch2,23.238018518313694,42.13287322556836,3.191180736872643
"Finally, a poor widow came up and put in two coins worth only a few pennies.","Nfono mɔ, ɔkyii okulaabo yenbo ɔko gi ba. Ne o kyu aterenbi abi anyɔ kyu too wɔra gidɛkaa mɔ dɔ.","Long ago, a brave hunter went to war. When he returned, everyone in the village celebrated him with great joy.",output_proprietary_batch2,14.473222539759828,42.13287322556836,3.191180736872643
Jesus told his disciples to gather around him. Then he said: I tell you that this poor widow has put in more than all the others.,"Yesu gi wu gɛnen mɔ, ɔ terɛ mɔ-akasɛbo mɔ, ne o nyiile mɔmɔ yɛɛ, “Iŋ gyɛ fɛ wu okulaabo yenbo baarɛ? Gɛsintin ne nꞌ kya tɔgɛ fɛye faa, ɔkyii baarɛ gi kyɛɛ Wurubuaarɛ aterenbi don asa sɛnsɛ abono mɛ kya too mɔ pɛwu.","Jesus answered him, ""If you want to be perfect, go, sell your possessions and give to the poor, and you will have treasure in heaven. Then come, follow me.""",output_proprietary_batch2,25.00026864808066,42.13287322556836,3.191180736872643
"They asked, “When will these things happen? What will be the sign that they are about to take place?”","“Owi ɔmɔ dɔ ne mɛ laa boori imɔ bun gɛnen? Menɛ ilaa ne nan ba de iꞌ lɛɛ nyiile yɛɛ ilaa idɛ pɛwu i kya laarɛ iꞌ ba gɛsintin? A kya kolɛ fo, tɔgɛ aye.”","If someone gives you something and you don’t know what it is, will you just take it and eat it without asking what it is? You should ask first, that’s better.",output_proprietary_batch2,21.562524427231978,42.13287322556836,3.191180736872643
"Brothers and sisters will betray each other and have each other put to death. Parents will betray their own children, and children will turn against their parents and have them killed.","“I laa ba yɛɛ fɛye abono fɛ kya son me faa dɔ ako, fɛye-daana abɛɛ fɛye-tedɛana mɛ laa fɛ fɛye sa fɛye-akyobo de mɛꞌ mɔɔ fɛye. Ɔsɛ gbaa laa kyu gɛnen wɔra mɔ-bi, ne gɛbii gɛ laa koso yelɛ gɛmɔ-sɛ de gɛmɔ-nyi so de gɛꞌ yɛgɛ asa mɛꞌ mɔɔ mɔmɔ.","He went and bought palm wine to give to his friend, and the friend took the wine and poured some into a cup for himself to drink. When he finished drinking, he called the children and told them to go and fetch water from the stream so that he could wash his hands.",output_proprietary_batch2,25.6769452381083,42.13287322556836,3.191180736872643
"If you are out in the field, don't go back for your coat.","Fo ɔbono fo bo ndɔɔ dɔ gɛnen owi ɔbono mɔ, gɛŋ baa kii ba gɛwi yɛɛ fo kya ba de foꞌ baa kyu fo-gikuru.","If someone gives you something and later wants it back, it means they didn't really give it to you but only lent it to you.",output_proprietary_batch2,20.80775889653537,42.13287322556836,3.191180736872643
"The stars will fall, and the powers in the sky will be shaken.”",Agyɛkpebi a laa kyigi giyan-giyan. Wurubuaarɛ laa keda ilaa ibono i bo soso mɔ gyigisi.,The tortoise walks slowly. The rabbit runs fast because it has long legs.,output_proprietary_batch2,17.05999289849501,42.13287322556836,3.191180736872643
"Learn a lesson from a fig tree. When its branches sprout and start putting out leaves, you know summer is near.","Ne Yesu gi da gikpalɛ sa mɔmɔ yɛɛ, “Fɛꞌ kasɛ ilaa lii gifeeya oyii so. Aye gɛrɛ mɔ, nengyene fɛ wu gifeeya ngyalenbi gi punge ne gi boori afɛdaa mɔ, fɛ kya bii yɛɛ gikyɛ gi kya fuude ne.","But Jesus called them to him and said, “Let the children come to me. Do not stop them, for the kingdom of God belongs to those who are like them.",output_proprietary_batch2,17.602580376237544,42.13287322556836,3.191180736872643
"No one knows the day or the time. The angels in heaven don't know, and the Son himself doesn't know. Only the Father knows.","“Gɛkɛ gɛbono abɛɛ owi ɔbono nan kii ba mɔ berɛ, ɔko mɛŋ nyi. Wurubuaarɛ dɔ isɔɔ gbaa mɛ mɛŋ nyi, ne me, Wurubuaarɛ mɔ-bi mɔ kee, meŋ nyi, gɛnen mɔ, me-sɛ Wurubuaarɛ mɔ-nkon ne n nyi.","When someone does something bad to you, do not do the same. God says you should not do that, but rather, God says you should forgive, because God does not want us to do bad to each other.",output_proprietary_batch2,20.265054895728472,42.13287322556836,3.191180736872643
"But if he comes suddenly, don't let him find you asleep.",Meŋꞌ kya laarɛ fɛɛ nꞌ baa tuule fɛye ibono fɛ mɛŋ dɛsɛ.,"If you want money, you must work hard to get it.",output_proprietary_batch2,12.081623449640457,42.13287322556836,3.191180736872643
"They were saying, “We must not do it during the festival, because the people will riot.” At Bethany (Matthew","I kya nyiile yɛɛ mɛ kya tɔgɛ yɛɛ iŋ kaaborɛ mɛꞌ mɔɔ mɔ gɛsi mɔ gigyi dɔ; iŋ gyɛ gɛnen mɔ, i laa naa bara ikɔ. Ɔkyii Ɔko Gi Lɔrɔ Yesu Gyoo Gipule","I did not know that you would come here today but I am happy to see you; if you need anything, let me know. Written by Oko Gi Loro Yesu Gyoo Gipule",output_proprietary_batch2,18.455203366329027,42.13287322556836,3.191180736872643
She has done all she could by pouring perfume on my body to prepare it for burial.,Ɔkyii mɔ gi wɔra ibono ɔ laa taalɛ mɔ sa me. O gyere me yela gyoo me-gipule ne.,He/she refused to give me the thing I asked for. He/she told me that he/she does not have it.,output_proprietary_batch2,15.337034322579365,42.13287322556836,3.191180736872643
"Jesus picked up a cup of wine and gave thanks to God. He gave it to his disciples, and they all drank some.","Ne o puru konkon de nta keda, ne o kyu afaala sa Wurubuaarɛ. O kyu nta mɔ sa mɔ-akasɛbo mɔ, ne mɔmɔ pɛwu mɛ nun kɔɔlɛ.","If you do not listen to what I say, you will not understand Wurubuaarɛ. You will not know the things of the ancestors, and your life will be difficult.",output_proprietary_batch2,19.005502471455955,42.13287322556836,3.191180736872643
