Model,Similarity Score (%),Raw Score
llama-3.1-405b-instruct,51.14%,51.14384280000001
llama-4-maverick-17b-128e-instruct,42.76%,42.76334712799999
llama-3.3-70b-instruct,39.15%,39.154255386
kimi-k2-instruct-0905,38.88%,38.87756787333334
qwen3-32b,36.90%,36.898695816
gemma2-9b-it,36.09%,36.086117519999995
deepseek-v3.1,31.95%,31.9465786
gpt-oss-120b,30.56%,30.555065675999998
qwen3-235b-a22b,27.84%,27.842995799999997
