Model,Similarity Score (%),Raw Score
llama-4-maverick-17b-128e-instruct,42.76%,42.763347128
llama-3.3-70b-instruct,41.46%,41.4634377465
llama-3.1-405b-instruct,39.20%,39.196256500000004
qwen3-235b-a22b,38.26%,38.25931137
kimi-k2-instruct-0905,37.46%,37.46488548666667
qwen3-32b,36.90%,36.898695816
gemma2-9b-it,36.09%,36.086117519999995
deepseek-v3.1,35.73%,35.7346642
gpt-oss-120b,30.56%,30.55506567599999
