Model,Similarity Score (%),Raw Score
llama-4-maverick-17b-128e-instruct,42.76%,42.76334712799999
kimi-k2-instruct-0905,39.17%,39.17031452
qwen3-32b,36.90%,36.898695816
gemma2-9b-it,36.09%,36.086117519999995
gpt-oss-120b,30.56%,30.555065675999998
