Model,Similarity Score (%),Raw Score
llama-3.1-405b-instruct,42.91%,42.90766393333333
llama-4-maverick-17b-128e-instruct,42.76%,42.763347128
llama-3.3-70b-instruct,40.51%,40.50818332866666
qwen3-235b-a22b,38.35%,38.35286469333334
kimi-k2-instruct-0905,37.70%,37.70474380499999
qwen3-32b,36.90%,36.898695816
gemma2-9b-it,36.09%,36.086117519999995
deepseek-v3.1,34.27%,34.26511133333332
gpt-oss-120b,30.56%,30.55506567599999
