Model,Similarity Score (%),Raw Score
llama-4-maverick-17b-128e-instruct,42.76%,42.763347128
qwen3-235b-a22b,41.96%,41.964766536
llama-3.3-70b-instruct,40.96%,40.960232397199995
kimi-k2-instruct-0905,38.38%,38.379389178
llama-3.1-405b-instruct,38.15%,38.146152183999995
deepseek-v3.1,37.92%,37.92418988
qwen3-32b,36.90%,36.898695816
gemma2-9b-it,36.09%,36.086117519999995
gpt-oss-120b,30.56%,30.55506567599999
