{
  "language_pair": "vag-eng",
  "timestamp": "2025-10-23T06:59:10.228672",
  "models": {
    "llama-4-maverick-17b-128e-instruct": 42.763347128,
    "qwen3-32b": 36.898695816,
    "kimi-k2-instruct-0905": 38.379389178,
    "qwen3-235b-a22b": 41.964766536,
    "llama-3.1-405b-instruct": 38.146152183999995,
    "gpt-oss-120b": 30.55506567599999,
    "deepseek-v3.1": 37.92418988,
    "llama-3.3-70b-instruct": 40.960232397199995,
    "gemma2-9b-it": 36.086117519999995
  },
  "average_score": 38.186439590577784,
  "best_model": "llama-4-maverick-17b-128e-instruct",
  "best_score": 42.763347128
}