{
  "language_pair": "vag-eng",
  "timestamp": "2025-10-05T08:22:01.825992",
  "models": {
    "llama-4-maverick-17b-128e-instruct": 45.63559350999999,
    "qwen3-32b": 37.48086052,
    "kimi-k2-instruct-0905": 37.5920858,
    "gpt-oss-120b": 31.160857295,
    "gemma2-9b-it": 39.101226749999995
  },
  "average_score": 38.194124775,
  "best_model": "llama-4-maverick-17b-128e-instruct",
  "best_score": 45.63559350999999
}