{
  "language_pair": "vag-eng",
  "timestamp": "2025-10-17T06:39:07.239676",
  "models": {
    "llama-4-maverick-17b-128e-instruct": 42.76334712799999,
    "qwen3-32b": 36.898695816,
    "kimi-k2-instruct-0905": 38.87756787333334,
    "qwen3-235b-a22b": 27.842995799999997,
    "llama-3.1-405b-instruct": 51.14384280000001,
    "gpt-oss-120b": 30.555065675999998,
    "deepseek-v3.1": 31.9465786,
    "llama-3.3-70b-instruct": 39.154255386,
    "gemma2-9b-it": 36.086117519999995
  },
  "average_score": 37.25205184437037,
  "best_model": "llama-3.1-405b-instruct",
  "best_score": 51.14384280000001
}