{
  "language_pair": "vag-eng",
  "timestamp": "2026-01-29T11:31:09.485187",
  "models": {
    "bleu": {
      "seed-oss-36b-instruct": 7.289334177359764,
      "llama-4-maverick-17b-128e-instruct": 4.129881762185746,
      "palmyra-med-70b": 9.287528999566801,
      "qwq-32b": 6.071283969534311,
      "qwen3-32b": 13.308442527111026,
      "mistral-7b-instruct-v0.3": 4.818705793464987,
      "gemma-2-9b-it": 2.9916393762856206,
      "kimi-k2-instruct-0905": 7.101804539861698,
      "qwen3-235b-a22b": 6.133297165279371,
      "llama-3.1-405b-instruct": 6.7616425332507735,
      "claude-sonnet-4-5": 7.428860694358236,
      "gpt-oss-120b": 10.794183673335963,
      "deepseek-v3.1": 14.83492828623858,
      "llama-3.3-70b-instruct": 6.086557760579093,
      "gemma-2-27b-it": 4.886496082151865,
      "gemma2-9b-it": 6.815665661266018,
      "gpt-4.1": 11.705589020696324,
      "mistral-medium-3-instruct": 7.050012289384432,
      "gemini-2.5-flash": 7.274100375865743
    },
    "chrf": {
      "seed-oss-36b-instruct": 18.565960655343755,
      "llama-4-maverick-17b-128e-instruct": 19.215428654406445,
      "palmyra-med-70b": 24.91280197926758,
      "qwq-32b": 17.380025745348597,
      "qwen3-32b": 19.47804935977301,
      "mistral-7b-instruct-v0.3": 19.633522362999084,
      "gemma-2-9b-it": 16.8860245598322,
      "kimi-k2-instruct-0905": 19.144083062427104,
      "qwen3-235b-a22b": 18.020017262538268,
      "llama-3.1-405b-instruct": 19.46371226028333,
      "claude-sonnet-4-5": 27.026740128429342,
      "gpt-oss-120b": 15.79901676786568,
      "deepseek-v3.1": 24.16058389199566,
      "llama-3.3-70b-instruct": 18.45452723799557,
      "gemma-2-27b-it": 17.979430294329596,
      "gemma2-9b-it": 19.2585956284702,
      "gpt-4.1": 23.46238558338172,
      "mistral-medium-3-instruct": 18.999900027837313,
      "gemini-2.5-flash": 24.566378103846553
    },
    "average": {
      "seed-oss-36b-instruct": 12.92764741635176,
      "llama-4-maverick-17b-128e-instruct": 11.672655208296096,
      "palmyra-med-70b": 17.10016548941719,
      "qwq-32b": 11.725654857441453,
      "qwen3-32b": 16.393245943442018,
      "mistral-7b-instruct-v0.3": 12.226114078232035,
      "gemma-2-9b-it": 9.93883196805891,
      "kimi-k2-instruct-0905": 13.122943801144402,
      "qwen3-235b-a22b": 12.07665721390882,
      "llama-3.1-405b-instruct": 13.112677396767051,
      "claude-sonnet-4-5": 17.22780041139379,
      "gpt-oss-120b": 13.296600220600823,
      "deepseek-v3.1": 19.497756089117118,
      "llama-3.3-70b-instruct": 12.270542499287332,
      "gemma-2-27b-it": 11.43296318824073,
      "gemma2-9b-it": 13.037130644868109,
      "gpt-4.1": 17.583987302039024,
      "mistral-medium-3-instruct": 13.024956158610873,
      "gemini-2.5-flash": 15.920239239856148
    }
  },
  "best_model": "deepseek-v3.1",
  "best_model_scores": {
    "BLEU": 14.83492828623858,
    "chrF": 24.16058389199566,
    "Average": 19.497756089117118
  }
}