{
  "language_pair": "vag-eng",
  "timestamp": "2026-01-12T13:35:17.994161",
  "models": {
    "seed-oss-36b-instruct": 24.85135534260338,
    "llama-4-maverick-17b-128e-instruct": 26.147588247185173,
    "palmyra-med-70b": 41.612383799999996,
    "qwq-32b": 21.819923221799232,
    "qwen3-32b": 36.898695816,
    "mistral-7b-instruct-v0.3": 25.72993053,
    "gemma-2-9b-it": 21.613868081088363,
    "kimi-k2-instruct-0905": 25.025640975710733,
    "qwen3-235b-a22b": 29.462076047791108,
    "llama-3.1-405b-instruct": 23.97180153374008,
    "gpt-oss-120b": 16.442065412801803,
    "deepseek-v3.1": 32.01098629686725,
    "llama-3.3-70b-instruct": 23.603604518689917,
    "gemma-2-27b-it": 24.114258740460667,
    "gemma2-9b-it": 36.08611752,
    "mistral-medium-3-instruct": 25.586652244900826
  },
  "average_score": 27.186059270602406,
  "best_model": "palmyra-med-70b",
  "best_score": 41.612383799999996
}