{
  "language_pair": "vag-eng",
  "timestamp": "2026-01-16T14:45:13.741458",
  "models": {
    "seed-oss-36b-instruct": 24.937197628083148,
    "llama-4-maverick-17b-128e-instruct": 26.136898294820053,
    "claude": 47.89964294433594,
    "palmyra-med-70b": 41.612383799999996,
    "gemini": 45.98999786376953,
    "qwq-32b": 21.70097431468719,
    "qwen3-32b": 36.898695816,
    "mistral-7b-instruct-v0.3": 25.72993053,
    "chatgpt": 33.92262268066406,
    "gemma-2-9b-it": 19.760848659117684,
    "kimi-k2-instruct-0905": 24.77463399284554,
    "qwen3-235b-a22b": 29.392548011260626,
    "llama-3.1-405b-instruct": 23.872538639485292,
    "gpt-oss-120b": 16.306238125135284,
    "deepseek-v3.1": 31.52421718394201,
    "llama-3.3-70b-instruct": 23.34502658202729,
    "gemma-2-27b-it": 23.43170638971726,
    "gemma2-9b-it": 36.08611752,
    "mistral-medium-3-instruct": 25.444885268018353
  },
  "average_score": 29.408794960205743,
  "best_model": "claude",
  "best_score": 47.89964294433594
}