{
  "language_pair": "vag-eng",
  "timestamp": "2026-01-28T14:52:34.240248",
  "models": {
    "bleu": {
      "seed-oss-36b-instruct": 1.9104967252168388,
      "llama-4-maverick-17b-128e-instruct": 2.2053181353304097,
      "palmyra-med-70b": 6.492337010246605,
      "qwq-32b": 1.958399312471653,
      "qwen3-32b": 2.694437443626738,
      "mistral-7b-instruct-v0.3": 2.6445204398867608,
      "gemma-2-9b-it": 2.050883309504999,
      "kimi-k2-instruct-0905": 2.116615684339286,
      "qwen3-235b-a22b": 2.4315776896943397,
      "llama-3.1-405b-instruct": 1.9535869185784462,
      "claude-sonnet-4-5": 6.12263182564589,
      "gpt-oss-120b": 2.142192609569619,
      "deepseek-v3.1": 5.725283251871231,
      "llama-3.3-70b-instruct": 1.9519417009451643,
      "gemma-2-27b-it": 2.580913097790024,
      "gemma2-9b-it": 2.774498416661475,
      "gpt-4.1": 4.8871293556908535,
      "mistral-medium-3-instruct": 2.0780315868092094,
      "gemini-2.5-flash": 4.524463360032187
    },
    "chrf": {
      "seed-oss-36b-instruct": 18.565960655343755,
      "llama-4-maverick-17b-128e-instruct": 19.215428654406445,
      "palmyra-med-70b": 24.91280197926758,
      "qwq-32b": 17.380025745348597,
      "qwen3-32b": 19.47804935977301,
      "mistral-7b-instruct-v0.3": 19.633522362999084,
      "gemma-2-9b-it": 16.8860245598322,
      "kimi-k2-instruct-0905": 19.144083062427104,
      "qwen3-235b-a22b": 18.020017262538268,
      "llama-3.1-405b-instruct": 19.46371226028333,
      "claude-sonnet-4-5": 27.026740128429342,
      "gpt-oss-120b": 15.79901676786568,
      "deepseek-v3.1": 24.16058389199566,
      "llama-3.3-70b-instruct": 18.45452723799557,
      "gemma-2-27b-it": 17.979430294329596,
      "gemma2-9b-it": 19.2585956284702,
      "gpt-4.1": 23.46238558338172,
      "mistral-medium-3-instruct": 18.999900027837313,
      "gemini-2.5-flash": 24.566378103846553
    },
    "average": {
      "seed-oss-36b-instruct": 10.238228690280298,
      "llama-4-maverick-17b-128e-instruct": 10.710373394868427,
      "palmyra-med-70b": 15.702569494757094,
      "qwq-32b": 9.669212528910125,
      "qwen3-32b": 11.086243401699873,
      "mistral-7b-instruct-v0.3": 11.139021401442923,
      "gemma-2-9b-it": 9.468453934668602,
      "kimi-k2-instruct-0905": 10.630349373383197,
      "qwen3-235b-a22b": 10.225797476116304,
      "llama-3.1-405b-instruct": 10.708649589430888,
      "claude-sonnet-4-5": 16.574685977037614,
      "gpt-oss-120b": 8.97060468871765,
      "deepseek-v3.1": 14.942933571933445,
      "llama-3.3-70b-instruct": 10.203234469470367,
      "gemma-2-27b-it": 10.280171696059808,
      "gemma2-9b-it": 11.016547022565838,
      "gpt-4.1": 14.174757469536287,
      "mistral-medium-3-instruct": 10.538965807323262,
      "gemini-2.5-flash": 14.54542073193937
    }
  },
  "best_model": "claude-sonnet-4-5",
  "best_model_scores": {
    "BLEU": 6.12263182564589,
    "chrF": 27.026740128429342,
    "Average": 16.574685977037614
  }
}