{
  "language_pair": "fat-eng",
  "timestamp": "2026-01-29T11:30:59.417749",
  "models": {
    "bleu": {
      "gemma2-9b-it": 8.415986258156725,
      "kimi-k2-instruct-0905": 6.866738382204819,
      "deepseek-v3.1": 6.413190292883518,
      "llama-3.3-70b-instruct": 6.769313155377068,
      "qwen3-32b": 9.871721786705415,
      "gemini-2.5-flash": 20.15807475394783,
      "palmyra-med-70b": 1.9277059231970908,
      "claude-sonnet-4-5": 21.258844131063835,
      "llama-3.1-405b-instruct": 7.164684238257436,
      "qwen3-235b-a22b": 10.166724095023941,
      "llama-4-maverick-17b-128e-instruct": 10.132393619864414,
      "qwq-32b": 0.13824409248085232,
      "gpt-4.1": 20.15807475394783,
      "seed-oss-36b-instruct": 3.94096328781697,
      "mistral-7b-instruct-v0.3": 1.6304733840637324,
      "mistral-medium-3-instruct": 4.899864500847875,
      "gpt-oss-120b": 9.336098046190488,
      "gemma-2-9b-it": 6.086557760579093,
      "gemma-2-27b-it": 6.429451441231725
    },
    "chrf": {
      "gemma2-9b-it": 25.726852739233546,
      "kimi-k2-instruct-0905": 33.00372440585131,
      "deepseek-v3.1": 37.21076050394225,
      "llama-3.3-70b-instruct": 31.29044755058143,
      "qwen3-32b": 22.875693069137522,
      "gemini-2.5-flash": 36.40380158131182,
      "palmyra-med-70b": 26.316656620302126,
      "claude-sonnet-4-5": 35.720684745712944,
      "llama-3.1-405b-instruct": 28.740738598156618,
      "qwen3-235b-a22b": 27.606725573656735,
      "llama-4-maverick-17b-128e-instruct": 34.725797207523414,
      "qwq-32b": 21.80303039408672,
      "gpt-4.1": 36.785965552461995,
      "seed-oss-36b-instruct": 23.189750395759752,
      "mistral-7b-instruct-v0.3": 24.59025540773003,
      "mistral-medium-3-instruct": 34.05950912860811,
      "gpt-oss-120b": 31.95604997656448,
      "gemma-2-9b-it": 22.238773176051694,
      "gemma-2-27b-it": 24.31822612080005
    },
    "average": {
      "gemma2-9b-it": 17.071419498695136,
      "kimi-k2-instruct-0905": 19.935231394028065,
      "deepseek-v3.1": 21.811975398412883,
      "llama-3.3-70b-instruct": 19.029880352979248,
      "qwen3-32b": 16.373707427921467,
      "gemini-2.5-flash": 28.280938167629824,
      "palmyra-med-70b": 14.122181271749609,
      "claude-sonnet-4-5": 28.48976443838839,
      "llama-3.1-405b-instruct": 17.952711418207027,
      "qwen3-235b-a22b": 18.886724834340338,
      "llama-4-maverick-17b-128e-instruct": 22.429095413693915,
      "qwq-32b": 10.970637243283786,
      "gpt-4.1": 28.472020153204912,
      "seed-oss-36b-instruct": 13.565356841788361,
      "mistral-7b-instruct-v0.3": 13.110364395896882,
      "mistral-medium-3-instruct": 19.479686814727994,
      "gpt-oss-120b": 20.646074011377483,
      "gemma-2-9b-it": 14.162665468315394,
      "gemma-2-27b-it": 15.373838781015888
    }
  },
  "best_model": "claude-sonnet-4-5",
  "best_model_scores": {
    "BLEU": 21.258844131063835,
    "chrF": 35.720684745712944,
    "Average": 28.48976443838839
  }
}