{
  "language_pair": "cko-eng",
  "timestamp": "2026-01-29T11:31:12.992090",
  "models": {
    "bleu": {
      "gemini-2.5-flash": 36.630959096474825,
      "kimi-k2-instruct-0905": 8.0221696293926,
      "qwen3-32b": 3.4210779814687067,
      "deepseek-v3.1": 6.800236025680961,
      "gemma-2-9b-it": 3.513221489930307,
      "claude-sonnet-4-5": 45.82098467592436,
      "llama-3.3-70b-instruct": 5.4282888832952,
      "llama-3.1-405b-instruct": 7.394754525963965,
      "gemma2-9b-it": 7.380833571152455,
      "qwq-32b": 3.7973431357311482,
      "seed-oss-36b-instruct": 3.077661111573776,
      "gemma-2-27b-it": 4.997918002496426,
      "mistral-medium-3-instruct": 4.459883020062558,
      "palmyra-med-70b": 4.038055113328323,
      "gpt-4.1": 42.61082723917019,
      "gpt-oss-120b": 4.890450761160591,
      "llama-4-maverick-17b-128e-instruct": 11.106691492771066,
      "qwen3-235b-a22b": 3.9669744113075027,
      "mistral-7b-instruct-v0.3": 2.1088490047077784
    },
    "chrf": {
      "gemini-2.5-flash": 30.260245870747227,
      "kimi-k2-instruct-0905": 27.803185648348776,
      "qwen3-32b": 22.074699173620928,
      "deepseek-v3.1": 23.815101454902255,
      "gemma-2-9b-it": 20.64185768069111,
      "claude-sonnet-4-5": 27.600230094487802,
      "llama-3.3-70b-instruct": 25.64422358338445,
      "llama-3.1-405b-instruct": 23.970227539803297,
      "gemma2-9b-it": 21.150078520055963,
      "qwq-32b": 23.65122663544582,
      "seed-oss-36b-instruct": 23.1958354506051,
      "gemma-2-27b-it": 23.356332169170276,
      "mistral-medium-3-instruct": 24.471469924395862,
      "palmyra-med-70b": 21.52061243683173,
      "gpt-4.1": 24.757041281019216,
      "gpt-oss-120b": 20.15034771117507,
      "llama-4-maverick-17b-128e-instruct": 25.67746210880209,
      "qwen3-235b-a22b": 24.1141963669467,
      "mistral-7b-instruct-v0.3": 17.975031147388655
    },
    "average": {
      "gemini-2.5-flash": 33.445602483611026,
      "kimi-k2-instruct-0905": 17.91267763887069,
      "qwen3-32b": 12.747888577544817,
      "deepseek-v3.1": 15.307668740291607,
      "gemma-2-9b-it": 12.077539585310708,
      "claude-sonnet-4-5": 36.71060738520608,
      "llama-3.3-70b-instruct": 15.536256233339824,
      "llama-3.1-405b-instruct": 15.68249103288363,
      "gemma2-9b-it": 14.265456045604209,
      "qwq-32b": 13.724284885588483,
      "seed-oss-36b-instruct": 13.136748281089437,
      "gemma-2-27b-it": 14.177125085833351,
      "mistral-medium-3-instruct": 14.46567647222921,
      "palmyra-med-70b": 12.779333775080026,
      "gpt-4.1": 33.6839342600947,
      "gpt-oss-120b": 12.52039923616783,
      "llama-4-maverick-17b-128e-instruct": 18.392076800786576,
      "qwen3-235b-a22b": 14.040585389127102,
      "mistral-7b-instruct-v0.3": 10.041940076048217
    }
  },
  "best_model": "claude-sonnet-4-5",
  "best_model_scores": {
    "BLEU": 45.82098467592436,
    "chrF": 27.600230094487802,
    "Average": 36.71060738520608
  }
}