Language Pair,Average Score (%)
twi-eng,64.04545852
ewe-eng,34.98016856790667
gaa-eng,33.914770878333336
nzi-eng,26.482924266933328
