{
  "language_pair": "naw-eng",
  "timestamp": "2026-01-29T11:30:59.978016",
  "models": {
    "bleu": {
      "qwq-32b": 4.897809490466367,
      "palmyra-med-70b": 5.7259987315337755,
      "seed-oss-36b-instruct": 3.852271667309993,
      "llama-4-maverick-17b-128e-instruct": 7.972012998953358,
      "mistral-medium-3-instruct": 3.916152028516837,
      "mistral-7b-instruct-v0.3": 5.825370608258271,
      "gemma-2-27b-it": 4.922411556119534,
      "qwen3-235b-a22b": 5.137471968406921,
      "gemini-2.5-flash": 35.930245296132746,
      "gemma2-9b-it": 9.915499897247548,
      "gpt-oss-120b": 7.40996657130874,
      "gemma-2-9b-it": 7.831920286654844,
      "deepseek-v3.1": 14.666403289493571,
      "kimi-k2-instruct-0905": 10.327133617440396,
      "claude-sonnet-4-5": 33.37313439924682,
      "qwen3-32b": 7.050012289384432,
      "llama-3.1-405b-instruct": 15.107224131656512,
      "gpt-4.1": 48.55146706424486,
      "llama-3.3-70b-instruct": 11.390778025531027
    },
    "chrf": {
      "qwq-32b": 19.715231511618633,
      "palmyra-med-70b": 20.502347956798907,
      "seed-oss-36b-instruct": 21.082101573030595,
      "llama-4-maverick-17b-128e-instruct": 23.55593590854078,
      "mistral-medium-3-instruct": 22.17410750314232,
      "mistral-7b-instruct-v0.3": 21.14249616927284,
      "gemma-2-27b-it": 20.53053312700973,
      "qwen3-235b-a22b": 21.296955133294503,
      "gemini-2.5-flash": 29.407448009695557,
      "gemma2-9b-it": 19.393263446043886,
      "gpt-oss-120b": 19.11243802372933,
      "gemma-2-9b-it": 16.282138884864057,
      "deepseek-v3.1": 23.353268349334858,
      "kimi-k2-instruct-0905": 23.358739794312218,
      "claude-sonnet-4-5": 26.122443232922688,
      "qwen3-32b": 21.47228785769653,
      "llama-3.1-405b-instruct": 21.056594953476832,
      "gpt-4.1": 23.483966900208248,
      "llama-3.3-70b-instruct": 20.60725780657329
    },
    "average": {
      "qwq-32b": 12.306520501042499,
      "palmyra-med-70b": 13.11417334416634,
      "seed-oss-36b-instruct": 12.467186620170294,
      "llama-4-maverick-17b-128e-instruct": 15.763974453747068,
      "mistral-medium-3-instruct": 13.045129765829579,
      "mistral-7b-instruct-v0.3": 13.483933388765555,
      "gemma-2-27b-it": 12.726472341564632,
      "qwen3-235b-a22b": 13.217213550850712,
      "gemini-2.5-flash": 32.668846652914155,
      "gemma2-9b-it": 14.654381671645716,
      "gpt-oss-120b": 13.261202297519034,
      "gemma-2-9b-it": 12.057029585759452,
      "deepseek-v3.1": 19.009835819414214,
      "kimi-k2-instruct-0905": 16.842936705876305,
      "claude-sonnet-4-5": 29.747788816084757,
      "qwen3-32b": 14.261150073540481,
      "llama-3.1-405b-instruct": 18.08190954256667,
      "gpt-4.1": 36.01771698222655,
      "llama-3.3-70b-instruct": 15.999017916052159
    }
  },
  "best_model": "gpt-4.1",
  "best_model_scores": {
    "BLEU": 48.55146706424486,
    "chrF": 23.483966900208248,
    "Average": 36.01771698222655
  }
}