{
  "language_pair": "lip-eng",
  "timestamp": "2026-01-29T11:31:10.062947",
  "models": {
    "bleu": {
      "gemini-2.5-flash": 7.355026065679769,
      "qwen3-32b": 7.001385286834308,
      "gemma-2-27b-it": 4.28076851128754,
      "deepseek-v3.1": 21.178461863465458,
      "gemma2-9b-it": 5.7783239927083425,
      "llama-3.3-70b-instruct": 49.52330116157306,
      "claude-sonnet-4-5": 20.834043441953735,
      "mistral-7b-instruct-v0.3": 1.66256285866194,
      "gemma-2-9b-it": 3.217365917578266,
      "mistral-medium-3-instruct": 46.99152171992906,
      "gpt-oss-120b": 8.503662878579146,
      "palmyra-med-70b": 2.5830227270671267,
      "qwen3-235b-a22b": 29.505138076099747,
      "gpt-4.1": 16.762154646181088,
      "llama-3.1-405b-instruct": 70.26453169653148,
      "llama-4-maverick-17b-128e-instruct": 40.74787332433839,
      "qwq-32b": 6.448584336554326,
      "seed-oss-36b-instruct": 6.087895024805786,
      "kimi-k2-instruct-0905": 70.00700175052519
    },
    "chrf": {
      "gemini-2.5-flash": 27.514756027352767,
      "qwen3-32b": 22.316925137678364,
      "gemma-2-27b-it": 18.926787869384658,
      "deepseek-v3.1": 21.70170686588436,
      "gemma2-9b-it": 19.815243638276712,
      "llama-3.3-70b-instruct": 22.495130532553752,
      "claude-sonnet-4-5": 24.083499424983394,
      "mistral-7b-instruct-v0.3": 22.227164436805694,
      "gemma-2-9b-it": 18.03687360186897,
      "mistral-medium-3-instruct": 26.70276872357812,
      "gpt-oss-120b": 14.654212453969935,
      "palmyra-med-70b": 22.405309166286436,
      "qwen3-235b-a22b": 22.188383336263637,
      "gpt-4.1": 23.454852110526232,
      "llama-3.1-405b-instruct": 27.379329919698126,
      "llama-4-maverick-17b-128e-instruct": 25.20358805959552,
      "qwq-32b": 18.859258816727333,
      "seed-oss-36b-instruct": 22.386932340083064,
      "kimi-k2-instruct-0905": 25.271261518081957
    },
    "average": {
      "gemini-2.5-flash": 17.434891046516267,
      "qwen3-32b": 14.659155212256337,
      "gemma-2-27b-it": 11.603778190336099,
      "deepseek-v3.1": 21.44008436467491,
      "gemma2-9b-it": 12.796783815492528,
      "llama-3.3-70b-instruct": 36.0092158470634,
      "claude-sonnet-4-5": 22.458771433468563,
      "mistral-7b-instruct-v0.3": 11.944863647733817,
      "gemma-2-9b-it": 10.627119759723618,
      "mistral-medium-3-instruct": 36.84714522175359,
      "gpt-oss-120b": 11.578937666274541,
      "palmyra-med-70b": 12.494165946676782,
      "qwen3-235b-a22b": 25.84676070618169,
      "gpt-4.1": 20.10850337835366,
      "llama-3.1-405b-instruct": 48.8219308081148,
      "llama-4-maverick-17b-128e-instruct": 32.97573069196696,
      "qwq-32b": 12.65392157664083,
      "seed-oss-36b-instruct": 14.237413682444425,
      "kimi-k2-instruct-0905": 47.639131634303574
    }
  },
  "best_model": "llama-3.1-405b-instruct",
  "best_model_scores": {
    "BLEU": 70.26453169653148,
    "chrF": 27.379329919698126,
    "Average": 48.8219308081148
  }
}