Model,Similarity Score (%),Raw Score
kimi-k2-instruct-0905,50.61%,50.612654905
llama-3.1-405b-instruct,44.75%,44.74530179999999
llama-3.3-70b-instruct,44.01%,44.01260643333333
qwen3-235b-a22b,39.79%,39.794076440000005
deepseek-v3.1,39.77%,39.76651877333334
llama-4-maverick-17b-128e-instruct,39.43%,39.433024012000004
gemma2-9b-it,37.71%,37.714808747999996
qwen3-32b,37.29%,37.290642756
gpt-oss-120b,29.41%,29.4117419712
