Model,Similarity Score (%),Raw Score
kimi-k2-instruct-0905,50.58%,50.5816848488889
deepseek-v3.1,43.44%,43.44205167999999
llama-3.1-405b-instruct,43.38%,43.376000700000006
llama-3.3-70b-instruct,43.21%,43.20651912500001
qwen3-235b-a22b,39.70%,39.69707533
llama-4-maverick-17b-128e-instruct,39.43%,39.433024012000004
gemma2-9b-it,37.71%,37.714808747999996
qwen3-32b,37.29%,37.290642756
gpt-oss-120b,29.41%,29.4117419712
