Model,Similarity Score (%),Raw Score
kimi-k2-instruct-0905,50.50%,50.49987521000001
llama-4-maverick-17b-128e-instruct,39.73%,39.730927175
gemma2-9b-it,38.50%,38.50111042499999
qwen3-32b,35.51%,35.514267894999996
gpt-oss-120b,30.44%,30.442683564
