Model,Similarity Score (%),Raw Score
kimi-k2-instruct-0905,51.20%,51.20424191272727
llama-3.1-405b-instruct,43.89%,43.89045633333334
gemma-2-27b-it,43.70%,43.70108979999999
qwen3-235b-a22b,42.08%,42.076071420000005
deepseek-v3.1,41.76%,41.75532041
llama-3.3-70b-instruct,40.54%,40.54484401666667
llama-4-maverick-17b-128e-instruct,39.43%,39.433024012000004
gemma2-9b-it,37.71%,37.714808747999996
qwen3-32b,37.29%,37.290642756
gpt-oss-120b,29.41%,29.4117419712
