Model,Similarity Score (%),Raw Score
kimi-k2-instruct-0905,53.20%,53.20343292799999
llama-4-maverick-17b-128e-instruct,39.43%,39.433024012000004
gemma2-9b-it,37.71%,37.714808747999996
qwen3-32b,37.29%,37.290642756
gpt-oss-120b,29.41%,29.4117419712
