Model,Similarity Score (%),Raw Score
kimi-k2-instruct-0905,41.94%,41.942523539999996
llama-4-maverick-17b-128e-instruct,40.96%,40.959329999999994
qwen3-32b,30.64%,30.640796800000004
gemma2-9b-it,29.76%,29.7586552
gpt-oss-120b,28.38%,28.375483940000006
