Model,Similarity Score (%),Raw Score
llama-3.3-70b-instruct,51.55%,51.55485540000001
kimi-k2-instruct-0905,49.87%,49.86638814
llama-3.1-405b-instruct,45.81%,45.812809
deepseek-v3.1,43.60%,43.603260999999996
llama-4-maverick-17b-128e-instruct,39.43%,39.433024012000004
gemma2-9b-it,37.71%,37.714808747999996
qwen3-32b,37.29%,37.290642756
gpt-oss-120b,29.41%,29.4117419712
qwen3-235b-a22b,28.30%,28.297871200000003
