Model,Similarity Score (%),Raw Score
kimi-k2-instruct-0905,49.80%,49.798160603999996
deepseek-v3.1,44.35%,44.349420144
llama-3.1-405b-instruct,43.44%,43.43549556
llama-3.3-70b-instruct,40.81%,40.806173980000004
qwen3-235b-a22b,40.69%,40.68630994400001
llama-4-maverick-17b-128e-instruct,39.43%,39.433024012000004
gemma2-9b-it,37.71%,37.714808747999996
qwen3-32b,37.29%,37.290642756
gpt-oss-120b,29.41%,29.4117419712
