Model,Similarity Score (%),Raw Score
kimi-k2-instruct-0905,41.94%,41.94252354
llama-4-maverick-17b-128e-instruct,40.96%,40.95933000000001
qwen3-32b,30.64%,30.640796799999997
gemma2-9b-it,29.76%,29.7586552
gpt-oss-120b,28.38%,28.375483940000002
