{
  "language_pair": "lef-eng",
  "timestamp": "2025-10-23T06:59:10.992231",
  "models": {
    "deepseek-v3.1": 41.75532041,
    "llama-3.1-405b-instruct": 43.89045633333334,
    "qwen3-235b-a22b": 42.076071420000005,
    "qwen3-32b": 37.290642756,
    "kimi-k2-instruct-0905": 51.20424191272727,
    "gemma2-9b-it": 37.714808747999996,
    "llama-3.3-70b-instruct": 40.54484401666667,
    "gemma-2-27b-it": 43.70108979999999,
    "llama-4-maverick-17b-128e-instruct": 39.433024012000004,
    "gpt-oss-120b": 29.4117419712
  },
  "average_score": 40.70222413799273,
  "best_model": "kimi-k2-instruct-0905",
  "best_score": 51.20424191272727
}