{
  "language_pair": "lef-eng",
  "timestamp": "2026-01-12T13:35:19.754792",
  "models": {
    "deepseek-v3.1": 36.50382254582276,
    "llama-3.1-405b-instruct": 45.28840303798828,
    "qwen3-235b-a22b": 46.24214320395752,
    "qwen3-32b": 37.290642756,
    "palmyra-med-70b": 42.677885100000005,
    "kimi-k2-instruct-0905": 46.28754132152174,
    "gemma2-9b-it": 37.714808747999996,
    "llama-3.3-70b-instruct": 37.17918978349274,
    "gemma-2-27b-it": 33.4611814809408,
    "qwq-32b": 37.727019402963364,
    "llama-4-maverick-17b-128e-instruct": 38.79711034088294,
    "gpt-oss-120b": 31.26336231273087,
    "mistral-medium-3-instruct": 35.81612642033001,
    "seed-oss-36b-instruct": 32.86399358017831,
    "gemma-2-9b-it": 33.25759037296781,
    "mistral-7b-instruct-v0.3": 46.795192899999996
  },
  "average_score": 38.69787583173607,
  "best_model": "mistral-7b-instruct-v0.3",
  "best_score": 46.795192899999996
}