{
  "language_pair": "lef-eng",
  "timestamp": "2026-01-28T14:52:39.315174",
  "models": {
    "bleu": {
      "deepseek-v3.1": 2.7295024814234012,
      "llama-3.1-405b-instruct": 5.573171578234543,
      "gemini-2.5-flash": 5.51832105347629,
      "qwen3-235b-a22b": 8.134708720914249,
      "gpt-4.1": 6.213188111322936,
      "qwen3-32b": 2.3995267114782117,
      "palmyra-med-70b": 2.9837883315380855,
      "kimi-k2-instruct-0905": 8.885325058346785,
      "gemma2-9b-it": 2.9417599784691704,
      "llama-3.3-70b-instruct": 2.296860820953358,
      "gemma-2-27b-it": 3.227898971280266,
      "qwq-32b": 4.517745560865608,
      "llama-4-maverick-17b-128e-instruct": 3.65653504182829,
      "gpt-oss-120b": 4.0729678992483676,
      "claude-sonnet-4-5": 5.83871941923037,
      "mistral-medium-3-instruct": 2.8284639261192996,
      "seed-oss-36b-instruct": 3.8275186881878263,
      "gemma-2-9b-it": 2.280663685678181,
      "mistral-7b-instruct-v0.3": 4.311792143064919
    },
    "chrf": {
      "deepseek-v3.1": 22.163642551596485,
      "llama-3.1-405b-instruct": 27.709606817671116,
      "gemini-2.5-flash": 28.10054301507694,
      "qwen3-235b-a22b": 30.044355242130454,
      "gpt-4.1": 27.528715075719045,
      "qwen3-32b": 19.402486248219564,
      "palmyra-med-70b": 22.084420109838753,
      "kimi-k2-instruct-0905": 29.15101500806275,
      "gemma2-9b-it": 23.35677417764298,
      "llama-3.3-70b-instruct": 22.379480095111333,
      "gemma-2-27b-it": 20.267940412686958,
      "qwq-32b": 25.361899827880723,
      "llama-4-maverick-17b-128e-instruct": 22.27126092080033,
      "gpt-oss-120b": 20.441526889181112,
      "claude-sonnet-4-5": 28.82251076049922,
      "mistral-medium-3-instruct": 22.13588856260822,
      "seed-oss-36b-instruct": 23.10499121250927,
      "gemma-2-9b-it": 17.87291061265363,
      "mistral-7b-instruct-v0.3": 24.42178065168139
    },
    "average": {
      "deepseek-v3.1": 12.446572516509942,
      "llama-3.1-405b-instruct": 16.641389197952822,
      "gemini-2.5-flash": 16.809432034276615,
      "qwen3-235b-a22b": 19.089531981522352,
      "gpt-4.1": 16.87095159352099,
      "qwen3-32b": 10.901006479848888,
      "palmyra-med-70b": 12.534104220688416,
      "kimi-k2-instruct-0905": 19.01817003320477,
      "gemma2-9b-it": 13.149267078056075,
      "llama-3.3-70b-instruct": 12.338170458032344,
      "gemma-2-27b-it": 11.747919691983611,
      "qwq-32b": 14.939822694373166,
      "llama-4-maverick-17b-128e-instruct": 12.963897981314313,
      "gpt-oss-120b": 12.257247394214739,
      "claude-sonnet-4-5": 17.3306150898648,
      "mistral-medium-3-instruct": 12.482176244363762,
      "seed-oss-36b-instruct": 13.466254950348548,
      "gemma-2-9b-it": 10.076787149165904,
      "mistral-7b-instruct-v0.3": 14.366786397373156
    }
  },
  "best_model": "qwen3-235b-a22b",
  "best_model_scores": {
    "BLEU": 8.134708720914249,
    "chrF": 30.044355242130454,
    "Average": 19.089531981522352
  }
}