{
  "language_pair": "lef-eng",
  "timestamp": "2026-01-16T14:45:14.647886",
  "models": {
    "deepseek-v3.1": 36.70705658839384,
    "llama-3.1-405b-instruct": 45.391379097282616,
    "qwen3-235b-a22b": 46.44463275609375,
    "gemini": 51.54058837890625,
    "qwen3-32b": 37.290642756,
    "palmyra-med-70b": 42.677885100000005,
    "kimi-k2-instruct-0905": 46.29986763108953,
    "gemma2-9b-it": 37.714808747999996,
    "llama-3.3-70b-instruct": 37.28822336073341,
    "gemma-2-27b-it": 32.24139508785279,
    "qwq-32b": 37.62917914699281,
    "claude": 51.707862854003906,
    "chatgpt": 45.82726287841797,
    "llama-4-maverick-17b-128e-instruct": 38.67645884522978,
    "gpt-oss-120b": 31.375300999632266,
    "mistral-medium-3-instruct": 35.95831936858631,
    "seed-oss-36b-instruct": 32.962848361712936,
    "gemma-2-9b-it": 30.637860113623113,
    "mistral-7b-instruct-v0.3": 46.795192899999996
  },
  "average_score": 40.27193499855533,
  "best_model": "claude",
  "best_score": 51.707862854003906
}