{
  "language_pair": "lef-eng",
  "timestamp": "2026-01-29T11:31:14.115547",
  "models": {
    "bleu": {
      "deepseek-v3.1": 5.0434268098327735,
      "llama-3.1-405b-instruct": 8.947853200770762,
      "gemini-2.5-flash": 27.944818843024184,
      "qwen3-235b-a22b": 6.237319008221976,
      "gpt-4.1": 21.00874614898221,
      "qwen3-32b": 5.165604006110218,
      "palmyra-med-70b": 5.609153080509496,
      "kimi-k2-instruct-0905": 6.924690678997744,
      "gemma2-9b-it": 10.541915333548522,
      "llama-3.3-70b-instruct": 9.782375748961453,
      "gemma-2-27b-it": 5.997679046248611,
      "qwq-32b": 4.264366797818018,
      "llama-4-maverick-17b-128e-instruct": 5.613782358458971,
      "gpt-oss-120b": 2.9641650308190006,
      "claude-sonnet-4-5": 10.447655558341625,
      "mistral-medium-3-instruct": 5.943004708505932,
      "seed-oss-36b-instruct": 4.699443186217679,
      "gemma-2-9b-it": 3.219425957071092,
      "mistral-7b-instruct-v0.3": 7.141816289329644
    },
    "chrf": {
      "deepseek-v3.1": 22.163642551596485,
      "llama-3.1-405b-instruct": 27.709606817671116,
      "gemini-2.5-flash": 28.10054301507694,
      "qwen3-235b-a22b": 30.044355242130454,
      "gpt-4.1": 27.528715075719045,
      "qwen3-32b": 19.402486248219564,
      "palmyra-med-70b": 22.084420109838753,
      "kimi-k2-instruct-0905": 29.15101500806275,
      "gemma2-9b-it": 23.35677417764298,
      "llama-3.3-70b-instruct": 22.379480095111333,
      "gemma-2-27b-it": 20.267940412686958,
      "qwq-32b": 25.361899827880723,
      "llama-4-maverick-17b-128e-instruct": 22.27126092080033,
      "gpt-oss-120b": 20.441526889181112,
      "claude-sonnet-4-5": 28.82251076049922,
      "mistral-medium-3-instruct": 22.13588856260822,
      "seed-oss-36b-instruct": 23.10499121250927,
      "gemma-2-9b-it": 17.87291061265363,
      "mistral-7b-instruct-v0.3": 24.42178065168139
    },
    "average": {
      "deepseek-v3.1": 13.60353468071463,
      "llama-3.1-405b-instruct": 18.32873000922094,
      "gemini-2.5-flash": 28.022680929050562,
      "qwen3-235b-a22b": 18.140837125176215,
      "gpt-4.1": 24.268730612350627,
      "qwen3-32b": 12.284045127164891,
      "palmyra-med-70b": 13.846786595174125,
      "kimi-k2-instruct-0905": 18.037852843530246,
      "gemma2-9b-it": 16.94934475559575,
      "llama-3.3-70b-instruct": 16.080927922036395,
      "gemma-2-27b-it": 13.132809729467784,
      "qwq-32b": 14.81313331284937,
      "llama-4-maverick-17b-128e-instruct": 13.94252163962965,
      "gpt-oss-120b": 11.702845960000056,
      "claude-sonnet-4-5": 19.63508315942042,
      "mistral-medium-3-instruct": 14.039446635557075,
      "seed-oss-36b-instruct": 13.902217199363474,
      "gemma-2-9b-it": 10.546168284862361,
      "mistral-7b-instruct-v0.3": 15.781798470505517
    }
  },
  "best_model": "gemini-2.5-flash",
  "best_model_scores": {
    "BLEU": 27.944818843024184,
    "chrF": 28.10054301507694,
    "Average": 28.022680929050562
  }
}