{
  "language_pair": "lef-eng",
  "timestamp": "2025-10-09T07:09:13.936954",
  "models": {
    "qwen3-32b": 37.290642756,
    "kimi-k2-instruct-0905": 53.20343292799999,
    "gemma2-9b-it": 37.714808747999996,
    "llama-4-maverick-17b-128e-instruct": 39.433024012000004,
    "gpt-oss-120b": 29.4117419712
  },
  "average_score": 39.41073008304,
  "best_model": "kimi-k2-instruct-0905",
  "best_score": 53.20343292799999
}