{
  "language_pair": "lef-eng",
  "timestamp": "2025-10-20T10:24:56.850704",
  "models": {
    "deepseek-v3.1": 44.349420144,
    "llama-3.1-405b-instruct": 43.43549556,
    "qwen3-235b-a22b": 40.68630994400001,
    "qwen3-32b": 37.290642756,
    "kimi-k2-instruct-0905": 49.798160603999996,
    "gemma2-9b-it": 37.714808747999996,
    "llama-3.3-70b-instruct": 40.806173980000004,
    "llama-4-maverick-17b-128e-instruct": 39.433024012000004,
    "gpt-oss-120b": 29.4117419712
  },
  "average_score": 40.32508641324444,
  "best_model": "kimi-k2-instruct-0905",
  "best_score": 49.798160603999996
}