{
  "language_pair": "lef-eng",
  "timestamp": "2026-01-16T11:13:54.050343",
  "models": {
    "deepseek-v3.1": 36.703048912325364,
    "llama-3.1-405b-instruct": 45.3948466018116,
    "qwen3-235b-a22b": 46.44463275609375,
    "gemini": 51.54461669921875,
    "qwen3-32b": 37.290642756,
    "palmyra-med-70b": 42.677885100000005,
    "kimi-k2-instruct-0905": 46.29986763108953,
    "gemma2-9b-it": 37.714808747999996,
    "llama-3.3-70b-instruct": 37.28840911990461,
    "gemma-2-27b-it": 32.24454102100403,
    "qwq-32b": 37.62907015564237,
    "claude": 51.70791625976563,
    "chatgpt": 45.82569122314453,
    "llama-4-maverick-17b-128e-instruct": 38.679600360625,
    "gpt-oss-120b": 31.374915322519016,
    "mistral-medium-3-instruct": 35.96307623552579,
    "seed-oss-36b-instruct": 32.96010359620419,
    "gemma-2-9b-it": 30.635026641265256,
    "mistral-7b-instruct-v0.3": 46.795192899999996
  },
  "average_score": 40.27231010737575,
  "best_model": "claude",
  "best_score": 51.70791625976563
}