{
  "language_pair": "lef-eng",
  "timestamp": "2026-01-14T12:27:16.593111",
  "models": {
    "deepseek-v3.1": 36.70308481535846,
    "llama-3.1-405b-instruct": 45.39236981286232,
    "qwen3-235b-a22b": 46.44492024052536,
    "qwen3-32b": 37.290642756,
    "palmyra-med-70b": 42.677885100000005,
    "kimi-k2-instruct-0905": 46.29980164713683,
    "gemma2-9b-it": 37.714808747999996,
    "llama-3.3-70b-instruct": 37.28777665415506,
    "gemma-2-27b-it": 32.240511747017216,
    "qwq-32b": 37.63124998265129,
    "llama-4-maverick-17b-128e-instruct": 38.6765845058456,
    "gpt-oss-120b": 31.375933790590448,
    "mistral-medium-3-instruct": 35.95878682037822,
    "seed-oss-36b-instruct": 32.959008990016585,
    "gemma-2-9b-it": 30.63762714461153,
    "mistral-7b-instruct-v0.3": 46.795192899999996
  },
  "average_score": 38.50538660344681,
  "best_model": "mistral-7b-instruct-v0.3",
  "best_score": 46.795192899999996
}