Model,Similarity Score (%),Raw Score
deepseek-v3.1,36.68%,36.682577075000005
qwen3-235b-a22b,33.33%,33.326002730000006
qwen3-32b,32.49%,32.49243568
llama-3.3-70b-instruct,31.39%,31.394477124999998
kimi-k2-instruct-0905,29.93%,29.926395493333334
llama-3.1-405b-instruct,24.31%,24.313799374999995
llama-4-maverick-17b-128e-instruct,20.20%,20.204832288
gemma2-9b-it,19.87%,19.873512112
gpt-oss-120b,18.35%,18.351178976
