Model,Similarity Score (%),Raw Score
llama-3.3-70b-instruct,33.13%,33.12870862
qwen3-32b,32.49%,32.49243568
deepseek-v3.1,31.30%,31.29830222
qwen3-235b-a22b,30.89%,30.890704328
kimi-k2-instruct-0905,29.54%,29.539469904000004
llama-3.1-405b-instruct,25.45%,25.445070712
llama-4-maverick-17b-128e-instruct,20.20%,20.204832288
gemma2-9b-it,19.87%,19.873512112
gpt-oss-120b,18.35%,18.351178976
