Model,Similarity Score (%),Raw Score
kimi-k2-instruct-0905,34.18%,34.17711012
qwen3-32b,32.49%,32.49243568
llama-4-maverick-17b-128e-instruct,20.20%,20.204832288
gemma2-9b-it,19.87%,19.873512112
gpt-oss-120b,18.35%,18.351178976
