Model,Similarity Score (%),Raw Score
kimi-k2-instruct-0905,31.78%,31.78016295
qwen3-32b,30.49%,30.489580099999998
gemma2-9b-it,22.12%,22.121150319999998
llama-4-maverick-17b-128e-instruct,20.31%,20.308599060000006
gpt-oss-120b,17.41%,17.414696470000003
