Model,Similarity Score (%),Raw Score
llama-3.3-70b-instruct,34.98%,34.984948386666666
deepseek-v3.1,34.56%,34.56355823333334
qwen3-32b,32.49%,32.49243568
qwen3-235b-a22b,30.84%,30.83956351333334
kimi-k2-instruct-0905,30.32%,30.320166955000005
llama-3.1-405b-instruct,22.32%,22.318064099999997
llama-4-maverick-17b-128e-instruct,20.20%,20.204832288
gemma2-9b-it,19.87%,19.873512112
gpt-oss-120b,18.35%,18.351178976
