Model,Similarity Score (%),Raw Score
deepseek-v3.1,36.26%,36.262331800000005
qwen3-32b,32.49%,32.49243568
kimi-k2-instruct-0905,31.90%,31.904700500000004
llama-3.3-70b-instruct,30.01%,30.014578200000003
llama-4-maverick-17b-128e-instruct,20.20%,20.204832288
gemma2-9b-it,19.87%,19.873512112
gpt-oss-120b,18.35%,18.351178976
qwen3-235b-a22b,16.66%,16.6633272
llama-3.1-405b-instruct,11.57%,11.566256599999999
