{
  "language_pair": "xsm-eng",
  "timestamp": "2026-01-14T12:27:15.973477",
  "models": {
    "qwq-32b": 23.429227972100385,
    "mistral-medium-3-instruct": 23.421221312580606,
    "llama-3.1-405b-instruct": 33.6803440292647,
    "mistral-7b-instruct-v0.3": 17.21582395,
    "llama-3.3-70b-instruct": 32.05836613134938,
    "qwen3-32b": 32.49243568000001,
    "palmyra-med-70b": 23.050334,
    "seed-oss-36b-instruct": 23.626103870448908,
    "kimi-k2-instruct-0905": 28.809952058672945,
    "gemma2-9b-it": 19.873512112,
    "gemma-2-27b-it": 32.395713055857144,
    "gemma-2-9b-it": 18.743120463355964,
    "llama-4-maverick-17b-128e-instruct": 32.57511639728803,
    "deepseek-v3.1": 28.32818955474495,
    "qwen3-235b-a22b": 33.747499327483915,
    "gpt-oss-120b": 17.03463199679343
  },
  "average_score": 26.280099494496273,
  "best_model": "qwen3-235b-a22b",
  "best_score": 33.747499327483915
}