{
  "language_pair": "xsm-eng",
  "timestamp": "2025-10-09T07:09:05.100399",
  "models": {
    "qwen3-32b": 32.49243568,
    "kimi-k2-instruct-0905": 34.17711012,
    "gemma2-9b-it": 19.873512112,
    "llama-4-maverick-17b-128e-instruct": 20.204832288,
    "gpt-oss-120b": 18.351178976
  },
  "average_score": 25.0198138352,
  "best_model": "kimi-k2-instruct-0905",
  "best_score": 34.17711012
}