{
  "language_pair": "xsm-eng",
  "timestamp": "2026-01-28T14:52:35.504698",
  "models": {
    "bleu": {
      "qwq-32b": 1.7011528347108715,
      "mistral-medium-3-instruct": 1.9329039351417736,
      "llama-3.1-405b-instruct": 2.2060693173305355,
      "mistral-7b-instruct-v0.3": 1.532375991574305,
      "llama-3.3-70b-instruct": 2.895437838278334,
      "qwen3-32b": 3.2116335184529254,
      "claude-sonnet-4-5": 4.461658724998081,
      "gemini-2.5-flash": 5.800678676506942,
      "palmyra-med-70b": 1.7473998433700575,
      "seed-oss-36b-instruct": 1.7358949227799243,
      "kimi-k2-instruct-0905": 2.0636763546573493,
      "gemma2-9b-it": 1.8901255269701354,
      "gemma-2-27b-it": 2.0375426854703442,
      "gemma-2-9b-it": 1.5399402112350815,
      "llama-4-maverick-17b-128e-instruct": 2.169012233307286,
      "gpt-4.1": 3.6159371061627583,
      "deepseek-v3.1": 2.200130707951961,
      "qwen3-235b-a22b": 2.6890754519931406,
      "gpt-oss-120b": 1.9203395830304135
    },
    "chrf": {
      "qwq-32b": 19.520841832422043,
      "mistral-medium-3-instruct": 21.128489849079514,
      "llama-3.1-405b-instruct": 23.791263475273052,
      "mistral-7b-instruct-v0.3": 18.60263980554213,
      "llama-3.3-70b-instruct": 25.569402249610224,
      "qwen3-32b": 22.860733690935135,
      "claude-sonnet-4-5": 26.260613092498087,
      "gemini-2.5-flash": 28.629962988301642,
      "palmyra-med-70b": 19.608589213236655,
      "seed-oss-36b-instruct": 22.000892411999903,
      "kimi-k2-instruct-0905": 22.934576460744815,
      "gemma2-9b-it": 16.481802578780197,
      "gemma-2-27b-it": 21.51943871697403,
      "gemma-2-9b-it": 16.622323557622373,
      "llama-4-maverick-17b-128e-instruct": 23.435766036143264,
      "gpt-4.1": 23.153316453426616,
      "deepseek-v3.1": 22.35257857915441,
      "qwen3-235b-a22b": 24.38759788576297,
      "gpt-oss-120b": 19.018958295346536
    },
    "average": {
      "qwq-32b": 10.610997333566457,
      "mistral-medium-3-instruct": 11.530696892110644,
      "llama-3.1-405b-instruct": 12.998666396301793,
      "mistral-7b-instruct-v0.3": 10.067507898558215,
      "llama-3.3-70b-instruct": 14.232420043944277,
      "qwen3-32b": 13.036183604694031,
      "claude-sonnet-4-5": 15.361135908748086,
      "gemini-2.5-flash": 17.215320832404288,
      "palmyra-med-70b": 10.677994528303355,
      "seed-oss-36b-instruct": 11.868393667389913,
      "kimi-k2-instruct-0905": 12.499126407701079,
      "gemma2-9b-it": 9.185964052875166,
      "gemma-2-27b-it": 11.77849070122219,
      "gemma-2-9b-it": 9.081131884428729,
      "llama-4-maverick-17b-128e-instruct": 12.802389134725276,
      "gpt-4.1": 13.38462677979469,
      "deepseek-v3.1": 12.276354643553189,
      "qwen3-235b-a22b": 13.538336668878053,
      "gpt-oss-120b": 10.469648939188474
    }
  },
  "best_model": "gemini-2.5-flash",
  "best_model_scores": {
    "BLEU": 5.800678676506942,
    "chrF": 28.629962988301642,
    "Average": 17.215320832404288
  }
}