{
  "language_pair": "xsm-eng",
  "timestamp": "2025-10-18T06:37:48.571466",
  "models": {
    "llama-3.1-405b-instruct": 22.318064099999997,
    "llama-3.3-70b-instruct": 34.984948386666666,
    "qwen3-32b": 32.49243568,
    "kimi-k2-instruct-0905": 30.320166955000005,
    "gemma2-9b-it": 19.873512112,
    "llama-4-maverick-17b-128e-instruct": 20.204832288,
    "deepseek-v3.1": 34.56355823333334,
    "qwen3-235b-a22b": 30.83956351333334,
    "gpt-oss-120b": 18.351178976
  },
  "average_score": 27.105362249370373,
  "best_model": "llama-3.3-70b-instruct",
  "best_score": 34.984948386666666
}