{
  "language_pair": "xsm-eng",
  "timestamp": "2026-01-12T13:35:18.520539",
  "models": {
    "qwq-32b": 23.205471490245152,
    "mistral-medium-3-instruct": 23.425258525006733,
    "llama-3.1-405b-instruct": 33.55758952513889,
    "mistral-7b-instruct-v0.3": 17.21582395,
    "llama-3.3-70b-instruct": 32.21162018047991,
    "qwen3-32b": 32.49243568000001,
    "palmyra-med-70b": 23.050334,
    "seed-oss-36b-instruct": 23.52875324775054,
    "kimi-k2-instruct-0905": 28.698196034724262,
    "gemma2-9b-it": 19.873512112,
    "gemma-2-27b-it": 33.38193259461638,
    "gemma-2-9b-it": 20.3111762972205,
    "llama-4-maverick-17b-128e-instruct": 32.37956555450353,
    "deepseek-v3.1": 28.31396282979911,
    "qwen3-235b-a22b": 33.581164134910715,
    "gpt-oss-120b": 17.14863530545821
  },
  "average_score": 26.398464466365873,
  "best_model": "qwen3-235b-a22b",
  "best_score": 33.581164134910715
}