{
  "language_pair": "xsm-eng",
  "timestamp": "2025-10-17T06:39:10.266770",
  "models": {
    "llama-3.1-405b-instruct": 11.566256599999999,
    "llama-3.3-70b-instruct": 30.014578200000003,
    "qwen3-32b": 32.49243568,
    "kimi-k2-instruct-0905": 31.904700500000004,
    "gemma2-9b-it": 19.873512112,
    "llama-4-maverick-17b-128e-instruct": 20.204832288,
    "deepseek-v3.1": 36.262331800000005,
    "qwen3-235b-a22b": 16.6633272,
    "gpt-oss-120b": 18.351178976
  },
  "average_score": 24.14812815066667,
  "best_model": "deepseek-v3.1",
  "best_score": 36.262331800000005
}