{
  "language_pair": "xsm-eng",
  "timestamp": "2026-01-29T11:31:10.665628",
  "models": {
    "bleu": {
      "qwq-32b": 5.054882708299085,
      "mistral-medium-3-instruct": 7.929026506841378,
      "llama-3.1-405b-instruct": 9.25329498915617,
      "mistral-7b-instruct-v0.3": 2.105203616828164,
      "llama-3.3-70b-instruct": 15.382849409645283,
      "qwen3-32b": 9.346500399980014,
      "claude-sonnet-4-5": 46.52689536957819,
      "gemini-2.5-flash": 35.09143198650848,
      "palmyra-med-70b": 5.36924892591258,
      "seed-oss-36b-instruct": 4.739104762336937,
      "kimi-k2-instruct-0905": 10.182425646195501,
      "gemma2-9b-it": 2.6182682813382674,
      "gemma-2-27b-it": 5.406502668979586,
      "gemma-2-9b-it": 6.12957497932821,
      "llama-4-maverick-17b-128e-instruct": 5.290165775046923,
      "gpt-4.1": 34.85935790568084,
      "deepseek-v3.1": 9.02631505236127,
      "qwen3-235b-a22b": 12.217114537124347,
      "gpt-oss-120b": 9.103526405546068
    },
    "chrf": {
      "qwq-32b": 19.520841832422043,
      "mistral-medium-3-instruct": 21.128489849079514,
      "llama-3.1-405b-instruct": 23.791263475273052,
      "mistral-7b-instruct-v0.3": 18.60263980554213,
      "llama-3.3-70b-instruct": 25.569402249610224,
      "qwen3-32b": 22.860733690935135,
      "claude-sonnet-4-5": 26.260613092498087,
      "gemini-2.5-flash": 28.629962988301642,
      "palmyra-med-70b": 19.608589213236655,
      "seed-oss-36b-instruct": 22.000892411999903,
      "kimi-k2-instruct-0905": 22.934576460744815,
      "gemma2-9b-it": 16.481802578780197,
      "gemma-2-27b-it": 21.51943871697403,
      "gemma-2-9b-it": 16.622323557622373,
      "llama-4-maverick-17b-128e-instruct": 23.435766036143264,
      "gpt-4.1": 23.153316453426616,
      "deepseek-v3.1": 22.35257857915441,
      "qwen3-235b-a22b": 24.38759788576297,
      "gpt-oss-120b": 19.018958295346536
    },
    "average": {
      "qwq-32b": 12.287862270360565,
      "mistral-medium-3-instruct": 14.528758177960446,
      "llama-3.1-405b-instruct": 16.52227923221461,
      "mistral-7b-instruct-v0.3": 10.353921711185146,
      "llama-3.3-70b-instruct": 20.476125829627755,
      "qwen3-32b": 16.103617045457575,
      "claude-sonnet-4-5": 36.39375423103814,
      "gemini-2.5-flash": 31.860697487405062,
      "palmyra-med-70b": 12.488919069574617,
      "seed-oss-36b-instruct": 13.36999858716842,
      "kimi-k2-instruct-0905": 16.55850105347016,
      "gemma2-9b-it": 9.550035430059232,
      "gemma-2-27b-it": 13.462970692976807,
      "gemma-2-9b-it": 11.375949268475292,
      "llama-4-maverick-17b-128e-instruct": 14.362965905595093,
      "gpt-4.1": 29.006337179553725,
      "deepseek-v3.1": 15.68944681575784,
      "qwen3-235b-a22b": 18.30235621144366,
      "gpt-oss-120b": 14.061242350446303
    }
  },
  "best_model": "claude-sonnet-4-5",
  "best_model_scores": {
    "BLEU": 46.52689536957819,
    "chrF": 26.260613092498087,
    "Average": 36.39375423103814
  }
}