{
  "language_pair": "xsm-eng",
  "timestamp": "2025-10-18T17:11:59.665322",
  "models": {
    "llama-3.1-405b-instruct": 24.313799374999995,
    "llama-3.3-70b-instruct": 31.394477124999998,
    "qwen3-32b": 32.49243568,
    "kimi-k2-instruct-0905": 29.926395493333334,
    "gemma2-9b-it": 19.873512112,
    "llama-4-maverick-17b-128e-instruct": 20.204832288,
    "deepseek-v3.1": 36.682577075000005,
    "qwen3-235b-a22b": 33.326002730000006,
    "gpt-oss-120b": 18.351178976
  },
  "average_score": 27.396134539370372,
  "best_model": "deepseek-v3.1",
  "best_score": 36.682577075000005
}