Model,Similarity Score (%),Raw Score
qwen3-235b-a22b,46.95%,46.952893106666664
qwen3-32b,38.36%,38.359226764000006
deepseek-v3.1,37.93%,37.93227616666667
kimi-k2-instruct-0905,33.47%,33.4714682665
llama-3.3-70b-instruct,32.79%,32.790767626666664
gemma2-9b-it,31.39%,31.385397455999996
llama-3.1-405b-instruct,29.75%,29.754256499999997
llama-4-maverick-17b-128e-instruct,29.31%,29.305841100000002
gpt-oss-120b,18.92%,18.922490792
