Model,Similarity Score (%),Raw Score
qwen3-235b-a22b,51.29%,51.292961719999994
deepseek-v3.1,47.54%,47.5433486
qwen3-32b,38.36%,38.359226764
llama-3.3-70b-instruct,35.72%,35.72173354
kimi-k2-instruct-0905,35.20%,35.20233854333333
gemma2-9b-it,31.39%,31.385397455999996
llama-4-maverick-17b-128e-instruct,29.31%,29.305841100000002
llama-3.1-405b-instruct,26.08%,26.0835735
gpt-oss-120b,18.92%,18.922490792
