Model,Similarity Score (%),Raw Score
qwen3-32b,38.36%,38.359226764000006
qwen3-235b-a22b,37.75%,37.753267696
kimi-k2-instruct-0905,32.81%,32.807161381200004
gemma2-9b-it,31.39%,31.385397455999996
deepseek-v3.1,31.14%,31.138380588000004
llama-3.3-70b-instruct,30.62%,30.624545535999996
llama-4-maverick-17b-128e-instruct,29.31%,29.305841100000002
llama-3.1-405b-instruct,27.20%,27.1971231
gpt-oss-120b,18.92%,18.922490792
