Model,Similarity Score (%),Raw Score
qwen3-235b-a22b,42.67%,42.66667303
qwen3-32b,38.36%,38.359226764000006
kimi-k2-instruct-0905,32.51%,32.514330979111115
deepseek-v3.1,32.47%,32.473934515
gemma2-9b-it,31.39%,31.385397455999996
llama-3.3-70b-instruct,29.72%,29.716095640000002
llama-4-maverick-17b-128e-instruct,29.31%,29.305841100000002
llama-3.1-405b-instruct,26.24%,26.240959175
gpt-oss-120b,18.92%,18.922490792
