Model,Similarity Score (%),Raw Score
qwen3-32b,38.36%,38.359226764
kimi-k2-instruct-0905,36.70%,36.698196452
gemma2-9b-it,31.39%,31.385397455999996
llama-4-maverick-17b-128e-instruct,29.31%,29.305841100000002
gpt-oss-120b,18.92%,18.922490792
