Model,Similarity Score (%),Raw Score
gemma-2-27b-it,42.35%,42.35146
qwen3-32b,38.36%,38.359226764000006
qwen3-235b-a22b,36.95%,36.94563501333333
deepseek-v3.1,33.47%,33.47387522333333
kimi-k2-instruct-0905,32.97%,32.97296287381818
gemma2-9b-it,31.39%,31.385397455999996
llama-3.1-405b-instruct,30.57%,30.572878649999996
llama-3.3-70b-instruct,30.39%,30.39382976666667
llama-4-maverick-17b-128e-instruct,29.31%,29.305841100000002
gpt-oss-120b,18.92%,18.922490792
