Model,Similarity Score (%),Raw Score
qwen3-32b,39.47%,39.467383905000005
kimi-k2-instruct-0905,35.53%,35.53335091499999
llama-4-maverick-17b-128e-instruct,31.22%,31.223119475
gemma2-9b-it,30.78%,30.78242187
gpt-oss-120b,20.21%,20.21202221
