{
  "language_pair": "lip-eng",
  "timestamp": "2025-10-18T06:37:46.592799",
  "models": {
    "qwen3-32b": 38.359226764000006,
    "deepseek-v3.1": 37.93227616666667,
    "gemma2-9b-it": 31.385397455999996,
    "llama-3.3-70b-instruct": 32.790767626666664,
    "gpt-oss-120b": 18.922490792,
    "qwen3-235b-a22b": 46.952893106666664,
    "llama-3.1-405b-instruct": 29.754256499999997,
    "llama-4-maverick-17b-128e-instruct": 29.305841100000002,
    "kimi-k2-instruct-0905": 33.4714682665
  },
  "average_score": 33.20829086427777,
  "best_model": "qwen3-235b-a22b",
  "best_score": 46.952893106666664
}