{
  "language_pair": "lip-eng",
  "timestamp": "2026-01-16T14:45:13.848556",
  "models": {
    "qwen3-32b": 38.359226764,
    "gemma-2-27b-it": 27.828402186274413,
    "deepseek-v3.1": 28.624062939576934,
    "gemma2-9b-it": 31.385397455999996,
    "llama-3.3-70b-instruct": 30.183191200252637,
    "chatgpt": 33.93339538574219,
    "mistral-7b-instruct-v0.3": 27.505649669999997,
    "gemma-2-9b-it": 26.120965360204618,
    "mistral-medium-3-instruct": 33.95289086461356,
    "gpt-oss-120b": 23.029797610638784,
    "palmyra-med-70b": 37.163813,
    "qwen3-235b-a22b": 33.20220037490121,
    "gemini": 42.99724197387695,
    "llama-3.1-405b-instruct": 34.97651066085371,
    "llama-4-maverick-17b-128e-instruct": 36.889165271093745,
    "qwq-32b": 27.75882222862103,
    "claude": 36.347657203674316,
    "seed-oss-36b-instruct": 28.704067112217878,
    "kimi-k2-instruct-0905": 36.27620498659454
  },
  "average_score": 32.38098222363876,
  "best_model": "gemini",
  "best_score": 42.99724197387695
}