{
  "language_pair": "lip-eng",
  "timestamp": "2025-10-24T14:23:41.328977",
  "models": {
    "qwen3-32b": 38.359226764000006,
    "gemma-2-27b-it": 42.35146,
    "deepseek-v3.1": 33.47387522333333,
    "gemma2-9b-it": 31.385397455999996,
    "llama-3.3-70b-instruct": 30.39382976666667,
    "gpt-oss-120b": 18.922490792,
    "qwen3-235b-a22b": 36.94563501333333,
    "llama-3.1-405b-instruct": 30.572878649999996,
    "llama-4-maverick-17b-128e-instruct": 29.305841100000002,
    "kimi-k2-instruct-0905": 32.97296287381818
  },
  "average_score": 32.46835976391515,
  "best_model": "gemma-2-27b-it",
  "best_score": 42.35146
}