{
  "language_pair": "lip-eng",
  "timestamp": "2026-01-12T13:35:18.289352",
  "models": {
    "qwen3-32b": 38.359226764,
    "gemma-2-27b-it": 28.540333532171612,
    "deepseek-v3.1": 28.60217979616162,
    "gemma2-9b-it": 31.385397455999996,
    "llama-3.3-70b-instruct": 30.285268468018344,
    "mistral-7b-instruct-v0.3": 27.505649669999997,
    "gemma-2-9b-it": 28.30395294934537,
    "mistral-medium-3-instruct": 33.699493884200734,
    "gpt-oss-120b": 22.790012784040176,
    "palmyra-med-70b": 37.163813,
    "qwen3-235b-a22b": 33.166355814956965,
    "llama-3.1-405b-instruct": 35.01911201100586,
    "llama-4-maverick-17b-128e-instruct": 36.750412421825395,
    "qwq-32b": 27.827394928825434,
    "seed-oss-36b-instruct": 28.60050826573276,
    "kimi-k2-instruct-0905": 36.1884750985647
  },
  "average_score": 31.51172417780306,
  "best_model": "qwen3-32b",
  "best_score": 38.359226764
}