{
  "language_pair": "lip-eng",
  "timestamp": "2025-10-17T06:39:08.777771",
  "models": {
    "qwen3-32b": 38.359226764,
    "deepseek-v3.1": 47.5433486,
    "gemma2-9b-it": 31.385397455999996,
    "llama-3.3-70b-instruct": 35.72173354,
    "gpt-oss-120b": 18.922490792,
    "qwen3-235b-a22b": 51.292961719999994,
    "llama-3.1-405b-instruct": 26.0835735,
    "llama-4-maverick-17b-128e-instruct": 29.305841100000002,
    "kimi-k2-instruct-0905": 35.20233854333333
  },
  "average_score": 34.86854577948148,
  "best_model": "qwen3-235b-a22b",
  "best_score": 51.292961719999994
}