{
  "language_pair": "lip-eng",
  "timestamp": "2025-09-25T08:09:48.147859",
  "models": {
    "qwen3-32b": 37.4246464,
    "gemma2-9b-it": 32.554096699999995,
    "gpt-oss-120b": 9.3956916,
    "llama-4-maverick-17b-128e-instruct": 29.393846900000003,
    "kimi-k2-instruct-0905": 45.182971800000004
  },
  "average_score": 30.790250679999996,
  "best_model": "kimi-k2-instruct-0905",
  "best_score": 45.182971800000004
}