{
  "language_pair": "lip-eng",
  "timestamp": "2025-10-09T07:09:03.612712",
  "models": {
    "qwen3-32b": 38.359226764,
    "gemma2-9b-it": 31.385397455999996,
    "gpt-oss-120b": 18.922490792,
    "llama-4-maverick-17b-128e-instruct": 29.305841100000002,
    "kimi-k2-instruct-0905": 36.698196452
  },
  "average_score": 30.934230512799996,
  "best_model": "qwen3-32b",
  "best_score": 38.359226764
}