{
  "language_pair": "lip-eng",
  "timestamp": "2026-01-28T14:52:34.881095",
  "models": {
    "bleu": {
      "gemini-2.5-flash": 6.202025080875966,
      "qwen3-32b": 2.9197217516773293,
      "gemma-2-27b-it": 2.0868192466382007,
      "deepseek-v3.1": 2.822002998987229,
      "gemma2-9b-it": 2.9550924039281536,
      "llama-3.3-70b-instruct": 4.520623629185415,
      "claude-sonnet-4-5": 3.979164280231016,
      "mistral-7b-instruct-v0.3": 2.885856805519379,
      "gemma-2-9b-it": 1.9536995853303798,
      "mistral-medium-3-instruct": 9.220305308311161,
      "gpt-oss-120b": 1.8928563111788055,
      "palmyra-med-70b": 2.691920630643987,
      "qwen3-235b-a22b": 3.538481868502697,
      "gpt-4.1": 4.086852846843209,
      "llama-3.1-405b-instruct": 9.634739190669709,
      "llama-4-maverick-17b-128e-instruct": 6.368375969319168,
      "qwq-32b": 2.0224405180636333,
      "seed-oss-36b-instruct": 2.5030783385943383,
      "kimi-k2-instruct-0905": 7.735247124090421
    },
    "chrf": {
      "gemini-2.5-flash": 27.514756027352767,
      "qwen3-32b": 22.316925137678364,
      "gemma-2-27b-it": 18.926787869384658,
      "deepseek-v3.1": 21.70170686588436,
      "gemma2-9b-it": 19.815243638276712,
      "llama-3.3-70b-instruct": 22.495130532553752,
      "claude-sonnet-4-5": 24.083499424983394,
      "mistral-7b-instruct-v0.3": 22.227164436805694,
      "gemma-2-9b-it": 18.03687360186897,
      "mistral-medium-3-instruct": 26.70276872357812,
      "gpt-oss-120b": 14.654212453969935,
      "palmyra-med-70b": 22.405309166286436,
      "qwen3-235b-a22b": 22.188383336263637,
      "gpt-4.1": 23.454852110526232,
      "llama-3.1-405b-instruct": 27.379329919698126,
      "llama-4-maverick-17b-128e-instruct": 25.20358805959552,
      "qwq-32b": 18.859258816727333,
      "seed-oss-36b-instruct": 22.386932340083064,
      "kimi-k2-instruct-0905": 25.271261518081957
    },
    "average": {
      "gemini-2.5-flash": 16.858390554114365,
      "qwen3-32b": 12.618323444677841,
      "gemma-2-27b-it": 10.50680355801143,
      "deepseek-v3.1": 12.261854932435794,
      "gemma2-9b-it": 11.385168021102432,
      "llama-3.3-70b-instruct": 13.507877080869582,
      "claude-sonnet-4-5": 14.031331852607202,
      "mistral-7b-instruct-v0.3": 12.556510621162538,
      "gemma-2-9b-it": 9.995286593599673,
      "mistral-medium-3-instruct": 17.96153701594464,
      "gpt-oss-120b": 8.27353438257437,
      "palmyra-med-70b": 12.548614898465214,
      "qwen3-235b-a22b": 12.863432602383165,
      "gpt-4.1": 13.770852478684722,
      "llama-3.1-405b-instruct": 18.507034555183917,
      "llama-4-maverick-17b-128e-instruct": 15.785982014457343,
      "qwq-32b": 10.440849667395481,
      "seed-oss-36b-instruct": 12.4450053393387,
      "kimi-k2-instruct-0905": 16.503254321086185
    }
  },
  "best_model": "llama-3.1-405b-instruct",
  "best_model_scores": {
    "BLEU": 9.634739190669709,
    "chrF": 27.379329919698126,
    "Average": 18.507034555183917
  }
}