{
  "language_pair": "bib-eng",
  "timestamp": "2026-01-29T11:31:06.713468",
  "models": {
    "bleu": {
      "gpt-4.1": 14.588150420450406,
      "qwen3-235b-a22b": 15.837601694718439,
      "gemma-2-9b-it": 7.7427412757515555,
      "mistral-medium-3-instruct": 54.34251341180961,
      "claude-sonnet-4-5": 26.075670992406426,
      "qwen3-32b": 7.994607499472017,
      "gpt-oss-120b": 6.054341896572974,
      "deepseek-v3.1": 8.86707678408145,
      "gemma-2-27b-it": 2.240227398371877,
      "gemma2-9b-it": 3.3308195612598803,
      "palmyra-med-70b": 13.740950768136107,
      "llama-4-maverick-17b-128e-instruct": 5.942050708677824,
      "qwq-32b": 5.985238014205388,
      "llama-3.3-70b-instruct": 6.470916182292465,
      "kimi-k2-instruct-0905": 21.089659322488668,
      "seed-oss-36b-instruct": 3.870722714038082,
      "llama-3.1-405b-instruct": 13.838346707995763,
      "mistral-7b-instruct-v0.3": 3.600031111676326,
      "gemini-2.5-flash": 16.90653646485627
    },
    "chrf": {
      "gpt-4.1": 20.739144664390746,
      "qwen3-235b-a22b": 22.26351256491028,
      "gemma-2-9b-it": 19.72587192260592,
      "mistral-medium-3-instruct": 26.76041838562588,
      "claude-sonnet-4-5": 23.77804086281191,
      "qwen3-32b": 17.985315241203114,
      "gpt-oss-120b": 19.070092985515338,
      "deepseek-v3.1": 23.252630566598715,
      "gemma-2-27b-it": 19.457112071935665,
      "gemma2-9b-it": 20.791184416636963,
      "palmyra-med-70b": 19.162497634092936,
      "llama-4-maverick-17b-128e-instruct": 22.87763743845568,
      "qwq-32b": 22.35647253286184,
      "llama-3.3-70b-instruct": 21.791824366841368,
      "kimi-k2-instruct-0905": 24.171878819040728,
      "seed-oss-36b-instruct": 22.22381622024818,
      "llama-3.1-405b-instruct": 23.990144070234408,
      "mistral-7b-instruct-v0.3": 19.932072179755288,
      "gemini-2.5-flash": 23.445620450909537
    },
    "average": {
      "gpt-4.1": 17.663647542420577,
      "qwen3-235b-a22b": 19.050557129814358,
      "gemma-2-9b-it": 13.734306599178737,
      "mistral-medium-3-instruct": 40.551465898717744,
      "claude-sonnet-4-5": 24.926855927609168,
      "qwen3-32b": 12.989961370337566,
      "gpt-oss-120b": 12.562217441044156,
      "deepseek-v3.1": 16.059853675340083,
      "gemma-2-27b-it": 10.84866973515377,
      "gemma2-9b-it": 12.061001988948421,
      "palmyra-med-70b": 16.451724201114523,
      "llama-4-maverick-17b-128e-instruct": 14.409844073566752,
      "qwq-32b": 14.170855273533615,
      "llama-3.3-70b-instruct": 14.131370274566915,
      "kimi-k2-instruct-0905": 22.6307690707647,
      "seed-oss-36b-instruct": 13.047269467143131,
      "llama-3.1-405b-instruct": 18.914245389115084,
      "mistral-7b-instruct-v0.3": 11.766051645715807,
      "gemini-2.5-flash": 20.1760784578829
    }
  },
  "best_model": "mistral-medium-3-instruct",
  "best_model_scores": {
    "BLEU": 54.34251341180961,
    "chrF": 26.76041838562588,
    "Average": 40.551465898717744
  }
}