{
  "language_pair": "ewe-eng",
  "timestamp": "2026-01-19T12:02:40.634094",
  "models": {
    "gpt-4.1": 57.751602172851555,
    "qwen3-32b": 37.28831712,
    "deepseek-v3.1": 58.39804127380515,
    "qwq-32b": 31.05576422515121,
    "gemini-2.5-flash": 69.67020670572917,
    "claude-sonnet-4-5": 70.68204752604167,
    "gpt-oss-120b": 41.469064393619405,
    "kimi-k2-instruct-0905": 55.97342139859589,
    "mistral-7b-instruct-v0.3": 34.88398714,
    "qwen3-235b-a22b": 39.81362503517929,
    "gemma-2-27b-it": 41.887378976495896,
    "mistral-medium-3-instruct": 36.55044492554968,
    "llama-3.1-405b-instruct": 41.17711095464154,
    "seed-oss-36b-instruct": 35.43755254131049,
    "llama-4-maverick-17b-128e-instruct": 60.2338954445709,
    "gemma2-9b-it": 31.563377032,
    "llama-3.3-70b-instruct": 39.32114027665349,
    "palmyra-med-70b": 35.07847795,
    "gemma-2-9b-it": 35.685025524089916
  },
  "average_score": 44.94318319033081,
  "best_model": "claude-sonnet-4-5",
  "best_score": 70.68204752604167
}