ref,text,translated,source_zip_file,similarity_score,chrf_sentence,corpus_bleu,corpus_chrf
"“In Ramah a voice was heard crying and weeping loudly. Rachel was mourning for her children, and she refused to be comforted, because they were dead.” The Return from Egypt","“Ba da woŋ la neɛ kaŋ kɔkɔre naŋ yire Urama poɔ, neɛ kaŋ naŋ ŋmeɛrɛ kpɛlle erɛ nemba-yɛlɛ, Urakɛɛl kono hiine la o biiri yɛlɛ, a ba sage ka ba mɔgle o, bonso, a o biiri ba la kyebe.” A Igyipiti Teŋɛ Leɛ Yi Waabo Yɛlɛ","“He said to them, ‘Look, I am going to Urama tomorrow, and I will bring back some good news. I will bring back news that will make your hearts rejoice.’ So they said to him, ‘We will wait for you.’”",Dec 08 output,,19.222825075782403,3.5689481241136556,3.9191778435812576
Why worry about clothes? Look how the wild flowers grow. They don't work hard to make their clothes.,"Ka bonso, ka yɛ kyerɛ bonsuuri yɛlɛ? Yɛ kaa nyɛ a baa pɛmpɛllɛ naŋ maŋ baara lɛ. A ba tonɔ toma bee a wuoro pɛmɛ,","Good morning, how are you doing? We should not be lazy and wait for things to be given to us. We must work hard to get what we want.",Dec 08 output,,24.182575091145747,3.5689481241136556,3.9191778435812576
"You are a bunch of evil snakes, so how can you say anything good? Your words show what is in your hearts.","Yɛnee dompane boorɔ ŋa! Yɛ naŋ waa nenfaare, wola ka yɛ na toɔ̃ yeli yelsonne? Bonso, bonna naŋ be a sukyiri poɔ la ka a noɔre maŋ yele.","We are not children anymore! We are grown up now, what are we going to do to help ourselves? Therefore, let us all come together and find a solution to our problem.",Dec 08 output,,21.253956972843756,3.5689481241136556,3.9191778435812576
"People were eating, drinking, and getting married right up to the day the flood came and Noah went into the big boat.","Aŋa a bebie na poɔ a kɔmpiiri naŋ da ba wa sɛre, ka noba da dire kyɛ nyuuro, ka dɔbɔ derɛ pɔgeba, ka pɔgeba meŋ kulo serebɛ, a te ta daare na a Nowa naŋ kpɛ a gbori,","The woman went to the computer to type, but she didn't know how to use it, so she asked the man to teach her, and the man said he would teach her tomorrow.",Dec 08 output,,20.497037978672413,3.5689481241136556,3.9191778435812576
"Everyone answered, “We and our own families will take the blame for his death!”","Lɛ la ka a noba zaa pabo laŋ yeli, “Ka a Yeezu zẽẽ do te ne te biiri.”","They said to him, ""You are Jesus, the Son of God.""",Dec 08 output,,10.183984570584888,3.5689481241136556,3.9191778435812576
"“In Ramah a voice was heard crying and weeping loudly. Rachel was mourning for her children, and she refused to be comforted, because they were dead.” The Return from Egypt","“Ba da woŋ la neɛ kaŋ kɔkɔre naŋ yire Urama poɔ, neɛ kaŋ naŋ ŋmeɛrɛ kpɛlle erɛ nemba-yɛlɛ, Urakɛɛl kono hiine la o biiri yɛlɛ, a ba sage ka ba mɔgle o, bonso, a o biiri ba la kyebe.” A Igyipiti Teŋɛ Leɛ Yi Waabo Yɛlɛ","“He went to the farm and saw that the corn was ripe. He harvested it and brought it home. He gave some to his wife and children. He ate some himself, and the rest he kept.” A Igyipiti Teŋɛ Leɛ Yi Waabo Yɛlɛ",onesimus_31223989_Dec 12 output,,22.755143722120895,3.5689481241136556,3.9191778435812576
Why worry about clothes? Look how the wild flowers grow. They don't work hard to make their clothes.,"Ka bonso, ka yɛ kyerɛ bonsuuri yɛlɛ? Yɛ kaa nyɛ a baa pɛmpɛllɛ naŋ maŋ baara lɛ. A ba tonɔ toma bee a wuoro pɛmɛ,","Good morning, how are you? We should not be lazy and wait for things to be given to us. We must work hard to get what we want.",onesimus_31223989_Dec 12 output,,24.271019955161695,3.5689481241136556,3.9191778435812576
"You are a bunch of evil snakes, so how can you say anything good? Your words show what is in your hearts.","Yɛnee dompane boorɔ ŋa! Yɛ naŋ waa nenfaare, wola ka yɛ na toɔ̃ yeli yelsonne? Bonso, bonna naŋ be a sukyiri poɔ la ka a noɔre maŋ yele.","We are not children anymore! We are grown now, what are we waiting for? Let's go and build our own houses. We will not be staying in someone else's house.",onesimus_31223989_Dec 12 output,,21.988261478780025,3.5689481241136556,3.9191778435812576
"People were eating, drinking, and getting married right up to the day the flood came and Noah went into the big boat.","Aŋa a bebie na poɔ a kɔmpiiri naŋ da ba wa sɛre, ka noba da dire kyɛ nyuuro, ka dɔbɔ derɛ pɔgeba, ka pɔgeba meŋ kulo serebɛ, a te ta daare na a Nowa naŋ kpɛ a gbori,","The woman went to the computer to type, but she didn't know how to use it, so she asked the man to teach her, and the man said he would teach her tomorrow.",onesimus_31223989_Dec 12 output,,20.497037978672413,3.5689481241136556,3.9191778435812576
"Everyone answered, “We and our own families will take the blame for his death!”","Lɛ la ka a noba zaa pabo laŋ yeli, “Ka a Yeezu zẽẽ do te ne te biiri.”","They said to him, ""You are Jesus, the Son of God.""",onesimus_31223989_Dec 12 output,,10.183984570584888,3.5689481241136556,3.9191778435812576
"“In Ramah a voice was heard crying and weeping loudly. Rachel was mourning for her children, and she refused to be comforted, because they were dead.” The Return from Egypt","“Ba da woŋ la neɛ kaŋ kɔkɔre naŋ yire Urama poɔ, neɛ kaŋ naŋ ŋmeɛrɛ kpɛlle erɛ nemba-yɛlɛ, Urakɛɛl kono hiine la o biiri yɛlɛ, a ba sage ka ba mɔgle o, bonso, a o biiri ba la kyebe.” A Igyipiti Teŋɛ Leɛ Yi Waabo Yɛlɛ","“He said to them, ‘Look, I am going to Urama tomorrow, and I will bring back some good news. I will tell you about the good things that happened there. Urakɛɛl will also come with me, and we will see what happens. If we are successful, we will return, but if we are not, we will not return.’”  A Igyipiti Teŋɛ Leɛ Yi Waabo Yɛlɛ",john_AC86BE0F_output (5),,22.462657449141446,3.5689481241136556,3.9191778435812576
Why worry about clothes? Look how the wild flowers grow. They don't work hard to make their clothes.,"Ka bonso, ka yɛ kyerɛ bonsuuri yɛlɛ? Yɛ kaa nyɛ a baa pɛmpɛllɛ naŋ maŋ baara lɛ. A ba tonɔ toma bee a wuoro pɛmɛ,","Good morning, how are you? We are going to talk about the importance of education. Education is the key to success and a better life.",john_AC86BE0F_output (5),,18.628009882432018,3.5689481241136556,3.9191778435812576
"You are a bunch of evil snakes, so how can you say anything good? Your words show what is in your hearts.","Yɛnee dompane boorɔ ŋa! Yɛ naŋ waa nenfaare, wola ka yɛ na toɔ̃ yeli yelsonne? Bonso, bonna naŋ be a sukyiri poɔ la ka a noɔre maŋ yele.","We are not children anymore! We are adults now, what are we going to do to help ourselves? Therefore, let us all come together and find a solution to our problem.",john_AC86BE0F_output (5),,21.845510032860947,3.5689481241136556,3.9191778435812576
"People were eating, drinking, and getting married right up to the day the flood came and Noah went into the big boat.","Aŋa a bebie na poɔ a kɔmpiiri naŋ da ba wa sɛre, ka noba da dire kyɛ nyuuro, ka dɔbɔ derɛ pɔgeba, ka pɔgeba meŋ kulo serebɛ, a te ta daare na a Nowa naŋ kpɛ a gbori,","The woman went to the computer and started typing, then she printed it out, folded it carefully, put it in an envelope, and sent it to her brother Noah.",john_AC86BE0F_output (5),,25.9339724604312,3.5689481241136556,3.9191778435812576
"Everyone answered, “We and our own families will take the blame for his death!”","Lɛ la ka a noba zaa pabo laŋ yeli, “Ka a Yeezu zẽẽ do te ne te biiri.”","He said to them, “Let us go to Jesus, so that he may heal us.”",john_AC86BE0F_output (5),,11.537546929642877,3.5689481241136556,3.9191778435812576
"“In Ramah a voice was heard crying and weeping loudly. Rachel was mourning for her children, and she refused to be comforted, because they were dead.” The Return from Egypt","“Ba da woŋ la neɛ kaŋ kɔkɔre naŋ yire Urama poɔ, neɛ kaŋ naŋ ŋmeɛrɛ kpɛlle erɛ nemba-yɛlɛ, Urakɛɛl kono hiine la o biiri yɛlɛ, a ba sage ka ba mɔgle o, bonso, a o biiri ba la kyebe.” A Igyipiti Teŋɛ Leɛ Yi Waabo Yɛlɛ","“The one who gave you life is the one who will judge you on the last day. The one who gave you life will judge you based on your deeds, whether good or bad. God knows everything you do, even in secret. So, be careful and do good.” This is what the Egyptians used to say.",output_JA-4,,25.004933981151023,3.5689481241136556,3.9191778435812576
Why worry about clothes? Look how the wild flowers grow. They don't work hard to make their clothes.,"Ka bonso, ka yɛ kyerɛ bonsuuri yɛlɛ? Yɛ kaa nyɛ a baa pɛmpɛllɛ naŋ maŋ baara lɛ. A ba tonɔ toma bee a wuoro pɛmɛ,","Good morning, how are you? We should not be doing things that are bad and will bring shame to our family. If someone does something wrong, we should correct them.",output_JA-4,,19.249890450964415,3.5689481241136556,3.9191778435812576
"You are a bunch of evil snakes, so how can you say anything good? Your words show what is in your hearts.","Yɛnee dompane boorɔ ŋa! Yɛ naŋ waa nenfaare, wola ka yɛ na toɔ̃ yeli yelsonne? Bonso, bonna naŋ be a sukyiri poɔ la ka a noɔre maŋ yele.","We are not children anymore! We are adults now, so why should we be afraid? Look, let's just go and see what happens.",output_JA-4,,21.391675423941784,3.5689481241136556,3.9191778435812576
"People were eating, drinking, and getting married right up to the day the flood came and Noah went into the big boat.","Aŋa a bebie na poɔ a kɔmpiiri naŋ da ba wa sɛre, ka noba da dire kyɛ nyuuro, ka dɔbɔ derɛ pɔgeba, ka pɔgeba meŋ kulo serebɛ, a te ta daare na a Nowa naŋ kpɛ a gbori,","The man went to the computer and started working, but he didn't know how to use it, so he asked for help, and the person who helped him showed him how to use the mouse, and he was able to learn quickly.",output_JA-4,,21.994196126598975,3.5689481241136556,3.9191778435812576
"Everyone answered, “We and our own families will take the blame for his death!”","Lɛ la ka a noba zaa pabo laŋ yeli, “Ka a Yeezu zẽẽ do te ne te biiri.”","He said to them, ""Whoever wants to follow me must deny himself and take up his cross.""",output_JA-4,,19.594851176287083,3.5689481241136556,3.9191778435812576
"“In Ramah a voice was heard crying and weeping loudly. Rachel was mourning for her children, and she refused to be comforted, because they were dead.” The Return from Egypt","“Ba da woŋ la neɛ kaŋ kɔkɔre naŋ yire Urama poɔ, neɛ kaŋ naŋ ŋmeɛrɛ kpɛlle erɛ nemba-yɛlɛ, Urakɛɛl kono hiine la o biiri yɛlɛ, a ba sage ka ba mɔgle o, bonso, a o biiri ba la kyebe.” A Igyipiti Teŋɛ Leɛ Yi Waabo Yɛlɛ","“He said to them, ‘Go and tell the people of Urama that I am coming.’ He said, ‘I am coming to heal the sick and to raise the dead.’ The people of Urakɛɛl said, ‘He is a liar, he is deceiving us.’ But he said, ‘I am telling the truth, I am coming.’ And they said, ‘If you are coming, come and see us.’”",onesimus_7C821E01_Dec 01 output,,21.664325648451246,3.5689481241136556,3.9191778435812576
Why worry about clothes? Look how the wild flowers grow. They don't work hard to make their clothes.,"Ka bonso, ka yɛ kyerɛ bonsuuri yɛlɛ? Yɛ kaa nyɛ a baa pɛmpɛllɛ naŋ maŋ baara lɛ. A ba tonɔ toma bee a wuoro pɛmɛ,","Good morning, how are you? We should not do things that will bring shame to our family. If someone does something bad, we should tell them.",onesimus_7C821E01_Dec 01 output,,18.95220687126801,3.5689481241136556,3.9191778435812576
"You are a bunch of evil snakes, so how can you say anything good? Your words show what is in your hearts.","Yɛnee dompane boorɔ ŋa! Yɛ naŋ waa nenfaare, wola ka yɛ na toɔ̃ yeli yelsonne? Bonso, bonna naŋ be a sukyiri poɔ la ka a noɔre maŋ yele.","We are not children anymore! We are grown now, what should we be doing? Therefore, let us all strive to do good things so that we will be blessed.",onesimus_7C821E01_Dec 01 output,,22.73182818686213,3.5689481241136556,3.9191778435812576
"People were eating, drinking, and getting married right up to the day the flood came and Noah went into the big boat.","Aŋa a bebie na poɔ a kɔmpiiri naŋ da ba wa sɛre, ka noba da dire kyɛ nyuuro, ka dɔbɔ derɛ pɔgeba, ka pɔgeba meŋ kulo serebɛ, a te ta daare na a Nowa naŋ kpɛ a gbori,","The man went to the computer and started typing, then he said that he wanted to send a message, and he typed the message and sent it, and he said that he had finished and that he was going to sleep.",onesimus_7C821E01_Dec 01 output,,23.52335418532175,3.5689481241136556,3.9191778435812576
"Everyone answered, “We and our own families will take the blame for his death!”","Lɛ la ka a noba zaa pabo laŋ yeli, “Ka a Yeezu zẽẽ do te ne te biiri.”","He said to them, “Let us go to Jesus, for he is the one who will heal us.”",onesimus_7C821E01_Dec 01 output,,17.01972731948591,3.5689481241136556,3.9191778435812576
And you ignore God's commands in order to follow your own teaching. You do a lot of other things just as bad. What Really Makes People Unclean (Matthew,a pãã maŋ e ka a Naaŋmen yelbiri ba la taa tɔnɔ a yɛ sããkommine yeltuuri zuiŋ. A yɛlɛ ama taaba yaga la ka yɛ erɛ.”,The old woman said that the Naaŋmen people used to live in a place called Yelbiri. They were very strong and brave people. They were also very good hunters.,output_jonathan,-0.034341097,19.450173920179672,3.5689481241136556,3.9191778435812576
"In fact, the whole town gathered around the door of the house.",Ka a teŋɛ noba zaa da wa gbiŋ a Saamon yiri dendɔreŋ.,He went to the farm yesterday and saw Saamon weeding.,output_jonathan,0.09831308,14.539103235032446,3.5689481241136556,3.9191778435812576
"When Jesus was born in the village of Bethlehem in Judea, Herod was king. During this time some wise men from the east came to Jerusalem","A Naa Hɛrɔde naaloŋ saŋ, ba naŋ da dɔge a Yeezu Bɛtelɛhɛm naŋ be Gyudiya paaloŋ poɔ, a lɛ puoriŋ, yɛmbaŋnema mine da yi la sapare wa Gyɛruzɛlɛm,","Now Herod the king heard, and he was troubled, and all Jerusalem with him.",output_jonathan,0.5065835,20.189070507163095,3.5689481241136556,3.9191778435812576
Then the people started begging Jesus to leave their part of the country.,Lɛ la ka ba da piili sɔrɔ a Yeezu ka O yi a ba teŋɛ poɔ.,"He went to the well to draw water, but Jesus told him to wait.",output_jonathan,0.49487066,20.57777819421728,3.5689481241136556,3.9191778435812576
"a terrible storm suddenly struck the lake, and waves started splashing into their boat. Jesus was sound asleep,","Sasekpeɛŋaa kaŋ da kyɛre la a mane zu, ka a kɔmmie ŋmeɛrɛ a gbori ka o boɔrɔ ka o kyigi, kyɛ ka a Yeezu da gaŋ gbire.","The one who was called a thief, he was not a thief, but he was accused falsely, and they crucified him, and he died, but Jesus rose again.",output_jonathan,0.48628688,20.643067622626052,3.5689481241136556,3.9191778435812576
"“In Ramah a voice was heard crying and weeping loudly. Rachel was mourning for her children, and she refused to be comforted, because they were dead.” The Return from Egypt","“Ba da woŋ la neɛ kaŋ kɔkɔre naŋ yire Urama poɔ, neɛ kaŋ naŋ ŋmeɛrɛ kpɛlle erɛ nemba-yɛlɛ, Urakɛɛl kono hiine la o biiri yɛlɛ, a ba sage ka ba mɔgle o, bonso, a o biiri ba la kyebe.” A Igyipiti Teŋɛ Leɛ Yi Waabo Yɛlɛ",,output_JA-2,,,3.5689481241136556,3.9191778435812576
Why worry about clothes? Look how the wild flowers grow. They don't work hard to make their clothes.,"Ka bonso, ka yɛ kyerɛ bonsuuri yɛlɛ? Yɛ kaa nyɛ a baa pɛmpɛllɛ naŋ maŋ baara lɛ. A ba tonɔ toma bee a wuoro pɛmɛ,",,output_JA-2,,,3.5689481241136556,3.9191778435812576
"You are a bunch of evil snakes, so how can you say anything good? Your words show what is in your hearts.","Yɛnee dompane boorɔ ŋa! Yɛ naŋ waa nenfaare, wola ka yɛ na toɔ̃ yeli yelsonne? Bonso, bonna naŋ be a sukyiri poɔ la ka a noɔre maŋ yele.",,output_JA-2,,,3.5689481241136556,3.9191778435812576
"People were eating, drinking, and getting married right up to the day the flood came and Noah went into the big boat.","Aŋa a bebie na poɔ a kɔmpiiri naŋ da ba wa sɛre, ka noba da dire kyɛ nyuuro, ka dɔbɔ derɛ pɔgeba, ka pɔgeba meŋ kulo serebɛ, a te ta daare na a Nowa naŋ kpɛ a gbori,",,output_JA-2,,,3.5689481241136556,3.9191778435812576
"Everyone answered, “We and our own families will take the blame for his death!”","Lɛ la ka a noba zaa pabo laŋ yeli, “Ka a Yeezu zẽẽ do te ne te biiri.”",,output_JA-2,,,3.5689481241136556,3.9191778435812576
"“In Ramah a voice was heard crying and weeping loudly. Rachel was mourning for her children, and she refused to be comforted, because they were dead.” The Return from Egypt","“Ba da woŋ la neɛ kaŋ kɔkɔre naŋ yire Urama poɔ, neɛ kaŋ naŋ ŋmeɛrɛ kpɛlle erɛ nemba-yɛlɛ, Urakɛɛl kono hiine la o biiri yɛlɛ, a ba sage ka ba mɔgle o, bonso, a o biiri ba la kyebe.” A Igyipiti Teŋɛ Leɛ Yi Waabo Yɛlɛ","“He who has a wife and children should go to Urama, and he who has none should go to the market, Urakɛɛl is the one who will bring the news, and he who has heard it should tell it to others, but he who has heard it should not keep it to himself.” A Igyipiti Teŋɛ Leɛ Yi Waabo Yɛlɛ",gerhardt_8019BE0D_output_WsImHC,,22.92369019253744,3.5689481241136556,3.9191778435812576
Why worry about clothes? Look how the wild flowers grow. They don't work hard to make their clothes.,"Ka bonso, ka yɛ kyerɛ bonsuuri yɛlɛ? Yɛ kaa nyɛ a baa pɛmpɛllɛ naŋ maŋ baara lɛ. A ba tonɔ toma bee a wuoro pɛmɛ,","Good morning, how are you? We are going to talk about the importance of education. Education is the key to success and a better life.",gerhardt_8019BE0D_output_WsImHC,,18.628009882432018,3.5689481241136556,3.9191778435812576
"You are a bunch of evil snakes, so how can you say anything good? Your words show what is in your hearts.","Yɛnee dompane boorɔ ŋa! Yɛ naŋ waa nenfaare, wola ka yɛ na toɔ̃ yeli yelsonne? Bonso, bonna naŋ be a sukyiri poɔ la ka a noɔre maŋ yele.","We are not children anymore! We are grown now, so why should we be afraid? Look, we are all going to die anyway, so let's just enjoy ourselves.",gerhardt_8019BE0D_output_WsImHC,,22.619197900981007,3.5689481241136556,3.9191778435812576
"People were eating, drinking, and getting married right up to the day the flood came and Noah went into the big boat.","Aŋa a bebie na poɔ a kɔmpiiri naŋ da ba wa sɛre, ka noba da dire kyɛ nyuuro, ka dɔbɔ derɛ pɔgeba, ka pɔgeba meŋ kulo serebɛ, a te ta daare na a Nowa naŋ kpɛ a gbori,","The woman went to the computer and started typing, then she opened a new document, and started writing a story, which was very interesting, and she finished writing it and saved it, and she named it ""Nowa"".",gerhardt_8019BE0D_output_WsImHC,,26.994264948195656,3.5689481241136556,3.9191778435812576
"Everyone answered, “We and our own families will take the blame for his death!”","Lɛ la ka a noba zaa pabo laŋ yeli, “Ka a Yeezu zẽẽ do te ne te biiri.”","They said to him, ""Yes, Jesus, we know that you are the teacher who comes from God.""",gerhardt_8019BE0D_output_WsImHC,,15.902128412544336,3.5689481241136556,3.9191778435812576
"“In Ramah a voice was heard crying and weeping loudly. Rachel was mourning for her children, and she refused to be comforted, because they were dead.” The Return from Egypt","“Ba da woŋ la neɛ kaŋ kɔkɔre naŋ yire Urama poɔ, neɛ kaŋ naŋ ŋmeɛrɛ kpɛlle erɛ nemba-yɛlɛ, Urakɛɛl kono hiine la o biiri yɛlɛ, a ba sage ka ba mɔgle o, bonso, a o biiri ba la kyebe.” A Igyipiti Teŋɛ Leɛ Yi Waabo Yɛlɛ","“He said to them, ‘Look, I am going to Urama tomorrow, and I will bring back some meat for you. I will also bring back some kola nuts for you. Urakɛɛl will come with me tomorrow. He will help me carry the load.’ Then he said, ‘I will be back soon.’” The Egyptian King’s Son Was Wise",Dec 02 output,,21.691273105092044,3.5689481241136556,3.9191778435812576
Why worry about clothes? Look how the wild flowers grow. They don't work hard to make their clothes.,"Ka bonso, ka yɛ kyerɛ bonsuuri yɛlɛ? Yɛ kaa nyɛ a baa pɛmpɛllɛ naŋ maŋ baara lɛ. A ba tonɔ toma bee a wuoro pɛmɛ,","Good morning, how are you? We are going to tell you a story about a long time ago. It was a time when there was no iron, no guns.",Dec 02 output,,20.377351300891803,3.5689481241136556,3.9191778435812576
"You are a bunch of evil snakes, so how can you say anything good? Your words show what is in your hearts.","Yɛnee dompane boorɔ ŋa! Yɛ naŋ waa nenfaare, wola ka yɛ na toɔ̃ yeli yelsonne? Bonso, bonna naŋ be a sukyiri poɔ la ka a noɔre maŋ yele.","We are not children anymore! We are grown now, so what are we waiting for? Let's go and find our own path, because we are not children anymore.",Dec 02 output,,20.20368956537731,3.5689481241136556,3.9191778435812576
"People were eating, drinking, and getting married right up to the day the flood came and Noah went into the big boat.","Aŋa a bebie na poɔ a kɔmpiiri naŋ da ba wa sɛre, ka noba da dire kyɛ nyuuro, ka dɔbɔ derɛ pɔgeba, ka pɔgeba meŋ kulo serebɛ, a te ta daare na a Nowa naŋ kpɛ a gbori,","The woman went to the computer and started typing, then she saw a message, and she read it quickly, and she understood what it said, and she was happy because she now knew what Noah had written.",Dec 02 output,,23.201338839546327,3.5689481241136556,3.9191778435812576
"Everyone answered, “We and our own families will take the blame for his death!”","Lɛ la ka a noba zaa pabo laŋ yeli, “Ka a Yeezu zẽẽ do te ne te biiri.”","He said to them, ""Whoever believes in Jesus is not condemned.""",Dec 02 output,,15.640055081265746,3.5689481241136556,3.9191778435812576
"“In Ramah a voice was heard crying and weeping loudly. Rachel was mourning for her children, and she refused to be comforted, because they were dead.” The Return from Egypt","“Ba da woŋ la neɛ kaŋ kɔkɔre naŋ yire Urama poɔ, neɛ kaŋ naŋ ŋmeɛrɛ kpɛlle erɛ nemba-yɛlɛ, Urakɛɛl kono hiine la o biiri yɛlɛ, a ba sage ka ba mɔgle o, bonso, a o biiri ba la kyebe.” A Igyipiti Teŋɛ Leɛ Yi Waabo Yɛlɛ","“He said to them, ‘Go and tell Urama that I have sent you. Tell him that I am coming to see him tomorrow, and that he should prepare a place for me to sleep. If he doesn’t, I will come and sleep in his house anyway.’” This is what the Egyptian said to them.",john_567A83BD_output (1),,22.963315561544686,3.5689481241136556,3.9191778435812576
Why worry about clothes? Look how the wild flowers grow. They don't work hard to make their clothes.,"Ka bonso, ka yɛ kyerɛ bonsuuri yɛlɛ? Yɛ kaa nyɛ a baa pɛmpɛllɛ naŋ maŋ baara lɛ. A ba tonɔ toma bee a wuoro pɛmɛ,","Good morning, how are you? We should not be those who always speak bad things. Let us speak good things, or else we will be cursed.",john_567A83BD_output (1),,18.53016661684151,3.5689481241136556,3.9191778435812576
"You are a bunch of evil snakes, so how can you say anything good? Your words show what is in your hearts.","Yɛnee dompane boorɔ ŋa! Yɛ naŋ waa nenfaare, wola ka yɛ na toɔ̃ yeli yelsonne? Bonso, bonna naŋ be a sukyiri poɔ la ka a noɔre maŋ yele.","We are not children anymore! We are grown now, so what are we waiting for? Let's go and build our own houses. We will not wait for someone to build for us.",john_567A83BD_output (1),,20.577086198669818,3.5689481241136556,3.9191778435812576
"People were eating, drinking, and getting married right up to the day the flood came and Noah went into the big boat.","Aŋa a bebie na poɔ a kɔmpiiri naŋ da ba wa sɛre, ka noba da dire kyɛ nyuuro, ka dɔbɔ derɛ pɔgeba, ka pɔgeba meŋ kulo serebɛ, a te ta daare na a Nowa naŋ kpɛ a gbori,","The woman went to the computer and started typing, then she stopped and looked at the screen, then she started typing again, and she typed quickly, she finished typing and went to Noah to show him what she had written.",john_567A83BD_output (1),,25.167187931554896,3.5689481241136556,3.9191778435812576
"Everyone answered, “We and our own families will take the blame for his death!”","Lɛ la ka a noba zaa pabo laŋ yeli, “Ka a Yeezu zẽẽ do te ne te biiri.”","He said to them, ""Whoever wants to follow Jesus must deny himself and take up his cross.""",john_567A83BD_output (1),,19.16820697676172,3.5689481241136556,3.9191778435812576
"“In Ramah a voice was heard crying and weeping loudly. Rachel was mourning for her children, and she refused to be comforted, because they were dead.” The Return from Egypt","“Ba da woŋ la neɛ kaŋ kɔkɔre naŋ yire Urama poɔ, neɛ kaŋ naŋ ŋmeɛrɛ kpɛlle erɛ nemba-yɛlɛ, Urakɛɛl kono hiine la o biiri yɛlɛ, a ba sage ka ba mɔgle o, bonso, a o biiri ba la kyebe.” A Igyipiti Teŋɛ Leɛ Yi Waabo Yɛlɛ","“He said to them, ‘Go and tell Urama that I am coming to him tomorrow. Tell him that I am coming with a large number of people, Urakɛɛl will be with me, and I will bring him a gift. If he refuses, I will take it by force.’” A Igyipiti Teŋɛ Leɛ Yi Waabo Yɛlɛ",john_AA1B9A68_output (9),,20.845696594159676,3.5689481241136556,3.9191778435812576
Why worry about clothes? Look how the wild flowers grow. They don't work hard to make their clothes.,"Ka bonso, ka yɛ kyerɛ bonsuuri yɛlɛ? Yɛ kaa nyɛ a baa pɛmpɛllɛ naŋ maŋ baara lɛ. A ba tonɔ toma bee a wuoro pɛmɛ,","Good morning, how are you? We are going to talk about the importance of unity. When we are united, we can overcome any obstacle.",john_AA1B9A68_output (9),,18.60438583513242,3.5689481241136556,3.9191778435812576
"You are a bunch of evil snakes, so how can you say anything good? Your words show what is in your hearts.","Yɛnee dompane boorɔ ŋa! Yɛ naŋ waa nenfaare, wola ka yɛ na toɔ̃ yeli yelsonne? Bonso, bonna naŋ be a sukyiri poɔ la ka a noɔre maŋ yele.","We are not children anymore! We are grown now, so why should we be afraid? Look, we are not afraid of anything, because we are strong.",john_AA1B9A68_output (9),,23.81236243183493,3.5689481241136556,3.9191778435812576
"People were eating, drinking, and getting married right up to the day the flood came and Noah went into the big boat.","Aŋa a bebie na poɔ a kɔmpiiri naŋ da ba wa sɛre, ka noba da dire kyɛ nyuuro, ka dɔbɔ derɛ pɔgeba, ka pɔgeba meŋ kulo serebɛ, a te ta daare na a Nowa naŋ kpɛ a gbori,","The man went to the computer and started working, but he didn't know how to use it, so he asked for help, and someone showed him how to use it, and he learned quickly.",john_AA1B9A68_output (9),,22.499531700274687,3.5689481241136556,3.9191778435812576
"Everyone answered, “We and our own families will take the blame for his death!”","Lɛ la ka a noba zaa pabo laŋ yeli, “Ka a Yeezu zẽẽ do te ne te biiri.”","They said to him, ""Yes, Jesus will come again.""",john_AA1B9A68_output (9),,12.219148940852588,3.5689481241136556,3.9191778435812576
"“In Ramah a voice was heard crying and weeping loudly. Rachel was mourning for her children, and she refused to be comforted, because they were dead.” The Return from Egypt","“Ba da woŋ la neɛ kaŋ kɔkɔre naŋ yire Urama poɔ, neɛ kaŋ naŋ ŋmeɛrɛ kpɛlle erɛ nemba-yɛlɛ, Urakɛɛl kono hiine la o biiri yɛlɛ, a ba sage ka ba mɔgle o, bonso, a o biiri ba la kyebe.” A Igyipiti Teŋɛ Leɛ Yi Waabo Yɛlɛ","“He said to them, ‘Look, I am going to Urama tomorrow, and I will bring back some kola nuts. I will also bring back some palm wine. Urakɛɛl will be there, and he will be happy to see you. If you want to go with me, you can come. If not, you can stay here.’”  A Igyipiti Teŋɛ Leɛ Yi Waabo Yɛlɛ",Dec 07 output,,19.90509810975703,3.5689481241136556,3.9191778435812576
Why worry about clothes? Look how the wild flowers grow. They don't work hard to make their clothes.,"Ka bonso, ka yɛ kyerɛ bonsuuri yɛlɛ? Yɛ kaa nyɛ a baa pɛmpɛllɛ naŋ maŋ baara lɛ. A ba tonɔ toma bee a wuoro pɛmɛ,","Good morning, how are you? We should not do things that are bad and cause harm to others. If someone does something bad,",Dec 07 output,,18.703240573516805,3.5689481241136556,3.9191778435812576
"You are a bunch of evil snakes, so how can you say anything good? Your words show what is in your hearts.","Yɛnee dompane boorɔ ŋa! Yɛ naŋ waa nenfaare, wola ka yɛ na toɔ̃ yeli yelsonne? Bonso, bonna naŋ be a sukyiri poɔ la ka a noɔre maŋ yele.","We are not children anymore! We are grown now, so what are we waiting for? Let's go and build our own houses. We will work hard and make our own homes.",Dec 07 output,,22.745071930043988,3.5689481241136556,3.9191778435812576
"People were eating, drinking, and getting married right up to the day the flood came and Noah went into the big boat.","Aŋa a bebie na poɔ a kɔmpiiri naŋ da ba wa sɛre, ka noba da dire kyɛ nyuuro, ka dɔbɔ derɛ pɔgeba, ka pɔgeba meŋ kulo serebɛ, a te ta daare na a Nowa naŋ kpɛ a gbori,","The man went to the computer to write a letter, but he didn't know how to type, so he asked his friend to help him, and his friend showed him how to type.",Dec 07 output,,21.697185978593083,3.5689481241136556,3.9191778435812576
"Everyone answered, “We and our own families will take the blame for his death!”","Lɛ la ka a noba zaa pabo laŋ yeli, “Ka a Yeezu zẽẽ do te ne te biiri.”","He said to them, ""Truly I say to you, whoever believes in me will also do the works that I do.""",Dec 07 output,,18.797383047286484,3.5689481241136556,3.9191778435812576
"“In Ramah a voice was heard crying and weeping loudly. Rachel was mourning for her children, and she refused to be comforted, because they were dead.” The Return from Egypt","“Ba da woŋ la neɛ kaŋ kɔkɔre naŋ yire Urama poɔ, neɛ kaŋ naŋ ŋmeɛrɛ kpɛlle erɛ nemba-yɛlɛ, Urakɛɛl kono hiine la o biiri yɛlɛ, a ba sage ka ba mɔgle o, bonso, a o biiri ba la kyebe.” A Igyipiti Teŋɛ Leɛ Yi Waabo Yɛlɛ","“He who does not know the way, let him follow the one who knows. He who does not know how to farm, let him learn from the one who knows how to farm. The one who does not know how to build a house, let him learn from the one who knows how to build a house. If he does not learn, he will remain ignorant.” This is what the Egyptians used to say.",Dec 10 output,,21.967299613929427,3.5689481241136556,3.9191778435812576
Why worry about clothes? Look how the wild flowers grow. They don't work hard to make their clothes.,"Ka bonso, ka yɛ kyerɛ bonsuuri yɛlɛ? Yɛ kaa nyɛ a baa pɛmpɛllɛ naŋ maŋ baara lɛ. A ba tonɔ toma bee a wuoro pɛmɛ,","Good morning, how are you? We should not be lazy and wait for things to be given to us. We must work hard and strive for success.",Dec 10 output,,22.060356555054934,3.5689481241136556,3.9191778435812576
"You are a bunch of evil snakes, so how can you say anything good? Your words show what is in your hearts.","Yɛnee dompane boorɔ ŋa! Yɛ naŋ waa nenfaare, wola ka yɛ na toɔ̃ yeli yelsonne? Bonso, bonna naŋ be a sukyiri poɔ la ka a noɔre maŋ yele.","We are not children anymore! We are now adults, so what will we say to our elders? Therefore, let us speak the truth, even if it is bitter.",Dec 10 output,,21.70833748463207,3.5689481241136556,3.9191778435812576
"People were eating, drinking, and getting married right up to the day the flood came and Noah went into the big boat.","Aŋa a bebie na poɔ a kɔmpiiri naŋ da ba wa sɛre, ka noba da dire kyɛ nyuuro, ka dɔbɔ derɛ pɔgeba, ka pɔgeba meŋ kulo serebɛ, a te ta daare na a Nowa naŋ kpɛ a gbori,","The man went to the computer and started typing, but he didn't know how to use the keyboard, so he started pressing the keys randomly, and the computer made a strange sound, and he was afraid and ran away.",Dec 10 output,,22.359418935327273,3.5689481241136556,3.9191778435812576
"Everyone answered, “We and our own families will take the blame for his death!”","Lɛ la ka a noba zaa pabo laŋ yeli, “Ka a Yeezu zẽẽ do te ne te biiri.”","They said to him, ""You are Jesus, the Son of God.""",Dec 10 output,,10.183984570584888,3.5689481241136556,3.9191778435812576
"“In Ramah a voice was heard crying and weeping loudly. Rachel was mourning for her children, and she refused to be comforted, because they were dead.” The Return from Egypt","“Ba da woŋ la neɛ kaŋ kɔkɔre naŋ yire Urama poɔ, neɛ kaŋ naŋ ŋmeɛrɛ kpɛlle erɛ nemba-yɛlɛ, Urakɛɛl kono hiine la o biiri yɛlɛ, a ba sage ka ba mɔgle o, bonso, a o biiri ba la kyebe.” A Igyipiti Teŋɛ Leɛ Yi Waabo Yɛlɛ","“He went to the farm and he saw a big snake, and he ran away, and he went to tell the people, and the people came and killed the snake. And so, he was praised.” A Igyipiti Teŋɛ Leɛ Yi Waabo Yɛlɛ",john_7781CD93_output (6),,18.908247713842282,3.5689481241136556,3.9191778435812576
Why worry about clothes? Look how the wild flowers grow. They don't work hard to make their clothes.,"Ka bonso, ka yɛ kyerɛ bonsuuri yɛlɛ? Yɛ kaa nyɛ a baa pɛmpɛllɛ naŋ maŋ baara lɛ. A ba tonɔ toma bee a wuoro pɛmɛ,","Good morning, how are you? We are going to talk about the importance of education. It is good to learn and to know things.",john_7781CD93_output (6),,19.661333490403283,3.5689481241136556,3.9191778435812576
"You are a bunch of evil snakes, so how can you say anything good? Your words show what is in your hearts.","Yɛnee dompane boorɔ ŋa! Yɛ naŋ waa nenfaare, wola ka yɛ na toɔ̃ yeli yelsonne? Bonso, bonna naŋ be a sukyiri poɔ la ka a noɔre maŋ yele.","We are not children anymore! We are adults now, so why are we still behaving like children? Look, we should be ashamed of ourselves.",john_7781CD93_output (6),,22.212845257116506,3.5689481241136556,3.9191778435812576
"People were eating, drinking, and getting married right up to the day the flood came and Noah went into the big boat.","Aŋa a bebie na poɔ a kɔmpiiri naŋ da ba wa sɛre, ka noba da dire kyɛ nyuuro, ka dɔbɔ derɛ pɔgeba, ka pɔgeba meŋ kulo serebɛ, a te ta daare na a Nowa naŋ kpɛ a gbori,","The woman went to the computer and started typing, then she stopped and looked at the screen, then she scrolled up and down, then she closed the laptop and went to sleep.",john_7781CD93_output (6),,21.8000758798643,3.5689481241136556,3.9191778435812576
"Everyone answered, “We and our own families will take the blame for his death!”","Lɛ la ka a noba zaa pabo laŋ yeli, “Ka a Yeezu zẽẽ do te ne te biiri.”","He said to them, ""Let us go to Jesus so that he may heal us.""",john_7781CD93_output (6),,10.766582696535524,3.5689481241136556,3.9191778435812576
"“In Ramah a voice was heard crying and weeping loudly. Rachel was mourning for her children, and she refused to be comforted, because they were dead.” The Return from Egypt","“Ba da woŋ la neɛ kaŋ kɔkɔre naŋ yire Urama poɔ, neɛ kaŋ naŋ ŋmeɛrɛ kpɛlle erɛ nemba-yɛlɛ, Urakɛɛl kono hiine la o biiri yɛlɛ, a ba sage ka ba mɔgle o, bonso, a o biiri ba la kyebe.” A Igyipiti Teŋɛ Leɛ Yi Waabo Yɛlɛ","“He went to the farm and saw a big snake, he ran away and went to tell the people, the people came and killed the snake, he then went back to the farm and continued working.” A Igyipiti Teŋɛ Leɛ Yi Waabo Yɛlɛ",gerhardt_25FFCBF7_output_DdErIM,,19.82639558176129,3.5689481241136556,3.9191778435812576
Why worry about clothes? Look how the wild flowers grow. They don't work hard to make their clothes.,"Ka bonso, ka yɛ kyerɛ bonsuuri yɛlɛ? Yɛ kaa nyɛ a baa pɛmpɛllɛ naŋ maŋ baara lɛ. A ba tonɔ toma bee a wuoro pɛmɛ,","Good morning, how are you? We are going to talk about the importance of unity. It is good to come together and help each other.",gerhardt_25FFCBF7_output_DdErIM,,21.034413283398486,3.5689481241136556,3.9191778435812576
"You are a bunch of evil snakes, so how can you say anything good? Your words show what is in your hearts.","Yɛnee dompane boorɔ ŋa! Yɛ naŋ waa nenfaare, wola ka yɛ na toɔ̃ yeli yelsonne? Bonso, bonna naŋ be a sukyiri poɔ la ka a noɔre maŋ yele.","We are not children anymore! We are adults now, so why should we be afraid? Look, we are all going to die someday, so let us live well.",gerhardt_25FFCBF7_output_DdErIM,,20.936447975736147,3.5689481241136556,3.9191778435812576
"People were eating, drinking, and getting married right up to the day the flood came and Noah went into the big boat.","Aŋa a bebie na poɔ a kɔmpiiri naŋ da ba wa sɛre, ka noba da dire kyɛ nyuuro, ka dɔbɔ derɛ pɔgeba, ka pɔgeba meŋ kulo serebɛ, a te ta daare na a Nowa naŋ kpɛ a gbori,","The woman went to the computer and started typing, but she didn't know how to use the keyboard, so she asked the man sitting next to her for help.",gerhardt_25FFCBF7_output_DdErIM,,23.05688763163088,3.5689481241136556,3.9191778435812576
"Everyone answered, “We and our own families will take the blame for his death!”","Lɛ la ka a noba zaa pabo laŋ yeli, “Ka a Yeezu zẽẽ do te ne te biiri.”","He said to them, ""Whoever wants to follow me must deny himself and take up his cross.""",gerhardt_25FFCBF7_output_DdErIM,,19.594851176287083,3.5689481241136556,3.9191778435812576
"“In Ramah a voice was heard crying and weeping loudly. Rachel was mourning for her children, and she refused to be comforted, because they were dead.” The Return from Egypt","“Ba da woŋ la neɛ kaŋ kɔkɔre naŋ yire Urama poɔ, neɛ kaŋ naŋ ŋmeɛrɛ kpɛlle erɛ nemba-yɛlɛ, Urakɛɛl kono hiine la o biiri yɛlɛ, a ba sage ka ba mɔgle o, bonso, a o biiri ba la kyebe.” A Igyipiti Teŋɛ Leɛ Yi Waabo Yɛlɛ","“He who does not know the way, let him ask the one who knows. He who does not know the way, let him ask the one who knows the path. The one who knows the path, he will show him the way. If he does not know, he will say he does not know. But if he knows, he will show him the way.” This is what the Egyptians used to say.",output_mich003,,17.11381451351362,3.5689481241136556,3.9191778435812576
Why worry about clothes? Look how the wild flowers grow. They don't work hard to make their clothes.,"Ka bonso, ka yɛ kyerɛ bonsuuri yɛlɛ? Yɛ kaa nyɛ a baa pɛmpɛllɛ naŋ maŋ baara lɛ. A ba tonɔ toma bee a wuoro pɛmɛ,","Good morning, how are you? We are going to talk about the importance of unity. When we are united, we can overcome any obstacle.",output_mich003,,18.60438583513242,3.5689481241136556,3.9191778435812576
"You are a bunch of evil snakes, so how can you say anything good? Your words show what is in your hearts.","Yɛnee dompane boorɔ ŋa! Yɛ naŋ waa nenfaare, wola ka yɛ na toɔ̃ yeli yelsonne? Bonso, bonna naŋ be a sukyiri poɔ la ka a noɔre maŋ yele.","We are not children anymore! We are adults now, what should we be doing? Therefore, let us all work hard so that we can develop our land.",output_mich003,,22.702140132653664,3.5689481241136556,3.9191778435812576
"People were eating, drinking, and getting married right up to the day the flood came and Noah went into the big boat.","Aŋa a bebie na poɔ a kɔmpiiri naŋ da ba wa sɛre, ka noba da dire kyɛ nyuuro, ka dɔbɔ derɛ pɔgeba, ka pɔgeba meŋ kulo serebɛ, a te ta daare na a Nowa naŋ kpɛ a gbori,","The woman went to the computer to type, but she didn't know how to use it, so she asked for help, and they showed her how to use the keyboard, and she started to learn how to type.",output_mich003,,20.669644366846065,3.5689481241136556,3.9191778435812576
"Everyone answered, “We and our own families will take the blame for his death!”","Lɛ la ka a noba zaa pabo laŋ yeli, “Ka a Yeezu zẽẽ do te ne te biiri.”","He said to them, ""Go and tell Jesus that I am ready.""",output_mich003,,12.595432166549731,3.5689481241136556,3.9191778435812576
"“In Ramah a voice was heard crying and weeping loudly. Rachel was mourning for her children, and she refused to be comforted, because they were dead.” The Return from Egypt","“Ba da woŋ la neɛ kaŋ kɔkɔre naŋ yire Urama poɔ, neɛ kaŋ naŋ ŋmeɛrɛ kpɛlle erɛ nemba-yɛlɛ, Urakɛɛl kono hiine la o biiri yɛlɛ, a ba sage ka ba mɔgle o, bonso, a o biiri ba la kyebe.” A Igyipiti Teŋɛ Leɛ Yi Waabo Yɛlɛ","“He went to the farm and saw that the corn was ripe, so he harvested it and brought it home. He gave some to his wife and children, and he ate some himself. He was happy.” A Igyipiti Teŋɛ Leɛ Yi Waabo Yɛlɛ",output_JA-6,,24.874603581717253,3.5689481241136556,3.9191778435812576
Why worry about clothes? Look how the wild flowers grow. They don't work hard to make their clothes.,"Ka bonso, ka yɛ kyerɛ bonsuuri yɛlɛ? Yɛ kaa nyɛ a baa pɛmpɛllɛ naŋ maŋ baara lɛ. A ba tonɔ toma bee a wuoro pɛmɛ,","Good morning, how are you? We are going to talk about the importance of education. It is very important for everyone to be educated.",output_JA-6,,17.483336574526604,3.5689481241136556,3.9191778435812576
"You are a bunch of evil snakes, so how can you say anything good? Your words show what is in your hearts.","Yɛnee dompane boorɔ ŋa! Yɛ naŋ waa nenfaare, wola ka yɛ na toɔ̃ yeli yelsonne? Bonso, bonna naŋ be a sukyiri poɔ la ka a noɔre maŋ yele.","We are not children anymore! We are now adults, so why should we be afraid? Therefore, let us all stand up and fight for our rights.",output_JA-6,,21.18074604513673,3.5689481241136556,3.9191778435812576
"People were eating, drinking, and getting married right up to the day the flood came and Noah went into the big boat.","Aŋa a bebie na poɔ a kɔmpiiri naŋ da ba wa sɛre, ka noba da dire kyɛ nyuuro, ka dɔbɔ derɛ pɔgeba, ka pɔgeba meŋ kulo serebɛ, a te ta daare na a Nowa naŋ kpɛ a gbori,","The man went to the computer and started typing, but the light went off, and he couldn't see anything, so he went to sleep, and he dreamt that he was in a big forest.",output_JA-6,,27.110212571487313,3.5689481241136556,3.9191778435812576
"Everyone answered, “We and our own families will take the blame for his death!”","Lɛ la ka a noba zaa pabo laŋ yeli, “Ka a Yeezu zẽẽ do te ne te biiri.”","He said to them, ""Whoever believes in Jesus is not condemned, but whoever does not believe is condemned already.""",output_JA-6,,17.262989807864574,3.5689481241136556,3.9191778435812576
"“In Ramah a voice was heard crying and weeping loudly. Rachel was mourning for her children, and she refused to be comforted, because they were dead.” The Return from Egypt","“Ba da woŋ la neɛ kaŋ kɔkɔre naŋ yire Urama poɔ, neɛ kaŋ naŋ ŋmeɛrɛ kpɛlle erɛ nemba-yɛlɛ, Urakɛɛl kono hiine la o biiri yɛlɛ, a ba sage ka ba mɔgle o, bonso, a o biiri ba la kyebe.” A Igyipiti Teŋɛ Leɛ Yi Waabo Yɛlɛ","“He went to the farm and saw a big snake, and it was coiled around a tree, and he was afraid, and he ran away quickly. He went and told his father, and his father said, “Go and kill it.”",Dec 03 output,,18.838815099270462,3.5689481241136556,3.9191778435812576
Why worry about clothes? Look how the wild flowers grow. They don't work hard to make their clothes.,"Ka bonso, ka yɛ kyerɛ bonsuuri yɛlɛ? Yɛ kaa nyɛ a baa pɛmpɛllɛ naŋ maŋ baara lɛ. A ba tonɔ toma bee a wuoro pɛmɛ,","Good morning, how are you? We are going to talk about the importance of unity. If we are united, we can overcome any obstacle.",Dec 03 output,,18.111258349849262,3.5689481241136556,3.9191778435812576
"You are a bunch of evil snakes, so how can you say anything good? Your words show what is in your hearts.","Yɛnee dompane boorɔ ŋa! Yɛ naŋ waa nenfaare, wola ka yɛ na toɔ̃ yeli yelsonne? Bonso, bonna naŋ be a sukyiri poɔ la ka a noɔre maŋ yele.","We are not children anymore! We are adults now, so why should we be afraid? Therefore, let us all come together and build our community.",Dec 03 output,,20.940950804222012,3.5689481241136556,3.9191778435812576
"People were eating, drinking, and getting married right up to the day the flood came and Noah went into the big boat.","Aŋa a bebie na poɔ a kɔmpiiri naŋ da ba wa sɛre, ka noba da dire kyɛ nyuuro, ka dɔbɔ derɛ pɔgeba, ka pɔgeba meŋ kulo serebɛ, a te ta daare na a Nowa naŋ kpɛ a gbori,","The man went to the computer and started working, but he didn't know how to use it, so he asked for help from someone who knew how to use it, and that person taught him how to use it.",Dec 03 output,,22.66799949025787,3.5689481241136556,3.9191778435812576
"Everyone answered, “We and our own families will take the blame for his death!”","Lɛ la ka a noba zaa pabo laŋ yeli, “Ka a Yeezu zẽẽ do te ne te biiri.”","He said to them, “Whoever wants to follow me must deny himself and take up his cross.”",Dec 03 output,,20.857640543734128,3.5689481241136556,3.9191778435812576
"“In Ramah a voice was heard crying and weeping loudly. Rachel was mourning for her children, and she refused to be comforted, because they were dead.” The Return from Egypt","“Ba da woŋ la neɛ kaŋ kɔkɔre naŋ yire Urama poɔ, neɛ kaŋ naŋ ŋmeɛrɛ kpɛlle erɛ nemba-yɛlɛ, Urakɛɛl kono hiine la o biiri yɛlɛ, a ba sage ka ba mɔgle o, bonso, a o biiri ba la kyebe.” A Igyipiti Teŋɛ Leɛ Yi Waabo Yɛlɛ","“He who does not know the way, let him ask. He who does not know the way, let him ask his brother. If he does not know, let him ask the elders. If he does not know, let him ask the chief. If he does not know, let him ask the one who knows. If he does not know, let him ask the one who is wise.” This is what the Egyptians used to say.",Dec 09 output,,18.595531087947982,3.5689481241136556,3.9191778435812576
Why worry about clothes? Look how the wild flowers grow. They don't work hard to make their clothes.,"Ka bonso, ka yɛ kyerɛ bonsuuri yɛlɛ? Yɛ kaa nyɛ a baa pɛmpɛllɛ naŋ maŋ baara lɛ. A ba tonɔ toma bee a wuoro pɛmɛ,","Good morning, how are you doing? We are going to talk about the importance of unity. It is good to come together and help each other.",Dec 09 output,,20.985205051453846,3.5689481241136556,3.9191778435812576
"You are a bunch of evil snakes, so how can you say anything good? Your words show what is in your hearts.","Yɛnee dompane boorɔ ŋa! Yɛ naŋ waa nenfaare, wola ka yɛ na toɔ̃ yeli yelsonne? Bonso, bonna naŋ be a sukyiri poɔ la ka a noɔre maŋ yele.","We are not children anymore! We are grown now, so why should we be afraid? Indeed, we should not be afraid because we are strong and capable.",Dec 09 output,,18.928041473688108,3.5689481241136556,3.9191778435812576
"People were eating, drinking, and getting married right up to the day the flood came and Noah went into the big boat.","Aŋa a bebie na poɔ a kɔmpiiri naŋ da ba wa sɛre, ka noba da dire kyɛ nyuuro, ka dɔbɔ derɛ pɔgeba, ka pɔgeba meŋ kulo serebɛ, a te ta daare na a Nowa naŋ kpɛ a gbori,","The woman went to the computer and started typing, but she didn't know how to use the keyboard, so she pressed the keys randomly, and the computer started making strange noises, she was scared and ran away.",Dec 09 output,,22.5453920854474,3.5689481241136556,3.9191778435812576
"Everyone answered, “We and our own families will take the blame for his death!”","Lɛ la ka a noba zaa pabo laŋ yeli, “Ka a Yeezu zẽẽ do te ne te biiri.”","They said to him, ""You are Jesus, the Son of God.""",Dec 09 output,,10.183984570584888,3.5689481241136556,3.9191778435812576
"You will be arrested, punished, and even killed. Because of me, you will be hated by people of all nations.","“Ba na de yɛ la tere ka ba dɔgre, kyɛ ko yɛ, ka a tenne zaa kyiiri yɛ, a N yuori zuiŋ.","I am going to the farm to work, if I return, I will tell you, but if I don't return, know that I am dead.",output_onesimus007,0.2792315,15.077123407223366,3.5689481241136556,3.9191778435812576
"The crowds were so amazed they asked, “Could Jesus be the Son of David?”","A noba zaa nɔɛ da maaɛ la ka ba soorɔ, “A Davil Bidɔɔ mɔɔ naane a ŋa be?”","He went to the farm and saw a woman and asked her, ""Who is David's wife?""",output_onesimus007,0.5271179,19.525038499221434,3.5689481241136556,3.9191778435812576
His answer surprised them so much that they walked away. Life in the Future World (Mark,"Ba naŋ da wa woŋ a ŋaa ba nɔɛ da maaɛ la, ka ba bare O kyɛ te gɛrɛ. Kuuni Poɔ Leɛ-iruu Yɛlɛ (Mak","They said that if we don't go and help them, they will tell O that we are not good people. So we went to help them, because we were afraid of O.",output_onesimus007,0.3133117,19.693922356477785,3.5689481241136556,3.9191778435812576
"Jesus asked them how much food they had. They replied, “Seven small loaves of bread and a few little fish.”","Ka a Yeezu soore ba, “Boroboro awola la ka yɛ taa?” Ka ba yeli ko O, “Boroboro ayopoĩ ane zombilii belaa mine.”","When Jesus saw him, he said, ""What good is it for a man to gain the whole world, yet forfeit his soul?"" Or what can a man give in exchange for his soul?",output_onesimus007,0.43794197,18.808037403527827,3.5689481241136556,3.9191778435812576
All this time Mary Magdalene and the other Mary were sitting across from the tomb.,"Mareya Magdalina ane a o yo-tɔ Mareya da be la a be, a zeŋ tori a yaa niŋe. A Yeezu Yaa Guguribo","Mary Magdalene went to the tomb where Jesus was laid, and she saw the stone had been rolled away.",output_onesimus007,0.61337054,34.719887748820284,3.5689481241136556,3.9191778435812576
"“In Ramah a voice was heard crying and weeping loudly. Rachel was mourning for her children, and she refused to be comforted, because they were dead.” The Return from Egypt","“Ba da woŋ la neɛ kaŋ kɔkɔre naŋ yire Urama poɔ, neɛ kaŋ naŋ ŋmeɛrɛ kpɛlle erɛ nemba-yɛlɛ, Urakɛɛl kono hiine la o biiri yɛlɛ, a ba sage ka ba mɔgle o, bonso, a o biiri ba la kyebe.” A Igyipiti Teŋɛ Leɛ Yi Waabo Yɛlɛ","“He went to the farm to cut down a tree, and he cut down a very big tree, and he cut it into pieces, and he carried it home. He said, 'I will use it to build a house.' He said, 'I will build a house for myself.'”",john_1C6E69D4_output (8),,20.06545502056442,3.5689481241136556,3.9191778435812576
Why worry about clothes? Look how the wild flowers grow. They don't work hard to make their clothes.,"Ka bonso, ka yɛ kyerɛ bonsuuri yɛlɛ? Yɛ kaa nyɛ a baa pɛmpɛllɛ naŋ maŋ baara lɛ. A ba tonɔ toma bee a wuoro pɛmɛ,","Good morning, how are you? We should not be doing things that are bad and bring shame to our family. If you do something bad, it will be known.",john_1C6E69D4_output (8),,17.583440744387186,3.5689481241136556,3.9191778435812576
"You are a bunch of evil snakes, so how can you say anything good? Your words show what is in your hearts.","Yɛnee dompane boorɔ ŋa! Yɛ naŋ waa nenfaare, wola ka yɛ na toɔ̃ yeli yelsonne? Bonso, bonna naŋ be a sukyiri poɔ la ka a noɔre maŋ yele.","We are not children anymore! We are adults now, so why should we be afraid? Let us be bold and speak the truth.",john_1C6E69D4_output (8),,19.318902959356397,3.5689481241136556,3.9191778435812576
"People were eating, drinking, and getting married right up to the day the flood came and Noah went into the big boat.","Aŋa a bebie na poɔ a kɔmpiiri naŋ da ba wa sɛre, ka noba da dire kyɛ nyuuro, ka dɔbɔ derɛ pɔgeba, ka pɔgeba meŋ kulo serebɛ, a te ta daare na a Nowa naŋ kpɛ a gbori,","The woman went to the computer to type, but she didn't know how to use it, so she asked the boy to teach her, and the boy showed her how to use the keyboard, and she started learning.",john_1C6E69D4_output (8),,21.983718445161795,3.5689481241136556,3.9191778435812576
"Everyone answered, “We and our own families will take the blame for his death!”","Lɛ la ka a noba zaa pabo laŋ yeli, “Ka a Yeezu zẽẽ do te ne te biiri.”","They said to him, ""Yes, Jesus will come again.""",john_1C6E69D4_output (8),,12.219148940852588,3.5689481241136556,3.9191778435812576
"“In Ramah a voice was heard crying and weeping loudly. Rachel was mourning for her children, and she refused to be comforted, because they were dead.” The Return from Egypt","“Ba da woŋ la neɛ kaŋ kɔkɔre naŋ yire Urama poɔ, neɛ kaŋ naŋ ŋmeɛrɛ kpɛlle erɛ nemba-yɛlɛ, Urakɛɛl kono hiine la o biiri yɛlɛ, a ba sage ka ba mɔgle o, bonso, a o biiri ba la kyebe.” A Igyipiti Teŋɛ Leɛ Yi Waabo Yɛlɛ","“He went to the farm and saw a big snake, and he ran away quickly, because he was afraid. The snake was very big, and it was coiled up. He ran away and went home, and he told his father, and his father said, “You did well.” This is a story from Egypt.”",output_johnayernor,,27.81036480594708,3.5689481241136556,3.9191778435812576
Why worry about clothes? Look how the wild flowers grow. They don't work hard to make their clothes.,"Ka bonso, ka yɛ kyerɛ bonsuuri yɛlɛ? Yɛ kaa nyɛ a baa pɛmpɛllɛ naŋ maŋ baara lɛ. A ba tonɔ toma bee a wuoro pɛmɛ,","Good morning, how are you? We are going to tell you about the good things that happened yesterday. It was a very good day, and we were happy.",output_johnayernor,,19.160891002803805,3.5689481241136556,3.9191778435812576
"You are a bunch of evil snakes, so how can you say anything good? Your words show what is in your hearts.","Yɛnee dompane boorɔ ŋa! Yɛ naŋ waa nenfaare, wola ka yɛ na toɔ̃ yeli yelsonne? Bonso, bonna naŋ be a sukyiri poɔ la ka a noɔre maŋ yele.","We are not children anymore! We are grown now, so why are we still behaving like children? Listen, we should be ashamed of ourselves.",output_johnayernor,,21.026674831739523,3.5689481241136556,3.9191778435812576
"People were eating, drinking, and getting married right up to the day the flood came and Noah went into the big boat.","Aŋa a bebie na poɔ a kɔmpiiri naŋ da ba wa sɛre, ka noba da dire kyɛ nyuuro, ka dɔbɔ derɛ pɔgeba, ka pɔgeba meŋ kulo serebɛ, a te ta daare na a Nowa naŋ kpɛ a gbori,","The man went to the computer and started working, but he didn't know how to use it, so he asked for help from someone who knew how to use it, and that person taught him how to use it, and he learned quickly.",output_johnayernor,,22.597541574970677,3.5689481241136556,3.9191778435812576
"Everyone answered, “We and our own families will take the blame for his death!”","Lɛ la ka a noba zaa pabo laŋ yeli, “Ka a Yeezu zẽẽ do te ne te biiri.”","He said to them, ""Go and tell Jesus that I am here.""",output_johnayernor,,12.646231816377629,3.5689481241136556,3.9191778435812576
"“In Ramah a voice was heard crying and weeping loudly. Rachel was mourning for her children, and she refused to be comforted, because they were dead.” The Return from Egypt","“Ba da woŋ la neɛ kaŋ kɔkɔre naŋ yire Urama poɔ, neɛ kaŋ naŋ ŋmeɛrɛ kpɛlle erɛ nemba-yɛlɛ, Urakɛɛl kono hiine la o biiri yɛlɛ, a ba sage ka ba mɔgle o, bonso, a o biiri ba la kyebe.” A Igyipiti Teŋɛ Leɛ Yi Waabo Yɛlɛ","“He said to them, ‘Go and see the great wonders of Urama, the wonders that are in the forest, the wonders that are in the river, and the wonders that are in the mountains.’ And they went and saw them, and they were amazed.” The Egyptians were astonished.",Dec 11 output,,24.09845925072524,3.5689481241136556,3.9191778435812576
Why worry about clothes? Look how the wild flowers grow. They don't work hard to make their clothes.,"Ka bonso, ka yɛ kyerɛ bonsuuri yɛlɛ? Yɛ kaa nyɛ a baa pɛmpɛllɛ naŋ maŋ baara lɛ. A ba tonɔ toma bee a wuoro pɛmɛ,","Good morning, how are you? We are going to tell you a story about a young man who was very lazy. He didn't want to work, he just wanted to eat.",Dec 11 output,,22.100784939616794,3.5689481241136556,3.9191778435812576
"You are a bunch of evil snakes, so how can you say anything good? Your words show what is in your hearts.","Yɛnee dompane boorɔ ŋa! Yɛ naŋ waa nenfaare, wola ka yɛ na toɔ̃ yeli yelsonne? Bonso, bonna naŋ be a sukyiri poɔ la ka a noɔre maŋ yele.","We are not children anymore! We are adults now, so why are we behaving like children? Look, we should be thinking about our future and what we will leave behind.",Dec 11 output,,22.753348863319548,3.5689481241136556,3.9191778435812576
"People were eating, drinking, and getting married right up to the day the flood came and Noah went into the big boat.","Aŋa a bebie na poɔ a kɔmpiiri naŋ da ba wa sɛre, ka noba da dire kyɛ nyuuro, ka dɔbɔ derɛ pɔgeba, ka pɔgeba meŋ kulo serebɛ, a te ta daare na a Nowa naŋ kpɛ a gbori,","The woman went to the computer and started working, but she was tired, so she took a break and rested, then she continued working until she finished what she was doing.",Dec 11 output,,25.0647122974587,3.5689481241136556,3.9191778435812576
"Everyone answered, “We and our own families will take the blame for his death!”","Lɛ la ka a noba zaa pabo laŋ yeli, “Ka a Yeezu zẽẽ do te ne te biiri.”","He said to them, ""Whoever wants to follow Jesus must deny himself and take up his cross.""",Dec 11 output,,19.16820697676172,3.5689481241136556,3.9191778435812576
"“In Ramah a voice was heard crying and weeping loudly. Rachel was mourning for her children, and she refused to be comforted, because they were dead.” The Return from Egypt","“Ba da woŋ la neɛ kaŋ kɔkɔre naŋ yire Urama poɔ, neɛ kaŋ naŋ ŋmeɛrɛ kpɛlle erɛ nemba-yɛlɛ, Urakɛɛl kono hiine la o biiri yɛlɛ, a ba sage ka ba mɔgle o, bonso, a o biiri ba la kyebe.” A Igyipiti Teŋɛ Leɛ Yi Waabo Yɛlɛ","“He went to the farm and saw a big snake, and it was going to bite him, but he quickly dodged it, and the snake missed him. He then went to the river to fetch water.”",gerhardt_0445F08A_output_T9n53N,,19.385885324274007,3.5689481241136556,3.9191778435812576
Why worry about clothes? Look how the wild flowers grow. They don't work hard to make their clothes.,"Ka bonso, ka yɛ kyerɛ bonsuuri yɛlɛ? Yɛ kaa nyɛ a baa pɛmpɛllɛ naŋ maŋ baara lɛ. A ba tonɔ toma bee a wuoro pɛmɛ,","Good morning, how are you? We are going to talk about the importance of unity. It is good to be together and help each other.",gerhardt_0445F08A_output_T9n53N,,20.937590003168356,3.5689481241136556,3.9191778435812576
"You are a bunch of evil snakes, so how can you say anything good? Your words show what is in your hearts.","Yɛnee dompane boorɔ ŋa! Yɛ naŋ waa nenfaare, wola ka yɛ na toɔ̃ yeli yelsonne? Bonso, bonna naŋ be a sukyiri poɔ la ka a noɔre maŋ yele.","We are not children anymore! We are grown up now, what are we still doing like this? Look, we should be thinking about our future now, so that we can build a good life.",gerhardt_0445F08A_output_T9n53N,,23.68247657643921,3.5689481241136556,3.9191778435812576
"People were eating, drinking, and getting married right up to the day the flood came and Noah went into the big boat.","Aŋa a bebie na poɔ a kɔmpiiri naŋ da ba wa sɛre, ka noba da dire kyɛ nyuuro, ka dɔbɔ derɛ pɔgeba, ka pɔgeba meŋ kulo serebɛ, a te ta daare na a Nowa naŋ kpɛ a gbori,","The woman went to the computer and started typing, but she didn't know how to use it, so she asked the man sitting next to her for help.",gerhardt_0445F08A_output_T9n53N,,21.945388932142848,3.5689481241136556,3.9191778435812576
"Everyone answered, “We and our own families will take the blame for his death!”","Lɛ la ka a noba zaa pabo laŋ yeli, “Ka a Yeezu zẽẽ do te ne te biiri.”","They said to him, ""You are Jesus, the Son of God.""",gerhardt_0445F08A_output_T9n53N,,10.183984570584888,3.5689481241136556,3.9191778435812576
"“In Ramah a voice was heard crying and weeping loudly. Rachel was mourning for her children, and she refused to be comforted, because they were dead.” The Return from Egypt","“Ba da woŋ la neɛ kaŋ kɔkɔre naŋ yire Urama poɔ, neɛ kaŋ naŋ ŋmeɛrɛ kpɛlle erɛ nemba-yɛlɛ, Urakɛɛl kono hiine la o biiri yɛlɛ, a ba sage ka ba mɔgle o, bonso, a o biiri ba la kyebe.” A Igyipiti Teŋɛ Leɛ Yi Waabo Yɛlɛ",“He went to the farm and saw that the corn was ripe. He harvested the corn and brought it home. He then went to the market and sold it. He used the money to buy clothes. He is now dressed well.” A Igyipiti Teŋɛ Leɛ Yi Waabo Yɛlɛ,gerhardt_60BC0D18_output (8),,21.875983757196575,3.5689481241136556,3.9191778435812576
Why worry about clothes? Look how the wild flowers grow. They don't work hard to make their clothes.,"Ka bonso, ka yɛ kyerɛ bonsuuri yɛlɛ? Yɛ kaa nyɛ a baa pɛmpɛllɛ naŋ maŋ baara lɛ. A ba tonɔ toma bee a wuoro pɛmɛ,","Good morning, how are you? We are going to talk about the importance of unity. Because when we are united, we can overcome any obstacle.",gerhardt_60BC0D18_output (8),,18.684760796980502,3.5689481241136556,3.9191778435812576
"You are a bunch of evil snakes, so how can you say anything good? Your words show what is in your hearts.","Yɛnee dompane boorɔ ŋa! Yɛ naŋ waa nenfaare, wola ka yɛ na toɔ̃ yeli yelsonne? Bonso, bonna naŋ be a sukyiri poɔ la ka a noɔre maŋ yele.","We are not children anymore! We are grown now, so why should we be afraid? Indeed, we are not afraid because we have seen a lot.",gerhardt_60BC0D18_output (8),,18.110212163924864,3.5689481241136556,3.9191778435812576
"People were eating, drinking, and getting married right up to the day the flood came and Noah went into the big boat.","Aŋa a bebie na poɔ a kɔmpiiri naŋ da ba wa sɛre, ka noba da dire kyɛ nyuuro, ka dɔbɔ derɛ pɔgeba, ka pɔgeba meŋ kulo serebɛ, a te ta daare na a Nowa naŋ kpɛ a gbori,","The woman went to the computer and started working, but she didn't know how to use it, so she asked for help, and someone came to teach her, and she learned how to use it well, and now she is working on it.",gerhardt_60BC0D18_output (8),,23.103683033308602,3.5689481241136556,3.9191778435812576
"Everyone answered, “We and our own families will take the blame for his death!”","Lɛ la ka a noba zaa pabo laŋ yeli, “Ka a Yeezu zẽẽ do te ne te biiri.”","He said to them, ""Let us go to Jesus, for he is the one who will heal us.""",gerhardt_60BC0D18_output (8),,16.236803254972145,3.5689481241136556,3.9191778435812576
"“In Ramah a voice was heard crying and weeping loudly. Rachel was mourning for her children, and she refused to be comforted, because they were dead.” The Return from Egypt","“Ba da woŋ la neɛ kaŋ kɔkɔre naŋ yire Urama poɔ, neɛ kaŋ naŋ ŋmeɛrɛ kpɛlle erɛ nemba-yɛlɛ, Urakɛɛl kono hiine la o biiri yɛlɛ, a ba sage ka ba mɔgle o, bonso, a o biiri ba la kyebe.” A Igyipiti Teŋɛ Leɛ Yi Waabo Yɛlɛ","“He who does not know the way, let him follow the one who knows. He who does not know how to farm, let him learn from the one who knows how to farm. The one who does not know how to build a house, let him learn from the one who knows how to build a house. If he does not learn, he will remain ignorant.” This is what the Egyptians used to say.",onesimus_BAB3F503_Dec 10 output,,21.967299613929427,3.5689481241136556,3.9191778435812576
Why worry about clothes? Look how the wild flowers grow. They don't work hard to make their clothes.,"Ka bonso, ka yɛ kyerɛ bonsuuri yɛlɛ? Yɛ kaa nyɛ a baa pɛmpɛllɛ naŋ maŋ baara lɛ. A ba tonɔ toma bee a wuoro pɛmɛ,","Good morning, how are you? We should not be lazy and wait for things to be given to us. We must work hard and strive for success.",onesimus_BAB3F503_Dec 10 output,,22.060356555054934,3.5689481241136556,3.9191778435812576
"You are a bunch of evil snakes, so how can you say anything good? Your words show what is in your hearts.","Yɛnee dompane boorɔ ŋa! Yɛ naŋ waa nenfaare, wola ka yɛ na toɔ̃ yeli yelsonne? Bonso, bonna naŋ be a sukyiri poɔ la ka a noɔre maŋ yele.","We are not children anymore! We are now adults, so what will we say to our elders? Therefore, let us speak the truth, even if it is bitter.",onesimus_BAB3F503_Dec 10 output,,21.70833748463207,3.5689481241136556,3.9191778435812576
"People were eating, drinking, and getting married right up to the day the flood came and Noah went into the big boat.","Aŋa a bebie na poɔ a kɔmpiiri naŋ da ba wa sɛre, ka noba da dire kyɛ nyuuro, ka dɔbɔ derɛ pɔgeba, ka pɔgeba meŋ kulo serebɛ, a te ta daare na a Nowa naŋ kpɛ a gbori,","The man went to the computer and started typing, but he didn't know how to use the keyboard, so he started pressing the keys randomly, and the computer made a strange sound, and he was afraid and ran away.",onesimus_BAB3F503_Dec 10 output,,22.359418935327273,3.5689481241136556,3.9191778435812576
"Everyone answered, “We and our own families will take the blame for his death!”","Lɛ la ka a noba zaa pabo laŋ yeli, “Ka a Yeezu zẽẽ do te ne te biiri.”","They said to him, ""You are Jesus, the Son of God.""",onesimus_BAB3F503_Dec 10 output,,10.183984570584888,3.5689481241136556,3.9191778435812576
"“In Ramah a voice was heard crying and weeping loudly. Rachel was mourning for her children, and she refused to be comforted, because they were dead.” The Return from Egypt","“Ba da woŋ la neɛ kaŋ kɔkɔre naŋ yire Urama poɔ, neɛ kaŋ naŋ ŋmeɛrɛ kpɛlle erɛ nemba-yɛlɛ, Urakɛɛl kono hiine la o biiri yɛlɛ, a ba sage ka ba mɔgle o, bonso, a o biiri ba la kyebe.” A Igyipiti Teŋɛ Leɛ Yi Waabo Yɛlɛ","“He said to them, ‘Look, I am going to Urama tomorrow, and I will bring back some good news. I will bring back news that will make your hearts rejoice.’ So they said to him, ‘We will wait for you.’”",onesimus_AE3F5661_Dec 08 output,,19.222825075782403,3.5689481241136556,3.9191778435812576
Why worry about clothes? Look how the wild flowers grow. They don't work hard to make their clothes.,"Ka bonso, ka yɛ kyerɛ bonsuuri yɛlɛ? Yɛ kaa nyɛ a baa pɛmpɛllɛ naŋ maŋ baara lɛ. A ba tonɔ toma bee a wuoro pɛmɛ,","Good morning, how are you doing? We should not be lazy and wait for things to be given to us. We must work hard to get what we want.",onesimus_AE3F5661_Dec 08 output,,24.182575091145747,3.5689481241136556,3.9191778435812576
"You are a bunch of evil snakes, so how can you say anything good? Your words show what is in your hearts.","Yɛnee dompane boorɔ ŋa! Yɛ naŋ waa nenfaare, wola ka yɛ na toɔ̃ yeli yelsonne? Bonso, bonna naŋ be a sukyiri poɔ la ka a noɔre maŋ yele.","We are not children anymore! We are grown up now, what are we going to do to help ourselves? Therefore, let us all come together and find a solution to our problem.",onesimus_AE3F5661_Dec 08 output,,21.253956972843756,3.5689481241136556,3.9191778435812576
"People were eating, drinking, and getting married right up to the day the flood came and Noah went into the big boat.","Aŋa a bebie na poɔ a kɔmpiiri naŋ da ba wa sɛre, ka noba da dire kyɛ nyuuro, ka dɔbɔ derɛ pɔgeba, ka pɔgeba meŋ kulo serebɛ, a te ta daare na a Nowa naŋ kpɛ a gbori,","The woman went to the computer to type, but she didn't know how to use it, so she asked the man to teach her, and the man said he would teach her tomorrow.",onesimus_AE3F5661_Dec 08 output,,20.497037978672413,3.5689481241136556,3.9191778435812576
"Everyone answered, “We and our own families will take the blame for his death!”","Lɛ la ka a noba zaa pabo laŋ yeli, “Ka a Yeezu zẽẽ do te ne te biiri.”","They said to him, ""You are Jesus, the Son of God.""",onesimus_AE3F5661_Dec 08 output,,10.183984570584888,3.5689481241136556,3.9191778435812576
"“In Ramah a voice was heard crying and weeping loudly. Rachel was mourning for her children, and she refused to be comforted, because they were dead.” The Return from Egypt","“Ba da woŋ la neɛ kaŋ kɔkɔre naŋ yire Urama poɔ, neɛ kaŋ naŋ ŋmeɛrɛ kpɛlle erɛ nemba-yɛlɛ, Urakɛɛl kono hiine la o biiri yɛlɛ, a ba sage ka ba mɔgle o, bonso, a o biiri ba la kyebe.” A Igyipiti Teŋɛ Leɛ Yi Waabo Yɛlɛ","“He went to the farm and saw a big snake, and he said, “I will kill this snake.” He took his cutlass and went to kill it, but the snake was very strong, and it bit him. He died, and they buried him. That is why the Egyptians say, “Beware of snakes.”",onesimus_A84A9EF3_Dec 04 output,,20.85680267814541,3.5689481241136556,3.9191778435812576
Why worry about clothes? Look how the wild flowers grow. They don't work hard to make their clothes.,"Ka bonso, ka yɛ kyerɛ bonsuuri yɛlɛ? Yɛ kaa nyɛ a baa pɛmpɛllɛ naŋ maŋ baara lɛ. A ba tonɔ toma bee a wuoro pɛmɛ,","Good morning, how are you? We are going to talk about the importance of unity. Unity is strength, and without it, we are weak.",onesimus_A84A9EF3_Dec 04 output,,18.68819870776068,3.5689481241136556,3.9191778435812576
"You are a bunch of evil snakes, so how can you say anything good? Your words show what is in your hearts.","Yɛnee dompane boorɔ ŋa! Yɛ naŋ waa nenfaare, wola ka yɛ na toɔ̃ yeli yelsonne? Bonso, bonna naŋ be a sukyiri poɔ la ka a noɔre maŋ yele.","We are not children anymore! We are grown now, so what are we waiting for? Let's go and do what we have to do.",onesimus_A84A9EF3_Dec 04 output,,18.618065515982334,3.5689481241136556,3.9191778435812576
"People were eating, drinking, and getting married right up to the day the flood came and Noah went into the big boat.","Aŋa a bebie na poɔ a kɔmpiiri naŋ da ba wa sɛre, ka noba da dire kyɛ nyuuro, ka dɔbɔ derɛ pɔgeba, ka pɔgeba meŋ kulo serebɛ, a te ta daare na a Nowa naŋ kpɛ a gbori,","The woman went to the computer to type, but she didn't know how to use it, so she asked the young man to teach her, and he taught her how to use the keyboard, and she was able to type.",onesimus_A84A9EF3_Dec 04 output,,22.35125293980267,3.5689481241136556,3.9191778435812576
"Everyone answered, “We and our own families will take the blame for his death!”","Lɛ la ka a noba zaa pabo laŋ yeli, “Ka a Yeezu zẽẽ do te ne te biiri.”","They said to him, ""You are Jesus, the Son of God.""",onesimus_A84A9EF3_Dec 04 output,,10.183984570584888,3.5689481241136556,3.9191778435812576
"“In Ramah a voice was heard crying and weeping loudly. Rachel was mourning for her children, and she refused to be comforted, because they were dead.” The Return from Egypt","“Ba da woŋ la neɛ kaŋ kɔkɔre naŋ yire Urama poɔ, neɛ kaŋ naŋ ŋmeɛrɛ kpɛlle erɛ nemba-yɛlɛ, Urakɛɛl kono hiine la o biiri yɛlɛ, a ba sage ka ba mɔgle o, bonso, a o biiri ba la kyebe.” A Igyipiti Teŋɛ Leɛ Yi Waabo Yɛlɛ","“He said to them, ‘Go and tell Urama that we are going to fight him tomorrow. We are going to fight him with our spears and our arrows. Urakɛɛl will lead us, and we will fight bravely. If we win, we will take his things. But if we lose, we will run away.’” This is what the Egyptians said to the people.",gerhardt_34E1778F_output (7),,21.984589356425914,3.5689481241136556,3.9191778435812576
Why worry about clothes? Look how the wild flowers grow. They don't work hard to make their clothes.,"Ka bonso, ka yɛ kyerɛ bonsuuri yɛlɛ? Yɛ kaa nyɛ a baa pɛmpɛllɛ naŋ maŋ baara lɛ. A ba tonɔ toma bee a wuoro pɛmɛ,","Good morning, how are you? We are going to tell you a story about a young man who went to the farm. He went to the farm to work, but he saw a snake.",gerhardt_34E1778F_output (7),,24.65796310222271,3.5689481241136556,3.9191778435812576
"You are a bunch of evil snakes, so how can you say anything good? Your words show what is in your hearts.","Yɛnee dompane boorɔ ŋa! Yɛ naŋ waa nenfaare, wola ka yɛ na toɔ̃ yeli yelsonne? Bonso, bonna naŋ be a sukyiri poɔ la ka a noɔre maŋ yele.","We are not children anymore! We are adults now, so why should we be afraid? Come on, let's go and see what is happening.",gerhardt_34E1778F_output (7),,22.889839011112475,3.5689481241136556,3.9191778435812576
"People were eating, drinking, and getting married right up to the day the flood came and Noah went into the big boat.","Aŋa a bebie na poɔ a kɔmpiiri naŋ da ba wa sɛre, ka noba da dire kyɛ nyuuro, ka dɔbɔ derɛ pɔgeba, ka pɔgeba meŋ kulo serebɛ, a te ta daare na a Nowa naŋ kpɛ a gbori,","The woman went to the computer and started typing, but she didn't know how to use the keyboard, so she asked the man sitting beside her to teach her.",gerhardt_34E1778F_output (7),,23.587375013889467,3.5689481241136556,3.9191778435812576
"Everyone answered, “We and our own families will take the blame for his death!”","Lɛ la ka a noba zaa pabo laŋ yeli, “Ka a Yeezu zẽẽ do te ne te biiri.”","They said to him, “Yes, Jesus will come again.”",gerhardt_34E1778F_output (7),,13.048849085443043,3.5689481241136556,3.9191778435812576
"“In Ramah a voice was heard crying and weeping loudly. Rachel was mourning for her children, and she refused to be comforted, because they were dead.” The Return from Egypt","“Ba da woŋ la neɛ kaŋ kɔkɔre naŋ yire Urama poɔ, neɛ kaŋ naŋ ŋmeɛrɛ kpɛlle erɛ nemba-yɛlɛ, Urakɛɛl kono hiine la o biiri yɛlɛ, a ba sage ka ba mɔgle o, bonso, a o biiri ba la kyebe.” A Igyipiti Teŋɛ Leɛ Yi Waabo Yɛlɛ","“He said to them, ‘Look, I am going to Urama tomorrow, and I will bring back some meat for you. I will also bring back some millet flour. Urakɛɛl will come with me, and we will go early in the morning. If I return before you wake up, don’t worry, I will leave it for you.’ Then the Egyptians said, ‘We will wait for you.’”",output_JA-5,,24.19924775046655,3.5689481241136556,3.9191778435812576
Why worry about clothes? Look how the wild flowers grow. They don't work hard to make their clothes.,"Ka bonso, ka yɛ kyerɛ bonsuuri yɛlɛ? Yɛ kaa nyɛ a baa pɛmpɛllɛ naŋ maŋ baara lɛ. A ba tonɔ toma bee a wuoro pɛmɛ,","Good morning, how are you? We are going to talk about the importance of unity. It is good to be united because it brings strength.",output_JA-5,,17.796284703251377,3.5689481241136556,3.9191778435812576
"You are a bunch of evil snakes, so how can you say anything good? Your words show what is in your hearts.","Yɛnee dompane boorɔ ŋa! Yɛ naŋ waa nenfaare, wola ka yɛ na toɔ̃ yeli yelsonne? Bonso, bonna naŋ be a sukyiri poɔ la ka a noɔre maŋ yele.","We are not children anymore! We are adults now, so why should we be afraid? Come on, let's go and see what's happening.",output_JA-5,,20.907434652762692,3.5689481241136556,3.9191778435812576
"People were eating, drinking, and getting married right up to the day the flood came and Noah went into the big boat.","Aŋa a bebie na poɔ a kɔmpiiri naŋ da ba wa sɛre, ka noba da dire kyɛ nyuuro, ka dɔbɔ derɛ pɔgeba, ka pɔgeba meŋ kulo serebɛ, a te ta daare na a Nowa naŋ kpɛ a gbori,","The man went to the computer and started typing, but he didn't know how to use the keyboard, so he asked the person beside him for help.",output_JA-5,,21.3787170096391,3.5689481241136556,3.9191778435812576
"Everyone answered, “We and our own families will take the blame for his death!”","Lɛ la ka a noba zaa pabo laŋ yeli, “Ka a Yeezu zẽẽ do te ne te biiri.”","They said to him, ""You are Jesus, the Son of God.""",output_JA-5,,10.183984570584888,3.5689481241136556,3.9191778435812576
"“In Ramah a voice was heard crying and weeping loudly. Rachel was mourning for her children, and she refused to be comforted, because they were dead.” The Return from Egypt","“Ba da woŋ la neɛ kaŋ kɔkɔre naŋ yire Urama poɔ, neɛ kaŋ naŋ ŋmeɛrɛ kpɛlle erɛ nemba-yɛlɛ, Urakɛɛl kono hiine la o biiri yɛlɛ, a ba sage ka ba mɔgle o, bonso, a o biiri ba la kyebe.” A Igyipiti Teŋɛ Leɛ Yi Waabo Yɛlɛ","“He said to them, ‘Go and tell the people of Urama that I am coming, and that I will bring them peace. I will also bring them prosperity and abundance. Urakɛɛl, the one who is called the Great One, will come with me. He will heal the sick and the afflicted. And he will bring them life.’ This is what the Egyptian said to the people.”",john_86344B85_output (7),,20.07358854448425,3.5689481241136556,3.9191778435812576
Why worry about clothes? Look how the wild flowers grow. They don't work hard to make their clothes.,"Ka bonso, ka yɛ kyerɛ bonsuuri yɛlɛ? Yɛ kaa nyɛ a baa pɛmpɛllɛ naŋ maŋ baara lɛ. A ba tonɔ toma bee a wuoro pɛmɛ,","Good morning, how are you? We are going to talk about the importance of unity. Unity is strength, and without it, we are weak.",john_86344B85_output (7),,18.68819870776068,3.5689481241136556,3.9191778435812576
"You are a bunch of evil snakes, so how can you say anything good? Your words show what is in your hearts.","Yɛnee dompane boorɔ ŋa! Yɛ naŋ waa nenfaare, wola ka yɛ na toɔ̃ yeli yelsonne? Bonso, bonna naŋ be a sukyiri poɔ la ka a noɔre maŋ yele.","We are not children anymore! We are grown now, so why should we be afraid? Look, we are going to stand firm and face whatever comes our way.",john_86344B85_output (7),,22.026709801810128,3.5689481241136556,3.9191778435812576
"People were eating, drinking, and getting married right up to the day the flood came and Noah went into the big boat.","Aŋa a bebie na poɔ a kɔmpiiri naŋ da ba wa sɛre, ka noba da dire kyɛ nyuuro, ka dɔbɔ derɛ pɔgeba, ka pɔgeba meŋ kulo serebɛ, a te ta daare na a Nowa naŋ kpɛ a gbori,","The man went to the computer and started working, but he didn't know how to use it, so he asked for help, and someone taught him how to use it, and he learned quickly, and he became very good at it.",john_86344B85_output (7),,25.22627458424337,3.5689481241136556,3.9191778435812576
"Everyone answered, “We and our own families will take the blame for his death!”","Lɛ la ka a noba zaa pabo laŋ yeli, “Ka a Yeezu zẽẽ do te ne te biiri.”","They said to him, ""Yes, Jesus will come again.""",john_86344B85_output (7),,12.219148940852588,3.5689481241136556,3.9191778435812576
"“In Ramah a voice was heard crying and weeping loudly. Rachel was mourning for her children, and she refused to be comforted, because they were dead.” The Return from Egypt","“Ba da woŋ la neɛ kaŋ kɔkɔre naŋ yire Urama poɔ, neɛ kaŋ naŋ ŋmeɛrɛ kpɛlle erɛ nemba-yɛlɛ, Urakɛɛl kono hiine la o biiri yɛlɛ, a ba sage ka ba mɔgle o, bonso, a o biiri ba la kyebe.” A Igyipiti Teŋɛ Leɛ Yi Waabo Yɛlɛ","“He said to them, ‘Look, I am going to Urama tomorrow, and I will bring back some meat and fish for you.’ He said, ‘I will go and hunt for them in the forest, and when I return, I will give them to you.’ So he went and hunted, and when he returned, he gave them to him.” This is the story of Joseph the Dreamer.",Dec 05 output,,23.93057280026365,3.5689481241136556,3.9191778435812576
Why worry about clothes? Look how the wild flowers grow. They don't work hard to make their clothes.,"Ka bonso, ka yɛ kyerɛ bonsuuri yɛlɛ? Yɛ kaa nyɛ a baa pɛmpɛllɛ naŋ maŋ baara lɛ. A ba tonɔ toma bee a wuoro pɛmɛ,","Good morning, how are you? We should not do things that are bad and cause harm to others. If someone does something wrong,",Dec 05 output,,19.197153241313327,3.5689481241136556,3.9191778435812576
"You are a bunch of evil snakes, so how can you say anything good? Your words show what is in your hearts.","Yɛnee dompane boorɔ ŋa! Yɛ naŋ waa nenfaare, wola ka yɛ na toɔ̃ yeli yelsonne? Bonso, bonna naŋ be a sukyiri poɔ la ka a noɔre maŋ yele.","We are not children anymore! We are grown now, so why should we be afraid? Look, we are all going to die someday, so let us live well.",Dec 05 output,,20.415315768448885,3.5689481241136556,3.9191778435812576
"People were eating, drinking, and getting married right up to the day the flood came and Noah went into the big boat.","Aŋa a bebie na poɔ a kɔmpiiri naŋ da ba wa sɛre, ka noba da dire kyɛ nyuuro, ka dɔbɔ derɛ pɔgeba, ka pɔgeba meŋ kulo serebɛ, a te ta daare na a Nowa naŋ kpɛ a gbori,","The woman went to the computer and started typing, then she printed it out, folded it carefully, put it in an envelope, and sent it to her brother Noah.",Dec 05 output,,25.9339724604312,3.5689481241136556,3.9191778435812576
"Everyone answered, “We and our own families will take the blame for his death!”","Lɛ la ka a noba zaa pabo laŋ yeli, “Ka a Yeezu zẽẽ do te ne te biiri.”","He said to them, ""Whoever wants to follow Jesus must deny himself and take up his cross.""",Dec 05 output,,19.16820697676172,3.5689481241136556,3.9191778435812576
"“In Ramah a voice was heard crying and weeping loudly. Rachel was mourning for her children, and she refused to be comforted, because they were dead.” The Return from Egypt","“Ba da woŋ la neɛ kaŋ kɔkɔre naŋ yire Urama poɔ, neɛ kaŋ naŋ ŋmeɛrɛ kpɛlle erɛ nemba-yɛlɛ, Urakɛɛl kono hiine la o biiri yɛlɛ, a ba sage ka ba mɔgle o, bonso, a o biiri ba la kyebe.” A Igyipiti Teŋɛ Leɛ Yi Waabo Yɛlɛ","“He said to them, ‘Look, I am going to Urama tomorrow, and I will bring back some kola nuts. I will also bring back some palm wine. Urakɛɛl will be there, and he will be happy to see you. If you want to go with me, you can come. If not, you can stay here.’”  A Igyipiti Teŋɛ Leɛ Yi Waabo Yɛlɛ",onesimus_C968674F_Dec 07 output,,19.90509810975703,3.5689481241136556,3.9191778435812576
Why worry about clothes? Look how the wild flowers grow. They don't work hard to make their clothes.,"Ka bonso, ka yɛ kyerɛ bonsuuri yɛlɛ? Yɛ kaa nyɛ a baa pɛmpɛllɛ naŋ maŋ baara lɛ. A ba tonɔ toma bee a wuoro pɛmɛ,","Good morning, how are you? We should not do things that are bad and cause harm to others. If someone does something bad,",onesimus_C968674F_Dec 07 output,,18.703240573516805,3.5689481241136556,3.9191778435812576
"You are a bunch of evil snakes, so how can you say anything good? Your words show what is in your hearts.","Yɛnee dompane boorɔ ŋa! Yɛ naŋ waa nenfaare, wola ka yɛ na toɔ̃ yeli yelsonne? Bonso, bonna naŋ be a sukyiri poɔ la ka a noɔre maŋ yele.","We are not children anymore! We are grown now, so what are we waiting for? Let's go and build our own houses. We will work hard and make our own homes.",onesimus_C968674F_Dec 07 output,,22.745071930043988,3.5689481241136556,3.9191778435812576
"People were eating, drinking, and getting married right up to the day the flood came and Noah went into the big boat.","Aŋa a bebie na poɔ a kɔmpiiri naŋ da ba wa sɛre, ka noba da dire kyɛ nyuuro, ka dɔbɔ derɛ pɔgeba, ka pɔgeba meŋ kulo serebɛ, a te ta daare na a Nowa naŋ kpɛ a gbori,","The man went to the computer to write a letter, but he didn't know how to type, so he asked his friend to help him, and his friend showed him how to type.",onesimus_C968674F_Dec 07 output,,21.697185978593083,3.5689481241136556,3.9191778435812576
"Everyone answered, “We and our own families will take the blame for his death!”","Lɛ la ka a noba zaa pabo laŋ yeli, “Ka a Yeezu zẽẽ do te ne te biiri.”","He said to them, ""Truly I say to you, whoever believes in me will also do the works that I do.""",onesimus_C968674F_Dec 07 output,,18.797383047286484,3.5689481241136556,3.9191778435812576
"“In Ramah a voice was heard crying and weeping loudly. Rachel was mourning for her children, and she refused to be comforted, because they were dead.” The Return from Egypt","“Ba da woŋ la neɛ kaŋ kɔkɔre naŋ yire Urama poɔ, neɛ kaŋ naŋ ŋmeɛrɛ kpɛlle erɛ nemba-yɛlɛ, Urakɛɛl kono hiine la o biiri yɛlɛ, a ba sage ka ba mɔgle o, bonso, a o biiri ba la kyebe.” A Igyipiti Teŋɛ Leɛ Yi Waabo Yɛlɛ","“He went to the farm and saw a big snake, it was a python, and it was coiled around a tree, and it was very big, and he was afraid, and he ran away quickly, and he told his father, and his father said, “Don’t be afraid.”",john_C52DEBBB_output (10),,19.838760933446807,3.5689481241136556,3.9191778435812576
Why worry about clothes? Look how the wild flowers grow. They don't work hard to make their clothes.,"Ka bonso, ka yɛ kyerɛ bonsuuri yɛlɛ? Yɛ kaa nyɛ a baa pɛmpɛllɛ naŋ maŋ baara lɛ. A ba tonɔ toma bee a wuoro pɛmɛ,","Good morning, how are you? We are going to talk about the importance of unity. It is good to be united, whether we are rich or poor.",john_C52DEBBB_output (10),,19.915756431014106,3.5689481241136556,3.9191778435812576
"You are a bunch of evil snakes, so how can you say anything good? Your words show what is in your hearts.","Yɛnee dompane boorɔ ŋa! Yɛ naŋ waa nenfaare, wola ka yɛ na toɔ̃ yeli yelsonne? Bonso, bonna naŋ be a sukyiri poɔ la ka a noɔre maŋ yele.","We are not children anymore! We are grown now, what are we still waiting for? Come on, let's go and look for our own things.",john_C52DEBBB_output (10),,20.203117543083852,3.5689481241136556,3.9191778435812576
"People were eating, drinking, and getting married right up to the day the flood came and Noah went into the big boat.","Aŋa a bebie na poɔ a kɔmpiiri naŋ da ba wa sɛre, ka noba da dire kyɛ nyuuro, ka dɔbɔ derɛ pɔgeba, ka pɔgeba meŋ kulo serebɛ, a te ta daare na a Nowa naŋ kpɛ a gbori,","The man went to the computer and started working, but he didn't know how to use it, so he asked for help, and someone came to teach him, and he learned how to use it well, and he became very good at it.",john_C52DEBBB_output (10),,24.67193960712944,3.5689481241136556,3.9191778435812576
"Everyone answered, “We and our own families will take the blame for his death!”","Lɛ la ka a noba zaa pabo laŋ yeli, “Ka a Yeezu zẽẽ do te ne te biiri.”","He said to them, ""Let us go to Jesus, for he is the one who will heal us.""",john_C52DEBBB_output (10),,16.236803254972145,3.5689481241136556,3.9191778435812576
"“In Ramah a voice was heard crying and weeping loudly. Rachel was mourning for her children, and she refused to be comforted, because they were dead.” The Return from Egypt","“Ba da woŋ la neɛ kaŋ kɔkɔre naŋ yire Urama poɔ, neɛ kaŋ naŋ ŋmeɛrɛ kpɛlle erɛ nemba-yɛlɛ, Urakɛɛl kono hiine la o biiri yɛlɛ, a ba sage ka ba mɔgle o, bonso, a o biiri ba la kyebe.” A Igyipiti Teŋɛ Leɛ Yi Waabo Yɛlɛ","“He who is not yet married should not speak about marriage. He who is not yet married should not speak about the things of marriage. The one who is married knows what marriage is like. If you are not married, don't speak about it, because you don't know what it is like. If you are married, you will know.” This is what the Egyptians say.",gerhardt_62CB5CC1_output (4),,21.4613938608692,3.5689481241136556,3.9191778435812576
Why worry about clothes? Look how the wild flowers grow. They don't work hard to make their clothes.,"Ka bonso, ka yɛ kyerɛ bonsuuri yɛlɛ? Yɛ kaa nyɛ a baa pɛmpɛllɛ naŋ maŋ baara lɛ. A ba tonɔ toma bee a wuoro pɛmɛ,","Good morning, how are you doing? We are going to talk about the importance of education. It is good to learn and acquire knowledge.",gerhardt_62CB5CC1_output (4),,18.289634829046392,3.5689481241136556,3.9191778435812576
"You are a bunch of evil snakes, so how can you say anything good? Your words show what is in your hearts.","Yɛnee dompane boorɔ ŋa! Yɛ naŋ waa nenfaare, wola ka yɛ na toɔ̃ yeli yelsonne? Bonso, bonna naŋ be a sukyiri poɔ la ka a noɔre maŋ yele.","We are not children anymore! We are grown now, so why should we be afraid? Therefore, let us be bold and speak the truth.",gerhardt_62CB5CC1_output (4),,18.7082617640562,3.5689481241136556,3.9191778435812576
"People were eating, drinking, and getting married right up to the day the flood came and Noah went into the big boat.","Aŋa a bebie na poɔ a kɔmpiiri naŋ da ba wa sɛre, ka noba da dire kyɛ nyuuro, ka dɔbɔ derɛ pɔgeba, ka pɔgeba meŋ kulo serebɛ, a te ta daare na a Nowa naŋ kpɛ a gbori,","The woman went to the computer and started typing, then she called her friend and told her to come quickly, because she wanted to show her something beautiful, which she had found on the computer.",gerhardt_62CB5CC1_output (4),,22.24578567653629,3.5689481241136556,3.9191778435812576
"Everyone answered, “We and our own families will take the blame for his death!”","Lɛ la ka a noba zaa pabo laŋ yeli, “Ka a Yeezu zẽẽ do te ne te biiri.”","They said to him, ""You are Jesus, the Son of God.""",gerhardt_62CB5CC1_output (4),,10.183984570584888,3.5689481241136556,3.9191778435812576
"“In Ramah a voice was heard crying and weeping loudly. Rachel was mourning for her children, and she refused to be comforted, because they were dead.” The Return from Egypt","“Ba da woŋ la neɛ kaŋ kɔkɔre naŋ yire Urama poɔ, neɛ kaŋ naŋ ŋmeɛrɛ kpɛlle erɛ nemba-yɛlɛ, Urakɛɛl kono hiine la o biiri yɛlɛ, a ba sage ka ba mɔgle o, bonso, a o biiri ba la kyebe.” A Igyipiti Teŋɛ Leɛ Yi Waabo Yɛlɛ","“He went to the farm and saw a big snake, and he said, “I will kill this snake.” He took his cutlass and went to kill it, but the snake was very strong, and it bit him. He died, and they buried him. That is why the Egyptians say, “Beware of snakes.”",Dec 04 output,,20.85680267814541,3.5689481241136556,3.9191778435812576
Why worry about clothes? Look how the wild flowers grow. They don't work hard to make their clothes.,"Ka bonso, ka yɛ kyerɛ bonsuuri yɛlɛ? Yɛ kaa nyɛ a baa pɛmpɛllɛ naŋ maŋ baara lɛ. A ba tonɔ toma bee a wuoro pɛmɛ,","Good morning, how are you? We are going to talk about the importance of unity. Unity is strength, and without it, we are weak.",Dec 04 output,,18.68819870776068,3.5689481241136556,3.9191778435812576
"You are a bunch of evil snakes, so how can you say anything good? Your words show what is in your hearts.","Yɛnee dompane boorɔ ŋa! Yɛ naŋ waa nenfaare, wola ka yɛ na toɔ̃ yeli yelsonne? Bonso, bonna naŋ be a sukyiri poɔ la ka a noɔre maŋ yele.","We are not children anymore! We are grown now, so what are we waiting for? Let's go and do what we have to do.",Dec 04 output,,18.618065515982334,3.5689481241136556,3.9191778435812576
"People were eating, drinking, and getting married right up to the day the flood came and Noah went into the big boat.","Aŋa a bebie na poɔ a kɔmpiiri naŋ da ba wa sɛre, ka noba da dire kyɛ nyuuro, ka dɔbɔ derɛ pɔgeba, ka pɔgeba meŋ kulo serebɛ, a te ta daare na a Nowa naŋ kpɛ a gbori,","The woman went to the computer to type, but she didn't know how to use it, so she asked the young man to teach her, and he taught her how to use the keyboard, and she was able to type.",Dec 04 output,,22.35125293980267,3.5689481241136556,3.9191778435812576
"Everyone answered, “We and our own families will take the blame for his death!”","Lɛ la ka a noba zaa pabo laŋ yeli, “Ka a Yeezu zẽẽ do te ne te biiri.”","They said to him, ""You are Jesus, the Son of God.""",Dec 04 output,,10.183984570584888,3.5689481241136556,3.9191778435812576
"“In Ramah a voice was heard crying and weeping loudly. Rachel was mourning for her children, and she refused to be comforted, because they were dead.” The Return from Egypt","“Ba da woŋ la neɛ kaŋ kɔkɔre naŋ yire Urama poɔ, neɛ kaŋ naŋ ŋmeɛrɛ kpɛlle erɛ nemba-yɛlɛ, Urakɛɛl kono hiine la o biiri yɛlɛ, a ba sage ka ba mɔgle o, bonso, a o biiri ba la kyebe.” A Igyipiti Teŋɛ Leɛ Yi Waabo Yɛlɛ","“The one who gave you life, he is the one who will take care of you. He will provide for you all your needs, and he will protect you from all evil. He will guide you and lead you to the right path. So trust in him and have faith in him.” This is the message of the Egyptians.",gerhardt_676E558A_output (6),,22.36479432177952,3.5689481241136556,3.9191778435812576
Why worry about clothes? Look how the wild flowers grow. They don't work hard to make their clothes.,"Ka bonso, ka yɛ kyerɛ bonsuuri yɛlɛ? Yɛ kaa nyɛ a baa pɛmpɛllɛ naŋ maŋ baara lɛ. A ba tonɔ toma bee a wuoro pɛmɛ,","Good morning, how are you? We should not be lazy and wait for things to be given to us. We should work hard to get what we want.",gerhardt_676E558A_output (6),,23.934729730201344,3.5689481241136556,3.9191778435812576
"You are a bunch of evil snakes, so how can you say anything good? Your words show what is in your hearts.","Yɛnee dompane boorɔ ŋa! Yɛ naŋ waa nenfaare, wola ka yɛ na toɔ̃ yeli yelsonne? Bonso, bonna naŋ be a sukyiri poɔ la ka a noɔre maŋ yele.","We are not children anymore! We are grown now, so why are we still behaving like children? Look, we should be ashamed of ourselves.",gerhardt_676E558A_output (6),,21.12184689000841,3.5689481241136556,3.9191778435812576
"People were eating, drinking, and getting married right up to the day the flood came and Noah went into the big boat.","Aŋa a bebie na poɔ a kɔmpiiri naŋ da ba wa sɛre, ka noba da dire kyɛ nyuuro, ka dɔbɔ derɛ pɔgeba, ka pɔgeba meŋ kulo serebɛ, a te ta daare na a Nowa naŋ kpɛ a gbori,","The man went to the computer and started working, but he didn't know how to use it, so he asked for help, and they showed him how to use it, and he was able to work on it.",gerhardt_676E558A_output (6),,23.14776795313211,3.5689481241136556,3.9191778435812576
"Everyone answered, “We and our own families will take the blame for his death!”","Lɛ la ka a noba zaa pabo laŋ yeli, “Ka a Yeezu zẽẽ do te ne te biiri.”","They said to him, “Yes, Jesus will come again.”",gerhardt_676E558A_output (6),,13.048849085443043,3.5689481241136556,3.9191778435812576
"“In Ramah a voice was heard crying and weeping loudly. Rachel was mourning for her children, and she refused to be comforted, because they were dead.” The Return from Egypt","“Ba da woŋ la neɛ kaŋ kɔkɔre naŋ yire Urama poɔ, neɛ kaŋ naŋ ŋmeɛrɛ kpɛlle erɛ nemba-yɛlɛ, Urakɛɛl kono hiine la o biiri yɛlɛ, a ba sage ka ba mɔgle o, bonso, a o biiri ba la kyebe.” A Igyipiti Teŋɛ Leɛ Yi Waabo Yɛlɛ","“He said to them, ‘Go and tell Urama that we have seen the cock, and we have seen the one who is carrying it, and the one who is carrying it is a woman, and she is coming from the direction of Urakɛɛl, and she is coming with a basket on her head, and she is coming alone, and she is coming with a basket on her head.’ Then I went to Egypt to tell them.”",gerhardt_107423D8_output (9),,25.919465875284626,3.5689481241136556,3.9191778435812576
Why worry about clothes? Look how the wild flowers grow. They don't work hard to make their clothes.,"Ka bonso, ka yɛ kyerɛ bonsuuri yɛlɛ? Yɛ kaa nyɛ a baa pɛmpɛllɛ naŋ maŋ baara lɛ. A ba tonɔ toma bee a wuoro pɛmɛ,","Good morning, how are you? We should not do things that will bring shame to our family. If you do something bad, it will be known by everyone.",gerhardt_107423D8_output (9),,18.7147127301788,3.5689481241136556,3.9191778435812576
"You are a bunch of evil snakes, so how can you say anything good? Your words show what is in your hearts.","Yɛnee dompane boorɔ ŋa! Yɛ naŋ waa nenfaare, wola ka yɛ na toɔ̃ yeli yelsonne? Bonso, bonna naŋ be a sukyiri poɔ la ka a noɔre maŋ yele.","We are not children anymore! We are adults now, so why should we be afraid? Therefore, let us be bold and speak the truth.",gerhardt_107423D8_output (9),,19.2555796682706,3.5689481241136556,3.9191778435812576
"People were eating, drinking, and getting married right up to the day the flood came and Noah went into the big boat.","Aŋa a bebie na poɔ a kɔmpiiri naŋ da ba wa sɛre, ka noba da dire kyɛ nyuuro, ka dɔbɔ derɛ pɔgeba, ka pɔgeba meŋ kulo serebɛ, a te ta daare na a Nowa naŋ kpɛ a gbori,","The man went to the computer and started typing, but he didn't know how to use it, so he asked the woman sitting next to him for help.",gerhardt_107423D8_output (9),,22.55515178443282,3.5689481241136556,3.9191778435812576
"Everyone answered, “We and our own families will take the blame for his death!”","Lɛ la ka a noba zaa pabo laŋ yeli, “Ka a Yeezu zẽẽ do te ne te biiri.”","They said to him, ""Go and tell Jesus that we want to see him.""",gerhardt_107423D8_output (9),,13.09781256605062,3.5689481241136556,3.9191778435812576
"“In Ramah a voice was heard crying and weeping loudly. Rachel was mourning for her children, and she refused to be comforted, because they were dead.” The Return from Egypt","“Ba da woŋ la neɛ kaŋ kɔkɔre naŋ yire Urama poɔ, neɛ kaŋ naŋ ŋmeɛrɛ kpɛlle erɛ nemba-yɛlɛ, Urakɛɛl kono hiine la o biiri yɛlɛ, a ba sage ka ba mɔgle o, bonso, a o biiri ba la kyebe.” A Igyipiti Teŋɛ Leɛ Yi Waabo Yɛlɛ","“The one who gave you life is the one who will take it back. He will judge you according to your deeds. If you have done good, you will be rewarded. If you have done bad, you will be punished.” This is what the Egyptians used to say.",gerhardt_E4F773B6_output (3),,22.8550860570959,3.5689481241136556,3.9191778435812576
Why worry about clothes? Look how the wild flowers grow. They don't work hard to make their clothes.,"Ka bonso, ka yɛ kyerɛ bonsuuri yɛlɛ? Yɛ kaa nyɛ a baa pɛmpɛllɛ naŋ maŋ baara lɛ. A ba tonɔ toma bee a wuoro pɛmɛ,","Good morning, how are you? We are going to tell you a story about a man who was very poor. He had nothing, not even a mat to sleep on.",gerhardt_E4F773B6_output (3),,19.608345985827512,3.5689481241136556,3.9191778435812576
"You are a bunch of evil snakes, so how can you say anything good? Your words show what is in your hearts.","Yɛnee dompane boorɔ ŋa! Yɛ naŋ waa nenfaare, wola ka yɛ na toɔ̃ yeli yelsonne? Bonso, bonna naŋ be a sukyiri poɔ la ka a noɔre maŋ yele.","We are not children anymore! We are grown now, so why should we be afraid? Let us go and see what is happening. Perhaps, we will find something good there.",gerhardt_E4F773B6_output (3),,26.999713283309767,3.5689481241136556,3.9191778435812576
"People were eating, drinking, and getting married right up to the day the flood came and Noah went into the big boat.","Aŋa a bebie na poɔ a kɔmpiiri naŋ da ba wa sɛre, ka noba da dire kyɛ nyuuro, ka dɔbɔ derɛ pɔgeba, ka pɔgeba meŋ kulo serebɛ, a te ta daare na a Nowa naŋ kpɛ a gbori,","The woman went to the computer and started typing, but she didn't know how to use it, so she asked the man sitting next to her for help, and the man showed her how to use the mouse.",gerhardt_E4F773B6_output (3),,22.554942991920644,3.5689481241136556,3.9191778435812576
"Everyone answered, “We and our own families will take the blame for his death!”","Lɛ la ka a noba zaa pabo laŋ yeli, “Ka a Yeezu zẽẽ do te ne te biiri.”","He said to them, ""Whoever believes in Jesus is not condemned, but whoever does not believe is condemned already.""",gerhardt_E4F773B6_output (3),,17.262989807864574,3.5689481241136556,3.9191778435812576
"“In Ramah a voice was heard crying and weeping loudly. Rachel was mourning for her children, and she refused to be comforted, because they were dead.” The Return from Egypt","“Ba da woŋ la neɛ kaŋ kɔkɔre naŋ yire Urama poɔ, neɛ kaŋ naŋ ŋmeɛrɛ kpɛlle erɛ nemba-yɛlɛ, Urakɛɛl kono hiine la o biiri yɛlɛ, a ba sage ka ba mɔgle o, bonso, a o biiri ba la kyebe.” A Igyipiti Teŋɛ Leɛ Yi Waabo Yɛlɛ","“He went to the farm and saw a big snake, and he was afraid. He ran away quickly, and he told his friend, and his friend said, ‘Let’s go and kill it.’ But he was afraid to go, so he said, ‘No, let’s leave it alone.’” A Igyipiti Teŋɛ Leɛ Yi Waabo Yɛlɛ",john_B0DBB2CB_output (4),,18.55476785724655,3.5689481241136556,3.9191778435812576
Why worry about clothes? Look how the wild flowers grow. They don't work hard to make their clothes.,"Ka bonso, ka yɛ kyerɛ bonsuuri yɛlɛ? Yɛ kaa nyɛ a baa pɛmpɛllɛ naŋ maŋ baara lɛ. A ba tonɔ toma bee a wuoro pɛmɛ,","Good morning, how are you? We are going to talk about the importance of education. It is very important for our future generations.",john_B0DBB2CB_output (4),,17.485503594762015,3.5689481241136556,3.9191778435812576
"You are a bunch of evil snakes, so how can you say anything good? Your words show what is in your hearts.","Yɛnee dompane boorɔ ŋa! Yɛ naŋ waa nenfaare, wola ka yɛ na toɔ̃ yeli yelsonne? Bonso, bonna naŋ be a sukyiri poɔ la ka a noɔre maŋ yele.","We are not children anymore! We are adults now, so why should we be afraid? Look, we are all going to die someday, so let's live our lives.",john_B0DBB2CB_output (4),,21.501086202491717,3.5689481241136556,3.9191778435812576
"People were eating, drinking, and getting married right up to the day the flood came and Noah went into the big boat.","Aŋa a bebie na poɔ a kɔmpiiri naŋ da ba wa sɛre, ka noba da dire kyɛ nyuuro, ka dɔbɔ derɛ pɔgeba, ka pɔgeba meŋ kulo serebɛ, a te ta daare na a Nowa naŋ kpɛ a gbori,","The man went to the computer and started typing, but he didn't know how to use the keyboard, so he pressed the keys randomly, and the computer screen went blank, and he said ""I don't know how to do this"", and Noah told him to go and learn.",john_B0DBB2CB_output (4),,24.1946281384821,3.5689481241136556,3.9191778435812576
"Everyone answered, “We and our own families will take the blame for his death!”","Lɛ la ka a noba zaa pabo laŋ yeli, “Ka a Yeezu zẽẽ do te ne te biiri.”","He said to them, ""Whoever wants to follow me must deny himself and take up his cross.""",john_B0DBB2CB_output (4),,19.594851176287083,3.5689481241136556,3.9191778435812576
"“In Ramah a voice was heard crying and weeping loudly. Rachel was mourning for her children, and she refused to be comforted, because they were dead.” The Return from Egypt","“Ba da woŋ la neɛ kaŋ kɔkɔre naŋ yire Urama poɔ, neɛ kaŋ naŋ ŋmeɛrɛ kpɛlle erɛ nemba-yɛlɛ, Urakɛɛl kono hiine la o biiri yɛlɛ, a ba sage ka ba mɔgle o, bonso, a o biiri ba la kyebe.” A Igyipiti Teŋɛ Leɛ Yi Waabo Yɛlɛ","“He who has a wife and children should go to Urama market, and buy a good goat for his wife, and a small goat for his children. Urakɛɛl will be happy to see them. If he doesn't have money, he should borrow some, but he must repay it.” This is what the Egyptians say.",gerhardt_E32D1C1E_output_mzX2S5,,25.49305009108998,3.5689481241136556,3.9191778435812576
Why worry about clothes? Look how the wild flowers grow. They don't work hard to make their clothes.,"Ka bonso, ka yɛ kyerɛ bonsuuri yɛlɛ? Yɛ kaa nyɛ a baa pɛmpɛllɛ naŋ maŋ baara lɛ. A ba tonɔ toma bee a wuoro pɛmɛ,","Good morning, how are you? We are going to talk about the importance of unity. It is good to come together and help each other.",gerhardt_E32D1C1E_output_mzX2S5,,21.034413283398486,3.5689481241136556,3.9191778435812576
"You are a bunch of evil snakes, so how can you say anything good? Your words show what is in your hearts.","Yɛnee dompane boorɔ ŋa! Yɛ naŋ waa nenfaare, wola ka yɛ na toɔ̃ yeli yelsonne? Bonso, bonna naŋ be a sukyiri poɔ la ka a noɔre maŋ yele.","We are not children anymore! We are grown up now, so why are we still behaving like children? Look, we should be ashamed of ourselves.",gerhardt_E32D1C1E_output_mzX2S5,,21.213520920878874,3.5689481241136556,3.9191778435812576
"People were eating, drinking, and getting married right up to the day the flood came and Noah went into the big boat.","Aŋa a bebie na poɔ a kɔmpiiri naŋ da ba wa sɛre, ka noba da dire kyɛ nyuuro, ka dɔbɔ derɛ pɔgeba, ka pɔgeba meŋ kulo serebɛ, a te ta daare na a Nowa naŋ kpɛ a gbori,","The man who is going to the computer is not going to see anything, because he is blind, and he doesn't know how to use the computer, and he doesn't know how to type, so he will just sit there and be confused.",gerhardt_E32D1C1E_output_mzX2S5,,22.856241703086734,3.5689481241136556,3.9191778435812576
"Everyone answered, “We and our own families will take the blame for his death!”","Lɛ la ka a noba zaa pabo laŋ yeli, “Ka a Yeezu zẽẽ do te ne te biiri.”","They said to him, ""Yes, Jesus, we know that you are the teacher.""",gerhardt_E32D1C1E_output_mzX2S5,,14.28475884851544,3.5689481241136556,3.9191778435812576
"“In Ramah a voice was heard crying and weeping loudly. Rachel was mourning for her children, and she refused to be comforted, because they were dead.” The Return from Egypt","“Ba da woŋ la neɛ kaŋ kɔkɔre naŋ yire Urama poɔ, neɛ kaŋ naŋ ŋmeɛrɛ kpɛlle erɛ nemba-yɛlɛ, Urakɛɛl kono hiine la o biiri yɛlɛ, a ba sage ka ba mɔgle o, bonso, a o biiri ba la kyebe.” A Igyipiti Teŋɛ Leɛ Yi Waabo Yɛlɛ","“He said to them that they should go and tell Urama that they should not be afraid, because he will protect them, and that he will give them a place to live, and that he will give them food to eat. And that they should not be afraid, because he is with them.” This is what the Egyptians said to the Israelites.",gerhardt_145C11AE_output (2),,23.561940940542744,3.5689481241136556,3.9191778435812576
Why worry about clothes? Look how the wild flowers grow. They don't work hard to make their clothes.,"Ka bonso, ka yɛ kyerɛ bonsuuri yɛlɛ? Yɛ kaa nyɛ a baa pɛmpɛllɛ naŋ maŋ baara lɛ. A ba tonɔ toma bee a wuoro pɛmɛ,","Good morning, how are you? We are going to talk about the importance of unity. It is good to come together and help each other.",gerhardt_145C11AE_output (2),,21.034413283398486,3.5689481241136556,3.9191778435812576
"You are a bunch of evil snakes, so how can you say anything good? Your words show what is in your hearts.","Yɛnee dompane boorɔ ŋa! Yɛ naŋ waa nenfaare, wola ka yɛ na toɔ̃ yeli yelsonne? Bonso, bonna naŋ be a sukyiri poɔ la ka a noɔre maŋ yele.","We are not children anymore! We are grown now, so why should we be afraid? Look, we are going to stand up and fight for what is ours.",gerhardt_145C11AE_output (2),,23.36046552937874,3.5689481241136556,3.9191778435812576
"People were eating, drinking, and getting married right up to the day the flood came and Noah went into the big boat.","Aŋa a bebie na poɔ a kɔmpiiri naŋ da ba wa sɛre, ka noba da dire kyɛ nyuuro, ka dɔbɔ derɛ pɔgeba, ka pɔgeba meŋ kulo serebɛ, a te ta daare na a Nowa naŋ kpɛ a gbori,","The woman went to the computer and started typing, but the light went off, so she couldn't see anything, and she couldn't continue typing, so she got up and went to find Noah.",gerhardt_145C11AE_output (2),,29.694519301718543,3.5689481241136556,3.9191778435812576
"Everyone answered, “We and our own families will take the blame for his death!”","Lɛ la ka a noba zaa pabo laŋ yeli, “Ka a Yeezu zẽẽ do te ne te biiri.”","He said to them, ""Truly, Jesus is the one who will save us.""",gerhardt_145C11AE_output (2),,14.25708349709276,3.5689481241136556,3.9191778435812576
"“In Ramah a voice was heard crying and weeping loudly. Rachel was mourning for her children, and she refused to be comforted, because they were dead.” The Return from Egypt","“Ba da woŋ la neɛ kaŋ kɔkɔre naŋ yire Urama poɔ, neɛ kaŋ naŋ ŋmeɛrɛ kpɛlle erɛ nemba-yɛlɛ, Urakɛɛl kono hiine la o biiri yɛlɛ, a ba sage ka ba mɔgle o, bonso, a o biiri ba la kyebe.” A Igyipiti Teŋɛ Leɛ Yi Waabo Yɛlɛ","“He went to the farm and saw a bird that was eating his corn. He took a stone and threw it at the bird, but it flew away. He said, “I will come back tomorrow.” And so he did, and he caught it.” The Egyptian King’s Story",gerhardt_087BEB88_output_loRIsq,,23.476115487908096,3.5689481241136556,3.9191778435812576
Why worry about clothes? Look how the wild flowers grow. They don't work hard to make their clothes.,"Ka bonso, ka yɛ kyerɛ bonsuuri yɛlɛ? Yɛ kaa nyɛ a baa pɛmpɛllɛ naŋ maŋ baara lɛ. A ba tonɔ toma bee a wuoro pɛmɛ,","Good morning, how are you? We are going to talk about the importance of unity. Unity is strength, and it is through unity that we can achieve great things.",gerhardt_087BEB88_output_loRIsq,,18.98259366274399,3.5689481241136556,3.9191778435812576
"You are a bunch of evil snakes, so how can you say anything good? Your words show what is in your hearts.","Yɛnee dompane boorɔ ŋa! Yɛ naŋ waa nenfaare, wola ka yɛ na toɔ̃ yeli yelsonne? Bonso, bonna naŋ be a sukyiri poɔ la ka a noɔre maŋ yele.","We are not children anymore! We are grown now, so why should we be afraid? Look, we are all going to die anyway, so let's just enjoy ourselves.",gerhardt_087BEB88_output_loRIsq,,22.619197900981007,3.5689481241136556,3.9191778435812576
"People were eating, drinking, and getting married right up to the day the flood came and Noah went into the big boat.","Aŋa a bebie na poɔ a kɔmpiiri naŋ da ba wa sɛre, ka noba da dire kyɛ nyuuro, ka dɔbɔ derɛ pɔgeba, ka pɔgeba meŋ kulo serebɛ, a te ta daare na a Nowa naŋ kpɛ a gbori,","The woman went to the computer to type, but she didn't know how to use it, so she asked the man to teach her, and the man said he would teach her tomorrow.",gerhardt_087BEB88_output_loRIsq,,20.497037978672413,3.5689481241136556,3.9191778435812576
"Everyone answered, “We and our own families will take the blame for his death!”","Lɛ la ka a noba zaa pabo laŋ yeli, “Ka a Yeezu zẽẽ do te ne te biiri.”","He said to them, ""If anyone wants to follow me, he must deny himself and take up his cross and follow me.""",gerhardt_087BEB88_output_loRIsq,,20.200967140865973,3.5689481241136556,3.9191778435812576
"“In Ramah a voice was heard crying and weeping loudly. Rachel was mourning for her children, and she refused to be comforted, because they were dead.” The Return from Egypt","“Ba da woŋ la neɛ kaŋ kɔkɔre naŋ yire Urama poɔ, neɛ kaŋ naŋ ŋmeɛrɛ kpɛlle erɛ nemba-yɛlɛ, Urakɛɛl kono hiine la o biiri yɛlɛ, a ba sage ka ba mɔgle o, bonso, a o biiri ba la kyebe.” A Igyipiti Teŋɛ Leɛ Yi Waabo Yɛlɛ","“He went to the farm to plant corn, and he planted it well, and the corn grew tall and strong. The farmer was happy because he had planted well, and he harvested a lot of corn.” A Igyipiti Teŋɛ Leɛ Yi Waabo Yɛlɛ",john_C904F397_output (2),,23.83782186490201,3.5689481241136556,3.9191778435812576
Why worry about clothes? Look how the wild flowers grow. They don't work hard to make their clothes.,"Ka bonso, ka yɛ kyerɛ bonsuuri yɛlɛ? Yɛ kaa nyɛ a baa pɛmpɛllɛ naŋ maŋ baara lɛ. A ba tonɔ toma bee a wuoro pɛmɛ,","Good morning, how are you? We should not do things that will bring shame to our family. If you do something bad, it will affect the whole family.",john_C904F397_output (2),,19.157751133676644,3.5689481241136556,3.9191778435812576
"You are a bunch of evil snakes, so how can you say anything good? Your words show what is in your hearts.","Yɛnee dompane boorɔ ŋa! Yɛ naŋ waa nenfaare, wola ka yɛ na toɔ̃ yeli yelsonne? Bonso, bonna naŋ be a sukyiri poɔ la ka a noɔre maŋ yele.","We are not children anymore! We are grown now, so why are we still behaving like children? Look, let's be serious and act like adults.",john_C904F397_output (2),,20.66165498791954,3.5689481241136556,3.9191778435812576
"People were eating, drinking, and getting married right up to the day the flood came and Noah went into the big boat.","Aŋa a bebie na poɔ a kɔmpiiri naŋ da ba wa sɛre, ka noba da dire kyɛ nyuuro, ka dɔbɔ derɛ pɔgeba, ka pɔgeba meŋ kulo serebɛ, a te ta daare na a Nowa naŋ kpɛ a gbori,","The man went to the computer and started typing, but he didn't know how to use the keyboard, so he asked the woman to teach him how to type.",john_C904F397_output (2),,21.983048145500707,3.5689481241136556,3.9191778435812576
"Everyone answered, “We and our own families will take the blame for his death!”","Lɛ la ka a noba zaa pabo laŋ yeli, “Ka a Yeezu zẽẽ do te ne te biiri.”","He said to them, ""Let us go to Jesus, for he is the one who will heal us.""",john_C904F397_output (2),,16.236803254972145,3.5689481241136556,3.9191778435812576
"“In Ramah a voice was heard crying and weeping loudly. Rachel was mourning for her children, and she refused to be comforted, because they were dead.” The Return from Egypt","“Ba da woŋ la neɛ kaŋ kɔkɔre naŋ yire Urama poɔ, neɛ kaŋ naŋ ŋmeɛrɛ kpɛlle erɛ nemba-yɛlɛ, Urakɛɛl kono hiine la o biiri yɛlɛ, a ba sage ka ba mɔgle o, bonso, a o biiri ba la kyebe.” A Igyipiti Teŋɛ Leɛ Yi Waabo Yɛlɛ","“He said to them, ‘Go and see the great wonders of Urama, the wonders that are in the forest, the wonders that are in the river, and the wonders that are in the mountains.’ And they went and saw them, and they were amazed.” The Egyptians were astonished.",onesimus_E33AE420_Dec 11 output,,24.09845925072524,3.5689481241136556,3.9191778435812576
Why worry about clothes? Look how the wild flowers grow. They don't work hard to make their clothes.,"Ka bonso, ka yɛ kyerɛ bonsuuri yɛlɛ? Yɛ kaa nyɛ a baa pɛmpɛllɛ naŋ maŋ baara lɛ. A ba tonɔ toma bee a wuoro pɛmɛ,","Good morning, how are you? We are going to tell you a story about a young man who was very lazy. He didn't want to work, he just wanted to eat.",onesimus_E33AE420_Dec 11 output,,22.100784939616794,3.5689481241136556,3.9191778435812576
"You are a bunch of evil snakes, so how can you say anything good? Your words show what is in your hearts.","Yɛnee dompane boorɔ ŋa! Yɛ naŋ waa nenfaare, wola ka yɛ na toɔ̃ yeli yelsonne? Bonso, bonna naŋ be a sukyiri poɔ la ka a noɔre maŋ yele.","We are not children anymore! We are adults now, so why are we behaving like children? Look, we should be thinking about our future and what we will leave behind.",onesimus_E33AE420_Dec 11 output,,22.753348863319548,3.5689481241136556,3.9191778435812576
"People were eating, drinking, and getting married right up to the day the flood came and Noah went into the big boat.","Aŋa a bebie na poɔ a kɔmpiiri naŋ da ba wa sɛre, ka noba da dire kyɛ nyuuro, ka dɔbɔ derɛ pɔgeba, ka pɔgeba meŋ kulo serebɛ, a te ta daare na a Nowa naŋ kpɛ a gbori,","The woman went to the computer and started working, but she was tired, so she took a break and rested, then she continued working until she finished what she was doing.",onesimus_E33AE420_Dec 11 output,,25.0647122974587,3.5689481241136556,3.9191778435812576
"Everyone answered, “We and our own families will take the blame for his death!”","Lɛ la ka a noba zaa pabo laŋ yeli, “Ka a Yeezu zẽẽ do te ne te biiri.”","He said to them, ""Whoever wants to follow Jesus must deny himself and take up his cross.""",onesimus_E33AE420_Dec 11 output,,19.16820697676172,3.5689481241136556,3.9191778435812576
"“In Ramah a voice was heard crying and weeping loudly. Rachel was mourning for her children, and she refused to be comforted, because they were dead.” The Return from Egypt","“Ba da woŋ la neɛ kaŋ kɔkɔre naŋ yire Urama poɔ, neɛ kaŋ naŋ ŋmeɛrɛ kpɛlle erɛ nemba-yɛlɛ, Urakɛɛl kono hiine la o biiri yɛlɛ, a ba sage ka ba mɔgle o, bonso, a o biiri ba la kyebe.” A Igyipiti Teŋɛ Leɛ Yi Waabo Yɛlɛ","“He who does not know the way, let him ask. He who does not know the way, let him ask his brother. If he does not know, let him ask the elders. If he does not know, let him ask the chief. If he does not know, let him ask the one who knows. If he does not know, let him ask the one who is wise.” This is what the Egyptians used to say.",onesimus_48E85B7F_Dec 09 output,,18.595531087947982,3.5689481241136556,3.9191778435812576
Why worry about clothes? Look how the wild flowers grow. They don't work hard to make their clothes.,"Ka bonso, ka yɛ kyerɛ bonsuuri yɛlɛ? Yɛ kaa nyɛ a baa pɛmpɛllɛ naŋ maŋ baara lɛ. A ba tonɔ toma bee a wuoro pɛmɛ,","Good morning, how are you doing? We are going to talk about the importance of unity. It is good to come together and help each other.",onesimus_48E85B7F_Dec 09 output,,20.985205051453846,3.5689481241136556,3.9191778435812576
"You are a bunch of evil snakes, so how can you say anything good? Your words show what is in your hearts.","Yɛnee dompane boorɔ ŋa! Yɛ naŋ waa nenfaare, wola ka yɛ na toɔ̃ yeli yelsonne? Bonso, bonna naŋ be a sukyiri poɔ la ka a noɔre maŋ yele.","We are not children anymore! We are grown now, so why should we be afraid? Indeed, we should not be afraid because we are strong and capable.",onesimus_48E85B7F_Dec 09 output,,18.928041473688108,3.5689481241136556,3.9191778435812576
"People were eating, drinking, and getting married right up to the day the flood came and Noah went into the big boat.","Aŋa a bebie na poɔ a kɔmpiiri naŋ da ba wa sɛre, ka noba da dire kyɛ nyuuro, ka dɔbɔ derɛ pɔgeba, ka pɔgeba meŋ kulo serebɛ, a te ta daare na a Nowa naŋ kpɛ a gbori,","The woman went to the computer and started typing, but she didn't know how to use the keyboard, so she pressed the keys randomly, and the computer started making strange noises, she was scared and ran away.",onesimus_48E85B7F_Dec 09 output,,22.5453920854474,3.5689481241136556,3.9191778435812576
"Everyone answered, “We and our own families will take the blame for his death!”","Lɛ la ka a noba zaa pabo laŋ yeli, “Ka a Yeezu zẽẽ do te ne te biiri.”","They said to him, ""You are Jesus, the Son of God.""",onesimus_48E85B7F_Dec 09 output,,10.183984570584888,3.5689481241136556,3.9191778435812576
"“In Ramah a voice was heard crying and weeping loudly. Rachel was mourning for her children, and she refused to be comforted, because they were dead.” The Return from Egypt","“Ba da woŋ la neɛ kaŋ kɔkɔre naŋ yire Urama poɔ, neɛ kaŋ naŋ ŋmeɛrɛ kpɛlle erɛ nemba-yɛlɛ, Urakɛɛl kono hiine la o biiri yɛlɛ, a ba sage ka ba mɔgle o, bonso, a o biiri ba la kyebe.” A Igyipiti Teŋɛ Leɛ Yi Waabo Yɛlɛ","“He said to them, ‘Go and tell the people of Urama that I am coming.’ He said, ‘I am coming to heal the sick and to raise the dead.’ The people of Urakɛɛl said, ‘He is a liar, he is deceiving us.’ But he said, ‘I am telling the truth, I am coming.’ And they said, ‘If you are coming, come and see us.’”",Dec 01 output,,21.664325648451246,3.5689481241136556,3.9191778435812576
Why worry about clothes? Look how the wild flowers grow. They don't work hard to make their clothes.,"Ka bonso, ka yɛ kyerɛ bonsuuri yɛlɛ? Yɛ kaa nyɛ a baa pɛmpɛllɛ naŋ maŋ baara lɛ. A ba tonɔ toma bee a wuoro pɛmɛ,","Good morning, how are you? We should not do things that will bring shame to our family. If someone does something bad, we should tell them.",Dec 01 output,,18.95220687126801,3.5689481241136556,3.9191778435812576
"You are a bunch of evil snakes, so how can you say anything good? Your words show what is in your hearts.","Yɛnee dompane boorɔ ŋa! Yɛ naŋ waa nenfaare, wola ka yɛ na toɔ̃ yeli yelsonne? Bonso, bonna naŋ be a sukyiri poɔ la ka a noɔre maŋ yele.","We are not children anymore! We are grown now, what should we be doing? Therefore, let us all strive to do good things so that we will be blessed.",Dec 01 output,,22.73182818686213,3.5689481241136556,3.9191778435812576
"People were eating, drinking, and getting married right up to the day the flood came and Noah went into the big boat.","Aŋa a bebie na poɔ a kɔmpiiri naŋ da ba wa sɛre, ka noba da dire kyɛ nyuuro, ka dɔbɔ derɛ pɔgeba, ka pɔgeba meŋ kulo serebɛ, a te ta daare na a Nowa naŋ kpɛ a gbori,","The man went to the computer and started typing, then he said that he wanted to send a message, and he typed the message and sent it, and he said that he had finished and that he was going to sleep.",Dec 01 output,,23.52335418532175,3.5689481241136556,3.9191778435812576
"Everyone answered, “We and our own families will take the blame for his death!”","Lɛ la ka a noba zaa pabo laŋ yeli, “Ka a Yeezu zẽẽ do te ne te biiri.”","He said to them, “Let us go to Jesus, for he is the one who will heal us.”",Dec 01 output,,17.01972731948591,3.5689481241136556,3.9191778435812576
"“In Ramah a voice was heard crying and weeping loudly. Rachel was mourning for her children, and she refused to be comforted, because they were dead.” The Return from Egypt","“Ba da woŋ la neɛ kaŋ kɔkɔre naŋ yire Urama poɔ, neɛ kaŋ naŋ ŋmeɛrɛ kpɛlle erɛ nemba-yɛlɛ, Urakɛɛl kono hiine la o biiri yɛlɛ, a ba sage ka ba mɔgle o, bonso, a o biiri ba la kyebe.” A Igyipiti Teŋɛ Leɛ Yi Waabo Yɛlɛ",,gerhardt_80805CFE_output_7z6RFo,,,3.5689481241136556,3.9191778435812576
Why worry about clothes? Look how the wild flowers grow. They don't work hard to make their clothes.,"Ka bonso, ka yɛ kyerɛ bonsuuri yɛlɛ? Yɛ kaa nyɛ a baa pɛmpɛllɛ naŋ maŋ baara lɛ. A ba tonɔ toma bee a wuoro pɛmɛ,",,gerhardt_80805CFE_output_7z6RFo,,,3.5689481241136556,3.9191778435812576
"You are a bunch of evil snakes, so how can you say anything good? Your words show what is in your hearts.","Yɛnee dompane boorɔ ŋa! Yɛ naŋ waa nenfaare, wola ka yɛ na toɔ̃ yeli yelsonne? Bonso, bonna naŋ be a sukyiri poɔ la ka a noɔre maŋ yele.",,gerhardt_80805CFE_output_7z6RFo,,,3.5689481241136556,3.9191778435812576
"People were eating, drinking, and getting married right up to the day the flood came and Noah went into the big boat.","Aŋa a bebie na poɔ a kɔmpiiri naŋ da ba wa sɛre, ka noba da dire kyɛ nyuuro, ka dɔbɔ derɛ pɔgeba, ka pɔgeba meŋ kulo serebɛ, a te ta daare na a Nowa naŋ kpɛ a gbori,",,gerhardt_80805CFE_output_7z6RFo,,,3.5689481241136556,3.9191778435812576
"Everyone answered, “We and our own families will take the blame for his death!”","Lɛ la ka a noba zaa pabo laŋ yeli, “Ka a Yeezu zẽẽ do te ne te biiri.”",,gerhardt_80805CFE_output_7z6RFo,,,3.5689481241136556,3.9191778435812576
"“In Ramah a voice was heard crying and weeping loudly. Rachel was mourning for her children, and she refused to be comforted, because they were dead.” The Return from Egypt","“Ba da woŋ la neɛ kaŋ kɔkɔre naŋ yire Urama poɔ, neɛ kaŋ naŋ ŋmeɛrɛ kpɛlle erɛ nemba-yɛlɛ, Urakɛɛl kono hiine la o biiri yɛlɛ, a ba sage ka ba mɔgle o, bonso, a o biiri ba la kyebe.” A Igyipiti Teŋɛ Leɛ Yi Waabo Yɛlɛ",,output_JA-3,,,3.5689481241136556,3.9191778435812576
Why worry about clothes? Look how the wild flowers grow. They don't work hard to make their clothes.,"Ka bonso, ka yɛ kyerɛ bonsuuri yɛlɛ? Yɛ kaa nyɛ a baa pɛmpɛllɛ naŋ maŋ baara lɛ. A ba tonɔ toma bee a wuoro pɛmɛ,",,output_JA-3,,,3.5689481241136556,3.9191778435812576
"You are a bunch of evil snakes, so how can you say anything good? Your words show what is in your hearts.","Yɛnee dompane boorɔ ŋa! Yɛ naŋ waa nenfaare, wola ka yɛ na toɔ̃ yeli yelsonne? Bonso, bonna naŋ be a sukyiri poɔ la ka a noɔre maŋ yele.",,output_JA-3,,,3.5689481241136556,3.9191778435812576
"People were eating, drinking, and getting married right up to the day the flood came and Noah went into the big boat.","Aŋa a bebie na poɔ a kɔmpiiri naŋ da ba wa sɛre, ka noba da dire kyɛ nyuuro, ka dɔbɔ derɛ pɔgeba, ka pɔgeba meŋ kulo serebɛ, a te ta daare na a Nowa naŋ kpɛ a gbori,",,output_JA-3,,,3.5689481241136556,3.9191778435812576
"Everyone answered, “We and our own families will take the blame for his death!”","Lɛ la ka a noba zaa pabo laŋ yeli, “Ka a Yeezu zẽẽ do te ne te biiri.”",,output_JA-3,,,3.5689481241136556,3.9191778435812576
"“In Ramah a voice was heard crying and weeping loudly. Rachel was mourning for her children, and she refused to be comforted, because they were dead.” The Return from Egypt","“Ba da woŋ la neɛ kaŋ kɔkɔre naŋ yire Urama poɔ, neɛ kaŋ naŋ ŋmeɛrɛ kpɛlle erɛ nemba-yɛlɛ, Urakɛɛl kono hiine la o biiri yɛlɛ, a ba sage ka ba mɔgle o, bonso, a o biiri ba la kyebe.” A Igyipiti Teŋɛ Leɛ Yi Waabo Yɛlɛ","“He who does not know the road, he should ask for directions to Urama, he should not say he knows the way to the market, he should not say he knows the way to the farm, Urakɛɛl is the one who will show him the way, if he does not know, he should ask, otherwise, he will get lost.” A Igyipiti Teŋɛ Leɛ Yi Waabo Yɛlɛ",Dec 06 output,,17.391144699916854,3.5689481241136556,3.9191778435812576
Why worry about clothes? Look how the wild flowers grow. They don't work hard to make their clothes.,"Ka bonso, ka yɛ kyerɛ bonsuuri yɛlɛ? Yɛ kaa nyɛ a baa pɛmpɛllɛ naŋ maŋ baara lɛ. A ba tonɔ toma bee a wuoro pɛmɛ,","Good morning, how are you doing? We are going to tell you a story about a man who was very strong. He could lift a heavy load, even a dead elephant.",Dec 06 output,,20.15050980941218,3.5689481241136556,3.9191778435812576
"You are a bunch of evil snakes, so how can you say anything good? Your words show what is in your hearts.","Yɛnee dompane boorɔ ŋa! Yɛ naŋ waa nenfaare, wola ka yɛ na toɔ̃ yeli yelsonne? Bonso, bonna naŋ be a sukyiri poɔ la ka a noɔre maŋ yele.","We are not children anymore! We are grown now, so why are we still behaving like children? Listen, we should be ashamed of ourselves.",Dec 06 output,,21.026674831739523,3.5689481241136556,3.9191778435812576
"People were eating, drinking, and getting married right up to the day the flood came and Noah went into the big boat.","Aŋa a bebie na poɔ a kɔmpiiri naŋ da ba wa sɛre, ka noba da dire kyɛ nyuuro, ka dɔbɔ derɛ pɔgeba, ka pɔgeba meŋ kulo serebɛ, a te ta daare na a Nowa naŋ kpɛ a gbori,","The woman went to the computer and started typing, but she didn't know how to use the keyboard, so she asked the man sitting next to her for help.",Dec 06 output,,23.05688763163088,3.5689481241136556,3.9191778435812576
"Everyone answered, “We and our own families will take the blame for his death!”","Lɛ la ka a noba zaa pabo laŋ yeli, “Ka a Yeezu zẽẽ do te ne te biiri.”","They said to him, “You are Jesus, the Son of God.”",Dec 06 output,,11.010939181473901,3.5689481241136556,3.9191778435812576
"“In Ramah a voice was heard crying and weeping loudly. Rachel was mourning for her children, and she refused to be comforted, because they were dead.” The Return from Egypt","“Ba da woŋ la neɛ kaŋ kɔkɔre naŋ yire Urama poɔ, neɛ kaŋ naŋ ŋmeɛrɛ kpɛlle erɛ nemba-yɛlɛ, Urakɛɛl kono hiine la o biiri yɛlɛ, a ba sage ka ba mɔgle o, bonso, a o biiri ba la kyebe.” A Igyipiti Teŋɛ Leɛ Yi Waabo Yɛlɛ","“He said to them, ‘Look, I am going to Urama tomorrow, and I will bring back some meat for you. I will also bring back some kola nuts for you. Urakɛɛl will come with me tomorrow. He will help me carry the load.’ Then he said, ‘I will be back soon.’” The Egyptian King’s Son Was Wise",onesimus_C6D92021_Dec 02 output,,21.691273105092044,3.5689481241136556,3.9191778435812576
Why worry about clothes? Look how the wild flowers grow. They don't work hard to make their clothes.,"Ka bonso, ka yɛ kyerɛ bonsuuri yɛlɛ? Yɛ kaa nyɛ a baa pɛmpɛllɛ naŋ maŋ baara lɛ. A ba tonɔ toma bee a wuoro pɛmɛ,","Good morning, how are you? We are going to tell you a story about a long time ago. It was a time when there was no iron, no guns.",onesimus_C6D92021_Dec 02 output,,20.377351300891803,3.5689481241136556,3.9191778435812576
"You are a bunch of evil snakes, so how can you say anything good? Your words show what is in your hearts.","Yɛnee dompane boorɔ ŋa! Yɛ naŋ waa nenfaare, wola ka yɛ na toɔ̃ yeli yelsonne? Bonso, bonna naŋ be a sukyiri poɔ la ka a noɔre maŋ yele.","We are not children anymore! We are grown now, so what are we waiting for? Let's go and find our own path, because we are not children anymore.",onesimus_C6D92021_Dec 02 output,,20.20368956537731,3.5689481241136556,3.9191778435812576
"People were eating, drinking, and getting married right up to the day the flood came and Noah went into the big boat.","Aŋa a bebie na poɔ a kɔmpiiri naŋ da ba wa sɛre, ka noba da dire kyɛ nyuuro, ka dɔbɔ derɛ pɔgeba, ka pɔgeba meŋ kulo serebɛ, a te ta daare na a Nowa naŋ kpɛ a gbori,","The woman went to the computer and started typing, then she saw a message, and she read it quickly, and she understood what it said, and she was happy because she now knew what Noah had written.",onesimus_C6D92021_Dec 02 output,,23.201338839546327,3.5689481241136556,3.9191778435812576
"Everyone answered, “We and our own families will take the blame for his death!”","Lɛ la ka a noba zaa pabo laŋ yeli, “Ka a Yeezu zẽẽ do te ne te biiri.”","He said to them, ""Whoever believes in Jesus is not condemned.""",onesimus_C6D92021_Dec 02 output,,15.640055081265746,3.5689481241136556,3.9191778435812576
"“In Ramah a voice was heard crying and weeping loudly. Rachel was mourning for her children, and she refused to be comforted, because they were dead.” The Return from Egypt","“Ba da woŋ la neɛ kaŋ kɔkɔre naŋ yire Urama poɔ, neɛ kaŋ naŋ ŋmeɛrɛ kpɛlle erɛ nemba-yɛlɛ, Urakɛɛl kono hiine la o biiri yɛlɛ, a ba sage ka ba mɔgle o, bonso, a o biiri ba la kyebe.” A Igyipiti Teŋɛ Leɛ Yi Waabo Yɛlɛ","“The one who gave you life is the one who knows how to take care of you. He knows how to protect you from all kinds of dangers. He knows how to guide you on the right path. If you listen to him, you will be successful. If you don't listen to him, you will fail.” This is what the Egyptians used to say.",Jan output 1 ,,21.24752367924685,3.5689481241136556,3.9191778435812576
Why worry about clothes? Look how the wild flowers grow. They don't work hard to make their clothes.,"Ka bonso, ka yɛ kyerɛ bonsuuri yɛlɛ? Yɛ kaa nyɛ a baa pɛmpɛllɛ naŋ maŋ baara lɛ. A ba tonɔ toma bee a wuoro pɛmɛ,","Good morning, how are you? We are going to talk about the importance of unity. It is good to be together and to help each other.",Jan output 1 ,,20.840614808102703,3.5689481241136556,3.9191778435812576
"You are a bunch of evil snakes, so how can you say anything good? Your words show what is in your hearts.","Yɛnee dompane boorɔ ŋa! Yɛ naŋ waa nenfaare, wola ka yɛ na toɔ̃ yeli yelsonne? Bonso, bonna naŋ be a sukyiri poɔ la ka a noɔre maŋ yele.","We are not children anymore! We are adults now, so why are we behaving like children? Listen, we should be ashamed of ourselves.",Jan output 1 ,,21.79664205506047,3.5689481241136556,3.9191778435812576
"People were eating, drinking, and getting married right up to the day the flood came and Noah went into the big boat.","Aŋa a bebie na poɔ a kɔmpiiri naŋ da ba wa sɛre, ka noba da dire kyɛ nyuuro, ka dɔbɔ derɛ pɔgeba, ka pɔgeba meŋ kulo serebɛ, a te ta daare na a Nowa naŋ kpɛ a gbori,","The man went to the computer and started working, but he didn't know how to use it, so he asked for help, and someone showed him how to use the mouse, and he was able to open a file, and he was happy.",Jan output 1 ,,22.274706502524747,3.5689481241136556,3.9191778435812576
"Everyone answered, “We and our own families will take the blame for his death!”","Lɛ la ka a noba zaa pabo laŋ yeli, “Ka a Yeezu zẽẽ do te ne te biiri.”","He said to them, ""Whoever believes in Jesus will not perish but have eternal life.""",Jan output 1 ,,18.161326014721688,3.5689481241136556,3.9191778435812576
"“In Ramah a voice was heard crying and weeping loudly. Rachel was mourning for her children, and she refused to be comforted, because they were dead.” The Return from Egypt","“Ba da woŋ la neɛ kaŋ kɔkɔre naŋ yire Urama poɔ, neɛ kaŋ naŋ ŋmeɛrɛ kpɛlle erɛ nemba-yɛlɛ, Urakɛɛl kono hiine la o biiri yɛlɛ, a ba sage ka ba mɔgle o, bonso, a o biiri ba la kyebe.” A Igyipiti Teŋɛ Leɛ Yi Waabo Yɛlɛ","“He said to them, ‘Look, I am going to Urama tomorrow, and I will bring back some meat and fish for you.’ He said, ‘I will go and hunt for them in the forest, and when I return, I will give them to you.’ So he went and hunted, and when he returned, he gave them to him.” This is the story of Joseph the Dreamer.",onesimus_5B146D14_Dec 05 output,,23.93057280026365,3.5689481241136556,3.9191778435812576
Why worry about clothes? Look how the wild flowers grow. They don't work hard to make their clothes.,"Ka bonso, ka yɛ kyerɛ bonsuuri yɛlɛ? Yɛ kaa nyɛ a baa pɛmpɛllɛ naŋ maŋ baara lɛ. A ba tonɔ toma bee a wuoro pɛmɛ,","Good morning, how are you? We should not do things that are bad and cause harm to others. If someone does something wrong,",onesimus_5B146D14_Dec 05 output,,19.197153241313327,3.5689481241136556,3.9191778435812576
"You are a bunch of evil snakes, so how can you say anything good? Your words show what is in your hearts.","Yɛnee dompane boorɔ ŋa! Yɛ naŋ waa nenfaare, wola ka yɛ na toɔ̃ yeli yelsonne? Bonso, bonna naŋ be a sukyiri poɔ la ka a noɔre maŋ yele.","We are not children anymore! We are grown now, so why should we be afraid? Look, we are all going to die someday, so let us live well.",onesimus_5B146D14_Dec 05 output,,20.415315768448885,3.5689481241136556,3.9191778435812576
"People were eating, drinking, and getting married right up to the day the flood came and Noah went into the big boat.","Aŋa a bebie na poɔ a kɔmpiiri naŋ da ba wa sɛre, ka noba da dire kyɛ nyuuro, ka dɔbɔ derɛ pɔgeba, ka pɔgeba meŋ kulo serebɛ, a te ta daare na a Nowa naŋ kpɛ a gbori,","The woman went to the computer and started typing, then she printed it out, folded it carefully, put it in an envelope, and sent it to her brother Noah.",onesimus_5B146D14_Dec 05 output,,25.9339724604312,3.5689481241136556,3.9191778435812576
"Everyone answered, “We and our own families will take the blame for his death!”","Lɛ la ka a noba zaa pabo laŋ yeli, “Ka a Yeezu zẽẽ do te ne te biiri.”","He said to them, ""Whoever wants to follow Jesus must deny himself and take up his cross.""",onesimus_5B146D14_Dec 05 output,,19.16820697676172,3.5689481241136556,3.9191778435812576
"But Jesus ordered them not to tell anyone what had happened. Then he said, “Give her something to eat.”","A Yeezu da kpãã ba la yaga zaa ka ba ta wa erɛ ka neɛzaa wa baŋ ne a yeli ŋa, kyɛ yeli ko ba, ka ba ko a pɔgsarlee bondirii ka o di.","And Jesus said to him, ""Go, your faith has healed you."" And immediately he was healed.",output_eliasd,0.46503657,18.582175298148755,3.5689481241136556,3.9191778435812576
"In every village or farm or marketplace where Jesus went, the people brought their sick to him. They begged him to let them just touch his clothes, and everyone who did was healed.","A ziiri na zaa Yeezu naŋ da gaa, a tembilii bee a teŋkponni, bee wɛre poore, ba da maŋ taa la a baalba a wa biŋ ba dare poore, a kyɛ sɔre O ka O vɛŋ ka ba seene O kparoo nɔzoɔrɔ yoŋ; ka a baalba na zaa naŋ da seene O da nyɛ ba sammo.","When a person believes in Jesus and is baptized, whether by immersion or sprinkling, or by pouring water, he is then cleansed of all his sins, and he becomes a new creation, because God sees him as a new person.",output_eliasd,0.3297012,22.55175885674309,3.5689481241136556,3.9191778435812576
"Everyone ate all they wanted, and the leftovers filled seven large baskets.","A noba zaa da die la a tege, kyɛ ka ba wuo a boŋkpaa ka a pa pɛre ayopoĩ.","The old woman went to the farm, and when she returned, she brought a basket full of yams.",output_eliasd,0.2563172,23.12683485526236,3.5689481241136556,3.9191778435812576
but warned them not to tell anyone about him.,kyɛ ka O da kpãã ba ka ba ta wa vɛnɛ ka noba banna O yɛlɛ.,He said that he would go and tell them that they should come and see him.,output_eliasd,0.45365435,23.449388845212905,3.5689481241136556,3.9191778435812576
The Pharisees and the teachers of the Law are experts in the Law of Moses.,“A Naaŋmen bege wulwulibo ane a Faraziimine la leɛre a Moozul zu;,The Naaŋmen people are not like the Faraziimine people who are Muslims.,output_eliasd,0.17875382,15.085232807325152,3.5689481241136556,3.9191778435812576
"“In Ramah a voice was heard crying and weeping loudly. Rachel was mourning for her children, and she refused to be comforted, because they were dead.” The Return from Egypt","“Ba da woŋ la neɛ kaŋ kɔkɔre naŋ yire Urama poɔ, neɛ kaŋ naŋ ŋmeɛrɛ kpɛlle erɛ nemba-yɛlɛ, Urakɛɛl kono hiine la o biiri yɛlɛ, a ba sage ka ba mɔgle o, bonso, a o biiri ba la kyebe.” A Igyipiti Teŋɛ Leɛ Yi Waabo Yɛlɛ","“He who is not strong enough to carry a load should not try to carry it, lest he falls and breaks his back. If he is not strong enough to carry it, he should ask for help. If he falls, he will be injured.” A proverb from the Igyipiti people.",gerhardt_428C0151_output_jQjr1f,,20.896830788593437,3.5689481241136556,3.9191778435812576
Why worry about clothes? Look how the wild flowers grow. They don't work hard to make their clothes.,"Ka bonso, ka yɛ kyerɛ bonsuuri yɛlɛ? Yɛ kaa nyɛ a baa pɛmpɛllɛ naŋ maŋ baara lɛ. A ba tonɔ toma bee a wuoro pɛmɛ,","Good morning, how are you? We should not be afraid of the things that are happening. We should be strong and courageous.",gerhardt_428C0151_output_jQjr1f,,17.07613208116551,3.5689481241136556,3.9191778435812576
"You are a bunch of evil snakes, so how can you say anything good? Your words show what is in your hearts.","Yɛnee dompane boorɔ ŋa! Yɛ naŋ waa nenfaare, wola ka yɛ na toɔ̃ yeli yelsonne? Bonso, bonna naŋ be a sukyiri poɔ la ka a noɔre maŋ yele.","We are not children anymore! We are grown now, so what are we waiting for? Let's go and build our own houses. We are tired of living in our parents' houses.",gerhardt_428C0151_output_jQjr1f,,22.67182916762697,3.5689481241136556,3.9191778435812576
"People were eating, drinking, and getting married right up to the day the flood came and Noah went into the big boat.","Aŋa a bebie na poɔ a kɔmpiiri naŋ da ba wa sɛre, ka noba da dire kyɛ nyuuro, ka dɔbɔ derɛ pɔgeba, ka pɔgeba meŋ kulo serebɛ, a te ta daare na a Nowa naŋ kpɛ a gbori,","The man went to the computer and started typing, then he saw a beautiful woman, and he was amazed, and he said to himself, ""This woman is very beautiful, I must marry her.""",gerhardt_428C0151_output_jQjr1f,,21.911250572682395,3.5689481241136556,3.9191778435812576
"Everyone answered, “We and our own families will take the blame for his death!”","Lɛ la ka a noba zaa pabo laŋ yeli, “Ka a Yeezu zẽẽ do te ne te biiri.”","He said to them, ""Let us go to Jesus, for he is the one who will heal us.""",gerhardt_428C0151_output_jQjr1f,,16.236803254972145,3.5689481241136556,3.9191778435812576
"“In Ramah a voice was heard crying and weeping loudly. Rachel was mourning for her children, and she refused to be comforted, because they were dead.” The Return from Egypt","“Ba da woŋ la neɛ kaŋ kɔkɔre naŋ yire Urama poɔ, neɛ kaŋ naŋ ŋmeɛrɛ kpɛlle erɛ nemba-yɛlɛ, Urakɛɛl kono hiine la o biiri yɛlɛ, a ba sage ka ba mɔgle o, bonso, a o biiri ba la kyebe.” A Igyipiti Teŋɛ Leɛ Yi Waabo Yɛlɛ","“He who does not know the way, let him ask the one who knows. He who does not know the way to Urama, let him ask the one who knows the way to Urama. Urakɛɛl is the one who knows the way, he is the one who knows the way to Urama. He who does not know the way, let him ask him. He who does not know the way, let him ask him.” This is what the Egyptians say.",gerhardt_E4DFEBFE_output_T8d1lo,,14.382062086634578,3.5689481241136556,3.9191778435812576
Why worry about clothes? Look how the wild flowers grow. They don't work hard to make their clothes.,"Ka bonso, ka yɛ kyerɛ bonsuuri yɛlɛ? Yɛ kaa nyɛ a baa pɛmpɛllɛ naŋ maŋ baara lɛ. A ba tonɔ toma bee a wuoro pɛmɛ,","Good morning, how are you? We are going to talk about the importance of unity. It is good to come together and help each other.",gerhardt_E4DFEBFE_output_T8d1lo,,21.034413283398486,3.5689481241136556,3.9191778435812576
"You are a bunch of evil snakes, so how can you say anything good? Your words show what is in your hearts.","Yɛnee dompane boorɔ ŋa! Yɛ naŋ waa nenfaare, wola ka yɛ na toɔ̃ yeli yelsonne? Bonso, bonna naŋ be a sukyiri poɔ la ka a noɔre maŋ yele.","We are not children anymore! We are grown now, why should we be afraid? Therefore, let us go and see what is happening.",gerhardt_E4DFEBFE_output_T8d1lo,,21.52214542418143,3.5689481241136556,3.9191778435812576
"People were eating, drinking, and getting married right up to the day the flood came and Noah went into the big boat.","Aŋa a bebie na poɔ a kɔmpiiri naŋ da ba wa sɛre, ka noba da dire kyɛ nyuuro, ka dɔbɔ derɛ pɔgeba, ka pɔgeba meŋ kulo serebɛ, a te ta daare na a Nowa naŋ kpɛ a gbori,","The man went to the computer to write, but he didn't know how to type, so he asked someone to teach him, and the person taught him how to type, and he learned quickly.",gerhardt_E4DFEBFE_output_T8d1lo,,21.84310416553173,3.5689481241136556,3.9191778435812576
"Everyone answered, “We and our own families will take the blame for his death!”","Lɛ la ka a noba zaa pabo laŋ yeli, “Ka a Yeezu zẽẽ do te ne te biiri.”","He said to them, ""Whoever wants to follow Jesus must deny himself and take up his cross.""",gerhardt_E4DFEBFE_output_T8d1lo,,19.16820697676172,3.5689481241136556,3.9191778435812576
"“In Ramah a voice was heard crying and weeping loudly. Rachel was mourning for her children, and she refused to be comforted, because they were dead.” The Return from Egypt","“Ba da woŋ la neɛ kaŋ kɔkɔre naŋ yire Urama poɔ, neɛ kaŋ naŋ ŋmeɛrɛ kpɛlle erɛ nemba-yɛlɛ, Urakɛɛl kono hiine la o biiri yɛlɛ, a ba sage ka ba mɔgle o, bonso, a o biiri ba la kyebe.” A Igyipiti Teŋɛ Leɛ Yi Waabo Yɛlɛ","“The one who gave you life is the one who knows how to take care of you. He knows how to protect you from all kinds of dangers. He knows how to guide you on the right path. If you listen to him, you will be successful. If you don't listen to him, you will fail.” This is what the Egyptians used to say.",onesimus_4838858E_Jan output 1 ,,21.24752367924685,3.5689481241136556,3.9191778435812576
Why worry about clothes? Look how the wild flowers grow. They don't work hard to make their clothes.,"Ka bonso, ka yɛ kyerɛ bonsuuri yɛlɛ? Yɛ kaa nyɛ a baa pɛmpɛllɛ naŋ maŋ baara lɛ. A ba tonɔ toma bee a wuoro pɛmɛ,","Good morning, how are you? We are going to talk about the importance of unity. It is good to be together and to help each other.",onesimus_4838858E_Jan output 1 ,,20.840614808102703,3.5689481241136556,3.9191778435812576
"You are a bunch of evil snakes, so how can you say anything good? Your words show what is in your hearts.","Yɛnee dompane boorɔ ŋa! Yɛ naŋ waa nenfaare, wola ka yɛ na toɔ̃ yeli yelsonne? Bonso, bonna naŋ be a sukyiri poɔ la ka a noɔre maŋ yele.","We are not children anymore! We are adults now, so why are we behaving like children? Listen, we should be ashamed of ourselves.",onesimus_4838858E_Jan output 1 ,,21.79664205506047,3.5689481241136556,3.9191778435812576
"People were eating, drinking, and getting married right up to the day the flood came and Noah went into the big boat.","Aŋa a bebie na poɔ a kɔmpiiri naŋ da ba wa sɛre, ka noba da dire kyɛ nyuuro, ka dɔbɔ derɛ pɔgeba, ka pɔgeba meŋ kulo serebɛ, a te ta daare na a Nowa naŋ kpɛ a gbori,","The man went to the computer and started working, but he didn't know how to use it, so he asked for help, and someone showed him how to use the mouse, and he was able to open a file, and he was happy.",onesimus_4838858E_Jan output 1 ,,22.274706502524747,3.5689481241136556,3.9191778435812576
"Everyone answered, “We and our own families will take the blame for his death!”","Lɛ la ka a noba zaa pabo laŋ yeli, “Ka a Yeezu zẽẽ do te ne te biiri.”","He said to them, ""Whoever believes in Jesus will not perish but have eternal life.""",onesimus_4838858E_Jan output 1 ,,18.161326014721688,3.5689481241136556,3.9191778435812576
"“In Ramah a voice was heard crying and weeping loudly. Rachel was mourning for her children, and she refused to be comforted, because they were dead.” The Return from Egypt","“Ba da woŋ la neɛ kaŋ kɔkɔre naŋ yire Urama poɔ, neɛ kaŋ naŋ ŋmeɛrɛ kpɛlle erɛ nemba-yɛlɛ, Urakɛɛl kono hiine la o biiri yɛlɛ, a ba sage ka ba mɔgle o, bonso, a o biiri ba la kyebe.” A Igyipiti Teŋɛ Leɛ Yi Waabo Yɛlɛ","“He said to them, ‘Go and tell the people of Urama that I have come to them, and I have brought good news for them, and I have brought them peace. I am the one who has come to heal them. I am the one who has come to save them.’ And the Egyptians heard it and they were amazed.”",gerhardt_2F3FAF10_output (1),,24.18298911835406,3.5689481241136556,3.9191778435812576
Why worry about clothes? Look how the wild flowers grow. They don't work hard to make their clothes.,"Ka bonso, ka yɛ kyerɛ bonsuuri yɛlɛ? Yɛ kaa nyɛ a baa pɛmpɛllɛ naŋ maŋ baara lɛ. A ba tonɔ toma bee a wuoro pɛmɛ,","Good morning, how are you? We should not be lazy and wait for things to be given to us. We should work hard to get what we want.",gerhardt_2F3FAF10_output (1),,23.934729730201344,3.5689481241136556,3.9191778435812576
"You are a bunch of evil snakes, so how can you say anything good? Your words show what is in your hearts.","Yɛnee dompane boorɔ ŋa! Yɛ naŋ waa nenfaare, wola ka yɛ na toɔ̃ yeli yelsonne? Bonso, bonna naŋ be a sukyiri poɔ la ka a noɔre maŋ yele.","We are not children anymore! We are grown now, so why should we be afraid? Indeed, we are not afraid because we are strong and brave.",gerhardt_2F3FAF10_output (1),,18.095228745176193,3.5689481241136556,3.9191778435812576
"People were eating, drinking, and getting married right up to the day the flood came and Noah went into the big boat.","Aŋa a bebie na poɔ a kɔmpiiri naŋ da ba wa sɛre, ka noba da dire kyɛ nyuuro, ka dɔbɔ derɛ pɔgeba, ka pɔgeba meŋ kulo serebɛ, a te ta daare na a Nowa naŋ kpɛ a gbori,","The woman went to the computer and started typing, then she opened a new document, and started writing a story, she wrote about a man who went to the farm, and met a lion.",gerhardt_2F3FAF10_output (1),,25.085123426758948,3.5689481241136556,3.9191778435812576
"Everyone answered, “We and our own families will take the blame for his death!”","Lɛ la ka a noba zaa pabo laŋ yeli, “Ka a Yeezu zẽẽ do te ne te biiri.”","They said to him, ""Yes, Jesus will come again.""",gerhardt_2F3FAF10_output (1),,12.219148940852588,3.5689481241136556,3.9191778435812576
"“In Ramah a voice was heard crying and weeping loudly. Rachel was mourning for her children, and she refused to be comforted, because they were dead.” The Return from Egypt","“Ba da woŋ la neɛ kaŋ kɔkɔre naŋ yire Urama poɔ, neɛ kaŋ naŋ ŋmeɛrɛ kpɛlle erɛ nemba-yɛlɛ, Urakɛɛl kono hiine la o biiri yɛlɛ, a ba sage ka ba mɔgle o, bonso, a o biiri ba la kyebe.” A Igyipiti Teŋɛ Leɛ Yi Waabo Yɛlɛ","“He who does not know the road, he should ask for directions to Urama, he should not say he knows the way to the market, he should not say he knows the way to the farm, Urakɛɛl is the one who will show him the way, if he does not know, he should ask, otherwise, he will get lost.” A Igyipiti Teŋɛ Leɛ Yi Waabo Yɛlɛ",onesimus_778C5456_Dec 06 output,,17.391144699916854,3.5689481241136556,3.9191778435812576
Why worry about clothes? Look how the wild flowers grow. They don't work hard to make their clothes.,"Ka bonso, ka yɛ kyerɛ bonsuuri yɛlɛ? Yɛ kaa nyɛ a baa pɛmpɛllɛ naŋ maŋ baara lɛ. A ba tonɔ toma bee a wuoro pɛmɛ,","Good morning, how are you doing? We are going to tell you a story about a man who was very strong. He could lift a heavy load, even a dead elephant.",onesimus_778C5456_Dec 06 output,,20.15050980941218,3.5689481241136556,3.9191778435812576
"You are a bunch of evil snakes, so how can you say anything good? Your words show what is in your hearts.","Yɛnee dompane boorɔ ŋa! Yɛ naŋ waa nenfaare, wola ka yɛ na toɔ̃ yeli yelsonne? Bonso, bonna naŋ be a sukyiri poɔ la ka a noɔre maŋ yele.","We are not children anymore! We are grown now, so why are we still behaving like children? Listen, we should be ashamed of ourselves.",onesimus_778C5456_Dec 06 output,,21.026674831739523,3.5689481241136556,3.9191778435812576
"People were eating, drinking, and getting married right up to the day the flood came and Noah went into the big boat.","Aŋa a bebie na poɔ a kɔmpiiri naŋ da ba wa sɛre, ka noba da dire kyɛ nyuuro, ka dɔbɔ derɛ pɔgeba, ka pɔgeba meŋ kulo serebɛ, a te ta daare na a Nowa naŋ kpɛ a gbori,","The woman went to the computer and started typing, but she didn't know how to use the keyboard, so she asked the man sitting next to her for help.",onesimus_778C5456_Dec 06 output,,23.05688763163088,3.5689481241136556,3.9191778435812576
"Everyone answered, “We and our own families will take the blame for his death!”","Lɛ la ka a noba zaa pabo laŋ yeli, “Ka a Yeezu zẽẽ do te ne te biiri.”","They said to him, “You are Jesus, the Son of God.”",onesimus_778C5456_Dec 06 output,,11.010939181473901,3.5689481241136556,3.9191778435812576
"“In Ramah a voice was heard crying and weeping loudly. Rachel was mourning for her children, and she refused to be comforted, because they were dead.” The Return from Egypt","“Ba da woŋ la neɛ kaŋ kɔkɔre naŋ yire Urama poɔ, neɛ kaŋ naŋ ŋmeɛrɛ kpɛlle erɛ nemba-yɛlɛ, Urakɛɛl kono hiine la o biiri yɛlɛ, a ba sage ka ba mɔgle o, bonso, a o biiri ba la kyebe.” A Igyipiti Teŋɛ Leɛ Yi Waabo Yɛlɛ","“He said to them, ‘Go and tell the people of Urama that I have sent you. Tell them that I am the one who will heal their sicknesses. Urakɛɛl said, ‘I will go and tell them.’ Then he went and told them, and they rejoiced.” This is the story of the Egyptians.",gerhardt_E3C23636_output_AHjhdB,,20.858545163666047,3.5689481241136556,3.9191778435812576
Why worry about clothes? Look how the wild flowers grow. They don't work hard to make their clothes.,"Ka bonso, ka yɛ kyerɛ bonsuuri yɛlɛ? Yɛ kaa nyɛ a baa pɛmpɛllɛ naŋ maŋ baara lɛ. A ba tonɔ toma bee a wuoro pɛmɛ,","Good morning, how are you? We are going to talk about the importance of unity. It is good to be together and help each other.",gerhardt_E3C23636_output_AHjhdB,,20.937590003168356,3.5689481241136556,3.9191778435812576
"You are a bunch of evil snakes, so how can you say anything good? Your words show what is in your hearts.","Yɛnee dompane boorɔ ŋa! Yɛ naŋ waa nenfaare, wola ka yɛ na toɔ̃ yeli yelsonne? Bonso, bonna naŋ be a sukyiri poɔ la ka a noɔre maŋ yele.","We are not children anymore! We have grown up, so why should we be afraid? Now, we will go and find our own way.",gerhardt_E3C23636_output_AHjhdB,,19.110982281228,3.5689481241136556,3.9191778435812576
"People were eating, drinking, and getting married right up to the day the flood came and Noah went into the big boat.","Aŋa a bebie na poɔ a kɔmpiiri naŋ da ba wa sɛre, ka noba da dire kyɛ nyuuro, ka dɔbɔ derɛ pɔgeba, ka pɔgeba meŋ kulo serebɛ, a te ta daare na a Nowa naŋ kpɛ a gbori,","The man went to the computer and started typing, but he didn't know how to use it, so he asked for help from a young girl who knew how to use it well.",gerhardt_E3C23636_output_AHjhdB,,21.195303485675883,3.5689481241136556,3.9191778435812576
"Everyone answered, “We and our own families will take the blame for his death!”","Lɛ la ka a noba zaa pabo laŋ yeli, “Ka a Yeezu zẽẽ do te ne te biiri.”","They said to him, ""You are Jesus, the Son of God.""",gerhardt_E3C23636_output_AHjhdB,,10.183984570584888,3.5689481241136556,3.9191778435812576
"“In Ramah a voice was heard crying and weeping loudly. Rachel was mourning for her children, and she refused to be comforted, because they were dead.” The Return from Egypt","“Ba da woŋ la neɛ kaŋ kɔkɔre naŋ yire Urama poɔ, neɛ kaŋ naŋ ŋmeɛrɛ kpɛlle erɛ nemba-yɛlɛ, Urakɛɛl kono hiine la o biiri yɛlɛ, a ba sage ka ba mɔgle o, bonso, a o biiri ba la kyebe.” A Igyipiti Teŋɛ Leɛ Yi Waabo Yɛlɛ","“He went to the farm and saw that the corn was ripe. He harvested it and brought it home. He gave some to his wife and children. He ate some himself, and the rest he kept.” A Igyipiti Teŋɛ Leɛ Yi Waabo Yɛlɛ",Dec 12 output,,22.755143722120895,3.5689481241136556,3.9191778435812576
Why worry about clothes? Look how the wild flowers grow. They don't work hard to make their clothes.,"Ka bonso, ka yɛ kyerɛ bonsuuri yɛlɛ? Yɛ kaa nyɛ a baa pɛmpɛllɛ naŋ maŋ baara lɛ. A ba tonɔ toma bee a wuoro pɛmɛ,","Good morning, how are you? We should not be lazy and wait for things to be given to us. We must work hard to get what we want.",Dec 12 output,,24.271019955161695,3.5689481241136556,3.9191778435812576
"You are a bunch of evil snakes, so how can you say anything good? Your words show what is in your hearts.","Yɛnee dompane boorɔ ŋa! Yɛ naŋ waa nenfaare, wola ka yɛ na toɔ̃ yeli yelsonne? Bonso, bonna naŋ be a sukyiri poɔ la ka a noɔre maŋ yele.","We are not children anymore! We are grown now, what are we waiting for? Let's go and build our own houses. We will not be staying in someone else's house.",Dec 12 output,,21.988261478780025,3.5689481241136556,3.9191778435812576
"People were eating, drinking, and getting married right up to the day the flood came and Noah went into the big boat.","Aŋa a bebie na poɔ a kɔmpiiri naŋ da ba wa sɛre, ka noba da dire kyɛ nyuuro, ka dɔbɔ derɛ pɔgeba, ka pɔgeba meŋ kulo serebɛ, a te ta daare na a Nowa naŋ kpɛ a gbori,","The woman went to the computer to type, but she didn't know how to use it, so she asked the man to teach her, and the man said he would teach her tomorrow.",Dec 12 output,,20.497037978672413,3.5689481241136556,3.9191778435812576
"Everyone answered, “We and our own families will take the blame for his death!”","Lɛ la ka a noba zaa pabo laŋ yeli, “Ka a Yeezu zẽẽ do te ne te biiri.”","They said to him, ""You are Jesus, the Son of God.""",Dec 12 output,,10.183984570584888,3.5689481241136556,3.9191778435812576
"“In Ramah a voice was heard crying and weeping loudly. Rachel was mourning for her children, and she refused to be comforted, because they were dead.” The Return from Egypt","“Ba da woŋ la neɛ kaŋ kɔkɔre naŋ yire Urama poɔ, neɛ kaŋ naŋ ŋmeɛrɛ kpɛlle erɛ nemba-yɛlɛ, Urakɛɛl kono hiine la o biiri yɛlɛ, a ba sage ka ba mɔgle o, bonso, a o biiri ba la kyebe.” A Igyipiti Teŋɛ Leɛ Yi Waabo Yɛlɛ","“He went to the farm and saw a big snake, and it was coiled around a tree, and he was afraid, and he ran away quickly. He went and told his father, and his father said, “Go and kill it.”",onesimus_CF2838B3_Dec 03 output,,18.838815099270462,3.5689481241136556,3.9191778435812576
Why worry about clothes? Look how the wild flowers grow. They don't work hard to make their clothes.,"Ka bonso, ka yɛ kyerɛ bonsuuri yɛlɛ? Yɛ kaa nyɛ a baa pɛmpɛllɛ naŋ maŋ baara lɛ. A ba tonɔ toma bee a wuoro pɛmɛ,","Good morning, how are you? We are going to talk about the importance of unity. If we are united, we can overcome any obstacle.",onesimus_CF2838B3_Dec 03 output,,18.111258349849262,3.5689481241136556,3.9191778435812576
"You are a bunch of evil snakes, so how can you say anything good? Your words show what is in your hearts.","Yɛnee dompane boorɔ ŋa! Yɛ naŋ waa nenfaare, wola ka yɛ na toɔ̃ yeli yelsonne? Bonso, bonna naŋ be a sukyiri poɔ la ka a noɔre maŋ yele.","We are not children anymore! We are adults now, so why should we be afraid? Therefore, let us all come together and build our community.",onesimus_CF2838B3_Dec 03 output,,20.940950804222012,3.5689481241136556,3.9191778435812576
"People were eating, drinking, and getting married right up to the day the flood came and Noah went into the big boat.","Aŋa a bebie na poɔ a kɔmpiiri naŋ da ba wa sɛre, ka noba da dire kyɛ nyuuro, ka dɔbɔ derɛ pɔgeba, ka pɔgeba meŋ kulo serebɛ, a te ta daare na a Nowa naŋ kpɛ a gbori,","The man went to the computer and started working, but he didn't know how to use it, so he asked for help from someone who knew how to use it, and that person taught him how to use it.",onesimus_CF2838B3_Dec 03 output,,22.66799949025787,3.5689481241136556,3.9191778435812576
"Everyone answered, “We and our own families will take the blame for his death!”","Lɛ la ka a noba zaa pabo laŋ yeli, “Ka a Yeezu zẽẽ do te ne te biiri.”","He said to them, “Whoever wants to follow me must deny himself and take up his cross.”",onesimus_CF2838B3_Dec 03 output,,20.857640543734128,3.5689481241136556,3.9191778435812576
"“In Ramah a voice was heard crying and weeping loudly. Rachel was mourning for her children, and she refused to be comforted, because they were dead.” The Return from Egypt","“Ba da woŋ la neɛ kaŋ kɔkɔre naŋ yire Urama poɔ, neɛ kaŋ naŋ ŋmeɛrɛ kpɛlle erɛ nemba-yɛlɛ, Urakɛɛl kono hiine la o biiri yɛlɛ, a ba sage ka ba mɔgle o, bonso, a o biiri ba la kyebe.” A Igyipiti Teŋɛ Leɛ Yi Waabo Yɛlɛ","“He went to the farm and saw that the corn was ripe, so he harvested it and brought it home. He then went to the market and sold it. He used the money to buy clothes, and he was happy.” A Igyipiti Teŋɛ Leɛ Yi Waabo Yɛlɛ",john_BA3F5F9A_output (3),,22.121709915061537,3.5689481241136556,3.9191778435812576
Why worry about clothes? Look how the wild flowers grow. They don't work hard to make their clothes.,"Ka bonso, ka yɛ kyerɛ bonsuuri yɛlɛ? Yɛ kaa nyɛ a baa pɛmpɛllɛ naŋ maŋ baara lɛ. A ba tonɔ toma bee a wuoro pɛmɛ,","Good morning, how are you? We should not be lazy and wait for things to be given to us. We must work hard to get what we want.",john_BA3F5F9A_output (3),,24.271019955161695,3.5689481241136556,3.9191778435812576
"You are a bunch of evil snakes, so how can you say anything good? Your words show what is in your hearts.","Yɛnee dompane boorɔ ŋa! Yɛ naŋ waa nenfaare, wola ka yɛ na toɔ̃ yeli yelsonne? Bonso, bonna naŋ be a sukyiri poɔ la ka a noɔre maŋ yele.","We are not children anymore! We are now adults, so what should we be doing? Therefore, let us all strive to do good things so that we can be praised.",john_BA3F5F9A_output (3),,25.033791861724865,3.5689481241136556,3.9191778435812576
"People were eating, drinking, and getting married right up to the day the flood came and Noah went into the big boat.","Aŋa a bebie na poɔ a kɔmpiiri naŋ da ba wa sɛre, ka noba da dire kyɛ nyuuro, ka dɔbɔ derɛ pɔgeba, ka pɔgeba meŋ kulo serebɛ, a te ta daare na a Nowa naŋ kpɛ a gbori,","The man went to the computer and started working, but he didn't know how to use it, so he asked for help, and they showed him how to use it, and he was able to use it well, and he was happy.",john_BA3F5F9A_output (3),,22.178200083534186,3.5689481241136556,3.9191778435812576
"Everyone answered, “We and our own families will take the blame for his death!”","Lɛ la ka a noba zaa pabo laŋ yeli, “Ka a Yeezu zẽẽ do te ne te biiri.”","He said to them, ""Whoever believes in Jesus will not perish but have eternal life.""",john_BA3F5F9A_output (3),,18.161326014721688,3.5689481241136556,3.9191778435812576
