Model,Similarity Score (%),Raw Score
gemma2-9b-it,30.46%,30.463913868
kimi-k2-instruct-0905,30.30%,30.303743815999994
qwen3-32b,29.87%,29.865818808
llama-4-maverick-17b-128e-instruct,22.62%,22.615229992
gpt-oss-120b,12.11%,12.112862728
