Model,Similarity Score (%),Raw Score
kimi-k2-instruct-0905,39.24%,39.2380192
llama-4-maverick-17b-128e-instruct,28.38%,28.376539999999995
qwen3-32b,25.39%,25.3850156
gemma2-9b-it,18.65%,18.652487400000002
gpt-oss-120b,9.60%,9.604903760000001
