Model,Similarity Score (%),Raw Score
kimi-k2-instruct-0905,34.07%,34.06875291
qwen3-235b-a22b,33.35%,33.347612293333334
deepseek-v3.1,30.63%,30.632402799999998
gemma2-9b-it,30.46%,30.463913868
qwen3-32b,29.87%,29.865818808
llama-3.3-70b-instruct,29.03%,29.02855013333333
llama-3.1-405b-instruct,26.61%,26.608940086666667
llama-4-maverick-17b-128e-instruct,22.62%,22.615229992
gpt-oss-120b,12.11%,12.112862728
