Model,Similarity Score (%),Raw Score
kimi-k2-instruct-0905,35.53%,35.528706736
qwen3-235b-a22b,31.33%,31.329251935999995
deepseek-v3.1,30.72%,30.72409524
gemma2-9b-it,30.46%,30.463913868
llama-3.3-70b-instruct,30.26%,30.259640840000003
qwen3-32b,29.87%,29.865818808
llama-3.1-405b-instruct,29.63%,29.625518547999995
llama-4-maverick-17b-128e-instruct,22.62%,22.615229992
gpt-oss-120b,12.11%,12.112862728
