Model,Similarity Score (%),Raw Score
kimi-k2-instruct-0905,29.77%,29.766809570000007
gemma2-9b-it,29.05%,29.051555299999997
qwen3-32b,28.94%,28.940327760000006
llama-4-maverick-17b-128e-instruct,23.24%,23.240130765
gpt-oss-120b,12.73%,12.728923435
