Model,Similarity Score (%),Raw Score
kimi-k2-instruct-0905,34.53%,34.52515439555555
qwen3-235b-a22b,31.56%,31.56245002
gemma2-9b-it,30.46%,30.463913868
qwen3-32b,29.87%,29.865818808
deepseek-v3.1,29.71%,29.71012
llama-3.3-70b-instruct,29.17%,29.17046505
llama-3.1-405b-instruct,28.29%,28.289884115000007
llama-4-maverick-17b-128e-instruct,22.62%,22.615229992
gpt-oss-120b,12.11%,12.112862728
