Model,Similarity Score (%),Raw Score
llama-3.3-70b-instruct,35.16%,35.1625882
kimi-k2-instruct-0905,33.37%,33.36826041333333
gemma2-9b-it,30.46%,30.463913868
qwen3-32b,29.87%,29.865818808
llama-3.1-405b-instruct,27.72%,27.723707060000002
llama-4-maverick-17b-128e-instruct,22.62%,22.615229992
qwen3-235b-a22b,18.09%,18.09454488
deepseek-v3.1,14.22%,14.217148000000002
gpt-oss-120b,12.11%,12.112862728
