{
  "language_pair": "tpm-eng",
  "timestamp": "2025-09-25T08:31:21.841138",
  "models": {
    "qwen3-32b": 25.3850156,
    "gpt-oss-120b": 9.604903760000001,
    "kimi-k2-instruct-0905": 39.2380192,
    "gemma2-9b-it": 18.652487400000002,
    "llama-4-maverick-17b-128e-instruct": 28.376539999999995
  },
  "average_score": 24.251393192,
  "best_model": "kimi-k2-instruct-0905",
  "best_score": 39.2380192
}