{
  "language_pair": "tpm-eng",
  "timestamp": "2026-01-12T13:35:20.454708",
  "models": {
    "gemma-2-9b-it": 41.242462668130386,
    "qwen3-32b": 29.865818807999993,
    "gpt-oss-120b": 33.36491126564484,
    "kimi-k2-instruct-0905": 42.441672957891555,
    "qwq-32b": 36.26705654336241,
    "deepseek-v3.1": 44.64669597894842,
    "qwen3-235b-a22b": 43.745145833080365,
    "gemma2-9b-it": 30.463913868,
    "gemma-2-27b-it": 43.45488031216056,
    "mistral-7b-instruct-v0.3": 36.711679600000004,
    "llama-3.1-405b-instruct": 47.96531324974206,
    "seed-oss-36b-instruct": 41.95615436551724,
    "mistral-medium-3-instruct": 43.574956373599136,
    "llama-3.3-70b-instruct": 46.10040396618304,
    "llama-4-maverick-17b-128e-instruct": 46.68009883088294,
    "palmyra-med-70b": 28.231619100000003
  },
  "average_score": 39.794548982571435,
  "best_model": "llama-3.1-405b-instruct",
  "best_score": 47.96531324974206
}