{
  "language_pair": "tpm-eng",
  "timestamp": "2026-01-29T11:31:15.312311",
  "models": {
    "bleu": {
      "gemma-2-9b-it": 10.460383410846786,
      "qwen3-32b": 9.735849857024899,
      "gemini-2.5-flash": 40.4155598903426,
      "gpt-oss-120b": 8.097785064266205,
      "kimi-k2-instruct-0905": 27.694132751313415,
      "qwq-32b": 9.238430210261097,
      "deepseek-v3.1": 21.042990347620457,
      "qwen3-235b-a22b": 14.346560311240353,
      "gpt-4.1": 36.27358414210598,
      "gemma2-9b-it": 3.369534615332503,
      "gemma-2-27b-it": 7.241459671724352,
      "mistral-7b-instruct-v0.3": 1.905004099711834,
      "llama-3.1-405b-instruct": 26.084743001221455,
      "seed-oss-36b-instruct": 7.148072814198279,
      "mistral-medium-3-instruct": 39.84681131627587,
      "llama-3.3-70b-instruct": 40.38813707553217,
      "llama-4-maverick-17b-128e-instruct": 70.00700175052519,
      "palmyra-med-70b": 7.200062223352653,
      "claude-sonnet-4-5": 40.33334954689551
    },
    "chrf": {
      "gemma-2-9b-it": 17.907334598157238,
      "qwen3-32b": 22.437829744013825,
      "gemini-2.5-flash": 22.963205452636508,
      "gpt-oss-120b": 19.011811028391836,
      "kimi-k2-instruct-0905": 25.771312573614395,
      "qwq-32b": 19.966152243156866,
      "deepseek-v3.1": 23.305303296924073,
      "qwen3-235b-a22b": 23.773682909456365,
      "gpt-4.1": 24.305651547589672,
      "gemma2-9b-it": 19.799376849211967,
      "gemma-2-27b-it": 21.369501884375527,
      "mistral-7b-instruct-v0.3": 23.747410923422375,
      "llama-3.1-405b-instruct": 28.579887934057002,
      "seed-oss-36b-instruct": 22.003497147060244,
      "mistral-medium-3-instruct": 25.47796368371648,
      "llama-3.3-70b-instruct": 24.62871708892374,
      "llama-4-maverick-17b-128e-instruct": 27.010924271827644,
      "palmyra-med-70b": 22.051744666327075,
      "claude-sonnet-4-5": 25.268486838132922
    },
    "average": {
      "gemma-2-9b-it": 14.183859004502011,
      "qwen3-32b": 16.086839800519364,
      "gemini-2.5-flash": 31.689382671489554,
      "gpt-oss-120b": 13.55479804632902,
      "kimi-k2-instruct-0905": 26.732722662463907,
      "qwq-32b": 14.602291226708981,
      "deepseek-v3.1": 22.174146822272263,
      "qwen3-235b-a22b": 19.06012161034836,
      "gpt-4.1": 30.289617844847825,
      "gemma2-9b-it": 11.584455732272236,
      "gemma-2-27b-it": 14.30548077804994,
      "mistral-7b-instruct-v0.3": 12.826207511567105,
      "llama-3.1-405b-instruct": 27.332315467639226,
      "seed-oss-36b-instruct": 14.575784980629262,
      "mistral-medium-3-instruct": 32.66238749999617,
      "llama-3.3-70b-instruct": 32.50842708222795,
      "llama-4-maverick-17b-128e-instruct": 48.50896301117642,
      "palmyra-med-70b": 14.625903444839864,
      "claude-sonnet-4-5": 32.80091819251422
    }
  },
  "best_model": "llama-4-maverick-17b-128e-instruct",
  "best_model_scores": {
    "BLEU": 70.00700175052519,
    "chrF": 27.010924271827644,
    "Average": 48.50896301117642
  }
}