{
  "language_pair": "tpm-eng",
  "timestamp": "2026-01-16T11:13:54.285208",
  "models": {
    "gemma-2-9b-it": 38.11403061113591,
    "qwen3-32b": 29.865818807999993,
    "gpt-oss-120b": 33.38664065112707,
    "kimi-k2-instruct-0905": 42.522104042753426,
    "qwq-32b": 35.881452632430864,
    "deepseek-v3.1": 44.57846465696691,
    "qwen3-235b-a22b": 43.914462430831804,
    "chatgpt": 0.0,
    "gemma2-9b-it": 30.463913868,
    "gemma-2-27b-it": 42.22378784566964,
    "mistral-7b-instruct-v0.3": 36.711679600000004,
    "llama-3.1-405b-instruct": 48.20130526722426,
    "seed-oss-36b-instruct": 41.98065739826389,
    "mistral-medium-3-instruct": 43.783725259499015,
    "llama-3.3-70b-instruct": 46.17671465764878,
    "llama-4-maverick-17b-128e-instruct": 46.8926863479136,
    "claude": 40.62982749938965,
    "palmyra-med-70b": 28.231619100000003,
    "gemini": 36.70369338989258
  },
  "average_score": 37.38224126667092,
  "best_model": "llama-3.1-405b-instruct",
  "best_score": 48.20130526722426
}