{
  "language_pair": "tpm-eng",
  "timestamp": "2025-10-18T06:38:04.114412",
  "models": {
    "qwen3-32b": 29.865818808,
    "gpt-oss-120b": 12.112862728,
    "kimi-k2-instruct-0905": 34.06875291,
    "deepseek-v3.1": 30.632402799999998,
    "qwen3-235b-a22b": 33.347612293333334,
    "gemma2-9b-it": 30.463913868,
    "llama-3.1-405b-instruct": 26.608940086666667,
    "llama-3.3-70b-instruct": 29.02855013333333,
    "llama-4-maverick-17b-128e-instruct": 22.615229992
  },
  "average_score": 27.63823151325926,
  "best_model": "kimi-k2-instruct-0905",
  "best_score": 34.06875291
}