{
  "language_pair": "tpm-eng",
  "timestamp": "2026-01-14T12:27:16.806400",
  "models": {
    "gemma-2-9b-it": 38.11457314585813,
    "qwen3-32b": 29.865818807999993,
    "gpt-oss-120b": 33.38657782081916,
    "kimi-k2-instruct-0905": 42.522104042753426,
    "qwq-32b": 35.881452632430864,
    "deepseek-v3.1": 44.58248579667279,
    "qwen3-235b-a22b": 43.914462430831804,
    "gemma2-9b-it": 30.463913868,
    "gemma-2-27b-it": 42.229620093933534,
    "mistral-7b-instruct-v0.3": 36.711679600000004,
    "llama-3.1-405b-instruct": 48.201197558124996,
    "seed-oss-36b-instruct": 41.985443329563495,
    "mistral-medium-3-instruct": 43.78351212085814,
    "llama-3.3-70b-instruct": 46.17682236674805,
    "llama-4-maverick-17b-128e-instruct": 46.892865863079045,
    "palmyra-med-70b": 28.231619100000003
  },
  "average_score": 39.55900928610459,
  "best_model": "llama-3.1-405b-instruct",
  "best_score": 48.201197558124996
}