{
  "language_pair": "tpm-eng",
  "timestamp": "2026-01-16T14:45:14.848101",
  "models": {
    "gemma-2-9b-it": 38.11582291334325,
    "qwen3-32b": 29.865818807999993,
    "gpt-oss-120b": 33.386674310220585,
    "kimi-k2-instruct-0905": 42.522104042753426,
    "qwq-32b": 35.87957313714317,
    "deepseek-v3.1": 44.57659769924632,
    "qwen3-235b-a22b": 43.914641945997246,
    "chatgpt": 36.179893493652344,
    "gemma2-9b-it": 30.463913868,
    "gemma-2-27b-it": 42.22764371744544,
    "mistral-7b-instruct-v0.3": 36.711679600000004,
    "llama-3.1-405b-instruct": 48.200694915661764,
    "seed-oss-36b-instruct": 41.98548208204365,
    "mistral-medium-3-instruct": 43.7849653388641,
    "llama-3.3-70b-instruct": 46.18076496856905,
    "llama-4-maverick-17b-128e-instruct": 46.88968844465074,
    "claude": 40.6307430267334,
    "palmyra-med-70b": 28.231619100000003,
    "gemini": 36.70551681518555
  },
  "average_score": 39.28704411723737,
  "best_model": "llama-3.1-405b-instruct",
  "best_score": 48.200694915661764
}