{
  "language_pair": "tpm-eng",
  "timestamp": "2026-01-28T14:52:40.703696",
  "models": {
    "bleu": {
      "gemma-2-9b-it": 2.7626291751109884,
      "qwen3-32b": 3.3375844364949425,
      "gemini-2.5-flash": 4.198699125704934,
      "gpt-oss-120b": 3.536122522419424,
      "kimi-k2-instruct-0905": 5.711954495538969,
      "qwq-32b": 2.9039123547599845,
      "deepseek-v3.1": 4.0550008284863575,
      "qwen3-235b-a22b": 4.674484247113447,
      "gpt-4.1": 5.6146318482804585,
      "gemma2-9b-it": 2.230364183707363,
      "gemma-2-27b-it": 2.9862099301265763,
      "mistral-7b-instruct-v0.3": 2.0234462804688182,
      "llama-3.1-405b-instruct": 7.592909212603857,
      "seed-oss-36b-instruct": 3.1658234449065574,
      "mistral-medium-3-instruct": 7.4785636355503105,
      "llama-3.3-70b-instruct": 6.321410773405543,
      "llama-4-maverick-17b-128e-instruct": 10.62555909217706,
      "palmyra-med-70b": 2.787791734966695,
      "claude-sonnet-4-5": 5.101782017104269
    },
    "chrf": {
      "gemma-2-9b-it": 17.907334598157238,
      "qwen3-32b": 22.437829744013825,
      "gemini-2.5-flash": 22.963205452636508,
      "gpt-oss-120b": 19.011811028391836,
      "kimi-k2-instruct-0905": 25.771312573614395,
      "qwq-32b": 19.966152243156866,
      "deepseek-v3.1": 23.305303296924073,
      "qwen3-235b-a22b": 23.773682909456365,
      "gpt-4.1": 24.305651547589672,
      "gemma2-9b-it": 19.799376849211967,
      "gemma-2-27b-it": 21.369501884375527,
      "mistral-7b-instruct-v0.3": 23.747410923422375,
      "llama-3.1-405b-instruct": 28.579887934057002,
      "seed-oss-36b-instruct": 22.003497147060244,
      "mistral-medium-3-instruct": 25.47796368371648,
      "llama-3.3-70b-instruct": 24.62871708892374,
      "llama-4-maverick-17b-128e-instruct": 27.010924271827644,
      "palmyra-med-70b": 22.051744666327075,
      "claude-sonnet-4-5": 25.268486838132922
    },
    "average": {
      "gemma-2-9b-it": 10.334981886634113,
      "qwen3-32b": 12.887707090254382,
      "gemini-2.5-flash": 13.58095228917072,
      "gpt-oss-120b": 11.27396677540563,
      "kimi-k2-instruct-0905": 15.741633534576682,
      "qwq-32b": 11.435032298958424,
      "deepseek-v3.1": 13.680152062705215,
      "qwen3-235b-a22b": 14.224083578284906,
      "gpt-4.1": 14.960141697935063,
      "gemma2-9b-it": 11.014870516459665,
      "gemma-2-27b-it": 12.177855907251052,
      "mistral-7b-instruct-v0.3": 12.8854286019456,
      "llama-3.1-405b-instruct": 18.08639857333043,
      "seed-oss-36b-instruct": 12.5846602959834,
      "mistral-medium-3-instruct": 16.47826365963339,
      "llama-3.3-70b-instruct": 15.475063931164641,
      "llama-4-maverick-17b-128e-instruct": 18.818241682002352,
      "palmyra-med-70b": 12.419768200646885,
      "claude-sonnet-4-5": 15.185134427618596
    }
  },
  "best_model": "llama-4-maverick-17b-128e-instruct",
  "best_model_scores": {
    "BLEU": 10.62555909217706,
    "chrF": 27.010924271827644,
    "Average": 18.818241682002352
  }
}