Model,Similarity Score (%),Raw Score
kimi-k2-instruct-0905,27.45%,27.45429908
qwen3-32b,24.22%,24.216831236
gemma2-9b-it,24.21%,24.20767646
llama-4-maverick-17b-128e-instruct,21.54%,21.540572403999995
gpt-oss-120b,18.35%,18.345652647999998
