Model,Similarity Score (%),Raw Score
kimi-k2-instruct-0905,24.46%,24.463231800000003
qwen3-32b,24.22%,24.219160000000002
gemma2-9b-it,17.39%,17.389549799999998
llama-4-maverick-17b-128e-instruct,16.47%,16.4696907
gpt-oss-120b,8.43%,8.426015099999999
