Model,Similarity Score (%),Raw Score
llama-3.1-405b-instruct,41.37%,41.3668838
deepseek-v3.1,35.94%,35.9385792
llama-3.3-70b-instruct,34.23%,34.2307154
qwen3-235b-a22b,27.36%,27.3569554
kimi-k2-instruct-0905,27.35%,27.3526456
qwen3-32b,24.22%,24.216831236
gemma2-9b-it,24.21%,24.20767646
llama-4-maverick-17b-128e-instruct,21.54%,21.540572403999995
gpt-oss-120b,18.35%,18.345652647999998
