Model,Similarity Score (%),Raw Score
deepseek-v3.1,34.04%,34.0405878
qwen3-235b-a22b,33.22%,33.2235562
llama-3.1-405b-instruct,31.54%,31.542411450000003
kimi-k2-instruct-0905,30.78%,30.778157911111116
llama-3.3-70b-instruct,28.64%,28.638725800000003
qwen3-32b,24.22%,24.216831236
gemma2-9b-it,24.21%,24.207676459999995
llama-4-maverick-17b-128e-instruct,21.54%,21.540572404000002
gpt-oss-120b,18.35%,18.345652647999998
