Model,Similarity Score (%),Raw Score
qwen3-235b-a22b,33.45%,33.44553504
kimi-k2-instruct-0905,31.63%,31.631358039999995
deepseek-v3.1,31.63%,31.628709
llama-3.1-405b-instruct,29.92%,29.920973359999998
llama-3.3-70b-instruct,25.79%,25.788303239999998
qwen3-32b,24.22%,24.216831236
gemma2-9b-it,24.21%,24.207676459999995
llama-4-maverick-17b-128e-instruct,21.54%,21.540572404000002
gpt-oss-120b,18.35%,18.345652647999998
