Model,Similarity Score (%),Raw Score
kimi-k2-instruct-0905,27.41%,27.408604750000006
qwen3-32b,25.83%,25.831396275000003
gemma2-9b-it,24.84%,24.840826669999995
llama-4-maverick-17b-128e-instruct,20.44%,20.441619605
gpt-oss-120b,15.90%,15.89590971
