Model,Similarity Score (%),Raw Score
qwen3-235b-a22b,34.07%,34.065621333333326
llama-3.1-405b-instruct,33.69%,33.69059666666667
deepseek-v3.1,31.82%,31.82489946666667
kimi-k2-instruct-0905,30.71%,30.705864675
llama-3.3-70b-instruct,26.68%,26.677312199999996
qwen3-32b,24.22%,24.216831236
gemma2-9b-it,24.21%,24.207676459999995
llama-4-maverick-17b-128e-instruct,21.54%,21.540572404000002
gpt-oss-120b,18.35%,18.345652647999998
