{
  "language_pair": "nzi-eng",
  "timestamp": "2026-01-14T12:27:15.309633",
  "models": {
    "llama-4-maverick-17b-128e-instruct": 21.553153696409407,
    "llama-3.1-405b-instruct": 21.419605241980697,
    "qwen3-235b-a22b": 21.955076241808722,
    "gemma-2-9b-it": 18.717361446014074,
    "qwen3-32b": 24.216831236,
    "mistral-7b-instruct-v0.3": 26.5963276,
    "seed-oss-36b-instruct": 16.31926102399515,
    "gemma2-9b-it": 24.20767646,
    "llama-3.3-70b-instruct": 18.87509788704963,
    "gemma-2-27b-it": 20.25534219014447,
    "gpt-oss-120b": 20.12736966650046,
    "mistral-medium-3-instruct": 20.51558100237475,
    "kimi-k2-instruct-0905": 26.236949390839044,
    "deepseek-v3.1": 20.358553805773926,
    "qwq-32b": 17.166925676574902,
    "palmyra-med-70b": 25.720763369999993
  },
  "average_score": 21.51511724596658,
  "best_model": "mistral-7b-instruct-v0.3",
  "best_score": 26.5963276
}