{
  "language_pair": "nzi-eng",
  "timestamp": "2026-01-28T14:52:31.627141",
  "models": {
    "bleu": {
      "llama-4-maverick-17b-128e-instruct": 2.59827732974189,
      "llama-3.1-405b-instruct": 2.0284646103204795,
      "qwen3-235b-a22b": 2.5422494568943406,
      "gemma-2-9b-it": 3.2147446883122885,
      "qwen3-32b": 2.024553767305908,
      "mistral-7b-instruct-v0.3": 1.7790455165827574,
      "seed-oss-36b-instruct": 1.7435932004311896,
      "gemma2-9b-it": 2.9527661550491846,
      "llama-3.3-70b-instruct": 2.20861605628733,
      "gemini-2.5-flash": 12.21134439689733,
      "gemma-2-27b-it": 3.0692995601341284,
      "claude-sonnet-4-5": 4.4894928165503325,
      "gpt-oss-120b": 3.3150224426414647,
      "gpt-4.1": 4.128146682102372,
      "mistral-medium-3-instruct": 2.5269125537623616,
      "kimi-k2-instruct-0905": 3.3663822174959876,
      "deepseek-v3.1": 2.6702928389468235,
      "qwq-32b": 1.9990423617490611,
      "palmyra-med-70b": 2.103341342335527
    },
    "chrf": {
      "llama-4-maverick-17b-128e-instruct": 21.653607623698168,
      "llama-3.1-405b-instruct": 21.757723749879258,
      "qwen3-235b-a22b": 20.238072714928286,
      "gemma-2-9b-it": 19.182053560474003,
      "qwen3-32b": 18.25424245001267,
      "mistral-7b-instruct-v0.3": 19.053851729397067,
      "seed-oss-36b-instruct": 19.50175154510081,
      "gemma2-9b-it": 19.305487723587227,
      "llama-3.3-70b-instruct": 21.02477681957269,
      "gemini-2.5-flash": 37.713797297236795,
      "gemma-2-27b-it": 20.492604830545137,
      "claude-sonnet-4-5": 25.031563484924984,
      "gpt-oss-120b": 21.02955204302559,
      "gpt-4.1": 22.971330602804397,
      "mistral-medium-3-instruct": 20.940379378362266,
      "kimi-k2-instruct-0905": 22.928737030899416,
      "deepseek-v3.1": 21.29405098413759,
      "qwq-32b": 19.792207064465327,
      "palmyra-med-70b": 19.044436857949158
    },
    "average": {
      "llama-4-maverick-17b-128e-instruct": 12.125942476720029,
      "llama-3.1-405b-instruct": 11.893094180099867,
      "qwen3-235b-a22b": 11.390161085911314,
      "gemma-2-9b-it": 11.198399124393145,
      "qwen3-32b": 10.139398108659286,
      "mistral-7b-instruct-v0.3": 10.416448622989913,
      "seed-oss-36b-instruct": 10.622672372766,
      "gemma2-9b-it": 11.129126939318205,
      "llama-3.3-70b-instruct": 11.616696437930013,
      "gemini-2.5-flash": 24.96257084706706,
      "gemma-2-27b-it": 11.780952195339633,
      "claude-sonnet-4-5": 14.760528150737658,
      "gpt-oss-120b": 12.172287242833528,
      "gpt-4.1": 13.549738642453383,
      "mistral-medium-3-instruct": 11.733645966062314,
      "kimi-k2-instruct-0905": 13.147559624197703,
      "deepseek-v3.1": 11.982171911542208,
      "qwq-32b": 10.895624713107194,
      "palmyra-med-70b": 10.573889100142342
    }
  },
  "best_model": "gemini-2.5-flash",
  "best_model_scores": {
    "BLEU": 12.21134439689733,
    "chrF": 37.713797297236795,
    "Average": 24.96257084706706
  }
}