{
  "language_pair": "nzi-eng",
  "timestamp": "2026-01-12T13:35:17.383521",
  "models": {
    "llama-4-maverick-17b-128e-instruct": 21.636898388104232,
    "llama-3.1-405b-instruct": 21.501880692113097,
    "qwen3-235b-a22b": 22.03695887190949,
    "gemma-2-9b-it": 20.195080456631533,
    "qwen3-32b": 24.216831236,
    "mistral-7b-instruct-v0.3": 26.5963276,
    "seed-oss-36b-instruct": 16.411086825540057,
    "gemma2-9b-it": 24.20767646,
    "llama-3.3-70b-instruct": 18.87788614631448,
    "gemma-2-27b-it": 20.67682165309469,
    "gpt-oss-120b": 20.065096003344497,
    "mistral-medium-3-instruct": 20.61252642506903,
    "kimi-k2-instruct-0905": 26.411504008415665,
    "deepseek-v3.1": 20.055736091403926,
    "qwq-32b": 17.286388368756732,
    "palmyra-med-70b": 25.720763369999993
  },
  "average_score": 21.656841412293588,
  "best_model": "mistral-7b-instruct-v0.3",
  "best_score": 26.5963276
}