{
  "language_pair": "nzi-eng",
  "timestamp": "2025-10-24T14:23:40.009257",
  "models": {
    "llama-4-maverick-17b-128e-instruct": 21.540572404000002,
    "llama-3.1-405b-instruct": 29.920973359999998,
    "qwen3-235b-a22b": 33.44553504,
    "qwen3-32b": 24.216831236,
    "gemma2-9b-it": 24.207676459999995,
    "llama-3.3-70b-instruct": 25.788303239999998,
    "gpt-oss-120b": 18.345652647999998,
    "kimi-k2-instruct-0905": 31.631358039999995,
    "deepseek-v3.1": 31.628709
  },
  "average_score": 26.747290158666665,
  "best_model": "qwen3-235b-a22b",
  "best_score": 33.44553504
}