{
  "language_pair": "nzi-eng",
  "timestamp": "2026-01-29T11:31:07.248460",
  "models": {
    "bleu": {
      "llama-4-maverick-17b-128e-instruct": 10.166724095023941,
      "llama-3.1-405b-instruct": 5.064476165466095,
      "qwen3-235b-a22b": 2.313323747289043,
      "gemma-2-9b-it": 4.281367932783891,
      "qwen3-32b": 3.919422304459003,
      "mistral-7b-instruct-v0.3": 3.989382828456147,
      "seed-oss-36b-instruct": 3.1395389147519444,
      "gemma2-9b-it": 1.0242208803835822,
      "llama-3.3-70b-instruct": 6.675949922756163,
      "gemini-2.5-flash": 25.34743707366163,
      "gemma-2-27b-it": 6.07128396953431,
      "claude-sonnet-4-5": 11.705589020696324,
      "gpt-oss-120b": 4.668049023095242,
      "gpt-4.1": 6.327087675326759,
      "mistral-medium-3-instruct": 6.132766968630185,
      "kimi-k2-instruct-0905": 4.149070930703817,
      "deepseek-v3.1": 3.9016631127179093,
      "qwq-32b": 4.487549787132853,
      "palmyra-med-70b": 4.087670487427096
    },
    "chrf": {
      "llama-4-maverick-17b-128e-instruct": 21.653607623698168,
      "llama-3.1-405b-instruct": 21.757723749879258,
      "qwen3-235b-a22b": 20.238072714928286,
      "gemma-2-9b-it": 19.182053560474003,
      "qwen3-32b": 18.25424245001267,
      "mistral-7b-instruct-v0.3": 19.053851729397067,
      "seed-oss-36b-instruct": 19.50175154510081,
      "gemma2-9b-it": 19.305487723587227,
      "llama-3.3-70b-instruct": 21.02477681957269,
      "gemini-2.5-flash": 37.713797297236795,
      "gemma-2-27b-it": 20.492604830545137,
      "claude-sonnet-4-5": 25.031563484924984,
      "gpt-oss-120b": 21.02955204302559,
      "gpt-4.1": 22.971330602804397,
      "mistral-medium-3-instruct": 20.940379378362266,
      "kimi-k2-instruct-0905": 22.928737030899416,
      "deepseek-v3.1": 21.29405098413759,
      "qwq-32b": 19.792207064465327,
      "palmyra-med-70b": 19.044436857949158
    },
    "average": {
      "llama-4-maverick-17b-128e-instruct": 15.910165859361054,
      "llama-3.1-405b-instruct": 13.411099957672675,
      "qwen3-235b-a22b": 11.275698231108665,
      "gemma-2-9b-it": 11.731710746628947,
      "qwen3-32b": 11.086832377235837,
      "mistral-7b-instruct-v0.3": 11.521617278926607,
      "seed-oss-36b-instruct": 11.320645229926377,
      "gemma2-9b-it": 10.164854301985404,
      "llama-3.3-70b-instruct": 13.850363371164427,
      "gemini-2.5-flash": 31.530617185449213,
      "gemma-2-27b-it": 13.281944400039723,
      "claude-sonnet-4-5": 18.368576252810655,
      "gpt-oss-120b": 12.848800533060416,
      "gpt-4.1": 14.649209139065578,
      "mistral-medium-3-instruct": 13.536573173496226,
      "kimi-k2-instruct-0905": 13.538903980801617,
      "deepseek-v3.1": 12.59785704842775,
      "qwq-32b": 12.13987842579909,
      "palmyra-med-70b": 11.566053672688128
    }
  },
  "best_model": "gemini-2.5-flash",
  "best_model_scores": {
    "BLEU": 25.34743707366163,
    "chrF": 37.713797297236795,
    "Average": 31.530617185449213
  }
}