{
  "language_pair": "nzi-eng",
  "timestamp": "2025-10-18T17:11:58.971868",
  "models": {
    "llama-4-maverick-17b-128e-instruct": 21.540572404000002,
    "llama-3.1-405b-instruct": 31.542411450000003,
    "qwen3-235b-a22b": 33.2235562,
    "qwen3-32b": 24.216831236,
    "gemma2-9b-it": 24.207676459999995,
    "llama-3.3-70b-instruct": 28.638725800000003,
    "gpt-oss-120b": 18.345652647999998,
    "kimi-k2-instruct-0905": 30.778157911111116,
    "deepseek-v3.1": 34.0405878
  },
  "average_score": 27.392685767679012,
  "best_model": "deepseek-v3.1",
  "best_score": 34.0405878
}