Model,Similarity Score (%),Raw Score
gemma2-9b-it,37.80%,37.802092703999996
llama-3.1-405b-instruct,35.97%,35.973334333333334
llama-4-maverick-17b-128e-instruct,33.84%,33.839363704
qwen3-235b-a22b,33.31%,33.31081106666667
qwen3-32b,33.28%,33.281943938
llama-3.3-70b-instruct,32.20%,32.20369036
kimi-k2-instruct-0905,31.96%,31.958355569000002
deepseek-v3.1,29.89%,29.88854979333333
gpt-oss-120b,21.56%,21.56242336
