Model,Similarity Score (%),Raw Score
gemma2-9b-it,37.80%,37.802092704
llama-4-maverick-17b-128e-instruct,33.84%,33.839363704
qwen3-32b,33.28%,33.281943938
kimi-k2-instruct-0905,32.05%,32.054091944666666
qwen3-235b-a22b,31.97%,31.971468199999997
llama-3.1-405b-instruct,31.89%,31.886213199999997
llama-3.3-70b-instruct,24.95%,24.945363399999998
deepseek-v3.1,23.98%,23.977736380000003
gpt-oss-120b,21.56%,21.56242336
