Model,Similarity Score (%),Raw Score
gemma2-9b-it,37.80%,37.802092704
llama-4-maverick-17b-128e-instruct,33.84%,33.839363704
qwen3-32b,33.28%,33.281943938
kimi-k2-instruct-0905,31.22%,31.220568813599996
gpt-oss-120b,21.56%,21.56242336
