Model,Similarity Score (%),Raw Score
gemma2-9b-it,39.62%,39.62309415
qwen3-32b,35.67%,35.669815702499996
kimi-k2-instruct-0905,31.10%,31.101597616999992
llama-4-maverick-17b-128e-instruct,30.67%,30.66757593
gpt-oss-120b,21.33%,21.328969565
