Model,Similarity Score (%),Raw Score
deepseek-v3.1,38.45%,38.45362634333333
gemma2-9b-it,37.80%,37.802092703999996
gemma-2-27b-it,37.17%,37.16711258
llama-4-maverick-17b-128e-instruct,33.84%,33.839363704
qwen3-235b-a22b,33.39%,33.394378591
qwen3-32b,33.28%,33.281943938
kimi-k2-instruct-0905,32.62%,32.62295286306672
llama-3.1-405b-instruct,31.41%,31.410759016666667
llama-3.3-70b-instruct,29.03%,29.026100949999993
gpt-oss-120b,21.56%,21.56242336
