Model,Similarity Score (%),Raw Score
gemma2-9b-it,37.80%,37.802092703999996
qwen3-235b-a22b,36.01%,36.006163046500006
llama-3.1-405b-instruct,34.96%,34.9607688
llama-4-maverick-17b-128e-instruct,33.84%,33.839363704
deepseek-v3.1,33.75%,33.74701324499999
qwen3-32b,33.28%,33.281943938
kimi-k2-instruct-0905,33.01%,33.00637039466666
llama-3.3-70b-instruct,27.24%,27.242300675000003
gpt-oss-120b,21.56%,21.56242336
