Model,Similarity Score (%),Raw Score
gemma2-9b-it,37.80%,37.802092703999996
deepseek-v3.1,36.45%,36.445021532
kimi-k2-instruct-0905,34.37%,34.37382124519999
llama-4-maverick-17b-128e-instruct,33.84%,33.839363704
llama-3.1-405b-instruct,33.31%,33.3103155
qwen3-32b,33.28%,33.281943938
qwen3-235b-a22b,33.08%,33.084409309200005
llama-3.3-70b-instruct,28.51%,28.512935619999997
gpt-oss-120b,21.56%,21.56242336
