{
  "language_pair": "biv-eng",
  "timestamp": "2026-01-12T13:35:18.905925",
  "models": {
    "llama-4-maverick-17b-128e-instruct": 25.34541772580652,
    "qwen3-235b-a22b": 27.06170903977408,
    "palmyra-med-70b": 33.70490397,
    "deepseek-v3.1": 32.492392287702025,
    "llama-3.1-405b-instruct": 30.943033183251956,
    "gemma2-9b-it": 37.802092704,
    "mistral-medium-3-instruct": 24.042825106004496,
    "mistral-7b-instruct-v0.3": 24.763684900000005,
    "gemma-2-9b-it": 21.363895857472052,
    "gemma-2-27b-it": 30.55617208590241,
    "qwen3-32b": 33.281943938,
    "qwq-32b": 26.700049892960664,
    "seed-oss-36b-instruct": 28.8870655350889,
    "gpt-oss-120b": 22.90854219355841,
    "llama-3.3-70b-instruct": 25.956660164697265,
    "kimi-k2-instruct-0905": 32.884558844166435
  },
  "average_score": 28.668434214274072,
  "best_model": "gemma2-9b-it",
  "best_score": 37.802092704
}