{
  "language_pair": "biv-eng",
  "timestamp": "2026-01-28T14:52:36.786038",
  "models": {
    "bleu": {
      "gemini-2.5-flash": 5.796422477281016,
      "llama-4-maverick-17b-128e-instruct": 2.3644639544473303,
      "qwen3-235b-a22b": 2.4218658967516724,
      "palmyra-med-70b": 2.443788170093256,
      "deepseek-v3.1": 2.9715038040207835,
      "llama-3.1-405b-instruct": 2.7191148319389686,
      "gemma2-9b-it": 3.70787381803509,
      "mistral-medium-3-instruct": 2.0030554528189137,
      "claude-sonnet-4-5": 5.423460064497853,
      "mistral-7b-instruct-v0.3": 2.675619084919453,
      "gemma-2-9b-it": 2.131864658033363,
      "gemma-2-27b-it": 2.323616337428828,
      "qwen3-32b": 3.127922079941807,
      "qwq-32b": 2.3667348821096126,
      "gpt-4.1": 5.232418653802235,
      "seed-oss-36b-instruct": 2.035629279818204,
      "gpt-oss-120b": 2.135952291823083,
      "llama-3.3-70b-instruct": 2.1495874029524384,
      "kimi-k2-instruct-0905": 3.128962190170207
    },
    "chrf": {
      "gemini-2.5-flash": 25.364066371622958,
      "llama-4-maverick-17b-128e-instruct": 20.31997186739422,
      "qwen3-235b-a22b": 19.40704626292678,
      "palmyra-med-70b": 20.10878458898191,
      "deepseek-v3.1": 22.47121778726159,
      "llama-3.1-405b-instruct": 22.65058456585023,
      "gemma2-9b-it": 20.30078981497013,
      "mistral-medium-3-instruct": 19.60342579933444,
      "claude-sonnet-4-5": 24.579208592319706,
      "mistral-7b-instruct-v0.3": 19.180830611247913,
      "gemma-2-9b-it": 17.493493133281646,
      "gemma-2-27b-it": 20.999416160441235,
      "qwen3-32b": 19.925920135068957,
      "qwq-32b": 20.919858406291134,
      "gpt-4.1": 22.591825665594467,
      "seed-oss-36b-instruct": 21.511935942960335,
      "gpt-oss-120b": 16.8718613959407,
      "llama-3.3-70b-instruct": 19.787981130964344,
      "kimi-k2-instruct-0905": 22.12658783640487
    },
    "average": {
      "gemini-2.5-flash": 15.580244424451989,
      "llama-4-maverick-17b-128e-instruct": 11.342217910920775,
      "qwen3-235b-a22b": 10.914456079839226,
      "palmyra-med-70b": 11.276286379537583,
      "deepseek-v3.1": 12.721360795641187,
      "llama-3.1-405b-instruct": 12.684849698894599,
      "gemma2-9b-it": 12.00433181650261,
      "mistral-medium-3-instruct": 10.803240626076674,
      "claude-sonnet-4-5": 15.001334328408781,
      "mistral-7b-instruct-v0.3": 10.928224848083683,
      "gemma-2-9b-it": 9.812678895657504,
      "gemma-2-27b-it": 11.661516248935033,
      "qwen3-32b": 11.526921107505382,
      "qwq-32b": 11.64329664420037,
      "gpt-4.1": 13.91212215969835,
      "seed-oss-36b-instruct": 11.77378261138927,
      "gpt-oss-120b": 9.503906843881891,
      "llama-3.3-70b-instruct": 10.96878426695839,
      "kimi-k2-instruct-0905": 12.62777501328754
    }
  },
  "best_model": "gemini-2.5-flash",
  "best_model_scores": {
    "BLEU": 5.796422477281016,
    "chrF": 25.364066371622958,
    "Average": 15.580244424451989
  }
}