{
  "language_pair": "biv-eng",
  "timestamp": "2025-10-18T06:37:52.285495",
  "models": {
    "llama-4-maverick-17b-128e-instruct": 33.839363704,
    "qwen3-235b-a22b": 33.31081106666667,
    "deepseek-v3.1": 29.88854979333333,
    "llama-3.1-405b-instruct": 35.973334333333334,
    "gemma2-9b-it": 37.802092703999996,
    "qwen3-32b": 33.281943938,
    "gpt-oss-120b": 21.56242336,
    "llama-3.3-70b-instruct": 32.20369036,
    "kimi-k2-instruct-0905": 31.958355569000002
  },
  "average_score": 32.202284980925924,
  "best_model": "gemma2-9b-it",
  "best_score": 37.802092703999996
}