{
  "language_pair": "biv-eng",
  "timestamp": "2025-10-05T08:22:07.686885",
  "models": {
    "llama-4-maverick-17b-128e-instruct": 30.66757593,
    "gemma2-9b-it": 39.62309415,
    "qwen3-32b": 35.669815702499996,
    "gpt-oss-120b": 21.328969565,
    "kimi-k2-instruct-0905": 31.101597616999992
  },
  "average_score": 31.678210592899994,
  "best_model": "gemma2-9b-it",
  "best_score": 39.62309415
}