{
  "language_pair": "biv-eng",
  "timestamp": "2025-10-24T14:23:41.905280",
  "models": {
    "llama-4-maverick-17b-128e-instruct": 33.839363704,
    "qwen3-235b-a22b": 33.394378591,
    "deepseek-v3.1": 38.45362634333333,
    "llama-3.1-405b-instruct": 31.410759016666667,
    "gemma2-9b-it": 37.802092703999996,
    "gemma-2-27b-it": 37.16711258,
    "qwen3-32b": 33.281943938,
    "gpt-oss-120b": 21.56242336,
    "llama-3.3-70b-instruct": 29.026100949999993,
    "kimi-k2-instruct-0905": 32.62295286306672
  },
  "average_score": 32.85607540500667,
  "best_model": "deepseek-v3.1",
  "best_score": 38.45362634333333
}