{
  "language_pair": "biv-eng",
  "timestamp": "2025-10-09T07:09:08.074441",
  "models": {
    "llama-4-maverick-17b-128e-instruct": 33.839363704,
    "gemma2-9b-it": 37.802092704,
    "qwen3-32b": 33.281943938,
    "gpt-oss-120b": 21.56242336,
    "kimi-k2-instruct-0905": 31.220568813599996
  },
  "average_score": 31.54127850392,
  "best_model": "gemma2-9b-it",
  "best_score": 37.802092704
}