{
  "language_pair": "biv-eng",
  "timestamp": "2026-01-16T11:13:53.578224",
  "models": {
    "llama-4-maverick-17b-128e-instruct": 25.20941626772359,
    "chatgpt": 0.0,
    "gemini": 44.812744140625,
    "qwen3-235b-a22b": 27.21288052106982,
    "palmyra-med-70b": 33.70490397,
    "deepseek-v3.1": 32.42389924484203,
    "llama-3.1-405b-instruct": 30.927233494623163,
    "gemma2-9b-it": 37.802092704,
    "mistral-medium-3-instruct": 24.169705705404567,
    "mistral-7b-instruct-v0.3": 24.763684900000005,
    "gemma-2-9b-it": 19.629245432475116,
    "gemma-2-27b-it": 29.42102785515687,
    "claude": 38.63484573364258,
    "qwen3-32b": 33.281943938,
    "qwq-32b": 26.805621546476814,
    "seed-oss-36b-instruct": 28.87089837859123,
    "gpt-oss-120b": 23.014063122971663,
    "llama-3.3-70b-instruct": 25.995654735661766,
    "kimi-k2-instruct-0905": 32.84041500151733
  },
  "average_score": 28.39580403646219,
  "best_model": "gemini",
  "best_score": 44.812744140625
}