{
  "language_pair": "biv-eng",
  "timestamp": "2025-09-25T08:31:11.476495",
  "models": {
    "llama-4-maverick-17b-128e-instruct": 31.22109552,
    "gemma2-9b-it": 31.547886999999996,
    "qwen3-32b": 53.5860332,
    "gpt-oss-120b": 24.13894884,
    "kimi-k2-instruct-0905": 26.423177399999997
  },
  "average_score": 33.383428392,
  "best_model": "qwen3-32b",
  "best_score": 53.5860332
}