{
  "language_pair": "biv-eng",
  "timestamp": "2026-01-14T12:27:16.192164",
  "models": {
    "llama-4-maverick-17b-128e-instruct": 25.209493985063403,
    "qwen3-235b-a22b": 27.212626815652413,
    "palmyra-med-70b": 33.70490397,
    "deepseek-v3.1": 32.42275259172278,
    "llama-3.1-405b-instruct": 30.926641094577207,
    "gemma2-9b-it": 37.802092704,
    "mistral-medium-3-instruct": 24.169580766378196,
    "mistral-7b-instruct-v0.3": 24.763684900000005,
    "gemma-2-9b-it": 19.6293881759857,
    "gemma-2-27b-it": 29.421187709137524,
    "qwen3-32b": 33.281943938,
    "qwq-32b": 26.805537869246475,
    "seed-oss-36b-instruct": 28.87121339875252,
    "gpt-oss-120b": 23.014063122971663,
    "llama-3.3-70b-instruct": 25.995475220496324,
    "kimi-k2-instruct-0905": 32.84015581112777
  },
  "average_score": 28.504421379569497,
  "best_model": "gemma2-9b-it",
  "best_score": 37.802092704
}