{
  "language_pair": "acd-eng",
  "timestamp": "2026-01-29T11:31:04.507302",
  "models": {
    "bleu": {
      "kimi-k2-instruct-0905": 72.05815373945792,
      "seed-oss-36b-instruct": 2.8094617486126285,
      "palmyra-med-70b": 4.087670487427096,
      "gpt-oss-120b": 0.0,
      "claude-sonnet-4-5": 35.59364187634128,
      "deepseek-v3.1": 70.00700175052519,
      "gemma-2-9b-it": 6.259768097362956,
      "mistral-medium-3-instruct": 6.771348622460586,
      "gemma-2-27b-it": 8.295979222819085,
      "llama-3.3-70b-instruct": 5.761382487689774,
      "qwen3-32b": 5.72775097716449,
      "llama-4-maverick-17b-128e-instruct": 15.733304984782075,
      "qwq-32b": 0.0,
      "llama-3.1-405b-instruct": 31.768172511165375,
      "gpt-4.1": 42.13287322556836,
      "qwen3-235b-a22b": 9.107438368292145,
      "gemini-2.5-flash": 39.81877794489762,
      "mistral-7b-instruct-v0.3": 4.674499231292217,
      "gemma2-9b-it": 4.0780981832636725
    },
    "chrf": {
      "kimi-k2-instruct-0905": 29.77258854952931,
      "seed-oss-36b-instruct": 21.216193777336922,
      "palmyra-med-70b": 22.00841897734673,
      "gpt-oss-120b": 19.1183522310506,
      "claude-sonnet-4-5": 25.613557116585287,
      "deepseek-v3.1": 27.496228488857785,
      "gemma-2-9b-it": 19.51639910481526,
      "mistral-medium-3-instruct": 22.91397239971088,
      "gemma-2-27b-it": 20.510710455566038,
      "llama-3.3-70b-instruct": 22.361356016668385,
      "qwen3-32b": 21.133162346356794,
      "llama-4-maverick-17b-128e-instruct": 24.81980884513314,
      "qwq-32b": 23.229776217992452,
      "llama-3.1-405b-instruct": 24.106723321835617,
      "gpt-4.1": 24.630726349057145,
      "qwen3-235b-a22b": 23.913453092102486,
      "gemini-2.5-flash": 30.91499077072468,
      "mistral-7b-instruct-v0.3": 15.812773128130072,
      "gemma2-9b-it": 18.89310229113234
    },
    "average": {
      "kimi-k2-instruct-0905": 50.91537114449362,
      "seed-oss-36b-instruct": 12.012827762974776,
      "palmyra-med-70b": 13.048044732386913,
      "gpt-oss-120b": 9.5591761155253,
      "claude-sonnet-4-5": 30.603599496463282,
      "deepseek-v3.1": 48.751615119691486,
      "gemma-2-9b-it": 12.888083601089107,
      "mistral-medium-3-instruct": 14.842660511085732,
      "gemma-2-27b-it": 14.403344839192561,
      "llama-3.3-70b-instruct": 14.06136925217908,
      "qwen3-32b": 13.430456661760642,
      "llama-4-maverick-17b-128e-instruct": 20.276556914957606,
      "qwq-32b": 11.614888108996226,
      "llama-3.1-405b-instruct": 27.937447916500496,
      "gpt-4.1": 33.38179978731275,
      "qwen3-235b-a22b": 16.510445730197315,
      "gemini-2.5-flash": 35.366884357811145,
      "mistral-7b-instruct-v0.3": 10.243636179711144,
      "gemma2-9b-it": 11.485600237198007
    }
  },
  "best_model": "kimi-k2-instruct-0905",
  "best_model_scores": {
    "BLEU": 72.05815373945792,
    "chrF": 29.77258854952931,
    "Average": 50.91537114449362
  }
}