Model,Similarity Score (%),Raw Score
deepseek-v3.1,50.10%,50.09575052
kimi-k2-instruct-0905,48.57%,48.57037790444444
gemma2-9b-it,44.28%,44.2807319
llama-3.1-405b-instruct,41.20%,41.2007222
llama-3.3-70b-instruct,40.94%,40.93560128
qwen3-32b,40.83%,40.826107580000006
qwen3-235b-a22b,40.38%,40.38465595000001
llama-4-maverick-17b-128e-instruct,39.89%,39.889866372
gpt-oss-120b,25.15%,25.151932086000002
