Model,Similarity Score (%),Raw Score
deepseek-v3.1,49.31%,49.30747068
llama-3.1-405b-instruct,46.49%,46.485146799999995
kimi-k2-instruct-0905,45.89%,45.89241242333334
gemma2-9b-it,44.28%,44.280731900000006
qwen3-32b,40.83%,40.82610758
llama-4-maverick-17b-128e-instruct,39.89%,39.889866372
llama-3.3-70b-instruct,32.04%,32.0410701
qwen3-235b-a22b,25.37%,25.371425399999996
gpt-oss-120b,25.15%,25.151932086000002
