Model,Similarity Score (%),Raw Score
gemma2-9b-it,44.50%,44.50446852500001
kimi-k2-instruct-0905,40.73%,40.733574309999995
qwen3-32b,39.41%,39.405986475
llama-4-maverick-17b-128e-instruct,36.75%,36.750762015
gpt-oss-120b,26.48%,26.4759256325
