Model,Similarity Score (%),Raw Score
kimi-k2-instruct-0905,48.65%,48.648906714000006
deepseek-v3.1,46.12%,46.118948935999995
gemma2-9b-it,44.28%,44.2807319
qwen3-235b-a22b,43.44%,43.43574528
llama-3.3-70b-instruct,42.52%,42.523773744
qwen3-32b,40.83%,40.826107580000006
llama-4-maverick-17b-128e-instruct,39.89%,39.889866372
llama-3.1-405b-instruct,38.36%,38.359333840000005
gpt-oss-120b,25.15%,25.151932086000002
