Model,Similarity Score (%),Raw Score
gemma2-9b-it,44.28%,44.280731900000006
kimi-k2-instruct-0905,44.11%,44.113175688
qwen3-32b,40.83%,40.82610758
llama-4-maverick-17b-128e-instruct,39.89%,39.889866372
gpt-oss-120b,25.15%,25.151932086000002
