Model,Similarity Score (%),Raw Score
deepseek-v3.1,54.12%,54.11541309333333
kimi-k2-instruct-0905,47.54%,47.5397006675
llama-3.3-70b-instruct,45.47%,45.470867833333344
gemma2-9b-it,44.28%,44.2807319
llama-3.1-405b-instruct,43.72%,43.717389266666665
qwen3-32b,40.83%,40.826107580000006
llama-4-maverick-17b-128e-instruct,39.89%,39.889866372
qwen3-235b-a22b,38.81%,38.8097064
gpt-oss-120b,25.15%,25.151932086000002
