{
  "language_pair": "sfw-eng",
  "timestamp": "2025-10-24T14:23:40.843911",
  "models": {
    "gpt-oss-120b": 25.151932086000002,
    "llama-3.1-405b-instruct": 38.359333840000005,
    "llama-4-maverick-17b-128e-instruct": 39.889866372,
    "llama-3.3-70b-instruct": 42.523773744,
    "qwen3-32b": 40.826107580000006,
    "qwen3-235b-a22b": 43.43574528,
    "kimi-k2-instruct-0905": 48.648906714000006,
    "gemma2-9b-it": 44.2807319,
    "deepseek-v3.1": 46.118948935999995
  },
  "average_score": 41.026149605777775,
  "best_model": "kimi-k2-instruct-0905",
  "best_score": 48.648906714000006
}