{
  "language_pair": "sfw-eng",
  "timestamp": "2025-10-09T07:09:00.547558",
  "models": {
    "gpt-oss-120b": 25.151932086000002,
    "llama-4-maverick-17b-128e-instruct": 39.889866372,
    "qwen3-32b": 40.82610758,
    "kimi-k2-instruct-0905": 44.113175688,
    "gemma2-9b-it": 44.280731900000006
  },
  "average_score": 38.8523627252,
  "best_model": "gemma2-9b-it",
  "best_score": 44.280731900000006
}