{
  "language_pair": "sfw-eng",
  "timestamp": "2026-01-28T14:52:33.592333",
  "models": {
    "bleu": {
      "palmyra-med-70b": 3.42804723095945,
      "qwq-32b": 2.0755028093698837,
      "gemma-2-27b-it": 2.355313872235494,
      "claude-sonnet-4-5": 9.597987425825279,
      "gemini-2.5-flash": 9.72483474104637,
      "gpt-oss-120b": 3.405353445563473,
      "seed-oss-36b-instruct": 2.432192898072942,
      "llama-3.1-405b-instruct": 2.50209941942624,
      "llama-4-maverick-17b-128e-instruct": 2.4934137829412606,
      "gemma-2-9b-it": 2.3315660602907595,
      "llama-3.3-70b-instruct": 2.48444325975927,
      "qwen3-32b": 2.9946700191293996,
      "qwen3-235b-a22b": 2.31069035988893,
      "gpt-4.1": 8.273629920116544,
      "mistral-medium-3-instruct": 3.4845272062620327,
      "kimi-k2-instruct-0905": 3.3848221880059906,
      "mistral-7b-instruct-v0.3": 2.6196110935952035,
      "gemma2-9b-it": 3.341910210010504,
      "deepseek-v3.1": 3.3512343129580855
    },
    "chrf": {
      "palmyra-med-70b": 19.40369472305415,
      "qwq-32b": 19.5766764656224,
      "gemma-2-27b-it": 20.146174737321683,
      "claude-sonnet-4-5": 33.022603550542314,
      "gemini-2.5-flash": 34.11653870257722,
      "gpt-oss-120b": 20.433829899914617,
      "seed-oss-36b-instruct": 22.192431052218932,
      "llama-3.1-405b-instruct": 23.42854909239664,
      "llama-4-maverick-17b-128e-instruct": 21.833866939679815,
      "gemma-2-9b-it": 18.169214436659562,
      "llama-3.3-70b-instruct": 22.459359073989567,
      "qwen3-32b": 21.88554499621236,
      "qwen3-235b-a22b": 20.477824934593468,
      "gpt-4.1": 31.15765048529629,
      "mistral-medium-3-instruct": 23.305070780424636,
      "kimi-k2-instruct-0905": 23.529250735996342,
      "mistral-7b-instruct-v0.3": 21.8071631462269,
      "gemma2-9b-it": 22.818433566856328,
      "deepseek-v3.1": 23.110118687324732
    },
    "average": {
      "palmyra-med-70b": 11.4158709770068,
      "qwq-32b": 10.82608963749614,
      "gemma-2-27b-it": 11.250744304778587,
      "claude-sonnet-4-5": 21.310295488183794,
      "gemini-2.5-flash": 21.920686721811798,
      "gpt-oss-120b": 11.919591672739045,
      "seed-oss-36b-instruct": 12.312311975145937,
      "llama-3.1-405b-instruct": 12.965324255911439,
      "llama-4-maverick-17b-128e-instruct": 12.163640361310538,
      "gemma-2-9b-it": 10.25039024847516,
      "llama-3.3-70b-instruct": 12.471901166874417,
      "qwen3-32b": 12.44010750767088,
      "qwen3-235b-a22b": 11.394257647241199,
      "gpt-4.1": 19.715640202706417,
      "mistral-medium-3-instruct": 13.394798993343336,
      "kimi-k2-instruct-0905": 13.457036462001167,
      "mistral-7b-instruct-v0.3": 12.213387119911049,
      "gemma2-9b-it": 13.080171888433416,
      "deepseek-v3.1": 13.23067650014141
    }
  },
  "best_model": "gemini-2.5-flash",
  "best_model_scores": {
    "BLEU": 9.72483474104637,
    "chrF": 34.11653870257722,
    "Average": 21.920686721811798
  }
}