{
  "language_pair": "sfw-eng",
  "timestamp": "2026-01-14T12:27:15.645621",
  "models": {
    "palmyra-med-70b": 34.3346136,
    "qwq-32b": 28.140187619761903,
    "gemma-2-27b-it": 32.56360181309524,
    "gpt-oss-120b": 28.031170279347428,
    "seed-oss-36b-instruct": 36.21710488716208,
    "llama-3.1-405b-instruct": 29.79833136650965,
    "llama-4-maverick-17b-128e-instruct": 35.42687484808335,
    "gemma-2-9b-it": 23.542595234325397,
    "llama-3.3-70b-instruct": 35.06036923641544,
    "qwen3-32b": 40.826107580000006,
    "qwen3-235b-a22b": 31.534346313984944,
    "mistral-medium-3-instruct": 33.31245981385354,
    "kimi-k2-instruct-0905": 36.473102645164815,
    "mistral-7b-instruct-v0.3": 29.104125429999993,
    "gemma2-9b-it": 44.280731900000006,
    "deepseek-v3.1": 37.509565865330885
  },
  "average_score": 33.50970552706467,
  "best_model": "gemma2-9b-it",
  "best_score": 44.280731900000006
}