{
  "language_pair": "sfw-eng",
  "timestamp": "2026-01-16T14:45:13.641264",
  "models": {
    "chatgpt": 55.37457275390625,
    "palmyra-med-70b": 34.3346136,
    "qwq-32b": 28.140187619761903,
    "gemma-2-27b-it": 32.56360181309524,
    "gemini": 65.50689697265625,
    "claude": 59.75018310546874,
    "gpt-oss-120b": 28.031439552095595,
    "seed-oss-36b-instruct": 36.22229529747334,
    "llama-3.1-405b-instruct": 29.79833136650965,
    "llama-4-maverick-17b-128e-instruct": 35.42700724051787,
    "gemma-2-9b-it": 23.54218591125372,
    "llama-3.3-70b-instruct": 35.0608000728125,
    "qwen3-32b": 40.826107580000006,
    "qwen3-235b-a22b": 31.53435528974322,
    "mistral-medium-3-instruct": 33.31088095304083,
    "kimi-k2-instruct-0905": 36.47301067438143,
    "mistral-7b-instruct-v0.3": 29.104125429999993,
    "gemma2-9b-it": 44.280731900000006,
    "deepseek-v3.1": 37.50897346528493
  },
  "average_score": 37.725805294631655,
  "best_model": "gemini",
  "best_score": 65.50689697265625
}