ref,text,translated,source_zip_file,similarity_score,chrf_sentence,corpus_bleu,corpus_chrf
So God created humans to be like himself; he made men and women.,"Naawuni daa nam ninsala ŋ-ŋmahindila omaŋa, ka o be kaman Naawuni ni be shɛm. O daa nam ba la doo mini paɣa.","God has not given us a spirit of fear, but of power, love, and a sound mind.",Dec 08 output,,14.374883887072704,6.896869224045711,5.098493626882966
and this is the story about him. Noah was the only person who lived right and obeyed God.,"Nuhu zuliya m-bɔŋɔ: Nuhu daa nyɛla wuntizɔra ŋun jɛmdi Naawuni, ka ka galimi o ʒiɛman’ ni.",God's message to Nuhu: God told Nuhu to warn his people about the punishment of Naawuni and what would happen to them.,Dec 08 output,,21.139646750603642,6.896869224045711,5.098493626882966
"Abraham, you and all future members of your family must promise to obey me.","Ka Naawuni daa lan yɛli Ibrahimma, “Di simdi ni a min’ a zuliya maa gbibi n daalikauli maa bɛ ʒiɛmana zaa ni.","And God said to Abraham, ""This is my covenant, which you shall keep, between me and you and your descendants after you.""",Dec 08 output,,26.625110110461144,6.896869224045711,5.098493626882966
"But he would not put out the branches when the weaker animals were mating. So Jacob got all of the healthy animals, and Laban got what was left.","Amaa o daa bi zaŋdi dari maa sɔŋdi biŋkɔb’ shɛb’ bɛn ka yaa la bɛn’ sani, ka di zuɣu daa chɛ ka Leeban biŋkɔbiri nyɛ zaɣ’ gbarima, ka Yaakubu dina nyɛ bɛn mali yaa,","But when he saw that the son of the free woman was mocking, he said to Hagar, ""What is this, Hagar? Do not be afraid, for God has heard the voice of the boy where he is.""",Dec 08 output,,23.384193749353425,6.896869224045711,5.098493626882966
"When Jacob saw them, he said, “This is God's camp.” So he named the place Mahanaim.","ka o daa nya ba ka yɛli, “Naawuni sansani m-bɔŋɔ!” Dinzuɣu ka o daa boli nimaani yuli Mahanaim.","When he saw them, he said, ""God's camp!"" So he named that place Mahanaim.",Dec 08 output,,64.34743424263556,6.896869224045711,5.098493626882966
So God created humans to be like himself; he made men and women.,"Naawuni daa nam ninsala ŋ-ŋmahindila omaŋa, ka o be kaman Naawuni ni be shɛm. O daa nam ba la doo mini paɣa.","God has always shown us his love, and we must also love God. He has always been good to us.",onesimus_31223989_Dec 12 output,,16.19173487533622,6.896869224045711,5.098493626882966
and this is the story about him. Noah was the only person who lived right and obeyed God.,"Nuhu zuliya m-bɔŋɔ: Nuhu daa nyɛla wuntizɔra ŋun jɛmdi Naawuni, ka ka galimi o ʒiɛman’ ni.","God's message to Nuhu: Nuhu, I will destroy the people of the earth because of their sins and disobedience.",onesimus_31223989_Dec 12 output,,20.21645256821879,6.896869224045711,5.098493626882966
"Abraham, you and all future members of your family must promise to obey me.","Ka Naawuni daa lan yɛli Ibrahimma, “Di simdi ni a min’ a zuliya maa gbibi n daalikauli maa bɛ ʒiɛmana zaa ni.","God told Ibrahim, ""Take your son, your only one, whom you love, and go to the land of Moriah.""",onesimus_31223989_Dec 12 output,,19.73499296411949,6.896869224045711,5.098493626882966
"But he would not put out the branches when the weaker animals were mating. So Jacob got all of the healthy animals, and Laban got what was left.","Amaa o daa bi zaŋdi dari maa sɔŋdi biŋkɔb’ shɛb’ bɛn ka yaa la bɛn’ sani, ka di zuɣu daa chɛ ka Leeban biŋkɔbiri nyɛ zaɣ’ gbarima, ka Yaakubu dina nyɛ bɛn mali yaa,","But the woman conceived again and gave birth to a son, and said, ""This time I will praise the Lord."" So she named him Judah. Then she stopped having children.",onesimus_31223989_Dec 12 output,,20.901816628731872,6.896869224045711,5.098493626882966
"When Jacob saw them, he said, “This is God's camp.” So he named the place Mahanaim.","ka o daa nya ba ka yɛli, “Naawuni sansani m-bɔŋɔ!” Dinzuɣu ka o daa boli nimaani yuli Mahanaim.","When he saw them, he said, ""God's camp!"" So he named that place Mahanaim.",onesimus_31223989_Dec 12 output,,64.34743424263556,6.896869224045711,5.098493626882966
So God created humans to be like himself; he made men and women.,"Naawuni daa nam ninsala ŋ-ŋmahindila omaŋa, ka o be kaman Naawuni ni be shɛm. O daa nam ba la doo mini paɣa.","God has not given us a spirit of fear, but of power, love, and a sound mind.",john_AC86BE0F_output (5),,14.374883887072704,6.896869224045711,5.098493626882966
and this is the story about him. Noah was the only person who lived right and obeyed God.,"Nuhu zuliya m-bɔŋɔ: Nuhu daa nyɛla wuntizɔra ŋun jɛmdi Naawuni, ka ka galimi o ʒiɛman’ ni.","God's message to Nuhu: Nuhu, I will bring a great flood upon the earth to destroy all living creatures because of the wickedness of the people.",john_AC86BE0F_output (5),,19.37618525646901,6.896869224045711,5.098493626882966
"Abraham, you and all future members of your family must promise to obey me.","Ka Naawuni daa lan yɛli Ibrahimma, “Di simdi ni a min’ a zuliya maa gbibi n daalikauli maa bɛ ʒiɛmana zaa ni.","God told Ibrahim, ""Take your son, your only one, whom you love, and go to the land of Moriah.",john_AC86BE0F_output (5),,19.79668823076487,6.896869224045711,5.098493626882966
"But he would not put out the branches when the weaker animals were mating. So Jacob got all of the healthy animals, and Laban got what was left.","Amaa o daa bi zaŋdi dari maa sɔŋdi biŋkɔb’ shɛb’ bɛn ka yaa la bɛn’ sani, ka di zuɣu daa chɛ ka Leeban biŋkɔbiri nyɛ zaɣ’ gbarima, ka Yaakubu dina nyɛ bɛn mali yaa,","But when the woman saw that the tree was good for food, and that it was pleasant to the eyes, and a tree to be desired to make one wise, she took of the fruit thereof, and did eat, and gave also unto her husband with her; and he did eat.",john_AC86BE0F_output (5),,27.163047975561266,6.896869224045711,5.098493626882966
"When Jacob saw them, he said, “This is God's camp.” So he named the place Mahanaim.","ka o daa nya ba ka yɛli, “Naawuni sansani m-bɔŋɔ!” Dinzuɣu ka o daa boli nimaani yuli Mahanaim.","When he saw them from afar, he said, “God’s camp!” So he named that place Mahanaim.",john_AC86BE0F_output (5),,57.56988916462687,6.896869224045711,5.098493626882966
So God created humans to be like himself; he made men and women.,"Naawuni daa nam ninsala ŋ-ŋmahindila omaŋa, ka o be kaman Naawuni ni be shɛm. O daa nam ba la doo mini paɣa.","God has shown us mercy and compassion, so we should thank God. He has shown us the way to heaven.",output_JA-4,,17.305817654813673,6.896869224045711,5.098493626882966
and this is the story about him. Noah was the only person who lived right and obeyed God.,"Nuhu zuliya m-bɔŋɔ: Nuhu daa nyɛla wuntizɔra ŋun jɛmdi Naawuni, ka ka galimi o ʒiɛman’ ni.",God's promise to Nuhu: God said he would destroy the world with water because of the people's sins.,output_JA-4,,18.786683960749784,6.896869224045711,5.098493626882966
"Abraham, you and all future members of your family must promise to obey me.","Ka Naawuni daa lan yɛli Ibrahimma, “Di simdi ni a min’ a zuliya maa gbibi n daalikauli maa bɛ ʒiɛmana zaa ni.","And God said to Abraham, ""This is the covenant that you must keep, you and your descendants after you.",output_JA-4,,28.169158641056296,6.896869224045711,5.098493626882966
"But he would not put out the branches when the weaker animals were mating. So Jacob got all of the healthy animals, and Laban got what was left.","Amaa o daa bi zaŋdi dari maa sɔŋdi biŋkɔb’ shɛb’ bɛn ka yaa la bɛn’ sani, ka di zuɣu daa chɛ ka Leeban biŋkɔbiri nyɛ zaɣ’ gbarima, ka Yaakubu dina nyɛ bɛn mali yaa,","But when he saw that the firstborn was not his, he made the second one also lie with him, and thus Leah's maidservant Zilpah bore Jacob a second son.",output_JA-4,,23.611743159267508,6.896869224045711,5.098493626882966
"When Jacob saw them, he said, “This is God's camp.” So he named the place Mahanaim.","ka o daa nya ba ka yɛli, “Naawuni sansani m-bɔŋɔ!” Dinzuɣu ka o daa boli nimaani yuli Mahanaim.","When he saw them from afar, he said, “God’s camp is here!” So he named that place Mahanaim.",output_JA-4,,57.2674459257571,6.896869224045711,5.098493626882966
So God created humans to be like himself; he made men and women.,"Naawuni daa nam ninsala ŋ-ŋmahindila omaŋa, ka o be kaman Naawuni ni be shɛm. O daa nam ba la doo mini paɣa.","God has given us grace and mercy, so we should thank God for that. He has given us children and good health.",onesimus_7C821E01_Dec 01 output,,19.095133425458275,6.896869224045711,5.098493626882966
and this is the story about him. Noah was the only person who lived right and obeyed God.,"Nuhu zuliya m-bɔŋɔ: Nuhu daa nyɛla wuntizɔra ŋun jɛmdi Naawuni, ka ka galimi o ʒiɛman’ ni.","The story of Nuhu: Nuhu was a righteous man in the sight of God, and he walked with God.",onesimus_7C821E01_Dec 01 output,,25.24775754882947,6.896869224045711,5.098493626882966
"Abraham, you and all future members of your family must promise to obey me.","Ka Naawuni daa lan yɛli Ibrahimma, “Di simdi ni a min’ a zuliya maa gbibi n daalikauli maa bɛ ʒiɛmana zaa ni.","And God said to Abraham, ""Keep my covenant, you and your descendants after you for the generations to come.""",onesimus_7C821E01_Dec 01 output,,27.640056518891072,6.896869224045711,5.098493626882966
"But he would not put out the branches when the weaker animals were mating. So Jacob got all of the healthy animals, and Laban got what was left.","Amaa o daa bi zaŋdi dari maa sɔŋdi biŋkɔb’ shɛb’ bɛn ka yaa la bɛn’ sani, ka di zuɣu daa chɛ ka Leeban biŋkɔbiri nyɛ zaɣ’ gbarima, ka Yaakubu dina nyɛ bɛn mali yaa,","But when he saw that the younger son was more prosperous than the older one, he became jealous and hated him, and he plotted to kill Laban's son, but Jacob was not aware of it.",onesimus_7C821E01_Dec 01 output,,27.339337990791385,6.896869224045711,5.098493626882966
"When Jacob saw them, he said, “This is God's camp.” So he named the place Mahanaim.","ka o daa nya ba ka yɛli, “Naawuni sansani m-bɔŋɔ!” Dinzuɣu ka o daa boli nimaani yuli Mahanaim.","When he saw them, he said, ""God's camp!"" So he named that place Mahanaim.",onesimus_7C821E01_Dec 01 output,,64.34743424263556,6.896869224045711,5.098493626882966
"Lamech said, “I'll name him Noah because he will give us comfort, as we struggle hard to make a living on this land that the Lord has put under a curse.”","m-bol’ o yuli Nuhu ka yɛli, “Bia ŋɔ ni sɔŋ ti ti tuun’ kpɛma tumbu ni, Yawɛ ni yɛli noli niŋ tiŋgban’ shɛli ŋɔ ni.”","When Noah saw him, he said, ""This child will not die until he sees the end of the world, and he will live to see the day of judgment.""",output_jonathan,0.46213254,21.735024822730015,6.896869224045711,5.098493626882966
"Then he said, “Friends, please don't do such a terrible thing!","“M mabihi, n suhiri ya, di tumiya tuumbiɛɣu ŋɔ.","My child, if you are patient, you will reap the benefits of your hard work.",output_jonathan,0.012431965,15.256183646491547,6.896869224045711,5.098493626882966
"Hagar stopped to rest at a spring in the desert on the road to Shur. While she was there, the angel of the Lord came to her",Ka Yawɛ malaika daa yi o zuɣu mɔɣu ni kulibɔn shɛli din daa be Shur soli polo,"And the angel said to them, ""Do not be afraid, for behold, I bring you good news of great joy that will be for all the people.",output_jonathan,0.4540829,21.18400577669222,6.896869224045711,5.098493626882966
"and he told them: Your father isn't as friendly with me as he used to be, but the God my ancestors worshiped has been on my side.","Ka o daa ti yɛli ba, “N nyaya ka yi ba bi lan bɔri n yɛla kaman o ni daa yi bɔri n yɛla shɛm la. Amaa m ba Naawuni la kul be n sani.","If you are truly a child of God, ""I will not let you go until you bless me"" like Jacob did. But as for me, I am a child of God, so I will not be afraid.",output_jonathan,0.3692493,15.831289028470033,6.896869224045711,5.098493626882966
"Esau replied, “Let me leave some of my men with you.” “You don't have to do that,” Jacob answered. “I am happy, simply knowing that you are friendly to me.”","Ka Iso yɛl’ o, “Ka chɛ ka n niriba ŋɔ shɛb’ kpalim pah’ a zuɣu.” Amaa ka Yaakubu yɛl’ o, “N dana, lala bi kpa, n kul bɔri ni a chɛ ka a suhu m-maai ni mani.”","And he said to him, “Go and see if your brothers are well and if the flock is safe.” But Jacob said to him, “I am here; send me, for I will go and see if they are well and bring you word.”",output_jonathan,0.5659115,21.369225402779225,6.896869224045711,5.098493626882966
So God created humans to be like himself; he made men and women.,"Naawuni daa nam ninsala ŋ-ŋmahindila omaŋa, ka o be kaman Naawuni ni be shɛm. O daa nam ba la doo mini paɣa.","God has never created a person without a purpose, so we should always praise God. He has never created a person without a reason.",output_JA-2,,18.570165518021977,6.896869224045711,5.098493626882966
and this is the story about him. Noah was the only person who lived right and obeyed God.,"Nuhu zuliya m-bɔŋɔ: Nuhu daa nyɛla wuntizɔra ŋun jɛmdi Naawuni, ka ka galimi o ʒiɛman’ ni.","The story of Nuhu: Nuhu was a righteous man in the sight of God, and he walked with God.",output_JA-2,,25.24775754882947,6.896869224045711,5.098493626882966
"Abraham, you and all future members of your family must promise to obey me.","Ka Naawuni daa lan yɛli Ibrahimma, “Di simdi ni a min’ a zuliya maa gbibi n daalikauli maa bɛ ʒiɛmana zaa ni.","And God said to Abraham, ""This is the covenant that you must keep, you and your descendants after you.",output_JA-2,,28.169158641056296,6.896869224045711,5.098493626882966
"But he would not put out the branches when the weaker animals were mating. So Jacob got all of the healthy animals, and Laban got what was left.","Amaa o daa bi zaŋdi dari maa sɔŋdi biŋkɔb’ shɛb’ bɛn ka yaa la bɛn’ sani, ka di zuɣu daa chɛ ka Leeban biŋkɔbiri nyɛ zaɣ’ gbarima, ka Yaakubu dina nyɛ bɛn mali yaa,","But when he saw that the money was in the mouth of his sack, he said to his brothers, ""My money has been returned to me, and here it is in my sack!"" Their hearts sank, and they turned trembling to one another and said, ""What is this that God has done to us?""",output_JA-2,,22.77157151821828,6.896869224045711,5.098493626882966
"When Jacob saw them, he said, “This is God's camp.” So he named the place Mahanaim.","ka o daa nya ba ka yɛli, “Naawuni sansani m-bɔŋɔ!” Dinzuɣu ka o daa boli nimaani yuli Mahanaim.","When he saw them, he said, ""This is God's camp!"" So he named that place Mahanaim.",output_JA-2,,72.14286478665107,6.896869224045711,5.098493626882966
So God created humans to be like himself; he made men and women.,"Naawuni daa nam ninsala ŋ-ŋmahindila omaŋa, ka o be kaman Naawuni ni be shɛm. O daa nam ba la doo mini paɣa.","God has not given us a spirit of fear, but of power, love, and a sound mind.",gerhardt_8019BE0D_output_WsImHC,,14.374883887072704,6.896869224045711,5.098493626882966
and this is the story about him. Noah was the only person who lived right and obeyed God.,"Nuhu zuliya m-bɔŋɔ: Nuhu daa nyɛla wuntizɔra ŋun jɛmdi Naawuni, ka ka galimi o ʒiɛman’ ni.",The story of Nuhu: Nuhu was a righteous man who feared God and followed His commandments.,gerhardt_8019BE0D_output_WsImHC,,27.319641303172837,6.896869224045711,5.098493626882966
"Abraham, you and all future members of your family must promise to obey me.","Ka Naawuni daa lan yɛli Ibrahimma, “Di simdi ni a min’ a zuliya maa gbibi n daalikauli maa bɛ ʒiɛmana zaa ni.","God told Ibrahim, ""Take your son, your only one, whom you love, and go to the land of Moriah.",gerhardt_8019BE0D_output_WsImHC,,19.79668823076487,6.896869224045711,5.098493626882966
"But he would not put out the branches when the weaker animals were mating. So Jacob got all of the healthy animals, and Laban got what was left.","Amaa o daa bi zaŋdi dari maa sɔŋdi biŋkɔb’ shɛb’ bɛn ka yaa la bɛn’ sani, ka di zuɣu daa chɛ ka Leeban biŋkɔbiri nyɛ zaɣ’ gbarima, ka Yaakubu dina nyɛ bɛn mali yaa,","But he said to him, ""My lord knows that the children are tender, and I have sheep and cattle that are nursing, which I must take care of. If they are driven hard for even one day, all the flocks will die.""",gerhardt_8019BE0D_output_WsImHC,,22.517202333878497,6.896869224045711,5.098493626882966
"When Jacob saw them, he said, “This is God's camp.” So he named the place Mahanaim.","ka o daa nya ba ka yɛli, “Naawuni sansani m-bɔŋɔ!” Dinzuɣu ka o daa boli nimaani yuli Mahanaim.","When he saw them, he said, “God’s camp!” So he named that place Mahanaim.",gerhardt_8019BE0D_output_WsImHC,,62.73679672505813,6.896869224045711,5.098493626882966
So God created humans to be like himself; he made men and women.,"Naawuni daa nam ninsala ŋ-ŋmahindila omaŋa, ka o be kaman Naawuni ni be shɛm. O daa nam ba la doo mini paɣa.","God has always shown his love for us, and we must also love God. He has always given us everything we need.",Dec 02 output,,17.404182804585357,6.896869224045711,5.098493626882966
and this is the story about him. Noah was the only person who lived right and obeyed God.,"Nuhu zuliya m-bɔŋɔ: Nuhu daa nyɛla wuntizɔra ŋun jɛmdi Naawuni, ka ka galimi o ʒiɛman’ ni.","The story of Nuhu: Nuhu was a righteous man who walked with God, and he found favor in His sight.",Dec 02 output,,26.054190244673897,6.896869224045711,5.098493626882966
"Abraham, you and all future members of your family must promise to obey me.","Ka Naawuni daa lan yɛli Ibrahimma, “Di simdi ni a min’ a zuliya maa gbibi n daalikauli maa bɛ ʒiɛmana zaa ni.","And God said to Abraham, ""You must keep my covenant, you and your descendants after you for the generations to come.""",Dec 02 output,,29.0334563605686,6.896869224045711,5.098493626882966
"But he would not put out the branches when the weaker animals were mating. So Jacob got all of the healthy animals, and Laban got what was left.","Amaa o daa bi zaŋdi dari maa sɔŋdi biŋkɔb’ shɛb’ bɛn ka yaa la bɛn’ sani, ka di zuɣu daa chɛ ka Leeban biŋkɔbiri nyɛ zaɣ’ gbarima, ka Yaakubu dina nyɛ bɛn mali yaa,","But when she saw that she was not able to conceive for him, she took her maidservant Bilhah and gave her to her husband Jacob to be his wife.",Dec 02 output,,22.0551680261323,6.896869224045711,5.098493626882966
"When Jacob saw them, he said, “This is God's camp.” So he named the place Mahanaim.","ka o daa nya ba ka yɛli, “Naawuni sansani m-bɔŋɔ!” Dinzuɣu ka o daa boli nimaani yuli Mahanaim.","When he saw them from afar, he said, “God’s camp!” So he named that place Mahanaim.",Dec 02 output,,57.56988916462687,6.896869224045711,5.098493626882966
So God created humans to be like himself; he made men and women.,"Naawuni daa nam ninsala ŋ-ŋmahindila omaŋa, ka o be kaman Naawuni ni be shɛm. O daa nam ba la doo mini paɣa.","God has shown us mercy and kindness, so we should praise and thank God. He has shown mercy to all people.",john_567A83BD_output (1),,16.57542547771438,6.896869224045711,5.098493626882966
and this is the story about him. Noah was the only person who lived right and obeyed God.,"Nuhu zuliya m-bɔŋɔ: Nuhu daa nyɛla wuntizɔra ŋun jɛmdi Naawuni, ka ka galimi o ʒiɛman’ ni.",God blessed Noah: Noah walked with God and was blameless among his generation.,john_567A83BD_output (1),,20.444352578741313,6.896869224045711,5.098493626882966
"Abraham, you and all future members of your family must promise to obey me.","Ka Naawuni daa lan yɛli Ibrahimma, “Di simdi ni a min’ a zuliya maa gbibi n daalikauli maa bɛ ʒiɛmana zaa ni.","God said to Ibrahim, ""Take your son, your only one, whom you love, and go to the land of Moriah.",john_567A83BD_output (1),,19.93009168361691,6.896869224045711,5.098493626882966
"But he would not put out the branches when the weaker animals were mating. So Jacob got all of the healthy animals, and Laban got what was left.","Amaa o daa bi zaŋdi dari maa sɔŋdi biŋkɔb’ shɛb’ bɛn ka yaa la bɛn’ sani, ka di zuɣu daa chɛ ka Leeban biŋkɔbiri nyɛ zaɣ’ gbarima, ka Yaakubu dina nyɛ bɛn mali yaa,","But when he saw that the young man was not with them, he told the others, ""Go back to the camp,"" and they went back to the camp. But Laban went to search for Jacob, and Jacob had already left.",john_567A83BD_output (1),,27.945723199280696,6.896869224045711,5.098493626882966
"When Jacob saw them, he said, “This is God's camp.” So he named the place Mahanaim.","ka o daa nya ba ka yɛli, “Naawuni sansani m-bɔŋɔ!” Dinzuɣu ka o daa boli nimaani yuli Mahanaim.","When he saw them, he said, ""God's camp!"" So he named that place Mahanaim.",john_567A83BD_output (1),,64.34743424263556,6.896869224045711,5.098493626882966
So God created humans to be like himself; he made men and women.,"Naawuni daa nam ninsala ŋ-ŋmahindila omaŋa, ka o be kaman Naawuni ni be shɛm. O daa nam ba la doo mini paɣa.","God has not given us a spirit of fear, but of power, love, and a sound mind. He has not given us a spirit of fear, but of power, love, and self-discipline.",john_AA1B9A68_output (9),,16.165118113316662,6.896869224045711,5.098493626882966
and this is the story about him. Noah was the only person who lived right and obeyed God.,"Nuhu zuliya m-bɔŋɔ: Nuhu daa nyɛla wuntizɔra ŋun jɛmdi Naawuni, ka ka galimi o ʒiɛman’ ni.",God's promise to Nuhu: God told Nuhu to build an ark to save himself and his family from the flood.,john_AA1B9A68_output (9),,19.122076754778863,6.896869224045711,5.098493626882966
"Abraham, you and all future members of your family must promise to obey me.","Ka Naawuni daa lan yɛli Ibrahimma, “Di simdi ni a min’ a zuliya maa gbibi n daalikauli maa bɛ ʒiɛmana zaa ni.","And God said to Abraham, ""This is the covenant that you must keep, you and your descendants after you.",john_AA1B9A68_output (9),,28.169158641056296,6.896869224045711,5.098493626882966
"But he would not put out the branches when the weaker animals were mating. So Jacob got all of the healthy animals, and Laban got what was left.","Amaa o daa bi zaŋdi dari maa sɔŋdi biŋkɔb’ shɛb’ bɛn ka yaa la bɛn’ sani, ka di zuɣu daa chɛ ka Leeban biŋkɔbiri nyɛ zaɣ’ gbarima, ka Yaakubu dina nyɛ bɛn mali yaa,","But when he saw that the younger son was more prosperous than the elder, and that the elder son's property was decreasing while the younger son's property was increasing, Jacob was very angry.",john_AA1B9A68_output (9),,23.47464039855253,6.896869224045711,5.098493626882966
"When Jacob saw them, he said, “This is God's camp.” So he named the place Mahanaim.","ka o daa nya ba ka yɛli, “Naawuni sansani m-bɔŋɔ!” Dinzuɣu ka o daa boli nimaani yuli Mahanaim.","When he saw them from afar, he said, ""God's camp!"" So he named that place Mahanaim.",john_AA1B9A68_output (9),,59.14007075319081,6.896869224045711,5.098493626882966
So God created humans to be like himself; he made men and women.,"Naawuni daa nam ninsala ŋ-ŋmahindila omaŋa, ka o be kaman Naawuni ni be shɛm. O daa nam ba la doo mini paɣa.","God has shown us mercy and given us peace, so we should thank God for that. He has shown mercy to us and given us good things.",Dec 07 output,,16.589550289016213,6.896869224045711,5.098493626882966
and this is the story about him. Noah was the only person who lived right and obeyed God.,"Nuhu zuliya m-bɔŋɔ: Nuhu daa nyɛla wuntizɔra ŋun jɛmdi Naawuni, ka ka galimi o ʒiɛman’ ni.","God's message to Nuhu: Nuhu, I will bring a great flood upon the earth, and you and your household will be saved.",Dec 07 output,,20.05019448559621,6.896869224045711,5.098493626882966
"Abraham, you and all future members of your family must promise to obey me.","Ka Naawuni daa lan yɛli Ibrahimma, “Di simdi ni a min’ a zuliya maa gbibi n daalikauli maa bɛ ʒiɛmana zaa ni.","And God said to Abraham, ""This is the covenant that you must keep, you and your descendants after you.""",Dec 07 output,,28.082831650805012,6.896869224045711,5.098493626882966
"But he would not put out the branches when the weaker animals were mating. So Jacob got all of the healthy animals, and Laban got what was left.","Amaa o daa bi zaŋdi dari maa sɔŋdi biŋkɔb’ shɛb’ bɛn ka yaa la bɛn’ sani, ka di zuɣu daa chɛ ka Leeban biŋkɔbiri nyɛ zaɣ’ gbarima, ka Yaakubu dina nyɛ bɛn mali yaa,","But he said to them, ""My son shall not go down with you, for his brother is dead, and he alone is left. If harm should happen to him on the journey that you are to make, you would bring down my gray hairs with sorrow to Sheol.""",Dec 07 output,,26.65224784672184,6.896869224045711,5.098493626882966
"When Jacob saw them, he said, “This is God's camp.” So he named the place Mahanaim.","ka o daa nya ba ka yɛli, “Naawuni sansani m-bɔŋɔ!” Dinzuɣu ka o daa boli nimaani yuli Mahanaim.","When he saw them, he said, “God’s camp is here!” So he named that place Mahanaim.",Dec 07 output,,62.32971550682148,6.896869224045711,5.098493626882966
So God created humans to be like himself; he made men and women.,"Naawuni daa nam ninsala ŋ-ŋmahindila omaŋa, ka o be kaman Naawuni ni be shɛm. O daa nam ba la doo mini paɣa.","God has shown us his love by sending his only Son into the world, so that we can have life through him. He is the true light that gives light to everyone.",Dec 10 output,,16.709511742467733,6.896869224045711,5.098493626882966
and this is the story about him. Noah was the only person who lived right and obeyed God.,"Nuhu zuliya m-bɔŋɔ: Nuhu daa nyɛla wuntizɔra ŋun jɛmdi Naawuni, ka ka galimi o ʒiɛman’ ni.","God's message to Nuhu: Nuhu, I have chosen you as a messenger to My people, so warn them about My punishment.",Dec 10 output,,19.13600366685042,6.896869224045711,5.098493626882966
"Abraham, you and all future members of your family must promise to obey me.","Ka Naawuni daa lan yɛli Ibrahimma, “Di simdi ni a min’ a zuliya maa gbibi n daalikauli maa bɛ ʒiɛmana zaa ni.","And God said to Abraham, ""This is my covenant, which you shall keep, between me and you and your descendants after you.""",Dec 10 output,,26.625110110461144,6.896869224045711,5.098493626882966
"But he would not put out the branches when the weaker animals were mating. So Jacob got all of the healthy animals, and Laban got what was left.","Amaa o daa bi zaŋdi dari maa sɔŋdi biŋkɔb’ shɛb’ bɛn ka yaa la bɛn’ sani, ka di zuɣu daa chɛ ka Leeban biŋkɔbiri nyɛ zaɣ’ gbarima, ka Yaakubu dina nyɛ bɛn mali yaa,","But when he saw that the money was in the mouth of his sack, he said to his brothers, ""My money has been returned to me, and here it is in my sack!"" Their hearts sank, and trembling, they turned to one another and said, ""What is this that God has done to us?""",Dec 10 output,,22.737618751392084,6.896869224045711,5.098493626882966
"When Jacob saw them, he said, “This is God's camp.” So he named the place Mahanaim.","ka o daa nya ba ka yɛli, “Naawuni sansani m-bɔŋɔ!” Dinzuɣu ka o daa boli nimaani yuli Mahanaim.","When he saw them from afar, he said, “God’s camp!” So he named that place Mahanaim.",Dec 10 output,,57.56988916462687,6.896869224045711,5.098493626882966
So God created humans to be like himself; he made men and women.,"Naawuni daa nam ninsala ŋ-ŋmahindila omaŋa, ka o be kaman Naawuni ni be shɛm. O daa nam ba la doo mini paɣa.","God has shown us his great mercy, so that we may know God and worship him. He has shown us the way to eternal life.",john_7781CD93_output (6),,22.263695513160915,6.896869224045711,5.098493626882966
and this is the story about him. Noah was the only person who lived right and obeyed God.,"Nuhu zuliya m-bɔŋɔ: Nuhu daa nyɛla wuntizɔra ŋun jɛmdi Naawuni, ka ka galimi o ʒiɛman’ ni.","God's blessing on Nuhu: Nuhu has truly received God's favor, and his joy knows no bounds.",john_7781CD93_output (6),,20.197505465620495,6.896869224045711,5.098493626882966
"Abraham, you and all future members of your family must promise to obey me.","Ka Naawuni daa lan yɛli Ibrahimma, “Di simdi ni a min’ a zuliya maa gbibi n daalikauli maa bɛ ʒiɛmana zaa ni.","And God said to Abraham, ""As for you, you shall keep my covenant, you and your descendants after you throughout their generations.""",john_7781CD93_output (6),,27.002069494913172,6.896869224045711,5.098493626882966
"But he would not put out the branches when the weaker animals were mating. So Jacob got all of the healthy animals, and Laban got what was left.","Amaa o daa bi zaŋdi dari maa sɔŋdi biŋkɔb’ shɛb’ bɛn ka yaa la bɛn’ sani, ka di zuɣu daa chɛ ka Leeban biŋkɔbiri nyɛ zaɣ’ gbarima, ka Yaakubu dina nyɛ bɛn mali yaa,","But when he saw that the money was in the mouth of his sack, he said to his brothers, ""My money has been returned to me, and here it is in my sack!"" Their hearts sank, and trembling, they turned to one another and said, ""What is this that God has done to us?""",john_7781CD93_output (6),,22.737618751392084,6.896869224045711,5.098493626882966
"When Jacob saw them, he said, “This is God's camp.” So he named the place Mahanaim.","ka o daa nya ba ka yɛli, “Naawuni sansani m-bɔŋɔ!” Dinzuɣu ka o daa boli nimaani yuli Mahanaim.","When he saw them, he said, “This is God’s camp!” So he named that place Mahanaim.",john_7781CD93_output (6),,73.68002169509928,6.896869224045711,5.098493626882966
So God created humans to be like himself; he made men and women.,"Naawuni daa nam ninsala ŋ-ŋmahindila omaŋa, ka o be kaman Naawuni ni be shɛm. O daa nam ba la doo mini paɣa.","God has not given us a spirit of fear, but of power, love, and a sound mind.",gerhardt_25FFCBF7_output_DdErIM,,14.374883887072704,6.896869224045711,5.098493626882966
and this is the story about him. Noah was the only person who lived right and obeyed God.,"Nuhu zuliya m-bɔŋɔ: Nuhu daa nyɛla wuntizɔra ŋun jɛmdi Naawuni, ka ka galimi o ʒiɛman’ ni.","God's message to Nuhu: Nuhu, I have chosen you as a messenger to my people, so warn them about my punishment.",gerhardt_25FFCBF7_output_DdErIM,,19.13600366685042,6.896869224045711,5.098493626882966
"Abraham, you and all future members of your family must promise to obey me.","Ka Naawuni daa lan yɛli Ibrahimma, “Di simdi ni a min’ a zuliya maa gbibi n daalikauli maa bɛ ʒiɛmana zaa ni.","And God said to Abraham, ""You must keep my covenant, you and your descendants after you for the generations to come.""",gerhardt_25FFCBF7_output_DdErIM,,29.0334563605686,6.896869224045711,5.098493626882966
"But he would not put out the branches when the weaker animals were mating. So Jacob got all of the healthy animals, and Laban got what was left.","Amaa o daa bi zaŋdi dari maa sɔŋdi biŋkɔb’ shɛb’ bɛn ka yaa la bɛn’ sani, ka di zuɣu daa chɛ ka Leeban biŋkɔbiri nyɛ zaɣ’ gbarima, ka Yaakubu dina nyɛ bɛn mali yaa,","But he said to them, ""My brothers, do not do evil, but fear God, for the Lord has chosen you to be his servants, and Jacob's children should not be wicked.""",gerhardt_25FFCBF7_output_DdErIM,,24.03043962812254,6.896869224045711,5.098493626882966
"When Jacob saw them, he said, “This is God's camp.” So he named the place Mahanaim.","ka o daa nya ba ka yɛli, “Naawuni sansani m-bɔŋɔ!” Dinzuɣu ka o daa boli nimaani yuli Mahanaim.","When he saw them, he said, “God’s camp is here!” So he named that place Mahanaim.",gerhardt_25FFCBF7_output_DdErIM,,62.32971550682148,6.896869224045711,5.098493626882966
So God created humans to be like himself; he made men and women.,"Naawuni daa nam ninsala ŋ-ŋmahindila omaŋa, ka o be kaman Naawuni ni be shɛm. O daa nam ba la doo mini paɣa.","God has shown us his love by sending his only Son into the world, so that we may live through him. He is the one who sent his Son to be the sacrifice that takes away our sins.",output_mich003,,18.432722620468475,6.896869224045711,5.098493626882966
and this is the story about him. Noah was the only person who lived right and obeyed God.,"Nuhu zuliya m-bɔŋɔ: Nuhu daa nyɛla wuntizɔra ŋun jɛmdi Naawuni, ka ka galimi o ʒiɛman’ ni.",God's message to Nuhu: Nuhu was a righteous man in the sight of God and walked with integrity.,output_mich003,,21.171630319529257,6.896869224045711,5.098493626882966
"Abraham, you and all future members of your family must promise to obey me.","Ka Naawuni daa lan yɛli Ibrahimma, “Di simdi ni a min’ a zuliya maa gbibi n daalikauli maa bɛ ʒiɛmana zaa ni.","And God said to Abraham, ""This is the covenant that you must keep, you and your descendants after you.",output_mich003,,28.169158641056296,6.896869224045711,5.098493626882966
"But he would not put out the branches when the weaker animals were mating. So Jacob got all of the healthy animals, and Laban got what was left.","Amaa o daa bi zaŋdi dari maa sɔŋdi biŋkɔb’ shɛb’ bɛn ka yaa la bɛn’ sani, ka di zuɣu daa chɛ ka Leeban biŋkɔbiri nyɛ zaɣ’ gbarima, ka Yaakubu dina nyɛ bɛn mali yaa,","But when he saw that the money was in the mouth of his sack, he said to his brothers, ""My money has been returned to me; here it is in my sack!"" Their hearts sank, and they turned trembling to one another and said, ""What is this that God has done to us?""",output_mich003,,22.748727663360242,6.896869224045711,5.098493626882966
"When Jacob saw them, he said, “This is God's camp.” So he named the place Mahanaim.","ka o daa nya ba ka yɛli, “Naawuni sansani m-bɔŋɔ!” Dinzuɣu ka o daa boli nimaani yuli Mahanaim.","When he saw them, he said, ""God's camp!"" So he named that place Mahanaim.",output_mich003,,64.34743424263556,6.896869224045711,5.098493626882966
So God created humans to be like himself; he made men and women.,"Naawuni daa nam ninsala ŋ-ŋmahindila omaŋa, ka o be kaman Naawuni ni be shɛm. O daa nam ba la doo mini paɣa.","God has shown us his love by sending his only Son into the world, so that we may live through him. He is the one who sent his Son as a sacrifice to atone for our sins.",output_JA-6,,17.307354518845347,6.896869224045711,5.098493626882966
and this is the story about him. Noah was the only person who lived right and obeyed God.,"Nuhu zuliya m-bɔŋɔ: Nuhu daa nyɛla wuntizɔra ŋun jɛmdi Naawuni, ka ka galimi o ʒiɛman’ ni.","God blessed Nuhu: Nuhu always feared and worshipped God, and God made him prosperous.",output_JA-6,,18.429024464109652,6.896869224045711,5.098493626882966
"Abraham, you and all future members of your family must promise to obey me.","Ka Naawuni daa lan yɛli Ibrahimma, “Di simdi ni a min’ a zuliya maa gbibi n daalikauli maa bɛ ʒiɛmana zaa ni.","God told Ibrahim, ""Take your son, your only one, whom you love, and go to the land of Moriah.",output_JA-6,,19.79668823076487,6.896869224045711,5.098493626882966
"But he would not put out the branches when the weaker animals were mating. So Jacob got all of the healthy animals, and Laban got what was left.","Amaa o daa bi zaŋdi dari maa sɔŋdi biŋkɔb’ shɛb’ bɛn ka yaa la bɛn’ sani, ka di zuɣu daa chɛ ka Leeban biŋkɔbiri nyɛ zaɣ’ gbarima, ka Yaakubu dina nyɛ bɛn mali yaa,","But he said to them, ""My brothers, do not do this evil thing. Since this boy has come to me, do not let him go back, and do not let him be harmed. Let Reuben's son return safely, and let Jacob's son remain with me in peace.""",output_JA-6,,22.952546838132804,6.896869224045711,5.098493626882966
"When Jacob saw them, he said, “This is God's camp.” So he named the place Mahanaim.","ka o daa nya ba ka yɛli, “Naawuni sansani m-bɔŋɔ!” Dinzuɣu ka o daa boli nimaani yuli Mahanaim.","When he saw them, he said, ""God's camp!"" So he named that place Mahanaim.",output_JA-6,,64.34743424263556,6.896869224045711,5.098493626882966
So God created humans to be like himself; he made men and women.,"Naawuni daa nam ninsala ŋ-ŋmahindila omaŋa, ka o be kaman Naawuni ni be shɛm. O daa nam ba la doo mini paɣa.","God has shown us his love by sending his only Son into the world, so that we may live through him. He is the one who sent his Son to save us from our sins.",Dec 03 output,,17.579367691611083,6.896869224045711,5.098493626882966
and this is the story about him. Noah was the only person who lived right and obeyed God.,"Nuhu zuliya m-bɔŋɔ: Nuhu daa nyɛla wuntizɔra ŋun jɛmdi Naawuni, ka ka galimi o ʒiɛman’ ni.","The story of Nuhu: Nuhu was a righteous man who walked with God, and he found favor in His sight.",Dec 03 output,,26.054190244673897,6.896869224045711,5.098493626882966
"Abraham, you and all future members of your family must promise to obey me.","Ka Naawuni daa lan yɛli Ibrahimma, “Di simdi ni a min’ a zuliya maa gbibi n daalikauli maa bɛ ʒiɛmana zaa ni.","And God said to Abraham, ""This is my covenant with you: You will be the father of many nations.",Dec 03 output,,22.389880237694484,6.896869224045711,5.098493626882966
"But he would not put out the branches when the weaker animals were mating. So Jacob got all of the healthy animals, and Laban got what was left.","Amaa o daa bi zaŋdi dari maa sɔŋdi biŋkɔb’ shɛb’ bɛn ka yaa la bɛn’ sani, ka di zuɣu daa chɛ ka Leeban biŋkɔbiri nyɛ zaɣ’ gbarima, ka Yaakubu dina nyɛ bɛn mali yaa,","But he said to him, ""My lord knows that the children are tender, and the flocks and herds with me are nursing, and if they are driven hard for one day, all the flocks will die. Please let my lord pass on ahead of his servant, and I will lead on slowly, at the pace of the livestock that are before me and at the pace of the children, until I come to my lord in Seir.""",Dec 03 output,,21.499144443539777,6.896869224045711,5.098493626882966
"When Jacob saw them, he said, “This is God's camp.” So he named the place Mahanaim.","ka o daa nya ba ka yɛli, “Naawuni sansani m-bɔŋɔ!” Dinzuɣu ka o daa boli nimaani yuli Mahanaim.","When he saw them, he said, ""God's camp!"" So he named that place Mahanaim.",Dec 03 output,,64.34743424263556,6.896869224045711,5.098493626882966
So God created humans to be like himself; he made men and women.,"Naawuni daa nam ninsala ŋ-ŋmahindila omaŋa, ka o be kaman Naawuni ni be shɛm. O daa nam ba la doo mini paɣa.","God has not given us a spirit of fear, but of power, love, and a sound mind.",Dec 09 output,,14.374883887072704,6.896869224045711,5.098493626882966
and this is the story about him. Noah was the only person who lived right and obeyed God.,"Nuhu zuliya m-bɔŋɔ: Nuhu daa nyɛla wuntizɔra ŋun jɛmdi Naawuni, ka ka galimi o ʒiɛman’ ni.","God's promise to Nuhu: God made a covenant with Nuhu and all living creatures, and with all future generations.",Dec 09 output,,17.789573279184065,6.896869224045711,5.098493626882966
"Abraham, you and all future members of your family must promise to obey me.","Ka Naawuni daa lan yɛli Ibrahimma, “Di simdi ni a min’ a zuliya maa gbibi n daalikauli maa bɛ ʒiɛmana zaa ni.","And God said to Abraham, ""This is the covenant that you must keep between me and your descendants after you.",Dec 09 output,,24.871111825275584,6.896869224045711,5.098493626882966
"But he would not put out the branches when the weaker animals were mating. So Jacob got all of the healthy animals, and Laban got what was left.","Amaa o daa bi zaŋdi dari maa sɔŋdi biŋkɔb’ shɛb’ bɛn ka yaa la bɛn’ sani, ka di zuɣu daa chɛ ka Leeban biŋkɔbiri nyɛ zaɣ’ gbarima, ka Yaakubu dina nyɛ bɛn mali yaa,","But he said to her, ""Sister, let me drink a little water from your jar,"" so she quickly lowered her jar from her shoulder and gave him a drink, and then she went to water the camels.",Dec 09 output,,23.19284097067812,6.896869224045711,5.098493626882966
"When Jacob saw them, he said, “This is God's camp.” So he named the place Mahanaim.","ka o daa nya ba ka yɛli, “Naawuni sansani m-bɔŋɔ!” Dinzuɣu ka o daa boli nimaani yuli Mahanaim.","When he saw them from afar, he said, ""God's camp!"" So he named that place Mahanaim.",Dec 09 output,,59.14007075319081,6.896869224045711,5.098493626882966
"When he told his father about this dream, his father became angry and said, “What's that supposed to mean? Are your mother and I and your brothers all going to come and bow down to you?”","Amaa o ni daa zaŋ li yɛl’ o ba min’ o biɛyanim’ maa, o ba daa tahila o zuɣu ka bɔh’ o, “Zahim bɔ ka a lee zahim maa? M min’ a ma ni a biɛyanim’ ŋɔ shiri ti yɛn damdila a tooni?”","But she said to him, ""Why do you ask me about that? I don't know anything about your work, do I look like your worker?""",output_onesimus007,0.2990101,18.83440120380179,6.896869224045711,5.098493626882966
Reu had more children and died at the age of,"Riu ni daa dɔɣi Sɛrug maa nyaaŋa, o daa niŋla yuun’ kɔbisiyinaayopɔin. O daa lan dɔɣi bidibisi mini bipuɣinsi pahi.","When Sɛrug's mother was pregnant with him, she craved and ate cowpea leaves. She also desired and ate a type of small, round bean.",output_onesimus007,0.2628783,19.787257190512474,6.896869224045711,5.098493626882966
"Abraham and Sarah were very old, and Sarah was well past the age for having children.",Di saha maa Ibrahimma mini Zara zaa daa kurigiya pam hal ka Zara bi lan nyari sɔrilim gba,Ibrahim's wife Zara went to the farm and left Zara's child crying in the house,output_onesimus007,0.3677401,21.30025334209034,6.896869224045711,5.098493626882966
But you have promised that I would be a success and that someday it will be as hard to count my descendants as it is to count the grains of sand along the seashore.,"Amaa ka a mi daa pun yɛli ma, ‘N ni niŋ a zaɣ’ viɛlli, ka chɛ ka a zuliya ti be kaman mɔɣ’ bihigu la, ka so ku tooi kali ba.’ ”","But if I tell you to go and say, ‘I am not the one who stole,’ and you go and say it in front of the chief’s elders, then you will be free.",output_onesimus007,0.24506335,20.97484409466158,6.896869224045711,5.098493626882966
"When I came to the well today, I silently prayed, “You, Lord, are the God my master Abraham worships, so please lead me to a wife for his son","“Ka n ni di paai kɔbiliga maa gbinna zuŋɔ, ka n yɛli, ‘Yawɛ ŋun nyɛ n dan’ Ibrahimma Naawuni ŋɔ, a yi ni ti ma nasara n chandi ŋɔ ni,","When I went to Paai Kobliga's house to greet him, he told me, 'It is not me who is the owner of Ibrahimma Naawuni's house, but it is the one who has helped me in my time of need.'",output_onesimus007,0.3453103,20.89436346967221,6.896869224045711,5.098493626882966
So God created humans to be like himself; he made men and women.,"Naawuni daa nam ninsala ŋ-ŋmahindila omaŋa, ka o be kaman Naawuni ni be shɛm. O daa nam ba la doo mini paɣa.","God has given us salvation through his love, so we should praise God for that. He has given us a child to save us.",john_1C6E69D4_output (8),,14.271137320251675,6.896869224045711,5.098493626882966
and this is the story about him. Noah was the only person who lived right and obeyed God.,"Nuhu zuliya m-bɔŋɔ: Nuhu daa nyɛla wuntizɔra ŋun jɛmdi Naawuni, ka ka galimi o ʒiɛman’ ni.","God blessed Noah and his sons and said to them, ""Be fruitful and multiply and fill the earth.""",john_1C6E69D4_output (8),,20.920027033183633,6.896869224045711,5.098493626882966
"Abraham, you and all future members of your family must promise to obey me.","Ka Naawuni daa lan yɛli Ibrahimma, “Di simdi ni a min’ a zuliya maa gbibi n daalikauli maa bɛ ʒiɛmana zaa ni.","And God said to Abraham, ""Keep my covenant, you and your descendants after you for the generations to come.""",john_1C6E69D4_output (8),,27.640056518891072,6.896869224045711,5.098493626882966
"But he would not put out the branches when the weaker animals were mating. So Jacob got all of the healthy animals, and Laban got what was left.","Amaa o daa bi zaŋdi dari maa sɔŋdi biŋkɔb’ shɛb’ bɛn ka yaa la bɛn’ sani, ka di zuɣu daa chɛ ka Leeban biŋkɔbiri nyɛ zaɣ’ gbarima, ka Yaakubu dina nyɛ bɛn mali yaa,","But when he saw that the younger son had more than the elder one, he was angry and refused to go in; so his father came out and begged him to go in.",john_1C6E69D4_output (8),,22.65712409233089,6.896869224045711,5.098493626882966
"When Jacob saw them, he said, “This is God's camp.” So he named the place Mahanaim.","ka o daa nya ba ka yɛli, “Naawuni sansani m-bɔŋɔ!” Dinzuɣu ka o daa boli nimaani yuli Mahanaim.","When he saw them, he said, ""This is God's camp!"" So he named that place Mahanaim.",john_1C6E69D4_output (8),,72.14286478665107,6.896869224045711,5.098493626882966
So God created humans to be like himself; he made men and women.,"Naawuni daa nam ninsala ŋ-ŋmahindila omaŋa, ka o be kaman Naawuni ni be shɛm. O daa nam ba la doo mini paɣa.","God has not given us a spirit of fear, but of power, love, and a sound mind.",output_johnayernor,,14.374883887072704,6.896869224045711,5.098493626882966
and this is the story about him. Noah was the only person who lived right and obeyed God.,"Nuhu zuliya m-bɔŋɔ: Nuhu daa nyɛla wuntizɔra ŋun jɛmdi Naawuni, ka ka galimi o ʒiɛman’ ni.",God's message to Nuhu: Nuhu was a righteous man in the sight of God and walked with integrity.,output_johnayernor,,21.171630319529257,6.896869224045711,5.098493626882966
"Abraham, you and all future members of your family must promise to obey me.","Ka Naawuni daa lan yɛli Ibrahimma, “Di simdi ni a min’ a zuliya maa gbibi n daalikauli maa bɛ ʒiɛmana zaa ni.","And God said to Abraham, ""This is my covenant, which you shall keep, between me and you and your descendants after you.""",output_johnayernor,,26.625110110461144,6.896869224045711,5.098493626882966
"But he would not put out the branches when the weaker animals were mating. So Jacob got all of the healthy animals, and Laban got what was left.","Amaa o daa bi zaŋdi dari maa sɔŋdi biŋkɔb’ shɛb’ bɛn ka yaa la bɛn’ sani, ka di zuɣu daa chɛ ka Leeban biŋkɔbiri nyɛ zaɣ’ gbarima, ka Yaakubu dina nyɛ bɛn mali yaa,","But when the time came for him to marry, his father's family said, ""We will not give our sister to an uncircumcised man,"" because it was a disgrace among them. So Laban said to Jacob, ""You shall not marry my daughter.""",output_johnayernor,,26.35475717803832,6.896869224045711,5.098493626882966
"When Jacob saw them, he said, “This is God's camp.” So he named the place Mahanaim.","ka o daa nya ba ka yɛli, “Naawuni sansani m-bɔŋɔ!” Dinzuɣu ka o daa boli nimaani yuli Mahanaim.","When he saw them, he said, ""God's camp!"" So he named that place Mahanaim.",output_johnayernor,,64.34743424263556,6.896869224045711,5.098493626882966
So God created humans to be like himself; he made men and women.,"Naawuni daa nam ninsala ŋ-ŋmahindila omaŋa, ka o be kaman Naawuni ni be shɛm. O daa nam ba la doo mini paɣa.","God has not given us a spirit of fear, but of power, love, and a sound mind.",Dec 11 output,,14.374883887072704,6.896869224045711,5.098493626882966
and this is the story about him. Noah was the only person who lived right and obeyed God.,"Nuhu zuliya m-bɔŋɔ: Nuhu daa nyɛla wuntizɔra ŋun jɛmdi Naawuni, ka ka galimi o ʒiɛman’ ni.","God's message to Nuhu: Nuhu, I have chosen you as a messenger to warn people about the punishment of Naawuni and to guide them to the right path.",Dec 11 output,,22.975263505276917,6.896869224045711,5.098493626882966
"Abraham, you and all future members of your family must promise to obey me.","Ka Naawuni daa lan yɛli Ibrahimma, “Di simdi ni a min’ a zuliya maa gbibi n daalikauli maa bɛ ʒiɛmana zaa ni.","God told Ibrahim, ""Take your son, your only one, whom you love, and go to the land of Moriah.",Dec 11 output,,19.79668823076487,6.896869224045711,5.098493626882966
"But he would not put out the branches when the weaker animals were mating. So Jacob got all of the healthy animals, and Laban got what was left.","Amaa o daa bi zaŋdi dari maa sɔŋdi biŋkɔb’ shɛb’ bɛn ka yaa la bɛn’ sani, ka di zuɣu daa chɛ ka Leeban biŋkɔbiri nyɛ zaɣ’ gbarima, ka Yaakubu dina nyɛ bɛn mali yaa,","But when he saw that the firstborn was not his, he made the second one also lie with him, and he said to Laban, ""Let me marry your daughter Rachel too, for Jacob's service to you.""",Dec 11 output,,25.56557907588955,6.896869224045711,5.098493626882966
"When Jacob saw them, he said, “This is God's camp.” So he named the place Mahanaim.","ka o daa nya ba ka yɛli, “Naawuni sansani m-bɔŋɔ!” Dinzuɣu ka o daa boli nimaani yuli Mahanaim.","When he saw them, he said, “God’s camp!” So he named that place Mahanaim.",Dec 11 output,,62.73679672505813,6.896869224045711,5.098493626882966
So God created humans to be like himself; he made men and women.,"Naawuni daa nam ninsala ŋ-ŋmahindila omaŋa, ka o be kaman Naawuni ni be shɛm. O daa nam ba la doo mini paɣa.","God has not given us a spirit of fear, but of power, love, and a sound mind.",gerhardt_0445F08A_output_T9n53N,,14.374883887072704,6.896869224045711,5.098493626882966
and this is the story about him. Noah was the only person who lived right and obeyed God.,"Nuhu zuliya m-bɔŋɔ: Nuhu daa nyɛla wuntizɔra ŋun jɛmdi Naawuni, ka ka galimi o ʒiɛman’ ni.","God blessed Nuhu: Nuhu always worshipped God with all his heart, and that is why God loved him.",gerhardt_0445F08A_output_T9n53N,,22.755603692975114,6.896869224045711,5.098493626882966
"Abraham, you and all future members of your family must promise to obey me.","Ka Naawuni daa lan yɛli Ibrahimma, “Di simdi ni a min’ a zuliya maa gbibi n daalikauli maa bɛ ʒiɛmana zaa ni.","And God said to Abraham, ""Take your son, your only son, whom you love, Isaac, and go to the land of Moriah.""",gerhardt_0445F08A_output_T9n53N,,24.268088738533848,6.896869224045711,5.098493626882966
"But he would not put out the branches when the weaker animals were mating. So Jacob got all of the healthy animals, and Laban got what was left.","Amaa o daa bi zaŋdi dari maa sɔŋdi biŋkɔb’ shɛb’ bɛn ka yaa la bɛn’ sani, ka di zuɣu daa chɛ ka Leeban biŋkɔbiri nyɛ zaɣ’ gbarima, ka Yaakubu dina nyɛ bɛn mali yaa,","But he said to them, ""My brothers, do not do such a thing; since this man has come into my house, do not commit this great evil. Go and bring the young man to me, and I will give him to Jacob his brother.""",gerhardt_0445F08A_output_T9n53N,,23.54396904144467,6.896869224045711,5.098493626882966
"When Jacob saw them, he said, “This is God's camp.” So he named the place Mahanaim.","ka o daa nya ba ka yɛli, “Naawuni sansani m-bɔŋɔ!” Dinzuɣu ka o daa boli nimaani yuli Mahanaim.","When he saw them from afar, he said, “God’s camp!” So he named that place Mahanaim.",gerhardt_0445F08A_output_T9n53N,,57.56988916462687,6.896869224045711,5.098493626882966
So God created humans to be like himself; he made men and women.,"Naawuni daa nam ninsala ŋ-ŋmahindila omaŋa, ka o be kaman Naawuni ni be shɛm. O daa nam ba la doo mini paɣa.","God has not given us a spirit of fear, but of power, love, and a sound mind.",gerhardt_60BC0D18_output (8),,14.374883887072704,6.896869224045711,5.098493626882966
and this is the story about him. Noah was the only person who lived right and obeyed God.,"Nuhu zuliya m-bɔŋɔ: Nuhu daa nyɛla wuntizɔra ŋun jɛmdi Naawuni, ka ka galimi o ʒiɛman’ ni.","God blessed Nuhu: Nuhu always feared and worshipped God, and that is why God favored him.",gerhardt_60BC0D18_output (8),,21.845512163954844,6.896869224045711,5.098493626882966
"Abraham, you and all future members of your family must promise to obey me.","Ka Naawuni daa lan yɛli Ibrahimma, “Di simdi ni a min’ a zuliya maa gbibi n daalikauli maa bɛ ʒiɛmana zaa ni.","And God said to Abraham, ""Keep my covenant, you and your descendants after you for the generations to come.""",gerhardt_60BC0D18_output (8),,27.640056518891072,6.896869224045711,5.098493626882966
"But he would not put out the branches when the weaker animals were mating. So Jacob got all of the healthy animals, and Laban got what was left.","Amaa o daa bi zaŋdi dari maa sɔŋdi biŋkɔb’ shɛb’ bɛn ka yaa la bɛn’ sani, ka di zuɣu daa chɛ ka Leeban biŋkɔbiri nyɛ zaɣ’ gbarima, ka Yaakubu dina nyɛ bɛn mali yaa,","But when he saw that the sons of Bilhah and the sons of Zilpah were more than the sons of Leah, he gave his son Joseph a special garment, and Jacob loved him more than his other sons.",gerhardt_60BC0D18_output (8),,23.61358548507426,6.896869224045711,5.098493626882966
"When Jacob saw them, he said, “This is God's camp.” So he named the place Mahanaim.","ka o daa nya ba ka yɛli, “Naawuni sansani m-bɔŋɔ!” Dinzuɣu ka o daa boli nimaani yuli Mahanaim.","When he saw them, he said, ""God's camp!"" So he named that place Mahanaim.",gerhardt_60BC0D18_output (8),,64.34743424263556,6.896869224045711,5.098493626882966
So God created humans to be like himself; he made men and women.,"Naawuni daa nam ninsala ŋ-ŋmahindila omaŋa, ka o be kaman Naawuni ni be shɛm. O daa nam ba la doo mini paɣa.","God has shown us his love by sending his only Son into the world, so that we can have life through him. He is the true light that gives light to everyone.",onesimus_BAB3F503_Dec 10 output,,16.709511742467733,6.896869224045711,5.098493626882966
and this is the story about him. Noah was the only person who lived right and obeyed God.,"Nuhu zuliya m-bɔŋɔ: Nuhu daa nyɛla wuntizɔra ŋun jɛmdi Naawuni, ka ka galimi o ʒiɛman’ ni.","God's message to Nuhu: Nuhu, I have chosen you as a messenger to My people, so warn them about My punishment.",onesimus_BAB3F503_Dec 10 output,,19.13600366685042,6.896869224045711,5.098493626882966
"Abraham, you and all future members of your family must promise to obey me.","Ka Naawuni daa lan yɛli Ibrahimma, “Di simdi ni a min’ a zuliya maa gbibi n daalikauli maa bɛ ʒiɛmana zaa ni.","And God said to Abraham, ""This is my covenant, which you shall keep, between me and you and your descendants after you.""",onesimus_BAB3F503_Dec 10 output,,26.625110110461144,6.896869224045711,5.098493626882966
"But he would not put out the branches when the weaker animals were mating. So Jacob got all of the healthy animals, and Laban got what was left.","Amaa o daa bi zaŋdi dari maa sɔŋdi biŋkɔb’ shɛb’ bɛn ka yaa la bɛn’ sani, ka di zuɣu daa chɛ ka Leeban biŋkɔbiri nyɛ zaɣ’ gbarima, ka Yaakubu dina nyɛ bɛn mali yaa,","But when he saw that the money was in the mouth of his sack, he said to his brothers, ""My money has been returned to me, and here it is in my sack!"" Their hearts sank, and trembling, they turned to one another and said, ""What is this that God has done to us?""",onesimus_BAB3F503_Dec 10 output,,22.737618751392084,6.896869224045711,5.098493626882966
"When Jacob saw them, he said, “This is God's camp.” So he named the place Mahanaim.","ka o daa nya ba ka yɛli, “Naawuni sansani m-bɔŋɔ!” Dinzuɣu ka o daa boli nimaani yuli Mahanaim.","When he saw them from afar, he said, “God’s camp!” So he named that place Mahanaim.",onesimus_BAB3F503_Dec 10 output,,57.56988916462687,6.896869224045711,5.098493626882966
So God created humans to be like himself; he made men and women.,"Naawuni daa nam ninsala ŋ-ŋmahindila omaŋa, ka o be kaman Naawuni ni be shɛm. O daa nam ba la doo mini paɣa.","God has not given us a spirit of fear, but of power, love, and a sound mind.",onesimus_AE3F5661_Dec 08 output,,14.374883887072704,6.896869224045711,5.098493626882966
and this is the story about him. Noah was the only person who lived right and obeyed God.,"Nuhu zuliya m-bɔŋɔ: Nuhu daa nyɛla wuntizɔra ŋun jɛmdi Naawuni, ka ka galimi o ʒiɛman’ ni.",God's message to Nuhu: God told Nuhu to warn his people about the punishment of Naawuni and what would happen to them.,onesimus_AE3F5661_Dec 08 output,,21.139646750603642,6.896869224045711,5.098493626882966
"Abraham, you and all future members of your family must promise to obey me.","Ka Naawuni daa lan yɛli Ibrahimma, “Di simdi ni a min’ a zuliya maa gbibi n daalikauli maa bɛ ʒiɛmana zaa ni.","And God said to Abraham, ""This is my covenant, which you shall keep, between me and you and your descendants after you.""",onesimus_AE3F5661_Dec 08 output,,26.625110110461144,6.896869224045711,5.098493626882966
"But he would not put out the branches when the weaker animals were mating. So Jacob got all of the healthy animals, and Laban got what was left.","Amaa o daa bi zaŋdi dari maa sɔŋdi biŋkɔb’ shɛb’ bɛn ka yaa la bɛn’ sani, ka di zuɣu daa chɛ ka Leeban biŋkɔbiri nyɛ zaɣ’ gbarima, ka Yaakubu dina nyɛ bɛn mali yaa,","But when he saw that the son of the free woman was mocking, he said to Hagar, ""What is this, Hagar? Do not be afraid, for God has heard the voice of the boy where he is.""",onesimus_AE3F5661_Dec 08 output,,23.384193749353425,6.896869224045711,5.098493626882966
"When Jacob saw them, he said, “This is God's camp.” So he named the place Mahanaim.","ka o daa nya ba ka yɛli, “Naawuni sansani m-bɔŋɔ!” Dinzuɣu ka o daa boli nimaani yuli Mahanaim.","When he saw them, he said, ""God's camp!"" So he named that place Mahanaim.",onesimus_AE3F5661_Dec 08 output,,64.34743424263556,6.896869224045711,5.098493626882966
So God created humans to be like himself; he made men and women.,"Naawuni daa nam ninsala ŋ-ŋmahindila omaŋa, ka o be kaman Naawuni ni be shɛm. O daa nam ba la doo mini paɣa.","God has not given us a spirit of fear, but of power, love, and a sound mind.",onesimus_A84A9EF3_Dec 04 output,,14.374883887072704,6.896869224045711,5.098493626882966
and this is the story about him. Noah was the only person who lived right and obeyed God.,"Nuhu zuliya m-bɔŋɔ: Nuhu daa nyɛla wuntizɔra ŋun jɛmdi Naawuni, ka ka galimi o ʒiɛman’ ni.",God's message to Nuhu: God told Nuhu to warn his people about the punishment and the great flood that would come.,onesimus_A84A9EF3_Dec 04 output,,22.95091109522944,6.896869224045711,5.098493626882966
"Abraham, you and all future members of your family must promise to obey me.","Ka Naawuni daa lan yɛli Ibrahimma, “Di simdi ni a min’ a zuliya maa gbibi n daalikauli maa bɛ ʒiɛmana zaa ni.","And God said to Abraham, ""This is the covenant that you shall keep between me and your descendants after you.""",onesimus_A84A9EF3_Dec 04 output,,24.46101928078631,6.896869224045711,5.098493626882966
"But he would not put out the branches when the weaker animals were mating. So Jacob got all of the healthy animals, and Laban got what was left.","Amaa o daa bi zaŋdi dari maa sɔŋdi biŋkɔb’ shɛb’ bɛn ka yaa la bɛn’ sani, ka di zuɣu daa chɛ ka Leeban biŋkɔbiri nyɛ zaɣ’ gbarima, ka Yaakubu dina nyɛ bɛn mali yaa,","But he said to him, ""My lord knows that the children are tender, and the flocks and herds with me are nursing, so if they are driven hard for one day, all the flocks will die. Please let my lord go on ahead of his servants, and I will lead on slowly, at the pace of the livestock that are before me and at the pace of the children, until I come to my lord in Seir.""",onesimus_A84A9EF3_Dec 04 output,,22.22484982055993,6.896869224045711,5.098493626882966
"When Jacob saw them, he said, “This is God's camp.” So he named the place Mahanaim.","ka o daa nya ba ka yɛli, “Naawuni sansani m-bɔŋɔ!” Dinzuɣu ka o daa boli nimaani yuli Mahanaim.","When he saw them, he said, ""God's camp!"" So he named that place Mahanaim.",onesimus_A84A9EF3_Dec 04 output,,64.34743424263556,6.896869224045711,5.098493626882966
So God created humans to be like himself; he made men and women.,"Naawuni daa nam ninsala ŋ-ŋmahindila omaŋa, ka o be kaman Naawuni ni be shɛm. O daa nam ba la doo mini paɣa.","God has shown us his love by sending his only Son into the world, so that we may have life through him.",gerhardt_34E1778F_output (7),,18.23027345348741,6.896869224045711,5.098493626882966
and this is the story about him. Noah was the only person who lived right and obeyed God.,"Nuhu zuliya m-bɔŋɔ: Nuhu daa nyɛla wuntizɔra ŋun jɛmdi Naawuni, ka ka galimi o ʒiɛman’ ni.",God's message to Nuhu: Nuhu should warn his people about the punishment of God and the day of resurrection.,gerhardt_34E1778F_output (7),,23.18147241198539,6.896869224045711,5.098493626882966
"Abraham, you and all future members of your family must promise to obey me.","Ka Naawuni daa lan yɛli Ibrahimma, “Di simdi ni a min’ a zuliya maa gbibi n daalikauli maa bɛ ʒiɛmana zaa ni.","God told Ibrahim, ""Take your son, your only son, whom you love, and go to the land of Moriah.",gerhardt_34E1778F_output (7),,19.79668823076487,6.896869224045711,5.098493626882966
"But he would not put out the branches when the weaker animals were mating. So Jacob got all of the healthy animals, and Laban got what was left.","Amaa o daa bi zaŋdi dari maa sɔŋdi biŋkɔb’ shɛb’ bɛn ka yaa la bɛn’ sani, ka di zuɣu daa chɛ ka Leeban biŋkɔbiri nyɛ zaɣ’ gbarima, ka Yaakubu dina nyɛ bɛn mali yaa,","But he said to them, ""My brothers, do not do evil, but bring the money you found in your sacks back to me, and bring your brother, and come back to me, so that I may know that you are not spies but honest men. Bring your brother to me, and I will give you grain.""",gerhardt_34E1778F_output (7),,20.542001877888623,6.896869224045711,5.098493626882966
"When Jacob saw them, he said, “This is God's camp.” So he named the place Mahanaim.","ka o daa nya ba ka yɛli, “Naawuni sansani m-bɔŋɔ!” Dinzuɣu ka o daa boli nimaani yuli Mahanaim.","When he saw them, he said, ""God's camp!"" So he named that place Mahanaim.",gerhardt_34E1778F_output (7),,64.34743424263556,6.896869224045711,5.098493626882966
So God created humans to be like himself; he made men and women.,"Naawuni daa nam ninsala ŋ-ŋmahindila omaŋa, ka o be kaman Naawuni ni be shɛm. O daa nam ba la doo mini paɣa.","God has always been merciful to us, so we should praise God. He has always been with us in everything.",output_JA-5,,16.39333265064051,6.896869224045711,5.098493626882966
and this is the story about him. Noah was the only person who lived right and obeyed God.,"Nuhu zuliya m-bɔŋɔ: Nuhu daa nyɛla wuntizɔra ŋun jɛmdi Naawuni, ka ka galimi o ʒiɛman’ ni.","God blessed Noah: Noah walked in righteousness before God, and he was blameless in his generation.",output_JA-5,,24.06278416562376,6.896869224045711,5.098493626882966
"Abraham, you and all future members of your family must promise to obey me.","Ka Naawuni daa lan yɛli Ibrahimma, “Di simdi ni a min’ a zuliya maa gbibi n daalikauli maa bɛ ʒiɛmana zaa ni.","And God said to Abraham, ""Keep my covenant, you and your descendants after you for generations to come.""",output_JA-5,,27.892442640089698,6.896869224045711,5.098493626882966
"But he would not put out the branches when the weaker animals were mating. So Jacob got all of the healthy animals, and Laban got what was left.","Amaa o daa bi zaŋdi dari maa sɔŋdi biŋkɔb’ shɛb’ bɛn ka yaa la bɛn’ sani, ka di zuɣu daa chɛ ka Leeban biŋkɔbiri nyɛ zaɣ’ gbarima, ka Yaakubu dina nyɛ bɛn mali yaa,","But when he saw that the younger son had become greater than the older one, he also began to hate him, and he hated him even more because of the dream and the words, and Jacob's mother knew this.",output_JA-5,,27.2413266058155,6.896869224045711,5.098493626882966
"When Jacob saw them, he said, “This is God's camp.” So he named the place Mahanaim.","ka o daa nya ba ka yɛli, “Naawuni sansani m-bɔŋɔ!” Dinzuɣu ka o daa boli nimaani yuli Mahanaim.","When he saw them, he said, “God’s camp is here!” So he named that place Mahanaim.",output_JA-5,,62.32971550682148,6.896869224045711,5.098493626882966
So God created humans to be like himself; he made men and women.,"Naawuni daa nam ninsala ŋ-ŋmahindila omaŋa, ka o be kaman Naawuni ni be shɛm. O daa nam ba la doo mini paɣa.","God created man in his own image, and he wanted man to resemble God. He created man and gave him a soul.",john_86344B85_output (7),,30.432266523051315,6.896869224045711,5.098493626882966
and this is the story about him. Noah was the only person who lived right and obeyed God.,"Nuhu zuliya m-bɔŋɔ: Nuhu daa nyɛla wuntizɔra ŋun jɛmdi Naawuni, ka ka galimi o ʒiɛman’ ni.","God's blessing upon Nuhu: Nuhu always seeks refuge in God's protection, and his faith is strong.",john_86344B85_output (7),,17.018936556119385,6.896869224045711,5.098493626882966
"Abraham, you and all future members of your family must promise to obey me.","Ka Naawuni daa lan yɛli Ibrahimma, “Di simdi ni a min’ a zuliya maa gbibi n daalikauli maa bɛ ʒiɛmana zaa ni.","And God said to Abraham, ""This is the covenant that you must keep, you and your descendants after you.",john_86344B85_output (7),,28.169158641056296,6.896869224045711,5.098493626882966
"But he would not put out the branches when the weaker animals were mating. So Jacob got all of the healthy animals, and Laban got what was left.","Amaa o daa bi zaŋdi dari maa sɔŋdi biŋkɔb’ shɛb’ bɛn ka yaa la bɛn’ sani, ka di zuɣu daa chɛ ka Leeban biŋkɔbiri nyɛ zaɣ’ gbarima, ka Yaakubu dina nyɛ bɛn mali yaa,","But when he saw that the firstborn was not his, he made the second one also lie down, and the second one also did not give birth, so Laban said to Jacob, ""What have you done to me?""",john_86344B85_output (7),,25.902831839041205,6.896869224045711,5.098493626882966
"When Jacob saw them, he said, “This is God's camp.” So he named the place Mahanaim.","ka o daa nya ba ka yɛli, “Naawuni sansani m-bɔŋɔ!” Dinzuɣu ka o daa boli nimaani yuli Mahanaim.","When he saw them from afar, he said, ""God's camp!"" So he named that place Mahanaim.",john_86344B85_output (7),,59.14007075319081,6.896869224045711,5.098493626882966
So God created humans to be like himself; he made men and women.,"Naawuni daa nam ninsala ŋ-ŋmahindila omaŋa, ka o be kaman Naawuni ni be shɛm. O daa nam ba la doo mini paɣa.","God has given us his grace and mercy, so we should thank God for that. He has given us children to take care of.",Dec 05 output,,17.77326345534874,6.896869224045711,5.098493626882966
and this is the story about him. Noah was the only person who lived right and obeyed God.,"Nuhu zuliya m-bɔŋɔ: Nuhu daa nyɛla wuntizɔra ŋun jɛmdi Naawuni, ka ka galimi o ʒiɛman’ ni.",God loves Nuhu: Nuhu always prays to God for wisdom and understanding in his work.,Dec 05 output,,19.319102336807127,6.896869224045711,5.098493626882966
"Abraham, you and all future members of your family must promise to obey me.","Ka Naawuni daa lan yɛli Ibrahimma, “Di simdi ni a min’ a zuliya maa gbibi n daalikauli maa bɛ ʒiɛmana zaa ni.","God told Ibrahim, ""Take your son, your only one, whom you love, and go to the land of Moriah.",Dec 05 output,,19.79668823076487,6.896869224045711,5.098493626882966
"But he would not put out the branches when the weaker animals were mating. So Jacob got all of the healthy animals, and Laban got what was left.","Amaa o daa bi zaŋdi dari maa sɔŋdi biŋkɔb’ shɛb’ bɛn ka yaa la bɛn’ sani, ka di zuɣu daa chɛ ka Leeban biŋkɔbiri nyɛ zaɣ’ gbarima, ka Yaakubu dina nyɛ bɛn mali yaa,","But he said to her, ""Sister, let me drink a little water from your jar,"" and she said, ""Drink, my lord,"" and quickly lowered the jar to her hand and gave him a drink. When she had finished giving him a drink, she said, ""I will also draw water for your camels until they have finished drinking.""",Dec 05 output,,22.043560481118487,6.896869224045711,5.098493626882966
"When Jacob saw them, he said, “This is God's camp.” So he named the place Mahanaim.","ka o daa nya ba ka yɛli, “Naawuni sansani m-bɔŋɔ!” Dinzuɣu ka o daa boli nimaani yuli Mahanaim.","When he saw them from afar, he said, “God’s camp!” So he named that place Mahanaim.",Dec 05 output,,57.56988916462687,6.896869224045711,5.098493626882966
So God created humans to be like himself; he made men and women.,"Naawuni daa nam ninsala ŋ-ŋmahindila omaŋa, ka o be kaman Naawuni ni be shɛm. O daa nam ba la doo mini paɣa.","God has shown us mercy and given us peace, so we should thank God for that. He has shown mercy to us and given us good things.",onesimus_C968674F_Dec 07 output,,16.589550289016213,6.896869224045711,5.098493626882966
and this is the story about him. Noah was the only person who lived right and obeyed God.,"Nuhu zuliya m-bɔŋɔ: Nuhu daa nyɛla wuntizɔra ŋun jɛmdi Naawuni, ka ka galimi o ʒiɛman’ ni.","God's message to Nuhu: Nuhu, I will bring a great flood upon the earth, and you and your household will be saved.",onesimus_C968674F_Dec 07 output,,20.05019448559621,6.896869224045711,5.098493626882966
"Abraham, you and all future members of your family must promise to obey me.","Ka Naawuni daa lan yɛli Ibrahimma, “Di simdi ni a min’ a zuliya maa gbibi n daalikauli maa bɛ ʒiɛmana zaa ni.","And God said to Abraham, ""This is the covenant that you must keep, you and your descendants after you.""",onesimus_C968674F_Dec 07 output,,28.082831650805012,6.896869224045711,5.098493626882966
"But he would not put out the branches when the weaker animals were mating. So Jacob got all of the healthy animals, and Laban got what was left.","Amaa o daa bi zaŋdi dari maa sɔŋdi biŋkɔb’ shɛb’ bɛn ka yaa la bɛn’ sani, ka di zuɣu daa chɛ ka Leeban biŋkɔbiri nyɛ zaɣ’ gbarima, ka Yaakubu dina nyɛ bɛn mali yaa,","But he said to them, ""My son shall not go down with you, for his brother is dead, and he alone is left. If harm should happen to him on the journey that you are to make, you would bring down my gray hairs with sorrow to Sheol.""",onesimus_C968674F_Dec 07 output,,26.65224784672184,6.896869224045711,5.098493626882966
"When Jacob saw them, he said, “This is God's camp.” So he named the place Mahanaim.","ka o daa nya ba ka yɛli, “Naawuni sansani m-bɔŋɔ!” Dinzuɣu ka o daa boli nimaani yuli Mahanaim.","When he saw them, he said, “God’s camp is here!” So he named that place Mahanaim.",onesimus_C968674F_Dec 07 output,,62.32971550682148,6.896869224045711,5.098493626882966
So God created humans to be like himself; he made men and women.,"Naawuni daa nam ninsala ŋ-ŋmahindila omaŋa, ka o be kaman Naawuni ni be shɛm. O daa nam ba la doo mini paɣa.","God has shown us his love by sending his only Son into the world, so that we may have life through him.",john_C52DEBBB_output (10),,18.23027345348741,6.896869224045711,5.098493626882966
and this is the story about him. Noah was the only person who lived right and obeyed God.,"Nuhu zuliya m-bɔŋɔ: Nuhu daa nyɛla wuntizɔra ŋun jɛmdi Naawuni, ka ka galimi o ʒiɛman’ ni.","God's message to Nuhu: Nuhu, I have chosen you as a messenger to my people, so go and warn them.",john_C52DEBBB_output (10),,17.440743725198516,6.896869224045711,5.098493626882966
"Abraham, you and all future members of your family must promise to obey me.","Ka Naawuni daa lan yɛli Ibrahimma, “Di simdi ni a min’ a zuliya maa gbibi n daalikauli maa bɛ ʒiɛmana zaa ni.","And God said to Abraham, ""You must keep my covenant, you and your descendants after you for the generations to come.""",john_C52DEBBB_output (10),,29.0334563605686,6.896869224045711,5.098493626882966
"But he would not put out the branches when the weaker animals were mating. So Jacob got all of the healthy animals, and Laban got what was left.","Amaa o daa bi zaŋdi dari maa sɔŋdi biŋkɔb’ shɛb’ bɛn ka yaa la bɛn’ sani, ka di zuɣu daa chɛ ka Leeban biŋkɔbiri nyɛ zaɣ’ gbarima, ka Yaakubu dina nyɛ bɛn mali yaa,","But when she saw that she was not able to conceive for him, she took her maidservant Bilhah and gave her to Jacob as a wife.",john_C52DEBBB_output (10),,22.322166319293476,6.896869224045711,5.098493626882966
"When Jacob saw them, he said, “This is God's camp.” So he named the place Mahanaim.","ka o daa nya ba ka yɛli, “Naawuni sansani m-bɔŋɔ!” Dinzuɣu ka o daa boli nimaani yuli Mahanaim.","When he saw them, he said, ""God's camp!"" So he named that place Mahanaim.",john_C52DEBBB_output (10),,64.34743424263556,6.896869224045711,5.098493626882966
So God created humans to be like himself; he made men and women.,"Naawuni daa nam ninsala ŋ-ŋmahindila omaŋa, ka o be kaman Naawuni ni be shɛm. O daa nam ba la doo mini paɣa.","God has given us his grace and mercy, so we should thank God. He has given us children and good health.",gerhardt_62CB5CC1_output (4),,18.782262630274005,6.896869224045711,5.098493626882966
and this is the story about him. Noah was the only person who lived right and obeyed God.,"Nuhu zuliya m-bɔŋɔ: Nuhu daa nyɛla wuntizɔra ŋun jɛmdi Naawuni, ka ka galimi o ʒiɛman’ ni.","God's message to Nuhu: God said to Nuhu that he should build a ship for Him, and he should put all the animals in it.",gerhardt_62CB5CC1_output (4),,19.355935789092385,6.896869224045711,5.098493626882966
"Abraham, you and all future members of your family must promise to obey me.","Ka Naawuni daa lan yɛli Ibrahimma, “Di simdi ni a min’ a zuliya maa gbibi n daalikauli maa bɛ ʒiɛmana zaa ni.","And God said to Abraham, ""This is the covenant that you shall keep between me and your descendants after you.""",gerhardt_62CB5CC1_output (4),,24.46101928078631,6.896869224045711,5.098493626882966
"But he would not put out the branches when the weaker animals were mating. So Jacob got all of the healthy animals, and Laban got what was left.","Amaa o daa bi zaŋdi dari maa sɔŋdi biŋkɔb’ shɛb’ bɛn ka yaa la bɛn’ sani, ka di zuɣu daa chɛ ka Leeban biŋkɔbiri nyɛ zaɣ’ gbarima, ka Yaakubu dina nyɛ bɛn mali yaa,","But he said to them, ""Do not be afraid; for God has come to test you, and that his fear may be before you, that you may not sin."" And Moses drew near to the thick darkness where God was.",gerhardt_62CB5CC1_output (4),,21.505330743508104,6.896869224045711,5.098493626882966
"When Jacob saw them, he said, “This is God's camp.” So he named the place Mahanaim.","ka o daa nya ba ka yɛli, “Naawuni sansani m-bɔŋɔ!” Dinzuɣu ka o daa boli nimaani yuli Mahanaim.","When he saw them, he said, “God’s camp!” So he named that place Mahanaim.",gerhardt_62CB5CC1_output (4),,62.73679672505813,6.896869224045711,5.098493626882966
So God created humans to be like himself; he made men and women.,"Naawuni daa nam ninsala ŋ-ŋmahindila omaŋa, ka o be kaman Naawuni ni be shɛm. O daa nam ba la doo mini paɣa.","God has not given us a spirit of fear, but of power, love, and a sound mind.",Dec 04 output,,14.374883887072704,6.896869224045711,5.098493626882966
and this is the story about him. Noah was the only person who lived right and obeyed God.,"Nuhu zuliya m-bɔŋɔ: Nuhu daa nyɛla wuntizɔra ŋun jɛmdi Naawuni, ka ka galimi o ʒiɛman’ ni.",God's message to Nuhu: God told Nuhu to warn his people about the punishment and the great flood that would come.,Dec 04 output,,22.95091109522944,6.896869224045711,5.098493626882966
"Abraham, you and all future members of your family must promise to obey me.","Ka Naawuni daa lan yɛli Ibrahimma, “Di simdi ni a min’ a zuliya maa gbibi n daalikauli maa bɛ ʒiɛmana zaa ni.","And God said to Abraham, ""This is the covenant that you shall keep between me and your descendants after you.""",Dec 04 output,,24.46101928078631,6.896869224045711,5.098493626882966
"But he would not put out the branches when the weaker animals were mating. So Jacob got all of the healthy animals, and Laban got what was left.","Amaa o daa bi zaŋdi dari maa sɔŋdi biŋkɔb’ shɛb’ bɛn ka yaa la bɛn’ sani, ka di zuɣu daa chɛ ka Leeban biŋkɔbiri nyɛ zaɣ’ gbarima, ka Yaakubu dina nyɛ bɛn mali yaa,","But he said to him, ""My lord knows that the children are tender, and the flocks and herds with me are nursing, so if they are driven hard for one day, all the flocks will die. Please let my lord go on ahead of his servants, and I will lead on slowly, at the pace of the livestock that are before me and at the pace of the children, until I come to my lord in Seir.""",Dec 04 output,,22.22484982055993,6.896869224045711,5.098493626882966
"When Jacob saw them, he said, “This is God's camp.” So he named the place Mahanaim.","ka o daa nya ba ka yɛli, “Naawuni sansani m-bɔŋɔ!” Dinzuɣu ka o daa boli nimaani yuli Mahanaim.","When he saw them, he said, ""God's camp!"" So he named that place Mahanaim.",Dec 04 output,,64.34743424263556,6.896869224045711,5.098493626882966
So God created humans to be like himself; he made men and women.,"Naawuni daa nam ninsala ŋ-ŋmahindila omaŋa, ka o be kaman Naawuni ni be shɛm. O daa nam ba la doo mini paɣa.","God has always been merciful to us, so we should thank God. He has always been good to us.",gerhardt_676E558A_output (6),,15.838964533210994,6.896869224045711,5.098493626882966
and this is the story about him. Noah was the only person who lived right and obeyed God.,"Nuhu zuliya m-bɔŋɔ: Nuhu daa nyɛla wuntizɔra ŋun jɛmdi Naawuni, ka ka galimi o ʒiɛman’ ni.","God's message to Nuhu: Nuhu, I have seen that you are righteous before me, so I will save you and your family.",gerhardt_676E558A_output (6),,18.90893666903572,6.896869224045711,5.098493626882966
"Abraham, you and all future members of your family must promise to obey me.","Ka Naawuni daa lan yɛli Ibrahimma, “Di simdi ni a min’ a zuliya maa gbibi n daalikauli maa bɛ ʒiɛmana zaa ni.","God told Ibrahim, ""Take your son, the one you love, and go to the land of sacrifice.""",gerhardt_676E558A_output (6),,18.29647957623435,6.896869224045711,5.098493626882966
"But he would not put out the branches when the weaker animals were mating. So Jacob got all of the healthy animals, and Laban got what was left.","Amaa o daa bi zaŋdi dari maa sɔŋdi biŋkɔb’ shɛb’ bɛn ka yaa la bɛn’ sani, ka di zuɣu daa chɛ ka Leeban biŋkɔbiri nyɛ zaɣ’ gbarima, ka Yaakubu dina nyɛ bɛn mali yaa,","But he said to him, ""My lord knows that the children are tender, and the flocks and herds with me are nursing, so if they are driven hard for one day, all the flocks will die. Please let my lord go ahead of his servant, and I will lead on slowly, at the pace of the livestock before me and at the pace of the children, until I come to my lord in Seir.""",gerhardt_676E558A_output (6),,21.84522917820337,6.896869224045711,5.098493626882966
"When Jacob saw them, he said, “This is God's camp.” So he named the place Mahanaim.","ka o daa nya ba ka yɛli, “Naawuni sansani m-bɔŋɔ!” Dinzuɣu ka o daa boli nimaani yuli Mahanaim.","When he saw them, he said, “God’s camp!” So he named that place Mahanaim.",gerhardt_676E558A_output (6),,62.73679672505813,6.896869224045711,5.098493626882966
So God created humans to be like himself; he made men and women.,"Naawuni daa nam ninsala ŋ-ŋmahindila omaŋa, ka o be kaman Naawuni ni be shɛm. O daa nam ba la doo mini paɣa.","God has given us salvation through his grace, so that we may believe in God and live. He has given us a son to save us from sin.",gerhardt_107423D8_output (9),,19.021423703691685,6.896869224045711,5.098493626882966
and this is the story about him. Noah was the only person who lived right and obeyed God.,"Nuhu zuliya m-bɔŋɔ: Nuhu daa nyɛla wuntizɔra ŋun jɛmdi Naawuni, ka ka galimi o ʒiɛman’ ni.","The prayer of Nuhu: Nuhu always prayed to God, seeking His mercy and blessings.",gerhardt_107423D8_output (9),,15.84324723705402,6.896869224045711,5.098493626882966
"Abraham, you and all future members of your family must promise to obey me.","Ka Naawuni daa lan yɛli Ibrahimma, “Di simdi ni a min’ a zuliya maa gbibi n daalikauli maa bɛ ʒiɛmana zaa ni.","God told Ibrahim, ""Take your son, your only son, whom you love, and go to the land of Moriah.""",gerhardt_107423D8_output (9),,19.73499296411949,6.896869224045711,5.098493626882966
"But he would not put out the branches when the weaker animals were mating. So Jacob got all of the healthy animals, and Laban got what was left.","Amaa o daa bi zaŋdi dari maa sɔŋdi biŋkɔb’ shɛb’ bɛn ka yaa la bɛn’ sani, ka di zuɣu daa chɛ ka Leeban biŋkɔbiri nyɛ zaɣ’ gbarima, ka Yaakubu dina nyɛ bɛn mali yaa,","But the woman said to her, ""Why have you taken my silver cup and put it in your youngest brother's sack? You have done wrong."" And they searched, starting with the oldest and ending with the youngest, and the cup was found in Benjamin's sack.",gerhardt_107423D8_output (9),,23.13452052177487,6.896869224045711,5.098493626882966
"When Jacob saw them, he said, “This is God's camp.” So he named the place Mahanaim.","ka o daa nya ba ka yɛli, “Naawuni sansani m-bɔŋɔ!” Dinzuɣu ka o daa boli nimaani yuli Mahanaim.","When he saw them, he said, ""God's camp!"" So he named that place Mahanaim.",gerhardt_107423D8_output (9),,64.34743424263556,6.896869224045711,5.098493626882966
So God created humans to be like himself; he made men and women.,"Naawuni daa nam ninsala ŋ-ŋmahindila omaŋa, ka o be kaman Naawuni ni be shɛm. O daa nam ba la doo mini paɣa.","God has always shown his mercy to us, so we should thank God. He has always been good to us.",gerhardt_E4F773B6_output (3),,14.892683741857093,6.896869224045711,5.098493626882966
and this is the story about him. Noah was the only person who lived right and obeyed God.,"Nuhu zuliya m-bɔŋɔ: Nuhu daa nyɛla wuntizɔra ŋun jɛmdi Naawuni, ka ka galimi o ʒiɛman’ ni.",God's blessing on Nuhu: Nuhu always seeks to worship God and follow His commandments.,gerhardt_E4F773B6_output (3),,16.748546836575006,6.896869224045711,5.098493626882966
"Abraham, you and all future members of your family must promise to obey me.","Ka Naawuni daa lan yɛli Ibrahimma, “Di simdi ni a min’ a zuliya maa gbibi n daalikauli maa bɛ ʒiɛmana zaa ni.","And God said to Abraham, ""You must keep my covenant, you and your descendants after you for the generations to come.""",gerhardt_E4F773B6_output (3),,29.0334563605686,6.896869224045711,5.098493626882966
"But he would not put out the branches when the weaker animals were mating. So Jacob got all of the healthy animals, and Laban got what was left.","Amaa o daa bi zaŋdi dari maa sɔŋdi biŋkɔb’ shɛb’ bɛn ka yaa la bɛn’ sani, ka di zuɣu daa chɛ ka Leeban biŋkɔbiri nyɛ zaɣ’ gbarima, ka Yaakubu dina nyɛ bɛn mali yaa,","But he said to them, ""Do not be afraid; for God has come to test you, and that His fear may be before you, so that you may not sin."" And Moses drew near to the thick darkness where God was.",gerhardt_E4F773B6_output (3),,21.30024517627131,6.896869224045711,5.098493626882966
"When Jacob saw them, he said, “This is God's camp.” So he named the place Mahanaim.","ka o daa nya ba ka yɛli, “Naawuni sansani m-bɔŋɔ!” Dinzuɣu ka o daa boli nimaani yuli Mahanaim.","When he saw them from afar, he said, ""God's camp!"" So he named that place Mahanaim.",gerhardt_E4F773B6_output (3),,59.14007075319081,6.896869224045711,5.098493626882966
So God created humans to be like himself; he made men and women.,"Naawuni daa nam ninsala ŋ-ŋmahindila omaŋa, ka o be kaman Naawuni ni be shɛm. O daa nam ba la doo mini paɣa.","God has given us his grace and mercy, so we should thank God for that. He has given us children and everything.",john_B0DBB2CB_output (4),,19.18083008213471,6.896869224045711,5.098493626882966
and this is the story about him. Noah was the only person who lived right and obeyed God.,"Nuhu zuliya m-bɔŋɔ: Nuhu daa nyɛla wuntizɔra ŋun jɛmdi Naawuni, ka ka galimi o ʒiɛman’ ni.","God's message to Nuhu: Nuhu, I will bring a great flood upon the earth to destroy all living creatures because of the wickedness of the people.",john_B0DBB2CB_output (4),,19.37618525646901,6.896869224045711,5.098493626882966
"Abraham, you and all future members of your family must promise to obey me.","Ka Naawuni daa lan yɛli Ibrahimma, “Di simdi ni a min’ a zuliya maa gbibi n daalikauli maa bɛ ʒiɛmana zaa ni.","And God said to Abraham, ""You must keep my covenant, you and your descendants after you for the generations to come.""",john_B0DBB2CB_output (4),,29.0334563605686,6.896869224045711,5.098493626882966
"But he would not put out the branches when the weaker animals were mating. So Jacob got all of the healthy animals, and Laban got what was left.","Amaa o daa bi zaŋdi dari maa sɔŋdi biŋkɔb’ shɛb’ bɛn ka yaa la bɛn’ sani, ka di zuɣu daa chɛ ka Leeban biŋkɔbiri nyɛ zaɣ’ gbarima, ka Yaakubu dina nyɛ bɛn mali yaa,","But when the time came for the firstborn to be married, they brought the younger one to be married first, and when they saw that Leah was not beautiful, they gave her to Jacob as a wife by force.",john_B0DBB2CB_output (4),,26.30733949041905,6.896869224045711,5.098493626882966
"When Jacob saw them, he said, “This is God's camp.” So he named the place Mahanaim.","ka o daa nya ba ka yɛli, “Naawuni sansani m-bɔŋɔ!” Dinzuɣu ka o daa boli nimaani yuli Mahanaim.","When he saw them from afar, he said, “God’s camp!” So he named that place Mahanaim.",john_B0DBB2CB_output (4),,57.56988916462687,6.896869224045711,5.098493626882966
So God created humans to be like himself; he made men and women.,"Naawuni daa nam ninsala ŋ-ŋmahindila omaŋa, ka o be kaman Naawuni ni be shɛm. O daa nam ba la doo mini paɣa.","God has never created a person without a purpose, so you should always thank God. He has never created anyone in vain.",gerhardt_E32D1C1E_output_mzX2S5,,20.23275652404163,6.896869224045711,5.098493626882966
and this is the story about him. Noah was the only person who lived right and obeyed God.,"Nuhu zuliya m-bɔŋɔ: Nuhu daa nyɛla wuntizɔra ŋun jɛmdi Naawuni, ka ka galimi o ʒiɛman’ ni.",God's message to Nuhu: God told Nuhu to build an ark to save himself and his family from the flood.,gerhardt_E32D1C1E_output_mzX2S5,,18.895627467785317,6.896869224045711,5.098493626882966
"Abraham, you and all future members of your family must promise to obey me.","Ka Naawuni daa lan yɛli Ibrahimma, “Di simdi ni a min’ a zuliya maa gbibi n daalikauli maa bɛ ʒiɛmana zaa ni.","And God said to Abraham, ""As for you, you shall keep my covenant, you and your descendants after you throughout their generations.",gerhardt_E32D1C1E_output_mzX2S5,,27.07905153474351,6.896869224045711,5.098493626882966
"But he would not put out the branches when the weaker animals were mating. So Jacob got all of the healthy animals, and Laban got what was left.","Amaa o daa bi zaŋdi dari maa sɔŋdi biŋkɔb’ shɛb’ bɛn ka yaa la bɛn’ sani, ka di zuɣu daa chɛ ka Leeban biŋkɔbiri nyɛ zaɣ’ gbarima, ka Yaakubu dina nyɛ bɛn mali yaa,","But when he saw that the sons of Bilhah and the sons of Zilpah were more than the sons of Leah, he gave his son Joseph a special coat.",gerhardt_E32D1C1E_output_mzX2S5,,20.579643506019067,6.896869224045711,5.098493626882966
"When Jacob saw them, he said, “This is God's camp.” So he named the place Mahanaim.","ka o daa nya ba ka yɛli, “Naawuni sansani m-bɔŋɔ!” Dinzuɣu ka o daa boli nimaani yuli Mahanaim.","When he saw them, he said, “God’s camp is here!” So he named that place Mahanaim.",gerhardt_E32D1C1E_output_mzX2S5,,62.32971550682148,6.896869224045711,5.098493626882966
So God created humans to be like himself; he made men and women.,"Naawuni daa nam ninsala ŋ-ŋmahindila omaŋa, ka o be kaman Naawuni ni be shɛm. O daa nam ba la doo mini paɣa.","God has given us his grace and mercy, so we should thank God for that. He has given us children to take care of.",gerhardt_145C11AE_output (2),,17.77326345534874,6.896869224045711,5.098493626882966
and this is the story about him. Noah was the only person who lived right and obeyed God.,"Nuhu zuliya m-bɔŋɔ: Nuhu daa nyɛla wuntizɔra ŋun jɛmdi Naawuni, ka ka galimi o ʒiɛman’ ni.",God blessed Noah: Noah walked with God and was blameless among his generation.,gerhardt_145C11AE_output (2),,20.444352578741313,6.896869224045711,5.098493626882966
"Abraham, you and all future members of your family must promise to obey me.","Ka Naawuni daa lan yɛli Ibrahimma, “Di simdi ni a min’ a zuliya maa gbibi n daalikauli maa bɛ ʒiɛmana zaa ni.","And God said to Abraham, ""This is the covenant that you shall keep between me and your descendants after you.""",gerhardt_145C11AE_output (2),,24.46101928078631,6.896869224045711,5.098493626882966
"But he would not put out the branches when the weaker animals were mating. So Jacob got all of the healthy animals, and Laban got what was left.","Amaa o daa bi zaŋdi dari maa sɔŋdi biŋkɔb’ shɛb’ bɛn ka yaa la bɛn’ sani, ka di zuɣu daa chɛ ka Leeban biŋkɔbiri nyɛ zaɣ’ gbarima, ka Yaakubu dina nyɛ bɛn mali yaa,","But when he saw that the sons of Bilhah and the sons of Zilpah were more than the sons of Leah, he gave his son Jacob more than the others.",gerhardt_145C11AE_output (2),,22.337516337823267,6.896869224045711,5.098493626882966
"When Jacob saw them, he said, “This is God's camp.” So he named the place Mahanaim.","ka o daa nya ba ka yɛli, “Naawuni sansani m-bɔŋɔ!” Dinzuɣu ka o daa boli nimaani yuli Mahanaim.","When he saw them, he said, “God’s camp!” So he named that place Mahanaim.",gerhardt_145C11AE_output (2),,62.73679672505813,6.896869224045711,5.098493626882966
So God created humans to be like himself; he made men and women.,"Naawuni daa nam ninsala ŋ-ŋmahindila omaŋa, ka o be kaman Naawuni ni be shɛm. O daa nam ba la doo mini paɣa.","God has not given us a spirit of fear, but of power, love, and a sound mind.",gerhardt_087BEB88_output_loRIsq,,14.374883887072704,6.896869224045711,5.098493626882966
and this is the story about him. Noah was the only person who lived right and obeyed God.,"Nuhu zuliya m-bɔŋɔ: Nuhu daa nyɛla wuntizɔra ŋun jɛmdi Naawuni, ka ka galimi o ʒiɛman’ ni.","God's message to Nuhu: Nuhu, I have chosen you as a messenger to my people, so go and warn them.",gerhardt_087BEB88_output_loRIsq,,17.440743725198516,6.896869224045711,5.098493626882966
"Abraham, you and all future members of your family must promise to obey me.","Ka Naawuni daa lan yɛli Ibrahimma, “Di simdi ni a min’ a zuliya maa gbibi n daalikauli maa bɛ ʒiɛmana zaa ni.","And God said to Abraham, ""You must keep my covenant, you and your descendants after you for the generations to come.""",gerhardt_087BEB88_output_loRIsq,,29.0334563605686,6.896869224045711,5.098493626882966
"But he would not put out the branches when the weaker animals were mating. So Jacob got all of the healthy animals, and Laban got what was left.","Amaa o daa bi zaŋdi dari maa sɔŋdi biŋkɔb’ shɛb’ bɛn ka yaa la bɛn’ sani, ka di zuɣu daa chɛ ka Leeban biŋkɔbiri nyɛ zaɣ’ gbarima, ka Yaakubu dina nyɛ bɛn mali yaa,","But when she saw that she was not able to have children, she took her maid Bilhah and gave her to her husband Jacob to be his wife.",gerhardt_087BEB88_output_loRIsq,,21.52728568604354,6.896869224045711,5.098493626882966
"When Jacob saw them, he said, “This is God's camp.” So he named the place Mahanaim.","ka o daa nya ba ka yɛli, “Naawuni sansani m-bɔŋɔ!” Dinzuɣu ka o daa boli nimaani yuli Mahanaim.","When he saw them, he said, ""God's camp!"" So he named that place Mahanaim.",gerhardt_087BEB88_output_loRIsq,,64.34743424263556,6.896869224045711,5.098493626882966
So God created humans to be like himself; he made men and women.,"Naawuni daa nam ninsala ŋ-ŋmahindila omaŋa, ka o be kaman Naawuni ni be shɛm. O daa nam ba la doo mini paɣa.","God has not given us a spirit of fear, but of power, love, and a sound mind.",john_C904F397_output (2),,14.374883887072704,6.896869224045711,5.098493626882966
and this is the story about him. Noah was the only person who lived right and obeyed God.,"Nuhu zuliya m-bɔŋɔ: Nuhu daa nyɛla wuntizɔra ŋun jɛmdi Naawuni, ka ka galimi o ʒiɛman’ ni.",God's blessing on Nuhu: Nuhu always remembers to thank God for his life and his good health.,john_C904F397_output (2),,20.252193238441865,6.896869224045711,5.098493626882966
"Abraham, you and all future members of your family must promise to obey me.","Ka Naawuni daa lan yɛli Ibrahimma, “Di simdi ni a min’ a zuliya maa gbibi n daalikauli maa bɛ ʒiɛmana zaa ni.","God said to Abraham, ""Take your son, your only son, whom you love, Isaac, and go to the land of Moriah.""",john_C904F397_output (2),,24.491027897689936,6.896869224045711,5.098493626882966
"But he would not put out the branches when the weaker animals were mating. So Jacob got all of the healthy animals, and Laban got what was left.","Amaa o daa bi zaŋdi dari maa sɔŋdi biŋkɔb’ shɛb’ bɛn ka yaa la bɛn’ sani, ka di zuɣu daa chɛ ka Leeban biŋkɔbiri nyɛ zaɣ’ gbarima, ka Yaakubu dina nyɛ bɛn mali yaa,","But as for the one who was in the house, he heard the sound of the children of Laban, and he went out to see, and behold, the children of Laban were chasing a man, and Jacob was alone with them.",john_C904F397_output (2),,28.873714449114825,6.896869224045711,5.098493626882966
"When Jacob saw them, he said, “This is God's camp.” So he named the place Mahanaim.","ka o daa nya ba ka yɛli, “Naawuni sansani m-bɔŋɔ!” Dinzuɣu ka o daa boli nimaani yuli Mahanaim.","When he saw them, he said, ""God's camp!"" So he named that place Mahanaim.",john_C904F397_output (2),,64.34743424263556,6.896869224045711,5.098493626882966
So God created humans to be like himself; he made men and women.,"Naawuni daa nam ninsala ŋ-ŋmahindila omaŋa, ka o be kaman Naawuni ni be shɛm. O daa nam ba la doo mini paɣa.","God has not given us a spirit of fear, but of power, love, and a sound mind.",onesimus_E33AE420_Dec 11 output,,14.374883887072704,6.896869224045711,5.098493626882966
and this is the story about him. Noah was the only person who lived right and obeyed God.,"Nuhu zuliya m-bɔŋɔ: Nuhu daa nyɛla wuntizɔra ŋun jɛmdi Naawuni, ka ka galimi o ʒiɛman’ ni.","God's message to Nuhu: Nuhu, I have chosen you as a messenger to warn people about the punishment of Naawuni and to guide them to the right path.",onesimus_E33AE420_Dec 11 output,,22.975263505276917,6.896869224045711,5.098493626882966
"Abraham, you and all future members of your family must promise to obey me.","Ka Naawuni daa lan yɛli Ibrahimma, “Di simdi ni a min’ a zuliya maa gbibi n daalikauli maa bɛ ʒiɛmana zaa ni.","God told Ibrahim, ""Take your son, your only one, whom you love, and go to the land of Moriah.",onesimus_E33AE420_Dec 11 output,,19.79668823076487,6.896869224045711,5.098493626882966
"But he would not put out the branches when the weaker animals were mating. So Jacob got all of the healthy animals, and Laban got what was left.","Amaa o daa bi zaŋdi dari maa sɔŋdi biŋkɔb’ shɛb’ bɛn ka yaa la bɛn’ sani, ka di zuɣu daa chɛ ka Leeban biŋkɔbiri nyɛ zaɣ’ gbarima, ka Yaakubu dina nyɛ bɛn mali yaa,","But when he saw that the firstborn was not his, he made the second one also lie with him, and he said to Laban, ""Let me marry your daughter Rachel too, for Jacob's service to you.""",onesimus_E33AE420_Dec 11 output,,25.56557907588955,6.896869224045711,5.098493626882966
"When Jacob saw them, he said, “This is God's camp.” So he named the place Mahanaim.","ka o daa nya ba ka yɛli, “Naawuni sansani m-bɔŋɔ!” Dinzuɣu ka o daa boli nimaani yuli Mahanaim.","When he saw them, he said, “God’s camp!” So he named that place Mahanaim.",onesimus_E33AE420_Dec 11 output,,62.73679672505813,6.896869224045711,5.098493626882966
So God created humans to be like himself; he made men and women.,"Naawuni daa nam ninsala ŋ-ŋmahindila omaŋa, ka o be kaman Naawuni ni be shɛm. O daa nam ba la doo mini paɣa.","God has not given us a spirit of fear, but of power, love, and a sound mind.",onesimus_48E85B7F_Dec 09 output,,14.374883887072704,6.896869224045711,5.098493626882966
and this is the story about him. Noah was the only person who lived right and obeyed God.,"Nuhu zuliya m-bɔŋɔ: Nuhu daa nyɛla wuntizɔra ŋun jɛmdi Naawuni, ka ka galimi o ʒiɛman’ ni.","God's promise to Nuhu: God made a covenant with Nuhu and all living creatures, and with all future generations.",onesimus_48E85B7F_Dec 09 output,,17.789573279184065,6.896869224045711,5.098493626882966
"Abraham, you and all future members of your family must promise to obey me.","Ka Naawuni daa lan yɛli Ibrahimma, “Di simdi ni a min’ a zuliya maa gbibi n daalikauli maa bɛ ʒiɛmana zaa ni.","And God said to Abraham, ""This is the covenant that you must keep between me and your descendants after you.",onesimus_48E85B7F_Dec 09 output,,24.871111825275584,6.896869224045711,5.098493626882966
"But he would not put out the branches when the weaker animals were mating. So Jacob got all of the healthy animals, and Laban got what was left.","Amaa o daa bi zaŋdi dari maa sɔŋdi biŋkɔb’ shɛb’ bɛn ka yaa la bɛn’ sani, ka di zuɣu daa chɛ ka Leeban biŋkɔbiri nyɛ zaɣ’ gbarima, ka Yaakubu dina nyɛ bɛn mali yaa,","But he said to her, ""Sister, let me drink a little water from your jar,"" so she quickly lowered her jar from her shoulder and gave him a drink, and then she went to water the camels.",onesimus_48E85B7F_Dec 09 output,,23.19284097067812,6.896869224045711,5.098493626882966
"When Jacob saw them, he said, “This is God's camp.” So he named the place Mahanaim.","ka o daa nya ba ka yɛli, “Naawuni sansani m-bɔŋɔ!” Dinzuɣu ka o daa boli nimaani yuli Mahanaim.","When he saw them from afar, he said, ""God's camp!"" So he named that place Mahanaim.",onesimus_48E85B7F_Dec 09 output,,59.14007075319081,6.896869224045711,5.098493626882966
So God created humans to be like himself; he made men and women.,"Naawuni daa nam ninsala ŋ-ŋmahindila omaŋa, ka o be kaman Naawuni ni be shɛm. O daa nam ba la doo mini paɣa.","God has given us grace and mercy, so we should thank God for that. He has given us children and good health.",Dec 01 output,,19.095133425458275,6.896869224045711,5.098493626882966
and this is the story about him. Noah was the only person who lived right and obeyed God.,"Nuhu zuliya m-bɔŋɔ: Nuhu daa nyɛla wuntizɔra ŋun jɛmdi Naawuni, ka ka galimi o ʒiɛman’ ni.","The story of Nuhu: Nuhu was a righteous man in the sight of God, and he walked with God.",Dec 01 output,,25.24775754882947,6.896869224045711,5.098493626882966
"Abraham, you and all future members of your family must promise to obey me.","Ka Naawuni daa lan yɛli Ibrahimma, “Di simdi ni a min’ a zuliya maa gbibi n daalikauli maa bɛ ʒiɛmana zaa ni.","And God said to Abraham, ""Keep my covenant, you and your descendants after you for the generations to come.""",Dec 01 output,,27.640056518891072,6.896869224045711,5.098493626882966
"But he would not put out the branches when the weaker animals were mating. So Jacob got all of the healthy animals, and Laban got what was left.","Amaa o daa bi zaŋdi dari maa sɔŋdi biŋkɔb’ shɛb’ bɛn ka yaa la bɛn’ sani, ka di zuɣu daa chɛ ka Leeban biŋkɔbiri nyɛ zaɣ’ gbarima, ka Yaakubu dina nyɛ bɛn mali yaa,","But when he saw that the younger son was more prosperous than the older one, he became jealous and hated him, and he plotted to kill Laban's son, but Jacob was not aware of it.",Dec 01 output,,27.339337990791385,6.896869224045711,5.098493626882966
"When Jacob saw them, he said, “This is God's camp.” So he named the place Mahanaim.","ka o daa nya ba ka yɛli, “Naawuni sansani m-bɔŋɔ!” Dinzuɣu ka o daa boli nimaani yuli Mahanaim.","When he saw them, he said, ""God's camp!"" So he named that place Mahanaim.",Dec 01 output,,64.34743424263556,6.896869224045711,5.098493626882966
So God created humans to be like himself; he made men and women.,"Naawuni daa nam ninsala ŋ-ŋmahindila omaŋa, ka o be kaman Naawuni ni be shɛm. O daa nam ba la doo mini paɣa.","God has shown us his love by sending his only Son into the world, so that we may live through him. He is the one who sent his Son to be the sacrifice that takes away our sins.",gerhardt_80805CFE_output_7z6RFo,,18.432722620468475,6.896869224045711,5.098493626882966
and this is the story about him. Noah was the only person who lived right and obeyed God.,"Nuhu zuliya m-bɔŋɔ: Nuhu daa nyɛla wuntizɔra ŋun jɛmdi Naawuni, ka ka galimi o ʒiɛman’ ni.",Nuhu's prayer: Nuhu always prays to God for his children's success and good health.,gerhardt_80805CFE_output_7z6RFo,,16.609808279093052,6.896869224045711,5.098493626882966
"Abraham, you and all future members of your family must promise to obey me.","Ka Naawuni daa lan yɛli Ibrahimma, “Di simdi ni a min’ a zuliya maa gbibi n daalikauli maa bɛ ʒiɛmana zaa ni.","And God said to Abraham, ""You must keep my covenant, you and your descendants after you for the generations to come.""",gerhardt_80805CFE_output_7z6RFo,,29.0334563605686,6.896869224045711,5.098493626882966
"But he would not put out the branches when the weaker animals were mating. So Jacob got all of the healthy animals, and Laban got what was left.","Amaa o daa bi zaŋdi dari maa sɔŋdi biŋkɔb’ shɛb’ bɛn ka yaa la bɛn’ sani, ka di zuɣu daa chɛ ka Leeban biŋkɔbiri nyɛ zaɣ’ gbarima, ka Yaakubu dina nyɛ bɛn mali yaa,","But he said to him, ""My lord knows that the children are tender, and the flocks and herds with me are nursing, so if they are driven hard for a single day, all the flocks will die. Please let my lord go ahead of his servant, and I will proceed at my own pace, according to the pace of the livestock before me and according to the pace of the children, until I come to my lord in Seir.""",gerhardt_80805CFE_output_7z6RFo,,21.48497744655303,6.896869224045711,5.098493626882966
"When Jacob saw them, he said, “This is God's camp.” So he named the place Mahanaim.","ka o daa nya ba ka yɛli, “Naawuni sansani m-bɔŋɔ!” Dinzuɣu ka o daa boli nimaani yuli Mahanaim.","When he saw them, he said, ""God's camp!"" So he named that place Mahanaim.",gerhardt_80805CFE_output_7z6RFo,,64.34743424263556,6.896869224045711,5.098493626882966
So God created humans to be like himself; he made men and women.,"Naawuni daa nam ninsala ŋ-ŋmahindila omaŋa, ka o be kaman Naawuni ni be shɛm. O daa nam ba la doo mini paɣa.","God created man in his own image, so that man should resemble God. He created man and gave him life.",output_JA-3,,31.245335771665278,6.896869224045711,5.098493626882966
and this is the story about him. Noah was the only person who lived right and obeyed God.,"Nuhu zuliya m-bɔŋɔ: Nuhu daa nyɛla wuntizɔra ŋun jɛmdi Naawuni, ka ka galimi o ʒiɛman’ ni.","God's message to Nuhu: Nuhu, I have chosen you as a messenger to my people, so go and warn them.",output_JA-3,,17.440743725198516,6.896869224045711,5.098493626882966
"Abraham, you and all future members of your family must promise to obey me.","Ka Naawuni daa lan yɛli Ibrahimma, “Di simdi ni a min’ a zuliya maa gbibi n daalikauli maa bɛ ʒiɛmana zaa ni.","God said to Ibrahim, ""Take your son, your only one, whom you love, and go to the land of Moriah.",output_JA-3,,19.93009168361691,6.896869224045711,5.098493626882966
"But he would not put out the branches when the weaker animals were mating. So Jacob got all of the healthy animals, and Laban got what was left.","Amaa o daa bi zaŋdi dari maa sɔŋdi biŋkɔb’ shɛb’ bɛn ka yaa la bɛn’ sani, ka di zuɣu daa chɛ ka Leeban biŋkɔbiri nyɛ zaɣ’ gbarima, ka Yaakubu dina nyɛ bɛn mali yaa,","But he said to him, ""My lord knows that the children are tender, and the flocks and herds with me are nursing, so if they are driven hard for one day, all the flocks will die. Please let my lord go on ahead of his servants, and I will lead on slowly, at the pace of the livestock that are before me and at the pace of the children, until I come to my lord in Seir.""",output_JA-3,,22.22484982055993,6.896869224045711,5.098493626882966
"When Jacob saw them, he said, “This is God's camp.” So he named the place Mahanaim.","ka o daa nya ba ka yɛli, “Naawuni sansani m-bɔŋɔ!” Dinzuɣu ka o daa boli nimaani yuli Mahanaim.","When he saw them, he said, “God’s camp!” So he named that place Mahanaim.",output_JA-3,,62.73679672505813,6.896869224045711,5.098493626882966
So God created humans to be like himself; he made men and women.,"Naawuni daa nam ninsala ŋ-ŋmahindila omaŋa, ka o be kaman Naawuni ni be shɛm. O daa nam ba la doo mini paɣa.","God has never created a human being without a purpose, so that we may know God and worship Him. He has not created any child without a reason.",Dec 06 output,,25.98060364680606,6.896869224045711,5.098493626882966
and this is the story about him. Noah was the only person who lived right and obeyed God.,"Nuhu zuliya m-bɔŋɔ: Nuhu daa nyɛla wuntizɔra ŋun jɛmdi Naawuni, ka ka galimi o ʒiɛman’ ni.","God's blessing on Nuhu: Nuhu has indeed received abundant blessings from God, and his joy knows no bounds.",Dec 06 output,,19.123449662715345,6.896869224045711,5.098493626882966
"Abraham, you and all future members of your family must promise to obey me.","Ka Naawuni daa lan yɛli Ibrahimma, “Di simdi ni a min’ a zuliya maa gbibi n daalikauli maa bɛ ʒiɛmana zaa ni.","And God said to Abraham, ""This is the covenant that you shall keep between me and your descendants after you.""",Dec 06 output,,24.46101928078631,6.896869224045711,5.098493626882966
"But he would not put out the branches when the weaker animals were mating. So Jacob got all of the healthy animals, and Laban got what was left.","Amaa o daa bi zaŋdi dari maa sɔŋdi biŋkɔb’ shɛb’ bɛn ka yaa la bɛn’ sani, ka di zuɣu daa chɛ ka Leeban biŋkɔbiri nyɛ zaɣ’ gbarima, ka Yaakubu dina nyɛ bɛn mali yaa,","But when he saw that the younger son had become greater than the elder, he also hated the younger one, and his hatred for the younger one grew even more, and he became jealous of the younger one, and Jacob's hatred for him increased.",Dec 06 output,,24.958485059940426,6.896869224045711,5.098493626882966
"When Jacob saw them, he said, “This is God's camp.” So he named the place Mahanaim.","ka o daa nya ba ka yɛli, “Naawuni sansani m-bɔŋɔ!” Dinzuɣu ka o daa boli nimaani yuli Mahanaim.","When he saw them, he said, ""God's camp!"" So he named that place Mahanaim.",Dec 06 output,,64.34743424263556,6.896869224045711,5.098493626882966
So God created humans to be like himself; he made men and women.,"Naawuni daa nam ninsala ŋ-ŋmahindila omaŋa, ka o be kaman Naawuni ni be shɛm. O daa nam ba la doo mini paɣa.","God has always shown his love for us, and we must also love God. He has always given us everything we need.",onesimus_C6D92021_Dec 02 output,,17.404182804585357,6.896869224045711,5.098493626882966
and this is the story about him. Noah was the only person who lived right and obeyed God.,"Nuhu zuliya m-bɔŋɔ: Nuhu daa nyɛla wuntizɔra ŋun jɛmdi Naawuni, ka ka galimi o ʒiɛman’ ni.","The story of Nuhu: Nuhu was a righteous man who walked with God, and he found favor in His sight.",onesimus_C6D92021_Dec 02 output,,26.054190244673897,6.896869224045711,5.098493626882966
"Abraham, you and all future members of your family must promise to obey me.","Ka Naawuni daa lan yɛli Ibrahimma, “Di simdi ni a min’ a zuliya maa gbibi n daalikauli maa bɛ ʒiɛmana zaa ni.","And God said to Abraham, ""You must keep my covenant, you and your descendants after you for the generations to come.""",onesimus_C6D92021_Dec 02 output,,29.0334563605686,6.896869224045711,5.098493626882966
"But he would not put out the branches when the weaker animals were mating. So Jacob got all of the healthy animals, and Laban got what was left.","Amaa o daa bi zaŋdi dari maa sɔŋdi biŋkɔb’ shɛb’ bɛn ka yaa la bɛn’ sani, ka di zuɣu daa chɛ ka Leeban biŋkɔbiri nyɛ zaɣ’ gbarima, ka Yaakubu dina nyɛ bɛn mali yaa,","But when she saw that she was not able to conceive for him, she took her maidservant Bilhah and gave her to her husband Jacob to be his wife.",onesimus_C6D92021_Dec 02 output,,22.0551680261323,6.896869224045711,5.098493626882966
"When Jacob saw them, he said, “This is God's camp.” So he named the place Mahanaim.","ka o daa nya ba ka yɛli, “Naawuni sansani m-bɔŋɔ!” Dinzuɣu ka o daa boli nimaani yuli Mahanaim.","When he saw them from afar, he said, “God’s camp!” So he named that place Mahanaim.",onesimus_C6D92021_Dec 02 output,,57.56988916462687,6.896869224045711,5.098493626882966
So God created humans to be like himself; he made men and women.,"Naawuni daa nam ninsala ŋ-ŋmahindila omaŋa, ka o be kaman Naawuni ni be shɛm. O daa nam ba la doo mini paɣa.","God has shown us his love by sending his only Son into the world, so that we may have life through him.",Jan output 1 ,,18.23027345348741,6.896869224045711,5.098493626882966
and this is the story about him. Noah was the only person who lived right and obeyed God.,"Nuhu zuliya m-bɔŋɔ: Nuhu daa nyɛla wuntizɔra ŋun jɛmdi Naawuni, ka ka galimi o ʒiɛman’ ni.","God loves Nuhu: Nuhu always prays to God, and God listens to him.",Jan output 1 ,,17.242579813644102,6.896869224045711,5.098493626882966
"Abraham, you and all future members of your family must promise to obey me.","Ka Naawuni daa lan yɛli Ibrahimma, “Di simdi ni a min’ a zuliya maa gbibi n daalikauli maa bɛ ʒiɛmana zaa ni.","And God said to Abraham, ""Take your son, your only son, whom you love, and go to the land of Moriah.",Jan output 1 ,,24.794738013302812,6.896869224045711,5.098493626882966
"But he would not put out the branches when the weaker animals were mating. So Jacob got all of the healthy animals, and Laban got what was left.","Amaa o daa bi zaŋdi dari maa sɔŋdi biŋkɔb’ shɛb’ bɛn ka yaa la bɛn’ sani, ka di zuɣu daa chɛ ka Leeban biŋkɔbiri nyɛ zaɣ’ gbarima, ka Yaakubu dina nyɛ bɛn mali yaa,","But the woman had already taken the man's money and hidden it, so she said she didn't know anything, and when the day came, she told the Lebanese man's workers that Jacob had not paid her.",Jan output 1 ,,28.52931917524753,6.896869224045711,5.098493626882966
"When Jacob saw them, he said, “This is God's camp.” So he named the place Mahanaim.","ka o daa nya ba ka yɛli, “Naawuni sansani m-bɔŋɔ!” Dinzuɣu ka o daa boli nimaani yuli Mahanaim.","When he saw them from afar, he said, ""This is God's camp!"" So he named that place Mahanaim.",Jan output 1 ,,66.84308932500113,6.896869224045711,5.098493626882966
So God created humans to be like himself; he made men and women.,"Naawuni daa nam ninsala ŋ-ŋmahindila omaŋa, ka o be kaman Naawuni ni be shɛm. O daa nam ba la doo mini paɣa.","God has given us his grace and mercy, so we should thank God for that. He has given us children to take care of.",onesimus_5B146D14_Dec 05 output,,17.77326345534874,6.896869224045711,5.098493626882966
and this is the story about him. Noah was the only person who lived right and obeyed God.,"Nuhu zuliya m-bɔŋɔ: Nuhu daa nyɛla wuntizɔra ŋun jɛmdi Naawuni, ka ka galimi o ʒiɛman’ ni.",God loves Nuhu: Nuhu always prays to God for wisdom and understanding in his work.,onesimus_5B146D14_Dec 05 output,,19.319102336807127,6.896869224045711,5.098493626882966
"Abraham, you and all future members of your family must promise to obey me.","Ka Naawuni daa lan yɛli Ibrahimma, “Di simdi ni a min’ a zuliya maa gbibi n daalikauli maa bɛ ʒiɛmana zaa ni.","God told Ibrahim, ""Take your son, your only one, whom you love, and go to the land of Moriah.",onesimus_5B146D14_Dec 05 output,,19.79668823076487,6.896869224045711,5.098493626882966
"But he would not put out the branches when the weaker animals were mating. So Jacob got all of the healthy animals, and Laban got what was left.","Amaa o daa bi zaŋdi dari maa sɔŋdi biŋkɔb’ shɛb’ bɛn ka yaa la bɛn’ sani, ka di zuɣu daa chɛ ka Leeban biŋkɔbiri nyɛ zaɣ’ gbarima, ka Yaakubu dina nyɛ bɛn mali yaa,","But he said to her, ""Sister, let me drink a little water from your jar,"" and she said, ""Drink, my lord,"" and quickly lowered the jar to her hand and gave him a drink. When she had finished giving him a drink, she said, ""I will also draw water for your camels until they have finished drinking.""",onesimus_5B146D14_Dec 05 output,,22.043560481118487,6.896869224045711,5.098493626882966
"When Jacob saw them, he said, “This is God's camp.” So he named the place Mahanaim.","ka o daa nya ba ka yɛli, “Naawuni sansani m-bɔŋɔ!” Dinzuɣu ka o daa boli nimaani yuli Mahanaim.","When he saw them from afar, he said, “God’s camp!” So he named that place Mahanaim.",onesimus_5B146D14_Dec 05 output,,57.56988916462687,6.896869224045711,5.098493626882966
So God created humans to be like himself; he made men and women.,"Naawuni daa nam ninsala ŋ-ŋmahindila omaŋa, ka o be kaman Naawuni ni be shɛm. O daa nam ba la doo mini paɣa.","God has given us His grace and mercy, so we should thank God for that. He has given us children and good health.",gerhardt_428C0151_output_jQjr1f,,18.90118692606311,6.896869224045711,5.098493626882966
and this is the story about him. Noah was the only person who lived right and obeyed God.,"Nuhu zuliya m-bɔŋɔ: Nuhu daa nyɛla wuntizɔra ŋun jɛmdi Naawuni, ka ka galimi o ʒiɛman’ ni.","God's message to Nuhu: Nuhu was a righteous man who walked with God, and he found favor in His sight.",gerhardt_428C0151_output_jQjr1f,,21.79023183772849,6.896869224045711,5.098493626882966
"Abraham, you and all future members of your family must promise to obey me.","Ka Naawuni daa lan yɛli Ibrahimma, “Di simdi ni a min’ a zuliya maa gbibi n daalikauli maa bɛ ʒiɛmana zaa ni.","And God said to Abraham, ""This is my covenant with you and your descendants after you, the covenant you are to keep.""",gerhardt_428C0151_output_jQjr1f,,25.151335181382606,6.896869224045711,5.098493626882966
"But he would not put out the branches when the weaker animals were mating. So Jacob got all of the healthy animals, and Laban got what was left.","Amaa o daa bi zaŋdi dari maa sɔŋdi biŋkɔb’ shɛb’ bɛn ka yaa la bɛn’ sani, ka di zuɣu daa chɛ ka Leeban biŋkɔbiri nyɛ zaɣ’ gbarima, ka Yaakubu dina nyɛ bɛn mali yaa,","But he said to them, ""Do not be afraid, for I know that you are looking for Jesus who was crucified. He is not here; he has risen, just as he said. Come and see the place where he lay.""",gerhardt_428C0151_output_jQjr1f,,21.815244582836577,6.896869224045711,5.098493626882966
"When Jacob saw them, he said, “This is God's camp.” So he named the place Mahanaim.","ka o daa nya ba ka yɛli, “Naawuni sansani m-bɔŋɔ!” Dinzuɣu ka o daa boli nimaani yuli Mahanaim.","When he saw them, he said, ""God's camp!"" So he named that place Mahanaim.",gerhardt_428C0151_output_jQjr1f,,64.34743424263556,6.896869224045711,5.098493626882966
So God created humans to be like himself; he made men and women.,"Naawuni daa nam ninsala ŋ-ŋmahindila omaŋa, ka o be kaman Naawuni ni be shɛm. O daa nam ba la doo mini paɣa.","God has given us his grace and mercy, so we should thank God. He has given us children to take care of.",gerhardt_E4DFEBFE_output_T8d1lo,,17.912290354930054,6.896869224045711,5.098493626882966
and this is the story about him. Noah was the only person who lived right and obeyed God.,"Nuhu zuliya m-bɔŋɔ: Nuhu daa nyɛla wuntizɔra ŋun jɛmdi Naawuni, ka ka galimi o ʒiɛman’ ni.","God's message to Nuhu: Nuhu, I have seen that you are righteous before me, and I will save you from the flood.",gerhardt_E4DFEBFE_output_T8d1lo,,19.808128454929168,6.896869224045711,5.098493626882966
"Abraham, you and all future members of your family must promise to obey me.","Ka Naawuni daa lan yɛli Ibrahimma, “Di simdi ni a min’ a zuliya maa gbibi n daalikauli maa bɛ ʒiɛmana zaa ni.","God told Ibrahim, ""Take your son, your only one, whom you love, and go to the land of Moriah.",gerhardt_E4DFEBFE_output_T8d1lo,,19.79668823076487,6.896869224045711,5.098493626882966
"But he would not put out the branches when the weaker animals were mating. So Jacob got all of the healthy animals, and Laban got what was left.","Amaa o daa bi zaŋdi dari maa sɔŋdi biŋkɔb’ shɛb’ bɛn ka yaa la bɛn’ sani, ka di zuɣu daa chɛ ka Leeban biŋkɔbiri nyɛ zaɣ’ gbarima, ka Yaakubu dina nyɛ bɛn mali yaa,","But he said to him, ""My lord knows that the children are tender, and the flocks and herds with me are nursing, and if they are driven hard for one day, all the flocks will die. Please let my lord pass on ahead of his servants, and I will lead on slowly, at the pace of the livestock that are before me and at the pace of the children, until I come to my lord in Seir.""",gerhardt_E4DFEBFE_output_T8d1lo,,21.916707373657076,6.896869224045711,5.098493626882966
"When Jacob saw them, he said, “This is God's camp.” So he named the place Mahanaim.","ka o daa nya ba ka yɛli, “Naawuni sansani m-bɔŋɔ!” Dinzuɣu ka o daa boli nimaani yuli Mahanaim.","When he saw them, he said, ""God's camp!"" So he named that place Mahanaim.",gerhardt_E4DFEBFE_output_T8d1lo,,64.34743424263556,6.896869224045711,5.098493626882966
So God created humans to be like himself; he made men and women.,"Naawuni daa nam ninsala ŋ-ŋmahindila omaŋa, ka o be kaman Naawuni ni be shɛm. O daa nam ba la doo mini paɣa.","God has shown us his love by sending his only Son into the world, so that we may have life through him.",onesimus_4838858E_Jan output 1 ,,18.23027345348741,6.896869224045711,5.098493626882966
and this is the story about him. Noah was the only person who lived right and obeyed God.,"Nuhu zuliya m-bɔŋɔ: Nuhu daa nyɛla wuntizɔra ŋun jɛmdi Naawuni, ka ka galimi o ʒiɛman’ ni.","God loves Nuhu: Nuhu always prays to God, and God listens to him.",onesimus_4838858E_Jan output 1 ,,17.242579813644102,6.896869224045711,5.098493626882966
"Abraham, you and all future members of your family must promise to obey me.","Ka Naawuni daa lan yɛli Ibrahimma, “Di simdi ni a min’ a zuliya maa gbibi n daalikauli maa bɛ ʒiɛmana zaa ni.","And God said to Abraham, ""Take your son, your only son, whom you love, and go to the land of Moriah.",onesimus_4838858E_Jan output 1 ,,24.794738013302812,6.896869224045711,5.098493626882966
"But he would not put out the branches when the weaker animals were mating. So Jacob got all of the healthy animals, and Laban got what was left.","Amaa o daa bi zaŋdi dari maa sɔŋdi biŋkɔb’ shɛb’ bɛn ka yaa la bɛn’ sani, ka di zuɣu daa chɛ ka Leeban biŋkɔbiri nyɛ zaɣ’ gbarima, ka Yaakubu dina nyɛ bɛn mali yaa,","But the woman had already taken the man's money and hidden it, so she said she didn't know anything, and when the day came, she told the Lebanese man's workers that Jacob had not paid her.",onesimus_4838858E_Jan output 1 ,,28.52931917524753,6.896869224045711,5.098493626882966
"When Jacob saw them, he said, “This is God's camp.” So he named the place Mahanaim.","ka o daa nya ba ka yɛli, “Naawuni sansani m-bɔŋɔ!” Dinzuɣu ka o daa boli nimaani yuli Mahanaim.","When he saw them from afar, he said, ""This is God's camp!"" So he named that place Mahanaim.",onesimus_4838858E_Jan output 1 ,,66.84308932500113,6.896869224045711,5.098493626882966
So God created humans to be like himself; he made men and women.,"Naawuni daa nam ninsala ŋ-ŋmahindila omaŋa, ka o be kaman Naawuni ni be shɛm. O daa nam ba la doo mini paɣa.","God has not given us a spirit of fear, but of power, love, and a sound mind.",gerhardt_2F3FAF10_output (1),,14.374883887072704,6.896869224045711,5.098493626882966
and this is the story about him. Noah was the only person who lived right and obeyed God.,"Nuhu zuliya m-bɔŋɔ: Nuhu daa nyɛla wuntizɔra ŋun jɛmdi Naawuni, ka ka galimi o ʒiɛman’ ni.","The story of Nuhu: Nuhu was a righteous servant of God, and he had a lot of wealth.",gerhardt_2F3FAF10_output (1),,23.37381841627745,6.896869224045711,5.098493626882966
"Abraham, you and all future members of your family must promise to obey me.","Ka Naawuni daa lan yɛli Ibrahimma, “Di simdi ni a min’ a zuliya maa gbibi n daalikauli maa bɛ ʒiɛmana zaa ni.","And God said to Abraham, ""This is the covenant that you must keep, you and your descendants after you.",gerhardt_2F3FAF10_output (1),,28.169158641056296,6.896869224045711,5.098493626882966
"But he would not put out the branches when the weaker animals were mating. So Jacob got all of the healthy animals, and Laban got what was left.","Amaa o daa bi zaŋdi dari maa sɔŋdi biŋkɔb’ shɛb’ bɛn ka yaa la bɛn’ sani, ka di zuɣu daa chɛ ka Leeban biŋkɔbiri nyɛ zaɣ’ gbarima, ka Yaakubu dina nyɛ bɛn mali yaa,","But when she saw that Leah had stopped bearing children, she took her servant Zilpah and gave her to Jacob as a wife.",gerhardt_2F3FAF10_output (1),,20.542830003915274,6.896869224045711,5.098493626882966
"When Jacob saw them, he said, “This is God's camp.” So he named the place Mahanaim.","ka o daa nya ba ka yɛli, “Naawuni sansani m-bɔŋɔ!” Dinzuɣu ka o daa boli nimaani yuli Mahanaim.","When he saw them, he said, ""God's camp is here!"" So he named that place Mahanaim.",gerhardt_2F3FAF10_output (1),,63.909818682807916,6.896869224045711,5.098493626882966
So God created humans to be like himself; he made men and women.,"Naawuni daa nam ninsala ŋ-ŋmahindila omaŋa, ka o be kaman Naawuni ni be shɛm. O daa nam ba la doo mini paɣa.","God has never created a human being without a purpose, so that we may know God and worship Him. He has not created any child without a reason.",onesimus_778C5456_Dec 06 output,,25.98060364680606,6.896869224045711,5.098493626882966
and this is the story about him. Noah was the only person who lived right and obeyed God.,"Nuhu zuliya m-bɔŋɔ: Nuhu daa nyɛla wuntizɔra ŋun jɛmdi Naawuni, ka ka galimi o ʒiɛman’ ni.","God's blessing on Nuhu: Nuhu has indeed received abundant blessings from God, and his joy knows no bounds.",onesimus_778C5456_Dec 06 output,,19.123449662715345,6.896869224045711,5.098493626882966
"Abraham, you and all future members of your family must promise to obey me.","Ka Naawuni daa lan yɛli Ibrahimma, “Di simdi ni a min’ a zuliya maa gbibi n daalikauli maa bɛ ʒiɛmana zaa ni.","And God said to Abraham, ""This is the covenant that you shall keep between me and your descendants after you.""",onesimus_778C5456_Dec 06 output,,24.46101928078631,6.896869224045711,5.098493626882966
"But he would not put out the branches when the weaker animals were mating. So Jacob got all of the healthy animals, and Laban got what was left.","Amaa o daa bi zaŋdi dari maa sɔŋdi biŋkɔb’ shɛb’ bɛn ka yaa la bɛn’ sani, ka di zuɣu daa chɛ ka Leeban biŋkɔbiri nyɛ zaɣ’ gbarima, ka Yaakubu dina nyɛ bɛn mali yaa,","But when he saw that the younger son had become greater than the elder, he also hated the younger one, and his hatred for the younger one grew even more, and he became jealous of the younger one, and Jacob's hatred for him increased.",onesimus_778C5456_Dec 06 output,,24.958485059940426,6.896869224045711,5.098493626882966
"When Jacob saw them, he said, “This is God's camp.” So he named the place Mahanaim.","ka o daa nya ba ka yɛli, “Naawuni sansani m-bɔŋɔ!” Dinzuɣu ka o daa boli nimaani yuli Mahanaim.","When he saw them, he said, ""God's camp!"" So he named that place Mahanaim.",onesimus_778C5456_Dec 06 output,,64.34743424263556,6.896869224045711,5.098493626882966
So God created humans to be like himself; he made men and women.,"Naawuni daa nam ninsala ŋ-ŋmahindila omaŋa, ka o be kaman Naawuni ni be shɛm. O daa nam ba la doo mini paɣa.","God has always been merciful to us, so we should thank God. He has always been good to us.",gerhardt_E3C23636_output_AHjhdB,,15.838964533210994,6.896869224045711,5.098493626882966
and this is the story about him. Noah was the only person who lived right and obeyed God.,"Nuhu zuliya m-bɔŋɔ: Nuhu daa nyɛla wuntizɔra ŋun jɛmdi Naawuni, ka ka galimi o ʒiɛman’ ni.","God's blessing is upon Nuhu: Nuhu has been given a long life by God, and he has also been given wealth and children.",gerhardt_E3C23636_output_AHjhdB,,18.638636748351033,6.896869224045711,5.098493626882966
"Abraham, you and all future members of your family must promise to obey me.","Ka Naawuni daa lan yɛli Ibrahimma, “Di simdi ni a min’ a zuliya maa gbibi n daalikauli maa bɛ ʒiɛmana zaa ni.","And God said to Abraham, ""This is the covenant you must keep, you and your descendants after you.""",gerhardt_E3C23636_output_AHjhdB,,28.43135816247478,6.896869224045711,5.098493626882966
"But he would not put out the branches when the weaker animals were mating. So Jacob got all of the healthy animals, and Laban got what was left.","Amaa o daa bi zaŋdi dari maa sɔŋdi biŋkɔb’ shɛb’ bɛn ka yaa la bɛn’ sani, ka di zuɣu daa chɛ ka Leeban biŋkɔbiri nyɛ zaɣ’ gbarima, ka Yaakubu dina nyɛ bɛn mali yaa,","But when he saw that the sons of Bilhah and the sons of Zilpah were more than the sons of Leah, he made Jacob's son, Joseph, the chief, and Jacob was not pleased with that.",gerhardt_E3C23636_output_AHjhdB,,25.04222707243945,6.896869224045711,5.098493626882966
"When Jacob saw them, he said, “This is God's camp.” So he named the place Mahanaim.","ka o daa nya ba ka yɛli, “Naawuni sansani m-bɔŋɔ!” Dinzuɣu ka o daa boli nimaani yuli Mahanaim.","When he saw them, he said, “God’s camp!” So he named that place Mahanaim.",gerhardt_E3C23636_output_AHjhdB,,62.73679672505813,6.896869224045711,5.098493626882966
So God created humans to be like himself; he made men and women.,"Naawuni daa nam ninsala ŋ-ŋmahindila omaŋa, ka o be kaman Naawuni ni be shɛm. O daa nam ba la doo mini paɣa.","God has always shown us his love, and we must also love God. He has always been good to us.",Dec 12 output,,16.19173487533622,6.896869224045711,5.098493626882966
and this is the story about him. Noah was the only person who lived right and obeyed God.,"Nuhu zuliya m-bɔŋɔ: Nuhu daa nyɛla wuntizɔra ŋun jɛmdi Naawuni, ka ka galimi o ʒiɛman’ ni.","God's message to Nuhu: Nuhu, I will destroy the people of the earth because of their sins and disobedience.",Dec 12 output,,20.21645256821879,6.896869224045711,5.098493626882966
"Abraham, you and all future members of your family must promise to obey me.","Ka Naawuni daa lan yɛli Ibrahimma, “Di simdi ni a min’ a zuliya maa gbibi n daalikauli maa bɛ ʒiɛmana zaa ni.","God told Ibrahim, ""Take your son, your only one, whom you love, and go to the land of Moriah.""",Dec 12 output,,19.73499296411949,6.896869224045711,5.098493626882966
"But he would not put out the branches when the weaker animals were mating. So Jacob got all of the healthy animals, and Laban got what was left.","Amaa o daa bi zaŋdi dari maa sɔŋdi biŋkɔb’ shɛb’ bɛn ka yaa la bɛn’ sani, ka di zuɣu daa chɛ ka Leeban biŋkɔbiri nyɛ zaɣ’ gbarima, ka Yaakubu dina nyɛ bɛn mali yaa,","But the woman conceived again and gave birth to a son, and said, ""This time I will praise the Lord."" So she named him Judah. Then she stopped having children.",Dec 12 output,,20.901816628731872,6.896869224045711,5.098493626882966
"When Jacob saw them, he said, “This is God's camp.” So he named the place Mahanaim.","ka o daa nya ba ka yɛli, “Naawuni sansani m-bɔŋɔ!” Dinzuɣu ka o daa boli nimaani yuli Mahanaim.","When he saw them, he said, ""God's camp!"" So he named that place Mahanaim.",Dec 12 output,,64.34743424263556,6.896869224045711,5.098493626882966
So God created humans to be like himself; he made men and women.,"Naawuni daa nam ninsala ŋ-ŋmahindila omaŋa, ka o be kaman Naawuni ni be shɛm. O daa nam ba la doo mini paɣa.","God has shown us his love by sending his only Son into the world, so that we may live through him. He is the one who sent his Son to save us from our sins.",onesimus_CF2838B3_Dec 03 output,,17.579367691611083,6.896869224045711,5.098493626882966
and this is the story about him. Noah was the only person who lived right and obeyed God.,"Nuhu zuliya m-bɔŋɔ: Nuhu daa nyɛla wuntizɔra ŋun jɛmdi Naawuni, ka ka galimi o ʒiɛman’ ni.","The story of Nuhu: Nuhu was a righteous man who walked with God, and he found favor in His sight.",onesimus_CF2838B3_Dec 03 output,,26.054190244673897,6.896869224045711,5.098493626882966
"Abraham, you and all future members of your family must promise to obey me.","Ka Naawuni daa lan yɛli Ibrahimma, “Di simdi ni a min’ a zuliya maa gbibi n daalikauli maa bɛ ʒiɛmana zaa ni.","And God said to Abraham, ""This is my covenant with you: You will be the father of many nations.",onesimus_CF2838B3_Dec 03 output,,22.389880237694484,6.896869224045711,5.098493626882966
"But he would not put out the branches when the weaker animals were mating. So Jacob got all of the healthy animals, and Laban got what was left.","Amaa o daa bi zaŋdi dari maa sɔŋdi biŋkɔb’ shɛb’ bɛn ka yaa la bɛn’ sani, ka di zuɣu daa chɛ ka Leeban biŋkɔbiri nyɛ zaɣ’ gbarima, ka Yaakubu dina nyɛ bɛn mali yaa,","But he said to him, ""My lord knows that the children are tender, and the flocks and herds with me are nursing, and if they are driven hard for one day, all the flocks will die. Please let my lord pass on ahead of his servant, and I will lead on slowly, at the pace of the livestock that are before me and at the pace of the children, until I come to my lord in Seir.""",onesimus_CF2838B3_Dec 03 output,,21.499144443539777,6.896869224045711,5.098493626882966
"When Jacob saw them, he said, “This is God's camp.” So he named the place Mahanaim.","ka o daa nya ba ka yɛli, “Naawuni sansani m-bɔŋɔ!” Dinzuɣu ka o daa boli nimaani yuli Mahanaim.","When he saw them, he said, ""God's camp!"" So he named that place Mahanaim.",onesimus_CF2838B3_Dec 03 output,,64.34743424263556,6.896869224045711,5.098493626882966
So God created humans to be like himself; he made men and women.,"Naawuni daa nam ninsala ŋ-ŋmahindila omaŋa, ka o be kaman Naawuni ni be shɛm. O daa nam ba la doo mini paɣa.","God has not given us a spirit of fear, but of power, love, and a sound mind.",john_BA3F5F9A_output (3),,14.374883887072704,6.896869224045711,5.098493626882966
and this is the story about him. Noah was the only person who lived right and obeyed God.,"Nuhu zuliya m-bɔŋɔ: Nuhu daa nyɛla wuntizɔra ŋun jɛmdi Naawuni, ka ka galimi o ʒiɛman’ ni.",God's promise to Nuhu: God told Nuhu to build an ark to save himself and his family from the flood.,john_BA3F5F9A_output (3),,19.122076754778863,6.896869224045711,5.098493626882966
"Abraham, you and all future members of your family must promise to obey me.","Ka Naawuni daa lan yɛli Ibrahimma, “Di simdi ni a min’ a zuliya maa gbibi n daalikauli maa bɛ ʒiɛmana zaa ni.","And God said to Abraham, ""This is the covenant that you must keep, you and your descendants after you.""",john_BA3F5F9A_output (3),,28.082831650805012,6.896869224045711,5.098493626882966
"But he would not put out the branches when the weaker animals were mating. So Jacob got all of the healthy animals, and Laban got what was left.","Amaa o daa bi zaŋdi dari maa sɔŋdi biŋkɔb’ shɛb’ bɛn ka yaa la bɛn’ sani, ka di zuɣu daa chɛ ka Leeban biŋkɔbiri nyɛ zaɣ’ gbarima, ka Yaakubu dina nyɛ bɛn mali yaa,","But when he saw that the second son was also a beautiful child, he was surprised and said to his wife, ""Why have you deceived me like this?"" And he took the child and gave him to Laban's maidservant, and she named him Jacob.",john_BA3F5F9A_output (3),,24.907199565857532,6.896869224045711,5.098493626882966
"When Jacob saw them, he said, “This is God's camp.” So he named the place Mahanaim.","ka o daa nya ba ka yɛli, “Naawuni sansani m-bɔŋɔ!” Dinzuɣu ka o daa boli nimaani yuli Mahanaim.","When he saw them, he said, ""God's camp!"" So he named that place Mahanaim.",john_BA3F5F9A_output (3),,64.34743424263556,6.896869224045711,5.098493626882966
