Model,Similarity Score (%),Raw Score
llama-3.3-70b-instruct,37.32%,37.31970199
kimi-k2-instruct-0905,35.55%,35.546635155555556
llama-4-maverick-17b-128e-instruct,35.53%,35.53311596
gemma2-9b-it,34.39%,34.38878302696
qwen3-32b,32.99%,32.9941591304
deepseek-v3.1,32.69%,32.687745320000005
qwen3-235b-a22b,31.61%,31.61058418999999
llama-3.1-405b-instruct,30.43%,30.428059580000006
gpt-oss-120b,14.75%,14.74895192
