Model,Similarity Score (%),Raw Score
llama-4-maverick-17b-128e-instruct,38.43%,38.42918244999999
kimi-k2-instruct-0905,35.29%,35.285861825000005
qwen3-32b,34.11%,34.10713506799999
gemma2-9b-it,33.34%,33.3356595837
gpt-oss-120b,11.18%,11.1781097
