Model,Similarity Score (%),Raw Score
kimi-k2-instruct-0905,39.96%,39.96240666
llama-4-maverick-17b-128e-instruct,35.53%,35.53311596
gemma2-9b-it,34.39%,34.38878302696
qwen3-32b,32.99%,32.9941591304
gpt-oss-120b,14.75%,14.74895192
