Model,Similarity Score (%),Raw Score
kimi-k2-instruct-0905,37.13%,37.133003550000005
deepseek-v3.1,36.50%,36.50141615999999
llama-4-maverick-17b-128e-instruct,35.53%,35.53311596
gemma2-9b-it,34.39%,34.38878302696
qwen3-32b,32.99%,32.9941591304
llama-3.3-70b-instruct,32.90%,32.90476925333333
llama-3.1-405b-instruct,32.23%,32.22963636666666
qwen3-235b-a22b,30.08%,30.081900519999998
gpt-oss-120b,14.75%,14.74895192
