Model,Similarity Score (%),Raw Score
kimi-k2-instruct-0905,39.72%,39.72347748333333
deepseek-v3.1,39.31%,39.305382
llama-4-maverick-17b-128e-instruct,35.53%,35.53311596
gemma2-9b-it,34.39%,34.38878302696
llama-3.3-70b-instruct,33.91%,33.911845
qwen3-32b,32.99%,32.9941591304
qwen3-235b-a22b,32.71%,32.70724036
llama-3.1-405b-instruct,30.60%,30.596261900000005
gpt-oss-120b,14.75%,14.74895192
