Model,Similarity Score (%),Raw Score
llama-3.3-70b-instruct,38.54%,38.542510352
llama-4-maverick-17b-128e-instruct,35.53%,35.53311596
gemma2-9b-it,34.39%,34.38878302696
kimi-k2-instruct-0905,33.68%,33.681260118
qwen3-235b-a22b,33.12%,33.117498912
qwen3-32b,32.99%,32.9941591304
deepseek-v3.1,32.48%,32.480252416
llama-3.1-405b-instruct,30.65%,30.652196344000004
gpt-oss-120b,14.75%,14.74895192
