{
  "language_pair": "ntr-eng",
  "timestamp": "2026-01-19T12:02:44.841481",
  "models": {
    "seed-oss-36b-instruct": 35.29760777268442,
    "palmyra-med-70b": 29.235257200000003,
    "gemma-2-9b-it": 37.90616189416872,
    "gemma-2-27b-it": 35.85921866526019,
    "llama-4-maverick-17b-128e-instruct": 46.32795811717684,
    "deepseek-v3.1": 39.67285100615934,
    "claude-sonnet-4-5": 37.52346324920654,
    "llama-3.3-70b-instruct": 32.3201906045365,
    "qwen3-32b": 33.95901709416667,
    "kimi-k2-instruct-0905": 39.42364286916703,
    "mistral-7b-instruct-v0.3": 24.709282851000005,
    "qwq-32b": 31.235827801772786,
    "qwen3-235b-a22b": 37.963534854240706,
    "gemini-2.5-flash": 41.74779923756917,
    "gpt-oss-120b": 27.092389261016752,
    "gpt-4.1": 34.00592199961344,
    "mistral-medium-3-instruct": 40.59900988986681,
    "llama-3.1-405b-instruct": 36.57308330724813,
    "gemma2-9b-it": 34.38878302695999
  },
  "average_score": 35.570578984306,
  "best_model": "llama-4-maverick-17b-128e-instruct",
  "best_score": 46.32795811717684
}