{
  "language_pair": "ntr-eng",
  "timestamp": "2026-01-28T14:52:46.548161",
  "models": {
    "bleu": {
      "seed-oss-36b-instruct": 1.8628903923870888,
      "palmyra-med-70b": 2.5346075884395853,
      "gemma-2-9b-it": 2.8978647265463606,
      "gemma-2-27b-it": 2.8394358484267914,
      "llama-4-maverick-17b-128e-instruct": 7.090956936340244,
      "deepseek-v3.1": 4.014044976881143,
      "claude-sonnet-4-5": 4.250820359865566,
      "llama-3.3-70b-instruct": 2.927204012028327,
      "qwen3-32b": 2.5430384048979082,
      "kimi-k2-instruct-0905": 5.063697828111592,
      "mistral-7b-instruct-v0.3": 2.0958583981382173,
      "qwq-32b": 2.0799424578026326,
      "qwen3-235b-a22b": 2.645371396606588,
      "gemini-2.5-flash": 5.4575579347381495,
      "gpt-oss-120b": 1.9829588111540866,
      "gpt-4.1": 4.071476770567595,
      "mistral-medium-3-instruct": 5.067386063866793,
      "llama-3.1-405b-instruct": 1.8175813060869748,
      "gemma2-9b-it": 2.0571255934670227
    },
    "chrf": {
      "seed-oss-36b-instruct": 24.152019260552567,
      "palmyra-med-70b": 20.86133592906065,
      "gemma-2-9b-it": 22.63625144799451,
      "gemma-2-27b-it": 21.101996303706237,
      "llama-4-maverick-17b-128e-instruct": 29.52547890398055,
      "deepseek-v3.1": 26.47858922183261,
      "claude-sonnet-4-5": 24.772203919457127,
      "llama-3.3-70b-instruct": 23.19870544752419,
      "qwen3-32b": 23.012872060028194,
      "kimi-k2-instruct-0905": 26.240892065502404,
      "mistral-7b-instruct-v0.3": 20.61348375485003,
      "qwq-32b": 22.348322159517313,
      "qwen3-235b-a22b": 22.176567240363017,
      "gemini-2.5-flash": 25.91350745693648,
      "gpt-oss-120b": 20.1252267559879,
      "gpt-4.1": 23.2901466233039,
      "mistral-medium-3-instruct": 25.637802400304274,
      "llama-3.1-405b-instruct": 25.20846557941635,
      "gemma2-9b-it": 22.139723224846122
    },
    "average": {
      "seed-oss-36b-instruct": 13.007454826469829,
      "palmyra-med-70b": 11.697971758750118,
      "gemma-2-9b-it": 12.767058087270437,
      "gemma-2-27b-it": 11.970716076066513,
      "llama-4-maverick-17b-128e-instruct": 18.3082179201604,
      "deepseek-v3.1": 15.246317099356876,
      "claude-sonnet-4-5": 14.511512139661345,
      "llama-3.3-70b-instruct": 13.062954729776257,
      "qwen3-32b": 12.77795523246305,
      "kimi-k2-instruct-0905": 15.652294946806995,
      "mistral-7b-instruct-v0.3": 11.354671076494123,
      "qwq-32b": 12.214132308659972,
      "qwen3-235b-a22b": 12.410969318484801,
      "gemini-2.5-flash": 15.685532695837313,
      "gpt-oss-120b": 11.054092783570992,
      "gpt-4.1": 13.680811696935747,
      "mistral-medium-3-instruct": 15.352594232085533,
      "llama-3.1-405b-instruct": 13.513023442751663,
      "gemma2-9b-it": 12.098424409156571
    }
  },
  "best_model": "llama-4-maverick-17b-128e-instruct",
  "best_model_scores": {
    "BLEU": 7.090956936340244,
    "chrF": 29.52547890398055,
    "Average": 18.3082179201604
  }
}