{
  "language_pair": "ntr-eng",
  "timestamp": "2026-01-12T13:35:22.175837",
  "models": {
    "seed-oss-36b-instruct": 33.81410412030172,
    "palmyra-med-70b": 29.235257200000003,
    "gemma-2-9b-it": 37.250126510116516,
    "gemma-2-27b-it": 34.90554932275222,
    "llama-4-maverick-17b-128e-instruct": 44.750927678436256,
    "deepseek-v3.1": 38.928718580738156,
    "llama-3.3-70b-instruct": 31.72723504148128,
    "qwen3-32b": 32.9941591304,
    "kimi-k2-instruct-0905": 38.14728186982882,
    "mistral-7b-instruct-v0.3": 24.709282851000005,
    "qwq-32b": 29.509058366714708,
    "qwen3-235b-a22b": 33.53691843922123,
    "gpt-oss-120b": 26.01553128031684,
    "mistral-medium-3-instruct": 39.18799517156166,
    "llama-3.1-405b-instruct": 36.11717354203373,
    "gemma2-9b-it": 34.38878302695999
  },
  "average_score": 34.076131383241446,
  "best_model": "llama-4-maverick-17b-128e-instruct",
  "best_score": 44.750927678436256
}