{
  "language_pair": "ntr-eng",
  "timestamp": "2026-01-29T11:31:20.830477",
  "models": {
    "bleu": {
      "seed-oss-36b-instruct": 2.2730239703449886,
      "palmyra-med-70b": 1.9823349845176599,
      "gemma-2-9b-it": 4.1725893335624,
      "gemma-2-27b-it": 4.037779214539987,
      "llama-4-maverick-17b-128e-instruct": 33.86023125301946,
      "deepseek-v3.1": 5.99523682828204,
      "claude-sonnet-4-5": 11.01400327188592,
      "llama-3.3-70b-instruct": 14.39615861437157,
      "qwen3-32b": 7.800772536265704,
      "kimi-k2-instruct-0905": 25.368241810340656,
      "mistral-7b-instruct-v0.3": 7.141816289329644,
      "qwq-32b": 4.446201367538972,
      "qwen3-235b-a22b": 5.249498872986638,
      "gemini-2.5-flash": 34.24635366620794,
      "gpt-oss-120b": 2.622286907573826,
      "gpt-4.1": 14.987316048204884,
      "mistral-medium-3-instruct": 30.13364948880779,
      "llama-3.1-405b-instruct": 8.275827725351833,
      "gemma2-9b-it": 7.990659758624622
    },
    "chrf": {
      "seed-oss-36b-instruct": 24.152019260552567,
      "palmyra-med-70b": 20.86133592906065,
      "gemma-2-9b-it": 22.63625144799451,
      "gemma-2-27b-it": 21.101996303706237,
      "llama-4-maverick-17b-128e-instruct": 29.52547890398055,
      "deepseek-v3.1": 26.47858922183261,
      "claude-sonnet-4-5": 24.772203919457127,
      "llama-3.3-70b-instruct": 23.19870544752419,
      "qwen3-32b": 23.012872060028194,
      "kimi-k2-instruct-0905": 26.240892065502404,
      "mistral-7b-instruct-v0.3": 20.61348375485003,
      "qwq-32b": 22.348322159517313,
      "qwen3-235b-a22b": 22.176567240363017,
      "gemini-2.5-flash": 25.91350745693648,
      "gpt-oss-120b": 20.1252267559879,
      "gpt-4.1": 23.2901466233039,
      "mistral-medium-3-instruct": 25.637802400304274,
      "llama-3.1-405b-instruct": 25.20846557941635,
      "gemma2-9b-it": 22.139723224846122
    },
    "average": {
      "seed-oss-36b-instruct": 13.212521615448779,
      "palmyra-med-70b": 11.421835456789156,
      "gemma-2-9b-it": 13.404420390778455,
      "gemma-2-27b-it": 12.569887759123112,
      "llama-4-maverick-17b-128e-instruct": 31.692855078500003,
      "deepseek-v3.1": 16.236913025057326,
      "claude-sonnet-4-5": 17.893103595671523,
      "llama-3.3-70b-instruct": 18.79743203094788,
      "qwen3-32b": 15.406822298146949,
      "kimi-k2-instruct-0905": 25.80456693792153,
      "mistral-7b-instruct-v0.3": 13.877650022089837,
      "qwq-32b": 13.397261763528142,
      "qwen3-235b-a22b": 13.713033056674828,
      "gemini-2.5-flash": 30.07993056157221,
      "gpt-oss-120b": 11.373756831780863,
      "gpt-4.1": 19.138731335754393,
      "mistral-medium-3-instruct": 27.885725944556032,
      "llama-3.1-405b-instruct": 16.742146652384093,
      "gemma2-9b-it": 15.065191491735373
    }
  },
  "best_model": "llama-4-maverick-17b-128e-instruct",
  "best_model_scores": {
    "BLEU": 33.86023125301946,
    "chrF": 29.52547890398055,
    "Average": 31.692855078500003
  }
}