{
  "language_pair": "ntr-eng",
  "timestamp": "2025-10-05T08:22:29.660261",
  "models": {
    "llama-4-maverick-17b-128e-instruct": 38.42918244999999,
    "qwen3-32b": 34.10713506799999,
    "kimi-k2-instruct-0905": 35.285861825000005,
    "gpt-oss-120b": 11.1781097,
    "gemma2-9b-it": 33.3356595837
  },
  "average_score": 30.467189725339995,
  "best_model": "llama-4-maverick-17b-128e-instruct",
  "best_score": 38.42918244999999
}