{
  "language_pair": "ntr-eng",
  "timestamp": "2025-09-25T07:32:41.020766",
  "models": {
    "llama-4-maverick-17b-128e-instruct": 21.131882200000003,
    "qwen3-32b": 32.202806,
    "kimi-k2-instruct-0905": 32.6174477,
    "gpt-oss-120b": 8.855142600000002,
    "gemma2-9b-it": 37.58842776
  },
  "average_score": 26.479141251999998,
  "best_model": "gemma2-9b-it",
  "best_score": 37.58842776
}