{
  "language_pair": "ntr-eng",
  "timestamp": "2025-10-20T10:24:57.892295",
  "models": {
    "llama-4-maverick-17b-128e-instruct": 35.53311596,
    "deepseek-v3.1": 32.480252416,
    "llama-3.3-70b-instruct": 38.542510352,
    "qwen3-32b": 32.9941591304,
    "kimi-k2-instruct-0905": 33.681260118,
    "qwen3-235b-a22b": 33.117498912,
    "gpt-oss-120b": 14.74895192,
    "llama-3.1-405b-instruct": 30.652196344000004,
    "gemma2-9b-it": 34.38878302696
  },
  "average_score": 31.793192019928888,
  "best_model": "llama-3.3-70b-instruct",
  "best_score": 38.542510352
}