ref,text,translated,source_zip_file,similarity_score,chrf_sentence,corpus_bleu,corpus_chrf
because you protect and bless your people.,"Nana Bulu, fʋ ɩbɩtɔ nkpahɔ bʋ. Ha fʋ oyula ɩba fʋ abisʋ. Ɩya.",The translation is not available.,Dec 08 output,,11.70584866979175,10.682175159905853,6.973140495867769
"But you see the trouble and the distress, and you will do something. The poor can count on you, and so can orphans.","Tamɛ togyitɔ ɩda fʋ ansɩtɔ, tsufɛ fʋdɛ ɩwɩɔsɩn pʋ́ ipian awunpʋ wun. Fʋtekleá fɔ́bʋa amʋ́ bregyibrɛ. Apɔnpʋ bʋtɔpʋ ansɩ dɩnka fʋsʋ, fʋtegyi awumbi bʋalɛ bregyibrɛ.","When the sun rises in the east, the light spreads over the fields and the people begin their work. The farmer tends his crops with great care. In the evening, after the day's labor, he rests and enjoys his harvest.",Dec 08 output,,21.617195699069416,10.682175159905853,6.973140495867769
"Don't let lions eat me. You rescued me from the horns of wild bulls,",Lɛ mɩ tsu agyata anfɩ ɔnɔ. Tsú akpokpo anfɩ bʋbʋ ɩyɩn anfɩ nsiebi ɔnɔ.,We are going to the market today. The children are playing in the yard.,Dec 08 output,,12.350969395047208,10.682175159905853,6.973140495867769
"You love justice and hate evil. And so, your God chose you and made you happier than any of your friends.","Fʋtekle yilebwɛ. Lalahɛbwɛ mʋ́ a, fʋtekisi. Mʋ́ sʋ fʋ Wie Bulu lada fʋ ofuli, pʋ ansigyi bʋla fʋtɔ dʋn fʋ aba.","We must be careful. If we do not, we will suffer. We should not go to Bulu without permission, otherwise we will be punished.",Dec 08 output,,13.984194160386856,10.682175159905853,6.973140495867769
"You plan brutal crimes, and your lying words cut like a sharp razor.","fʋdɛ lalahɛ susu. Ofunupʋ olembiapʋ, fʋ ɔdandʋ bʋ ogya fɛ ɔdayibi.","The child is crying. The mother is cooking, and the fire is burning.",Dec 08 output,,15.310468415814329,10.682175159905853,6.973140495867769
because you protect and bless your people.,"Nana Bulu, fʋ ɩbɩtɔ nkpahɔ bʋ. Ha fʋ oyula ɩba fʋ abisʋ. Ɩya.","Nana Bulu, you are very kind. He/she will help you. Thank you.",onesimus_31223989_Dec 12 output,,13.788957308088442,10.682175159905853,6.973140495867769
"But you see the trouble and the distress, and you will do something. The poor can count on you, and so can orphans.","Tamɛ togyitɔ ɩda fʋ ansɩtɔ, tsufɛ fʋdɛ ɩwɩɔsɩn pʋ́ ipian awunpʋ wun. Fʋtekleá fɔ́bʋa amʋ́ bregyibrɛ. Apɔnpʋ bʋtɔpʋ ansɩ dɩnka fʋsʋ, fʋtegyi awumbi bʋalɛ bregyibrɛ.","When the rain stops and the sun shines, the children go out to play in the fields. They gather together and dance. The elders sit and tell stories, and the young ones listen attentively.",onesimus_31223989_Dec 12 output,,24.785354872629934,10.682175159905853,6.973140495867769
"Don't let lions eat me. You rescued me from the horns of wild bulls,",Lɛ mɩ tsu agyata anfɩ ɔnɔ. Tsú akpokpo anfɩ bʋbʋ ɩyɩn anfɩ nsiebi ɔnɔ.,We will go to the farm tomorrow. The children will also work together in the field.,onesimus_31223989_Dec 12 output,,17.469032792903484,10.682175159905853,6.973140495867769
"You love justice and hate evil. And so, your God chose you and made you happier than any of your friends.","Fʋtekle yilebwɛ. Lalahɛbwɛ mʋ́ a, fʋtekisi. Mʋ́ sʋ fʋ Wie Bulu lada fʋ ofuli, pʋ ansigyi bʋla fʋtɔ dʋn fʋ aba.",Unable to translate,onesimus_31223989_Dec 12 output,,4.68868771476285,10.682175159905853,6.973140495867769
"You plan brutal crimes, and your lying words cut like a sharp razor.","fʋdɛ lalahɛ susu. Ofunupʋ olembiapʋ, fʋ ɔdandʋ bʋ ogya fɛ ɔdayibi.",Translation not available,onesimus_31223989_Dec 12 output,,8.462498518996851,10.682175159905853,6.973140495867769
because you protect and bless your people.,"Nana Bulu, fʋ ɩbɩtɔ nkpahɔ bʋ. Ha fʋ oyula ɩba fʋ abisʋ. Ɩya.",The translation is not available.,john_AC86BE0F_output (5),,11.70584866979175,10.682175159905853,6.973140495867769
"But you see the trouble and the distress, and you will do something. The poor can count on you, and so can orphans.","Tamɛ togyitɔ ɩda fʋ ansɩtɔ, tsufɛ fʋdɛ ɩwɩɔsɩn pʋ́ ipian awunpʋ wun. Fʋtekleá fɔ́bʋa amʋ́ bregyibrɛ. Apɔnpʋ bʋtɔpʋ ansɩ dɩnka fʋsʋ, fʋtegyi awumbi bʋalɛ bregyibrɛ.","When the sun rises in the east, the light spreads across the fields, and the people begin their daily work. The farmer tends to his crops with great care. In the evening, after the harvest, they gather together to share the bounty.",john_AC86BE0F_output (5),,23.438855235234076,10.682175159905853,6.973140495867769
"Don't let lions eat me. You rescued me from the horns of wild bulls,",Lɛ mɩ tsu agyata anfɩ ɔnɔ. Tsú akpokpo anfɩ bʋbʋ ɩyɩn anfɩ nsiebi ɔnɔ.,Translation not available,john_AC86BE0F_output (5),,8.288551981586968,10.682175159905853,6.973140495867769
"You love justice and hate evil. And so, your God chose you and made you happier than any of your friends.","Fʋtekle yilebwɛ. Lalahɛbwɛ mʋ́ a, fʋtekisi. Mʋ́ sʋ fʋ Wie Bulu lada fʋ ofuli, pʋ ansigyi bʋla fʋtɔ dʋn fʋ aba.",Translation not available,john_AC86BE0F_output (5),,5.522515566891383,10.682175159905853,6.973140495867769
"You plan brutal crimes, and your lying words cut like a sharp razor.","fʋdɛ lalahɛ susu. Ofunupʋ olembiapʋ, fʋ ɔdandʋ bʋ ogya fɛ ɔdayibi.","The child is crying. The mother is cooking, and the child is playing with fire.",john_AC86BE0F_output (5),,17.492783440423178,10.682175159905853,6.973140495867769
because you protect and bless your people.,"Nana Bulu, fʋ ɩbɩtɔ nkpahɔ bʋ. Ha fʋ oyula ɩba fʋ abisʋ. Ɩya.","Nana Bulu, you are very kind. He/she will come to you. Yes.",output_JA-4,,16.18800990870338,10.682175159905853,6.973140495867769
"But you see the trouble and the distress, and you will do something. The poor can count on you, and so can orphans.","Tamɛ togyitɔ ɩda fʋ ansɩtɔ, tsufɛ fʋdɛ ɩwɩɔsɩn pʋ́ ipian awunpʋ wun. Fʋtekleá fɔ́bʋa amʋ́ bregyibrɛ. Apɔnpʋ bʋtɔpʋ ansɩ dɩnka fʋsʋ, fʋtegyi awumbi bʋalɛ bregyibrɛ.","When the sun rises in the east, the light spreads over the hills and the villages below. The farmers bring their harvest to the market. Children play in the fields while the elders watch over them.",output_JA-4,,19.63222900399734,10.682175159905853,6.973140495867769
"Don't let lions eat me. You rescued me from the horns of wild bulls,",Lɛ mɩ tsu agyata anfɩ ɔnɔ. Tsú akpokpo anfɩ bʋbʋ ɩyɩn anfɩ nsiebi ɔnɔ.,We are going to the farm today. The children are playing in the field.,output_JA-4,,13.60468294606259,10.682175159905853,6.973140495867769
"You love justice and hate evil. And so, your God chose you and made you happier than any of your friends.","Fʋtekle yilebwɛ. Lalahɛbwɛ mʋ́ a, fʋtekisi. Mʋ́ sʋ fʋ Wie Bulu lada fʋ ofuli, pʋ ansigyi bʋla fʋtɔ dʋn fʋ aba.",Unable to translate,output_JA-4,,4.68868771476285,10.682175159905853,6.973140495867769
"You plan brutal crimes, and your lying words cut like a sharp razor.","fʋdɛ lalahɛ susu. Ofunupʋ olembiapʋ, fʋ ɔdandʋ bʋ ogya fɛ ɔdayibi.","We will eat rice. The children are playing, and we will go to the market tomorrow.",output_JA-4,,17.902052627477342,10.682175159905853,6.973140495867769
because you protect and bless your people.,"Nana Bulu, fʋ ɩbɩtɔ nkpahɔ bʋ. Ha fʋ oyula ɩba fʋ abisʋ. Ɩya.",Translation not available,onesimus_7C821E01_Dec 01 output,,9.589936198451285,10.682175159905853,6.973140495867769
"But you see the trouble and the distress, and you will do something. The poor can count on you, and so can orphans.","Tamɛ togyitɔ ɩda fʋ ansɩtɔ, tsufɛ fʋdɛ ɩwɩɔsɩn pʋ́ ipian awunpʋ wun. Fʋtekleá fɔ́bʋa amʋ́ bregyibrɛ. Apɔnpʋ bʋtɔpʋ ansɩ dɩnka fʋsʋ, fʋtegyi awumbi bʋalɛ bregyibrɛ.","When the sun rises, the child goes out to fetch water, and the mother prepares food for him. He works hard and becomes diligent. The father is proud of his son’s achievements.",onesimus_7C821E01_Dec 01 output,,24.219788470655335,10.682175159905853,6.973140495867769
"Don't let lions eat me. You rescued me from the horns of wild bulls,",Lɛ mɩ tsu agyata anfɩ ɔnɔ. Tsú akpokpo anfɩ bʋbʋ ɩyɩn anfɩ nsiebi ɔnɔ.,We will go to the village tomorrow. The children will play with the ball there.,onesimus_7C821E01_Dec 01 output,,15.006842935907516,10.682175159905853,6.973140495867769
"You love justice and hate evil. And so, your God chose you and made you happier than any of your friends.","Fʋtekle yilebwɛ. Lalahɛbwɛ mʋ́ a, fʋtekisi. Mʋ́ sʋ fʋ Wie Bulu lada fʋ ofuli, pʋ ansigyi bʋla fʋtɔ dʋn fʋ aba.",Translation not available,onesimus_7C821E01_Dec 01 output,,5.522515566891383,10.682175159905853,6.973140495867769
"You plan brutal crimes, and your lying words cut like a sharp razor.","fʋdɛ lalahɛ susu. Ofunupʋ olembiapʋ, fʋ ɔdandʋ bʋ ogya fɛ ɔdayibi.","The child is crying. The mother is cooking, and I am going to the market.",onesimus_7C821E01_Dec 01 output,,15.152033913627694,10.682175159905853,6.973140495867769
"His words were smoother than butter, and softer than olive oil. But hatred filled his heart, and he was ready to attack with a sword.","Mʋ asʋn blɩhɛ bʋ ɔdwɛ dʋn ɔkwɛn, tamɛ ɩsakɔ asʋn bʋ mʋ ɩklʋntɔ. Mʋ asʋn lɔpɔn dʋn adɔmpɔ, tamɛ igyi fɛ ɔdayiá bapio mʋ́ lɛ.",The translation could not be provided due to insufficient knowledge of the Nkonya language.,output_jonathan,0.09352126,13.657001043508346,10.682175159905853,6.973140495867769
"You gave a signal to those who worship you, so they could escape from enemy arrows.","Fʋlayi ɔfranka ha fʋ ifu anyapʋ, mɛnɩ bɛ́srɩ yɔ mʋ́ asɩ, amʋ́ alupʋ mbɩn mɛ́ɛda amʋ́. Ɩya.",Translation not available,output_jonathan,0.0718111,5.941976982310109,10.682175159905853,6.973140495867769
"God Most High, I will rejoice; I will celebrate and sing because of you.","Fʋ sʋ ansɩ bɛ́hɩɛ gyi mɩ. Ɔsʋsʋʋsʋ Mʋ Wie, nɔ́wa ɩlʋ kanfʋ fʋ ɩda.",The sun rises in the east and sets in the west.,output_jonathan,0.1242932,11.392474974043187,10.682175159905853,6.973140495867769
"He will send fiery coals and flaming sulfur down on the wicked, and they will drink nothing but a scorching wind.",Ɔbɛ́ha atonkodu mʋ́a agyawunuá ɩdɛhɔ bótswie wʋlɩ lakpan abwɛpʋsʋ. Lɩlɩtɔ afuá mʋ́ ɔnɔ bʋ ɔnlɩn ɔbɔ́pʋnuna amʋ́.,The child went to the market and bought some food for the family.,output_jonathan,-0.094013475,14.192725673865475,10.682175159905853,6.973140495867769
"Why am I discouraged? Why am I restless? I should trust you, Lord. I will praise you again because you help me,","Mɩ ɔkla, ntogyi sʋ asʋn dɛ fʋ han alɩ? Ntogyi sʋ fawa nwɛ alɩ? Pʋ ansɩ dɩnka Bulusʋ, tsufɛ nɛ́lakanfʋ mɩ bʋalɛ ogyipʋ","My friend, where are you going today? Where are you going? I will meet Bulus, then we will go home.",output_jonathan,0.2620395,18.10696036913039,10.682175159905853,6.973140495867769
because you protect and bless your people.,"Nana Bulu, fʋ ɩbɩtɔ nkpahɔ bʋ. Ha fʋ oyula ɩba fʋ abisʋ. Ɩya.","Nana Bulu, you are very kind. He/she will give you a gift. Thank you.",output_JA-2,,14.757891825535644,10.682175159905853,6.973140495867769
"But you see the trouble and the distress, and you will do something. The poor can count on you, and so can orphans.","Tamɛ togyitɔ ɩda fʋ ansɩtɔ, tsufɛ fʋdɛ ɩwɩɔsɩn pʋ́ ipian awunpʋ wun. Fʋtekleá fɔ́bʋa amʋ́ bregyibrɛ. Apɔnpʋ bʋtɔpʋ ansɩ dɩnka fʋsʋ, fʋtegyi awumbi bʋalɛ bregyibrɛ.",The children went to the market and bought food for the family. They ate together. The elders told stories and sang songs.,output_JA-2,,20.901038678589295,10.682175159905853,6.973140495867769
"Don't let lions eat me. You rescued me from the horns of wild bulls,",Lɛ mɩ tsu agyata anfɩ ɔnɔ. Tsú akpokpo anfɩ bʋbʋ ɩyɩn anfɩ nsiebi ɔnɔ.,I am going to the farm today. The children are playing and the women are cooking now.,output_JA-2,,14.483901824854403,10.682175159905853,6.973140495867769
"You love justice and hate evil. And so, your God chose you and made you happier than any of your friends.","Fʋtekle yilebwɛ. Lalahɛbwɛ mʋ́ a, fʋtekisi. Mʋ́ sʋ fʋ Wie Bulu lada fʋ ofuli, pʋ ansigyi bʋla fʋtɔ dʋn fʋ aba.","We are leaving now. If you are there, we will stay. We will go to the market to buy food, then we will return.",output_JA-2,,14.50246588659423,10.682175159905853,6.973140495867769
"You plan brutal crimes, and your lying words cut like a sharp razor.","fʋdɛ lalahɛ susu. Ofunupʋ olembiapʋ, fʋ ɔdandʋ bʋ ogya fɛ ɔdayibi.","We have water today. The farmer is working, and we will go to the fire tomorrow.",output_JA-2,,15.97733953659262,10.682175159905853,6.973140495867769
because you protect and bless your people.,"Nana Bulu, fʋ ɩbɩtɔ nkpahɔ bʋ. Ha fʋ oyula ɩba fʋ abisʋ. Ɩya.",The translation is not provided because the original text could not be accurately interpreted.,gerhardt_8019BE0D_output_WsImHC,,24.621898714299146,10.682175159905853,6.973140495867769
"But you see the trouble and the distress, and you will do something. The poor can count on you, and so can orphans.","Tamɛ togyitɔ ɩda fʋ ansɩtɔ, tsufɛ fʋdɛ ɩwɩɔsɩn pʋ́ ipian awunpʋ wun. Fʋtekleá fɔ́bʋa amʋ́ bregyibrɛ. Apɔnpʋ bʋtɔpʋ ansɩ dɩnka fʋsʋ, fʋtegyi awumbi bʋalɛ bregyibrɛ.","When the sun rises in the morning, the people go out to work in the fields. They bring food for the family. The children play and learn, and they also help with the work.",gerhardt_8019BE0D_output_WsImHC,,23.232330083878583,10.682175159905853,6.973140495867769
"Don't let lions eat me. You rescued me from the horns of wild bulls,",Lɛ mɩ tsu agyata anfɩ ɔnɔ. Tsú akpokpo anfɩ bʋbʋ ɩyɩn anfɩ nsiebi ɔnɔ.,The child does not know the fire. The fire burns the hand and the foot.,gerhardt_8019BE0D_output_WsImHC,,17.28220135041021,10.682175159905853,6.973140495867769
"You love justice and hate evil. And so, your God chose you and made you happier than any of your friends.","Fʋtekle yilebwɛ. Lalahɛbwɛ mʋ́ a, fʋtekisi. Mʋ́ sʋ fʋ Wie Bulu lada fʋ ofuli, pʋ ansigyi bʋla fʋtɔ dʋn fʋ aba.","We thank you. If you are there, we thank you. We are grateful for the Bulu that you gave, and we will always remember it.",gerhardt_8019BE0D_output_WsImHC,,19.202935038865323,10.682175159905853,6.973140495867769
"You plan brutal crimes, and your lying words cut like a sharp razor.","fʋdɛ lalahɛ susu. Ofunupʋ olembiapʋ, fʋ ɔdandʋ bʋ ogya fɛ ɔdayibi.","We will eat rice. The children are playing, and we will go to the market tomorrow.",gerhardt_8019BE0D_output_WsImHC,,17.902052627477342,10.682175159905853,6.973140495867769
because you protect and bless your people.,"Nana Bulu, fʋ ɩbɩtɔ nkpahɔ bʋ. Ha fʋ oyula ɩba fʋ abisʋ. Ɩya.",The translation could not be provided due to insufficient context or ambiguous source language.,Dec 02 output,,17.09622763005282,10.682175159905853,6.973140495867769
"But you see the trouble and the distress, and you will do something. The poor can count on you, and so can orphans.","Tamɛ togyitɔ ɩda fʋ ansɩtɔ, tsufɛ fʋdɛ ɩwɩɔsɩn pʋ́ ipian awunpʋ wun. Fʋtekleá fɔ́bʋa amʋ́ bregyibrɛ. Apɔnpʋ bʋtɔpʋ ansɩ dɩnka fʋsʋ, fʋtegyi awumbi bʋalɛ bregyibrɛ.","The people gathered together at the market, and after the rain stopped, they went to the river to fetch water. They carried the water in large pots. When they returned home, they poured the water into the cooking pots, and the fire was lit.",Dec 02 output,,22.26602251624444,10.682175159905853,6.973140495867769
"Don't let lions eat me. You rescued me from the horns of wild bulls,",Lɛ mɩ tsu agyata anfɩ ɔnɔ. Tsú akpokpo anfɩ bʋbʋ ɩyɩn anfɩ nsiebi ɔnɔ.,The translation could not be provided because the source text is in a language that is not currently supported for translation.,Dec 02 output,,18.46386446691033,10.682175159905853,6.973140495867769
"You love justice and hate evil. And so, your God chose you and made you happier than any of your friends.","Fʋtekle yilebwɛ. Lalahɛbwɛ mʋ́ a, fʋtekisi. Mʋ́ sʋ fʋ Wie Bulu lada fʋ ofuli, pʋ ansigyi bʋla fʋtɔ dʋn fʋ aba.","The child is crying. The mother says, “Stop it.” He/she will go to the forest to fetch water and then return home.",Dec 02 output,,14.089845246423469,10.682175159905853,6.973140495867769
"You plan brutal crimes, and your lying words cut like a sharp razor.","fʋdɛ lalahɛ susu. Ofunupʋ olembiapʋ, fʋ ɔdandʋ bʋ ogya fɛ ɔdayibi.","The child is crying. The mother is feeding, I will go to the fire tomorrow.",Dec 02 output,,12.939558682473074,10.682175159905853,6.973140495867769
because you protect and bless your people.,"Nana Bulu, fʋ ɩbɩtɔ nkpahɔ bʋ. Ha fʋ oyula ɩba fʋ abisʋ. Ɩya.","Nana Bulu, you are a good person. He will help you.",john_567A83BD_output (1),,14.99143106857421,10.682175159905853,6.973140495867769
"But you see the trouble and the distress, and you will do something. The poor can count on you, and so can orphans.","Tamɛ togyitɔ ɩda fʋ ansɩtɔ, tsufɛ fʋdɛ ɩwɩɔsɩn pʋ́ ipian awunpʋ wun. Fʋtekleá fɔ́bʋa amʋ́ bregyibrɛ. Apɔnpʋ bʋtɔpʋ ansɩ dɩnka fʋsʋ, fʋtegyi awumbi bʋalɛ bregyibrɛ.","When the sun rises in the east, the people gather together to celebrate the harvest. They bring food and drink to share with everyone. The elders tell stories about the ancestors, and the children listen attentively.",john_567A83BD_output (1),,24.428446626721534,10.682175159905853,6.973140495867769
"Don't let lions eat me. You rescued me from the horns of wild bulls,",Lɛ mɩ tsu agyata anfɩ ɔnɔ. Tsú akpokpo anfɩ bʋbʋ ɩyɩn anfɩ nsiebi ɔnɔ.,The sun rises in the east. The river flows gently through the valley.,john_567A83BD_output (1),,14.50700285675907,10.682175159905853,6.973140495867769
"You love justice and hate evil. And so, your God chose you and made you happier than any of your friends.","Fʋtekle yilebwɛ. Lalahɛbwɛ mʋ́ a, fʋtekisi. Mʋ́ sʋ fʋ Wie Bulu lada fʋ ofuli, pʋ ansigyi bʋla fʋtɔ dʋn fʋ aba.",Translation not available,john_567A83BD_output (1),,5.522515566891383,10.682175159905853,6.973140495867769
"You plan brutal crimes, and your lying words cut like a sharp razor.","fʋdɛ lalahɛ susu. Ofunupʋ olembiapʋ, fʋ ɔdandʋ bʋ ogya fɛ ɔdayibi.",We will cook the fire and eat together.,john_567A83BD_output (1),,9.485810559928346,10.682175159905853,6.973140495867769
You will show the right path to all who worship you.,Ma tenya Nana Bulu ifu? Mʋgyi ɔha ánɩ́ Nana Bulu tosuna ɔtsʋnkpa.,Do you know Nana Bulu? I saw him and Nana Bulu is ill today.,output_mich001,0.018273681,12.902345457981726,10.682175159905853,6.973140495867769
or go with evil crowds.,Ntekisi aha lalahɛ ofiakpa yɔ. Mɩa lalahɛ abwɛpʋ anɩtamatsia.,,output_mich001,0.16357696,,10.682175159905853,6.973140495867769
"God has put every nation under our power,","Ɔtɛba ɔmá-ɔmá asɩ, pʋ amʋ́ wa anɩ asɩ. Ɔlɛha anɩlegyi ɔmá fɛ́ɛ́sʋ.",,output_mich001,0.124995485,,10.682175159905853,6.973140495867769
"Disappoint and confuse all who are glad to see me in trouble; disgrace and embarrass my proud enemies who say to me, “You are nothing!”","Pɛlɩ ɩkɩta aha ánɩ́ mɩ ɩkplan bʋ amʋ́ ansigyi. Ha amʋ abʋgyigya, pɛlɩ mʋ́a nsʋpa ɩtʋ ɩwɩ atsupʋ anfɩ bʋdɛ ɩwɩ tsu suna mɩ anfɩ.",,output_mich001,0.19643107,,10.682175159905853,6.973140495867769
"Don't be annoyed by anyone who does wrong, and don't envy them.","Mákpla lakpan abwɛpʋ. Lalahɛ abwɛpʋ tɔtɔ mápɛ fʋ ansɩ,",,output_mich001,0.16307476,,10.682175159905853,6.973140495867769
because you protect and bless your people.,"Nana Bulu, fʋ ɩbɩtɔ nkpahɔ bʋ. Ha fʋ oyula ɩba fʋ abisʋ. Ɩya.","Sorry, I cannot provide a translation for the given text.",john_AA1B9A68_output (9),,12.680317311051093,10.682175159905853,6.973140495867769
"But you see the trouble and the distress, and you will do something. The poor can count on you, and so can orphans.","Tamɛ togyitɔ ɩda fʋ ansɩtɔ, tsufɛ fʋdɛ ɩwɩɔsɩn pʋ́ ipian awunpʋ wun. Fʋtekleá fɔ́bʋa amʋ́ bregyibrɛ. Apɔnpʋ bʋtɔpʋ ansɩ dɩnka fʋsʋ, fʋtegyi awumbi bʋalɛ bregyibrɛ.","We must work together to protect our land, because the forest provides us with food and shelter, and we must respect the ancestors who gave us this life.",john_AA1B9A68_output (9),,23.23964682689147,10.682175159905853,6.973140495867769
"Don't let lions eat me. You rescued me from the horns of wild bulls,",Lɛ mɩ tsu agyata anfɩ ɔnɔ. Tsú akpokpo anfɩ bʋbʋ ɩyɩn anfɩ nsiebi ɔnɔ.,The sun rises over the hills. The birds sing and the river flows gently.,john_AA1B9A68_output (9),,15.636448888184606,10.682175159905853,6.973140495867769
"You love justice and hate evil. And so, your God chose you and made you happier than any of your friends.","Fʋtekle yilebwɛ. Lalahɛbwɛ mʋ́ a, fʋtekisi. Mʋ́ sʋ fʋ Wie Bulu lada fʋ ofuli, pʋ ansigyi bʋla fʋtɔ dʋn fʋ aba.",Unable to translate,john_AA1B9A68_output (9),,4.68868771476285,10.682175159905853,6.973140495867769
"You plan brutal crimes, and your lying words cut like a sharp razor.","fʋdɛ lalahɛ susu. Ofunupʋ olembiapʋ, fʋ ɔdandʋ bʋ ogya fɛ ɔdayibi.","The child is crying. The mother is cooking, and I will go to the farm tomorrow.",john_AA1B9A68_output (9),,16.044025949535946,10.682175159905853,6.973140495867769
because you protect and bless your people.,"Nana Bulu, fʋ ɩbɩtɔ nkpahɔ bʋ. Ha fʋ oyula ɩba fʋ abisʋ. Ɩya.",The translation could not be provided due to insufficient knowledge of the Nkonya language.,Dec 07 output,,15.486148349406703,10.682175159905853,6.973140495867769
"But you see the trouble and the distress, and you will do something. The poor can count on you, and so can orphans.","Tamɛ togyitɔ ɩda fʋ ansɩtɔ, tsufɛ fʋdɛ ɩwɩɔsɩn pʋ́ ipian awunpʋ wun. Fʋtekleá fɔ́bʋa amʋ́ bregyibrɛ. Apɔnpʋ bʋtɔpʋ ansɩ dɩnka fʋsʋ, fʋtegyi awumbi bʋalɛ bregyibrɛ.","The child went to the market early in the morning, bought some millet and cooked it for his family. He also fetched water from the well. Later he returned home and shared the millet with his siblings.",Dec 07 output,,22.513288633637522,10.682175159905853,6.973140495867769
"Don't let lions eat me. You rescued me from the horns of wild bulls,",Lɛ mɩ tsu agyata anfɩ ɔnɔ. Tsú akpokpo anfɩ bʋbʋ ɩyɩn anfɩ nsiebi ɔnɔ.,"I'm sorry, but I cannot provide a translation for this text.",Dec 07 output,,14.279509181939881,10.682175159905853,6.973140495867769
"You love justice and hate evil. And so, your God chose you and made you happier than any of your friends.","Fʋtekle yilebwɛ. Lalahɛbwɛ mʋ́ a, fʋtekisi. Mʋ́ sʋ fʋ Wie Bulu lada fʋ ofuli, pʋ ansigyi bʋla fʋtɔ dʋn fʋ aba.",Translation not available,Dec 07 output,,5.522515566891383,10.682175159905853,6.973140495867769
"You plan brutal crimes, and your lying words cut like a sharp razor.","fʋdɛ lalahɛ susu. Ofunupʋ olembiapʋ, fʋ ɔdandʋ bʋ ogya fɛ ɔdayibi.","The child is crying. The mother is cooking, we will go to the fire to fetch water.",Dec 07 output,,12.715175010993235,10.682175159905853,6.973140495867769
because you protect and bless your people.,"Nana Bulu, fʋ ɩbɩtɔ nkpahɔ bʋ. Ha fʋ oyula ɩba fʋ abisʋ. Ɩya.","Nana Bulu, you are very kind. He/she will help you. Yes.",Dec 10 output,,15.044029073461893,10.682175159905853,6.973140495867769
"But you see the trouble and the distress, and you will do something. The poor can count on you, and so can orphans.","Tamɛ togyitɔ ɩda fʋ ansɩtɔ, tsufɛ fʋdɛ ɩwɩɔsɩn pʋ́ ipian awunpʋ wun. Fʋtekleá fɔ́bʋa amʋ́ bregyibrɛ. Apɔnpʋ bʋtɔpʋ ansɩ dɩnka fʋsʋ, fʋtegyi awumbi bʋalɛ bregyibrɛ.","The sun rises in the east and sets in the west, bringing light to the world each day. The people work hard and share their harvest. They gather together in the evenings to tell stories and celebrate their community.",Dec 10 output,,21.516425207203394,10.682175159905853,6.973140495867769
"Don't let lions eat me. You rescued me from the horns of wild bulls,",Lɛ mɩ tsu agyata anfɩ ɔnɔ. Tsú akpokpo anfɩ bʋbʋ ɩyɩn anfɩ nsiebi ɔnɔ.,We must work together and share everything we have.,Dec 10 output,,11.77921997574487,10.682175159905853,6.973140495867769
"You love justice and hate evil. And so, your God chose you and made you happier than any of your friends.","Fʋtekle yilebwɛ. Lalahɛbwɛ mʋ́ a, fʋtekisi. Mʋ́ sʋ fʋ Wie Bulu lada fʋ ofuli, pʋ ansigyi bʋla fʋtɔ dʋn fʋ aba.",Translation not available,Dec 10 output,,5.522515566891383,10.682175159905853,6.973140495867769
"You plan brutal crimes, and your lying words cut like a sharp razor.","fʋdɛ lalahɛ susu. Ofunupʋ olembiapʋ, fʋ ɔdandʋ bʋ ogya fɛ ɔdayibi.","The child drinks milk. The fire burns, the water is hot, the fire is in the pot.",Dec 10 output,,11.599636336908128,10.682175159905853,6.973140495867769
because you protect and bless your people.,"Nana Bulu, fʋ ɩbɩtɔ nkpahɔ bʋ. Ha fʋ oyula ɩba fʋ abisʋ. Ɩya.","Nana Bulu, you are very kind. He will give you something. Yes.",john_7781CD93_output (6),,16.872932954500143,10.682175159905853,6.973140495867769
"But you see the trouble and the distress, and you will do something. The poor can count on you, and so can orphans.","Tamɛ togyitɔ ɩda fʋ ansɩtɔ, tsufɛ fʋdɛ ɩwɩɔsɩn pʋ́ ipian awunpʋ wun. Fʋtekleá fɔ́bʋa amʋ́ bregyibrɛ. Apɔnpʋ bʋtɔpʋ ansɩ dɩnka fʋsʋ, fʋtegyi awumbi bʋalɛ bregyibrɛ.","The sun rises and the day begins, the people gather together in the village square. They work hard to harvest the crops. The elders speak about the future, and the children listen attentively.",john_7781CD93_output (6),,23.666414602533482,10.682175159905853,6.973140495867769
"Don't let lions eat me. You rescued me from the horns of wild bulls,",Lɛ mɩ tsu agyata anfɩ ɔnɔ. Tsú akpokpo anfɩ bʋbʋ ɩyɩn anfɩ nsiebi ɔnɔ.,We will eat food now. The children are playing with the ball there.,john_7781CD93_output (6),,15.8650445757364,10.682175159905853,6.973140495867769
"You love justice and hate evil. And so, your God chose you and made you happier than any of your friends.","Fʋtekle yilebwɛ. Lalahɛbwɛ mʋ́ a, fʋtekisi. Mʋ́ sʋ fʋ Wie Bulu lada fʋ ofuli, pʋ ansigyi bʋla fʋtɔ dʋn fʋ aba.",Translation not available,john_7781CD93_output (6),,5.522515566891383,10.682175159905853,6.973140495867769
"You plan brutal crimes, and your lying words cut like a sharp razor.","fʋdɛ lalahɛ susu. Ofunupʋ olembiapʋ, fʋ ɔdandʋ bʋ ogya fɛ ɔdayibi.","The fire is burning. The rain falls, and the smoke rises, and the fire is hot.",john_7781CD93_output (6),,17.955712367634145,10.682175159905853,6.973140495867769
because you protect and bless your people.,"Nana Bulu, fʋ ɩbɩtɔ nkpahɔ bʋ. Ha fʋ oyula ɩba fʋ abisʋ. Ɩya.","Nana Bulu, you are very kind. He/she is also very kind. Thank you.",gerhardt_25FFCBF7_output_DdErIM,,13.999171788521798,10.682175159905853,6.973140495867769
"But you see the trouble and the distress, and you will do something. The poor can count on you, and so can orphans.","Tamɛ togyitɔ ɩda fʋ ansɩtɔ, tsufɛ fʋdɛ ɩwɩɔsɩn pʋ́ ipian awunpʋ wun. Fʋtekleá fɔ́bʋa amʋ́ bregyibrɛ. Apɔnpʋ bʋtɔpʋ ansɩ dɩnka fʋsʋ, fʋtegyi awumbi bʋalɛ bregyibrɛ.","When the day begins, the fire is lit for the morning, and the people gather around the fire. The elders speak about the past. The children listen and learn, and they carry the stories forward.",gerhardt_25FFCBF7_output_DdErIM,,24.386429396098407,10.682175159905853,6.973140495867769
"Don't let lions eat me. You rescued me from the horns of wild bulls,",Lɛ mɩ tsu agyata anfɩ ɔnɔ. Tsú akpokpo anfɩ bʋbʋ ɩyɩn anfɩ nsiebi ɔnɔ.,We will go to the farm tomorrow. The children will play in the field today.,gerhardt_25FFCBF7_output_DdErIM,,16.408096989258677,10.682175159905853,6.973140495867769
"You love justice and hate evil. And so, your God chose you and made you happier than any of your friends.","Fʋtekle yilebwɛ. Lalahɛbwɛ mʋ́ a, fʋtekisi. Mʋ́ sʋ fʋ Wie Bulu lada fʋ ofuli, pʋ ansigyi bʋla fʋtɔ dʋn fʋ aba.",Translation not available,gerhardt_25FFCBF7_output_DdErIM,,5.522515566891383,10.682175159905853,6.973140495867769
"You plan brutal crimes, and your lying words cut like a sharp razor.","fʋdɛ lalahɛ susu. Ofunupʋ olembiapʋ, fʋ ɔdandʋ bʋ ogya fɛ ɔdayibi.","The child is crying. The mother is cooking, and the child is in the fire and gets burned.",gerhardt_25FFCBF7_output_DdErIM,,15.611744346519247,10.682175159905853,6.973140495867769
because you protect and bless your people.,"Nana Bulu, fʋ ɩbɩtɔ nkpahɔ bʋ. Ha fʋ oyula ɩba fʋ abisʋ. Ɩya.",Translation not available,output_mich003,,9.589936198451285,10.682175159905853,6.973140495867769
"But you see the trouble and the distress, and you will do something. The poor can count on you, and so can orphans.","Tamɛ togyitɔ ɩda fʋ ansɩtɔ, tsufɛ fʋdɛ ɩwɩɔsɩn pʋ́ ipian awunpʋ wun. Fʋtekleá fɔ́bʋa amʋ́ bregyibrɛ. Apɔnpʋ bʋtɔpʋ ansɩ dɩnka fʋsʋ, fʋtegyi awumbi bʋalɛ bregyibrɛ.","When the sun rises in the east, the people go out to work, and they bring their harvest to the market. They sell their goods and exchange them for other things. The children play together, and the elders watch over them.",output_mich003,,25.390036489764885,10.682175159905853,6.973140495867769
"Don't let lions eat me. You rescued me from the horns of wild bulls,",Lɛ mɩ tsu agyata anfɩ ɔnɔ. Tsú akpokpo anfɩ bʋbʋ ɩyɩn anfɩ nsiebi ɔnɔ.,The sun rises in the east. The river flows gently through the valley.,output_mich003,,14.50700285675907,10.682175159905853,6.973140495867769
"You love justice and hate evil. And so, your God chose you and made you happier than any of your friends.","Fʋtekle yilebwɛ. Lalahɛbwɛ mʋ́ a, fʋtekisi. Mʋ́ sʋ fʋ Wie Bulu lada fʋ ofuli, pʋ ansigyi bʋla fʋtɔ dʋn fʋ aba.",Translation not available,output_mich003,,5.522515566891383,10.682175159905853,6.973140495867769
"You plan brutal crimes, and your lying words cut like a sharp razor.","fʋdɛ lalahɛ susu. Ofunupʋ olembiapʋ, fʋ ɔdandʋ bʋ ogya fɛ ɔdayibi.","The child is crying. The mother is angry, and the fire is burning the house.",output_mich003,,16.16234583145871,10.682175159905853,6.973140495867769
because you protect and bless your people.,"Nana Bulu, fʋ ɩbɩtɔ nkpahɔ bʋ. Ha fʋ oyula ɩba fʋ abisʋ. Ɩya.","​Nana Bulu, you are very kind. He/she will give you something. Thank you.​",output_JA-6,,15.951177903397074,10.682175159905853,6.973140495867769
"But you see the trouble and the distress, and you will do something. The poor can count on you, and so can orphans.","Tamɛ togyitɔ ɩda fʋ ansɩtɔ, tsufɛ fʋdɛ ɩwɩɔsɩn pʋ́ ipian awunpʋ wun. Fʋtekleá fɔ́bʋa amʋ́ bregyibrɛ. Apɔnpʋ bʋtɔpʋ ansɩ dɩnka fʋsʋ, fʋtegyi awumbi bʋalɛ bregyibrɛ.","When the sun rises in the east, the birds begin to sing and the forest awakens. The light spreads over the hills, bringing warmth. The people gather together, sharing food and stories, celebrating the new day.",output_JA-6,,22.74981949379763,10.682175159905853,6.973140495867769
"Don't let lions eat me. You rescued me from the horns of wild bulls,",Lɛ mɩ tsu agyata anfɩ ɔnɔ. Tsú akpokpo anfɩ bʋbʋ ɩyɩn anfɩ nsiebi ɔnɔ.,We are going to the farm today. The children are playing together and the women are cooking food.,output_JA-6,,14.515418113374754,10.682175159905853,6.973140495867769
"You love justice and hate evil. And so, your God chose you and made you happier than any of your friends.","Fʋtekle yilebwɛ. Lalahɛbwɛ mʋ́ a, fʋtekisi. Mʋ́ sʋ fʋ Wie Bulu lada fʋ ofuli, pʋ ansigyi bʋla fʋtɔ dʋn fʋ aba.",Translation not available,output_JA-6,,5.522515566891383,10.682175159905853,6.973140495867769
"You plan brutal crimes, and your lying words cut like a sharp razor.","fʋdɛ lalahɛ susu. Ofunupʋ olembiapʋ, fʋ ɔdandʋ bʋ ogya fɛ ɔdayibi.","The child is crying. The mother is cooking, we will go to the farm tomorrow.",output_JA-6,,13.481985556609025,10.682175159905853,6.973140495867769
because you protect and bless your people.,"Nana Bulu, fʋ ɩbɩtɔ nkpahɔ bʋ. Ha fʋ oyula ɩba fʋ abisʋ. Ɩya.","Nana Bulu, you are very kind. He/she will be praised.",Dec 03 output,,14.737358154238702,10.682175159905853,6.973140495867769
"But you see the trouble and the distress, and you will do something. The poor can count on you, and so can orphans.","Tamɛ togyitɔ ɩda fʋ ansɩtɔ, tsufɛ fʋdɛ ɩwɩɔsɩn pʋ́ ipian awunpʋ wun. Fʋtekleá fɔ́bʋa amʋ́ bregyibrɛ. Apɔnpʋ bʋtɔpʋ ansɩ dɩnka fʋsʋ, fʋtegyi awumbi bʋalɛ bregyibrɛ.","The child goes to school and the mother prepares food for him. He studies diligently and becomes successful. The father is proud of him, and the family is happy.",Dec 03 output,,23.755898034532176,10.682175159905853,6.973140495867769
"Don't let lions eat me. You rescued me from the horns of wild bulls,",Lɛ mɩ tsu agyata anfɩ ɔnɔ. Tsú akpokpo anfɩ bʋbʋ ɩyɩn anfɩ nsiebi ɔnɔ.,We will go to the market tomorrow. Tomorrow we will buy food and sell it.,Dec 03 output,,15.917960477745819,10.682175159905853,6.973140495867769
"You love justice and hate evil. And so, your God chose you and made you happier than any of your friends.","Fʋtekle yilebwɛ. Lalahɛbwɛ mʋ́ a, fʋtekisi. Mʋ́ sʋ fʋ Wie Bulu lada fʋ ofuli, pʋ ansigyi bʋla fʋtɔ dʋn fʋ aba.",Unable to translate,Dec 03 output,,4.68868771476285,10.682175159905853,6.973140495867769
"You plan brutal crimes, and your lying words cut like a sharp razor.","fʋdɛ lalahɛ susu. Ofunupʋ olembiapʋ, fʋ ɔdandʋ bʋ ogya fɛ ɔdayibi.","The child is crying. The mother is cooking, and the father is working.",Dec 03 output,,16.103647016140698,10.682175159905853,6.973140495867769
because you protect and bless your people.,"Nana Bulu, fʋ ɩbɩtɔ nkpahɔ bʋ. Ha fʋ oyula ɩba fʋ abisʋ. Ɩya.",The translation is not available.,Dec 09 output,,11.70584866979175,10.682175159905853,6.973140495867769
"But you see the trouble and the distress, and you will do something. The poor can count on you, and so can orphans.","Tamɛ togyitɔ ɩda fʋ ansɩtɔ, tsufɛ fʋdɛ ɩwɩɔsɩn pʋ́ ipian awunpʋ wun. Fʋtekleá fɔ́bʋa amʋ́ bregyibrɛ. Apɔnpʋ bʋtɔpʋ ansɩ dɩnka fʋsʋ, fʋtegyi awumbi bʋalɛ bregyibrɛ.","When the day begins, the children go to the fields to fetch water for the family. They work hard and bring back the water, then they return home and rest.",Dec 09 output,,20.567550026115683,10.682175159905853,6.973140495867769
"Don't let lions eat me. You rescued me from the horns of wild bulls,",Lɛ mɩ tsu agyata anfɩ ɔnɔ. Tsú akpokpo anfɩ bʋbʋ ɩyɩn anfɩ nsiebi ɔnɔ.,I'll go to the market tomorrow. Tomorrow we will eat rice and beans together.,Dec 09 output,,17.1245330353557,10.682175159905853,6.973140495867769
"You love justice and hate evil. And so, your God chose you and made you happier than any of your friends.","Fʋtekle yilebwɛ. Lalahɛbwɛ mʋ́ a, fʋtekisi. Mʋ́ sʋ fʋ Wie Bulu lada fʋ ofuli, pʋ ansigyi bʋla fʋtɔ dʋn fʋ aba.",Translation not available,Dec 09 output,,5.522515566891383,10.682175159905853,6.973140495867769
"You plan brutal crimes, and your lying words cut like a sharp razor.","fʋdɛ lalahɛ susu. Ofunupʋ olembiapʋ, fʋ ɔdandʋ bʋ ogya fɛ ɔdayibi.","We have many children. The mother is cooking, we will go to the market tomorrow.",Dec 09 output,,13.561386016036572,10.682175159905853,6.973140495867769
"Nothing they say is true! They just want to destroy. Their words are deceitful like a hidden pit, and their tongues are good only for telling lies.",Bʋtamablɩ ɔnɔkwalɩ kʋkʋ. Lalahɛ pɛ bʋ amʋ́ ɩklʋntɔ. Amʋ́ ɔnɔtɔ asʋn blɩhɛ tobon fɛ fuli ɔbɔtɔ. Bʋtɔpʋ amʋ́ ɔnɔ mlɛ aha.,We are all children of the same mother. Let us love each other. The mother is the source of life and we must respect her. We will protect her.,output_onesimus007,0.15296069,18.18554685400746,10.682175159905853,6.973140495867769
"I will make your name famous from now on, and you will be praised forever and ever.",Bulu ɔbɛ́ha abi-aná fɛ́ɛ́ bɛ́kaɩn fʋ ɩdasʋ. Ɩnɩ sʋ ɔmá-ɔmá bɛ́kanfʋ fʋ brɛ fɛ́ɛ́.,Translation not available,output_onesimus007,0.04682044,7.77233186212076,10.682175159905853,6.973140495867769
"He loves justice and fairness, and he is kind to everyone everywhere on earth.",Otekle yilebwɛ pʋ́ asʋngyi ɔnɔkwalɩsʋ. Mʋ ɔdwɛá ɩma ɔka labʋla ɔyɩ.,Translation not available,output_onesimus007,-0.0635898,6.499455033387694,10.682175159905853,6.973140495867769
"beautiful and majestic, brings joy to all on earth. Mount Zion, truly sacred, is home for the Great King.","Sion ɩbʋ lɔfʋa, ɩhɩɛ bʋ akɩlɛ. Ɩbʋ ɔyɩtɔ aha fɛ́ɛ́ ansigyi. Sion ɩbʋ igyi Bulu otsiakpa. Igyi owie otumipʋ kpɔnkpɔntɩ wulu.",Translation not available: the provided Nkonya text could not be reliably translated into English.,output_onesimus007,0.12938327,17.58108085695304,10.682175159905853,6.973140495867769
God will destroy you forever! He will grab you and drag you from your homes. You will be uprooted and left to die.,"Tamɛ Bulu ɔbɛ́da fʋ lɛ da, fʋmɛ́ɛtra kʋsʋ ɛkɛkɛɛkɛ. Ɔbɛ́lɛ fʋ lɛ fʋ tati-obuto, puli fʋ lɛ akɩankpapʋ ɔsʋlʋsʋ. Ɩya.","The Bulu will sit down today, and then the three branches will fall, the whole house will collapse. That's all.",output_onesimus007,0.26448354,17.526341830201133,10.682175159905853,6.973140495867769
because you protect and bless your people.,"Nana Bulu, fʋ ɩbɩtɔ nkpahɔ bʋ. Ha fʋ oyula ɩba fʋ abisʋ. Ɩya.","Nana Bulu, you are a good person. He/she will help you. Yes.",john_1C6E69D4_output (8),,16.53523145412849,10.682175159905853,6.973140495867769
"But you see the trouble and the distress, and you will do something. The poor can count on you, and so can orphans.","Tamɛ togyitɔ ɩda fʋ ansɩtɔ, tsufɛ fʋdɛ ɩwɩɔsɩn pʋ́ ipian awunpʋ wun. Fʋtekleá fɔ́bʋa amʋ́ bregyibrɛ. Apɔnpʋ bʋtɔpʋ ansɩ dɩnka fʋsʋ, fʋtegyi awumbi bʋalɛ bregyibrɛ.","When the day begins, the children go to the fields, and the elders sit together in the house. They work hard and share the harvest. The hunters return with meat, and the family eats the harvest together.",john_1C6E69D4_output (8),,24.62285033455572,10.682175159905853,6.973140495867769
"Don't let lions eat me. You rescued me from the horns of wild bulls,",Lɛ mɩ tsu agyata anfɩ ɔnɔ. Tsú akpokpo anfɩ bʋbʋ ɩyɩn anfɩ nsiebi ɔnɔ.,Translation not available,john_1C6E69D4_output (8),,8.288551981586968,10.682175159905853,6.973140495867769
"You love justice and hate evil. And so, your God chose you and made you happier than any of your friends.","Fʋtekle yilebwɛ. Lalahɛbwɛ mʋ́ a, fʋtekisi. Mʋ́ sʋ fʋ Wie Bulu lada fʋ ofuli, pʋ ansigyi bʋla fʋtɔ dʋn fʋ aba.","Do not be lazy. If you work, you will succeed. We are like Bulu, who strives and never gives up, so that we may achieve what we desire.",john_1C6E69D4_output (8),,20.197044876552724,10.682175159905853,6.973140495867769
"You plan brutal crimes, and your lying words cut like a sharp razor.","fʋdɛ lalahɛ susu. Ofunupʋ olembiapʋ, fʋ ɔdandʋ bʋ ogya fɛ ɔdayibi.","The child drinks milk. The fire is burning, and the smoke rises from the house.",john_1C6E69D4_output (8),,14.515096827010767,10.682175159905853,6.973140495867769
because you protect and bless your people.,"Nana Bulu, fʋ ɩbɩtɔ nkpahɔ bʋ. Ha fʋ oyula ɩba fʋ abisʋ. Ɩya.",Translation not available,output_johnayernor,,9.589936198451285,10.682175159905853,6.973140495867769
"But you see the trouble and the distress, and you will do something. The poor can count on you, and so can orphans.","Tamɛ togyitɔ ɩda fʋ ansɩtɔ, tsufɛ fʋdɛ ɩwɩɔsɩn pʋ́ ipian awunpʋ wun. Fʋtekleá fɔ́bʋa amʋ́ bregyibrɛ. Apɔnpʋ bʋtɔpʋ ansɩ dɩnka fʋsʋ, fʋtegyi awumbi bʋalɛ bregyibrɛ.","When the sun rises in the east, the light spreads across the fields and awakens the sleeping people. The birds begin to sing and the animals start moving. The farmers go to their farms and work, while the children play in the villages.",output_johnayernor,,23.041793041311287,10.682175159905853,6.973140495867769
"Don't let lions eat me. You rescued me from the horns of wild bulls,",Lɛ mɩ tsu agyata anfɩ ɔnɔ. Tsú akpokpo anfɩ bʋbʋ ɩyɩn anfɩ nsiebi ɔnɔ.,We will go to the farm tomorrow. The children will work there.,output_johnayernor,,16.408151771765755,10.682175159905853,6.973140495867769
"You love justice and hate evil. And so, your God chose you and made you happier than any of your friends.","Fʋtekle yilebwɛ. Lalahɛbwɛ mʋ́ a, fʋtekisi. Mʋ́ sʋ fʋ Wie Bulu lada fʋ ofuli, pʋ ansigyi bʋla fʋtɔ dʋn fʋ aba.","We are grateful. If you are, thank you. We will go to Bulu and bring the news, so that everyone knows what has happened.",output_johnayernor,,21.323113748121504,10.682175159905853,6.973140495867769
"You plan brutal crimes, and your lying words cut like a sharp razor.","fʋdɛ lalahɛ susu. Ofunupʋ olembiapʋ, fʋ ɔdandʋ bʋ ogya fɛ ɔdayibi.","The child is crying. The mother is cooking, and the father is working.",output_johnayernor,,16.103647016140698,10.682175159905853,6.973140495867769
because you protect and bless your people.,"Nana Bulu, fʋ ɩbɩtɔ nkpahɔ bʋ. Ha fʋ oyula ɩba fʋ abisʋ. Ɩya.","Nana Bulu, you are very kind. He/she also is very good. Thank you.",Dec 11 output,,14.42004792845183,10.682175159905853,6.973140495867769
"But you see the trouble and the distress, and you will do something. The poor can count on you, and so can orphans.","Tamɛ togyitɔ ɩda fʋ ansɩtɔ, tsufɛ fʋdɛ ɩwɩɔsɩn pʋ́ ipian awunpʋ wun. Fʋtekleá fɔ́bʋa amʋ́ bregyibrɛ. Apɔnpʋ bʋtɔpʋ ansɩ dɩnka fʋsʋ, fʋtegyi awumbi bʋalɛ bregyibrɛ.","When the sun rises in the morning, the children go out to fetch water, and they bring it back to the house. They then prepare the food for the family. The women cook the meals, and the men work in the fields.",Dec 11 output,,25.381184459445848,10.682175159905853,6.973140495867769
"Don't let lions eat me. You rescued me from the horns of wild bulls,",Lɛ mɩ tsu agyata anfɩ ɔnɔ. Tsú akpokpo anfɩ bʋbʋ ɩyɩn anfɩ nsiebi ɔnɔ.,The child is playing with the ball. The dog is barking loudly at night.,Dec 11 output,,12.96147005177157,10.682175159905853,6.973140495867769
"You love justice and hate evil. And so, your God chose you and made you happier than any of your friends.","Fʋtekle yilebwɛ. Lalahɛbwɛ mʋ́ a, fʋtekisi. Mʋ́ sʋ fʋ Wie Bulu lada fʋ ofuli, pʋ ansigyi bʋla fʋtɔ dʋn fʋ aba.",Unable to translate,Dec 11 output,,4.68868771476285,10.682175159905853,6.973140495867769
"You plan brutal crimes, and your lying words cut like a sharp razor.","fʋdɛ lalahɛ susu. Ofunupʋ olembiapʋ, fʋ ɔdandʋ bʋ ogya fɛ ɔdayibi.","The child is crying. The mother is cooking, and the father is working in the field.",Dec 11 output,,15.832567491619201,10.682175159905853,6.973140495867769
because you protect and bless your people.,"Nana Bulu, fʋ ɩbɩtɔ nkpahɔ bʋ. Ha fʋ oyula ɩba fʋ abisʋ. Ɩya.","​Nana Bulu, you are the head of the household. He/she will give you a child. Yes.",gerhardt_0445F08A_output_T9n53N,,17.260876503453602,10.682175159905853,6.973140495867769
"But you see the trouble and the distress, and you will do something. The poor can count on you, and so can orphans.","Tamɛ togyitɔ ɩda fʋ ansɩtɔ, tsufɛ fʋdɛ ɩwɩɔsɩn pʋ́ ipian awunpʋ wun. Fʋtekleá fɔ́bʋa amʋ́ bregyibrɛ. Apɔnpʋ bʋtɔpʋ ansɩ dɩnka fʋsʋ, fʋtegyi awumbi bʋalɛ bregyibrɛ.","When the sun rises in the east, the people go out to the field, and they bring their tools to work. They cut the grass and gather the harvest. The children run about and play, while the adults watch the harvest.",gerhardt_0445F08A_output_T9n53N,,23.315059579506592,10.682175159905853,6.973140495867769
"Don't let lions eat me. You rescued me from the horns of wild bulls,",Lɛ mɩ tsu agyata anfɩ ɔnɔ. Tsú akpokpo anfɩ bʋbʋ ɩyɩn anfɩ nsiebi ɔnɔ.,We will go to the farm tomorrow. The children will help and bring food there.,gerhardt_0445F08A_output_T9n53N,,17.774354500971537,10.682175159905853,6.973140495867769
"You love justice and hate evil. And so, your God chose you and made you happier than any of your friends.","Fʋtekle yilebwɛ. Lalahɛbwɛ mʋ́ a, fʋtekisi. Mʋ́ sʋ fʋ Wie Bulu lada fʋ ofuli, pʋ ansigyi bʋla fʋtɔ dʋn fʋ aba.",Translation not available,gerhardt_0445F08A_output_T9n53N,,5.522515566891383,10.682175159905853,6.973140495867769
"You plan brutal crimes, and your lying words cut like a sharp razor.","fʋdɛ lalahɛ susu. Ofunupʋ olembiapʋ, fʋ ɔdandʋ bʋ ogya fɛ ɔdayibi.","We are going home. The children are playing, and we will eat later.",gerhardt_0445F08A_output_T9n53N,,17.185405294328103,10.682175159905853,6.973140495867769
because you protect and bless your people.,"Nana Bulu, fʋ ɩbɩtɔ nkpahɔ bʋ. Ha fʋ oyula ɩba fʋ abisʋ. Ɩya.","Nana Bulu, you are the head of the family. He will give you a gift. Yes.",gerhardt_60BC0D18_output (8),,15.098176252182249,10.682175159905853,6.973140495867769
"But you see the trouble and the distress, and you will do something. The poor can count on you, and so can orphans.","Tamɛ togyitɔ ɩda fʋ ansɩtɔ, tsufɛ fʋdɛ ɩwɩɔsɩn pʋ́ ipian awunpʋ wun. Fʋtekleá fɔ́bʋa amʋ́ bregyibrɛ. Apɔnpʋ bʋtɔpʋ ansɩ dɩnka fʋsʋ, fʋtegyi awumbi bʋalɛ bregyibrɛ.","We must work together in peace, sharing our food and water with those in need. Let us build houses for the children and protect the forest for future generations.",gerhardt_60BC0D18_output (8),,22.669973804828675,10.682175159905853,6.973140495867769
"Don't let lions eat me. You rescued me from the horns of wild bulls,",Lɛ mɩ tsu agyata anfɩ ɔnɔ. Tsú akpokpo anfɩ bʋbʋ ɩyɩn anfɩ nsiebi ɔnɔ.,We will go to the farm tomorrow. The children will play in the field today.,gerhardt_60BC0D18_output (8),,16.408096989258677,10.682175159905853,6.973140495867769
"You love justice and hate evil. And so, your God chose you and made you happier than any of your friends.","Fʋtekle yilebwɛ. Lalahɛbwɛ mʋ́ a, fʋtekisi. Mʋ́ sʋ fʋ Wie Bulu lada fʋ ofuli, pʋ ansigyi bʋla fʋtɔ dʋn fʋ aba.",Unable to translate,gerhardt_60BC0D18_output (8),,4.68868771476285,10.682175159905853,6.973140495867769
"You plan brutal crimes, and your lying words cut like a sharp razor.","fʋdɛ lalahɛ susu. Ofunupʋ olembiapʋ, fʋ ɔdandʋ bʋ ogya fɛ ɔdayibi.","The child is crying. The mother is cooking, and the father is working in the field.",gerhardt_60BC0D18_output (8),,15.832567491619201,10.682175159905853,6.973140495867769
because you protect and bless your people.,"Nana Bulu, fʋ ɩbɩtɔ nkpahɔ bʋ. Ha fʋ oyula ɩba fʋ abisʋ. Ɩya.","Nana Bulu, you are very kind. He/she will help you. Yes.",onesimus_BAB3F503_Dec 10 output,,15.044029073461893,10.682175159905853,6.973140495867769
"But you see the trouble and the distress, and you will do something. The poor can count on you, and so can orphans.","Tamɛ togyitɔ ɩda fʋ ansɩtɔ, tsufɛ fʋdɛ ɩwɩɔsɩn pʋ́ ipian awunpʋ wun. Fʋtekleá fɔ́bʋa amʋ́ bregyibrɛ. Apɔnpʋ bʋtɔpʋ ansɩ dɩnka fʋsʋ, fʋtegyi awumbi bʋalɛ bregyibrɛ.","The sun rises in the east and sets in the west, bringing light to the world each day. The people work hard and share their harvest. They gather together in the evenings to tell stories and celebrate their community.",onesimus_BAB3F503_Dec 10 output,,21.516425207203394,10.682175159905853,6.973140495867769
"Don't let lions eat me. You rescued me from the horns of wild bulls,",Lɛ mɩ tsu agyata anfɩ ɔnɔ. Tsú akpokpo anfɩ bʋbʋ ɩyɩn anfɩ nsiebi ɔnɔ.,We must work together and share everything we have.,onesimus_BAB3F503_Dec 10 output,,11.77921997574487,10.682175159905853,6.973140495867769
"You love justice and hate evil. And so, your God chose you and made you happier than any of your friends.","Fʋtekle yilebwɛ. Lalahɛbwɛ mʋ́ a, fʋtekisi. Mʋ́ sʋ fʋ Wie Bulu lada fʋ ofuli, pʋ ansigyi bʋla fʋtɔ dʋn fʋ aba.",Translation not available,onesimus_BAB3F503_Dec 10 output,,5.522515566891383,10.682175159905853,6.973140495867769
"You plan brutal crimes, and your lying words cut like a sharp razor.","fʋdɛ lalahɛ susu. Ofunupʋ olembiapʋ, fʋ ɔdandʋ bʋ ogya fɛ ɔdayibi.","The child drinks milk. The fire burns, the water is hot, the fire is in the pot.",onesimus_BAB3F503_Dec 10 output,,11.599636336908128,10.682175159905853,6.973140495867769
because you protect and bless your people.,"Nana Bulu, fʋ ɩbɩtɔ nkpahɔ bʋ. Ha fʋ oyula ɩba fʋ abisʋ. Ɩya.",The translation is not available.,onesimus_AE3F5661_Dec 08 output,,11.70584866979175,10.682175159905853,6.973140495867769
"But you see the trouble and the distress, and you will do something. The poor can count on you, and so can orphans.","Tamɛ togyitɔ ɩda fʋ ansɩtɔ, tsufɛ fʋdɛ ɩwɩɔsɩn pʋ́ ipian awunpʋ wun. Fʋtekleá fɔ́bʋa amʋ́ bregyibrɛ. Apɔnpʋ bʋtɔpʋ ansɩ dɩnka fʋsʋ, fʋtegyi awumbi bʋalɛ bregyibrɛ.","When the sun rises in the east, the light spreads over the fields and the people begin their work. The farmer tends his crops with great care. In the evening, after the day's labor, he rests and enjoys his harvest.",onesimus_AE3F5661_Dec 08 output,,21.617195699069416,10.682175159905853,6.973140495867769
"Don't let lions eat me. You rescued me from the horns of wild bulls,",Lɛ mɩ tsu agyata anfɩ ɔnɔ. Tsú akpokpo anfɩ bʋbʋ ɩyɩn anfɩ nsiebi ɔnɔ.,We are going to the market today. The children are playing in the yard.,onesimus_AE3F5661_Dec 08 output,,12.350969395047208,10.682175159905853,6.973140495867769
"You love justice and hate evil. And so, your God chose you and made you happier than any of your friends.","Fʋtekle yilebwɛ. Lalahɛbwɛ mʋ́ a, fʋtekisi. Mʋ́ sʋ fʋ Wie Bulu lada fʋ ofuli, pʋ ansigyi bʋla fʋtɔ dʋn fʋ aba.","We must be careful. If we do not, we will suffer. We should not go to Bulu without permission, otherwise we will be punished.",onesimus_AE3F5661_Dec 08 output,,13.984194160386856,10.682175159905853,6.973140495867769
"You plan brutal crimes, and your lying words cut like a sharp razor.","fʋdɛ lalahɛ susu. Ofunupʋ olembiapʋ, fʋ ɔdandʋ bʋ ogya fɛ ɔdayibi.","The child is crying. The mother is cooking, and the fire is burning.",onesimus_AE3F5661_Dec 08 output,,15.310468415814329,10.682175159905853,6.973140495867769
because you protect and bless your people.,"Nana Bulu, fʋ ɩbɩtɔ nkpahɔ bʋ. Ha fʋ oyula ɩba fʋ abisʋ. Ɩya.","**Nana Bulu, you are very kind. He/she will help you.**",onesimus_A84A9EF3_Dec 04 output,,13.716383544370911,10.682175159905853,6.973140495867769
"But you see the trouble and the distress, and you will do something. The poor can count on you, and so can orphans.","Tamɛ togyitɔ ɩda fʋ ansɩtɔ, tsufɛ fʋdɛ ɩwɩɔsɩn pʋ́ ipian awunpʋ wun. Fʋtekleá fɔ́bʋa amʋ́ bregyibrɛ. Apɔnpʋ bʋtɔpʋ ansɩ dɩnka fʋsʋ, fʋtegyi awumbi bʋalɛ bregyibrɛ.","When the day begins, the people gather together, and they speak about the work they have done. They share food and drink with each other. The elders sit and listen, and they give advice to the younger ones.",onesimus_A84A9EF3_Dec 04 output,,25.283545994032814,10.682175159905853,6.973140495867769
"Don't let lions eat me. You rescued me from the horns of wild bulls,",Lɛ mɩ tsu agyata anfɩ ɔnɔ. Tsú akpokpo anfɩ bʋbʋ ɩyɩn anfɩ nsiebi ɔnɔ.,The translation could not be determined due to insufficient linguistic resources.,onesimus_A84A9EF3_Dec 04 output,,19.031246592940164,10.682175159905853,6.973140495867769
"You love justice and hate evil. And so, your God chose you and made you happier than any of your friends.","Fʋtekle yilebwɛ. Lalahɛbwɛ mʋ́ a, fʋtekisi. Mʋ́ sʋ fʋ Wie Bulu lada fʋ ofuli, pʋ ansigyi bʋla fʋtɔ dʋn fʋ aba.",Translation not available,onesimus_A84A9EF3_Dec 04 output,,5.522515566891383,10.682175159905853,6.973140495867769
"You plan brutal crimes, and your lying words cut like a sharp razor.","fʋdɛ lalahɛ susu. Ofunupʋ olembiapʋ, fʋ ɔdandʋ bʋ ogya fɛ ɔdayibi.","The child is crying. The mother is cooking, and the fire is burning.",onesimus_A84A9EF3_Dec 04 output,,15.310468415814329,10.682175159905853,6.973140495867769
because you protect and bless your people.,"Nana Bulu, fʋ ɩbɩtɔ nkpahɔ bʋ. Ha fʋ oyula ɩba fʋ abisʋ. Ɩya.","Nana Bulu, you are very kind. He/she also loves you very much. Yes.",gerhardt_34E1778F_output (7),,16.937564173539126,10.682175159905853,6.973140495867769
"But you see the trouble and the distress, and you will do something. The poor can count on you, and so can orphans.","Tamɛ togyitɔ ɩda fʋ ansɩtɔ, tsufɛ fʋdɛ ɩwɩɔsɩn pʋ́ ipian awunpʋ wun. Fʋtekleá fɔ́bʋa amʋ́ bregyibrɛ. Apɔnpʋ bʋtɔpʋ ansɩ dɩnka fʋsʋ, fʋtegyi awumbi bʋalɛ bregyibrɛ.","When the sun rises in the morning, we go out to the fields, and we bring the harvest home. We prepare food for the family and share it with everyone. The children play together, and the elders sit and rest.",gerhardt_34E1778F_output (7),,25.23091829762058,10.682175159905853,6.973140495867769
"Don't let lions eat me. You rescued me from the horns of wild bulls,",Lɛ mɩ tsu agyata anfɩ ɔnɔ. Tsú akpokpo anfɩ bʋbʋ ɩyɩn anfɩ nsiebi ɔnɔ.,We will go to the farm tomorrow. The children will help us with the work.,gerhardt_34E1778F_output (7),,16.22775005923994,10.682175159905853,6.973140495867769
"You love justice and hate evil. And so, your God chose you and made you happier than any of your friends.","Fʋtekle yilebwɛ. Lalahɛbwɛ mʋ́ a, fʋtekisi. Mʋ́ sʋ fʋ Wie Bulu lada fʋ ofuli, pʋ ansigyi bʋla fʋtɔ dʋn fʋ aba.",Translation not available,gerhardt_34E1778F_output (7),,5.522515566891383,10.682175159905853,6.973140495867769
"You plan brutal crimes, and your lying words cut like a sharp razor.","fʋdɛ lalahɛ susu. Ofunupʋ olembiapʋ, fʋ ɔdandʋ bʋ ogya fɛ ɔdayibi.","The child is crying. The rain falls, and the fire burns the house.",gerhardt_34E1778F_output (7),,17.58791627700223,10.682175159905853,6.973140495867769
Then kings will bring gifts to your temple in Jerusalem.,Fʋ ɔtswɛkpa ánɩ́ ɩbʋ Yerusalem sʋ awie bʋtekie fʋ atɔ.,He went to Jerusalem and then returned home.,output-onesimus_003,0.36761883,24.097097323328516,10.682175159905853,6.973140495867769
Your vicious waves have swept over me like an angry ocean or a roaring waterfall.,"Faha ntsu labʋla wa mɩ, fɛ ntsuá ɩbʋ oklu dɛda, ntɛ ntsu bʋlahɛá ɩdɛkpayi ɔwʋnlɩnsʋ.","If you drink dirty water, you will become sick; clean water is good for health.",output-onesimus_003,0.15527144,19.173652693933175,10.682175159905853,6.973140495867769
"I will praise you, Lord, and I will honor you among the nations.","Oo Nana Bulu, ɩnɩ sʋ nɛ́kanfʋ fʋ ɔmá-ɔmá ansɩtɔ. Nɔ́wa ɩlʋ kanfʋ fʋ ɩda.","Oh Nana Bulu, you have come again to the big house. Now we will go to the market.",output-onesimus_003,0.20999148,16.99549062517873,10.682175159905853,6.973140495867769
"“Just look at them now! Instead of trusting God, they trusted their wealth and their cruelty.”","“Kɩ, ntɔ dɛ ɔha yinhɛ anfɩ bwɛ? Ɔtamasrɩ tanʋ Bulu, ɩnyasʋ ɔlɔpʋ ansɩ dɩnka, pʋ atonyahɛ bwɛ mʋ ɔtanʋkpa.”","I’m sorry, but I don’t have enough knowledge of Nkonya to provide an accurate translation.",output-onesimus_003,0.10158205,15.143119747066677,10.682175159905853,6.973140495867769
"When my enemies face you, they run away and stumble and are destroyed.","Mɩ alupʋ bowun fʋ bʋteyinki ɔma, dɩda wu,",Unable to translate the provided text due to lack of knowledge of the Nkonya language.,output-onesimus_003,0.09595259,17.08303193355724,10.682175159905853,6.973140495867769
because you protect and bless your people.,"Nana Bulu, fʋ ɩbɩtɔ nkpahɔ bʋ. Ha fʋ oyula ɩba fʋ abisʋ. Ɩya.","Nana Bulu, you are a good person. He/she will be praised. Yes.",output_JA-5,,16.352441641331442,10.682175159905853,6.973140495867769
"But you see the trouble and the distress, and you will do something. The poor can count on you, and so can orphans.","Tamɛ togyitɔ ɩda fʋ ansɩtɔ, tsufɛ fʋdɛ ɩwɩɔsɩn pʋ́ ipian awunpʋ wun. Fʋtekleá fɔ́bʋa amʋ́ bregyibrɛ. Apɔnpʋ bʋtɔpʋ ansɩ dɩnka fʋsʋ, fʋtegyi awumbi bʋalɛ bregyibrɛ.","When the sun rises in the east, the light spreads across the fields, bringing warmth to the people and the animals. The farmers then begin their work in the fields, planting seeds and caring for the crops. In the evening, the community gathers together, sharing food and stories under the stars.",output_JA-5,,22.572446724156542,10.682175159905853,6.973140495867769
"Don't let lions eat me. You rescued me from the horns of wild bulls,",Lɛ mɩ tsu agyata anfɩ ɔnɔ. Tsú akpokpo anfɩ bʋbʋ ɩyɩn anfɩ nsiebi ɔnɔ.,The child does not know the fire. The fire burns both the house and the forest.,output_JA-5,,21.057925045049025,10.682175159905853,6.973140495867769
"You love justice and hate evil. And so, your God chose you and made you happier than any of your friends.","Fʋtekle yilebwɛ. Lalahɛbwɛ mʋ́ a, fʋtekisi. Mʋ́ sʋ fʋ Wie Bulu lada fʋ ofuli, pʋ ansigyi bʋla fʋtɔ dʋn fʋ aba.",Translation not available,output_JA-5,,5.522515566891383,10.682175159905853,6.973140495867769
"You plan brutal crimes, and your lying words cut like a sharp razor.","fʋdɛ lalahɛ susu. Ofunupʋ olembiapʋ, fʋ ɔdandʋ bʋ ogya fɛ ɔdayibi.","We will eat rice. The children are playing, we will go to the market tomorrow.",output_JA-5,,15.433900531769298,10.682175159905853,6.973140495867769
because you protect and bless your people.,"Nana Bulu, fʋ ɩbɩtɔ nkpahɔ bʋ. Ha fʋ oyula ɩba fʋ abisʋ. Ɩya.","​Nana Bulu, you are very kind. He/she will give you something. Thank you.​",john_86344B85_output (7),,15.951177903397074,10.682175159905853,6.973140495867769
"But you see the trouble and the distress, and you will do something. The poor can count on you, and so can orphans.","Tamɛ togyitɔ ɩda fʋ ansɩtɔ, tsufɛ fʋdɛ ɩwɩɔsɩn pʋ́ ipian awunpʋ wun. Fʋtekleá fɔ́bʋa amʋ́ bregyibrɛ. Apɔnpʋ bʋtɔpʋ ansɩ dɩnka fʋsʋ, fʋtegyi awumbi bʋalɛ bregyibrɛ.","When the sun rises in the morning, the children go out to fetch water, and they work hard to bring it back to the house. They then prepare food for the family. The elders sit together and discuss matters, while the younger ones help with the chores.",john_86344B85_output (7),,24.500686526610842,10.682175159905853,6.973140495867769
"Don't let lions eat me. You rescued me from the horns of wild bulls,",Lɛ mɩ tsu agyata anfɩ ɔnɔ. Tsú akpokpo anfɩ bʋbʋ ɩyɩn anfɩ nsiebi ɔnɔ.,We must work together and help each other.,john_86344B85_output (7),,11.490500244545009,10.682175159905853,6.973140495867769
"You love justice and hate evil. And so, your God chose you and made you happier than any of your friends.","Fʋtekle yilebwɛ. Lalahɛbwɛ mʋ́ a, fʋtekisi. Mʋ́ sʋ fʋ Wie Bulu lada fʋ ofuli, pʋ ansigyi bʋla fʋtɔ dʋn fʋ aba.","We are grateful. If you are happy, be grateful. We will go to Bulu and then return, so that we may be together again.",john_86344B85_output (7),,18.171173754940924,10.682175159905853,6.973140495867769
"You plan brutal crimes, and your lying words cut like a sharp razor.","fʋdɛ lalahɛ susu. Ofunupʋ olembiapʋ, fʋ ɔdandʋ bʋ ogya fɛ ɔdayibi.","We will eat rice. The farmer works, and we will go to the market tomorrow.",john_86344B85_output (7),,16.592820838207064,10.682175159905853,6.973140495867769
because you protect and bless your people.,"Nana Bulu, fʋ ɩbɩtɔ nkpahɔ bʋ. Ha fʋ oyula ɩba fʋ abisʋ. Ɩya.","Nana Bulu, you are very kind. He/she will give you a gift. That's all.",output_JA-1,,15.098176252182249,10.682175159905853,6.973140495867769
"But you see the trouble and the distress, and you will do something. The poor can count on you, and so can orphans.","Tamɛ togyitɔ ɩda fʋ ansɩtɔ, tsufɛ fʋdɛ ɩwɩɔsɩn pʋ́ ipian awunpʋ wun. Fʋtekleá fɔ́bʋa amʋ́ bregyibrɛ. Apɔnpʋ bʋtɔpʋ ansɩ dɩnka fʋsʋ, fʋtegyi awumbi bʋalɛ bregyibrɛ.","When the day begins, the people gather together, and they work hard to build their homes. They plant crops and tend the fields, and they share the harvest with the whole community.",output_JA-1,,24.983463524163486,10.682175159905853,6.973140495867769
"Don't let lions eat me. You rescued me from the horns of wild bulls,",Lɛ mɩ tsu agyata anfɩ ɔnɔ. Tsú akpokpo anfɩ bʋbʋ ɩyɩn anfɩ nsiebi ɔnɔ.,The child does not know the fire; the fire burns both the skin and the house.,output_JA-1,,19.698986218893907,10.682175159905853,6.973140495867769
"You love justice and hate evil. And so, your God chose you and made you happier than any of your friends.","Fʋtekle yilebwɛ. Lalahɛbwɛ mʋ́ a, fʋtekisi. Mʋ́ sʋ fʋ Wie Bulu lada fʋ ofuli, pʋ ansigyi bʋla fʋtɔ dʋn fʋ aba.",,output_JA-1,,,10.682175159905853,6.973140495867769
"You plan brutal crimes, and your lying words cut like a sharp razor.","fʋdɛ lalahɛ susu. Ofunupʋ olembiapʋ, fʋ ɔdandʋ bʋ ogya fɛ ɔdayibi.","The child is crying. The mother is cooking, the fire is hot and the water is boiling.",output_JA-1,,15.173774483045971,10.682175159905853,6.973140495867769
because you protect and bless your people.,"Nana Bulu, fʋ ɩbɩtɔ nkpahɔ bʋ. Ha fʋ oyula ɩba fʋ abisʋ. Ɩya.","**Nana Bulu, you are very kind. He/she will give you something. Thank you.**",Dec 05 output,,15.796098797298622,10.682175159905853,6.973140495867769
"But you see the trouble and the distress, and you will do something. The poor can count on you, and so can orphans.","Tamɛ togyitɔ ɩda fʋ ansɩtɔ, tsufɛ fʋdɛ ɩwɩɔsɩn pʋ́ ipian awunpʋ wun. Fʋtekleá fɔ́bʋa amʋ́ bregyibrɛ. Apɔnpʋ bʋtɔpʋ ansɩ dɩnka fʋsʋ, fʋtegyi awumbi bʋalɛ bregyibrɛ.","When the sun rises in the morning, the children go out to fetch water, bringing it back to the house. They then help with the chores. The elders sit together and talk, while the women prepare the food.",Dec 05 output,,22.193530458066153,10.682175159905853,6.973140495867769
"Don't let lions eat me. You rescued me from the horns of wild bulls,",Lɛ mɩ tsu agyata anfɩ ɔnɔ. Tsú akpokpo anfɩ bʋbʋ ɩyɩn anfɩ nsiebi ɔnɔ.,We will go to the farm today. The children will help us plant the crops.,Dec 05 output,,15.675987166348406,10.682175159905853,6.973140495867769
"You love justice and hate evil. And so, your God chose you and made you happier than any of your friends.","Fʋtekle yilebwɛ. Lalahɛbwɛ mʋ́ a, fʋtekisi. Mʋ́ sʋ fʋ Wie Bulu lada fʋ ofuli, pʋ ansigyi bʋla fʋtɔ dʋn fʋ aba.","We are grateful. If you help us, we will be grateful. We will go to Bulu to fetch water, and then we will return.",Dec 05 output,,15.002881647546815,10.682175159905853,6.973140495867769
"You plan brutal crimes, and your lying words cut like a sharp razor.","fʋdɛ lalahɛ susu. Ofunupʋ olembiapʋ, fʋ ɔdandʋ bʋ ogya fɛ ɔdayibi.","The child is crying. The mother is cooking, and the fire is burning.",Dec 05 output,,15.310468415814329,10.682175159905853,6.973140495867769
because you protect and bless your people.,"Nana Bulu, fʋ ɩbɩtɔ nkpahɔ bʋ. Ha fʋ oyula ɩba fʋ abisʋ. Ɩya.",The translation could not be provided due to insufficient knowledge of the Nkonya language.,onesimus_C968674F_Dec 07 output,,15.486148349406703,10.682175159905853,6.973140495867769
"But you see the trouble and the distress, and you will do something. The poor can count on you, and so can orphans.","Tamɛ togyitɔ ɩda fʋ ansɩtɔ, tsufɛ fʋdɛ ɩwɩɔsɩn pʋ́ ipian awunpʋ wun. Fʋtekleá fɔ́bʋa amʋ́ bregyibrɛ. Apɔnpʋ bʋtɔpʋ ansɩ dɩnka fʋsʋ, fʋtegyi awumbi bʋalɛ bregyibrɛ.","The child went to the market early in the morning, bought some millet and cooked it for his family. He also fetched water from the well. Later he returned home and shared the millet with his siblings.",onesimus_C968674F_Dec 07 output,,22.513288633637522,10.682175159905853,6.973140495867769
"Don't let lions eat me. You rescued me from the horns of wild bulls,",Lɛ mɩ tsu agyata anfɩ ɔnɔ. Tsú akpokpo anfɩ bʋbʋ ɩyɩn anfɩ nsiebi ɔnɔ.,"I'm sorry, but I cannot provide a translation for this text.",onesimus_C968674F_Dec 07 output,,14.279509181939881,10.682175159905853,6.973140495867769
"You love justice and hate evil. And so, your God chose you and made you happier than any of your friends.","Fʋtekle yilebwɛ. Lalahɛbwɛ mʋ́ a, fʋtekisi. Mʋ́ sʋ fʋ Wie Bulu lada fʋ ofuli, pʋ ansigyi bʋla fʋtɔ dʋn fʋ aba.",Translation not available,onesimus_C968674F_Dec 07 output,,5.522515566891383,10.682175159905853,6.973140495867769
"You plan brutal crimes, and your lying words cut like a sharp razor.","fʋdɛ lalahɛ susu. Ofunupʋ olembiapʋ, fʋ ɔdandʋ bʋ ogya fɛ ɔdayibi.","The child is crying. The mother is cooking, we will go to the fire to fetch water.",onesimus_C968674F_Dec 07 output,,12.715175010993235,10.682175159905853,6.973140495867769
because you protect and bless your people.,"Nana Bulu, fʋ ɩbɩtɔ nkpahɔ bʋ. Ha fʋ oyula ɩba fʋ abisʋ. Ɩya.","Nana Bulu, you are very kind. He/she will be praised.",john_C52DEBBB_output (10),,14.737358154238702,10.682175159905853,6.973140495867769
"But you see the trouble and the distress, and you will do something. The poor can count on you, and so can orphans.","Tamɛ togyitɔ ɩda fʋ ansɩtɔ, tsufɛ fʋdɛ ɩwɩɔsɩn pʋ́ ipian awunpʋ wun. Fʋtekleá fɔ́bʋa amʋ́ bregyibrɛ. Apɔnpʋ bʋtɔpʋ ansɩ dɩnka fʋsʋ, fʋtegyi awumbi bʋalɛ bregyibrɛ.","When the sun rises in the morning, the rooster crows loudly to wake the village. The children go to the fields to help with the harvest. Later they return home and share the food together.",john_C52DEBBB_output (10),,22.137861047358438,10.682175159905853,6.973140495867769
"Don't let lions eat me. You rescued me from the horns of wild bulls,",Lɛ mɩ tsu agyata anfɩ ɔnɔ. Tsú akpokpo anfɩ bʋbʋ ɩyɩn anfɩ nsiebi ɔnɔ.,"We will go tomorrow, and the children will be at home.",john_C52DEBBB_output (10),,18.145991553788363,10.682175159905853,6.973140495867769
"You love justice and hate evil. And so, your God chose you and made you happier than any of your friends.","Fʋtekle yilebwɛ. Lalahɛbwɛ mʋ́ a, fʋtekisi. Mʋ́ sʋ fʋ Wie Bulu lada fʋ ofuli, pʋ ansigyi bʋla fʋtɔ dʋn fʋ aba.","We will go tomorrow. The children are playing, they are happy. We will meet at the river after the rain, then we will go home.",john_C52DEBBB_output (10),,14.773262906734175,10.682175159905853,6.973140495867769
"You plan brutal crimes, and your lying words cut like a sharp razor.","fʋdɛ lalahɛ susu. Ofunupʋ olembiapʋ, fʋ ɔdandʋ bʋ ogya fɛ ɔdayibi.","We have no water. The fire is hot, we must put it out.",john_C52DEBBB_output (10),,10.061079835555567,10.682175159905853,6.973140495867769
"My enemies whisper about me. They think the worst,","Mɩ alupʋ amʋ fɛ́ɛ́ bʋtetsii mɩ, blɩ mɩ ɩwɩ asʋn bɛɛ,","I’m sorry, but I don’t know how to translate that text.",output_datgerhardt,0.1028669,12.175349839424369,10.682175159905853,6.973140495867769
All who hate me are controlled by the power of evil. Sentence them to death and send them down alive to the world of the dead.,"Mɩ alupʋ lowu ifwie amʋ́tɔ. Bʋyɔ afulitɔ amʋ́ ansɩ bʋya, tsufɛ lalahɛ labʋla amʋ́ woyi pʋ́ amʋ́ klʋntɔ.",I'll go there tomorrow to the market. They bring the food and then sell it at the market.,output_datgerhardt,-0.01710679,20.642940997309722,10.682175159905853,6.973140495867769
"You are faithful, and I trust you because you rescued me.","Napʋ mɩ ɔŋɛ wa fʋ ɩbɩtɔ. Oo! Nana Bulu, Bulu Ɔnɔkwalɩpʋ, fahɔ mɩ.","I cannot go to the market. Oh! Chief Bulu, Bulu the leader, help me.",output_datgerhardt,0.10025329,14.132717091283906,10.682175159905853,6.973140495867769
"Make everyone praise you, God, and shout your praises.","Oo Bulu, ha ɔmá-ɔmá abʋkanfʋ fʋ. Ha ɔmá fɛ́ɛ́ abʋkanfʋ fʋ!","Oh Bulu, please give us a child. Please give us a child!",output_datgerhardt,0.1860472,10.949521779622835,10.682175159905853,6.973140495867769
"Open the ancient gates, so that the glorious king may come in.","Bulu ɔtswɛkpa aklʋn, mlɩfinki. Bɩmbɩ ɔpá aklʋn, mlɩfinki ɩwɩ, Numnyam Owie obitiwie.","I’m sorry, but I don’t have enough information to translate this Nkonya text.",output_datgerhardt,0.20523378,18.705176934918292,10.682175159905853,6.973140495867769
because you protect and bless your people.,"Nana Bulu, fʋ ɩbɩtɔ nkpahɔ bʋ. Ha fʋ oyula ɩba fʋ abisʋ. Ɩya.","Nana Bulu, you are a good person. He will give you something. Yes.",gerhardt_62CB5CC1_output (4),,17.87674326022116,10.682175159905853,6.973140495867769
"But you see the trouble and the distress, and you will do something. The poor can count on you, and so can orphans.","Tamɛ togyitɔ ɩda fʋ ansɩtɔ, tsufɛ fʋdɛ ɩwɩɔsɩn pʋ́ ipian awunpʋ wun. Fʋtekleá fɔ́bʋa amʋ́ bregyibrɛ. Apɔnpʋ bʋtɔpʋ ansɩ dɩnka fʋsʋ, fʋtegyi awumbi bʋalɛ bregyibrɛ.","When the sun rises in the east, the children go to the fields to work. They bring back the harvest and share it with the family. The elders sit together and tell stories, and the community lives in harmony.",gerhardt_62CB5CC1_output (4),,23.93471409236927,10.682175159905853,6.973140495867769
"Don't let lions eat me. You rescued me from the horns of wild bulls,",Lɛ mɩ tsu agyata anfɩ ɔnɔ. Tsú akpokpo anfɩ bʋbʋ ɩyɩn anfɩ nsiebi ɔnɔ.,The translation could not be provided due to insufficient knowledge of the Nkonya language.,gerhardt_62CB5CC1_output (4),,18.00243863044099,10.682175159905853,6.973140495867769
"You love justice and hate evil. And so, your God chose you and made you happier than any of your friends.","Fʋtekle yilebwɛ. Lalahɛbwɛ mʋ́ a, fʋtekisi. Mʋ́ sʋ fʋ Wie Bulu lada fʋ ofuli, pʋ ansigyi bʋla fʋtɔ dʋn fʋ aba.","We are going to the market. The children are there, waiting. They will go to the river to fetch water, then return home after the work is done.",gerhardt_62CB5CC1_output (4),,14.857619559966059,10.682175159905853,6.973140495867769
"You plan brutal crimes, and your lying words cut like a sharp razor.","fʋdɛ lalahɛ susu. Ofunupʋ olembiapʋ, fʋ ɔdandʋ bʋ ogya fɛ ɔdayibi.","I will eat rice. The children are playing, I will go home after work.",gerhardt_62CB5CC1_output (4),,15.894271405277696,10.682175159905853,6.973140495867769
because you protect and bless your people.,"Nana Bulu, fʋ ɩbɩtɔ nkpahɔ bʋ. Ha fʋ oyula ɩba fʋ abisʋ. Ɩya.","**Nana Bulu, you are very kind. He/she will help you.**",Dec 04 output,,13.716383544370911,10.682175159905853,6.973140495867769
"But you see the trouble and the distress, and you will do something. The poor can count on you, and so can orphans.","Tamɛ togyitɔ ɩda fʋ ansɩtɔ, tsufɛ fʋdɛ ɩwɩɔsɩn pʋ́ ipian awunpʋ wun. Fʋtekleá fɔ́bʋa amʋ́ bregyibrɛ. Apɔnpʋ bʋtɔpʋ ansɩ dɩnka fʋsʋ, fʋtegyi awumbi bʋalɛ bregyibrɛ.","When the day begins, the people gather together, and they speak about the work they have done. They share food and drink with each other. The elders sit and listen, and they give advice to the younger ones.",Dec 04 output,,25.283545994032814,10.682175159905853,6.973140495867769
"Don't let lions eat me. You rescued me from the horns of wild bulls,",Lɛ mɩ tsu agyata anfɩ ɔnɔ. Tsú akpokpo anfɩ bʋbʋ ɩyɩn anfɩ nsiebi ɔnɔ.,The translation could not be determined due to insufficient linguistic resources.,Dec 04 output,,19.031246592940164,10.682175159905853,6.973140495867769
"You love justice and hate evil. And so, your God chose you and made you happier than any of your friends.","Fʋtekle yilebwɛ. Lalahɛbwɛ mʋ́ a, fʋtekisi. Mʋ́ sʋ fʋ Wie Bulu lada fʋ ofuli, pʋ ansigyi bʋla fʋtɔ dʋn fʋ aba.",Translation not available,Dec 04 output,,5.522515566891383,10.682175159905853,6.973140495867769
"You plan brutal crimes, and your lying words cut like a sharp razor.","fʋdɛ lalahɛ susu. Ofunupʋ olembiapʋ, fʋ ɔdandʋ bʋ ogya fɛ ɔdayibi.","The child is crying. The mother is cooking, and the fire is burning.",Dec 04 output,,15.310468415814329,10.682175159905853,6.973140495867769
because you protect and bless your people.,"Nana Bulu, fʋ ɩbɩtɔ nkpahɔ bʋ. Ha fʋ oyula ɩba fʋ abisʋ. Ɩya.",The translation is not available.,gerhardt_676E558A_output (6),,11.70584866979175,10.682175159905853,6.973140495867769
"But you see the trouble and the distress, and you will do something. The poor can count on you, and so can orphans.","Tamɛ togyitɔ ɩda fʋ ansɩtɔ, tsufɛ fʋdɛ ɩwɩɔsɩn pʋ́ ipian awunpʋ wun. Fʋtekleá fɔ́bʋa amʋ́ bregyibrɛ. Apɔnpʋ bʋtɔpʋ ansɩ dɩnka fʋsʋ, fʋtegyi awumbi bʋalɛ bregyibrɛ.","When the fire burns the house, the smoke rises and spreads everywhere. Those who do not help are considered foolish. A child who does not listen will be scolded, and the elders will be angry.",gerhardt_676E558A_output (6),,23.94514938350612,10.682175159905853,6.973140495867769
"Don't let lions eat me. You rescued me from the horns of wild bulls,",Lɛ mɩ tsu agyata anfɩ ɔnɔ. Tsú akpokpo anfɩ bʋbʋ ɩyɩn anfɩ nsiebi ɔnɔ.,The sun rises in the east. The river flows gently through the valley.,gerhardt_676E558A_output (6),,14.50700285675907,10.682175159905853,6.973140495867769
"You love justice and hate evil. And so, your God chose you and made you happier than any of your friends.","Fʋtekle yilebwɛ. Lalahɛbwɛ mʋ́ a, fʋtekisi. Mʋ́ sʋ fʋ Wie Bulu lada fʋ ofuli, pʋ ansigyi bʋla fʋtɔ dʋn fʋ aba.","We are grateful. If you are, we thank you. We will go to Bulu to ask for help, and then we will return home.",gerhardt_676E558A_output (6),,17.360906356861484,10.682175159905853,6.973140495867769
"You plan brutal crimes, and your lying words cut like a sharp razor.","fʋdɛ lalahɛ susu. Ofunupʋ olembiapʋ, fʋ ɔdandʋ bʋ ogya fɛ ɔdayibi.","The child is crying. The mother is cooking, and we will go to the fire to fetch water.",gerhardt_676E558A_output (6),,15.194238590272246,10.682175159905853,6.973140495867769
because you protect and bless your people.,"Nana Bulu, fʋ ɩbɩtɔ nkpahɔ bʋ. Ha fʋ oyula ɩba fʋ abisʋ. Ɩya.","Nana Bulu, you are very strong. He/she will be successful. That's all.",gerhardt_107423D8_output (9),,15.714578165238013,10.682175159905853,6.973140495867769
"But you see the trouble and the distress, and you will do something. The poor can count on you, and so can orphans.","Tamɛ togyitɔ ɩda fʋ ansɩtɔ, tsufɛ fʋdɛ ɩwɩɔsɩn pʋ́ ipian awunpʋ wun. Fʋtekleá fɔ́bʋa amʋ́ bregyibrɛ. Apɔnpʋ bʋtɔpʋ ansɩ dɩnka fʋsʋ, fʋtegyi awumbi bʋalɛ bregyibrɛ.","The sun rose and the day began, the people gathered together in the village square. They worked hard to harvest the crops. The elders taught the children the stories, and they sang the traditional songs.",gerhardt_107423D8_output (9),,26.101247037614062,10.682175159905853,6.973140495867769
"Don't let lions eat me. You rescued me from the horns of wild bulls,",Lɛ mɩ tsu agyata anfɩ ɔnɔ. Tsú akpokpo anfɩ bʋbʋ ɩyɩn anfɩ nsiebi ɔnɔ.,We will eat the food now. Bring the water and the firewood today.,gerhardt_107423D8_output (9),,15.049034477779818,10.682175159905853,6.973140495867769
"You love justice and hate evil. And so, your God chose you and made you happier than any of your friends.","Fʋtekle yilebwɛ. Lalahɛbwɛ mʋ́ a, fʋtekisi. Mʋ́ sʋ fʋ Wie Bulu lada fʋ ofuli, pʋ ansigyi bʋla fʋtɔ dʋn fʋ aba.",Translation not available,gerhardt_107423D8_output (9),,5.522515566891383,10.682175159905853,6.973140495867769
"You plan brutal crimes, and your lying words cut like a sharp razor.","fʋdɛ lalahɛ susu. Ofunupʋ olembiapʋ, fʋ ɔdandʋ bʋ ogya fɛ ɔdayibi.","The child is crying. The mother is cooking, and the father is working with fire.",gerhardt_107423D8_output (9),,16.835779357557232,10.682175159905853,6.973140495867769
because you protect and bless your people.,"Nana Bulu, fʋ ɩbɩtɔ nkpahɔ bʋ. Ha fʋ oyula ɩba fʋ abisʋ. Ɩya.","​Nana Bulu, you are the head of the household. He/she will give you something. Yes.",gerhardt_E4F773B6_output (3),,16.623721150243977,10.682175159905853,6.973140495867769
"But you see the trouble and the distress, and you will do something. The poor can count on you, and so can orphans.","Tamɛ togyitɔ ɩda fʋ ansɩtɔ, tsufɛ fʋdɛ ɩwɩɔsɩn pʋ́ ipian awunpʋ wun. Fʋtekleá fɔ́bʋa amʋ́ bregyibrɛ. Apɔnpʋ bʋtɔpʋ ansɩ dɩnka fʋsʋ, fʋtegyi awumbi bʋalɛ bregyibrɛ.","The child went out to the field and worked until evening, then returned home to rest. He prepared food for the family and shared it with everyone. The mother cooked rice and beans, and they all ate together.",gerhardt_E4F773B6_output (3),,27.11643181864642,10.682175159905853,6.973140495867769
"Don't let lions eat me. You rescued me from the horns of wild bulls,",Lɛ mɩ tsu agyata anfɩ ɔnɔ. Tsú akpokpo anfɩ bʋbʋ ɩyɩn anfɩ nsiebi ɔnɔ.,The child is playing with the ball. The dog is barking loudly.,gerhardt_E4F773B6_output (3),,12.0624257217001,10.682175159905853,6.973140495867769
"You love justice and hate evil. And so, your God chose you and made you happier than any of your friends.","Fʋtekle yilebwɛ. Lalahɛbwɛ mʋ́ a, fʋtekisi. Mʋ́ sʋ fʋ Wie Bulu lada fʋ ofuli, pʋ ansigyi bʋla fʋtɔ dʋn fʋ aba.",Unable to translate,gerhardt_E4F773B6_output (3),,4.68868771476285,10.682175159905853,6.973140495867769
"You plan brutal crimes, and your lying words cut like a sharp razor.","fʋdɛ lalahɛ susu. Ofunupʋ olembiapʋ, fʋ ɔdandʋ bʋ ogya fɛ ɔdayibi.","We will eat rice. The children are playing, and we will go to the market tomorrow.",gerhardt_E4F773B6_output (3),,17.902052627477342,10.682175159905853,6.973140495867769
because you protect and bless your people.,"Nana Bulu, fʋ ɩbɩtɔ nkpahɔ bʋ. Ha fʋ oyula ɩba fʋ abisʋ. Ɩya.",The translation is not available.,john_B0DBB2CB_output (4),,11.70584866979175,10.682175159905853,6.973140495867769
"But you see the trouble and the distress, and you will do something. The poor can count on you, and so can orphans.","Tamɛ togyitɔ ɩda fʋ ansɩtɔ, tsufɛ fʋdɛ ɩwɩɔsɩn pʋ́ ipian awunpʋ wun. Fʋtekleá fɔ́bʋa amʋ́ bregyibrɛ. Apɔnpʋ bʋtɔpʋ ansɩ dɩnka fʋsʋ, fʋtegyi awumbi bʋalɛ bregyibrɛ.","When the day begins, the light spreads over the fields and the people start their work. The farmer harvests the crops and prepares the food, while the children play and the elders rest.",john_B0DBB2CB_output (4),,21.737055165158562,10.682175159905853,6.973140495867769
"Don't let lions eat me. You rescued me from the horns of wild bulls,",Lɛ mɩ tsu agyata anfɩ ɔnɔ. Tsú akpokpo anfɩ bʋbʋ ɩyɩn anfɩ nsiebi ɔnɔ.,We are going to the farm today. The men will work there.,john_B0DBB2CB_output (4),,14.877118526442947,10.682175159905853,6.973140495867769
"You love justice and hate evil. And so, your God chose you and made you happier than any of your friends.","Fʋtekle yilebwɛ. Lalahɛbwɛ mʋ́ a, fʋtekisi. Mʋ́ sʋ fʋ Wie Bulu lada fʋ ofuli, pʋ ansigyi bʋla fʋtɔ dʋn fʋ aba.",Unable to translate,john_B0DBB2CB_output (4),,4.68868771476285,10.682175159905853,6.973140495867769
"You plan brutal crimes, and your lying words cut like a sharp razor.","fʋdɛ lalahɛ susu. Ofunupʋ olembiapʋ, fʋ ɔdandʋ bʋ ogya fɛ ɔdayibi.","The child is crying. The mother is weeping, and the fire burns the house.",john_B0DBB2CB_output (4),,15.68505016867724,10.682175159905853,6.973140495867769
because you protect and bless your people.,"Nana Bulu, fʋ ɩbɩtɔ nkpahɔ bʋ. Ha fʋ oyula ɩba fʋ abisʋ. Ɩya.",Translation not available,gerhardt_E32D1C1E_output_mzX2S5,,9.589936198451285,10.682175159905853,6.973140495867769
"But you see the trouble and the distress, and you will do something. The poor can count on you, and so can orphans.","Tamɛ togyitɔ ɩda fʋ ansɩtɔ, tsufɛ fʋdɛ ɩwɩɔsɩn pʋ́ ipian awunpʋ wun. Fʋtekleá fɔ́bʋa amʋ́ bregyibrɛ. Apɔnpʋ bʋtɔpʋ ansɩ dɩnka fʋsʋ, fʋtegyi awumbi bʋalɛ bregyibrɛ.","When the day begins, the people gather at the river to fetch water. They work together to build the house. The children play while the elders rest, and the women prepare food.",gerhardt_E32D1C1E_output_mzX2S5,,22.940858926453974,10.682175159905853,6.973140495867769
"Don't let lions eat me. You rescued me from the horns of wild bulls,",Lɛ mɩ tsu agyata anfɩ ɔnɔ. Tsú akpokpo anfɩ bʋbʋ ɩyɩn anfɩ nsiebi ɔnɔ.,We will go to the farm tomorrow. The rain will fall on the fields and the crops will grow.,gerhardt_E32D1C1E_output_mzX2S5,,16.34704282452332,10.682175159905853,6.973140495867769
"You love justice and hate evil. And so, your God chose you and made you happier than any of your friends.","Fʋtekle yilebwɛ. Lalahɛbwɛ mʋ́ a, fʋtekisi. Mʋ́ sʋ fʋ Wie Bulu lada fʋ ofuli, pʋ ansigyi bʋla fʋtɔ dʋn fʋ aba.","The sun is shining. The moon is also bright. We go to the market to buy food, then we return home for dinner.",gerhardt_E32D1C1E_output_mzX2S5,,13.096533014579032,10.682175159905853,6.973140495867769
"You plan brutal crimes, and your lying words cut like a sharp razor.","fʋdɛ lalahɛ susu. Ofunupʋ olembiapʋ, fʋ ɔdandʋ bʋ ogya fɛ ɔdayibi.","We will eat rice. The children are playing, and we will go to the market tomorrow.",gerhardt_E32D1C1E_output_mzX2S5,,17.902052627477342,10.682175159905853,6.973140495867769
because you protect and bless your people.,"Nana Bulu, fʋ ɩbɩtɔ nkpahɔ bʋ. Ha fʋ oyula ɩba fʋ abisʋ. Ɩya.","Nana Bulu, you are very kind. He/she loves you. Thank you.",gerhardt_145C11AE_output (2),,16.260290332011248,10.682175159905853,6.973140495867769
"But you see the trouble and the distress, and you will do something. The poor can count on you, and so can orphans.","Tamɛ togyitɔ ɩda fʋ ansɩtɔ, tsufɛ fʋdɛ ɩwɩɔsɩn pʋ́ ipian awunpʋ wun. Fʋtekleá fɔ́bʋa amʋ́ bregyibrɛ. Apɔnpʋ bʋtɔpʋ ansɩ dɩnka fʋsʋ, fʋtegyi awumbi bʋalɛ bregyibrɛ.","The child will go to school tomorrow, and the mother will cook rice for the family. They will eat together in the evening. The father works hard every day, and the children play together.",gerhardt_145C11AE_output (2),,24.302010694117477,10.682175159905853,6.973140495867769
"Don't let lions eat me. You rescued me from the horns of wild bulls,",Lɛ mɩ tsu agyata anfɩ ɔnɔ. Tsú akpokpo anfɩ bʋbʋ ɩyɩn anfɩ nsiebi ɔnɔ.,The sun rises in the east. The river flows gently through the valley.,gerhardt_145C11AE_output (2),,14.50700285675907,10.682175159905853,6.973140495867769
"You love justice and hate evil. And so, your God chose you and made you happier than any of your friends.","Fʋtekle yilebwɛ. Lalahɛbwɛ mʋ́ a, fʋtekisi. Mʋ́ sʋ fʋ Wie Bulu lada fʋ ofuli, pʋ ansigyi bʋla fʋtɔ dʋn fʋ aba.","We are grateful. If you are there, thank you. We will go to Bulu to ask for help, and then we will return home.",gerhardt_145C11AE_output (2),,17.43547019792972,10.682175159905853,6.973140495867769
"You plan brutal crimes, and your lying words cut like a sharp razor.","fʋdɛ lalahɛ susu. Ofunupʋ olembiapʋ, fʋ ɔdandʋ bʋ ogya fɛ ɔdayibi.","The child is crying. The mother is cooking, and the father is working in the field.",gerhardt_145C11AE_output (2),,15.832567491619201,10.682175159905853,6.973140495867769
because you protect and bless your people.,"Nana Bulu, fʋ ɩbɩtɔ nkpahɔ bʋ. Ha fʋ oyula ɩba fʋ abisʋ. Ɩya.","​Nana Bulu, you are very kind. He/she will give you something tomorrow. Thank you.​",gerhardt_087BEB88_output_loRIsq,,16.136589136380056,10.682175159905853,6.973140495867769
"But you see the trouble and the distress, and you will do something. The poor can count on you, and so can orphans.","Tamɛ togyitɔ ɩda fʋ ansɩtɔ, tsufɛ fʋdɛ ɩwɩɔsɩn pʋ́ ipian awunpʋ wun. Fʋtekleá fɔ́bʋa amʋ́ bregyibrɛ. Apɔnpʋ bʋtɔpʋ ansɩ dɩnka fʋsʋ, fʋtegyi awumbi bʋalɛ bregyibrɛ.","When the sun rises, the children go to the river to fetch water, and they return with it to the village. They wash the clothes and dry them on the rocks. The elders sit together and talk, while the women prepare the food.",gerhardt_087BEB88_output_loRIsq,,23.437971372864258,10.682175159905853,6.973140495867769
"Don't let lions eat me. You rescued me from the horns of wild bulls,",Lɛ mɩ tsu agyata anfɩ ɔnɔ. Tsú akpokpo anfɩ bʋbʋ ɩyɩn anfɩ nsiebi ɔnɔ.,I will go to the market tomorrow. The children will play in the field after school.,gerhardt_087BEB88_output_loRIsq,,17.174568438595717,10.682175159905853,6.973140495867769
"You love justice and hate evil. And so, your God chose you and made you happier than any of your friends.","Fʋtekle yilebwɛ. Lalahɛbwɛ mʋ́ a, fʋtekisi. Mʋ́ sʋ fʋ Wie Bulu lada fʋ ofuli, pʋ ansigyi bʋla fʋtɔ dʋn fʋ aba.","We are going home. If you are tired, rest. We will go to the market tomorrow to buy food, and then we will return.",gerhardt_087BEB88_output_loRIsq,,15.343179590603468,10.682175159905853,6.973140495867769
"You plan brutal crimes, and your lying words cut like a sharp razor.","fʋdɛ lalahɛ susu. Ofunupʋ olembiapʋ, fʋ ɔdandʋ bʋ ogya fɛ ɔdayibi.","The child is crying. The mother is cooking, and the father is sitting by the fire.",gerhardt_087BEB88_output_loRIsq,,14.721776247272505,10.682175159905853,6.973140495867769
The Lord looks at the world,"Otowun atɔ tsu ɔsʋsʋ kein, ɔdɛ anyankpʋsa fɛ́ɛ́ wun.",A small fire can kill a big ant.,output_mich002,0.055409156,5.899705014749262,10.682175159905853,6.973140495867769
"Enemies poisoned my food, and when I was thirsty, they gave me vinegar.","Brɛa akʋn dɛ mɩ a, bɔwa atɔ atɔtɔ ha mɩ bɛɛ, ngyi. Brɛá ɔmɛwʋlɩ dɛ mɩ a, bɔpʋ nta-ɔdaɩ ha mɩ bɛɛ nnun.","When you are hungry, you eat the small things, not the big ones. When night falls, you see the stars shining.",output_mich002,0.37782168,16.75535654201582,10.682175159905853,6.973140495867769
"You see everything, Lord! Please don't keep silent or stay so far away.","Oo Nana Bulu, yɛ fʋdewun. Mása ntsu wa ɔnɔ. Mɩ Wie, máwa ɩfɔ mɩ wa.","Oh Nana Bulu, we greet you. Please give us water. I am fine, thank you.",output_mich002,0.1711037,18.421136811441805,10.682175159905853,6.973140495867769
You have been good to me because I do right; you have rewarded me for being innocent by your standards.,Mɩ yilebwɛ sʋ Nana Bulu lagyi mɩ bʋalɛ. Ɔlala ɩma mɩ ɩwɩ. Mʋ́ sʋ alapʋ yile ka mɩ ɩkɔ.,I went to Nana Bulu’s house with my mother. The child gave me something. We went to the farm and I ate.,output_mich002,0.243799,17.025776826800833,10.682175159905853,6.973140495867769
Listen to my prayer and hear what I say.,"Oo Bulu, nu mɩ mpaɩ. Yaa asʋ afʋnu mɩ kokoli.","I’m sorry, but I don’t have enough information to provide an accurate translation of that Nkonya text.",output_mich002,0.070382096,17.303676097948625,10.682175159905853,6.973140495867769
because you protect and bless your people.,"Nana Bulu, fʋ ɩbɩtɔ nkpahɔ bʋ. Ha fʋ oyula ɩba fʋ abisʋ. Ɩya.","Nana Bulu, you are very kind. May you be blessed.",john_C904F397_output (2),,20.798047482455694,10.682175159905853,6.973140495867769
"But you see the trouble and the distress, and you will do something. The poor can count on you, and so can orphans.","Tamɛ togyitɔ ɩda fʋ ansɩtɔ, tsufɛ fʋdɛ ɩwɩɔsɩn pʋ́ ipian awunpʋ wun. Fʋtekleá fɔ́bʋa amʋ́ bregyibrɛ. Apɔnpʋ bʋtɔpʋ ansɩ dɩnka fʋsʋ, fʋtegyi awumbi bʋalɛ bregyibrɛ.","When the sun rises in the east, the light spreads across the fields, and the people begin their daily work. The farmer tends his crops with great care. At midday, the children play and laugh, while the elders rest under the shade.",john_C904F397_output (2),,21.98065334128566,10.682175159905853,6.973140495867769
"Don't let lions eat me. You rescued me from the horns of wild bulls,",Lɛ mɩ tsu agyata anfɩ ɔnɔ. Tsú akpokpo anfɩ bʋbʋ ɩyɩn anfɩ nsiebi ɔnɔ.,We are going to the market today. The women are carrying water and firewood.,john_C904F397_output (2),,13.30404139714409,10.682175159905853,6.973140495867769
"You love justice and hate evil. And so, your God chose you and made you happier than any of your friends.","Fʋtekle yilebwɛ. Lalahɛbwɛ mʋ́ a, fʋtekisi. Mʋ́ sʋ fʋ Wie Bulu lada fʋ ofuli, pʋ ansigyi bʋla fʋtɔ dʋn fʋ aba.",Unable to translate,john_C904F397_output (2),,4.68868771476285,10.682175159905853,6.973140495867769
"You plan brutal crimes, and your lying words cut like a sharp razor.","fʋdɛ lalahɛ susu. Ofunupʋ olembiapʋ, fʋ ɔdandʋ bʋ ogya fɛ ɔdayibi.","The child is crying. The mother is cooking, and the fire is burning.",john_C904F397_output (2),,15.310468415814329,10.682175159905853,6.973140495867769
because you protect and bless your people.,"Nana Bulu, fʋ ɩbɩtɔ nkpahɔ bʋ. Ha fʋ oyula ɩba fʋ abisʋ. Ɩya.","Nana Bulu, you are very kind. He/she also is very good. Thank you.",onesimus_E33AE420_Dec 11 output,,14.42004792845183,10.682175159905853,6.973140495867769
"But you see the trouble and the distress, and you will do something. The poor can count on you, and so can orphans.","Tamɛ togyitɔ ɩda fʋ ansɩtɔ, tsufɛ fʋdɛ ɩwɩɔsɩn pʋ́ ipian awunpʋ wun. Fʋtekleá fɔ́bʋa amʋ́ bregyibrɛ. Apɔnpʋ bʋtɔpʋ ansɩ dɩnka fʋsʋ, fʋtegyi awumbi bʋalɛ bregyibrɛ.","When the sun rises in the morning, the children go out to fetch water, and they bring it back to the house. They then prepare the food for the family. The women cook the meals, and the men work in the fields.",onesimus_E33AE420_Dec 11 output,,25.381184459445848,10.682175159905853,6.973140495867769
"Don't let lions eat me. You rescued me from the horns of wild bulls,",Lɛ mɩ tsu agyata anfɩ ɔnɔ. Tsú akpokpo anfɩ bʋbʋ ɩyɩn anfɩ nsiebi ɔnɔ.,The child is playing with the ball. The dog is barking loudly at night.,onesimus_E33AE420_Dec 11 output,,12.96147005177157,10.682175159905853,6.973140495867769
"You love justice and hate evil. And so, your God chose you and made you happier than any of your friends.","Fʋtekle yilebwɛ. Lalahɛbwɛ mʋ́ a, fʋtekisi. Mʋ́ sʋ fʋ Wie Bulu lada fʋ ofuli, pʋ ansigyi bʋla fʋtɔ dʋn fʋ aba.",Unable to translate,onesimus_E33AE420_Dec 11 output,,4.68868771476285,10.682175159905853,6.973140495867769
"You plan brutal crimes, and your lying words cut like a sharp razor.","fʋdɛ lalahɛ susu. Ofunupʋ olembiapʋ, fʋ ɔdandʋ bʋ ogya fɛ ɔdayibi.","The child is crying. The mother is cooking, and the father is working in the field.",onesimus_E33AE420_Dec 11 output,,15.832567491619201,10.682175159905853,6.973140495867769
because you protect and bless your people.,"Nana Bulu, fʋ ɩbɩtɔ nkpahɔ bʋ. Ha fʋ oyula ɩba fʋ abisʋ. Ɩya.",The translation is not available.,onesimus_48E85B7F_Dec 09 output,,11.70584866979175,10.682175159905853,6.973140495867769
"But you see the trouble and the distress, and you will do something. The poor can count on you, and so can orphans.","Tamɛ togyitɔ ɩda fʋ ansɩtɔ, tsufɛ fʋdɛ ɩwɩɔsɩn pʋ́ ipian awunpʋ wun. Fʋtekleá fɔ́bʋa amʋ́ bregyibrɛ. Apɔnpʋ bʋtɔpʋ ansɩ dɩnka fʋsʋ, fʋtegyi awumbi bʋalɛ bregyibrɛ.","When the day begins, the children go to the fields to fetch water for the family. They work hard and bring back the water, then they return home and rest.",onesimus_48E85B7F_Dec 09 output,,20.567550026115683,10.682175159905853,6.973140495867769
"Don't let lions eat me. You rescued me from the horns of wild bulls,",Lɛ mɩ tsu agyata anfɩ ɔnɔ. Tsú akpokpo anfɩ bʋbʋ ɩyɩn anfɩ nsiebi ɔnɔ.,I'll go to the market tomorrow. Tomorrow we will eat rice and beans together.,onesimus_48E85B7F_Dec 09 output,,17.1245330353557,10.682175159905853,6.973140495867769
"You love justice and hate evil. And so, your God chose you and made you happier than any of your friends.","Fʋtekle yilebwɛ. Lalahɛbwɛ mʋ́ a, fʋtekisi. Mʋ́ sʋ fʋ Wie Bulu lada fʋ ofuli, pʋ ansigyi bʋla fʋtɔ dʋn fʋ aba.",Translation not available,onesimus_48E85B7F_Dec 09 output,,5.522515566891383,10.682175159905853,6.973140495867769
"You plan brutal crimes, and your lying words cut like a sharp razor.","fʋdɛ lalahɛ susu. Ofunupʋ olembiapʋ, fʋ ɔdandʋ bʋ ogya fɛ ɔdayibi.","We have many children. The mother is cooking, we will go to the market tomorrow.",onesimus_48E85B7F_Dec 09 output,,13.561386016036572,10.682175159905853,6.973140495867769
because you protect and bless your people.,"Nana Bulu, fʋ ɩbɩtɔ nkpahɔ bʋ. Ha fʋ oyula ɩba fʋ abisʋ. Ɩya.",Translation not available,Dec 01 output,,9.589936198451285,10.682175159905853,6.973140495867769
"But you see the trouble and the distress, and you will do something. The poor can count on you, and so can orphans.","Tamɛ togyitɔ ɩda fʋ ansɩtɔ, tsufɛ fʋdɛ ɩwɩɔsɩn pʋ́ ipian awunpʋ wun. Fʋtekleá fɔ́bʋa amʋ́ bregyibrɛ. Apɔnpʋ bʋtɔpʋ ansɩ dɩnka fʋsʋ, fʋtegyi awumbi bʋalɛ bregyibrɛ.","When the sun rises, the child goes out to fetch water, and the mother prepares food for him. He works hard and becomes diligent. The father is proud of his son’s achievements.",Dec 01 output,,24.219788470655335,10.682175159905853,6.973140495867769
"Don't let lions eat me. You rescued me from the horns of wild bulls,",Lɛ mɩ tsu agyata anfɩ ɔnɔ. Tsú akpokpo anfɩ bʋbʋ ɩyɩn anfɩ nsiebi ɔnɔ.,We will go to the village tomorrow. The children will play with the ball there.,Dec 01 output,,15.006842935907516,10.682175159905853,6.973140495867769
"You love justice and hate evil. And so, your God chose you and made you happier than any of your friends.","Fʋtekle yilebwɛ. Lalahɛbwɛ mʋ́ a, fʋtekisi. Mʋ́ sʋ fʋ Wie Bulu lada fʋ ofuli, pʋ ansigyi bʋla fʋtɔ dʋn fʋ aba.",Translation not available,Dec 01 output,,5.522515566891383,10.682175159905853,6.973140495867769
"You plan brutal crimes, and your lying words cut like a sharp razor.","fʋdɛ lalahɛ susu. Ofunupʋ olembiapʋ, fʋ ɔdandʋ bʋ ogya fɛ ɔdayibi.","The child is crying. The mother is cooking, and I am going to the market.",Dec 01 output,,15.152033913627694,10.682175159905853,6.973140495867769
because you protect and bless your people.,"Nana Bulu, fʋ ɩbɩtɔ nkpahɔ bʋ. Ha fʋ oyula ɩba fʋ abisʋ. Ɩya.","Nana Bulu, you are a good person. He/she will be praised. Indeed.",gerhardt_80805CFE_output_7z6RFo,,16.10295478544106,10.682175159905853,6.973140495867769
"But you see the trouble and the distress, and you will do something. The poor can count on you, and so can orphans.","Tamɛ togyitɔ ɩda fʋ ansɩtɔ, tsufɛ fʋdɛ ɩwɩɔsɩn pʋ́ ipian awunpʋ wun. Fʋtekleá fɔ́bʋa amʋ́ bregyibrɛ. Apɔnpʋ bʋtɔpʋ ansɩ dɩnka fʋsʋ, fʋtegyi awumbi bʋalɛ bregyibrɛ.","The sun rises each day, bringing light to the fields and the people who work them. The farmers sow their seeds in the fertile soil. When the rain falls, the crops grow, and the harvest brings abundance.",gerhardt_80805CFE_output_7z6RFo,,22.757067577951567,10.682175159905853,6.973140495867769
"Don't let lions eat me. You rescued me from the horns of wild bulls,",Lɛ mɩ tsu agyata anfɩ ɔnɔ. Tsú akpokpo anfɩ bʋbʋ ɩyɩn anfɩ nsiebi ɔnɔ.,The sun rises in the east. The river flows gently through the valley.,gerhardt_80805CFE_output_7z6RFo,,14.50700285675907,10.682175159905853,6.973140495867769
"You love justice and hate evil. And so, your God chose you and made you happier than any of your friends.","Fʋtekle yilebwɛ. Lalahɛbwɛ mʋ́ a, fʋtekisi. Mʋ́ sʋ fʋ Wie Bulu lada fʋ ofuli, pʋ ansigyi bʋla fʋtɔ dʋn fʋ aba.",Translation not available,gerhardt_80805CFE_output_7z6RFo,,5.522515566891383,10.682175159905853,6.973140495867769
"You plan brutal crimes, and your lying words cut like a sharp razor.","fʋdɛ lalahɛ susu. Ofunupʋ olembiapʋ, fʋ ɔdandʋ bʋ ogya fɛ ɔdayibi.","We have no water. The children are sick, we must give them medicine.",gerhardt_80805CFE_output_7z6RFo,,11.341991341991342,10.682175159905853,6.973140495867769
because you protect and bless your people.,"Nana Bulu, fʋ ɩbɩtɔ nkpahɔ bʋ. Ha fʋ oyula ɩba fʋ abisʋ. Ɩya.","Sorry, I’m unable to translate the provided Nkonya text.",output_JA-3,,15.319953524951096,10.682175159905853,6.973140495867769
"But you see the trouble and the distress, and you will do something. The poor can count on you, and so can orphans.","Tamɛ togyitɔ ɩda fʋ ansɩtɔ, tsufɛ fʋdɛ ɩwɩɔsɩn pʋ́ ipian awunpʋ wun. Fʋtekleá fɔ́bʋa amʋ́ bregyibrɛ. Apɔnpʋ bʋtɔpʋ ansɩ dɩnka fʋsʋ, fʋtegyi awumbi bʋalɛ bregyibrɛ.","When the sun rises, the children go to the fields, and the women prepare the food for the family. The men work hard to harvest the crops. After the harvest, they celebrate together with songs and dance.",output_JA-3,,24.32819268000947,10.682175159905853,6.973140495867769
"Don't let lions eat me. You rescued me from the horns of wild bulls,",Lɛ mɩ tsu agyata anfɩ ɔnɔ. Tsú akpokpo anfɩ bʋbʋ ɩyɩn anfɩ nsiebi ɔnɔ.,We must work together and help each other.,output_JA-3,,11.490500244545009,10.682175159905853,6.973140495867769
"You love justice and hate evil. And so, your God chose you and made you happier than any of your friends.","Fʋtekle yilebwɛ. Lalahɛbwɛ mʋ́ a, fʋtekisi. Mʋ́ sʋ fʋ Wie Bulu lada fʋ ofuli, pʋ ansigyi bʋla fʋtɔ dʋn fʋ aba.",Translation not available,output_JA-3,,5.522515566891383,10.682175159905853,6.973140495867769
"You plan brutal crimes, and your lying words cut like a sharp razor.","fʋdɛ lalahɛ susu. Ofunupʋ olembiapʋ, fʋ ɔdandʋ bʋ ogya fɛ ɔdayibi.","The child is crying. The mother is cooking, we will go to the market tomorrow.",output_JA-3,,13.682267867522151,10.682175159905853,6.973140495867769
because you protect and bless your people.,"Nana Bulu, fʋ ɩbɩtɔ nkpahɔ bʋ. Ha fʋ oyula ɩba fʋ abisʋ. Ɩya.","Nana Bulu, you are very kind. He/she is also very generous. Thank you.",Dec 06 output,,15.390890208678808,10.682175159905853,6.973140495867769
"But you see the trouble and the distress, and you will do something. The poor can count on you, and so can orphans.","Tamɛ togyitɔ ɩda fʋ ansɩtɔ, tsufɛ fʋdɛ ɩwɩɔsɩn pʋ́ ipian awunpʋ wun. Fʋtekleá fɔ́bʋa amʋ́ bregyibrɛ. Apɔnpʋ bʋtɔpʋ ansɩ dɩnka fʋsʋ, fʋtegyi awumbi bʋalɛ bregyibrɛ.","When the sun rises in the east, the people go out to work in the fields. They bring food and water for the journey. The children play together, and the elders watch over them.",Dec 06 output,,23.98571507401312,10.682175159905853,6.973140495867769
"Don't let lions eat me. You rescued me from the horns of wild bulls,",Lɛ mɩ tsu agyata anfɩ ɔnɔ. Tsú akpokpo anfɩ bʋbʋ ɩyɩn anfɩ nsiebi ɔnɔ.,Translation not available,Dec 06 output,,8.288551981586968,10.682175159905853,6.973140495867769
"You love justice and hate evil. And so, your God chose you and made you happier than any of your friends.","Fʋtekle yilebwɛ. Lalahɛbwɛ mʋ́ a, fʋtekisi. Mʋ́ sʋ fʋ Wie Bulu lada fʋ ofuli, pʋ ansigyi bʋla fʋtɔ dʋn fʋ aba.","We are going home. If you are tired, rest. We will go to the market tomorrow to buy food, and then we will return.",Dec 06 output,,15.343179590603468,10.682175159905853,6.973140495867769
"You plan brutal crimes, and your lying words cut like a sharp razor.","fʋdɛ lalahɛ susu. Ofunupʋ olembiapʋ, fʋ ɔdandʋ bʋ ogya fɛ ɔdayibi.","The child is crying. The mother is cooking, and the child is playing with fire.",Dec 06 output,,17.492783440423178,10.682175159905853,6.973140495867769
because you protect and bless your people.,"Nana Bulu, fʋ ɩbɩtɔ nkpahɔ bʋ. Ha fʋ oyula ɩba fʋ abisʋ. Ɩya.",The translation could not be provided due to insufficient context or ambiguous source language.,onesimus_C6D92021_Dec 02 output,,17.09622763005282,10.682175159905853,6.973140495867769
"But you see the trouble and the distress, and you will do something. The poor can count on you, and so can orphans.","Tamɛ togyitɔ ɩda fʋ ansɩtɔ, tsufɛ fʋdɛ ɩwɩɔsɩn pʋ́ ipian awunpʋ wun. Fʋtekleá fɔ́bʋa amʋ́ bregyibrɛ. Apɔnpʋ bʋtɔpʋ ansɩ dɩnka fʋsʋ, fʋtegyi awumbi bʋalɛ bregyibrɛ.","The people gathered together at the market, and after the rain stopped, they went to the river to fetch water. They carried the water in large pots. When they returned home, they poured the water into the cooking pots, and the fire was lit.",onesimus_C6D92021_Dec 02 output,,22.26602251624444,10.682175159905853,6.973140495867769
"Don't let lions eat me. You rescued me from the horns of wild bulls,",Lɛ mɩ tsu agyata anfɩ ɔnɔ. Tsú akpokpo anfɩ bʋbʋ ɩyɩn anfɩ nsiebi ɔnɔ.,The translation could not be provided because the source text is in a language that is not currently supported for translation.,onesimus_C6D92021_Dec 02 output,,18.46386446691033,10.682175159905853,6.973140495867769
"You love justice and hate evil. And so, your God chose you and made you happier than any of your friends.","Fʋtekle yilebwɛ. Lalahɛbwɛ mʋ́ a, fʋtekisi. Mʋ́ sʋ fʋ Wie Bulu lada fʋ ofuli, pʋ ansigyi bʋla fʋtɔ dʋn fʋ aba.","The child is crying. The mother says, “Stop it.” He/she will go to the forest to fetch water and then return home.",onesimus_C6D92021_Dec 02 output,,14.089845246423469,10.682175159905853,6.973140495867769
"You plan brutal crimes, and your lying words cut like a sharp razor.","fʋdɛ lalahɛ susu. Ofunupʋ olembiapʋ, fʋ ɔdandʋ bʋ ogya fɛ ɔdayibi.","The child is crying. The mother is feeding, I will go to the fire tomorrow.",onesimus_C6D92021_Dec 02 output,,12.939558682473074,10.682175159905853,6.973140495867769
because you protect and bless your people.,"Nana Bulu, fʋ ɩbɩtɔ nkpahɔ bʋ. Ha fʋ oyula ɩba fʋ abisʋ. Ɩya.","Nana Bulu, you are very kind. He/she will give you something. Yes.",Jan output 1 ,,16.948357705928736,10.682175159905853,6.973140495867769
"But you see the trouble and the distress, and you will do something. The poor can count on you, and so can orphans.","Tamɛ togyitɔ ɩda fʋ ansɩtɔ, tsufɛ fʋdɛ ɩwɩɔsɩn pʋ́ ipian awunpʋ wun. Fʋtekleá fɔ́bʋa amʋ́ bregyibrɛ. Apɔnpʋ bʋtɔpʋ ansɩ dɩnka fʋsʋ, fʋtegyi awumbi bʋalɛ bregyibrɛ.","When the sun rises in the morning, the children go out to the fields to work. They bring back food for the family. The elders sit together and speak, and the young ones listen attentively.",Jan output 1 ,,24.241066249536118,10.682175159905853,6.973140495867769
"Don't let lions eat me. You rescued me from the horns of wild bulls,",Lɛ mɩ tsu agyata anfɩ ɔnɔ. Tsú akpokpo anfɩ bʋbʋ ɩyɩn anfɩ nsiebi ɔnɔ.,I am going to the market today. The children are playing in the yard.,Jan output 1 ,,12.133420679424752,10.682175159905853,6.973140495867769
"You love justice and hate evil. And so, your God chose you and made you happier than any of your friends.","Fʋtekle yilebwɛ. Lalahɛbwɛ mʋ́ a, fʋtekisi. Mʋ́ sʋ fʋ Wie Bulu lada fʋ ofuli, pʋ ansigyi bʋla fʋtɔ dʋn fʋ aba.",Translation not available,Jan output 1 ,,5.522515566891383,10.682175159905853,6.973140495867769
"You plan brutal crimes, and your lying words cut like a sharp razor.","fʋdɛ lalahɛ susu. Ofunupʋ olembiapʋ, fʋ ɔdandʋ bʋ ogya fɛ ɔdayibi.","The child is crying. The mother is cooking, and the father is at work.",Jan output 1 ,,16.458054507368576,10.682175159905853,6.973140495867769
because you protect and bless your people.,"Nana Bulu, fʋ ɩbɩtɔ nkpahɔ bʋ. Ha fʋ oyula ɩba fʋ abisʋ. Ɩya.","**Nana Bulu, you are very kind. He/she will give you something. Thank you.**",onesimus_5B146D14_Dec 05 output,,15.796098797298622,10.682175159905853,6.973140495867769
"But you see the trouble and the distress, and you will do something. The poor can count on you, and so can orphans.","Tamɛ togyitɔ ɩda fʋ ansɩtɔ, tsufɛ fʋdɛ ɩwɩɔsɩn pʋ́ ipian awunpʋ wun. Fʋtekleá fɔ́bʋa amʋ́ bregyibrɛ. Apɔnpʋ bʋtɔpʋ ansɩ dɩnka fʋsʋ, fʋtegyi awumbi bʋalɛ bregyibrɛ.","When the sun rises in the morning, the children go out to fetch water, bringing it back to the house. They then help with the chores. The elders sit together and talk, while the women prepare the food.",onesimus_5B146D14_Dec 05 output,,22.193530458066153,10.682175159905853,6.973140495867769
"Don't let lions eat me. You rescued me from the horns of wild bulls,",Lɛ mɩ tsu agyata anfɩ ɔnɔ. Tsú akpokpo anfɩ bʋbʋ ɩyɩn anfɩ nsiebi ɔnɔ.,We will go to the farm today. The children will help us plant the crops.,onesimus_5B146D14_Dec 05 output,,15.675987166348406,10.682175159905853,6.973140495867769
"You love justice and hate evil. And so, your God chose you and made you happier than any of your friends.","Fʋtekle yilebwɛ. Lalahɛbwɛ mʋ́ a, fʋtekisi. Mʋ́ sʋ fʋ Wie Bulu lada fʋ ofuli, pʋ ansigyi bʋla fʋtɔ dʋn fʋ aba.","We are grateful. If you help us, we will be grateful. We will go to Bulu to fetch water, and then we will return.",onesimus_5B146D14_Dec 05 output,,15.002881647546815,10.682175159905853,6.973140495867769
"You plan brutal crimes, and your lying words cut like a sharp razor.","fʋdɛ lalahɛ susu. Ofunupʋ olembiapʋ, fʋ ɔdandʋ bʋ ogya fɛ ɔdayibi.","The child is crying. The mother is cooking, and the fire is burning.",onesimus_5B146D14_Dec 05 output,,15.310468415814329,10.682175159905853,6.973140495867769
because you protect and bless your people.,"Nana Bulu, fʋ ɩbɩtɔ nkpahɔ bʋ. Ha fʋ oyula ɩba fʋ abisʋ. Ɩya.","Nana Bulu, you are very kind. He/she will come back soon. Yes.",gerhardt_428C0151_output_jQjr1f,,15.463992528633067,10.682175159905853,6.973140495867769
"But you see the trouble and the distress, and you will do something. The poor can count on you, and so can orphans.","Tamɛ togyitɔ ɩda fʋ ansɩtɔ, tsufɛ fʋdɛ ɩwɩɔsɩn pʋ́ ipian awunpʋ wun. Fʋtekleá fɔ́bʋa amʋ́ bregyibrɛ. Apɔnpʋ bʋtɔpʋ ansɩ dɩnka fʋsʋ, fʋtegyi awumbi bʋalɛ bregyibrɛ.","When the day begins, the children go to the river to fetch water. They bring it back to the village and share it with everyone. The elders then sit together and discuss the matters of the community.",gerhardt_428C0151_output_jQjr1f,,22.284558395431265,10.682175159905853,6.973140495867769
"Don't let lions eat me. You rescued me from the horns of wild bulls,",Lɛ mɩ tsu agyata anfɩ ɔnɔ. Tsú akpokpo anfɩ bʋbʋ ɩyɩn anfɩ nsiebi ɔnɔ.,We will go to the market tomorrow. The children are playing in the field.,gerhardt_428C0151_output_jQjr1f,,16.467053719082923,10.682175159905853,6.973140495867769
"You love justice and hate evil. And so, your God chose you and made you happier than any of your friends.","Fʋtekle yilebwɛ. Lalahɛbwɛ mʋ́ a, fʋtekisi. Mʋ́ sʋ fʋ Wie Bulu lada fʋ ofuli, pʋ ansigyi bʋla fʋtɔ dʋn fʋ aba.",Translation not available,gerhardt_428C0151_output_jQjr1f,,5.522515566891383,10.682175159905853,6.973140495867769
"You plan brutal crimes, and your lying words cut like a sharp razor.","fʋdɛ lalahɛ susu. Ofunupʋ olembiapʋ, fʋ ɔdandʋ bʋ ogya fɛ ɔdayibi.","We have many children. The mother is cooking, we are going to the market today.",gerhardt_428C0151_output_jQjr1f,,13.896858396073524,10.682175159905853,6.973140495867769
because you protect and bless your people.,"Nana Bulu, fʋ ɩbɩtɔ nkpahɔ bʋ. Ha fʋ oyula ɩba fʋ abisʋ. Ɩya.",May Nana Bulu be blessed; may you be kind and may you receive help.,gerhardt_E4DFEBFE_output_T8d1lo,,22.346121454043885,10.682175159905853,6.973140495867769
"But you see the trouble and the distress, and you will do something. The poor can count on you, and so can orphans.","Tamɛ togyitɔ ɩda fʋ ansɩtɔ, tsufɛ fʋdɛ ɩwɩɔsɩn pʋ́ ipian awunpʋ wun. Fʋtekleá fɔ́bʋa amʋ́ bregyibrɛ. Apɔnpʋ bʋtɔpʋ ansɩ dɩnka fʋsʋ, fʋtegyi awumbi bʋalɛ bregyibrɛ.","When the fire burns the house, the smoke rises and the people run away. Those who do not help are foolish. The lazy one does not work, while the diligent one succeeds.",gerhardt_E4DFEBFE_output_T8d1lo,,25.449121083850596,10.682175159905853,6.973140495867769
"Don't let lions eat me. You rescued me from the horns of wild bulls,",Lɛ mɩ tsu agyata anfɩ ɔnɔ. Tsú akpokpo anfɩ bʋbʋ ɩyɩn anfɩ nsiebi ɔnɔ.,The translation is not available.,gerhardt_E4DFEBFE_output_T8d1lo,,10.785322315014573,10.682175159905853,6.973140495867769
"You love justice and hate evil. And so, your God chose you and made you happier than any of your friends.","Fʋtekle yilebwɛ. Lalahɛbwɛ mʋ́ a, fʋtekisi. Mʋ́ sʋ fʋ Wie Bulu lada fʋ ofuli, pʋ ansigyi bʋla fʋtɔ dʋn fʋ aba.",,gerhardt_E4DFEBFE_output_T8d1lo,,,10.682175159905853,6.973140495867769
"You plan brutal crimes, and your lying words cut like a sharp razor.","fʋdɛ lalahɛ susu. Ofunupʋ olembiapʋ, fʋ ɔdandʋ bʋ ogya fɛ ɔdayibi.","The child is crying. The mother is feeding, the fire is burning and the house is warm.",gerhardt_E4DFEBFE_output_T8d1lo,,14.838370369422202,10.682175159905853,6.973140495867769
because you protect and bless your people.,"Nana Bulu, fʋ ɩbɩtɔ nkpahɔ bʋ. Ha fʋ oyula ɩba fʋ abisʋ. Ɩya.","Nana Bulu, you are very kind. He/she will give you something. Yes.",onesimus_4838858E_Jan output 1 ,,16.948357705928736,10.682175159905853,6.973140495867769
"But you see the trouble and the distress, and you will do something. The poor can count on you, and so can orphans.","Tamɛ togyitɔ ɩda fʋ ansɩtɔ, tsufɛ fʋdɛ ɩwɩɔsɩn pʋ́ ipian awunpʋ wun. Fʋtekleá fɔ́bʋa amʋ́ bregyibrɛ. Apɔnpʋ bʋtɔpʋ ansɩ dɩnka fʋsʋ, fʋtegyi awumbi bʋalɛ bregyibrɛ.","When the sun rises in the morning, the children go out to the fields to work. They bring back food for the family. The elders sit together and speak, and the young ones listen attentively.",onesimus_4838858E_Jan output 1 ,,24.241066249536118,10.682175159905853,6.973140495867769
"Don't let lions eat me. You rescued me from the horns of wild bulls,",Lɛ mɩ tsu agyata anfɩ ɔnɔ. Tsú akpokpo anfɩ bʋbʋ ɩyɩn anfɩ nsiebi ɔnɔ.,I am going to the market today. The children are playing in the yard.,onesimus_4838858E_Jan output 1 ,,12.133420679424752,10.682175159905853,6.973140495867769
"You love justice and hate evil. And so, your God chose you and made you happier than any of your friends.","Fʋtekle yilebwɛ. Lalahɛbwɛ mʋ́ a, fʋtekisi. Mʋ́ sʋ fʋ Wie Bulu lada fʋ ofuli, pʋ ansigyi bʋla fʋtɔ dʋn fʋ aba.",Translation not available,onesimus_4838858E_Jan output 1 ,,5.522515566891383,10.682175159905853,6.973140495867769
"You plan brutal crimes, and your lying words cut like a sharp razor.","fʋdɛ lalahɛ susu. Ofunupʋ olembiapʋ, fʋ ɔdandʋ bʋ ogya fɛ ɔdayibi.","The child is crying. The mother is cooking, and the father is at work.",onesimus_4838858E_Jan output 1 ,,16.458054507368576,10.682175159905853,6.973140495867769
because you protect and bless your people.,"Nana Bulu, fʋ ɩbɩtɔ nkpahɔ bʋ. Ha fʋ oyula ɩba fʋ abisʋ. Ɩya.","Nana Bulu, you are very kind. He will give you something. Indeed.",gerhardt_2F3FAF10_output (1),,15.761453946690033,10.682175159905853,6.973140495867769
"But you see the trouble and the distress, and you will do something. The poor can count on you, and so can orphans.","Tamɛ togyitɔ ɩda fʋ ansɩtɔ, tsufɛ fʋdɛ ɩwɩɔsɩn pʋ́ ipian awunpʋ wun. Fʋtekleá fɔ́bʋa amʋ́ bregyibrɛ. Apɔnpʋ bʋtɔpʋ ansɩ dɩnka fʋsʋ, fʋtegyi awumbi bʋalɛ bregyibrɛ.","When the day begins, the light spreads across the fields, and the people gather together in the village. They work hard to harvest the crops and share the bounty with everyone.",gerhardt_2F3FAF10_output (1),,24.97481038128648,10.682175159905853,6.973140495867769
"Don't let lions eat me. You rescued me from the horns of wild bulls,",Lɛ mɩ tsu agyata anfɩ ɔnɔ. Tsú akpokpo anfɩ bʋbʋ ɩyɩn anfɩ nsiebi ɔnɔ.,The sun rises in the east. The river flows swiftly through the valley.,gerhardt_2F3FAF10_output (1),,14.759826269824883,10.682175159905853,6.973140495867769
"You love justice and hate evil. And so, your God chose you and made you happier than any of your friends.","Fʋtekle yilebwɛ. Lalahɛbwɛ mʋ́ a, fʋtekisi. Mʋ́ sʋ fʋ Wie Bulu lada fʋ ofuli, pʋ ansigyi bʋla fʋtɔ dʋn fʋ aba.",Translation not available,gerhardt_2F3FAF10_output (1),,5.522515566891383,10.682175159905853,6.973140495867769
"You plan brutal crimes, and your lying words cut like a sharp razor.","fʋdɛ lalahɛ susu. Ofunupʋ olembiapʋ, fʋ ɔdandʋ bʋ ogya fɛ ɔdayibi.","We are going home now. The children are sleeping, we will light the fire for dinner.",gerhardt_2F3FAF10_output (1),,14.005777333773942,10.682175159905853,6.973140495867769
because you protect and bless your people.,"Nana Bulu, fʋ ɩbɩtɔ nkpahɔ bʋ. Ha fʋ oyula ɩba fʋ abisʋ. Ɩya.","Nana Bulu, you are very kind. He/she is also very generous. Thank you.",onesimus_778C5456_Dec 06 output,,15.390890208678808,10.682175159905853,6.973140495867769
"But you see the trouble and the distress, and you will do something. The poor can count on you, and so can orphans.","Tamɛ togyitɔ ɩda fʋ ansɩtɔ, tsufɛ fʋdɛ ɩwɩɔsɩn pʋ́ ipian awunpʋ wun. Fʋtekleá fɔ́bʋa amʋ́ bregyibrɛ. Apɔnpʋ bʋtɔpʋ ansɩ dɩnka fʋsʋ, fʋtegyi awumbi bʋalɛ bregyibrɛ.","When the sun rises in the east, the people go out to work in the fields. They bring food and water for the journey. The children play together, and the elders watch over them.",onesimus_778C5456_Dec 06 output,,23.98571507401312,10.682175159905853,6.973140495867769
"Don't let lions eat me. You rescued me from the horns of wild bulls,",Lɛ mɩ tsu agyata anfɩ ɔnɔ. Tsú akpokpo anfɩ bʋbʋ ɩyɩn anfɩ nsiebi ɔnɔ.,Translation not available,onesimus_778C5456_Dec 06 output,,8.288551981586968,10.682175159905853,6.973140495867769
"You love justice and hate evil. And so, your God chose you and made you happier than any of your friends.","Fʋtekle yilebwɛ. Lalahɛbwɛ mʋ́ a, fʋtekisi. Mʋ́ sʋ fʋ Wie Bulu lada fʋ ofuli, pʋ ansigyi bʋla fʋtɔ dʋn fʋ aba.","We are going home. If you are tired, rest. We will go to the market tomorrow to buy food, and then we will return.",onesimus_778C5456_Dec 06 output,,15.343179590603468,10.682175159905853,6.973140495867769
"You plan brutal crimes, and your lying words cut like a sharp razor.","fʋdɛ lalahɛ susu. Ofunupʋ olembiapʋ, fʋ ɔdandʋ bʋ ogya fɛ ɔdayibi.","The child is crying. The mother is cooking, and the child is playing with fire.",onesimus_778C5456_Dec 06 output,,17.492783440423178,10.682175159905853,6.973140495867769
because you protect and bless your people.,"Nana Bulu, fʋ ɩbɩtɔ nkpahɔ bʋ. Ha fʋ oyula ɩba fʋ abisʋ. Ɩya.","Father Nana, you are my father. He is my mother. Yes.",gerhardt_E3C23636_output_AHjhdB,,12.118488825948145,10.682175159905853,6.973140495867769
"But you see the trouble and the distress, and you will do something. The poor can count on you, and so can orphans.","Tamɛ togyitɔ ɩda fʋ ansɩtɔ, tsufɛ fʋdɛ ɩwɩɔsɩn pʋ́ ipian awunpʋ wun. Fʋtekleá fɔ́bʋa amʋ́ bregyibrɛ. Apɔnpʋ bʋtɔpʋ ansɩ dɩnka fʋsʋ, fʋtegyi awumbi bʋalɛ bregyibrɛ.","When the sun rises in the east, the light spreads over the fields, and the people begin their work. The farmer gathers his tools and heads to the farm. The children play together, and the elders watch over them.",gerhardt_E3C23636_output_AHjhdB,,22.639014000981607,10.682175159905853,6.973140495867769
"Don't let lions eat me. You rescued me from the horns of wild bulls,",Lɛ mɩ tsu agyata anfɩ ɔnɔ. Tsú akpokpo anfɩ bʋbʋ ɩyɩn anfɩ nsiebi ɔnɔ.,I'll go tomorrow. Tomorrow we will eat rice and beans.,gerhardt_E3C23636_output_AHjhdB,,14.556605373104642,10.682175159905853,6.973140495867769
"You love justice and hate evil. And so, your God chose you and made you happier than any of your friends.","Fʋtekle yilebwɛ. Lalahɛbwɛ mʋ́ a, fʋtekisi. Mʋ́ sʋ fʋ Wie Bulu lada fʋ ofuli, pʋ ansigyi bʋla fʋtɔ dʋn fʋ aba.",Translation not available,gerhardt_E3C23636_output_AHjhdB,,5.522515566891383,10.682175159905853,6.973140495867769
"You plan brutal crimes, and your lying words cut like a sharp razor.","fʋdɛ lalahɛ susu. Ofunupʋ olembiapʋ, fʋ ɔdandʋ bʋ ogya fɛ ɔdayibi.","The child drinks milk. The rain falls, but it does not put out the fire.",gerhardt_E3C23636_output_AHjhdB,,13.936895788258655,10.682175159905853,6.973140495867769
because you protect and bless your people.,"Nana Bulu, fʋ ɩbɩtɔ nkpahɔ bʋ. Ha fʋ oyula ɩba fʋ abisʋ. Ɩya.","Nana Bulu, you are very kind. He/she will help you. Thank you.",Dec 12 output,,13.788957308088442,10.682175159905853,6.973140495867769
"But you see the trouble and the distress, and you will do something. The poor can count on you, and so can orphans.","Tamɛ togyitɔ ɩda fʋ ansɩtɔ, tsufɛ fʋdɛ ɩwɩɔsɩn pʋ́ ipian awunpʋ wun. Fʋtekleá fɔ́bʋa amʋ́ bregyibrɛ. Apɔnpʋ bʋtɔpʋ ansɩ dɩnka fʋsʋ, fʋtegyi awumbi bʋalɛ bregyibrɛ.","When the rain stops and the sun shines, the children go out to play in the fields. They gather together and dance. The elders sit and tell stories, and the young ones listen attentively.",Dec 12 output,,24.785354872629934,10.682175159905853,6.973140495867769
"Don't let lions eat me. You rescued me from the horns of wild bulls,",Lɛ mɩ tsu agyata anfɩ ɔnɔ. Tsú akpokpo anfɩ bʋbʋ ɩyɩn anfɩ nsiebi ɔnɔ.,We will go to the farm tomorrow. The children will also work together in the field.,Dec 12 output,,17.469032792903484,10.682175159905853,6.973140495867769
"You love justice and hate evil. And so, your God chose you and made you happier than any of your friends.","Fʋtekle yilebwɛ. Lalahɛbwɛ mʋ́ a, fʋtekisi. Mʋ́ sʋ fʋ Wie Bulu lada fʋ ofuli, pʋ ansigyi bʋla fʋtɔ dʋn fʋ aba.",Unable to translate,Dec 12 output,,4.68868771476285,10.682175159905853,6.973140495867769
"You plan brutal crimes, and your lying words cut like a sharp razor.","fʋdɛ lalahɛ susu. Ofunupʋ olembiapʋ, fʋ ɔdandʋ bʋ ogya fɛ ɔdayibi.",Translation not available,Dec 12 output,,8.462498518996851,10.682175159905853,6.973140495867769
"The Lord God is wonderful! He deserves all praise in the city where he lives. His holy mountain,","Nana Bulu lomoni. Ɩlɛkana ánɩ́ bɛ́hɩɛ kanfʋ mʋ. Bɛ́kanfʋ mʋ mʋ wulutɔ, igyi wuluá ɩdɩn mʋ onuto ɩbʋ amʋsʋ.",Translation not available,nsanku_output_kcn,0.05946558,5.914477360912546,10.682175159905853,6.973140495867769
"I pray to you, God, because you will help me. Listen and answer my prayer!","Oo Bulu, nasu kpoli fʋ, tsufɛ fɔ́sɔ mɩ ɔnɔ. Yaa asʋ, afʋnu mɩ mpaɩ.","Oh Bulu, the sky is clear, the sun shines brightly. We are glad, the day is beautiful.",nsanku_output_kcn,0.14783102,13.48052382584804,10.682175159905853,6.973140495867769
"All kinds of troubles will strike the wicked, but your kindness shields those who trust you, Lord.","Ɔha lalahɛ ipian ɩhɩɛ tsɔ, tamɛ ɔha ánɩ́ ɔlɔpʋ ansɩ dɩnka Nana Bulusʋ a, ɔbɔ́pʋ mʋ ɔdwɛá ɩma ɔka gyi ɩban wa mʋ.",Translation not available,nsanku_output_kcn,0.08822344,5.006539656126825,10.682175159905853,6.973140495867769
"I can lie down and sleep soundly because you, Lord, will keep me safe.","Nɛ́klɛdɩ iwilwiitɔ, dɩdɩ fɛ́ɛ́. Oo Nana Bulu, fʋ nkʋlɛ ɔbɛ́ha tɔtɔ mɔ́ɔbwɛ mɩ.","The child is crying, it’s very hot. Oh Nana Bulu, you must fetch water for me.",nsanku_output_kcn,0.189625,13.815974627415759,10.682175159905853,6.973140495867769
"Your people are wonderful, and they make me happy,",Bulu aha ánɩ́ bʋbʋ ɔsʋlʋsʋ gyi anumnyampʋá mɩ ansɩ tɛhɩɛ gyi amʋ́ ɩwɩ.,Unable to translate,nsanku_output_kcn,0.18765874,6.3314189662417695,10.682175159905853,6.973140495867769
because you protect and bless your people.,"Nana Bulu, fʋ ɩbɩtɔ nkpahɔ bʋ. Ha fʋ oyula ɩba fʋ abisʋ. Ɩya.","Nana Bulu, you are very kind. He/she will be praised.",onesimus_CF2838B3_Dec 03 output,,14.737358154238702,10.682175159905853,6.973140495867769
"But you see the trouble and the distress, and you will do something. The poor can count on you, and so can orphans.","Tamɛ togyitɔ ɩda fʋ ansɩtɔ, tsufɛ fʋdɛ ɩwɩɔsɩn pʋ́ ipian awunpʋ wun. Fʋtekleá fɔ́bʋa amʋ́ bregyibrɛ. Apɔnpʋ bʋtɔpʋ ansɩ dɩnka fʋsʋ, fʋtegyi awumbi bʋalɛ bregyibrɛ.","The child goes to school and the mother prepares food for him. He studies diligently and becomes successful. The father is proud of him, and the family is happy.",onesimus_CF2838B3_Dec 03 output,,23.755898034532176,10.682175159905853,6.973140495867769
"Don't let lions eat me. You rescued me from the horns of wild bulls,",Lɛ mɩ tsu agyata anfɩ ɔnɔ. Tsú akpokpo anfɩ bʋbʋ ɩyɩn anfɩ nsiebi ɔnɔ.,We will go to the market tomorrow. Tomorrow we will buy food and sell it.,onesimus_CF2838B3_Dec 03 output,,15.917960477745819,10.682175159905853,6.973140495867769
"You love justice and hate evil. And so, your God chose you and made you happier than any of your friends.","Fʋtekle yilebwɛ. Lalahɛbwɛ mʋ́ a, fʋtekisi. Mʋ́ sʋ fʋ Wie Bulu lada fʋ ofuli, pʋ ansigyi bʋla fʋtɔ dʋn fʋ aba.",Unable to translate,onesimus_CF2838B3_Dec 03 output,,4.68868771476285,10.682175159905853,6.973140495867769
"You plan brutal crimes, and your lying words cut like a sharp razor.","fʋdɛ lalahɛ susu. Ofunupʋ olembiapʋ, fʋ ɔdandʋ bʋ ogya fɛ ɔdayibi.","The child is crying. The mother is cooking, and the father is working.",onesimus_CF2838B3_Dec 03 output,,16.103647016140698,10.682175159905853,6.973140495867769
because you protect and bless your people.,"Nana Bulu, fʋ ɩbɩtɔ nkpahɔ bʋ. Ha fʋ oyula ɩba fʋ abisʋ. Ɩya.","Nana Bulu, you are a good person. He/she will help you.",john_BA3F5F9A_output (3),,15.553282931120215,10.682175159905853,6.973140495867769
"But you see the trouble and the distress, and you will do something. The poor can count on you, and so can orphans.","Tamɛ togyitɔ ɩda fʋ ansɩtɔ, tsufɛ fʋdɛ ɩwɩɔsɩn pʋ́ ipian awunpʋ wun. Fʋtekleá fɔ́bʋa amʋ́ bregyibrɛ. Apɔnpʋ bʋtɔpʋ ansɩ dɩnka fʋsʋ, fʋtegyi awumbi bʋalɛ bregyibrɛ.","When the sun rises in the east, the light spreads over the fields and the people begin their work. The farmer gathers his tools and heads to the farm. The children play in the village, and the women prepare the meals.",john_BA3F5F9A_output (3),,22.004616111668476,10.682175159905853,6.973140495867769
"Don't let lions eat me. You rescued me from the horns of wild bulls,",Lɛ mɩ tsu agyata anfɩ ɔnɔ. Tsú akpokpo anfɩ bʋbʋ ɩyɩn anfɩ nsiebi ɔnɔ.,I'll go to the market tomorrow. Tomorrow we will eat rice and beans.,john_BA3F5F9A_output (3),,17.020255098240497,10.682175159905853,6.973140495867769
"You love justice and hate evil. And so, your God chose you and made you happier than any of your friends.","Fʋtekle yilebwɛ. Lalahɛbwɛ mʋ́ a, fʋtekisi. Mʋ́ sʋ fʋ Wie Bulu lada fʋ ofuli, pʋ ansigyi bʋla fʋtɔ dʋn fʋ aba.","We are grateful. If you are there, we are grateful. We will go to Bulu to pray, and we will bring the children to the house.",john_BA3F5F9A_output (3),,16.596291317165704,10.682175159905853,6.973140495867769
"You plan brutal crimes, and your lying words cut like a sharp razor.","fʋdɛ lalahɛ susu. Ofunupʋ olembiapʋ, fʋ ɔdandʋ bʋ ogya fɛ ɔdayibi.","We will eat rice. The children are playing, and we will go to the market tomorrow.",john_BA3F5F9A_output (3),,17.902052627477342,10.682175159905853,6.973140495867769
