Model,Similarity Score (%),Raw Score
kimi-k2-instruct-0905,64.11%,64.10758604
qwen3-32b,30.07%,30.0696889052
llama-4-maverick-17b-128e-instruct,27.79%,27.789211432
gemma2-9b-it,26.55%,26.552619579999998
gpt-oss-120b,20.76%,20.761641428799997
