Model,Similarity Score (%),Raw Score
kimi-k2-instruct-0905,62.14%,62.135820325000005
llama-3.1-405b-instruct,50.05%,50.04611520000001
deepseek-v3.1,47.88%,47.880006466666664
llama-3.3-70b-instruct,44.66%,44.65718833333334
qwen3-32b,30.07%,30.0696889052
qwen3-235b-a22b,28.16%,28.158092959999998
llama-4-maverick-17b-128e-instruct,27.79%,27.789211432
gemma2-9b-it,26.55%,26.55261958
gpt-oss-120b,20.76%,20.761641428799997
