Model,Similarity Score (%),Raw Score
kimi-k2-instruct-0905,61.61%,61.60699566666666
deepseek-v3.1,49.11%,49.11124155000001
llama-3.1-405b-instruct,48.12%,48.11558874999999
llama-3.3-70b-instruct,46.08%,46.082647849999994
qwen3-32b,30.07%,30.0696889052
llama-4-maverick-17b-128e-instruct,27.79%,27.789211432
qwen3-235b-a22b,26.73%,26.734461394999997
gemma2-9b-it,26.55%,26.55261958
gpt-oss-120b,20.76%,20.761641428799997
