Model,Similarity Score (%),Raw Score
kimi-k2-instruct-0905,63.63%,63.63102715000001
llama-4-maverick-17b-128e-instruct,30.44%,30.43695675
gemma2-9b-it,28.40%,28.403108149999994
qwen3-32b,27.90%,27.897800831499996
gpt-oss-120b,20.42%,20.415983436
