Model,Similarity Score (%),Raw Score
kimi-k2-instruct-0905,62.12%,62.12202216
deepseek-v3.1,49.71%,49.712179639999995
llama-3.1-405b-instruct,48.48%,48.482164919999995
llama-3.3-70b-instruct,44.78%,44.78051976
qwen3-32b,30.07%,30.0696889052
qwen3-235b-a22b,29.08%,29.082461595999998
llama-4-maverick-17b-128e-instruct,27.79%,27.789211432
gemma2-9b-it,26.55%,26.55261958
gpt-oss-120b,20.76%,20.761641428799997
