Model,Similarity Score (%),Raw Score
kimi-k2-instruct-0905,62.58%,62.58210696363636
deepseek-v3.1,52.60%,52.59783543333333
llama-3.1-405b-instruct,48.19%,48.18903603333332
llama-3.3-70b-instruct,46.02%,46.02257103333333
qwen3-32b,30.07%,30.0696889052
qwen3-235b-a22b,29.81%,29.813828413333333
llama-4-maverick-17b-128e-instruct,27.79%,27.789211432
gemma2-9b-it,26.55%,26.55261958
gemma-2-27b-it,20.89%,20.888593110000002
gpt-oss-120b,20.76%,20.761641428799997
