Model,Similarity Score (%),Raw Score
llama-3.1-405b-instruct,63.34%,63.3428118
kimi-k2-instruct-0905,62.52%,62.520382233333336
deepseek-v3.1,48.58%,48.5826634
qwen3-235b-a22b,38.85%,38.8480998
llama-3.3-70b-instruct,37.47%,37.4745242
qwen3-32b,30.07%,30.0696889052
llama-4-maverick-17b-128e-instruct,27.79%,27.789211432
gemma2-9b-it,26.55%,26.552619579999998
gpt-oss-120b,20.76%,20.761641428799997
