{
  "language_pair": "maw-eng",
  "timestamp": "2026-01-12T13:35:21.973436",
  "models": {
    "mistral-7b-instruct-v0.3": 13.0336618,
    "gemma-2-9b-it": 15.694231907898033,
    "llama-3.1-405b-instruct": 35.38285826542969,
    "palmyra-med-70b": 38.2311405,
    "qwen3-32b": 30.0696889052,
    "llama-4-maverick-17b-128e-instruct": 32.14545118916,
    "deepseek-v3.1": 59.743997747949216,
    "gemma-2-27b-it": 18.45512761578787,
    "seed-oss-36b-instruct": 17.5129026501086,
    "mistral-medium-3-instruct": 16.311861610383215,
    "qwen3-235b-a22b": 21.45570159865631,
    "llama-3.3-70b-instruct": 21.890101834057617,
    "gpt-oss-120b": 11.511442218215493,
    "qwq-32b": 15.22551963477726,
    "gemma2-9b-it": 26.552619579999998,
    "kimi-k2-instruct-0905": 54.59382387391305
  },
  "average_score": 26.73813318322102,
  "best_model": "deepseek-v3.1",
  "best_score": 59.743997747949216
}