{
  "language_pair": "maw-eng",
  "timestamp": "2026-01-16T14:45:15.742452",
  "models": {
    "gemini": 56.50680541992188,
    "claude": 39.807106018066406,
    "mistral-7b-instruct-v0.3": 13.0336618,
    "gemma-2-9b-it": 14.195372947651288,
    "llama-3.1-405b-instruct": 35.09558281367754,
    "palmyra-med-70b": 38.2311405,
    "qwen3-32b": 30.0696889052,
    "chatgpt": 34.170654296875,
    "llama-4-maverick-17b-128e-instruct": 32.063694890048254,
    "deepseek-v3.1": 59.180273245153984,
    "gemma-2-27b-it": 17.931837883536378,
    "seed-oss-36b-instruct": 17.412283318170456,
    "mistral-medium-3-instruct": 16.26386351506995,
    "qwen3-235b-a22b": 21.221143758591484,
    "llama-3.3-70b-instruct": 22.029746607461504,
    "gpt-oss-120b": 11.6863978362178,
    "qwq-32b": 15.419270703001771,
    "gemma2-9b-it": 26.552619579999998,
    "kimi-k2-instruct-0905": 54.14172983048986
  },
  "average_score": 29.21120388784913,
  "best_model": "deepseek-v3.1",
  "best_score": 59.180273245153984
}