{
  "language_pair": "maw-eng",
  "timestamp": "2026-01-28T14:52:45.918731",
  "models": {
    "bleu": {
      "mistral-7b-instruct-v0.3": 2.0252614213947195,
      "gemma-2-9b-it": 2.337545605264532,
      "llama-3.1-405b-instruct": 3.282406839057441,
      "palmyra-med-70b": 8.440296764337896,
      "qwen3-32b": 3.0577905627195023,
      "llama-4-maverick-17b-128e-instruct": 3.4100760264275536,
      "deepseek-v3.1": 8.306803015993264,
      "gemma-2-27b-it": 2.600726991021795,
      "seed-oss-36b-instruct": 1.9877163112666019,
      "gpt-4.1": 4.554790674472901,
      "mistral-medium-3-instruct": 2.300739397564465,
      "qwen3-235b-a22b": 2.6521849787676546,
      "claude-sonnet-4-5": 5.161771851153413,
      "llama-3.3-70b-instruct": 2.8510251784139404,
      "gemini-2.5-flash": 9.908786254034368,
      "gpt-oss-120b": 2.504556619284367,
      "qwq-32b": 2.10576986844262,
      "gemma2-9b-it": 2.0516802069904094,
      "kimi-k2-instruct-0905": 7.5775592400176155
    },
    "chrf": {
      "mistral-7b-instruct-v0.3": 17.935724860835723,
      "gemma-2-9b-it": 16.482688372682624,
      "llama-3.1-405b-instruct": 23.263927675149333,
      "palmyra-med-70b": 26.85495521187648,
      "qwen3-32b": 22.58773763954714,
      "llama-4-maverick-17b-128e-instruct": 22.92599720284095,
      "deepseek-v3.1": 32.15110353789032,
      "gemma-2-27b-it": 18.861126824222843,
      "seed-oss-36b-instruct": 19.965416917144296,
      "gpt-4.1": 24.116954353392416,
      "mistral-medium-3-instruct": 19.309018065234344,
      "qwen3-235b-a22b": 20.2519376564563,
      "claude-sonnet-4-5": 26.184949895378985,
      "llama-3.3-70b-instruct": 20.669017514710053,
      "gemini-2.5-flash": 33.85880647220921,
      "gpt-oss-120b": 17.59181843963991,
      "qwq-32b": 19.77061692146782,
      "gemma2-9b-it": 19.08737092022285,
      "kimi-k2-instruct-0905": 30.06537289493502
    },
    "average": {
      "mistral-7b-instruct-v0.3": 9.98049314111522,
      "gemma-2-9b-it": 9.410116988973575,
      "llama-3.1-405b-instruct": 13.273167257103383,
      "palmyra-med-70b": 17.647625988107187,
      "qwen3-32b": 12.822764101133318,
      "llama-4-maverick-17b-128e-instruct": 13.168036614634254,
      "deepseek-v3.1": 20.228953276941787,
      "gemma-2-27b-it": 10.730926907622319,
      "seed-oss-36b-instruct": 10.976566614205447,
      "gpt-4.1": 14.335872513932657,
      "mistral-medium-3-instruct": 10.804878731399405,
      "qwen3-235b-a22b": 11.452061317611976,
      "claude-sonnet-4-5": 15.673360873266198,
      "llama-3.3-70b-instruct": 11.760021346561995,
      "gemini-2.5-flash": 21.88379636312179,
      "gpt-oss-120b": 10.048187529462137,
      "qwq-32b": 10.938193394955219,
      "gemma2-9b-it": 10.569525563606629,
      "kimi-k2-instruct-0905": 18.82146606747632
    }
  },
  "best_model": "gemini-2.5-flash",
  "best_model_scores": {
    "BLEU": 9.908786254034368,
    "chrF": 33.85880647220921,
    "Average": 21.88379636312179
  }
}