{
  "language_pair": "maw-eng",
  "timestamp": "2025-10-09T07:09:28.727554",
  "models": {
    "qwen3-32b": 30.0696889052,
    "llama-4-maverick-17b-128e-instruct": 27.789211432,
    "gpt-oss-120b": 20.761641428799997,
    "gemma2-9b-it": 26.552619579999998,
    "kimi-k2-instruct-0905": 64.10758604
  },
  "average_score": 33.8561494772,
  "best_model": "kimi-k2-instruct-0905",
  "best_score": 64.10758604
}