{
  "language_pair": "maw-eng",
  "timestamp": "2025-10-20T10:24:57.804433",
  "models": {
    "llama-3.1-405b-instruct": 48.482164919999995,
    "qwen3-32b": 30.0696889052,
    "llama-4-maverick-17b-128e-instruct": 27.789211432,
    "deepseek-v3.1": 49.712179639999995,
    "qwen3-235b-a22b": 29.082461595999998,
    "llama-3.3-70b-instruct": 44.78051976,
    "gpt-oss-120b": 20.761641428799997,
    "gemma2-9b-it": 26.55261958,
    "kimi-k2-instruct-0905": 62.12202216
  },
  "average_score": 37.70583438022223,
  "best_model": "kimi-k2-instruct-0905",
  "best_score": 62.12202216
}