{
  "language_pair": "maw-eng",
  "timestamp": "2025-10-05T08:22:28.206538",
  "models": {
    "qwen3-32b": 27.897800831499996,
    "llama-4-maverick-17b-128e-instruct": 30.43695675,
    "gpt-oss-120b": 20.415983436,
    "gemma2-9b-it": 28.403108149999994,
    "kimi-k2-instruct-0905": 63.63102715000001
  },
  "average_score": 34.1569752635,
  "best_model": "kimi-k2-instruct-0905",
  "best_score": 63.63102715000001
}