{
  "language_pair": "maw-eng",
  "timestamp": "2026-01-19T11:10:35.197828",
  "models": {
    "mistral-7b-instruct-v0.3": 13.0336618,
    "gemma-2-9b-it": 15.418700928346915,
    "llama-3.1-405b-instruct": 35.095653579076085,
    "palmyra-med-70b": 38.2311405,
    "qwen3-32b": 30.0696889052,
    "llama-4-maverick-17b-128e-instruct": 32.063694890048254,
    "deepseek-v3.1": 59.180397084601445,
    "gemma-2-27b-it": 18.509863419629536,
    "seed-oss-36b-instruct": 17.411833426096116,
    "gpt-4.1": 35.21751467386881,
    "mistral-medium-3-instruct": 16.263694578476755,
    "qwen3-235b-a22b": 21.28287748692769,
    "claude-sonnet-4-5": 41.443339824676514,
    "llama-3.3-70b-instruct": 22.029587385314766,
    "gemini-2.5-flash": 58.486460367838546,
    "gpt-oss-120b": 11.687167560081962,
    "qwq-32b": 15.468364815655173,
    "gemma2-9b-it": 26.552619579999998,
    "kimi-k2-instruct-0905": 54.43611104729958
  },
  "average_score": 29.57275641332306,
  "best_model": "deepseek-v3.1",
  "best_score": 59.180397084601445
}