{
  "language_pair": "maw-eng",
  "timestamp": "2025-09-24T14:06:30.834672",
  "models": {
    "qwen3-32b": 20.054197726,
    "llama-4-maverick-17b-128e-instruct": 19.147445599999998,
    "gpt-oss-120b": 20.733747000000005,
    "gemma2-9b-it": 23.433969,
    "kimi-k2-instruct-0905": 66.9842116
  },
  "average_score": 30.0707141852,
  "best_model": "kimi-k2-instruct-0905",
  "best_score": 66.9842116
}