Model,Similarity Score (%),Raw Score
deepseek-v3.1,74.77%,74.7682175
kimi-k2-instruct-0905,66.25%,66.25298755555555
llama-3.1-405b-instruct,66.15%,66.15305215000001
llama-3.3-70b-instruct,58.79%,58.79282695000001
llama-4-maverick-17b-128e-instruct,49.55%,49.546303296
qwen3-32b,40.78%,40.77666492
gemma2-9b-it,34.78%,34.77953388
gpt-oss-120b,34.05%,34.050714448
qwen3-235b-a22b,33.99%,33.989157584999994
