Model,Similarity Score (%),Raw Score
kimi-k2-instruct-0905,64.10%,64.10452615999999
llama-4-maverick-17b-128e-instruct,49.55%,49.546303296000005
qwen3-32b,40.78%,40.776664919999995
gemma2-9b-it,34.78%,34.77953388
gpt-oss-120b,34.05%,34.050714448
