Model,Similarity Score (%),Raw Score
deepseek-v3.1,73.88%,73.87510204000002
kimi-k2-instruct-0905,66.43%,66.42833006000001
llama-3.1-405b-instruct,66.30%,66.29692544000001
llama-3.3-70b-instruct,57.80%,57.80495808
llama-4-maverick-17b-128e-instruct,49.55%,49.546303296
qwen3-32b,40.78%,40.77666492
qwen3-235b-a22b,35.47%,35.471341108000004
gemma2-9b-it,34.78%,34.77953388
gpt-oss-120b,34.05%,34.050714448
