Model,Similarity Score (%),Raw Score
kimi-k2-instruct-0905,64.38%,64.38165035
llama-4-maverick-17b-128e-instruct,50.64%,50.638188770000006
qwen3-32b,38.78%,38.777333150000004
gemma2-9b-it,34.38%,34.38476405
gpt-oss-120b,33.18%,33.18476941
