Model,Similarity Score (%),Raw Score
deepseek-v3.1,72.48%,72.47689216666667
llama-3.1-405b-instruct,66.08%,66.0831074
kimi-k2-instruct-0905,65.99%,65.98746623636363
llama-3.3-70b-instruct,56.19%,56.188978466666676
llama-4-maverick-17b-128e-instruct,49.55%,49.546303296
gemma-2-27b-it,48.41%,48.405492599999995
qwen3-32b,40.78%,40.77666492
qwen3-235b-a22b,37.37%,37.365244223333335
gemma2-9b-it,34.78%,34.77953388
gpt-oss-120b,34.05%,34.050714448
