Model,Similarity Score (%),Raw Score
llama-3.1-405b-instruct,85.56%,85.55861700000001
deepseek-v3.1,77.22%,77.2226446
kimi-k2-instruct-0905,65.05%,65.0489413333333
llama-3.3-70b-instruct,56.12%,56.1245016
llama-4-maverick-17b-128e-instruct,49.55%,49.546303296000005
qwen3-32b,40.78%,40.776664919999995
gemma2-9b-it,34.78%,34.77953388
gpt-oss-120b,34.05%,34.050714448
qwen3-235b-a22b,23.06%,23.0554742
