Model,Similarity Score (%),Raw Score
deepseek-v3.1,75.17%,75.17493033333334
llama-3.1-405b-instruct,66.02%,66.0186654
kimi-k2-instruct-0905,65.73%,65.72654334999999
llama-3.3-70b-instruct,55.57%,55.566109600000004
llama-4-maverick-17b-128e-instruct,49.55%,49.546303296
qwen3-32b,40.78%,40.77666492
gemma2-9b-it,34.78%,34.77953388
gpt-oss-120b,34.05%,34.050714448
qwen3-235b-a22b,32.50%,32.49659864666666
