{
  "language_pair": "dag-eng",
  "timestamp": "2025-10-18T06:38:13.925695",
  "models": {
    "llama-3.3-70b-instruct": 55.566109600000004,
    "gpt-oss-120b": 34.050714448,
    "kimi-k2-instruct-0905": 65.72654334999999,
    "qwen3-32b": 40.77666492,
    "llama-4-maverick-17b-128e-instruct": 49.546303296,
    "llama-3.1-405b-instruct": 66.0186654,
    "gemma2-9b-it": 34.77953388,
    "qwen3-235b-a22b": 32.49659864666666,
    "deepseek-v3.1": 75.17493033333334
  },
  "average_score": 50.45956265266667,
  "best_model": "deepseek-v3.1",
  "best_score": 75.17493033333334
}