{
  "language_pair": "dag-eng",
  "timestamp": "2025-10-23T06:59:11.649165",
  "models": {
    "llama-3.3-70b-instruct": 56.188978466666676,
    "gpt-oss-120b": 34.050714448,
    "kimi-k2-instruct-0905": 65.98746623636363,
    "qwen3-32b": 40.77666492,
    "llama-4-maverick-17b-128e-instruct": 49.546303296,
    "llama-3.1-405b-instruct": 66.0831074,
    "gemma2-9b-it": 34.77953388,
    "gemma-2-27b-it": 48.405492599999995,
    "qwen3-235b-a22b": 37.365244223333335,
    "deepseek-v3.1": 72.47689216666667
  },
  "average_score": 50.56603976370303,
  "best_model": "deepseek-v3.1",
  "best_score": 72.47689216666667
}