{
  "language_pair": "dag-eng",
  "timestamp": "2025-10-05T08:22:23.785685",
  "models": {
    "gpt-oss-120b": 33.18476941,
    "kimi-k2-instruct-0905": 64.38165035,
    "qwen3-32b": 38.777333150000004,
    "llama-4-maverick-17b-128e-instruct": 50.638188770000006,
    "gemma2-9b-it": 34.38476405
  },
  "average_score": 44.273341146,
  "best_model": "kimi-k2-instruct-0905",
  "best_score": 64.38165035
}