{
  "language_pair": "dag-eng",
  "timestamp": "2025-09-25T08:31:30.716274",
  "models": {
    "gpt-oss-120b": 28.2908651,
    "kimi-k2-instruct-0905": 48.8065714,
    "qwen3-32b": 44.9148092,
    "llama-4-maverick-17b-128e-instruct": 49.86034976,
    "gemma2-9b-it": 38.525306
  },
  "average_score": 42.079580291999996,
  "best_model": "llama-4-maverick-17b-128e-instruct",
  "best_score": 49.86034976
}