{
  "language_pair": "dag-eng",
  "timestamp": "2025-10-09T07:09:24.268022",
  "models": {
    "gpt-oss-120b": 34.050714448,
    "kimi-k2-instruct-0905": 64.10452615999999,
    "qwen3-32b": 40.776664919999995,
    "llama-4-maverick-17b-128e-instruct": 49.546303296000005,
    "gemma2-9b-it": 34.77953388
  },
  "average_score": 44.65154854079999,
  "best_model": "kimi-k2-instruct-0905",
  "best_score": 64.10452615999999
}