{
  "language_pair": "dag-eng",
  "timestamp": "2026-01-29T11:31:18.149942",
  "models": {
    "bleu": {
      "gpt-4.1": 13.732391328577066,
      "claude-sonnet-4-5": 5.92856440614134,
      "llama-3.3-70b-instruct": 6.024757292375468,
      "gpt-oss-120b": 5.945972986812495,
      "kimi-k2-instruct-0905": 12.062940248564933,
      "mistral-7b-instruct-v0.3": 1.7910294929906738,
      "qwen3-32b": 5.132575833120712,
      "llama-4-maverick-17b-128e-instruct": 12.711270706947776,
      "llama-3.1-405b-instruct": 6.086557760579093,
      "gemma2-9b-it": 3.998642580092391,
      "mistral-medium-3-instruct": 6.896869224045711,
      "gemma-2-9b-it": 5.882599987827759,
      "gemma-2-27b-it": 7.50669587048804,
      "qwen3-235b-a22b": 7.999727327583865,
      "qwq-32b": 6.449052959835052,
      "deepseek-v3.1": 28.117066259517458,
      "seed-oss-36b-instruct": 3.602667533151402,
      "palmyra-med-70b": 11.986062961075742,
      "gemini-2.5-flash": 22.649264359854534
    },
    "chrf": {
      "gpt-4.1": 27.3566471228923,
      "claude-sonnet-4-5": 29.041133703451322,
      "llama-3.3-70b-instruct": 33.48019260489003,
      "gpt-oss-120b": 19.110274485237866,
      "kimi-k2-instruct-0905": 37.003261138834176,
      "mistral-7b-instruct-v0.3": 18.83302634277383,
      "qwen3-32b": 20.352537506512384,
      "llama-4-maverick-17b-128e-instruct": 30.018831564109323,
      "llama-3.1-405b-instruct": 34.46757603989635,
      "gemma2-9b-it": 20.237598395722546,
      "mistral-medium-3-instruct": 29.57531723949321,
      "gemma-2-9b-it": 24.88722195739883,
      "gemma-2-27b-it": 22.99882993036964,
      "qwen3-235b-a22b": 24.80388769770125,
      "qwq-32b": 20.084176074468065,
      "deepseek-v3.1": 33.80708954275452,
      "seed-oss-36b-instruct": 20.571898212079066,
      "palmyra-med-70b": 23.49568123187759,
      "gemini-2.5-flash": 34.96297644537693
    },
    "average": {
      "gpt-4.1": 20.544519225734682,
      "claude-sonnet-4-5": 17.48484905479633,
      "llama-3.3-70b-instruct": 19.75247494863275,
      "gpt-oss-120b": 12.528123736025181,
      "kimi-k2-instruct-0905": 24.533100693699556,
      "mistral-7b-instruct-v0.3": 10.312027917882252,
      "qwen3-32b": 12.742556669816548,
      "llama-4-maverick-17b-128e-instruct": 21.36505113552855,
      "llama-3.1-405b-instruct": 20.27706690023772,
      "gemma2-9b-it": 12.118120487907468,
      "mistral-medium-3-instruct": 18.23609323176946,
      "gemma-2-9b-it": 15.384910972613294,
      "gemma-2-27b-it": 15.252762900428841,
      "qwen3-235b-a22b": 16.401807512642556,
      "qwq-32b": 13.26661451715156,
      "deepseek-v3.1": 30.962077901135988,
      "seed-oss-36b-instruct": 12.087282872615233,
      "palmyra-med-70b": 17.740872096476664,
      "gemini-2.5-flash": 28.806120402615733
    }
  },
  "best_model": "deepseek-v3.1",
  "best_model_scores": {
    "BLEU": 28.117066259517458,
    "chrF": 33.80708954275452,
    "Average": 30.962077901135988
  }
}