{
  "language_pair": "dag-eng",
  "timestamp": "2026-01-14T12:27:17.329820",
  "models": {
    "llama-3.3-70b-instruct": 60.22526029841912,
    "gpt-oss-120b": 27.14834337569963,
    "kimi-k2-instruct-0905": 72.73281197311643,
    "mistral-7b-instruct-v0.3": 25.775698320000007,
    "qwen3-32b": 40.776664919999995,
    "llama-4-maverick-17b-128e-instruct": 65.84907021686567,
    "llama-3.1-405b-instruct": 66.37981176139705,
    "gemma2-9b-it": 34.77953388,
    "mistral-medium-3-instruct": 52.74511224279234,
    "gemma-2-9b-it": 43.117895560987904,
    "gemma-2-27b-it": 41.63895632876984,
    "qwen3-235b-a22b": 44.42429320555147,
    "qwq-32b": 27.280074804261595,
    "deepseek-v3.1": 70.61142941947094,
    "seed-oss-36b-instruct": 27.686204202167335,
    "palmyra-med-70b": 39.5519984
  },
  "average_score": 46.295197431843704,
  "best_model": "kimi-k2-instruct-0905",
  "best_score": 72.73281197311643
}