{
  "language_pair": "dag-eng",
  "timestamp": "2026-01-12T13:35:21.520853",
  "models": {
    "llama-3.3-70b-instruct": 60.24162788542969,
    "gpt-oss-120b": 27.11410927145337,
    "kimi-k2-instruct-0905": 72.64330928179349,
    "mistral-7b-instruct-v0.3": 25.775698320000007,
    "qwen3-32b": 40.776664919999995,
    "llama-4-maverick-17b-128e-instruct": 65.80462564234126,
    "llama-3.1-405b-instruct": 66.37243732558593,
    "gemma2-9b-it": 34.77953388,
    "mistral-medium-3-instruct": 52.537533440032334,
    "gemma-2-9b-it": 46.948687590517245,
    "gemma-2-27b-it": 43.05299673400423,
    "qwen3-235b-a22b": 44.16505637342773,
    "qwq-32b": 27.24829125425916,
    "deepseek-v3.1": 70.69434247339782,
    "seed-oss-36b-instruct": 27.68870146462823,
    "palmyra-med-70b": 39.5519984
  },
  "average_score": 46.58722589105441,
  "best_model": "kimi-k2-instruct-0905",
  "best_score": 72.64330928179349
}