{
  "language_pair": "dag-eng",
  "timestamp": "2026-01-16T14:45:15.403333",
  "models": {
    "chatgpt": 46.069122314453125,
    "llama-3.3-70b-instruct": 60.2253321044853,
    "gpt-oss-120b": 27.14831604652519,
    "kimi-k2-instruct-0905": 72.73418317388698,
    "claude": 47.31195259094238,
    "mistral-7b-instruct-v0.3": 25.775698320000007,
    "qwen3-32b": 40.776664919999995,
    "llama-4-maverick-17b-128e-instruct": 65.84885158347015,
    "llama-3.1-405b-instruct": 66.38254039191176,
    "gemma2-9b-it": 34.77953388,
    "mistral-medium-3-instruct": 52.74491535519152,
    "gemma-2-9b-it": 43.11793493850807,
    "gemma-2-27b-it": 41.63620490267857,
    "gemini": 65.31988525390625,
    "qwen3-235b-a22b": 44.42429320555147,
    "qwq-32b": 27.27998620484123,
    "deepseek-v3.1": 70.61136658916304,
    "seed-oss-36b-instruct": 27.68779899173387,
    "palmyra-med-70b": 39.5519984
  },
  "average_score": 47.33824100880258,
  "best_model": "kimi-k2-instruct-0905",
  "best_score": 72.73418317388698
}