{
  "language_pair": "dag-eng",
  "timestamp": "2026-01-28T14:52:43.939885",
  "models": {
    "bleu": {
      "gpt-4.1": 5.879093323150846,
      "claude-sonnet-4-5": 6.271512659749912,
      "llama-3.3-70b-instruct": 13.646803351880349,
      "gpt-oss-120b": 3.0261417486703213,
      "kimi-k2-instruct-0905": 15.463572292353428,
      "mistral-7b-instruct-v0.3": 1.8457494105231749,
      "qwen3-32b": 2.8826980465996304,
      "llama-4-maverick-17b-128e-instruct": 4.890829683946597,
      "llama-3.1-405b-instruct": 8.51968075001189,
      "gemma2-9b-it": 2.7718916579933155,
      "mistral-medium-3-instruct": 9.41724870862775,
      "gemma-2-9b-it": 5.815056476374199,
      "gemma-2-27b-it": 4.425711749587,
      "qwen3-235b-a22b": 4.675394289723119,
      "qwq-32b": 2.7111707867196504,
      "deepseek-v3.1": 7.368174857829738,
      "seed-oss-36b-instruct": 2.309695545710884,
      "palmyra-med-70b": 3.8171261303642887,
      "gemini-2.5-flash": 9.696027585765448
    },
    "chrf": {
      "gpt-4.1": 27.3566471228923,
      "claude-sonnet-4-5": 29.041133703451322,
      "llama-3.3-70b-instruct": 33.48019260489003,
      "gpt-oss-120b": 19.110274485237866,
      "kimi-k2-instruct-0905": 37.003261138834176,
      "mistral-7b-instruct-v0.3": 18.83302634277383,
      "qwen3-32b": 20.352537506512384,
      "llama-4-maverick-17b-128e-instruct": 30.018831564109323,
      "llama-3.1-405b-instruct": 34.46757603989635,
      "gemma2-9b-it": 20.237598395722546,
      "mistral-medium-3-instruct": 29.57531723949321,
      "gemma-2-9b-it": 24.88722195739883,
      "gemma-2-27b-it": 22.99882993036964,
      "qwen3-235b-a22b": 24.80388769770125,
      "qwq-32b": 20.084176074468065,
      "deepseek-v3.1": 33.80708954275452,
      "seed-oss-36b-instruct": 20.571898212079066,
      "palmyra-med-70b": 23.49568123187759,
      "gemini-2.5-flash": 34.96297644537693
    },
    "average": {
      "gpt-4.1": 16.617870223021576,
      "claude-sonnet-4-5": 17.65632318160062,
      "llama-3.3-70b-instruct": 23.563497978385193,
      "gpt-oss-120b": 11.068208116954093,
      "kimi-k2-instruct-0905": 26.23341671559381,
      "mistral-7b-instruct-v0.3": 10.339387876648503,
      "qwen3-32b": 11.617617776556008,
      "llama-4-maverick-17b-128e-instruct": 17.454830624027963,
      "llama-3.1-405b-instruct": 21.49362839495412,
      "gemma2-9b-it": 11.50474502685793,
      "mistral-medium-3-instruct": 19.49628297406048,
      "gemma-2-9b-it": 15.35113921688651,
      "gemma-2-27b-it": 13.712270839978322,
      "qwen3-235b-a22b": 14.739640993712184,
      "qwq-32b": 11.397673430593859,
      "deepseek-v3.1": 20.587632200292127,
      "seed-oss-36b-instruct": 11.440796878894973,
      "palmyra-med-70b": 13.656403681120944,
      "gemini-2.5-flash": 22.329502015571187
    }
  },
  "best_model": "kimi-k2-instruct-0905",
  "best_model_scores": {
    "BLEU": 15.463572292353428,
    "chrF": 37.003261138834176,
    "Average": 26.23341671559381
  }
}