Model,Similarity Score (%),Raw Score
qwen3-32b,43.49%,43.491843624999994
gemma2-9b-it,33.34%,33.336463972999994
llama-4-maverick-17b-128e-instruct,31.73%,31.725289200000006
kimi-k2-instruct-0905,31.28%,31.280728165
gpt-oss-120b,19.75%,19.754581965
