Model,Similarity Score (%),Raw Score
qwen3-32b,39.38%,39.379597024
gemma2-9b-it,34.09%,34.0914835424
llama-4-maverick-17b-128e-instruct,32.11%,32.10823684
kimi-k2-instruct-0905,31.93%,31.931875132
gpt-oss-120b,19.93%,19.927205434120005
