Model,Similarity Score (%),Raw Score
llama-3.3-70b-instruct,44.42%,44.41561313333334
qwen3-32b,39.38%,39.379597024
llama-3.1-405b-instruct,35.44%,35.43588436666667
kimi-k2-instruct-0905,34.91%,34.913987957500005
gemma2-9b-it,34.09%,34.0914835424
llama-4-maverick-17b-128e-instruct,32.11%,32.10823684
deepseek-v3.1,28.88%,28.87676178666666
qwen3-235b-a22b,25.68%,25.683316026666663
gpt-oss-120b,19.93%,19.92720543412
