Model,Similarity Score (%),Raw Score
llama-3.3-70b-instruct,51.38%,51.37919959999999
qwen3-32b,39.38%,39.379597024
kimi-k2-instruct-0905,35.51%,35.51213974333333
gemma2-9b-it,34.09%,34.0914835424
qwen3-235b-a22b,33.96%,33.959891199999994
llama-4-maverick-17b-128e-instruct,32.11%,32.10823684
llama-3.1-405b-instruct,30.57%,30.572270160000002
deepseek-v3.1,22.27%,22.27395766
gpt-oss-120b,19.93%,19.927205434120005
