Model,Similarity Score (%),Raw Score
qwen3-32b,39.38%,39.379597024
llama-3.3-70b-instruct,37.24%,37.23768239500001
llama-3.1-405b-instruct,35.88%,35.879475475
kimi-k2-instruct-0905,35.22%,35.22139602888889
gemma2-9b-it,34.09%,34.0914835424
llama-4-maverick-17b-128e-instruct,32.11%,32.10823684
deepseek-v3.1,27.35%,27.352315365000003
qwen3-235b-a22b,25.42%,25.41943029
gpt-oss-120b,19.93%,19.92720543412
