Model,Similarity Score (%),Raw Score
gemma2-9b-it,42.79%,42.7861034
llama-4-maverick-17b-128e-instruct,31.85%,31.850023659999998
kimi-k2-instruct-0905,31.04%,31.036355800000003
qwen3-32b,30.10%,30.104951000000003
gpt-oss-120b,23.16%,23.16265692
