Model,Similarity Score (%),Raw Score
qwen3-32b,39.38%,39.379597024
kimi-k2-instruct-0905,34.32%,34.32471090600001
llama-3.3-70b-instruct,34.25%,34.248694672
gemma2-9b-it,34.09%,34.0914835424
llama-3.1-405b-instruct,32.48%,32.4798457536
llama-4-maverick-17b-128e-instruct,32.11%,32.10823684
deepseek-v3.1,28.20%,28.202383691999998
qwen3-235b-a22b,27.22%,27.218831192000003
gpt-oss-120b,19.93%,19.92720543412
