Model,Similarity Score (%),Raw Score
qwen3-32b,39.38%,39.379597024
gemma-2-27b-it,36.82%,36.8155406
kimi-k2-instruct-0905,35.01%,35.00565836909091
llama-3.3-70b-instruct,34.26%,34.25948251
gemma2-9b-it,34.09%,34.0914835424
llama-3.1-405b-instruct,33.03%,33.03302316133333
llama-4-maverick-17b-128e-instruct,32.11%,32.10823684
deepseek-v3.1,28.73%,28.731856310000005
qwen3-235b-a22b,25.14%,25.14079561333334
gpt-oss-120b,19.93%,19.92720543412
