{
  "language_pair": "bov-eng",
  "timestamp": "2025-10-05T08:22:17.885320",
  "models": {
    "gpt-oss-120b": 19.754581965,
    "qwen3-32b": 43.491843624999994,
    "llama-4-maverick-17b-128e-instruct": 31.725289200000006,
    "gemma2-9b-it": 33.336463972999994,
    "kimi-k2-instruct-0905": 31.280728165
  },
  "average_score": 31.9177813856,
  "best_model": "qwen3-32b",
  "best_score": 43.491843624999994
}