{
  "language_pair": "bov-eng",
  "timestamp": "2026-01-16T14:45:14.955388",
  "models": {
    "gemma-2-27b-it": 27.157043099064516,
    "qwen3-235b-a22b": 31.0990742950864,
    "gemini": 44.1131591796875,
    "gpt-oss-120b": 21.723444116386855,
    "seed-oss-36b-instruct": 35.0731970187689,
    "palmyra-med-70b": 38.1173598,
    "claude": 41.908355712890625,
    "chatgpt": 39.113372802734375,
    "llama-3.1-405b-instruct": 31.423898798233456,
    "mistral-7b-instruct-v0.3": 29.709917499999992,
    "llama-3.3-70b-instruct": 28.08982742053079,
    "mistral-medium-3-instruct": 26.278992897580807,
    "deepseek-v3.1": 28.22660132445291,
    "qwen3-32b": 39.379597024,
    "llama-4-maverick-17b-128e-instruct": 35.06234136924907,
    "gemma2-9b-it": 34.0914835424,
    "kimi-k2-instruct-0905": 31.696873517349637,
    "gemma-2-9b-it": 30.155440477345643,
    "qwq-32b": 23.774728765962546
  },
  "average_score": 32.43130045588022,
  "best_model": "gemini",
  "best_score": 44.1131591796875
}