{
  "language_pair": "bov-eng",
  "timestamp": "2026-01-14T12:27:16.908215",
  "models": {
    "gemma-2-27b-it": 27.157184787820093,
    "qwen3-235b-a22b": 31.098508822315257,
    "gpt-oss-120b": 21.722949059779026,
    "seed-oss-36b-instruct": 35.07295337036291,
    "palmyra-med-70b": 38.1173598,
    "llama-3.1-405b-instruct": 31.423701331551467,
    "mistral-7b-instruct-v0.3": 29.709917499999992,
    "llama-3.3-70b-instruct": 28.089541318235867,
    "mistral-medium-3-instruct": 26.278288755225653,
    "deepseek-v3.1": 28.228561756281128,
    "qwen3-32b": 39.379597024,
    "llama-4-maverick-17b-128e-instruct": 35.06191321218283,
    "gemma2-9b-it": 34.0914835424,
    "kimi-k2-instruct-0905": 31.696051528473085,
    "gemma-2-9b-it": 30.155440477345643,
    "qwq-32b": 23.774728765962546
  },
  "average_score": 30.691136315745965,
  "best_model": "qwen3-32b",
  "best_score": 39.379597024
}