{
  "language_pair": "bov-eng",
  "timestamp": "2026-01-12T13:35:20.793186",
  "models": {
    "gemma-2-27b-it": 27.943583478000033,
    "qwen3-235b-a22b": 31.04299245934229,
    "gpt-oss-120b": 21.88685739958565,
    "seed-oss-36b-instruct": 35.16065570409483,
    "palmyra-med-70b": 38.1173598,
    "llama-3.1-405b-instruct": 31.520607698342772,
    "mistral-7b-instruct-v0.3": 29.709917499999992,
    "llama-3.3-70b-instruct": 28.254518563406368,
    "mistral-medium-3-instruct": 26.506968167856947,
    "deepseek-v3.1": 28.311845754183658,
    "qwen3-32b": 39.379597024,
    "llama-4-maverick-17b-128e-instruct": 35.25521789219742,
    "gemma2-9b-it": 34.0914835424,
    "kimi-k2-instruct-0905": 31.617265807842504,
    "gemma-2-9b-it": 32.7910826378253,
    "qwq-32b": 23.60991345456341
  },
  "average_score": 30.949991680227576,
  "best_model": "qwen3-32b",
  "best_score": 39.379597024
}