{
  "language_pair": "bov-eng",
  "timestamp": "2026-01-19T11:10:33.871794",
  "models": {
    "gemma-2-27b-it": 28.047646825080847,
    "qwen3-235b-a22b": 32.266802405298165,
    "gemini-2.5-flash": 44.53400166829427,
    "gpt-oss-120b": 21.722989768861787,
    "seed-oss-36b-instruct": 35.070846673034275,
    "palmyra-med-70b": 38.1173598,
    "llama-3.1-405b-instruct": 31.425945271119488,
    "mistral-7b-instruct-v0.3": 29.709917499999992,
    "llama-3.3-70b-instruct": 28.08991269023437,
    "gpt-4.1": 38.7259407043457,
    "mistral-medium-3-instruct": 26.280691591502293,
    "deepseek-v3.1": 28.224127381079178,
    "claude-sonnet-4-5": 41.532148361206055,
    "qwen3-32b": 39.379597024,
    "llama-4-maverick-17b-128e-instruct": 35.06197698025653,
    "gemma2-9b-it": 34.0914835424,
    "kimi-k2-instruct-0905": 31.69578815759338,
    "gemma-2-9b-it": 32.798191732211485,
    "qwq-32b": 23.851669635755304
  },
  "average_score": 32.66458093222491,
  "best_model": "gemini-2.5-flash",
  "best_score": 44.53400166829427
}