{
  "language_pair": "bov-eng",
  "timestamp": "2026-01-28T14:52:41.354059",
  "models": {
    "bleu": {
      "gemma-2-27b-it": 2.3726790873142756,
      "qwen3-235b-a22b": 2.37979844518294,
      "gemini-2.5-flash": 5.750359469184087,
      "gpt-oss-120b": 2.433365899784968,
      "seed-oss-36b-instruct": 2.437603346229159,
      "palmyra-med-70b": 3.0085685578968127,
      "llama-3.1-405b-instruct": 1.9291286036409145,
      "mistral-7b-instruct-v0.3": 2.0607263530670954,
      "llama-3.3-70b-instruct": 2.8629265153502454,
      "gpt-4.1": 5.64351680054996,
      "mistral-medium-3-instruct": 1.957654176334825,
      "deepseek-v3.1": 2.055989536823207,
      "claude-sonnet-4-5": 5.259504347768872,
      "qwen3-32b": 2.8415850120972697,
      "llama-4-maverick-17b-128e-instruct": 2.121192393952494,
      "gemma2-9b-it": 6.977051287104327,
      "kimi-k2-instruct-0905": 2.5249119978292027,
      "gemma-2-9b-it": 1.9376827784314896,
      "qwq-32b": 1.9610241061285463
    },
    "chrf": {
      "gemma-2-27b-it": 17.637873942335464,
      "qwen3-235b-a22b": 19.05328938087477,
      "gemini-2.5-flash": 26.112726672153542,
      "gpt-oss-120b": 17.691813675348513,
      "seed-oss-36b-instruct": 20.55924720893972,
      "palmyra-med-70b": 22.974963557810703,
      "llama-3.1-405b-instruct": 20.169340049212458,
      "mistral-7b-instruct-v0.3": 18.476229562582297,
      "llama-3.3-70b-instruct": 20.558711079596044,
      "gpt-4.1": 24.721415848778616,
      "mistral-medium-3-instruct": 19.18052660978552,
      "deepseek-v3.1": 18.955965344222264,
      "claude-sonnet-4-5": 24.984568197111354,
      "qwen3-32b": 22.006870928554253,
      "llama-4-maverick-17b-128e-instruct": 20.256691317065094,
      "gemma2-9b-it": 23.53864026125939,
      "kimi-k2-instruct-0905": 19.96672867799107,
      "gemma-2-9b-it": 17.867455184691472,
      "qwq-32b": 18.7567809053848
    },
    "average": {
      "gemma-2-27b-it": 10.00527651482487,
      "qwen3-235b-a22b": 10.716543913028856,
      "gemini-2.5-flash": 15.931543070668816,
      "gpt-oss-120b": 10.062589787566742,
      "seed-oss-36b-instruct": 11.498425277584442,
      "palmyra-med-70b": 12.991766057853761,
      "llama-3.1-405b-instruct": 11.049234326426685,
      "mistral-7b-instruct-v0.3": 10.268477957824697,
      "llama-3.3-70b-instruct": 11.710818797473145,
      "gpt-4.1": 15.182466324664286,
      "mistral-medium-3-instruct": 10.569090393060172,
      "deepseek-v3.1": 10.505977440522734,
      "claude-sonnet-4-5": 15.122036272440115,
      "qwen3-32b": 12.424227970325763,
      "llama-4-maverick-17b-128e-instruct": 11.188941855508794,
      "gemma2-9b-it": 15.257845774181856,
      "kimi-k2-instruct-0905": 11.245820337910137,
      "gemma-2-9b-it": 9.902568981561481,
      "qwq-32b": 10.358902505756674
    }
  },
  "best_model": "gemini-2.5-flash",
  "best_model_scores": {
    "BLEU": 5.750359469184087,
    "chrF": 26.112726672153542,
    "Average": 15.931543070668816
  }
}