{
  "language_pair": "bov-eng",
  "timestamp": "2025-10-17T06:39:24.443004",
  "models": {
    "qwen3-235b-a22b": 33.959891199999994,
    "gpt-oss-120b": 19.927205434120005,
    "llama-3.1-405b-instruct": 30.572270160000002,
    "llama-3.3-70b-instruct": 51.37919959999999,
    "deepseek-v3.1": 22.27395766,
    "qwen3-32b": 39.379597024,
    "llama-4-maverick-17b-128e-instruct": 32.10823684,
    "gemma2-9b-it": 34.0914835424,
    "kimi-k2-instruct-0905": 35.51213974333333
  },
  "average_score": 33.24488680042814,
  "best_model": "llama-3.3-70b-instruct",
  "best_score": 51.37919959999999
}