Model,Similarity Score (%),Raw Score
qwen3-235b-a22b,46.64%,46.63707755
deepseek-v3.1,45.80%,45.799130770000005
kimi-k2-instruct-0905,43.85%,43.8456730548889
llama-3.1-405b-instruct,38.85%,38.84770728
qwen3-32b,38.61%,38.611838168
llama-4-maverick-17b-128e-instruct,35.01%,35.010318296
gemma2-9b-it,34.12%,34.117064768000006
llama-3.3-70b-instruct,32.67%,32.666283695000004
gpt-oss-120b,24.24%,24.2414301628
