Model,Similarity Score (%),Raw Score
deepseek-v3.1,61.47%,61.471374
qwen3-235b-a22b,56.79%,56.7924744
kimi-k2-instruct-0905,42.68%,42.68019456666667
llama-3.1-405b-instruct,40.22%,40.21689979999999
qwen3-32b,38.61%,38.61183816799999
llama-4-maverick-17b-128e-instruct,35.01%,35.010318296
gemma2-9b-it,34.12%,34.11706476799999
llama-3.3-70b-instruct,30.22%,30.221262060000004
gpt-oss-120b,24.24%,24.2414301628
