Model,Similarity Score (%),Raw Score
kimi-k2-instruct-0905,44.46%,44.45973448
qwen3-32b,38.61%,38.61183816799999
llama-4-maverick-17b-128e-instruct,35.01%,35.010318296
gemma2-9b-it,34.12%,34.11706476799999
gpt-oss-120b,24.24%,24.2414301628
