Model,Similarity Score (%),Raw Score
deepseek-v3.1,48.97%,48.96542122666668
qwen3-235b-a22b,46.38%,46.37835700000001
kimi-k2-instruct-0905,43.96%,43.96152243675
llama-3.1-405b-instruct,40.37%,40.36729930666667
qwen3-32b,38.61%,38.611838168
llama-4-maverick-17b-128e-instruct,35.01%,35.010318296
gemma2-9b-it,34.12%,34.117064768000006
llama-3.3-70b-instruct,30.08%,30.08145979333333
gpt-oss-120b,24.24%,24.2414301628
