Model,Similarity Score (%),Raw Score
qwen3-32b,47.54%,47.5421694
kimi-k2-instruct-0905,43.39%,43.388779799999995
llama-4-maverick-17b-128e-instruct,39.57%,39.57132972
gemma2-9b-it,24.83%,24.830141199999993
gpt-oss-120b,11.03%,11.02732934
