Model,Similarity Score (%),Raw Score
deepseek-v3.1,44.01%,44.012060655999996
qwen3-235b-a22b,43.55%,43.55413328
kimi-k2-instruct-0905,42.06%,42.0581690294
qwen3-32b,38.61%,38.611838168
llama-3.1-405b-instruct,36.40%,36.400756697199995
llama-3.3-70b-instruct,35.54%,35.539539436
llama-4-maverick-17b-128e-instruct,35.01%,35.010318296
gemma2-9b-it,34.12%,34.117064768000006
gpt-oss-120b,24.24%,24.2414301628
