{
  "language_pair": "xon-eng",
  "timestamp": "2026-01-14T12:27:14.299980",
  "models": {
    "palmyra-med-70b": 37.1627037,
    "qwen3-32b": 38.611838168,
    "gemma2-9b-it": 34.11706476799999,
    "gemma-2-27b-it": 26.22179826292938,
    "qwen3-235b-a22b": 36.8979270789591,
    "mistral-7b-instruct-v0.3": 29.0111185,
    "mistral-medium-3-instruct": 28.317837844887773,
    "llama-4-maverick-17b-128e-instruct": 31.352288549937963,
    "seed-oss-36b-instruct": 29.45676855850694,
    "gemma-2-9b-it": 28.367739660441472,
    "qwq-32b": 28.10221308405754,
    "llama-3.3-70b-instruct": 29.592849065645684,
    "gpt-oss-120b": 26.04628117874908,
    "deepseek-v3.1": 30.393269552641318,
    "kimi-k2-instruct-0905": 36.11255422939555,
    "llama-3.1-405b-instruct": 31.817696039683824
  },
  "average_score": 31.348871765114726,
  "best_model": "qwen3-32b",
  "best_score": 38.611838168
}