{
  "language_pair": "xon-eng",
  "timestamp": "2026-01-28T14:52:25.773788",
  "models": {
    "bleu": {
      "palmyra-med-70b": 4.582140657504345,
      "qwen3-32b": 2.435177028023619,
      "gemma2-9b-it": 2.662628800128342,
      "gpt-4.1": 5.158108005610575,
      "gemma-2-27b-it": 2.2180928980632437,
      "qwen3-235b-a22b": 2.6661674855336823,
      "gemini-2.5-flash": 7.507110585276253,
      "mistral-7b-instruct-v0.3": 2.6390288129067754,
      "mistral-medium-3-instruct": 2.4771557500304002,
      "llama-4-maverick-17b-128e-instruct": 2.4972762152875925,
      "seed-oss-36b-instruct": 2.4872133215773133,
      "gemma-2-9b-it": 2.091287914348178,
      "qwq-32b": 2.082071952794095,
      "claude-sonnet-4-5": 5.286425650905473,
      "llama-3.3-70b-instruct": 2.6869103862669004,
      "gpt-oss-120b": 2.3111909556039927,
      "deepseek-v3.1": 2.647118568809349,
      "kimi-k2-instruct-0905": 2.7056603281825344,
      "llama-3.1-405b-instruct": 2.4890843003427148
    },
    "chrf": {
      "palmyra-med-70b": 23.171976018487108,
      "qwen3-32b": 22.144523242527256,
      "gemma2-9b-it": 19.758568310580557,
      "gpt-4.1": 24.995082040171482,
      "gemma-2-27b-it": 18.949189255039492,
      "qwen3-235b-a22b": 20.95019582408254,
      "gemini-2.5-flash": 30.062899191556994,
      "mistral-7b-instruct-v0.3": 20.634612406028694,
      "mistral-medium-3-instruct": 21.165638206316206,
      "llama-4-maverick-17b-128e-instruct": 21.08473512339411,
      "seed-oss-36b-instruct": 20.523713073070326,
      "gemma-2-9b-it": 15.773124366568265,
      "qwq-32b": 19.939294847291375,
      "claude-sonnet-4-5": 27.747167473378727,
      "llama-3.3-70b-instruct": 21.28565156544417,
      "gpt-oss-120b": 17.743777358993793,
      "deepseek-v3.1": 20.58169442451666,
      "kimi-k2-instruct-0905": 20.25131603250573,
      "llama-3.1-405b-instruct": 20.40913256662412
    },
    "average": {
      "palmyra-med-70b": 13.877058337995729,
      "qwen3-32b": 12.28985013527544,
      "gemma2-9b-it": 11.21059855535445,
      "gpt-4.1": 15.076595022891027,
      "gemma-2-27b-it": 10.583641076551368,
      "qwen3-235b-a22b": 11.808181654808113,
      "gemini-2.5-flash": 18.785004888416623,
      "mistral-7b-instruct-v0.3": 11.636820609467735,
      "mistral-medium-3-instruct": 11.821396978173302,
      "llama-4-maverick-17b-128e-instruct": 11.791005669340853,
      "seed-oss-36b-instruct": 11.505463197323818,
      "gemma-2-9b-it": 8.932206140458224,
      "qwq-32b": 11.010683400042737,
      "claude-sonnet-4-5": 16.516796562142098,
      "llama-3.3-70b-instruct": 11.986280975855534,
      "gpt-oss-120b": 10.027484157298892,
      "deepseek-v3.1": 11.614406496663005,
      "kimi-k2-instruct-0905": 11.478488180344133,
      "llama-3.1-405b-instruct": 11.449108433483415
    }
  },
  "best_model": "gemini-2.5-flash",
  "best_model_scores": {
    "BLEU": 7.507110585276253,
    "chrF": 30.062899191556994,
    "Average": 18.785004888416623
  }
}