{
  "language_pair": "xon-eng",
  "timestamp": "2026-01-12T13:35:15.987624",
  "models": {
    "palmyra-med-70b": 37.1627037,
    "qwen3-32b": 38.611838168,
    "gemma2-9b-it": 34.11706476799999,
    "gemma-2-27b-it": 26.94822155404937,
    "qwen3-235b-a22b": 36.9292373258011,
    "mistral-7b-instruct-v0.3": 29.0111185,
    "mistral-medium-3-instruct": 28.317641612917566,
    "llama-4-maverick-17b-128e-instruct": 31.496660409060016,
    "seed-oss-36b-instruct": 29.58527227145744,
    "gemma-2-9b-it": 30.61962673380927,
    "qwq-32b": 28.028037790926724,
    "llama-3.3-70b-instruct": 29.874236826312007,
    "gpt-oss-120b": 25.97485198162599,
    "deepseek-v3.1": 30.07220200101563,
    "kimi-k2-instruct-0905": 36.120848227191175,
    "llama-3.1-405b-instruct": 31.83732965394444
  },
  "average_score": 31.544180720256918,
  "best_model": "qwen3-32b",
  "best_score": 38.611838168
}