{
  "language_pair": "xon-eng",
  "timestamp": "2025-11-07T13:48:47.629239",
  "models": {
    "palmyra-med-70b": 37.1627037,
    "qwen3-32b": 38.611838168,
    "gemma2-9b-it": 34.11706476799999,
    "gemma-2-27b-it": 30.257744928841397,
    "qwen3-235b-a22b": 38.54133318684488,
    "mistral-7b-instruct-v0.3": 29.0111185,
    "mistral-medium-3-instruct": 40.90497820833067,
    "llama-4-maverick-17b-128e-instruct": 37.856691256696315,
    "seed-oss-36b-instruct": 34.4137188273473,
    "gemma-2-9b-it": 39.61098204144974,
    "qwq-32b": 29.80225158380167,
    "llama-3.3-70b-instruct": 32.84282128454768,
    "gpt-oss-120b": 24.15595593018338,
    "deepseek-v3.1": 44.660345090182844,
    "kimi-k2-instruct-0905": 40.765298323606686,
    "llama-3.1-405b-instruct": 34.07029641753559
  },
  "average_score": 35.42407138846051,
  "best_model": "deepseek-v3.1",
  "best_score": 44.660345090182844
}