{
  "language_pair": "xon-eng",
  "timestamp": "2026-01-16T11:13:51.392327",
  "models": {
    "palmyra-med-70b": 37.1627037,
    "qwen3-32b": 38.611838168,
    "gemma2-9b-it": 34.11706476799999,
    "gemma-2-27b-it": 26.221706225789003,
    "qwen3-235b-a22b": 36.89824010852883,
    "chatgpt": 40.32083511352539,
    "mistral-7b-instruct-v0.3": 29.0111185,
    "mistral-medium-3-instruct": 28.31717541968006,
    "llama-4-maverick-17b-128e-instruct": 31.352091083255974,
    "seed-oss-36b-instruct": 29.454797026078865,
    "gemma-2-9b-it": 28.367855917881947,
    "gemini": 58.628204345703125,
    "claude": 50.56155347824096,
    "qwq-32b": 28.10217433157738,
    "llama-3.3-70b-instruct": 29.593064483844213,
    "gpt-oss-120b": 26.04720119397197,
    "deepseek-v3.1": 30.39155602428869,
    "kimi-k2-instruct-0905": 36.11242045371061,
    "llama-3.1-405b-instruct": 31.823368718911766
  },
  "average_score": 34.268156266367825,
  "best_model": "gemini",
  "best_score": 58.628204345703125
}