{
  "language_pair": "xon-eng",
  "timestamp": "2026-01-16T14:45:12.300699",
  "models": {
    "palmyra-med-70b": 37.1627037,
    "qwen3-32b": 38.611838168,
    "gemma2-9b-it": 34.11706476799999,
    "gemma-2-27b-it": 26.21976860178107,
    "qwen3-235b-a22b": 36.89816044867417,
    "chatgpt": 40.32364273071289,
    "mistral-7b-instruct-v0.3": 29.0111185,
    "mistral-medium-3-instruct": 28.317929882028146,
    "llama-4-maverick-17b-128e-instruct": 31.352378307520677,
    "seed-oss-36b-instruct": 29.456071013864086,
    "gemma-2-9b-it": 28.367720284201386,
    "gemini": 58.628204345703125,
    "claude": 50.56094312667847,
    "qwq-32b": 28.10279437125992,
    "llama-3.3-70b-instruct": 29.59323502325138,
    "gpt-oss-120b": 26.04597600296783,
    "deepseek-v3.1": 30.39309901323415,
    "kimi-k2-instruct-0905": 36.11283850272603,
    "llama-3.1-405b-instruct": 31.8199220277353
  },
  "average_score": 34.2681794114915,
  "best_model": "gemini",
  "best_score": 58.628204345703125
}