{
  "language_pair": "xon-eng",
  "timestamp": "2026-01-29T11:31:02.245765",
  "models": {
    "bleu": {
      "palmyra-med-70b": 7.548154617695621,
      "qwen3-32b": 5.805571870504628,
      "gemma2-9b-it": 4.085459823183673,
      "gpt-4.1": 11.96655750514248,
      "gemma-2-27b-it": 4.17451108009627,
      "qwen3-235b-a22b": 5.145666457583597,
      "gemini-2.5-flash": 34.19372521950974,
      "mistral-7b-instruct-v0.3": 5.528849622582643,
      "mistral-medium-3-instruct": 3.2266797542258465,
      "llama-4-maverick-17b-128e-instruct": 5.266930650566721,
      "seed-oss-36b-instruct": 4.091806534297077,
      "gemma-2-9b-it": 4.4638739708296455,
      "qwq-32b": 3.3985054497579115,
      "claude-sonnet-4-5": 7.479205385914791,
      "llama-3.3-70b-instruct": 3.4424984931211386,
      "gpt-oss-120b": 7.575132471451447,
      "deepseek-v3.1": 3.856691306251334,
      "kimi-k2-instruct-0905": 8.886352283880255,
      "llama-3.1-405b-instruct": 6.79685676704184
    },
    "chrf": {
      "palmyra-med-70b": 23.171976018487108,
      "qwen3-32b": 22.144523242527256,
      "gemma2-9b-it": 19.758568310580557,
      "gpt-4.1": 24.995082040171482,
      "gemma-2-27b-it": 18.949189255039492,
      "qwen3-235b-a22b": 20.95019582408254,
      "gemini-2.5-flash": 30.062899191556994,
      "mistral-7b-instruct-v0.3": 20.634612406028694,
      "mistral-medium-3-instruct": 21.165638206316206,
      "llama-4-maverick-17b-128e-instruct": 21.08473512339411,
      "seed-oss-36b-instruct": 20.523713073070326,
      "gemma-2-9b-it": 15.773124366568265,
      "qwq-32b": 19.939294847291375,
      "claude-sonnet-4-5": 27.747167473378727,
      "llama-3.3-70b-instruct": 21.28565156544417,
      "gpt-oss-120b": 17.743777358993793,
      "deepseek-v3.1": 20.58169442451666,
      "kimi-k2-instruct-0905": 20.25131603250573,
      "llama-3.1-405b-instruct": 20.40913256662412
    },
    "average": {
      "palmyra-med-70b": 15.360065318091365,
      "qwen3-32b": 13.975047556515943,
      "gemma2-9b-it": 11.922014066882115,
      "gpt-4.1": 18.480819772656982,
      "gemma-2-27b-it": 11.561850167567881,
      "qwen3-235b-a22b": 13.04793114083307,
      "gemini-2.5-flash": 32.12831220553336,
      "mistral-7b-instruct-v0.3": 13.081731014305669,
      "mistral-medium-3-instruct": 12.196158980271026,
      "llama-4-maverick-17b-128e-instruct": 13.175832886980416,
      "seed-oss-36b-instruct": 12.307759803683702,
      "gemma-2-9b-it": 10.118499168698955,
      "qwq-32b": 11.668900148524644,
      "claude-sonnet-4-5": 17.61318642964676,
      "llama-3.3-70b-instruct": 12.364075029282654,
      "gpt-oss-120b": 12.65945491522262,
      "deepseek-v3.1": 12.219192865383997,
      "kimi-k2-instruct-0905": 14.568834158192992,
      "llama-3.1-405b-instruct": 13.60299466683298
    }
  },
  "best_model": "gemini-2.5-flash",
  "best_model_scores": {
    "BLEU": 34.19372521950974,
    "chrF": 30.062899191556994,
    "Average": 32.12831220553336
  }
}