Model,Similarity Score (%),Raw Score
llama-3.1-405b-instruct,41.56%,41.558834850000004
kimi-k2-instruct-0905,38.32%,38.31647258666667
llama-3.3-70b-instruct,36.72%,36.721438174999996
qwen3-235b-a22b,35.95%,35.950864460000005
qwen3-32b,35.12%,35.1244874792
deepseek-v3.1,33.95%,33.954226655
llama-4-maverick-17b-128e-instruct,32.69%,32.689593232
gemma2-9b-it,31.77%,31.769398736
gpt-oss-120b,28.43%,28.430716420000003
