Model,Similarity Score (%),Raw Score
llama-3.1-405b-instruct,44.45%,44.44836080000001
deepseek-v3.1,41.23%,41.2346562
kimi-k2-instruct-0905,36.65%,36.64752631333334
qwen3-32b,35.12%,35.1244874792
qwen3-235b-a22b,34.37%,34.371102799999996
llama-4-maverick-17b-128e-instruct,32.69%,32.689593232
gemma2-9b-it,31.77%,31.769398736000003
llama-3.3-70b-instruct,30.18%,30.1779843
gpt-oss-120b,28.43%,28.430716420000003
