Model,Similarity Score (%),Raw Score
kimi-k2-instruct-0905,35.17%,35.16617007
llama-4-maverick-17b-128e-instruct,34.57%,34.57034073999999
qwen3-32b,33.69%,33.694071148999996
gemma2-9b-it,29.75%,29.749327270000002
gpt-oss-120b,24.80%,24.797409475
