Model,Similarity Score (%),Raw Score
llama-3.1-405b-instruct,40.59%,40.59065273333333
gemma-2-27b-it,39.44%,39.4417356
llama-3.3-70b-instruct,36.76%,36.75649069666667
kimi-k2-instruct-0905,35.84%,35.839140518181814
deepseek-v3.1,35.60%,35.59841315333333
qwen3-235b-a22b,35.55%,35.54685868999999
qwen3-32b,35.12%,35.1244874792
llama-4-maverick-17b-128e-instruct,32.69%,32.689593232
gemma2-9b-it,31.77%,31.769398736
gpt-oss-120b,28.43%,28.430716420000003
