Model,Similarity Score (%),Raw Score
qwen3-32b,35.12%,35.1244874792
kimi-k2-instruct-0905,34.84%,34.83575733600001
llama-4-maverick-17b-128e-instruct,32.69%,32.689593232
gemma2-9b-it,31.77%,31.769398736000003
gpt-oss-120b,28.43%,28.430716420000003
