Model,Similarity Score (%),Raw Score
llama-3.1-405b-instruct,41.01%,41.011821239999996
llama-3.3-70b-instruct,38.30%,38.3023761
kimi-k2-instruct-0905,35.83%,35.825996833999994
deepseek-v3.1,35.51%,35.514790244
qwen3-235b-a22b,35.28%,35.28355534799999
qwen3-32b,35.12%,35.1244874792
llama-4-maverick-17b-128e-instruct,32.69%,32.689593232
gemma2-9b-it,31.77%,31.769398736
gpt-oss-120b,28.43%,28.430716420000003
