Model,Similarity Score (%),Raw Score
llama-3.3-70b-instruct,38.35%,38.35451943333334
kimi-k2-instruct-0905,37.96%,37.960720959999996
deepseek-v3.1,37.59%,37.59249940666666
llama-3.1-405b-instruct,36.26%,36.2648248
qwen3-32b,35.12%,35.1244874792
qwen3-235b-a22b,34.75%,34.75367608
llama-4-maverick-17b-128e-instruct,32.69%,32.689593232
gemma2-9b-it,31.77%,31.769398736
gpt-oss-120b,28.43%,28.430716420000003
