{
  "language_pair": "cko-eng",
  "timestamp": "2025-10-18T17:12:00.118692",
  "models": {
    "kimi-k2-instruct-0905": 38.31647258666667,
    "qwen3-32b": 35.1244874792,
    "deepseek-v3.1": 33.954226655,
    "llama-3.3-70b-instruct": 36.721438174999996,
    "llama-3.1-405b-instruct": 41.558834850000004,
    "gemma2-9b-it": 31.769398736,
    "gpt-oss-120b": 28.430716420000003,
    "llama-4-maverick-17b-128e-instruct": 32.689593232,
    "qwen3-235b-a22b": 35.950864460000005
  },
  "average_score": 34.94622584376296,
  "best_model": "llama-3.1-405b-instruct",
  "best_score": 41.558834850000004
}