{
  "language_pair": "cko-eng",
  "timestamp": "2026-01-16T11:13:53.799837",
  "models": {
    "kimi-k2-instruct-0905": 45.96559265736301,
    "qwen3-32b": 35.1244874792,
    "deepseek-v3.1": 39.53422729410156,
    "chatgpt": 41.2755126953125,
    "gemma-2-9b-it": 34.61166387987992,
    "llama-3.3-70b-instruct": 43.76411988133574,
    "llama-3.1-405b-instruct": 42.90294090675552,
    "gemma2-9b-it": 31.769398736,
    "qwq-32b": 36.61599072984879,
    "seed-oss-36b-instruct": 40.047118487459045,
    "gemma-2-27b-it": 39.89062203477888,
    "mistral-medium-3-instruct": 41.673549193334175,
    "gemini": 54.373077392578125,
    "palmyra-med-70b": 32.3236203,
    "claude": 45.445563316345215,
    "gpt-oss-120b": 30.98443140408815,
    "llama-4-maverick-17b-128e-instruct": 43.542916747933766,
    "qwen3-235b-a22b": 44.58841952446232,
    "mistral-7b-instruct-v0.3": 22.8968143
  },
  "average_score": 39.33316141898825,
  "best_model": "gemini",
  "best_score": 54.373077392578125
}