{
  "language_pair": "cko-eng",
  "timestamp": "2026-01-28T14:52:38.030840",
  "models": {
    "bleu": {
      "gemini-2.5-flash": 7.50106334784335,
      "kimi-k2-instruct-0905": 6.23639384973611,
      "qwen3-32b": 2.407630187423449,
      "deepseek-v3.1": 2.2703187206728352,
      "gemma-2-9b-it": 1.8916186519706062,
      "claude-sonnet-4-5": 5.635240386920694,
      "llama-3.3-70b-instruct": 2.808348939159052,
      "llama-3.1-405b-instruct": 2.2703916305489518,
      "gemma2-9b-it": 2.7372459099636526,
      "qwq-32b": 2.2070218670998414,
      "seed-oss-36b-instruct": 1.957850462075599,
      "gemma-2-27b-it": 2.4881872268111795,
      "mistral-medium-3-instruct": 2.4961024400890732,
      "palmyra-med-70b": 2.2946696059216363,
      "gpt-4.1": 4.821960070863427,
      "gpt-oss-120b": 2.5079094355037634,
      "llama-4-maverick-17b-128e-instruct": 2.947501653275687,
      "qwen3-235b-a22b": 2.3225060839474176,
      "mistral-7b-instruct-v0.3": 1.8831219859179982
    },
    "chrf": {
      "gemini-2.5-flash": 30.260245870747227,
      "kimi-k2-instruct-0905": 27.803185648348776,
      "qwen3-32b": 22.074699173620928,
      "deepseek-v3.1": 23.815101454902255,
      "gemma-2-9b-it": 20.64185768069111,
      "claude-sonnet-4-5": 27.600230094487802,
      "llama-3.3-70b-instruct": 25.64422358338445,
      "llama-3.1-405b-instruct": 23.970227539803297,
      "gemma2-9b-it": 21.150078520055963,
      "qwq-32b": 23.65122663544582,
      "seed-oss-36b-instruct": 23.1958354506051,
      "gemma-2-27b-it": 23.356332169170276,
      "mistral-medium-3-instruct": 24.471469924395862,
      "palmyra-med-70b": 21.52061243683173,
      "gpt-4.1": 24.757041281019216,
      "gpt-oss-120b": 20.15034771117507,
      "llama-4-maverick-17b-128e-instruct": 25.67746210880209,
      "qwen3-235b-a22b": 24.1141963669467,
      "mistral-7b-instruct-v0.3": 17.975031147388655
    },
    "average": {
      "gemini-2.5-flash": 18.880654609295284,
      "kimi-k2-instruct-0905": 17.019789749042445,
      "qwen3-32b": 12.241164680522187,
      "deepseek-v3.1": 13.042710087787544,
      "gemma-2-9b-it": 11.266738166330859,
      "claude-sonnet-4-5": 16.61773524070425,
      "llama-3.3-70b-instruct": 14.226286261271749,
      "llama-3.1-405b-instruct": 13.120309585176125,
      "gemma2-9b-it": 11.943662215009809,
      "qwq-32b": 12.92912425127283,
      "seed-oss-36b-instruct": 12.576842956340348,
      "gemma-2-27b-it": 12.922259697990729,
      "mistral-medium-3-instruct": 13.483786182242467,
      "palmyra-med-70b": 11.907641021376682,
      "gpt-4.1": 14.789500675941326,
      "gpt-oss-120b": 11.329128573339416,
      "llama-4-maverick-17b-128e-instruct": 14.31248188103889,
      "qwen3-235b-a22b": 13.218351225447059,
      "mistral-7b-instruct-v0.3": 9.929076566653329
    }
  },
  "best_model": "gemini-2.5-flash",
  "best_model_scores": {
    "BLEU": 7.50106334784335,
    "chrF": 30.260245870747227,
    "Average": 18.880654609295284
  }
}