{
  "language_pair": "cko-eng",
  "timestamp": "2026-01-12T13:35:19.301280",
  "models": {
    "kimi-k2-instruct-0905": 45.93534140516304,
    "qwen3-32b": 35.1244874792,
    "deepseek-v3.1": 39.56544116886719,
    "gemma-2-9b-it": 37.55216933940289,
    "llama-3.3-70b-instruct": 43.41792482541534,
    "llama-3.1-405b-instruct": 42.81702165556641,
    "gemma2-9b-it": 31.769398736,
    "qwq-32b": 36.543006961487066,
    "seed-oss-36b-instruct": 39.89977957522562,
    "gemma-2-27b-it": 41.27121715410909,
    "mistral-medium-3-instruct": 41.552434102007005,
    "palmyra-med-70b": 32.3236203,
    "gpt-oss-120b": 31.127922824771826,
    "llama-4-maverick-17b-128e-instruct": 43.282547157772825,
    "qwen3-235b-a22b": 44.48624921153809,
    "mistral-7b-instruct-v0.3": 22.8968143
  },
  "average_score": 38.0978360122829,
  "best_model": "kimi-k2-instruct-0905",
  "best_score": 45.93534140516304
}