{
  "language_pair": "cko-eng",
  "timestamp": "2026-01-16T14:45:14.406404",
  "models": {
    "kimi-k2-instruct-0905": 45.96559265736301,
    "qwen3-32b": 35.1244874792,
    "deepseek-v3.1": 39.534137536518834,
    "chatgpt": 41.2755126953125,
    "gemma-2-9b-it": 34.61166387987992,
    "llama-3.3-70b-instruct": 43.764117356903725,
    "llama-3.1-405b-instruct": 42.90265368249081,
    "gemma2-9b-it": 31.769398736,
    "qwq-32b": 36.61658139265121,
    "seed-oss-36b-instruct": 40.04658812148437,
    "gemma-2-27b-it": 39.890272051442444,
    "mistral-medium-3-instruct": 41.6749224843498,
    "gemini": 54.373077392578125,
    "palmyra-med-70b": 32.3236203,
    "claude": 45.445563316345215,
    "gpt-oss-120b": 30.98441318463852,
    "llama-4-maverick-17b-128e-instruct": 43.54278921178638,
    "qwen3-235b-a22b": 44.588354450214844,
    "mistral-7b-instruct-v0.3": 22.8968143
  },
  "average_score": 39.333187380482094,
  "best_model": "gemini",
  "best_score": 54.373077392578125
}