{
  "language_pair": "any-eng",
  "timestamp": "2026-01-29T11:31:18.858648",
  "models": {
    "bleu": {
      "mistral-medium-3-instruct": 2.8090183244112175,
      "gemini-2.5-flash": 42.943316635168834,
      "qwq-32b": 4.768298437328912,
      "llama-3.3-70b-instruct": 3.040179745666523,
      "gemma2-9b-it": 7.688340209541917,
      "claude-sonnet-4-5": 28.39527482354707,
      "gemma-2-27b-it": 3.811263823259943,
      "llama-3.1-405b-instruct": 16.91287619159678,
      "seed-oss-36b-instruct": 1.5746829421399096,
      "gpt-4.1": 20.932397896831066,
      "qwen3-235b-a22b": 21.936626552410136,
      "kimi-k2-instruct-0905": 5.024909448612808,
      "palmyra-med-70b": 3.2922980648332225,
      "mistral-7b-instruct-v0.3": 2.1116007267489456,
      "gemma-2-9b-it": 3.966703358022573,
      "deepseek-v3.1": 2.7134779850125526,
      "qwen3-32b": 10.713701843513144,
      "gpt-oss-120b": 5.017104750792637,
      "llama-4-maverick-17b-128e-instruct": 6.311656126818332
    },
    "chrf": {
      "mistral-medium-3-instruct": 21.288564497362856,
      "gemini-2.5-flash": 32.536389077506065,
      "qwq-32b": 20.454289071251438,
      "llama-3.3-70b-instruct": 21.39762832411406,
      "gemma2-9b-it": 19.317016180612818,
      "claude-sonnet-4-5": 25.14116508383834,
      "gemma-2-27b-it": 19.422621170151732,
      "llama-3.1-405b-instruct": 19.917358912020653,
      "seed-oss-36b-instruct": 22.13249078378072,
      "gpt-4.1": 22.691250852326217,
      "qwen3-235b-a22b": 21.902162360078247,
      "kimi-k2-instruct-0905": 22.711618574748577,
      "palmyra-med-70b": 20.690719696129452,
      "mistral-7b-instruct-v0.3": 18.923422093062104,
      "gemma-2-9b-it": 19.043548524411808,
      "deepseek-v3.1": 21.88929837312507,
      "qwen3-32b": 18.096237292820703,
      "gpt-oss-120b": 19.748360426981233,
      "llama-4-maverick-17b-128e-instruct": 22.819618771291584
    },
    "average": {
      "mistral-medium-3-instruct": 12.048791410887036,
      "gemini-2.5-flash": 37.73985285633745,
      "qwq-32b": 12.611293754290175,
      "llama-3.3-70b-instruct": 12.218904034890292,
      "gemma2-9b-it": 13.502678195077367,
      "claude-sonnet-4-5": 26.768219953692707,
      "gemma-2-27b-it": 11.616942496705837,
      "llama-3.1-405b-instruct": 18.415117551808716,
      "seed-oss-36b-instruct": 11.853586862960315,
      "gpt-4.1": 21.81182437457864,
      "qwen3-235b-a22b": 21.91939445624419,
      "kimi-k2-instruct-0905": 13.868264011680694,
      "palmyra-med-70b": 11.991508880481337,
      "mistral-7b-instruct-v0.3": 10.517511409905525,
      "gemma-2-9b-it": 11.505125941217191,
      "deepseek-v3.1": 12.30138817906881,
      "qwen3-32b": 14.404969568166923,
      "gpt-oss-120b": 12.382732588886935,
      "llama-4-maverick-17b-128e-instruct": 14.565637449054957
    }
  },
  "best_model": "gemini-2.5-flash",
  "best_model_scores": {
    "BLEU": 42.943316635168834,
    "chrF": 32.536389077506065,
    "Average": 37.73985285633745
  }
}