Model,Similarity Score (%),Raw Score
gemma2-9b-it,53.05%,53.04957960000001
kimi-k2-instruct-0905,40.89%,40.8877558
qwen3-32b,40.00%,40.00248780000001
gpt-oss-120b,35.47%,35.4665204
llama-4-maverick-17b-128e-instruct,31.03%,31.029584
