Model,Similarity Score (%),Raw Score
llama-3.1-405b-instruct,63.44%,63.4414232
llama-3.3-70b-instruct,57.62%,57.61956
deepseek-v3.1,54.19%,54.18985860000001
kimi-k2-instruct-0905,53.20%,53.20175783333333
gemma2-9b-it,49.99%,49.98546904
qwen3-235b-a22b,42.79%,42.791208000000005
llama-4-maverick-17b-128e-instruct,42.61%,42.60913120000001
qwen3-32b,41.17%,41.170547555999995
gpt-oss-120b,39.66%,39.661119122399995
