Model,Similarity Score (%),Raw Score
gemma2-9b-it,49.99%,49.98546904
kimi-k2-instruct-0905,49.98%,49.976830146666664
deepseek-v3.1,48.32%,48.31563102999999
llama-3.3-70b-instruct,46.91%,46.91064384
qwen3-235b-a22b,46.45%,46.454747100000006
llama-3.1-405b-instruct,46.32%,46.321329
llama-4-maverick-17b-128e-instruct,42.61%,42.60913119999999
qwen3-32b,41.17%,41.170547556
gpt-oss-120b,39.66%,39.66111912240001
