Model,Similarity Score (%),Raw Score
gemma2-9b-it,49.99%,49.98546904
kimi-k2-instruct-0905,49.99%,49.985303065454545
deepseek-v3.1,49.01%,49.01004235333334
qwen3-235b-a22b,45.51%,45.5113948
llama-3.3-70b-instruct,45.42%,45.418716012333334
llama-3.1-405b-instruct,45.16%,45.159428266666666
llama-4-maverick-17b-128e-instruct,42.61%,42.60913119999999
qwen3-32b,41.17%,41.170547556
gpt-oss-120b,39.66%,39.66111912240001
gemma-2-27b-it,24.72%,24.71783226
