Model,Similarity Score (%),Raw Score
kimi-k2-instruct-0905,52.87%,52.869089699999996
gemma2-9b-it,48.56%,48.558180099999994
qwen3-32b,48.10%,48.09524675
llama-4-maverick-17b-128e-instruct,43.75%,43.751804799999995
gpt-oss-120b,38.59%,38.594315503
