Model,Similarity Score (%),Raw Score
llama-3.3-70b-instruct,52.27%,52.268285133333315
kimi-k2-instruct-0905,51.98%,51.98496679
gemma2-9b-it,49.99%,49.98546904
deepseek-v3.1,49.96%,49.95728057333333
llama-3.1-405b-instruct,47.03%,47.02949393333334
qwen3-235b-a22b,45.44%,45.43549253333334
llama-4-maverick-17b-128e-instruct,42.61%,42.60913119999999
qwen3-32b,41.17%,41.170547556
gpt-oss-120b,39.66%,39.66111912240001
