Model,Similarity Score (%),Raw Score
gemma2-9b-it,49.99%,49.98546904
kimi-k2-instruct-0905,49.11%,49.105363512
deepseek-v3.1,47.91%,47.905890224000004
llama-3.3-70b-instruct,45.46%,45.4588092948
qwen3-235b-a22b,45.10%,45.099075559999996
llama-3.1-405b-instruct,43.17%,43.17350491999999
llama-4-maverick-17b-128e-instruct,42.61%,42.60913119999999
qwen3-32b,41.17%,41.170547556
gpt-oss-120b,39.66%,39.66111912240001
