Model,Similarity Score (%),Raw Score
kimi-k2-instruct-0905,56.40%,56.40460464
gemma2-9b-it,49.99%,49.98546904
llama-4-maverick-17b-128e-instruct,42.61%,42.60913120000001
qwen3-32b,41.17%,41.170547555999995
gpt-oss-120b,39.66%,39.661119122399995
