{
  "language_pair": "kus-eng",
  "timestamp": "2025-09-25T07:32:39.684606",
  "models": {
    "gemma2-9b-it": 53.04957960000001,
    "qwen3-32b": 40.0024878,
    "kimi-k2-instruct-0905": 40.8877558,
    "llama-4-maverick-17b-128e-instruct": 31.029583999999993,
    "gpt-oss-120b": 35.4665204
  },
  "average_score": 40.087185520000006,
  "best_model": "gemma2-9b-it",
  "best_score": 53.04957960000001
}