{
  "language_pair": "kus-eng",
  "timestamp": "2025-10-20T10:24:56.387146",
  "models": {
    "gemma2-9b-it": 49.98546904,
    "qwen3-235b-a22b": 45.099075559999996,
    "llama-3.3-70b-instruct": 45.4588092948,
    "llama-3.1-405b-instruct": 43.17350491999999,
    "qwen3-32b": 41.170547556,
    "kimi-k2-instruct-0905": 49.105363512,
    "llama-4-maverick-17b-128e-instruct": 42.60913119999999,
    "gpt-oss-120b": 39.66111912240001,
    "deepseek-v3.1": 47.905890224000004
  },
  "average_score": 44.90765671435556,
  "best_model": "gemma2-9b-it",
  "best_score": 49.98546904
}