{
  "language_pair": "kus-eng",
  "timestamp": "2026-01-16T11:13:53.436993",
  "models": {
    "seed-oss-36b-instruct": 40.52613899350921,
    "palmyra-med-70b": 45.6462398,
    "gemma2-9b-it": 49.98546904,
    "qwen3-235b-a22b": 49.09690485114889,
    "llama-3.3-70b-instruct": 51.56149474686029,
    "llama-3.1-405b-instruct": 51.29276214370405,
    "qwen3-32b": 41.170547555999995,
    "gemma-2-27b-it": 38.10704444538442,
    "qwq-32b": 37.640437185534275,
    "mistral-7b-instruct-v0.3": 22.052439879999998,
    "claude": 59.281494140625,
    "kimi-k2-instruct-0905": 52.15745647981165,
    "mistral-medium-3-instruct": 40.029047005495485,
    "llama-4-maverick-17b-128e-instruct": 50.06735140027985,
    "gemini": 57.32366943359375,
    "chatgpt": 49.39801788330078,
    "gemma-2-9b-it": 37.00455374266948,
    "gpt-oss-120b": 40.07301490198625,
    "deepseek-v3.1": 55.20159830240809
  },
  "average_score": 45.66398325959534,
  "best_model": "claude",
  "best_score": 59.281494140625
}