{
  "language_pair": "kus-eng",
  "timestamp": "2026-01-28T14:52:36.139819",
  "models": {
    "bleu": {
      "seed-oss-36b-instruct": 6.875938901998979,
      "palmyra-med-70b": 2.646710431958173,
      "gemma2-9b-it": 3.409940407749243,
      "qwen3-235b-a22b": 9.791366908029477,
      "llama-3.3-70b-instruct": 10.575074885347803,
      "gemini-2.5-flash": 7.6487232702281664,
      "llama-3.1-405b-instruct": 13.612047180635692,
      "qwen3-32b": 2.9884887835571106,
      "gemma-2-27b-it": 10.206262234991964,
      "qwq-32b": 10.04428335579471,
      "mistral-7b-instruct-v0.3": 2.3432077689858453,
      "kimi-k2-instruct-0905": 9.514309030235202,
      "mistral-medium-3-instruct": 12.210070714359368,
      "claude-sonnet-4-5": 8.380306484003635,
      "llama-4-maverick-17b-128e-instruct": 7.471110121455183,
      "gpt-4.1": 6.618133274172336,
      "gemma-2-9b-it": 5.702746483790348,
      "gpt-oss-120b": 10.227609461384928,
      "deepseek-v3.1": 6.3732985511232645
    },
    "chrf": {
      "seed-oss-36b-instruct": 23.8783052747616,
      "palmyra-med-70b": 24.039170067814787,
      "gemma2-9b-it": 23.28055652155837,
      "qwen3-235b-a22b": 25.897997572035283,
      "llama-3.3-70b-instruct": 29.892605358530144,
      "gemini-2.5-flash": 30.087214779342435,
      "llama-3.1-405b-instruct": 28.46744160342023,
      "qwen3-32b": 20.939212209109385,
      "gemma-2-27b-it": 22.43948441210267,
      "qwq-32b": 23.409871247830974,
      "mistral-7b-instruct-v0.3": 18.203480987531215,
      "kimi-k2-instruct-0905": 29.88810100083292,
      "mistral-medium-3-instruct": 27.38254089031736,
      "claude-sonnet-4-5": 32.19858419039646,
      "llama-4-maverick-17b-128e-instruct": 27.58467932988729,
      "gpt-4.1": 27.860491611803713,
      "gemma-2-9b-it": 21.446831197552413,
      "gpt-oss-120b": 24.133176526790226,
      "deepseek-v3.1": 25.156807889016193
    },
    "average": {
      "seed-oss-36b-instruct": 15.377122088380293,
      "palmyra-med-70b": 13.342940249886478,
      "gemma2-9b-it": 13.345248464653803,
      "qwen3-235b-a22b": 17.84468224003238,
      "llama-3.3-70b-instruct": 20.23384012193897,
      "gemini-2.5-flash": 18.867969024785296,
      "llama-3.1-405b-instruct": 21.03974439202796,
      "qwen3-32b": 11.963850496333247,
      "gemma-2-27b-it": 16.322873323547316,
      "qwq-32b": 16.727077301812837,
      "mistral-7b-instruct-v0.3": 10.273344378258532,
      "kimi-k2-instruct-0905": 19.70120501553406,
      "mistral-medium-3-instruct": 19.796305802338363,
      "claude-sonnet-4-5": 20.28944533720005,
      "llama-4-maverick-17b-128e-instruct": 17.527894725671235,
      "gpt-4.1": 17.239312442988023,
      "gemma-2-9b-it": 13.574788840671381,
      "gpt-oss-120b": 17.180392994087573,
      "deepseek-v3.1": 15.765053220069726
    }
  },
  "best_model": "llama-3.1-405b-instruct",
  "best_model_scores": {
    "BLEU": 13.612047180635692,
    "chrF": 28.46744160342023,
    "Average": 21.03974439202796
  }
}