{
  "language_pair": "kus-eng",
  "timestamp": "2026-01-16T14:45:14.071595",
  "models": {
    "seed-oss-36b-instruct": 40.526335881110015,
    "palmyra-med-70b": 45.6462398,
    "gemma2-9b-it": 49.98546904,
    "qwen3-235b-a22b": 49.09753315422793,
    "llama-3.3-70b-instruct": 51.561530649893385,
    "llama-3.1-405b-instruct": 51.29276214370405,
    "qwen3-32b": 41.170547555999995,
    "gemma-2-27b-it": 38.10624820301866,
    "qwq-32b": 37.640100015517895,
    "mistral-7b-instruct-v0.3": 22.052439879999998,
    "claude": 59.28021240234374,
    "kimi-k2-instruct-0905": 52.15745647981165,
    "mistral-medium-3-instruct": 40.02891825946278,
    "llama-4-maverick-17b-128e-instruct": 50.06716920578358,
    "gemini": 57.3236083984375,
    "chatgpt": 49.39976501464844,
    "gemma-2-9b-it": 37.00447498762916,
    "gpt-oss-120b": 40.07309991422289,
    "deepseek-v3.1": 55.203142132830884
  },
  "average_score": 45.66405542729697,
  "best_model": "claude",
  "best_score": 59.28021240234374
}