{
  "language_pair": "kus-eng",
  "timestamp": "2025-10-18T17:11:59.779168",
  "models": {
    "gemma2-9b-it": 49.98546904,
    "qwen3-235b-a22b": 46.454747100000006,
    "llama-3.3-70b-instruct": 46.91064384,
    "llama-3.1-405b-instruct": 46.321329,
    "qwen3-32b": 41.170547556,
    "kimi-k2-instruct-0905": 49.976830146666664,
    "llama-4-maverick-17b-128e-instruct": 42.60913119999999,
    "gpt-oss-120b": 39.66111912240001,
    "deepseek-v3.1": 48.31563102999999
  },
  "average_score": 45.711716448340745,
  "best_model": "gemma2-9b-it",
  "best_score": 49.98546904
}