{
  "language_pair": "kus-eng",
  "timestamp": "2026-01-14T12:27:16.071958",
  "models": {
    "seed-oss-36b-instruct": 40.52712835370326,
    "palmyra-med-70b": 45.6462398,
    "gemma2-9b-it": 49.98546904,
    "qwen3-235b-a22b": 49.097192075413595,
    "llama-3.3-70b-instruct": 51.56167426202573,
    "llama-3.1-405b-instruct": 51.29276214370405,
    "qwen3-32b": 41.170547555999995,
    "gemma-2-27b-it": 38.10661271853515,
    "qwq-32b": 37.640437185534275,
    "mistral-7b-instruct-v0.3": 22.052439879999998,
    "kimi-k2-instruct-0905": 52.15745647981165,
    "mistral-medium-3-instruct": 40.028977325743014,
    "llama-4-maverick-17b-128e-instruct": 50.06716920578358,
    "gemma-2-9b-it": 37.00459312018965,
    "gpt-oss-120b": 40.07311283152799,
    "deepseek-v3.1": 55.199704417412676
  },
  "average_score": 43.85071977471154,
  "best_model": "deepseek-v3.1",
  "best_score": 55.199704417412676
}