{
  "language_pair": "kus-eng",
  "timestamp": "2025-10-24T14:23:41.699120",
  "models": {
    "gemma2-9b-it": 49.98546904,
    "qwen3-235b-a22b": 45.5113948,
    "llama-3.3-70b-instruct": 45.418716012333334,
    "llama-3.1-405b-instruct": 45.159428266666666,
    "qwen3-32b": 41.170547556,
    "gemma-2-27b-it": 24.71783226,
    "kimi-k2-instruct-0905": 49.985303065454545,
    "llama-4-maverick-17b-128e-instruct": 42.60913119999999,
    "gpt-oss-120b": 39.66111912240001,
    "deepseek-v3.1": 49.01004235333334
  },
  "average_score": 43.32289836761879,
  "best_model": "gemma2-9b-it",
  "best_score": 49.98546904
}