{
  "language_pair": "kus-eng",
  "timestamp": "2026-01-12T13:35:18.685266",
  "models": {
    "seed-oss-36b-instruct": 40.782432502187376,
    "palmyra-med-70b": 45.6462398,
    "gemma2-9b-it": 49.98546904,
    "qwen3-235b-a22b": 49.09779630424804,
    "llama-3.3-70b-instruct": 51.683921847738276,
    "llama-3.1-405b-instruct": 51.36483365769043,
    "qwen3-32b": 41.170547555999995,
    "gemma-2-27b-it": 39.33620664452529,
    "qwq-32b": 37.31481324985183,
    "mistral-7b-instruct-v0.3": 22.052439879999998,
    "kimi-k2-instruct-0905": 52.25940382669384,
    "mistral-medium-3-instruct": 40.140165551871846,
    "llama-4-maverick-17b-128e-instruct": 50.05515787559523,
    "gemma-2-9b-it": 40.19693490730401,
    "gpt-oss-120b": 40.04318043767783,
    "deepseek-v3.1": 54.9531775359082
  },
  "average_score": 44.13017003858076,
  "best_model": "deepseek-v3.1",
  "best_score": 54.9531775359082
}