{
  "language_pair": "kus-eng",
  "timestamp": "2025-10-18T06:37:50.370724",
  "models": {
    "gemma2-9b-it": 49.98546904,
    "qwen3-235b-a22b": 45.43549253333334,
    "llama-3.3-70b-instruct": 52.268285133333315,
    "llama-3.1-405b-instruct": 47.02949393333334,
    "qwen3-32b": 41.170547556,
    "kimi-k2-instruct-0905": 51.98496679,
    "llama-4-maverick-17b-128e-instruct": 42.60913119999999,
    "gpt-oss-120b": 39.66111912240001,
    "deepseek-v3.1": 49.95728057333333
  },
  "average_score": 46.67797620908148,
  "best_model": "llama-3.3-70b-instruct",
  "best_score": 52.268285133333315
}