Model,Similarity Score (%),Raw Score
deepseek-v3.1,60.27%,60.26613429999998
llama-4-maverick-17b-128e-instruct,55.46%,55.459858415999996
kimi-k2-instruct-0905,52.85%,52.85146735090909
llama-3.1-405b-instruct,47.89%,47.8866299
qwen3-235b-a22b,45.82%,45.815296266666664
llama-3.3-70b-instruct,38.47%,38.46886418566667
qwen3-32b,37.29%,37.28831712
gpt-oss-120b,36.81%,36.809952792
gemma2-9b-it,31.56%,31.563377032000005
gemma-2-27b-it,28.41%,28.40907794
