Model,Similarity Score (%),Raw Score
deepseek-v3.1,59.40%,59.39892600000001
llama-4-maverick-17b-128e-instruct,55.46%,55.459858415999996
kimi-k2-instruct-0905,52.60%,52.60095729555556
qwen3-235b-a22b,46.27%,46.269515549999994
llama-3.1-405b-instruct,46.03%,46.030535799999996
llama-3.3-70b-instruct,39.71%,39.71090923
qwen3-32b,37.29%,37.28831712
gpt-oss-120b,36.81%,36.809952792
gemma2-9b-it,31.56%,31.563377032000005
