Model,Similarity Score (%),Raw Score
deepseek-v3.1,61.35%,61.35303848
llama-4-maverick-17b-128e-instruct,55.46%,55.459858415999996
kimi-k2-instruct-0905,51.97%,51.97139608600001
llama-3.1-405b-instruct,48.61%,48.610721440000006
qwen3-235b-a22b,45.37%,45.37118216
llama-3.3-70b-instruct,37.57%,37.5737775828
qwen3-32b,37.29%,37.28831712
gpt-oss-120b,36.81%,36.809952792
gemma2-9b-it,31.56%,31.563377032000005
