Model,Similarity Score (%),Raw Score
deepseek-v3.1,64.55%,64.5480256
llama-4-maverick-17b-128e-instruct,55.46%,55.459858415999996
kimi-k2-instruct-0905,51.36%,51.3606128075
qwen3-235b-a22b,49.25%,49.2545218
llama-3.1-405b-instruct,49.11%,49.11271046666666
llama-3.3-70b-instruct,37.63%,37.63250897333333
qwen3-32b,37.29%,37.28831712
gpt-oss-120b,36.81%,36.809952792
gemma2-9b-it,31.56%,31.563377032000005
