Model,Similarity Score (%),Raw Score
kimi-k2-instruct-0905,55.54%,55.53835652
llama-4-maverick-17b-128e-instruct,55.46%,55.45985841600001
qwen3-32b,37.29%,37.28831712
gpt-oss-120b,36.81%,36.809952792
gemma2-9b-it,31.56%,31.563377032
