{
  "language_pair": "ewe-eng",
  "timestamp": "2026-01-28T14:52:25.049637",
  "models": {
    "bleu": {
      "gpt-4.1": 8.404757050441864,
      "qwen3-32b": 2.9055815782649472,
      "deepseek-v3.1": 5.188789541249121,
      "qwq-32b": 2.410458751055678,
      "gemini-2.5-flash": 10.732401445834292,
      "claude-sonnet-4-5": 11.653913362051044,
      "gpt-oss-120b": 3.9676095014983694,
      "kimi-k2-instruct-0905": 4.44728130407542,
      "mistral-7b-instruct-v0.3": 2.2984956546792796,
      "qwen3-235b-a22b": 3.1237789117161996,
      "gemma-2-27b-it": 2.605470827082169,
      "mistral-medium-3-instruct": 3.1167633248685767,
      "llama-3.1-405b-instruct": 2.7018163749863,
      "seed-oss-36b-instruct": 2.460334425431419,
      "llama-4-maverick-17b-128e-instruct": 6.1366198375762036,
      "gemma2-9b-it": 2.519029376768339,
      "llama-3.3-70b-instruct": 2.990349113365812,
      "palmyra-med-70b": 3.733552295901112,
      "gemma-2-9b-it": 2.31888337475342
    },
    "chrf": {
      "gpt-4.1": 31.965009411762107,
      "qwen3-32b": 22.251061987889372,
      "deepseek-v3.1": 28.21555267557516,
      "qwq-32b": 19.85647866838728,
      "gemini-2.5-flash": 36.60940925449729,
      "claude-sonnet-4-5": 38.02272839828733,
      "gpt-oss-120b": 23.787514175004823,
      "kimi-k2-instruct-0905": 27.941011654945267,
      "mistral-7b-instruct-v0.3": 19.66830814750723,
      "qwen3-235b-a22b": 21.787767513053133,
      "gemma-2-27b-it": 20.602642485571575,
      "mistral-medium-3-instruct": 21.74187421647448,
      "llama-3.1-405b-instruct": 22.877719551069152,
      "seed-oss-36b-instruct": 20.338763370169453,
      "llama-4-maverick-17b-128e-instruct": 28.924625577040988,
      "gemma2-9b-it": 20.70367178284734,
      "llama-3.3-70b-instruct": 20.966099449981016,
      "palmyra-med-70b": 22.56680297406955,
      "gemma-2-9b-it": 18.417446595267876
    },
    "average": {
      "gpt-4.1": 20.18488323110198,
      "qwen3-32b": 12.578321783077158,
      "deepseek-v3.1": 16.702171108412138,
      "qwq-32b": 11.133468709721479,
      "gemini-2.5-flash": 23.67090535016579,
      "claude-sonnet-4-5": 24.838320880169185,
      "gpt-oss-120b": 13.877561838251593,
      "kimi-k2-instruct-0905": 16.19414647951034,
      "mistral-7b-instruct-v0.3": 10.983401901093254,
      "qwen3-235b-a22b": 12.455773212384667,
      "gemma-2-27b-it": 11.60405665632687,
      "mistral-medium-3-instruct": 12.42931877067153,
      "llama-3.1-405b-instruct": 12.789767963027728,
      "seed-oss-36b-instruct": 11.399548897800434,
      "llama-4-maverick-17b-128e-instruct": 17.5306227073086,
      "gemma2-9b-it": 11.611350579807839,
      "llama-3.3-70b-instruct": 11.97822428167341,
      "palmyra-med-70b": 13.150177634985331,
      "gemma-2-9b-it": 10.368164985010647
    }
  },
  "best_model": "claude-sonnet-4-5",
  "best_model_scores": {
    "BLEU": 11.653913362051044,
    "chrF": 38.02272839828733,
    "Average": 24.838320880169185
  }
}