{
  "language_pair": "ewe-eng",
  "timestamp": "2025-10-20T10:24:54.704061",
  "models": {
    "qwen3-32b": 37.28831712,
    "deepseek-v3.1": 61.35303848,
    "gpt-oss-120b": 36.809952792,
    "kimi-k2-instruct-0905": 51.97139608600001,
    "qwen3-235b-a22b": 45.37118216,
    "llama-3.1-405b-instruct": 48.610721440000006,
    "llama-4-maverick-17b-128e-instruct": 55.459858415999996,
    "gemma2-9b-it": 31.563377032000005,
    "llama-3.3-70b-instruct": 37.5737775828
  },
  "average_score": 45.11129123431112,
  "best_model": "deepseek-v3.1",
  "best_score": 61.35303848
}