{
  "language_pair": "ewe-eng",
  "timestamp": "2026-01-14T12:27:14.184424",
  "models": {
    "qwen3-32b": 37.28831712,
    "deepseek-v3.1": 58.398077176838235,
    "qwq-32b": 31.05576422515121,
    "gpt-oss-120b": 41.470485510690295,
    "kimi-k2-instruct-0905": 55.97342139859589,
    "mistral-7b-instruct-v0.3": 34.88398714,
    "qwen3-235b-a22b": 39.697163416854316,
    "gemma-2-27b-it": 40.56007200812004,
    "mistral-medium-3-instruct": 36.19694751876008,
    "llama-3.1-405b-instruct": 41.17624928184742,
    "seed-oss-36b-instruct": 35.43605619554435,
    "llama-4-maverick-17b-128e-instruct": 60.227591515,
    "gemma2-9b-it": 31.563377032,
    "llama-3.3-70b-instruct": 39.32114027665349,
    "palmyra-med-70b": 35.07847795,
    "gemma-2-9b-it": 32.80704337496976
  },
  "average_score": 40.695885696314065,
  "best_model": "llama-4-maverick-17b-128e-instruct",
  "best_score": 60.227591515
}