{
  "language_pair": "ewe-eng",
  "timestamp": "2026-01-16T14:45:12.180751",
  "models": {
    "gemini": 70.2838134765625,
    "qwen3-32b": 37.28831712,
    "deepseek-v3.1": 58.40414478943015,
    "qwq-32b": 31.055828213621474,
    "gpt-oss-120b": 41.4696109771082,
    "kimi-k2-instruct-0905": 55.973789281729445,
    "mistral-7b-instruct-v0.3": 34.88398714,
    "qwen3-235b-a22b": 39.69749551991038,
    "claude": 71.271728515625,
    "gemma-2-27b-it": 40.56053703788194,
    "mistral-medium-3-instruct": 36.19700658504032,
    "llama-3.1-405b-instruct": 41.17553122118566,
    "seed-oss-36b-instruct": 35.435741175383065,
    "llama-4-maverick-17b-128e-instruct": 60.2295592155597,
    "gemma2-9b-it": 31.563377032,
    "llama-3.3-70b-instruct": 39.32114027665349,
    "palmyra-med-70b": 35.07847795,
    "chatgpt": 59.64533996582031,
    "gemma-2-9b-it": 32.80731901761089
  },
  "average_score": 44.860144447953815,
  "best_model": "claude",
  "best_score": 71.271728515625
}