{
  "language_pair": "ewe-eng",
  "timestamp": "2025-10-09T07:08:40.829826",
  "models": {
    "qwen3-32b": 37.28831712,
    "gpt-oss-120b": 36.809952792,
    "kimi-k2-instruct-0905": 55.53835652,
    "llama-4-maverick-17b-128e-instruct": 55.45985841600001,
    "gemma2-9b-it": 31.563377032
  },
  "average_score": 43.331972376,
  "best_model": "kimi-k2-instruct-0905",
  "best_score": 55.53835652
}