{
  "language_pair": "ewe-eng",
  "timestamp": "2026-01-12T13:35:15.829131",
  "models": {
    "qwen3-32b": 37.28831712,
    "deepseek-v3.1": 58.42441421474609,
    "qwq-32b": 31.419334407435347,
    "gpt-oss-120b": 41.35846152525794,
    "kimi-k2-instruct-0905": 55.94588847922102,
    "mistral-7b-instruct-v0.3": 34.88398714,
    "qwen3-235b-a22b": 39.89450800769653,
    "gemma-2-27b-it": 42.03876233759004,
    "mistral-medium-3-instruct": 36.06128441660561,
    "llama-3.1-405b-instruct": 41.25876754750976,
    "seed-oss-36b-instruct": 35.52640651506466,
    "llama-4-maverick-17b-128e-instruct": 60.042699011984126,
    "gemma2-9b-it": 31.563377032,
    "llama-3.3-70b-instruct": 39.28023742285059,
    "palmyra-med-70b": 35.07847795,
    "gemma-2-9b-it": 35.615168200937504
  },
  "average_score": 40.9800057080562,
  "best_model": "llama-4-maverick-17b-128e-instruct",
  "best_score": 60.042699011984126
}