{
  "language_pair": "ewe-eng",
  "timestamp": "2025-10-05T08:21:41.101183",
  "models": {
    "qwen3-32b": 38.876914799999994,
    "gpt-oss-120b": 39.15993167,
    "kimi-k2-instruct-0905": 56.856250349999996,
    "llama-4-maverick-17b-128e-instruct": 55.948392619999986,
    "gemma2-9b-it": 32.08174174
  },
  "average_score": 44.58464623599999,
  "best_model": "kimi-k2-instruct-0905",
  "best_score": 56.856250349999996
}