{
  "language_pair": "ewe-eng",
  "timestamp": "2025-10-23T06:59:08.835021",
  "models": {
    "qwen3-32b": 37.28831712,
    "deepseek-v3.1": 60.26613429999998,
    "gpt-oss-120b": 36.809952792,
    "kimi-k2-instruct-0905": 52.85146735090909,
    "qwen3-235b-a22b": 45.815296266666664,
    "gemma-2-27b-it": 28.40907794,
    "llama-3.1-405b-instruct": 47.8866299,
    "llama-4-maverick-17b-128e-instruct": 55.459858415999996,
    "gemma2-9b-it": 31.563377032000005,
    "llama-3.3-70b-instruct": 38.46886418566667
  },
  "average_score": 43.48189753032425,
  "best_model": "deepseek-v3.1",
  "best_score": 60.26613429999998
}