model,avg_score,consistency,versatility,source_consistency,coverage,data_points,max_score,min_score
qwen3-32b,33.7437161968,79.63814793974078,93.80316759151489,79.63814793974078,43,1075,91.97708,-9.621309
kimi-k2-instruct-0905,40.45912617295349,76.28894322014338,87.8906289481938,76.28894322014338,43,1075,95.98993999999999,-7.614435
gpt-oss-120b,26.14614675577183,78.35896524827794,89.43235668476551,78.35896524827794,43,1075,94.32824,-7.765226
gemma2-9b-it,33.141796711947904,78.87476628131839,91.2352056805696,78.87476628131839,43,1075,100.00001,-10.142374
llama-4-maverick-17b-128e-instruct,33.62724425269898,77.53043122240976,89.7211773883475,77.53043122240976,43,1075,95.377713,-9.57066
