model,avg_score,consistency,versatility,source_consistency,coverage,data_points,max_score,min_score
qwen3-32b,33.7437161968,79.63814793974078,93.80316759151489,79.63814793974078,43,1075,91.97708,-9.621309
kimi-k2-instruct-0905,40.41016873935581,76.41041619318528,88.36404058687302,76.41041619318528,43,2150,97.46647,-8.455457500000001
deepseek-v3.1,40.21217957733023,75.65133706872406,87.37953053931025,75.65133706872406,43,1075,98.34551,-7.176198
gpt-oss-120b,26.146146755771838,78.35896524827794,89.43235668476551,78.35896524827794,43,1075,94.32824,-7.765226
gemma2-9b-it,33.14179671194791,78.87476628131839,91.2352056805696,78.87476628131839,43,1075,100.00001,-10.142374
llama-4-maverick-17b-128e-instruct,33.62724425269898,77.53043122240976,89.7211773883475,77.53043122240976,43,1075,95.377713,-9.57066
llama-3.3-70b-instruct,36.34538984289302,77.74159881329221,90.7048311199269,77.74159881329221,43,1075,95.67051,-12.179310599999999
llama-3.1-405b-instruct,36.8910700776093,77.24064239461867,89.75122705229415,77.24064239461867,43,1075,97.186494,-16.26494
qwen3-235b-a22b,36.248369381497675,78.81354867501578,92.64960841163237,78.81354867501578,43,1075,94.24894,-9.706159
