model,avg_score,consistency,versatility,source_consistency,coverage,data_points,max_score,min_score
qwen3-32b,33.7437161968,79.63814793974078,93.80316759151489,79.63814793974078,43,1075,91.97708,-9.621309
kimi-k2-instruct-0905,40.1632725016938,76.2175756759612,88.10824076886905,76.2175756759612,43,1290,96.448886,-8.315889
deepseek-v3.1,41.17042927944186,76.03881119801231,84.78614471910225,76.03881119801231,43,215,98.34551,-4.9313481999999995
gpt-oss-120b,26.14614675577183,78.35896524827794,89.43235668476551,78.35896524827794,43,1075,94.32824,-7.765226
gemma2-9b-it,33.141796711947904,78.87476628131839,91.2352056805696,78.87476628131839,43,1075,100.00001,-10.142374
llama-4-maverick-17b-128e-instruct,33.62724425269898,77.53043122240976,89.7211773883475,77.53043122240976,43,1075,95.377713,-9.57066
llama-3.3-70b-instruct,36.65866750213952,77.99797767461094,89.06876715865371,77.99797767461094,43,215,92.856205,-6.128314
llama-3.1-405b-instruct,40.05412092004651,75.25974217580259,85.52485830509093,75.25974217580259,43,215,97.186494,-1.373494
qwen3-235b-a22b,35.72789735497674,79.13144766845078,88.49993434454672,79.13144766845078,43,215,90.433604,-6.0797982
