model,avg_score,consistency,versatility,source_consistency,coverage,data_points,max_score,min_score
qwen3-32b,33.7437161968,79.63814793974078,93.80316759151489,79.63814793974078,43,1075,91.97708,-9.621309
kimi-k2-instruct-0905,40.238711420834626,76.36657808034732,88.39152656184876,76.36657808034732,43,1935,97.46647,-8.315889
deepseek-v3.1,40.621500113872095,75.90046080732553,87.62777068366904,75.90046080732553,43,860,98.34551,-7.176198
gpt-oss-120b,26.146146755771838,78.35896524827794,89.43235668476551,78.35896524827794,43,1075,94.32824,-7.765226
gemma2-9b-it,33.14179671194791,78.87476628131839,91.2352056805696,78.87476628131839,43,1075,100.00001,-10.142374
llama-4-maverick-17b-128e-instruct,33.62724425269898,77.53043122240976,89.7211773883475,77.53043122240976,43,1075,95.377713,-9.57066
llama-3.3-70b-instruct,36.30268738966279,77.75445740252543,90.33476980280905,77.75445740252543,43,860,95.67051,-12.179310599999999
llama-3.1-405b-instruct,36.862254535895346,76.93252121643641,89.47304307867083,76.93252121643641,43,860,97.186494,-16.26494
qwen3-235b-a22b,36.80415284908139,78.77366003512333,92.34105600581799,78.77366003512333,43,860,90.997994,-9.706159
