model,avg_score,consistency,versatility,source_consistency,coverage,data_points,max_score,min_score
qwen3-32b,34.13871761489535,79.4941607885935,93.4616733387717,79.4941607885935,43,860,91.97708,-9.621309
kimi-k2-instruct-0905,40.006938811715116,76.25604096737352,87.99941215856455,76.25604096737352,43,860,95.385426,-7.614435
gpt-oss-120b,25.938203135664793,77.98495905999616,89.38540319309875,77.98495905999616,43,860,94.32824,-7.765226
gemma2-9b-it,33.47331781400465,79.03243993343878,90.8822464571362,79.03243993343878,43,860,100.00001,-10.142374
llama-4-maverick-17b-128e-instruct,33.83732777041325,77.16820564895895,89.45057634152667,77.16820564895895,43,860,95.377713,-9.433815
