model,avg_score,consistency,versatility,source_consistency,coverage,data_points,max_score,min_score
qwen3-32b,34.14065556632558,79.41481526762641,90.42219913079816,79.41481526762641,43,430,91.97708,-2.4241222
kimi-k2-instruct-0905,40.278297327302326,77.31894905389785,85.73526764131559,77.31894905389785,43,430,93.368375,-5.6479346
gpt-oss-120b,19.32660354297674,80.55859065650415,86.63165674374578,80.55859065650415,43,430,81.96760400000001,-7.765226
gemma2-9b-it,32.15909761627907,78.70697585110338,88.51399634010329,78.70697585110338,43,430,95.78934,-10.142374
llama-4-maverick-17b-128e-instruct,32.76145871874419,76.64365073547455,87.27408902260629,76.64365073547455,43,430,92.08702,-9.433815
