model,avg_score,consistency,versatility,source_consistency,coverage,data_points,max_score,min_score
qwen3-32b,33.7437161968,79.63814793974078,93.80316759151489,79.63814793974078,43,1075,91.97708,-9.621309
kimi-k2-instruct-0905,40.11224483285756,76.28940327848323,88.4196250417399,76.28940327848323,43,1720,97.46647,-8.315889
deepseek-v3.1,40.475276820976745,75.82347958149957,87.07995744180002,75.82347958149957,43,645,98.34551,-7.176198
gpt-oss-120b,26.146146755771838,78.35896524827794,89.43235668476551,78.35896524827794,43,1075,94.32824,-7.765226
gemma2-9b-it,33.14179671194791,78.87476628131839,91.2352056805696,78.87476628131839,43,1075,100.00001,-10.142374
llama-4-maverick-17b-128e-instruct,33.62724425269898,77.53043122240976,89.7211773883475,77.53043122240976,43,1075,95.377713,-9.57066
llama-3.3-70b-instruct,37.26969251528682,78.01150414961532,89.99075340133572,78.01150414961532,43,645,92.856205,-6.128314
llama-3.1-405b-instruct,37.513560253348835,76.54318958251176,88.40952115107982,76.54318958251176,43,645,97.186494,-16.26494
qwen3-235b-a22b,37.040457015317834,78.8886241858173,92.4535739072284,78.8886241858173,43,645,90.997994,-9.706159
