{
  "timestamp": "2026-01-12T13:35:22.534487",
  "total_language_pairs": 43,
  "total_models": 16,
  "model_performance": {
    "kimi-k2-instruct-0905": 40.8149407120289,
    "qwen3-32b": 33.7437161968,
    "gemma2-9b-it": 33.141796711947904,
    "mistral-medium-3-instruct": 33.788711780110475,
    "seed-oss-36b-instruct": 30.46946079614028,
    "llama-3.3-70b-instruct": 34.2213084531542,
    "deepseek-v3.1": 40.39845744307706,
    "gpt-oss-120b": 26.91323849007227,
    "palmyra-med-70b": 33.50812627511628,
    "qwen3-235b-a22b": 35.73312607378803,
    "llama-3.1-405b-instruct": 35.526571456165556,
    "qwq-32b": 28.7860901527839,
    "gemma-2-9b-it": 31.43127671412174,
    "mistral-7b-instruct-v0.3": 26.637697975162784,
    "llama-4-maverick-17b-128e-instruct": 38.31863932344772,
    "gemma-2-27b-it": 32.42782058532567
  },
  "language_performance": {
    "Avatime": 34.94177660308598,
    "Dangme": 30.09668225364487,
    "Abron": 42.90699071810077,
    "Deg": 23.46708244307147,
    "Fante": 50.87823169248976,
    "Nawuri": 28.64471528561473,
    "Tumulung Sisaala": 38.45139523753056,
    "Ntcham": 30.8730150985589,
    "Ewe": 40.9800057080562,
    "Konkomba": 31.544180720256918,
    "Konni": 28.271920860589862,
    "Nkonya": 16.883298941551157,
    "Farefare": 35.499689965740686,
    "Gikyode": 31.80277654931639,
    "Bimoba": 23.045925367678734,
    "Buli": 33.22564128546331,
    "Siwu": 36.57575375493117,
    "Bisa": 31.073867036169617,
    "Nzema": 21.656841412293588,
    "Nyagbo": 31.379227760560568,
    "Twi": 60.03020596445711,
    "Esahie": 33.8114604368364,
    "Vagla": 27.186059270602406,
    "Sekpele": 31.51172417780306,
    "Kasem": 26.398464466365873,
    "Kusaal": 44.13017003858076,
    "Southern Birifor": 28.668434214274072,
    "Ga": 46.33962997234205,
    "Anufo": 38.0978360122829,
    "Gonja": 31.828763621899284,
    "Lelemi": 38.69787583173607,
    "Chumburung": 35.35561075049791,
    "Tampulma": 39.794548982571435,
    "Tuwuli": 30.949991680227576,
    "Hanga": 35.17098472865119,
    "Paasaal": 28.81324273876719,
    "Southern Dagaare": 25.248943910567075,
    "Dagbani": 46.58722589105441,
    "Anyin": 24.24978068800077,
    "Selee": 32.66679973966014,
    "Mampruli": 26.73813318322102,
    "Delo": 34.076131383241446,
    "Tafi": 31.575345058369596
  },
  "best_overall_model": "kimi-k2-instruct-0905",
  "best_overall_score": 40.8149407120289,
  "best_language": "Twi",
  "best_language_score": 60.03020596445711,
  "language_pairs": [
    "avn-eng",
    "ada-eng",
    "abr-eng",
    "mzw-eng",
    "fat-eng",
    "naw-eng",
    "sil-eng",
    "bud-eng",
    "ewe-eng",
    "xon-eng",
    "kma-eng",
    "nko-eng",
    "gur-eng",
    "acd-eng",
    "bim-eng",
    "bwu-eng",
    "akp-eng",
    "bib-eng",
    "nzi-eng",
    "nyb-eng",
    "twi-eng",
    "sfw-eng",
    "vag-eng",
    "lip-eng",
    "xsm-eng",
    "kus-eng",
    "biv-eng",
    "gaa-eng",
    "cko-eng",
    "gjn-eng",
    "lef-eng",
    "ncu-eng",
    "tpm-eng",
    "bov-eng",
    "hag-eng",
    "sig-eng",
    "dga-eng",
    "dag-eng",
    "any-eng",
    "snw-eng",
    "maw-eng",
    "ntr-eng",
    "tcd-eng"
  ]
}