{
  "timestamp": "2026-01-16T11:13:55.705783",
  "total_language_pairs": 43,
  "total_models": 19,
  "model_performance": {
    "gemma-2-9b-it": 28.937227453450188,
    "llama-3.3-70b-instruct": 34.20275150393104,
    "llama-3.1-405b-instruct": 35.5131347631679,
    "gemini": 51.561295586963034,
    "qwen3-32b": 33.7437161968,
    "chatgpt": 24.632821942484657,
    "claude": 45.2675521456918,
    "mistral-7b-instruct-v0.3": 26.637697975162784,
    "gemma-2-27b-it": 31.41128852076543,
    "kimi-k2-instruct-0905": 40.81830641765628,
    "llama-4-maverick-17b-128e-instruct": 38.37441714840595,
    "gemma2-9b-it": 33.141796711947904,
    "seed-oss-36b-instruct": 30.49844539752281,
    "mistral-medium-3-instruct": 33.811391065882944,
    "qwq-32b": 28.78007212054752,
    "deepseek-v3.1": 40.4235818998706,
    "qwen3-235b-a22b": 35.7584023981353,
    "palmyra-med-70b": 33.50812627511628,
    "gpt-oss-120b": 26.92326875339457
  },
  "language_performance": {
    "Avatime": 34.9284580823366,
    "Dangme": 31.14364731925658,
    "Abron": 43.12798530704104,
    "Deg": 26.18541889775818,
    "Fante": 53.49891909673759,
    "Nawuri": 28.760307579872197,
    "Tumulung Sisaala": 37.931106263711214,
    "Ntcham": 33.404973583297256,
    "Ewe": 44.86043957663105,
    "Konkomba": 34.268156266367825,
    "Konni": 28.37259534997261,
    "Nkonya": 16.726829744187203,
    "Farefare": 35.96031694594584,
    "Gikyode": 33.35525271310407,
    "Bimoba": 23.778099055573225,
    "Buli": 32.571846610182774,
    "Siwu": 34.834211510996944,
    "Bisa": 29.801910442809213,
    "Nzema": 25.34669839954732,
    "Nyagbo": 33.34846717503781,
    "Twi": 61.900540600911846,
    "Esahie": 37.72530559436055,
    "Vagla": 29.40883846871153,
    "Sekpele": 32.38094957296522,
    "Kasem": 28.623310549383167,
    "Kusaal": 45.66398325959534,
    "Southern Birifor": 28.39580403646219,
    "Ga": 44.65891555223155,
    "Anufo": 39.33316141898825,
    "Gonja": 33.4432151048517,
    "Lelemi": 40.27231010737575,
    "Chumburung": 37.11693651213828,
    "Tampulma": 37.38224126667092,
    "Tuwuli": 32.43088279471539,
    "Hanga": 36.68736530111414,
    "Paasaal": 28.828214046032713,
    "Southern Dagaare": 27.901577512698026,
    "Dagbani": 47.33919426624418,
    "Anyin": 25.25363201672903,
    "Selee": 31.309804516215756,
    "Mampruli": 27.41267420261586,
    "Delo": 34.052032449774636,
    "Tafi": 30.254926397614334
  },
  "best_overall_model": "gemini",
  "best_overall_score": 51.561295586963034,
  "best_language": "Twi",
  "best_language_score": 61.900540600911846,
  "language_pairs": [
    "avn-eng",
    "ada-eng",
    "abr-eng",
    "mzw-eng",
    "fat-eng",
    "naw-eng",
    "sil-eng",
    "bud-eng",
    "ewe-eng",
    "xon-eng",
    "kma-eng",
    "nko-eng",
    "gur-eng",
    "acd-eng",
    "bim-eng",
    "bwu-eng",
    "akp-eng",
    "bib-eng",
    "nzi-eng",
    "nyb-eng",
    "twi-eng",
    "sfw-eng",
    "vag-eng",
    "lip-eng",
    "xsm-eng",
    "kus-eng",
    "biv-eng",
    "gaa-eng",
    "cko-eng",
    "gjn-eng",
    "lef-eng",
    "ncu-eng",
    "tpm-eng",
    "bov-eng",
    "hag-eng",
    "sig-eng",
    "dga-eng",
    "dag-eng",
    "any-eng",
    "snw-eng",
    "maw-eng",
    "ntr-eng",
    "tcd-eng"
  ]
}