{
  "timestamp": "2026-01-14T12:27:17.972604",
  "total_language_pairs": 43,
  "total_models": 16,
  "model_performance": {
    "mistral-medium-3-instruct": 33.81130586888641,
    "llama-3.3-70b-instruct": 34.20263577654823,
    "llama-4-maverick-17b-128e-instruct": 38.37389925592452,
    "seed-oss-36b-instruct": 30.49897605358919,
    "deepseek-v3.1": 40.42342416692415,
    "gpt-oss-120b": 26.92343420792081,
    "qwen3-235b-a22b": 35.75829435036173,
    "palmyra-med-70b": 33.50812627511628,
    "kimi-k2-instruct-0905": 40.818345851899984,
    "gemma-2-27b-it": 31.411464272398373,
    "mistral-7b-instruct-v0.3": 26.637697975162784,
    "gemma-2-9b-it": 28.937276991277223,
    "qwen3-32b": 33.7437161968,
    "llama-3.1-405b-instruct": 35.51233576053534,
    "qwq-32b": 28.780155661206503,
    "gemma2-9b-it": 33.141796711947904
  },
  "language_performance": {
    "Avatime": 34.655934187258545,
    "Dangme": 29.947448972596625,
    "Abron": 42.609384306224214,
    "Deg": 23.234813128651055,
    "Fante": 50.51149077097442,
    "Nawuri": 28.447285808684157,
    "Tumulung Sisaala": 38.27044204853961,
    "Ntcham": 30.71014783881938,
    "Ewe": 40.695885696314065,
    "Konkomba": 31.348871765114726,
    "Konni": 28.081960944342192,
    "Nkonya": 16.75297635093513,
    "Farefare": 35.40310815368224,
    "Gikyode": 31.604077454819972,
    "Bimoba": 22.896308210043788,
    "Buli": 32.987905405787004,
    "Siwu": 36.34715917683637,
    "Bisa": 30.939695404870562,
    "Nzema": 21.51511724596658,
    "Nyagbo": 31.151407305886323,
    "Twi": 59.622153572630616,
    "Esahie": 33.50970552706467,
    "Vagla": 26.93465180159267,
    "Sekpele": 31.372587949778854,
    "Kasem": 26.280099494496273,
    "Kusaal": 43.85071977471154,
    "Southern Birifor": 28.504421379569497,
    "Ga": 46.05359302080665,
    "Anufo": 37.88973253411387,
    "Gonja": 31.65611662345959,
    "Lelemi": 38.50538660344681,
    "Chumburung": 35.22277463103886,
    "Tampulma": 39.55900928610459,
    "Tuwuli": 30.691136315745965,
    "Hanga": 34.983289871160736,
    "Paasaal": 28.572959691244098,
    "Southern Dagaare": 25.0797392948183,
    "Dagbani": 46.295197431843704,
    "Anyin": 24.070751707970444,
    "Selee": 32.449549892175106,
    "Mampruli": 26.534093042200233,
    "Delo": 33.96831810568857,
    "Tafi": 31.330346721333598
  },
  "best_overall_model": "kimi-k2-instruct-0905",
  "best_overall_score": 40.818345851899984,
  "best_language": "Twi",
  "best_language_score": 59.622153572630616,
  "language_pairs": [
    "avn-eng",
    "ada-eng",
    "abr-eng",
    "mzw-eng",
    "fat-eng",
    "naw-eng",
    "sil-eng",
    "bud-eng",
    "ewe-eng",
    "xon-eng",
    "kma-eng",
    "nko-eng",
    "gur-eng",
    "acd-eng",
    "bim-eng",
    "bwu-eng",
    "akp-eng",
    "bib-eng",
    "nzi-eng",
    "nyb-eng",
    "twi-eng",
    "sfw-eng",
    "vag-eng",
    "lip-eng",
    "xsm-eng",
    "kus-eng",
    "biv-eng",
    "gaa-eng",
    "cko-eng",
    "gjn-eng",
    "lef-eng",
    "ncu-eng",
    "tpm-eng",
    "bov-eng",
    "hag-eng",
    "sig-eng",
    "dga-eng",
    "dag-eng",
    "any-eng",
    "snw-eng",
    "maw-eng",
    "ntr-eng",
    "tcd-eng"
  ]
}