{
  "timestamp": "2026-01-28T14:52:48.055895",
  "total_language_pairs": 43,
  "total_models": 19,
  "model_performance": {
    "bleu": {
      "llama-3.3-70b-instruct": 3.7176536831924683,
      "llama-4-maverick-17b-128e-instruct": 4.275772030970649,
      "claude-sonnet-4-5": 5.98458628059277,
      "mistral-medium-3-instruct": 4.569502023299061,
      "palmyra-med-70b": 3.08023185918266,
      "kimi-k2-instruct-0905": 5.381616903663328,
      "gemini-2.5-flash": 7.1786473642197395,
      "gemma-2-9b-it": 2.6296085881933675,
      "qwq-32b": 2.7454976883997606,
      "gemma-2-27b-it": 3.0310270428133395,
      "qwen3-235b-a22b": 3.585814047500672,
      "mistral-7b-instruct-v0.3": 2.283185436813222,
      "llama-3.1-405b-instruct": 3.9889286966142636,
      "gpt-oss-120b": 3.2328103119417024,
      "qwen3-32b": 2.8366162843763445,
      "deepseek-v3.1": 4.791806571171984,
      "seed-oss-36b-instruct": 2.651351221362545,
      "gpt-4.1": 5.432653487026307,
      "gemma2-9b-it": 3.3312665557517853
    },
    "chrf": {
      "llama-3.3-70b-instruct": 22.734150244118393,
      "llama-4-maverick-17b-128e-instruct": 24.155352994603163,
      "claude-sonnet-4-5": 27.277196775352973,
      "mistral-medium-3-instruct": 23.44762180940859,
      "palmyra-med-70b": 21.79698780354899,
      "kimi-k2-instruct-0905": 25.24810786470163,
      "gemini-2.5-flash": 29.163314225947122,
      "gemma-2-9b-it": 18.928821774404998,
      "qwq-32b": 20.4184120942594,
      "gemma-2-27b-it": 20.38688960322911,
      "qwen3-235b-a22b": 22.376240573663768,
      "mistral-7b-instruct-v0.3": 19.914332767606794,
      "llama-3.1-405b-instruct": 23.65535837855904,
      "gpt-oss-120b": 19.349175860768106,
      "qwen3-32b": 20.94681137163354,
      "deepseek-v3.1": 24.86808152186299,
      "seed-oss-36b-instruct": 21.650276408999396,
      "gpt-4.1": 25.237885228416804,
      "gemma2-9b-it": 20.75625758489714
    },
    "average": {
      "llama-3.3-70b-instruct": 13.225901963655431,
      "llama-4-maverick-17b-128e-instruct": 14.215562512786905,
      "claude-sonnet-4-5": 16.63089152797287,
      "mistral-medium-3-instruct": 14.008561916353822,
      "palmyra-med-70b": 12.438609831365826,
      "kimi-k2-instruct-0905": 15.314862384182481,
      "gemini-2.5-flash": 18.17098079508343,
      "gemma-2-9b-it": 10.779215181299183,
      "qwq-32b": 11.581954891329579,
      "gemma-2-27b-it": 11.708958323021227,
      "qwen3-235b-a22b": 12.98102731058222,
      "mistral-7b-instruct-v0.3": 11.098759102210009,
      "llama-3.1-405b-instruct": 13.822143537586651,
      "gpt-oss-120b": 11.290993086354906,
      "qwen3-32b": 11.891713828004944,
      "deepseek-v3.1": 14.829944046517491,
      "seed-oss-36b-instruct": 12.15081381518097,
      "gpt-4.1": 15.335269357721558,
      "gemma2-9b-it": 12.043762070324462
    }
  },
  "language_performance": {
    "Avatime": 12.49676569487265,
    "Dangme": 13.775108360032045,
    "Abron": 16.979911711007833,
    "Deg": 10.685059888742973,
    "Fante": 18.36994089597222,
    "Nawuri": 12.238812989041916,
    "Tumulung Sisaala": 12.896177423955503,
    "Ntcham": 11.893800069627707,
    "Ewe": 14.498957208973684,
    "Konkomba": 12.284266866941394,
    "Konni": 12.084105998594088,
    "Nkonya": 9.603551184822935,
    "Farefare": 13.605508325643518,
    "Gikyode": 13.438585974508863,
    "Bimoba": 11.681767887628203,
    "Buli": 11.849376437903002,
    "Siwu": 14.232847619906934,
    "Bisa": 12.469347510307843,
    "Nzema": 12.425837249593199,
    "Nyagbo": 13.515850595987782,
    "Twi": 20.555843945542637,
    "Esahie": 13.56489069111487,
    "Vagla": 11.622432669481123,
    "Sekpele": 13.306402312320769,
    "Kasem": 12.242915069388836,
    "Kusaal": 16.653320550537764,
    "Southern Birifor": 11.930912142098466,
    "Ga": 14.136318083288023,
    "Anufo": 13.460907559304385,
    "Gonja": 13.465961176562024,
    "Lelemi": 14.18053174666396,
    "Chumburung": 14.797110593813931,
    "Tampulma": 13.854965105787429,
    "Tuwuli": 11.89434492416758,
    "Hanga": 13.395756087425852,
    "Paasaal": 11.343377378976998,
    "Southern Dagaare": 12.066145728485466,
    "Dagbani": 16.32951937609002,
    "Anyin": 12.00594284229659,
    "Selee": 12.77128017125698,
    "Mampruli": 13.39610603111741,
    "Delo": 13.492984462145186,
    "Tafi": 12.262072284698881
  },
  "best_overall_model": "gemini-2.5-flash",
  "best_overall_scores": {
    "BLEU": 7.1786473642197395,
    "chrF": 29.163314225947122,
    "Average": 18.17098079508343
  },
  "best_language": "Twi",
  "best_language_score": 20.555843945542637
}