{
  "timestamp": "2025-10-23T06:59:12.254474",
  "total_language_pairs": 43,
  "total_models": 10,
  "model_performance": {
    "llama-3.1-405b-instruct": 36.99286698517365,
    "gemma2-9b-it": 33.141796711947904,
    "llama-4-maverick-17b-128e-instruct": 33.62724425269898,
    "qwen3-32b": 33.7437161968,
    "kimi-k2-instruct-0905": 40.53297953363982,
    "deepseek-v3.1": 39.853934204353486,
    "llama-3.3-70b-instruct": 36.28104941909612,
    "gemma-2-27b-it": 34.15422765814815,
    "qwen3-235b-a22b": 36.296053578668214,
    "gpt-oss-120b": 26.146146755771834
  },
  "language_performance": {
    "Avatime": 31.869451815491903,
    "Dangme": 34.49940999655887,
    "Abron": 48.68648158198364,
    "Deg": 34.303527061391776,
    "Fante": 55.196438393454535,
    "Nawuri": 30.26421294992889,
    "Tumulung Sisaala": 39.44510509037778,
    "Ntcham": 36.031859096663034,
    "Ewe": 43.48189753032425,
    "Konkomba": 37.06059005482222,
    "Konni": 27.7798569618,
    "Nkonya": 16.851039728444444,
    "Farefare": 30.283277176510307,
    "Gikyode": 33.00190842400001,
    "Bimoba": 26.02081419279091,
    "Buli": 33.40112433475879,
    "Siwu": 32.8139273089394,
    "Bisa": 27.854666606757576,
    "Nzema": 26.747290158666665,
    "Nyagbo": 32.259671583322216,
    "Twi": 63.23996662044445,
    "Esahie": 41.026149605777775,
    "Vagla": 38.186439590577784,
    "Sekpele": 32.46835976391515,
    "Kasem": 26.802690537777778,
    "Kusaal": 43.32289836761879,
    "Southern Birifor": 32.85607540500667,
    "Ga": 41.26188838034666,
    "Anufo": 35.178748725871515,
    "Gonja": 38.92191048680606,
    "Lelemi": 40.70222413799273,
    "Chumburung": 35.68596044244444,
    "Tampulma": 28.05833763288889,
    "Tuwuli": 31.84928794042775,
    "Hanga": 33.45062454770908,
    "Paasaal": 30.26908123435556,
    "Southern Dagaare": 31.542744610660606,
    "Dagbani": 50.56603976370303,
    "Anyin": 24.069466190903032,
    "Selee": 31.719590489911113,
    "Mampruli": 36.52671323329697,
    "Delo": 31.793192019928888,
    "Tafi": 30.28254835517778
  },
  "best_overall_model": "kimi-k2-instruct-0905",
  "best_overall_score": 40.53297953363982,
  "best_language": "Twi",
  "best_language_score": 63.23996662044445,
  "language_pairs": [
    "avn-eng",
    "ada-eng",
    "abr-eng",
    "mzw-eng",
    "fat-eng",
    "naw-eng",
    "sil-eng",
    "bud-eng",
    "ewe-eng",
    "xon-eng",
    "kma-eng",
    "nko-eng",
    "gur-eng",
    "acd-eng",
    "bim-eng",
    "bwu-eng",
    "akp-eng",
    "bib-eng",
    "nzi-eng",
    "nyb-eng",
    "twi-eng",
    "sfw-eng",
    "vag-eng",
    "lip-eng",
    "xsm-eng",
    "kus-eng",
    "biv-eng",
    "gaa-eng",
    "cko-eng",
    "gjn-eng",
    "lef-eng",
    "ncu-eng",
    "tpm-eng",
    "bov-eng",
    "hag-eng",
    "sig-eng",
    "dga-eng",
    "dag-eng",
    "any-eng",
    "snw-eng",
    "maw-eng",
    "ntr-eng",
    "tcd-eng"
  ]
}