{
  "timestamp": "2025-10-17T06:39:44.737779",
  "total_language_pairs": 43,
  "total_models": 9,
  "model_performance": {
    "llama-3.1-405b-instruct": 40.054120920046515,
    "qwen3-235b-a22b": 35.72789735497675,
    "qwen3-32b": 33.7437161968,
    "gemma2-9b-it": 33.141796711947904,
    "gpt-oss-120b": 26.146146755771834,
    "deepseek-v3.1": 41.17042927944186,
    "kimi-k2-instruct-0905": 40.16327250169379,
    "llama-3.3-70b-instruct": 36.65866750213954,
    "llama-4-maverick-17b-128e-instruct": 33.62724425269898
  },
  "language_performance": {
    "Avatime": 30.249051843772147,
    "Dangme": 33.02621025661422,
    "Abron": 50.762628812651855,
    "Deg": 35.44190660101712,
    "Fante": 55.55783414962963,
    "Nawuri": 31.93119415526222,
    "Tumulung Sisaala": 41.28997307289629,
    "Ntcham": 36.792086428177775,
    "Ewe": 47.70309198333334,
    "Konkomba": 40.373650691274065,
    "Konni": 30.46473765681482,
    "Nkonya": 16.604458475555553,
    "Farefare": 32.68462319568148,
    "Gikyode": 32.42479247037036,
    "Bimoba": 27.272155669481478,
    "Buli": 35.66595008311111,
    "Siwu": 32.79268075081481,
    "Bisa": 27.733704284666665,
    "Nzema": 28.28405690533333,
    "Nyagbo": 31.720619110559262,
    "Twi": 61.41436206414815,
    "Esahie": 38.80512926014815,
    "Vagla": 37.25205184437037,
    "Sekpele": 34.86854577948148,
    "Kasem": 24.14812815066667,
    "Kusaal": 49.40778606130371,
    "Southern Birifor": 30.14674409229629,
    "Ga": 42.8243258486074,
    "Anufo": 34.988202920059265,
    "Gonja": 36.66654252911111,
    "Lelemi": 40.33171135857778,
    "Chumburung": 35.482713725674074,
    "Tampulma": 24.847119327703705,
    "Tuwuli": 33.24488680042814,
    "Hanga": 35.4965200182963,
    "Paasaal": 32.24116575791111,
    "Southern Dagaare": 31.488891372888887,
    "Dagbani": 51.79593280859259,
    "Anyin": 27.170617528814816,
    "Selee": 31.072729544814813,
    "Mampruli": 39.54907141992592,
    "Delo": 32.656579642299256,
    "Tafi": 26.283894818777778
  },
  "best_overall_model": "deepseek-v3.1",
  "best_overall_score": 41.17042927944186,
  "best_language": "Twi",
  "best_language_score": 61.41436206414815,
  "language_pairs": [
    "avn-eng",
    "ada-eng",
    "abr-eng",
    "mzw-eng",
    "fat-eng",
    "naw-eng",
    "sil-eng",
    "bud-eng",
    "ewe-eng",
    "xon-eng",
    "kma-eng",
    "nko-eng",
    "gur-eng",
    "acd-eng",
    "bim-eng",
    "bwu-eng",
    "akp-eng",
    "bib-eng",
    "nzi-eng",
    "nyb-eng",
    "twi-eng",
    "sfw-eng",
    "vag-eng",
    "lip-eng",
    "xsm-eng",
    "kus-eng",
    "biv-eng",
    "gaa-eng",
    "cko-eng",
    "gjn-eng",
    "lef-eng",
    "ncu-eng",
    "tpm-eng",
    "bov-eng",
    "hag-eng",
    "sig-eng",
    "dga-eng",
    "dag-eng",
    "any-eng",
    "snw-eng",
    "maw-eng",
    "ntr-eng",
    "tcd-eng"
  ]
}