{
  "timestamp": "2025-10-09T07:09:33.202595",
  "total_language_pairs": 43,
  "total_models": 5,
  "model_performance": {
    "gpt-oss-120b": 26.146146755771834,
    "kimi-k2-instruct-0905": 40.45912617295348,
    "llama-4-maverick-17b-128e-instruct": 33.62724425269898,
    "qwen3-32b": 33.7437161968,
    "gemma2-9b-it": 33.141796711947904
  },
  "language_performance": {
    "Avatime": 29.2183086645232,
    "Dangme": 33.4473904967056,
    "Abron": 48.70241628544,
    "Deg": 32.55372209716417,
    "Fante": 52.54259781999999,
    "Nawuri": 30.432655303872004,
    "Tumulung Sisaala": 38.40142234008,
    "Ntcham": 34.87841166752,
    "Ewe": 43.331972376,
    "Konkomba": 35.288077174959994,
    "Konni": 26.66403208032,
    "Nkonya": 16.7510857348,
    "Farefare": 26.110395542960003,
    "Gikyode": 29.2178034812,
    "Bimoba": 24.5454168084,
    "Buli": 30.818001724799995,
    "Siwu": 33.24682765455999,
    "Bisa": 26.6613268016,
    "Nzema": 23.1530063656,
    "Nyagbo": 28.180527872199995,
    "Twi": 62.1484685848,
    "Esahie": 38.8523627252,
    "Vagla": 37.094708131999994,
    "Sekpele": 30.934230512799996,
    "Kasem": 25.0198138352,
    "Kusaal": 45.96617431168001,
    "Southern Birifor": 31.54127850392,
    "Ga": 37.94701494616,
    "Anufo": 32.56999064064,
    "Gonja": 37.0216675848,
    "Lelemi": 39.41073008304,
    "Chumburung": 35.13743804288,
    "Tampulma": 25.072313842399996,
    "Tuwuli": 31.487679594503998,
    "Hanga": 31.7855139768,
    "Paasaal": 29.107563775840003,
    "Southern Dagaare": 31.834310677200005,
    "Dagbani": 44.65154854079999,
    "Anyin": 22.5104286148,
    "Selee": 28.7163420444,
    "Mampruli": 33.8561494772,
    "Delo": 31.525483339471997,
    "Tafi": 28.878448696240003
  },
  "best_overall_model": "kimi-k2-instruct-0905",
  "best_overall_score": 40.45912617295348,
  "best_language": "Twi",
  "best_language_score": 62.1484685848,
  "language_pairs": [
    "avn-eng",
    "ada-eng",
    "abr-eng",
    "mzw-eng",
    "fat-eng",
    "naw-eng",
    "sil-eng",
    "bud-eng",
    "ewe-eng",
    "xon-eng",
    "kma-eng",
    "nko-eng",
    "gur-eng",
    "acd-eng",
    "bim-eng",
    "bwu-eng",
    "akp-eng",
    "bib-eng",
    "nzi-eng",
    "nyb-eng",
    "twi-eng",
    "sfw-eng",
    "vag-eng",
    "lip-eng",
    "xsm-eng",
    "kus-eng",
    "biv-eng",
    "gaa-eng",
    "cko-eng",
    "gjn-eng",
    "lef-eng",
    "ncu-eng",
    "tpm-eng",
    "bov-eng",
    "hag-eng",
    "sig-eng",
    "dga-eng",
    "dag-eng",
    "any-eng",
    "snw-eng",
    "maw-eng",
    "ntr-eng",
    "tcd-eng"
  ]
}