{
  "timestamp": "2025-10-20T10:24:58.117416",
  "total_language_pairs": 43,
  "total_models": 9,
  "model_performance": {
    "kimi-k2-instruct-0905": 40.41016873935581,
    "gpt-oss-120b": 26.146146755771834,
    "llama-3.3-70b-instruct": 36.34538984289302,
    "qwen3-235b-a22b": 36.248369381497675,
    "llama-3.1-405b-instruct": 36.89107007760931,
    "qwen3-32b": 33.7437161968,
    "gemma2-9b-it": 33.141796711947904,
    "llama-4-maverick-17b-128e-instruct": 33.62724425269898,
    "deepseek-v3.1": 40.212179577330225
  },
  "language_performance": {
    "Avatime": 32.57995317380178,
    "Dangme": 34.196430085058665,
    "Abron": 50.43454125502222,
    "Deg": 35.46496525646897,
    "Fante": 56.03718501777777,
    "Nawuri": 30.26421294992889,
    "Tumulung Sisaala": 39.44510509037778,
    "Ntcham": 35.95008309217778,
    "Ewe": 45.11129123431112,
    "Konkomba": 37.06059005482222,
    "Konni": 28.40049356764444,
    "Nkonya": 16.851039728444444,
    "Farefare": 30.11866188313333,
    "Gikyode": 31.659093845333334,
    "Bimoba": 27.105368974844442,
    "Buli": 34.07817888711111,
    "Siwu": 31.52971455044444,
    "Bisa": 28.055257522088887,
    "Nzema": 26.747290158666665,
    "Nyagbo": 32.259671583322216,
    "Twi": 63.23996662044445,
    "Esahie": 41.026149605777775,
    "Vagla": 38.186439590577784,
    "Sekpele": 30.832603823688892,
    "Kasem": 26.802690537777778,
    "Kusaal": 44.90765671435556,
    "Southern Birifor": 32.4680363236,
    "Ga": 39.02306363355555,
    "Anufo": 34.883637292577774,
    "Gonja": 39.633334622888896,
    "Lelemi": 40.32508641324444,
    "Chumburung": 35.68596044244444,
    "Tampulma": 28.05833763288889,
    "Tuwuli": 31.331221006235555,
    "Hanga": 34.68214471333334,
    "Paasaal": 30.26908123435556,
    "Southern Dagaare": 31.551741855333336,
    "Dagbani": 51.00331925244445,
    "Anyin": 24.677180644444444,
    "Selee": 31.719590489911113,
    "Mampruli": 37.70583438022223,
    "Delo": 31.793192019928888,
    "Tafi": 30.28254835517778
  },
  "best_overall_model": "kimi-k2-instruct-0905",
  "best_overall_score": 40.41016873935581,
  "best_language": "Twi",
  "best_language_score": 63.23996662044445,
  "language_pairs": [
    "avn-eng",
    "ada-eng",
    "abr-eng",
    "mzw-eng",
    "fat-eng",
    "naw-eng",
    "sil-eng",
    "bud-eng",
    "ewe-eng",
    "xon-eng",
    "kma-eng",
    "nko-eng",
    "gur-eng",
    "acd-eng",
    "bim-eng",
    "bwu-eng",
    "akp-eng",
    "bib-eng",
    "nzi-eng",
    "nyb-eng",
    "twi-eng",
    "sfw-eng",
    "vag-eng",
    "lip-eng",
    "xsm-eng",
    "kus-eng",
    "biv-eng",
    "gaa-eng",
    "cko-eng",
    "gjn-eng",
    "lef-eng",
    "ncu-eng",
    "tpm-eng",
    "bov-eng",
    "hag-eng",
    "sig-eng",
    "dga-eng",
    "dag-eng",
    "any-eng",
    "snw-eng",
    "maw-eng",
    "ntr-eng",
    "tcd-eng"
  ]
}