{
  "timestamp": "2025-11-07T13:48:52.686776",
  "total_language_pairs": 43,
  "total_models": 16,
  "model_performance": {
    "mistral-7b-instruct-v0.3": 26.637697975162784,
    "llama-3.1-405b-instruct": 37.15740043130016,
    "llama-4-maverick-17b-128e-instruct": 35.71092876155405,
    "seed-oss-36b-instruct": 31.655146665229605,
    "qwen3-32b": 33.7437161968,
    "gemma-2-9b-it": 31.722549117747718,
    "qwen3-235b-a22b": 36.44299032291465,
    "gemma2-9b-it": 33.141796711947904,
    "gemma-2-27b-it": 32.50580468103804,
    "llama-3.3-70b-instruct": 35.636449734845236,
    "deepseek-v3.1": 40.17800350239893,
    "qwq-32b": 30.93488517638015,
    "gpt-oss-120b": 26.78786065918979,
    "mistral-medium-3-instruct": 34.47336716491458,
    "kimi-k2-instruct-0905": 40.45153501609147,
    "palmyra-med-70b": 33.50812627511628
  },
  "language_performance": {
    "Avatime": 33.28564072022358,
    "Dangme": 31.19259220683194,
    "Abron": 44.41271331983731,
    "Deg": 32.56299709044848,
    "Fante": 51.417312163512506,
    "Nawuri": 28.470412042496093,
    "Tumulung Sisaala": 38.03121375074482,
    "Ntcham": 33.575529376391444,
    "Ewe": 41.29697836803963,
    "Konkomba": 35.42407138846051,
    "Konni": 25.993920471362124,
    "Nkonya": 16.207197180623226,
    "Farefare": 30.648727920580452,
    "Gikyode": 31.40341275264207,
    "Bimoba": 26.928687974009797,
    "Buli": 33.74396923717799,
    "Siwu": 33.23425885608016,
    "Bisa": 28.11451026459123,
    "Nzema": 25.882764600872548,
    "Nyagbo": 31.431017202140684,
    "Twi": 57.51828465640465,
    "Esahie": 38.96588679070504,
    "Vagla": 35.05349602318143,
    "Sekpele": 32.27687294913413,
    "Kasem": 25.54206659146422,
    "Kusaal": 42.573106330814305,
    "Southern Birifor": 30.74115662941655,
    "Ga": 39.833417878869724,
    "Anufo": 34.178858024302784,
    "Gonja": 35.44935271773309,
    "Lelemi": 40.758910894642526,
    "Chumburung": 34.602755885581715,
    "Tampulma": 32.150213262231695,
    "Tuwuli": 32.934221567277945,
    "Hanga": 31.812156015764316,
    "Paasaal": 29.579398393832456,
    "Southern Dagaare": 29.469923767133984,
    "Dagbani": 43.77166068820347,
    "Anyin": 23.93350806794561,
    "Selee": 32.22393221232752,
    "Mampruli": 31.66647965772119,
    "Delo": 32.76217760985739,
    "Tafi": 32.04393092858444
  },
  "best_overall_model": "kimi-k2-instruct-0905",
  "best_overall_score": 40.45153501609147,
  "best_language": "Twi",
  "best_language_score": 57.51828465640465,
  "language_pairs": [
    "avn-eng",
    "ada-eng",
    "abr-eng",
    "mzw-eng",
    "fat-eng",
    "naw-eng",
    "sil-eng",
    "bud-eng",
    "ewe-eng",
    "xon-eng",
    "kma-eng",
    "nko-eng",
    "gur-eng",
    "acd-eng",
    "bim-eng",
    "bwu-eng",
    "akp-eng",
    "bib-eng",
    "nzi-eng",
    "nyb-eng",
    "twi-eng",
    "sfw-eng",
    "vag-eng",
    "lip-eng",
    "xsm-eng",
    "kus-eng",
    "biv-eng",
    "gaa-eng",
    "cko-eng",
    "gjn-eng",
    "lef-eng",
    "ncu-eng",
    "tpm-eng",
    "bov-eng",
    "hag-eng",
    "sig-eng",
    "dga-eng",
    "dag-eng",
    "any-eng",
    "snw-eng",
    "maw-eng",
    "ntr-eng",
    "tcd-eng"
  ]
}