{
  "timestamp": "2026-01-29T11:31:22.315351",
  "total_language_pairs": 43,
  "total_models": 19,
  "model_performance": {
    "bleu": {
      "gemini-2.5-flash": 24.603819825402102,
      "palmyra-med-70b": 5.539256571194549,
      "gemma2-9b-it": 7.896640493160383,
      "mistral-medium-3-instruct": 12.22658922767748,
      "gemma-2-27b-it": 5.684913849847666,
      "qwq-32b": 4.973833146495522,
      "qwen3-235b-a22b": 9.613010704514297,
      "seed-oss-36b-instruct": 4.950067839001422,
      "gpt-oss-120b": 6.775384764206963,
      "llama-3.1-405b-instruct": 13.232145922661717,
      "mistral-7b-instruct-v0.3": 4.14581344537772,
      "llama-4-maverick-17b-128e-instruct": 12.911463200310436,
      "kimi-k2-instruct-0905": 16.48253923745373,
      "gpt-4.1": 21.15249801964886,
      "deepseek-v3.1": 13.715679653747786,
      "claude-sonnet-4-5": 22.46246232059522,
      "qwen3-32b": 7.154714129138211,
      "gemma-2-9b-it": 5.522168046397611,
      "llama-3.3-70b-instruct": 11.375639686712958
    },
    "chrf": {
      "gemini-2.5-flash": 29.163314225947122,
      "palmyra-med-70b": 21.79698780354899,
      "gemma2-9b-it": 20.75625758489714,
      "mistral-medium-3-instruct": 23.44762180940859,
      "gemma-2-27b-it": 20.38688960322911,
      "qwq-32b": 20.4184120942594,
      "qwen3-235b-a22b": 22.376240573663768,
      "seed-oss-36b-instruct": 21.650276408999396,
      "gpt-oss-120b": 19.349175860768106,
      "llama-3.1-405b-instruct": 23.65535837855904,
      "mistral-7b-instruct-v0.3": 19.914332767606794,
      "llama-4-maverick-17b-128e-instruct": 24.155352994603163,
      "kimi-k2-instruct-0905": 25.24810786470163,
      "gpt-4.1": 25.237885228416804,
      "deepseek-v3.1": 24.86808152186299,
      "claude-sonnet-4-5": 27.277196775352973,
      "qwen3-32b": 20.94681137163354,
      "gemma-2-9b-it": 18.928821774404998,
      "llama-3.3-70b-instruct": 22.734150244118393
    },
    "average": {
      "gemini-2.5-flash": 26.88356702567461,
      "palmyra-med-70b": 13.668122187371768,
      "gemma2-9b-it": 14.32644903902876,
      "mistral-medium-3-instruct": 17.837105518543034,
      "gemma-2-27b-it": 13.035901726538393,
      "qwq-32b": 12.696122620377457,
      "qwen3-235b-a22b": 15.994625639089032,
      "seed-oss-36b-instruct": 13.300172124000406,
      "gpt-oss-120b": 13.062280312487534,
      "llama-3.1-405b-instruct": 18.443752150610376,
      "mistral-7b-instruct-v0.3": 12.030073106492257,
      "llama-4-maverick-17b-128e-instruct": 18.5334080974568,
      "kimi-k2-instruct-0905": 20.865323551077683,
      "gpt-4.1": 23.195191624032837,
      "deepseek-v3.1": 19.29188058780539,
      "claude-sonnet-4-5": 24.869829547974092,
      "qwen3-32b": 14.050762750385877,
      "gemma-2-9b-it": 12.225494910401306,
      "llama-3.3-70b-instruct": 17.054894965415677
    }
  },
  "language_performance": {
    "Avatime": 17.11404328317203,
    "Dangme": 19.4977742829691,
    "Abron": 20.72487176055197,
    "Deg": 13.196169367519689,
    "Fante": 18.956014385560874,
    "Nawuri": 17.30139052788085,
    "Tumulung Sisaala": 13.75908002465519,
    "Ntcham": 13.972262804670459,
    "Ewe": 16.517381357765615,
    "Konkomba": 14.318561068163532,
    "Konni": 15.945071299585072,
    "Nkonya": 11.646547697335691,
    "Farefare": 18.173597560874754,
    "Gikyode": 21.12283202471196,
    "Bimoba": 14.08856117135935,
    "Buli": 13.86635125419373,
    "Siwu": 25.734151780393937,
    "Bisa": 17.16561816641937,
    "Nzema": 13.912179008718336,
    "Nyagbo": 16.76543531186253,
    "Twi": 21.81693759394198,
    "Esahie": 15.494494873017306,
    "Vagla": 13.873082585635458,
    "Sekpele": 22.219910769998755,
    "Kasem": 17.197670449987918,
    "Kusaal": 16.989580971706033,
    "Southern Birifor": 17.15729658034423,
    "Ga": 15.3443234958935,
    "Anufo": 17.402541683405662,
    "Gonja": 15.353448256812053,
    "Lelemi": 16.16102605219316,
    "Chumburung": 23.058068337357728,
    "Tampulma": 22.63708544159967,
    "Tuwuli": 13.636076102971614,
    "Hanga": 15.567735305059133,
    "Paasaal": 16.170853265705215,
    "Southern Dagaare": 14.265273818176572,
    "Dagbani": 17.884022798826862,
    "Anyin": 15.897039156628164,
    "Selee": 15.048484475709975,
    "Mampruli": 17.1284483766457,
    "Delo": 17.77440978149792,
    "Tafi": 15.443936311933008
  },
  "best_overall_model": "gemini-2.5-flash",
  "best_overall_scores": {
    "BLEU": 24.603819825402102,
    "chrF": 29.163314225947122,
    "Average": 26.88356702567461
  },
  "best_language": "Siwu",
  "best_language_score": 25.734151780393937
}