{
  "timestamp": "2026-01-16T14:45:16.091034",
  "total_language_pairs": 43,
  "total_models": 19,
  "model_performance": {
    "mistral-7b-instruct-v0.3": 26.637697975162784,
    "gemma-2-9b-it": 28.93734854509926,
    "qwen3-235b-a22b": 35.75829153948141,
    "mistral-medium-3-instruct": 33.81138765154231,
    "kimi-k2-instruct-0905": 40.81826330438087,
    "gemma2-9b-it": 33.141796711947904,
    "seed-oss-36b-instruct": 30.498932384256367,
    "gemma-2-27b-it": 31.41158214591901,
    "llama-3.1-405b-instruct": 35.51200378983162,
    "chatgpt": 39.18017063723054,
    "claude": 45.267500855201895,
    "qwen3-32b": 33.7437161968,
    "gpt-oss-120b": 26.92335558050788,
    "qwq-32b": 28.7800928754187,
    "llama-3.3-70b-instruct": 34.202872452235944,
    "palmyra-med-70b": 33.50812627511628,
    "deepseek-v3.1": 40.423847628370524,
    "gemini": 51.5614588981451,
    "llama-4-maverick-17b-128e-instruct": 38.3741363847349
  },
  "language_performance": {
    "Avatime": 34.928353933044214,
    "Dangme": 33.15676200532888,
    "Abron": 46.6322601679765,
    "Deg": 26.185233079590013,
    "Fante": 53.49856781517991,
    "Nawuri": 30.657318731707893,
    "Tumulung Sisaala": 40.31037311798026,
    "Ntcham": 33.404691551994894,
    "Ewe": 44.860144447953815,
    "Konkomba": 34.2681794114915,
    "Konni": 28.372429426156838,
    "Nkonya": 17.79132105522516,
    "Farefare": 35.959635755315105,
    "Gikyode": 33.35551304443177,
    "Bimoba": 25.54529158223038,
    "Buli": 34.510033364019876,
    "Siwu": 36.67861186047307,
    "Bisa": 31.229739118482023,
    "Nzema": 25.34659172438698,
    "Nyagbo": 33.34873092179043,
    "Twi": 61.90077106605528,
    "Esahie": 37.725805294631655,
    "Vagla": 29.408794960205743,
    "Sekpele": 32.38098222363876,
    "Kasem": 28.623703483900403,
    "Kusaal": 45.66405542729697,
    "Southern Birifor": 30.363211187343207,
    "Ga": 47.06377230685563,
    "Anufo": 39.333187380482094,
    "Gonja": 33.443234132491,
    "Lelemi": 40.27193499855533,
    "Chumburung": 37.1168390018013,
    "Tampulma": 39.28704411723737,
    "Tuwuli": 32.43130045588022,
    "Hanga": 36.68791169184262,
    "Paasaal": 30.800301080165138,
    "Southern Dagaare": 27.901766950424165,
    "Dagbani": 47.33824100880258,
    "Anyin": 26.788943606346695,
    "Selee": 33.03230797785655,
    "Mampruli": 29.21120388784913,
    "Delo": 34.05258563974686,
    "Tafi": 32.03658415054142
  },
  "best_overall_model": "gemini",
  "best_overall_score": 51.5614588981451,
  "best_language": "Twi",
  "best_language_score": 61.90077106605528,
  "language_pairs": [
    "avn-eng",
    "ada-eng",
    "abr-eng",
    "mzw-eng",
    "fat-eng",
    "naw-eng",
    "sil-eng",
    "bud-eng",
    "ewe-eng",
    "xon-eng",
    "kma-eng",
    "nko-eng",
    "gur-eng",
    "acd-eng",
    "bim-eng",
    "bwu-eng",
    "akp-eng",
    "bib-eng",
    "nzi-eng",
    "nyb-eng",
    "twi-eng",
    "sfw-eng",
    "vag-eng",
    "lip-eng",
    "xsm-eng",
    "kus-eng",
    "biv-eng",
    "gaa-eng",
    "cko-eng",
    "gjn-eng",
    "lef-eng",
    "ncu-eng",
    "tpm-eng",
    "bov-eng",
    "hag-eng",
    "sig-eng",
    "dga-eng",
    "dag-eng",
    "any-eng",
    "snw-eng",
    "maw-eng",
    "ntr-eng",
    "tcd-eng"
  ]
}