{
  "timestamp": "2025-10-18T06:38:25.581575",
  "total_language_pairs": 43,
  "total_models": 9,
  "model_performance": {
    "kimi-k2-instruct-0905": 40.112244832857556,
    "llama-3.1-405b-instruct": 37.513560253348835,
    "llama-4-maverick-17b-128e-instruct": 33.62724425269898,
    "deepseek-v3.1": 40.47527682097674,
    "gemma2-9b-it": 33.141796711947904,
    "qwen3-32b": 33.7437161968,
    "qwen3-235b-a22b": 37.040457015317834,
    "llama-3.3-70b-instruct": 37.26969251528682,
    "gpt-oss-120b": 26.146146755771834
  },
  "language_performance": {
    "Avatime": 33.10919185793882,
    "Dangme": 33.714002599299405,
    "Abron": 50.844946587281484,
    "Deg": 35.25188157601713,
    "Fante": 56.62490334777778,
    "Nawuri": 30.541067924243706,
    "Tumulung Sisaala": 39.861503865998145,
    "Ntcham": 36.31883860836296,
    "Ewe": 45.89220944527777,
    "Konkomba": 37.970523462024076,
    "Konni": 29.88922904038889,
    "Nkonya": 16.644330594444444,
    "Farefare": 29.78374419100556,
    "Gikyode": 31.90879527564815,
    "Bimoba": 27.096485918240738,
    "Buli": 34.2868127632963,
    "Siwu": 32.53592431944444,
    "Bisa": 26.73571458046296,
    "Nzema": 27.25278078774074,
    "Nyagbo": 32.833646206100916,
    "Twi": 63.02664370396297,
    "Esahie": 42.20019057764815,
    "Vagla": 37.78242147040741,
    "Sekpele": 33.20829086427777,
    "Kasem": 27.105362249370373,
    "Kusaal": 46.67797620908148,
    "Southern Birifor": 32.202284980925924,
    "Ga": 38.272500554940734,
    "Anufo": 34.771159616355554,
    "Gonja": 40.43321465272222,
    "Lelemi": 40.30904175987408,
    "Chumburung": 34.85219819069259,
    "Tampulma": 27.63823151325926,
    "Tuwuli": 32.759120679039256,
    "Hanga": 34.649332258388895,
    "Paasaal": 30.68579402355926,
    "Southern Dagaare": 31.734664903351852,
    "Dagbani": 50.45956265266667,
    "Anyin": 24.77666651557407,
    "Selee": 31.61055780751852,
    "Mampruli": 37.56115384788889,
    "Delo": 31.83508176526222,
    "Tafi": 30.79821850393519
  },
  "best_overall_model": "deepseek-v3.1",
  "best_overall_score": 40.47527682097674,
  "best_language": "Twi",
  "best_language_score": 63.02664370396297,
  "language_pairs": [
    "avn-eng",
    "ada-eng",
    "abr-eng",
    "mzw-eng",
    "fat-eng",
    "naw-eng",
    "sil-eng",
    "bud-eng",
    "ewe-eng",
    "xon-eng",
    "kma-eng",
    "nko-eng",
    "gur-eng",
    "acd-eng",
    "bim-eng",
    "bwu-eng",
    "akp-eng",
    "bib-eng",
    "nzi-eng",
    "nyb-eng",
    "twi-eng",
    "sfw-eng",
    "vag-eng",
    "lip-eng",
    "xsm-eng",
    "kus-eng",
    "biv-eng",
    "gaa-eng",
    "cko-eng",
    "gjn-eng",
    "lef-eng",
    "ncu-eng",
    "tpm-eng",
    "bov-eng",
    "hag-eng",
    "sig-eng",
    "dga-eng",
    "dag-eng",
    "any-eng",
    "snw-eng",
    "maw-eng",
    "ntr-eng",
    "tcd-eng"
  ]
}