{
  "timestamp": "2025-09-24T14:06:30.914878",
  "total_language_pairs": 43,
  "total_models": 5,
  "model_performance": {
    "kimi-k2-instruct-0905": 40.278297327302326,
    "qwen3-32b": 34.140655566325584,
    "llama-4-maverick-17b-128e-instruct": 32.761458718744194,
    "gemma2-9b-it": 32.15909761627907,
    "gpt-oss-120b": 19.326603542976745
  },
  "language_performance": {
    "avn-eng": 27.253856186,
    "ada-eng": 33.248653712,
    "abr-eng": 51.79380628,
    "mzw-eng": 32.99993176400001,
    "fat-eng": 49.054953064,
    "naw-eng": 24.264499347999998,
    "sil-eng": 31.212057188000006,
    "bud-eng": 32.6091593096,
    "ewe-eng": 50.53205904,
    "xon-eng": 33.271949891999995,
    "kma-eng": 31.1158710988,
    "nko-eng": 15.859632768,
    "gur-eng": 17.845523789199998,
    "acd-eng": 28.272959789999998,
    "bim-eng": 23.466144059999998,
    "bwu-eng": 31.945213195999997,
    "akp-eng": 44.709479022400004,
    "bib-eng": 27.620906472,
    "nzi-eng": 18.19352948,
    "nyb-eng": 23.134052223999998,
    "twi-eng": 54.37986128800001,
    "sfw-eng": 28.404995301999996,
    "vag-eng": 23.488231712,
    "lip-eng": 30.790250679999996,
    "xsm-eng": 20.368132160000002,
    "kus-eng": 40.087185520000006,
    "biv-eng": 33.383428392,
    "gaa-eng": 39.362115244,
    "cko-eng": 38.148432887999995,
    "gjn-eng": 41.217916992,
    "lef-eng": 34.335357896,
    "ncu-eng": 32.585215262400006,
    "tpm-eng": 24.251393192000002,
    "bov-eng": 31.788018156,
    "hag-eng": 30.543172207999998,
    "sig-eng": 26.034665359199998,
    "dga-eng": 27.484940251199998,
    "dag-eng": 42.079580291999996,
    "any-eng": 18.20619418,
    "snw-eng": 28.970446296,
    "maw-eng": 30.0707141852,
    "ntr-eng": 26.479141251999998,
    "tcd-eng": 33.664943444
  },
  "best_overall_model": "kimi-k2-instruct-0905",
  "best_overall_score": 40.278297327302326,
  "best_language": "twi-eng",
  "best_language_score": 54.37986128800001,
  "language_pairs": [
    "avn-eng",
    "ada-eng",
    "abr-eng",
    "mzw-eng",
    "fat-eng",
    "naw-eng",
    "sil-eng",
    "bud-eng",
    "ewe-eng",
    "xon-eng",
    "kma-eng",
    "nko-eng",
    "gur-eng",
    "acd-eng",
    "bim-eng",
    "bwu-eng",
    "akp-eng",
    "bib-eng",
    "nzi-eng",
    "nyb-eng",
    "twi-eng",
    "sfw-eng",
    "vag-eng",
    "lip-eng",
    "xsm-eng",
    "kus-eng",
    "biv-eng",
    "gaa-eng",
    "cko-eng",
    "gjn-eng",
    "lef-eng",
    "ncu-eng",
    "tpm-eng",
    "bov-eng",
    "hag-eng",
    "sig-eng",
    "dga-eng",
    "dag-eng",
    "any-eng",
    "snw-eng",
    "maw-eng",
    "ntr-eng",
    "tcd-eng"
  ]
}