{
  "timestamp": "2025-10-18T17:12:01.874330",
  "total_language_pairs": 43,
  "total_models": 9,
  "model_performance": {
    "kimi-k2-instruct-0905": 40.238711420834626,
    "llama-4-maverick-17b-128e-instruct": 33.62724425269898,
    "llama-3.3-70b-instruct": 36.302687389662786,
    "llama-3.1-405b-instruct": 36.862254535895346,
    "gemma2-9b-it": 33.141796711947904,
    "qwen3-32b": 33.7437161968,
    "qwen3-235b-a22b": 36.8041528490814,
    "gpt-oss-120b": 26.146146755771834,
    "deepseek-v3.1": 40.62150011387209
  },
  "language_performance": {
    "Avatime": 32.784041221364745,
    "Dangme": 33.79817889470064,
    "Abron": 50.31869661438025,
    "Deg": 35.39621339206651,
    "Fante": 55.83375253111111,
    "Nawuri": 30.619003371867166,
    "Tumulung Sisaala": 40.09181614027283,
    "Ntcham": 36.145667304720995,
    "Ewe": 45.01470547061729,
    "Konkomba": 37.75294708274321,
    "Konni": 29.368078920160492,
    "Nkonya": 17.02806960314815,
    "Farefare": 29.69439732971852,
    "Gikyode": 32.29809769962963,
    "Bimoba": 26.902830716561724,
    "Buli": 33.914619496444445,
    "Siwu": 32.06658225290123,
    "Bisa": 26.62158672027778,
    "Nzema": 27.392685767679012,
    "Nyagbo": 32.36718492211482,
    "Twi": 62.79371031538272,
    "Esahie": 41.25952731027161,
    "Vagla": 37.60242016035185,
    "Sekpele": 31.287216605679014,
    "Kasem": 27.396134539370372,
    "Kusaal": 45.711716448340745,
    "Southern Birifor": 32.38315998524074,
    "Ga": 38.70557466584197,
    "Anufo": 34.94622584376296,
    "Gonja": 40.37807152380247,
    "Lelemi": 40.46150546345432,
    "Chumburung": 35.3683901558963,
    "Tampulma": 27.590655441839505,
    "Tuwuli": 31.846313599378764,
    "Hanga": 34.96034666804938,
    "Paasaal": 30.23184792112099,
    "Southern Dagaare": 31.215254342209878,
    "Dagbani": 51.01216203161729,
    "Anyin": 24.548064855975312,
    "Selee": 32.24939915928395,
    "Mampruli": 37.42489961751851,
    "Delo": 31.695304030323946,
    "Tafi": 30.411059389728393
  },
  "best_overall_model": "deepseek-v3.1",
  "best_overall_score": 40.62150011387209,
  "best_language": "Twi",
  "best_language_score": 62.79371031538272,
  "language_pairs": [
    "avn-eng",
    "ada-eng",
    "abr-eng",
    "mzw-eng",
    "fat-eng",
    "naw-eng",
    "sil-eng",
    "bud-eng",
    "ewe-eng",
    "xon-eng",
    "kma-eng",
    "nko-eng",
    "gur-eng",
    "acd-eng",
    "bim-eng",
    "bwu-eng",
    "akp-eng",
    "bib-eng",
    "nzi-eng",
    "nyb-eng",
    "twi-eng",
    "sfw-eng",
    "vag-eng",
    "lip-eng",
    "xsm-eng",
    "kus-eng",
    "biv-eng",
    "gaa-eng",
    "cko-eng",
    "gjn-eng",
    "lef-eng",
    "ncu-eng",
    "tpm-eng",
    "bov-eng",
    "hag-eng",
    "sig-eng",
    "dga-eng",
    "dag-eng",
    "any-eng",
    "snw-eng",
    "maw-eng",
    "ntr-eng",
    "tcd-eng"
  ]
}