{
  "timestamp": "2025-09-25T08:10:29.115684",
  "total_language_pairs": 43,
  "total_models": 5,
  "model_performance": {
    "kimi-k2-instruct-0905": 40.278297327302326,
    "gemma2-9b-it": 32.15909761627907,
    "llama-4-maverick-17b-128e-instruct": 32.76145871874419,
    "gpt-oss-120b": 19.326603542976745,
    "qwen3-32b": 34.140655566325584
  },
  "language_performance": {
    "Avatime": 27.253856185999997,
    "Dangme": 33.24865371200001,
    "Abron": 51.79380628,
    "Deg": 32.999931764,
    "Fante": 49.054953064,
    "Nawuri": 24.264499347999998,
    "Tumulung Sisaala": 31.212057188,
    "Ntcham": 32.6091593096,
    "Ewe": 50.53205903999999,
    "Konkomba": 33.271949891999995,
    "Konni": 31.1158710988,
    "Nkonya": 15.859632768,
    "Farefare": 17.8455237892,
    "Gikyode": 28.272959790000005,
    "Bimoba": 23.46614406,
    "Buli": 31.945213196000005,
    "Siwu": 44.709479022400004,
    "Bisa": 27.620906471999994,
    "Nzema": 18.193529480000002,
    "Nyagbo": 23.134052224,
    "Twi": 54.379861287999994,
    "Esahie": 28.404995301999996,
    "Vagla": 23.488231712,
    "Sekpele": 30.790250679999996,
    "Kasem": 20.368132160000002,
    "Kusaal": 40.087185520000006,
    "Southern Birifor": 33.383428392,
    "Ga": 39.362115244,
    "Anufo": 38.148432887999995,
    "Gonja": 41.21791699199999,
    "Lelemi": 34.335357896,
    "Chumburung": 32.58521526239999,
    "Tampulma": 24.251393192,
    "Tuwuli": 31.788018156,
    "Hanga": 30.543172207999998,
    "Paasaal": 26.034665359199998,
    "Southern Dagaare": 27.484940251199998,
    "Dagbani": 42.079580291999996,
    "Anyin": 18.20619418,
    "Selee": 28.970446296000006,
    "Mampruli": 30.0707141852,
    "Delo": 26.479141251999998,
    "Tafi": 33.664943444
  },
  "best_overall_model": "kimi-k2-instruct-0905",
  "best_overall_score": 40.278297327302326,
  "best_language": "Twi",
  "best_language_score": 54.379861287999994,
  "language_pairs": [
    "avn-eng",
    "ada-eng",
    "abr-eng",
    "mzw-eng",
    "fat-eng",
    "naw-eng",
    "sil-eng",
    "bud-eng",
    "ewe-eng",
    "xon-eng",
    "kma-eng",
    "nko-eng",
    "gur-eng",
    "acd-eng",
    "bim-eng",
    "bwu-eng",
    "akp-eng",
    "bib-eng",
    "nzi-eng",
    "nyb-eng",
    "twi-eng",
    "sfw-eng",
    "vag-eng",
    "lip-eng",
    "xsm-eng",
    "kus-eng",
    "biv-eng",
    "gaa-eng",
    "cko-eng",
    "gjn-eng",
    "lef-eng",
    "ncu-eng",
    "tpm-eng",
    "bov-eng",
    "hag-eng",
    "sig-eng",
    "dga-eng",
    "dag-eng",
    "any-eng",
    "snw-eng",
    "maw-eng",
    "ntr-eng",
    "tcd-eng"
  ]
}