{
  "timestamp": "2026-01-19T12:02:45.111220",
  "total_language_pairs": 43,
  "total_models": 19,
  "model_performance": {
    "llama-3.3-70b-instruct": 34.35033199688004,
    "qwen3-32b": 33.996877893943804,
    "gemma2-9b-it": 33.141796711947904,
    "qwen3-235b-a22b": 36.299960095043524,
    "seed-oss-36b-instruct": 30.65590540442396,
    "llama-4-maverick-17b-128e-instruct": 38.5249525065781,
    "kimi-k2-instruct-0905": 40.984635807874994,
    "qwq-32b": 29.1728764779652,
    "mistral-medium-3-instruct": 33.96982110255054,
    "gemini-2.5-flash": 51.45183579496636,
    "deepseek-v3.1": 40.58378049761121,
    "gemma-2-9b-it": 31.592542613691315,
    "mistral-7b-instruct-v0.3": 26.637697975162784,
    "claude-sonnet-4-5": 45.269743577593516,
    "gpt-4.1": 39.96792709134346,
    "llama-3.1-405b-instruct": 35.66415416460086,
    "gemma-2-27b-it": 32.60891213541038,
    "palmyra-med-70b": 33.50812627511628,
    "gpt-oss-120b": 27.193357242830082
  },
  "language_performance": {
    "Avatime": 35.385180769573566,
    "Dangme": 33.22241985448541,
    "Abron": 46.998092986956536,
    "Deg": 26.31903171832273,
    "Fante": 53.919249048566,
    "Nawuri": 30.806763692793155,
    "Tumulung Sisaala": 40.9119382262257,
    "Ntcham": 33.59773362267421,
    "Ewe": 44.94318319033081,
    "Konkomba": 34.63287843684172,
    "Konni": 29.51388055386846,
    "Nkonya": 17.961371032342896,
    "Farefare": 36.21153506161778,
    "Gikyode": 33.428404569754505,
    "Bimoba": 25.620688831875487,
    "Buli": 34.90779732238733,
    "Siwu": 36.94944619263606,
    "Bisa": 31.690419275629026,
    "Nzema": 25.485817813210254,
    "Nyagbo": 33.39180166983186,
    "Twi": 62.3189794313426,
    "Esahie": 37.88385513684337,
    "Vagla": 29.970589578726575,
    "Sekpele": 33.02443828577517,
    "Kasem": 28.78381259388228,
    "Kusaal": 45.91701878199735,
    "Southern Birifor": 30.501609513429518,
    "Ga": 47.1784807243853,
    "Anufo": 39.51203008440274,
    "Gonja": 34.19379115983111,
    "Lelemi": 40.66293890380786,
    "Chumburung": 38.007031413585594,
    "Tampulma": 40.082697186615974,
    "Tuwuli": 32.66458093222491,
    "Hanga": 37.29080270132354,
    "Paasaal": 30.88082999448902,
    "Southern Dagaare": 28.164693718957334,
    "Dagbani": 47.70984143374662,
    "Anyin": 27.62103327735698,
    "Selee": 33.32885982835828,
    "Mampruli": 29.57275641332306,
    "Delo": 35.570578984306,
    "Tafi": 32.194543457574596
  },
  "best_overall_model": "gemini-2.5-flash",
  "best_overall_score": 51.45183579496636,
  "best_language": "Twi",
  "best_language_score": 62.3189794313426,
  "language_pairs": [
    "avn-eng",
    "ada-eng",
    "abr-eng",
    "mzw-eng",
    "fat-eng",
    "naw-eng",
    "sil-eng",
    "bud-eng",
    "ewe-eng",
    "xon-eng",
    "kma-eng",
    "nko-eng",
    "gur-eng",
    "acd-eng",
    "bim-eng",
    "bwu-eng",
    "akp-eng",
    "bib-eng",
    "nzi-eng",
    "nyb-eng",
    "twi-eng",
    "sfw-eng",
    "vag-eng",
    "lip-eng",
    "xsm-eng",
    "kus-eng",
    "biv-eng",
    "gaa-eng",
    "cko-eng",
    "gjn-eng",
    "lef-eng",
    "ncu-eng",
    "tpm-eng",
    "bov-eng",
    "hag-eng",
    "sig-eng",
    "dga-eng",
    "dag-eng",
    "any-eng",
    "snw-eng",
    "maw-eng",
    "ntr-eng",
    "tcd-eng"
  ]
}