{
  "timestamp": "2025-10-05T08:22:32.686469",
  "total_language_pairs": 43,
  "total_models": 5,
  "model_performance": {
    "qwen3-32b": 34.13871761489534,
    "gpt-oss-120b": 25.938203135664796,
    "gemma2-9b-it": 33.473317814004645,
    "kimi-k2-instruct-0905": 40.006938811715116,
    "llama-4-maverick-17b-128e-instruct": 33.83732777041326
  },
  "language_performance": {
    "Avatime": 29.009169036653997,
    "Dangme": 33.717892928922005,
    "Abron": 48.745480956799994,
    "Deg": 33.430788243455204,
    "Fante": 53.963381496,
    "Nawuri": 28.957191757839997,
    "Tumulung Sisaala": 39.7544129581,
    "Ntcham": 36.6935414684,
    "Ewe": 44.58464623599999,
    "Konkomba": 35.8025361637,
    "Konni": 27.34813971340001,
    "Nkonya": 16.78550366,
    "Farefare": 26.2897562387,
    "Gikyode": 29.3675040985,
    "Bimoba": 25.0091566945,
    "Buli": 31.176287996999996,
    "Siwu": 33.8753300117,
    "Bisa": 27.523145255000003,
    "Nzema": 22.883671402,
    "Nyagbo": 28.91217326025,
    "Twi": 61.483688011000005,
    "Esahie": 37.5741433915,
    "Vagla": 38.194124775,
    "Sekpele": 31.443659675,
    "Kasem": 24.422837780000002,
    "Kusaal": 46.373727370599994,
    "Southern Birifor": 31.678210592899994,
    "Ga": 37.6557141667,
    "Anufo": 31.595463740799993,
    "Gonja": 37.412095595,
    "Lelemi": 38.9377728538,
    "Chumburung": 34.01027605360001,
    "Tampulma": 24.745549366,
    "Tuwuli": 31.9177813856,
    "Hanga": 29.823839891,
    "Paasaal": 28.819001699800005,
    "Southern Dagaare": 31.7379846865,
    "Dagbani": 44.273341146,
    "Anyin": 22.8729025125,
    "Selee": 27.790442299499993,
    "Mampruli": 34.1569752635,
    "Delo": 30.467189725339995,
    "Tafi": 28.376312702999996
  },
  "best_overall_model": "kimi-k2-instruct-0905",
  "best_overall_score": 40.006938811715116,
  "best_language": "Twi",
  "best_language_score": 61.483688011000005,
  "language_pairs": [
    "avn-eng",
    "ada-eng",
    "abr-eng",
    "mzw-eng",
    "fat-eng",
    "naw-eng",
    "sil-eng",
    "bud-eng",
    "ewe-eng",
    "xon-eng",
    "kma-eng",
    "nko-eng",
    "gur-eng",
    "acd-eng",
    "bim-eng",
    "bwu-eng",
    "akp-eng",
    "bib-eng",
    "nzi-eng",
    "nyb-eng",
    "twi-eng",
    "sfw-eng",
    "vag-eng",
    "lip-eng",
    "xsm-eng",
    "kus-eng",
    "biv-eng",
    "gaa-eng",
    "cko-eng",
    "gjn-eng",
    "lef-eng",
    "ncu-eng",
    "tpm-eng",
    "bov-eng",
    "hag-eng",
    "sig-eng",
    "dga-eng",
    "dag-eng",
    "any-eng",
    "snw-eng",
    "maw-eng",
    "ntr-eng",
    "tcd-eng"
  ]
}