{
  "language_pair": "ncu-eng",
  "timestamp": "2026-01-29T11:31:14.757756",
  "models": {
    "bleu": {
      "gpt-4.1": 50.09892444198872,
      "gpt-oss-120b": 5.341413623819778,
      "palmyra-med-70b": 3.7059766754654992,
      "gemini-2.5-flash": 27.151540305153038,
      "qwen3-235b-a22b": 24.433196874270816,
      "qwq-32b": 8.039313477786735,
      "gemma2-9b-it": 9.107438368292145,
      "kimi-k2-instruct-0905": 56.64313497325815,
      "gemma-2-27b-it": 2.224972978585352,
      "mistral-7b-instruct-v0.3": 2.7964696698932165,
      "llama-3.3-70b-instruct": 8.42432305516117,
      "llama-3.1-405b-instruct": 31.079361021701864,
      "gemma-2-9b-it": 9.477084266949616,
      "qwen3-32b": 7.050012289384432,
      "mistral-medium-3-instruct": 43.34366012758322,
      "seed-oss-36b-instruct": 5.508920949730952,
      "deepseek-v3.1": 55.24797261743456,
      "llama-4-maverick-17b-128e-instruct": 25.336549464486474,
      "claude-sonnet-4-5": 35.259392262561406
    },
    "chrf": {
      "gpt-4.1": 26.228284253605047,
      "gpt-oss-120b": 18.472500332633466,
      "palmyra-med-70b": 21.133730686489535,
      "gemini-2.5-flash": 32.24721833836754,
      "qwen3-235b-a22b": 24.843247965266208,
      "qwq-32b": 20.618932000339058,
      "gemma2-9b-it": 26.30508220039269,
      "kimi-k2-instruct-0905": 28.31033090769603,
      "gemma-2-27b-it": 20.743294258283864,
      "mistral-7b-instruct-v0.3": 21.41900732692863,
      "llama-3.3-70b-instruct": 25.288057130127154,
      "llama-3.1-405b-instruct": 29.891890285728014,
      "gemma-2-9b-it": 21.827045440812434,
      "qwen3-32b": 22.097389316494315,
      "mistral-medium-3-instruct": 27.507992672778727,
      "seed-oss-36b-instruct": 20.546121784030383,
      "deepseek-v3.1": 27.791075308348304,
      "llama-4-maverick-17b-128e-instruct": 22.85684480699662,
      "claude-sonnet-4-5": 27.808894360768583
    },
    "average": {
      "gpt-4.1": 38.163604347796884,
      "gpt-oss-120b": 11.906956978226622,
      "palmyra-med-70b": 12.419853680977518,
      "gemini-2.5-flash": 29.69937932176029,
      "qwen3-235b-a22b": 24.63822241976851,
      "qwq-32b": 14.329122739062896,
      "gemma2-9b-it": 17.706260284342417,
      "kimi-k2-instruct-0905": 42.47673294047709,
      "gemma-2-27b-it": 11.484133618434608,
      "mistral-7b-instruct-v0.3": 12.107738498410923,
      "llama-3.3-70b-instruct": 16.856190092644162,
      "llama-3.1-405b-instruct": 30.48562565371494,
      "gemma-2-9b-it": 15.652064853881026,
      "qwen3-32b": 14.573700802939374,
      "mistral-medium-3-instruct": 35.42582640018097,
      "seed-oss-36b-instruct": 13.027521366880668,
      "deepseek-v3.1": 41.519523962891434,
      "llama-4-maverick-17b-128e-instruct": 24.096697135741547,
      "claude-sonnet-4-5": 31.534143311664995
    }
  },
  "best_model": "kimi-k2-instruct-0905",
  "best_model_scores": {
    "BLEU": 56.64313497325815,
    "chrF": 28.31033090769603,
    "Average": 42.47673294047709
  }
}