{
  "language_pair": "gur-eng",
  "timestamp": "2026-01-29T11:31:03.926279",
  "models": {
    "bleu": {
      "llama-3.3-70b-instruct": 4.939440986270569,
      "mistral-medium-3-instruct": 7.487280491489988,
      "gemini-2.5-flash": 22.457877843287022,
      "deepseek-v3.1": 33.82161289045727,
      "gemma-2-9b-it": 2.729544036516573,
      "seed-oss-36b-instruct": 3.133381778083794,
      "llama-3.1-405b-instruct": 28.005243956752356,
      "qwq-32b": 5.163439629620979,
      "claude-sonnet-4-5": 19.545984328607467,
      "kimi-k2-instruct-0905": 32.77847525746124,
      "llama-4-maverick-17b-128e-instruct": 33.32562174615839,
      "palmyra-med-70b": 4.803173263160966,
      "gpt-oss-120b": 4.979101036332313,
      "gemma-2-27b-it": 4.199111096615591,
      "qwen3-32b": 4.9739186980965355,
      "gpt-4.1": 9.043565779655339,
      "mistral-7b-instruct-v0.3": 6.361708021647094,
      "qwen3-235b-a22b": 17.132126178197396,
      "gemma2-9b-it": 10.583814787289993
    },
    "chrf": {
      "llama-3.3-70b-instruct": 22.03235580318337,
      "mistral-medium-3-instruct": 25.601722424901325,
      "gemini-2.5-flash": 25.943158860282352,
      "deepseek-v3.1": 33.266835661864064,
      "gemma-2-9b-it": 18.303402001037327,
      "seed-oss-36b-instruct": 22.66022800102502,
      "llama-3.1-405b-instruct": 24.68971216623966,
      "qwq-32b": 19.339468188189876,
      "claude-sonnet-4-5": 24.56406382324786,
      "kimi-k2-instruct-0905": 25.351519159039643,
      "llama-4-maverick-17b-128e-instruct": 29.839587508209608,
      "palmyra-med-70b": 19.235268390708953,
      "gpt-oss-120b": 15.882141456276074,
      "gemma-2-27b-it": 19.71260570419447,
      "qwen3-32b": 20.90155018033523,
      "gpt-4.1": 22.753264897505087,
      "mistral-7b-instruct-v0.3": 22.881739135206328,
      "qwen3-235b-a22b": 23.343006282168965,
      "gemma2-9b-it": 18.83065586392456
    },
    "average": {
      "llama-3.3-70b-instruct": 13.48589839472697,
      "mistral-medium-3-instruct": 16.544501458195658,
      "gemini-2.5-flash": 24.200518351784687,
      "deepseek-v3.1": 33.54422427616066,
      "gemma-2-9b-it": 10.51647301877695,
      "seed-oss-36b-instruct": 12.896804889554407,
      "llama-3.1-405b-instruct": 26.347478061496005,
      "qwq-32b": 12.251453908905427,
      "claude-sonnet-4-5": 22.055024075927662,
      "kimi-k2-instruct-0905": 29.06499720825044,
      "llama-4-maverick-17b-128e-instruct": 31.582604627183997,
      "palmyra-med-70b": 12.019220826934959,
      "gpt-oss-120b": 10.430621246304193,
      "gemma-2-27b-it": 11.955858400405031,
      "qwen3-32b": 12.937734439215884,
      "gpt-4.1": 15.898415338580213,
      "mistral-7b-instruct-v0.3": 14.62172357842671,
      "qwen3-235b-a22b": 20.23756623018318,
      "gemma2-9b-it": 14.707235325607275
    }
  },
  "best_model": "deepseek-v3.1",
  "best_model_scores": {
    "BLEU": 33.82161289045727,
    "chrF": 33.266835661864064,
    "Average": 33.54422427616066
  }
}