Model,Similarity Score (%),Raw Score
kimi-k2-instruct-0905,42.52%,42.520551065
gemma2-9b-it,40.31%,40.31450725
llama-4-maverick-17b-128e-instruct,37.38%,37.383391350000004
qwen3-32b,36.93%,36.93384824
gpt-oss-120b,29.91%,29.908180069999997
