Model,Similarity Score (%),Raw Score
deepseek-v3.1,50.62%,50.6208054
llama-3.3-70b-instruct,43.49%,43.492040676
kimi-k2-instruct-0905,43.07%,43.070646178000004
gemma2-9b-it,40.38%,40.3833032
qwen3-235b-a22b,39.03%,39.030118800000004
llama-3.1-405b-instruct,37.94%,37.9387096
llama-4-maverick-17b-128e-instruct,37.32%,37.32005176
qwen3-32b,35.19%,35.186120736
gpt-oss-120b,29.66%,29.658215256000002
