Model,Similarity Score (%),Raw Score
deepseek-v3.1,48.80%,48.7992377
llama-3.3-70b-instruct,44.21%,44.20785116333334
kimi-k2-instruct-0905,43.71%,43.71027865272728
gemma2-9b-it,40.38%,40.3833032
qwen3-235b-a22b,39.58%,39.58332033333333
llama-3.1-405b-instruct,37.91%,37.91391786666667
llama-4-maverick-17b-128e-instruct,37.32%,37.32005176
qwen3-32b,35.19%,35.186120736
gemma-2-27b-it,32.46%,32.4568082
gpt-oss-120b,29.66%,29.658215256000002
