Model,Similarity Score (%),Raw Score
kimi-k2-instruct-0905,42.56%,42.560646972
gemma2-9b-it,40.38%,40.3833032
llama-4-maverick-17b-128e-instruct,37.32%,37.32005176
qwen3-32b,35.19%,35.186120736
gpt-oss-120b,29.66%,29.658215256000002
