Model,Similarity Score (%),Raw Score
deepseek-v3.1,50.96%,50.95927734999999
llama-3.3-70b-instruct,46.69%,46.68801227
kimi-k2-instruct-0905,41.94%,41.94462924222223
qwen3-235b-a22b,41.63%,41.63235145
gemma2-9b-it,40.38%,40.3833032
llama-3.1-405b-instruct,39.63%,39.63068245
llama-4-maverick-17b-128e-instruct,37.32%,37.32005176
qwen3-32b,35.19%,35.186120736
gpt-oss-120b,29.66%,29.658215256000002
