Model,Similarity Score (%),Raw Score
deepseek-v3.1,47.88%,47.8838814
llama-3.3-70b-instruct,47.61%,47.61459000666666
qwen3-235b-a22b,42.61%,42.61215293333334
kimi-k2-instruct-0905,42.42%,42.423939582500005
llama-3.1-405b-instruct,40.82%,40.816677
gemma2-9b-it,40.38%,40.3833032
llama-4-maverick-17b-128e-instruct,37.32%,37.32005176
qwen3-32b,35.19%,35.186120736
gpt-oss-120b,29.66%,29.658215256000002
