Model,Similarity Score (%),Raw Score
qwen3-235b-a22b,44.50%,44.498464399999996
kimi-k2-instruct-0905,41.39%,41.38924070999999
gemma2-9b-it,40.38%,40.3833032
llama-4-maverick-17b-128e-instruct,37.32%,37.32005176
qwen3-32b,35.19%,35.186120736
llama-3.3-70b-instruct,34.56%,34.56440430000001
llama-3.1-405b-instruct,33.64%,33.6431916
deepseek-v3.1,33.36%,33.3558908
gpt-oss-120b,29.66%,29.658215256000002
