{
  "language_pair": "gjn-eng",
  "timestamp": "2026-01-14T12:27:16.491978",
  "models": {
    "llama-3.3-70b-instruct": 38.16851285034421,
    "seed-oss-36b-instruct": 31.421878496630164,
    "kimi-k2-instruct-0905": 38.002035568978044,
    "deepseek-v3.1": 36.91781789795496,
    "llama-4-maverick-17b-128e-instruct": 25.321290682615032,
    "qwen3-235b-a22b": 37.53557092953139,
    "qwen3-32b": 35.186120736,
    "mistral-7b-instruct-v0.3": 32.91845372,
    "llama-3.1-405b-instruct": 25.84798816255661,
    "gemma-2-27b-it": 28.72809739050595,
    "gemma2-9b-it": 40.3833032,
    "gemma-2-9b-it": 24.07901064261378,
    "mistral-medium-3-instruct": 27.723237981588696,
    "palmyra-med-70b": 30.0328711,
    "qwq-32b": 31.9537341453621,
    "gpt-oss-120b": 22.277942470672528
  },
  "average_score": 31.65611662345959,
  "best_model": "gemma2-9b-it",
  "best_score": 40.3833032
}