{
  "language_pair": "gjn-eng",
  "timestamp": "2026-01-29T11:31:13.538428",
  "models": {
    "bleu": {
      "llama-3.3-70b-instruct": 6.64985359260107,
      "seed-oss-36b-instruct": 2.798350480636942,
      "kimi-k2-instruct-0905": 12.047113836499031,
      "deepseek-v3.1": 4.76285179490201,
      "llama-4-maverick-17b-128e-instruct": 10.248211208197947,
      "qwen3-235b-a22b": 5.823008428865949,
      "qwen3-32b": 16.08198681929369,
      "mistral-7b-instruct-v0.3": 2.0695671411434566,
      "claude-sonnet-4-5": 7.867967656274216,
      "llama-3.1-405b-instruct": 8.48843700454315,
      "gemma-2-27b-it": 3.344035978652222,
      "gemini-2.5-flash": 19.411236698717225,
      "gemma2-9b-it": 6.237319008221976,
      "gemma-2-9b-it": 4.747573105125849,
      "mistral-medium-3-instruct": 4.0341101701202575,
      "palmyra-med-70b": 3.734838697170881,
      "qwq-32b": 3.7892392721389228,
      "gpt-oss-120b": 10.112817421599875,
      "gpt-4.1": 9.313775329024091
    },
    "chrf": {
      "llama-3.3-70b-instruct": 23.414854376535224,
      "seed-oss-36b-instruct": 24.118086730663045,
      "kimi-k2-instruct-0905": 24.601830296462833,
      "deepseek-v3.1": 24.133371007231098,
      "llama-4-maverick-17b-128e-instruct": 24.520899800990424,
      "qwen3-235b-a22b": 23.635345796522525,
      "qwen3-32b": 21.2103512363175,
      "mistral-7b-instruct-v0.3": 20.359529883581377,
      "claude-sonnet-4-5": 28.433327410186177,
      "llama-3.1-405b-instruct": 24.80699091515211,
      "gemma-2-27b-it": 21.66062753894872,
      "gemini-2.5-flash": 28.301685841788235,
      "gemma2-9b-it": 24.011406689871478,
      "gemma-2-9b-it": 18.234248786545567,
      "mistral-medium-3-instruct": 22.20711618249783,
      "palmyra-med-70b": 22.63624855452285,
      "qwq-32b": 22.64179010539443,
      "gpt-oss-120b": 19.090216442178853,
      "gpt-4.1": 23.850812519739012
    },
    "average": {
      "llama-3.3-70b-instruct": 15.032353984568147,
      "seed-oss-36b-instruct": 13.458218605649993,
      "kimi-k2-instruct-0905": 18.324472066480933,
      "deepseek-v3.1": 14.448111401066555,
      "llama-4-maverick-17b-128e-instruct": 17.384555504594186,
      "qwen3-235b-a22b": 14.729177112694238,
      "qwen3-32b": 18.646169027805595,
      "mistral-7b-instruct-v0.3": 11.214548512362416,
      "claude-sonnet-4-5": 18.150647533230195,
      "llama-3.1-405b-instruct": 16.64771395984763,
      "gemma-2-27b-it": 12.502331758800471,
      "gemini-2.5-flash": 23.85646127025273,
      "gemma2-9b-it": 15.124362849046728,
      "gemma-2-9b-it": 11.490910945835708,
      "mistral-medium-3-instruct": 13.120613176309044,
      "palmyra-med-70b": 13.185543625846865,
      "qwq-32b": 13.215514688766676,
      "gpt-oss-120b": 14.601516931889364,
      "gpt-4.1": 16.582293924381553
    }
  },
  "best_model": "gemini-2.5-flash",
  "best_model_scores": {
    "BLEU": 19.411236698717225,
    "chrF": 28.301685841788235,
    "Average": 23.85646127025273
  }
}