{
  "language_pair": "gjn-eng",
  "timestamp": "2026-01-16T11:13:53.925974",
  "models": {
    "llama-3.3-70b-instruct": 38.16854823304348,
    "seed-oss-36b-instruct": 31.42215460805129,
    "kimi-k2-instruct-0905": 38.00222527284206,
    "deepseek-v3.1": 36.917773019163604,
    "claude": 48.53375244140625,
    "llama-4-maverick-17b-128e-instruct": 25.320363935573443,
    "qwen3-235b-a22b": 37.53342834123386,
    "qwen3-32b": 35.186120736,
    "mistral-7b-instruct-v0.3": 32.91845372,
    "llama-3.1-405b-instruct": 25.847572415840126,
    "gemma-2-27b-it": 28.728010197425597,
    "gemma2-9b-it": 40.3833032,
    "gemma-2-9b-it": 24.078853132533137,
    "mistral-medium-3-instruct": 27.723170164748417,
    "palmyra-med-70b": 30.0328711,
    "gemini": 50.52020263671875,
    "qwq-32b": 31.953554915141368,
    "chatgpt": 29.872956991195675,
    "gpt-oss-120b": 22.27777193126536
  },
  "average_score": 33.4432151048517,
  "best_model": "gemini",
  "best_score": 50.52020263671875
}