{
  "language_pair": "gjn-eng",
  "timestamp": "2025-09-25T08:31:16.597924",
  "models": {
    "kimi-k2-instruct-0905": 52.03065625999999,
    "llama-4-maverick-17b-128e-instruct": 40.9139492,
    "qwen3-32b": 40.3819562,
    "gemma2-9b-it": 52.199451399999994,
    "gpt-oss-120b": 20.5635719
  },
  "average_score": 41.21791699199999,
  "best_model": "gemma2-9b-it",
  "best_score": 52.199451399999994
}