{
  "language_pair": "gjn-eng",
  "timestamp": "2026-01-19T11:10:33.218483",
  "models": {
    "llama-3.3-70b-instruct": 38.16847746764493,
    "seed-oss-36b-instruct": 31.42215460805129,
    "kimi-k2-instruct-0905": 38.00206856095439,
    "deepseek-v3.1": 36.917467843382354,
    "llama-4-maverick-17b-128e-instruct": 25.320698282569076,
    "qwen3-235b-a22b": 37.53365584093311,
    "qwen3-32b": 36.738437733333335,
    "mistral-7b-instruct-v0.3": 32.91845372,
    "claude-sonnet-4-5": 48.77804819742838,
    "llama-3.1-405b-instruct": 25.99831826419005,
    "gemma-2-27b-it": 29.6693368397208,
    "gemini-2.5-flash": 50.500467936197914,
    "gemma2-9b-it": 40.3833032,
    "gemma-2-9b-it": 26.190647746680778,
    "mistral-medium-3-instruct": 27.723005466707747,
    "palmyra-med-70b": 30.0328711,
    "qwq-32b": 32.5739332822234,
    "gpt-oss-120b": 22.6107679150809,
    "gpt-4.1": 38.199918031692505
  },
  "average_score": 34.19379115983111,
  "best_model": "gemini-2.5-flash",
  "best_score": 50.500467936197914
}