{
  "language_pair": "gjn-eng",
  "timestamp": "2026-01-28T14:52:38.660462",
  "models": {
    "bleu": {
      "llama-3.3-70b-instruct": 3.6552630916200557,
      "seed-oss-36b-instruct": 3.128531085465341,
      "kimi-k2-instruct-0905": 5.266163931298227,
      "deepseek-v3.1": 3.214801808397574,
      "llama-4-maverick-17b-128e-instruct": 4.116277450538731,
      "qwen3-235b-a22b": 3.7790017063353183,
      "qwen3-32b": 3.615814063775332,
      "mistral-7b-instruct-v0.3": 2.1601753574604965,
      "claude-sonnet-4-5": 5.6131593616259625,
      "llama-3.1-405b-instruct": 4.819137909925918,
      "gemma-2-27b-it": 3.116908912345955,
      "gemini-2.5-flash": 5.6590775873448225,
      "gemma2-9b-it": 3.2459871723362044,
      "gemma-2-9b-it": 2.173630085951864,
      "mistral-medium-3-instruct": 3.687110725922379,
      "palmyra-med-70b": 2.3189588669539467,
      "qwq-32b": 3.133714635593573,
      "gpt-oss-120b": 2.900608259434329,
      "gpt-4.1": 4.23346258190156
    },
    "chrf": {
      "llama-3.3-70b-instruct": 23.414854376535224,
      "seed-oss-36b-instruct": 24.118086730663045,
      "kimi-k2-instruct-0905": 24.601830296462833,
      "deepseek-v3.1": 24.133371007231098,
      "llama-4-maverick-17b-128e-instruct": 24.520899800990424,
      "qwen3-235b-a22b": 23.635345796522525,
      "qwen3-32b": 21.2103512363175,
      "mistral-7b-instruct-v0.3": 20.359529883581377,
      "claude-sonnet-4-5": 28.433327410186177,
      "llama-3.1-405b-instruct": 24.80699091515211,
      "gemma-2-27b-it": 21.66062753894872,
      "gemini-2.5-flash": 28.301685841788235,
      "gemma2-9b-it": 24.011406689871478,
      "gemma-2-9b-it": 18.234248786545567,
      "mistral-medium-3-instruct": 22.20711618249783,
      "palmyra-med-70b": 22.63624855452285,
      "qwq-32b": 22.64179010539443,
      "gpt-oss-120b": 19.090216442178853,
      "gpt-4.1": 23.850812519739012
    },
    "average": {
      "llama-3.3-70b-instruct": 13.53505873407764,
      "seed-oss-36b-instruct": 13.62330890806419,
      "kimi-k2-instruct-0905": 14.93399711388053,
      "deepseek-v3.1": 13.674086407814334,
      "llama-4-maverick-17b-128e-instruct": 14.318588625764583,
      "qwen3-235b-a22b": 13.707173751428924,
      "qwen3-32b": 12.413082650046418,
      "mistral-7b-instruct-v0.3": 11.259852620520935,
      "claude-sonnet-4-5": 17.023243385906067,
      "llama-3.1-405b-instruct": 14.813064412539013,
      "gemma-2-27b-it": 12.388768225647338,
      "gemini-2.5-flash": 16.98038171456653,
      "gemma2-9b-it": 13.628696931103843,
      "gemma-2-9b-it": 10.203939436248715,
      "mistral-medium-3-instruct": 12.947113454210104,
      "palmyra-med-70b": 12.477603710738402,
      "qwq-32b": 12.887752370494002,
      "gpt-oss-120b": 10.995412350806589,
      "gpt-4.1": 14.042137550820286
    }
  },
  "best_model": "claude-sonnet-4-5",
  "best_model_scores": {
    "BLEU": 5.6131593616259625,
    "chrF": 28.433327410186177,
    "Average": 17.023243385906067
  }
}