{
  "language_pair": "gjn-eng",
  "timestamp": "2025-10-18T06:37:58.084630",
  "models": {
    "llama-3.3-70b-instruct": 47.61459000666666,
    "kimi-k2-instruct-0905": 42.423939582500005,
    "deepseek-v3.1": 47.8838814,
    "llama-4-maverick-17b-128e-instruct": 37.32005176,
    "qwen3-235b-a22b": 42.61215293333334,
    "qwen3-32b": 35.186120736,
    "llama-3.1-405b-instruct": 40.816677,
    "gemma2-9b-it": 40.3833032,
    "gpt-oss-120b": 29.658215256000002
  },
  "average_score": 40.43321465272222,
  "best_model": "deepseek-v3.1",
  "best_score": 47.8838814
}