ref,text,translated,source_zip_file,similarity_score,chrf_sentence,corpus_bleu,corpus_chrf
"So the Lord's promise came true, just as the prophet Jeremiah had said,","Niteme liboe lɛ gi Aya yɛ oboedoplɛɛ Yeremya apani aplɛ ɛ,",The book of the prophet Jeremiah is in the Bible.,Dec 08 output,,34.1974955018017,25.965358893403383,4.543768545994064
Look at the birds in the sky! They don't plant or harvest. They don't even store grain in barns. Yet your Father in heaven takes care of them. Aren't you worth much more than birds?,"Mledi liwɔ lɛ mɛ kudzɔʋi yɔ; kuʋíkpɛ bidɔ loo vini bidɔ kɔbla ní owle me, pɔ fɛ ɛ mlɔ Ɔka yɛ ní lifunu ne e izeedi kɔ aʋa. Mláŋa kedzi asani kɔ na a?","The child is crying and I don't know what to do; I've given it food and water but it refuses, and I don't know what's wrong with it, perhaps it's the work of the gods that's affecting it. What medicine can I use to heal it?",Dec 08 output,,21.84290402061142,25.965358893403383,4.543768545994064
On that day they will be told they are either innocent or guilty because of the things they have said. A Sign from Heaven (Mark,"Lɛ ese linu si wɔ tutɔ wɔ eboe la biakɔ tsã litsi le ɔki wɔ, lɛ wɔ tutɔ wɔ eboe la biakɔ bu wɔ lipɔ.” Ɔsã nɔ badɔbasɛ batɔ ni Farisianɛatɔ beʋi i dɔni Yesu awla si ɔbitɛ linugutseboe","The one who is in heaven is the one who will help us, the one who is on earth is the one who will trouble us.” He said this to the Pharisees who were with Jesus and were trying to test him",Dec 08 output,,22.95374392700607,25.965358893403383,4.543768545994064
"When the Son of Man appears, things will be just as they were when Noah lived.","Ɔnɔɛ Yebi ye kubaba ɛ, kwiaze ko ŋwisi nite gi lize ní Noa lipoe le me e.",God created us and put us on this earth and gave us everything including Noah's ark.,Dec 08 output,,19.662315587745375,25.965358893403383,4.543768545994064
"But Jesus did not say anything, and the governor was greatly amazed. The Death Sentence (Mark",Pɔ̀ Yesu obu liboeboe onu tɔɔ gi lítu kesea ɔʋadi ye kugyɔ ɔ. Pilato atsa kutsépia akí Yesu,Then Jesus was led by the soldiers to the great hall and the whole battalion was gathered there. Pilate asked Jesus,Dec 08 output,,25.27255334869257,25.965358893403383,4.543768545994064
"So the Lord's promise came true, just as the prophet Jeremiah had said,","Niteme liboe lɛ gi Aya yɛ oboedoplɛɛ Yeremya apani aplɛ ɛ,",The book of the prophet Jeremiah is in the Bible.,onesimus_31223989_Dec 12 output,,34.1974955018017,25.965358893403383,4.543768545994064
Look at the birds in the sky! They don't plant or harvest. They don't even store grain in barns. Yet your Father in heaven takes care of them. Aren't you worth much more than birds?,"Mledi liwɔ lɛ mɛ kudzɔʋi yɔ; kuʋíkpɛ bidɔ loo vini bidɔ kɔbla ní owle me, pɔ fɛ ɛ mlɔ Ɔka yɛ ní lifunu ne e izeedi kɔ aʋa. Mláŋa kedzi asani kɔ na a?","The child is crying and I don't know what to do; I've given it food and water but it refuses, and I don't know what's wrong with it, perhaps it's the work of the gods that's affecting it. What medicine can I use to heal it?",onesimus_31223989_Dec 12 output,,21.84290402061142,25.965358893403383,4.543768545994064
On that day they will be told they are either innocent or guilty because of the things they have said. A Sign from Heaven (Mark,"Lɛ ese linu si wɔ tutɔ wɔ eboe la biakɔ tsã litsi le ɔki wɔ, lɛ wɔ tutɔ wɔ eboe la biakɔ bu wɔ lipɔ.” Ɔsã nɔ badɔbasɛ batɔ ni Farisianɛatɔ beʋi i dɔni Yesu awla si ɔbitɛ linugutseboe","The one who is in heaven is the one who will help us, the one who is on earth is the one who will trouble us.” He said this to the Pharisees who were with Jesus and were trying to test him",onesimus_31223989_Dec 12 output,,22.95374392700607,25.965358893403383,4.543768545994064
"When the Son of Man appears, things will be just as they were when Noah lived.","Ɔnɔɛ Yebi ye kubaba ɛ, kwiaze ko ŋwisi nite gi lize ní Noa lipoe le me e.",God created us and put us on this earth and gave us everything including Noah's ark.,onesimus_31223989_Dec 12 output,,19.662315587745375,25.965358893403383,4.543768545994064
"But Jesus did not say anything, and the governor was greatly amazed. The Death Sentence (Mark",Pɔ̀ Yesu obu liboeboe onu tɔɔ gi lítu kesea ɔʋadi ye kugyɔ ɔ. Pilato atsa kutsépia akí Yesu,Then Jesus was led by the soldiers to the great hall and the whole battalion was gathered there. Pilate asked Jesus,onesimus_31223989_Dec 12 output,,25.27255334869257,25.965358893403383,4.543768545994064
"So the Lord's promise came true, just as the prophet Jeremiah had said,","Niteme liboe lɛ gi Aya yɛ oboedoplɛɛ Yeremya apani aplɛ ɛ,",The book of the prophet Jeremiah is in the Bible.,john_AC86BE0F_output (5),,34.1974955018017,25.965358893403383,4.543768545994064
Look at the birds in the sky! They don't plant or harvest. They don't even store grain in barns. Yet your Father in heaven takes care of them. Aren't you worth much more than birds?,"Mledi liwɔ lɛ mɛ kudzɔʋi yɔ; kuʋíkpɛ bidɔ loo vini bidɔ kɔbla ní owle me, pɔ fɛ ɛ mlɔ Ɔka yɛ ní lifunu ne e izeedi kɔ aʋa. Mláŋa kedzi asani kɔ na a?","The child is crying and I don't know what to do; I've given it food and water but it refuses, and I don't know what's wrong with it, perhaps it's the work of the gods that's affecting it. What medicine can I give it?",john_AC86BE0F_output (5),,21.3263244732609,25.965358893403383,4.543768545994064
On that day they will be told they are either innocent or guilty because of the things they have said. A Sign from Heaven (Mark,"Lɛ ese linu si wɔ tutɔ wɔ eboe la biakɔ tsã litsi le ɔki wɔ, lɛ wɔ tutɔ wɔ eboe la biakɔ bu wɔ lipɔ.” Ɔsã nɔ badɔbasɛ batɔ ni Farisianɛatɔ beʋi i dɔni Yesu awla si ɔbitɛ linugutseboe","The one who is in heaven is the one who will forgive your sins, not the one who is on earth. He said this to the Pharisees and the teachers of the law who believed they had the power to forgive sins on earth.",john_AC86BE0F_output (5),,26.934591635604132,25.965358893403383,4.543768545994064
"When the Son of Man appears, things will be just as they were when Noah lived.","Ɔnɔɛ Yebi ye kubaba ɛ, kwiaze ko ŋwisi nite gi lize ní Noa lipoe le me e.",God created us and put us on this earth and gave us everything including Noah's ark.,john_AC86BE0F_output (5),,19.662315587745375,25.965358893403383,4.543768545994064
"But Jesus did not say anything, and the governor was greatly amazed. The Death Sentence (Mark",Pɔ̀ Yesu obu liboeboe onu tɔɔ gi lítu kesea ɔʋadi ye kugyɔ ɔ. Pilato atsa kutsépia akí Yesu,"Then Jesus was led by the soldiers to the governor's palace, and the whole cohort was there. Pilate asked Jesus",john_AC86BE0F_output (5),,30.847572508866506,25.965358893403383,4.543768545994064
"So the Lord's promise came true, just as the prophet Jeremiah had said,","Niteme liboe lɛ gi Aya yɛ oboedoplɛɛ Yeremya apani aplɛ ɛ,",The book of the prophet Jeremiah is in the Bible.,output_JA-4,,34.1974955018017,25.965358893403383,4.543768545994064
Look at the birds in the sky! They don't plant or harvest. They don't even store grain in barns. Yet your Father in heaven takes care of them. Aren't you worth much more than birds?,"Mledi liwɔ lɛ mɛ kudzɔʋi yɔ; kuʋíkpɛ bidɔ loo vini bidɔ kɔbla ní owle me, pɔ fɛ ɛ mlɔ Ɔka yɛ ní lifunu ne e izeedi kɔ aʋa. Mláŋa kedzi asani kɔ na a?","The child is crying and I don't know what to do; I've given it food and water but it refuses, and I don't know what's wrong with it, maybe it's the work of the gods or the child is sick. What medicine can I give it?",output_JA-4,,21.633896489465137,25.965358893403383,4.543768545994064
On that day they will be told they are either innocent or guilty because of the things they have said. A Sign from Heaven (Mark,"Lɛ ese linu si wɔ tutɔ wɔ eboe la biakɔ tsã litsi le ɔki wɔ, lɛ wɔ tutɔ wɔ eboe la biakɔ bu wɔ lipɔ.” Ɔsã nɔ badɔbasɛ batɔ ni Farisianɛatɔ beʋi i dɔni Yesu awla si ɔbitɛ linugutseboe","The one who is in heaven is the one who will help us, the one who is on earth is the one who will trouble us.” He said this to the Pharisees who were with Jesus and were trying to test him",output_JA-4,,22.95374392700607,25.965358893403383,4.543768545994064
"When the Son of Man appears, things will be just as they were when Noah lived.","Ɔnɔɛ Yebi ye kubaba ɛ, kwiaze ko ŋwisi nite gi lize ní Noa lipoe le me e.","God created us and put us in the world, and he gave us everything and told us to live in it.",output_JA-4,,21.0423356763823,25.965358893403383,4.543768545994064
"But Jesus did not say anything, and the governor was greatly amazed. The Death Sentence (Mark",Pɔ̀ Yesu obu liboeboe onu tɔɔ gi lítu kesea ɔʋadi ye kugyɔ ɔ. Pilato atsa kutsépia akí Yesu,Then Jesus was led by the soldiers to the great hall and the whole battalion was gathered there. Pilate asked Jesus,output_JA-4,,25.27255334869257,25.965358893403383,4.543768545994064
"If you love only those people who love you, will God reward you for this? Even tax collectors love their friends.","Xegi banama gi bɛdimɛ ni mlɔ ko mlɔ kyɛ mlɛdimɛ nɔ ɛ, mlakígyo le edi si Aya aatsa liʋɛ tɔtɔ ɔki mlɔ ɔ. Lɛ ese linu si ligbãzeze lɛ klɔ elu lilɛ babɔgyɔ ba fɛ mɛ ɛ.","The old woman and the children went to the farm, but they didn't meet the farmer there, because he had gone to Aya's place to buy a chicken. The woman and the children were left alone at home, and they were very hungry.",output-onesimus_004,0.006937539,16.448013698598793,25.965358893403383,4.543768545994064
So don't be afraid! You are worth much more than many sparrows. Telling Others about Christ (Luke,"Lɛ loso e, mlakíse lifu u. Lɛ ese linu si, mlɛŋa kedzi isani abia likpi. Yesu yɛ su kudradra ni yɛ kugbegbe","The book is on the table. The dog is very big, it is as big as a donkey. Jesus is good to us and loves us",output-onesimus_004,0.3611355,13.869375292094697,25.965358893403383,4.543768545994064
"Jesus left and went into one of their synagogues,","Agi Yesu asɛ niklɔ ɛ, atrɛ ní Yudanɛ ma ɔtsaklɔ.","Jesus Christ was born, he was betrayed by Judas to be killed.",output-onesimus_004,0.46123016,16.965942760853444,25.965358893403383,4.543768545994064
"Someone told Jesus, “Your mother and brothers are standing outside and want to talk with you.”","Lɛ banama gi beze ní yɛ su i, ba mɛ tole asi Yesu si, “Dike, wone ni wɔ beneminyime ba balɛ ní oŋwe no, gi bɛɛpɛ si beegu kunugu ni wo o.”","The people who were there at the time said to Jesus, ""Teacher, this woman was caught in the act of committing adultery, right in the act.""",output-onesimus_004,0.526084,21.537203620343533,25.965358893403383,4.543768545994064
"She had said to herself, “If I can just touch his clothes, I will be healed.”","Lɛ ese linu si asi yɛ isu ya si, “Xe màtani yɛ liwu le ɔgyurɔ lɔ tètè kugbɔnɔ ko e, maayɔ.”","The one who is going to the river says, ""When I arrive at the river, I will throw a stone into it, and it will splash.""",output-onesimus_004,0.18459406,20.700446950411816,25.965358893403383,4.543768545994064
"So the Lord's promise came true, just as the prophet Jeremiah had said,","Niteme liboe lɛ gi Aya yɛ oboedoplɛɛ Yeremya apani aplɛ ɛ,",The book of the prophet Jeremiah is in the Bible.,onesimus_7C821E01_Dec 01 output,,34.1974955018017,25.965358893403383,4.543768545994064
Look at the birds in the sky! They don't plant or harvest. They don't even store grain in barns. Yet your Father in heaven takes care of them. Aren't you worth much more than birds?,"Mledi liwɔ lɛ mɛ kudzɔʋi yɔ; kuʋíkpɛ bidɔ loo vini bidɔ kɔbla ní owle me, pɔ fɛ ɛ mlɔ Ɔka yɛ ní lifunu ne e izeedi kɔ aʋa. Mláŋa kedzi asani kɔ na a?","The child is crying and I don't know what to do; I've given it food and water but it refuses, and I don't know what's wrong with it, perhaps it's the work of the gods that's affecting it. What medicine can I use to heal it?",onesimus_7C821E01_Dec 01 output,,21.84290402061142,25.965358893403383,4.543768545994064
On that day they will be told they are either innocent or guilty because of the things they have said. A Sign from Heaven (Mark,"Lɛ ese linu si wɔ tutɔ wɔ eboe la biakɔ tsã litsi le ɔki wɔ, lɛ wɔ tutɔ wɔ eboe la biakɔ bu wɔ lipɔ.” Ɔsã nɔ badɔbasɛ batɔ ni Farisianɛatɔ beʋi i dɔni Yesu awla si ɔbitɛ linugutseboe","The one who is in heaven is the one who will help us, the one who is on earth is the one who will trouble us.” He said this to the Pharisees who were with Jesus and were trying to test him",onesimus_7C821E01_Dec 01 output,,22.95374392700607,25.965358893403383,4.543768545994064
"When the Son of Man appears, things will be just as they were when Noah lived.","Ɔnɔɛ Yebi ye kubaba ɛ, kwiaze ko ŋwisi nite gi lize ní Noa lipoe le me e.",God created us and put us on this earth and gave us everything including Noah's ark.,onesimus_7C821E01_Dec 01 output,,19.662315587745375,25.965358893403383,4.543768545994064
"But Jesus did not say anything, and the governor was greatly amazed. The Death Sentence (Mark",Pɔ̀ Yesu obu liboeboe onu tɔɔ gi lítu kesea ɔʋadi ye kugyɔ ɔ. Pilato atsa kutsépia akí Yesu,Then Jesus was led by the soldiers to the great hall and the whole battalion was gathered there. Pilate asked Jesus,onesimus_7C821E01_Dec 01 output,,25.27255334869257,25.965358893403383,4.543768545994064
"When the king went in to meet the guests, he found that one of them wasn't wearing the right kind of clothes for the wedding.","Pɔ̀ gi Okusi ye etiku tɔ yidi bababa ba ɛ, amɔ onyime ɔtɔ gi ɔ́kpɛ kudzɛgbanɔɔ liwu le e.","The chief of Okusi and his elders were sitting under a tree, and the young man was sitting on a separate stool beside them.",output_jonathan,0.18696293,21.2756628812714,25.965358893403383,4.543768545994064
Jesus and his disciples crossed the lake and brought the boat to shore near the town of Gennesaret.,Yesu ni yɛ badɔkpasi ba bɛtsa limu ne lɛ beple eku ní Genesaret kesea mɛ; lɛ bɛka katapokpaa ní limu ne kutu yɔ ɛ.,"Jesus got into a boat and sat down, while the crowd was on the land at the shore of the lake of Gennesaret.",output_jonathan,0.810022,40.05102138207789,25.965358893403383,4.543768545994064
"He told them, “The Scriptures say, ‘My house should be called a place of worship.’ But you have turned it into a place where robbers hide.”","Lɛ asi ba si, “Bɛŋwlimi kpɛ ni Aya yɛ liboe le me sì Aya apani sì, ‘Mɛ Lisɔligba lɛ ɛ, biaxwa lɛ si, ligba gi biazesumu me ní lɛ mɛ ɛ. ‘Pɔ̀ mlɛ kɔ lɛ ɛbitɛ okpokɔ ki beze ba!”","They said, ""Tell Aya that the one who is coming to Aya's home says, 'I am Lisɔligba, the child is mine, the child's mother is in my hands.' 'Don't let him come and take the child away from me!""",output_jonathan,0.32783195,17.374339372848414,25.965358893403383,4.543768545994064
"Jesus decided to ask some of his disciples to go up on a mountain with him, and they went.","Gi Yesu asɛ ní klɔ ɛ, emu ketokpa katɔ lɛ axwa banama gi apɛ ɛ, lɛ bɛba yɛ klɔ ɛ.","Jesus said to them, the one who wants to be first among you, will be the last of all and your servant.",output_jonathan,0.348141,22.7622245164317,25.965358893403383,4.543768545994064
But Jesus replied: You want a sign because you are evil and won't believe! But the only sign you will get is the sign of the prophet Jonah.,"Lɛ Yesu ebu le onu si, “Kitɛ mɛ abla bebi ba bɛnyani xe béte Aya kyɛ na a! Mleʋi si mibitɛ linugutseboe! Owo lítra ba lɛ mɛ ɛ! Linugutseboe tile gi biaki mlɔ ɛ, lɛ ko linu Yona oboedoplɛɛ su linugutseboe le e.","Jesus said to them, ""A wicked and adulterous generation asks for a sign! But none will be given it except the sign of the prophet Jonah.""",output_jonathan,0.7259609,38.64830645249133,25.965358893403383,4.543768545994064
"So the Lord's promise came true, just as the prophet Jeremiah had said,","Niteme liboe lɛ gi Aya yɛ oboedoplɛɛ Yeremya apani aplɛ ɛ,",The book of the prophet Jeremiah is in the Bible.,output_JA-2,,34.1974955018017,25.965358893403383,4.543768545994064
Look at the birds in the sky! They don't plant or harvest. They don't even store grain in barns. Yet your Father in heaven takes care of them. Aren't you worth much more than birds?,"Mledi liwɔ lɛ mɛ kudzɔʋi yɔ; kuʋíkpɛ bidɔ loo vini bidɔ kɔbla ní owle me, pɔ fɛ ɛ mlɔ Ɔka yɛ ní lifunu ne e izeedi kɔ aʋa. Mláŋa kedzi asani kɔ na a?","The child is crying and I don't know what to do; I've given it food and water but it refuses, and I don't know what's wrong with it, perhaps it's the work of the gods that's affecting it. What medicine can I use to heal it?",output_JA-2,,21.84290402061142,25.965358893403383,4.543768545994064
On that day they will be told they are either innocent or guilty because of the things they have said. A Sign from Heaven (Mark,"Lɛ ese linu si wɔ tutɔ wɔ eboe la biakɔ tsã litsi le ɔki wɔ, lɛ wɔ tutɔ wɔ eboe la biakɔ bu wɔ lipɔ.” Ɔsã nɔ badɔbasɛ batɔ ni Farisianɛatɔ beʋi i dɔni Yesu awla si ɔbitɛ linugutseboe","The one who is in heaven is the one who will help us, the one who is on earth is the one who will trouble us.” He said this to the Pharisees who were with Jesus and were trying to test him",output_JA-2,,22.95374392700607,25.965358893403383,4.543768545994064
"When the Son of Man appears, things will be just as they were when Noah lived.","Ɔnɔɛ Yebi ye kubaba ɛ, kwiaze ko ŋwisi nite gi lize ní Noa lipoe le me e.",God created us and put us on this earth and gave us everything including Noah's ark.,output_JA-2,,19.662315587745375,25.965358893403383,4.543768545994064
"But Jesus did not say anything, and the governor was greatly amazed. The Death Sentence (Mark",Pɔ̀ Yesu obu liboeboe onu tɔɔ gi lítu kesea ɔʋadi ye kugyɔ ɔ. Pilato atsa kutsépia akí Yesu,Then Jesus was led by the soldiers to the great hall and the whole battalion was gathered there. Pilate asked Jesus,output_JA-2,,25.27255334869257,25.965358893403383,4.543768545994064
"So the Lord's promise came true, just as the prophet Jeremiah had said,","Niteme liboe lɛ gi Aya yɛ oboedoplɛɛ Yeremya apani aplɛ ɛ,",The book of the prophet Jeremiah is in the Bible.,gerhardt_8019BE0D_output_WsImHC,,34.1974955018017,25.965358893403383,4.543768545994064
Look at the birds in the sky! They don't plant or harvest. They don't even store grain in barns. Yet your Father in heaven takes care of them. Aren't you worth much more than birds?,"Mledi liwɔ lɛ mɛ kudzɔʋi yɔ; kuʋíkpɛ bidɔ loo vini bidɔ kɔbla ní owle me, pɔ fɛ ɛ mlɔ Ɔka yɛ ní lifunu ne e izeedi kɔ aʋa. Mláŋa kedzi asani kɔ na a?","The child is crying and I don't know what to do; I've given it food and water but it refuses, and I don't know what's wrong with it, perhaps it's the work of the gods that's affecting it. What medicine can I use to heal it?",gerhardt_8019BE0D_output_WsImHC,,21.84290402061142,25.965358893403383,4.543768545994064
On that day they will be told they are either innocent or guilty because of the things they have said. A Sign from Heaven (Mark,"Lɛ ese linu si wɔ tutɔ wɔ eboe la biakɔ tsã litsi le ɔki wɔ, lɛ wɔ tutɔ wɔ eboe la biakɔ bu wɔ lipɔ.” Ɔsã nɔ badɔbasɛ batɔ ni Farisianɛatɔ beʋi i dɔni Yesu awla si ɔbitɛ linugutseboe","The one who is in heaven is the one who will help us, the one who is on earth is the one who will trouble us.” He said this to the Pharisees who were with Jesus and were trying to test him",gerhardt_8019BE0D_output_WsImHC,,22.95374392700607,25.965358893403383,4.543768545994064
"When the Son of Man appears, things will be just as they were when Noah lived.","Ɔnɔɛ Yebi ye kubaba ɛ, kwiaze ko ŋwisi nite gi lize ní Noa lipoe le me e.",God created us and put us on this earth and gave us everything including Noah's ark.,gerhardt_8019BE0D_output_WsImHC,,19.662315587745375,25.965358893403383,4.543768545994064
"But Jesus did not say anything, and the governor was greatly amazed. The Death Sentence (Mark",Pɔ̀ Yesu obu liboeboe onu tɔɔ gi lítu kesea ɔʋadi ye kugyɔ ɔ. Pilato atsa kutsépia akí Yesu,Then Jesus was led by the soldiers to the great hall and the whole battalion was gathered there. Pilate asked Jesus,gerhardt_8019BE0D_output_WsImHC,,25.27255334869257,25.965358893403383,4.543768545994064
"So the Lord's promise came true, just as the prophet Jeremiah had said,","Niteme liboe lɛ gi Aya yɛ oboedoplɛɛ Yeremya apani aplɛ ɛ,",The book of the prophet Jeremiah is in the Bible.,Dec 02 output,,34.1974955018017,25.965358893403383,4.543768545994064
Look at the birds in the sky! They don't plant or harvest. They don't even store grain in barns. Yet your Father in heaven takes care of them. Aren't you worth much more than birds?,"Mledi liwɔ lɛ mɛ kudzɔʋi yɔ; kuʋíkpɛ bidɔ loo vini bidɔ kɔbla ní owle me, pɔ fɛ ɛ mlɔ Ɔka yɛ ní lifunu ne e izeedi kɔ aʋa. Mláŋa kedzi asani kɔ na a?","The child is crying and I don't know what to do; I've given it food and water but it refuses, and I don't know what's wrong with it, perhaps it's the work of the gods that's affecting it. What medicine can I use to heal it?",Dec 02 output,,21.84290402061142,25.965358893403383,4.543768545994064
On that day they will be told they are either innocent or guilty because of the things they have said. A Sign from Heaven (Mark,"Lɛ ese linu si wɔ tutɔ wɔ eboe la biakɔ tsã litsi le ɔki wɔ, lɛ wɔ tutɔ wɔ eboe la biakɔ bu wɔ lipɔ.” Ɔsã nɔ badɔbasɛ batɔ ni Farisianɛatɔ beʋi i dɔni Yesu awla si ɔbitɛ linugutseboe","The one who is in heaven is the one who will help us, the one who is on earth is the one who will trouble us.” He said this to the Pharisees who were with Jesus and were trying to test him",Dec 02 output,,22.95374392700607,25.965358893403383,4.543768545994064
"When the Son of Man appears, things will be just as they were when Noah lived.","Ɔnɔɛ Yebi ye kubaba ɛ, kwiaze ko ŋwisi nite gi lize ní Noa lipoe le me e.","God created the world and everything in it, including the mountains and rivers that we see.",Dec 02 output,,20.504590801485676,25.965358893403383,4.543768545994064
"But Jesus did not say anything, and the governor was greatly amazed. The Death Sentence (Mark",Pɔ̀ Yesu obu liboeboe onu tɔɔ gi lítu kesea ɔʋadi ye kugyɔ ɔ. Pilato atsa kutsépia akí Yesu,Then Jesus was led by the soldiers to the great hall and the whole battalion was gathered there. Pilate asked Jesus,Dec 02 output,,25.27255334869257,25.965358893403383,4.543768545994064
"So the Lord's promise came true, just as the prophet Jeremiah had said,","Niteme liboe lɛ gi Aya yɛ oboedoplɛɛ Yeremya apani aplɛ ɛ,",The book of the prophet Jeremiah is in the Bible.,john_567A83BD_output (1),,34.1974955018017,25.965358893403383,4.543768545994064
Look at the birds in the sky! They don't plant or harvest. They don't even store grain in barns. Yet your Father in heaven takes care of them. Aren't you worth much more than birds?,"Mledi liwɔ lɛ mɛ kudzɔʋi yɔ; kuʋíkpɛ bidɔ loo vini bidɔ kɔbla ní owle me, pɔ fɛ ɛ mlɔ Ɔka yɛ ní lifunu ne e izeedi kɔ aʋa. Mláŋa kedzi asani kɔ na a?","The child is crying and I don't know what to do; I've given it food and water but it refuses, and I don't know what's wrong with it, perhaps it's the work of the gods that's affecting it. What medicine can I give it?",john_567A83BD_output (1),,21.3263244732609,25.965358893403383,4.543768545994064
On that day they will be told they are either innocent or guilty because of the things they have said. A Sign from Heaven (Mark,"Lɛ ese linu si wɔ tutɔ wɔ eboe la biakɔ tsã litsi le ɔki wɔ, lɛ wɔ tutɔ wɔ eboe la biakɔ bu wɔ lipɔ.” Ɔsã nɔ badɔbasɛ batɔ ni Farisianɛatɔ beʋi i dɔni Yesu awla si ɔbitɛ linugutseboe","The one who is in heaven is the one who will help us, the one who is on earth is the one who will trouble us.” He said this to the Pharisees who were with Jesus and were trying to test him",john_567A83BD_output (1),,22.95374392700607,25.965358893403383,4.543768545994064
"When the Son of Man appears, things will be just as they were when Noah lived.","Ɔnɔɛ Yebi ye kubaba ɛ, kwiaze ko ŋwisi nite gi lize ní Noa lipoe le me e.",God created us and put us on this earth and gave us everything including Noah's ark.,john_567A83BD_output (1),,19.662315587745375,25.965358893403383,4.543768545994064
"But Jesus did not say anything, and the governor was greatly amazed. The Death Sentence (Mark",Pɔ̀ Yesu obu liboeboe onu tɔɔ gi lítu kesea ɔʋadi ye kugyɔ ɔ. Pilato atsa kutsépia akí Yesu,Then Jesus was led by the soldiers to the great hall and the whole battalion was gathered there. Pilate asked Jesus,john_567A83BD_output (1),,25.27255334869257,25.965358893403383,4.543768545994064
"So the Lord's promise came true, just as the prophet Jeremiah had said,","Niteme liboe lɛ gi Aya yɛ oboedoplɛɛ Yeremya apani aplɛ ɛ,",The book of the prophet Jeremiah is in the Bible.,john_AA1B9A68_output (9),,34.1974955018017,25.965358893403383,4.543768545994064
Look at the birds in the sky! They don't plant or harvest. They don't even store grain in barns. Yet your Father in heaven takes care of them. Aren't you worth much more than birds?,"Mledi liwɔ lɛ mɛ kudzɔʋi yɔ; kuʋíkpɛ bidɔ loo vini bidɔ kɔbla ní owle me, pɔ fɛ ɛ mlɔ Ɔka yɛ ní lifunu ne e izeedi kɔ aʋa. Mláŋa kedzi asani kɔ na a?","The child is crying and I don't know what to do; I've given it food and water but it refuses, and I don't know what's wrong with it, perhaps it's the work of the gods that's affecting it. What medicine can I use to heal it?",john_AA1B9A68_output (9),,21.84290402061142,25.965358893403383,4.543768545994064
On that day they will be told they are either innocent or guilty because of the things they have said. A Sign from Heaven (Mark,"Lɛ ese linu si wɔ tutɔ wɔ eboe la biakɔ tsã litsi le ɔki wɔ, lɛ wɔ tutɔ wɔ eboe la biakɔ bu wɔ lipɔ.” Ɔsã nɔ badɔbasɛ batɔ ni Farisianɛatɔ beʋi i dɔni Yesu awla si ɔbitɛ linugutseboe","The one who is in heaven is the one who will help us, the one who is on earth is the one who will trouble us.” He said this to the Pharisees who were with Jesus and were trying to test him",john_AA1B9A68_output (9),,22.95374392700607,25.965358893403383,4.543768545994064
"When the Son of Man appears, things will be just as they were when Noah lived.","Ɔnɔɛ Yebi ye kubaba ɛ, kwiaze ko ŋwisi nite gi lize ní Noa lipoe le me e.",God created us and put us on this earth and gave us everything including Noah's life on this earth.,john_AA1B9A68_output (9),,20.70249431571107,25.965358893403383,4.543768545994064
"But Jesus did not say anything, and the governor was greatly amazed. The Death Sentence (Mark",Pɔ̀ Yesu obu liboeboe onu tɔɔ gi lítu kesea ɔʋadi ye kugyɔ ɔ. Pilato atsa kutsépia akí Yesu,"Then Jesus was led by the soldiers to the governor's palace, and the whole cohort was there. Pilate asked Jesus",john_AA1B9A68_output (9),,30.847572508866506,25.965358893403383,4.543768545994064
"So the Lord's promise came true, just as the prophet Jeremiah had said,","Niteme liboe lɛ gi Aya yɛ oboedoplɛɛ Yeremya apani aplɛ ɛ,",The book of the prophet Jeremiah is in the Bible.,Dec 07 output,,34.1974955018017,25.965358893403383,4.543768545994064
Look at the birds in the sky! They don't plant or harvest. They don't even store grain in barns. Yet your Father in heaven takes care of them. Aren't you worth much more than birds?,"Mledi liwɔ lɛ mɛ kudzɔʋi yɔ; kuʋíkpɛ bidɔ loo vini bidɔ kɔbla ní owle me, pɔ fɛ ɛ mlɔ Ɔka yɛ ní lifunu ne e izeedi kɔ aʋa. Mláŋa kedzi asani kɔ na a?","The child is crying and I don't know what to do; I've given it food and water but it refuses, and I don't know what's wrong with it, perhaps it's the work of the gods that's affecting it. What medicine can I use to heal it?",Dec 07 output,,21.84290402061142,25.965358893403383,4.543768545994064
On that day they will be told they are either innocent or guilty because of the things they have said. A Sign from Heaven (Mark,"Lɛ ese linu si wɔ tutɔ wɔ eboe la biakɔ tsã litsi le ɔki wɔ, lɛ wɔ tutɔ wɔ eboe la biakɔ bu wɔ lipɔ.” Ɔsã nɔ badɔbasɛ batɔ ni Farisianɛatɔ beʋi i dɔni Yesu awla si ɔbitɛ linugutseboe","The one who is in heaven is the one who will help us, the one who is on earth is the one who will trouble us.” He said this to the Pharisees who were with Jesus and were trying to test him",Dec 07 output,,22.95374392700607,25.965358893403383,4.543768545994064
"When the Son of Man appears, things will be just as they were when Noah lived.","Ɔnɔɛ Yebi ye kubaba ɛ, kwiaze ko ŋwisi nite gi lize ní Noa lipoe le me e.",God created us and put us on this earth and gave us everything including Noah's ark.,Dec 07 output,,19.662315587745375,25.965358893403383,4.543768545994064
"But Jesus did not say anything, and the governor was greatly amazed. The Death Sentence (Mark",Pɔ̀ Yesu obu liboeboe onu tɔɔ gi lítu kesea ɔʋadi ye kugyɔ ɔ. Pilato atsa kutsépia akí Yesu,Then Jesus was led by the soldiers to the great hall and the whole battalion was gathered there. Pilate asked Jesus,Dec 07 output,,25.27255334869257,25.965358893403383,4.543768545994064
"So the Lord's promise came true, just as the prophet Jeremiah had said,","Niteme liboe lɛ gi Aya yɛ oboedoplɛɛ Yeremya apani aplɛ ɛ,",The book of the prophet Jeremiah is in the Bible.,Dec 10 output,,34.1974955018017,25.965358893403383,4.543768545994064
Look at the birds in the sky! They don't plant or harvest. They don't even store grain in barns. Yet your Father in heaven takes care of them. Aren't you worth much more than birds?,"Mledi liwɔ lɛ mɛ kudzɔʋi yɔ; kuʋíkpɛ bidɔ loo vini bidɔ kɔbla ní owle me, pɔ fɛ ɛ mlɔ Ɔka yɛ ní lifunu ne e izeedi kɔ aʋa. Mláŋa kedzi asani kɔ na a?","The child is crying and I don't know what to do; I've given it food and water but it refuses, and I don't know what's wrong with it, perhaps it's the work of the gods that's affecting it. What medicine can I use to heal it?",Dec 10 output,,21.84290402061142,25.965358893403383,4.543768545994064
On that day they will be told they are either innocent or guilty because of the things they have said. A Sign from Heaven (Mark,"Lɛ ese linu si wɔ tutɔ wɔ eboe la biakɔ tsã litsi le ɔki wɔ, lɛ wɔ tutɔ wɔ eboe la biakɔ bu wɔ lipɔ.” Ɔsã nɔ badɔbasɛ batɔ ni Farisianɛatɔ beʋi i dɔni Yesu awla si ɔbitɛ linugutseboe","The one who is in heaven is the one who will help us, the one who is on earth is the one who will trouble us.” He said this to show the Pharisees that he knew Jesus was from heaven.",Dec 10 output,,24.08420995335409,25.965358893403383,4.543768545994064
"When the Son of Man appears, things will be just as they were when Noah lived.","Ɔnɔɛ Yebi ye kubaba ɛ, kwiaze ko ŋwisi nite gi lize ní Noa lipoe le me e.","God created us and put us on this earth, and because of that we have to thank him every day.",Dec 10 output,,17.7848414852134,25.965358893403383,4.543768545994064
"But Jesus did not say anything, and the governor was greatly amazed. The Death Sentence (Mark",Pɔ̀ Yesu obu liboeboe onu tɔɔ gi lítu kesea ɔʋadi ye kugyɔ ɔ. Pilato atsa kutsépia akí Yesu,Then Jesus was led by the soldiers to the great hall and the whole battalion was gathered there. Pilate asked Jesus,Dec 10 output,,25.27255334869257,25.965358893403383,4.543768545994064
Jesus told the people to gather around him. Then he spoke to them in riddles and said: How can Satan force himself out?,"Lɛ Yesu axwa ba manɔ ɔ, xe egu kunugu yo aki ba ní abee ʋa me si, “Kitɛ Abosam yɛ aatani abosam yɛ kukpikpinɔ dono e?","And Jesus said to them, ""What did the evil spirit say when it came out from the man?",output-onesimus_005,0.6711102,21.262670281349983,25.965358893403383,4.543768545994064
The mother of James and John came to Jesus with her two sons. She knelt down and started begging him to do something for her.,"Lɛ Zebedeo yedze aba Yesu klɔ ni yɛ bebinyime tiaʋa ba ɛ. Edu yɛ aklamasi na kesea akí yɛ, lɛ eʋi si ɔpɛ lipo me ɔki yɛ ɛ.","Then Zebedee's sons came to Jesus and asked him, ""Teacher, we want you to do for us whatever we ask.""",output-onesimus_005,0.6500325,24.477016518763094,25.965358893403383,4.543768545994064
"Jesus walked on and soon saw James and John, the sons of Zebedee. They were in a boat, mending their nets.","Aga atrɛ ɔtɔ nɔ taʋɛ ko lɛ amɔ beneminyime tiaʋa dzedze e, Yakobo nì Yohanes. Beze Zebedeo yɛ bebi. Beze ba katapokpaa mɛ gi bɛzɛɛlulɔ ba dzikle ʋa a.","Going on from there, he saw two other brothers, James son of Zebedee and his brother John. They were in a boat with their father Zebedee, preparing their nets.",output-onesimus_005,0.8340529,45.6157490138317,25.965358893403383,4.543768545994064
"None of them will eat anything they buy in the market until it is washed. They also follow a lot of other teachings, such as washing cups, pitchers, and bowls.","Lɛ kidɔ kakaa gi bedzi idɔnɔ kedzia mɛ ɛ, linu si beplo ke ni tɔ beplo ba awla la ní ɔtɔpu kɔ xe ableke biaŋa bidɔ ɔ. Isã dzedze itɔ gi ba bakatsi ba bɛkpɛ ɛplɛ, ŋwisi kupliʋi yo, kudɔtɔfukpoo, ni kudɔkpaa liɔ mɛ bizɛŋa bidɔ mɛ ɛ, bɛ kiploploe ní ba egoʋi la onu petee, bɛzɛbitɛ ní lɛ aʋa.","The child who does not listen to the words of the elderly will one day suffer, because when the elderly people in the village are discussing something and they ask him or her to go and bring something, he or she will not be able to, and they will say that he or she is a useless child, and he or she will be ashamed, and they will not give him or her any food, and he or she will be hungry.",output-onesimus_005,0.29818487,26.161895303177456,25.965358893403383,4.543768545994064
"Then the devil came to him and said, “If you are God's Son, tell these stones to turn into bread.”","Lɛ Ozimizi ye aba yɛ klɔ ɔ; lɛ asi yɛ si, “Xe Aya Yebi wonu i, kɔlɔ ki tɔ akla la ya edzì bidɔŋaŋa aki wɔ.”","The elders say that long ago; they said, ""If Aya Yebi sees you, you will be given a lot of food and you will eat.""",output-onesimus_005,0.302591,20.03890086812976,25.965358893403383,4.543768545994064
"So the Lord's promise came true, just as the prophet Jeremiah had said,","Niteme liboe lɛ gi Aya yɛ oboedoplɛɛ Yeremya apani aplɛ ɛ,",The book of the prophet Jeremiah is in the Bible.,john_7781CD93_output (6),,34.1974955018017,25.965358893403383,4.543768545994064
Look at the birds in the sky! They don't plant or harvest. They don't even store grain in barns. Yet your Father in heaven takes care of them. Aren't you worth much more than birds?,"Mledi liwɔ lɛ mɛ kudzɔʋi yɔ; kuʋíkpɛ bidɔ loo vini bidɔ kɔbla ní owle me, pɔ fɛ ɛ mlɔ Ɔka yɛ ní lifunu ne e izeedi kɔ aʋa. Mláŋa kedzi asani kɔ na a?","The child is crying and I don't know what to do; I've given it food and water but it refuses, and I don't know what's wrong with it, perhaps it's the work of the gods that's affecting it. What medicine can I use to heal it?",john_7781CD93_output (6),,21.84290402061142,25.965358893403383,4.543768545994064
On that day they will be told they are either innocent or guilty because of the things they have said. A Sign from Heaven (Mark,"Lɛ ese linu si wɔ tutɔ wɔ eboe la biakɔ tsã litsi le ɔki wɔ, lɛ wɔ tutɔ wɔ eboe la biakɔ bu wɔ lipɔ.” Ɔsã nɔ badɔbasɛ batɔ ni Farisianɛatɔ beʋi i dɔni Yesu awla si ɔbitɛ linugutseboe","The one who is in heaven is the one who will help us, the one who is on earth is the one who will trouble us.” He said this to the Pharisees who were with Jesus and were trying to test him",john_7781CD93_output (6),,22.95374392700607,25.965358893403383,4.543768545994064
"When the Son of Man appears, things will be just as they were when Noah lived.","Ɔnɔɛ Yebi ye kubaba ɛ, kwiaze ko ŋwisi nite gi lize ní Noa lipoe le me e.",God created us and put us on this earth and gave us everything including Noah's ark.,john_7781CD93_output (6),,19.662315587745375,25.965358893403383,4.543768545994064
"But Jesus did not say anything, and the governor was greatly amazed. The Death Sentence (Mark",Pɔ̀ Yesu obu liboeboe onu tɔɔ gi lítu kesea ɔʋadi ye kugyɔ ɔ. Pilato atsa kutsépia akí Yesu,Then Jesus was led by the soldiers to the great hall and the whole battalion was gathered there. Pilate asked Jesus,john_7781CD93_output (6),,25.27255334869257,25.965358893403383,4.543768545994064
"So the Lord's promise came true, just as the prophet Jeremiah had said,","Niteme liboe lɛ gi Aya yɛ oboedoplɛɛ Yeremya apani aplɛ ɛ,",The book of the prophet Jeremiah is in the Bible.,gerhardt_25FFCBF7_output_DdErIM,,34.1974955018017,25.965358893403383,4.543768545994064
Look at the birds in the sky! They don't plant or harvest. They don't even store grain in barns. Yet your Father in heaven takes care of them. Aren't you worth much more than birds?,"Mledi liwɔ lɛ mɛ kudzɔʋi yɔ; kuʋíkpɛ bidɔ loo vini bidɔ kɔbla ní owle me, pɔ fɛ ɛ mlɔ Ɔka yɛ ní lifunu ne e izeedi kɔ aʋa. Mláŋa kedzi asani kɔ na a?","The child is crying and I don't know what to do; I've given it food and water but it refuses, and I don't know what's wrong with it, perhaps it's the work of the gods that's affecting it. What medicine can I use to heal it?",gerhardt_25FFCBF7_output_DdErIM,,21.84290402061142,25.965358893403383,4.543768545994064
On that day they will be told they are either innocent or guilty because of the things they have said. A Sign from Heaven (Mark,"Lɛ ese linu si wɔ tutɔ wɔ eboe la biakɔ tsã litsi le ɔki wɔ, lɛ wɔ tutɔ wɔ eboe la biakɔ bu wɔ lipɔ.” Ɔsã nɔ badɔbasɛ batɔ ni Farisianɛatɔ beʋi i dɔni Yesu awla si ɔbitɛ linugutseboe","The one who is in heaven is the one who will help us, the one who is on earth is the one who will trouble us.” He said this to the Pharisees who were with Jesus and were trying to test him",gerhardt_25FFCBF7_output_DdErIM,,22.95374392700607,25.965358893403383,4.543768545994064
"When the Son of Man appears, things will be just as they were when Noah lived.","Ɔnɔɛ Yebi ye kubaba ɛ, kwiaze ko ŋwisi nite gi lize ní Noa lipoe le me e.",God created us and put us on this earth and gave us everything including Noah's ark.,gerhardt_25FFCBF7_output_DdErIM,,19.662315587745375,25.965358893403383,4.543768545994064
"But Jesus did not say anything, and the governor was greatly amazed. The Death Sentence (Mark",Pɔ̀ Yesu obu liboeboe onu tɔɔ gi lítu kesea ɔʋadi ye kugyɔ ɔ. Pilato atsa kutsépia akí Yesu,Then Jesus was led by the soldiers to the great hall and the whole battalion was gathered there. Pilate asked Jesus,gerhardt_25FFCBF7_output_DdErIM,,25.27255334869257,25.965358893403383,4.543768545994064
"So the Lord's promise came true, just as the prophet Jeremiah had said,","Niteme liboe lɛ gi Aya yɛ oboedoplɛɛ Yeremya apani aplɛ ɛ,",The book of the prophet Jeremiah is in the Bible.,output_mich003,,34.1974955018017,25.965358893403383,4.543768545994064
Look at the birds in the sky! They don't plant or harvest. They don't even store grain in barns. Yet your Father in heaven takes care of them. Aren't you worth much more than birds?,"Mledi liwɔ lɛ mɛ kudzɔʋi yɔ; kuʋíkpɛ bidɔ loo vini bidɔ kɔbla ní owle me, pɔ fɛ ɛ mlɔ Ɔka yɛ ní lifunu ne e izeedi kɔ aʋa. Mláŋa kedzi asani kɔ na a?","The child is crying and I don't know what to do; I've given it food and water but it refuses, and I don't know what's wrong with it, perhaps it's the work of the gods that's affecting it. What medicine can I use to heal it?",output_mich003,,21.84290402061142,25.965358893403383,4.543768545994064
On that day they will be told they are either innocent or guilty because of the things they have said. A Sign from Heaven (Mark,"Lɛ ese linu si wɔ tutɔ wɔ eboe la biakɔ tsã litsi le ɔki wɔ, lɛ wɔ tutɔ wɔ eboe la biakɔ bu wɔ lipɔ.” Ɔsã nɔ badɔbasɛ batɔ ni Farisianɛatɔ beʋi i dɔni Yesu awla si ɔbitɛ linugutseboe","The one who is in heaven is the one who will help us, the one who is on earth is the one who will trouble us.” He said this to the Pharisees who were with Jesus and were trying to test him",output_mich003,,22.95374392700607,25.965358893403383,4.543768545994064
"When the Son of Man appears, things will be just as they were when Noah lived.","Ɔnɔɛ Yebi ye kubaba ɛ, kwiaze ko ŋwisi nite gi lize ní Noa lipoe le me e.",God created us and put us on this earth and gave us everything including Noah's ark.,output_mich003,,19.662315587745375,25.965358893403383,4.543768545994064
"But Jesus did not say anything, and the governor was greatly amazed. The Death Sentence (Mark",Pɔ̀ Yesu obu liboeboe onu tɔɔ gi lítu kesea ɔʋadi ye kugyɔ ɔ. Pilato atsa kutsépia akí Yesu,Then Jesus was led by the soldiers to the great hall and the whole battalion was gathered there. Pilate asked Jesus,output_mich003,,25.27255334869257,25.965358893403383,4.543768545994064
"So the Lord's promise came true, just as the prophet Jeremiah had said,","Niteme liboe lɛ gi Aya yɛ oboedoplɛɛ Yeremya apani aplɛ ɛ,",The book of the prophet Jeremiah is in the Bible.,output_JA-6,,34.1974955018017,25.965358893403383,4.543768545994064
Look at the birds in the sky! They don't plant or harvest. They don't even store grain in barns. Yet your Father in heaven takes care of them. Aren't you worth much more than birds?,"Mledi liwɔ lɛ mɛ kudzɔʋi yɔ; kuʋíkpɛ bidɔ loo vini bidɔ kɔbla ní owle me, pɔ fɛ ɛ mlɔ Ɔka yɛ ní lifunu ne e izeedi kɔ aʋa. Mláŋa kedzi asani kɔ na a?","The child is crying and I don't know what to do; I've given it food and water but it refuses, and I don't know what's wrong with it, perhaps it's the work of the gods that's affecting it. What medicine can I use to heal it?",output_JA-6,,21.84290402061142,25.965358893403383,4.543768545994064
On that day they will be told they are either innocent or guilty because of the things they have said. A Sign from Heaven (Mark,"Lɛ ese linu si wɔ tutɔ wɔ eboe la biakɔ tsã litsi le ɔki wɔ, lɛ wɔ tutɔ wɔ eboe la biakɔ bu wɔ lipɔ.” Ɔsã nɔ badɔbasɛ batɔ ni Farisianɛatɔ beʋi i dɔni Yesu awla si ɔbitɛ linugutseboe","The one who is in heaven is the one who will help us, the one who is on earth is the one who will trouble us.” He said this to show the Pharisees that he knew Jesus was from heaven.",output_JA-6,,24.08420995335409,25.965358893403383,4.543768545994064
"When the Son of Man appears, things will be just as they were when Noah lived.","Ɔnɔɛ Yebi ye kubaba ɛ, kwiaze ko ŋwisi nite gi lize ní Noa lipoe le me e.",God created us and put us on this earth and gave us everything including Noah's ark.,output_JA-6,,19.662315587745375,25.965358893403383,4.543768545994064
"But Jesus did not say anything, and the governor was greatly amazed. The Death Sentence (Mark",Pɔ̀ Yesu obu liboeboe onu tɔɔ gi lítu kesea ɔʋadi ye kugyɔ ɔ. Pilato atsa kutsépia akí Yesu,Then Jesus was led by the soldiers to the great hall and the whole battalion was gathered there. Pilate asked Jesus,output_JA-6,,25.27255334869257,25.965358893403383,4.543768545994064
"So the Lord's promise came true, just as the prophet Jeremiah had said,","Niteme liboe lɛ gi Aya yɛ oboedoplɛɛ Yeremya apani aplɛ ɛ,",The book of the prophet Jeremiah is in the Bible.,Dec 03 output,,34.1974955018017,25.965358893403383,4.543768545994064
Look at the birds in the sky! They don't plant or harvest. They don't even store grain in barns. Yet your Father in heaven takes care of them. Aren't you worth much more than birds?,"Mledi liwɔ lɛ mɛ kudzɔʋi yɔ; kuʋíkpɛ bidɔ loo vini bidɔ kɔbla ní owle me, pɔ fɛ ɛ mlɔ Ɔka yɛ ní lifunu ne e izeedi kɔ aʋa. Mláŋa kedzi asani kɔ na a?","The child is crying and I don't know what to do; I've given it food and water but it refuses, and I don't know what's wrong with it, maybe it's because of the sickness that has been going around; what medicine can I give it?",Dec 03 output,,21.900906580786412,25.965358893403383,4.543768545994064
On that day they will be told they are either innocent or guilty because of the things they have said. A Sign from Heaven (Mark,"Lɛ ese linu si wɔ tutɔ wɔ eboe la biakɔ tsã litsi le ɔki wɔ, lɛ wɔ tutɔ wɔ eboe la biakɔ bu wɔ lipɔ.” Ɔsã nɔ badɔbasɛ batɔ ni Farisianɛatɔ beʋi i dɔni Yesu awla si ɔbitɛ linugutseboe","The one who is in heaven is the one who will help us, the one who is on earth is the one who will trouble us.” He said this to the Pharisees who were with Jesus and were trying to test him",Dec 03 output,,22.95374392700607,25.965358893403383,4.543768545994064
"When the Son of Man appears, things will be just as they were when Noah lived.","Ɔnɔɛ Yebi ye kubaba ɛ, kwiaze ko ŋwisi nite gi lize ní Noa lipoe le me e.",God created us and put us on this earth and gave us everything including Noah's ark.,Dec 03 output,,19.662315587745375,25.965358893403383,4.543768545994064
"But Jesus did not say anything, and the governor was greatly amazed. The Death Sentence (Mark",Pɔ̀ Yesu obu liboeboe onu tɔɔ gi lítu kesea ɔʋadi ye kugyɔ ɔ. Pilato atsa kutsépia akí Yesu,Then Jesus was led by the soldiers to the great hall and the whole battalion was gathered there. Pilate asked Jesus,Dec 03 output,,25.27255334869257,25.965358893403383,4.543768545994064
"So the Lord's promise came true, just as the prophet Jeremiah had said,","Niteme liboe lɛ gi Aya yɛ oboedoplɛɛ Yeremya apani aplɛ ɛ,",The book of the prophet Jeremiah is in the Bible.,Dec 09 output,,34.1974955018017,25.965358893403383,4.543768545994064
Look at the birds in the sky! They don't plant or harvest. They don't even store grain in barns. Yet your Father in heaven takes care of them. Aren't you worth much more than birds?,"Mledi liwɔ lɛ mɛ kudzɔʋi yɔ; kuʋíkpɛ bidɔ loo vini bidɔ kɔbla ní owle me, pɔ fɛ ɛ mlɔ Ɔka yɛ ní lifunu ne e izeedi kɔ aʋa. Mláŋa kedzi asani kɔ na a?","The child is crying and I don't know what to do; I've given it food and water but it refuses, and I don't know what's wrong with it, perhaps it's the work of the gods that's affecting it. What medicine can I use to heal it?",Dec 09 output,,21.84290402061142,25.965358893403383,4.543768545994064
On that day they will be told they are either innocent or guilty because of the things they have said. A Sign from Heaven (Mark,"Lɛ ese linu si wɔ tutɔ wɔ eboe la biakɔ tsã litsi le ɔki wɔ, lɛ wɔ tutɔ wɔ eboe la biakɔ bu wɔ lipɔ.” Ɔsã nɔ badɔbasɛ batɔ ni Farisianɛatɔ beʋi i dɔni Yesu awla si ɔbitɛ linugutseboe","The one who is in heaven is the one who will help us, the one who is on earth is the one who will trouble us.” He said this to the Pharisees who were with Jesus and were trying to test him",Dec 09 output,,22.95374392700607,25.965358893403383,4.543768545994064
"When the Son of Man appears, things will be just as they were when Noah lived.","Ɔnɔɛ Yebi ye kubaba ɛ, kwiaze ko ŋwisi nite gi lize ní Noa lipoe le me e.",God created us and put us on this earth and gave us everything including Noah's ark.,Dec 09 output,,19.662315587745375,25.965358893403383,4.543768545994064
"But Jesus did not say anything, and the governor was greatly amazed. The Death Sentence (Mark",Pɔ̀ Yesu obu liboeboe onu tɔɔ gi lítu kesea ɔʋadi ye kugyɔ ɔ. Pilato atsa kutsépia akí Yesu,Then Jesus was led by the soldiers to the great hall and the whole battalion was gathered there. Pilate asked Jesus,Dec 09 output,,25.27255334869257,25.965358893403383,4.543768545994064
"When Jesus finished teaching, he left Galilee and went to the part of Judea east of the Jordan River.","Agi Yesu agù yɛ kupaniɔ ɛ, asɛ ní Galilea lɛ atrɛ ní Yudea kesea ní Yordan onipe lo kede e.","Jesus went throughout Galilee, teaching in their synagogues and preaching the good news of the kingdom, and healing every disease and sickness among the people.",output_onesimus007,0.63139683,32.85117575631833,25.965358893403383,4.543768545994064
"Watch out for false prophets! They dress up like sheep, but inside they are wolves who have come to attack you.","“Mleze ní aŋuplɛplɛ mɛ ní asia na beboedoplɛ ba su, lɛ ese linu si biaba mlɔ klɔ ŋwisi iʋesi kinɛ ní aŋu mɛ. Pɔ̀ ní kimɛ mɛ ɛ, banyraga ɔtutɔ benu u.","“The stranger and the traveler are the same, and the foreigner and the beggar are one, because they all rely on the charity of others to survive. So if you see me, don’t look down on me.”",output_onesimus007,0.22666186,20.994152869056958,25.965358893403383,4.543768545994064
"When I was hungry, you gave me something to eat, and when I was thirsty, you gave me something to drink. When I was a stranger, you welcomed me,","Gi kuʋɛɔ kwize kume e, mlɛki mɛ kiŋaŋa, olile ezeku me lɛ mlɛki mɛ kuni; Meze ɔbaba lɛ mlɛzi mɛ kpɛ mlɔ kupeo me.","The farmer went to the farm, the wife stayed at home, she cooked food for the wife of the farmer; The woman's husband stayed with the wife to peel the cassava for her.",output_onesimus007,0.31761515,17.71877214367374,25.965358893403383,4.543768545994064
"Nations and kingdoms will go to war against each other. People will starve to death, and in some places there will be earthquakes.","Kese kiayɔ kedu ní kese su, lɛ kukusi kwiata kigũ ni kukusi, kuʋɛ kwiadɔ lɛ kese kiahwa ni ikɔ glegle e.","The big house and the small house, the big farm and the small farm, the big road and the small road are all the same to death.",output_onesimus007,0.12428097,20.82165799781245,25.965358893403383,4.543768545994064
"But because of the crowd, they could not get him to Jesus. So they made a hole in the roof above him and let the man down in front of everyone.","Linɔkpi le lɛ loso e, bátani ɔnɔɛ kukɔtsini yɛ ɛ. Lɛ loso bepu liwui ní ligba lɛ ada la mɛ niklɔ gi Yesu eze e. Gi bepu liwui le pɔ́ ɛ, bepleni ɔnɔɛ nì yɛ ɔtɔsi lɔ ɛkpɛ.","The women went to the tomb, but they found the stone rolled away from it. They went inside the tomb and did not find the body of Jesus there. They went inside and found it empty, and they saw a young man sitting on the right side.",output_onesimus007,0.57980555,25.69575529191079,25.965358893403383,4.543768545994064
"So the Lord's promise came true, just as the prophet Jeremiah had said,","Niteme liboe lɛ gi Aya yɛ oboedoplɛɛ Yeremya apani aplɛ ɛ,",The book of the prophet Jeremiah is in the Bible.,john_1C6E69D4_output (8),,34.1974955018017,25.965358893403383,4.543768545994064
Look at the birds in the sky! They don't plant or harvest. They don't even store grain in barns. Yet your Father in heaven takes care of them. Aren't you worth much more than birds?,"Mledi liwɔ lɛ mɛ kudzɔʋi yɔ; kuʋíkpɛ bidɔ loo vini bidɔ kɔbla ní owle me, pɔ fɛ ɛ mlɔ Ɔka yɛ ní lifunu ne e izeedi kɔ aʋa. Mláŋa kedzi asani kɔ na a?","The child is crying and I don't know what to do; I've given it food and it doesn't want it, I've given it water and it doesn't want it, I've laid it down and it doesn't sleep, what is wrong with it? What medicine can I give it?",john_1C6E69D4_output (8),,17.739460152488476,25.965358893403383,4.543768545994064
On that day they will be told they are either innocent or guilty because of the things they have said. A Sign from Heaven (Mark,"Lɛ ese linu si wɔ tutɔ wɔ eboe la biakɔ tsã litsi le ɔki wɔ, lɛ wɔ tutɔ wɔ eboe la biakɔ bu wɔ lipɔ.” Ɔsã nɔ badɔbasɛ batɔ ni Farisianɛatɔ beʋi i dɔni Yesu awla si ɔbitɛ linugutseboe","The one who is in heaven is the one who will help us, the one who is on earth is the one who will trouble us.” He said this to the Pharisees who were with Jesus and were trying to test him",john_1C6E69D4_output (8),,22.95374392700607,25.965358893403383,4.543768545994064
"When the Son of Man appears, things will be just as they were when Noah lived.","Ɔnɔɛ Yebi ye kubaba ɛ, kwiaze ko ŋwisi nite gi lize ní Noa lipoe le me e.",God created us and put us on this earth and gave us everything including Noah's dove to care for.,john_1C6E69D4_output (8),,19.817805974540533,25.965358893403383,4.543768545994064
"But Jesus did not say anything, and the governor was greatly amazed. The Death Sentence (Mark",Pɔ̀ Yesu obu liboeboe onu tɔɔ gi lítu kesea ɔʋadi ye kugyɔ ɔ. Pilato atsa kutsépia akí Yesu,Then Jesus was led by the soldiers to the great hall and the whole troop was with him. Pilate asked the question to Jesus,john_1C6E69D4_output (8),,24.262149279712666,25.965358893403383,4.543768545994064
"If you are out in the field, don't go back for your coat.","Ɔniliɛ klɔ gi ɔlɛ ní yɛ ɔnyrɔ mɛ ɛ, ɔkidzi itrɛ kepea si yatrɛɛkɔ yɛ ewu la a.","The farmer went to the farm and saw that the corn was ripe, so he called the children to come and harvest it.",output-onesimus_001,0.19035561,14.78369240474253,25.965358893403383,4.543768545994064
"Jesus walked on and soon saw James and John, the sons of Zebedee. They were in a boat, mending their nets.","Aga atrɛ ɔtɔ nɔ taʋɛ ko lɛ amɔ beneminyime tiaʋa dzedze e, Yakobo nì Yohanes. Beze Zebedeo yɛ bebi. Beze ba katapokpaa mɛ gi bɛzɛɛlulɔ ba dzikle ʋa a.","Going on from there, he saw two other brothers, James son of Zebedee and his brother John. They were in a boat with their father Zebedee, preparing their nets.",output-onesimus_001,0.8340529,45.6157490138317,25.965358893403383,4.543768545994064
"God gives such beauty to everything that grows in the fields, even though it is here today and thrown into a fire tomorrow. God will surely do even more for you! Why do you have such little faith?","Xegi nite Aya izɛlulɔ siwa sɛ ɛ, gi silɛ omono o, xe kivo biaŋwia sɛ ɔkpɛ kifu mɛ ɛ, ɔ́tratani mlɔ kululɔ ni bidɔkpɛkpɛ ʋɛ sanɔ na a? Mlɔ kuziŋaa kuli sisami koŋ!","If Aya's yam is not good and it's not tasty, and the goat didn't eat the leaves, what would have made the yam become so bitter? The yam is very bitter!",output-onesimus_001,0.23882267,17.67446867722608,25.965358893403383,4.543768545994064
God blesses those people who are humble. The earth will belong to them!,"“Isami iku banama gi bɛbubɔ isu ya ɛ, ba kaŋasea kiaze kesea petee.","The farmer went to the farm with his cutlass, but the farm was full of weeds.",output-onesimus_001,0.09051247,17.497991361013213,25.965358893403383,4.543768545994064
Jesus and his disciples crossed the lake and brought the boat to shore near the town of Gennesaret.,Yesu ni yɛ badɔkpasi ba bɛtsa limu ne lɛ beple eku ní Genesaret kesea mɛ; lɛ bɛka katapokpaa ní limu ne kutu yɔ ɛ.,"Jesus got into a boat and sat down, while the crowd was on the land at the shore of the lake of Gennesaret.",output-onesimus_001,0.81002194,40.05102138207789,25.965358893403383,4.543768545994064
"So the Lord's promise came true, just as the prophet Jeremiah had said,","Niteme liboe lɛ gi Aya yɛ oboedoplɛɛ Yeremya apani aplɛ ɛ,",The book of the prophet Jeremiah is in the Bible.,output_johnayernor,,34.1974955018017,25.965358893403383,4.543768545994064
Look at the birds in the sky! They don't plant or harvest. They don't even store grain in barns. Yet your Father in heaven takes care of them. Aren't you worth much more than birds?,"Mledi liwɔ lɛ mɛ kudzɔʋi yɔ; kuʋíkpɛ bidɔ loo vini bidɔ kɔbla ní owle me, pɔ fɛ ɛ mlɔ Ɔka yɛ ní lifunu ne e izeedi kɔ aʋa. Mláŋa kedzi asani kɔ na a?","The child is crying and I don't know what to do; I've given it food and water but it refuses, and I don't know what's wrong with it, perhaps it's the work of the gods that's affecting it. What medicine can I use to heal it?",output_johnayernor,,21.84290402061142,25.965358893403383,4.543768545994064
On that day they will be told they are either innocent or guilty because of the things they have said. A Sign from Heaven (Mark,"Lɛ ese linu si wɔ tutɔ wɔ eboe la biakɔ tsã litsi le ɔki wɔ, lɛ wɔ tutɔ wɔ eboe la biakɔ bu wɔ lipɔ.” Ɔsã nɔ badɔbasɛ batɔ ni Farisianɛatɔ beʋi i dɔni Yesu awla si ɔbitɛ linugutseboe","The one who is in heaven is the one who will help us, the one who is on earth is the one who will trouble us.” He said this to the Pharisees who were with Jesus and were trying to test him",output_johnayernor,,22.95374392700607,25.965358893403383,4.543768545994064
"When the Son of Man appears, things will be just as they were when Noah lived.","Ɔnɔɛ Yebi ye kubaba ɛ, kwiaze ko ŋwisi nite gi lize ní Noa lipoe le me e.",God created us and put us on this earth and gave us everything including Noah's ark.,output_johnayernor,,19.662315587745375,25.965358893403383,4.543768545994064
"But Jesus did not say anything, and the governor was greatly amazed. The Death Sentence (Mark",Pɔ̀ Yesu obu liboeboe onu tɔɔ gi lítu kesea ɔʋadi ye kugyɔ ɔ. Pilato atsa kutsépia akí Yesu,Then Jesus was led by the soldiers to the great hall and the whole battalion was gathered there. Pilate asked Jesus,output_johnayernor,,25.27255334869257,25.965358893403383,4.543768545994064
"So the Lord's promise came true, just as the prophet Jeremiah had said,","Niteme liboe lɛ gi Aya yɛ oboedoplɛɛ Yeremya apani aplɛ ɛ,",The book of the prophet Jeremiah is in the Bible.,Dec 11 output,,34.1974955018017,25.965358893403383,4.543768545994064
Look at the birds in the sky! They don't plant or harvest. They don't even store grain in barns. Yet your Father in heaven takes care of them. Aren't you worth much more than birds?,"Mledi liwɔ lɛ mɛ kudzɔʋi yɔ; kuʋíkpɛ bidɔ loo vini bidɔ kɔbla ní owle me, pɔ fɛ ɛ mlɔ Ɔka yɛ ní lifunu ne e izeedi kɔ aʋa. Mláŋa kedzi asani kɔ na a?","The child is crying and I don't know what to do; I've given it food and water but it refuses, and I don't know what's wrong with it, perhaps it's the work of the devil. What medicine can I give it?",Dec 11 output,,20.88676737560941,25.965358893403383,4.543768545994064
On that day they will be told they are either innocent or guilty because of the things they have said. A Sign from Heaven (Mark,"Lɛ ese linu si wɔ tutɔ wɔ eboe la biakɔ tsã litsi le ɔki wɔ, lɛ wɔ tutɔ wɔ eboe la biakɔ bu wɔ lipɔ.” Ɔsã nɔ badɔbasɛ batɔ ni Farisianɛatɔ beʋi i dɔni Yesu awla si ɔbitɛ linugutseboe","The one who is in heaven is the one who will help us, the one who is on earth is the one who will trouble us.” He said this to the Pharisees who were with Jesus and were trying to test him",Dec 11 output,,22.95374392700607,25.965358893403383,4.543768545994064
"When the Son of Man appears, things will be just as they were when Noah lived.","Ɔnɔɛ Yebi ye kubaba ɛ, kwiaze ko ŋwisi nite gi lize ní Noa lipoe le me e.",God created us and put us on this earth and gave us everything including Noah's ark.,Dec 11 output,,19.662315587745375,25.965358893403383,4.543768545994064
"But Jesus did not say anything, and the governor was greatly amazed. The Death Sentence (Mark",Pɔ̀ Yesu obu liboeboe onu tɔɔ gi lítu kesea ɔʋadi ye kugyɔ ɔ. Pilato atsa kutsépia akí Yesu,Then Jesus was led by the soldiers to the great hall and the whole battalion was gathered there. Pilate asked Jesus,Dec 11 output,,25.27255334869257,25.965358893403383,4.543768545994064
"So the Lord's promise came true, just as the prophet Jeremiah had said,","Niteme liboe lɛ gi Aya yɛ oboedoplɛɛ Yeremya apani aplɛ ɛ,",The book of the prophet Jeremiah is in the Bible.,gerhardt_0445F08A_output_T9n53N,,34.1974955018017,25.965358893403383,4.543768545994064
Look at the birds in the sky! They don't plant or harvest. They don't even store grain in barns. Yet your Father in heaven takes care of them. Aren't you worth much more than birds?,"Mledi liwɔ lɛ mɛ kudzɔʋi yɔ; kuʋíkpɛ bidɔ loo vini bidɔ kɔbla ní owle me, pɔ fɛ ɛ mlɔ Ɔka yɛ ní lifunu ne e izeedi kɔ aʋa. Mláŋa kedzi asani kɔ na a?","The child is crying and I don't know what to do; I've given it food and water but it refuses, and I don't know what's wrong with it, perhaps it's the work of the gods that's affecting it. What medicine can I use to heal it?",gerhardt_0445F08A_output_T9n53N,,21.84290402061142,25.965358893403383,4.543768545994064
On that day they will be told they are either innocent or guilty because of the things they have said. A Sign from Heaven (Mark,"Lɛ ese linu si wɔ tutɔ wɔ eboe la biakɔ tsã litsi le ɔki wɔ, lɛ wɔ tutɔ wɔ eboe la biakɔ bu wɔ lipɔ.” Ɔsã nɔ badɔbasɛ batɔ ni Farisianɛatɔ beʋi i dɔni Yesu awla si ɔbitɛ linugutseboe","The one who is in heaven is the one who will help us, the one who is on earth is the one who will trouble us.” He said this to the Pharisees who were with Jesus and were trying to test him",gerhardt_0445F08A_output_T9n53N,,22.95374392700607,25.965358893403383,4.543768545994064
"When the Son of Man appears, things will be just as they were when Noah lived.","Ɔnɔɛ Yebi ye kubaba ɛ, kwiaze ko ŋwisi nite gi lize ní Noa lipoe le me e.",God created us and put us on this earth and gave us everything including Noah's ark.,gerhardt_0445F08A_output_T9n53N,,19.662315587745375,25.965358893403383,4.543768545994064
"But Jesus did not say anything, and the governor was greatly amazed. The Death Sentence (Mark",Pɔ̀ Yesu obu liboeboe onu tɔɔ gi lítu kesea ɔʋadi ye kugyɔ ɔ. Pilato atsa kutsépia akí Yesu,Then Jesus was led by the soldiers to the great hall and the whole battalion was gathered there. Pilate asked Jesus,gerhardt_0445F08A_output_T9n53N,,25.27255334869257,25.965358893403383,4.543768545994064
"So the Lord's promise came true, just as the prophet Jeremiah had said,","Niteme liboe lɛ gi Aya yɛ oboedoplɛɛ Yeremya apani aplɛ ɛ,",The book of the prophet Jeremiah is in the Bible.,gerhardt_60BC0D18_output (8),,34.1974955018017,25.965358893403383,4.543768545994064
Look at the birds in the sky! They don't plant or harvest. They don't even store grain in barns. Yet your Father in heaven takes care of them. Aren't you worth much more than birds?,"Mledi liwɔ lɛ mɛ kudzɔʋi yɔ; kuʋíkpɛ bidɔ loo vini bidɔ kɔbla ní owle me, pɔ fɛ ɛ mlɔ Ɔka yɛ ní lifunu ne e izeedi kɔ aʋa. Mláŋa kedzi asani kɔ na a?","The child is crying and I don't know what to do; I've given it food and water but it refuses, and I don't know what's wrong with it, perhaps it's the work of the gods that's affecting it. What medicine can I use to heal it?",gerhardt_60BC0D18_output (8),,21.84290402061142,25.965358893403383,4.543768545994064
On that day they will be told they are either innocent or guilty because of the things they have said. A Sign from Heaven (Mark,"Lɛ ese linu si wɔ tutɔ wɔ eboe la biakɔ tsã litsi le ɔki wɔ, lɛ wɔ tutɔ wɔ eboe la biakɔ bu wɔ lipɔ.” Ɔsã nɔ badɔbasɛ batɔ ni Farisianɛatɔ beʋi i dɔni Yesu awla si ɔbitɛ linugutseboe","The one who is in heaven is the one who will help us, the one who is on earth is the one who will trouble us.” He said this to the Pharisees who were with Jesus and were trying to test him",gerhardt_60BC0D18_output (8),,22.95374392700607,25.965358893403383,4.543768545994064
"When the Son of Man appears, things will be just as they were when Noah lived.","Ɔnɔɛ Yebi ye kubaba ɛ, kwiaze ko ŋwisi nite gi lize ní Noa lipoe le me e.",God created us and put us on this earth and gave us everything including Noah's ark.,gerhardt_60BC0D18_output (8),,19.662315587745375,25.965358893403383,4.543768545994064
"But Jesus did not say anything, and the governor was greatly amazed. The Death Sentence (Mark",Pɔ̀ Yesu obu liboeboe onu tɔɔ gi lítu kesea ɔʋadi ye kugyɔ ɔ. Pilato atsa kutsépia akí Yesu,Then Jesus was led by the soldiers to the great hall and the whole battalion was gathered there. Pilate asked Jesus,gerhardt_60BC0D18_output (8),,25.27255334869257,25.965358893403383,4.543768545994064
You are nothing but snakes and the children of snakes! How can you escape going to hell?,Mlɔ bagblaga ʋa ni bagblaga bebi ʋa! Kitɛ mlegyo edi si mlaase ní lipɔ bubu le gi liakpɛ mlɔ ní kifumoni ye me na a?,The bad person's child is also a bad person! Can the tiny bird that is in the sky come down and catch the cat and the mouse for me?,output-onesimus_002,0.38238275,22.80556162833238,25.965358893403383,4.543768545994064
"Then Jesus told the man, “Hold out your hand.” The man did, and it became as healthy as the other one.",Niklɔ Yesu asi onyimee gi yɛ ɔwla tole ètse si “Nina wɔ ɔwla lɔ “Onyimee anina yɛ ɔwla lɔ lɛ edzì iku lɔ mɛ ŋwisi ɔʋla lɔ kiniɛ.,"Jesus Christ said to his disciples and said ""I am the way"" ""Disciples said you are the way we should follow to have eternal life with God.",output-onesimus_002,0.30258963,19.811169884228804,25.965358893403383,4.543768545994064
"Simon was one of the twelve, and Jesus named him Peter.","Banɔ liɔfɔ ni tiaʋa ba klɔ gi akya ɛ, ba benu: Simon .","They went to the farm and when they got there, they saw him, they said: Simon.",output-onesimus_002,0.48294014,21.177073365275266,25.965358893403383,4.543768545994064
"Some people brought their children to Jesus, so he could place his hands on them and pray for them. His disciples told the people to stop bothering him.","Banɔatɔ bɛgbani banuvɔ ba ɛ mani Yesu klɔ tɔ ɔtrɔ awla ní ba aʋa ni tɔ ɔxwa Aya ní ba litukpo, pɔ̀ yɛ badɔkpasi ba bɛtɛni banɔaklɔ ɔ.","The disciples went to the village where Jesus was going to pray with them and they stood on the mountain and he prayed to God and they slept, but he stood praying to his Father.",output-onesimus_002,0.546288,32.17217370938957,25.965358893403383,4.543768545994064
You can tell who the false prophets are by their deeds. A Warning (Luke,Nite si mlaate ba gani ba kiboebitɛɛ mɛ ɛ. Litsixwawe le su bidɔ basɛbasɛ,The person who has not traveled thinks his mother is the best cook. Traveling around the world broadens one's knowledge,output-onesimus_002,0.113772675,18.443331129216066,25.965358893403383,4.543768545994064
"So the Lord's promise came true, just as the prophet Jeremiah had said,","Niteme liboe lɛ gi Aya yɛ oboedoplɛɛ Yeremya apani aplɛ ɛ,",The book of the prophet Jeremiah is in the Bible.,onesimus_BAB3F503_Dec 10 output,,34.1974955018017,25.965358893403383,4.543768545994064
Look at the birds in the sky! They don't plant or harvest. They don't even store grain in barns. Yet your Father in heaven takes care of them. Aren't you worth much more than birds?,"Mledi liwɔ lɛ mɛ kudzɔʋi yɔ; kuʋíkpɛ bidɔ loo vini bidɔ kɔbla ní owle me, pɔ fɛ ɛ mlɔ Ɔka yɛ ní lifunu ne e izeedi kɔ aʋa. Mláŋa kedzi asani kɔ na a?","The child is crying and I don't know what to do; I've given it food and water but it refuses, and I don't know what's wrong with it, perhaps it's the work of the gods that's affecting it. What medicine can I use to heal it?",onesimus_BAB3F503_Dec 10 output,,21.84290402061142,25.965358893403383,4.543768545994064
On that day they will be told they are either innocent or guilty because of the things they have said. A Sign from Heaven (Mark,"Lɛ ese linu si wɔ tutɔ wɔ eboe la biakɔ tsã litsi le ɔki wɔ, lɛ wɔ tutɔ wɔ eboe la biakɔ bu wɔ lipɔ.” Ɔsã nɔ badɔbasɛ batɔ ni Farisianɛatɔ beʋi i dɔni Yesu awla si ɔbitɛ linugutseboe","The one who is in heaven is the one who will help us, the one who is on earth is the one who will trouble us.” He said this to show the Pharisees that he knew Jesus was from heaven.",onesimus_BAB3F503_Dec 10 output,,24.08420995335409,25.965358893403383,4.543768545994064
"When the Son of Man appears, things will be just as they were when Noah lived.","Ɔnɔɛ Yebi ye kubaba ɛ, kwiaze ko ŋwisi nite gi lize ní Noa lipoe le me e.","God created us and put us on this earth, and because of that we have to thank him every day.",onesimus_BAB3F503_Dec 10 output,,17.7848414852134,25.965358893403383,4.543768545994064
"But Jesus did not say anything, and the governor was greatly amazed. The Death Sentence (Mark",Pɔ̀ Yesu obu liboeboe onu tɔɔ gi lítu kesea ɔʋadi ye kugyɔ ɔ. Pilato atsa kutsépia akí Yesu,Then Jesus was led by the soldiers to the great hall and the whole battalion was gathered there. Pilate asked Jesus,onesimus_BAB3F503_Dec 10 output,,25.27255334869257,25.965358893403383,4.543768545994064
"So the Lord's promise came true, just as the prophet Jeremiah had said,","Niteme liboe lɛ gi Aya yɛ oboedoplɛɛ Yeremya apani aplɛ ɛ,",The book of the prophet Jeremiah is in the Bible.,onesimus_AE3F5661_Dec 08 output,,34.1974955018017,25.965358893403383,4.543768545994064
Look at the birds in the sky! They don't plant or harvest. They don't even store grain in barns. Yet your Father in heaven takes care of them. Aren't you worth much more than birds?,"Mledi liwɔ lɛ mɛ kudzɔʋi yɔ; kuʋíkpɛ bidɔ loo vini bidɔ kɔbla ní owle me, pɔ fɛ ɛ mlɔ Ɔka yɛ ní lifunu ne e izeedi kɔ aʋa. Mláŋa kedzi asani kɔ na a?","The child is crying and I don't know what to do; I've given it food and water but it refuses, and I don't know what's wrong with it, perhaps it's the work of the gods that's affecting it. What medicine can I use to heal it?",onesimus_AE3F5661_Dec 08 output,,21.84290402061142,25.965358893403383,4.543768545994064
On that day they will be told they are either innocent or guilty because of the things they have said. A Sign from Heaven (Mark,"Lɛ ese linu si wɔ tutɔ wɔ eboe la biakɔ tsã litsi le ɔki wɔ, lɛ wɔ tutɔ wɔ eboe la biakɔ bu wɔ lipɔ.” Ɔsã nɔ badɔbasɛ batɔ ni Farisianɛatɔ beʋi i dɔni Yesu awla si ɔbitɛ linugutseboe","The one who is in heaven is the one who will help us, the one who is on earth is the one who will trouble us.” He said this to the Pharisees who were with Jesus and were trying to test him",onesimus_AE3F5661_Dec 08 output,,22.95374392700607,25.965358893403383,4.543768545994064
"When the Son of Man appears, things will be just as they were when Noah lived.","Ɔnɔɛ Yebi ye kubaba ɛ, kwiaze ko ŋwisi nite gi lize ní Noa lipoe le me e.",God created us and put us on this earth and gave us everything including Noah's ark.,onesimus_AE3F5661_Dec 08 output,,19.662315587745375,25.965358893403383,4.543768545994064
"But Jesus did not say anything, and the governor was greatly amazed. The Death Sentence (Mark",Pɔ̀ Yesu obu liboeboe onu tɔɔ gi lítu kesea ɔʋadi ye kugyɔ ɔ. Pilato atsa kutsépia akí Yesu,Then Jesus was led by the soldiers to the great hall and the whole battalion was gathered there. Pilate asked Jesus,onesimus_AE3F5661_Dec 08 output,,25.27255334869257,25.965358893403383,4.543768545994064
"So the Lord's promise came true, just as the prophet Jeremiah had said,","Niteme liboe lɛ gi Aya yɛ oboedoplɛɛ Yeremya apani aplɛ ɛ,",The book of the prophet Jeremiah is in the Bible.,onesimus_A84A9EF3_Dec 04 output,,34.1974955018017,25.965358893403383,4.543768545994064
Look at the birds in the sky! They don't plant or harvest. They don't even store grain in barns. Yet your Father in heaven takes care of them. Aren't you worth much more than birds?,"Mledi liwɔ lɛ mɛ kudzɔʋi yɔ; kuʋíkpɛ bidɔ loo vini bidɔ kɔbla ní owle me, pɔ fɛ ɛ mlɔ Ɔka yɛ ní lifunu ne e izeedi kɔ aʋa. Mláŋa kedzi asani kɔ na a?","The child is crying and I don't know what to do; I've given it food and water but it refuses, and I don't know what's wrong with it, perhaps it's the work of the gods that's affecting it. What medicine can I use to heal it?",onesimus_A84A9EF3_Dec 04 output,,21.84290402061142,25.965358893403383,4.543768545994064
On that day they will be told they are either innocent or guilty because of the things they have said. A Sign from Heaven (Mark,"Lɛ ese linu si wɔ tutɔ wɔ eboe la biakɔ tsã litsi le ɔki wɔ, lɛ wɔ tutɔ wɔ eboe la biakɔ bu wɔ lipɔ.” Ɔsã nɔ badɔbasɛ batɔ ni Farisianɛatɔ beʋi i dɔni Yesu awla si ɔbitɛ linugutseboe","The one who is in heaven is the one who will help us, the one who is on earth is the one who will trouble us.” He said this to the Pharisees who were with Jesus and were trying to test him",onesimus_A84A9EF3_Dec 04 output,,22.95374392700607,25.965358893403383,4.543768545994064
"When the Son of Man appears, things will be just as they were when Noah lived.","Ɔnɔɛ Yebi ye kubaba ɛ, kwiaze ko ŋwisi nite gi lize ní Noa lipoe le me e.",God created us and put us on this earth and gave us everything including Noah's ark.,onesimus_A84A9EF3_Dec 04 output,,19.662315587745375,25.965358893403383,4.543768545994064
"But Jesus did not say anything, and the governor was greatly amazed. The Death Sentence (Mark",Pɔ̀ Yesu obu liboeboe onu tɔɔ gi lítu kesea ɔʋadi ye kugyɔ ɔ. Pilato atsa kutsépia akí Yesu,Then Jesus was led by the soldiers to the great hall and the whole battalion was gathered there. Pilate asked Jesus,onesimus_A84A9EF3_Dec 04 output,,25.27255334869257,25.965358893403383,4.543768545994064
"Peter replied, “Remember, we have left everything to be your followers! What will we get?”","Lɛ Petro ebu le edo si, “Dike, ɔka! kwiyurɔ kidɔ kakaa, lɛ kwikuni wɔ kude e. Ege kwiamɔ obu ní lɛ mɛ ɛ?”","Then Petro said to him, ""Look, friend! the squirrel's tail is long, but it does not sweep the ground. Does your wife's hair reach the ground?""",output-onesimus_006,0.2528198,16.901588873779627,25.965358893403383,4.543768545994064
"When Jesus got up the next morning, he was hungry. He started out for the city,","Agi Yesu edziitrɛ Yerusalem keletitia livlɛ lɛ ɛ, kuʋe kwizeeku ye.","Jesus went to Jerusalem to the big festival there, and many people saw him.",output-onesimus_006,0.5204835,17.44041531732334,25.965358893403383,4.543768545994064
"But I tell you not to try to get even with a person who has done something to you. When someone slaps your right cheek, turn and let that person slap your other cheek.","Pɔ̀ mɛɛsi mlɔ abla si mlakíʋi kuwle aki ɔnɔnɔ ɔ. Xe ɔnutɔ ábɔ wɔ bidɔ ní ɔŋawla lɔ kutu yɔ mɛ ɛ, ki tɔ ɔbɔ wɔ ní kaʋaa kuni yɔ mɛ kyɛ.",The woman and the man are working on the farm. The woman is weeding and the man is making mounds for the yams.,output-onesimus_006,0.0042556524,12.320994708035212,25.965358893403383,4.543768545994064
"Jesus put his hand on the man and said, “I want to! Now you are well.” At once the man's leprosy disappeared.","Lɛ Yesu anina yɛ ɔwla lɔ xe agbɔni onyimee e, lɛ asi yɛ si, “Èe, linu mɛ kupɛpɛ. Wɔ isu ya ìdra a!”","When Jesus heard that John had been put in prison, he withdrew to Galilee, and said, ""The time has come. The kingdom of God is near!""",output-onesimus_006,0.37787765,24.327418305636787,25.965358893403383,4.543768545994064
John wore clothes made of camel's hair. He had a leather strap around his waist and ate grasshoppers and wild honey.,"Lɛ kposɔ sipi liwu Yohanes akpɛ, lɛ akɔ kagaplekpa ɔgɛmi akɔ anya yɛ kasɛa mɛ ɛ. Yɛ kiŋaŋaɛ kize akikli ni liŋwafu mɛ kìbu.","When John's father died, he went to Kagaplekpa and he was given a small piece of land to farm. The land was full of weeds and small trees and shrubs.",output-onesimus_006,0.5515889,23.11316094151632,25.965358893403383,4.543768545994064
"So the Lord's promise came true, just as the prophet Jeremiah had said,","Niteme liboe lɛ gi Aya yɛ oboedoplɛɛ Yeremya apani aplɛ ɛ,",The book of the prophet Jeremiah is in the Bible.,gerhardt_34E1778F_output (7),,34.1974955018017,25.965358893403383,4.543768545994064
Look at the birds in the sky! They don't plant or harvest. They don't even store grain in barns. Yet your Father in heaven takes care of them. Aren't you worth much more than birds?,"Mledi liwɔ lɛ mɛ kudzɔʋi yɔ; kuʋíkpɛ bidɔ loo vini bidɔ kɔbla ní owle me, pɔ fɛ ɛ mlɔ Ɔka yɛ ní lifunu ne e izeedi kɔ aʋa. Mláŋa kedzi asani kɔ na a?","The child is crying and I don't know what to do; I've given it food and water but it refuses, and I don't know what's wrong with it, perhaps it's the work of the gods that's affecting it. What medicine can I use to heal it?",gerhardt_34E1778F_output (7),,21.84290402061142,25.965358893403383,4.543768545994064
On that day they will be told they are either innocent or guilty because of the things they have said. A Sign from Heaven (Mark,"Lɛ ese linu si wɔ tutɔ wɔ eboe la biakɔ tsã litsi le ɔki wɔ, lɛ wɔ tutɔ wɔ eboe la biakɔ bu wɔ lipɔ.” Ɔsã nɔ badɔbasɛ batɔ ni Farisianɛatɔ beʋi i dɔni Yesu awla si ɔbitɛ linugutseboe","The one who is in heaven is the one who will help us, the one who is on earth is the one who will trouble us.” He said this to the Pharisees who were with Jesus and were trying to test him",gerhardt_34E1778F_output (7),,22.95374392700607,25.965358893403383,4.543768545994064
"When the Son of Man appears, things will be just as they were when Noah lived.","Ɔnɔɛ Yebi ye kubaba ɛ, kwiaze ko ŋwisi nite gi lize ní Noa lipoe le me e.",God created us and put us on this earth and gave us everything including Noah's ark.,gerhardt_34E1778F_output (7),,19.662315587745375,25.965358893403383,4.543768545994064
"But Jesus did not say anything, and the governor was greatly amazed. The Death Sentence (Mark",Pɔ̀ Yesu obu liboeboe onu tɔɔ gi lítu kesea ɔʋadi ye kugyɔ ɔ. Pilato atsa kutsépia akí Yesu,Then Jesus was led by the soldiers to the great hall and the whole battalion was gathered there. Pilate asked Jesus,gerhardt_34E1778F_output (7),,25.27255334869257,25.965358893403383,4.543768545994064
"So the Lord's promise came true, just as the prophet Jeremiah had said,","Niteme liboe lɛ gi Aya yɛ oboedoplɛɛ Yeremya apani aplɛ ɛ,",The book of the prophet Jeremiah is in the Bible.,output_JA-5,,34.1974955018017,25.965358893403383,4.543768545994064
Look at the birds in the sky! They don't plant or harvest. They don't even store grain in barns. Yet your Father in heaven takes care of them. Aren't you worth much more than birds?,"Mledi liwɔ lɛ mɛ kudzɔʋi yɔ; kuʋíkpɛ bidɔ loo vini bidɔ kɔbla ní owle me, pɔ fɛ ɛ mlɔ Ɔka yɛ ní lifunu ne e izeedi kɔ aʋa. Mláŋa kedzi asani kɔ na a?","The child is crying and I don't know what to do; I've given it food and water but it refuses, and I don't know what's wrong with it, perhaps it's the work of the gods that's affecting it. What medicine can I use to heal it?",output_JA-5,,21.84290402061142,25.965358893403383,4.543768545994064
On that day they will be told they are either innocent or guilty because of the things they have said. A Sign from Heaven (Mark,"Lɛ ese linu si wɔ tutɔ wɔ eboe la biakɔ tsã litsi le ɔki wɔ, lɛ wɔ tutɔ wɔ eboe la biakɔ bu wɔ lipɔ.” Ɔsã nɔ badɔbasɛ batɔ ni Farisianɛatɔ beʋi i dɔni Yesu awla si ɔbitɛ linugutseboe","The one who is in heaven is the one who will help us, the one who is on earth is the one who will trouble us.” He said this to the Pharisees who were with Jesus and were trying to test him",output_JA-5,,22.95374392700607,25.965358893403383,4.543768545994064
"When the Son of Man appears, things will be just as they were when Noah lived.","Ɔnɔɛ Yebi ye kubaba ɛ, kwiaze ko ŋwisi nite gi lize ní Noa lipoe le me e.",God created us and put us on this earth and gave us everything including Noah's ark.,output_JA-5,,19.662315587745375,25.965358893403383,4.543768545994064
"But Jesus did not say anything, and the governor was greatly amazed. The Death Sentence (Mark",Pɔ̀ Yesu obu liboeboe onu tɔɔ gi lítu kesea ɔʋadi ye kugyɔ ɔ. Pilato atsa kutsépia akí Yesu,Then Jesus was led by the soldiers to the great hall and the whole battalion was gathered there. Pilate asked Jesus,output_JA-5,,25.27255334869257,25.965358893403383,4.543768545994064
"So the Lord's promise came true, just as the prophet Jeremiah had said,","Niteme liboe lɛ gi Aya yɛ oboedoplɛɛ Yeremya apani aplɛ ɛ,",The book of the prophet Jeremiah is in the Bible.,john_86344B85_output (7),,34.1974955018017,25.965358893403383,4.543768545994064
Look at the birds in the sky! They don't plant or harvest. They don't even store grain in barns. Yet your Father in heaven takes care of them. Aren't you worth much more than birds?,"Mledi liwɔ lɛ mɛ kudzɔʋi yɔ; kuʋíkpɛ bidɔ loo vini bidɔ kɔbla ní owle me, pɔ fɛ ɛ mlɔ Ɔka yɛ ní lifunu ne e izeedi kɔ aʋa. Mláŋa kedzi asani kɔ na a?","The child is crying and I don't know what to do; I've given it food and water but it refuses, and I don't know what's wrong with it, perhaps it's the work of the gods that's affecting it. What medicine can I use to heal it?",john_86344B85_output (7),,21.84290402061142,25.965358893403383,4.543768545994064
On that day they will be told they are either innocent or guilty because of the things they have said. A Sign from Heaven (Mark,"Lɛ ese linu si wɔ tutɔ wɔ eboe la biakɔ tsã litsi le ɔki wɔ, lɛ wɔ tutɔ wɔ eboe la biakɔ bu wɔ lipɔ.” Ɔsã nɔ badɔbasɛ batɔ ni Farisianɛatɔ beʋi i dɔni Yesu awla si ɔbitɛ linugutseboe","The one who is in heaven is the one who will help us, the one who is on earth is the one who will trouble us.” He said this to the Pharisees who were with Jesus and were trying to test him",john_86344B85_output (7),,22.95374392700607,25.965358893403383,4.543768545994064
"When the Son of Man appears, things will be just as they were when Noah lived.","Ɔnɔɛ Yebi ye kubaba ɛ, kwiaze ko ŋwisi nite gi lize ní Noa lipoe le me e.",God created us and put us on this earth and gave us everything including Noah's ark.,john_86344B85_output (7),,19.662315587745375,25.965358893403383,4.543768545994064
"But Jesus did not say anything, and the governor was greatly amazed. The Death Sentence (Mark",Pɔ̀ Yesu obu liboeboe onu tɔɔ gi lítu kesea ɔʋadi ye kugyɔ ɔ. Pilato atsa kutsépia akí Yesu,Then Jesus was led by the soldiers to the great hall and the whole battalion was gathered there. Pilate asked Jesus,john_86344B85_output (7),,25.27255334869257,25.965358893403383,4.543768545994064
"So the Lord's promise came true, just as the prophet Jeremiah had said,","Niteme liboe lɛ gi Aya yɛ oboedoplɛɛ Yeremya apani aplɛ ɛ,",The book of the prophet Jeremiah is in the Bible.,Dec 05 output,,34.1974955018017,25.965358893403383,4.543768545994064
Look at the birds in the sky! They don't plant or harvest. They don't even store grain in barns. Yet your Father in heaven takes care of them. Aren't you worth much more than birds?,"Mledi liwɔ lɛ mɛ kudzɔʋi yɔ; kuʋíkpɛ bidɔ loo vini bidɔ kɔbla ní owle me, pɔ fɛ ɛ mlɔ Ɔka yɛ ní lifunu ne e izeedi kɔ aʋa. Mláŋa kedzi asani kɔ na a?","The child is crying and I don't know what to do; I've given it food and water but it refuses, and I don't know what's wrong with it, perhaps it's the work of the gods that's affecting it. What medicine can I use to heal it?",Dec 05 output,,21.84290402061142,25.965358893403383,4.543768545994064
On that day they will be told they are either innocent or guilty because of the things they have said. A Sign from Heaven (Mark,"Lɛ ese linu si wɔ tutɔ wɔ eboe la biakɔ tsã litsi le ɔki wɔ, lɛ wɔ tutɔ wɔ eboe la biakɔ bu wɔ lipɔ.” Ɔsã nɔ badɔbasɛ batɔ ni Farisianɛatɔ beʋi i dɔni Yesu awla si ɔbitɛ linugutseboe","The one who is in heaven is the one who will help us, the one who is on earth is the one who will trouble us.” He said this to the Pharisees who were with Jesus and were trying to test him",Dec 05 output,,22.95374392700607,25.965358893403383,4.543768545994064
"When the Son of Man appears, things will be just as they were when Noah lived.","Ɔnɔɛ Yebi ye kubaba ɛ, kwiaze ko ŋwisi nite gi lize ní Noa lipoe le me e.",God created us and put us on this earth and gave us everything including Noah's ark.,Dec 05 output,,19.662315587745375,25.965358893403383,4.543768545994064
"But Jesus did not say anything, and the governor was greatly amazed. The Death Sentence (Mark",Pɔ̀ Yesu obu liboeboe onu tɔɔ gi lítu kesea ɔʋadi ye kugyɔ ɔ. Pilato atsa kutsépia akí Yesu,Then Jesus was led by the soldiers to the place they had built for the cross to crucify him. Pilate had written and placed on Jesus,Dec 05 output,,19.868462469476874,25.965358893403383,4.543768545994064
"So the Lord's promise came true, just as the prophet Jeremiah had said,","Niteme liboe lɛ gi Aya yɛ oboedoplɛɛ Yeremya apani aplɛ ɛ,",The book of the prophet Jeremiah is in the Bible.,onesimus_C968674F_Dec 07 output,,34.1974955018017,25.965358893403383,4.543768545994064
Look at the birds in the sky! They don't plant or harvest. They don't even store grain in barns. Yet your Father in heaven takes care of them. Aren't you worth much more than birds?,"Mledi liwɔ lɛ mɛ kudzɔʋi yɔ; kuʋíkpɛ bidɔ loo vini bidɔ kɔbla ní owle me, pɔ fɛ ɛ mlɔ Ɔka yɛ ní lifunu ne e izeedi kɔ aʋa. Mláŋa kedzi asani kɔ na a?","The child is crying and I don't know what to do; I've given it food and water but it refuses, and I don't know what's wrong with it, perhaps it's the work of the gods that's affecting it. What medicine can I use to heal it?",onesimus_C968674F_Dec 07 output,,21.84290402061142,25.965358893403383,4.543768545994064
On that day they will be told they are either innocent or guilty because of the things they have said. A Sign from Heaven (Mark,"Lɛ ese linu si wɔ tutɔ wɔ eboe la biakɔ tsã litsi le ɔki wɔ, lɛ wɔ tutɔ wɔ eboe la biakɔ bu wɔ lipɔ.” Ɔsã nɔ badɔbasɛ batɔ ni Farisianɛatɔ beʋi i dɔni Yesu awla si ɔbitɛ linugutseboe","The one who is in heaven is the one who will help us, the one who is on earth is the one who will trouble us.” He said this to the Pharisees who were with Jesus and were trying to test him",onesimus_C968674F_Dec 07 output,,22.95374392700607,25.965358893403383,4.543768545994064
"When the Son of Man appears, things will be just as they were when Noah lived.","Ɔnɔɛ Yebi ye kubaba ɛ, kwiaze ko ŋwisi nite gi lize ní Noa lipoe le me e.",God created us and put us on this earth and gave us everything including Noah's ark.,onesimus_C968674F_Dec 07 output,,19.662315587745375,25.965358893403383,4.543768545994064
"But Jesus did not say anything, and the governor was greatly amazed. The Death Sentence (Mark",Pɔ̀ Yesu obu liboeboe onu tɔɔ gi lítu kesea ɔʋadi ye kugyɔ ɔ. Pilato atsa kutsépia akí Yesu,Then Jesus was led by the soldiers to the great hall and the whole battalion was gathered there. Pilate asked Jesus,onesimus_C968674F_Dec 07 output,,25.27255334869257,25.965358893403383,4.543768545994064
"So the Lord's promise came true, just as the prophet Jeremiah had said,","Niteme liboe lɛ gi Aya yɛ oboedoplɛɛ Yeremya apani aplɛ ɛ,",The book of the prophet Jeremiah is in the Bible.,john_C52DEBBB_output (10),,34.1974955018017,25.965358893403383,4.543768545994064
Look at the birds in the sky! They don't plant or harvest. They don't even store grain in barns. Yet your Father in heaven takes care of them. Aren't you worth much more than birds?,"Mledi liwɔ lɛ mɛ kudzɔʋi yɔ; kuʋíkpɛ bidɔ loo vini bidɔ kɔbla ní owle me, pɔ fɛ ɛ mlɔ Ɔka yɛ ní lifunu ne e izeedi kɔ aʋa. Mláŋa kedzi asani kɔ na a?","The child is crying and I don't know what to do; I've given it food and water but it refuses, and I don't know what's wrong with it, perhaps it's the work of the gods that's affecting it. What medicine can I use to heal it?",john_C52DEBBB_output (10),,21.84290402061142,25.965358893403383,4.543768545994064
On that day they will be told they are either innocent or guilty because of the things they have said. A Sign from Heaven (Mark,"Lɛ ese linu si wɔ tutɔ wɔ eboe la biakɔ tsã litsi le ɔki wɔ, lɛ wɔ tutɔ wɔ eboe la biakɔ bu wɔ lipɔ.” Ɔsã nɔ badɔbasɛ batɔ ni Farisianɛatɔ beʋi i dɔni Yesu awla si ɔbitɛ linugutseboe","The one who is in heaven is the one who will help us, the one who is on earth is the one who will trouble us.” He said this to the Pharisees who were with Jesus and were trying to test him",john_C52DEBBB_output (10),,22.95374392700607,25.965358893403383,4.543768545994064
"When the Son of Man appears, things will be just as they were when Noah lived.","Ɔnɔɛ Yebi ye kubaba ɛ, kwiaze ko ŋwisi nite gi lize ní Noa lipoe le me e.",God created us and put us on this earth and gave us everything including Noah's ark.,john_C52DEBBB_output (10),,19.662315587745375,25.965358893403383,4.543768545994064
"But Jesus did not say anything, and the governor was greatly amazed. The Death Sentence (Mark",Pɔ̀ Yesu obu liboeboe onu tɔɔ gi lítu kesea ɔʋadi ye kugyɔ ɔ. Pilato atsa kutsépia akí Yesu,Then Jesus was led by the soldiers to the great hall and the whole battalion was gathered there. Pilate asked Jesus,john_C52DEBBB_output (10),,25.27255334869257,25.965358893403383,4.543768545994064
"So the Lord's promise came true, just as the prophet Jeremiah had said,","Niteme liboe lɛ gi Aya yɛ oboedoplɛɛ Yeremya apani aplɛ ɛ,",The book of the prophet Jeremiah is in the Bible.,gerhardt_62CB5CC1_output (4),,34.1974955018017,25.965358893403383,4.543768545994064
Look at the birds in the sky! They don't plant or harvest. They don't even store grain in barns. Yet your Father in heaven takes care of them. Aren't you worth much more than birds?,"Mledi liwɔ lɛ mɛ kudzɔʋi yɔ; kuʋíkpɛ bidɔ loo vini bidɔ kɔbla ní owle me, pɔ fɛ ɛ mlɔ Ɔka yɛ ní lifunu ne e izeedi kɔ aʋa. Mláŋa kedzi asani kɔ na a?","The child is crying and I don't know what to do; I've given it food and water but it refuses, and I don't know what's wrong with it, perhaps it's the work of the gods that's affecting it. What medicine can I use to heal it?",gerhardt_62CB5CC1_output (4),,21.84290402061142,25.965358893403383,4.543768545994064
On that day they will be told they are either innocent or guilty because of the things they have said. A Sign from Heaven (Mark,"Lɛ ese linu si wɔ tutɔ wɔ eboe la biakɔ tsã litsi le ɔki wɔ, lɛ wɔ tutɔ wɔ eboe la biakɔ bu wɔ lipɔ.” Ɔsã nɔ badɔbasɛ batɔ ni Farisianɛatɔ beʋi i dɔni Yesu awla si ɔbitɛ linugutseboe","The one who is in heaven is the one who will help us, the one who is on earth is the one who will trouble us.” He said this to the Pharisees who were with Jesus and were trying to test him",gerhardt_62CB5CC1_output (4),,22.95374392700607,25.965358893403383,4.543768545994064
"When the Son of Man appears, things will be just as they were when Noah lived.","Ɔnɔɛ Yebi ye kubaba ɛ, kwiaze ko ŋwisi nite gi lize ní Noa lipoe le me e.",God created us and put us on this earth and gave us everything including Noah's ark.,gerhardt_62CB5CC1_output (4),,19.662315587745375,25.965358893403383,4.543768545994064
"But Jesus did not say anything, and the governor was greatly amazed. The Death Sentence (Mark",Pɔ̀ Yesu obu liboeboe onu tɔɔ gi lítu kesea ɔʋadi ye kugyɔ ɔ. Pilato atsa kutsépia akí Yesu,Then Jesus was led by the soldiers to the great hall and the whole battalion was gathered there. Pilate asked Jesus,gerhardt_62CB5CC1_output (4),,25.27255334869257,25.965358893403383,4.543768545994064
"So the Lord's promise came true, just as the prophet Jeremiah had said,","Niteme liboe lɛ gi Aya yɛ oboedoplɛɛ Yeremya apani aplɛ ɛ,",The book of the prophet Jeremiah is in the Bible.,Dec 04 output,,34.1974955018017,25.965358893403383,4.543768545994064
Look at the birds in the sky! They don't plant or harvest. They don't even store grain in barns. Yet your Father in heaven takes care of them. Aren't you worth much more than birds?,"Mledi liwɔ lɛ mɛ kudzɔʋi yɔ; kuʋíkpɛ bidɔ loo vini bidɔ kɔbla ní owle me, pɔ fɛ ɛ mlɔ Ɔka yɛ ní lifunu ne e izeedi kɔ aʋa. Mláŋa kedzi asani kɔ na a?","The child is crying and I don't know what to do; I've given it food and water but it refuses, and I don't know what's wrong with it, perhaps it's the work of the gods that's affecting it. What medicine can I use to heal it?",Dec 04 output,,21.84290402061142,25.965358893403383,4.543768545994064
On that day they will be told they are either innocent or guilty because of the things they have said. A Sign from Heaven (Mark,"Lɛ ese linu si wɔ tutɔ wɔ eboe la biakɔ tsã litsi le ɔki wɔ, lɛ wɔ tutɔ wɔ eboe la biakɔ bu wɔ lipɔ.” Ɔsã nɔ badɔbasɛ batɔ ni Farisianɛatɔ beʋi i dɔni Yesu awla si ɔbitɛ linugutseboe","The one who is in heaven is the one who will help us, the one who is on earth is the one who will trouble us.” He said this to the Pharisees who were with Jesus and were trying to test him",Dec 04 output,,22.95374392700607,25.965358893403383,4.543768545994064
"When the Son of Man appears, things will be just as they were when Noah lived.","Ɔnɔɛ Yebi ye kubaba ɛ, kwiaze ko ŋwisi nite gi lize ní Noa lipoe le me e.",God created us and put us on this earth and gave us everything including Noah's ark.,Dec 04 output,,19.662315587745375,25.965358893403383,4.543768545994064
"But Jesus did not say anything, and the governor was greatly amazed. The Death Sentence (Mark",Pɔ̀ Yesu obu liboeboe onu tɔɔ gi lítu kesea ɔʋadi ye kugyɔ ɔ. Pilato atsa kutsépia akí Yesu,Then Jesus was led by the soldiers to the great hall and the whole battalion was gathered there. Pilate asked Jesus,Dec 04 output,,25.27255334869257,25.965358893403383,4.543768545994064
"So the Lord's promise came true, just as the prophet Jeremiah had said,","Niteme liboe lɛ gi Aya yɛ oboedoplɛɛ Yeremya apani aplɛ ɛ,",The book of the prophet Jeremiah is in the Bible.,gerhardt_676E558A_output (6),,34.1974955018017,25.965358893403383,4.543768545994064
Look at the birds in the sky! They don't plant or harvest. They don't even store grain in barns. Yet your Father in heaven takes care of them. Aren't you worth much more than birds?,"Mledi liwɔ lɛ mɛ kudzɔʋi yɔ; kuʋíkpɛ bidɔ loo vini bidɔ kɔbla ní owle me, pɔ fɛ ɛ mlɔ Ɔka yɛ ní lifunu ne e izeedi kɔ aʋa. Mláŋa kedzi asani kɔ na a?","The child is crying and I don't know what to do; I've given it food and water but it refuses, and I don't know what's wrong with it, perhaps it's the work of the gods that's affecting it. What medicine can I use to heal it?",gerhardt_676E558A_output (6),,21.84290402061142,25.965358893403383,4.543768545994064
On that day they will be told they are either innocent or guilty because of the things they have said. A Sign from Heaven (Mark,"Lɛ ese linu si wɔ tutɔ wɔ eboe la biakɔ tsã litsi le ɔki wɔ, lɛ wɔ tutɔ wɔ eboe la biakɔ bu wɔ lipɔ.” Ɔsã nɔ badɔbasɛ batɔ ni Farisianɛatɔ beʋi i dɔni Yesu awla si ɔbitɛ linugutseboe","The one who is in heaven is the one who will help us, the one who is on earth is the one who will trouble us.” He said this to the Pharisees who were with Jesus and were trying to test him",gerhardt_676E558A_output (6),,22.95374392700607,25.965358893403383,4.543768545994064
"When the Son of Man appears, things will be just as they were when Noah lived.","Ɔnɔɛ Yebi ye kubaba ɛ, kwiaze ko ŋwisi nite gi lize ní Noa lipoe le me e.",God created us and put us on this earth and gave us everything including Noah's ark.,gerhardt_676E558A_output (6),,19.662315587745375,25.965358893403383,4.543768545994064
"But Jesus did not say anything, and the governor was greatly amazed. The Death Sentence (Mark",Pɔ̀ Yesu obu liboeboe onu tɔɔ gi lítu kesea ɔʋadi ye kugyɔ ɔ. Pilato atsa kutsépia akí Yesu,Then Jesus was led by the soldiers to the great hall and the whole battalion was gathered there. Pilate asked Jesus,gerhardt_676E558A_output (6),,25.27255334869257,25.965358893403383,4.543768545994064
"So the Lord's promise came true, just as the prophet Jeremiah had said,","Niteme liboe lɛ gi Aya yɛ oboedoplɛɛ Yeremya apani aplɛ ɛ,",The book of the prophet Jeremiah is in the Bible.,gerhardt_107423D8_output (9),,34.1974955018017,25.965358893403383,4.543768545994064
Look at the birds in the sky! They don't plant or harvest. They don't even store grain in barns. Yet your Father in heaven takes care of them. Aren't you worth much more than birds?,"Mledi liwɔ lɛ mɛ kudzɔʋi yɔ; kuʋíkpɛ bidɔ loo vini bidɔ kɔbla ní owle me, pɔ fɛ ɛ mlɔ Ɔka yɛ ní lifunu ne e izeedi kɔ aʋa. Mláŋa kedzi asani kɔ na a?","The child is crying and I don't know what to do; I've given it food and water but it refuses, and I don't know what's wrong with it, perhaps it's the work of the gods that's affecting it. What medicine can I use to heal it?",gerhardt_107423D8_output (9),,21.84290402061142,25.965358893403383,4.543768545994064
On that day they will be told they are either innocent or guilty because of the things they have said. A Sign from Heaven (Mark,"Lɛ ese linu si wɔ tutɔ wɔ eboe la biakɔ tsã litsi le ɔki wɔ, lɛ wɔ tutɔ wɔ eboe la biakɔ bu wɔ lipɔ.” Ɔsã nɔ badɔbasɛ batɔ ni Farisianɛatɔ beʋi i dɔni Yesu awla si ɔbitɛ linugutseboe","The one who is in heaven is the one who will help us, the one who is on earth is the one who will trouble us.” He said this to the Pharisees who were with Jesus and were trying to test him",gerhardt_107423D8_output (9),,22.95374392700607,25.965358893403383,4.543768545994064
"When the Son of Man appears, things will be just as they were when Noah lived.","Ɔnɔɛ Yebi ye kubaba ɛ, kwiaze ko ŋwisi nite gi lize ní Noa lipoe le me e.",God created us and put us on this earth and gave us everything including Noah's ark.,gerhardt_107423D8_output (9),,19.662315587745375,25.965358893403383,4.543768545994064
"But Jesus did not say anything, and the governor was greatly amazed. The Death Sentence (Mark",Pɔ̀ Yesu obu liboeboe onu tɔɔ gi lítu kesea ɔʋadi ye kugyɔ ɔ. Pilato atsa kutsépia akí Yesu,Then Jesus was led by the soldiers to the great hall and the whole battalion was gathered there. Pilate asked Jesus,gerhardt_107423D8_output (9),,25.27255334869257,25.965358893403383,4.543768545994064
"So the Lord's promise came true, just as the prophet Jeremiah had said,","Niteme liboe lɛ gi Aya yɛ oboedoplɛɛ Yeremya apani aplɛ ɛ,",The book of the prophet Jeremiah is in the Bible.,gerhardt_E4F773B6_output (3),,34.1974955018017,25.965358893403383,4.543768545994064
Look at the birds in the sky! They don't plant or harvest. They don't even store grain in barns. Yet your Father in heaven takes care of them. Aren't you worth much more than birds?,"Mledi liwɔ lɛ mɛ kudzɔʋi yɔ; kuʋíkpɛ bidɔ loo vini bidɔ kɔbla ní owle me, pɔ fɛ ɛ mlɔ Ɔka yɛ ní lifunu ne e izeedi kɔ aʋa. Mláŋa kedzi asani kɔ na a?","The child is crying and I don't know what to do; I've given it food and water but it refuses, and I don't know what's wrong with it, perhaps it's the work of the gods that's affecting it. What medicine can I use to heal it?",gerhardt_E4F773B6_output (3),,21.84290402061142,25.965358893403383,4.543768545994064
On that day they will be told they are either innocent or guilty because of the things they have said. A Sign from Heaven (Mark,"Lɛ ese linu si wɔ tutɔ wɔ eboe la biakɔ tsã litsi le ɔki wɔ, lɛ wɔ tutɔ wɔ eboe la biakɔ bu wɔ lipɔ.” Ɔsã nɔ badɔbasɛ batɔ ni Farisianɛatɔ beʋi i dɔni Yesu awla si ɔbitɛ linugutseboe","The one who is in heaven is the one who will help us, the one who is on earth is the one who will trouble us.” He said this to show the Pharisees that he knew Jesus was from heaven.",gerhardt_E4F773B6_output (3),,24.08420995335409,25.965358893403383,4.543768545994064
"When the Son of Man appears, things will be just as they were when Noah lived.","Ɔnɔɛ Yebi ye kubaba ɛ, kwiaze ko ŋwisi nite gi lize ní Noa lipoe le me e.",God created us and put us on this earth and gave us everything including Noah's ark.,gerhardt_E4F773B6_output (3),,19.662315587745375,25.965358893403383,4.543768545994064
"But Jesus did not say anything, and the governor was greatly amazed. The Death Sentence (Mark",Pɔ̀ Yesu obu liboeboe onu tɔɔ gi lítu kesea ɔʋadi ye kugyɔ ɔ. Pilato atsa kutsépia akí Yesu,Then Jesus was led by the soldiers to the great hall and the whole battalion was gathered there. Pilate asked Jesus,gerhardt_E4F773B6_output (3),,25.27255334869257,25.965358893403383,4.543768545994064
"So the Lord's promise came true, just as the prophet Jeremiah had said,","Niteme liboe lɛ gi Aya yɛ oboedoplɛɛ Yeremya apani aplɛ ɛ,",The book of the prophet Jeremiah is in the Bible.,john_B0DBB2CB_output (4),,34.1974955018017,25.965358893403383,4.543768545994064
Look at the birds in the sky! They don't plant or harvest. They don't even store grain in barns. Yet your Father in heaven takes care of them. Aren't you worth much more than birds?,"Mledi liwɔ lɛ mɛ kudzɔʋi yɔ; kuʋíkpɛ bidɔ loo vini bidɔ kɔbla ní owle me, pɔ fɛ ɛ mlɔ Ɔka yɛ ní lifunu ne e izeedi kɔ aʋa. Mláŋa kedzi asani kɔ na a?","The child is crying and I don't know what to do; I've given it food and water but it refuses, and I don't know what's wrong with it, perhaps it's the work of the gods that's affecting it. What medicine can I use to heal it?",john_B0DBB2CB_output (4),,21.84290402061142,25.965358893403383,4.543768545994064
On that day they will be told they are either innocent or guilty because of the things they have said. A Sign from Heaven (Mark,"Lɛ ese linu si wɔ tutɔ wɔ eboe la biakɔ tsã litsi le ɔki wɔ, lɛ wɔ tutɔ wɔ eboe la biakɔ bu wɔ lipɔ.” Ɔsã nɔ badɔbasɛ batɔ ni Farisianɛatɔ beʋi i dɔni Yesu awla si ɔbitɛ linugutseboe","The one who is in heaven is the one who will help us, the one who is on earth is the one who will trouble us.” He said this to the Pharisees who were with Jesus and were trying to test him",john_B0DBB2CB_output (4),,22.95374392700607,25.965358893403383,4.543768545994064
"When the Son of Man appears, things will be just as they were when Noah lived.","Ɔnɔɛ Yebi ye kubaba ɛ, kwiaze ko ŋwisi nite gi lize ní Noa lipoe le me e.",God created us and put us on this earth and gave us everything including Noah's ark.,john_B0DBB2CB_output (4),,19.662315587745375,25.965358893403383,4.543768545994064
"But Jesus did not say anything, and the governor was greatly amazed. The Death Sentence (Mark",Pɔ̀ Yesu obu liboeboe onu tɔɔ gi lítu kesea ɔʋadi ye kugyɔ ɔ. Pilato atsa kutsépia akí Yesu,"Then Jesus was led by the soldiers to the governor's palace, and the whole cohort was there. Pilate asked Jesus",john_B0DBB2CB_output (4),,30.847572508866506,25.965358893403383,4.543768545994064
"So the Lord's promise came true, just as the prophet Jeremiah had said,","Niteme liboe lɛ gi Aya yɛ oboedoplɛɛ Yeremya apani aplɛ ɛ,",The book of the prophet Jeremiah is in the Bible.,gerhardt_E32D1C1E_output_mzX2S5,,34.1974955018017,25.965358893403383,4.543768545994064
Look at the birds in the sky! They don't plant or harvest. They don't even store grain in barns. Yet your Father in heaven takes care of them. Aren't you worth much more than birds?,"Mledi liwɔ lɛ mɛ kudzɔʋi yɔ; kuʋíkpɛ bidɔ loo vini bidɔ kɔbla ní owle me, pɔ fɛ ɛ mlɔ Ɔka yɛ ní lifunu ne e izeedi kɔ aʋa. Mláŋa kedzi asani kɔ na a?","The child is crying and I don't know what to do; I've given it food and water but it refuses, and I'm worried that it might be getting sick. What medicine can I give it?",gerhardt_E32D1C1E_output_mzX2S5,,17.45593047163987,25.965358893403383,4.543768545994064
On that day they will be told they are either innocent or guilty because of the things they have said. A Sign from Heaven (Mark,"Lɛ ese linu si wɔ tutɔ wɔ eboe la biakɔ tsã litsi le ɔki wɔ, lɛ wɔ tutɔ wɔ eboe la biakɔ bu wɔ lipɔ.” Ɔsã nɔ badɔbasɛ batɔ ni Farisianɛatɔ beʋi i dɔni Yesu awla si ɔbitɛ linugutseboe","The one who is in heaven is the one who will help us, the one who is on earth is the one who will trouble us.” He said this to the Pharisees who were with Jesus and were trying to test him",gerhardt_E32D1C1E_output_mzX2S5,,22.95374392700607,25.965358893403383,4.543768545994064
"When the Son of Man appears, things will be just as they were when Noah lived.","Ɔnɔɛ Yebi ye kubaba ɛ, kwiaze ko ŋwisi nite gi lize ní Noa lipoe le me e.",God created us and put us on this earth and gave us everything including Noah's ark.,gerhardt_E32D1C1E_output_mzX2S5,,19.662315587745375,25.965358893403383,4.543768545994064
"But Jesus did not say anything, and the governor was greatly amazed. The Death Sentence (Mark",Pɔ̀ Yesu obu liboeboe onu tɔɔ gi lítu kesea ɔʋadi ye kugyɔ ɔ. Pilato atsa kutsépia akí Yesu,Then Jesus was led by the soldiers to the great hall and the whole battalion was gathered there. Pilate asked Jesus,gerhardt_E32D1C1E_output_mzX2S5,,25.27255334869257,25.965358893403383,4.543768545994064
"So the Lord's promise came true, just as the prophet Jeremiah had said,","Niteme liboe lɛ gi Aya yɛ oboedoplɛɛ Yeremya apani aplɛ ɛ,",The book of the prophet Jeremiah is in the Bible.,gerhardt_145C11AE_output (2),,34.1974955018017,25.965358893403383,4.543768545994064
Look at the birds in the sky! They don't plant or harvest. They don't even store grain in barns. Yet your Father in heaven takes care of them. Aren't you worth much more than birds?,"Mledi liwɔ lɛ mɛ kudzɔʋi yɔ; kuʋíkpɛ bidɔ loo vini bidɔ kɔbla ní owle me, pɔ fɛ ɛ mlɔ Ɔka yɛ ní lifunu ne e izeedi kɔ aʋa. Mláŋa kedzi asani kɔ na a?","The child is crying and I don't know what to do; I've given it food and water but it refuses, and I don't know what's wrong with it, perhaps it's the work of the gods that's affecting it. What medicine can I use to heal it?",gerhardt_145C11AE_output (2),,21.84290402061142,25.965358893403383,4.543768545994064
On that day they will be told they are either innocent or guilty because of the things they have said. A Sign from Heaven (Mark,"Lɛ ese linu si wɔ tutɔ wɔ eboe la biakɔ tsã litsi le ɔki wɔ, lɛ wɔ tutɔ wɔ eboe la biakɔ bu wɔ lipɔ.” Ɔsã nɔ badɔbasɛ batɔ ni Farisianɛatɔ beʋi i dɔni Yesu awla si ɔbitɛ linugutseboe","The one who is in heaven is the one who will help us, the one who is on earth is the one who will trouble us.” He said this to the Pharisees who were with Jesus and were trying to test him",gerhardt_145C11AE_output (2),,22.95374392700607,25.965358893403383,4.543768545994064
"When the Son of Man appears, things will be just as they were when Noah lived.","Ɔnɔɛ Yebi ye kubaba ɛ, kwiaze ko ŋwisi nite gi lize ní Noa lipoe le me e.",God created us and put us on this earth and gave us everything including Noah's ark.,gerhardt_145C11AE_output (2),,19.662315587745375,25.965358893403383,4.543768545994064
"But Jesus did not say anything, and the governor was greatly amazed. The Death Sentence (Mark",Pɔ̀ Yesu obu liboeboe onu tɔɔ gi lítu kesea ɔʋadi ye kugyɔ ɔ. Pilato atsa kutsépia akí Yesu,Then Jesus was led by the soldiers to the great hall and the whole battalion was gathered there. Pilate asked Jesus,gerhardt_145C11AE_output (2),,25.27255334869257,25.965358893403383,4.543768545994064
"So the Lord's promise came true, just as the prophet Jeremiah had said,","Niteme liboe lɛ gi Aya yɛ oboedoplɛɛ Yeremya apani aplɛ ɛ,",The book of the prophet Jeremiah is in the Bible.,gerhardt_087BEB88_output_loRIsq,,34.1974955018017,25.965358893403383,4.543768545994064
Look at the birds in the sky! They don't plant or harvest. They don't even store grain in barns. Yet your Father in heaven takes care of them. Aren't you worth much more than birds?,"Mledi liwɔ lɛ mɛ kudzɔʋi yɔ; kuʋíkpɛ bidɔ loo vini bidɔ kɔbla ní owle me, pɔ fɛ ɛ mlɔ Ɔka yɛ ní lifunu ne e izeedi kɔ aʋa. Mláŋa kedzi asani kɔ na a?","The child is crying and I don't know what to do; I've given it food and water but it refuses, and I don't know what's wrong with it, perhaps it's the work of the gods that's affecting it. What medicine can I use to heal it?",gerhardt_087BEB88_output_loRIsq,,21.84290402061142,25.965358893403383,4.543768545994064
On that day they will be told they are either innocent or guilty because of the things they have said. A Sign from Heaven (Mark,"Lɛ ese linu si wɔ tutɔ wɔ eboe la biakɔ tsã litsi le ɔki wɔ, lɛ wɔ tutɔ wɔ eboe la biakɔ bu wɔ lipɔ.” Ɔsã nɔ badɔbasɛ batɔ ni Farisianɛatɔ beʋi i dɔni Yesu awla si ɔbitɛ linugutseboe","The one who is in heaven is the one who will help us, the one who is on earth is the one who will trouble us.” He said this to the Pharisees who were with Jesus and were trying to test him",gerhardt_087BEB88_output_loRIsq,,22.95374392700607,25.965358893403383,4.543768545994064
"When the Son of Man appears, things will be just as they were when Noah lived.","Ɔnɔɛ Yebi ye kubaba ɛ, kwiaze ko ŋwisi nite gi lize ní Noa lipoe le me e.",God created us and put us on this earth and gave us everything including Noah's ark.,gerhardt_087BEB88_output_loRIsq,,19.662315587745375,25.965358893403383,4.543768545994064
"But Jesus did not say anything, and the governor was greatly amazed. The Death Sentence (Mark",Pɔ̀ Yesu obu liboeboe onu tɔɔ gi lítu kesea ɔʋadi ye kugyɔ ɔ. Pilato atsa kutsépia akí Yesu,Then Jesus was led by the soldiers to the great hall and the whole battalion was gathered there. Pilate asked Jesus,gerhardt_087BEB88_output_loRIsq,,25.27255334869257,25.965358893403383,4.543768545994064
"So the Lord's promise came true, just as the prophet Jeremiah had said,","Niteme liboe lɛ gi Aya yɛ oboedoplɛɛ Yeremya apani aplɛ ɛ,",The book of the prophet Jeremiah is in the Bible.,john_C904F397_output (2),,34.1974955018017,25.965358893403383,4.543768545994064
Look at the birds in the sky! They don't plant or harvest. They don't even store grain in barns. Yet your Father in heaven takes care of them. Aren't you worth much more than birds?,"Mledi liwɔ lɛ mɛ kudzɔʋi yɔ; kuʋíkpɛ bidɔ loo vini bidɔ kɔbla ní owle me, pɔ fɛ ɛ mlɔ Ɔka yɛ ní lifunu ne e izeedi kɔ aʋa. Mláŋa kedzi asani kɔ na a?","The child is crying and I don't know what to do; I've given it food and water but it refuses, and I don't know what's wrong with it, perhaps it's the work of the gods that's affecting it. What medicine can I use to heal it?",john_C904F397_output (2),,21.84290402061142,25.965358893403383,4.543768545994064
On that day they will be told they are either innocent or guilty because of the things they have said. A Sign from Heaven (Mark,"Lɛ ese linu si wɔ tutɔ wɔ eboe la biakɔ tsã litsi le ɔki wɔ, lɛ wɔ tutɔ wɔ eboe la biakɔ bu wɔ lipɔ.” Ɔsã nɔ badɔbasɛ batɔ ni Farisianɛatɔ beʋi i dɔni Yesu awla si ɔbitɛ linugutseboe","The one who is in heaven is the one who will help us, the one who is on earth is the one who will trouble us.” He said this to the Pharisees who were with Jesus and were trying to test him",john_C904F397_output (2),,22.95374392700607,25.965358893403383,4.543768545994064
"When the Son of Man appears, things will be just as they were when Noah lived.","Ɔnɔɛ Yebi ye kubaba ɛ, kwiaze ko ŋwisi nite gi lize ní Noa lipoe le me e.",God created us and put us on this earth and gave us everything including Noah's ark.,john_C904F397_output (2),,19.662315587745375,25.965358893403383,4.543768545994064
"But Jesus did not say anything, and the governor was greatly amazed. The Death Sentence (Mark",Pɔ̀ Yesu obu liboeboe onu tɔɔ gi lítu kesea ɔʋadi ye kugyɔ ɔ. Pilato atsa kutsépia akí Yesu,Then Jesus was led by the soldiers to the great hall and the whole battalion was gathered there. Pilate asked Jesus,john_C904F397_output (2),,25.27255334869257,25.965358893403383,4.543768545994064
"So the Lord's promise came true, just as the prophet Jeremiah had said,","Niteme liboe lɛ gi Aya yɛ oboedoplɛɛ Yeremya apani aplɛ ɛ,",The book of the prophet Jeremiah is in the Bible.,onesimus_E33AE420_Dec 11 output,,34.1974955018017,25.965358893403383,4.543768545994064
Look at the birds in the sky! They don't plant or harvest. They don't even store grain in barns. Yet your Father in heaven takes care of them. Aren't you worth much more than birds?,"Mledi liwɔ lɛ mɛ kudzɔʋi yɔ; kuʋíkpɛ bidɔ loo vini bidɔ kɔbla ní owle me, pɔ fɛ ɛ mlɔ Ɔka yɛ ní lifunu ne e izeedi kɔ aʋa. Mláŋa kedzi asani kɔ na a?","The child is crying and I don't know what to do; I've given it food and water but it refuses, and I don't know what's wrong with it, perhaps it's the work of the devil. What medicine can I give it?",onesimus_E33AE420_Dec 11 output,,20.88676737560941,25.965358893403383,4.543768545994064
On that day they will be told they are either innocent or guilty because of the things they have said. A Sign from Heaven (Mark,"Lɛ ese linu si wɔ tutɔ wɔ eboe la biakɔ tsã litsi le ɔki wɔ, lɛ wɔ tutɔ wɔ eboe la biakɔ bu wɔ lipɔ.” Ɔsã nɔ badɔbasɛ batɔ ni Farisianɛatɔ beʋi i dɔni Yesu awla si ɔbitɛ linugutseboe","The one who is in heaven is the one who will help us, the one who is on earth is the one who will trouble us.” He said this to the Pharisees who were with Jesus and were trying to test him",onesimus_E33AE420_Dec 11 output,,22.95374392700607,25.965358893403383,4.543768545994064
"When the Son of Man appears, things will be just as they were when Noah lived.","Ɔnɔɛ Yebi ye kubaba ɛ, kwiaze ko ŋwisi nite gi lize ní Noa lipoe le me e.",God created us and put us on this earth and gave us everything including Noah's ark.,onesimus_E33AE420_Dec 11 output,,19.662315587745375,25.965358893403383,4.543768545994064
"But Jesus did not say anything, and the governor was greatly amazed. The Death Sentence (Mark",Pɔ̀ Yesu obu liboeboe onu tɔɔ gi lítu kesea ɔʋadi ye kugyɔ ɔ. Pilato atsa kutsépia akí Yesu,Then Jesus was led by the soldiers to the great hall and the whole battalion was gathered there. Pilate asked Jesus,onesimus_E33AE420_Dec 11 output,,25.27255334869257,25.965358893403383,4.543768545994064
"So the Lord's promise came true, just as the prophet Jeremiah had said,","Niteme liboe lɛ gi Aya yɛ oboedoplɛɛ Yeremya apani aplɛ ɛ,",The book of the prophet Jeremiah is in the Bible.,onesimus_48E85B7F_Dec 09 output,,34.1974955018017,25.965358893403383,4.543768545994064
Look at the birds in the sky! They don't plant or harvest. They don't even store grain in barns. Yet your Father in heaven takes care of them. Aren't you worth much more than birds?,"Mledi liwɔ lɛ mɛ kudzɔʋi yɔ; kuʋíkpɛ bidɔ loo vini bidɔ kɔbla ní owle me, pɔ fɛ ɛ mlɔ Ɔka yɛ ní lifunu ne e izeedi kɔ aʋa. Mláŋa kedzi asani kɔ na a?","The child is crying and I don't know what to do; I've given it food and water but it refuses, and I don't know what's wrong with it, perhaps it's the work of the gods that's affecting it. What medicine can I use to heal it?",onesimus_48E85B7F_Dec 09 output,,21.84290402061142,25.965358893403383,4.543768545994064
On that day they will be told they are either innocent or guilty because of the things they have said. A Sign from Heaven (Mark,"Lɛ ese linu si wɔ tutɔ wɔ eboe la biakɔ tsã litsi le ɔki wɔ, lɛ wɔ tutɔ wɔ eboe la biakɔ bu wɔ lipɔ.” Ɔsã nɔ badɔbasɛ batɔ ni Farisianɛatɔ beʋi i dɔni Yesu awla si ɔbitɛ linugutseboe","The one who is in heaven is the one who will help us, the one who is on earth is the one who will trouble us.” He said this to the Pharisees who were with Jesus and were trying to test him",onesimus_48E85B7F_Dec 09 output,,22.95374392700607,25.965358893403383,4.543768545994064
"When the Son of Man appears, things will be just as they were when Noah lived.","Ɔnɔɛ Yebi ye kubaba ɛ, kwiaze ko ŋwisi nite gi lize ní Noa lipoe le me e.",God created us and put us on this earth and gave us everything including Noah's ark.,onesimus_48E85B7F_Dec 09 output,,19.662315587745375,25.965358893403383,4.543768545994064
"But Jesus did not say anything, and the governor was greatly amazed. The Death Sentence (Mark",Pɔ̀ Yesu obu liboeboe onu tɔɔ gi lítu kesea ɔʋadi ye kugyɔ ɔ. Pilato atsa kutsépia akí Yesu,Then Jesus was led by the soldiers to the great hall and the whole battalion was gathered there. Pilate asked Jesus,onesimus_48E85B7F_Dec 09 output,,25.27255334869257,25.965358893403383,4.543768545994064
"So the Lord's promise came true, just as the prophet Jeremiah had said,","Niteme liboe lɛ gi Aya yɛ oboedoplɛɛ Yeremya apani aplɛ ɛ,",The book of the prophet Jeremiah is in the Bible.,Dec 01 output,,34.1974955018017,25.965358893403383,4.543768545994064
Look at the birds in the sky! They don't plant or harvest. They don't even store grain in barns. Yet your Father in heaven takes care of them. Aren't you worth much more than birds?,"Mledi liwɔ lɛ mɛ kudzɔʋi yɔ; kuʋíkpɛ bidɔ loo vini bidɔ kɔbla ní owle me, pɔ fɛ ɛ mlɔ Ɔka yɛ ní lifunu ne e izeedi kɔ aʋa. Mláŋa kedzi asani kɔ na a?","The child is crying and I don't know what to do; I've given it food and water but it refuses, and I don't know what's wrong with it, perhaps it's the work of the gods that's affecting it. What medicine can I use to heal it?",Dec 01 output,,21.84290402061142,25.965358893403383,4.543768545994064
On that day they will be told they are either innocent or guilty because of the things they have said. A Sign from Heaven (Mark,"Lɛ ese linu si wɔ tutɔ wɔ eboe la biakɔ tsã litsi le ɔki wɔ, lɛ wɔ tutɔ wɔ eboe la biakɔ bu wɔ lipɔ.” Ɔsã nɔ badɔbasɛ batɔ ni Farisianɛatɔ beʋi i dɔni Yesu awla si ɔbitɛ linugutseboe","The one who is in heaven is the one who will help us, the one who is on earth is the one who will trouble us.” He said this to the Pharisees who were with Jesus and were trying to test him",Dec 01 output,,22.95374392700607,25.965358893403383,4.543768545994064
"When the Son of Man appears, things will be just as they were when Noah lived.","Ɔnɔɛ Yebi ye kubaba ɛ, kwiaze ko ŋwisi nite gi lize ní Noa lipoe le me e.",God created us and put us on this earth and gave us everything including Noah's ark.,Dec 01 output,,19.662315587745375,25.965358893403383,4.543768545994064
"But Jesus did not say anything, and the governor was greatly amazed. The Death Sentence (Mark",Pɔ̀ Yesu obu liboeboe onu tɔɔ gi lítu kesea ɔʋadi ye kugyɔ ɔ. Pilato atsa kutsépia akí Yesu,Then Jesus was led by the soldiers to the great hall and the whole battalion was gathered there. Pilate asked Jesus,Dec 01 output,,25.27255334869257,25.965358893403383,4.543768545994064
"So the Lord's promise came true, just as the prophet Jeremiah had said,","Niteme liboe lɛ gi Aya yɛ oboedoplɛɛ Yeremya apani aplɛ ɛ,",The book of the prophet Jeremiah is in the Bible.,gerhardt_80805CFE_output_7z6RFo,,34.1974955018017,25.965358893403383,4.543768545994064
Look at the birds in the sky! They don't plant or harvest. They don't even store grain in barns. Yet your Father in heaven takes care of them. Aren't you worth much more than birds?,"Mledi liwɔ lɛ mɛ kudzɔʋi yɔ; kuʋíkpɛ bidɔ loo vini bidɔ kɔbla ní owle me, pɔ fɛ ɛ mlɔ Ɔka yɛ ní lifunu ne e izeedi kɔ aʋa. Mláŋa kedzi asani kɔ na a?","The child is crying and I don't know what to do; I've given it food and water but it refuses, and I don't know what's wrong with it, perhaps it's the work of the gods that's affecting it. What medicine can I use to heal it?",gerhardt_80805CFE_output_7z6RFo,,21.84290402061142,25.965358893403383,4.543768545994064
On that day they will be told they are either innocent or guilty because of the things they have said. A Sign from Heaven (Mark,"Lɛ ese linu si wɔ tutɔ wɔ eboe la biakɔ tsã litsi le ɔki wɔ, lɛ wɔ tutɔ wɔ eboe la biakɔ bu wɔ lipɔ.” Ɔsã nɔ badɔbasɛ batɔ ni Farisianɛatɔ beʋi i dɔni Yesu awla si ɔbitɛ linugutseboe","The one who is in heaven is the one who will help us, the one who is on earth is the one who will trouble us.” He said this to the Pharisees who were with Jesus and were trying to test him",gerhardt_80805CFE_output_7z6RFo,,22.95374392700607,25.965358893403383,4.543768545994064
"When the Son of Man appears, things will be just as they were when Noah lived.","Ɔnɔɛ Yebi ye kubaba ɛ, kwiaze ko ŋwisi nite gi lize ní Noa lipoe le me e.",God created us and put us on this earth and gave us everything including Noah's ark.,gerhardt_80805CFE_output_7z6RFo,,19.662315587745375,25.965358893403383,4.543768545994064
"But Jesus did not say anything, and the governor was greatly amazed. The Death Sentence (Mark",Pɔ̀ Yesu obu liboeboe onu tɔɔ gi lítu kesea ɔʋadi ye kugyɔ ɔ. Pilato atsa kutsépia akí Yesu,Then Jesus was led by the soldiers to the great hall and the whole battalion was gathered there. Pilate asked Jesus,gerhardt_80805CFE_output_7z6RFo,,25.27255334869257,25.965358893403383,4.543768545994064
"So the Lord's promise came true, just as the prophet Jeremiah had said,","Niteme liboe lɛ gi Aya yɛ oboedoplɛɛ Yeremya apani aplɛ ɛ,",The book of the prophet Jeremiah is in the Bible.,output_JA-3,,34.1974955018017,25.965358893403383,4.543768545994064
Look at the birds in the sky! They don't plant or harvest. They don't even store grain in barns. Yet your Father in heaven takes care of them. Aren't you worth much more than birds?,"Mledi liwɔ lɛ mɛ kudzɔʋi yɔ; kuʋíkpɛ bidɔ loo vini bidɔ kɔbla ní owle me, pɔ fɛ ɛ mlɔ Ɔka yɛ ní lifunu ne e izeedi kɔ aʋa. Mláŋa kedzi asani kɔ na a?","The child is crying and I don't know what to do; I've given it food and water but it refuses, and I don't know what's wrong with it, perhaps it's the work of the gods that's affecting it. What medicine can I use to heal it?",output_JA-3,,21.84290402061142,25.965358893403383,4.543768545994064
On that day they will be told they are either innocent or guilty because of the things they have said. A Sign from Heaven (Mark,"Lɛ ese linu si wɔ tutɔ wɔ eboe la biakɔ tsã litsi le ɔki wɔ, lɛ wɔ tutɔ wɔ eboe la biakɔ bu wɔ lipɔ.” Ɔsã nɔ badɔbasɛ batɔ ni Farisianɛatɔ beʋi i dɔni Yesu awla si ɔbitɛ linugutseboe","The one who is in heaven is the one who will help us, the one who is on earth is the one who will trouble us.” He said this to the Pharisees who were with Jesus and were trying to test him",output_JA-3,,22.95374392700607,25.965358893403383,4.543768545994064
"When the Son of Man appears, things will be just as they were when Noah lived.","Ɔnɔɛ Yebi ye kubaba ɛ, kwiaze ko ŋwisi nite gi lize ní Noa lipoe le me e.",God created us and put us on this earth and gave us everything including Noah's ark.,output_JA-3,,19.662315587745375,25.965358893403383,4.543768545994064
"But Jesus did not say anything, and the governor was greatly amazed. The Death Sentence (Mark",Pɔ̀ Yesu obu liboeboe onu tɔɔ gi lítu kesea ɔʋadi ye kugyɔ ɔ. Pilato atsa kutsépia akí Yesu,Then Jesus was led by the soldiers to the great hall and the whole battalion was gathered there. Pilate asked Jesus,output_JA-3,,25.27255334869257,25.965358893403383,4.543768545994064
"So the Lord's promise came true, just as the prophet Jeremiah had said,","Niteme liboe lɛ gi Aya yɛ oboedoplɛɛ Yeremya apani aplɛ ɛ,",The book of the prophet Jeremiah is in the Bible.,Dec 06 output,,34.1974955018017,25.965358893403383,4.543768545994064
Look at the birds in the sky! They don't plant or harvest. They don't even store grain in barns. Yet your Father in heaven takes care of them. Aren't you worth much more than birds?,"Mledi liwɔ lɛ mɛ kudzɔʋi yɔ; kuʋíkpɛ bidɔ loo vini bidɔ kɔbla ní owle me, pɔ fɛ ɛ mlɔ Ɔka yɛ ní lifunu ne e izeedi kɔ aʋa. Mláŋa kedzi asani kɔ na a?","The child is crying and I don't know what to do; I've given it food and water but it refuses, and I don't know what's wrong with it, perhaps it's the work of the gods that's affecting it. What medicine can I use to heal it?",Dec 06 output,,21.84290402061142,25.965358893403383,4.543768545994064
On that day they will be told they are either innocent or guilty because of the things they have said. A Sign from Heaven (Mark,"Lɛ ese linu si wɔ tutɔ wɔ eboe la biakɔ tsã litsi le ɔki wɔ, lɛ wɔ tutɔ wɔ eboe la biakɔ bu wɔ lipɔ.” Ɔsã nɔ badɔbasɛ batɔ ni Farisianɛatɔ beʋi i dɔni Yesu awla si ɔbitɛ linugutseboe","The one who is in heaven is the one who will help us, the one who is on earth is the one who will trouble us.” He said this to the Pharisees who were with Jesus and were trying to test him",Dec 06 output,,22.95374392700607,25.965358893403383,4.543768545994064
"When the Son of Man appears, things will be just as they were when Noah lived.","Ɔnɔɛ Yebi ye kubaba ɛ, kwiaze ko ŋwisi nite gi lize ní Noa lipoe le me e.",God created us and put us on this earth and gave us everything including Noah's ark.,Dec 06 output,,19.662315587745375,25.965358893403383,4.543768545994064
"But Jesus did not say anything, and the governor was greatly amazed. The Death Sentence (Mark",Pɔ̀ Yesu obu liboeboe onu tɔɔ gi lítu kesea ɔʋadi ye kugyɔ ɔ. Pilato atsa kutsépia akí Yesu,Then Jesus was led by the soldiers to the great hall and the whole battalion was gathered there. Pilate asked Jesus,Dec 06 output,,25.27255334869257,25.965358893403383,4.543768545994064
"So the Lord's promise came true, just as the prophet Jeremiah had said,","Niteme liboe lɛ gi Aya yɛ oboedoplɛɛ Yeremya apani aplɛ ɛ,",The book of the prophet Jeremiah is in the Bible.,onesimus_C6D92021_Dec 02 output,,34.1974955018017,25.965358893403383,4.543768545994064
Look at the birds in the sky! They don't plant or harvest. They don't even store grain in barns. Yet your Father in heaven takes care of them. Aren't you worth much more than birds?,"Mledi liwɔ lɛ mɛ kudzɔʋi yɔ; kuʋíkpɛ bidɔ loo vini bidɔ kɔbla ní owle me, pɔ fɛ ɛ mlɔ Ɔka yɛ ní lifunu ne e izeedi kɔ aʋa. Mláŋa kedzi asani kɔ na a?","The child is crying and I don't know what to do; I've given it food and water but it refuses, and I don't know what's wrong with it, perhaps it's the work of the gods that's affecting it. What medicine can I use to heal it?",onesimus_C6D92021_Dec 02 output,,21.84290402061142,25.965358893403383,4.543768545994064
On that day they will be told they are either innocent or guilty because of the things they have said. A Sign from Heaven (Mark,"Lɛ ese linu si wɔ tutɔ wɔ eboe la biakɔ tsã litsi le ɔki wɔ, lɛ wɔ tutɔ wɔ eboe la biakɔ bu wɔ lipɔ.” Ɔsã nɔ badɔbasɛ batɔ ni Farisianɛatɔ beʋi i dɔni Yesu awla si ɔbitɛ linugutseboe","The one who is in heaven is the one who will help us, the one who is on earth is the one who will trouble us.” He said this to the Pharisees who were with Jesus and were trying to test him",onesimus_C6D92021_Dec 02 output,,22.95374392700607,25.965358893403383,4.543768545994064
"When the Son of Man appears, things will be just as they were when Noah lived.","Ɔnɔɛ Yebi ye kubaba ɛ, kwiaze ko ŋwisi nite gi lize ní Noa lipoe le me e.","God created the world and everything in it, including the mountains and rivers that we see.",onesimus_C6D92021_Dec 02 output,,20.504590801485676,25.965358893403383,4.543768545994064
"But Jesus did not say anything, and the governor was greatly amazed. The Death Sentence (Mark",Pɔ̀ Yesu obu liboeboe onu tɔɔ gi lítu kesea ɔʋadi ye kugyɔ ɔ. Pilato atsa kutsépia akí Yesu,Then Jesus was led by the soldiers to the great hall and the whole battalion was gathered there. Pilate asked Jesus,onesimus_C6D92021_Dec 02 output,,25.27255334869257,25.965358893403383,4.543768545994064
"So the Lord's promise came true, just as the prophet Jeremiah had said,","Niteme liboe lɛ gi Aya yɛ oboedoplɛɛ Yeremya apani aplɛ ɛ,",The book of the prophet Jeremiah is in the Bible.,Jan output 1 ,,34.1974955018017,25.965358893403383,4.543768545994064
Look at the birds in the sky! They don't plant or harvest. They don't even store grain in barns. Yet your Father in heaven takes care of them. Aren't you worth much more than birds?,"Mledi liwɔ lɛ mɛ kudzɔʋi yɔ; kuʋíkpɛ bidɔ loo vini bidɔ kɔbla ní owle me, pɔ fɛ ɛ mlɔ Ɔka yɛ ní lifunu ne e izeedi kɔ aʋa. Mláŋa kedzi asani kɔ na a?","The child is crying and I don't know what to do; I've given it food and water but it refuses, and I don't know what's wrong with it, perhaps it's the work of the gods that's affecting it. What medicine can I use to heal it?",Jan output 1 ,,21.84290402061142,25.965358893403383,4.543768545994064
On that day they will be told they are either innocent or guilty because of the things they have said. A Sign from Heaven (Mark,"Lɛ ese linu si wɔ tutɔ wɔ eboe la biakɔ tsã litsi le ɔki wɔ, lɛ wɔ tutɔ wɔ eboe la biakɔ bu wɔ lipɔ.” Ɔsã nɔ badɔbasɛ batɔ ni Farisianɛatɔ beʋi i dɔni Yesu awla si ɔbitɛ linugutseboe","The one who is in heaven is the one who will help us, the one who is on earth is the one who will trouble us.” He said this to the Pharisees who were with Jesus and were trying to test him",Jan output 1 ,,22.95374392700607,25.965358893403383,4.543768545994064
"When the Son of Man appears, things will be just as they were when Noah lived.","Ɔnɔɛ Yebi ye kubaba ɛ, kwiaze ko ŋwisi nite gi lize ní Noa lipoe le me e.",God created us and put us on this earth and gave us everything including Noah's ark.,Jan output 1 ,,19.662315587745375,25.965358893403383,4.543768545994064
"But Jesus did not say anything, and the governor was greatly amazed. The Death Sentence (Mark",Pɔ̀ Yesu obu liboeboe onu tɔɔ gi lítu kesea ɔʋadi ye kugyɔ ɔ. Pilato atsa kutsépia akí Yesu,Then Jesus was led by the soldiers to the great hall and the whole battalion was gathered there. Pilate asked Jesus,Jan output 1 ,,25.27255334869257,25.965358893403383,4.543768545994064
"So the Lord's promise came true, just as the prophet Jeremiah had said,","Niteme liboe lɛ gi Aya yɛ oboedoplɛɛ Yeremya apani aplɛ ɛ,",The book of the prophet Jeremiah is in the Bible.,onesimus_5B146D14_Dec 05 output,,34.1974955018017,25.965358893403383,4.543768545994064
Look at the birds in the sky! They don't plant or harvest. They don't even store grain in barns. Yet your Father in heaven takes care of them. Aren't you worth much more than birds?,"Mledi liwɔ lɛ mɛ kudzɔʋi yɔ; kuʋíkpɛ bidɔ loo vini bidɔ kɔbla ní owle me, pɔ fɛ ɛ mlɔ Ɔka yɛ ní lifunu ne e izeedi kɔ aʋa. Mláŋa kedzi asani kɔ na a?","The child is crying and I don't know what to do; I've given it food and water but it refuses, and I don't know what's wrong with it, perhaps it's the work of the gods that's affecting it. What medicine can I use to heal it?",onesimus_5B146D14_Dec 05 output,,21.84290402061142,25.965358893403383,4.543768545994064
On that day they will be told they are either innocent or guilty because of the things they have said. A Sign from Heaven (Mark,"Lɛ ese linu si wɔ tutɔ wɔ eboe la biakɔ tsã litsi le ɔki wɔ, lɛ wɔ tutɔ wɔ eboe la biakɔ bu wɔ lipɔ.” Ɔsã nɔ badɔbasɛ batɔ ni Farisianɛatɔ beʋi i dɔni Yesu awla si ɔbitɛ linugutseboe","The one who is in heaven is the one who will help us, the one who is on earth is the one who will trouble us.” He said this to the Pharisees who were with Jesus and were trying to test him",onesimus_5B146D14_Dec 05 output,,22.95374392700607,25.965358893403383,4.543768545994064
"When the Son of Man appears, things will be just as they were when Noah lived.","Ɔnɔɛ Yebi ye kubaba ɛ, kwiaze ko ŋwisi nite gi lize ní Noa lipoe le me e.",God created us and put us on this earth and gave us everything including Noah's ark.,onesimus_5B146D14_Dec 05 output,,19.662315587745375,25.965358893403383,4.543768545994064
"But Jesus did not say anything, and the governor was greatly amazed. The Death Sentence (Mark",Pɔ̀ Yesu obu liboeboe onu tɔɔ gi lítu kesea ɔʋadi ye kugyɔ ɔ. Pilato atsa kutsépia akí Yesu,Then Jesus was led by the soldiers to the place they had built for the cross to crucify him. Pilate had written and placed on Jesus,onesimus_5B146D14_Dec 05 output,,19.868462469476874,25.965358893403383,4.543768545994064
"The guards shook from fear and fell down, as though they were dead.",Lifu liku banɔpe ba nyani nyani sì besugu nite si bɛfɛ ŋwisi banɔ gi betse na a.,The tortoise and the monkey went to the forest to look for food to eat but they didn't find any.,output_eliasd,0.12216714,20.406765494758677,25.965358893403383,4.543768545994064
Suppose this evil servant starts beating the other servants and eats and drinks with people who are drunk.,"kɔ ekpese yɛ bahanuglɔ banɔsumu ba kukusi, lɛ aaŋa kɔ aŋwɛ ni badaŋwɛmu ba ɛ.","The tortoise and the hare went to the forest to dig yams, but the tortoise's yams were more than the hare's.",output_eliasd,0.11441557,18.487994557115858,25.965358893403383,4.543768545994064
"But the Son of Man goes around eating and drinking, and you say, “That man eats and drinks too much! He is even a friend of tax collectors and sinners.” Yet Wisdom is shown to be right by what it does. The Unbelieving Towns (Luke","Agi Ɔnɔɛ Yebi ye aba ɛ, azaaŋa bidɔ, lɛ azaaŋwɛ wain yɛ kyɛ, lɛ ɔnɔ kakaa apani si, ‘Mledi onyime liɛ ya a! onu ɔŋazi nɛ ni ɔdaŋwɛmu, babɔgyɔ ba ni “banɔ zimizi ba” ɔʋia nɛ.’ Kuboeteo kɔ kiboebitɛ kɛ kizebu isu ya ɛbasɛ si kwina a.” Imaɛ lɛ klɔ gi izi Yesu yɛ liboe le aʋa ɛɛŋa ɛ","The chief of Yebi said, ""When a child is born, we take a fowl, we give the child water to drink, and we call the child's name, saying, 'May Mledi agree that you be strong! May you be a great hunter, and may your people be numerous.' We do this so that the child will be strong and healthy. And we know that Jesus is the one who gives strength.",output_eliasd,0.4112319,23.404083450927075,25.965358893403383,4.543768545994064
"But none of you should be called a teacher. You have only one teacher, and all of you are like brothers and sisters.","“ ‘Ɔdɔbasɛ yɛ’ lɛ ese linu si mlɔ pɔ́ ɛ, benemi ko mlenu lɛ ɔdɔbasɛ tole ko ɔlɛ ní mlɔ awla.","“ ‘The hunter’s wife’ they say is not allowed to eat oil, but the hunter himself can eat oil with his wife.”",output_eliasd,0.21214978,16.267781728268595,25.965358893403383,4.543768545994064
"I brought him to your disciples, but none of them could heal him.”","Lɛ loso magbani yɛ amani wɔ badɔkpasi ba, pɔ̀ bátani yɛ kuyɔnɔ nɔ ɔ.”","The stranger's fowl lays eggs in the landlord's farm, but the landlord's fowl lays eggs in the stranger's farm.",output_eliasd,0.104572214,14.378685236263038,25.965358893403383,4.543768545994064
"So the Lord's promise came true, just as the prophet Jeremiah had said,","Niteme liboe lɛ gi Aya yɛ oboedoplɛɛ Yeremya apani aplɛ ɛ,",The book of the prophet Jeremiah is in the Bible.,gerhardt_428C0151_output_jQjr1f,,34.1974955018017,25.965358893403383,4.543768545994064
Look at the birds in the sky! They don't plant or harvest. They don't even store grain in barns. Yet your Father in heaven takes care of them. Aren't you worth much more than birds?,"Mledi liwɔ lɛ mɛ kudzɔʋi yɔ; kuʋíkpɛ bidɔ loo vini bidɔ kɔbla ní owle me, pɔ fɛ ɛ mlɔ Ɔka yɛ ní lifunu ne e izeedi kɔ aʋa. Mláŋa kedzi asani kɔ na a?","The child is crying and I don't know what to do; I've given it food and water but it refuses, and I don't know what's wrong with it, perhaps it's the work of the gods that's affecting it. What medicine can I use to heal it?",gerhardt_428C0151_output_jQjr1f,,21.84290402061142,25.965358893403383,4.543768545994064
On that day they will be told they are either innocent or guilty because of the things they have said. A Sign from Heaven (Mark,"Lɛ ese linu si wɔ tutɔ wɔ eboe la biakɔ tsã litsi le ɔki wɔ, lɛ wɔ tutɔ wɔ eboe la biakɔ bu wɔ lipɔ.” Ɔsã nɔ badɔbasɛ batɔ ni Farisianɛatɔ beʋi i dɔni Yesu awla si ɔbitɛ linugutseboe","The one who is in heaven is the one who will help us, the one who is on earth is the one who will trouble us.” He said this to the Pharisees who were with Jesus and were trying to test him",gerhardt_428C0151_output_jQjr1f,,22.95374392700607,25.965358893403383,4.543768545994064
"When the Son of Man appears, things will be just as they were when Noah lived.","Ɔnɔɛ Yebi ye kubaba ɛ, kwiaze ko ŋwisi nite gi lize ní Noa lipoe le me e.",God created us and put us on this earth and gave us everything including Noah's ark.,gerhardt_428C0151_output_jQjr1f,,19.662315587745375,25.965358893403383,4.543768545994064
"But Jesus did not say anything, and the governor was greatly amazed. The Death Sentence (Mark",Pɔ̀ Yesu obu liboeboe onu tɔɔ gi lítu kesea ɔʋadi ye kugyɔ ɔ. Pilato atsa kutsépia akí Yesu,Then Jesus was led by the soldiers to the great hall and the whole battalion was gathered there. Pilate asked Jesus,gerhardt_428C0151_output_jQjr1f,,25.27255334869257,25.965358893403383,4.543768545994064
"So the Lord's promise came true, just as the prophet Jeremiah had said,","Niteme liboe lɛ gi Aya yɛ oboedoplɛɛ Yeremya apani aplɛ ɛ,",The book of the prophet Jeremiah is in the Bible.,gerhardt_E4DFEBFE_output_T8d1lo,,34.1974955018017,25.965358893403383,4.543768545994064
Look at the birds in the sky! They don't plant or harvest. They don't even store grain in barns. Yet your Father in heaven takes care of them. Aren't you worth much more than birds?,"Mledi liwɔ lɛ mɛ kudzɔʋi yɔ; kuʋíkpɛ bidɔ loo vini bidɔ kɔbla ní owle me, pɔ fɛ ɛ mlɔ Ɔka yɛ ní lifunu ne e izeedi kɔ aʋa. Mláŋa kedzi asani kɔ na a?","The child is crying and I don't know what to do; I've given it food and water but it refuses, and I don't know what's wrong with it, perhaps it's the work of the gods that's affecting it. What medicine can I use to heal it?",gerhardt_E4DFEBFE_output_T8d1lo,,21.84290402061142,25.965358893403383,4.543768545994064
On that day they will be told they are either innocent or guilty because of the things they have said. A Sign from Heaven (Mark,"Lɛ ese linu si wɔ tutɔ wɔ eboe la biakɔ tsã litsi le ɔki wɔ, lɛ wɔ tutɔ wɔ eboe la biakɔ bu wɔ lipɔ.” Ɔsã nɔ badɔbasɛ batɔ ni Farisianɛatɔ beʋi i dɔni Yesu awla si ɔbitɛ linugutseboe","The one who is in heaven is the one who will help us, the one who is on earth is the one who will trouble us.” He said this to the Pharisees who were with Jesus and were trying to test him",gerhardt_E4DFEBFE_output_T8d1lo,,22.95374392700607,25.965358893403383,4.543768545994064
"When the Son of Man appears, things will be just as they were when Noah lived.","Ɔnɔɛ Yebi ye kubaba ɛ, kwiaze ko ŋwisi nite gi lize ní Noa lipoe le me e.",God created us and put us on this earth and gave us everything including Noah's ark.,gerhardt_E4DFEBFE_output_T8d1lo,,19.662315587745375,25.965358893403383,4.543768545994064
"But Jesus did not say anything, and the governor was greatly amazed. The Death Sentence (Mark",Pɔ̀ Yesu obu liboeboe onu tɔɔ gi lítu kesea ɔʋadi ye kugyɔ ɔ. Pilato atsa kutsépia akí Yesu,Then Jesus was led by the soldiers to the great hall and the whole battalion was gathered there. Pilate asked Jesus,gerhardt_E4DFEBFE_output_T8d1lo,,25.27255334869257,25.965358893403383,4.543768545994064
"So the Lord's promise came true, just as the prophet Jeremiah had said,","Niteme liboe lɛ gi Aya yɛ oboedoplɛɛ Yeremya apani aplɛ ɛ,",The book of the prophet Jeremiah is in the Bible.,onesimus_4838858E_Jan output 1 ,,34.1974955018017,25.965358893403383,4.543768545994064
Look at the birds in the sky! They don't plant or harvest. They don't even store grain in barns. Yet your Father in heaven takes care of them. Aren't you worth much more than birds?,"Mledi liwɔ lɛ mɛ kudzɔʋi yɔ; kuʋíkpɛ bidɔ loo vini bidɔ kɔbla ní owle me, pɔ fɛ ɛ mlɔ Ɔka yɛ ní lifunu ne e izeedi kɔ aʋa. Mláŋa kedzi asani kɔ na a?","The child is crying and I don't know what to do; I've given it food and water but it refuses, and I don't know what's wrong with it, perhaps it's the work of the gods that's affecting it. What medicine can I use to heal it?",onesimus_4838858E_Jan output 1 ,,21.84290402061142,25.965358893403383,4.543768545994064
On that day they will be told they are either innocent or guilty because of the things they have said. A Sign from Heaven (Mark,"Lɛ ese linu si wɔ tutɔ wɔ eboe la biakɔ tsã litsi le ɔki wɔ, lɛ wɔ tutɔ wɔ eboe la biakɔ bu wɔ lipɔ.” Ɔsã nɔ badɔbasɛ batɔ ni Farisianɛatɔ beʋi i dɔni Yesu awla si ɔbitɛ linugutseboe","The one who is in heaven is the one who will help us, the one who is on earth is the one who will trouble us.” He said this to the Pharisees who were with Jesus and were trying to test him",onesimus_4838858E_Jan output 1 ,,22.95374392700607,25.965358893403383,4.543768545994064
"When the Son of Man appears, things will be just as they were when Noah lived.","Ɔnɔɛ Yebi ye kubaba ɛ, kwiaze ko ŋwisi nite gi lize ní Noa lipoe le me e.",God created us and put us on this earth and gave us everything including Noah's ark.,onesimus_4838858E_Jan output 1 ,,19.662315587745375,25.965358893403383,4.543768545994064
"But Jesus did not say anything, and the governor was greatly amazed. The Death Sentence (Mark",Pɔ̀ Yesu obu liboeboe onu tɔɔ gi lítu kesea ɔʋadi ye kugyɔ ɔ. Pilato atsa kutsépia akí Yesu,Then Jesus was led by the soldiers to the great hall and the whole battalion was gathered there. Pilate asked Jesus,onesimus_4838858E_Jan output 1 ,,25.27255334869257,25.965358893403383,4.543768545994064
"So the Lord's promise came true, just as the prophet Jeremiah had said,","Niteme liboe lɛ gi Aya yɛ oboedoplɛɛ Yeremya apani aplɛ ɛ,",The book of the prophet Jeremiah is in the Bible.,gerhardt_2F3FAF10_output (1),,34.1974955018017,25.965358893403383,4.543768545994064
Look at the birds in the sky! They don't plant or harvest. They don't even store grain in barns. Yet your Father in heaven takes care of them. Aren't you worth much more than birds?,"Mledi liwɔ lɛ mɛ kudzɔʋi yɔ; kuʋíkpɛ bidɔ loo vini bidɔ kɔbla ní owle me, pɔ fɛ ɛ mlɔ Ɔka yɛ ní lifunu ne e izeedi kɔ aʋa. Mláŋa kedzi asani kɔ na a?","The child is crying and I don't know what to do; I've given it food and water but it refuses, and I don't know what's wrong with it, perhaps it's the work of the gods that's affecting it. What medicine can I use to heal it?",gerhardt_2F3FAF10_output (1),,21.84290402061142,25.965358893403383,4.543768545994064
On that day they will be told they are either innocent or guilty because of the things they have said. A Sign from Heaven (Mark,"Lɛ ese linu si wɔ tutɔ wɔ eboe la biakɔ tsã litsi le ɔki wɔ, lɛ wɔ tutɔ wɔ eboe la biakɔ bu wɔ lipɔ.” Ɔsã nɔ badɔbasɛ batɔ ni Farisianɛatɔ beʋi i dɔni Yesu awla si ɔbitɛ linugutseboe","The one who is in heaven is the one who will help us, the one who is on earth is the one who will trouble us.” He said this to the Pharisees who were with Jesus and were trying to test him",gerhardt_2F3FAF10_output (1),,22.95374392700607,25.965358893403383,4.543768545994064
"When the Son of Man appears, things will be just as they were when Noah lived.","Ɔnɔɛ Yebi ye kubaba ɛ, kwiaze ko ŋwisi nite gi lize ní Noa lipoe le me e.",God created us and put us on this earth and gave us everything including Noah's ark.,gerhardt_2F3FAF10_output (1),,19.662315587745375,25.965358893403383,4.543768545994064
"But Jesus did not say anything, and the governor was greatly amazed. The Death Sentence (Mark",Pɔ̀ Yesu obu liboeboe onu tɔɔ gi lítu kesea ɔʋadi ye kugyɔ ɔ. Pilato atsa kutsépia akí Yesu,Then Jesus was led by the soldiers to the great hall and the whole battalion was gathered there. Pilate asked Jesus,gerhardt_2F3FAF10_output (1),,25.27255334869257,25.965358893403383,4.543768545994064
"So the Lord's promise came true, just as the prophet Jeremiah had said,","Niteme liboe lɛ gi Aya yɛ oboedoplɛɛ Yeremya apani aplɛ ɛ,",The book of the prophet Jeremiah is in the Bible.,onesimus_778C5456_Dec 06 output,,34.1974955018017,25.965358893403383,4.543768545994064
Look at the birds in the sky! They don't plant or harvest. They don't even store grain in barns. Yet your Father in heaven takes care of them. Aren't you worth much more than birds?,"Mledi liwɔ lɛ mɛ kudzɔʋi yɔ; kuʋíkpɛ bidɔ loo vini bidɔ kɔbla ní owle me, pɔ fɛ ɛ mlɔ Ɔka yɛ ní lifunu ne e izeedi kɔ aʋa. Mláŋa kedzi asani kɔ na a?","The child is crying and I don't know what to do; I've given it food and water but it refuses, and I don't know what's wrong with it, perhaps it's the work of the gods that's affecting it. What medicine can I use to heal it?",onesimus_778C5456_Dec 06 output,,21.84290402061142,25.965358893403383,4.543768545994064
On that day they will be told they are either innocent or guilty because of the things they have said. A Sign from Heaven (Mark,"Lɛ ese linu si wɔ tutɔ wɔ eboe la biakɔ tsã litsi le ɔki wɔ, lɛ wɔ tutɔ wɔ eboe la biakɔ bu wɔ lipɔ.” Ɔsã nɔ badɔbasɛ batɔ ni Farisianɛatɔ beʋi i dɔni Yesu awla si ɔbitɛ linugutseboe","The one who is in heaven is the one who will help us, the one who is on earth is the one who will trouble us.” He said this to the Pharisees who were with Jesus and were trying to test him",onesimus_778C5456_Dec 06 output,,22.95374392700607,25.965358893403383,4.543768545994064
"When the Son of Man appears, things will be just as they were when Noah lived.","Ɔnɔɛ Yebi ye kubaba ɛ, kwiaze ko ŋwisi nite gi lize ní Noa lipoe le me e.",God created us and put us on this earth and gave us everything including Noah's ark.,onesimus_778C5456_Dec 06 output,,19.662315587745375,25.965358893403383,4.543768545994064
"But Jesus did not say anything, and the governor was greatly amazed. The Death Sentence (Mark",Pɔ̀ Yesu obu liboeboe onu tɔɔ gi lítu kesea ɔʋadi ye kugyɔ ɔ. Pilato atsa kutsépia akí Yesu,Then Jesus was led by the soldiers to the great hall and the whole battalion was gathered there. Pilate asked Jesus,onesimus_778C5456_Dec 06 output,,25.27255334869257,25.965358893403383,4.543768545994064
"So the Lord's promise came true, just as the prophet Jeremiah had said,","Niteme liboe lɛ gi Aya yɛ oboedoplɛɛ Yeremya apani aplɛ ɛ,",The book of the prophet Jeremiah is in the Bible.,gerhardt_E3C23636_output_AHjhdB,,34.1974955018017,25.965358893403383,4.543768545994064
Look at the birds in the sky! They don't plant or harvest. They don't even store grain in barns. Yet your Father in heaven takes care of them. Aren't you worth much more than birds?,"Mledi liwɔ lɛ mɛ kudzɔʋi yɔ; kuʋíkpɛ bidɔ loo vini bidɔ kɔbla ní owle me, pɔ fɛ ɛ mlɔ Ɔka yɛ ní lifunu ne e izeedi kɔ aʋa. Mláŋa kedzi asani kɔ na a?","The child is crying and I don't know what to do; I've given it food and water but it refuses, and I don't know what's wrong with it, perhaps it's the work of the gods that's affecting it. What medicine can I use to heal it?",gerhardt_E3C23636_output_AHjhdB,,21.84290402061142,25.965358893403383,4.543768545994064
On that day they will be told they are either innocent or guilty because of the things they have said. A Sign from Heaven (Mark,"Lɛ ese linu si wɔ tutɔ wɔ eboe la biakɔ tsã litsi le ɔki wɔ, lɛ wɔ tutɔ wɔ eboe la biakɔ bu wɔ lipɔ.” Ɔsã nɔ badɔbasɛ batɔ ni Farisianɛatɔ beʋi i dɔni Yesu awla si ɔbitɛ linugutseboe","The one who is in heaven is the one who will help us, the one who is on earth is the one who will trouble us.” He said this to the Pharisees who were with Jesus and were trying to test him",gerhardt_E3C23636_output_AHjhdB,,22.95374392700607,25.965358893403383,4.543768545994064
"When the Son of Man appears, things will be just as they were when Noah lived.","Ɔnɔɛ Yebi ye kubaba ɛ, kwiaze ko ŋwisi nite gi lize ní Noa lipoe le me e.",God created us and put us on this earth and gave us everything including Noah's ark.,gerhardt_E3C23636_output_AHjhdB,,19.662315587745375,25.965358893403383,4.543768545994064
"But Jesus did not say anything, and the governor was greatly amazed. The Death Sentence (Mark",Pɔ̀ Yesu obu liboeboe onu tɔɔ gi lítu kesea ɔʋadi ye kugyɔ ɔ. Pilato atsa kutsépia akí Yesu,Then Jesus was led by the soldiers to the great hall and the whole battalion was gathered there. Pilate asked Jesus,gerhardt_E3C23636_output_AHjhdB,,25.27255334869257,25.965358893403383,4.543768545994064
"So the Lord's promise came true, just as the prophet Jeremiah had said,","Niteme liboe lɛ gi Aya yɛ oboedoplɛɛ Yeremya apani aplɛ ɛ,",The book of the prophet Jeremiah is in the Bible.,Dec 12 output,,34.1974955018017,25.965358893403383,4.543768545994064
Look at the birds in the sky! They don't plant or harvest. They don't even store grain in barns. Yet your Father in heaven takes care of them. Aren't you worth much more than birds?,"Mledi liwɔ lɛ mɛ kudzɔʋi yɔ; kuʋíkpɛ bidɔ loo vini bidɔ kɔbla ní owle me, pɔ fɛ ɛ mlɔ Ɔka yɛ ní lifunu ne e izeedi kɔ aʋa. Mláŋa kedzi asani kɔ na a?","The child is crying and I don't know what to do; I've given it food and water but it refuses, and I don't know what's wrong with it, perhaps it's the work of the gods that's affecting it. What medicine can I use to heal it?",Dec 12 output,,21.84290402061142,25.965358893403383,4.543768545994064
On that day they will be told they are either innocent or guilty because of the things they have said. A Sign from Heaven (Mark,"Lɛ ese linu si wɔ tutɔ wɔ eboe la biakɔ tsã litsi le ɔki wɔ, lɛ wɔ tutɔ wɔ eboe la biakɔ bu wɔ lipɔ.” Ɔsã nɔ badɔbasɛ batɔ ni Farisianɛatɔ beʋi i dɔni Yesu awla si ɔbitɛ linugutseboe","The one who is in heaven is the one who will help us, the one who is on earth is the one who will trouble us.” He said this to the Pharisees who were with Jesus and were trying to test him",Dec 12 output,,22.95374392700607,25.965358893403383,4.543768545994064
"When the Son of Man appears, things will be just as they were when Noah lived.","Ɔnɔɛ Yebi ye kubaba ɛ, kwiaze ko ŋwisi nite gi lize ní Noa lipoe le me e.",God created us and put us on this earth and gave us everything including Noah's ark.,Dec 12 output,,19.662315587745375,25.965358893403383,4.543768545994064
"But Jesus did not say anything, and the governor was greatly amazed. The Death Sentence (Mark",Pɔ̀ Yesu obu liboeboe onu tɔɔ gi lítu kesea ɔʋadi ye kugyɔ ɔ. Pilato atsa kutsépia akí Yesu,Then Jesus was led by the soldiers to the great hall and the whole battalion was gathered there. Pilate asked Jesus,Dec 12 output,,25.27255334869257,25.965358893403383,4.543768545994064
"So the Lord's promise came true, just as the prophet Jeremiah had said,","Niteme liboe lɛ gi Aya yɛ oboedoplɛɛ Yeremya apani aplɛ ɛ,",The book of the prophet Jeremiah is in the Bible.,onesimus_CF2838B3_Dec 03 output,,34.1974955018017,25.965358893403383,4.543768545994064
Look at the birds in the sky! They don't plant or harvest. They don't even store grain in barns. Yet your Father in heaven takes care of them. Aren't you worth much more than birds?,"Mledi liwɔ lɛ mɛ kudzɔʋi yɔ; kuʋíkpɛ bidɔ loo vini bidɔ kɔbla ní owle me, pɔ fɛ ɛ mlɔ Ɔka yɛ ní lifunu ne e izeedi kɔ aʋa. Mláŋa kedzi asani kɔ na a?","The child is crying and I don't know what to do; I've given it food and water but it refuses, and I don't know what's wrong with it, maybe it's because of the sickness that has been going around; what medicine can I give it?",onesimus_CF2838B3_Dec 03 output,,21.900906580786412,25.965358893403383,4.543768545994064
On that day they will be told they are either innocent or guilty because of the things they have said. A Sign from Heaven (Mark,"Lɛ ese linu si wɔ tutɔ wɔ eboe la biakɔ tsã litsi le ɔki wɔ, lɛ wɔ tutɔ wɔ eboe la biakɔ bu wɔ lipɔ.” Ɔsã nɔ badɔbasɛ batɔ ni Farisianɛatɔ beʋi i dɔni Yesu awla si ɔbitɛ linugutseboe","The one who is in heaven is the one who will help us, the one who is on earth is the one who will trouble us.” He said this to the Pharisees who were with Jesus and were trying to test him",onesimus_CF2838B3_Dec 03 output,,22.95374392700607,25.965358893403383,4.543768545994064
"When the Son of Man appears, things will be just as they were when Noah lived.","Ɔnɔɛ Yebi ye kubaba ɛ, kwiaze ko ŋwisi nite gi lize ní Noa lipoe le me e.",God created us and put us on this earth and gave us everything including Noah's ark.,onesimus_CF2838B3_Dec 03 output,,19.662315587745375,25.965358893403383,4.543768545994064
"But Jesus did not say anything, and the governor was greatly amazed. The Death Sentence (Mark",Pɔ̀ Yesu obu liboeboe onu tɔɔ gi lítu kesea ɔʋadi ye kugyɔ ɔ. Pilato atsa kutsépia akí Yesu,Then Jesus was led by the soldiers to the great hall and the whole battalion was gathered there. Pilate asked Jesus,onesimus_CF2838B3_Dec 03 output,,25.27255334869257,25.965358893403383,4.543768545994064
"So the Lord's promise came true, just as the prophet Jeremiah had said,","Niteme liboe lɛ gi Aya yɛ oboedoplɛɛ Yeremya apani aplɛ ɛ,",The book of the prophet Jeremiah is in the Bible.,john_BA3F5F9A_output (3),,34.1974955018017,25.965358893403383,4.543768545994064
Look at the birds in the sky! They don't plant or harvest. They don't even store grain in barns. Yet your Father in heaven takes care of them. Aren't you worth much more than birds?,"Mledi liwɔ lɛ mɛ kudzɔʋi yɔ; kuʋíkpɛ bidɔ loo vini bidɔ kɔbla ní owle me, pɔ fɛ ɛ mlɔ Ɔka yɛ ní lifunu ne e izeedi kɔ aʋa. Mláŋa kedzi asani kɔ na a?","The child is crying and I don't know what to do; I've given it food and water but it refuses, and I don't know what's wrong with it, perhaps it's the work of the gods that's affecting it. What medicine can I use to heal it?",john_BA3F5F9A_output (3),,21.84290402061142,25.965358893403383,4.543768545994064
On that day they will be told they are either innocent or guilty because of the things they have said. A Sign from Heaven (Mark,"Lɛ ese linu si wɔ tutɔ wɔ eboe la biakɔ tsã litsi le ɔki wɔ, lɛ wɔ tutɔ wɔ eboe la biakɔ bu wɔ lipɔ.” Ɔsã nɔ badɔbasɛ batɔ ni Farisianɛatɔ beʋi i dɔni Yesu awla si ɔbitɛ linugutseboe","The one who is in heaven is the one who will help us, the one who is on earth is the one who will trouble us.” He said this to the Pharisees who were with Jesus and were trying to test him",john_BA3F5F9A_output (3),,22.95374392700607,25.965358893403383,4.543768545994064
"When the Son of Man appears, things will be just as they were when Noah lived.","Ɔnɔɛ Yebi ye kubaba ɛ, kwiaze ko ŋwisi nite gi lize ní Noa lipoe le me e.",God created us and put us on this earth and gave us everything including Noah's ark.,john_BA3F5F9A_output (3),,19.662315587745375,25.965358893403383,4.543768545994064
"But Jesus did not say anything, and the governor was greatly amazed. The Death Sentence (Mark",Pɔ̀ Yesu obu liboeboe onu tɔɔ gi lítu kesea ɔʋadi ye kugyɔ ɔ. Pilato atsa kutsépia akí Yesu,Then Jesus was led by the soldiers to the great hall and the whole battalion was gathered there. Pilate asked Jesus,john_BA3F5F9A_output (3),,25.27255334869257,25.965358893403383,4.543768545994064
