ref,text,translated,source_zip_file,similarity_score,chrf_sentence,corpus_bleu,corpus_chrf
"When Herod found out that the wise men from the east had tricked him, he was very angry. He gave orders for his men to kill all the boys who lived in or near Bethlehem and were two years old and younger. This was based on what he had learned from the wise men.","Hɩrɔɔdɩ k'a b'a dɔ a ʊ, hɔdonno wɔɔ a yamba a m bɩ, a wuti nɔmaa gandaara m. A n gʊɔɔ nyɔɔ Betelehɛm ʊ kan kʊrɔ vantɔɔ k'a a so ŋ ʊ rɔ wɔɔ kɩ ʊ, kʊ ŋ n'aa nyɩnɔ poorero yaarɔ kʊ ŋ dɔɔraa hɩɩya gɛɛ ŋ n a ku rɔ wɔɔ zɩnzɛ. Amba hɔdonno wɔɔ a hɩ m, nyɩnta k'a ʊ, an laaka da k'a nyɩ bɩ yɩrɛ dɔmɩm dɔ bɩ ma.","Hiruddi, what you said to me now, the matter you mentioned to me—you told my mother to take care of me. I went to Bethlehem, and then I saw the house you said they live in now; they have little children crying, and they built a big house where they will live forever. But the thing you did for me, what you said now, I will never forget that you truly loved me.",Dec 08 output,,27.999923558642465,3.870722714038082,3.0867792661619107
Look at the birds in the sky! They don't plant or harvest. They don't even store grain in barns. Yet your Father in heaven takes care of them. Aren't you worth much more than birds?,"K'a dɩga bɛnnɔ ma: ŋ bɩr hɔ duure y, bɩ ŋ bɩr hɔ darɛ y, ŋ bɩr hɔ zarm sɩ ʊ y, b'awɔɔ Zɩ k'a nɩ arzana ʊ bɩ yɩ ŋ tʊrm! Awɔɔ n lɛ da ŋ nɩ gallɛm hɔka ra?","What big matter is this now? I tell lies, and I tell the truth, I tell of my good deeds—because people Zī know that I do good things! Why do people ask me what I say?",Dec 08 output,,15.564164669385391,3.870722714038082,3.0867792661619107
"Some Pharisees and teachers of the Law of Moses said, “Teacher, we want you to show us a sign from heaven.”","Naa kur bɩ, wosocikarɩnsaambɔɔ kan farizɛɛnrɔ kɩ a sɩŋŋɩda ba, ŋn'a hɩ Yeezuu m, ŋ ʊ: «Karɩnsaamba, wɔɔ lɛ taa k'ɩ hoser ba k'ʊ a yɩ.»","O my Lord, those who pray and fast, may they hear me. I say to you, O Jesus mine: “O Prayer, you should come to your help, may you deliver from the enemy.”",Dec 08 output,,20.80940345409215,3.870722714038082,3.0867792661619107
Servants are fortunate if their master comes and finds them doing their job.,"Zibəənyɩ bɩ do nyɩntam mimbirenyɩntazaa, k'a lɛɛzaa b'a wusigə an bʊr har ʊ, an b'a ku an nɩ zibəə k'a ka ʊ bɩ barɛ.","The small children and we take care of their house, but we don't go to the market by the path with them; and we come to their children, take them, and stay.",Dec 08 output,,25.2310480420344,3.870722714038082,3.0867792661619107
"Others said, “Wait! Let's see if Elijah will come and save him.”","Bɩ, a muno wɔɔ y'a hɩrɛ, ŋ ʊ: «Jɩm cɩna, k'ʊ dɩga a Elii zɛm b'a bʊmbɔ gɛ?»","Bì, he came here to your house, and said: ""Jim, what is the matter with Eli that came from the village?""",Dec 08 output,,21.65226132209794,3.870722714038082,3.0867792661619107
"When Herod found out that the wise men from the east had tricked him, he was very angry. He gave orders for his men to kill all the boys who lived in or near Bethlehem and were two years old and younger. This was based on what he had learned from the wise men.","Hɩrɔɔdɩ k'a b'a dɔ a ʊ, hɔdonno wɔɔ a yamba a m bɩ, a wuti nɔmaa gandaara m. A n gʊɔɔ nyɔɔ Betelehɛm ʊ kan kʊrɔ vantɔɔ k'a a so ŋ ʊ rɔ wɔɔ kɩ ʊ, kʊ ŋ n'aa nyɩnɔ poorero yaarɔ kʊ ŋ dɔɔraa hɩɩya gɛɛ ŋ n a ku rɔ wɔɔ zɩnzɛ. Amba hɔdonno wɔɔ a hɩ m, nyɩnta k'a ʊ, an laaka da k'a nyɩ bɩ yɩrɛ dɔmɩm dɔ bɩ ma.","Hallelujah, the Lord has done great things for us; his mercy, which he has bestowed upon us, fills our hearts with joy for us. He has come to Bethlehem with the child for us, that the Lord might save and deliver us; and he has made known his glory to all, and given peace to all who truly believe. Therefore we praise his mercy, for he is for us, and we will worship him with all our hearts and souls.",onesimus_31223989_Dec 12 output,,30.111079192341634,3.870722714038082,3.0867792661619107
Look at the birds in the sky! They don't plant or harvest. They don't even store grain in barns. Yet your Father in heaven takes care of them. Aren't you worth much more than birds?,"K'a dɩga bɛnnɔ ma: ŋ bɩr hɔ duure y, bɩ ŋ bɩr hɔ darɛ y, ŋ bɩr hɔ zarm sɩ ʊ y, b'awɔɔ Zɩ k'a nɩ arzana ʊ bɩ yɩ ŋ tʊrm! Awɔɔ n lɛ da ŋ nɩ gallɛm hɔka ra?","What do the people say now? I don’t go far there, and I don’t go near there either, I don’t go to the market with them there! But those who know my thing don’t even leave me! Why do you call my name there?",onesimus_31223989_Dec 12 output,,21.192043861751074,3.870722714038082,3.0867792661619107
"Some Pharisees and teachers of the Law of Moses said, “Teacher, we want you to show us a sign from heaven.”","Naa kur bɩ, wosocikarɩnsaambɔɔ kan farizɛɛnrɔ kɩ a sɩŋŋɩda ba, ŋn'a hɩ Yeezuu m, ŋ ʊ: «Karɩnsaamba, wɔɔ lɛ taa k'ɩ hoser ba k'ʊ a yɩ.»","O my servant, those who worship together and fast by day, that which they make heard—I said to my Jesus, I said: “Worshippers, you should come that they may save you from sin.”",onesimus_31223989_Dec 12 output,,24.540689923840276,3.870722714038082,3.0867792661619107
Servants are fortunate if their master comes and finds them doing their job.,"Zibəənyɩ bɩ do nyɩntam mimbirenyɩntazaa, k'a lɛɛzaa b'a wusigə an bʊr har ʊ, an b'a ku an nɩ zibəə k'a ka ʊ bɩ barɛ.","Those who farm together are preparing the fields, and they say that their huts accompany us, and they bring their farm tools so that we can stay.",onesimus_31223989_Dec 12 output,,27.468037489284775,3.870722714038082,3.0867792661619107
"Others said, “Wait! Let's see if Elijah will come and save him.”","Bɩ, a muno wɔɔ y'a hɩrɛ, ŋ ʊ: «Jɩm cɩna, k'ʊ dɩga a Elii zɛm b'a bʊmbɔ gɛ?»","Bì, he called out to you to listen, and asked: ""James, do you know where Eli is from the market?""",onesimus_31223989_Dec 12 output,,15.613792351776462,3.870722714038082,3.0867792661619107
"When Herod found out that the wise men from the east had tricked him, he was very angry. He gave orders for his men to kill all the boys who lived in or near Bethlehem and were two years old and younger. This was based on what he had learned from the wise men.","Hɩrɔɔdɩ k'a b'a dɔ a ʊ, hɔdonno wɔɔ a yamba a m bɩ, a wuti nɔmaa gandaara m. A n gʊɔɔ nyɔɔ Betelehɛm ʊ kan kʊrɔ vantɔɔ k'a a so ŋ ʊ rɔ wɔɔ kɩ ʊ, kʊ ŋ n'aa nyɩnɔ poorero yaarɔ kʊ ŋ dɔɔraa hɩɩya gɛɛ ŋ n a ku rɔ wɔɔ zɩnzɛ. Amba hɔdonno wɔɔ a hɩ m, nyɩnta k'a ʊ, an laaka da k'a nyɩ bɩ yɩrɛ dɔmɩm dɔ bɩ ma.","Hiruddi, that you said to me now, the matter which I did for you, I told the mother to nurture me. I went to Bethlehem and there I saw a vision, which you said to me what you saw, and I heard the voice calling out in supplication, and I answered with joy, telling you what I saw clearly. Now the matter which you did to me, because of you, I will surely make you see the fruit from my hand indeed.",john_AC86BE0F_output (5),,27.70400533664231,3.870722714038082,3.0867792661619107
Look at the birds in the sky! They don't plant or harvest. They don't even store grain in barns. Yet your Father in heaven takes care of them. Aren't you worth much more than birds?,"K'a dɩga bɛnnɔ ma: ŋ bɩr hɔ duure y, bɩ ŋ bɩr hɔ darɛ y, ŋ bɩr hɔ zarm sɩ ʊ y, b'awɔɔ Zɩ k'a nɩ arzana ʊ bɩ yɩ ŋ tʊrm! Awɔɔ n lɛ da ŋ nɩ gallɛm hɔka ra?","What great story is this now! I always tell lies, and I truly tell truths, I truly tell falsehoods to them! But as for the people of Zį, my word to them and I hear that! People, where do I go because of my sin?",john_AC86BE0F_output (5),,19.29223595172444,3.870722714038082,3.0867792661619107
"Some Pharisees and teachers of the Law of Moses said, “Teacher, we want you to show us a sign from heaven.”","Naa kur bɩ, wosocikarɩnsaambɔɔ kan farizɛɛnrɔ kɩ a sɩŋŋɩda ba, ŋn'a hɩ Yeezuu m, ŋ ʊ: «Karɩnsaamba, wɔɔ lɛ taa k'ɩ hoser ba k'ʊ a yɩ.»","O my servant, those who fast with the worship assembly, let them obey; I say to my Jesus, I say: ""O worshipers, you must come to your presence, and may you come to it.""",john_AC86BE0F_output (5),,19.406981328969817,3.870722714038082,3.0867792661619107
Servants are fortunate if their master comes and finds them doing their job.,"Zibəənyɩ bɩ do nyɩntam mimbirenyɩntazaa, k'a lɛɛzaa b'a wusigə an bʊr har ʊ, an b'a ku an nɩ zibəə k'a ka ʊ bɩ barɛ.","The household community is assembling, and they declare to labour their field with hands, so that their own house is made strong with hands.",john_AC86BE0F_output (5),,24.36268957553015,3.870722714038082,3.0867792661619107
"Others said, “Wait! Let's see if Elijah will come and save him.”","Bɩ, a muno wɔɔ y'a hɩrɛ, ŋ ʊ: «Jɩm cɩna, k'ʊ dɩga a Elii zɛm b'a bʊmbɔ gɛ?»","Bì, he said to you, listen: ""Jìm, do you know the road from Eli to the market now?""",john_AC86BE0F_output (5),,15.138548325279134,3.870722714038082,3.0867792661619107
"When Herod found out that the wise men from the east had tricked him, he was very angry. He gave orders for his men to kill all the boys who lived in or near Bethlehem and were two years old and younger. This was based on what he had learned from the wise men.","Hɩrɔɔdɩ k'a b'a dɔ a ʊ, hɔdonno wɔɔ a yamba a m bɩ, a wuti nɔmaa gandaara m. A n gʊɔɔ nyɔɔ Betelehɛm ʊ kan kʊrɔ vantɔɔ k'a a so ŋ ʊ rɔ wɔɔ kɩ ʊ, kʊ ŋ n'aa nyɩnɔ poorero yaarɔ kʊ ŋ dɔɔraa hɩɩya gɛɛ ŋ n a ku rɔ wɔɔ zɩnzɛ. Amba hɔdonno wɔɔ a hɩ m, nyɩnta k'a ʊ, an laaka da k'a nyɩ bɩ yɩrɛ dɔmɩm dɔ bɩ ma.","Hiruddi, what you said to me, what you came to me with, tell mother to protect me. I am going now to Bethlehem with my home village, that they may not do this to me, and my heart is filled with sorrow, and they see my face and will kill me always. But what you did to me, because of you now, I pray that you may already give me mercy.",output_JA-4,,25.964997315543965,3.870722714038082,3.0867792661619107
Look at the birds in the sky! They don't plant or harvest. They don't even store grain in barns. Yet your Father in heaven takes care of them. Aren't you worth much more than birds?,"K'a dɩga bɛnnɔ ma: ŋ bɩr hɔ duure y, bɩ ŋ bɩr hɔ darɛ y, ŋ bɩr hɔ zarm sɩ ʊ y, b'awɔɔ Zɩ k'a nɩ arzana ʊ bɩ yɩ ŋ tʊrm! Awɔɔ n lɛ da ŋ nɩ gallɛm hɔka ra?","What do the people say now? I never lie, I never steal, I never harm others—even though God answers my prayers and they do not fail, I fear! What am I saying about my many sins?",output_JA-4,,20.635185889643054,3.870722714038082,3.0867792661619107
"Some Pharisees and teachers of the Law of Moses said, “Teacher, we want you to show us a sign from heaven.”","Naa kur bɩ, wosocikarɩnsaambɔɔ kan farizɛɛnrɔ kɩ a sɩŋŋɩda ba, ŋn'a hɩ Yeezuu m, ŋ ʊ: «Karɩnsaamba, wɔɔ lɛ taa k'ɩ hoser ba k'ʊ a yɩ.»","Listen, say this about the matter of the chief's people and the heavy work they have already done; then call Jesus to me, and he said: ""Chief, you should come to help them so that they may live.""",output_JA-4,,23.042838378634386,3.870722714038082,3.0867792661619107
Servants are fortunate if their master comes and finds them doing their job.,"Zibəənyɩ bɩ do nyɩntam mimbirenyɩntazaa, k'a lɛɛzaa b'a wusigə an bʊr har ʊ, an b'a ku an nɩ zibəə k'a ka ʊ bɩ barɛ.","People say that work is done collectively; but those who are lazy do not work, their wealth comes from that, and those who work hard will have plenty.",output_JA-4,,19.959400651390517,3.870722714038082,3.0867792661619107
"Others said, “Wait! Let's see if Elijah will come and save him.”","Bɩ, a muno wɔɔ y'a hɩrɛ, ŋ ʊ: «Jɩm cɩna, k'ʊ dɩga a Elii zɛm b'a bʊmbɔ gɛ?»","Bili, he came to the market and asked: ""Jim, how much is the price of Eli's cassava that we have?""",output_JA-4,,20.222925712213218,3.870722714038082,3.0867792661619107
"When Herod found out that the wise men from the east had tricked him, he was very angry. He gave orders for his men to kill all the boys who lived in or near Bethlehem and were two years old and younger. This was based on what he had learned from the wise men.","Hɩrɔɔdɩ k'a b'a dɔ a ʊ, hɔdonno wɔɔ a yamba a m bɩ, a wuti nɔmaa gandaara m. A n gʊɔɔ nyɔɔ Betelehɛm ʊ kan kʊrɔ vantɔɔ k'a a so ŋ ʊ rɔ wɔɔ kɩ ʊ, kʊ ŋ n'aa nyɩnɔ poorero yaarɔ kʊ ŋ dɔɔraa hɩɩya gɛɛ ŋ n a ku rɔ wɔɔ zɩnzɛ. Amba hɔdonno wɔɔ a hɩ m, nyɩnta k'a ʊ, an laaka da k'a nyɩ bɩ yɩrɛ dɔmɩm dɔ bɩ ma.","Hiruddi, what you said to me, the thing I did to you, I told the woman to take care of me. I went to Bethlehem, you and I to the church I saw, and we prayed together; and we said our prayers would be answered, and we would pray earnestly. But the thing I did to you, because of that you grew angry, that you wouldn’t listen to my words.",onesimus_7C821E01_Dec 01 output,,27.271858579016666,3.870722714038082,3.0867792661619107
Look at the birds in the sky! They don't plant or harvest. They don't even store grain in barns. Yet your Father in heaven takes care of them. Aren't you worth much more than birds?,"K'a dɩga bɛnnɔ ma: ŋ bɩr hɔ duure y, bɩ ŋ bɩr hɔ darɛ y, ŋ bɩr hɔ zarm sɩ ʊ y, b'awɔɔ Zɩ k'a nɩ arzana ʊ bɩ yɩ ŋ tʊrm! Awɔɔ n lɛ da ŋ nɩ gallɛm hɔka ra?","What are the people saying now? I never go far, I never go to the market, I never go to the field with them; but only Zī, I know them and those I call! Only tell me, why do I speak my word?",onesimus_7C821E01_Dec 01 output,,18.877733558126973,3.870722714038082,3.0867792661619107
"Some Pharisees and teachers of the Law of Moses said, “Teacher, we want you to show us a sign from heaven.”","Naa kur bɩ, wosocikarɩnsaambɔɔ kan farizɛɛnrɔ kɩ a sɩŋŋɩda ba, ŋn'a hɩ Yeezuu m, ŋ ʊ: «Karɩnsaamba, wɔɔ lɛ taa k'ɩ hoser ba k'ʊ a yɩ.»","O my servant, those who hear the church's word and the supplicants do not answer them; I said to Jesus, I said: ""Church, you should not come to your house, but we will hear you.""",onesimus_7C821E01_Dec 01 output,,21.62979415870357,3.870722714038082,3.0867792661619107
Servants are fortunate if their master comes and finds them doing their job.,"Zibəənyɩ bɩ do nyɩntam mimbirenyɩntazaa, k'a lɛɛzaa b'a wusigə an bʊr har ʊ, an b'a ku an nɩ zibəə k'a ka ʊ bɩ barɛ.","Farmers who do not finish their work, the landlord says, ""Concerning their field, they come to their own farming and let them not remain.""",onesimus_7C821E01_Dec 01 output,,28.4733282508573,3.870722714038082,3.0867792661619107
"Others said, “Wait! Let's see if Elijah will come and save him.”","Bɩ, a muno wɔɔ y'a hɩrɛ, ŋ ʊ: «Jɩm cɩna, k'ʊ dɩga a Elii zɛm b'a bʊmbɔ gɛ?»","Bì, he said come listen to you, and then: “James, where do you know that Eli said that story is?”",onesimus_7C821E01_Dec 01 output,,19.442045334248483,3.870722714038082,3.0867792661619107
"If David called the Messiah his Lord, how can the Messiah be a son of King David?”","K'a ɩ yɩrɛ ɩ ʊ Davɩd y'a birm a Zuuba, yɩ an nawʊm lɔ kɛɛrɛ kʊ Krista n yɩ *Davɩd Nyɩ?»",Who says to David from the people of Zuuba that they do not know this question about Christ and he is David Nyī?,output_jonathan,0.6238823,22.105212300195884,3.870722714038082,3.0867792661619107
"Instead, store up your treasures in heaven, where moths and rust cannot destroy them, and thieves cannot break in and steal them.","Bɩ k'ɩ ka arzana arzaka ma. Bala, muku kan bɛɛ kɩ ba b'ʊ k'a zar y, konno ba b'ʊ k'a cɛlɛ yar, k'a sa y.","I don't know many stories. But people do that unless their words go away, or their messages are heard, they come.",output_jonathan,0.10392577,17.839097806942792,3.870722714038082,3.0867792661619107
Jesus and his disciples got up and went with the man.,"Yeezuu n wuti kan a karɩndanyɩnɔ kɩ, ŋnɩ zu a jɛ ʊ.",These are the people who live here; we say you are them.,output_jonathan,0.17728262,14.767679861263874,3.870722714038082,3.0867792661619107
"While Joseph was thinking about this, an angel from the Lord appeared to him in a dream. The angel said, “Joseph, the baby that Mary will have is from the Holy Spirit. Go ahead and marry her.","K'a n'a hɔɔn darɛ ncɩnaaʊ bɩ, Zuuba Malɛɛka bʊr zi nɩnnarɛ nɔ ʊ, an a hɩ m, a ʊ: «Zozɛf, Davɩd do gʊaa, ɩ bɩ nyi ba k'ɩ Maarii sa ɩ ba ɩ lʊ y, bala, Sɛnt-Ɛspri paŋŋa y'a ka, an nɩ jɩsɩ bɩ m,","Now then, the people of the village say, Zuuba Maleka, this messenger has come from over there, and he spoke to me, also: “Zozef, David has arrived, they want to tell Mary that they are going there, but also, Saint Esprit, pray for us humbly, and listen to me""",output_jonathan,0.39226812,24.12299156316076,3.870722714038082,3.0867792661619107
"Jesus did not say a word. But the woman kept following along and shouting, so his disciples came up and asked him to send her away.","Yeezuu n a nyɩ bɔ nʊ y. A karɩndanyɩnɔ wɔɔ n a zɔ ma, ŋn'a yɛ han, ŋ ʊ: «La lʊ naa do ra, bala, a ɩ wɔɔ kɔm kan a zeedarɛ kɩ.»","Yeezuu and I are at my house now. The story we hear is that people say it is true, and he said: ""The water flows down, but we must go bring it so that we can plant.""",output_jonathan,0.13755846,21.79652776360545,3.870722714038082,3.0867792661619107
"When Herod found out that the wise men from the east had tricked him, he was very angry. He gave orders for his men to kill all the boys who lived in or near Bethlehem and were two years old and younger. This was based on what he had learned from the wise men.","Hɩrɔɔdɩ k'a b'a dɔ a ʊ, hɔdonno wɔɔ a yamba a m bɩ, a wuti nɔmaa gandaara m. A n gʊɔɔ nyɔɔ Betelehɛm ʊ kan kʊrɔ vantɔɔ k'a a so ŋ ʊ rɔ wɔɔ kɩ ʊ, kʊ ŋ n'aa nyɩnɔ poorero yaarɔ kʊ ŋ dɔɔraa hɩɩya gɛɛ ŋ n a ku rɔ wɔɔ zɩnzɛ. Amba hɔdonno wɔɔ a hɩ m, nyɩnta k'a ʊ, an laaka da k'a nyɩ bɩ yɩrɛ dɔmɩm dɔ bɩ ma.","Hiruddi and I have come here now; the people who went to fetch me said to return to my homeland with me. Then I went to Bethlehem now with young sheep, and I saw that they live there now. And there is no good situation there—they cry continuously through the night, and they do not live here in peace. But those people who hate me, even now, fight among themselves and will not stop until they kill me.",output_JA-2,,26.838751142310755,3.870722714038082,3.0867792661619107
Look at the birds in the sky! They don't plant or harvest. They don't even store grain in barns. Yet your Father in heaven takes care of them. Aren't you worth much more than birds?,"K'a dɩga bɛnnɔ ma: ŋ bɩr hɔ duure y, bɩ ŋ bɩr hɔ darɛ y, ŋ bɩr hɔ zarm sɩ ʊ y, b'awɔɔ Zɩ k'a nɩ arzana ʊ bɩ yɩ ŋ tʊrm! Awɔɔ n lɛ da ŋ nɩ gallɛm hɔka ra?","Oh people, listen to what I say! I desire long life for myself, and health for myself, and prosperity and wealth for myself; but all those who call my name with my prayers and their own, I will uphold! All you who are here, why do my people suffer?",output_JA-2,,18.554841327793596,3.870722714038082,3.0867792661619107
"Some Pharisees and teachers of the Law of Moses said, “Teacher, we want you to show us a sign from heaven.”","Naa kur bɩ, wosocikarɩnsaambɔɔ kan farizɛɛnrɔ kɩ a sɩŋŋɩda ba, ŋn'a hɩ Yeezuu m, ŋ ʊ: «Karɩnsaamba, wɔɔ lɛ taa k'ɩ hoser ba k'ʊ a yɩ.»","Lord my servant, and those who pray together for our forgiveness, may they hear us; I say to my Jesus: ""O prayer assembly, you must come that your mercy may be given to us.""",output_JA-2,,21.461247338036518,3.870722714038082,3.0867792661619107
Servants are fortunate if their master comes and finds them doing their job.,"Zibəənyɩ bɩ do nyɩntam mimbirenyɩntazaa, k'a lɛɛzaa b'a wusigə an bʊr har ʊ, an b'a ku an nɩ zibəə k'a ka ʊ bɩ barɛ.","The children and those at home cook food together, but they never go to the market; their path and ours, but they take their children from the house to come and stay with us.",output_JA-2,,23.950800143021507,3.870722714038082,3.0867792661619107
"Others said, “Wait! Let's see if Elijah will come and save him.”","Bɩ, a muno wɔɔ y'a hɩrɛ, ŋ ʊ: «Jɩm cɩna, k'ʊ dɩga a Elii zɛm b'a bʊmbɔ gɛ?»","Bɩ, when he went to see the chief's house, he said: ""Jɩm, do you know where Eli's village is here?""",output_JA-2,,18.430776914856988,3.870722714038082,3.0867792661619107
"When Herod found out that the wise men from the east had tricked him, he was very angry. He gave orders for his men to kill all the boys who lived in or near Bethlehem and were two years old and younger. This was based on what he had learned from the wise men.","Hɩrɔɔdɩ k'a b'a dɔ a ʊ, hɔdonno wɔɔ a yamba a m bɩ, a wuti nɔmaa gandaara m. A n gʊɔɔ nyɔɔ Betelehɛm ʊ kan kʊrɔ vantɔɔ k'a a so ŋ ʊ rɔ wɔɔ kɩ ʊ, kʊ ŋ n'aa nyɩnɔ poorero yaarɔ kʊ ŋ dɔɔraa hɩɩya gɛɛ ŋ n a ku rɔ wɔɔ zɩnzɛ. Amba hɔdonno wɔɔ a hɩ m, nyɩnta k'a ʊ, an laaka da k'a nyɩ bɩ yɩrɛ dɔmɩm dɔ bɩ ma.","Hiruddi, that which you said to me, and you did not bring it to me, and you told my mother to take care of me. You went there to Bethlehem with sheep and cows, that you gave us what you had, and we will see the poor people, and we will take much help and enough of what we need. But what you did to me, only that you told lies, not true, making deceit to me.",gerhardt_8019BE0D_output_WsImHC,,26.67261372414736,3.870722714038082,3.0867792661619107
Look at the birds in the sky! They don't plant or harvest. They don't even store grain in barns. Yet your Father in heaven takes care of them. Aren't you worth much more than birds?,"K'a dɩga bɛnnɔ ma: ŋ bɩr hɔ duure y, bɩ ŋ bɩr hɔ darɛ y, ŋ bɩr hɔ zarm sɩ ʊ y, b'awɔɔ Zɩ k'a nɩ arzana ʊ bɩ yɩ ŋ tʊrm! Awɔɔ n lɛ da ŋ nɩ gallɛm hɔka ra?","Tell me about these: I don’t go far, nor near, I don’t go to the market with people, but every day I do my work and the people’s tasks! What do you say about my problem? Why?",gerhardt_8019BE0D_output_WsImHC,,18.658193949994025,3.870722714038082,3.0867792661619107
"Some Pharisees and teachers of the Law of Moses said, “Teacher, we want you to show us a sign from heaven.”","Naa kur bɩ, wosocikarɩnsaambɔɔ kan farizɛɛnrɔ kɩ a sɩŋŋɩda ba, ŋn'a hɩ Yeezuu m, ŋ ʊ: «Karɩnsaamba, wɔɔ lɛ taa k'ɩ hoser ba k'ʊ a yɩ.»","O my servant, those who worship your servants with prayers let them hear us, but I, Jesus, said: ""O Lord, why do you not forgive your people so that they may live.""",gerhardt_8019BE0D_output_WsImHC,,21.07493879854542,3.870722714038082,3.0867792661619107
Servants are fortunate if their master comes and finds them doing their job.,"Zibəənyɩ bɩ do nyɩntam mimbirenyɩntazaa, k'a lɛɛzaa b'a wusigə an bʊr har ʊ, an b'a ku an nɩ zibəə k'a ka ʊ bɩ barɛ.","Children and those in the house are placing cooking pots, but looking at the fireplace, the water and the pot that the children put are not boiling.",gerhardt_8019BE0D_output_WsImHC,,19.96909442130825,3.870722714038082,3.0867792661619107
"Others said, “Wait! Let's see if Elijah will come and save him.”","Bɩ, a muno wɔɔ y'a hɩrɛ, ŋ ʊ: «Jɩm cɩna, k'ʊ dɩga a Elii zɛm b'a bʊmbɔ gɛ?»","Bì, he came here to your house, and said: “Jìm, where do you know that the people of Elii’s village are from?”",gerhardt_8019BE0D_output_WsImHC,,21.584556762140192,3.870722714038082,3.0867792661619107
"When Herod found out that the wise men from the east had tricked him, he was very angry. He gave orders for his men to kill all the boys who lived in or near Bethlehem and were two years old and younger. This was based on what he had learned from the wise men.","Hɩrɔɔdɩ k'a b'a dɔ a ʊ, hɔdonno wɔɔ a yamba a m bɩ, a wuti nɔmaa gandaara m. A n gʊɔɔ nyɔɔ Betelehɛm ʊ kan kʊrɔ vantɔɔ k'a a so ŋ ʊ rɔ wɔɔ kɩ ʊ, kʊ ŋ n'aa nyɩnɔ poorero yaarɔ kʊ ŋ dɔɔraa hɩɩya gɛɛ ŋ n a ku rɔ wɔɔ zɩnzɛ. Amba hɔdonno wɔɔ a hɩ m, nyɩnta k'a ʊ, an laaka da k'a nyɩ bɩ yɩrɛ dɔmɩm dɔ bɩ ma.","Hiruddi, what you said to me, the trouble you started with me, you have truly made me a slave. You went to Bethlehem and the market, that I saw you doing to yourself, and you will take me to a place of captivity, and you will enter darkness, and you will cause me to suffer greatly. But the trouble you have done to me, what you said, I will not listen—you will not stop oppressing me.",Dec 02 output,,27.34130785195968,3.870722714038082,3.0867792661619107
Look at the birds in the sky! They don't plant or harvest. They don't even store grain in barns. Yet your Father in heaven takes care of them. Aren't you worth much more than birds?,"K'a dɩga bɛnnɔ ma: ŋ bɩr hɔ duure y, bɩ ŋ bɩr hɔ darɛ y, ŋ bɩr hɔ zarm sɩ ʊ y, b'awɔɔ Zɩ k'a nɩ arzana ʊ bɩ yɩ ŋ tʊrm! Awɔɔ n lɛ da ŋ nɩ gallɛm hɔka ra?","You said these things now: I wanted to live, and I wanted to die, and I wanted to work for my own sake, but the people of Zī—you with my plan—and then this is why I am here! What do you people teach me about my way?",Dec 02 output,,21.32185289536011,3.870722714038082,3.0867792661619107
"Some Pharisees and teachers of the Law of Moses said, “Teacher, we want you to show us a sign from heaven.”","Naa kur bɩ, wosocikarɩnsaambɔɔ kan farizɛɛnrɔ kɩ a sɩŋŋɩda ba, ŋn'a hɩ Yeezuu m, ŋ ʊ: «Karɩnsaamba, wɔɔ lɛ taa k'ɩ hoser ba k'ʊ a yɩ.»","Sir, I am your servant; the commands you spoke that I heard, I will remember. I speak to my Jesus: ""Teacher, come and help me so that I may live.""",Dec 02 output,,23.324467911128067,3.870722714038082,3.0867792661619107
Servants are fortunate if their master comes and finds them doing their job.,"Zibəənyɩ bɩ do nyɩntam mimbirenyɩntazaa, k'a lɛɛzaa b'a wusigə an bʊr har ʊ, an b'a ku an nɩ zibəə k'a ka ʊ bɩ barɛ.","The children and those in their house cook food every day, but they don't do work for their father with him; instead, they tell their mother that she should cook for them.",Dec 02 output,,25.097628030056256,3.870722714038082,3.0867792661619107
"Others said, “Wait! Let's see if Elijah will come and save him.”","Bɩ, a muno wɔɔ y'a hɩrɛ, ŋ ʊ: «Jɩm cɩna, k'ʊ dɩga a Elii zɛm b'a bʊmbɔ gɛ?»","Bili, as he went to the market, he asked: ""Jim, where are you going with Eli to the big drum?""",Dec 02 output,,14.606111624507717,3.870722714038082,3.0867792661619107
"When Herod found out that the wise men from the east had tricked him, he was very angry. He gave orders for his men to kill all the boys who lived in or near Bethlehem and were two years old and younger. This was based on what he had learned from the wise men.","Hɩrɔɔdɩ k'a b'a dɔ a ʊ, hɔdonno wɔɔ a yamba a m bɩ, a wuti nɔmaa gandaara m. A n gʊɔɔ nyɔɔ Betelehɛm ʊ kan kʊrɔ vantɔɔ k'a a so ŋ ʊ rɔ wɔɔ kɩ ʊ, kʊ ŋ n'aa nyɩnɔ poorero yaarɔ kʊ ŋ dɔɔraa hɩɩya gɛɛ ŋ n a ku rɔ wɔɔ zɩnzɛ. Amba hɔdonno wɔɔ a hɩ m, nyɩnta k'a ʊ, an laaka da k'a nyɩ bɩ yɩrɛ dɔmɩm dɔ bɩ ma.","Hiruddi, that which you said to me and did to me, you caused great sorrow to me. I went to the place called Bethlehem, you saw the cross of the Lord and told me the matter truly, and I heard the words of the Lord that he said, and I understood the truth that I would not do the matter again. But the words that you said to me, now that you have, I repent and correct my ways with all my heart truly.",john_567A83BD_output (1),,27.264307527105696,3.870722714038082,3.0867792661619107
Look at the birds in the sky! They don't plant or harvest. They don't even store grain in barns. Yet your Father in heaven takes care of them. Aren't you worth much more than birds?,"K'a dɩga bɛnnɔ ma: ŋ bɩr hɔ duure y, bɩ ŋ bɩr hɔ darɛ y, ŋ bɩr hɔ zarm sɩ ʊ y, b'awɔɔ Zɩ k'a nɩ arzana ʊ bɩ yɩ ŋ tʊrm! Awɔɔ n lɛ da ŋ nɩ gallɛm hɔka ra?","What do the people say? I want to live there, I want to die there, I want to work with them there— but those people, my promise to them, and that I leave! What do those people say about my path now?",john_567A83BD_output (1),,18.741545879835865,3.870722714038082,3.0867792661619107
"Some Pharisees and teachers of the Law of Moses said, “Teacher, we want you to show us a sign from heaven.”","Naa kur bɩ, wosocikarɩnsaambɔɔ kan farizɛɛnrɔ kɩ a sɩŋŋɩda ba, ŋn'a hɩ Yeezuu m, ŋ ʊ: «Karɩnsaamba, wɔɔ lɛ taa k'ɩ hoser ba k'ʊ a yɩ.»","My servant, may those who preach the word of the servants and pray continually obey. I say to my Jesus, I say: ""Servant of the word, you must come to your house and may it be for me.""",john_567A83BD_output (1),,22.227270417991264,3.870722714038082,3.0867792661619107
Servants are fortunate if their master comes and finds them doing their job.,"Zibəənyɩ bɩ do nyɩntam mimbirenyɩntazaa, k'a lɛɛzaa b'a wusigə an bʊr har ʊ, an b'a ku an nɩ zibəə k'a ka ʊ bɩ barɛ.","My family and the people who gathered for us, but they don't listen to our words, and they don't hear me, and they won't let me enter my house.",john_567A83BD_output (1),,20.114440378567814,3.870722714038082,3.0867792661619107
"Others said, “Wait! Let's see if Elijah will come and save him.”","Bɩ, a muno wɔɔ y'a hɩrɛ, ŋ ʊ: «Jɩm cɩna, k'ʊ dɩga a Elii zɛm b'a bʊmbɔ gɛ?»","Bì, he called to you to listen, and asked: ""Jìm, where is Eli's house that's by the market?""",john_567A83BD_output (1),,16.9602655679139,3.870722714038082,3.0867792661619107
"When Herod found out that the wise men from the east had tricked him, he was very angry. He gave orders for his men to kill all the boys who lived in or near Bethlehem and were two years old and younger. This was based on what he had learned from the wise men.","Hɩrɔɔdɩ k'a b'a dɔ a ʊ, hɔdonno wɔɔ a yamba a m bɩ, a wuti nɔmaa gandaara m. A n gʊɔɔ nyɔɔ Betelehɛm ʊ kan kʊrɔ vantɔɔ k'a a so ŋ ʊ rɔ wɔɔ kɩ ʊ, kʊ ŋ n'aa nyɩnɔ poorero yaarɔ kʊ ŋ dɔɔraa hɩɩya gɛɛ ŋ n a ku rɔ wɔɔ zɩnzɛ. Amba hɔdonno wɔɔ a hɩ m, nyɩnta k'a ʊ, an laaka da k'a nyɩ bɩ yɩrɛ dɔmɩm dɔ bɩ ma.","Hiruddi, what you said to me, these people here have already come to me, saying the king will protect me. I am going to Bethlehem with my family, so that they may see me well, and I will pray every day that they may provide me with food and I may always see clearly. But these people here who hate me, whatever you said now, they will not listen and have already done me harm instead of peace.",john_AA1B9A68_output (9),,27.777465087491542,3.870722714038082,3.0867792661619107
Look at the birds in the sky! They don't plant or harvest. They don't even store grain in barns. Yet your Father in heaven takes care of them. Aren't you worth much more than birds?,"K'a dɩga bɛnnɔ ma: ŋ bɩr hɔ duure y, bɩ ŋ bɩr hɔ darɛ y, ŋ bɩr hɔ zarm sɩ ʊ y, b'awɔɔ Zɩ k'a nɩ arzana ʊ bɩ yɩ ŋ tʊrm! Awɔɔ n lɛ da ŋ nɩ gallɛm hɔka ra?","Brother, listen well now: I want to travel far, and I want to remain, and I want to work my own work. But people, brother, my plan and my intention—I don't know yet! What do you say, is my journey good?",john_AA1B9A68_output (9),,20.523885757922695,3.870722714038082,3.0867792661619107
"Some Pharisees and teachers of the Law of Moses said, “Teacher, we want you to show us a sign from heaven.”","Naa kur bɩ, wosocikarɩnsaambɔɔ kan farizɛɛnrɔ kɩ a sɩŋŋɩda ba, ŋn'a hɩ Yeezuu m, ŋ ʊ: «Karɩnsaamba, wɔɔ lɛ taa k'ɩ hoser ba k'ʊ a yɩ.»","My servant, and those worshippers of the Lord's servant pray continually, may they come to listen; I say to you, Jesus: ""O servant of the Lord, why do you not let them worship, so that you may come?""",john_AA1B9A68_output (9),,24.89380737053038,3.870722714038082,3.0867792661619107
Servants are fortunate if their master comes and finds them doing their job.,"Zibəənyɩ bɩ do nyɩntam mimbirenyɩntazaa, k'a lɛɛzaa b'a wusigə an bʊr har ʊ, an b'a ku an nɩ zibəə k'a ka ʊ bɩ barɛ.","The children and those who build the house together say, don’t just talk about the work with your mouth—look at your own children and say you only do it.",john_AA1B9A68_output (9),,18.912515219074923,3.870722714038082,3.0867792661619107
"Others said, “Wait! Let's see if Elijah will come and save him.”","Bɩ, a muno wɔɔ y'a hɩrɛ, ŋ ʊ: «Jɩm cɩna, k'ʊ dɩga a Elii zɛm b'a bʊmbɔ gɛ?»","Bí, the people who came to the market there asked: ""Jím, do you know the road that goes from Elii's village to there?""",john_AA1B9A68_output (9),,15.525948831267394,3.870722714038082,3.0867792661619107
"When Herod found out that the wise men from the east had tricked him, he was very angry. He gave orders for his men to kill all the boys who lived in or near Bethlehem and were two years old and younger. This was based on what he had learned from the wise men.","Hɩrɔɔdɩ k'a b'a dɔ a ʊ, hɔdonno wɔɔ a yamba a m bɩ, a wuti nɔmaa gandaara m. A n gʊɔɔ nyɔɔ Betelehɛm ʊ kan kʊrɔ vantɔɔ k'a a so ŋ ʊ rɔ wɔɔ kɩ ʊ, kʊ ŋ n'aa nyɩnɔ poorero yaarɔ kʊ ŋ dɔɔraa hɩɩya gɛɛ ŋ n a ku rɔ wɔɔ zɩnzɛ. Amba hɔdonno wɔɔ a hɩ m, nyɩnta k'a ʊ, an laaka da k'a nyɩ bɩ yɩrɛ dɔmɩm dɔ bɩ ma.","Hiruddi, that you said to me now, the matter which I heard from you, I told the people to assemble for me. I went to Bethlehem and there I saw a vision, and I said that you should do this thing: and you will see the poor, help them, and you will take the sick that you may heal them. But the matter which I did for you, because of you, I did not lie to you that you may know the truth.",Dec 07 output,,28.77491350426944,3.870722714038082,3.0867792661619107
Look at the birds in the sky! They don't plant or harvest. They don't even store grain in barns. Yet your Father in heaven takes care of them. Aren't you worth much more than birds?,"K'a dɩga bɛnnɔ ma: ŋ bɩr hɔ duure y, bɩ ŋ bɩr hɔ darɛ y, ŋ bɩr hɔ zarm sɩ ʊ y, b'awɔɔ Zɩ k'a nɩ arzana ʊ bɩ yɩ ŋ tʊrm! Awɔɔ n lɛ da ŋ nɩ gallɛm hɔka ra?","You say these things now? I wanted to die, and I wanted to live, I wanted nothing good, but O God, you heard me and I am not afraid! What do people say I was killed for?",Dec 07 output,,16.224121615350803,3.870722714038082,3.0867792661619107
"Some Pharisees and teachers of the Law of Moses said, “Teacher, we want you to show us a sign from heaven.”","Naa kur bɩ, wosocikarɩnsaambɔɔ kan farizɛɛnrɔ kɩ a sɩŋŋɩda ba, ŋn'a hɩ Yeezuu m, ŋ ʊ: «Karɩnsaamba, wɔɔ lɛ taa k'ɩ hoser ba k'ʊ a yɩ.»","My lord, servant, and those who pray together may mercy come to us; I say to my Jesus, he said: ""O Prayer, you must listen with your ear, so it may be.""",Dec 07 output,,22.337524886294098,3.870722714038082,3.0867792661619107
Servants are fortunate if their master comes and finds them doing their job.,"Zibəənyɩ bɩ do nyɩntam mimbirenyɩntazaa, k'a lɛɛzaa b'a wusigə an bʊr har ʊ, an b'a ku an nɩ zibəə k'a ka ʊ bɩ barɛ.","The children and these are their nurturing mothers, but they tell the people here not to let their children leave.",Dec 07 output,,22.547324746291295,3.870722714038082,3.0867792661619107
"Others said, “Wait! Let's see if Elijah will come and save him.”","Bɩ, a muno wɔɔ y'a hɩrɛ, ŋ ʊ: «Jɩm cɩna, k'ʊ dɩga a Elii zɛm b'a bʊmbɔ gɛ?»","Bì, he shouted, “Come listen, Jìm—do you know what Elii said about the market there?”",Dec 07 output,,17.55075309515818,3.870722714038082,3.0867792661619107
"When Herod found out that the wise men from the east had tricked him, he was very angry. He gave orders for his men to kill all the boys who lived in or near Bethlehem and were two years old and younger. This was based on what he had learned from the wise men.","Hɩrɔɔdɩ k'a b'a dɔ a ʊ, hɔdonno wɔɔ a yamba a m bɩ, a wuti nɔmaa gandaara m. A n gʊɔɔ nyɔɔ Betelehɛm ʊ kan kʊrɔ vantɔɔ k'a a so ŋ ʊ rɔ wɔɔ kɩ ʊ, kʊ ŋ n'aa nyɩnɔ poorero yaarɔ kʊ ŋ dɔɔraa hɩɩya gɛɛ ŋ n a ku rɔ wɔɔ zɩnzɛ. Amba hɔdonno wɔɔ a hɩ m, nyɩnta k'a ʊ, an laaka da k'a nyɩ bɩ yɩrɛ dɔmɩm dɔ bɩ ma.","Hiruddi, that you said to me, and now the matter I heard from you—I think perhaps they are lying to me. I went to the town of Bethlehem, and there I saw a vision that clearly showed me that the poor people are suffering greatly, and I saw this clearly indeed. But the matter you told me, now that you have said it, I will check whether it is true from you.",Dec 10 output,,28.856505580835467,3.870722714038082,3.0867792661619107
Look at the birds in the sky! They don't plant or harvest. They don't even store grain in barns. Yet your Father in heaven takes care of them. Aren't you worth much more than birds?,"K'a dɩga bɛnnɔ ma: ŋ bɩr hɔ duure y, bɩ ŋ bɩr hɔ darɛ y, ŋ bɩr hɔ zarm sɩ ʊ y, b'awɔɔ Zɩ k'a nɩ arzana ʊ bɩ yɩ ŋ tʊrm! Awɔɔ n lɛ da ŋ nɩ gallɛm hɔka ra?","What are the people saying now? I never go far, nor do I go near; I never go to the gathering with them. But these people, my promise to them I won’t break! What do these people ask me, why don’t I understand?",Dec 10 output,,23.399743684625417,3.870722714038082,3.0867792661619107
"Some Pharisees and teachers of the Law of Moses said, “Teacher, we want you to show us a sign from heaven.”","Naa kur bɩ, wosocikarɩnsaambɔɔ kan farizɛɛnrɔ kɩ a sɩŋŋɩda ba, ŋn'a hɩ Yeezuu m, ŋ ʊ: «Karɩnsaamba, wɔɔ lɛ taa k'ɩ hoser ba k'ʊ a yɩ.»","My servant, those who worship kings and those who constantly pray do not hear; but I call on Jesus, and I say: ""Lord, only you hear my prayer and do not reject it.""",Dec 10 output,,20.421186267998376,3.870722714038082,3.0867792661619107
Servants are fortunate if their master comes and finds them doing their job.,"Zibəənyɩ bɩ do nyɩntam mimbirenyɩntazaa, k'a lɛɛzaa b'a wusigə an bʊr har ʊ, an b'a ku an nɩ zibəə k'a ka ʊ bɩ barɛ.","The people and the chief, those who speak continuously, listen to our words and your messages, and they tell us that their people live with you.",Dec 10 output,,21.741019346617374,3.870722714038082,3.0867792661619107
"Others said, “Wait! Let's see if Elijah will come and save him.”","Bɩ, a muno wɔɔ y'a hɩrɛ, ŋ ʊ: «Jɩm cɩna, k'ʊ dɩga a Elii zɛm b'a bʊmbɔ gɛ?»","Bili, he came here to your house, and said: ""Jimi, do you know where Eli's market is?""",Dec 10 output,,20.038224541327168,3.870722714038082,3.0867792661619107
"When Herod found out that the wise men from the east had tricked him, he was very angry. He gave orders for his men to kill all the boys who lived in or near Bethlehem and were two years old and younger. This was based on what he had learned from the wise men.","Hɩrɔɔdɩ k'a b'a dɔ a ʊ, hɔdonno wɔɔ a yamba a m bɩ, a wuti nɔmaa gandaara m. A n gʊɔɔ nyɔɔ Betelehɛm ʊ kan kʊrɔ vantɔɔ k'a a so ŋ ʊ rɔ wɔɔ kɩ ʊ, kʊ ŋ n'aa nyɩnɔ poorero yaarɔ kʊ ŋ dɔɔraa hɩɩya gɛɛ ŋ n a ku rɔ wɔɔ zɩnzɛ. Amba hɔdonno wɔɔ a hɩ m, nyɩnta k'a ʊ, an laaka da k'a nyɩ bɩ yɩrɛ dɔmɩm dɔ bɩ ma.","Hiruddi, that which you said to me now, the deed I did for you—I told the woman to take care of me. I went to the place Bethlehem and there saw a vision you showed me, saying what now; and you will pray daily, and hear good things, give me what I need. But the deed I did for you, you didn’t listen; I wait, and your words are empty indeed.",john_7781CD93_output (6),,28.573031919477714,3.870722714038082,3.0867792661619107
Look at the birds in the sky! They don't plant or harvest. They don't even store grain in barns. Yet your Father in heaven takes care of them. Aren't you worth much more than birds?,"K'a dɩga bɛnnɔ ma: ŋ bɩr hɔ duure y, bɩ ŋ bɩr hɔ darɛ y, ŋ bɩr hɔ zarm sɩ ʊ y, b'awɔɔ Zɩ k'a nɩ arzana ʊ bɩ yɩ ŋ tʊrm! Awɔɔ n lɛ da ŋ nɩ gallɛm hɔka ra?","Listen well, brother! I want to travel far, and I want to stay, and I want to be with good people— but now, brother, my plans and my intentions have already changed! Now, what do you say about my reason? Why do you ask?",john_7781CD93_output (6),,19.800968520872747,3.870722714038082,3.0867792661619107
"Some Pharisees and teachers of the Law of Moses said, “Teacher, we want you to show us a sign from heaven.”","Naa kur bɩ, wosocikarɩnsaambɔɔ kan farizɛɛnrɔ kɩ a sɩŋŋɩda ba, ŋn'a hɩ Yeezuu m, ŋ ʊ: «Karɩnsaamba, wɔɔ lɛ taa k'ɩ hoser ba k'ʊ a yɩ.»","Lord, my servant, those worshipping servants continuously pray that they may listen to them, but Jesus said to me: ""O Lord, you desire to grant your supplication so that we may hear.""",john_7781CD93_output (6),,23.163628004371535,3.870722714038082,3.0867792661619107
Servants are fortunate if their master comes and finds them doing their job.,"Zibəənyɩ bɩ do nyɩntam mimbirenyɩntazaa, k'a lɛɛzaa b'a wusigə an bʊr har ʊ, an b'a ku an nɩ zibəə k'a ka ʊ bɩ barɛ.","The children and their family prepare food in their house, but they do not eat from the market with their money, so they take their children and make them work.",john_7781CD93_output (6),,25.056562837253303,3.870722714038082,3.0867792661619107
"Others said, “Wait! Let's see if Elijah will come and save him.”","Bɩ, a muno wɔɔ y'a hɩrɛ, ŋ ʊ: «Jɩm cɩna, k'ʊ dɩga a Elii zɛm b'a bʊmbɔ gɛ?»","Bili, he came here to your house, and said: ""Jim, do you know where Elii's market is?""",john_7781CD93_output (6),,20.038224541327168,3.870722714038082,3.0867792661619107
"When Herod found out that the wise men from the east had tricked him, he was very angry. He gave orders for his men to kill all the boys who lived in or near Bethlehem and were two years old and younger. This was based on what he had learned from the wise men.","Hɩrɔɔdɩ k'a b'a dɔ a ʊ, hɔdonno wɔɔ a yamba a m bɩ, a wuti nɔmaa gandaara m. A n gʊɔɔ nyɔɔ Betelehɛm ʊ kan kʊrɔ vantɔɔ k'a a so ŋ ʊ rɔ wɔɔ kɩ ʊ, kʊ ŋ n'aa nyɩnɔ poorero yaarɔ kʊ ŋ dɔɔraa hɩɩya gɛɛ ŋ n a ku rɔ wɔɔ zɩnzɛ. Amba hɔdonno wɔɔ a hɩ m, nyɩnta k'a ʊ, an laaka da k'a nyɩ bɩ yɩrɛ dɔmɩm dɔ bɩ ma.","Hiruddi, that which you said to me, these people here do to me, they rule over me as a chief. And I come from Bethlehem, you with your home and market that they tell you to do this, and their prayer words that they teach the holy and do that always. But these people here treat me, whatever you do, and they give and carry my things to my home.",gerhardt_25FFCBF7_output_DdErIM,,27.911348415461912,3.870722714038082,3.0867792661619107
Look at the birds in the sky! They don't plant or harvest. They don't even store grain in barns. Yet your Father in heaven takes care of them. Aren't you worth much more than birds?,"K'a dɩga bɛnnɔ ma: ŋ bɩr hɔ duure y, bɩ ŋ bɩr hɔ darɛ y, ŋ bɩr hɔ zarm sɩ ʊ y, b'awɔɔ Zɩ k'a nɩ arzana ʊ bɩ yɩ ŋ tʊrm! Awɔɔ n lɛ da ŋ nɩ gallɛm hɔka ra?","You are saying these things now: I want you to live, but I want you to die, and I want you to fight with them; but the people of Zī protect my house and you fear them, I fear! What do the people say about my reason, why?",gerhardt_25FFCBF7_output_DdErIM,,20.54654692485287,3.870722714038082,3.0867792661619107
"Some Pharisees and teachers of the Law of Moses said, “Teacher, we want you to show us a sign from heaven.”","Naa kur bɩ, wosocikarɩnsaambɔɔ kan farizɛɛnrɔ kɩ a sɩŋŋɩda ba, ŋn'a hɩ Yeezuu m, ŋ ʊ: «Karɩnsaamba, wɔɔ lɛ taa k'ɩ hoser ba k'ʊ a yɩ.»","My lord servant, the evangelist's word of God and the house of prayer that we truly hear, I said to my Jesus, I said: ""Teacher, come let us save that which they truly know.""",gerhardt_25FFCBF7_output_DdErIM,,27.04349519767632,3.870722714038082,3.0867792661619107
Servants are fortunate if their master comes and finds them doing their job.,"Zibəənyɩ bɩ do nyɩntam mimbirenyɩntazaa, k'a lɛɛzaa b'a wusigə an bʊr har ʊ, an b'a ku an nɩ zibəə k'a ka ʊ bɩ barɛ.","Children and those who build their houses come from the market along their path with us, and they also bring our children and take care of us.",gerhardt_25FFCBF7_output_DdErIM,,27.001045991046844,3.870722714038082,3.0867792661619107
"Others said, “Wait! Let's see if Elijah will come and save him.”","Bɩ, a muno wɔɔ y'a hɩrɛ, ŋ ʊ: «Jɩm cɩna, k'ʊ dɩga a Elii zɛm b'a bʊmbɔ gɛ?»","Bili, come here to your house, and say: ""Jim, what do you do with this drum of Elii's?""",gerhardt_25FFCBF7_output_DdErIM,,21.865419580636463,3.870722714038082,3.0867792661619107
"When Herod found out that the wise men from the east had tricked him, he was very angry. He gave orders for his men to kill all the boys who lived in or near Bethlehem and were two years old and younger. This was based on what he had learned from the wise men.","Hɩrɔɔdɩ k'a b'a dɔ a ʊ, hɔdonno wɔɔ a yamba a m bɩ, a wuti nɔmaa gandaara m. A n gʊɔɔ nyɔɔ Betelehɛm ʊ kan kʊrɔ vantɔɔ k'a a so ŋ ʊ rɔ wɔɔ kɩ ʊ, kʊ ŋ n'aa nyɩnɔ poorero yaarɔ kʊ ŋ dɔɔraa hɩɩya gɛɛ ŋ n a ku rɔ wɔɔ zɩnzɛ. Amba hɔdonno wɔɔ a hɩ m, nyɩnta k'a ʊ, an laaka da k'a nyɩ bɩ yɩrɛ dɔmɩm dɔ bɩ ma.","Hiruddi, that you said to me, and I thought about the matter concerning me, and I told mother to take care of me. I went to Bethlehem with you, to the house/village that I saw where we went to you, and we will pray to Poorero every day, and we will return with joy to the place where we were. But the matter that I told you, that you heard, you should know that it is a false lie.",output_mich003,,27.45645488009719,3.870722714038082,3.0867792661619107
Look at the birds in the sky! They don't plant or harvest. They don't even store grain in barns. Yet your Father in heaven takes care of them. Aren't you worth much more than birds?,"K'a dɩga bɛnnɔ ma: ŋ bɩr hɔ duure y, bɩ ŋ bɩr hɔ darɛ y, ŋ bɩr hɔ zarm sɩ ʊ y, b'awɔɔ Zɩ k'a nɩ arzana ʊ bɩ yɩ ŋ tʊrm! Awɔɔ n lɛ da ŋ nɩ gallɛm hɔka ra?","What are the people saying now? I never go far, nor near, nor to the market with them. But those Zī people, what do they know that I don’t even fear them? What do you say about my way of going?",output_mich003,,21.67925829623942,3.870722714038082,3.0867792661619107
"Some Pharisees and teachers of the Law of Moses said, “Teacher, we want you to show us a sign from heaven.”","Naa kur bɩ, wosocikarɩnsaambɔɔ kan farizɛɛnrɔ kɩ a sɩŋŋɩda ba, ŋn'a hɩ Yeezuu m, ŋ ʊ: «Karɩnsaamba, wɔɔ lɛ taa k'ɩ hoser ba k'ʊ a yɩ.»","Sir, my servant, those who worship and fast indeed listen to me; I say to my Jesus, I say: “O worshippers, you must truly fast and obey.”",output_mich003,,20.246802251244073,3.870722714038082,3.0867792661619107
Servants are fortunate if their master comes and finds them doing their job.,"Zibəənyɩ bɩ do nyɩntam mimbirenyɩntazaa, k'a lɛɛzaa b'a wusigə an bʊr har ʊ, an b'a ku an nɩ zibəə k'a ka ʊ bɩ barɛ.","The children and they prepare food together in their house, but they don't say to go to the market path with us, and they take our children only to show them.",output_mich003,,22.56183192495009,3.870722714038082,3.0867792661619107
"Others said, “Wait! Let's see if Elijah will come and save him.”","Bɩ, a muno wɔɔ y'a hɩrɛ, ŋ ʊ: «Jɩm cɩna, k'ʊ dɩga a Elii zɛm b'a bʊmbɔ gɛ?»","Bì, he said come listen to you, and asked: “Jìm, what did you say to Elii about that matter?”",output_mich003,,18.169392229795584,3.870722714038082,3.0867792661619107
"When Herod found out that the wise men from the east had tricked him, he was very angry. He gave orders for his men to kill all the boys who lived in or near Bethlehem and were two years old and younger. This was based on what he had learned from the wise men.","Hɩrɔɔdɩ k'a b'a dɔ a ʊ, hɔdonno wɔɔ a yamba a m bɩ, a wuti nɔmaa gandaara m. A n gʊɔɔ nyɔɔ Betelehɛm ʊ kan kʊrɔ vantɔɔ k'a a so ŋ ʊ rɔ wɔɔ kɩ ʊ, kʊ ŋ n'aa nyɩnɔ poorero yaarɔ kʊ ŋ dɔɔraa hɩɩya gɛɛ ŋ n a ku rɔ wɔɔ zɩnzɛ. Amba hɔdonno wɔɔ a hɩ m, nyɩnta k'a ʊ, an laaka da k'a nyɩ bɩ yɩrɛ dɔmɩm dɔ bɩ ma.","Hiruddi, what you said to me—these people here have come to me, and they told Mother to take care of me. Now I am going to Bethlehem with the market place; this is where we stay here, but we have not seen the answer to our prayers, and they do not give us food so that we can live well. However, these people here hate me because of what you said, and they will not let me return home already.",output_JA-6,,27.59631193748432,3.870722714038082,3.0867792661619107
Look at the birds in the sky! They don't plant or harvest. They don't even store grain in barns. Yet your Father in heaven takes care of them. Aren't you worth much more than birds?,"K'a dɩga bɛnnɔ ma: ŋ bɩr hɔ duure y, bɩ ŋ bɩr hɔ darɛ y, ŋ bɩr hɔ zarm sɩ ʊ y, b'awɔɔ Zɩ k'a nɩ arzana ʊ bɩ yɩ ŋ tʊrm! Awɔɔ n lɛ da ŋ nɩ gallɛm hɔka ra?",What’s this big talk now? Do I always lie to you? And do I always tell the truth to you? Do I always tell good words to you? But people say this about my deed to you—and why do you hate me! What do people really say about my words?,output_JA-6,,16.820983761385737,3.870722714038082,3.0867792661619107
"Some Pharisees and teachers of the Law of Moses said, “Teacher, we want you to show us a sign from heaven.”","Naa kur bɩ, wosocikarɩnsaambɔɔ kan farizɛɛnrɔ kɩ a sɩŋŋɩda ba, ŋn'a hɩ Yeezuu m, ŋ ʊ: «Karɩnsaamba, wɔɔ lɛ taa k'ɩ hoser ba k'ʊ a yɩ.»","O my servant, those who worship the servants of God and pray, may they sing praise. But Jesus said to me, ""O servants of God, you should come that we may be helped so that we may live.""",output_JA-6,,23.153591287321724,3.870722714038082,3.0867792661619107
Servants are fortunate if their master comes and finds them doing their job.,"Zibəənyɩ bɩ do nyɩntam mimbirenyɩntazaa, k'a lɛɛzaa b'a wusigə an bʊr har ʊ, an b'a ku an nɩ zibəə k'a ka ʊ bɩ barɛ.","The children who cook food for the house, but they do not mention the husband's task and you; they come to take our children and you here.",output_JA-6,,20.52837821126321,3.870722714038082,3.0867792661619107
"Others said, “Wait! Let's see if Elijah will come and save him.”","Bɩ, a muno wɔɔ y'a hɩrɛ, ŋ ʊ: «Jɩm cɩna, k'ʊ dɩga a Elii zɛm b'a bʊmbɔ gɛ?»","Brother, he said come to the market, and he asked: 'Jim, where are you taking Elii's bag there?'",output_JA-6,,19.113792006446246,3.870722714038082,3.0867792661619107
"When Herod found out that the wise men from the east had tricked him, he was very angry. He gave orders for his men to kill all the boys who lived in or near Bethlehem and were two years old and younger. This was based on what he had learned from the wise men.","Hɩrɔɔdɩ k'a b'a dɔ a ʊ, hɔdonno wɔɔ a yamba a m bɩ, a wuti nɔmaa gandaara m. A n gʊɔɔ nyɔɔ Betelehɛm ʊ kan kʊrɔ vantɔɔ k'a a so ŋ ʊ rɔ wɔɔ kɩ ʊ, kʊ ŋ n'aa nyɩnɔ poorero yaarɔ kʊ ŋ dɔɔraa hɩɩya gɛɛ ŋ n a ku rɔ wɔɔ zɩnzɛ. Amba hɔdonno wɔɔ a hɩ m, nyɩnta k'a ʊ, an laaka da k'a nyɩ bɩ yɩrɛ dɔmɩm dɔ bɩ ma.","Hiruddi, that you said to me, these people here came to me, and told Mother to take care of me. I went to Bethlehem with my kinsmen, and they said you should see for me, and I will make a small prayer, and you will give me food so I will not see you again. But these people beat me, that which you said, and they told lies, not doing good to my house.",Dec 03 output,,26.46216976083464,3.870722714038082,3.0867792661619107
Look at the birds in the sky! They don't plant or harvest. They don't even store grain in barns. Yet your Father in heaven takes care of them. Aren't you worth much more than birds?,"K'a dɩga bɛnnɔ ma: ŋ bɩr hɔ duure y, bɩ ŋ bɩr hɔ darɛ y, ŋ bɩr hɔ zarm sɩ ʊ y, b'awɔɔ Zɩ k'a nɩ arzana ʊ bɩ yɩ ŋ tʊrm! Awɔɔ n lɛ da ŋ nɩ gallɛm hɔka ra?","Listen, I say to the people: I want to live, and I want to die, I want peace with my own, but the chiefs do not hear my words and I fear! What are you doing that I do not understand the reason why?",Dec 03 output,,21.183671607976805,3.870722714038082,3.0867792661619107
"Some Pharisees and teachers of the Law of Moses said, “Teacher, we want you to show us a sign from heaven.”","Naa kur bɩ, wosocikarɩnsaambɔɔ kan farizɛɛnrɔ kɩ a sɩŋŋɩda ba, ŋn'a hɩ Yeezuu m, ŋ ʊ: «Karɩnsaamba, wɔɔ lɛ taa k'ɩ hoser ba k'ʊ a yɩ.»","Listen now, O people, the story of the ancestors that they told us, which we truly heard—then I said to Jesus, my [one",Dec 03 output,,20.199066169938938,3.870722714038082,3.0867792661619107
Servants are fortunate if their master comes and finds them doing their job.,"Zibəənyɩ bɩ do nyɩntam mimbirenyɩntazaa, k'a lɛɛzaa b'a wusigə an bʊr har ʊ, an b'a ku an nɩ zibəə k'a ka ʊ bɩ barɛ.","The people of Zibəənyɩ gather the elders in the assembly place, but they say that their work is not done for them, and that because of their own home, they take them and dwell there.",Dec 03 output,,25.02935560933357,3.870722714038082,3.0867792661619107
"Others said, “Wait! Let's see if Elijah will come and save him.”","Bɩ, a muno wɔɔ y'a hɩrɛ, ŋ ʊ: «Jɩm cɩna, k'ʊ dɩga a Elii zɛm b'a bʊmbɔ gɛ?»","Bɩ, you come from here, then said: ""James, what do you know about Eli's matter?""",Dec 03 output,,17.264734556983157,3.870722714038082,3.0867792661619107
"When Herod found out that the wise men from the east had tricked him, he was very angry. He gave orders for his men to kill all the boys who lived in or near Bethlehem and were two years old and younger. This was based on what he had learned from the wise men.","Hɩrɔɔdɩ k'a b'a dɔ a ʊ, hɔdonno wɔɔ a yamba a m bɩ, a wuti nɔmaa gandaara m. A n gʊɔɔ nyɔɔ Betelehɛm ʊ kan kʊrɔ vantɔɔ k'a a so ŋ ʊ rɔ wɔɔ kɩ ʊ, kʊ ŋ n'aa nyɩnɔ poorero yaarɔ kʊ ŋ dɔɔraa hɩɩya gɛɛ ŋ n a ku rɔ wɔɔ zɩnzɛ. Amba hɔdonno wɔɔ a hɩ m, nyɩnta k'a ʊ, an laaka da k'a nyɩ bɩ yɩrɛ dɔmɩm dɔ bɩ ma.","Hiruddi, that which you said to me, these people here have come to me already, and tell mother to take care of me. And I came from Bethlehem with you, to the house/village that we saw where you stay there, and they do not know the poor people, and they will give us food and water so that I may stay with you together. But these people here have come to me because of you, so we pray that we may live in peace always.",Dec 09 output,,26.715778652900763,3.870722714038082,3.0867792661619107
Look at the birds in the sky! They don't plant or harvest. They don't even store grain in barns. Yet your Father in heaven takes care of them. Aren't you worth much more than birds?,"K'a dɩga bɛnnɔ ma: ŋ bɩr hɔ duure y, bɩ ŋ bɩr hɔ darɛ y, ŋ bɩr hɔ zarm sɩ ʊ y, b'awɔɔ Zɩ k'a nɩ arzana ʊ bɩ yɩ ŋ tʊrm! Awɔɔ n lɛ da ŋ nɩ gallɛm hɔka ra?","What are you saying about these things? I want to live, and I want to die, I want peace with my own. But the people say my words and their words make me afraid! What wrong do people do to me?",Dec 09 output,,21.04518151265028,3.870722714038082,3.0867792661619107
"Some Pharisees and teachers of the Law of Moses said, “Teacher, we want you to show us a sign from heaven.”","Naa kur bɩ, wosocikarɩnsaambɔɔ kan farizɛɛnrɔ kɩ a sɩŋŋɩda ba, ŋn'a hɩ Yeezuu m, ŋ ʊ: «Karɩnsaamba, wɔɔ lɛ taa k'ɩ hoser ba k'ʊ a yɩ.»","O Lord, my servant, those worshippers of the lords who continually pray but do not hear, but Jesus said to me: ""O lords, why do you worship those who do not worship or live?""",Dec 09 output,,23.39504203414288,3.870722714038082,3.0867792661619107
Servants are fortunate if their master comes and finds them doing their job.,"Zibəənyɩ bɩ do nyɩntam mimbirenyɩntazaa, k'a lɛɛzaa b'a wusigə an bʊr har ʊ, an b'a ku an nɩ zibəə k'a ka ʊ bɩ barɛ.","Children and house-builders, they see that people from the market place come here, and they say that their children come and live.",Dec 09 output,,22.79561104844596,3.870722714038082,3.0867792661619107
"Others said, “Wait! Let's see if Elijah will come and save him.”","Bɩ, a muno wɔɔ y'a hɩrɛ, ŋ ʊ: «Jɩm cɩna, k'ʊ dɩga a Elii zɛm b'a bʊmbɔ gɛ?»","Bì, he came here to your house, and said: ""Jìm, what's the matter with Eli? Is there a problem?""",Dec 09 output,,20.966986329140212,3.870722714038082,3.0867792661619107
"Jesus answered, “Go and tell John what you have heard and seen.","Yeezuu n a nyɩ bɔ ŋ nʊ, a ʊ: «K'a ta a yaa hɔ k'awɔɔ n'a mam, an n'a yɩm naa dɩnda Zaan m:","Listen, I am telling you to come here, and he said: ""If you go to my mother's house, listen to my words, Zaan.""",output_onesimus007,0.4631757,20.091256850022322,3.870722714038082,3.0867792661619107
"When Jesus had finished telling these stories, he left","Yeezuu k'a hɔbɔkʊrɛnoonno nɔɔn duro da an ŋ nya bɩ, a a hʊr lɛɛ bɩ do ʊ,","These are the people who build houses and live there, because we have no food, but people don’t go get food anymore",output_onesimus007,0.08157133,17.82480855745264,3.870722714038082,3.0867792661619107
But Peter followed along at a distance and came to the courtyard of the high priest's palace. He went in and sat down with the guards to see what was going to happen.,"Pɩyɛɛr n zu Yeezuu jɛ ʊ laatʊ, an ta an aa lee ku wosocɛmannɩbər jɩtaarɛ bɩ har ʊ. A n gasʊ har b'ʊ, an aa nyɩnta kan hallɛdɔmazannɔ wɔɔ kɩ, k'a dɩga mim bɩ nyambʊrlɛ ma.","Brother, come and pray to Jesus, and they say they will take the worshipers' goods with them but give you. I know and give to you, and they will hear the word of God for all people, but my little one, help me.",output_onesimus007,0.13656351,22.624484365761955,3.870722714038082,3.0867792661619107
"That is how my Father in heaven will treat you, if you don't forgive each of my followers with all your heart.","Yeezuu n a ya, an a na ma, a ʊ: «Mɔɔ Zɩ k'a nɩ arzana ʊ bɩ y'a barɛ awɔɔ m ncɩnaaʊ, k'awɔɔ bɩr sugur kam kʊ ʊ kan a heer kɩ haay y.»","Yeezuu said, then he came here, and he said: “My people, that your house—do not say again that you live in all my village; those without fear come to make them hear their voices always.”",output_onesimus007,0.11525795,24.95830172575142,3.870722714038082,3.0867792661619107
But they left and talked about him to everyone in that part of the country. Jesus Heals a Man Who Could Not Talk,"Bɩ gʊɔɔ wɔɔ kʊ ŋ bɔ bɩ, ŋ y'a sɩŋŋɩda sa lɛɛm, ŋn'a mim dɩndam kʊ b'ʊ haay. Yeezuu bəətir waa","The person said to me, I am not a person; I have my good name in my heart; I will not tell you lies to your ear. Jesus is mighty.",output_onesimus007,0.51003957,19.694343398363117,3.870722714038082,3.0867792661619107
"When Herod found out that the wise men from the east had tricked him, he was very angry. He gave orders for his men to kill all the boys who lived in or near Bethlehem and were two years old and younger. This was based on what he had learned from the wise men.","Hɩrɔɔdɩ k'a b'a dɔ a ʊ, hɔdonno wɔɔ a yamba a m bɩ, a wuti nɔmaa gandaara m. A n gʊɔɔ nyɔɔ Betelehɛm ʊ kan kʊrɔ vantɔɔ k'a a so ŋ ʊ rɔ wɔɔ kɩ ʊ, kʊ ŋ n'aa nyɩnɔ poorero yaarɔ kʊ ŋ dɔɔraa hɩɩya gɛɛ ŋ n a ku rɔ wɔɔ zɩnzɛ. Amba hɔdonno wɔɔ a hɩ m, nyɩnta k'a ʊ, an laaka da k'a nyɩ bɩ yɩrɛ dɔmɩm dɔ bɩ ma.","Hiruddi, that you said to me and you, what you have already brought to me, you gave food to care for me. And I went there to Bethlehem, you with the market people, that we did together with you, and I will see the house of prayer, and I will build the church and make it well. But what you did to me, only that you gave true love and served me faithfully.",john_1C6E69D4_output (8),,26.72044638769593,3.870722714038082,3.0867792661619107
Look at the birds in the sky! They don't plant or harvest. They don't even store grain in barns. Yet your Father in heaven takes care of them. Aren't you worth much more than birds?,"K'a dɩga bɛnnɔ ma: ŋ bɩr hɔ duure y, bɩ ŋ bɩr hɔ darɛ y, ŋ bɩr hɔ zarm sɩ ʊ y, b'awɔɔ Zɩ k'a nɩ arzana ʊ bɩ yɩ ŋ tʊrm! Awɔɔ n lɛ da ŋ nɩ gallɛm hɔka ra?","You say these things now? I can’t do work, I can’t farm, and I can’t take care of livestock! But only you teach me these things, so I can survive! Where do they get my food from?",john_1C6E69D4_output (8),,21.899564414313428,3.870722714038082,3.0867792661619107
"Some Pharisees and teachers of the Law of Moses said, “Teacher, we want you to show us a sign from heaven.”","Naa kur bɩ, wosocikarɩnsaambɔɔ kan farizɛɛnrɔ kɩ a sɩŋŋɩda ba, ŋn'a hɩ Yeezuu m, ŋ ʊ: «Karɩnsaamba, wɔɔ lɛ taa k'ɩ hoser ba k'ʊ a yɩ.»","My servant, those who worship together and fast by day, and what they cause to be heard—I say to my Jesus: I said, “Worshippers, you should come and save them from evil.”",john_1C6E69D4_output (8),,26.0286795055531,3.870722714038082,3.0867792661619107
Servants are fortunate if their master comes and finds them doing their job.,"Zibəənyɩ bɩ do nyɩntam mimbirenyɩntazaa, k'a lɛɛzaa b'a wusigə an bʊr har ʊ, an b'a ku an nɩ zibəə k'a ka ʊ bɩ barɛ.","These are the sayings gathered from the people; listen, for they do not know what they say—even you—because their custom makes you not understand.",john_1C6E69D4_output (8),,24.4035326842434,3.870722714038082,3.0867792661619107
"Others said, “Wait! Let's see if Elijah will come and save him.”","Bɩ, a muno wɔɔ y'a hɩrɛ, ŋ ʊ: «Jɩm cɩna, k'ʊ dɩga a Elii zɛm b'a bʊmbɔ gɛ?»","Bì, he came here to your house, and said: ""Jìm, where do you not know about Elii that the people of the village live?""",john_1C6E69D4_output (8),,19.772652728585925,3.870722714038082,3.0867792661619107
"When Herod found out that the wise men from the east had tricked him, he was very angry. He gave orders for his men to kill all the boys who lived in or near Bethlehem and were two years old and younger. This was based on what he had learned from the wise men.","Hɩrɔɔdɩ k'a b'a dɔ a ʊ, hɔdonno wɔɔ a yamba a m bɩ, a wuti nɔmaa gandaara m. A n gʊɔɔ nyɔɔ Betelehɛm ʊ kan kʊrɔ vantɔɔ k'a a so ŋ ʊ rɔ wɔɔ kɩ ʊ, kʊ ŋ n'aa nyɩnɔ poorero yaarɔ kʊ ŋ dɔɔraa hɩɩya gɛɛ ŋ n a ku rɔ wɔɔ zɩnzɛ. Amba hɔdonno wɔɔ a hɩ m, nyɩnta k'a ʊ, an laaka da k'a nyɩ bɩ yɩrɛ dɔmɩm dɔ bɩ ma.","They say to you, Hirondelle; these people here bring food to me, but they do not satisfy me. I went to Bethlehem with empty hands, and that which I saw you return with—you did not give me enough bread, and you did not buy meat, and you did not let me return happy. But these people here hate me because of you, they say that this food is not good.",output_johnayernor,,26.996531959026353,3.870722714038082,3.0867792661619107
Look at the birds in the sky! They don't plant or harvest. They don't even store grain in barns. Yet your Father in heaven takes care of them. Aren't you worth much more than birds?,"K'a dɩga bɛnnɔ ma: ŋ bɩr hɔ duure y, bɩ ŋ bɩr hɔ darɛ y, ŋ bɩr hɔ zarm sɩ ʊ y, b'awɔɔ Zɩ k'a nɩ arzana ʊ bɩ yɩ ŋ tʊrm! Awɔɔ n lɛ da ŋ nɩ gallɛm hɔka ra?","What do the people say? I don’t go far there, nor near there, nor to the market with them there. But only God knows what I hear from them, and their cries make me weep! Who will tell my trouble why I cry?",output_johnayernor,,20.05759216227413,3.870722714038082,3.0867792661619107
"Some Pharisees and teachers of the Law of Moses said, “Teacher, we want you to show us a sign from heaven.”","Naa kur bɩ, wosocikarɩnsaambɔɔ kan farizɛɛnrɔ kɩ a sɩŋŋɩda ba, ŋn'a hɩ Yeezuu m, ŋ ʊ: «Karɩnsaamba, wɔɔ lɛ taa k'ɩ hoser ba k'ʊ a yɩ.»","O Lord, speak to those who fast in the prayer assembly that they have performed; but Jesus heard me, and he said: ""O Supplicants, you should come to the house that is there.""",output_johnayernor,,22.230452233070768,3.870722714038082,3.0867792661619107
Servants are fortunate if their master comes and finds them doing their job.,"Zibəənyɩ bɩ do nyɩntam mimbirenyɩntazaa, k'a lɛɛzaa b'a wusigə an bʊr har ʊ, an b'a ku an nɩ zibəə k'a ka ʊ bɩ barɛ.","Children and those building houses, then the people and we come from the market, and those from our children take us and protect.",output_johnayernor,,22.43983686387969,3.870722714038082,3.0867792661619107
"Others said, “Wait! Let's see if Elijah will come and save him.”","Bɩ, a muno wɔɔ y'a hɩrɛ, ŋ ʊ: «Jɩm cɩna, k'ʊ dɩga a Elii zɛm b'a bʊmbɔ gɛ?»","Bili, someone came here to your house and said, ""Jim, what do you know about Elii's village?""",output_johnayernor,,24.612564756638,3.870722714038082,3.0867792661619107
"When Herod found out that the wise men from the east had tricked him, he was very angry. He gave orders for his men to kill all the boys who lived in or near Bethlehem and were two years old and younger. This was based on what he had learned from the wise men.","Hɩrɔɔdɩ k'a b'a dɔ a ʊ, hɔdonno wɔɔ a yamba a m bɩ, a wuti nɔmaa gandaara m. A n gʊɔɔ nyɔɔ Betelehɛm ʊ kan kʊrɔ vantɔɔ k'a a so ŋ ʊ rɔ wɔɔ kɩ ʊ, kʊ ŋ n'aa nyɩnɔ poorero yaarɔ kʊ ŋ dɔɔraa hɩɩya gɛɛ ŋ n a ku rɔ wɔɔ zɩnzɛ. Amba hɔdonno wɔɔ a hɩ m, nyɩnta k'a ʊ, an laaka da k'a nyɩ bɩ yɩrɛ dɔmɩm dɔ bɩ ma.","Listen to what we say to you, the message that we bring to you, we truly declare before you. We went to Bethlehem and found the manger where the child was laid, and he was wrapped in swaddling clothes and laid in a manger, and he slept. Also this message we tell you: truly to you, we have come to bring the good news that saves.",Dec 11 output,,30.19581629704836,3.870722714038082,3.0867792661619107
Look at the birds in the sky! They don't plant or harvest. They don't even store grain in barns. Yet your Father in heaven takes care of them. Aren't you worth much more than birds?,"K'a dɩga bɛnnɔ ma: ŋ bɩr hɔ duure y, bɩ ŋ bɩr hɔ darɛ y, ŋ bɩr hɔ zarm sɩ ʊ y, b'awɔɔ Zɩ k'a nɩ arzana ʊ bɩ yɩ ŋ tʊrm! Awɔɔ n lɛ da ŋ nɩ gallɛm hɔka ra?","What do the people say now? I cannot lie, I cannot steal, I cannot deceive anyone! But only God knows what I fear from them! Are you asking me if I have many wrongdoings?",Dec 11 output,,16.938159690231622,3.870722714038082,3.0867792661619107
"Some Pharisees and teachers of the Law of Moses said, “Teacher, we want you to show us a sign from heaven.”","Naa kur bɩ, wosocikarɩnsaambɔɔ kan farizɛɛnrɔ kɩ a sɩŋŋɩda ba, ŋn'a hɩ Yeezuu m, ŋ ʊ: «Karɩnsaamba, wɔɔ lɛ taa k'ɩ hoser ba k'ʊ a yɩ.»","O my lord, those who worship together on that fasting day, I said to my Jesus: ""O worshipers, you shall not fast on that day but you shall do it.""",Dec 11 output,,19.45874284209264,3.870722714038082,3.0867792661619107
Servants are fortunate if their master comes and finds them doing their job.,"Zibəənyɩ bɩ do nyɩntam mimbirenyɩntazaa, k'a lɛɛzaa b'a wusigə an bʊr har ʊ, an b'a ku an nɩ zibəə k'a ka ʊ bɩ barɛ.","The children and their nurturing mothers go together to the market to buy with money, and they take their children to obtain money to sustain them.",Dec 11 output,,23.373169961353508,3.870722714038082,3.0867792661619107
"Others said, “Wait! Let's see if Elijah will come and save him.”","Bɩ, a muno wɔɔ y'a hɩrɛ, ŋ ʊ: «Jɩm cɩna, k'ʊ dɩga a Elii zɛm b'a bʊmbɔ gɛ?»","Bì said, ""Come listen,"" and then he asked Jìm, ""Do you know which village Elii is from?""",Dec 11 output,,20.177901936955113,3.870722714038082,3.0867792661619107
"When Herod found out that the wise men from the east had tricked him, he was very angry. He gave orders for his men to kill all the boys who lived in or near Bethlehem and were two years old and younger. This was based on what he had learned from the wise men.","Hɩrɔɔdɩ k'a b'a dɔ a ʊ, hɔdonno wɔɔ a yamba a m bɩ, a wuti nɔmaa gandaara m. A n gʊɔɔ nyɔɔ Betelehɛm ʊ kan kʊrɔ vantɔɔ k'a a so ŋ ʊ rɔ wɔɔ kɩ ʊ, kʊ ŋ n'aa nyɩnɔ poorero yaarɔ kʊ ŋ dɔɔraa hɩɩya gɛɛ ŋ n a ku rɔ wɔɔ zɩnzɛ. Amba hɔdonno wɔɔ a hɩ m, nyɩnta k'a ʊ, an laaka da k'a nyɩ bɩ yɩrɛ dɔmɩm dɔ bɩ ma.","Hiruddi, what you said to me, and you do not bring to me, give me food to sustain myself. Now I am going to Bethlehem; you and I will build a house as we planned to do together with you, and I will see the answer to prayer that I receive full joy to do good for you. But what you do that I hear, truly you—we wait for what has not yet reached me until it does.",gerhardt_0445F08A_output_T9n53N,,26.869770785544176,3.870722714038082,3.0867792661619107
Look at the birds in the sky! They don't plant or harvest. They don't even store grain in barns. Yet your Father in heaven takes care of them. Aren't you worth much more than birds?,"K'a dɩga bɛnnɔ ma: ŋ bɩr hɔ duure y, bɩ ŋ bɩr hɔ darɛ y, ŋ bɩr hɔ zarm sɩ ʊ y, b'awɔɔ Zɩ k'a nɩ arzana ʊ bɩ yɩ ŋ tʊrm! Awɔɔ n lɛ da ŋ nɩ gallɛm hɔka ra?","O people, listen now: I say that hunger comes always, and I say that sickness comes always, and I say that troubles in life come always! But O God, our helper in life, truly I pray! What do you say about my words—are they true?",gerhardt_0445F08A_output_T9n53N,,19.188343502560638,3.870722714038082,3.0867792661619107
"Some Pharisees and teachers of the Law of Moses said, “Teacher, we want you to show us a sign from heaven.”","Naa kur bɩ, wosocikarɩnsaambɔɔ kan farizɛɛnrɔ kɩ a sɩŋŋɩda ba, ŋn'a hɩ Yeezuu m, ŋ ʊ: «Karɩnsaamba, wɔɔ lɛ taa k'ɩ hoser ba k'ʊ a yɩ.»","O my servant, may those who pray together with true faith listen to you. I say to you, O Jesus: “O prayer community, you should come to your dwelling and may you come to me.”",gerhardt_0445F08A_output_T9n53N,,19.5488556490063,3.870722714038082,3.0867792661619107
Servants are fortunate if their master comes and finds them doing their job.,"Zibəənyɩ bɩ do nyɩntam mimbirenyɩntazaa, k'a lɛɛzaa b'a wusigə an bʊr har ʊ, an b'a ku an nɩ zibəə k'a ka ʊ bɩ barɛ.","Children and they are in their house preparing food together, but they never mention their work, the fields, and them; they come to see our children, not them.",gerhardt_0445F08A_output_T9n53N,,24.946849564618347,3.870722714038082,3.0867792661619107
"Others said, “Wait! Let's see if Elijah will come and save him.”","Bɩ, a muno wɔɔ y'a hɩrɛ, ŋ ʊ: «Jɩm cɩna, k'ʊ dɩga a Elii zɛm b'a bʊmbɔ gɛ?»","Bì, he came here to your house, and said: “Jìm, do you know where Elii went from the market?”",gerhardt_0445F08A_output_T9n53N,,18.819176385112417,3.870722714038082,3.0867792661619107
"When Herod found out that the wise men from the east had tricked him, he was very angry. He gave orders for his men to kill all the boys who lived in or near Bethlehem and were two years old and younger. This was based on what he had learned from the wise men.","Hɩrɔɔdɩ k'a b'a dɔ a ʊ, hɔdonno wɔɔ a yamba a m bɩ, a wuti nɔmaa gandaara m. A n gʊɔɔ nyɔɔ Betelehɛm ʊ kan kʊrɔ vantɔɔ k'a a so ŋ ʊ rɔ wɔɔ kɩ ʊ, kʊ ŋ n'aa nyɩnɔ poorero yaarɔ kʊ ŋ dɔɔraa hɩɩya gɛɛ ŋ n a ku rɔ wɔɔ zɩnzɛ. Amba hɔdonno wɔɔ a hɩ m, nyɩnta k'a ʊ, an laaka da k'a nyɩ bɩ yɩrɛ dɔmɩm dɔ bɩ ma.","Hiruddi, that which you said to me, these people here do to me, and tell mother to take care of me. And now I go to Bethlehem with my family so that they may see me, and they will give me little bread daily, and they will provide me with clothes and not let me see suffering. But these people here hate me because you spoke evil to me, and they do evil to me.",gerhardt_60BC0D18_output (8),,25.617282234366893,3.870722714038082,3.0867792661619107
Look at the birds in the sky! They don't plant or harvest. They don't even store grain in barns. Yet your Father in heaven takes care of them. Aren't you worth much more than birds?,"K'a dɩga bɛnnɔ ma: ŋ bɩr hɔ duure y, bɩ ŋ bɩr hɔ darɛ y, ŋ bɩr hɔ zarm sɩ ʊ y, b'awɔɔ Zɩ k'a nɩ arzana ʊ bɩ yɩ ŋ tʊrm! Awɔɔ n lɛ da ŋ nɩ gallɛm hɔka ra?","What do people say? I want to die, and I want to live, I want this pain; because God does this and that to me, I suffer! Why do people talk about my words?",gerhardt_60BC0D18_output (8),,16.599397718457556,3.870722714038082,3.0867792661619107
"Some Pharisees and teachers of the Law of Moses said, “Teacher, we want you to show us a sign from heaven.”","Naa kur bɩ, wosocikarɩnsaambɔɔ kan farizɛɛnrɔ kɩ a sɩŋŋɩda ba, ŋn'a hɩ Yeezuu m, ŋ ʊ: «Karɩnsaamba, wɔɔ lɛ taa k'ɩ hoser ba k'ʊ a yɩ.»","Now, Father says, and the fasting they perform in the church always, but Jesus hears me—he said: ""Church, you must come and pray always so that it may be done.""",gerhardt_60BC0D18_output (8),,22.04628450996929,3.870722714038082,3.0867792661619107
Servants are fortunate if their master comes and finds them doing their job.,"Zibəənyɩ bɩ do nyɩntam mimbirenyɩntazaa, k'a lɛɛzaa b'a wusigə an bʊr har ʊ, an b'a ku an nɩ zibəə k'a ka ʊ bɩ barɛ.","Children and those who build their houses never say that people's work is not here, and because they have children, they take this and live.",gerhardt_60BC0D18_output (8),,19.8648582124548,3.870722714038082,3.0867792661619107
"Others said, “Wait! Let's see if Elijah will come and save him.”","Bɩ, a muno wɔɔ y'a hɩrɛ, ŋ ʊ: «Jɩm cɩna, k'ʊ dɩga a Elii zɛm b'a bʊmbɔ gɛ?»","Bí, as he came to me with a greeting, he said: ""James, what is the road to Elii's house where the people live?""",gerhardt_60BC0D18_output (8),,19.268769096219938,3.870722714038082,3.0867792661619107
"When Herod found out that the wise men from the east had tricked him, he was very angry. He gave orders for his men to kill all the boys who lived in or near Bethlehem and were two years old and younger. This was based on what he had learned from the wise men.","Hɩrɔɔdɩ k'a b'a dɔ a ʊ, hɔdonno wɔɔ a yamba a m bɩ, a wuti nɔmaa gandaara m. A n gʊɔɔ nyɔɔ Betelehɛm ʊ kan kʊrɔ vantɔɔ k'a a so ŋ ʊ rɔ wɔɔ kɩ ʊ, kʊ ŋ n'aa nyɩnɔ poorero yaarɔ kʊ ŋ dɔɔraa hɩɩya gɛɛ ŋ n a ku rɔ wɔɔ zɩnzɛ. Amba hɔdonno wɔɔ a hɩ m, nyɩnta k'a ʊ, an laaka da k'a nyɩ bɩ yɩrɛ dɔmɩm dɔ bɩ ma.","Hiruddi, that you said to me, and now the matter I heard from you—I think perhaps they are lying to me. I went to the town of Bethlehem, and there I saw a vision that clearly showed me that the poor people are suffering greatly, and I saw this clearly indeed. But the matter you told me, now that you have said it, I will check whether it is true from you.",onesimus_BAB3F503_Dec 10 output,,28.856505580835467,3.870722714038082,3.0867792661619107
Look at the birds in the sky! They don't plant or harvest. They don't even store grain in barns. Yet your Father in heaven takes care of them. Aren't you worth much more than birds?,"K'a dɩga bɛnnɔ ma: ŋ bɩr hɔ duure y, bɩ ŋ bɩr hɔ darɛ y, ŋ bɩr hɔ zarm sɩ ʊ y, b'awɔɔ Zɩ k'a nɩ arzana ʊ bɩ yɩ ŋ tʊrm! Awɔɔ n lɛ da ŋ nɩ gallɛm hɔka ra?","What are the people saying now? I never go far, nor do I go near; I never go to the gathering with them. But these people, my promise to them I won’t break! What do these people ask me, why don’t I understand?",onesimus_BAB3F503_Dec 10 output,,23.399743684625417,3.870722714038082,3.0867792661619107
"Some Pharisees and teachers of the Law of Moses said, “Teacher, we want you to show us a sign from heaven.”","Naa kur bɩ, wosocikarɩnsaambɔɔ kan farizɛɛnrɔ kɩ a sɩŋŋɩda ba, ŋn'a hɩ Yeezuu m, ŋ ʊ: «Karɩnsaamba, wɔɔ lɛ taa k'ɩ hoser ba k'ʊ a yɩ.»","My servant, those who worship kings and those who constantly pray do not hear; but I call on Jesus, and I say: ""Lord, only you hear my prayer and do not reject it.""",onesimus_BAB3F503_Dec 10 output,,20.421186267998376,3.870722714038082,3.0867792661619107
Servants are fortunate if their master comes and finds them doing their job.,"Zibəənyɩ bɩ do nyɩntam mimbirenyɩntazaa, k'a lɛɛzaa b'a wusigə an bʊr har ʊ, an b'a ku an nɩ zibəə k'a ka ʊ bɩ barɛ.","The people and the chief, those who speak continuously, listen to our words and your messages, and they tell us that their people live with you.",onesimus_BAB3F503_Dec 10 output,,21.741019346617374,3.870722714038082,3.0867792661619107
"Others said, “Wait! Let's see if Elijah will come and save him.”","Bɩ, a muno wɔɔ y'a hɩrɛ, ŋ ʊ: «Jɩm cɩna, k'ʊ dɩga a Elii zɛm b'a bʊmbɔ gɛ?»","Bili, he came here to your house, and said: ""Jimi, do you know where Eli's market is?""",onesimus_BAB3F503_Dec 10 output,,20.038224541327168,3.870722714038082,3.0867792661619107
"When Herod found out that the wise men from the east had tricked him, he was very angry. He gave orders for his men to kill all the boys who lived in or near Bethlehem and were two years old and younger. This was based on what he had learned from the wise men.","Hɩrɔɔdɩ k'a b'a dɔ a ʊ, hɔdonno wɔɔ a yamba a m bɩ, a wuti nɔmaa gandaara m. A n gʊɔɔ nyɔɔ Betelehɛm ʊ kan kʊrɔ vantɔɔ k'a a so ŋ ʊ rɔ wɔɔ kɩ ʊ, kʊ ŋ n'aa nyɩnɔ poorero yaarɔ kʊ ŋ dɔɔraa hɩɩya gɛɛ ŋ n a ku rɔ wɔɔ zɩnzɛ. Amba hɔdonno wɔɔ a hɩ m, nyɩnta k'a ʊ, an laaka da k'a nyɩ bɩ yɩrɛ dɔmɩm dɔ bɩ ma.","Hiruddi, what you said to me now, the matter you mentioned to me—you told my mother to take care of me. I went to Bethlehem, and then I saw the house you said they live in now; they have little children crying, and they built a big house where they will live forever. But the thing you did for me, what you said now, I will never forget that you truly loved me.",onesimus_AE3F5661_Dec 08 output,,27.999923558642465,3.870722714038082,3.0867792661619107
Look at the birds in the sky! They don't plant or harvest. They don't even store grain in barns. Yet your Father in heaven takes care of them. Aren't you worth much more than birds?,"K'a dɩga bɛnnɔ ma: ŋ bɩr hɔ duure y, bɩ ŋ bɩr hɔ darɛ y, ŋ bɩr hɔ zarm sɩ ʊ y, b'awɔɔ Zɩ k'a nɩ arzana ʊ bɩ yɩ ŋ tʊrm! Awɔɔ n lɛ da ŋ nɩ gallɛm hɔka ra?","What big matter is this now? I tell lies, and I tell the truth, I tell of my good deeds—because people Zī know that I do good things! Why do people ask me what I say?",onesimus_AE3F5661_Dec 08 output,,15.564164669385391,3.870722714038082,3.0867792661619107
"Some Pharisees and teachers of the Law of Moses said, “Teacher, we want you to show us a sign from heaven.”","Naa kur bɩ, wosocikarɩnsaambɔɔ kan farizɛɛnrɔ kɩ a sɩŋŋɩda ba, ŋn'a hɩ Yeezuu m, ŋ ʊ: «Karɩnsaamba, wɔɔ lɛ taa k'ɩ hoser ba k'ʊ a yɩ.»","O my Lord, those who pray and fast, may they hear me. I say to you, O Jesus mine: “O Prayer, you should come to your help, may you deliver from the enemy.”",onesimus_AE3F5661_Dec 08 output,,20.80940345409215,3.870722714038082,3.0867792661619107
Servants are fortunate if their master comes and finds them doing their job.,"Zibəənyɩ bɩ do nyɩntam mimbirenyɩntazaa, k'a lɛɛzaa b'a wusigə an bʊr har ʊ, an b'a ku an nɩ zibəə k'a ka ʊ bɩ barɛ.","The small children and we take care of their house, but we don't go to the market by the path with them; and we come to their children, take them, and stay.",onesimus_AE3F5661_Dec 08 output,,25.2310480420344,3.870722714038082,3.0867792661619107
"Others said, “Wait! Let's see if Elijah will come and save him.”","Bɩ, a muno wɔɔ y'a hɩrɛ, ŋ ʊ: «Jɩm cɩna, k'ʊ dɩga a Elii zɛm b'a bʊmbɔ gɛ?»","Bì, he came here to your house, and said: ""Jim, what is the matter with Eli that came from the village?""",onesimus_AE3F5661_Dec 08 output,,21.65226132209794,3.870722714038082,3.0867792661619107
"When Herod found out that the wise men from the east had tricked him, he was very angry. He gave orders for his men to kill all the boys who lived in or near Bethlehem and were two years old and younger. This was based on what he had learned from the wise men.","Hɩrɔɔdɩ k'a b'a dɔ a ʊ, hɔdonno wɔɔ a yamba a m bɩ, a wuti nɔmaa gandaara m. A n gʊɔɔ nyɔɔ Betelehɛm ʊ kan kʊrɔ vantɔɔ k'a a so ŋ ʊ rɔ wɔɔ kɩ ʊ, kʊ ŋ n'aa nyɩnɔ poorero yaarɔ kʊ ŋ dɔɔraa hɩɩya gɛɛ ŋ n a ku rɔ wɔɔ zɩnzɛ. Amba hɔdonno wɔɔ a hɩ m, nyɩnta k'a ʊ, an laaka da k'a nyɩ bɩ yɩrɛ dɔmɩm dɔ bɩ ma.","Hallelujah, and our words to you: Lord who exists and works for us, you have given grace abundantly to us. He was born in Bethlehem and with the flock in the cave, and we praise you forever truly. And you who have delivered the poor from affliction, and you who heal the sick, you who forever faithfully—therefore, Lord who is with me, because of you, we will praise and exalt your name above all things.",onesimus_A84A9EF3_Dec 04 output,,30.20281516920927,3.870722714038082,3.0867792661619107
Look at the birds in the sky! They don't plant or harvest. They don't even store grain in barns. Yet your Father in heaven takes care of them. Aren't you worth much more than birds?,"K'a dɩga bɛnnɔ ma: ŋ bɩr hɔ duure y, bɩ ŋ bɩr hɔ darɛ y, ŋ bɩr hɔ zarm sɩ ʊ y, b'awɔɔ Zɩ k'a nɩ arzana ʊ bɩ yɩ ŋ tʊrm! Awɔɔ n lɛ da ŋ nɩ gallɛm hɔka ra?","Listen, what’s this big talk? I say it’s a lie, and I say it’s the truth; I tell you my good deed is indeed so—because people say that my prayer and what I say, I fear! Why are you people listening to my words?",onesimus_A84A9EF3_Dec 04 output,,18.483573175098662,3.870722714038082,3.0867792661619107
"Some Pharisees and teachers of the Law of Moses said, “Teacher, we want you to show us a sign from heaven.”","Naa kur bɩ, wosocikarɩnsaambɔɔ kan farizɛɛnrɔ kɩ a sɩŋŋɩda ba, ŋn'a hɩ Yeezuu m, ŋ ʊ: «Karɩnsaamba, wɔɔ lɛ taa k'ɩ hoser ba k'ʊ a yɩ.»","My lord the servant, those who worship the chief ruler, their prayers are not being heard now – I said to my Jesus: ""Chief Ruler, let them come that they may hear now or they reject.""",onesimus_A84A9EF3_Dec 04 output,,21.274226289488468,3.870722714038082,3.0867792661619107
Servants are fortunate if their master comes and finds them doing their job.,"Zibəənyɩ bɩ do nyɩntam mimbirenyɩntazaa, k'a lɛɛzaa b'a wusigə an bʊr har ʊ, an b'a ku an nɩ zibəə k'a ka ʊ bɩ barɛ.","People say that work is done together; but the lazy who do not work, their wealth comes from that, and those who work hard, their wealth is little.",onesimus_A84A9EF3_Dec 04 output,,22.172799663012434,3.870722714038082,3.0867792661619107
"Others said, “Wait! Let's see if Elijah will come and save him.”","Bɩ, a muno wɔɔ y'a hɩrɛ, ŋ ʊ: «Jɩm cɩna, k'ʊ dɩga a Elii zɛm b'a bʊmbɔ gɛ?»","Bì, he said, come listen; then he asked James: “Which road do Eli’s people take?”",onesimus_A84A9EF3_Dec 04 output,,20.544150355687048,3.870722714038082,3.0867792661619107
"When Herod found out that the wise men from the east had tricked him, he was very angry. He gave orders for his men to kill all the boys who lived in or near Bethlehem and were two years old and younger. This was based on what he had learned from the wise men.","Hɩrɔɔdɩ k'a b'a dɔ a ʊ, hɔdonno wɔɔ a yamba a m bɩ, a wuti nɔmaa gandaara m. A n gʊɔɔ nyɔɔ Betelehɛm ʊ kan kʊrɔ vantɔɔ k'a a so ŋ ʊ rɔ wɔɔ kɩ ʊ, kʊ ŋ n'aa nyɩnɔ poorero yaarɔ kʊ ŋ dɔɔraa hɩɩya gɛɛ ŋ n a ku rɔ wɔɔ zɩnzɛ. Amba hɔdonno wɔɔ a hɩ m, nyɩnta k'a ʊ, an laaka da k'a nyɩ bɩ yɩrɛ dɔmɩm dɔ bɩ ma.","Hiruddi, that which you said to me and what you did to me, tell mother to take care of me. I and you go to Bethlehem, you there in the empty house that we see you live with you, and I will pray every day that I may return with joy and not live apart from you. But as for what you did to me, even though that you [did it",gerhardt_34E1778F_output (7),,26.252756678558743,3.870722714038082,3.0867792661619107
Look at the birds in the sky! They don't plant or harvest. They don't even store grain in barns. Yet your Father in heaven takes care of them. Aren't you worth much more than birds?,"K'a dɩga bɛnnɔ ma: ŋ bɩr hɔ duure y, bɩ ŋ bɩr hɔ darɛ y, ŋ bɩr hɔ zarm sɩ ʊ y, b'awɔɔ Zɩ k'a nɩ arzana ʊ bɩ yɩ ŋ tʊrm! Awɔɔ n lɛ da ŋ nɩ gallɛm hɔka ra?","What important thing are you saying then? I don’t go far, I don’t go near, I don’t go to the market with people there! But only those who know me, those people don’t even fear me. When they ask me, how do I say my name?",gerhardt_34E1778F_output (7),,21.73556550810945,3.870722714038082,3.0867792661619107
"Some Pharisees and teachers of the Law of Moses said, “Teacher, we want you to show us a sign from heaven.”","Naa kur bɩ, wosocikarɩnsaambɔɔ kan farizɛɛnrɔ kɩ a sɩŋŋɩda ba, ŋn'a hɩ Yeezuu m, ŋ ʊ: «Karɩnsaamba, wɔɔ lɛ taa k'ɩ hoser ba k'ʊ a yɩ.»","My Lord, those who are in the prayer assembly and bestow grace, may they hear them. I cry out to Jesus, my Lord; I say: ""O prayer assembly, may you come to your house and let them see you.""",gerhardt_34E1778F_output (7),,19.63077990723105,3.870722714038082,3.0867792661619107
Servants are fortunate if their master comes and finds them doing their job.,"Zibəənyɩ bɩ do nyɩntam mimbirenyɩntazaa, k'a lɛɛzaa b'a wusigə an bʊr har ʊ, an b'a ku an nɩ zibəə k'a ka ʊ bɩ barɛ.","Children and they prepare food in their house every day, but they do not eat because they take food from the market; only their children that they live with.",gerhardt_34E1778F_output (7),,23.623036195986327,3.870722714038082,3.0867792661619107
"Others said, “Wait! Let's see if Elijah will come and save him.”","Bɩ, a muno wɔɔ y'a hɩrɛ, ŋ ʊ: «Jɩm cɩna, k'ʊ dɩga a Elii zɛm b'a bʊmbɔ gɛ?»","Bili, he came here to your house, and said: ""Jìm, where do you do this for Elii with the people here?""",gerhardt_34E1778F_output (7),,20.08087071492856,3.870722714038082,3.0867792661619107
"When Herod found out that the wise men from the east had tricked him, he was very angry. He gave orders for his men to kill all the boys who lived in or near Bethlehem and were two years old and younger. This was based on what he had learned from the wise men.","Hɩrɔɔdɩ k'a b'a dɔ a ʊ, hɔdonno wɔɔ a yamba a m bɩ, a wuti nɔmaa gandaara m. A n gʊɔɔ nyɔɔ Betelehɛm ʊ kan kʊrɔ vantɔɔ k'a a so ŋ ʊ rɔ wɔɔ kɩ ʊ, kʊ ŋ n'aa nyɩnɔ poorero yaarɔ kʊ ŋ dɔɔraa hɩɩya gɛɛ ŋ n a ku rɔ wɔɔ zɩnzɛ. Amba hɔdonno wɔɔ a hɩ m, nyɩnta k'a ʊ, an laaka da k'a nyɩ bɩ yɩrɛ dɔmɩm dɔ bɩ ma.","Hiruddi, what you said to me, the matter you did to me—you told mother to take care of me. I went to Bethlehem; you and I saw the empty house that we went there, and you... And we prayed to God for it, and we returned happy, and we did not go there again. But the matter you did to me, what you said—I will not forget what you did forever.",output_JA-5,,28.609017856179552,3.870722714038082,3.0867792661619107
Look at the birds in the sky! They don't plant or harvest. They don't even store grain in barns. Yet your Father in heaven takes care of them. Aren't you worth much more than birds?,"K'a dɩga bɛnnɔ ma: ŋ bɩr hɔ duure y, bɩ ŋ bɩr hɔ darɛ y, ŋ bɩr hɔ zarm sɩ ʊ y, b'awɔɔ Zɩ k'a nɩ arzana ʊ bɩ yɩ ŋ tʊrm! Awɔɔ n lɛ da ŋ nɩ gallɛm hɔka ra?","What’s this matter, you? I tell you the truth, not a lie; I tell you only my word! Because it’s the people of God—this my promise, not that I fear! What do you ask of my words?",output_JA-5,,17.10667948191163,3.870722714038082,3.0867792661619107
"Some Pharisees and teachers of the Law of Moses said, “Teacher, we want you to show us a sign from heaven.”","Naa kur bɩ, wosocikarɩnsaambɔɔ kan farizɛɛnrɔ kɩ a sɩŋŋɩda ba, ŋn'a hɩ Yeezuu m, ŋ ʊ: «Karɩnsaamba, wɔɔ lɛ taa k'ɩ hoser ba k'ʊ a yɩ.»","My servant, O Lord, those who pray together with the people of Fari never hear that, but Jesus said to me: “O prayer community, you must not go to that house or they will see you.”",output_JA-5,,22.268967569012172,3.870722714038082,3.0867792661619107
Servants are fortunate if their master comes and finds them doing their job.,"Zibəənyɩ bɩ do nyɩntam mimbirenyɩntazaa, k'a lɛɛzaa b'a wusigə an bʊr har ʊ, an b'a ku an nɩ zibəə k'a ka ʊ bɩ barɛ.","The household members are gathering, and they say to go to the market via their path, and they will take their things from the house to return there and stay.",output_JA-5,,25.37138575559562,3.870722714038082,3.0867792661619107
"Others said, “Wait! Let's see if Elijah will come and save him.”","Bɩ, a muno wɔɔ y'a hɩrɛ, ŋ ʊ: «Jɩm cɩna, k'ʊ dɩga a Elii zɛm b'a bʊmbɔ gɛ?»","Bili, he came here to your house and said: ""Jim, what do you know about Elii's story?""",output_JA-5,,22.5026473288727,3.870722714038082,3.0867792661619107
"When Herod found out that the wise men from the east had tricked him, he was very angry. He gave orders for his men to kill all the boys who lived in or near Bethlehem and were two years old and younger. This was based on what he had learned from the wise men.","Hɩrɔɔdɩ k'a b'a dɔ a ʊ, hɔdonno wɔɔ a yamba a m bɩ, a wuti nɔmaa gandaara m. A n gʊɔɔ nyɔɔ Betelehɛm ʊ kan kʊrɔ vantɔɔ k'a a so ŋ ʊ rɔ wɔɔ kɩ ʊ, kʊ ŋ n'aa nyɩnɔ poorero yaarɔ kʊ ŋ dɔɔraa hɩɩya gɛɛ ŋ n a ku rɔ wɔɔ zɩnzɛ. Amba hɔdonno wɔɔ a hɩ m, nyɩnta k'a ʊ, an laaka da k'a nyɩ bɩ yɩrɛ dɔmɩm dɔ bɩ ma.","Hirondelle, what you said to me I heard; the matter you started is heavy for me, you made my heart tremble. I went to Bethlehem hoping to find what I was looking for there, but I found no peace there so that I might stay there with joy. Now the matter you brought to me, your words, I will consider it well and think carefully.",john_86344B85_output (7),,27.97330073452476,3.870722714038082,3.0867792661619107
Look at the birds in the sky! They don't plant or harvest. They don't even store grain in barns. Yet your Father in heaven takes care of them. Aren't you worth much more than birds?,"K'a dɩga bɛnnɔ ma: ŋ bɩr hɔ duure y, bɩ ŋ bɩr hɔ darɛ y, ŋ bɩr hɔ zarm sɩ ʊ y, b'awɔɔ Zɩ k'a nɩ arzana ʊ bɩ yɩ ŋ tʊrm! Awɔɔ n lɛ da ŋ nɩ gallɛm hɔka ra?","It's a big problem! I can't go far there, and I can't go near there, I can't even go on the small path there—because what they do to me makes me even cry! Why do you say things I don't hear?",john_86344B85_output (7),,26.351628223209193,3.870722714038082,3.0867792661619107
"Some Pharisees and teachers of the Law of Moses said, “Teacher, we want you to show us a sign from heaven.”","Naa kur bɩ, wosocikarɩnsaambɔɔ kan farizɛɛnrɔ kɩ a sɩŋŋɩda ba, ŋn'a hɩ Yeezuu m, ŋ ʊ: «Karɩnsaamba, wɔɔ lɛ taa k'ɩ hoser ba k'ʊ a yɩ.»","O people, listen to me, those who assemble in worship with false faith as they proclaim today—I say to my Jesus: “Worshipers, cease from falsehood now; do not teach lies.”",john_86344B85_output (7),,21.715299713057515,3.870722714038082,3.0867792661619107
Servants are fortunate if their master comes and finds them doing their job.,"Zibəənyɩ bɩ do nyɩntam mimbirenyɩntazaa, k'a lɛɛzaa b'a wusigə an bʊr har ʊ, an b'a ku an nɩ zibəə k'a ka ʊ bɩ barɛ.","Children and those who build houses then come together from the market along the path, taking their children and food with them.",john_86344B85_output (7),,27.93260750654539,3.870722714038082,3.0867792661619107
"Others said, “Wait! Let's see if Elijah will come and save him.”","Bɩ, a muno wɔɔ y'a hɩrɛ, ŋ ʊ: «Jɩm cɩna, k'ʊ dɩga a Elii zɛm b'a bʊmbɔ gɛ?»","Bì, he came here to your house, and said: ""Jìm, where is the path the people take to Eli?""",john_86344B85_output (7),,19.02056056573511,3.870722714038082,3.0867792661619107
"When Herod found out that the wise men from the east had tricked him, he was very angry. He gave orders for his men to kill all the boys who lived in or near Bethlehem and were two years old and younger. This was based on what he had learned from the wise men.","Hɩrɔɔdɩ k'a b'a dɔ a ʊ, hɔdonno wɔɔ a yamba a m bɩ, a wuti nɔmaa gandaara m. A n gʊɔɔ nyɔɔ Betelehɛm ʊ kan kʊrɔ vantɔɔ k'a a so ŋ ʊ rɔ wɔɔ kɩ ʊ, kʊ ŋ n'aa nyɩnɔ poorero yaarɔ kʊ ŋ dɔɔraa hɩɩya gɛɛ ŋ n a ku rɔ wɔɔ zɩnzɛ. Amba hɔdonno wɔɔ a hɩ m, nyɩnta k'a ʊ, an laaka da k'a nyɩ bɩ yɩrɛ dɔmɩm dɔ bɩ ma.","Hiruddi, what you said to me, and now what you have done to bring me here, tell mother to watch over me. I went to Bethlehem and to the house/village, and you said I would find nothing there, but I did not get enough sustenance, and I cannot return in peace because I cannot find calm. So whatever you have done to me, now send back what I need to my home.",Dec 05 output,,26.905144790074498,3.870722714038082,3.0867792661619107
Look at the birds in the sky! They don't plant or harvest. They don't even store grain in barns. Yet your Father in heaven takes care of them. Aren't you worth much more than birds?,"K'a dɩga bɛnnɔ ma: ŋ bɩr hɔ duure y, bɩ ŋ bɩr hɔ darɛ y, ŋ bɩr hɔ zarm sɩ ʊ y, b'awɔɔ Zɩ k'a nɩ arzana ʊ bɩ yɩ ŋ tʊrm! Awɔɔ n lɛ da ŋ nɩ gallɛm hɔka ra?","O people, listen: I don’t want to lie, I don’t want to steal, I don’t want to harm others; but those who take my words and don’t keep them, I swear! What do you say about my account, is that true?",Dec 05 output,,18.99388598611163,3.870722714038082,3.0867792661619107
"Some Pharisees and teachers of the Law of Moses said, “Teacher, we want you to show us a sign from heaven.”","Naa kur bɩ, wosocikarɩnsaambɔɔ kan farizɛɛnrɔ kɩ a sɩŋŋɩda ba, ŋn'a hɩ Yeezuu m, ŋ ʊ: «Karɩnsaamba, wɔɔ lɛ taa k'ɩ hoser ba k'ʊ a yɩ.»","O my servant, those who pray together in full faith that they will not listen, I say to my Jesus, I say: Prayer, you must come that it is not heard, but they do.",Dec 05 output,,21.105386188188838,3.870722714038082,3.0867792661619107
Servants are fortunate if their master comes and finds them doing their job.,"Zibəənyɩ bɩ do nyɩntam mimbirenyɩntazaa, k'a lɛɛzaa b'a wusigə an bʊr har ʊ, an b'a ku an nɩ zibəə k'a ka ʊ bɩ barɛ.","They and the children cook food daily in their house, but they do not work, and their mouths speak to them, and take their children but only see them.",Dec 05 output,,22.948628520750304,3.870722714038082,3.0867792661619107
"Others said, “Wait! Let's see if Elijah will come and save him.”","Bɩ, a muno wɔɔ y'a hɩrɛ, ŋ ʊ: «Jɩm cɩna, k'ʊ dɩga a Elii zɛm b'a bʊmbɔ gɛ?»","Hey, the people here in this place, he said: ""Jim, what do you know about Elii's house?""",Dec 05 output,,17.74920753832298,3.870722714038082,3.0867792661619107
"When Herod found out that the wise men from the east had tricked him, he was very angry. He gave orders for his men to kill all the boys who lived in or near Bethlehem and were two years old and younger. This was based on what he had learned from the wise men.","Hɩrɔɔdɩ k'a b'a dɔ a ʊ, hɔdonno wɔɔ a yamba a m bɩ, a wuti nɔmaa gandaara m. A n gʊɔɔ nyɔɔ Betelehɛm ʊ kan kʊrɔ vantɔɔ k'a a so ŋ ʊ rɔ wɔɔ kɩ ʊ, kʊ ŋ n'aa nyɩnɔ poorero yaarɔ kʊ ŋ dɔɔraa hɩɩya gɛɛ ŋ n a ku rɔ wɔɔ zɩnzɛ. Amba hɔdonno wɔɔ a hɩ m, nyɩnta k'a ʊ, an laaka da k'a nyɩ bɩ yɩrɛ dɔmɩm dɔ bɩ ma.","Hiruddi, that you said to me now, the matter which I heard from you, I told the people to assemble for me. I went to Bethlehem and there I saw a vision, and I said that you should do this thing: and you will see the poor, help them, and you will take the sick that you may heal them. But the matter which I did for you, because of you, I did not lie to you that you may know the truth.",onesimus_C968674F_Dec 07 output,,28.77491350426944,3.870722714038082,3.0867792661619107
Look at the birds in the sky! They don't plant or harvest. They don't even store grain in barns. Yet your Father in heaven takes care of them. Aren't you worth much more than birds?,"K'a dɩga bɛnnɔ ma: ŋ bɩr hɔ duure y, bɩ ŋ bɩr hɔ darɛ y, ŋ bɩr hɔ zarm sɩ ʊ y, b'awɔɔ Zɩ k'a nɩ arzana ʊ bɩ yɩ ŋ tʊrm! Awɔɔ n lɛ da ŋ nɩ gallɛm hɔka ra?","You say these things now? I wanted to die, and I wanted to live, I wanted nothing good, but O God, you heard me and I am not afraid! What do people say I was killed for?",onesimus_C968674F_Dec 07 output,,16.224121615350803,3.870722714038082,3.0867792661619107
"Some Pharisees and teachers of the Law of Moses said, “Teacher, we want you to show us a sign from heaven.”","Naa kur bɩ, wosocikarɩnsaambɔɔ kan farizɛɛnrɔ kɩ a sɩŋŋɩda ba, ŋn'a hɩ Yeezuu m, ŋ ʊ: «Karɩnsaamba, wɔɔ lɛ taa k'ɩ hoser ba k'ʊ a yɩ.»","My lord, servant, and those who pray together may mercy come to us; I say to my Jesus, he said: ""O Prayer, you must listen with your ear, so it may be.""",onesimus_C968674F_Dec 07 output,,22.337524886294098,3.870722714038082,3.0867792661619107
Servants are fortunate if their master comes and finds them doing their job.,"Zibəənyɩ bɩ do nyɩntam mimbirenyɩntazaa, k'a lɛɛzaa b'a wusigə an bʊr har ʊ, an b'a ku an nɩ zibəə k'a ka ʊ bɩ barɛ.","The children and these are their nurturing mothers, but they tell the people here not to let their children leave.",onesimus_C968674F_Dec 07 output,,22.547324746291295,3.870722714038082,3.0867792661619107
"Others said, “Wait! Let's see if Elijah will come and save him.”","Bɩ, a muno wɔɔ y'a hɩrɛ, ŋ ʊ: «Jɩm cɩna, k'ʊ dɩga a Elii zɛm b'a bʊmbɔ gɛ?»","Bì, he shouted, “Come listen, Jìm—do you know what Elii said about the market there?”",onesimus_C968674F_Dec 07 output,,17.55075309515818,3.870722714038082,3.0867792661619107
"When Herod found out that the wise men from the east had tricked him, he was very angry. He gave orders for his men to kill all the boys who lived in or near Bethlehem and were two years old and younger. This was based on what he had learned from the wise men.","Hɩrɔɔdɩ k'a b'a dɔ a ʊ, hɔdonno wɔɔ a yamba a m bɩ, a wuti nɔmaa gandaara m. A n gʊɔɔ nyɔɔ Betelehɛm ʊ kan kʊrɔ vantɔɔ k'a a so ŋ ʊ rɔ wɔɔ kɩ ʊ, kʊ ŋ n'aa nyɩnɔ poorero yaarɔ kʊ ŋ dɔɔraa hɩɩya gɛɛ ŋ n a ku rɔ wɔɔ zɩnzɛ. Amba hɔdonno wɔɔ a hɩ m, nyɩnta k'a ʊ, an laaka da k'a nyɩ bɩ yɩrɛ dɔmɩm dɔ bɩ ma.","Hiruddi, what you said to me now, the matter you mentioned to me—you told my mother to take care of me. I went to Bethlehem now, to build the house you saw where I live there; I will plant crops there, prepare food, and live there in peace. But the thing you did to me, what you’re saying now—don’t make me regret or sorrowful.",john_C52DEBBB_output (10),,26.723437186551934,3.870722714038082,3.0867792661619107
Look at the birds in the sky! They don't plant or harvest. They don't even store grain in barns. Yet your Father in heaven takes care of them. Aren't you worth much more than birds?,"K'a dɩga bɛnnɔ ma: ŋ bɩr hɔ duure y, bɩ ŋ bɩr hɔ darɛ y, ŋ bɩr hɔ zarm sɩ ʊ y, b'awɔɔ Zɩ k'a nɩ arzana ʊ bɩ yɩ ŋ tʊrm! Awɔɔ n lɛ da ŋ nɩ gallɛm hɔka ra?","Oh people, listen to me: I want to live, and I want to die, I desire peace with me always! But those who always hear my prayer to God, and I pray—why do those ask me this?",john_C52DEBBB_output (10),,16.407212256292922,3.870722714038082,3.0867792661619107
"Some Pharisees and teachers of the Law of Moses said, “Teacher, we want you to show us a sign from heaven.”","Naa kur bɩ, wosocikarɩnsaambɔɔ kan farizɛɛnrɔ kɩ a sɩŋŋɩda ba, ŋn'a hɩ Yeezuu m, ŋ ʊ: «Karɩnsaamba, wɔɔ lɛ taa k'ɩ hoser ba k'ʊ a yɩ.»","O my servant lord, those who pray together with mercy, may they listen to us; I say to my Jesus: I say, O Supplicant, come bring our help so that we may live.",john_C52DEBBB_output (10),,19.769515341069752,3.870722714038082,3.0867792661619107
Servants are fortunate if their master comes and finds them doing their job.,"Zibəənyɩ bɩ do nyɩntam mimbirenyɩntazaa, k'a lɛɛzaa b'a wusigə an bʊr har ʊ, an b'a ku an nɩ zibəə k'a ka ʊ bɩ barɛ.","People say that work is done collectively; but those who are lazy do not work, their wealth comes from that, and those who work hard have little wealth.",john_C52DEBBB_output (10),,19.41336674761439,3.870722714038082,3.0867792661619107
"Others said, “Wait! Let's see if Elijah will come and save him.”","Bɩ, a muno wɔɔ y'a hɩrɛ, ŋ ʊ: «Jɩm cɩna, k'ʊ dɩga a Elii zɛm b'a bʊmbɔ gɛ?»","Bili, he came here to your house and said: ""James, where are you doing what you told Elii to go to the market?""",john_C52DEBBB_output (10),,20.780016957344145,3.870722714038082,3.0867792661619107
"When Herod found out that the wise men from the east had tricked him, he was very angry. He gave orders for his men to kill all the boys who lived in or near Bethlehem and were two years old and younger. This was based on what he had learned from the wise men.","Hɩrɔɔdɩ k'a b'a dɔ a ʊ, hɔdonno wɔɔ a yamba a m bɩ, a wuti nɔmaa gandaara m. A n gʊɔɔ nyɔɔ Betelehɛm ʊ kan kʊrɔ vantɔɔ k'a a so ŋ ʊ rɔ wɔɔ kɩ ʊ, kʊ ŋ n'aa nyɩnɔ poorero yaarɔ kʊ ŋ dɔɔraa hɩɩya gɛɛ ŋ n a ku rɔ wɔɔ zɩnzɛ. Amba hɔdonno wɔɔ a hɩ m, nyɩnta k'a ʊ, an laaka da k'a nyɩ bɩ yɩrɛ dɔmɩm dɔ bɩ ma.","Hirudodi, what you told me I heard; the matter you mentioned to me, you said mother should take care of me. I went to Bethlehem and I saw an empty house—what I saw was not there; and I heard the people crying, their voices saying bad things, they were not treating me well. But the matter you did to me, even though I listened, you did not help so that I might live.",gerhardt_62CB5CC1_output (4),,28.028025764231558,3.870722714038082,3.0867792661619107
Look at the birds in the sky! They don't plant or harvest. They don't even store grain in barns. Yet your Father in heaven takes care of them. Aren't you worth much more than birds?,"K'a dɩga bɛnnɔ ma: ŋ bɩr hɔ duure y, bɩ ŋ bɩr hɔ darɛ y, ŋ bɩr hɔ zarm sɩ ʊ y, b'awɔɔ Zɩ k'a nɩ arzana ʊ bɩ yɩ ŋ tʊrm! Awɔɔ n lɛ da ŋ nɩ gallɛm hɔka ra?","Listen, people! I have endured suffering, and I have endured hunger, and I have endured many illnesses. But now, O God, you have not helped me and I still weep! Now, what can I say—are my words true?",gerhardt_62CB5CC1_output (4),,17.493067829906796,3.870722714038082,3.0867792661619107
"Some Pharisees and teachers of the Law of Moses said, “Teacher, we want you to show us a sign from heaven.”","Naa kur bɩ, wosocikarɩnsaambɔɔ kan farizɛɛnrɔ kɩ a sɩŋŋɩda ba, ŋn'a hɩ Yeezuu m, ŋ ʊ: «Karɩnsaamba, wɔɔ lɛ taa k'ɩ hoser ba k'ʊ a yɩ.»","O my servant, the praying assembly and the time of fasting that they always practice, but Jesus said to me: ""O worshippers, you should stop your constant fasting but instead do this.""",gerhardt_62CB5CC1_output (4),,21.79225890537199,3.870722714038082,3.0867792661619107
Servants are fortunate if their master comes and finds them doing their job.,"Zibəənyɩ bɩ do nyɩntam mimbirenyɩntazaa, k'a lɛɛzaa b'a wusigə an bʊr har ʊ, an b'a ku an nɩ zibəə k'a ka ʊ bɩ barɛ.","The children have come to the gathering of their householders, and they are looking at the people; their fields from us, they go with our children and bring us here.",gerhardt_62CB5CC1_output (4),,24.489458779073935,3.870722714038082,3.0867792661619107
"Others said, “Wait! Let's see if Elijah will come and save him.”","Bɩ, a muno wɔɔ y'a hɩrɛ, ŋ ʊ: «Jɩm cɩna, k'ʊ dɩga a Elii zɛm b'a bʊmbɔ gɛ?»","Bì, he came here to your house, and said: ""Jim, do you know the path from Eli to the chief's village?""",gerhardt_62CB5CC1_output (4),,22.089699375208664,3.870722714038082,3.0867792661619107
"When Herod found out that the wise men from the east had tricked him, he was very angry. He gave orders for his men to kill all the boys who lived in or near Bethlehem and were two years old and younger. This was based on what he had learned from the wise men.","Hɩrɔɔdɩ k'a b'a dɔ a ʊ, hɔdonno wɔɔ a yamba a m bɩ, a wuti nɔmaa gandaara m. A n gʊɔɔ nyɔɔ Betelehɛm ʊ kan kʊrɔ vantɔɔ k'a a so ŋ ʊ rɔ wɔɔ kɩ ʊ, kʊ ŋ n'aa nyɩnɔ poorero yaarɔ kʊ ŋ dɔɔraa hɩɩya gɛɛ ŋ n a ku rɔ wɔɔ zɩnzɛ. Amba hɔdonno wɔɔ a hɩ m, nyɩnta k'a ʊ, an laaka da k'a nyɩ bɩ yɩrɛ dɔmɩm dɔ bɩ ma.","Hallelujah, and our words to you: Lord who exists and works for us, you have given grace abundantly to us. He was born in Bethlehem and with the flock in the cave, and we praise you forever truly. And you who have delivered the poor from affliction, and you who heal the sick, you who forever faithfully—therefore, Lord who is with me, because of you, we will praise and exalt your name above all things.",Dec 04 output,,30.20281516920927,3.870722714038082,3.0867792661619107
Look at the birds in the sky! They don't plant or harvest. They don't even store grain in barns. Yet your Father in heaven takes care of them. Aren't you worth much more than birds?,"K'a dɩga bɛnnɔ ma: ŋ bɩr hɔ duure y, bɩ ŋ bɩr hɔ darɛ y, ŋ bɩr hɔ zarm sɩ ʊ y, b'awɔɔ Zɩ k'a nɩ arzana ʊ bɩ yɩ ŋ tʊrm! Awɔɔ n lɛ da ŋ nɩ gallɛm hɔka ra?","Listen, what’s this big talk? I say it’s a lie, and I say it’s the truth; I tell you my good deed is indeed so—because people say that my prayer and what I say, I fear! Why are you people listening to my words?",Dec 04 output,,18.483573175098662,3.870722714038082,3.0867792661619107
"Some Pharisees and teachers of the Law of Moses said, “Teacher, we want you to show us a sign from heaven.”","Naa kur bɩ, wosocikarɩnsaambɔɔ kan farizɛɛnrɔ kɩ a sɩŋŋɩda ba, ŋn'a hɩ Yeezuu m, ŋ ʊ: «Karɩnsaamba, wɔɔ lɛ taa k'ɩ hoser ba k'ʊ a yɩ.»","My lord the servant, those who worship the chief ruler, their prayers are not being heard now – I said to my Jesus: ""Chief Ruler, let them come that they may hear now or they reject.""",Dec 04 output,,21.274226289488468,3.870722714038082,3.0867792661619107
Servants are fortunate if their master comes and finds them doing their job.,"Zibəənyɩ bɩ do nyɩntam mimbirenyɩntazaa, k'a lɛɛzaa b'a wusigə an bʊr har ʊ, an b'a ku an nɩ zibəə k'a ka ʊ bɩ barɛ.","People say that work is done together; but the lazy who do not work, their wealth comes from that, and those who work hard, their wealth is little.",Dec 04 output,,22.172799663012434,3.870722714038082,3.0867792661619107
"Others said, “Wait! Let's see if Elijah will come and save him.”","Bɩ, a muno wɔɔ y'a hɩrɛ, ŋ ʊ: «Jɩm cɩna, k'ʊ dɩga a Elii zɛm b'a bʊmbɔ gɛ?»","Bì, he said, come listen; then he asked James: “Which road do Eli’s people take?”",Dec 04 output,,20.544150355687048,3.870722714038082,3.0867792661619107
"When Herod found out that the wise men from the east had tricked him, he was very angry. He gave orders for his men to kill all the boys who lived in or near Bethlehem and were two years old and younger. This was based on what he had learned from the wise men.","Hɩrɔɔdɩ k'a b'a dɔ a ʊ, hɔdonno wɔɔ a yamba a m bɩ, a wuti nɔmaa gandaara m. A n gʊɔɔ nyɔɔ Betelehɛm ʊ kan kʊrɔ vantɔɔ k'a a so ŋ ʊ rɔ wɔɔ kɩ ʊ, kʊ ŋ n'aa nyɩnɔ poorero yaarɔ kʊ ŋ dɔɔraa hɩɩya gɛɛ ŋ n a ku rɔ wɔɔ zɩnzɛ. Amba hɔdonno wɔɔ a hɩ m, nyɩnta k'a ʊ, an laaka da k'a nyɩ bɩ yɩrɛ dɔmɩm dɔ bɩ ma.","Hiruddi, that which you said to me, those people who came to me here, tell mother to take care of me. And I went to Bethlehem with my household, saying that they should see me, but they did not find peace anywhere, and they returned with me seeing again. But those people who heard me, what you said, they did not do to stay here in my home.",gerhardt_676E558A_output (6),,26.180502909960712,3.870722714038082,3.0867792661619107
Look at the birds in the sky! They don't plant or harvest. They don't even store grain in barns. Yet your Father in heaven takes care of them. Aren't you worth much more than birds?,"K'a dɩga bɛnnɔ ma: ŋ bɩr hɔ duure y, bɩ ŋ bɩr hɔ darɛ y, ŋ bɩr hɔ zarm sɩ ʊ y, b'awɔɔ Zɩ k'a nɩ arzana ʊ bɩ yɩ ŋ tʊrm! Awɔɔ n lɛ da ŋ nɩ gallɛm hɔka ra?","Listen, I say these things: I never go far again, and I never go to the market again, and I never go to the farm with people again! Because, O child, I know you tell them and I still weep! O child, where are you going that I call you every day?",gerhardt_676E558A_output (6),,20.974730367953313,3.870722714038082,3.0867792661619107
"Some Pharisees and teachers of the Law of Moses said, “Teacher, we want you to show us a sign from heaven.”","Naa kur bɩ, wosocikarɩnsaambɔɔ kan farizɛɛnrɔ kɩ a sɩŋŋɩda ba, ŋn'a hɩ Yeezuu m, ŋ ʊ: «Karɩnsaamba, wɔɔ lɛ taa k'ɩ hoser ba k'ʊ a yɩ.»","O my servant, and the servants of God who worship and pray, may they hear, but I, my Jesus, said: ""O servants of God, why do you let your sin not come?""",gerhardt_676E558A_output (6),,22.52682476560964,3.870722714038082,3.0867792661619107
Servants are fortunate if their master comes and finds them doing their job.,"Zibəənyɩ bɩ do nyɩntam mimbirenyɩntazaa, k'a lɛɛzaa b'a wusigə an bʊr har ʊ, an b'a ku an nɩ zibəə k'a ka ʊ bɩ barɛ.","Children and those who build houses together, but do not speak about their work to that lazy one and you, because their own children see and respect you.",gerhardt_676E558A_output (6),,20.464348642730297,3.870722714038082,3.0867792661619107
"Others said, “Wait! Let's see if Elijah will come and save him.”","Bɩ, a muno wɔɔ y'a hɩrɛ, ŋ ʊ: «Jɩm cɩna, k'ʊ dɩga a Elii zɛm b'a bʊmbɔ gɛ?»","Bili, he came here to your house, and said: ""Jim, what do you know about Elii going to the market?""",gerhardt_676E558A_output (6),,19.35399314204968,3.870722714038082,3.0867792661619107
"When Herod found out that the wise men from the east had tricked him, he was very angry. He gave orders for his men to kill all the boys who lived in or near Bethlehem and were two years old and younger. This was based on what he had learned from the wise men.","Hɩrɔɔdɩ k'a b'a dɔ a ʊ, hɔdonno wɔɔ a yamba a m bɩ, a wuti nɔmaa gandaara m. A n gʊɔɔ nyɔɔ Betelehɛm ʊ kan kʊrɔ vantɔɔ k'a a so ŋ ʊ rɔ wɔɔ kɩ ʊ, kʊ ŋ n'aa nyɩnɔ poorero yaarɔ kʊ ŋ dɔɔraa hɩɩya gɛɛ ŋ n a ku rɔ wɔɔ zɩnzɛ. Amba hɔdonno wɔɔ a hɩ m, nyɩnta k'a ʊ, an laaka da k'a nyɩ bɩ yɩrɛ dɔmɩm dɔ bɩ ma.","Hirudodi, what you told me I heard; the matter you started for me, you said mother should take care of me. I went to Bethlehem and saw an empty house—what I saw was not there; and the people said the children were praying and weeping with tears, they did not see me. But the matter you did for me, your words, I will remember forever.",gerhardt_107423D8_output (9),,29.028022033828577,3.870722714038082,3.0867792661619107
Look at the birds in the sky! They don't plant or harvest. They don't even store grain in barns. Yet your Father in heaven takes care of them. Aren't you worth much more than birds?,"K'a dɩga bɛnnɔ ma: ŋ bɩr hɔ duure y, bɩ ŋ bɩr hɔ darɛ y, ŋ bɩr hɔ zarm sɩ ʊ y, b'awɔɔ Zɩ k'a nɩ arzana ʊ bɩ yɩ ŋ tʊrm! Awɔɔ n lɛ da ŋ nɩ gallɛm hɔka ra?","What’s this big matter now? I keep lying, and I keep telling the truth, I keep deceiving them! But these people, whatever I say to them, why do I get destroyed? Do you all understand my words?",gerhardt_107423D8_output (9),,20.008833381270367,3.870722714038082,3.0867792661619107
"Some Pharisees and teachers of the Law of Moses said, “Teacher, we want you to show us a sign from heaven.”","Naa kur bɩ, wosocikarɩnsaambɔɔ kan farizɛɛnrɔ kɩ a sɩŋŋɩda ba, ŋn'a hɩ Yeezuu m, ŋ ʊ: «Karɩnsaamba, wɔɔ lɛ taa k'ɩ hoser ba k'ʊ a yɩ.»","O my servant, the worshippers of Karinsaambɔɔ and the supplicants do not listen to them; but I, Jesus, say: ""O Karinsaamba, you should not come to your house so that they might see you.""",gerhardt_107423D8_output (9),,22.2576069363994,3.870722714038082,3.0867792661619107
Servants are fortunate if their master comes and finds them doing their job.,"Zibəənyɩ bɩ do nyɩntam mimbirenyɩntazaa, k'a lɛɛzaa b'a wusigə an bʊr har ʊ, an b'a ku an nɩ zibəə k'a ka ʊ bɩ barɛ.","The people of Zibəə gather together in their village assembly, but the chief says that they come here, and they take their houses and make them strong.",gerhardt_107423D8_output (9),,26.320797209929115,3.870722714038082,3.0867792661619107
"Others said, “Wait! Let's see if Elijah will come and save him.”","Bɩ, a muno wɔɔ y'a hɩrɛ, ŋ ʊ: «Jɩm cɩna, k'ʊ dɩga a Elii zɛm b'a bʊmbɔ gɛ?»","Bili, when he came to the market, he said: ""Jim, why are you carrying Elii's things in that bag?""",gerhardt_107423D8_output (9),,16.444502605224802,3.870722714038082,3.0867792661619107
"When Herod found out that the wise men from the east had tricked him, he was very angry. He gave orders for his men to kill all the boys who lived in or near Bethlehem and were two years old and younger. This was based on what he had learned from the wise men.","Hɩrɔɔdɩ k'a b'a dɔ a ʊ, hɔdonno wɔɔ a yamba a m bɩ, a wuti nɔmaa gandaara m. A n gʊɔɔ nyɔɔ Betelehɛm ʊ kan kʊrɔ vantɔɔ k'a a so ŋ ʊ rɔ wɔɔ kɩ ʊ, kʊ ŋ n'aa nyɩnɔ poorero yaarɔ kʊ ŋ dɔɔraa hɩɩya gɛɛ ŋ n a ku rɔ wɔɔ zɩnzɛ. Amba hɔdonno wɔɔ a hɩ m, nyɩnta k'a ʊ, an laaka da k'a nyɩ bɩ yɩrɛ dɔmɩm dɔ bɩ ma.","Hiruddi, that which you said to me, these people here have come to me already, and tell mother to take care of me. I came from Bethlehem with you to the town we saw where you stay, and they do not know the prayer we make, and they give me daily food so that I may stay always. But these people here have wronged me because of what you said; they have made it so that I cannot already return home.",gerhardt_E4F773B6_output (3),,26.59645731107347,3.870722714038082,3.0867792661619107
Look at the birds in the sky! They don't plant or harvest. They don't even store grain in barns. Yet your Father in heaven takes care of them. Aren't you worth much more than birds?,"K'a dɩga bɛnnɔ ma: ŋ bɩr hɔ duure y, bɩ ŋ bɩr hɔ darɛ y, ŋ bɩr hɔ zarm sɩ ʊ y, b'awɔɔ Zɩ k'a nɩ arzana ʊ bɩ yɩ ŋ tʊrm! Awɔɔ n lɛ da ŋ nɩ gallɛm hɔka ra?","You say these things now? I never lie, I never steal, I never harm others! But people say you do evil to me and others, yet I fear? What are people causing me trouble for?",gerhardt_E4F773B6_output (3),,19.027215088338487,3.870722714038082,3.0867792661619107
"Some Pharisees and teachers of the Law of Moses said, “Teacher, we want you to show us a sign from heaven.”","Naa kur bɩ, wosocikarɩnsaambɔɔ kan farizɛɛnrɔ kɩ a sɩŋŋɩda ba, ŋn'a hɩ Yeezuu m, ŋ ʊ: «Karɩnsaamba, wɔɔ lɛ taa k'ɩ hoser ba k'ʊ a yɩ.»","My servant, those who fast and worship together on the fasting day that they engage in it, I said to my Jesus, and he said: “O worship assembly, you must come and hear what they do.”",gerhardt_E4F773B6_output (3),,23.012984553253457,3.870722714038082,3.0867792661619107
Servants are fortunate if their master comes and finds them doing their job.,"Zibəənyɩ bɩ do nyɩntam mimbirenyɩntazaa, k'a lɛɛzaa b'a wusigə an bʊr har ʊ, an b'a ku an nɩ zibəə k'a ka ʊ bɩ barɛ.","The children are at their household gathering, and they say about the work, their field with hands, and they come without their children and make their hands idle.",gerhardt_E4F773B6_output (3),,23.394775120637338,3.870722714038082,3.0867792661619107
"Others said, “Wait! Let's see if Elijah will come and save him.”","Bɩ, a muno wɔɔ y'a hɩrɛ, ŋ ʊ: «Jɩm cɩna, k'ʊ dɩga a Elii zɛm b'a bʊmbɔ gɛ?»","Bì, he said, ""Come listen, James, do you know where Eli's house is?""",gerhardt_E4F773B6_output (3),,17.62404797010861,3.870722714038082,3.0867792661619107
"When Herod found out that the wise men from the east had tricked him, he was very angry. He gave orders for his men to kill all the boys who lived in or near Bethlehem and were two years old and younger. This was based on what he had learned from the wise men.","Hɩrɔɔdɩ k'a b'a dɔ a ʊ, hɔdonno wɔɔ a yamba a m bɩ, a wuti nɔmaa gandaara m. A n gʊɔɔ nyɔɔ Betelehɛm ʊ kan kʊrɔ vantɔɔ k'a a so ŋ ʊ rɔ wɔɔ kɩ ʊ, kʊ ŋ n'aa nyɩnɔ poorero yaarɔ kʊ ŋ dɔɔraa hɩɩya gɛɛ ŋ n a ku rɔ wɔɔ zɩnzɛ. Amba hɔdonno wɔɔ a hɩ m, nyɩnta k'a ʊ, an laaka da k'a nyɩ bɩ yɩrɛ dɔmɩm dɔ bɩ ma.","Hiruddi, what you said to me now, those enemies who harm me again, send for the chief to me. I am going now to Bethlehem with my relatives so that they may see all of us, and may their prayers and requests for mercy be granted, and may they keep us safe so we can see each other united. But those enemies who harm me, what you said now, hear and faithfully do it again to me.",john_B0DBB2CB_output (4),,27.52752027895798,3.870722714038082,3.0867792661619107
Look at the birds in the sky! They don't plant or harvest. They don't even store grain in barns. Yet your Father in heaven takes care of them. Aren't you worth much more than birds?,"K'a dɩga bɛnnɔ ma: ŋ bɩr hɔ duure y, bɩ ŋ bɩr hɔ darɛ y, ŋ bɩr hɔ zarm sɩ ʊ y, b'awɔɔ Zɩ k'a nɩ arzana ʊ bɩ yɩ ŋ tʊrm! Awɔɔ n lɛ da ŋ nɩ gallɛm hɔka ra?","Listen, what do the people say? I never go far, nor near, nor to the market with them. But only Zī knows that I don’t live among them! Why do they say I kill them?",john_B0DBB2CB_output (4),,19.9425005156169,3.870722714038082,3.0867792661619107
"Some Pharisees and teachers of the Law of Moses said, “Teacher, we want you to show us a sign from heaven.”","Naa kur bɩ, wosocikarɩnsaambɔɔ kan farizɛɛnrɔ kɩ a sɩŋŋɩda ba, ŋn'a hɩ Yeezuu m, ŋ ʊ: «Karɩnsaamba, wɔɔ lɛ taa k'ɩ hoser ba k'ʊ a yɩ.»","O my servant, those who worship the servants of the deity pray continually, but they are not heard. But I cry out to Jesus, saying: “O Lord, come down! We are not helped; we will perish.”",john_B0DBB2CB_output (4),,23.824987485658347,3.870722714038082,3.0867792661619107
Servants are fortunate if their master comes and finds them doing their job.,"Zibəənyɩ bɩ do nyɩntam mimbirenyɩntazaa, k'a lɛɛzaa b'a wusigə an bʊr har ʊ, an b'a ku an nɩ zibəə k'a ka ʊ bɩ barɛ.","Children and they work together, but they see the houses, their doors, and them; they go to those not their children, tell them, and stay.",john_B0DBB2CB_output (4),,22.526340344567018,3.870722714038082,3.0867792661619107
"Others said, “Wait! Let's see if Elijah will come and save him.”","Bɩ, a muno wɔɔ y'a hɩrɛ, ŋ ʊ: «Jɩm cɩna, k'ʊ dɩga a Elii zɛm b'a bʊmbɔ gɛ?»","Bí, he came to me and said: ""Jím, where are you? What do you give to Eli for the food?""",john_B0DBB2CB_output (4),,23.41027532928631,3.870722714038082,3.0867792661619107
"When Herod found out that the wise men from the east had tricked him, he was very angry. He gave orders for his men to kill all the boys who lived in or near Bethlehem and were two years old and younger. This was based on what he had learned from the wise men.","Hɩrɔɔdɩ k'a b'a dɔ a ʊ, hɔdonno wɔɔ a yamba a m bɩ, a wuti nɔmaa gandaara m. A n gʊɔɔ nyɔɔ Betelehɛm ʊ kan kʊrɔ vantɔɔ k'a a so ŋ ʊ rɔ wɔɔ kɩ ʊ, kʊ ŋ n'aa nyɩnɔ poorero yaarɔ kʊ ŋ dɔɔraa hɩɩya gɛɛ ŋ n a ku rɔ wɔɔ zɩnzɛ. Amba hɔdonno wɔɔ a hɩ m, nyɩnta k'a ʊ, an laaka da k'a nyɩ bɩ yɩrɛ dɔmɩm dɔ bɩ ma.","Hiruddi, what you said to me, the matter you started with me, you made trouble around me. I went to Bethlehem and saw empty houses, which you said to me that I should see, and you also heard my daily prayers and answered them with joy that I should worship. But the matter you did to me, your words, you did not fulfill what you promised to do.",gerhardt_E32D1C1E_output_mzX2S5,,27.941596068096462,3.870722714038082,3.0867792661619107
Look at the birds in the sky! They don't plant or harvest. They don't even store grain in barns. Yet your Father in heaven takes care of them. Aren't you worth much more than birds?,"K'a dɩga bɛnnɔ ma: ŋ bɩr hɔ duure y, bɩ ŋ bɩr hɔ darɛ y, ŋ bɩr hɔ zarm sɩ ʊ y, b'awɔɔ Zɩ k'a nɩ arzana ʊ bɩ yɩ ŋ tʊrm! Awɔɔ n lɛ da ŋ nɩ gallɛm hɔka ra?","O people, listen! I cannot live, nor can I die; I cannot work with my hands. But God, you gave me strength in my hands—why do I not suffer? What do you know, have I not told you the reason?",gerhardt_E32D1C1E_output_mzX2S5,,18.911337365599103,3.870722714038082,3.0867792661619107
"Some Pharisees and teachers of the Law of Moses said, “Teacher, we want you to show us a sign from heaven.”","Naa kur bɩ, wosocikarɩnsaambɔɔ kan farizɛɛnrɔ kɩ a sɩŋŋɩda ba, ŋn'a hɩ Yeezuu m, ŋ ʊ: «Karɩnsaamba, wɔɔ lɛ taa k'ɩ hoser ba k'ʊ a yɩ.»","Listen, brother, the community's deeds that have caused trouble have come to judgment— I invoke Jesus, and I said: ""Community, why do you harm them when it is not right?""",gerhardt_E32D1C1E_output_mzX2S5,,20.559683035775432,3.870722714038082,3.0867792661619107
Servants are fortunate if their master comes and finds them doing their job.,"Zibəənyɩ bɩ do nyɩntam mimbirenyɩntazaa, k'a lɛɛzaa b'a wusigə an bʊr har ʊ, an b'a ku an nɩ zibəə k'a ka ʊ bɩ barɛ.","Children and those who build their houses never say that work is not here for us, and because people have children, they take us and live.",gerhardt_E32D1C1E_output_mzX2S5,,22.117372242078016,3.870722714038082,3.0867792661619107
"Others said, “Wait! Let's see if Elijah will come and save him.”","Bɩ, a muno wɔɔ y'a hɩrɛ, ŋ ʊ: «Jɩm cɩna, k'ʊ dɩga a Elii zɛm b'a bʊmbɔ gɛ?»","Bili, as he came to the market, he said: ""Jim, where are you taking Elii's things with the bag there?""",gerhardt_E32D1C1E_output_mzX2S5,,18.241830398515784,3.870722714038082,3.0867792661619107
"When Herod found out that the wise men from the east had tricked him, he was very angry. He gave orders for his men to kill all the boys who lived in or near Bethlehem and were two years old and younger. This was based on what he had learned from the wise men.","Hɩrɔɔdɩ k'a b'a dɔ a ʊ, hɔdonno wɔɔ a yamba a m bɩ, a wuti nɔmaa gandaara m. A n gʊɔɔ nyɔɔ Betelehɛm ʊ kan kʊrɔ vantɔɔ k'a a so ŋ ʊ rɔ wɔɔ kɩ ʊ, kʊ ŋ n'aa nyɩnɔ poorero yaarɔ kʊ ŋ dɔɔraa hɩɩya gɛɛ ŋ n a ku rɔ wɔɔ zɩnzɛ. Amba hɔdonno wɔɔ a hɩ m, nyɩnta k'a ʊ, an laaka da k'a nyɩ bɩ yɩrɛ dɔmɩm dɔ bɩ ma.","Hiruddi, come here to you; people say they go to me here, and they give food to sustain me. I went to Bethlehem, you see the church, and they show you the way that you should take, and I will pray for the poor and the sick, and I will serve the Lord, and I will give the path faithfully. But people hate me because of you, they fight against me and my family, wanting to destroy my home.",gerhardt_145C11AE_output (2),,25.508572058109714,3.870722714038082,3.0867792661619107
Look at the birds in the sky! They don't plant or harvest. They don't even store grain in barns. Yet your Father in heaven takes care of them. Aren't you worth much more than birds?,"K'a dɩga bɛnnɔ ma: ŋ bɩr hɔ duure y, bɩ ŋ bɩr hɔ darɛ y, ŋ bɩr hɔ zarm sɩ ʊ y, b'awɔɔ Zɩ k'a nɩ arzana ʊ bɩ yɩ ŋ tʊrm! Awɔɔ n lɛ da ŋ nɩ gallɛm hɔka ra?","What do the people say now? I don’t go far, and I don’t go near, I don’t go to the field with them! But because God commanded me not to fear them! Why do you say I harm them?",gerhardt_145C11AE_output (2),,17.200676470072533,3.870722714038082,3.0867792661619107
"Some Pharisees and teachers of the Law of Moses said, “Teacher, we want you to show us a sign from heaven.”","Naa kur bɩ, wosocikarɩnsaambɔɔ kan farizɛɛnrɔ kɩ a sɩŋŋɩda ba, ŋn'a hɩ Yeezuu m, ŋ ʊ: «Karɩnsaamba, wɔɔ lɛ taa k'ɩ hoser ba k'ʊ a yɩ.»","O my servant, those who worship Karin-saambɔɔ and pray with their ears come here, but I say to Jesus: “O Karin-saambɔɔ, why do you not hear here or come to me?”",gerhardt_145C11AE_output (2),,21.901381161006462,3.870722714038082,3.0867792661619107
Servants are fortunate if their master comes and finds them doing their job.,"Zibəənyɩ bɩ do nyɩntam mimbirenyɩntazaa, k'a lɛɛzaa b'a wusigə an bʊr har ʊ, an b'a ku an nɩ zibəə k'a ka ʊ bɩ barɛ.","The people of Zibəə are gathering for the communal occasion, and they speak to the leader of the council with them, and they come to our house so that they may live there.",gerhardt_145C11AE_output (2),,23.18174939050202,3.870722714038082,3.0867792661619107
"Others said, “Wait! Let's see if Elijah will come and save him.”","Bɩ, a muno wɔɔ y'a hɩrɛ, ŋ ʊ: «Jɩm cɩna, k'ʊ dɩga a Elii zɛm b'a bʊmbɔ gɛ?»","Bili, he came here to your house, and said: ""Jim, what do you know about Eli's matter in the village here?""",gerhardt_145C11AE_output (2),,20.86552257755318,3.870722714038082,3.0867792661619107
"When Herod found out that the wise men from the east had tricked him, he was very angry. He gave orders for his men to kill all the boys who lived in or near Bethlehem and were two years old and younger. This was based on what he had learned from the wise men.","Hɩrɔɔdɩ k'a b'a dɔ a ʊ, hɔdonno wɔɔ a yamba a m bɩ, a wuti nɔmaa gandaara m. A n gʊɔɔ nyɔɔ Betelehɛm ʊ kan kʊrɔ vantɔɔ k'a a so ŋ ʊ rɔ wɔɔ kɩ ʊ, kʊ ŋ n'aa nyɩnɔ poorero yaarɔ kʊ ŋ dɔɔraa hɩɩya gɛɛ ŋ n a ku rɔ wɔɔ zɩnzɛ. Amba hɔdonno wɔɔ a hɩ m, nyɩnta k'a ʊ, an laaka da k'a nyɩ bɩ yɩrɛ dɔmɩm dɔ bɩ ma.","Listen to my words that I say to you, these people come to bring me, they surround me with prayers. I went to Bethlehem, you saw my empty house, my words that I speak to you are true, and you will always hear worship, and you will see light, and I will speak to you forever. But these people hear me, because of my words, they will not reject my teachings truly.",gerhardt_087BEB88_output_loRIsq,,27.20605548961655,3.870722714038082,3.0867792661619107
Look at the birds in the sky! They don't plant or harvest. They don't even store grain in barns. Yet your Father in heaven takes care of them. Aren't you worth much more than birds?,"K'a dɩga bɛnnɔ ma: ŋ bɩr hɔ duure y, bɩ ŋ bɩr hɔ darɛ y, ŋ bɩr hɔ zarm sɩ ʊ y, b'awɔɔ Zɩ k'a nɩ arzana ʊ bɩ yɩ ŋ tʊrm! Awɔɔ n lɛ da ŋ nɩ gallɛm hɔka ra?","What do the people say now? I want to live long, I want to be healthy, I want to have many children. But O people, what is my wish? Only that I live! People, do you tell me how my condition is?",gerhardt_087BEB88_output_loRIsq,,17.382251601281837,3.870722714038082,3.0867792661619107
"Some Pharisees and teachers of the Law of Moses said, “Teacher, we want you to show us a sign from heaven.”","Naa kur bɩ, wosocikarɩnsaambɔɔ kan farizɛɛnrɔ kɩ a sɩŋŋɩda ba, ŋn'a hɩ Yeezuu m, ŋ ʊ: «Karɩnsaamba, wɔɔ lɛ taa k'ɩ hoser ba k'ʊ a yɩ.»","Here is my servant, those who pray together and during the fasting period, let them obey; I speak to my Jesus, I say: ""O Prayer Assembly, you must come to your house and let us remain.""",gerhardt_087BEB88_output_loRIsq,,19.32368501835461,3.870722714038082,3.0867792661619107
Servants are fortunate if their master comes and finds them doing their job.,"Zibəənyɩ bɩ do nyɩntam mimbirenyɩntazaa, k'a lɛɛzaa b'a wusigə an bʊr har ʊ, an b'a ku an nɩ zibəə k'a ka ʊ bɩ barɛ.","People say that work is done collectively, but lazy people do not work—their wealth comes from that, and those who work hard will have their wealth remain.",gerhardt_087BEB88_output_loRIsq,,22.29837383328232,3.870722714038082,3.0867792661619107
"Others said, “Wait! Let's see if Elijah will come and save him.”","Bɩ, a muno wɔɔ y'a hɩrɛ, ŋ ʊ: «Jɩm cɩna, k'ʊ dɩga a Elii zɛm b'a bʊmbɔ gɛ?»","Bili came here to your house and said: ""Jimi, where do you know this market that Elii went from?""",gerhardt_087BEB88_output_loRIsq,,21.791002822600472,3.870722714038082,3.0867792661619107
"When Herod found out that the wise men from the east had tricked him, he was very angry. He gave orders for his men to kill all the boys who lived in or near Bethlehem and were two years old and younger. This was based on what he had learned from the wise men.","Hɩrɔɔdɩ k'a b'a dɔ a ʊ, hɔdonno wɔɔ a yamba a m bɩ, a wuti nɔmaa gandaara m. A n gʊɔɔ nyɔɔ Betelehɛm ʊ kan kʊrɔ vantɔɔ k'a a so ŋ ʊ rɔ wɔɔ kɩ ʊ, kʊ ŋ n'aa nyɩnɔ poorero yaarɔ kʊ ŋ dɔɔraa hɩɩya gɛɛ ŋ n a ku rɔ wɔɔ zɩnzɛ. Amba hɔdonno wɔɔ a hɩ m, nyɩnta k'a ʊ, an laaka da k'a nyɩ bɩ yɩrɛ dɔmɩm dɔ bɩ ma.","Hiruddi, that which you said to me, these people here have come to me already, and tell mother to take care of me. And I came from Bethlehem, you and I will build a house so that we may live together; and I will know that I will offer prayers, and protect me safely so that I may not live again. But these people here have harmed me, because you said that you would already do great harm to me.",john_C904F397_output (2),,26.326560257276316,3.870722714038082,3.0867792661619107
Look at the birds in the sky! They don't plant or harvest. They don't even store grain in barns. Yet your Father in heaven takes care of them. Aren't you worth much more than birds?,"K'a dɩga bɛnnɔ ma: ŋ bɩr hɔ duure y, bɩ ŋ bɩr hɔ darɛ y, ŋ bɩr hɔ zarm sɩ ʊ y, b'awɔɔ Zɩ k'a nɩ arzana ʊ bɩ yɩ ŋ tʊrm! Awɔɔ n lɛ da ŋ nɩ gallɛm hɔka ra?","Look at this big matter! I always lie, I always steal, I always deceive people—yet now Lord, what do you see in me and those I fear? Now I am here, why do you judge my sin?",john_C904F397_output (2),,18.27015818918029,3.870722714038082,3.0867792661619107
"Some Pharisees and teachers of the Law of Moses said, “Teacher, we want you to show us a sign from heaven.”","Naa kur bɩ, wosocikarɩnsaambɔɔ kan farizɛɛnrɔ kɩ a sɩŋŋɩda ba, ŋn'a hɩ Yeezuu m, ŋ ʊ: «Karɩnsaamba, wɔɔ lɛ taa k'ɩ hoser ba k'ʊ a yɩ.»","My servant, those of the praying assembly and those in Fari's house have come here; I say to my Jesus: ""O you who pray, you should come to your house here and go.""",john_C904F397_output (2),,22.759062812954095,3.870722714038082,3.0867792661619107
Servants are fortunate if their master comes and finds them doing their job.,"Zibəənyɩ bɩ do nyɩntam mimbirenyɩntazaa, k'a lɛɛzaa b'a wusigə an bʊr har ʊ, an b'a ku an nɩ zibəə k'a ka ʊ bɩ barɛ.","Zibɛnyɛ and the people do good deeds, many people are engaged in them; but it is said they take their cattle to the market with them, they do not go to their house and instead remain there.",john_C904F397_output (2),,21.789371625515,3.870722714038082,3.0867792661619107
"Others said, “Wait! Let's see if Elijah will come and save him.”","Bɩ, a muno wɔɔ y'a hɩrɛ, ŋ ʊ: «Jɩm cɩna, k'ʊ dɩga a Elii zɛm b'a bʊmbɔ gɛ?»","Brother, the people are in the market, and he said: ""Jim, do you know what things Elii sold?""",john_C904F397_output (2),,18.110825282205393,3.870722714038082,3.0867792661619107
"When Herod found out that the wise men from the east had tricked him, he was very angry. He gave orders for his men to kill all the boys who lived in or near Bethlehem and were two years old and younger. This was based on what he had learned from the wise men.","Hɩrɔɔdɩ k'a b'a dɔ a ʊ, hɔdonno wɔɔ a yamba a m bɩ, a wuti nɔmaa gandaara m. A n gʊɔɔ nyɔɔ Betelehɛm ʊ kan kʊrɔ vantɔɔ k'a a so ŋ ʊ rɔ wɔɔ kɩ ʊ, kʊ ŋ n'aa nyɩnɔ poorero yaarɔ kʊ ŋ dɔɔraa hɩɩya gɛɛ ŋ n a ku rɔ wɔɔ zɩnzɛ. Amba hɔdonno wɔɔ a hɩ m, nyɩnta k'a ʊ, an laaka da k'a nyɩ bɩ yɩrɛ dɔmɩm dɔ bɩ ma.","Listen to what we say to you, the message that we bring to you, we truly declare before you. We went to Bethlehem and found the manger where the child was laid, and he was wrapped in swaddling clothes and laid in a manger, and he slept. Also this message we tell you: truly to you, we have come to bring the good news that saves.",onesimus_E33AE420_Dec 11 output,,30.19581629704836,3.870722714038082,3.0867792661619107
Look at the birds in the sky! They don't plant or harvest. They don't even store grain in barns. Yet your Father in heaven takes care of them. Aren't you worth much more than birds?,"K'a dɩga bɛnnɔ ma: ŋ bɩr hɔ duure y, bɩ ŋ bɩr hɔ darɛ y, ŋ bɩr hɔ zarm sɩ ʊ y, b'awɔɔ Zɩ k'a nɩ arzana ʊ bɩ yɩ ŋ tʊrm! Awɔɔ n lɛ da ŋ nɩ gallɛm hɔka ra?","What do the people say now? I cannot lie, I cannot steal, I cannot deceive anyone! But only God knows what I fear from them! Are you asking me if I have many wrongdoings?",onesimus_E33AE420_Dec 11 output,,16.938159690231622,3.870722714038082,3.0867792661619107
"Some Pharisees and teachers of the Law of Moses said, “Teacher, we want you to show us a sign from heaven.”","Naa kur bɩ, wosocikarɩnsaambɔɔ kan farizɛɛnrɔ kɩ a sɩŋŋɩda ba, ŋn'a hɩ Yeezuu m, ŋ ʊ: «Karɩnsaamba, wɔɔ lɛ taa k'ɩ hoser ba k'ʊ a yɩ.»","O my lord, those who worship together on that fasting day, I said to my Jesus: ""O worshipers, you shall not fast on that day but you shall do it.""",onesimus_E33AE420_Dec 11 output,,19.45874284209264,3.870722714038082,3.0867792661619107
Servants are fortunate if their master comes and finds them doing their job.,"Zibəənyɩ bɩ do nyɩntam mimbirenyɩntazaa, k'a lɛɛzaa b'a wusigə an bʊr har ʊ, an b'a ku an nɩ zibəə k'a ka ʊ bɩ barɛ.","The children and their nurturing mothers go together to the market to buy with money, and they take their children to obtain money to sustain them.",onesimus_E33AE420_Dec 11 output,,23.373169961353508,3.870722714038082,3.0867792661619107
"Others said, “Wait! Let's see if Elijah will come and save him.”","Bɩ, a muno wɔɔ y'a hɩrɛ, ŋ ʊ: «Jɩm cɩna, k'ʊ dɩga a Elii zɛm b'a bʊmbɔ gɛ?»","Bì said, ""Come listen,"" and then he asked Jìm, ""Do you know which village Elii is from?""",onesimus_E33AE420_Dec 11 output,,20.177901936955113,3.870722714038082,3.0867792661619107
"When Herod found out that the wise men from the east had tricked him, he was very angry. He gave orders for his men to kill all the boys who lived in or near Bethlehem and were two years old and younger. This was based on what he had learned from the wise men.","Hɩrɔɔdɩ k'a b'a dɔ a ʊ, hɔdonno wɔɔ a yamba a m bɩ, a wuti nɔmaa gandaara m. A n gʊɔɔ nyɔɔ Betelehɛm ʊ kan kʊrɔ vantɔɔ k'a a so ŋ ʊ rɔ wɔɔ kɩ ʊ, kʊ ŋ n'aa nyɩnɔ poorero yaarɔ kʊ ŋ dɔɔraa hɩɩya gɛɛ ŋ n a ku rɔ wɔɔ zɩnzɛ. Amba hɔdonno wɔɔ a hɩ m, nyɩnta k'a ʊ, an laaka da k'a nyɩ bɩ yɩrɛ dɔmɩm dɔ bɩ ma.","Hiruddi, that which you said to me, these people here have come to me already, and tell mother to take care of me. And I came from Bethlehem with you, to the house/village that we saw where you stay there, and they do not know the poor people, and they will give us food and water so that I may stay with you together. But these people here have come to me because of you, so we pray that we may live in peace always.",onesimus_48E85B7F_Dec 09 output,,26.715778652900763,3.870722714038082,3.0867792661619107
Look at the birds in the sky! They don't plant or harvest. They don't even store grain in barns. Yet your Father in heaven takes care of them. Aren't you worth much more than birds?,"K'a dɩga bɛnnɔ ma: ŋ bɩr hɔ duure y, bɩ ŋ bɩr hɔ darɛ y, ŋ bɩr hɔ zarm sɩ ʊ y, b'awɔɔ Zɩ k'a nɩ arzana ʊ bɩ yɩ ŋ tʊrm! Awɔɔ n lɛ da ŋ nɩ gallɛm hɔka ra?","What are you saying about these things? I want to live, and I want to die, I want peace with my own. But the people say my words and their words make me afraid! What wrong do people do to me?",onesimus_48E85B7F_Dec 09 output,,21.04518151265028,3.870722714038082,3.0867792661619107
"Some Pharisees and teachers of the Law of Moses said, “Teacher, we want you to show us a sign from heaven.”","Naa kur bɩ, wosocikarɩnsaambɔɔ kan farizɛɛnrɔ kɩ a sɩŋŋɩda ba, ŋn'a hɩ Yeezuu m, ŋ ʊ: «Karɩnsaamba, wɔɔ lɛ taa k'ɩ hoser ba k'ʊ a yɩ.»","O Lord, my servant, those worshippers of the lords who continually pray but do not hear, but Jesus said to me: ""O lords, why do you worship those who do not worship or live?""",onesimus_48E85B7F_Dec 09 output,,23.39504203414288,3.870722714038082,3.0867792661619107
Servants are fortunate if their master comes and finds them doing their job.,"Zibəənyɩ bɩ do nyɩntam mimbirenyɩntazaa, k'a lɛɛzaa b'a wusigə an bʊr har ʊ, an b'a ku an nɩ zibəə k'a ka ʊ bɩ barɛ.","Children and house-builders, they see that people from the market place come here, and they say that their children come and live.",onesimus_48E85B7F_Dec 09 output,,22.79561104844596,3.870722714038082,3.0867792661619107
"Others said, “Wait! Let's see if Elijah will come and save him.”","Bɩ, a muno wɔɔ y'a hɩrɛ, ŋ ʊ: «Jɩm cɩna, k'ʊ dɩga a Elii zɛm b'a bʊmbɔ gɛ?»","Bì, he came here to your house, and said: ""Jìm, what's the matter with Eli? Is there a problem?""",onesimus_48E85B7F_Dec 09 output,,20.966986329140212,3.870722714038082,3.0867792661619107
"When Herod found out that the wise men from the east had tricked him, he was very angry. He gave orders for his men to kill all the boys who lived in or near Bethlehem and were two years old and younger. This was based on what he had learned from the wise men.","Hɩrɔɔdɩ k'a b'a dɔ a ʊ, hɔdonno wɔɔ a yamba a m bɩ, a wuti nɔmaa gandaara m. A n gʊɔɔ nyɔɔ Betelehɛm ʊ kan kʊrɔ vantɔɔ k'a a so ŋ ʊ rɔ wɔɔ kɩ ʊ, kʊ ŋ n'aa nyɩnɔ poorero yaarɔ kʊ ŋ dɔɔraa hɩɩya gɛɛ ŋ n a ku rɔ wɔɔ zɩnzɛ. Amba hɔdonno wɔɔ a hɩ m, nyɩnta k'a ʊ, an laaka da k'a nyɩ bɩ yɩrɛ dɔmɩm dɔ bɩ ma.","Hiruddi, what you said to me, the thing I did to you, I told the woman to take care of me. I went to Bethlehem, you and I to the church I saw, and we prayed together; and we said our prayers would be answered, and we would pray earnestly. But the thing I did to you, because of that you grew angry, that you wouldn’t listen to my words.",Dec 01 output,,27.271858579016666,3.870722714038082,3.0867792661619107
Look at the birds in the sky! They don't plant or harvest. They don't even store grain in barns. Yet your Father in heaven takes care of them. Aren't you worth much more than birds?,"K'a dɩga bɛnnɔ ma: ŋ bɩr hɔ duure y, bɩ ŋ bɩr hɔ darɛ y, ŋ bɩr hɔ zarm sɩ ʊ y, b'awɔɔ Zɩ k'a nɩ arzana ʊ bɩ yɩ ŋ tʊrm! Awɔɔ n lɛ da ŋ nɩ gallɛm hɔka ra?","What are the people saying now? I never go far, I never go to the market, I never go to the field with them; but only Zī, I know them and those I call! Only tell me, why do I speak my word?",Dec 01 output,,18.877733558126973,3.870722714038082,3.0867792661619107
"Some Pharisees and teachers of the Law of Moses said, “Teacher, we want you to show us a sign from heaven.”","Naa kur bɩ, wosocikarɩnsaambɔɔ kan farizɛɛnrɔ kɩ a sɩŋŋɩda ba, ŋn'a hɩ Yeezuu m, ŋ ʊ: «Karɩnsaamba, wɔɔ lɛ taa k'ɩ hoser ba k'ʊ a yɩ.»","O my servant, those who hear the church's word and the supplicants do not answer them; I said to Jesus, I said: ""Church, you should not come to your house, but we will hear you.""",Dec 01 output,,21.62979415870357,3.870722714038082,3.0867792661619107
Servants are fortunate if their master comes and finds them doing their job.,"Zibəənyɩ bɩ do nyɩntam mimbirenyɩntazaa, k'a lɛɛzaa b'a wusigə an bʊr har ʊ, an b'a ku an nɩ zibəə k'a ka ʊ bɩ barɛ.","Farmers who do not finish their work, the landlord says, ""Concerning their field, they come to their own farming and let them not remain.""",Dec 01 output,,28.4733282508573,3.870722714038082,3.0867792661619107
"Others said, “Wait! Let's see if Elijah will come and save him.”","Bɩ, a muno wɔɔ y'a hɩrɛ, ŋ ʊ: «Jɩm cɩna, k'ʊ dɩga a Elii zɛm b'a bʊmbɔ gɛ?»","Bì, he said come listen to you, and then: “James, where do you know that Eli said that story is?”",Dec 01 output,,19.442045334248483,3.870722714038082,3.0867792661619107
"When Herod found out that the wise men from the east had tricked him, he was very angry. He gave orders for his men to kill all the boys who lived in or near Bethlehem and were two years old and younger. This was based on what he had learned from the wise men.","Hɩrɔɔdɩ k'a b'a dɔ a ʊ, hɔdonno wɔɔ a yamba a m bɩ, a wuti nɔmaa gandaara m. A n gʊɔɔ nyɔɔ Betelehɛm ʊ kan kʊrɔ vantɔɔ k'a a so ŋ ʊ rɔ wɔɔ kɩ ʊ, kʊ ŋ n'aa nyɩnɔ poorero yaarɔ kʊ ŋ dɔɔraa hɩɩya gɛɛ ŋ n a ku rɔ wɔɔ zɩnzɛ. Amba hɔdonno wɔɔ a hɩ m, nyɩnta k'a ʊ, an laaka da k'a nyɩ bɩ yɩrɛ dɔmɩm dɔ bɩ ma.","Hiruddi, that which you said to me, the matter I did to you, I told the chief to protect me. I went to Bethlehem, the place where you saw the white people, that I said they would hear what you said; and they said that prayer is answered, and they will give help, and they will make me hear clearly. But the matter I did to you, that which you said, I will surely do what is good for you.",gerhardt_80805CFE_output_7z6RFo,,26.277050590250884,3.870722714038082,3.0867792661619107
Look at the birds in the sky! They don't plant or harvest. They don't even store grain in barns. Yet your Father in heaven takes care of them. Aren't you worth much more than birds?,"K'a dɩga bɛnnɔ ma: ŋ bɩr hɔ duure y, bɩ ŋ bɩr hɔ darɛ y, ŋ bɩr hɔ zarm sɩ ʊ y, b'awɔɔ Zɩ k'a nɩ arzana ʊ bɩ yɩ ŋ tʊrm! Awɔɔ n lɛ da ŋ nɩ gallɛm hɔka ra?","What story are you telling now? I always lie to you, I always tell the truth to you, I always deceive you with that—but O people, this is what I know, and why do I cry? O people, why do you ask me about my suffering?",gerhardt_80805CFE_output_7z6RFo,,18.280547407574264,3.870722714038082,3.0867792661619107
"Some Pharisees and teachers of the Law of Moses said, “Teacher, we want you to show us a sign from heaven.”","Naa kur bɩ, wosocikarɩnsaambɔɔ kan farizɛɛnrɔ kɩ a sɩŋŋɩda ba, ŋn'a hɩ Yeezuu m, ŋ ʊ: «Karɩnsaamba, wɔɔ lɛ taa k'ɩ hoser ba k'ʊ a yɩ.»","My servant, this preaching chief who always does good deeds, I speak to my Jesus: I said, ""O Chief King, you must always hear what he does, so that it may be done.""",gerhardt_80805CFE_output_7z6RFo,,21.643896359511515,3.870722714038082,3.0867792661619107
Servants are fortunate if their master comes and finds them doing their job.,"Zibəənyɩ bɩ do nyɩntam mimbirenyɩntazaa, k'a lɛɛzaa b'a wusigə an bʊr har ʊ, an b'a ku an nɩ zibəə k'a ka ʊ bɩ barɛ.","The household people are gathering, and they say to do their work in the field with their hands, so that they may live in their house by building it well with their hands.",gerhardt_80805CFE_output_7z6RFo,,22.1385089522479,3.870722714038082,3.0867792661619107
"Others said, “Wait! Let's see if Elijah will come and save him.”","Bɩ, a muno wɔɔ y'a hɩrɛ, ŋ ʊ: «Jɩm cɩna, k'ʊ dɩga a Elii zɛm b'a bʊmbɔ gɛ?»","Bili, he came to the market and said: ""Jimm, where are you going with Eli to the big drum?""",gerhardt_80805CFE_output_7z6RFo,,19.840591776843976,3.870722714038082,3.0867792661619107
"When Herod found out that the wise men from the east had tricked him, he was very angry. He gave orders for his men to kill all the boys who lived in or near Bethlehem and were two years old and younger. This was based on what he had learned from the wise men.","Hɩrɔɔdɩ k'a b'a dɔ a ʊ, hɔdonno wɔɔ a yamba a m bɩ, a wuti nɔmaa gandaara m. A n gʊɔɔ nyɔɔ Betelehɛm ʊ kan kʊrɔ vantɔɔ k'a a so ŋ ʊ rɔ wɔɔ kɩ ʊ, kʊ ŋ n'aa nyɩnɔ poorero yaarɔ kʊ ŋ dɔɔraa hɩɩya gɛɛ ŋ n a ku rɔ wɔɔ zɩnzɛ. Amba hɔdonno wɔɔ a hɩ m, nyɩnta k'a ʊ, an laaka da k'a nyɩ bɩ yɩrɛ dɔmɩm dɔ bɩ ma.","Hiruddi and we come from, those people who serve me constantly say mother protects me. We went to Bethlehem with small flocks, and we saw them numerous there, and they said that the pastor showed them the way to always go together. But those people who hear me, this matter and us, they will not abandon always serving in the home.",output_JA-3,,28.6220367640058,3.870722714038082,3.0867792661619107
Look at the birds in the sky! They don't plant or harvest. They don't even store grain in barns. Yet your Father in heaven takes care of them. Aren't you worth much more than birds?,"K'a dɩga bɛnnɔ ma: ŋ bɩr hɔ duure y, bɩ ŋ bɩr hɔ darɛ y, ŋ bɩr hɔ zarm sɩ ʊ y, b'awɔɔ Zɩ k'a nɩ arzana ʊ bɩ yɩ ŋ tʊrm! Awɔɔ n lɛ da ŋ nɩ gallɛm hɔka ra?","What big talk is this! I can go far, and I can go high, I can run fast with my legs! But people say whatever my strength is, I will defeat your strength! What do they say I do with my intention? Why?",output_JA-3,,19.41423012669233,3.870722714038082,3.0867792661619107
"Some Pharisees and teachers of the Law of Moses said, “Teacher, we want you to show us a sign from heaven.”","Naa kur bɩ, wosocikarɩnsaambɔɔ kan farizɛɛnrɔ kɩ a sɩŋŋɩda ba, ŋn'a hɩ Yeezuu m, ŋ ʊ: «Karɩnsaamba, wɔɔ lɛ taa k'ɩ hoser ba k'ʊ a yɩ.»","Now the father said, the people of the house chief pray for us that we might do, I say to my Jesus: ""House chief, come that we may be helped so that we live.""",output_JA-3,,21.456761810652804,3.870722714038082,3.0867792661619107
Servants are fortunate if their master comes and finds them doing their job.,"Zibəənyɩ bɩ do nyɩntam mimbirenyɩntazaa, k'a lɛɛzaa b'a wusigə an bʊr har ʊ, an b'a ku an nɩ zibəə k'a ka ʊ bɩ barɛ.","Children and those at home are cooking in pots, but they return from the market with the husband and them, and they take their children for them to eat.",output_JA-3,,23.45294164627263,3.870722714038082,3.0867792661619107
"Others said, “Wait! Let's see if Elijah will come and save him.”","Bɩ, a muno wɔɔ y'a hɩrɛ, ŋ ʊ: «Jɩm cɩna, k'ʊ dɩga a Elii zɛm b'a bʊmbɔ gɛ?»","Bili, the people here, he asked: ""Jimm, do you know the Elii market place?""",output_JA-3,,14.689639206840098,3.870722714038082,3.0867792661619107
"When Herod found out that the wise men from the east had tricked him, he was very angry. He gave orders for his men to kill all the boys who lived in or near Bethlehem and were two years old and younger. This was based on what he had learned from the wise men.","Hɩrɔɔdɩ k'a b'a dɔ a ʊ, hɔdonno wɔɔ a yamba a m bɩ, a wuti nɔmaa gandaara m. A n gʊɔɔ nyɔɔ Betelehɛm ʊ kan kʊrɔ vantɔɔ k'a a so ŋ ʊ rɔ wɔɔ kɩ ʊ, kʊ ŋ n'aa nyɩnɔ poorero yaarɔ kʊ ŋ dɔɔraa hɩɩya gɛɛ ŋ n a ku rɔ wɔɔ zɩnzɛ. Amba hɔdonno wɔɔ a hɩ m, nyɩnta k'a ʊ, an laaka da k'a nyɩ bɩ yɩrɛ dɔmɩm dɔ bɩ ma.","Hiruddi, that which you said to me and you, what you did to me again, you told the chief to protect me. I went there to Bethlehem with my household so that you might see on your behalf, and I will make daily prayers, worship God, and I will ask to see always. However, what you did to me, now you have come and again do to me indeed.",Dec 06 output,,26.856017468383097,3.870722714038082,3.0867792661619107
Look at the birds in the sky! They don't plant or harvest. They don't even store grain in barns. Yet your Father in heaven takes care of them. Aren't you worth much more than birds?,"K'a dɩga bɛnnɔ ma: ŋ bɩr hɔ duure y, bɩ ŋ bɩr hɔ darɛ y, ŋ bɩr hɔ zarm sɩ ʊ y, b'awɔɔ Zɩ k'a nɩ arzana ʊ bɩ yɩ ŋ tʊrm! Awɔɔ n lɛ da ŋ nɩ gallɛm hɔka ra?","What do those people do? I cannot read, I cannot count, I cannot speak other languages! But the teachers, what other things do they teach me, and I try? What do you say about my good work?",Dec 06 output,,18.86318505108097,3.870722714038082,3.0867792661619107
"Some Pharisees and teachers of the Law of Moses said, “Teacher, we want you to show us a sign from heaven.”","Naa kur bɩ, wosocikarɩnsaambɔɔ kan farizɛɛnrɔ kɩ a sɩŋŋɩda ba, ŋn'a hɩ Yeezuu m, ŋ ʊ: «Karɩnsaamba, wɔɔ lɛ taa k'ɩ hoser ba k'ʊ a yɩ.»","Lord, your servant, the words of the ruler that were declared to us, and we have heard them indeed. But I, Jesus, say: ""O Ruler, you should do and serve indeed, for you are truly the one.""",Dec 06 output,,21.80968803785742,3.870722714038082,3.0867792661619107
Servants are fortunate if their master comes and finds them doing their job.,"Zibəənyɩ bɩ do nyɩntam mimbirenyɩntazaa, k'a lɛɛzaa b'a wusigə an bʊr har ʊ, an b'a ku an nɩ zibəə k'a ka ʊ bɩ barɛ.","These children and those building houses, but they do not see the people's work for them, and they say to their children that they should be with them.",Dec 06 output,,21.677914384006865,3.870722714038082,3.0867792661619107
"Others said, “Wait! Let's see if Elijah will come and save him.”","Bɩ, a muno wɔɔ y'a hɩrɛ, ŋ ʊ: «Jɩm cɩna, k'ʊ dɩga a Elii zɛm b'a bʊmbɔ gɛ?»","Bili, when he went to the market, he said: ""Jim, where are you going? Do you want to buy corn from Eli?""",Dec 06 output,,16.23953171964168,3.870722714038082,3.0867792661619107
"When Herod found out that the wise men from the east had tricked him, he was very angry. He gave orders for his men to kill all the boys who lived in or near Bethlehem and were two years old and younger. This was based on what he had learned from the wise men.","Hɩrɔɔdɩ k'a b'a dɔ a ʊ, hɔdonno wɔɔ a yamba a m bɩ, a wuti nɔmaa gandaara m. A n gʊɔɔ nyɔɔ Betelehɛm ʊ kan kʊrɔ vantɔɔ k'a a so ŋ ʊ rɔ wɔɔ kɩ ʊ, kʊ ŋ n'aa nyɩnɔ poorero yaarɔ kʊ ŋ dɔɔraa hɩɩya gɛɛ ŋ n a ku rɔ wɔɔ zɩnzɛ. Amba hɔdonno wɔɔ a hɩ m, nyɩnta k'a ʊ, an laaka da k'a nyɩ bɩ yɩrɛ dɔmɩm dɔ bɩ ma.","Hiruddi, what you said to me, the trouble you started with me, you have truly made me a slave. You went to Bethlehem and the market, that I saw you doing to yourself, and you will take me to a place of captivity, and you will enter darkness, and you will cause me to suffer greatly. But the trouble you have done to me, what you said, I will not listen—you will not stop oppressing me.",onesimus_C6D92021_Dec 02 output,,27.34130785195968,3.870722714038082,3.0867792661619107
Look at the birds in the sky! They don't plant or harvest. They don't even store grain in barns. Yet your Father in heaven takes care of them. Aren't you worth much more than birds?,"K'a dɩga bɛnnɔ ma: ŋ bɩr hɔ duure y, bɩ ŋ bɩr hɔ darɛ y, ŋ bɩr hɔ zarm sɩ ʊ y, b'awɔɔ Zɩ k'a nɩ arzana ʊ bɩ yɩ ŋ tʊrm! Awɔɔ n lɛ da ŋ nɩ gallɛm hɔka ra?","You said these things now: I wanted to live, and I wanted to die, and I wanted to work for my own sake, but the people of Zī—you with my plan—and then this is why I am here! What do you people teach me about my way?",onesimus_C6D92021_Dec 02 output,,21.32185289536011,3.870722714038082,3.0867792661619107
"Some Pharisees and teachers of the Law of Moses said, “Teacher, we want you to show us a sign from heaven.”","Naa kur bɩ, wosocikarɩnsaambɔɔ kan farizɛɛnrɔ kɩ a sɩŋŋɩda ba, ŋn'a hɩ Yeezuu m, ŋ ʊ: «Karɩnsaamba, wɔɔ lɛ taa k'ɩ hoser ba k'ʊ a yɩ.»","Sir, I am your servant; the commands you spoke that I heard, I will remember. I speak to my Jesus: ""Teacher, come and help me so that I may live.""",onesimus_C6D92021_Dec 02 output,,23.324467911128067,3.870722714038082,3.0867792661619107
Servants are fortunate if their master comes and finds them doing their job.,"Zibəənyɩ bɩ do nyɩntam mimbirenyɩntazaa, k'a lɛɛzaa b'a wusigə an bʊr har ʊ, an b'a ku an nɩ zibəə k'a ka ʊ bɩ barɛ.","The children and those in their house cook food every day, but they don't do work for their father with him; instead, they tell their mother that she should cook for them.",onesimus_C6D92021_Dec 02 output,,25.097628030056256,3.870722714038082,3.0867792661619107
"Others said, “Wait! Let's see if Elijah will come and save him.”","Bɩ, a muno wɔɔ y'a hɩrɛ, ŋ ʊ: «Jɩm cɩna, k'ʊ dɩga a Elii zɛm b'a bʊmbɔ gɛ?»","Bili, as he went to the market, he asked: ""Jim, where are you going with Eli to the big drum?""",onesimus_C6D92021_Dec 02 output,,14.606111624507717,3.870722714038082,3.0867792661619107
"When Herod found out that the wise men from the east had tricked him, he was very angry. He gave orders for his men to kill all the boys who lived in or near Bethlehem and were two years old and younger. This was based on what he had learned from the wise men.","Hɩrɔɔdɩ k'a b'a dɔ a ʊ, hɔdonno wɔɔ a yamba a m bɩ, a wuti nɔmaa gandaara m. A n gʊɔɔ nyɔɔ Betelehɛm ʊ kan kʊrɔ vantɔɔ k'a a so ŋ ʊ rɔ wɔɔ kɩ ʊ, kʊ ŋ n'aa nyɩnɔ poorero yaarɔ kʊ ŋ dɔɔraa hɩɩya gɛɛ ŋ n a ku rɔ wɔɔ zɩnzɛ. Amba hɔdonno wɔɔ a hɩ m, nyɩnta k'a ʊ, an laaka da k'a nyɩ bɩ yɩrɛ dɔmɩm dɔ bɩ ma.","Hiruddi, that which you said to me—these people here have come to me and told mother to take care of me. And now I am going to Bethlehem with my family, saying that you should come back quickly to me; I will prepare food for you, and I will bring water and make you come together. But these people here have troubled me because of you; do not let me not rest in peace.",Jan output 1 ,,25.903410293446438,3.870722714038082,3.0867792661619107
Look at the birds in the sky! They don't plant or harvest. They don't even store grain in barns. Yet your Father in heaven takes care of them. Aren't you worth much more than birds?,"K'a dɩga bɛnnɔ ma: ŋ bɩr hɔ duure y, bɩ ŋ bɩr hɔ darɛ y, ŋ bɩr hɔ zarm sɩ ʊ y, b'awɔɔ Zɩ k'a nɩ arzana ʊ bɩ yɩ ŋ tʊrm! Awɔɔ n lɛ da ŋ nɩ gallɛm hɔka ra?","What big matter is this now? I always lie to you, I always cheat you, I always harm your things! But O Lord, what is my prayer and this thing that I fear? Why do you ask me about my words?",Jan output 1 ,,18.746590613004326,3.870722714038082,3.0867792661619107
"Some Pharisees and teachers of the Law of Moses said, “Teacher, we want you to show us a sign from heaven.”","Naa kur bɩ, wosocikarɩnsaambɔɔ kan farizɛɛnrɔ kɩ a sɩŋŋɩda ba, ŋn'a hɩ Yeezuu m, ŋ ʊ: «Karɩnsaamba, wɔɔ lɛ taa k'ɩ hoser ba k'ʊ a yɩ.»","O my servant, those who pray together with the people of Fari that they might not listen, I said to my Jesus: He said, ""O you who pray together, you must come that they might not hear, so that they perish.""",Jan output 1 ,,22.184123881697534,3.870722714038082,3.0867792661619107
Servants are fortunate if their master comes and finds them doing their job.,"Zibəənyɩ bɩ do nyɩntam mimbirenyɩntazaa, k'a lɛɛzaa b'a wusigə an bʊr har ʊ, an b'a ku an nɩ zibəə k'a ka ʊ bɩ barɛ.","The children today went to the market, but they saw their path and the house from there, and they brought their children but told them to stay.",Jan output 1 ,,22.324648338012338,3.870722714038082,3.0867792661619107
"Others said, “Wait! Let's see if Elijah will come and save him.”","Bɩ, a muno wɔɔ y'a hɩrɛ, ŋ ʊ: «Jɩm cɩna, k'ʊ dɩga a Elii zɛm b'a bʊmbɔ gɛ?»","Bili, he came here to your house and said: ""Jim, do you know where Elii went to the market?""",Jan output 1 ,,21.01239787043791,3.870722714038082,3.0867792661619107
"When Herod found out that the wise men from the east had tricked him, he was very angry. He gave orders for his men to kill all the boys who lived in or near Bethlehem and were two years old and younger. This was based on what he had learned from the wise men.","Hɩrɔɔdɩ k'a b'a dɔ a ʊ, hɔdonno wɔɔ a yamba a m bɩ, a wuti nɔmaa gandaara m. A n gʊɔɔ nyɔɔ Betelehɛm ʊ kan kʊrɔ vantɔɔ k'a a so ŋ ʊ rɔ wɔɔ kɩ ʊ, kʊ ŋ n'aa nyɩnɔ poorero yaarɔ kʊ ŋ dɔɔraa hɩɩya gɛɛ ŋ n a ku rɔ wɔɔ zɩnzɛ. Amba hɔdonno wɔɔ a hɩ m, nyɩnta k'a ʊ, an laaka da k'a nyɩ bɩ yɩrɛ dɔmɩm dɔ bɩ ma.","Hiruddi, what you said to me, and now what you have done to bring me here, tell mother to watch over me. I went to Bethlehem and to the house/village, and you said I would find nothing there, but I did not get enough sustenance, and I cannot return in peace because I cannot find calm. So whatever you have done to me, now send back what I need to my home.",onesimus_5B146D14_Dec 05 output,,26.905144790074498,3.870722714038082,3.0867792661619107
Look at the birds in the sky! They don't plant or harvest. They don't even store grain in barns. Yet your Father in heaven takes care of them. Aren't you worth much more than birds?,"K'a dɩga bɛnnɔ ma: ŋ bɩr hɔ duure y, bɩ ŋ bɩr hɔ darɛ y, ŋ bɩr hɔ zarm sɩ ʊ y, b'awɔɔ Zɩ k'a nɩ arzana ʊ bɩ yɩ ŋ tʊrm! Awɔɔ n lɛ da ŋ nɩ gallɛm hɔka ra?","O people, listen: I don’t want to lie, I don’t want to steal, I don’t want to harm others; but those who take my words and don’t keep them, I swear! What do you say about my account, is that true?",onesimus_5B146D14_Dec 05 output,,18.99388598611163,3.870722714038082,3.0867792661619107
"Some Pharisees and teachers of the Law of Moses said, “Teacher, we want you to show us a sign from heaven.”","Naa kur bɩ, wosocikarɩnsaambɔɔ kan farizɛɛnrɔ kɩ a sɩŋŋɩda ba, ŋn'a hɩ Yeezuu m, ŋ ʊ: «Karɩnsaamba, wɔɔ lɛ taa k'ɩ hoser ba k'ʊ a yɩ.»","O my servant, those who pray together in full faith that they will not listen, I say to my Jesus, I say: Prayer, you must come that it is not heard, but they do.",onesimus_5B146D14_Dec 05 output,,21.105386188188838,3.870722714038082,3.0867792661619107
Servants are fortunate if their master comes and finds them doing their job.,"Zibəənyɩ bɩ do nyɩntam mimbirenyɩntazaa, k'a lɛɛzaa b'a wusigə an bʊr har ʊ, an b'a ku an nɩ zibəə k'a ka ʊ bɩ barɛ.","They and the children cook food daily in their house, but they do not work, and their mouths speak to them, and take their children but only see them.",onesimus_5B146D14_Dec 05 output,,22.948628520750304,3.870722714038082,3.0867792661619107
"Others said, “Wait! Let's see if Elijah will come and save him.”","Bɩ, a muno wɔɔ y'a hɩrɛ, ŋ ʊ: «Jɩm cɩna, k'ʊ dɩga a Elii zɛm b'a bʊmbɔ gɛ?»","Hey, the people here in this place, he said: ""Jim, what do you know about Elii's house?""",onesimus_5B146D14_Dec 05 output,,17.74920753832298,3.870722714038082,3.0867792661619107
"When Herod found out that the wise men from the east had tricked him, he was very angry. He gave orders for his men to kill all the boys who lived in or near Bethlehem and were two years old and younger. This was based on what he had learned from the wise men.","Hɩrɔɔdɩ k'a b'a dɔ a ʊ, hɔdonno wɔɔ a yamba a m bɩ, a wuti nɔmaa gandaara m. A n gʊɔɔ nyɔɔ Betelehɛm ʊ kan kʊrɔ vantɔɔ k'a a so ŋ ʊ rɔ wɔɔ kɩ ʊ, kʊ ŋ n'aa nyɩnɔ poorero yaarɔ kʊ ŋ dɔɔraa hɩɩya gɛɛ ŋ n a ku rɔ wɔɔ zɩnzɛ. Amba hɔdonno wɔɔ a hɩ m, nyɩnta k'a ʊ, an laaka da k'a nyɩ bɩ yɩrɛ dɔmɩm dɔ bɩ ma.","Hiruddi, that which you said to me and you, these people here have come to me already, tell mother to take care of me. And I am going now to Bethlehem with a bag of clothes that you told me to see for you, and you will find poor people there who will receive you with joy when you arrive. But these people here have heard me, what you said, and they have already prepared food for me.",gerhardt_428C0151_output_jQjr1f,,27.1862771308862,3.870722714038082,3.0867792661619107
Look at the birds in the sky! They don't plant or harvest. They don't even store grain in barns. Yet your Father in heaven takes care of them. Aren't you worth much more than birds?,"K'a dɩga bɛnnɔ ma: ŋ bɩr hɔ duure y, bɩ ŋ bɩr hɔ darɛ y, ŋ bɩr hɔ zarm sɩ ʊ y, b'awɔɔ Zɩ k'a nɩ arzana ʊ bɩ yɩ ŋ tʊrm! Awɔɔ n lɛ da ŋ nɩ gallɛm hɔka ra?","Look at this big matter! I always tell lies, I always steal, I even always harm people! But as for God, what judgment of mine—even now I fear! What do you say about my words, is it true?",gerhardt_428C0151_output_jQjr1f,,19.768744883750195,3.870722714038082,3.0867792661619107
"Some Pharisees and teachers of the Law of Moses said, “Teacher, we want you to show us a sign from heaven.”","Naa kur bɩ, wosocikarɩnsaambɔɔ kan farizɛɛnrɔ kɩ a sɩŋŋɩda ba, ŋn'a hɩ Yeezuu m, ŋ ʊ: «Karɩnsaamba, wɔɔ lɛ taa k'ɩ hoser ba k'ʊ a yɩ.»","O Lord, I am your servant; the supplicants of the Fariz people who have heard, I said to my Jesus: “O supplicants, you must come for the help you have, and you know.”",gerhardt_428C0151_output_jQjr1f,,24.02393481416855,3.870722714038082,3.0867792661619107
Servants are fortunate if their master comes and finds them doing their job.,"Zibəənyɩ bɩ do nyɩntam mimbirenyɩntazaa, k'a lɛɛzaa b'a wusigə an bʊr har ʊ, an b'a ku an nɩ zibəə k'a ka ʊ bɩ barɛ.","Children and those in their house cook food together, but they do not eat from the market with their money, so they take their own children and make them live.",gerhardt_428C0151_output_jQjr1f,,23.993416774659348,3.870722714038082,3.0867792661619107
"Others said, “Wait! Let's see if Elijah will come and save him.”","Bɩ, a muno wɔɔ y'a hɩrɛ, ŋ ʊ: «Jɩm cɩna, k'ʊ dɩga a Elii zɛm b'a bʊmbɔ gɛ?»","Bili, as he was going to the market, he said: ""Jimm, where did you take Elii's bag that was there?""",gerhardt_428C0151_output_jQjr1f,,17.264554305527284,3.870722714038082,3.0867792661619107
"When Herod found out that the wise men from the east had tricked him, he was very angry. He gave orders for his men to kill all the boys who lived in or near Bethlehem and were two years old and younger. This was based on what he had learned from the wise men.","Hɩrɔɔdɩ k'a b'a dɔ a ʊ, hɔdonno wɔɔ a yamba a m bɩ, a wuti nɔmaa gandaara m. A n gʊɔɔ nyɔɔ Betelehɛm ʊ kan kʊrɔ vantɔɔ k'a a so ŋ ʊ rɔ wɔɔ kɩ ʊ, kʊ ŋ n'aa nyɩnɔ poorero yaarɔ kʊ ŋ dɔɔraa hɩɩya gɛɛ ŋ n a ku rɔ wɔɔ zɩnzɛ. Amba hɔdonno wɔɔ a hɩ m, nyɩnta k'a ʊ, an laaka da k'a nyɩ bɩ yɩrɛ dɔmɩm dɔ bɩ ma.","Hiruddi, what you said to me and did, you brought food to care for me. And we went there to Bethlehem with joy in our hearts, that you might tell us to do again, and we see your mercy filling us, and you give us peace that we will always do. But what you did to me, only that you gave me much love that makes me happy.",gerhardt_E4DFEBFE_output_T8d1lo,,27.213369516236348,3.870722714038082,3.0867792661619107
Look at the birds in the sky! They don't plant or harvest. They don't even store grain in barns. Yet your Father in heaven takes care of them. Aren't you worth much more than birds?,"K'a dɩga bɛnnɔ ma: ŋ bɩr hɔ duure y, bɩ ŋ bɩr hɔ darɛ y, ŋ bɩr hɔ zarm sɩ ʊ y, b'awɔɔ Zɩ k'a nɩ arzana ʊ bɩ yɩ ŋ tʊrm! Awɔɔ n lɛ da ŋ nɩ gallɛm hɔka ra?","Listen, I say these things: I want to live, I want to die, I want peace with myself, but people don’t hear me and I always fear! People, what do you say about my situation? Why?",gerhardt_E4DFEBFE_output_T8d1lo,,17.627276838106,3.870722714038082,3.0867792661619107
"Some Pharisees and teachers of the Law of Moses said, “Teacher, we want you to show us a sign from heaven.”","Naa kur bɩ, wosocikarɩnsaambɔɔ kan farizɛɛnrɔ kɩ a sɩŋŋɩda ba, ŋn'a hɩ Yeezuu m, ŋ ʊ: «Karɩnsaamba, wɔɔ lɛ taa k'ɩ hoser ba k'ʊ a yɩ.»","O Lord, your servant, those who worship together and fast daily— but Jesus said to me, ""I said, Worshippers, you must go to that house and so do as they do.""",gerhardt_E4DFEBFE_output_T8d1lo,,22.25599895879964,3.870722714038082,3.0867792661619107
Servants are fortunate if their master comes and finds them doing their job.,"Zibəənyɩ bɩ do nyɩntam mimbirenyɩntazaa, k'a lɛɛzaa b'a wusigə an bʊr har ʊ, an b'a ku an nɩ zibəə k'a ka ʊ bɩ barɛ.","Children and those in the house are arranging cooking pots, but they are not eating because there is no food in their mouths, so they say their children that they live there.",gerhardt_E4DFEBFE_output_T8d1lo,,22.994794523503757,3.870722714038082,3.0867792661619107
"Others said, “Wait! Let's see if Elijah will come and save him.”","Bɩ, a muno wɔɔ y'a hɩrɛ, ŋ ʊ: «Jɩm cɩna, k'ʊ dɩga a Elii zɛm b'a bʊmbɔ gɛ?»","Bì, as he came to the market, he asked: “Jìm, what is the price of Eli’s cassava?”",gerhardt_E4DFEBFE_output_T8d1lo,,16.920008665452997,3.870722714038082,3.0867792661619107
"When Herod found out that the wise men from the east had tricked him, he was very angry. He gave orders for his men to kill all the boys who lived in or near Bethlehem and were two years old and younger. This was based on what he had learned from the wise men.","Hɩrɔɔdɩ k'a b'a dɔ a ʊ, hɔdonno wɔɔ a yamba a m bɩ, a wuti nɔmaa gandaara m. A n gʊɔɔ nyɔɔ Betelehɛm ʊ kan kʊrɔ vantɔɔ k'a a so ŋ ʊ rɔ wɔɔ kɩ ʊ, kʊ ŋ n'aa nyɩnɔ poorero yaarɔ kʊ ŋ dɔɔraa hɩɩya gɛɛ ŋ n a ku rɔ wɔɔ zɩnzɛ. Amba hɔdonno wɔɔ a hɩ m, nyɩnta k'a ʊ, an laaka da k'a nyɩ bɩ yɩrɛ dɔmɩm dɔ bɩ ma.","Hiruddi, that which you said to me—these people here have come to me and told mother to take care of me. And now I am going to Bethlehem with my family, saying that you should come back quickly to me; I will prepare food for you, and I will bring water and make you come together. But these people here have troubled me because of you; do not let me not rest in peace.",onesimus_4838858E_Jan output 1 ,,25.903410293446438,3.870722714038082,3.0867792661619107
Look at the birds in the sky! They don't plant or harvest. They don't even store grain in barns. Yet your Father in heaven takes care of them. Aren't you worth much more than birds?,"K'a dɩga bɛnnɔ ma: ŋ bɩr hɔ duure y, bɩ ŋ bɩr hɔ darɛ y, ŋ bɩr hɔ zarm sɩ ʊ y, b'awɔɔ Zɩ k'a nɩ arzana ʊ bɩ yɩ ŋ tʊrm! Awɔɔ n lɛ da ŋ nɩ gallɛm hɔka ra?","What big matter is this now? I always lie to you, I always cheat you, I always harm your things! But O Lord, what is my prayer and this thing that I fear? Why do you ask me about my words?",onesimus_4838858E_Jan output 1 ,,18.746590613004326,3.870722714038082,3.0867792661619107
"Some Pharisees and teachers of the Law of Moses said, “Teacher, we want you to show us a sign from heaven.”","Naa kur bɩ, wosocikarɩnsaambɔɔ kan farizɛɛnrɔ kɩ a sɩŋŋɩda ba, ŋn'a hɩ Yeezuu m, ŋ ʊ: «Karɩnsaamba, wɔɔ lɛ taa k'ɩ hoser ba k'ʊ a yɩ.»","O my servant, those who pray together with the people of Fari that they might not listen, I said to my Jesus: He said, ""O you who pray together, you must come that they might not hear, so that they perish.""",onesimus_4838858E_Jan output 1 ,,22.184123881697534,3.870722714038082,3.0867792661619107
Servants are fortunate if their master comes and finds them doing their job.,"Zibəənyɩ bɩ do nyɩntam mimbirenyɩntazaa, k'a lɛɛzaa b'a wusigə an bʊr har ʊ, an b'a ku an nɩ zibəə k'a ka ʊ bɩ barɛ.","The children today went to the market, but they saw their path and the house from there, and they brought their children but told them to stay.",onesimus_4838858E_Jan output 1 ,,22.324648338012338,3.870722714038082,3.0867792661619107
"Others said, “Wait! Let's see if Elijah will come and save him.”","Bɩ, a muno wɔɔ y'a hɩrɛ, ŋ ʊ: «Jɩm cɩna, k'ʊ dɩga a Elii zɛm b'a bʊmbɔ gɛ?»","Bili, he came here to your house and said: ""Jim, do you know where Elii went to the market?""",onesimus_4838858E_Jan output 1 ,,21.01239787043791,3.870722714038082,3.0867792661619107
"When Herod found out that the wise men from the east had tricked him, he was very angry. He gave orders for his men to kill all the boys who lived in or near Bethlehem and were two years old and younger. This was based on what he had learned from the wise men.","Hɩrɔɔdɩ k'a b'a dɔ a ʊ, hɔdonno wɔɔ a yamba a m bɩ, a wuti nɔmaa gandaara m. A n gʊɔɔ nyɔɔ Betelehɛm ʊ kan kʊrɔ vantɔɔ k'a a so ŋ ʊ rɔ wɔɔ kɩ ʊ, kʊ ŋ n'aa nyɩnɔ poorero yaarɔ kʊ ŋ dɔɔraa hɩɩya gɛɛ ŋ n a ku rɔ wɔɔ zɩnzɛ. Amba hɔdonno wɔɔ a hɩ m, nyɩnta k'a ʊ, an laaka da k'a nyɩ bɩ yɩrɛ dɔmɩm dɔ bɩ ma.","Hiruddi, what you said to me, and now this matter you started with me, and you told the mother to take me. I went to Bethlehem, and there in the church where you said we should go, there we did not see the priest at the altar, and we did not pray as you commanded. But this matter you did to me, now that you mention it, you should know that you did not tell me the truth.",gerhardt_2F3FAF10_output (1),,27.036623173362873,3.870722714038082,3.0867792661619107
Look at the birds in the sky! They don't plant or harvest. They don't even store grain in barns. Yet your Father in heaven takes care of them. Aren't you worth much more than birds?,"K'a dɩga bɛnnɔ ma: ŋ bɩr hɔ duure y, bɩ ŋ bɩr hɔ darɛ y, ŋ bɩr hɔ zarm sɩ ʊ y, b'awɔɔ Zɩ k'a nɩ arzana ʊ bɩ yɩ ŋ tʊrm! Awɔɔ n lɛ da ŋ nɩ gallɛm hɔka ra?","Listen well, brother! I want to travel far, and I want to stay, and I want to work with my strength. But O people, my intention is that I do not fear yet! What do you say, people, about my good path?",gerhardt_2F3FAF10_output (1),,19.384247926915897,3.870722714038082,3.0867792661619107
"Some Pharisees and teachers of the Law of Moses said, “Teacher, we want you to show us a sign from heaven.”","Naa kur bɩ, wosocikarɩnsaambɔɔ kan farizɛɛnrɔ kɩ a sɩŋŋɩda ba, ŋn'a hɩ Yeezuu m, ŋ ʊ: «Karɩnsaamba, wɔɔ lɛ taa k'ɩ hoser ba k'ʊ a yɩ.»","O my lord, servant, the prayer assembly of the people of Fariz does not hear; I said to my Jesus, and he said: ""Prayer assembly, come let us not answer that or they know.""",gerhardt_2F3FAF10_output (1),,22.250495667163754,3.870722714038082,3.0867792661619107
Servants are fortunate if their master comes and finds them doing their job.,"Zibəənyɩ bɩ do nyɩntam mimbirenyɩntazaa, k'a lɛɛzaa b'a wusigə an bʊr har ʊ, an b'a ku an nɩ zibəə k'a ka ʊ bɩ barɛ.","Children and those who prepare food for their homes, but they don't say to go to the market for the people here, and they take their children only to live with us.",gerhardt_2F3FAF10_output (1),,26.502296183827994,3.870722714038082,3.0867792661619107
"Others said, “Wait! Let's see if Elijah will come and save him.”","Bɩ, a muno wɔɔ y'a hɩrɛ, ŋ ʊ: «Jɩm cɩna, k'ʊ dɩga a Elii zɛm b'a bʊmbɔ gɛ?»","Bì, when he came to the market, he said: ""Jim, do you know where Eli's village is?""",gerhardt_2F3FAF10_output (1),,18.683899015542444,3.870722714038082,3.0867792661619107
"When Herod found out that the wise men from the east had tricked him, he was very angry. He gave orders for his men to kill all the boys who lived in or near Bethlehem and were two years old and younger. This was based on what he had learned from the wise men.","Hɩrɔɔdɩ k'a b'a dɔ a ʊ, hɔdonno wɔɔ a yamba a m bɩ, a wuti nɔmaa gandaara m. A n gʊɔɔ nyɔɔ Betelehɛm ʊ kan kʊrɔ vantɔɔ k'a a so ŋ ʊ rɔ wɔɔ kɩ ʊ, kʊ ŋ n'aa nyɩnɔ poorero yaarɔ kʊ ŋ dɔɔraa hɩɩya gɛɛ ŋ n a ku rɔ wɔɔ zɩnzɛ. Amba hɔdonno wɔɔ a hɩ m, nyɩnta k'a ʊ, an laaka da k'a nyɩ bɩ yɩrɛ dɔmɩm dɔ bɩ ma.","Hiruddi, that which you said to me and you, what you did to me again, you told the chief to protect me. I went there to Bethlehem with my household so that you might see on your behalf, and I will make daily prayers, worship God, and I will ask to see always. However, what you did to me, now you have come and again do to me indeed.",onesimus_778C5456_Dec 06 output,,26.856017468383097,3.870722714038082,3.0867792661619107
Look at the birds in the sky! They don't plant or harvest. They don't even store grain in barns. Yet your Father in heaven takes care of them. Aren't you worth much more than birds?,"K'a dɩga bɛnnɔ ma: ŋ bɩr hɔ duure y, bɩ ŋ bɩr hɔ darɛ y, ŋ bɩr hɔ zarm sɩ ʊ y, b'awɔɔ Zɩ k'a nɩ arzana ʊ bɩ yɩ ŋ tʊrm! Awɔɔ n lɛ da ŋ nɩ gallɛm hɔka ra?","What do those people do? I cannot read, I cannot count, I cannot speak other languages! But the teachers, what other things do they teach me, and I try? What do you say about my good work?",onesimus_778C5456_Dec 06 output,,18.86318505108097,3.870722714038082,3.0867792661619107
"Some Pharisees and teachers of the Law of Moses said, “Teacher, we want you to show us a sign from heaven.”","Naa kur bɩ, wosocikarɩnsaambɔɔ kan farizɛɛnrɔ kɩ a sɩŋŋɩda ba, ŋn'a hɩ Yeezuu m, ŋ ʊ: «Karɩnsaamba, wɔɔ lɛ taa k'ɩ hoser ba k'ʊ a yɩ.»","Lord, your servant, the words of the ruler that were declared to us, and we have heard them indeed. But I, Jesus, say: ""O Ruler, you should do and serve indeed, for you are truly the one.""",onesimus_778C5456_Dec 06 output,,21.80968803785742,3.870722714038082,3.0867792661619107
Servants are fortunate if their master comes and finds them doing their job.,"Zibəənyɩ bɩ do nyɩntam mimbirenyɩntazaa, k'a lɛɛzaa b'a wusigə an bʊr har ʊ, an b'a ku an nɩ zibəə k'a ka ʊ bɩ barɛ.","These children and those building houses, but they do not see the people's work for them, and they say to their children that they should be with them.",onesimus_778C5456_Dec 06 output,,21.677914384006865,3.870722714038082,3.0867792661619107
"Others said, “Wait! Let's see if Elijah will come and save him.”","Bɩ, a muno wɔɔ y'a hɩrɛ, ŋ ʊ: «Jɩm cɩna, k'ʊ dɩga a Elii zɛm b'a bʊmbɔ gɛ?»","Bili, when he went to the market, he said: ""Jim, where are you going? Do you want to buy corn from Eli?""",onesimus_778C5456_Dec 06 output,,16.23953171964168,3.870722714038082,3.0867792661619107
"When Herod found out that the wise men from the east had tricked him, he was very angry. He gave orders for his men to kill all the boys who lived in or near Bethlehem and were two years old and younger. This was based on what he had learned from the wise men.","Hɩrɔɔdɩ k'a b'a dɔ a ʊ, hɔdonno wɔɔ a yamba a m bɩ, a wuti nɔmaa gandaara m. A n gʊɔɔ nyɔɔ Betelehɛm ʊ kan kʊrɔ vantɔɔ k'a a so ŋ ʊ rɔ wɔɔ kɩ ʊ, kʊ ŋ n'aa nyɩnɔ poorero yaarɔ kʊ ŋ dɔɔraa hɩɩya gɛɛ ŋ n a ku rɔ wɔɔ zɩnzɛ. Amba hɔdonno wɔɔ a hɩ m, nyɩnta k'a ʊ, an laaka da k'a nyɩ bɩ yɩrɛ dɔmɩm dɔ bɩ ma.","Hiruddi, what you said to me, these people here have already come to me, and tell mother to take care of me. And I am going to Bethlehem now with you, to the house we saw, that they may come back here again; and we will pray to Lord Poorero to give us daily food so that we may come together. But these people here who hate me, because of what you said, they persecute me so that I may not live already.",gerhardt_E3C23636_output_AHjhdB,,27.804426917174112,3.870722714038082,3.0867792661619107
Look at the birds in the sky! They don't plant or harvest. They don't even store grain in barns. Yet your Father in heaven takes care of them. Aren't you worth much more than birds?,"K'a dɩga bɛnnɔ ma: ŋ bɩr hɔ duure y, bɩ ŋ bɩr hɔ darɛ y, ŋ bɩr hɔ zarm sɩ ʊ y, b'awɔɔ Zɩ k'a nɩ arzana ʊ bɩ yɩ ŋ tʊrm! Awɔɔ n lɛ da ŋ nɩ gallɛm hɔka ra?","What do the people say? I never go far, nor to the market, nor to the field with them—only those who know what I am call me! Do they ask me why I seek my own?",gerhardt_E3C23636_output_AHjhdB,,17.043119221930898,3.870722714038082,3.0867792661619107
"Some Pharisees and teachers of the Law of Moses said, “Teacher, we want you to show us a sign from heaven.”","Naa kur bɩ, wosocikarɩnsaambɔɔ kan farizɛɛnrɔ kɩ a sɩŋŋɩda ba, ŋn'a hɩ Yeezuu m, ŋ ʊ: «Karɩnsaamba, wɔɔ lɛ taa k'ɩ hoser ba k'ʊ a yɩ.»","O my servant, the worshippers of the gods and their supplications that are not heard— but Jesus said to me, ""I said: O gods/lords, your supplications that you do not answer, but we serve you.""",gerhardt_E3C23636_output_AHjhdB,,26.270068208158666,3.870722714038082,3.0867792661619107
Servants are fortunate if their master comes and finds them doing their job.,"Zibəənyɩ bɩ do nyɩntam mimbirenyɩntazaa, k'a lɛɛzaa b'a wusigə an bʊr har ʊ, an b'a ku an nɩ zibəə k'a ka ʊ bɩ barɛ.","Children and housebuilders, but they do not see their work every day, and they do not come to their children to make them happy.",gerhardt_E3C23636_output_AHjhdB,,24.257834860969325,3.870722714038082,3.0867792661619107
"Others said, “Wait! Let's see if Elijah will come and save him.”","Bɩ, a muno wɔɔ y'a hɩrɛ, ŋ ʊ: «Jɩm cɩna, k'ʊ dɩga a Elii zɛm b'a bʊmbɔ gɛ?»","Bili, the people are at the market, and he said: ""Jim, do you know where Elii's goods are sold?""",gerhardt_E3C23636_output_AHjhdB,,19.138815698832502,3.870722714038082,3.0867792661619107
"When Herod found out that the wise men from the east had tricked him, he was very angry. He gave orders for his men to kill all the boys who lived in or near Bethlehem and were two years old and younger. This was based on what he had learned from the wise men.","Hɩrɔɔdɩ k'a b'a dɔ a ʊ, hɔdonno wɔɔ a yamba a m bɩ, a wuti nɔmaa gandaara m. A n gʊɔɔ nyɔɔ Betelehɛm ʊ kan kʊrɔ vantɔɔ k'a a so ŋ ʊ rɔ wɔɔ kɩ ʊ, kʊ ŋ n'aa nyɩnɔ poorero yaarɔ kʊ ŋ dɔɔraa hɩɩya gɛɛ ŋ n a ku rɔ wɔɔ zɩnzɛ. Amba hɔdonno wɔɔ a hɩ m, nyɩnta k'a ʊ, an laaka da k'a nyɩ bɩ yɩrɛ dɔmɩm dɔ bɩ ma.","Hallelujah, the Lord has done great things for us; his mercy, which he has bestowed upon us, fills our hearts with joy for us. He has come to Bethlehem with the child for us, that the Lord might save and deliver us; and he has made known his glory to all, and given peace to all who truly believe. Therefore we praise his mercy, for he is for us, and we will worship him with all our hearts and souls.",Dec 12 output,,30.111079192341634,3.870722714038082,3.0867792661619107
Look at the birds in the sky! They don't plant or harvest. They don't even store grain in barns. Yet your Father in heaven takes care of them. Aren't you worth much more than birds?,"K'a dɩga bɛnnɔ ma: ŋ bɩr hɔ duure y, bɩ ŋ bɩr hɔ darɛ y, ŋ bɩr hɔ zarm sɩ ʊ y, b'awɔɔ Zɩ k'a nɩ arzana ʊ bɩ yɩ ŋ tʊrm! Awɔɔ n lɛ da ŋ nɩ gallɛm hɔka ra?","What do the people say now? I don’t go far there, and I don’t go near there either, I don’t go to the market with them there! But those who know my thing don’t even leave me! Why do you call my name there?",Dec 12 output,,21.192043861751074,3.870722714038082,3.0867792661619107
"Some Pharisees and teachers of the Law of Moses said, “Teacher, we want you to show us a sign from heaven.”","Naa kur bɩ, wosocikarɩnsaambɔɔ kan farizɛɛnrɔ kɩ a sɩŋŋɩda ba, ŋn'a hɩ Yeezuu m, ŋ ʊ: «Karɩnsaamba, wɔɔ lɛ taa k'ɩ hoser ba k'ʊ a yɩ.»","O my servant, those who worship together and fast by day, that which they make heard—I said to my Jesus, I said: “Worshippers, you should come that they may save you from sin.”",Dec 12 output,,24.540689923840276,3.870722714038082,3.0867792661619107
Servants are fortunate if their master comes and finds them doing their job.,"Zibəənyɩ bɩ do nyɩntam mimbirenyɩntazaa, k'a lɛɛzaa b'a wusigə an bʊr har ʊ, an b'a ku an nɩ zibəə k'a ka ʊ bɩ barɛ.","Those who farm together are preparing the fields, and they say that their huts accompany us, and they bring their farm tools so that we can stay.",Dec 12 output,,27.468037489284775,3.870722714038082,3.0867792661619107
"Others said, “Wait! Let's see if Elijah will come and save him.”","Bɩ, a muno wɔɔ y'a hɩrɛ, ŋ ʊ: «Jɩm cɩna, k'ʊ dɩga a Elii zɛm b'a bʊmbɔ gɛ?»","Bì, he called out to you to listen, and asked: ""James, do you know where Eli is from the market?""",Dec 12 output,,15.613792351776462,3.870722714038082,3.0867792661619107
"When Herod found out that the wise men from the east had tricked him, he was very angry. He gave orders for his men to kill all the boys who lived in or near Bethlehem and were two years old and younger. This was based on what he had learned from the wise men.","Hɩrɔɔdɩ k'a b'a dɔ a ʊ, hɔdonno wɔɔ a yamba a m bɩ, a wuti nɔmaa gandaara m. A n gʊɔɔ nyɔɔ Betelehɛm ʊ kan kʊrɔ vantɔɔ k'a a so ŋ ʊ rɔ wɔɔ kɩ ʊ, kʊ ŋ n'aa nyɩnɔ poorero yaarɔ kʊ ŋ dɔɔraa hɩɩya gɛɛ ŋ n a ku rɔ wɔɔ zɩnzɛ. Amba hɔdonno wɔɔ a hɩ m, nyɩnta k'a ʊ, an laaka da k'a nyɩ bɩ yɩrɛ dɔmɩm dɔ bɩ ma.","Hiruddi, that you said to me, these people here came to me, and told Mother to take care of me. I went to Bethlehem with my kinsmen, and they said you should see for me, and I will make a small prayer, and you will give me food so I will not see you again. But these people beat me, that which you said, and they told lies, not doing good to my house.",onesimus_CF2838B3_Dec 03 output,,26.46216976083464,3.870722714038082,3.0867792661619107
Look at the birds in the sky! They don't plant or harvest. They don't even store grain in barns. Yet your Father in heaven takes care of them. Aren't you worth much more than birds?,"K'a dɩga bɛnnɔ ma: ŋ bɩr hɔ duure y, bɩ ŋ bɩr hɔ darɛ y, ŋ bɩr hɔ zarm sɩ ʊ y, b'awɔɔ Zɩ k'a nɩ arzana ʊ bɩ yɩ ŋ tʊrm! Awɔɔ n lɛ da ŋ nɩ gallɛm hɔka ra?","Listen, I say to the people: I want to live, and I want to die, I want peace with my own, but the chiefs do not hear my words and I fear! What are you doing that I do not understand the reason why?",onesimus_CF2838B3_Dec 03 output,,21.183671607976805,3.870722714038082,3.0867792661619107
"Some Pharisees and teachers of the Law of Moses said, “Teacher, we want you to show us a sign from heaven.”","Naa kur bɩ, wosocikarɩnsaambɔɔ kan farizɛɛnrɔ kɩ a sɩŋŋɩda ba, ŋn'a hɩ Yeezuu m, ŋ ʊ: «Karɩnsaamba, wɔɔ lɛ taa k'ɩ hoser ba k'ʊ a yɩ.»","Listen now, O people, the story of the ancestors that they told us, which we truly heard—then I said to Jesus, my [one",onesimus_CF2838B3_Dec 03 output,,20.199066169938938,3.870722714038082,3.0867792661619107
Servants are fortunate if their master comes and finds them doing their job.,"Zibəənyɩ bɩ do nyɩntam mimbirenyɩntazaa, k'a lɛɛzaa b'a wusigə an bʊr har ʊ, an b'a ku an nɩ zibəə k'a ka ʊ bɩ barɛ.","The people of Zibəənyɩ gather the elders in the assembly place, but they say that their work is not done for them, and that because of their own home, they take them and dwell there.",onesimus_CF2838B3_Dec 03 output,,25.02935560933357,3.870722714038082,3.0867792661619107
"Others said, “Wait! Let's see if Elijah will come and save him.”","Bɩ, a muno wɔɔ y'a hɩrɛ, ŋ ʊ: «Jɩm cɩna, k'ʊ dɩga a Elii zɛm b'a bʊmbɔ gɛ?»","Bɩ, you come from here, then said: ""James, what do you know about Eli's matter?""",onesimus_CF2838B3_Dec 03 output,,17.264734556983157,3.870722714038082,3.0867792661619107
"When Herod found out that the wise men from the east had tricked him, he was very angry. He gave orders for his men to kill all the boys who lived in or near Bethlehem and were two years old and younger. This was based on what he had learned from the wise men.","Hɩrɔɔdɩ k'a b'a dɔ a ʊ, hɔdonno wɔɔ a yamba a m bɩ, a wuti nɔmaa gandaara m. A n gʊɔɔ nyɔɔ Betelehɛm ʊ kan kʊrɔ vantɔɔ k'a a so ŋ ʊ rɔ wɔɔ kɩ ʊ, kʊ ŋ n'aa nyɩnɔ poorero yaarɔ kʊ ŋ dɔɔraa hɩɩya gɛɛ ŋ n a ku rɔ wɔɔ zɩnzɛ. Amba hɔdonno wɔɔ a hɩ m, nyɩnta k'a ʊ, an laaka da k'a nyɩ bɩ yɩrɛ dɔmɩm dɔ bɩ ma.","Hiruddi, that you said to me now, the matter which I did for you, I told the chief to take care of me. I went to the place of Bethlehem, and there in the church that you saw, they pray there for you; and they say that every day they continue praying with joy, and they ask that you may be safe. But the matter which I did for you, that you know, I will show you the good works that I did for you.",john_BA3F5F9A_output (3),,25.37203126197477,3.870722714038082,3.0867792661619107
Look at the birds in the sky! They don't plant or harvest. They don't even store grain in barns. Yet your Father in heaven takes care of them. Aren't you worth much more than birds?,"K'a dɩga bɛnnɔ ma: ŋ bɩr hɔ duure y, bɩ ŋ bɩr hɔ darɛ y, ŋ bɩr hɔ zarm sɩ ʊ y, b'awɔɔ Zɩ k'a nɩ arzana ʊ bɩ yɩ ŋ tʊrm! Awɔɔ n lɛ da ŋ nɩ gallɛm hɔka ra?","What are the people saying now? I don’t go far, I don’t go near, I don’t go to the market with them—only those Zī people, what do they know? They don’t even leave me! Why do you ask about my matter?",john_BA3F5F9A_output (3),,22.6803343715505,3.870722714038082,3.0867792661619107
"Some Pharisees and teachers of the Law of Moses said, “Teacher, we want you to show us a sign from heaven.”","Naa kur bɩ, wosocikarɩnsaambɔɔ kan farizɛɛnrɔ kɩ a sɩŋŋɩda ba, ŋn'a hɩ Yeezuu m, ŋ ʊ: «Karɩnsaamba, wɔɔ lɛ taa k'ɩ hoser ba k'ʊ a yɩ.»","O Lord, my servant, and the evangelists pray that they may truly hear the word of the Lord. But Jesus said to me: ""My word, you should come so that they may hear and you may understand.""",john_BA3F5F9A_output (3),,24.281959647937985,3.870722714038082,3.0867792661619107
Servants are fortunate if their master comes and finds them doing their job.,"Zibəənyɩ bɩ do nyɩntam mimbirenyɩntazaa, k'a lɛɛzaa b'a wusigə an bʊr har ʊ, an b'a ku an nɩ zibəə k'a ka ʊ bɩ barɛ.","Children who nurture their mothers, and they say through their words from their mouths to us that they make our children never abandon us.",john_BA3F5F9A_output (3),,25.1984631456994,3.870722714038082,3.0867792661619107
"Others said, “Wait! Let's see if Elijah will come and save him.”","Bɩ, a muno wɔɔ y'a hɩrɛ, ŋ ʊ: «Jɩm cɩna, k'ʊ dɩga a Elii zɛm b'a bʊmbɔ gɛ?»","Bili, he came here to your house, and said: ""Jim my friend, why are you working Elii's farm today?""",john_BA3F5F9A_output (3),,19.85084071597549,3.870722714038082,3.0867792661619107
