ref,text,translated,source_zip_file,similarity_score,chrf_sentence,corpus_bleu,corpus_chrf
"When Herod found out that the wise men from the east had tricked him, he was very angry. He gave orders for his men to kill all the boys who lived in or near Bethlehem and were two years old and younger. This was based on what he had learned from the wise men.","Hɩrɔɔdɩ k'a b'a dɔ a ʊ, hɔdonno wɔɔ a yamba a m bɩ, a wuti nɔmaa gandaara m. A n gʊɔɔ nyɔɔ Betelehɛm ʊ kan kʊrɔ vantɔɔ k'a a so ŋ ʊ rɔ wɔɔ kɩ ʊ, kʊ ŋ n'aa nyɩnɔ poorero yaarɔ kʊ ŋ dɔɔraa hɩɩya gɛɛ ŋ n a ku rɔ wɔɔ zɩnzɛ. Amba hɔdonno wɔɔ a hɩ m, nyɩnta k'a ʊ, an laaka da k'a nyɩ bɩ yɩrɛ dɔmɩm dɔ bɩ ma.","The shepherds were in the field, keeping watch over their flock by night. And behold, an angel of the Lord stood before them, and the glory of the Lord shone round about them: and they were sore afraid. And the angel said unto them, Fear not; for, behold, I bring you good tidings of great joy, which shall be to all people. For unto you is born this day in the city of David a Saviour, which is Christ the Lord. And this shall be a sign unto you; Ye shall find the babe wrapped in swaddling clothes, lying in a manger.",Dec 08 output,,25.549113323933426,2.240227398371877,2.7158643940812888
Look at the birds in the sky! They don't plant or harvest. They don't even store grain in barns. Yet your Father in heaven takes care of them. Aren't you worth much more than birds?,"K'a dɩga bɛnnɔ ma: ŋ bɩr hɔ duure y, bɩ ŋ bɩr hɔ darɛ y, ŋ bɩr hɔ zarm sɩ ʊ y, b'awɔɔ Zɩ k'a nɩ arzana ʊ bɩ yɩ ŋ tʊrm! Awɔɔ n lɛ da ŋ nɩ gallɛm hɔka ra?","What are you saying? You say you are not a thief, you say you are not a liar, you say you are not a wicked person, but you are the one who stole my goat! Where did you hide it?",Dec 08 output,,17.061173969545404,2.240227398371877,2.7158643940812888
"Some Pharisees and teachers of the Law of Moses said, “Teacher, we want you to show us a sign from heaven.”","Naa kur bɩ, wosocikarɩnsaambɔɔ kan farizɛɛnrɔ kɩ a sɩŋŋɩda ba, ŋn'a hɩ Yeezuu m, ŋ ʊ: «Karɩnsaamba, wɔɔ lɛ taa k'ɩ hoser ba k'ʊ a yɩ.»","When the Lord saw that the Pharisees were trying to trap him with their questions, he said to them, “You hypocrites! You are like whitewashed tombs, which outwardly appear beautiful, but within are full of dead men’s bones and all uncleanness.",Dec 08 output,,26.25434523679732,2.240227398371877,2.7158643940812888
Servants are fortunate if their master comes and finds them doing their job.,"Zibəənyɩ bɩ do nyɩntam mimbirenyɩntazaa, k'a lɛɛzaa b'a wusigə an bʊr har ʊ, an b'a ku an nɩ zibəə k'a ka ʊ bɩ barɛ.","The young man went to the farm to work, but he was tired and sat down under a tree, and he ate what he had brought.",Dec 08 output,,20.86200346780154,2.240227398371877,2.7158643940812888
"Others said, “Wait! Let's see if Elijah will come and save him.”","Bɩ, a muno wɔɔ y'a hɩrɛ, ŋ ʊ: «Jɩm cɩna, k'ʊ dɩga a Elii zɛm b'a bʊmbɔ gɛ?»","Jim, where are you going? Elii is calling you to come and eat.",Dec 08 output,,19.787877998597132,2.240227398371877,2.7158643940812888
"When Herod found out that the wise men from the east had tricked him, he was very angry. He gave orders for his men to kill all the boys who lived in or near Bethlehem and were two years old and younger. This was based on what he had learned from the wise men.","Hɩrɔɔdɩ k'a b'a dɔ a ʊ, hɔdonno wɔɔ a yamba a m bɩ, a wuti nɔmaa gandaara m. A n gʊɔɔ nyɔɔ Betelehɛm ʊ kan kʊrɔ vantɔɔ k'a a so ŋ ʊ rɔ wɔɔ kɩ ʊ, kʊ ŋ n'aa nyɩnɔ poorero yaarɔ kʊ ŋ dɔɔraa hɩɩya gɛɛ ŋ n a ku rɔ wɔɔ zɩnzɛ. Amba hɔdonno wɔɔ a hɩ m, nyɩnta k'a ʊ, an laaka da k'a nyɩ bɩ yɩrɛ dɔmɩm dɔ bɩ ma.","The shepherds were in the field, keeping watch over their flock by night. And behold, an angel of the Lord stood before them, and the glory of the Lord shone around them, and they were very afraid. But the angel said to them, “Do not be afraid, for behold, I bring you good news of great joy that will be for all the people. For unto you is born this day in the city of David a Savior, who is Christ the Lord. And this will be a sign for you: you will find the baby wrapped in swaddling cloths and lying in a manger.” And suddenly there was with the angel a multitude of the heavenly host praising God, and saying, “Glory to God in the highest, and on earth peace, goodwill toward men!”",onesimus_31223989_Dec 12 output,,26.040468699582092,2.240227398371877,2.7158643940812888
Look at the birds in the sky! They don't plant or harvest. They don't even store grain in barns. Yet your Father in heaven takes care of them. Aren't you worth much more than birds?,"K'a dɩga bɛnnɔ ma: ŋ bɩr hɔ duure y, bɩ ŋ bɩr hɔ darɛ y, ŋ bɩr hɔ zarm sɩ ʊ y, b'awɔɔ Zɩ k'a nɩ arzana ʊ bɩ yɩ ŋ tʊrm! Awɔɔ n lɛ da ŋ nɩ gallɛm hɔka ra?",Why are you saying this? Is it because you are jealous of me? Is it because you are envious of my success? Is it because you are angry with me? You are just jealous because I am doing well! What do you want from me?,onesimus_31223989_Dec 12 output,,15.847497062833055,2.240227398371877,2.7158643940812888
"Some Pharisees and teachers of the Law of Moses said, “Teacher, we want you to show us a sign from heaven.”","Naa kur bɩ, wosocikarɩnsaambɔɔ kan farizɛɛnrɔ kɩ a sɩŋŋɩda ba, ŋn'a hɩ Yeezuu m, ŋ ʊ: «Karɩnsaamba, wɔɔ lɛ taa k'ɩ hoser ba k'ʊ a yɩ.»","When he saw them, he said to the disciples, ""This is a good place for us to spend the night.""",onesimus_31223989_Dec 12 output,,17.073122064697056,2.240227398371877,2.7158643940812888
Servants are fortunate if their master comes and finds them doing their job.,"Zibəənyɩ bɩ do nyɩntam mimbirenyɩntazaa, k'a lɛɛzaa b'a wusigə an bʊr har ʊ, an b'a ku an nɩ zibəə k'a ka ʊ bɩ barɛ.","The old woman went to the farm to weed, but she was tired and sat down under a tree, and she said she would not weed anymore.",onesimus_31223989_Dec 12 output,,20.315758208748125,2.240227398371877,2.7158643940812888
"Others said, “Wait! Let's see if Elijah will come and save him.”","Bɩ, a muno wɔɔ y'a hɩrɛ, ŋ ʊ: «Jɩm cɩna, k'ʊ dɩga a Elii zɛm b'a bʊmbɔ gɛ?»","Jim, are you the one who stole Elii's goat?",onesimus_31223989_Dec 12 output,,11.54132782460568,2.240227398371877,2.7158643940812888
"When Herod found out that the wise men from the east had tricked him, he was very angry. He gave orders for his men to kill all the boys who lived in or near Bethlehem and were two years old and younger. This was based on what he had learned from the wise men.","Hɩrɔɔdɩ k'a b'a dɔ a ʊ, hɔdonno wɔɔ a yamba a m bɩ, a wuti nɔmaa gandaara m. A n gʊɔɔ nyɔɔ Betelehɛm ʊ kan kʊrɔ vantɔɔ k'a a so ŋ ʊ rɔ wɔɔ kɩ ʊ, kʊ ŋ n'aa nyɩnɔ poorero yaarɔ kʊ ŋ dɔɔraa hɩɩya gɛɛ ŋ n a ku rɔ wɔɔ zɩnzɛ. Amba hɔdonno wɔɔ a hɩ m, nyɩnta k'a ʊ, an laaka da k'a nyɩ bɩ yɩrɛ dɔmɩm dɔ bɩ ma.","The shepherds were in the field, keeping watch over their flock by night. And behold, an angel of the Lord stood before them, and the glory of the Lord shone around them, and they were very afraid. But the angel said to them, “Do not be afraid, for behold, I bring you good news of great joy that will be for all the people. For unto you is born this day in the city of David a Savior, who is Christ the Lord. And this will be a sign for you: you will find the baby wrapped in swaddling cloths and lying in a manger.” And suddenly there was with the angel a multitude of the heavenly host praising God and saying, “Glory to God in the highest, and on earth peace among those with whom he is pleased!”",john_AC86BE0F_output (5),,26.51598079024056,2.240227398371877,2.7158643940812888
Look at the birds in the sky! They don't plant or harvest. They don't even store grain in barns. Yet your Father in heaven takes care of them. Aren't you worth much more than birds?,"K'a dɩga bɛnnɔ ma: ŋ bɩr hɔ duure y, bɩ ŋ bɩr hɔ darɛ y, ŋ bɩr hɔ zarm sɩ ʊ y, b'awɔɔ Zɩ k'a nɩ arzana ʊ bɩ yɩ ŋ tʊrm! Awɔɔ n lɛ da ŋ nɩ gallɛm hɔka ra?","Why are you saying this? Are you saying that I should be afraid of you, or that I should be afraid of your friends, or that I should be afraid of your weapons? You are saying that you will kill me if I don't give you what you want! What do you want from me?",john_AC86BE0F_output (5),,20.830483242230777,2.240227398371877,2.7158643940812888
"Some Pharisees and teachers of the Law of Moses said, “Teacher, we want you to show us a sign from heaven.”","Naa kur bɩ, wosocikarɩnsaambɔɔ kan farizɛɛnrɔ kɩ a sɩŋŋɩda ba, ŋn'a hɩ Yeezuu m, ŋ ʊ: «Karɩnsaamba, wɔɔ lɛ taa k'ɩ hoser ba k'ʊ a yɩ.»","When they arrived, they found the young man lying there, paralyzed, and Jesus said to him, ""Young man, your sins are forgiven.""",john_AC86BE0F_output (5),,19.95169168999743,2.240227398371877,2.7158643940812888
Servants are fortunate if their master comes and finds them doing their job.,"Zibəənyɩ bɩ do nyɩntam mimbirenyɩntazaa, k'a lɛɛzaa b'a wusigə an bʊr har ʊ, an b'a ku an nɩ zibəə k'a ka ʊ bɩ barɛ.","The old woman went to the farm to weed, but she was tired and sat down under a tree, and she said that she was going home.",john_AC86BE0F_output (5),,22.665669185341972,2.240227398371877,2.7158643940812888
"Others said, “Wait! Let's see if Elijah will come and save him.”","Bɩ, a muno wɔɔ y'a hɩrɛ, ŋ ʊ: «Jɩm cɩna, k'ʊ dɩga a Elii zɛm b'a bʊmbɔ gɛ?»","Jim, you are asking, ""Where did Elii go to get the medicine?""",john_AC86BE0F_output (5),,14.412723814561987,2.240227398371877,2.7158643940812888
"When Herod found out that the wise men from the east had tricked him, he was very angry. He gave orders for his men to kill all the boys who lived in or near Bethlehem and were two years old and younger. This was based on what he had learned from the wise men.","Hɩrɔɔdɩ k'a b'a dɔ a ʊ, hɔdonno wɔɔ a yamba a m bɩ, a wuti nɔmaa gandaara m. A n gʊɔɔ nyɔɔ Betelehɛm ʊ kan kʊrɔ vantɔɔ k'a a so ŋ ʊ rɔ wɔɔ kɩ ʊ, kʊ ŋ n'aa nyɩnɔ poorero yaarɔ kʊ ŋ dɔɔraa hɩɩya gɛɛ ŋ n a ku rɔ wɔɔ zɩnzɛ. Amba hɔdonno wɔɔ a hɩ m, nyɩnta k'a ʊ, an laaka da k'a nyɩ bɩ yɩrɛ dɔmɩm dɔ bɩ ma.","The shepherds were in the field, keeping watch over their flock by night. And behold, an angel of the Lord stood before them, and the glory of the Lord shone around them, and they were very afraid. But the angel said to them, “Do not be afraid, for behold, I bring you good news of great joy that will be for all the people. For unto you is born this day in the city of David a Savior, who is Christ the Lord. And this will be a sign for you: you will find the baby wrapped in swaddling cloths and lying in a manger.” And suddenly there was with the angel a multitude of the heavenly host praising God and saying, “Glory to God in the highest, and on earth peace among those with whom he is pleased!”",output_JA-4,,26.51598079024056,2.240227398371877,2.7158643940812888
Look at the birds in the sky! They don't plant or harvest. They don't even store grain in barns. Yet your Father in heaven takes care of them. Aren't you worth much more than birds?,"K'a dɩga bɛnnɔ ma: ŋ bɩr hɔ duure y, bɩ ŋ bɩr hɔ darɛ y, ŋ bɩr hɔ zarm sɩ ʊ y, b'awɔɔ Zɩ k'a nɩ arzana ʊ bɩ yɩ ŋ tʊrm! Awɔɔ n lɛ da ŋ nɩ gallɛm hɔka ra?","What are you saying? Are you saying that you will not go to the farm, you will not go to the market, you will not go to the river? You are saying that you will not go anywhere? What is wrong with you?",output_JA-4,,19.065999694681818,2.240227398371877,2.7158643940812888
"Some Pharisees and teachers of the Law of Moses said, “Teacher, we want you to show us a sign from heaven.”","Naa kur bɩ, wosocikarɩnsaambɔɔ kan farizɛɛnrɔ kɩ a sɩŋŋɩda ba, ŋn'a hɩ Yeezuu m, ŋ ʊ: «Karɩnsaamba, wɔɔ lɛ taa k'ɩ hoser ba k'ʊ a yɩ.»","When they arrived, they found the young man lying there, paralyzed. Jesus, seeing this, said to him, ""Young man, your sins are forgiven.""",output_JA-4,,19.727169985431477,2.240227398371877,2.7158643940812888
Servants are fortunate if their master comes and finds them doing their job.,"Zibəənyɩ bɩ do nyɩntam mimbirenyɩntazaa, k'a lɛɛzaa b'a wusigə an bʊr har ʊ, an b'a ku an nɩ zibəə k'a ka ʊ bɩ barɛ.","The old man went to the farm to work, but he was tired and sat down under a tree, and he said that he was going home because he was tired.",output_JA-4,,23.9957412344362,2.240227398371877,2.7158643940812888
"Others said, “Wait! Let's see if Elijah will come and save him.”","Bɩ, a muno wɔɔ y'a hɩrɛ, ŋ ʊ: «Jɩm cɩna, k'ʊ dɩga a Elii zɛm b'a bʊmbɔ gɛ?»","Jim, are you the one who told Eli that I was going to steal his goat?",output_JA-4,,13.543666032768131,2.240227398371877,2.7158643940812888
"When Herod found out that the wise men from the east had tricked him, he was very angry. He gave orders for his men to kill all the boys who lived in or near Bethlehem and were two years old and younger. This was based on what he had learned from the wise men.","Hɩrɔɔdɩ k'a b'a dɔ a ʊ, hɔdonno wɔɔ a yamba a m bɩ, a wuti nɔmaa gandaara m. A n gʊɔɔ nyɔɔ Betelehɛm ʊ kan kʊrɔ vantɔɔ k'a a so ŋ ʊ rɔ wɔɔ kɩ ʊ, kʊ ŋ n'aa nyɩnɔ poorero yaarɔ kʊ ŋ dɔɔraa hɩɩya gɛɛ ŋ n a ku rɔ wɔɔ zɩnzɛ. Amba hɔdonno wɔɔ a hɩ m, nyɩnta k'a ʊ, an laaka da k'a nyɩ bɩ yɩrɛ dɔmɩm dɔ bɩ ma.","The shepherds were in the field, keeping watch over their flock by night. And behold, an angel of the Lord stood before them, and the glory of the Lord shone round about them: and they were sore afraid. And the angel said unto them, Fear not: for, behold, I bring you good tidings of great joy, which shall be to all people. For unto you is born this day in the city of David a Saviour, which is Christ the Lord. And this shall be a sign unto you; Ye shall find the babe wrapped in swaddling clothes, lying in a manger.",onesimus_7C821E01_Dec 01 output,,25.549113323933426,2.240227398371877,2.7158643940812888
Look at the birds in the sky! They don't plant or harvest. They don't even store grain in barns. Yet your Father in heaven takes care of them. Aren't you worth much more than birds?,"K'a dɩga bɛnnɔ ma: ŋ bɩr hɔ duure y, bɩ ŋ bɩr hɔ darɛ y, ŋ bɩr hɔ zarm sɩ ʊ y, b'awɔɔ Zɩ k'a nɩ arzana ʊ bɩ yɩ ŋ tʊrm! Awɔɔ n lɛ da ŋ nɩ gallɛm hɔka ra?","What are you saying? You are saying that you will not help me, you will not give me anything, and you will not even look at me. You are saying that you will not help me, but I am asking you for help! What is wrong with you?",onesimus_7C821E01_Dec 01 output,,20.58999107453951,2.240227398371877,2.7158643940812888
"Some Pharisees and teachers of the Law of Moses said, “Teacher, we want you to show us a sign from heaven.”","Naa kur bɩ, wosocikarɩnsaambɔɔ kan farizɛɛnrɔ kɩ a sɩŋŋɩda ba, ŋn'a hɩ Yeezuu m, ŋ ʊ: «Karɩnsaamba, wɔɔ lɛ taa k'ɩ hoser ba k'ʊ a yɩ.»","When he saw them, he said to the disciples, ""This is truly a great miracle!""",onesimus_7C821E01_Dec 01 output,,15.116389591054578,2.240227398371877,2.7158643940812888
Servants are fortunate if their master comes and finds them doing their job.,"Zibəənyɩ bɩ do nyɩntam mimbirenyɩntazaa, k'a lɛɛzaa b'a wusigə an bʊr har ʊ, an b'a ku an nɩ zibəə k'a ka ʊ bɩ barɛ.","The young man went to the farm to work, but he was tired and sat down under a tree, and he slept.",onesimus_7C821E01_Dec 01 output,,20.97594336855168,2.240227398371877,2.7158643940812888
"Others said, “Wait! Let's see if Elijah will come and save him.”","Bɩ, a muno wɔɔ y'a hɩrɛ, ŋ ʊ: «Jɩm cɩna, k'ʊ dɩga a Elii zɛm b'a bʊmbɔ gɛ?»","Father, I want to know, what did Jim say when Elii was beating him?",onesimus_7C821E01_Dec 01 output,,15.484567513169598,2.240227398371877,2.7158643940812888
"You blind fools! Which is greater, the gold or the temple that makes the gold sacred?","Hɔɔnwarzannɔ, bʊʊrɔ n'awɔɔ m! Kara ɩ lɛ da a mim nɩ? Sarma bɩ m gɛɛ, Wosocɛ k'a ka sarma bɩ nɩ yɩm Woso hɔ bɩ nɩ?","Good morning, how are you? What is your name? I don't know you, where are you from?",output_jonathan,-0.07176488,13.27186038224006,2.240227398371877,2.7158643940812888
"Jesus then said, “So it is. Everyone who is now last will be first, and everyone who is first will be last.” Jesus Again Tells about His Death (Mark","Yeezuu n a ya, an a hɩ, a ʊ: «Ncɩnaaʊ bɩ, jɛzannɔ yɩm lɛɛkarɛzannɔ, lɛɛkarɛzannɔ n yɩ jɛzannɔ.» Yeezuu a ya, an n'a zɛ kan a mɩmbɔʊrɛ kɩ mim dɩndam (Markɩ","Jesus said to them, ""Truly I tell you, unless one is born again, he cannot see the kingdom of God."" Jesus answered, and said to him, ""Truly, truly, I say to you, unless one is born of water and the Spirit, he cannot enter the kingdom of God.""",output_jonathan,0.48635507,21.331106901999625,2.240227398371877,2.7158643940812888
"If the follower refuses to listen to them, report the matter to the church. Anyone who refuses to listen to the church must be treated like an unbeliever or a tax collector. Allowing and Not Allowing","Kʊ gʊaa bɩ lɛ baa k'a tʊr ka brɔɔ ma sɔ, k'ɩ hɩ kristagʊɔɔ sokʊma bɩ m. K'a ʊ a b'a tʊr kam kristagʊɔɔ sokʊma bɩ ma, k'ɩ dɩga ma kɩfɩr gɛɛ, yawʊrsirezaa.","When a person is born, they are not yet a Christian. They become a Christian when they are taught about Christ. If they are not taught about Christ, they will remain pagans, which is bad.",output_jonathan,0.33930582,17.76749859662966,2.240227398371877,2.7158643940812888
"and he told the crowd to sit down on the grass. Jesus took the five loaves and the two fish. He looked up toward heaven and blessed the food. Then he broke the bread and handed it to his disciples, and they gave it to the people.","A n lɛ ka, kʊ gʊɔɔ wɔɔ n nyɩnta bur bɩ ra, an bur soorlɔ wɔɔ si kan zɔ hɩɩya bɩ kɩ a wɔ ʊ, an dɩga brama, an barka da Woso m. A n buuro wɔɔ zɩnzɛ ra, an a ka a karɩndanyɩnɔ wɔɔ ʊ, kʊ ŋ n'a ka zamaa b'ʊ.","He said that he was going to the farm, but he was afraid of the wild animals there. He said he would go with someone else, and they would go and hunt for meat. He said he would go and get some firewood, and he would come back.",output_jonathan,0.42466593,24.340924080647024,2.240227398371877,2.7158643940812888
"“Jesus from Nazareth, what do you want with us? Have you come to destroy us? I know who you are! You are God's Holy One.”","«Bɔ ɩbɩɩ lɛ n taa k'ɩ ba wɔɔ nɩ, Nazarɛtɩ Yeezuu? Bʊr ɩbɩɩ ʊ k'ɩ bɩ wɔɔ zibəə zar gɛ? Kʊ nka n'ɩbɩɩ m, mɔɔ dɔ: Woso gʊaa mɩŋŋa n'ɩbɩɩ m.»","They asked him, ""Where did you get this wisdom and these miraculous powers, Jesus? Who gave them to you?"" He replied, ""These things are not given to me, but I have learned them myself.""",output_jonathan,0.48935866,20.32208564907606,2.240227398371877,2.7158643940812888
"When Herod found out that the wise men from the east had tricked him, he was very angry. He gave orders for his men to kill all the boys who lived in or near Bethlehem and were two years old and younger. This was based on what he had learned from the wise men.","Hɩrɔɔdɩ k'a b'a dɔ a ʊ, hɔdonno wɔɔ a yamba a m bɩ, a wuti nɔmaa gandaara m. A n gʊɔɔ nyɔɔ Betelehɛm ʊ kan kʊrɔ vantɔɔ k'a a so ŋ ʊ rɔ wɔɔ kɩ ʊ, kʊ ŋ n'aa nyɩnɔ poorero yaarɔ kʊ ŋ dɔɔraa hɩɩya gɛɛ ŋ n a ku rɔ wɔɔ zɩnzɛ. Amba hɔdonno wɔɔ a hɩ m, nyɩnta k'a ʊ, an laaka da k'a nyɩ bɩ yɩrɛ dɔmɩm dɔ bɩ ma.",,output_JA-2,,,2.240227398371877,2.7158643940812888
Look at the birds in the sky! They don't plant or harvest. They don't even store grain in barns. Yet your Father in heaven takes care of them. Aren't you worth much more than birds?,"K'a dɩga bɛnnɔ ma: ŋ bɩr hɔ duure y, bɩ ŋ bɩr hɔ darɛ y, ŋ bɩr hɔ zarm sɩ ʊ y, b'awɔɔ Zɩ k'a nɩ arzana ʊ bɩ yɩ ŋ tʊrm! Awɔɔ n lɛ da ŋ nɩ gallɛm hɔka ra?",,output_JA-2,,,2.240227398371877,2.7158643940812888
"Some Pharisees and teachers of the Law of Moses said, “Teacher, we want you to show us a sign from heaven.”","Naa kur bɩ, wosocikarɩnsaambɔɔ kan farizɛɛnrɔ kɩ a sɩŋŋɩda ba, ŋn'a hɩ Yeezuu m, ŋ ʊ: «Karɩnsaamba, wɔɔ lɛ taa k'ɩ hoser ba k'ʊ a yɩ.»",,output_JA-2,,,2.240227398371877,2.7158643940812888
Servants are fortunate if their master comes and finds them doing their job.,"Zibəənyɩ bɩ do nyɩntam mimbirenyɩntazaa, k'a lɛɛzaa b'a wusigə an bʊr har ʊ, an b'a ku an nɩ zibəə k'a ka ʊ bɩ barɛ.",,output_JA-2,,,2.240227398371877,2.7158643940812888
"Others said, “Wait! Let's see if Elijah will come and save him.”","Bɩ, a muno wɔɔ y'a hɩrɛ, ŋ ʊ: «Jɩm cɩna, k'ʊ dɩga a Elii zɛm b'a bʊmbɔ gɛ?»",,output_JA-2,,,2.240227398371877,2.7158643940812888
"When Herod found out that the wise men from the east had tricked him, he was very angry. He gave orders for his men to kill all the boys who lived in or near Bethlehem and were two years old and younger. This was based on what he had learned from the wise men.","Hɩrɔɔdɩ k'a b'a dɔ a ʊ, hɔdonno wɔɔ a yamba a m bɩ, a wuti nɔmaa gandaara m. A n gʊɔɔ nyɔɔ Betelehɛm ʊ kan kʊrɔ vantɔɔ k'a a so ŋ ʊ rɔ wɔɔ kɩ ʊ, kʊ ŋ n'aa nyɩnɔ poorero yaarɔ kʊ ŋ dɔɔraa hɩɩya gɛɛ ŋ n a ku rɔ wɔɔ zɩnzɛ. Amba hɔdonno wɔɔ a hɩ m, nyɩnta k'a ʊ, an laaka da k'a nyɩ bɩ yɩrɛ dɔmɩm dɔ bɩ ma.","The shepherd said, ""Let us go to Bethlehem and see this thing that has happened, which the Lord has made known to us."" And they went with haste and found Mary and Joseph, and the baby lying in a manger. And when they had seen it, they made known the saying which was told them concerning this child.",gerhardt_8019BE0D_output_WsImHC,,27.76802644287184,2.240227398371877,2.7158643940812888
Look at the birds in the sky! They don't plant or harvest. They don't even store grain in barns. Yet your Father in heaven takes care of them. Aren't you worth much more than birds?,"K'a dɩga bɛnnɔ ma: ŋ bɩr hɔ duure y, bɩ ŋ bɩr hɔ darɛ y, ŋ bɩr hɔ zarm sɩ ʊ y, b'awɔɔ Zɩ k'a nɩ arzana ʊ bɩ yɩ ŋ tʊrm! Awɔɔ n lɛ da ŋ nɩ gallɛm hɔka ra?","What is this thing you are saying? Is it good to eat? Is it good to drink? Is it good to use for medicine? You say it is a good thing, but I don't know what it is. What is it?",gerhardt_8019BE0D_output_WsImHC,,15.026608485515847,2.240227398371877,2.7158643940812888
"Some Pharisees and teachers of the Law of Moses said, “Teacher, we want you to show us a sign from heaven.”","Naa kur bɩ, wosocikarɩnsaambɔɔ kan farizɛɛnrɔ kɩ a sɩŋŋɩda ba, ŋn'a hɩ Yeezuu m, ŋ ʊ: «Karɩnsaamba, wɔɔ lɛ taa k'ɩ hoser ba k'ʊ a yɩ.»","When he saw them, he said to the one who had been healed, ""Take your mat and go home.""",gerhardt_8019BE0D_output_WsImHC,,18.542264772012174,2.240227398371877,2.7158643940812888
Servants are fortunate if their master comes and finds them doing their job.,"Zibəənyɩ bɩ do nyɩntam mimbirenyɩntazaa, k'a lɛɛzaa b'a wusigə an bʊr har ʊ, an b'a ku an nɩ zibəə k'a ka ʊ bɩ barɛ.","The old woman went to the farm to weed, but she was tired and sat down under a tree, and she said that she was going home.",gerhardt_8019BE0D_output_WsImHC,,22.665669185341972,2.240227398371877,2.7158643940812888
"Others said, “Wait! Let's see if Elijah will come and save him.”","Bɩ, a muno wɔɔ y'a hɩrɛ, ŋ ʊ: «Jɩm cɩna, k'ʊ dɩga a Elii zɛm b'a bʊmbɔ gɛ?»","Jim, you see, he asked me: ""Where is Elii's house?""",gerhardt_8019BE0D_output_WsImHC,,14.220437837314307,2.240227398371877,2.7158643940812888
"When Herod found out that the wise men from the east had tricked him, he was very angry. He gave orders for his men to kill all the boys who lived in or near Bethlehem and were two years old and younger. This was based on what he had learned from the wise men.","Hɩrɔɔdɩ k'a b'a dɔ a ʊ, hɔdonno wɔɔ a yamba a m bɩ, a wuti nɔmaa gandaara m. A n gʊɔɔ nyɔɔ Betelehɛm ʊ kan kʊrɔ vantɔɔ k'a a so ŋ ʊ rɔ wɔɔ kɩ ʊ, kʊ ŋ n'aa nyɩnɔ poorero yaarɔ kʊ ŋ dɔɔraa hɩɩya gɛɛ ŋ n a ku rɔ wɔɔ zɩnzɛ. Amba hɔdonno wɔɔ a hɩ m, nyɩnta k'a ʊ, an laaka da k'a nyɩ bɩ yɩrɛ dɔmɩm dɔ bɩ ma.","The shepherd was watching his sheep at night, when an angel appeared to him, saying, ""Do not be afraid, for I bring you good news of great joy that will be for all the people. Today in the town of Bethlehem, a Savior has been born to you; he is the Messiah, the Lord. This will be a sign to you: You will find a baby wrapped in cloths and lying in a manger."" And suddenly there was with the angel a multitude of the heavenly host praising God, and saying, ""Glory to God in the highest, and on earth peace, good will toward men.""",Dec 02 output,,28.59080792145018,2.240227398371877,2.7158643940812888
Look at the birds in the sky! They don't plant or harvest. They don't even store grain in barns. Yet your Father in heaven takes care of them. Aren't you worth much more than birds?,"K'a dɩga bɛnnɔ ma: ŋ bɩr hɔ duure y, bɩ ŋ bɩr hɔ darɛ y, ŋ bɩr hɔ zarm sɩ ʊ y, b'awɔɔ Zɩ k'a nɩ arzana ʊ bɩ yɩ ŋ tʊrm! Awɔɔ n lɛ da ŋ nɩ gallɛm hɔka ra?","Why are you saying this? Is it because you are jealous of me, because I am handsome, because I am strong, or because I am rich? You are just jealous because I am better than you!",Dec 02 output,,15.658014324282185,2.240227398371877,2.7158643940812888
"Some Pharisees and teachers of the Law of Moses said, “Teacher, we want you to show us a sign from heaven.”","Naa kur bɩ, wosocikarɩnsaambɔɔ kan farizɛɛnrɔ kɩ a sɩŋŋɩda ba, ŋn'a hɩ Yeezuu m, ŋ ʊ: «Karɩnsaamba, wɔɔ lɛ taa k'ɩ hoser ba k'ʊ a yɩ.»","When they came to the other side, the disciples saw that a large crowd had gathered, and they came to Jesus and said to him: “Teacher, the crowd is here and there is nothing to eat.”",Dec 02 output,,26.865018749189755,2.240227398371877,2.7158643940812888
Servants are fortunate if their master comes and finds them doing their job.,"Zibəənyɩ bɩ do nyɩntam mimbirenyɩntazaa, k'a lɛɛzaa b'a wusigə an bʊr har ʊ, an b'a ku an nɩ zibəə k'a ka ʊ bɩ barɛ.","The woman who is pregnant is not supposed to eat anything that is raw, because it will harm the baby in her womb.",Dec 02 output,,21.053228889137205,2.240227398371877,2.7158643940812888
"Others said, “Wait! Let's see if Elijah will come and save him.”","Bɩ, a muno wɔɔ y'a hɩrɛ, ŋ ʊ: «Jɩm cɩna, k'ʊ dɩga a Elii zɛm b'a bʊmbɔ gɛ?»","Jim, you know what Elii said about the big drum?",Dec 02 output,,13.078452515336247,2.240227398371877,2.7158643940812888
"When Herod found out that the wise men from the east had tricked him, he was very angry. He gave orders for his men to kill all the boys who lived in or near Bethlehem and were two years old and younger. This was based on what he had learned from the wise men.","Hɩrɔɔdɩ k'a b'a dɔ a ʊ, hɔdonno wɔɔ a yamba a m bɩ, a wuti nɔmaa gandaara m. A n gʊɔɔ nyɔɔ Betelehɛm ʊ kan kʊrɔ vantɔɔ k'a a so ŋ ʊ rɔ wɔɔ kɩ ʊ, kʊ ŋ n'aa nyɩnɔ poorero yaarɔ kʊ ŋ dɔɔraa hɩɩya gɛɛ ŋ n a ku rɔ wɔɔ zɩnzɛ. Amba hɔdonno wɔɔ a hɩ m, nyɩnta k'a ʊ, an laaka da k'a nyɩ bɩ yɩrɛ dɔmɩm dɔ bɩ ma.","The shepherd was watching over his flock at night, when an angel appeared to him and said, ""Do not be afraid, for I bring you good news of great joy that will be for all the people. Today in the town of Bethlehem, a Savior has been born to you; he is the Messiah, the Lord. This will be a sign to you: You will find a baby wrapped in cloths and lying in a manger."" After the angel left them, the shepherds said to each other, ""Let's go to Bethlehem and see this thing that has happened, which the Lord has told us about.""",john_567A83BD_output (1),,29.698519349407203,2.240227398371877,2.7158643940812888
Look at the birds in the sky! They don't plant or harvest. They don't even store grain in barns. Yet your Father in heaven takes care of them. Aren't you worth much more than birds?,"K'a dɩga bɛnnɔ ma: ŋ bɩr hɔ duure y, bɩ ŋ bɩr hɔ darɛ y, ŋ bɩr hɔ zarm sɩ ʊ y, b'awɔɔ Zɩ k'a nɩ arzana ʊ bɩ yɩ ŋ tʊrm! Awɔɔ n lɛ da ŋ nɩ gallɛm hɔka ra?","What are you saying? You are saying that you are going to the farm, you are saying that you are going to the market, you are saying that you are going to the river, but you are going to steal my goat! What are you saying? Are you going to steal my goat?",john_567A83BD_output (1),,19.92200880614967,2.240227398371877,2.7158643940812888
"Some Pharisees and teachers of the Law of Moses said, “Teacher, we want you to show us a sign from heaven.”","Naa kur bɩ, wosocikarɩnsaambɔɔ kan farizɛɛnrɔ kɩ a sɩŋŋɩda ba, ŋn'a hɩ Yeezuu m, ŋ ʊ: «Karɩnsaamba, wɔɔ lɛ taa k'ɩ hoser ba k'ʊ a yɩ.»","When he saw them, he said to the disciples, ""This is truly a great miracle.""",john_567A83BD_output (1),,15.31964172101552,2.240227398371877,2.7158643940812888
Servants are fortunate if their master comes and finds them doing their job.,"Zibəənyɩ bɩ do nyɩntam mimbirenyɩntazaa, k'a lɛɛzaa b'a wusigə an bʊr har ʊ, an b'a ku an nɩ zibəə k'a ka ʊ bɩ barɛ.","The young man went to the farm to work, and he found a woman there who was weeding, and he asked her to marry him.",john_567A83BD_output (1),,20.121694542040213,2.240227398371877,2.7158643940812888
"Others said, “Wait! Let's see if Elijah will come and save him.”","Bɩ, a muno wɔɔ y'a hɩrɛ, ŋ ʊ: «Jɩm cɩna, k'ʊ dɩga a Elii zɛm b'a bʊmbɔ gɛ?»","Jim, why are you saying that Elii's father is a thief?",john_567A83BD_output (1),,15.424300438501707,2.240227398371877,2.7158643940812888
"When Herod found out that the wise men from the east had tricked him, he was very angry. He gave orders for his men to kill all the boys who lived in or near Bethlehem and were two years old and younger. This was based on what he had learned from the wise men.","Hɩrɔɔdɩ k'a b'a dɔ a ʊ, hɔdonno wɔɔ a yamba a m bɩ, a wuti nɔmaa gandaara m. A n gʊɔɔ nyɔɔ Betelehɛm ʊ kan kʊrɔ vantɔɔ k'a a so ŋ ʊ rɔ wɔɔ kɩ ʊ, kʊ ŋ n'aa nyɩnɔ poorero yaarɔ kʊ ŋ dɔɔraa hɩɩya gɛɛ ŋ n a ku rɔ wɔɔ zɩnzɛ. Amba hɔdonno wɔɔ a hɩ m, nyɩnta k'a ʊ, an laaka da k'a nyɩ bɩ yɩrɛ dɔmɩm dɔ bɩ ma.","The shepherd was watching his sheep at night, when an angel appeared to him, saying, ""Do not be afraid, for I bring you good news of great joy that will be for all the people. Today in the town of Bethlehem, a Savior has been born to you; he is the Messiah, the Lord. This will be a sign to you: You will find a baby wrapped in cloths and lying in a manger."" And suddenly there was with the angel a multitude of the heavenly host praising God, and saying, ""Glory to God in the highest, and on earth peace, goodwill toward men.""",john_AA1B9A68_output (9),,28.59080792145018,2.240227398371877,2.7158643940812888
Look at the birds in the sky! They don't plant or harvest. They don't even store grain in barns. Yet your Father in heaven takes care of them. Aren't you worth much more than birds?,"K'a dɩga bɛnnɔ ma: ŋ bɩr hɔ duure y, bɩ ŋ bɩr hɔ darɛ y, ŋ bɩr hɔ zarm sɩ ʊ y, b'awɔɔ Zɩ k'a nɩ arzana ʊ bɩ yɩ ŋ tʊrm! Awɔɔ n lɛ da ŋ nɩ gallɛm hɔka ra?","What is this thing you are saying? You say it is good, you say it is bad, you say it is dangerous, but you are the one who brought it here! What do you want to do with this thing?",john_AA1B9A68_output (9),,17.803092128309245,2.240227398371877,2.7158643940812888
"Some Pharisees and teachers of the Law of Moses said, “Teacher, we want you to show us a sign from heaven.”","Naa kur bɩ, wosocikarɩnsaambɔɔ kan farizɛɛnrɔ kɩ a sɩŋŋɩda ba, ŋn'a hɩ Yeezuu m, ŋ ʊ: «Karɩnsaamba, wɔɔ lɛ taa k'ɩ hoser ba k'ʊ a yɩ.»","When they came to the other side, they saw a large crowd gathered there. And Jesus said to them, ""Let us go across to the other side.""",john_AA1B9A68_output (9),,20.399568845840598,2.240227398371877,2.7158643940812888
Servants are fortunate if their master comes and finds them doing their job.,"Zibəənyɩ bɩ do nyɩntam mimbirenyɩntazaa, k'a lɛɛzaa b'a wusigə an bʊr har ʊ, an b'a ku an nɩ zibəə k'a ka ʊ bɩ barɛ.","The young man went to the farm to work, but he was tired and sat down under a tree, and he ate the food he brought.",john_AA1B9A68_output (9),,21.595249208660363,2.240227398371877,2.7158643940812888
"Others said, “Wait! Let's see if Elijah will come and save him.”","Bɩ, a muno wɔɔ y'a hɩrɛ, ŋ ʊ: «Jɩm cɩna, k'ʊ dɩga a Elii zɛm b'a bʊmbɔ gɛ?»","Jim, you are asking me about Elii's house, isn't that right?",john_AA1B9A68_output (9),,13.433527294379461,2.240227398371877,2.7158643940812888
"When Herod found out that the wise men from the east had tricked him, he was very angry. He gave orders for his men to kill all the boys who lived in or near Bethlehem and were two years old and younger. This was based on what he had learned from the wise men.","Hɩrɔɔdɩ k'a b'a dɔ a ʊ, hɔdonno wɔɔ a yamba a m bɩ, a wuti nɔmaa gandaara m. A n gʊɔɔ nyɔɔ Betelehɛm ʊ kan kʊrɔ vantɔɔ k'a a so ŋ ʊ rɔ wɔɔ kɩ ʊ, kʊ ŋ n'aa nyɩnɔ poorero yaarɔ kʊ ŋ dɔɔraa hɩɩya gɛɛ ŋ n a ku rɔ wɔɔ zɩnzɛ. Amba hɔdonno wɔɔ a hɩ m, nyɩnta k'a ʊ, an laaka da k'a nyɩ bɩ yɩrɛ dɔmɩm dɔ bɩ ma.","The shepherds were in the field, keeping watch over their flock by night. And behold, an angel of the Lord stood before them, and the glory of the Lord shone around them, and they were very afraid. But the angel said to them, “Do not be afraid, for behold, I bring you good news of great joy that will be for all the people. For unto you is born this day in the city of David a Savior, who is Christ the Lord. And this will be a sign for you: you will find the baby wrapped in swaddling cloths and lying in a manger.” And suddenly there was with the angel a multitude of the heavenly host praising God and saying, “Glory to God in the highest, and on earth peace among those with whom he is pleased!”",Dec 07 output,,26.51598079024056,2.240227398371877,2.7158643940812888
Look at the birds in the sky! They don't plant or harvest. They don't even store grain in barns. Yet your Father in heaven takes care of them. Aren't you worth much more than birds?,"K'a dɩga bɛnnɔ ma: ŋ bɩr hɔ duure y, bɩ ŋ bɩr hɔ darɛ y, ŋ bɩr hɔ zarm sɩ ʊ y, b'awɔɔ Zɩ k'a nɩ arzana ʊ bɩ yɩ ŋ tʊrm! Awɔɔ n lɛ da ŋ nɩ gallɛm hɔka ra?","What did the old woman say? She said: ""If you don't have a farm, you won't have food to eat. If you don't have a farm, you won't have money to spend. If you don't have a farm, you won't have clothes to wear. So go and find a farm to cultivate!"" What are you waiting for? Go and find a farm to cultivate!",Dec 07 output,,21.820302705310553,2.240227398371877,2.7158643940812888
"Some Pharisees and teachers of the Law of Moses said, “Teacher, we want you to show us a sign from heaven.”","Naa kur bɩ, wosocikarɩnsaambɔɔ kan farizɛɛnrɔ kɩ a sɩŋŋɩda ba, ŋn'a hɩ Yeezuu m, ŋ ʊ: «Karɩnsaamba, wɔɔ lɛ taa k'ɩ hoser ba k'ʊ a yɩ.»","When they arrived, they found the young man lying there, paralyzed. Jesus said to him, ""Son, your sins are forgiven.""",Dec 07 output,,19.93396856520651,2.240227398371877,2.7158643940812888
Servants are fortunate if their master comes and finds them doing their job.,"Zibəənyɩ bɩ do nyɩntam mimbirenyɩntazaa, k'a lɛɛzaa b'a wusigə an bʊr har ʊ, an b'a ku an nɩ zibəə k'a ka ʊ bɩ barɛ.","The old woman went to the farm to weed, but she was tired and sat down under a tree, and she said she would go home because she was tired.",Dec 07 output,,21.138356476213044,2.240227398371877,2.7158643940812888
"Others said, “Wait! Let's see if Elijah will come and save him.”","Bɩ, a muno wɔɔ y'a hɩrɛ, ŋ ʊ: «Jɩm cɩna, k'ʊ dɩga a Elii zɛm b'a bʊmbɔ gɛ?»","Jim, why are you saying that Elii is a bad person?",Dec 07 output,,12.647042087576294,2.240227398371877,2.7158643940812888
"When Herod found out that the wise men from the east had tricked him, he was very angry. He gave orders for his men to kill all the boys who lived in or near Bethlehem and were two years old and younger. This was based on what he had learned from the wise men.","Hɩrɔɔdɩ k'a b'a dɔ a ʊ, hɔdonno wɔɔ a yamba a m bɩ, a wuti nɔmaa gandaara m. A n gʊɔɔ nyɔɔ Betelehɛm ʊ kan kʊrɔ vantɔɔ k'a a so ŋ ʊ rɔ wɔɔ kɩ ʊ, kʊ ŋ n'aa nyɩnɔ poorero yaarɔ kʊ ŋ dɔɔraa hɩɩya gɛɛ ŋ n a ku rɔ wɔɔ zɩnzɛ. Amba hɔdonno wɔɔ a hɩ m, nyɩnta k'a ʊ, an laaka da k'a nyɩ bɩ yɩrɛ dɔmɩm dɔ bɩ ma.","The shepherds were in the field, keeping watch over their flock by night. And behold, an angel of the Lord stood before them, and the glory of the Lord shone round about them: and they were sore afraid. And the angel said unto them, Fear not; for, behold, I bring you good tidings of great joy, which shall be to all people. For unto you is born this day in the city of David a Saviour, which is Christ the Lord. And this shall be a sign unto you; Ye shall find the babe wrapped in swaddling clothes, lying in a manger.",Dec 10 output,,25.549113323933426,2.240227398371877,2.7158643940812888
Look at the birds in the sky! They don't plant or harvest. They don't even store grain in barns. Yet your Father in heaven takes care of them. Aren't you worth much more than birds?,"K'a dɩga bɛnnɔ ma: ŋ bɩr hɔ duure y, bɩ ŋ bɩr hɔ darɛ y, ŋ bɩr hɔ zarm sɩ ʊ y, b'awɔɔ Zɩ k'a nɩ arzana ʊ bɩ yɩ ŋ tʊrm! Awɔɔ n lɛ da ŋ nɩ gallɛm hɔka ra?","Why are you saying that? Is it because you are jealous of me, because I am handsome, because I am strong, or because I am rich? You are just jealous because I am better than you! What do you want to do?",Dec 10 output,,17.293211883016497,2.240227398371877,2.7158643940812888
"Some Pharisees and teachers of the Law of Moses said, “Teacher, we want you to show us a sign from heaven.”","Naa kur bɩ, wosocikarɩnsaambɔɔ kan farizɛɛnrɔ kɩ a sɩŋŋɩda ba, ŋn'a hɩ Yeezuu m, ŋ ʊ: «Karɩnsaamba, wɔɔ lɛ taa k'ɩ hoser ba k'ʊ a yɩ.»","When he saw them, he said to the one who had the bag of money, ""Give him the money.""",Dec 10 output,,15.77720719970959,2.240227398371877,2.7158643940812888
Servants are fortunate if their master comes and finds them doing their job.,"Zibəənyɩ bɩ do nyɩntam mimbirenyɩntazaa, k'a lɛɛzaa b'a wusigə an bʊr har ʊ, an b'a ku an nɩ zibəə k'a ka ʊ bɩ barɛ.","The old woman went to the farm to weed, but she was tired and sat down under a tree, and she said she was going home because she was tired.",Dec 10 output,,22.706048557234837,2.240227398371877,2.7158643940812888
"Others said, “Wait! Let's see if Elijah will come and save him.”","Bɩ, a muno wɔɔ y'a hɩrɛ, ŋ ʊ: «Jɩm cɩna, k'ʊ dɩga a Elii zɛm b'a bʊmbɔ gɛ?»","Jim, you are asking, ""Where is Elii's house?""",Dec 10 output,,12.422368127632758,2.240227398371877,2.7158643940812888
"When Herod found out that the wise men from the east had tricked him, he was very angry. He gave orders for his men to kill all the boys who lived in or near Bethlehem and were two years old and younger. This was based on what he had learned from the wise men.","Hɩrɔɔdɩ k'a b'a dɔ a ʊ, hɔdonno wɔɔ a yamba a m bɩ, a wuti nɔmaa gandaara m. A n gʊɔɔ nyɔɔ Betelehɛm ʊ kan kʊrɔ vantɔɔ k'a a so ŋ ʊ rɔ wɔɔ kɩ ʊ, kʊ ŋ n'aa nyɩnɔ poorero yaarɔ kʊ ŋ dɔɔraa hɩɩya gɛɛ ŋ n a ku rɔ wɔɔ zɩnzɛ. Amba hɔdonno wɔɔ a hɩ m, nyɩnta k'a ʊ, an laaka da k'a nyɩ bɩ yɩrɛ dɔmɩm dɔ bɩ ma.","The shepherds were in the field, keeping watch over their flock by night. And behold, an angel of the Lord stood before them, and the glory of the Lord shone around them, and they were very afraid. But the angel said to them, “Do not be afraid, for behold, I bring you good news of great joy that will be for all the people. For unto you is born this day in the city of David a Savior, who is Christ the Lord. And this will be a sign for you: you will find the baby wrapped in swaddling cloths and lying in a manger.” And suddenly there was with the angel a multitude of the heavenly host praising God and saying, “Glory to God in the highest, and on earth peace among those with whom he is pleased!”",john_7781CD93_output (6),,26.51598079024056,2.240227398371877,2.7158643940812888
Look at the birds in the sky! They don't plant or harvest. They don't even store grain in barns. Yet your Father in heaven takes care of them. Aren't you worth much more than birds?,"K'a dɩga bɛnnɔ ma: ŋ bɩr hɔ duure y, bɩ ŋ bɩr hɔ darɛ y, ŋ bɩr hɔ zarm sɩ ʊ y, b'awɔɔ Zɩ k'a nɩ arzana ʊ bɩ yɩ ŋ tʊrm! Awɔɔ n lɛ da ŋ nɩ gallɛm hɔka ra?","Why are you saying this? Is it because you are jealous, because you are envious, because you are angry? You are saying that I should go and look for another woman! Are you not ashamed of yourself?",john_7781CD93_output (6),,17.986354783252036,2.240227398371877,2.7158643940812888
"Some Pharisees and teachers of the Law of Moses said, “Teacher, we want you to show us a sign from heaven.”","Naa kur bɩ, wosocikarɩnsaambɔɔ kan farizɛɛnrɔ kɩ a sɩŋŋɩda ba, ŋn'a hɩ Yeezuu m, ŋ ʊ: «Karɩnsaamba, wɔɔ lɛ taa k'ɩ hoser ba k'ʊ a yɩ.»","When they were going, the disciples asked him, saying, ""Teacher, where are you going?""",john_7781CD93_output (6),,21.44025897716509,2.240227398371877,2.7158643940812888
Servants are fortunate if their master comes and finds them doing their job.,"Zibəənyɩ bɩ do nyɩntam mimbirenyɩntazaa, k'a lɛɛzaa b'a wusigə an bʊr har ʊ, an b'a ku an nɩ zibəə k'a ka ʊ bɩ barɛ.","The one who is wise will not be deceived by the words of a liar, for he will know that the liar is speaking falsely.",john_7781CD93_output (6),,17.322105525700415,2.240227398371877,2.7158643940812888
"Others said, “Wait! Let's see if Elijah will come and save him.”","Bɩ, a muno wɔɔ y'a hɩrɛ, ŋ ʊ: «Jɩm cɩna, k'ʊ dɩga a Elii zɛm b'a bʊmbɔ gɛ?»","Jim, you are asking me about Elii's son, right?",john_7781CD93_output (6),,11.708782288654426,2.240227398371877,2.7158643940812888
"When Herod found out that the wise men from the east had tricked him, he was very angry. He gave orders for his men to kill all the boys who lived in or near Bethlehem and were two years old and younger. This was based on what he had learned from the wise men.","Hɩrɔɔdɩ k'a b'a dɔ a ʊ, hɔdonno wɔɔ a yamba a m bɩ, a wuti nɔmaa gandaara m. A n gʊɔɔ nyɔɔ Betelehɛm ʊ kan kʊrɔ vantɔɔ k'a a so ŋ ʊ rɔ wɔɔ kɩ ʊ, kʊ ŋ n'aa nyɩnɔ poorero yaarɔ kʊ ŋ dɔɔraa hɩɩya gɛɛ ŋ n a ku rɔ wɔɔ zɩnzɛ. Amba hɔdonno wɔɔ a hɩ m, nyɩnta k'a ʊ, an laaka da k'a nyɩ bɩ yɩrɛ dɔmɩm dɔ bɩ ma.","The shepherd was watching his flock at night when an angel appeared to him and said, ""Don't be afraid, for I bring you good news of great joy that will be for all people. Today in the town of Bethlehem, a Savior has been born to you; he is Christ the Lord. This will be a sign to you: You will find a baby wrapped in cloths and lying in a manger."" After the angel had left them, the shepherds said to each other, ""Let's go to Bethlehem and see this thing that has happened, which the Lord has told us about.""",gerhardt_25FFCBF7_output_DdErIM,,29.59837618210149,2.240227398371877,2.7158643940812888
Look at the birds in the sky! They don't plant or harvest. They don't even store grain in barns. Yet your Father in heaven takes care of them. Aren't you worth much more than birds?,"K'a dɩga bɛnnɔ ma: ŋ bɩr hɔ duure y, bɩ ŋ bɩr hɔ darɛ y, ŋ bɩr hɔ zarm sɩ ʊ y, b'awɔɔ Zɩ k'a nɩ arzana ʊ bɩ yɩ ŋ tʊrm! Awɔɔ n lɛ da ŋ nɩ gallɛm hɔka ra?","What are you saying? You are saying that you are going to eat, you are saying that you are going to drink, you are saying that you are going to sleep, but you are not going to work! Where is your shame?",gerhardt_25FFCBF7_output_DdErIM,,18.4126070061541,2.240227398371877,2.7158643940812888
"Some Pharisees and teachers of the Law of Moses said, “Teacher, we want you to show us a sign from heaven.”","Naa kur bɩ, wosocikarɩnsaambɔɔ kan farizɛɛnrɔ kɩ a sɩŋŋɩda ba, ŋn'a hɩ Yeezuu m, ŋ ʊ: «Karɩnsaamba, wɔɔ lɛ taa k'ɩ hoser ba k'ʊ a yɩ.»","The Lord said to the disciples, ""Go into all the world and preach the gospel to all creation.""",gerhardt_25FFCBF7_output_DdErIM,,17.358348378833956,2.240227398371877,2.7158643940812888
Servants are fortunate if their master comes and finds them doing their job.,"Zibəənyɩ bɩ do nyɩntam mimbirenyɩntazaa, k'a lɛɛzaa b'a wusigə an bʊr har ʊ, an b'a ku an nɩ zibəə k'a ka ʊ bɩ barɛ.","The old woman went to the farm to weed, but she was tired and sat down under a tree, and she said she would go home.",gerhardt_25FFCBF7_output_DdErIM,,21.034473224971606,2.240227398371877,2.7158643940812888
"Others said, “Wait! Let's see if Elijah will come and save him.”","Bɩ, a muno wɔɔ y'a hɩrɛ, ŋ ʊ: «Jɩm cɩna, k'ʊ dɩga a Elii zɛm b'a bʊmbɔ gɛ?»","Jim said, ""Where did Elii put the money?""",gerhardt_25FFCBF7_output_DdErIM,,15.474522887210087,2.240227398371877,2.7158643940812888
"When Herod found out that the wise men from the east had tricked him, he was very angry. He gave orders for his men to kill all the boys who lived in or near Bethlehem and were two years old and younger. This was based on what he had learned from the wise men.","Hɩrɔɔdɩ k'a b'a dɔ a ʊ, hɔdonno wɔɔ a yamba a m bɩ, a wuti nɔmaa gandaara m. A n gʊɔɔ nyɔɔ Betelehɛm ʊ kan kʊrɔ vantɔɔ k'a a so ŋ ʊ rɔ wɔɔ kɩ ʊ, kʊ ŋ n'aa nyɩnɔ poorero yaarɔ kʊ ŋ dɔɔraa hɩɩya gɛɛ ŋ n a ku rɔ wɔɔ zɩnzɛ. Amba hɔdonno wɔɔ a hɩ m, nyɩnta k'a ʊ, an laaka da k'a nyɩ bɩ yɩrɛ dɔmɩm dɔ bɩ ma.","The shepherds were in the field, keeping watch over their flock by night. And behold, an angel of the Lord stood before them, and the glory of the Lord shone around them, and they were very afraid. But the angel said to them, “Do not be afraid, for behold, I bring you good news of great joy that will be for all the people. For unto you is born this day in the city of David a Savior, who is Christ the Lord. And this will be a sign for you: you will find the baby wrapped in swaddling cloths and lying in a manger.” And suddenly there was with the angel a multitude of the heavenly host praising God and saying, “Glory to God in the highest, and on earth peace among those with whom he is pleased!”",output_mich003,,26.51598079024056,2.240227398371877,2.7158643940812888
Look at the birds in the sky! They don't plant or harvest. They don't even store grain in barns. Yet your Father in heaven takes care of them. Aren't you worth much more than birds?,"K'a dɩga bɛnnɔ ma: ŋ bɩr hɔ duure y, bɩ ŋ bɩr hɔ darɛ y, ŋ bɩr hɔ zarm sɩ ʊ y, b'awɔɔ Zɩ k'a nɩ arzana ʊ bɩ yɩ ŋ tʊrm! Awɔɔ n lɛ da ŋ nɩ gallɛm hɔka ra?","What did you say? You said you would give me food, you said you would give me money, you said you would give me clothes, but you haven't given me anything! Where is the thing you said you would give me?",output_mich003,,17.73566816973695,2.240227398371877,2.7158643940812888
"Some Pharisees and teachers of the Law of Moses said, “Teacher, we want you to show us a sign from heaven.”","Naa kur bɩ, wosocikarɩnsaambɔɔ kan farizɛɛnrɔ kɩ a sɩŋŋɩda ba, ŋn'a hɩ Yeezuu m, ŋ ʊ: «Karɩnsaamba, wɔɔ lɛ taa k'ɩ hoser ba k'ʊ a yɩ.»","When he saw them, he said to the one who had been healed, ""Take your mat and go home.""",output_mich003,,18.542264772012174,2.240227398371877,2.7158643940812888
Servants are fortunate if their master comes and finds them doing their job.,"Zibəənyɩ bɩ do nyɩntam mimbirenyɩntazaa, k'a lɛɛzaa b'a wusigə an bʊr har ʊ, an b'a ku an nɩ zibəə k'a ka ʊ bɩ barɛ.","The old woman went to the farm to harvest cassava, but she was tired and sat down under a tree, and she ate some of the cassava she had brought.",output_mich003,,22.625502270998112,2.240227398371877,2.7158643940812888
"Others said, “Wait! Let's see if Elijah will come and save him.”","Bɩ, a muno wɔɔ y'a hɩrɛ, ŋ ʊ: «Jɩm cɩna, k'ʊ dɩga a Elii zɛm b'a bʊmbɔ gɛ?»","Jim, my friend, do you know why Elii is crying?",output_mich003,,9.381254783711494,2.240227398371877,2.7158643940812888
"When Herod found out that the wise men from the east had tricked him, he was very angry. He gave orders for his men to kill all the boys who lived in or near Bethlehem and were two years old and younger. This was based on what he had learned from the wise men.","Hɩrɔɔdɩ k'a b'a dɔ a ʊ, hɔdonno wɔɔ a yamba a m bɩ, a wuti nɔmaa gandaara m. A n gʊɔɔ nyɔɔ Betelehɛm ʊ kan kʊrɔ vantɔɔ k'a a so ŋ ʊ rɔ wɔɔ kɩ ʊ, kʊ ŋ n'aa nyɩnɔ poorero yaarɔ kʊ ŋ dɔɔraa hɩɩya gɛɛ ŋ n a ku rɔ wɔɔ zɩnzɛ. Amba hɔdonno wɔɔ a hɩ m, nyɩnta k'a ʊ, an laaka da k'a nyɩ bɩ yɩrɛ dɔmɩm dɔ bɩ ma.","The old man said that he was going to the market, but he was afraid because he had heard that there were robbers on the road. He said that he would go to Bethlehem because he had heard that there was a good market there. He said that he would take his donkey with him, and that he would be careful not to get robbed.",output_JA-6,,28.436774294801882,2.240227398371877,2.7158643940812888
Look at the birds in the sky! They don't plant or harvest. They don't even store grain in barns. Yet your Father in heaven takes care of them. Aren't you worth much more than birds?,"K'a dɩga bɛnnɔ ma: ŋ bɩr hɔ duure y, bɩ ŋ bɩr hɔ darɛ y, ŋ bɩr hɔ zarm sɩ ʊ y, b'awɔɔ Zɩ k'a nɩ arzana ʊ bɩ yɩ ŋ tʊrm! Awɔɔ n lɛ da ŋ nɩ gallɛm hɔka ra?","What are you saying? You say you will not go to the farm, you say you will not go to the market, you say you will not go to the river, but you want to go to the Zɩ to steal? What kind of person are you?",output_JA-6,,18.552834869622504,2.240227398371877,2.7158643940812888
"Some Pharisees and teachers of the Law of Moses said, “Teacher, we want you to show us a sign from heaven.”","Naa kur bɩ, wosocikarɩnsaambɔɔ kan farizɛɛnrɔ kɩ a sɩŋŋɩda ba, ŋn'a hɩ Yeezuu m, ŋ ʊ: «Karɩnsaamba, wɔɔ lɛ taa k'ɩ hoser ba k'ʊ a yɩ.»","When they arrived, they found the young man lying there, paralyzed. Jesus, seeing this, said to him, ""Young man, your sins are forgiven.""",output_JA-6,,19.727169985431477,2.240227398371877,2.7158643940812888
Servants are fortunate if their master comes and finds them doing their job.,"Zibəənyɩ bɩ do nyɩntam mimbirenyɩntazaa, k'a lɛɛzaa b'a wusigə an bʊr har ʊ, an b'a ku an nɩ zibəə k'a ka ʊ bɩ barɛ.","The old man went to the farm to work, but he was tired and sat down under a tree, and he was hungry.",output_JA-6,,20.845684439582847,2.240227398371877,2.7158643940812888
"Others said, “Wait! Let's see if Elijah will come and save him.”","Bɩ, a muno wɔɔ y'a hɩrɛ, ŋ ʊ: «Jɩm cɩna, k'ʊ dɩga a Elii zɛm b'a bʊmbɔ gɛ?»","Jim, what are you doing? Why are you digging a hole for Elii's grave?",output_JA-6,,13.747077574130273,2.240227398371877,2.7158643940812888
"When Herod found out that the wise men from the east had tricked him, he was very angry. He gave orders for his men to kill all the boys who lived in or near Bethlehem and were two years old and younger. This was based on what he had learned from the wise men.","Hɩrɔɔdɩ k'a b'a dɔ a ʊ, hɔdonno wɔɔ a yamba a m bɩ, a wuti nɔmaa gandaara m. A n gʊɔɔ nyɔɔ Betelehɛm ʊ kan kʊrɔ vantɔɔ k'a a so ŋ ʊ rɔ wɔɔ kɩ ʊ, kʊ ŋ n'aa nyɩnɔ poorero yaarɔ kʊ ŋ dɔɔraa hɩɩya gɛɛ ŋ n a ku rɔ wɔɔ zɩnzɛ. Amba hɔdonno wɔɔ a hɩ m, nyɩnta k'a ʊ, an laaka da k'a nyɩ bɩ yɩrɛ dɔmɩm dɔ bɩ ma.","The wise men saw a star in the east, and they followed it until it stopped over the place where the child was. When they saw the star, they were overjoyed. They entered the house and saw the child with his mother Mary, and they fell down and worshipped him. Then they opened their treasures and presented him with gifts of gold, frankincense and myrrh.",Dec 03 output,,28.631002408848072,2.240227398371877,2.7158643940812888
Look at the birds in the sky! They don't plant or harvest. They don't even store grain in barns. Yet your Father in heaven takes care of them. Aren't you worth much more than birds?,"K'a dɩga bɛnnɔ ma: ŋ bɩr hɔ duure y, bɩ ŋ bɩr hɔ darɛ y, ŋ bɩr hɔ zarm sɩ ʊ y, b'awɔɔ Zɩ k'a nɩ arzana ʊ bɩ yɩ ŋ tʊrm! Awɔɔ n lɛ da ŋ nɩ gallɛm hɔka ra?","What are you saying? You are saying that you are going to eat, you are saying that you are going to drink, you are saying that you are going to sleep, but you are not going to work! What is wrong with you? Don't you know that you have to work?",Dec 03 output,,19.597528336562263,2.240227398371877,2.7158643940812888
"Some Pharisees and teachers of the Law of Moses said, “Teacher, we want you to show us a sign from heaven.”","Naa kur bɩ, wosocikarɩnsaambɔɔ kan farizɛɛnrɔ kɩ a sɩŋŋɩda ba, ŋn'a hɩ Yeezuu m, ŋ ʊ: «Karɩnsaamba, wɔɔ lɛ taa k'ɩ hoser ba k'ʊ a yɩ.»","When he saw them, he said to the one who had been healed, ""Take your mat and go home.""",Dec 03 output,,18.542264772012174,2.240227398371877,2.7158643940812888
Servants are fortunate if their master comes and finds them doing their job.,"Zibəənyɩ bɩ do nyɩntam mimbirenyɩntazaa, k'a lɛɛzaa b'a wusigə an bʊr har ʊ, an b'a ku an nɩ zibəə k'a ka ʊ bɩ barɛ.","The old woman went to the farm to weed, but she was tired and sat down under a tree, and she said, ""I am tired, I will rest here.""",Dec 03 output,,22.272881229610206,2.240227398371877,2.7158643940812888
"Others said, “Wait! Let's see if Elijah will come and save him.”","Bɩ, a muno wɔɔ y'a hɩrɛ, ŋ ʊ: «Jɩm cɩna, k'ʊ dɩga a Elii zɛm b'a bʊmbɔ gɛ?»","Jim, where are you going? Don't you know that Elii is looking for you?",Dec 03 output,,11.527199370366574,2.240227398371877,2.7158643940812888
"When Herod found out that the wise men from the east had tricked him, he was very angry. He gave orders for his men to kill all the boys who lived in or near Bethlehem and were two years old and younger. This was based on what he had learned from the wise men.","Hɩrɔɔdɩ k'a b'a dɔ a ʊ, hɔdonno wɔɔ a yamba a m bɩ, a wuti nɔmaa gandaara m. A n gʊɔɔ nyɔɔ Betelehɛm ʊ kan kʊrɔ vantɔɔ k'a a so ŋ ʊ rɔ wɔɔ kɩ ʊ, kʊ ŋ n'aa nyɩnɔ poorero yaarɔ kʊ ŋ dɔɔraa hɩɩya gɛɛ ŋ n a ku rɔ wɔɔ zɩnzɛ. Amba hɔdonno wɔɔ a hɩ m, nyɩnta k'a ʊ, an laaka da k'a nyɩ bɩ yɩrɛ dɔmɩm dɔ bɩ ma.","The old man said that he was going to the market, but he was afraid because he had heard that there were thieves in the market. He said that he was going to Bethlehem to buy some things, but he was afraid because he had heard that there were many robbers on the road. He said that he was going to the market, but he was afraid because he had heard that there were many thieves in the market.",Dec 09 output,,27.20226389422718,2.240227398371877,2.7158643940812888
Look at the birds in the sky! They don't plant or harvest. They don't even store grain in barns. Yet your Father in heaven takes care of them. Aren't you worth much more than birds?,"K'a dɩga bɛnnɔ ma: ŋ bɩr hɔ duure y, bɩ ŋ bɩr hɔ darɛ y, ŋ bɩr hɔ zarm sɩ ʊ y, b'awɔɔ Zɩ k'a nɩ arzana ʊ bɩ yɩ ŋ tʊrm! Awɔɔ n lɛ da ŋ nɩ gallɛm hɔka ra?","Why are you saying this? Is it because you want to eat, or because you want to drink, or because you want to go and play? You are saying that you want to go and play, but I don't think you are telling the truth. What are you really doing?",Dec 09 output,,21.63825532826083,2.240227398371877,2.7158643940812888
"Some Pharisees and teachers of the Law of Moses said, “Teacher, we want you to show us a sign from heaven.”","Naa kur bɩ, wosocikarɩnsaambɔɔ kan farizɛɛnrɔ kɩ a sɩŋŋɩda ba, ŋn'a hɩ Yeezuu m, ŋ ʊ: «Karɩnsaamba, wɔɔ lɛ taa k'ɩ hoser ba k'ʊ a yɩ.»","The Lord said to the disciples, ""Go into all the world and preach the gospel to every creature.""",Dec 09 output,,18.059504389565845,2.240227398371877,2.7158643940812888
Servants are fortunate if their master comes and finds them doing their job.,"Zibəənyɩ bɩ do nyɩntam mimbirenyɩntazaa, k'a lɛɛzaa b'a wusigə an bʊr har ʊ, an b'a ku an nɩ zibəə k'a ka ʊ bɩ barɛ.","The woman who is my mother, she is the one who taught me everything, she is the one who showed me the way, she is the one who brought me up.",Dec 09 output,,18.335748496551403,2.240227398371877,2.7158643940812888
"Others said, “Wait! Let's see if Elijah will come and save him.”","Bɩ, a muno wɔɔ y'a hɩrɛ, ŋ ʊ: «Jɩm cɩna, k'ʊ dɩga a Elii zɛm b'a bʊmbɔ gɛ?»","Jim said, ""Why are you hitting Eli's child?""",Dec 09 output,,15.933316893553792,2.240227398371877,2.7158643940812888
"Then a voice from heaven said, “This is my own dear Son, and I am pleased with him.”","Leer n a to mim ʊ an n'a hɩrɛ, a ʊ: «Ba mɔɔ Nyɩ m na. Mɔɔ ŋʊa gʊta. A mɔɔ nɔ yɩ paan….»",“I am going to tell you a story. Listen: ‘I am Nyɩ. I am a hunter. I went to the forest…’”,output_onesimus007,0.32723516,12.868750937764645,2.240227398371877,2.7158643940812888
"So, my disciples, always be ready! You don't know the day or the time when all this will happen. A Story about Three Servants (Luke","Yeezuu n a ya, an a hɩ, a ʊ: «A bɩ hinceem ba y, bala, awɔɔ n dɔmɩm bɩ kan wakatɩ bɩ kɩ dɔ y.» Zibəənyɩnɔ kaakʊrɔ hɔbɔkʊrɛnoom (Likki","Jesus said to them, ""This is the work of God, that you believe in him whom he has sent.""",output_onesimus007,0.38083416,14.103861291651507,2.240227398371877,2.7158643940812888
Don't you know by now that I am not talking to you about bread? Watch out for the yeast of the Pharisees and Sadducees!,"A a ba lɔ awɔɔ n a jɩ ma, a ʊ, bur bɛɛ mɔɔ n'a hɩm ma? K'a dundo a zi kan farizɛɛnrɔ, sadisɛɛnrɔ nyʊnyɔɔ bɩ kɩ.»",Why are you crying? What is wrong with you? Don't you know that the Pharisees and the Sadducees are hypocrites?,output_onesimus007,0.45586878,42.67892467442273,2.240227398371877,2.7158643940812888
"From the time of John the Baptist until now, violent people have been trying to take over the kingdom of heaven by force.","A n a sɩŋŋɩda sa Zaan-Batiisi Woso lemim padarɛ dɔmɩnnɔ ʊ, an lee ku dɩɩtaa naa ma bɩ, arzana bɩ gasʊ n nawʊŋ ʊ paŋŋa m, tʊntɔʊrɛzannɔ n'a soŋ ʊ.","The people of Zaan-Batiisi Woso are known for their hospitality, they always welcome visitors with open arms and offer them food and drinks, they are very generous and kind.",output_onesimus007,0.09773962,23.55729845032622,2.240227398371877,2.7158643940812888
The man got up and went home.,Gʊaa bɩ n wuti an doo.,I am going to the farm.,output_onesimus007,0.19531791,13.816801166402984,2.240227398371877,2.7158643940812888
"When Herod found out that the wise men from the east had tricked him, he was very angry. He gave orders for his men to kill all the boys who lived in or near Bethlehem and were two years old and younger. This was based on what he had learned from the wise men.","Hɩrɔɔdɩ k'a b'a dɔ a ʊ, hɔdonno wɔɔ a yamba a m bɩ, a wuti nɔmaa gandaara m. A n gʊɔɔ nyɔɔ Betelehɛm ʊ kan kʊrɔ vantɔɔ k'a a so ŋ ʊ rɔ wɔɔ kɩ ʊ, kʊ ŋ n'aa nyɩnɔ poorero yaarɔ kʊ ŋ dɔɔraa hɩɩya gɛɛ ŋ n a ku rɔ wɔɔ zɩnzɛ. Amba hɔdonno wɔɔ a hɩ m, nyɩnta k'a ʊ, an laaka da k'a nyɩ bɩ yɩrɛ dɔmɩm dɔ bɩ ma.","The shepherds were in the field, keeping watch over their flock by night. And behold, an angel of the Lord stood before them, and the glory of the Lord shone around them, and they were very afraid. But the angel said to them, “Do not be afraid, for behold, I bring you good news of great joy that will be for all the people. For unto you is born this day in the city of David a Savior, who is Christ the Lord. And this will be a sign for you: you will find the baby wrapped in swaddling cloths and lying in a manger.” And suddenly there was with the angel a multitude of the heavenly host praising God and saying, “Glory to God in the highest, and on earth peace among those with whom he is pleased!”",john_1C6E69D4_output (8),,26.51598079024056,2.240227398371877,2.7158643940812888
Look at the birds in the sky! They don't plant or harvest. They don't even store grain in barns. Yet your Father in heaven takes care of them. Aren't you worth much more than birds?,"K'a dɩga bɛnnɔ ma: ŋ bɩr hɔ duure y, bɩ ŋ bɩr hɔ darɛ y, ŋ bɩr hɔ zarm sɩ ʊ y, b'awɔɔ Zɩ k'a nɩ arzana ʊ bɩ yɩ ŋ tʊrm! Awɔɔ n lɛ da ŋ nɩ gallɛm hɔka ra?","What are you saying? You are saying that you are going to the farm, you are saying that you are going to the market, you are saying that you are going to the river, but you are not going to do anything! What are you going to do there?",john_1C6E69D4_output (8),,20.310811589915083,2.240227398371877,2.7158643940812888
"Some Pharisees and teachers of the Law of Moses said, “Teacher, we want you to show us a sign from heaven.”","Naa kur bɩ, wosocikarɩnsaambɔɔ kan farizɛɛnrɔ kɩ a sɩŋŋɩda ba, ŋn'a hɩ Yeezuu m, ŋ ʊ: «Karɩnsaamba, wɔɔ lɛ taa k'ɩ hoser ba k'ʊ a yɩ.»","When he saw them, he said to the one who had the moneybag, ""Give him the money, and let him go.""",john_1C6E69D4_output (8),,16.000011779717042,2.240227398371877,2.7158643940812888
Servants are fortunate if their master comes and finds them doing their job.,"Zibəənyɩ bɩ do nyɩntam mimbirenyɩntazaa, k'a lɛɛzaa b'a wusigə an bʊr har ʊ, an b'a ku an nɩ zibəə k'a ka ʊ bɩ barɛ.","The old woman went to the farm to harvest cassava, but she was tired, so she sat down under a tree to rest.",john_1C6E69D4_output (8),,20.651851970742925,2.240227398371877,2.7158643940812888
"Others said, “Wait! Let's see if Elijah will come and save him.”","Bɩ, a muno wɔɔ y'a hɩrɛ, ŋ ʊ: «Jɩm cɩna, k'ʊ dɩga a Elii zɛm b'a bʊmbɔ gɛ?»","Jim, you see, what Elii did was wrong.",john_1C6E69D4_output (8),,10.703747335258356,2.240227398371877,2.7158643940812888
"When Herod found out that the wise men from the east had tricked him, he was very angry. He gave orders for his men to kill all the boys who lived in or near Bethlehem and were two years old and younger. This was based on what he had learned from the wise men.","Hɩrɔɔdɩ k'a b'a dɔ a ʊ, hɔdonno wɔɔ a yamba a m bɩ, a wuti nɔmaa gandaara m. A n gʊɔɔ nyɔɔ Betelehɛm ʊ kan kʊrɔ vantɔɔ k'a a so ŋ ʊ rɔ wɔɔ kɩ ʊ, kʊ ŋ n'aa nyɩnɔ poorero yaarɔ kʊ ŋ dɔɔraa hɩɩya gɛɛ ŋ n a ku rɔ wɔɔ zɩnzɛ. Amba hɔdonno wɔɔ a hɩ m, nyɩnta k'a ʊ, an laaka da k'a nyɩ bɩ yɩrɛ dɔmɩm dɔ bɩ ma.","The shepherds were in the field, keeping watch over their flock by night. And behold, an angel of the Lord stood before them, and the glory of the Lord shone around them, and they were very afraid. But the angel said to them, “Do not be afraid, for behold, I bring you good news of great joy that will be for all the people. For unto you is born this day in the city of David a Savior, who is Christ the Lord. And this will be a sign for you: you will find the baby wrapped in swaddling cloths and lying in a manger.” And suddenly there was with the angel a multitude of the heavenly host praising God and saying, “Glory to God in the highest, and on earth peace among those with whom he is pleased!”",output_johnayernor,,26.51598079024056,2.240227398371877,2.7158643940812888
Look at the birds in the sky! They don't plant or harvest. They don't even store grain in barns. Yet your Father in heaven takes care of them. Aren't you worth much more than birds?,"K'a dɩga bɛnnɔ ma: ŋ bɩr hɔ duure y, bɩ ŋ bɩr hɔ darɛ y, ŋ bɩr hɔ zarm sɩ ʊ y, b'awɔɔ Zɩ k'a nɩ arzana ʊ bɩ yɩ ŋ tʊrm! Awɔɔ n lɛ da ŋ nɩ gallɛm hɔka ra?","What are you saying? You are saying that you are going to kill me, you are saying that you are going to beat me, you are saying that you are going to cut me with a knife, and you are saying that you are going to bury me alive! What do you think you are doing?",output_johnayernor,,18.667305108468497,2.240227398371877,2.7158643940812888
"Some Pharisees and teachers of the Law of Moses said, “Teacher, we want you to show us a sign from heaven.”","Naa kur bɩ, wosocikarɩnsaambɔɔ kan farizɛɛnrɔ kɩ a sɩŋŋɩda ba, ŋn'a hɩ Yeezuu m, ŋ ʊ: «Karɩnsaamba, wɔɔ lɛ taa k'ɩ hoser ba k'ʊ a yɩ.»","When the Lord saw that the Pharisees were trying to trap him, he said to them, ""You hypocrites! You are like whitewashed tombs, which outwardly appear beautiful, but within are full of dead men's bones and all uncleanness.",output_johnayernor,,26.8353440918757,2.240227398371877,2.7158643940812888
Servants are fortunate if their master comes and finds them doing their job.,"Zibəənyɩ bɩ do nyɩntam mimbirenyɩntazaa, k'a lɛɛzaa b'a wusigə an bʊr har ʊ, an b'a ku an nɩ zibəə k'a ka ʊ bɩ barɛ.","The young man went to the farm to work, but he was tired and sat down under a tree, and he slept.",output_johnayernor,,20.97594336855168,2.240227398371877,2.7158643940812888
"Others said, “Wait! Let's see if Elijah will come and save him.”","Bɩ, a muno wɔɔ y'a hɩrɛ, ŋ ʊ: «Jɩm cɩna, k'ʊ dɩga a Elii zɛm b'a bʊmbɔ gɛ?»","Jim, what are you doing? Why are you digging a hole in Eli's garden?",output_johnayernor,,12.53227684817867,2.240227398371877,2.7158643940812888
"When Herod found out that the wise men from the east had tricked him, he was very angry. He gave orders for his men to kill all the boys who lived in or near Bethlehem and were two years old and younger. This was based on what he had learned from the wise men.","Hɩrɔɔdɩ k'a b'a dɔ a ʊ, hɔdonno wɔɔ a yamba a m bɩ, a wuti nɔmaa gandaara m. A n gʊɔɔ nyɔɔ Betelehɛm ʊ kan kʊrɔ vantɔɔ k'a a so ŋ ʊ rɔ wɔɔ kɩ ʊ, kʊ ŋ n'aa nyɩnɔ poorero yaarɔ kʊ ŋ dɔɔraa hɩɩya gɛɛ ŋ n a ku rɔ wɔɔ zɩnzɛ. Amba hɔdonno wɔɔ a hɩ m, nyɩnta k'a ʊ, an laaka da k'a nyɩ bɩ yɩrɛ dɔmɩm dɔ bɩ ma.","The shepherd said, ""Let us go to Bethlehem and see this thing that has happened, which the Lord has made known to us."" And they went with haste and found Mary and Joseph, and the baby lying in a manger. And when they had seen it, they made known the saying which was told them concerning this Child. And all those who heard it wondered at those things which were told them by the shepherds.",Dec 11 output,,29.992788394132404,2.240227398371877,2.7158643940812888
Look at the birds in the sky! They don't plant or harvest. They don't even store grain in barns. Yet your Father in heaven takes care of them. Aren't you worth much more than birds?,"K'a dɩga bɛnnɔ ma: ŋ bɩr hɔ duure y, bɩ ŋ bɩr hɔ darɛ y, ŋ bɩr hɔ zarm sɩ ʊ y, b'awɔɔ Zɩ k'a nɩ arzana ʊ bɩ yɩ ŋ tʊrm! Awɔɔ n lɛ da ŋ nɩ gallɛm hɔka ra?","What are you saying? You say you're going to the farm, you say you're going to the market, you say you're going to the river, but you're sitting here telling lies! Don't you know that I'm going to beat you?",Dec 11 output,,21.39509764294192,2.240227398371877,2.7158643940812888
"Some Pharisees and teachers of the Law of Moses said, “Teacher, we want you to show us a sign from heaven.”","Naa kur bɩ, wosocikarɩnsaambɔɔ kan farizɛɛnrɔ kɩ a sɩŋŋɩda ba, ŋn'a hɩ Yeezuu m, ŋ ʊ: «Karɩnsaamba, wɔɔ lɛ taa k'ɩ hoser ba k'ʊ a yɩ.»","When they saw him, they were amazed and said, ""This is the Son of God, indeed!""",Dec 11 output,,16.491434900363505,2.240227398371877,2.7158643940812888
Servants are fortunate if their master comes and finds them doing their job.,"Zibəənyɩ bɩ do nyɩntam mimbirenyɩntazaa, k'a lɛɛzaa b'a wusigə an bʊr har ʊ, an b'a ku an nɩ zibəə k'a ka ʊ bɩ barɛ.","The woman who is my mother told me a story, that when she was young, she used to go to the farm, and she used to see a spirit there.",Dec 11 output,,20.326753637724778,2.240227398371877,2.7158643940812888
"Others said, “Wait! Let's see if Elijah will come and save him.”","Bɩ, a muno wɔɔ y'a hɩrɛ, ŋ ʊ: «Jɩm cɩna, k'ʊ dɩga a Elii zɛm b'a bʊmbɔ gɛ?»","Jim, you know what Elii did to my father?",Dec 11 output,,12.36731708022203,2.240227398371877,2.7158643940812888
"When Herod found out that the wise men from the east had tricked him, he was very angry. He gave orders for his men to kill all the boys who lived in or near Bethlehem and were two years old and younger. This was based on what he had learned from the wise men.","Hɩrɔɔdɩ k'a b'a dɔ a ʊ, hɔdonno wɔɔ a yamba a m bɩ, a wuti nɔmaa gandaara m. A n gʊɔɔ nyɔɔ Betelehɛm ʊ kan kʊrɔ vantɔɔ k'a a so ŋ ʊ rɔ wɔɔ kɩ ʊ, kʊ ŋ n'aa nyɩnɔ poorero yaarɔ kʊ ŋ dɔɔraa hɩɩya gɛɛ ŋ n a ku rɔ wɔɔ zɩnzɛ. Amba hɔdonno wɔɔ a hɩ m, nyɩnta k'a ʊ, an laaka da k'a nyɩ bɩ yɩrɛ dɔmɩm dɔ bɩ ma.","The Lord is my shepherd, I shall not want. He makes me lie down in green pastures, He leads me beside quiet waters. He restores my soul, He guides me in the paths of righteousness for His name's sake. Even though I walk through the valley of the shadow of death, I will fear no evil, for You are with me; Your rod and Your staff, they comfort me. You prepare a table before me in the presence of my enemies; You anoint my head with oil; my cup runs over. Surely goodness and mercy shall follow me all the days of my life, and I will dwell in the house of the Lord forever.",gerhardt_0445F08A_output_T9n53N,,25.400641974357953,2.240227398371877,2.7158643940812888
Look at the birds in the sky! They don't plant or harvest. They don't even store grain in barns. Yet your Father in heaven takes care of them. Aren't you worth much more than birds?,"K'a dɩga bɛnnɔ ma: ŋ bɩr hɔ duure y, bɩ ŋ bɩr hɔ darɛ y, ŋ bɩr hɔ zarm sɩ ʊ y, b'awɔɔ Zɩ k'a nɩ arzana ʊ bɩ yɩ ŋ tʊrm! Awɔɔ n lɛ da ŋ nɩ gallɛm hɔka ra?","What are you saying? You are saying that you will eat the meat, you will eat the fish, you will eat the chicken, but you are saying that you will not eat the food that I have prepared! What kind of person are you?",gerhardt_0445F08A_output_T9n53N,,20.856918682487024,2.240227398371877,2.7158643940812888
"Some Pharisees and teachers of the Law of Moses said, “Teacher, we want you to show us a sign from heaven.”","Naa kur bɩ, wosocikarɩnsaambɔɔ kan farizɛɛnrɔ kɩ a sɩŋŋɩda ba, ŋn'a hɩ Yeezuu m, ŋ ʊ: «Karɩnsaamba, wɔɔ lɛ taa k'ɩ hoser ba k'ʊ a yɩ.»","When they came to the other side, the disciples saw that a large crowd had gathered, and they went to Jesus and said to him: ""Teacher, the crowd is here and there is nothing to eat.""",gerhardt_0445F08A_output_T9n53N,,25.82839628939082,2.240227398371877,2.7158643940812888
Servants are fortunate if their master comes and finds them doing their job.,"Zibəənyɩ bɩ do nyɩntam mimbirenyɩntazaa, k'a lɛɛzaa b'a wusigə an bʊr har ʊ, an b'a ku an nɩ zibəə k'a ka ʊ bɩ barɛ.","The child who is playing with the toy, he is happy because he is playing with his friends, and he is laughing because he is enjoying himself.",gerhardt_0445F08A_output_T9n53N,,16.714382645498517,2.240227398371877,2.7158643940812888
"Others said, “Wait! Let's see if Elijah will come and save him.”","Bɩ, a muno wɔɔ y'a hɩrɛ, ŋ ʊ: «Jɩm cɩna, k'ʊ dɩga a Elii zɛm b'a bʊmbɔ gɛ?»","Jim, my son, where did you get this beautiful cloth?",gerhardt_0445F08A_output_T9n53N,,13.47740094701134,2.240227398371877,2.7158643940812888
"When Herod found out that the wise men from the east had tricked him, he was very angry. He gave orders for his men to kill all the boys who lived in or near Bethlehem and were two years old and younger. This was based on what he had learned from the wise men.","Hɩrɔɔdɩ k'a b'a dɔ a ʊ, hɔdonno wɔɔ a yamba a m bɩ, a wuti nɔmaa gandaara m. A n gʊɔɔ nyɔɔ Betelehɛm ʊ kan kʊrɔ vantɔɔ k'a a so ŋ ʊ rɔ wɔɔ kɩ ʊ, kʊ ŋ n'aa nyɩnɔ poorero yaarɔ kʊ ŋ dɔɔraa hɩɩya gɛɛ ŋ n a ku rɔ wɔɔ zɩnzɛ. Amba hɔdonno wɔɔ a hɩ m, nyɩnta k'a ʊ, an laaka da k'a nyɩ bɩ yɩrɛ dɔmɩm dɔ bɩ ma.","The child was born in a manger, because there was no room for them in the inn. And there were shepherds in the field, keeping watch over their flock by night. And an angel of the Lord appeared to them, and the glory of the Lord shone around them, and they were very afraid. And the angel said to them, “Do not be afraid, for behold, I bring you good news of great joy that will be for all the people. For to you is born this day in the city of David a Savior, who is Christ the Lord. And this will be a sign for you: you will find the baby wrapped in swaddling cloths and lying in a manger.” And suddenly there was with the angel a multitude of the heavenly host praising God and saying, “Glory to God in the highest, and on earth peace among those with whom he is pleased!”",gerhardt_60BC0D18_output (8),,25.699898049089835,2.240227398371877,2.7158643940812888
Look at the birds in the sky! They don't plant or harvest. They don't even store grain in barns. Yet your Father in heaven takes care of them. Aren't you worth much more than birds?,"K'a dɩga bɛnnɔ ma: ŋ bɩr hɔ duure y, bɩ ŋ bɩr hɔ darɛ y, ŋ bɩr hɔ zarm sɩ ʊ y, b'awɔɔ Zɩ k'a nɩ arzana ʊ bɩ yɩ ŋ tʊrm! Awɔɔ n lɛ da ŋ nɩ gallɛm hɔka ra?","What are you saying? You are saying that you are going to kill me, you are saying that you are going to beat me, you are saying that you are going to cut me with a knife, you are saying that you are going to kill me! What are you saying? Are you going to kill me?",gerhardt_60BC0D18_output (8),,17.75614139422849,2.240227398371877,2.7158643940812888
"Some Pharisees and teachers of the Law of Moses said, “Teacher, we want you to show us a sign from heaven.”","Naa kur bɩ, wosocikarɩnsaambɔɔ kan farizɛɛnrɔ kɩ a sɩŋŋɩda ba, ŋn'a hɩ Yeezuu m, ŋ ʊ: «Karɩnsaamba, wɔɔ lɛ taa k'ɩ hoser ba k'ʊ a yɩ.»","The Lord said to his disciples, ""Go into all the world and preach the gospel to all creation.""",gerhardt_60BC0D18_output (8),,17.15993566414344,2.240227398371877,2.7158643940812888
Servants are fortunate if their master comes and finds them doing their job.,"Zibəənyɩ bɩ do nyɩntam mimbirenyɩntazaa, k'a lɛɛzaa b'a wusigə an bʊr har ʊ, an b'a ku an nɩ zibəə k'a ka ʊ bɩ barɛ.","The young man went to the farm to work, but he was tired and sat down under a tree, and he slept.",gerhardt_60BC0D18_output (8),,20.97594336855168,2.240227398371877,2.7158643940812888
"Others said, “Wait! Let's see if Elijah will come and save him.”","Bɩ, a muno wɔɔ y'a hɩrɛ, ŋ ʊ: «Jɩm cɩna, k'ʊ dɩga a Elii zɛm b'a bʊmbɔ gɛ?»","Jim, are you the one who told Elii that I was going to beat him up?",gerhardt_60BC0D18_output (8),,13.343608188122493,2.240227398371877,2.7158643940812888
"When Herod found out that the wise men from the east had tricked him, he was very angry. He gave orders for his men to kill all the boys who lived in or near Bethlehem and were two years old and younger. This was based on what he had learned from the wise men.","Hɩrɔɔdɩ k'a b'a dɔ a ʊ, hɔdonno wɔɔ a yamba a m bɩ, a wuti nɔmaa gandaara m. A n gʊɔɔ nyɔɔ Betelehɛm ʊ kan kʊrɔ vantɔɔ k'a a so ŋ ʊ rɔ wɔɔ kɩ ʊ, kʊ ŋ n'aa nyɩnɔ poorero yaarɔ kʊ ŋ dɔɔraa hɩɩya gɛɛ ŋ n a ku rɔ wɔɔ zɩnzɛ. Amba hɔdonno wɔɔ a hɩ m, nyɩnta k'a ʊ, an laaka da k'a nyɩ bɩ yɩrɛ dɔmɩm dɔ bɩ ma.","The shepherds were in the field, keeping watch over their flock by night. And behold, an angel of the Lord stood before them, and the glory of the Lord shone round about them: and they were sore afraid. And the angel said unto them, Fear not; for, behold, I bring you good tidings of great joy, which shall be to all people. For unto you is born this day in the city of David a Saviour, which is Christ the Lord. And this shall be a sign unto you; Ye shall find the babe wrapped in swaddling clothes, lying in a manger.",onesimus_BAB3F503_Dec 10 output,,25.549113323933426,2.240227398371877,2.7158643940812888
Look at the birds in the sky! They don't plant or harvest. They don't even store grain in barns. Yet your Father in heaven takes care of them. Aren't you worth much more than birds?,"K'a dɩga bɛnnɔ ma: ŋ bɩr hɔ duure y, bɩ ŋ bɩr hɔ darɛ y, ŋ bɩr hɔ zarm sɩ ʊ y, b'awɔɔ Zɩ k'a nɩ arzana ʊ bɩ yɩ ŋ tʊrm! Awɔɔ n lɛ da ŋ nɩ gallɛm hɔka ra?","Why are you saying that? Is it because you are jealous of me, because I am handsome, because I am strong, or because I am rich? You are just jealous because I am better than you! What do you want to do?",onesimus_BAB3F503_Dec 10 output,,17.293211883016497,2.240227398371877,2.7158643940812888
"Some Pharisees and teachers of the Law of Moses said, “Teacher, we want you to show us a sign from heaven.”","Naa kur bɩ, wosocikarɩnsaambɔɔ kan farizɛɛnrɔ kɩ a sɩŋŋɩda ba, ŋn'a hɩ Yeezuu m, ŋ ʊ: «Karɩnsaamba, wɔɔ lɛ taa k'ɩ hoser ba k'ʊ a yɩ.»","When he saw them, he said to the one who had the bag of money, ""Give him the money.""",onesimus_BAB3F503_Dec 10 output,,15.77720719970959,2.240227398371877,2.7158643940812888
Servants are fortunate if their master comes and finds them doing their job.,"Zibəənyɩ bɩ do nyɩntam mimbirenyɩntazaa, k'a lɛɛzaa b'a wusigə an bʊr har ʊ, an b'a ku an nɩ zibəə k'a ka ʊ bɩ barɛ.","The old woman went to the farm to weed, but she was tired and sat down under a tree, and she said she was going home because she was tired.",onesimus_BAB3F503_Dec 10 output,,22.706048557234837,2.240227398371877,2.7158643940812888
"Others said, “Wait! Let's see if Elijah will come and save him.”","Bɩ, a muno wɔɔ y'a hɩrɛ, ŋ ʊ: «Jɩm cɩna, k'ʊ dɩga a Elii zɛm b'a bʊmbɔ gɛ?»","Jim, you are asking, ""Where is Elii's house?""",onesimus_BAB3F503_Dec 10 output,,12.422368127632758,2.240227398371877,2.7158643940812888
"When Herod found out that the wise men from the east had tricked him, he was very angry. He gave orders for his men to kill all the boys who lived in or near Bethlehem and were two years old and younger. This was based on what he had learned from the wise men.","Hɩrɔɔdɩ k'a b'a dɔ a ʊ, hɔdonno wɔɔ a yamba a m bɩ, a wuti nɔmaa gandaara m. A n gʊɔɔ nyɔɔ Betelehɛm ʊ kan kʊrɔ vantɔɔ k'a a so ŋ ʊ rɔ wɔɔ kɩ ʊ, kʊ ŋ n'aa nyɩnɔ poorero yaarɔ kʊ ŋ dɔɔraa hɩɩya gɛɛ ŋ n a ku rɔ wɔɔ zɩnzɛ. Amba hɔdonno wɔɔ a hɩ m, nyɩnta k'a ʊ, an laaka da k'a nyɩ bɩ yɩrɛ dɔmɩm dɔ bɩ ma.","The shepherds were in the field, keeping watch over their flock by night. And behold, an angel of the Lord stood before them, and the glory of the Lord shone round about them: and they were sore afraid. And the angel said unto them, Fear not; for, behold, I bring you good tidings of great joy, which shall be to all people. For unto you is born this day in the city of David a Saviour, which is Christ the Lord. And this shall be a sign unto you; Ye shall find the babe wrapped in swaddling clothes, lying in a manger.",onesimus_AE3F5661_Dec 08 output,,25.549113323933426,2.240227398371877,2.7158643940812888
Look at the birds in the sky! They don't plant or harvest. They don't even store grain in barns. Yet your Father in heaven takes care of them. Aren't you worth much more than birds?,"K'a dɩga bɛnnɔ ma: ŋ bɩr hɔ duure y, bɩ ŋ bɩr hɔ darɛ y, ŋ bɩr hɔ zarm sɩ ʊ y, b'awɔɔ Zɩ k'a nɩ arzana ʊ bɩ yɩ ŋ tʊrm! Awɔɔ n lɛ da ŋ nɩ gallɛm hɔka ra?","What are you saying? You say you are not a thief, you say you are not a liar, you say you are not a wicked person, but you are the one who stole my goat! Where did you hide it?",onesimus_AE3F5661_Dec 08 output,,17.061173969545404,2.240227398371877,2.7158643940812888
"Some Pharisees and teachers of the Law of Moses said, “Teacher, we want you to show us a sign from heaven.”","Naa kur bɩ, wosocikarɩnsaambɔɔ kan farizɛɛnrɔ kɩ a sɩŋŋɩda ba, ŋn'a hɩ Yeezuu m, ŋ ʊ: «Karɩnsaamba, wɔɔ lɛ taa k'ɩ hoser ba k'ʊ a yɩ.»","When the Lord saw that the Pharisees were trying to trap him with their questions, he said to them, “You hypocrites! You are like whitewashed tombs, which outwardly appear beautiful, but within are full of dead men’s bones and all uncleanness.",onesimus_AE3F5661_Dec 08 output,,26.25434523679732,2.240227398371877,2.7158643940812888
Servants are fortunate if their master comes and finds them doing their job.,"Zibəənyɩ bɩ do nyɩntam mimbirenyɩntazaa, k'a lɛɛzaa b'a wusigə an bʊr har ʊ, an b'a ku an nɩ zibəə k'a ka ʊ bɩ barɛ.","The young man went to the farm to work, but he was tired and sat down under a tree, and he ate what he had brought.",onesimus_AE3F5661_Dec 08 output,,20.86200346780154,2.240227398371877,2.7158643940812888
"Others said, “Wait! Let's see if Elijah will come and save him.”","Bɩ, a muno wɔɔ y'a hɩrɛ, ŋ ʊ: «Jɩm cɩna, k'ʊ dɩga a Elii zɛm b'a bʊmbɔ gɛ?»","Jim, where are you going? Elii is calling you to come and eat.",onesimus_AE3F5661_Dec 08 output,,19.787877998597132,2.240227398371877,2.7158643940812888
"When Herod found out that the wise men from the east had tricked him, he was very angry. He gave orders for his men to kill all the boys who lived in or near Bethlehem and were two years old and younger. This was based on what he had learned from the wise men.","Hɩrɔɔdɩ k'a b'a dɔ a ʊ, hɔdonno wɔɔ a yamba a m bɩ, a wuti nɔmaa gandaara m. A n gʊɔɔ nyɔɔ Betelehɛm ʊ kan kʊrɔ vantɔɔ k'a a so ŋ ʊ rɔ wɔɔ kɩ ʊ, kʊ ŋ n'aa nyɩnɔ poorero yaarɔ kʊ ŋ dɔɔraa hɩɩya gɛɛ ŋ n a ku rɔ wɔɔ zɩnzɛ. Amba hɔdonno wɔɔ a hɩ m, nyɩnta k'a ʊ, an laaka da k'a nyɩ bɩ yɩrɛ dɔmɩm dɔ bɩ ma.","The shepherds were in the field, keeping watch over their flock by night. And behold, an angel of the Lord stood before them, and the glory of the Lord shone around them, and they were very afraid. But the angel said to them, “Do not be afraid, for behold, I bring you good news of great joy that will be for all the people. For unto you is born this day in the city of David a Savior, who is Christ the Lord. And this will be a sign for you: you will find the baby wrapped in swaddling cloths and lying in a manger.” And suddenly there was with the angel a multitude of the heavenly host praising God and saying, “Glory to God in the highest, and on earth peace among those with whom he is pleased!”",onesimus_A84A9EF3_Dec 04 output,,26.51598079024056,2.240227398371877,2.7158643940812888
Look at the birds in the sky! They don't plant or harvest. They don't even store grain in barns. Yet your Father in heaven takes care of them. Aren't you worth much more than birds?,"K'a dɩga bɛnnɔ ma: ŋ bɩr hɔ duure y, bɩ ŋ bɩr hɔ darɛ y, ŋ bɩr hɔ zarm sɩ ʊ y, b'awɔɔ Zɩ k'a nɩ arzana ʊ bɩ yɩ ŋ tʊrm! Awɔɔ n lɛ da ŋ nɩ gallɛm hɔka ra?","What is this thing you are saying? Is it good, is it bad, is it something else? You say you are going to give me something, but what is it? What is this thing you are holding?",onesimus_A84A9EF3_Dec 04 output,,16.199675458585542,2.240227398371877,2.7158643940812888
"Some Pharisees and teachers of the Law of Moses said, “Teacher, we want you to show us a sign from heaven.”","Naa kur bɩ, wosocikarɩnsaambɔɔ kan farizɛɛnrɔ kɩ a sɩŋŋɩda ba, ŋn'a hɩ Yeezuu m, ŋ ʊ: «Karɩnsaamba, wɔɔ lɛ taa k'ɩ hoser ba k'ʊ a yɩ.»","When he saw them, he said to the disciples, ""This is truly a great miracle.""",onesimus_A84A9EF3_Dec 04 output,,15.31964172101552,2.240227398371877,2.7158643940812888
Servants are fortunate if their master comes and finds them doing their job.,"Zibəənyɩ bɩ do nyɩntam mimbirenyɩntazaa, k'a lɛɛzaa b'a wusigə an bʊr har ʊ, an b'a ku an nɩ zibəə k'a ka ʊ bɩ barɛ.","The old woman went to the farm to weed, but she was tired and sat down under a tree, and she said she would go home.",onesimus_A84A9EF3_Dec 04 output,,21.034473224971606,2.240227398371877,2.7158643940812888
"Others said, “Wait! Let's see if Elijah will come and save him.”","Bɩ, a muno wɔɔ y'a hɩrɛ, ŋ ʊ: «Jɩm cɩna, k'ʊ dɩga a Elii zɛm b'a bʊmbɔ gɛ?»","Jim, my friend, do you know where Elii went to buy some meat?",onesimus_A84A9EF3_Dec 04 output,,13.523206354685158,2.240227398371877,2.7158643940812888
"When Herod found out that the wise men from the east had tricked him, he was very angry. He gave orders for his men to kill all the boys who lived in or near Bethlehem and were two years old and younger. This was based on what he had learned from the wise men.","Hɩrɔɔdɩ k'a b'a dɔ a ʊ, hɔdonno wɔɔ a yamba a m bɩ, a wuti nɔmaa gandaara m. A n gʊɔɔ nyɔɔ Betelehɛm ʊ kan kʊrɔ vantɔɔ k'a a so ŋ ʊ rɔ wɔɔ kɩ ʊ, kʊ ŋ n'aa nyɩnɔ poorero yaarɔ kʊ ŋ dɔɔraa hɩɩya gɛɛ ŋ n a ku rɔ wɔɔ zɩnzɛ. Amba hɔdonno wɔɔ a hɩ m, nyɩnta k'a ʊ, an laaka da k'a nyɩ bɩ yɩrɛ dɔmɩm dɔ bɩ ma.","The shepherds were in the field, keeping watch over their flock by night. And behold, an angel of the Lord stood before them, and the glory of the Lord shone around them, and they were very afraid. But the angel said to them, “Do not be afraid, for behold, I bring you good news of great joy that will be for all the people. For unto you is born this day in the city of David a Savior, who is Christ the Lord. And this will be a sign for you: you will find the baby wrapped in swaddling cloths and lying in a manger.” And suddenly there was with the angel a multitude of the heavenly host praising God and saying, “Glory to God in the highest, and on earth peace among those with whom he is pleased!”",gerhardt_34E1778F_output (7),,26.51598079024056,2.240227398371877,2.7158643940812888
Look at the birds in the sky! They don't plant or harvest. They don't even store grain in barns. Yet your Father in heaven takes care of them. Aren't you worth much more than birds?,"K'a dɩga bɛnnɔ ma: ŋ bɩr hɔ duure y, bɩ ŋ bɩr hɔ darɛ y, ŋ bɩr hɔ zarm sɩ ʊ y, b'awɔɔ Zɩ k'a nɩ arzana ʊ bɩ yɩ ŋ tʊrm! Awɔɔ n lɛ da ŋ nɩ gallɛm hɔka ra?","What are you saying? You say you are strong, you say you are brave, you say you are clever, but you are afraid of a small thing like a lizard! Are you not ashamed?",gerhardt_34E1778F_output (7),,16.413062037971077,2.240227398371877,2.7158643940812888
"Some Pharisees and teachers of the Law of Moses said, “Teacher, we want you to show us a sign from heaven.”","Naa kur bɩ, wosocikarɩnsaambɔɔ kan farizɛɛnrɔ kɩ a sɩŋŋɩda ba, ŋn'a hɩ Yeezuu m, ŋ ʊ: «Karɩnsaamba, wɔɔ lɛ taa k'ɩ hoser ba k'ʊ a yɩ.»","The Lord said to the disciples, ""Go into all the world and preach the gospel to all creation.""",gerhardt_34E1778F_output (7),,17.358348378833956,2.240227398371877,2.7158643940812888
Servants are fortunate if their master comes and finds them doing their job.,"Zibəənyɩ bɩ do nyɩntam mimbirenyɩntazaa, k'a lɛɛzaa b'a wusigə an bʊr har ʊ, an b'a ku an nɩ zibəə k'a ka ʊ bɩ barɛ.","The woman who is going to give birth is afraid, because she doesn't know what will happen to her, and she is afraid of dying.",gerhardt_34E1778F_output (7),,21.166087512110693,2.240227398371877,2.7158643940812888
"Others said, “Wait! Let's see if Elijah will come and save him.”","Bɩ, a muno wɔɔ y'a hɩrɛ, ŋ ʊ: «Jɩm cɩna, k'ʊ dɩga a Elii zɛm b'a bʊmbɔ gɛ?»","Jim, I'm asking you, do you know where Elii went to buy the meat?",gerhardt_34E1778F_output (7),,12.724722497342025,2.240227398371877,2.7158643940812888
"When Herod found out that the wise men from the east had tricked him, he was very angry. He gave orders for his men to kill all the boys who lived in or near Bethlehem and were two years old and younger. This was based on what he had learned from the wise men.","Hɩrɔɔdɩ k'a b'a dɔ a ʊ, hɔdonno wɔɔ a yamba a m bɩ, a wuti nɔmaa gandaara m. A n gʊɔɔ nyɔɔ Betelehɛm ʊ kan kʊrɔ vantɔɔ k'a a so ŋ ʊ rɔ wɔɔ kɩ ʊ, kʊ ŋ n'aa nyɩnɔ poorero yaarɔ kʊ ŋ dɔɔraa hɩɩya gɛɛ ŋ n a ku rɔ wɔɔ zɩnzɛ. Amba hɔdonno wɔɔ a hɩ m, nyɩnta k'a ʊ, an laaka da k'a nyɩ bɩ yɩrɛ dɔmɩm dɔ bɩ ma.","The shepherd said, ""Let us go to Bethlehem and see this thing that has happened, which the Lord has made known to us."" And they went with haste and found Mary and Joseph, and the baby lying in a manger. And when they had seen it, they made known the saying which was told them concerning this child. And all those who heard it wondered at those things which were told them by the shepherds.",output_JA-5,,29.992788394132404,2.240227398371877,2.7158643940812888
Look at the birds in the sky! They don't plant or harvest. They don't even store grain in barns. Yet your Father in heaven takes care of them. Aren't you worth much more than birds?,"K'a dɩga bɛnnɔ ma: ŋ bɩr hɔ duure y, bɩ ŋ bɩr hɔ darɛ y, ŋ bɩr hɔ zarm sɩ ʊ y, b'awɔɔ Zɩ k'a nɩ arzana ʊ bɩ yɩ ŋ tʊrm! Awɔɔ n lɛ da ŋ nɩ gallɛm hɔka ra?","Why are you saying that? You are saying that I am a thief, you are saying that I am a liar, you are saying that I am a bad person, but you are the one who stole my money! Where is the truth in what you are saying?",output_JA-5,,19.955356000206937,2.240227398371877,2.7158643940812888
"Some Pharisees and teachers of the Law of Moses said, “Teacher, we want you to show us a sign from heaven.”","Naa kur bɩ, wosocikarɩnsaambɔɔ kan farizɛɛnrɔ kɩ a sɩŋŋɩda ba, ŋn'a hɩ Yeezuu m, ŋ ʊ: «Karɩnsaamba, wɔɔ lɛ taa k'ɩ hoser ba k'ʊ a yɩ.»","When they were in the garden, the disciples were sleeping, but Jesus said to Peter, ""Peter, are you sleeping? Could you not keep watch for one hour?""",output_JA-5,,19.032741038140475,2.240227398371877,2.7158643940812888
Servants are fortunate if their master comes and finds them doing their job.,"Zibəənyɩ bɩ do nyɩntam mimbirenyɩntazaa, k'a lɛɛzaa b'a wusigə an bʊr har ʊ, an b'a ku an nɩ zibəə k'a ka ʊ bɩ barɛ.","The one who is wise will not be deceived by a deceitful person, because he will recognize the deceitful person's words and actions.",output_JA-5,,16.978024036111265,2.240227398371877,2.7158643940812888
"Others said, “Wait! Let's see if Elijah will come and save him.”","Bɩ, a muno wɔɔ y'a hɩrɛ, ŋ ʊ: «Jɩm cɩna, k'ʊ dɩga a Elii zɛm b'a bʊmbɔ gɛ?»","Jim, what are you doing? Why are you digging a hole for Elii's grave?",output_JA-5,,13.747077574130273,2.240227398371877,2.7158643940812888
"When Herod found out that the wise men from the east had tricked him, he was very angry. He gave orders for his men to kill all the boys who lived in or near Bethlehem and were two years old and younger. This was based on what he had learned from the wise men.","Hɩrɔɔdɩ k'a b'a dɔ a ʊ, hɔdonno wɔɔ a yamba a m bɩ, a wuti nɔmaa gandaara m. A n gʊɔɔ nyɔɔ Betelehɛm ʊ kan kʊrɔ vantɔɔ k'a a so ŋ ʊ rɔ wɔɔ kɩ ʊ, kʊ ŋ n'aa nyɩnɔ poorero yaarɔ kʊ ŋ dɔɔraa hɩɩya gɛɛ ŋ n a ku rɔ wɔɔ zɩnzɛ. Amba hɔdonno wɔɔ a hɩ m, nyɩnta k'a ʊ, an laaka da k'a nyɩ bɩ yɩrɛ dɔmɩm dɔ bɩ ma.","The sheep are grazing in the field, and the shepherds are watching over them at night. An angel appeared to them, and the glory of the Lord shone around them. They were terrified, but the angel said to them, ""Do not be afraid. I bring you good news of great joy that will be for all the people. Today in the town of Bethlehem, a Savior has been born to you; he is the Messiah, the Lord. This will be a sign to you: You will find a baby wrapped in cloths and lying in a manger.”",john_86344B85_output (7),,29.058097577079344,2.240227398371877,2.7158643940812888
Look at the birds in the sky! They don't plant or harvest. They don't even store grain in barns. Yet your Father in heaven takes care of them. Aren't you worth much more than birds?,"K'a dɩga bɛnnɔ ma: ŋ bɩr hɔ duure y, bɩ ŋ bɩr hɔ darɛ y, ŋ bɩr hɔ zarm sɩ ʊ y, b'awɔɔ Zɩ k'a nɩ arzana ʊ bɩ yɩ ŋ tʊrm! Awɔɔ n lɛ da ŋ nɩ gallɛm hɔka ra?","Why are you always saying bad things about me? You say I am a thief, you say I am a liar, you say I am a bad person, but I am not! Do you know why I am angry with you?",john_86344B85_output (7),,12.376520427413404,2.240227398371877,2.7158643940812888
"Some Pharisees and teachers of the Law of Moses said, “Teacher, we want you to show us a sign from heaven.”","Naa kur bɩ, wosocikarɩnsaambɔɔ kan farizɛɛnrɔ kɩ a sɩŋŋɩda ba, ŋn'a hɩ Yeezuu m, ŋ ʊ: «Karɩnsaamba, wɔɔ lɛ taa k'ɩ hoser ba k'ʊ a yɩ.»","When he saw them, he said to the disciples, ""This is truly a great miracle.""",john_86344B85_output (7),,15.31964172101552,2.240227398371877,2.7158643940812888
Servants are fortunate if their master comes and finds them doing their job.,"Zibəənyɩ bɩ do nyɩntam mimbirenyɩntazaa, k'a lɛɛzaa b'a wusigə an bʊr har ʊ, an b'a ku an nɩ zibəə k'a ka ʊ bɩ barɛ.","The young man went to the farm to work, but he was tired and sat down under a tree, and he was hungry and wanted to eat.",john_86344B85_output (7),,20.373320578146235,2.240227398371877,2.7158643940812888
"Others said, “Wait! Let's see if Elijah will come and save him.”","Bɩ, a muno wɔɔ y'a hɩrɛ, ŋ ʊ: «Jɩm cɩna, k'ʊ dɩga a Elii zɛm b'a bʊmbɔ gɛ?»","Jim, where are you going? Didn't Elii tell you to go and fetch firewood?",john_86344B85_output (7),,15.17236108586147,2.240227398371877,2.7158643940812888
"When Herod found out that the wise men from the east had tricked him, he was very angry. He gave orders for his men to kill all the boys who lived in or near Bethlehem and were two years old and younger. This was based on what he had learned from the wise men.","Hɩrɔɔdɩ k'a b'a dɔ a ʊ, hɔdonno wɔɔ a yamba a m bɩ, a wuti nɔmaa gandaara m. A n gʊɔɔ nyɔɔ Betelehɛm ʊ kan kʊrɔ vantɔɔ k'a a so ŋ ʊ rɔ wɔɔ kɩ ʊ, kʊ ŋ n'aa nyɩnɔ poorero yaarɔ kʊ ŋ dɔɔraa hɩɩya gɛɛ ŋ n a ku rɔ wɔɔ zɩnzɛ. Amba hɔdonno wɔɔ a hɩ m, nyɩnta k'a ʊ, an laaka da k'a nyɩ bɩ yɩrɛ dɔmɩm dɔ bɩ ma.","The shepherds were in the field, keeping watch over their flock by night. And behold, an angel of the Lord stood before them, and the glory of the Lord shone around them, and they were very afraid. But the angel said to them, “Do not be afraid, for behold, I bring you good news of great joy that will be for all the people. For unto you is born this day in the city of David a Savior, who is Christ the Lord. And this will be a sign for you: you will find the baby wrapped in swaddling cloths and lying in a manger.” And suddenly there was with the angel a multitude of the heavenly host praising God and saying, “Glory to God in the highest, and on earth peace among those with whom he is pleased!”",Dec 05 output,,26.51598079024056,2.240227398371877,2.7158643940812888
Look at the birds in the sky! They don't plant or harvest. They don't even store grain in barns. Yet your Father in heaven takes care of them. Aren't you worth much more than birds?,"K'a dɩga bɛnnɔ ma: ŋ bɩr hɔ duure y, bɩ ŋ bɩr hɔ darɛ y, ŋ bɩr hɔ zarm sɩ ʊ y, b'awɔɔ Zɩ k'a nɩ arzana ʊ bɩ yɩ ŋ tʊrm! Awɔɔ n lɛ da ŋ nɩ gallɛm hɔka ra?","What are you saying? You are saying that you will not go to the farm, you will not go to the market, you will not go to the river, but you are saying that you will go to the forest to hunt! What are you saying? Are you going to steal?",Dec 05 output,,20.482216028297117,2.240227398371877,2.7158643940812888
"Some Pharisees and teachers of the Law of Moses said, “Teacher, we want you to show us a sign from heaven.”","Naa kur bɩ, wosocikarɩnsaambɔɔ kan farizɛɛnrɔ kɩ a sɩŋŋɩda ba, ŋn'a hɩ Yeezuu m, ŋ ʊ: «Karɩnsaamba, wɔɔ lɛ taa k'ɩ hoser ba k'ʊ a yɩ.»","When they saw him, they were amazed and said, ""This is the Son of God!""",Dec 05 output,,15.95282175153428,2.240227398371877,2.7158643940812888
Servants are fortunate if their master comes and finds them doing their job.,"Zibəənyɩ bɩ do nyɩntam mimbirenyɩntazaa, k'a lɛɛzaa b'a wusigə an bʊr har ʊ, an b'a ku an nɩ zibəə k'a ka ʊ bɩ barɛ.","The old woman went to the farm to weed, but she was tired and sat down under a tree, and she began to cry because she was hungry.",Dec 05 output,,20.141140871428913,2.240227398371877,2.7158643940812888
"Others said, “Wait! Let's see if Elijah will come and save him.”","Bɩ, a muno wɔɔ y'a hɩrɛ, ŋ ʊ: «Jɩm cɩna, k'ʊ dɩga a Elii zɛm b'a bʊmbɔ gɛ?»","Jim, you are asking, ""Where did Elii go to get the money?""",Dec 05 output,,13.609286375510576,2.240227398371877,2.7158643940812888
"When Herod found out that the wise men from the east had tricked him, he was very angry. He gave orders for his men to kill all the boys who lived in or near Bethlehem and were two years old and younger. This was based on what he had learned from the wise men.","Hɩrɔɔdɩ k'a b'a dɔ a ʊ, hɔdonno wɔɔ a yamba a m bɩ, a wuti nɔmaa gandaara m. A n gʊɔɔ nyɔɔ Betelehɛm ʊ kan kʊrɔ vantɔɔ k'a a so ŋ ʊ rɔ wɔɔ kɩ ʊ, kʊ ŋ n'aa nyɩnɔ poorero yaarɔ kʊ ŋ dɔɔraa hɩɩya gɛɛ ŋ n a ku rɔ wɔɔ zɩnzɛ. Amba hɔdonno wɔɔ a hɩ m, nyɩnta k'a ʊ, an laaka da k'a nyɩ bɩ yɩrɛ dɔmɩm dɔ bɩ ma.","The shepherds were in the field, keeping watch over their flock by night. And behold, an angel of the Lord stood before them, and the glory of the Lord shone around them, and they were very afraid. But the angel said to them, “Do not be afraid, for behold, I bring you good news of great joy that will be for all the people. For unto you is born this day in the city of David a Savior, who is Christ the Lord. And this will be a sign for you: you will find the baby wrapped in swaddling cloths and lying in a manger.” And suddenly there was with the angel a multitude of the heavenly host praising God and saying, “Glory to God in the highest, and on earth peace among those with whom he is pleased!”",onesimus_C968674F_Dec 07 output,,26.51598079024056,2.240227398371877,2.7158643940812888
Look at the birds in the sky! They don't plant or harvest. They don't even store grain in barns. Yet your Father in heaven takes care of them. Aren't you worth much more than birds?,"K'a dɩga bɛnnɔ ma: ŋ bɩr hɔ duure y, bɩ ŋ bɩr hɔ darɛ y, ŋ bɩr hɔ zarm sɩ ʊ y, b'awɔɔ Zɩ k'a nɩ arzana ʊ bɩ yɩ ŋ tʊrm! Awɔɔ n lɛ da ŋ nɩ gallɛm hɔka ra?","What did the old woman say? She said: ""If you don't have a farm, you won't have food to eat. If you don't have a farm, you won't have money to spend. If you don't have a farm, you won't have clothes to wear. So go and find a farm to cultivate!"" What are you waiting for? Go and find a farm to cultivate!",onesimus_C968674F_Dec 07 output,,21.820302705310553,2.240227398371877,2.7158643940812888
"Some Pharisees and teachers of the Law of Moses said, “Teacher, we want you to show us a sign from heaven.”","Naa kur bɩ, wosocikarɩnsaambɔɔ kan farizɛɛnrɔ kɩ a sɩŋŋɩda ba, ŋn'a hɩ Yeezuu m, ŋ ʊ: «Karɩnsaamba, wɔɔ lɛ taa k'ɩ hoser ba k'ʊ a yɩ.»","When they arrived, they found the young man lying there, paralyzed. Jesus said to him, ""Son, your sins are forgiven.""",onesimus_C968674F_Dec 07 output,,19.93396856520651,2.240227398371877,2.7158643940812888
Servants are fortunate if their master comes and finds them doing their job.,"Zibəənyɩ bɩ do nyɩntam mimbirenyɩntazaa, k'a lɛɛzaa b'a wusigə an bʊr har ʊ, an b'a ku an nɩ zibəə k'a ka ʊ bɩ barɛ.","The old woman went to the farm to weed, but she was tired and sat down under a tree, and she said she would go home because she was tired.",onesimus_C968674F_Dec 07 output,,21.138356476213044,2.240227398371877,2.7158643940812888
"Others said, “Wait! Let's see if Elijah will come and save him.”","Bɩ, a muno wɔɔ y'a hɩrɛ, ŋ ʊ: «Jɩm cɩna, k'ʊ dɩga a Elii zɛm b'a bʊmbɔ gɛ?»","Jim, why are you saying that Elii is a bad person?",onesimus_C968674F_Dec 07 output,,12.647042087576294,2.240227398371877,2.7158643940812888
"When Herod found out that the wise men from the east had tricked him, he was very angry. He gave orders for his men to kill all the boys who lived in or near Bethlehem and were two years old and younger. This was based on what he had learned from the wise men.","Hɩrɔɔdɩ k'a b'a dɔ a ʊ, hɔdonno wɔɔ a yamba a m bɩ, a wuti nɔmaa gandaara m. A n gʊɔɔ nyɔɔ Betelehɛm ʊ kan kʊrɔ vantɔɔ k'a a so ŋ ʊ rɔ wɔɔ kɩ ʊ, kʊ ŋ n'aa nyɩnɔ poorero yaarɔ kʊ ŋ dɔɔraa hɩɩya gɛɛ ŋ n a ku rɔ wɔɔ zɩnzɛ. Amba hɔdonno wɔɔ a hɩ m, nyɩnta k'a ʊ, an laaka da k'a nyɩ bɩ yɩrɛ dɔmɩm dɔ bɩ ma.","The shepherd was watching his flock at night when an angel appeared to him and said, ""Do not be afraid, for I bring you good news of great joy that will be for all the people. Today in the town of Bethlehem, a Savior has been born to you; he is the Messiah, the Lord. This will be a sign to you: You will find a baby wrapped in cloths and lying in a manger."" After the angel had left them, the shepherds said to each other, ""Let's go to Bethlehem and see this thing that has happened, which the Lord has told us about.""",john_C52DEBBB_output (10),,29.88303305453424,2.240227398371877,2.7158643940812888
Look at the birds in the sky! They don't plant or harvest. They don't even store grain in barns. Yet your Father in heaven takes care of them. Aren't you worth much more than birds?,"K'a dɩga bɛnnɔ ma: ŋ bɩr hɔ duure y, bɩ ŋ bɩr hɔ darɛ y, ŋ bɩr hɔ zarm sɩ ʊ y, b'awɔɔ Zɩ k'a nɩ arzana ʊ bɩ yɩ ŋ tʊrm! Awɔɔ n lɛ da ŋ nɩ gallɛm hɔka ra?","What are you saying? You say you are strong, you say you are brave, you say you are wise, but you are afraid of a small lizard! Are you not ashamed?",john_C52DEBBB_output (10),,14.797558620810165,2.240227398371877,2.7158643940812888
"Some Pharisees and teachers of the Law of Moses said, “Teacher, we want you to show us a sign from heaven.”","Naa kur bɩ, wosocikarɩnsaambɔɔ kan farizɛɛnrɔ kɩ a sɩŋŋɩda ba, ŋn'a hɩ Yeezuu m, ŋ ʊ: «Karɩnsaamba, wɔɔ lɛ taa k'ɩ hoser ba k'ʊ a yɩ.»","When they arrived, the disciples saw a large crowd, and they said to Jesus, ""Teacher, there are many people here, and they have nothing to eat.""",john_C52DEBBB_output (10),,25.23746372146571,2.240227398371877,2.7158643940812888
Servants are fortunate if their master comes and finds them doing their job.,"Zibəənyɩ bɩ do nyɩntam mimbirenyɩntazaa, k'a lɛɛzaa b'a wusigə an bʊr har ʊ, an b'a ku an nɩ zibəə k'a ka ʊ bɩ barɛ.","The young man went to the farm to work, and he was tired, so he sat down under a tree to rest.",john_C52DEBBB_output (10),,20.90340562272134,2.240227398371877,2.7158643940812888
"Others said, “Wait! Let's see if Elijah will come and save him.”","Bɩ, a muno wɔɔ y'a hɩrɛ, ŋ ʊ: «Jɩm cɩna, k'ʊ dɩga a Elii zɛm b'a bʊmbɔ gɛ?»","Jim, I'm asking you, do you know where Elii went to buy the medicine?",john_C52DEBBB_output (10),,13.137239329196076,2.240227398371877,2.7158643940812888
"When Herod found out that the wise men from the east had tricked him, he was very angry. He gave orders for his men to kill all the boys who lived in or near Bethlehem and were two years old and younger. This was based on what he had learned from the wise men.","Hɩrɔɔdɩ k'a b'a dɔ a ʊ, hɔdonno wɔɔ a yamba a m bɩ, a wuti nɔmaa gandaara m. A n gʊɔɔ nyɔɔ Betelehɛm ʊ kan kʊrɔ vantɔɔ k'a a so ŋ ʊ rɔ wɔɔ kɩ ʊ, kʊ ŋ n'aa nyɩnɔ poorero yaarɔ kʊ ŋ dɔɔraa hɩɩya gɛɛ ŋ n a ku rɔ wɔɔ zɩnzɛ. Amba hɔdonno wɔɔ a hɩ m, nyɩnta k'a ʊ, an laaka da k'a nyɩ bɩ yɩrɛ dɔmɩm dɔ bɩ ma.","The shepherds were in the field, keeping watch over their flock by night. And behold, an angel of the Lord stood before them, and the glory of the Lord shone around them, and they were very afraid. But the angel said to them, “Do not be afraid, for behold, I bring you good news of great joy that will be for all the people. For unto you is born this day in the city of David a Savior, who is Christ the Lord. And this will be a sign for you: you will find the baby wrapped in swaddling cloths and lying in a manger.” And suddenly there was with the angel a multitude of the heavenly host praising God, and saying, “Glory to God in the highest, and on earth peace, goodwill toward men!”",gerhardt_62CB5CC1_output (4),,26.040468699582092,2.240227398371877,2.7158643940812888
Look at the birds in the sky! They don't plant or harvest. They don't even store grain in barns. Yet your Father in heaven takes care of them. Aren't you worth much more than birds?,"K'a dɩga bɛnnɔ ma: ŋ bɩr hɔ duure y, bɩ ŋ bɩr hɔ darɛ y, ŋ bɩr hɔ zarm sɩ ʊ y, b'awɔɔ Zɩ k'a nɩ arzana ʊ bɩ yɩ ŋ tʊrm! Awɔɔ n lɛ da ŋ nɩ gallɛm hɔka ra?","What is this thing you are saying? Is it good for the land? Is it good for the people? Is it good for the animals? You say you want to bring change, but what change? What will you do to help us?",gerhardt_62CB5CC1_output (4),,19.067941436417453,2.240227398371877,2.7158643940812888
"Some Pharisees and teachers of the Law of Moses said, “Teacher, we want you to show us a sign from heaven.”","Naa kur bɩ, wosocikarɩnsaambɔɔ kan farizɛɛnrɔ kɩ a sɩŋŋɩda ba, ŋn'a hɩ Yeezuu m, ŋ ʊ: «Karɩnsaamba, wɔɔ lɛ taa k'ɩ hoser ba k'ʊ a yɩ.»","When they arrived, the disciples saw a large crowd, and they said to Jesus, ""Teacher, there are many people here, and there is nothing to eat.""",gerhardt_62CB5CC1_output (4),,24.559202381571286,2.240227398371877,2.7158643940812888
Servants are fortunate if their master comes and finds them doing their job.,"Zibəənyɩ bɩ do nyɩntam mimbirenyɩntazaa, k'a lɛɛzaa b'a wusigə an bʊr har ʊ, an b'a ku an nɩ zibəə k'a ka ʊ bɩ barɛ.","The one who is wise will not be caught in a trap, because he will see the trap before he steps into it.",gerhardt_62CB5CC1_output (4),,17.916811164170667,2.240227398371877,2.7158643940812888
"Others said, “Wait! Let's see if Elijah will come and save him.”","Bɩ, a muno wɔɔ y'a hɩrɛ, ŋ ʊ: «Jɩm cɩna, k'ʊ dɩga a Elii zɛm b'a bʊmbɔ gɛ?»","Jim, are you the one who told Elii that I was going to beat him up?",gerhardt_62CB5CC1_output (4),,13.343608188122493,2.240227398371877,2.7158643940812888
"When Herod found out that the wise men from the east had tricked him, he was very angry. He gave orders for his men to kill all the boys who lived in or near Bethlehem and were two years old and younger. This was based on what he had learned from the wise men.","Hɩrɔɔdɩ k'a b'a dɔ a ʊ, hɔdonno wɔɔ a yamba a m bɩ, a wuti nɔmaa gandaara m. A n gʊɔɔ nyɔɔ Betelehɛm ʊ kan kʊrɔ vantɔɔ k'a a so ŋ ʊ rɔ wɔɔ kɩ ʊ, kʊ ŋ n'aa nyɩnɔ poorero yaarɔ kʊ ŋ dɔɔraa hɩɩya gɛɛ ŋ n a ku rɔ wɔɔ zɩnzɛ. Amba hɔdonno wɔɔ a hɩ m, nyɩnta k'a ʊ, an laaka da k'a nyɩ bɩ yɩrɛ dɔmɩm dɔ bɩ ma.","The shepherds were in the field, keeping watch over their flock by night. And behold, an angel of the Lord stood before them, and the glory of the Lord shone around them, and they were very afraid. But the angel said to them, “Do not be afraid, for behold, I bring you good news of great joy that will be for all the people. For unto you is born this day in the city of David a Savior, who is Christ the Lord. And this will be a sign for you: you will find the baby wrapped in swaddling cloths and lying in a manger.” And suddenly there was with the angel a multitude of the heavenly host praising God and saying, “Glory to God in the highest, and on earth peace among those with whom he is pleased!”",Dec 04 output,,26.51598079024056,2.240227398371877,2.7158643940812888
Look at the birds in the sky! They don't plant or harvest. They don't even store grain in barns. Yet your Father in heaven takes care of them. Aren't you worth much more than birds?,"K'a dɩga bɛnnɔ ma: ŋ bɩr hɔ duure y, bɩ ŋ bɩr hɔ darɛ y, ŋ bɩr hɔ zarm sɩ ʊ y, b'awɔɔ Zɩ k'a nɩ arzana ʊ bɩ yɩ ŋ tʊrm! Awɔɔ n lɛ da ŋ nɩ gallɛm hɔka ra?","What is this thing you are saying? Is it good, is it bad, is it something else? You say you are going to give me something, but what is it? What is this thing you are holding?",Dec 04 output,,16.199675458585542,2.240227398371877,2.7158643940812888
"Some Pharisees and teachers of the Law of Moses said, “Teacher, we want you to show us a sign from heaven.”","Naa kur bɩ, wosocikarɩnsaambɔɔ kan farizɛɛnrɔ kɩ a sɩŋŋɩda ba, ŋn'a hɩ Yeezuu m, ŋ ʊ: «Karɩnsaamba, wɔɔ lɛ taa k'ɩ hoser ba k'ʊ a yɩ.»","When he saw them, he said to the disciples, ""This is truly a great miracle.""",Dec 04 output,,15.31964172101552,2.240227398371877,2.7158643940812888
Servants are fortunate if their master comes and finds them doing their job.,"Zibəənyɩ bɩ do nyɩntam mimbirenyɩntazaa, k'a lɛɛzaa b'a wusigə an bʊr har ʊ, an b'a ku an nɩ zibəə k'a ka ʊ bɩ barɛ.","The old woman went to the farm to weed, but she was tired and sat down under a tree, and she said she would go home.",Dec 04 output,,21.034473224971606,2.240227398371877,2.7158643940812888
"Others said, “Wait! Let's see if Elijah will come and save him.”","Bɩ, a muno wɔɔ y'a hɩrɛ, ŋ ʊ: «Jɩm cɩna, k'ʊ dɩga a Elii zɛm b'a bʊmbɔ gɛ?»","Jim, my friend, do you know where Elii went to buy some meat?",Dec 04 output,,13.523206354685158,2.240227398371877,2.7158643940812888
"When Herod found out that the wise men from the east had tricked him, he was very angry. He gave orders for his men to kill all the boys who lived in or near Bethlehem and were two years old and younger. This was based on what he had learned from the wise men.","Hɩrɔɔdɩ k'a b'a dɔ a ʊ, hɔdonno wɔɔ a yamba a m bɩ, a wuti nɔmaa gandaara m. A n gʊɔɔ nyɔɔ Betelehɛm ʊ kan kʊrɔ vantɔɔ k'a a so ŋ ʊ rɔ wɔɔ kɩ ʊ, kʊ ŋ n'aa nyɩnɔ poorero yaarɔ kʊ ŋ dɔɔraa hɩɩya gɛɛ ŋ n a ku rɔ wɔɔ zɩnzɛ. Amba hɔdonno wɔɔ a hɩ m, nyɩnta k'a ʊ, an laaka da k'a nyɩ bɩ yɩrɛ dɔmɩm dɔ bɩ ma.","The shepherd said, ""Let us go to Bethlehem and see this thing that has happened, which the Lord has made known to us."" And they went with haste and found Mary and Joseph, and the baby lying in a manger. And when they had seen it, they made known the saying which was told them concerning this Child. And all those who heard it wondered at those things which were told them by the shepherds.",gerhardt_676E558A_output (6),,29.992788394132404,2.240227398371877,2.7158643940812888
Look at the birds in the sky! They don't plant or harvest. They don't even store grain in barns. Yet your Father in heaven takes care of them. Aren't you worth much more than birds?,"K'a dɩga bɛnnɔ ma: ŋ bɩr hɔ duure y, bɩ ŋ bɩr hɔ darɛ y, ŋ bɩr hɔ zarm sɩ ʊ y, b'awɔɔ Zɩ k'a nɩ arzana ʊ bɩ yɩ ŋ tʊrm! Awɔɔ n lɛ da ŋ nɩ gallɛm hɔka ra?","What are you saying? You say you are strong, you say you are brave, you say you are clever, but you are afraid of a small thing like a lizard! Are you not ashamed?",gerhardt_676E558A_output (6),,16.413062037971077,2.240227398371877,2.7158643940812888
"Some Pharisees and teachers of the Law of Moses said, “Teacher, we want you to show us a sign from heaven.”","Naa kur bɩ, wosocikarɩnsaambɔɔ kan farizɛɛnrɔ kɩ a sɩŋŋɩda ba, ŋn'a hɩ Yeezuu m, ŋ ʊ: «Karɩnsaamba, wɔɔ lɛ taa k'ɩ hoser ba k'ʊ a yɩ.»","The Lord said to him, ""You are a good man. Go and sell all your possessions and give to the poor, and you will have treasure in heaven.""",gerhardt_676E558A_output (6),,23.91849406428787,2.240227398371877,2.7158643940812888
Servants are fortunate if their master comes and finds them doing their job.,"Zibəənyɩ bɩ do nyɩntam mimbirenyɩntazaa, k'a lɛɛzaa b'a wusigə an bʊr har ʊ, an b'a ku an nɩ zibəə k'a ka ʊ bɩ barɛ.","The old man went to the farm to work, but he was tired, so he sat down under a tree to rest.",gerhardt_676E558A_output (6),,20.25964968678674,2.240227398371877,2.7158643940812888
"Others said, “Wait! Let's see if Elijah will come and save him.”","Bɩ, a muno wɔɔ y'a hɩrɛ, ŋ ʊ: «Jɩm cɩna, k'ʊ dɩga a Elii zɛm b'a bʊmbɔ gɛ?»","Father, I want to ask you: ""Jim, where did you get the money to buy Eli's car?""",gerhardt_676E558A_output (6),,14.653371640750827,2.240227398371877,2.7158643940812888
"When Herod found out that the wise men from the east had tricked him, he was very angry. He gave orders for his men to kill all the boys who lived in or near Bethlehem and were two years old and younger. This was based on what he had learned from the wise men.","Hɩrɔɔdɩ k'a b'a dɔ a ʊ, hɔdonno wɔɔ a yamba a m bɩ, a wuti nɔmaa gandaara m. A n gʊɔɔ nyɔɔ Betelehɛm ʊ kan kʊrɔ vantɔɔ k'a a so ŋ ʊ rɔ wɔɔ kɩ ʊ, kʊ ŋ n'aa nyɩnɔ poorero yaarɔ kʊ ŋ dɔɔraa hɩɩya gɛɛ ŋ n a ku rɔ wɔɔ zɩnzɛ. Amba hɔdonno wɔɔ a hɩ m, nyɩnta k'a ʊ, an laaka da k'a nyɩ bɩ yɩrɛ dɔmɩm dɔ bɩ ma.","The shepherd was watching his sheep at night, when an angel appeared to him and said, ""Don't be afraid, for I bring you good news of great joy that will be for all the people. Today in the town of Bethlehem, a Savior has been born to you; he is the Messiah, the Lord. This will be a sign to you: You will find a baby wrapped in cloths and lying in a manger."" And suddenly there was with the angel a multitude of the heavenly host praising God, and saying, ""Glory to God in the highest, and on earth peace, good will toward men.""",gerhardt_107423D8_output (9),,28.523711727265283,2.240227398371877,2.7158643940812888
Look at the birds in the sky! They don't plant or harvest. They don't even store grain in barns. Yet your Father in heaven takes care of them. Aren't you worth much more than birds?,"K'a dɩga bɛnnɔ ma: ŋ bɩr hɔ duure y, bɩ ŋ bɩr hɔ darɛ y, ŋ bɩr hɔ zarm sɩ ʊ y, b'awɔɔ Zɩ k'a nɩ arzana ʊ bɩ yɩ ŋ tʊrm! Awɔɔ n lɛ da ŋ nɩ gallɛm hɔka ra?","What are you saying? You are saying that you are going to the farm, you are saying that you are going to the market, you are saying that you are going to the river, but you are going to steal my goat! What is wrong with you?",gerhardt_107423D8_output (9),,19.75783705941507,2.240227398371877,2.7158643940812888
"Some Pharisees and teachers of the Law of Moses said, “Teacher, we want you to show us a sign from heaven.”","Naa kur bɩ, wosocikarɩnsaambɔɔ kan farizɛɛnrɔ kɩ a sɩŋŋɩda ba, ŋn'a hɩ Yeezuu m, ŋ ʊ: «Karɩnsaamba, wɔɔ lɛ taa k'ɩ hoser ba k'ʊ a yɩ.»","Now when they heard this, they were very astonished and said to Jesus, ""Teacher, this is truly wonderful!""",gerhardt_107423D8_output (9),,23.498610489207216,2.240227398371877,2.7158643940812888
Servants are fortunate if their master comes and finds them doing their job.,"Zibəənyɩ bɩ do nyɩntam mimbirenyɩntazaa, k'a lɛɛzaa b'a wusigə an bʊr har ʊ, an b'a ku an nɩ zibəə k'a ka ʊ bɩ barɛ.","The young man who is called Nyɩntam, he went to the farm to work, and he was tired, so he sat down under a tree to rest.",gerhardt_107423D8_output (9),,20.597404701478652,2.240227398371877,2.7158643940812888
"Others said, “Wait! Let's see if Elijah will come and save him.”","Bɩ, a muno wɔɔ y'a hɩrɛ, ŋ ʊ: «Jɩm cɩna, k'ʊ dɩga a Elii zɛm b'a bʊmbɔ gɛ?»","Father, I don't know what to say, but: ""Jim said, 'I saw Elii's goat tied up in the bush'.""",gerhardt_107423D8_output (9),,17.448810262972593,2.240227398371877,2.7158643940812888
"When Herod found out that the wise men from the east had tricked him, he was very angry. He gave orders for his men to kill all the boys who lived in or near Bethlehem and were two years old and younger. This was based on what he had learned from the wise men.","Hɩrɔɔdɩ k'a b'a dɔ a ʊ, hɔdonno wɔɔ a yamba a m bɩ, a wuti nɔmaa gandaara m. A n gʊɔɔ nyɔɔ Betelehɛm ʊ kan kʊrɔ vantɔɔ k'a a so ŋ ʊ rɔ wɔɔ kɩ ʊ, kʊ ŋ n'aa nyɩnɔ poorero yaarɔ kʊ ŋ dɔɔraa hɩɩya gɛɛ ŋ n a ku rɔ wɔɔ zɩnzɛ. Amba hɔdonno wɔɔ a hɩ m, nyɩnta k'a ʊ, an laaka da k'a nyɩ bɩ yɩrɛ dɔmɩm dɔ bɩ ma.","The shepherds were in the field, keeping watch over their flock by night. And behold, an angel of the Lord stood before them, and the glory of the Lord shone around them, and they were very afraid. But the angel said to them, “Do not be afraid, for behold, I bring you good news of great joy that will be for all the people. For unto you is born this day in the city of David a Savior, who is Christ the Lord. And this will be a sign for you: you will find the baby wrapped in swaddling cloths and lying in a manger.” And suddenly there was with the angel a multitude of the heavenly host praising God and saying, “Glory to God in the highest, and on earth peace among those with whom he is pleased!”",gerhardt_E4F773B6_output (3),,26.51598079024056,2.240227398371877,2.7158643940812888
Look at the birds in the sky! They don't plant or harvest. They don't even store grain in barns. Yet your Father in heaven takes care of them. Aren't you worth much more than birds?,"K'a dɩga bɛnnɔ ma: ŋ bɩr hɔ duure y, bɩ ŋ bɩr hɔ darɛ y, ŋ bɩr hɔ zarm sɩ ʊ y, b'awɔɔ Zɩ k'a nɩ arzana ʊ bɩ yɩ ŋ tʊrm! Awɔɔ n lɛ da ŋ nɩ gallɛm hɔka ra?","What are you saying? You are saying that you are going to the farm, you are saying that you are going to the market, you are saying that you are going to the river, but you are saying that you are going to sleep? What kind of nonsense are you talking about?",gerhardt_E4F773B6_output (3),,20.532148369287377,2.240227398371877,2.7158643940812888
"Some Pharisees and teachers of the Law of Moses said, “Teacher, we want you to show us a sign from heaven.”","Naa kur bɩ, wosocikarɩnsaambɔɔ kan farizɛɛnrɔ kɩ a sɩŋŋɩda ba, ŋn'a hɩ Yeezuu m, ŋ ʊ: «Karɩnsaamba, wɔɔ lɛ taa k'ɩ hoser ba k'ʊ a yɩ.»","Now there was a man who had ten servants, and he entrusted them with ten minas. He said to them, “Trade with these until I return.”",gerhardt_E4F773B6_output (3),,21.415513402250635,2.240227398371877,2.7158643940812888
Servants are fortunate if their master comes and finds them doing their job.,"Zibəənyɩ bɩ do nyɩntam mimbirenyɩntazaa, k'a lɛɛzaa b'a wusigə an bʊr har ʊ, an b'a ku an nɩ zibəə k'a ka ʊ bɩ barɛ.","The old woman went to the farm to weed, but she was tired and sat down under a tree, and she said that she would go back home.",gerhardt_E4F773B6_output (3),,21.268241281672413,2.240227398371877,2.7158643940812888
"Others said, “Wait! Let's see if Elijah will come and save him.”","Bɩ, a muno wɔɔ y'a hɩrɛ, ŋ ʊ: «Jɩm cɩna, k'ʊ dɩga a Elii zɛm b'a bʊmbɔ gɛ?»","Jim, I'm asking you, don't you know where Elii went to get firewood?",gerhardt_E4F773B6_output (3),,11.56454909843833,2.240227398371877,2.7158643940812888
"When Herod found out that the wise men from the east had tricked him, he was very angry. He gave orders for his men to kill all the boys who lived in or near Bethlehem and were two years old and younger. This was based on what he had learned from the wise men.","Hɩrɔɔdɩ k'a b'a dɔ a ʊ, hɔdonno wɔɔ a yamba a m bɩ, a wuti nɔmaa gandaara m. A n gʊɔɔ nyɔɔ Betelehɛm ʊ kan kʊrɔ vantɔɔ k'a a so ŋ ʊ rɔ wɔɔ kɩ ʊ, kʊ ŋ n'aa nyɩnɔ poorero yaarɔ kʊ ŋ dɔɔraa hɩɩya gɛɛ ŋ n a ku rɔ wɔɔ zɩnzɛ. Amba hɔdonno wɔɔ a hɩ m, nyɩnta k'a ʊ, an laaka da k'a nyɩ bɩ yɩrɛ dɔmɩm dɔ bɩ ma.","The Lord is my shepherd, I shall not want. He makes me lie down in green pastures, he leads me beside still waters. He restores my soul. He leads me in paths of righteousness for his name's sake. Even though I walk through the valley of the shadow of death, I will fear no evil, for you are with me; your rod and your staff, they comfort me. You prepare a table before me in the presence of my enemies. You anoint my head with oil; my cup overflows. Surely goodness and mercy shall follow me all the days of my life, and I shall dwell in the house of the Lord forever.",john_B0DBB2CB_output (4),,27.017186014728633,2.240227398371877,2.7158643940812888
Look at the birds in the sky! They don't plant or harvest. They don't even store grain in barns. Yet your Father in heaven takes care of them. Aren't you worth much more than birds?,"K'a dɩga bɛnnɔ ma: ŋ bɩr hɔ duure y, bɩ ŋ bɩr hɔ darɛ y, ŋ bɩr hɔ zarm sɩ ʊ y, b'awɔɔ Zɩ k'a nɩ arzana ʊ bɩ yɩ ŋ tʊrm! Awɔɔ n lɛ da ŋ nɩ gallɛm hɔka ra?","What are you saying? You say you are strong, you say you are brave, you say you are clever, but you are afraid of a small thing like a lizard! Are you not ashamed?",john_B0DBB2CB_output (4),,16.413062037971077,2.240227398371877,2.7158643940812888
"Some Pharisees and teachers of the Law of Moses said, “Teacher, we want you to show us a sign from heaven.”","Naa kur bɩ, wosocikarɩnsaambɔɔ kan farizɛɛnrɔ kɩ a sɩŋŋɩda ba, ŋn'a hɩ Yeezuu m, ŋ ʊ: «Karɩnsaamba, wɔɔ lɛ taa k'ɩ hoser ba k'ʊ a yɩ.»","When he saw them, he said to the disciples, ""This is a good place to spend the night.""",john_B0DBB2CB_output (4),,16.07749283603453,2.240227398371877,2.7158643940812888
Servants are fortunate if their master comes and finds them doing their job.,"Zibəənyɩ bɩ do nyɩntam mimbirenyɩntazaa, k'a lɛɛzaa b'a wusigə an bʊr har ʊ, an b'a ku an nɩ zibəə k'a ka ʊ bɩ barɛ.","The old man went to the farm to work, but he was tired and sat down under a tree, and he said that he was going home because he was tired.",john_B0DBB2CB_output (4),,23.9957412344362,2.240227398371877,2.7158643940812888
"Others said, “Wait! Let's see if Elijah will come and save him.”","Bɩ, a muno wɔɔ y'a hɩrɛ, ŋ ʊ: «Jɩm cɩna, k'ʊ dɩga a Elii zɛm b'a bʊmbɔ gɛ?»","Jim, you are asking, ""Where is Elii's house?""",john_B0DBB2CB_output (4),,12.422368127632758,2.240227398371877,2.7158643940812888
"When Herod found out that the wise men from the east had tricked him, he was very angry. He gave orders for his men to kill all the boys who lived in or near Bethlehem and were two years old and younger. This was based on what he had learned from the wise men.","Hɩrɔɔdɩ k'a b'a dɔ a ʊ, hɔdonno wɔɔ a yamba a m bɩ, a wuti nɔmaa gandaara m. A n gʊɔɔ nyɔɔ Betelehɛm ʊ kan kʊrɔ vantɔɔ k'a a so ŋ ʊ rɔ wɔɔ kɩ ʊ, kʊ ŋ n'aa nyɩnɔ poorero yaarɔ kʊ ŋ dɔɔraa hɩɩya gɛɛ ŋ n a ku rɔ wɔɔ zɩnzɛ. Amba hɔdonno wɔɔ a hɩ m, nyɩnta k'a ʊ, an laaka da k'a nyɩ bɩ yɩrɛ dɔmɩm dɔ bɩ ma.","The shepherd was watching his sheep at night, when an angel appeared to him, saying, ""Don't be afraid, for I bring you good news of great joy that will be for all people. Today in the town of Bethlehem, a Savior has been born to you; he is the Messiah, the Lord. This will be a sign to you: You will find a baby wrapped in cloths and lying in a manger."" And suddenly there was with the angel a multitude of the heavenly host praising God, and saying, ""Glory to God in the highest, and on earth peace, good will toward men.""",gerhardt_E32D1C1E_output_mzX2S5,,28.186179336952094,2.240227398371877,2.7158643940812888
Look at the birds in the sky! They don't plant or harvest. They don't even store grain in barns. Yet your Father in heaven takes care of them. Aren't you worth much more than birds?,"K'a dɩga bɛnnɔ ma: ŋ bɩr hɔ duure y, bɩ ŋ bɩr hɔ darɛ y, ŋ bɩr hɔ zarm sɩ ʊ y, b'awɔɔ Zɩ k'a nɩ arzana ʊ bɩ yɩ ŋ tʊrm! Awɔɔ n lɛ da ŋ nɩ gallɛm hɔka ra?","What is this thing you are saying? Is it something good, is it something bad, is it something that will make us suffer? You are saying that Zɩ will come and bring us trouble! What is this thing that you are saying?",gerhardt_E32D1C1E_output_mzX2S5,,17.673872884813694,2.240227398371877,2.7158643940812888
"Some Pharisees and teachers of the Law of Moses said, “Teacher, we want you to show us a sign from heaven.”","Naa kur bɩ, wosocikarɩnsaambɔɔ kan farizɛɛnrɔ kɩ a sɩŋŋɩda ba, ŋn'a hɩ Yeezuu m, ŋ ʊ: «Karɩnsaamba, wɔɔ lɛ taa k'ɩ hoser ba k'ʊ a yɩ.»","When they came to the place, they found a man who had been ill for thirty-eight years. Jesus saw him lying there and knew that he had been ill for a long time, and he said to him, ""Do you want to be healed?""",gerhardt_E32D1C1E_output_mzX2S5,,20.614367722302724,2.240227398371877,2.7158643940812888
Servants are fortunate if their master comes and finds them doing their job.,"Zibəənyɩ bɩ do nyɩntam mimbirenyɩntazaa, k'a lɛɛzaa b'a wusigə an bʊr har ʊ, an b'a ku an nɩ zibəə k'a ka ʊ bɩ barɛ.","The one who is wise will not speak too much, but will listen attentively to what others say, and will only speak when he has something important to say.",gerhardt_E32D1C1E_output_mzX2S5,,19.202496578034513,2.240227398371877,2.7158643940812888
"Others said, “Wait! Let's see if Elijah will come and save him.”","Bɩ, a muno wɔɔ y'a hɩrɛ, ŋ ʊ: «Jɩm cɩna, k'ʊ dɩga a Elii zɛm b'a bʊmbɔ gɛ?»","Jim, you see, he asked me: ""Where did Elii go to get the medicine?""",gerhardt_E32D1C1E_output_mzX2S5,,15.471846956368637,2.240227398371877,2.7158643940812888
"When Herod found out that the wise men from the east had tricked him, he was very angry. He gave orders for his men to kill all the boys who lived in or near Bethlehem and were two years old and younger. This was based on what he had learned from the wise men.","Hɩrɔɔdɩ k'a b'a dɔ a ʊ, hɔdonno wɔɔ a yamba a m bɩ, a wuti nɔmaa gandaara m. A n gʊɔɔ nyɔɔ Betelehɛm ʊ kan kʊrɔ vantɔɔ k'a a so ŋ ʊ rɔ wɔɔ kɩ ʊ, kʊ ŋ n'aa nyɩnɔ poorero yaarɔ kʊ ŋ dɔɔraa hɩɩya gɛɛ ŋ n a ku rɔ wɔɔ zɩnzɛ. Amba hɔdonno wɔɔ a hɩ m, nyɩnta k'a ʊ, an laaka da k'a nyɩ bɩ yɩrɛ dɔmɩm dɔ bɩ ma.","The shepherd was watching his sheep at night, and an angel appeared to him, saying, ""Don't be afraid, for I bring you good news of great joy that will be for all the people. Today in the town of Bethlehem, a Savior has been born to you; he is the Messiah, the Lord. This will be a sign to you: You will find a baby wrapped in cloths and lying in a manger."" And suddenly there was with the angel a multitude of the heavenly host praising God, and saying, ""Glory to God in the highest, and on earth peace, goodwill toward men.""",gerhardt_145C11AE_output (2),,28.546864499467006,2.240227398371877,2.7158643940812888
Look at the birds in the sky! They don't plant or harvest. They don't even store grain in barns. Yet your Father in heaven takes care of them. Aren't you worth much more than birds?,"K'a dɩga bɛnnɔ ma: ŋ bɩr hɔ duure y, bɩ ŋ bɩr hɔ darɛ y, ŋ bɩr hɔ zarm sɩ ʊ y, b'awɔɔ Zɩ k'a nɩ arzana ʊ bɩ yɩ ŋ tʊrm! Awɔɔ n lɛ da ŋ nɩ gallɛm hɔka ra?","What are you saying? You are saying that you will go and steal, you are saying that you will go and kill, you are saying that you will go and destroy everything, and you are saying that you will go and burn the whole village! Is that what you are saying?",gerhardt_145C11AE_output (2),,18.891921414999306,2.240227398371877,2.7158643940812888
"Some Pharisees and teachers of the Law of Moses said, “Teacher, we want you to show us a sign from heaven.”","Naa kur bɩ, wosocikarɩnsaambɔɔ kan farizɛɛnrɔ kɩ a sɩŋŋɩda ba, ŋn'a hɩ Yeezuu m, ŋ ʊ: «Karɩnsaamba, wɔɔ lɛ taa k'ɩ hoser ba k'ʊ a yɩ.»","When the Lord saw that the Pharisees were trying to trap him with their questions, he said to them, “You hypocrites! You are like whitewashed tombs, which outwardly appear beautiful, but within are full of dead men’s bones and all uncleanness.",gerhardt_145C11AE_output (2),,26.25434523679732,2.240227398371877,2.7158643940812888
Servants are fortunate if their master comes and finds them doing their job.,"Zibəənyɩ bɩ do nyɩntam mimbirenyɩntazaa, k'a lɛɛzaa b'a wusigə an bʊr har ʊ, an b'a ku an nɩ zibəə k'a ka ʊ bɩ barɛ.","The young man went to the farm to work, but he was lazy and did not work, he just sat down and looked at the farm.",gerhardt_145C11AE_output (2),,19.931646941974694,2.240227398371877,2.7158643940812888
"Others said, “Wait! Let's see if Elijah will come and save him.”","Bɩ, a muno wɔɔ y'a hɩrɛ, ŋ ʊ: «Jɩm cɩna, k'ʊ dɩga a Elii zɛm b'a bʊmbɔ gɛ?»","Father, I have heard, say: ""Jim is asking, why did Elii leave the house?""",gerhardt_145C11AE_output (2),,19.186874437068692,2.240227398371877,2.7158643940812888
"When Herod found out that the wise men from the east had tricked him, he was very angry. He gave orders for his men to kill all the boys who lived in or near Bethlehem and were two years old and younger. This was based on what he had learned from the wise men.","Hɩrɔɔdɩ k'a b'a dɔ a ʊ, hɔdonno wɔɔ a yamba a m bɩ, a wuti nɔmaa gandaara m. A n gʊɔɔ nyɔɔ Betelehɛm ʊ kan kʊrɔ vantɔɔ k'a a so ŋ ʊ rɔ wɔɔ kɩ ʊ, kʊ ŋ n'aa nyɩnɔ poorero yaarɔ kʊ ŋ dɔɔraa hɩɩya gɛɛ ŋ n a ku rɔ wɔɔ zɩnzɛ. Amba hɔdonno wɔɔ a hɩ m, nyɩnta k'a ʊ, an laaka da k'a nyɩ bɩ yɩrɛ dɔmɩm dɔ bɩ ma.","The shepherds were in the field, keeping watch over their flock by night. And behold, an angel of the Lord stood before them, and the glory of the Lord shone around them, and they were very afraid. But the angel said to them, “Do not be afraid, for behold, I bring you good news of great joy that will be for all the people. For unto you is born this day in the city of David a Savior, who is Christ the Lord. And this will be a sign for you: you will find the baby wrapped in swaddling cloths and lying in a manger.” And suddenly there was with the angel a multitude of the heavenly host praising God and saying, “Glory to God in the highest, and on earth peace among those with whom he is pleased!”",gerhardt_087BEB88_output_loRIsq,,26.51598079024056,2.240227398371877,2.7158643940812888
Look at the birds in the sky! They don't plant or harvest. They don't even store grain in barns. Yet your Father in heaven takes care of them. Aren't you worth much more than birds?,"K'a dɩga bɛnnɔ ma: ŋ bɩr hɔ duure y, bɩ ŋ bɩr hɔ darɛ y, ŋ bɩr hɔ zarm sɩ ʊ y, b'awɔɔ Zɩ k'a nɩ arzana ʊ bɩ yɩ ŋ tʊrm! Awɔɔ n lɛ da ŋ nɩ gallɛm hɔka ra?","What are you saying? You say you are strong, you say you are brave, you say you are clever, but you are afraid of a small lizard? You are a coward! What kind of man are you?",gerhardt_087BEB88_output_loRIsq,,16.138373608427198,2.240227398371877,2.7158643940812888
"Some Pharisees and teachers of the Law of Moses said, “Teacher, we want you to show us a sign from heaven.”","Naa kur bɩ, wosocikarɩnsaambɔɔ kan farizɛɛnrɔ kɩ a sɩŋŋɩda ba, ŋn'a hɩ Yeezuu m, ŋ ʊ: «Karɩnsaamba, wɔɔ lɛ taa k'ɩ hoser ba k'ʊ a yɩ.»","The Lord said to his disciples, ""Go into all the world and preach the gospel to all creation.""",gerhardt_087BEB88_output_loRIsq,,17.15993566414344,2.240227398371877,2.7158643940812888
Servants are fortunate if their master comes and finds them doing their job.,"Zibəənyɩ bɩ do nyɩntam mimbirenyɩntazaa, k'a lɛɛzaa b'a wusigə an bʊr har ʊ, an b'a ku an nɩ zibəə k'a ka ʊ bɩ barɛ.","The old woman went to the farm to harvest cassava, but she was tired and sat down under a tree, and she ate some of the cassava she had brought.",gerhardt_087BEB88_output_loRIsq,,22.625502270998112,2.240227398371877,2.7158643940812888
"Others said, “Wait! Let's see if Elijah will come and save him.”","Bɩ, a muno wɔɔ y'a hɩrɛ, ŋ ʊ: «Jɩm cɩna, k'ʊ dɩga a Elii zɛm b'a bʊmbɔ gɛ?»","Father, I want to ask you: ""Jim, what did you say about Elii's house being big?""",gerhardt_087BEB88_output_loRIsq,,15.46036657514542,2.240227398371877,2.7158643940812888
"When Herod found out that the wise men from the east had tricked him, he was very angry. He gave orders for his men to kill all the boys who lived in or near Bethlehem and were two years old and younger. This was based on what he had learned from the wise men.","Hɩrɔɔdɩ k'a b'a dɔ a ʊ, hɔdonno wɔɔ a yamba a m bɩ, a wuti nɔmaa gandaara m. A n gʊɔɔ nyɔɔ Betelehɛm ʊ kan kʊrɔ vantɔɔ k'a a so ŋ ʊ rɔ wɔɔ kɩ ʊ, kʊ ŋ n'aa nyɩnɔ poorero yaarɔ kʊ ŋ dɔɔraa hɩɩya gɛɛ ŋ n a ku rɔ wɔɔ zɩnzɛ. Amba hɔdonno wɔɔ a hɩ m, nyɩnta k'a ʊ, an laaka da k'a nyɩ bɩ yɩrɛ dɔmɩm dɔ bɩ ma.","The shepherds were in the field, keeping watch over their flock by night. And behold, an angel of the Lord stood before them, and the glory of the Lord shone around them, and they were very afraid. But the angel said to them, “Do not be afraid, for behold, I bring you good news of great joy that will be for all the people. For unto you is born this day in the city of David a Savior, who is Christ the Lord. And this will be a sign for you: you will find the baby wrapped in swaddling cloths and lying in a manger.” And suddenly there was with the angel a multitude of the heavenly host praising God and saying, “Glory to God in the highest, and on earth peace among those with whom he is pleased!”",john_C904F397_output (2),,26.51598079024056,2.240227398371877,2.7158643940812888
Look at the birds in the sky! They don't plant or harvest. They don't even store grain in barns. Yet your Father in heaven takes care of them. Aren't you worth much more than birds?,"K'a dɩga bɛnnɔ ma: ŋ bɩr hɔ duure y, bɩ ŋ bɩr hɔ darɛ y, ŋ bɩr hɔ zarm sɩ ʊ y, b'awɔɔ Zɩ k'a nɩ arzana ʊ bɩ yɩ ŋ tʊrm! Awɔɔ n lɛ da ŋ nɩ gallɛm hɔka ra?","What are you saying? You are saying that you will not give me anything, you will not give me anything, you will not give me anything, you are saying that you will not give me anything! What are you saying? What are you saying? What are you saying?",john_C904F397_output (2),,17.071670033737007,2.240227398371877,2.7158643940812888
"Some Pharisees and teachers of the Law of Moses said, “Teacher, we want you to show us a sign from heaven.”","Naa kur bɩ, wosocikarɩnsaambɔɔ kan farizɛɛnrɔ kɩ a sɩŋŋɩda ba, ŋn'a hɩ Yeezuu m, ŋ ʊ: «Karɩnsaamba, wɔɔ lɛ taa k'ɩ hoser ba k'ʊ a yɩ.»","When they arrived at the place, they found a man who had been ill for thirty-eight years. Jesus saw him lying there and knew that he had been ill for a long time. He said to him, ""Do you want to be healed?""",john_C904F397_output (2),,20.94309928026825,2.240227398371877,2.7158643940812888
Servants are fortunate if their master comes and finds them doing their job.,"Zibəənyɩ bɩ do nyɩntam mimbirenyɩntazaa, k'a lɛɛzaa b'a wusigə an bʊr har ʊ, an b'a ku an nɩ zibəə k'a ka ʊ bɩ barɛ.","The old woman went to the farm to weed, but she was tired and sat down under a tree, and she said that she was going to rest.",john_C904F397_output (2),,23.509522377554553,2.240227398371877,2.7158643940812888
"Others said, “Wait! Let's see if Elijah will come and save him.”","Bɩ, a muno wɔɔ y'a hɩrɛ, ŋ ʊ: «Jɩm cɩna, k'ʊ dɩga a Elii zɛm b'a bʊmbɔ gɛ?»","Jim, are you the one who told Elii that I was going to fight?",john_C904F397_output (2),,11.9223250825967,2.240227398371877,2.7158643940812888
"When Herod found out that the wise men from the east had tricked him, he was very angry. He gave orders for his men to kill all the boys who lived in or near Bethlehem and were two years old and younger. This was based on what he had learned from the wise men.","Hɩrɔɔdɩ k'a b'a dɔ a ʊ, hɔdonno wɔɔ a yamba a m bɩ, a wuti nɔmaa gandaara m. A n gʊɔɔ nyɔɔ Betelehɛm ʊ kan kʊrɔ vantɔɔ k'a a so ŋ ʊ rɔ wɔɔ kɩ ʊ, kʊ ŋ n'aa nyɩnɔ poorero yaarɔ kʊ ŋ dɔɔraa hɩɩya gɛɛ ŋ n a ku rɔ wɔɔ zɩnzɛ. Amba hɔdonno wɔɔ a hɩ m, nyɩnta k'a ʊ, an laaka da k'a nyɩ bɩ yɩrɛ dɔmɩm dɔ bɩ ma.","The shepherd said, ""Let us go to Bethlehem and see this thing that has happened, which the Lord has made known to us."" And they went with haste and found Mary and Joseph, and the baby lying in a manger. And when they had seen it, they made known the saying which was told them concerning this Child. And all those who heard it wondered at those things which were told them by the shepherds.",onesimus_E33AE420_Dec 11 output,,29.992788394132404,2.240227398371877,2.7158643940812888
Look at the birds in the sky! They don't plant or harvest. They don't even store grain in barns. Yet your Father in heaven takes care of them. Aren't you worth much more than birds?,"K'a dɩga bɛnnɔ ma: ŋ bɩr hɔ duure y, bɩ ŋ bɩr hɔ darɛ y, ŋ bɩr hɔ zarm sɩ ʊ y, b'awɔɔ Zɩ k'a nɩ arzana ʊ bɩ yɩ ŋ tʊrm! Awɔɔ n lɛ da ŋ nɩ gallɛm hɔka ra?","What are you saying? You say you're going to the farm, you say you're going to the market, you say you're going to the river, but you're sitting here telling lies! Don't you know that I'm going to beat you?",onesimus_E33AE420_Dec 11 output,,21.39509764294192,2.240227398371877,2.7158643940812888
"Some Pharisees and teachers of the Law of Moses said, “Teacher, we want you to show us a sign from heaven.”","Naa kur bɩ, wosocikarɩnsaambɔɔ kan farizɛɛnrɔ kɩ a sɩŋŋɩda ba, ŋn'a hɩ Yeezuu m, ŋ ʊ: «Karɩnsaamba, wɔɔ lɛ taa k'ɩ hoser ba k'ʊ a yɩ.»","When they saw him, they were amazed and said, ""This is the Son of God, indeed!""",onesimus_E33AE420_Dec 11 output,,16.491434900363505,2.240227398371877,2.7158643940812888
Servants are fortunate if their master comes and finds them doing their job.,"Zibəənyɩ bɩ do nyɩntam mimbirenyɩntazaa, k'a lɛɛzaa b'a wusigə an bʊr har ʊ, an b'a ku an nɩ zibəə k'a ka ʊ bɩ barɛ.","The woman who is my mother told me a story, that when she was young, she used to go to the farm, and she used to see a spirit there.",onesimus_E33AE420_Dec 11 output,,20.326753637724778,2.240227398371877,2.7158643940812888
"Others said, “Wait! Let's see if Elijah will come and save him.”","Bɩ, a muno wɔɔ y'a hɩrɛ, ŋ ʊ: «Jɩm cɩna, k'ʊ dɩga a Elii zɛm b'a bʊmbɔ gɛ?»","Jim, you know what Elii did to my father?",onesimus_E33AE420_Dec 11 output,,12.36731708022203,2.240227398371877,2.7158643940812888
"When Herod found out that the wise men from the east had tricked him, he was very angry. He gave orders for his men to kill all the boys who lived in or near Bethlehem and were two years old and younger. This was based on what he had learned from the wise men.","Hɩrɔɔdɩ k'a b'a dɔ a ʊ, hɔdonno wɔɔ a yamba a m bɩ, a wuti nɔmaa gandaara m. A n gʊɔɔ nyɔɔ Betelehɛm ʊ kan kʊrɔ vantɔɔ k'a a so ŋ ʊ rɔ wɔɔ kɩ ʊ, kʊ ŋ n'aa nyɩnɔ poorero yaarɔ kʊ ŋ dɔɔraa hɩɩya gɛɛ ŋ n a ku rɔ wɔɔ zɩnzɛ. Amba hɔdonno wɔɔ a hɩ m, nyɩnta k'a ʊ, an laaka da k'a nyɩ bɩ yɩrɛ dɔmɩm dɔ bɩ ma.","The old man said that he was going to the market, but he was afraid because he had heard that there were thieves in the market. He said that he was going to Bethlehem to buy some things, but he was afraid because he had heard that there were many robbers on the road. He said that he was going to the market, but he was afraid because he had heard that there were many thieves in the market.",onesimus_48E85B7F_Dec 09 output,,27.20226389422718,2.240227398371877,2.7158643940812888
Look at the birds in the sky! They don't plant or harvest. They don't even store grain in barns. Yet your Father in heaven takes care of them. Aren't you worth much more than birds?,"K'a dɩga bɛnnɔ ma: ŋ bɩr hɔ duure y, bɩ ŋ bɩr hɔ darɛ y, ŋ bɩr hɔ zarm sɩ ʊ y, b'awɔɔ Zɩ k'a nɩ arzana ʊ bɩ yɩ ŋ tʊrm! Awɔɔ n lɛ da ŋ nɩ gallɛm hɔka ra?","Why are you saying this? Is it because you want to eat, or because you want to drink, or because you want to go and play? You are saying that you want to go and play, but I don't think you are telling the truth. What are you really doing?",onesimus_48E85B7F_Dec 09 output,,21.63825532826083,2.240227398371877,2.7158643940812888
"Some Pharisees and teachers of the Law of Moses said, “Teacher, we want you to show us a sign from heaven.”","Naa kur bɩ, wosocikarɩnsaambɔɔ kan farizɛɛnrɔ kɩ a sɩŋŋɩda ba, ŋn'a hɩ Yeezuu m, ŋ ʊ: «Karɩnsaamba, wɔɔ lɛ taa k'ɩ hoser ba k'ʊ a yɩ.»","The Lord said to the disciples, ""Go into all the world and preach the gospel to every creature.""",onesimus_48E85B7F_Dec 09 output,,18.059504389565845,2.240227398371877,2.7158643940812888
Servants are fortunate if their master comes and finds them doing their job.,"Zibəənyɩ bɩ do nyɩntam mimbirenyɩntazaa, k'a lɛɛzaa b'a wusigə an bʊr har ʊ, an b'a ku an nɩ zibəə k'a ka ʊ bɩ barɛ.","The woman who is my mother, she is the one who taught me everything, she is the one who showed me the way, she is the one who brought me up.",onesimus_48E85B7F_Dec 09 output,,18.335748496551403,2.240227398371877,2.7158643940812888
"Others said, “Wait! Let's see if Elijah will come and save him.”","Bɩ, a muno wɔɔ y'a hɩrɛ, ŋ ʊ: «Jɩm cɩna, k'ʊ dɩga a Elii zɛm b'a bʊmbɔ gɛ?»","Jim said, ""Why are you hitting Eli's child?""",onesimus_48E85B7F_Dec 09 output,,15.933316893553792,2.240227398371877,2.7158643940812888
"When Herod found out that the wise men from the east had tricked him, he was very angry. He gave orders for his men to kill all the boys who lived in or near Bethlehem and were two years old and younger. This was based on what he had learned from the wise men.","Hɩrɔɔdɩ k'a b'a dɔ a ʊ, hɔdonno wɔɔ a yamba a m bɩ, a wuti nɔmaa gandaara m. A n gʊɔɔ nyɔɔ Betelehɛm ʊ kan kʊrɔ vantɔɔ k'a a so ŋ ʊ rɔ wɔɔ kɩ ʊ, kʊ ŋ n'aa nyɩnɔ poorero yaarɔ kʊ ŋ dɔɔraa hɩɩya gɛɛ ŋ n a ku rɔ wɔɔ zɩnzɛ. Amba hɔdonno wɔɔ a hɩ m, nyɩnta k'a ʊ, an laaka da k'a nyɩ bɩ yɩrɛ dɔmɩm dɔ bɩ ma.","The shepherds were in the field, keeping watch over their flock by night. And behold, an angel of the Lord stood before them, and the glory of the Lord shone round about them: and they were sore afraid. And the angel said unto them, Fear not: for, behold, I bring you good tidings of great joy, which shall be to all people. For unto you is born this day in the city of David a Saviour, which is Christ the Lord. And this shall be a sign unto you; Ye shall find the babe wrapped in swaddling clothes, lying in a manger.",Dec 01 output,,25.549113323933426,2.240227398371877,2.7158643940812888
Look at the birds in the sky! They don't plant or harvest. They don't even store grain in barns. Yet your Father in heaven takes care of them. Aren't you worth much more than birds?,"K'a dɩga bɛnnɔ ma: ŋ bɩr hɔ duure y, bɩ ŋ bɩr hɔ darɛ y, ŋ bɩr hɔ zarm sɩ ʊ y, b'awɔɔ Zɩ k'a nɩ arzana ʊ bɩ yɩ ŋ tʊrm! Awɔɔ n lɛ da ŋ nɩ gallɛm hɔka ra?","What are you saying? You are saying that you will not help me, you will not give me anything, and you will not even look at me. You are saying that you will not help me, but I am asking you for help! What is wrong with you?",Dec 01 output,,20.58999107453951,2.240227398371877,2.7158643940812888
"Some Pharisees and teachers of the Law of Moses said, “Teacher, we want you to show us a sign from heaven.”","Naa kur bɩ, wosocikarɩnsaambɔɔ kan farizɛɛnrɔ kɩ a sɩŋŋɩda ba, ŋn'a hɩ Yeezuu m, ŋ ʊ: «Karɩnsaamba, wɔɔ lɛ taa k'ɩ hoser ba k'ʊ a yɩ.»","When he saw them, he said to the disciples, ""This is truly a great miracle!""",Dec 01 output,,15.116389591054578,2.240227398371877,2.7158643940812888
Servants are fortunate if their master comes and finds them doing their job.,"Zibəənyɩ bɩ do nyɩntam mimbirenyɩntazaa, k'a lɛɛzaa b'a wusigə an bʊr har ʊ, an b'a ku an nɩ zibəə k'a ka ʊ bɩ barɛ.","The young man went to the farm to work, but he was tired and sat down under a tree, and he slept.",Dec 01 output,,20.97594336855168,2.240227398371877,2.7158643940812888
"Others said, “Wait! Let's see if Elijah will come and save him.”","Bɩ, a muno wɔɔ y'a hɩrɛ, ŋ ʊ: «Jɩm cɩna, k'ʊ dɩga a Elii zɛm b'a bʊmbɔ gɛ?»","Father, I want to know, what did Jim say when Elii was beating him?",Dec 01 output,,15.484567513169598,2.240227398371877,2.7158643940812888
"When Herod found out that the wise men from the east had tricked him, he was very angry. He gave orders for his men to kill all the boys who lived in or near Bethlehem and were two years old and younger. This was based on what he had learned from the wise men.","Hɩrɔɔdɩ k'a b'a dɔ a ʊ, hɔdonno wɔɔ a yamba a m bɩ, a wuti nɔmaa gandaara m. A n gʊɔɔ nyɔɔ Betelehɛm ʊ kan kʊrɔ vantɔɔ k'a a so ŋ ʊ rɔ wɔɔ kɩ ʊ, kʊ ŋ n'aa nyɩnɔ poorero yaarɔ kʊ ŋ dɔɔraa hɩɩya gɛɛ ŋ n a ku rɔ wɔɔ zɩnzɛ. Amba hɔdonno wɔɔ a hɩ m, nyɩnta k'a ʊ, an laaka da k'a nyɩ bɩ yɩrɛ dɔmɩm dɔ bɩ ma.","The shepherds were in the field, keeping watch over their flock by night. And behold, an angel of the Lord stood before them, and the glory of the Lord shone round about them: and they were sore afraid. And the angel said unto them, Fear not; for, behold, I bring you good tidings of great joy, which shall be to all people. For unto you is born this day in the city of David a Saviour, which is Christ the Lord. And this shall be a sign unto you; Ye shall find the babe wrapped in swaddling clothes, lying in a manger.",gerhardt_80805CFE_output_7z6RFo,,25.549113323933426,2.240227398371877,2.7158643940812888
Look at the birds in the sky! They don't plant or harvest. They don't even store grain in barns. Yet your Father in heaven takes care of them. Aren't you worth much more than birds?,"K'a dɩga bɛnnɔ ma: ŋ bɩr hɔ duure y, bɩ ŋ bɩr hɔ darɛ y, ŋ bɩr hɔ zarm sɩ ʊ y, b'awɔɔ Zɩ k'a nɩ arzana ʊ bɩ yɩ ŋ tʊrm! Awɔɔ n lɛ da ŋ nɩ gallɛm hɔka ra?","What are you saying? You are saying that you are going to the farm, you are saying that you are going to the market, you are saying that you are going to the river, but you are not going to school! What are you doing? Don't you know that you should be going to school?",gerhardt_80805CFE_output_7z6RFo,,21.800571233916934,2.240227398371877,2.7158643940812888
"Some Pharisees and teachers of the Law of Moses said, “Teacher, we want you to show us a sign from heaven.”","Naa kur bɩ, wosocikarɩnsaambɔɔ kan farizɛɛnrɔ kɩ a sɩŋŋɩda ba, ŋn'a hɩ Yeezuu m, ŋ ʊ: «Karɩnsaamba, wɔɔ lɛ taa k'ɩ hoser ba k'ʊ a yɩ.»","When they arrived, they found the young man lying there, paralyzed, and Jesus said to him, ""Young man, your sins are forgiven.""",gerhardt_80805CFE_output_7z6RFo,,19.95169168999743,2.240227398371877,2.7158643940812888
Servants are fortunate if their master comes and finds them doing their job.,"Zibəənyɩ bɩ do nyɩntam mimbirenyɩntazaa, k'a lɛɛzaa b'a wusigə an bʊr har ʊ, an b'a ku an nɩ zibəə k'a ka ʊ bɩ barɛ.","The old man went to the farm to work, but he was tired and sat down under a tree, and he said that he was going home.",gerhardt_80805CFE_output_7z6RFo,,23.973246255013798,2.240227398371877,2.7158643940812888
"Others said, “Wait! Let's see if Elijah will come and save him.”","Bɩ, a muno wɔɔ y'a hɩrɛ, ŋ ʊ: «Jɩm cɩna, k'ʊ dɩga a Elii zɛm b'a bʊmbɔ gɛ?»","Jim said, ""What did Elii say when he saw the big snake?""",gerhardt_80805CFE_output_7z6RFo,,16.734528478330855,2.240227398371877,2.7158643940812888
"When Herod found out that the wise men from the east had tricked him, he was very angry. He gave orders for his men to kill all the boys who lived in or near Bethlehem and were two years old and younger. This was based on what he had learned from the wise men.","Hɩrɔɔdɩ k'a b'a dɔ a ʊ, hɔdonno wɔɔ a yamba a m bɩ, a wuti nɔmaa gandaara m. A n gʊɔɔ nyɔɔ Betelehɛm ʊ kan kʊrɔ vantɔɔ k'a a so ŋ ʊ rɔ wɔɔ kɩ ʊ, kʊ ŋ n'aa nyɩnɔ poorero yaarɔ kʊ ŋ dɔɔraa hɩɩya gɛɛ ŋ n a ku rɔ wɔɔ zɩnzɛ. Amba hɔdonno wɔɔ a hɩ m, nyɩnta k'a ʊ, an laaka da k'a nyɩ bɩ yɩrɛ dɔmɩm dɔ bɩ ma.",,output_JA-3,,,2.240227398371877,2.7158643940812888
Look at the birds in the sky! They don't plant or harvest. They don't even store grain in barns. Yet your Father in heaven takes care of them. Aren't you worth much more than birds?,"K'a dɩga bɛnnɔ ma: ŋ bɩr hɔ duure y, bɩ ŋ bɩr hɔ darɛ y, ŋ bɩr hɔ zarm sɩ ʊ y, b'awɔɔ Zɩ k'a nɩ arzana ʊ bɩ yɩ ŋ tʊrm! Awɔɔ n lɛ da ŋ nɩ gallɛm hɔka ra?",,output_JA-3,,,2.240227398371877,2.7158643940812888
"Some Pharisees and teachers of the Law of Moses said, “Teacher, we want you to show us a sign from heaven.”","Naa kur bɩ, wosocikarɩnsaambɔɔ kan farizɛɛnrɔ kɩ a sɩŋŋɩda ba, ŋn'a hɩ Yeezuu m, ŋ ʊ: «Karɩnsaamba, wɔɔ lɛ taa k'ɩ hoser ba k'ʊ a yɩ.»",,output_JA-3,,,2.240227398371877,2.7158643940812888
Servants are fortunate if their master comes and finds them doing their job.,"Zibəənyɩ bɩ do nyɩntam mimbirenyɩntazaa, k'a lɛɛzaa b'a wusigə an bʊr har ʊ, an b'a ku an nɩ zibəə k'a ka ʊ bɩ barɛ.",,output_JA-3,,,2.240227398371877,2.7158643940812888
"Others said, “Wait! Let's see if Elijah will come and save him.”","Bɩ, a muno wɔɔ y'a hɩrɛ, ŋ ʊ: «Jɩm cɩna, k'ʊ dɩga a Elii zɛm b'a bʊmbɔ gɛ?»",,output_JA-3,,,2.240227398371877,2.7158643940812888
"When Herod found out that the wise men from the east had tricked him, he was very angry. He gave orders for his men to kill all the boys who lived in or near Bethlehem and were two years old and younger. This was based on what he had learned from the wise men.","Hɩrɔɔdɩ k'a b'a dɔ a ʊ, hɔdonno wɔɔ a yamba a m bɩ, a wuti nɔmaa gandaara m. A n gʊɔɔ nyɔɔ Betelehɛm ʊ kan kʊrɔ vantɔɔ k'a a so ŋ ʊ rɔ wɔɔ kɩ ʊ, kʊ ŋ n'aa nyɩnɔ poorero yaarɔ kʊ ŋ dɔɔraa hɩɩya gɛɛ ŋ n a ku rɔ wɔɔ zɩnzɛ. Amba hɔdonno wɔɔ a hɩ m, nyɩnta k'a ʊ, an laaka da k'a nyɩ bɩ yɩrɛ dɔmɩm dɔ bɩ ma.","The shepherd was watching his sheep at night, when an angel appeared to him and said, ""Don't be afraid, for I bring you good news of great joy that will be for all people. Today in the town of Bethlehem, a Savior has been born to you; he is the Messiah, the Lord. This will be a sign to you: You will find a baby wrapped in cloths and lying in a manger."" After the angel had left them, the shepherds said to each other, ""Let's go to Bethlehem and see this thing that has happened, which the Lord has told us about.""",Dec 06 output,,29.185319895192997,2.240227398371877,2.7158643940812888
Look at the birds in the sky! They don't plant or harvest. They don't even store grain in barns. Yet your Father in heaven takes care of them. Aren't you worth much more than birds?,"K'a dɩga bɛnnɔ ma: ŋ bɩr hɔ duure y, bɩ ŋ bɩr hɔ darɛ y, ŋ bɩr hɔ zarm sɩ ʊ y, b'awɔɔ Zɩ k'a nɩ arzana ʊ bɩ yɩ ŋ tʊrm! Awɔɔ n lɛ da ŋ nɩ gallɛm hɔka ra?","What is this thing you are saying? Is it a good thing, is it a bad thing, is it a dangerous thing? You say you have a secret, tell me what it is!",Dec 06 output,,14.897364984511569,2.240227398371877,2.7158643940812888
"Some Pharisees and teachers of the Law of Moses said, “Teacher, we want you to show us a sign from heaven.”","Naa kur bɩ, wosocikarɩnsaambɔɔ kan farizɛɛnrɔ kɩ a sɩŋŋɩda ba, ŋn'a hɩ Yeezuu m, ŋ ʊ: «Karɩnsaamba, wɔɔ lɛ taa k'ɩ hoser ba k'ʊ a yɩ.»","When they arrived, they found the young man lying there, paralyzed. Jesus, seeing this, said to him, ""Young man, your sins are forgiven.""",Dec 06 output,,19.727169985431477,2.240227398371877,2.7158643940812888
Servants are fortunate if their master comes and finds them doing their job.,"Zibəənyɩ bɩ do nyɩntam mimbirenyɩntazaa, k'a lɛɛzaa b'a wusigə an bʊr har ʊ, an b'a ku an nɩ zibəə k'a ka ʊ bɩ barɛ.","The old woman went to the farm to weed, but she was tired, so she sat down under a tree to rest.",Dec 06 output,,19.757532115911207,2.240227398371877,2.7158643940812888
"Others said, “Wait! Let's see if Elijah will come and save him.”","Bɩ, a muno wɔɔ y'a hɩrɛ, ŋ ʊ: «Jɩm cɩna, k'ʊ dɩga a Elii zɛm b'a bʊmbɔ gɛ?»","Father, I want to ask you: ""Jim, where did you put the money Elii gave you?""",Dec 06 output,,14.773146667124557,2.240227398371877,2.7158643940812888
"When Herod found out that the wise men from the east had tricked him, he was very angry. He gave orders for his men to kill all the boys who lived in or near Bethlehem and were two years old and younger. This was based on what he had learned from the wise men.","Hɩrɔɔdɩ k'a b'a dɔ a ʊ, hɔdonno wɔɔ a yamba a m bɩ, a wuti nɔmaa gandaara m. A n gʊɔɔ nyɔɔ Betelehɛm ʊ kan kʊrɔ vantɔɔ k'a a so ŋ ʊ rɔ wɔɔ kɩ ʊ, kʊ ŋ n'aa nyɩnɔ poorero yaarɔ kʊ ŋ dɔɔraa hɩɩya gɛɛ ŋ n a ku rɔ wɔɔ zɩnzɛ. Amba hɔdonno wɔɔ a hɩ m, nyɩnta k'a ʊ, an laaka da k'a nyɩ bɩ yɩrɛ dɔmɩm dɔ bɩ ma.","The shepherd was watching his sheep at night, when an angel appeared to him, saying, ""Do not be afraid, for I bring you good news of great joy that will be for all the people. Today in the town of Bethlehem, a Savior has been born to you; he is the Messiah, the Lord. This will be a sign to you: You will find a baby wrapped in cloths and lying in a manger."" And suddenly there was with the angel a multitude of the heavenly host praising God, and saying, ""Glory to God in the highest, and on earth peace, good will toward men.""",onesimus_C6D92021_Dec 02 output,,28.59080792145018,2.240227398371877,2.7158643940812888
Look at the birds in the sky! They don't plant or harvest. They don't even store grain in barns. Yet your Father in heaven takes care of them. Aren't you worth much more than birds?,"K'a dɩga bɛnnɔ ma: ŋ bɩr hɔ duure y, bɩ ŋ bɩr hɔ darɛ y, ŋ bɩr hɔ zarm sɩ ʊ y, b'awɔɔ Zɩ k'a nɩ arzana ʊ bɩ yɩ ŋ tʊrm! Awɔɔ n lɛ da ŋ nɩ gallɛm hɔka ra?","Why are you saying this? Is it because you are jealous of me, because I am handsome, because I am strong, or because I am rich? You are just jealous because I am better than you!",onesimus_C6D92021_Dec 02 output,,15.658014324282185,2.240227398371877,2.7158643940812888
"Some Pharisees and teachers of the Law of Moses said, “Teacher, we want you to show us a sign from heaven.”","Naa kur bɩ, wosocikarɩnsaambɔɔ kan farizɛɛnrɔ kɩ a sɩŋŋɩda ba, ŋn'a hɩ Yeezuu m, ŋ ʊ: «Karɩnsaamba, wɔɔ lɛ taa k'ɩ hoser ba k'ʊ a yɩ.»","When they came to the other side, the disciples saw that a large crowd had gathered, and they came to Jesus and said to him: “Teacher, the crowd is here and there is nothing to eat.”",onesimus_C6D92021_Dec 02 output,,26.865018749189755,2.240227398371877,2.7158643940812888
Servants are fortunate if their master comes and finds them doing their job.,"Zibəənyɩ bɩ do nyɩntam mimbirenyɩntazaa, k'a lɛɛzaa b'a wusigə an bʊr har ʊ, an b'a ku an nɩ zibəə k'a ka ʊ bɩ barɛ.","The woman who is pregnant is not supposed to eat anything that is raw, because it will harm the baby in her womb.",onesimus_C6D92021_Dec 02 output,,21.053228889137205,2.240227398371877,2.7158643940812888
"Others said, “Wait! Let's see if Elijah will come and save him.”","Bɩ, a muno wɔɔ y'a hɩrɛ, ŋ ʊ: «Jɩm cɩna, k'ʊ dɩga a Elii zɛm b'a bʊmbɔ gɛ?»","Jim, you know what Elii said about the big drum?",onesimus_C6D92021_Dec 02 output,,13.078452515336247,2.240227398371877,2.7158643940812888
"When Herod found out that the wise men from the east had tricked him, he was very angry. He gave orders for his men to kill all the boys who lived in or near Bethlehem and were two years old and younger. This was based on what he had learned from the wise men.","Hɩrɔɔdɩ k'a b'a dɔ a ʊ, hɔdonno wɔɔ a yamba a m bɩ, a wuti nɔmaa gandaara m. A n gʊɔɔ nyɔɔ Betelehɛm ʊ kan kʊrɔ vantɔɔ k'a a so ŋ ʊ rɔ wɔɔ kɩ ʊ, kʊ ŋ n'aa nyɩnɔ poorero yaarɔ kʊ ŋ dɔɔraa hɩɩya gɛɛ ŋ n a ku rɔ wɔɔ zɩnzɛ. Amba hɔdonno wɔɔ a hɩ m, nyɩnta k'a ʊ, an laaka da k'a nyɩ bɩ yɩrɛ dɔmɩm dɔ bɩ ma.","The shepherd said, ""Let us go to Bethlehem and see this thing that has happened, which the Lord has made known to us."" And they went with haste and found Mary and Joseph, and the baby lying in a manger. And when they had seen it, they made known the saying which was told them concerning this child.",Jan output 1 ,,27.76802644287184,2.240227398371877,2.7158643940812888
Look at the birds in the sky! They don't plant or harvest. They don't even store grain in barns. Yet your Father in heaven takes care of them. Aren't you worth much more than birds?,"K'a dɩga bɛnnɔ ma: ŋ bɩr hɔ duure y, bɩ ŋ bɩr hɔ darɛ y, ŋ bɩr hɔ zarm sɩ ʊ y, b'awɔɔ Zɩ k'a nɩ arzana ʊ bɩ yɩ ŋ tʊrm! Awɔɔ n lɛ da ŋ nɩ gallɛm hɔka ra?","What is this thing you are saying? Is it good to be a thief? Is it good to be a liar? Is it good to be a murderer? You say you are strong, but you are a coward! Where is your strength when you are afraid?",Jan output 1 ,,18.458243080774245,2.240227398371877,2.7158643940812888
"Some Pharisees and teachers of the Law of Moses said, “Teacher, we want you to show us a sign from heaven.”","Naa kur bɩ, wosocikarɩnsaambɔɔ kan farizɛɛnrɔ kɩ a sɩŋŋɩda ba, ŋn'a hɩ Yeezuu m, ŋ ʊ: «Karɩnsaamba, wɔɔ lɛ taa k'ɩ hoser ba k'ʊ a yɩ.»","When he saw them, he said to the one who had the bag of money, ""Give him the money.""",Jan output 1 ,,15.77720719970959,2.240227398371877,2.7158643940812888
Servants are fortunate if their master comes and finds them doing their job.,"Zibəənyɩ bɩ do nyɩntam mimbirenyɩntazaa, k'a lɛɛzaa b'a wusigə an bʊr har ʊ, an b'a ku an nɩ zibəə k'a ka ʊ bɩ barɛ.","The old woman went to the farm to weed, but she was tired and sat down under a tree, and she said she would go home because she was tired.",Jan output 1 ,,21.138356476213044,2.240227398371877,2.7158643940812888
"Others said, “Wait! Let's see if Elijah will come and save him.”","Bɩ, a muno wɔɔ y'a hɩrɛ, ŋ ʊ: «Jɩm cɩna, k'ʊ dɩga a Elii zɛm b'a bʊmbɔ gɛ?»","Jim, are you the one who told Elii that I was going to beat him up?",Jan output 1 ,,13.343608188122493,2.240227398371877,2.7158643940812888
"When Herod found out that the wise men from the east had tricked him, he was very angry. He gave orders for his men to kill all the boys who lived in or near Bethlehem and were two years old and younger. This was based on what he had learned from the wise men.","Hɩrɔɔdɩ k'a b'a dɔ a ʊ, hɔdonno wɔɔ a yamba a m bɩ, a wuti nɔmaa gandaara m. A n gʊɔɔ nyɔɔ Betelehɛm ʊ kan kʊrɔ vantɔɔ k'a a so ŋ ʊ rɔ wɔɔ kɩ ʊ, kʊ ŋ n'aa nyɩnɔ poorero yaarɔ kʊ ŋ dɔɔraa hɩɩya gɛɛ ŋ n a ku rɔ wɔɔ zɩnzɛ. Amba hɔdonno wɔɔ a hɩ m, nyɩnta k'a ʊ, an laaka da k'a nyɩ bɩ yɩrɛ dɔmɩm dɔ bɩ ma.","The shepherds were in the field, keeping watch over their flock by night. And behold, an angel of the Lord stood before them, and the glory of the Lord shone around them, and they were very afraid. But the angel said to them, “Do not be afraid, for behold, I bring you good news of great joy that will be for all the people. For unto you is born this day in the city of David a Savior, who is Christ the Lord. And this will be a sign for you: you will find the baby wrapped in swaddling cloths and lying in a manger.” And suddenly there was with the angel a multitude of the heavenly host praising God and saying, “Glory to God in the highest, and on earth peace among those with whom he is pleased!”",onesimus_5B146D14_Dec 05 output,,26.51598079024056,2.240227398371877,2.7158643940812888
Look at the birds in the sky! They don't plant or harvest. They don't even store grain in barns. Yet your Father in heaven takes care of them. Aren't you worth much more than birds?,"K'a dɩga bɛnnɔ ma: ŋ bɩr hɔ duure y, bɩ ŋ bɩr hɔ darɛ y, ŋ bɩr hɔ zarm sɩ ʊ y, b'awɔɔ Zɩ k'a nɩ arzana ʊ bɩ yɩ ŋ tʊrm! Awɔɔ n lɛ da ŋ nɩ gallɛm hɔka ra?","What are you saying? You are saying that you will not go to the farm, you will not go to the market, you will not go to the river, but you are saying that you will go to the forest to hunt! What are you saying? Are you going to steal?",onesimus_5B146D14_Dec 05 output,,20.482216028297117,2.240227398371877,2.7158643940812888
"Some Pharisees and teachers of the Law of Moses said, “Teacher, we want you to show us a sign from heaven.”","Naa kur bɩ, wosocikarɩnsaambɔɔ kan farizɛɛnrɔ kɩ a sɩŋŋɩda ba, ŋn'a hɩ Yeezuu m, ŋ ʊ: «Karɩnsaamba, wɔɔ lɛ taa k'ɩ hoser ba k'ʊ a yɩ.»","When they saw him, they were amazed and said, ""This is the Son of God!""",onesimus_5B146D14_Dec 05 output,,15.95282175153428,2.240227398371877,2.7158643940812888
Servants are fortunate if their master comes and finds them doing their job.,"Zibəənyɩ bɩ do nyɩntam mimbirenyɩntazaa, k'a lɛɛzaa b'a wusigə an bʊr har ʊ, an b'a ku an nɩ zibəə k'a ka ʊ bɩ barɛ.","The old woman went to the farm to weed, but she was tired and sat down under a tree, and she began to cry because she was hungry.",onesimus_5B146D14_Dec 05 output,,20.141140871428913,2.240227398371877,2.7158643940812888
"Others said, “Wait! Let's see if Elijah will come and save him.”","Bɩ, a muno wɔɔ y'a hɩrɛ, ŋ ʊ: «Jɩm cɩna, k'ʊ dɩga a Elii zɛm b'a bʊmbɔ gɛ?»","Jim, you are asking, ""Where did Elii go to get the money?""",onesimus_5B146D14_Dec 05 output,,13.609286375510576,2.240227398371877,2.7158643940812888
"Then when harvest season comes and the grain is ripe, the farmer cuts it with a sickle. A Mustard Seed (Matthew","Hɔyaa bɩ k'a ma bɩ, a da n nawʊm, k'a dɔmɩm a ku bɩ minto.» Mutardɩ yaa hɔbɔkʊrɛnoom (Matiyee","He said to them, ""I am going to my Father, and you will see me no more until you say, 'Blessed is he who comes in the name of the Lord.'"" (Matthew",output_eliasd,0.26735854,25.455720046056037,2.240227398371877,2.7158643940812888
"None of them will eat anything they buy in the market until it is washed. They also follow a lot of other teachings, such as washing cups, pitchers, and bowls.","Kʊ ŋ y'a to daasɩ ʊ, ŋnɩ bʊr, ŋ bɩr hɔ bɩm kʊ ŋ n dintim gʊ a ma y. Ŋ yɩnnɩbayɩrɔ vantɔɔ ta ʊ gʊta, amba hɛrɔ sʊrgɔrɛ, gərlo kan hɔbɩrɛ mɔdrɔ kɩ.","When I see you, I will be happy, because I love you very much. I will always be with you, even if you are far away, because I love you.",output_eliasd,-0.09598816,13.875705069278736,2.240227398371877,2.7158643940812888
"Jesus warned them, “Watch out! Guard against the yeast of the Pharisees and of Herod.”","Yeezuu lɛ ka ŋ ʊ, a ʊ: «K'a dundo a zi, k'a ba laatʊ farizɛɛnrɔ nyʊnyɔɔ bɩ ma, kan Hɩrɔɔdɩ hɔ bɩ kɩ ma sɔ.»","Jesus said to them, ""Truly I say to you, the tax collectors and the prostitutes are entering the kingdom of God before you.""",output_eliasd,0.54704016,24.376038485547078,2.240227398371877,2.7158643940812888
"When some other officials found out what had happened, they felt sorry for the man who had been put in jail. Then they told the king what had happened.","Zibəənyɩnɔ mɩsɩrɔ wɔɔ kʊ ŋ naa yɩ bɩ, ŋ heer a zar gʊta, ŋnɩ ta, ŋn'aa hɔ haay woo… k'a ba bɩ hɩ cir bɩ m.","The one who is called a thief stole my thing, he ran away, I don't know where he went, I'm looking for him everywhere...",output_eliasd,0.19897996,17.893704905088573,2.240227398371877,2.7158643940812888
"He shouted, “Jesus, Son of God in heaven, what do you want with me? Promise me in God's name that you won't torture me!”","an nɩ zee darɛ, a ʊ: «Yeezuu, Woso k'a lɛ da haay Nyɩ, bɔ ɩbɩɩ lɛ n taa k'ɩ ba mɔɔ nɩ? Mɔɔ y'a yɛrɛ ɩbɩɩ han Woso tɔ ma gʊta: ɩ bɩ zibʊnyaa ba mɔɔ nɩ y!»","And he said to them, ""Jesus, you are asking me to do something that is impossible. How can I give you what I don't have? I don't have the power to do that.""",output_eliasd,0.6114484,24.757025450937526,2.240227398371877,2.7158643940812888
"When Herod found out that the wise men from the east had tricked him, he was very angry. He gave orders for his men to kill all the boys who lived in or near Bethlehem and were two years old and younger. This was based on what he had learned from the wise men.","Hɩrɔɔdɩ k'a b'a dɔ a ʊ, hɔdonno wɔɔ a yamba a m bɩ, a wuti nɔmaa gandaara m. A n gʊɔɔ nyɔɔ Betelehɛm ʊ kan kʊrɔ vantɔɔ k'a a so ŋ ʊ rɔ wɔɔ kɩ ʊ, kʊ ŋ n'aa nyɩnɔ poorero yaarɔ kʊ ŋ dɔɔraa hɩɩya gɛɛ ŋ n a ku rɔ wɔɔ zɩnzɛ. Amba hɔdonno wɔɔ a hɩ m, nyɩnta k'a ʊ, an laaka da k'a nyɩ bɩ yɩrɛ dɔmɩm dɔ bɩ ma.","The old man said that he was going to the market, but he didn't know the way. He asked for directions to Bethlehem, but no one knew where it was. They said that a long time ago, there was a king who lived there, but they didn't know where he was buried. The old man said that he was going to look for him anyway, even though he didn't know where to start.",gerhardt_428C0151_output_jQjr1f,,30.05465147458817,2.240227398371877,2.7158643940812888
Look at the birds in the sky! They don't plant or harvest. They don't even store grain in barns. Yet your Father in heaven takes care of them. Aren't you worth much more than birds?,"K'a dɩga bɛnnɔ ma: ŋ bɩr hɔ duure y, bɩ ŋ bɩr hɔ darɛ y, ŋ bɩr hɔ zarm sɩ ʊ y, b'awɔɔ Zɩ k'a nɩ arzana ʊ bɩ yɩ ŋ tʊrm! Awɔɔ n lɛ da ŋ nɩ gallɛm hɔka ra?","Why are you saying that? If you say that I am a thief, if you say that I am a liar, if you say that I am a wicked person, you will see what will happen to you! What do you think you are doing?",gerhardt_428C0151_output_jQjr1f,,15.77861361969537,2.240227398371877,2.7158643940812888
"Some Pharisees and teachers of the Law of Moses said, “Teacher, we want you to show us a sign from heaven.”","Naa kur bɩ, wosocikarɩnsaambɔɔ kan farizɛɛnrɔ kɩ a sɩŋŋɩda ba, ŋn'a hɩ Yeezuu m, ŋ ʊ: «Karɩnsaamba, wɔɔ lɛ taa k'ɩ hoser ba k'ʊ a yɩ.»","When they arrived, they found the young man lying there, paralyzed. Jesus, seeing this, said to him, ""Young man, your sins are forgiven.""",gerhardt_428C0151_output_jQjr1f,,19.727169985431477,2.240227398371877,2.7158643940812888
Servants are fortunate if their master comes and finds them doing their job.,"Zibəənyɩ bɩ do nyɩntam mimbirenyɩntazaa, k'a lɛɛzaa b'a wusigə an bʊr har ʊ, an b'a ku an nɩ zibəə k'a ka ʊ bɩ barɛ.","The old woman went to the farm to harvest cassava, but she was tired and sat down under a tree, and she said that she would come back later.",gerhardt_428C0151_output_jQjr1f,,23.047209971317102,2.240227398371877,2.7158643940812888
"Others said, “Wait! Let's see if Elijah will come and save him.”","Bɩ, a muno wɔɔ y'a hɩrɛ, ŋ ʊ: «Jɩm cɩna, k'ʊ dɩga a Elii zɛm b'a bʊmbɔ gɛ?»","Jim, what are you doing? Why are you digging a hole in Eli's garden?",gerhardt_428C0151_output_jQjr1f,,12.53227684817867,2.240227398371877,2.7158643940812888
"When Herod found out that the wise men from the east had tricked him, he was very angry. He gave orders for his men to kill all the boys who lived in or near Bethlehem and were two years old and younger. This was based on what he had learned from the wise men.","Hɩrɔɔdɩ k'a b'a dɔ a ʊ, hɔdonno wɔɔ a yamba a m bɩ, a wuti nɔmaa gandaara m. A n gʊɔɔ nyɔɔ Betelehɛm ʊ kan kʊrɔ vantɔɔ k'a a so ŋ ʊ rɔ wɔɔ kɩ ʊ, kʊ ŋ n'aa nyɩnɔ poorero yaarɔ kʊ ŋ dɔɔraa hɩɩya gɛɛ ŋ n a ku rɔ wɔɔ zɩnzɛ. Amba hɔdonno wɔɔ a hɩ m, nyɩnta k'a ʊ, an laaka da k'a nyɩ bɩ yɩrɛ dɔmɩm dɔ bɩ ma.","The shepherd was watching his sheep at night, when an angel appeared to him, saying, ""Do not be afraid, for I bring you good news of great joy which will be to all people. For unto you is born this day in the city of David a Savior, who is Christ the Lord. And this will be the sign to you: You will find the baby wrapped in swaddling clothes and lying in a manger."" And suddenly there was with the angel a multitude of the heavenly host praising God, and saying, ""Glory to God in the highest, and on earth peace, good will toward men.""",gerhardt_E4DFEBFE_output_T8d1lo,,25.6184689164706,2.240227398371877,2.7158643940812888
Look at the birds in the sky! They don't plant or harvest. They don't even store grain in barns. Yet your Father in heaven takes care of them. Aren't you worth much more than birds?,"K'a dɩga bɛnnɔ ma: ŋ bɩr hɔ duure y, bɩ ŋ bɩr hɔ darɛ y, ŋ bɩr hɔ zarm sɩ ʊ y, b'awɔɔ Zɩ k'a nɩ arzana ʊ bɩ yɩ ŋ tʊrm! Awɔɔ n lɛ da ŋ nɩ gallɛm hɔka ra?","Why are you saying this? Is it because of the food, is it because of the drink, is it because of the clothes, or is it because of the money? You are saying that you will not help me, but what will you do with the money?",gerhardt_E4DFEBFE_output_T8d1lo,,21.008234467485956,2.240227398371877,2.7158643940812888
"Some Pharisees and teachers of the Law of Moses said, “Teacher, we want you to show us a sign from heaven.”","Naa kur bɩ, wosocikarɩnsaambɔɔ kan farizɛɛnrɔ kɩ a sɩŋŋɩda ba, ŋn'a hɩ Yeezuu m, ŋ ʊ: «Karɩnsaamba, wɔɔ lɛ taa k'ɩ hoser ba k'ʊ a yɩ.»","When they arrived, the disciples found that Jesus had already eaten, and they said to him, ""Teacher, why have you eaten alone?""",gerhardt_E4DFEBFE_output_T8d1lo,,24.681423168120602,2.240227398371877,2.7158643940812888
Servants are fortunate if their master comes and finds them doing their job.,"Zibəənyɩ bɩ do nyɩntam mimbirenyɩntazaa, k'a lɛɛzaa b'a wusigə an bʊr har ʊ, an b'a ku an nɩ zibəə k'a ka ʊ bɩ barɛ.","The old woman went to the farm to weed, but she found a snake in the bush, and it bit her, and she died.",gerhardt_E4DFEBFE_output_T8d1lo,,20.662725076835784,2.240227398371877,2.7158643940812888
"Others said, “Wait! Let's see if Elijah will come and save him.”","Bɩ, a muno wɔɔ y'a hɩrɛ, ŋ ʊ: «Jɩm cɩna, k'ʊ dɩga a Elii zɛm b'a bʊmbɔ gɛ?»","Jim, I heard that you are the one who killed Elii's son.",gerhardt_E4DFEBFE_output_T8d1lo,,16.011748489829206,2.240227398371877,2.7158643940812888
"When Herod found out that the wise men from the east had tricked him, he was very angry. He gave orders for his men to kill all the boys who lived in or near Bethlehem and were two years old and younger. This was based on what he had learned from the wise men.","Hɩrɔɔdɩ k'a b'a dɔ a ʊ, hɔdonno wɔɔ a yamba a m bɩ, a wuti nɔmaa gandaara m. A n gʊɔɔ nyɔɔ Betelehɛm ʊ kan kʊrɔ vantɔɔ k'a a so ŋ ʊ rɔ wɔɔ kɩ ʊ, kʊ ŋ n'aa nyɩnɔ poorero yaarɔ kʊ ŋ dɔɔraa hɩɩya gɛɛ ŋ n a ku rɔ wɔɔ zɩnzɛ. Amba hɔdonno wɔɔ a hɩ m, nyɩnta k'a ʊ, an laaka da k'a nyɩ bɩ yɩrɛ dɔmɩm dɔ bɩ ma.","The shepherd said, ""Let us go to Bethlehem and see this thing that has happened, which the Lord has made known to us."" And they went with haste and found Mary and Joseph, and the baby lying in a manger. And when they had seen it, they made known the saying which was told them concerning this child.",onesimus_4838858E_Jan output 1 ,,27.76802644287184,2.240227398371877,2.7158643940812888
Look at the birds in the sky! They don't plant or harvest. They don't even store grain in barns. Yet your Father in heaven takes care of them. Aren't you worth much more than birds?,"K'a dɩga bɛnnɔ ma: ŋ bɩr hɔ duure y, bɩ ŋ bɩr hɔ darɛ y, ŋ bɩr hɔ zarm sɩ ʊ y, b'awɔɔ Zɩ k'a nɩ arzana ʊ bɩ yɩ ŋ tʊrm! Awɔɔ n lɛ da ŋ nɩ gallɛm hɔka ra?","What is this thing you are saying? Is it good to be a thief? Is it good to be a liar? Is it good to be a murderer? You say you are strong, but you are a coward! Where is your strength when you are afraid?",onesimus_4838858E_Jan output 1 ,,18.458243080774245,2.240227398371877,2.7158643940812888
"Some Pharisees and teachers of the Law of Moses said, “Teacher, we want you to show us a sign from heaven.”","Naa kur bɩ, wosocikarɩnsaambɔɔ kan farizɛɛnrɔ kɩ a sɩŋŋɩda ba, ŋn'a hɩ Yeezuu m, ŋ ʊ: «Karɩnsaamba, wɔɔ lɛ taa k'ɩ hoser ba k'ʊ a yɩ.»","When he saw them, he said to the one who had the bag of money, ""Give him the money.""",onesimus_4838858E_Jan output 1 ,,15.77720719970959,2.240227398371877,2.7158643940812888
Servants are fortunate if their master comes and finds them doing their job.,"Zibəənyɩ bɩ do nyɩntam mimbirenyɩntazaa, k'a lɛɛzaa b'a wusigə an bʊr har ʊ, an b'a ku an nɩ zibəə k'a ka ʊ bɩ barɛ.","The old woman went to the farm to weed, but she was tired and sat down under a tree, and she said she would go home because she was tired.",onesimus_4838858E_Jan output 1 ,,21.138356476213044,2.240227398371877,2.7158643940812888
"Others said, “Wait! Let's see if Elijah will come and save him.”","Bɩ, a muno wɔɔ y'a hɩrɛ, ŋ ʊ: «Jɩm cɩna, k'ʊ dɩga a Elii zɛm b'a bʊmbɔ gɛ?»","Jim, are you the one who told Elii that I was going to beat him up?",onesimus_4838858E_Jan output 1 ,,13.343608188122493,2.240227398371877,2.7158643940812888
"When Herod found out that the wise men from the east had tricked him, he was very angry. He gave orders for his men to kill all the boys who lived in or near Bethlehem and were two years old and younger. This was based on what he had learned from the wise men.","Hɩrɔɔdɩ k'a b'a dɔ a ʊ, hɔdonno wɔɔ a yamba a m bɩ, a wuti nɔmaa gandaara m. A n gʊɔɔ nyɔɔ Betelehɛm ʊ kan kʊrɔ vantɔɔ k'a a so ŋ ʊ rɔ wɔɔ kɩ ʊ, kʊ ŋ n'aa nyɩnɔ poorero yaarɔ kʊ ŋ dɔɔraa hɩɩya gɛɛ ŋ n a ku rɔ wɔɔ zɩnzɛ. Amba hɔdonno wɔɔ a hɩ m, nyɩnta k'a ʊ, an laaka da k'a nyɩ bɩ yɩrɛ dɔmɩm dɔ bɩ ma.","The old man said to his son, ""Go to the market and buy me some yams. When you get there, look for a woman selling yams and ask her to give you the best ones. If she doesn't want to give you the best ones, don't argue with her, just come back home."" The son went to the market, and he found a woman selling yams. He asked her to give him the best ones, but she refused. He didn't argue with her, he just came back home.",gerhardt_2F3FAF10_output (1),,26.314181152790383,2.240227398371877,2.7158643940812888
Look at the birds in the sky! They don't plant or harvest. They don't even store grain in barns. Yet your Father in heaven takes care of them. Aren't you worth much more than birds?,"K'a dɩga bɛnnɔ ma: ŋ bɩr hɔ duure y, bɩ ŋ bɩr hɔ darɛ y, ŋ bɩr hɔ zarm sɩ ʊ y, b'awɔɔ Zɩ k'a nɩ arzana ʊ bɩ yɩ ŋ tʊrm! Awɔɔ n lɛ da ŋ nɩ gallɛm hɔka ra?","What are you saying? You are saying that you are going to the farm, you are saying that you are going to the market, you are saying that you are going to the river, but you are not going to the school! What are you doing? Don't you know that you should go to school?",gerhardt_2F3FAF10_output (1),,22.27855414073986,2.240227398371877,2.7158643940812888
"Some Pharisees and teachers of the Law of Moses said, “Teacher, we want you to show us a sign from heaven.”","Naa kur bɩ, wosocikarɩnsaambɔɔ kan farizɛɛnrɔ kɩ a sɩŋŋɩda ba, ŋn'a hɩ Yeezuu m, ŋ ʊ: «Karɩnsaamba, wɔɔ lɛ taa k'ɩ hoser ba k'ʊ a yɩ.»","When the Lord saw that the Pharisees were trying to trap him, he said to them, ""You hypocrites! You are like whitewashed tombs, which outwardly appear beautiful, but within are full of dead men's bones and all uncleanness.",gerhardt_2F3FAF10_output (1),,26.8353440918757,2.240227398371877,2.7158643940812888
Servants are fortunate if their master comes and finds them doing their job.,"Zibəənyɩ bɩ do nyɩntam mimbirenyɩntazaa, k'a lɛɛzaa b'a wusigə an bʊr har ʊ, an b'a ku an nɩ zibəə k'a ka ʊ bɩ barɛ.","The old woman went to the farm to weed, but she was tired and sat down under a tree, and she said that she was going home.",gerhardt_2F3FAF10_output (1),,22.665669185341972,2.240227398371877,2.7158643940812888
"Others said, “Wait! Let's see if Elijah will come and save him.”","Bɩ, a muno wɔɔ y'a hɩrɛ, ŋ ʊ: «Jɩm cɩna, k'ʊ dɩga a Elii zɛm b'a bʊmbɔ gɛ?»","Jim, are you the one who told Eli that I was going to beat him up?",gerhardt_2F3FAF10_output (1),,13.07782549445416,2.240227398371877,2.7158643940812888
"When Herod found out that the wise men from the east had tricked him, he was very angry. He gave orders for his men to kill all the boys who lived in or near Bethlehem and were two years old and younger. This was based on what he had learned from the wise men.","Hɩrɔɔdɩ k'a b'a dɔ a ʊ, hɔdonno wɔɔ a yamba a m bɩ, a wuti nɔmaa gandaara m. A n gʊɔɔ nyɔɔ Betelehɛm ʊ kan kʊrɔ vantɔɔ k'a a so ŋ ʊ rɔ wɔɔ kɩ ʊ, kʊ ŋ n'aa nyɩnɔ poorero yaarɔ kʊ ŋ dɔɔraa hɩɩya gɛɛ ŋ n a ku rɔ wɔɔ zɩnzɛ. Amba hɔdonno wɔɔ a hɩ m, nyɩnta k'a ʊ, an laaka da k'a nyɩ bɩ yɩrɛ dɔmɩm dɔ bɩ ma.","The shepherd was watching his sheep at night, when an angel appeared to him and said, ""Don't be afraid, for I bring you good news of great joy that will be for all people. Today in the town of Bethlehem, a Savior has been born to you; he is the Messiah, the Lord. This will be a sign to you: You will find a baby wrapped in cloths and lying in a manger."" After the angel had left them, the shepherds said to each other, ""Let's go to Bethlehem and see this thing that has happened, which the Lord has told us about.""",onesimus_778C5456_Dec 06 output,,29.185319895192997,2.240227398371877,2.7158643940812888
Look at the birds in the sky! They don't plant or harvest. They don't even store grain in barns. Yet your Father in heaven takes care of them. Aren't you worth much more than birds?,"K'a dɩga bɛnnɔ ma: ŋ bɩr hɔ duure y, bɩ ŋ bɩr hɔ darɛ y, ŋ bɩr hɔ zarm sɩ ʊ y, b'awɔɔ Zɩ k'a nɩ arzana ʊ bɩ yɩ ŋ tʊrm! Awɔɔ n lɛ da ŋ nɩ gallɛm hɔka ra?","What is this thing you are saying? Is it a good thing, is it a bad thing, is it a dangerous thing? You say you have a secret, tell me what it is!",onesimus_778C5456_Dec 06 output,,14.897364984511569,2.240227398371877,2.7158643940812888
"Some Pharisees and teachers of the Law of Moses said, “Teacher, we want you to show us a sign from heaven.”","Naa kur bɩ, wosocikarɩnsaambɔɔ kan farizɛɛnrɔ kɩ a sɩŋŋɩda ba, ŋn'a hɩ Yeezuu m, ŋ ʊ: «Karɩnsaamba, wɔɔ lɛ taa k'ɩ hoser ba k'ʊ a yɩ.»","When they arrived, they found the young man lying there, paralyzed. Jesus, seeing this, said to him, ""Young man, your sins are forgiven.""",onesimus_778C5456_Dec 06 output,,19.727169985431477,2.240227398371877,2.7158643940812888
Servants are fortunate if their master comes and finds them doing their job.,"Zibəənyɩ bɩ do nyɩntam mimbirenyɩntazaa, k'a lɛɛzaa b'a wusigə an bʊr har ʊ, an b'a ku an nɩ zibəə k'a ka ʊ bɩ barɛ.","The old woman went to the farm to weed, but she was tired, so she sat down under a tree to rest.",onesimus_778C5456_Dec 06 output,,19.757532115911207,2.240227398371877,2.7158643940812888
"Others said, “Wait! Let's see if Elijah will come and save him.”","Bɩ, a muno wɔɔ y'a hɩrɛ, ŋ ʊ: «Jɩm cɩna, k'ʊ dɩga a Elii zɛm b'a bʊmbɔ gɛ?»","Father, I want to ask you: ""Jim, where did you put the money Elii gave you?""",onesimus_778C5456_Dec 06 output,,14.773146667124557,2.240227398371877,2.7158643940812888
"When Herod found out that the wise men from the east had tricked him, he was very angry. He gave orders for his men to kill all the boys who lived in or near Bethlehem and were two years old and younger. This was based on what he had learned from the wise men.","Hɩrɔɔdɩ k'a b'a dɔ a ʊ, hɔdonno wɔɔ a yamba a m bɩ, a wuti nɔmaa gandaara m. A n gʊɔɔ nyɔɔ Betelehɛm ʊ kan kʊrɔ vantɔɔ k'a a so ŋ ʊ rɔ wɔɔ kɩ ʊ, kʊ ŋ n'aa nyɩnɔ poorero yaarɔ kʊ ŋ dɔɔraa hɩɩya gɛɛ ŋ n a ku rɔ wɔɔ zɩnzɛ. Amba hɔdonno wɔɔ a hɩ m, nyɩnta k'a ʊ, an laaka da k'a nyɩ bɩ yɩrɛ dɔmɩm dɔ bɩ ma.","The shepherd was watching his sheep at night, when an angel appeared to him and said, ""Do not be afraid, for I bring you good news of great joy that will be for all people. Today in the town of Bethlehem, a Savior has been born to you; he is Christ the Lord. This will be a sign to you: You will find a baby wrapped in cloths and lying in a manger."" After the angel left them, the shepherds said to each other, ""Let's go to Bethlehem and see this thing that has happened, which the Lord has told us about.""",gerhardt_E3C23636_output_AHjhdB,,29.03358405498325,2.240227398371877,2.7158643940812888
Look at the birds in the sky! They don't plant or harvest. They don't even store grain in barns. Yet your Father in heaven takes care of them. Aren't you worth much more than birds?,"K'a dɩga bɛnnɔ ma: ŋ bɩr hɔ duure y, bɩ ŋ bɩr hɔ darɛ y, ŋ bɩr hɔ zarm sɩ ʊ y, b'awɔɔ Zɩ k'a nɩ arzana ʊ bɩ yɩ ŋ tʊrm! Awɔɔ n lɛ da ŋ nɩ gallɛm hɔka ra?","What are you saying? You say you are strong, you say you are brave, you say you are a warrior, but you are afraid of a little girl! What kind of man are you?",gerhardt_E3C23636_output_AHjhdB,,15.729993172742784,2.240227398371877,2.7158643940812888
"Some Pharisees and teachers of the Law of Moses said, “Teacher, we want you to show us a sign from heaven.”","Naa kur bɩ, wosocikarɩnsaambɔɔ kan farizɛɛnrɔ kɩ a sɩŋŋɩda ba, ŋn'a hɩ Yeezuu m, ŋ ʊ: «Karɩnsaamba, wɔɔ lɛ taa k'ɩ hoser ba k'ʊ a yɩ.»","When they were there, the disciples asked him, ""Teacher, who is the greatest in the kingdom of heaven?""",gerhardt_E3C23636_output_AHjhdB,,24.319845078000483,2.240227398371877,2.7158643940812888
Servants are fortunate if their master comes and finds them doing their job.,"Zibəənyɩ bɩ do nyɩntam mimbirenyɩntazaa, k'a lɛɛzaa b'a wusigə an bʊr har ʊ, an b'a ku an nɩ zibəə k'a ka ʊ bɩ barɛ.","The woman who is going to give birth is in labor pains, she is crying out, and her husband is comforting her.",gerhardt_E3C23636_output_AHjhdB,,21.26393339597771,2.240227398371877,2.7158643940812888
"Others said, “Wait! Let's see if Elijah will come and save him.”","Bɩ, a muno wɔɔ y'a hɩrɛ, ŋ ʊ: «Jɩm cɩna, k'ʊ dɩga a Elii zɛm b'a bʊmbɔ gɛ?»","Jim, you are asking me about Elii's son, isn't that right?",gerhardt_E3C23636_output_AHjhdB,,13.229766811926858,2.240227398371877,2.7158643940812888
"When Herod found out that the wise men from the east had tricked him, he was very angry. He gave orders for his men to kill all the boys who lived in or near Bethlehem and were two years old and younger. This was based on what he had learned from the wise men.","Hɩrɔɔdɩ k'a b'a dɔ a ʊ, hɔdonno wɔɔ a yamba a m bɩ, a wuti nɔmaa gandaara m. A n gʊɔɔ nyɔɔ Betelehɛm ʊ kan kʊrɔ vantɔɔ k'a a so ŋ ʊ rɔ wɔɔ kɩ ʊ, kʊ ŋ n'aa nyɩnɔ poorero yaarɔ kʊ ŋ dɔɔraa hɩɩya gɛɛ ŋ n a ku rɔ wɔɔ zɩnzɛ. Amba hɔdonno wɔɔ a hɩ m, nyɩnta k'a ʊ, an laaka da k'a nyɩ bɩ yɩrɛ dɔmɩm dɔ bɩ ma.","The shepherds were in the field, keeping watch over their flock by night. And behold, an angel of the Lord stood before them, and the glory of the Lord shone around them, and they were very afraid. But the angel said to them, “Do not be afraid, for behold, I bring you good news of great joy that will be for all the people. For unto you is born this day in the city of David a Savior, who is Christ the Lord. And this will be a sign for you: you will find the baby wrapped in swaddling cloths and lying in a manger.” And suddenly there was with the angel a multitude of the heavenly host praising God, and saying, “Glory to God in the highest, and on earth peace, goodwill toward men!”",Dec 12 output,,26.040468699582092,2.240227398371877,2.7158643940812888
Look at the birds in the sky! They don't plant or harvest. They don't even store grain in barns. Yet your Father in heaven takes care of them. Aren't you worth much more than birds?,"K'a dɩga bɛnnɔ ma: ŋ bɩr hɔ duure y, bɩ ŋ bɩr hɔ darɛ y, ŋ bɩr hɔ zarm sɩ ʊ y, b'awɔɔ Zɩ k'a nɩ arzana ʊ bɩ yɩ ŋ tʊrm! Awɔɔ n lɛ da ŋ nɩ gallɛm hɔka ra?",Why are you saying this? Is it because you are jealous of me? Is it because you are envious of my success? Is it because you are angry with me? You are just jealous because I am doing well! What do you want from me?,Dec 12 output,,15.847497062833055,2.240227398371877,2.7158643940812888
"Some Pharisees and teachers of the Law of Moses said, “Teacher, we want you to show us a sign from heaven.”","Naa kur bɩ, wosocikarɩnsaambɔɔ kan farizɛɛnrɔ kɩ a sɩŋŋɩda ba, ŋn'a hɩ Yeezuu m, ŋ ʊ: «Karɩnsaamba, wɔɔ lɛ taa k'ɩ hoser ba k'ʊ a yɩ.»","When he saw them, he said to the disciples, ""This is a good place for us to spend the night.""",Dec 12 output,,17.073122064697056,2.240227398371877,2.7158643940812888
Servants are fortunate if their master comes and finds them doing their job.,"Zibəənyɩ bɩ do nyɩntam mimbirenyɩntazaa, k'a lɛɛzaa b'a wusigə an bʊr har ʊ, an b'a ku an nɩ zibəə k'a ka ʊ bɩ barɛ.","The old woman went to the farm to weed, but she was tired and sat down under a tree, and she said she would not weed anymore.",Dec 12 output,,20.315758208748125,2.240227398371877,2.7158643940812888
"Others said, “Wait! Let's see if Elijah will come and save him.”","Bɩ, a muno wɔɔ y'a hɩrɛ, ŋ ʊ: «Jɩm cɩna, k'ʊ dɩga a Elii zɛm b'a bʊmbɔ gɛ?»","Jim, are you the one who stole Elii's goat?",Dec 12 output,,11.54132782460568,2.240227398371877,2.7158643940812888
"When Herod found out that the wise men from the east had tricked him, he was very angry. He gave orders for his men to kill all the boys who lived in or near Bethlehem and were two years old and younger. This was based on what he had learned from the wise men.","Hɩrɔɔdɩ k'a b'a dɔ a ʊ, hɔdonno wɔɔ a yamba a m bɩ, a wuti nɔmaa gandaara m. A n gʊɔɔ nyɔɔ Betelehɛm ʊ kan kʊrɔ vantɔɔ k'a a so ŋ ʊ rɔ wɔɔ kɩ ʊ, kʊ ŋ n'aa nyɩnɔ poorero yaarɔ kʊ ŋ dɔɔraa hɩɩya gɛɛ ŋ n a ku rɔ wɔɔ zɩnzɛ. Amba hɔdonno wɔɔ a hɩ m, nyɩnta k'a ʊ, an laaka da k'a nyɩ bɩ yɩrɛ dɔmɩm dɔ bɩ ma.","The wise men saw a star in the east, and they followed it until it stopped over the place where the child was. When they saw the star, they were overjoyed. They entered the house and saw the child with his mother Mary, and they fell down and worshipped him. Then they opened their treasures and presented him with gifts of gold, frankincense and myrrh.",onesimus_CF2838B3_Dec 03 output,,28.631002408848072,2.240227398371877,2.7158643940812888
Look at the birds in the sky! They don't plant or harvest. They don't even store grain in barns. Yet your Father in heaven takes care of them. Aren't you worth much more than birds?,"K'a dɩga bɛnnɔ ma: ŋ bɩr hɔ duure y, bɩ ŋ bɩr hɔ darɛ y, ŋ bɩr hɔ zarm sɩ ʊ y, b'awɔɔ Zɩ k'a nɩ arzana ʊ bɩ yɩ ŋ tʊrm! Awɔɔ n lɛ da ŋ nɩ gallɛm hɔka ra?","What are you saying? You are saying that you are going to eat, you are saying that you are going to drink, you are saying that you are going to sleep, but you are not going to work! What is wrong with you? Don't you know that you have to work?",onesimus_CF2838B3_Dec 03 output,,19.597528336562263,2.240227398371877,2.7158643940812888
"Some Pharisees and teachers of the Law of Moses said, “Teacher, we want you to show us a sign from heaven.”","Naa kur bɩ, wosocikarɩnsaambɔɔ kan farizɛɛnrɔ kɩ a sɩŋŋɩda ba, ŋn'a hɩ Yeezuu m, ŋ ʊ: «Karɩnsaamba, wɔɔ lɛ taa k'ɩ hoser ba k'ʊ a yɩ.»","When he saw them, he said to the one who had been healed, ""Take your mat and go home.""",onesimus_CF2838B3_Dec 03 output,,18.542264772012174,2.240227398371877,2.7158643940812888
Servants are fortunate if their master comes and finds them doing their job.,"Zibəənyɩ bɩ do nyɩntam mimbirenyɩntazaa, k'a lɛɛzaa b'a wusigə an bʊr har ʊ, an b'a ku an nɩ zibəə k'a ka ʊ bɩ barɛ.","The old woman went to the farm to weed, but she was tired and sat down under a tree, and she said, ""I am tired, I will rest here.""",onesimus_CF2838B3_Dec 03 output,,22.272881229610206,2.240227398371877,2.7158643940812888
"Others said, “Wait! Let's see if Elijah will come and save him.”","Bɩ, a muno wɔɔ y'a hɩrɛ, ŋ ʊ: «Jɩm cɩna, k'ʊ dɩga a Elii zɛm b'a bʊmbɔ gɛ?»","Jim, where are you going? Don't you know that Elii is looking for you?",onesimus_CF2838B3_Dec 03 output,,11.527199370366574,2.240227398371877,2.7158643940812888
"When Herod found out that the wise men from the east had tricked him, he was very angry. He gave orders for his men to kill all the boys who lived in or near Bethlehem and were two years old and younger. This was based on what he had learned from the wise men.","Hɩrɔɔdɩ k'a b'a dɔ a ʊ, hɔdonno wɔɔ a yamba a m bɩ, a wuti nɔmaa gandaara m. A n gʊɔɔ nyɔɔ Betelehɛm ʊ kan kʊrɔ vantɔɔ k'a a so ŋ ʊ rɔ wɔɔ kɩ ʊ, kʊ ŋ n'aa nyɩnɔ poorero yaarɔ kʊ ŋ dɔɔraa hɩɩya gɛɛ ŋ n a ku rɔ wɔɔ zɩnzɛ. Amba hɔdonno wɔɔ a hɩ m, nyɩnta k'a ʊ, an laaka da k'a nyɩ bɩ yɩrɛ dɔmɩm dɔ bɩ ma.","The shepherd was watching his sheep at night, when an angel appeared to him and said, ""Don't be afraid, for I bring you good news of great joy that will be for all the people. Today in the town of Bethlehem, a Savior has been born to you; he is the Messiah, the Lord. This will be a sign to you: You will find a baby wrapped in cloths and lying in a manger."" And suddenly there was with the angel a multitude of the heavenly host praising God, and saying, ""Glory to God in the highest, and on earth peace, good will toward men.""",john_BA3F5F9A_output (3),,28.523711727265283,2.240227398371877,2.7158643940812888
Look at the birds in the sky! They don't plant or harvest. They don't even store grain in barns. Yet your Father in heaven takes care of them. Aren't you worth much more than birds?,"K'a dɩga bɛnnɔ ma: ŋ bɩr hɔ duure y, bɩ ŋ bɩr hɔ darɛ y, ŋ bɩr hɔ zarm sɩ ʊ y, b'awɔɔ Zɩ k'a nɩ arzana ʊ bɩ yɩ ŋ tʊrm! Awɔɔ n lɛ da ŋ nɩ gallɛm hɔka ra?","What are you saying? You are saying that you will not do anything, you will not do anything, you will not do anything, but you are saying that you will go and steal my things! Are you crazy? What are you thinking?",john_BA3F5F9A_output (3),,17.487445435775236,2.240227398371877,2.7158643940812888
"Some Pharisees and teachers of the Law of Moses said, “Teacher, we want you to show us a sign from heaven.”","Naa kur bɩ, wosocikarɩnsaambɔɔ kan farizɛɛnrɔ kɩ a sɩŋŋɩda ba, ŋn'a hɩ Yeezuu m, ŋ ʊ: «Karɩnsaamba, wɔɔ lɛ taa k'ɩ hoser ba k'ʊ a yɩ.»","When the crowd saw him, they all said, ""This is the prophet who is to come into the world.""",john_BA3F5F9A_output (3),,17.126268031365928,2.240227398371877,2.7158643940812888
Servants are fortunate if their master comes and finds them doing their job.,"Zibəənyɩ bɩ do nyɩntam mimbirenyɩntazaa, k'a lɛɛzaa b'a wusigə an bʊr har ʊ, an b'a ku an nɩ zibəə k'a ka ʊ bɩ barɛ.","The young man went to the farm to work, but he was tired and sat down under a tree, and he said he was going home because he was tired.",john_BA3F5F9A_output (3),,23.659189351319128,2.240227398371877,2.7158643940812888
"Others said, “Wait! Let's see if Elijah will come and save him.”","Bɩ, a muno wɔɔ y'a hɩrɛ, ŋ ʊ: «Jɩm cɩna, k'ʊ dɩga a Elii zɛm b'a bʊmbɔ gɛ?»","Jim, I heard that you are the one who killed Elii's son.",john_BA3F5F9A_output (3),,16.011748489829206,2.240227398371877,2.7158643940812888
