ref,text,translated,source_zip_file,chrf_sentence,corpus_bleu,corpus_chrf
"Then after her baby is born, name him Jesus, because he will save his people from their sins.”","a nyɩ yɩm yar, k'ɩ tɔ ka Yeezuu, bala, a m n'a do bɩ bʊmbɔrɛ a mimbʊnyaarɔ nɔ ʊ.»","If you believe, and you come to Jesus, then, He will give you the blessings you are seeking from Him.",output_proprietary_batch1,22.886994824246116,14.588150420450406,4.414125200642055
"When Herod found out that the wise men from the east had tricked him, he was very angry. He gave orders for his men to kill all the boys who lived in or near Bethlehem and were two years old and younger. This was based on what he had learned from the wise men.","Hɩrɔɔdɩ k'a b'a dɔ a ʊ, hɔdonno wɔɔ a yamba a m bɩ, a wuti nɔmaa gandaara m. A n gʊɔɔ nyɔɔ Betelehɛm ʊ kan kʊrɔ vantɔɔ k'a a so ŋ ʊ rɔ wɔɔ kɩ ʊ, kʊ ŋ n'aa nyɩnɔ poorero yaarɔ kʊ ŋ dɔɔraa hɩɩya gɛɛ ŋ n a ku rɔ wɔɔ zɩnzɛ. Amba hɔdonno wɔɔ a hɩ m, nyɩnta k'a ʊ, an laaka da k'a nyɩ bɩ yɩrɛ dɔmɩm dɔ bɩ ma.","Herod wanted to kill him, but God warned him in a dream, so he left for another country. He did not return to Bethlehem until Herod died, so that what God had said through the prophet would be fulfilled. After Herod died, an angel told Joseph in a dream to return to his country with the child and his mother.",output_proprietary_batch1,29.581046071388293,14.588150420450406,4.414125200642055
"“In Ramah a voice was heard crying and weeping loudly. Rachel was mourning for her children, and she refused to be comforted, because they were dead.” The Return from Egypt","N zeedarɛ ma Ramaa ʊ, nyikəre kan heerzarlɛ gʊta kɩ: Rasɛl nɩ nyi karɛ a nyɩnɔ minto, a lɛ baa kʊ n n'a wɔ zɩnzɛ a nɩ y, nyɩnɔ wɔɔ kʊ ŋ gɩnga bɩ tɔ ma. Zozɛf bɔ Eziptɩ ʊ","When I asked Rama, he answered me like this: Rachel and her children are not here now, she has gone to visit her mother, her children have also gone to the farm with her. Joseph is in Egypt.",output_proprietary_batch1,27.09136523233339,14.588150420450406,4.414125200642055
Joseph got up and left with them for Israel.,"Zozɛf n wuti, an nyɩ bɩ kan a da bɩ kɩ gaa, an ta Israyɛl ʊ.","Joseph got up, took the child and his mother by night, and went to Israel.",output_proprietary_batch1,43.522642697214174,14.588150420450406,4.414125200642055
"and they went to live there in the town of Nazareth. So the Lord's promise came true, just as the prophet had said, “He will be called a Nazarene.”","A n aa nyɩnta kʊ kʊ n n'a hɩm ma Nazarɛtɩ ʊ b'ʊ, k'an bɩr yɩrɛ ɩ ʊ hɔ kʊ wosolɛsinnɩsorazannɔ wɔɔ a hɩ bɩ n kʊ yɩ, ŋ ʊ: N y'a birm Nazarɛtɩ gʊaa.","He grew up in Nazareth, and when he was there, people asked him, ""Are you not from Nazareth?""",output_proprietary_batch1,22.568964102948478,14.588150420450406,4.414125200642055
"So Jesus was baptized. And as soon as he came out of the water, the sky opened, and he saw the Spirit of God coming down on him like a dove.","Yeezuu k'a batɛm bɩ si bɩ, a bɔ hi b'ʊ. A m bɩ, brama n a gʊ, an Woso Ɛspri yɩ an nɩ zerle, am cirpʊʊrɛ hɔ bɩ m an bɩ zer la.","Jesus said to them, ""Receive the Holy Spirit. If you forgive anyone's sins, they are forgiven; if you do not forgive them, they are not forgiven.""",output_proprietary_batch1,20.47352840357467,14.588150420450406,4.414125200642055
"When Jesus heard that John had been put in prison, he went to Galilee.","Yeezuu k'a a ma, n ʊ, n Zaan du lɔnnɔcɛ ʊ bɩ, a a hʊr, an ta Galilee ʊ.","After that, he and his mother and his brothers and his disciples went down to Capernaum, and they stayed there for a few days.",output_proprietary_batch1,19.530309796027566,14.588150420450406,4.414125200642055
"But I tell you not to swear by anything when you make a promise! Heaven is God's throne, so don't swear by heaven.","Bɩ mɔɔ y'a hɩrɛ awɔɔ m, a b'a wer si fɩɩga y: A b'a wer si brama tɔ nɩ y, bala, Woso cirbəəduu m bɩ.","If you want to help me, you should come early: You should come before the sun rises, please, I am begging you.",output_proprietary_batch1,17.209626507081598,14.588150420450406,4.414125200642055
I promise you will not get out until you have paid the last cent you owe. Marriage,"Sɩra mɔɔ n'a hɩrɛ ɩbɩɩ m: Ɩbɩɩ bɩ bɔm b'ʊ k'ɩbɩɩ n ɩ zɩm bɩ ka haay y, bɩ tanka deem taan… bɩ gɔɔtarɛ y.» Jaandarɛ mim","The children said to him: ""We will go with you if you promise us that you will not leave us on the way, you will give us food... you will protect us."" The story ends.",output_proprietary_batch1,31.659381337858765,14.588150420450406,4.414125200642055
You have been taught that a man who divorces his wife must write out divorce papers for her.,"«N y'a ya, n n a hɩ sɔ, n ʊ: ‹Kʊ gʊaa la a lʊ ra k'an wɔsaalʊmaci ka ʊ.›","So I went and told him, ""Go home and rest for a while.""",output_proprietary_batch1,11.734408599129411,14.588150420450406,4.414125200642055
But I tell you to love your enemies and pray for anyone who mistreats you.,"Bɩ mɔɔ y'a hɩrɛ awɔɔ m: K'a a jɩnnɔ ŋʊa, k'a yaa da Woso m gʊɔɔ kʊ ŋ nɩ fɩr karɛ awɔɔ ma rɔ wɔɔ tɔ ma.","If you want to help me: Come and sit here, let's go to Woso so that we can buy some things for my mother at the market.",output_proprietary_batch1,17.848271594663277,14.588150420450406,4.414125200642055
"When you do good deeds, don't try to show off. If you do, you won't get a reward from your Father in heaven.","«A b'a ka k'a a zibəəro mɩŋŋɔɔ ba, kʊ gʊɔɔ n dɩga a ma y. K'awɔɔ ŋ ba kʊ ŋ nɩ dɩga a ma, awɔɔ bɩ ganwʊrɛ yɩm awɔɔ Zɩ k'a nɩ arzana ʊ bɩ zi y.","If someone tells you something, and you don't understand it, ask them to explain it to you. If you don't ask them to explain it to you, you will remain ignorant and you will not gain knowledge.",output_proprietary_batch1,26.38070116924055,14.588150420450406,4.414125200642055
"When you give to the poor, don't let anyone know about it.","B'ɩbɩɩ, k'ɩ ɩ gan wʊrɛ, k'ɩ jɩsa wɔ bɩ bɩ hɔ k'ɩ bɩsɩ wɔ n'a bam bɩ dɔ y.","First, if you see a problem, you should tell us so that we can help you solve it.",output_proprietary_batch1,17.317129274752983,14.588150420450406,4.414125200642055
"You should pray like this: Our Father in heaven, help us to honor your name.","«K'awɔɔ k'a yaa da, k'a da ncɩnaaʊ: Wɔɔ Zɩ k'a nɩ arzana ʊ, k'ɩ tɔ n lɛbɔʊrɛ yɩ,","If you don't go today, you won't get anything: When you go with others, you will also get your share.",output_proprietary_batch1,19.585684421761997,14.588150420450406,4.414125200642055
"Instead, comb your hair and wash your face.","K'ɩbɩɩ y'ɩ lɛ kʊsɩrɛ, k'ɩ hi da ɩ meer ʊ, ɩ tidəər zɛ ɩ mim ma,","If you go to the market, buy some salt for me, I need it at home.",output_proprietary_batch1,14.685017313533416,14.588150420450406,4.414125200642055
"Then others won't know you are going without eating. But your Father sees what is done in private, and he will reward you. Treasures in Heaven (Luke","kʊ gʊɔɔ b'a dɔ, ŋ ʊ, ɩ lɛ ɩ kʊsɩ y. Bɩ, k'ɩ Zɩ k'a nɩ lɛɛ k'a nyaakʊm da ʊ bɩ n a dɔ a deem. B'a y'ɩ ganwʊrɛ karɛ ɩ ʊ.» Arzaka k'a nɩ arzana ʊ (Likki","If you love someone, you must show it. But, if you see that the person does not love you back, you should leave them alone. Love is not something to be forced.",output_proprietary_batch1,20.384514221623203,14.588150420450406,4.414125200642055
Look at the birds in the sky! They don't plant or harvest. They don't even store grain in barns. Yet your Father in heaven takes care of them. Aren't you worth much more than birds?,"K'a dɩga bɛnnɔ ma: ŋ bɩr hɔ duure y, bɩ ŋ bɩr hɔ darɛ y, ŋ bɩr hɔ zarm sɩ ʊ y, b'awɔɔ Zɩ k'a nɩ arzana ʊ bɩ yɩ ŋ tʊrm! Awɔɔ n lɛ da ŋ nɩ gallɛm hɔka ra?","Let us go together: I will go to the farm, you will go to the market, I will go to the river with him, but if you see Zɩ tell him to bring my bag! By the way, have you seen my shoes anywhere?",output_proprietary_batch1,18.405454254670143,14.588150420450406,4.414125200642055
Everyone who asks will receive. Everyone who searches will find. And the door will be opened for everyone who knocks.,"Bala, kʊ gʊaa hɔ yɛ, a y'a yɩm. K'a a ka ma, a y'a yɩm. Kʊ gʊaa cɛlɛ zɛ, n y'a gʊm nɩ.","If you go there, you will see me. If you come here, you will see me. If you go anywhere else, you will not find me.",output_proprietary_batch1,18.259451546617424,14.588150420450406,4.414125200642055
"But I will tell them, “I will have nothing to do with you! Get out of my sight, you evil people!” Two Builders (Luke","Bɩ mɔɔ y'a hɩrɛ ŋ nɩ, mɔɔ ʊ: ‹Mɔɔ n awɔɔ dɔ fɩɩga y. K'a a hʊr mɔɔ jɩr ʊ, mimbʊnyaabənno!› Cɛ jɩr k'an mɩŋŋa (Likki","If someone tells you, ""Don't go to that place. If you go, something bad will happen to you, be careful!"" Then you should listen to them (Likki)",output_proprietary_batch1,23.351454115490668,14.588150420450406,4.414125200642055
"A teacher of the Law of Moses came up to him and said, “Teacher, I'll go anywhere with you!”","Wosocikarɩnsaamba deem n a zɔ ma, an a hɩ m, a ʊ: «Karɩnsaamba, mɔɔ zure ɩbɩɩ jɛ ʊ lɛɛ haay k'ɩbɩɩ nɩ taŋ ʊ b'ʊ.»","When the wise man arrived at my place, I told him, ""Wise man, please sit down so that we can talk together.""",output_proprietary_batch1,18.372206259010003,14.588150420450406,4.414125200642055
"a terrible storm suddenly struck the lake, and waves started splashing into their boat. Jesus was sound asleep,","Lɛɛm bɩ, hɩnhɛr gʊta wuti hi bɩ burə ʊ, an a ŋʊa k'a ka kʊ hi m kɔɔlʊʊ bɩ mom. Yeezuu n bɔkarɛ, an nɩ hinceem bam.","That day, the woman went to her house, and she said that she would not come back again. Jesus is good, and he helps us.",output_proprietary_batch1,21.91625648660828,14.588150420450406,4.414125200642055
Not far from there a large herd of pigs was feeding.,"A n bɔkarɛ, kurkuuro cir gʊta ɩ nyɩnta laatʊ b'ʊ, ŋn'ɩ hɔ bɩrɛ.","In the morning, the rooster crows to wake people up, so they can go to the farm.",output_proprietary_batch1,18.14440396526723,14.588150420450406,4.414125200642055
"After Jesus had gone indoors, the two blind men came up to him. He asked them, “Do you believe I can make you well?” “Yes, Lord,” they answered.","Yeezuu k'a lee ku har ʊ bɩ, bʊʊrɔ wɔɔ a zɔ ma, an ŋ lar, a ʊ: «Awɔɔ sɩra ka a ʊ, mɔɔ yɩ m dam ma, m naa ba ra?» Ŋ n a nyɩ bɔ ʊ, ŋ ʊ: «Ɩɩn…, Zuuba.»","Yesterday when he came here, he greeted me, and I said, he: ""Please, since you are here, can you help me, can you give me something?"" I looked at him, and said: ""Well..., Thank you.""",output_proprietary_batch1,22.278405204717156,14.588150420450406,4.414125200642055
"He said to his disciples, “A large crop is in the fields, but there are only a few workers.","A n a hɩ a karɩndanyɩnɔ wɔɔ m, a ʊ: «Mɔsa zibəə bɩ gʊta, bɩ zibəənyɩnɔ wɔɔ bɩ gʊta y.","And he said to me, he said: ""Moses is not at home, his children are not at home either.""",output_proprietary_batch1,21.436040980444755,14.588150420450406,4.414125200642055
"Brothers and sisters will betray one another and have each other put to death. Parents will betray their own children, and children will turn against their parents and have them killed.","Danyɩnɔ kʊ kam zɛ ma. Zɩ y'a nyɩ karɛ, n n a zɛ. Nyɩnɔ wutire ŋnɩ jɩm kan a zɩrɔ kɩ, ŋnɩ ŋ ka, ŋnɩ ŋ zɩnzɛ.","The person is not here. If he comes, I will tell you. The head is what helps a person to see, to eat, and to think.",output_proprietary_batch1,17.107793849072603,14.588150420450406,4.414125200642055
"Students are not better than their teacher, and slaves are not better than their master.","Karɩndanyɩ bɩ n lɛ da a karɩnsaamba ra y, zibəənyɩ bɩ n lɛ da a zuuba ra sɔ y.","If you see a hare, you have seen its ears; if you see a zebra, you have seen its stripes.",output_proprietary_batch1,14.186489690816073,14.588150420450406,4.414125200642055
Aren't two sparrows sold for only a penny? But your Father knows when any one of them falls to the ground.,N bɩr bɛnnɔ hɛɛnm hɩɩya wacɩr la? A n bɔkarɛ deem taan… bɩr gam k'awɔɔ Zɩ bɛɛ zaa ka y.,I'm asking where you went yesterday? I didn't see you at all... I'm just wondering if everything is fine with you.,output_proprietary_batch1,17.963723193923265,14.588150420450406,4.414125200642055
So don't be afraid! You are worth much more than many sparrows. Telling Others about Christ (Luke,"K'a maam, a bɩ nyi ba y. Awɔɔ gore ta ʊ, an lɛ da bɛnnɔ haay ra. (Likki","Don’t cry, they will come back. If you wait, you will see them soon.",output_proprietary_batch1,11.471984005483725,14.588150420450406,4.414125200642055
"Don't think I came to bring peace to the earth! I came to bring trouble, not peace.","A b'a hɔɔn da, a ʊ, bʊr mɔɔ ʊ kʊ laafɩɩ n nyɩnta ʊ tara burə ʊ y. Mɔɔ n bʊr kʊ laafɩɩ n nyɩnta ʊ y. Bʊr mɔɔ ʊ zoobarɛ m.","If someone is hungry, he goes to his friend and tells him that he is hungry. The friend then gives him food. He goes back satisfied.",output_proprietary_batch1,14.711814051442747,14.588150420450406,4.414125200642055
"Anyone who welcomes a prophet, just because that person is a prophet, will be given the same reward as a prophet. Anyone who welcomes a good person, just because that person is good, will be given the same reward as a good person.","Kʊ gʊaa wosolɛsinnɩsorazaa si k'an wosolɛsinnɩsorazaa bɩ minto, a wosolɛsinnɩsorazaa ganwʊrɛ yɩm. Kʊ gʊaa gʊaa tɩrga si a tɩrgabaa tɔ ma, a gʊaa tɩrga ganwʊrɛ yɩm.","If you take someone else's property and you do not return it, you have taken someone else's property wrongly. If you take a loan and you do not pay it back, you have taken a loan wrongly.",output_proprietary_batch1,16.83295579503296,14.588150420450406,4.414125200642055
John was in prison when he heard what Christ was doing. So John sent some of his followers,"Zaan k'a nɩ lɔnnɔcɛ ʊ b'a to an Krista zibəəro wɔɔ mim ma, an a karɩndanyɩnɔ gɔsɩnnɔ nyɔɔ,","If you believe in Christ with all your heart, and confess with your mouth,",output_proprietary_batch1,17.928596218475814,14.588150420450406,4.414125200642055
"In the towns where Jesus had worked most of his miracles, the people refused to turn to God. So Jesus was upset with them and said:","A m naa, Yeezuu n a sɩŋŋɩda sa, an nɩ nyaa bam kan kʊrɔ k'a hoserlo ba ʊ gʊta bɩ ŋ n a bɔ a taam nɔ wɔɔ kɩ.","When I went, Jesus was there, and I saw a child sitting at his feet and he was telling him something.",output_proprietary_batch1,19.471506059226293,14.588150420450406,4.414125200642055
"“Here is my chosen servant! I love him, and he pleases me. I will give him my Spirit, and he will bring justice to the nations.","Mɔɔ Zibəənyɩ kʊ mɔɔ bɔ ʊ bɩ ba n nɩ. Gʊaa kʊ mɔɔ n'a ŋʊam kan m heer kɩ haay bɩ, mɔɔ yɩ m Ɛspri bɩ kaŋ ʊ. A mɔɔ lɛrɔ hɩ m do gʊta m.","Zibenyi’s child and another person went there. When they arrived, he called the owner and told him, “I have brought the Spirit for you.” That person then gave him the money.",output_proprietary_batch1,23.905783553612917,14.588150420450406,4.414125200642055
"Some Pharisees and teachers of the Law of Moses said, “Teacher, we want you to show us a sign from heaven.”","Naa kur bɩ, wosocikarɩnsaambɔɔ kan farizɛɛnrɔ kɩ a sɩŋŋɩda ba, ŋn'a hɩ Yeezuu m, ŋ ʊ: «Karɩnsaamba, wɔɔ lɛ taa k'ɩ hoser ba k'ʊ a yɩ.»","Teacher, this woman was caught in the act of adultery.",output_proprietary_batch1,18.26491354462415,14.588150420450406,4.414125200642055
"On the day of judgment the people of Nineveh will stand there with you and condemn you. They turned to God when Jonah preached, and yet here is something far greater than Jonah.","Dʊdɔkarɛ hinni ʊ, Niniivɩ gʊɔɔ wutire, ŋnɩ her gʊɔɔ nɔɔn da lɛ ʊ, ŋnɩ ŋ gumə war bɩ hɩnka ŋ nɩ. Bala, Niniivɩ gʊɔɔ wɔɔ a bɔ a taam ŋnɩ sugur yɛ Zonas Woso lemim padarɛ ma. Bɩ naa ʊ bɩ, gʊaa ta ʊ an lɛ da Zonas ra.","After that, he went to Nineveh, and when he got there, he saw that the city was very big. In fact, Nineveh was so large that it took three days to walk across it. He entered the city, walking for a day, and proclaimed, ""Forty more days and Nineveh will be overthrown.""",output_proprietary_batch1,29.577151021222235,14.588150420450406,4.414125200642055
"Jesus' disciples came to him and asked, “Why do you use stories to speak to the people?”","Karɩndanyɩnɔ wɔɔ a zɔ Yeezuu ma, ŋn'a hɩ m, ŋ ʊ: «Bɔ m, ɩbɩɩ n tɩr meer ba kan ŋ kɩ hɔbɔkʊrɛnoom nɩ?»","When they brought the child to Jesus, he said, ""Let the children come to me and do not stop them.""",output_proprietary_batch1,20.146972297562773,14.588150420450406,4.414125200642055
"The seeds that fell among the thornbushes are also people who hear the message. But they start worrying about the needs of this life and are fooled by the desire to get rich. So the message gets choked out, and they never produce anything.","Hɔyaa k'a nɩ laarɔ bireyaa ʊ bɩ, gʊɔɔ m, ŋnɩ Woso lemim bɩ ma, durnya hɔɔndama kan a arzaka lɛtaama kɩ ŋ lemim bɩ zɛ, a bɩr nyɩ darɛ y.","Yesterday when I went to the river, I met Woso there, and we talked about how life is hard these days, but he said we should not lose hope.",output_proprietary_batch1,18.133217628354206,14.588150420450406,4.414125200642055
"Jesus asked his disciples to bring the food to him,","Yeezuu n a hɩ ŋ nɩ, a ʊ: «K'a ŋ ka m ʊ naa ʊ».","Yesterday I saw him, he said: ""Let me go with you.""",output_proprietary_batch1,15.729131949733222,14.588150420450406,4.414125200642055
"Then he went up on a mountain where he could be alone and pray. Later in the evening, he was still there.","K'a zamaa bɩ da zaa ra an a nya bɩ, a a hʊr a deem, an ta ci ra, k'a yaa da. Yirbəə k'a da bɩ, a gɔɔta b'ʊ a deem.","If someone gives you something and you don't want it, you should return it. But if you take it, you must accept it.",output_proprietary_batch1,15.61833986989466,14.588150420450406,4.414125200642055
"At once, Jesus said to them, “Don't worry! I am Jesus. Don't be afraid.”","Lɛɛm bɩ, Yeezuu meer ba kan ŋ kɩ, a ʊ: «K'a sɩra ka, mɔɔ m, a da bɩ bɔ ʊ y!»","When Jesus saw their faith, he said, ""Take heart, my son, your sins are forgiven!""",output_proprietary_batch1,20.332530578769152,14.588150420450406,4.414125200642055
Is this any way to show respect to your parents? You ignore God's commands in order to follow your own teaching.,Pakra bɛɛ m kʊ gʊaa bɩ do m a da a zɩ kan a da kɩ han y. Woso lemim bɩ zar awɔɔ nawʊrɛ ncɩnaaʊ a yɩnnɩbayɩrɔ wɔɔ minto.,Yesterday I went to the farm but I did not see anyone there. My friends went to the market to buy some things for their mothers.,output_proprietary_batch1,19.55557283023479,14.588150420450406,4.414125200642055
The food you put into your mouth doesn't make you unclean and unfit to worship God. The bad words that come out of your mouth are what make you unclean.”,"Hɔ k'a nɩ gasʊm gʊaa lɛ ʊ an ta a nɔ ʊ bɩ bɛɛ nɩ dintim kam ma y, bɩ hɔ k'a nɩ bɔm gʊaa lɛ ʊ bɩ nɩ dintim kam ma.»","If you don't want to do this work, or if you can't do it, let us know, so that we can find someone else to do it.",output_proprietary_batch1,18.23652501342287,14.588150420450406,4.414125200642055
Jesus then said: Don't any of you know by now what I am talking about?,"Yeezuu n a hɩ, a ʊ: «Awɔɔ gɔɔta, awɔɔ n a jɩ dɔ ra?","Then he said, ""My friend, why are you sad?""",output_proprietary_batch1,12.03967851692956,14.588150420450406,4.414125200642055
"Out of your heart come evil thoughts, murder, unfaithfulness in marriage, vulgar deeds, stealing, telling lies, and insulting others.","Bala, gʊaa heer hɔɔndarɛ bʊnyaarɔ wɔɔ nɩ bɔŋ ʊ: gərzɛrɛ, jaandarɛ, koorbarɛ, gʊɔɔ tɔ zarlɛ, kan sʊnsɔwʊrɛ kɩ.","First, you must gather the following things: a mat, a pillow, a blanket, some water in a cup, and a small towel.",output_proprietary_batch1,18.075505717121793,14.588150420450406,4.414125200642055
"The woman came closer. Then she knelt down and begged, “Please help me, Lord!”","Bɩ, lʊ b'a gu an bɩ kukurə zɛ a taa, an a hɩ m, a ʊ: «Zuuba, bʊr ɩ da mɔɔ han!»","So, when he went and he reached there, he said, ""Zuuba, give me some water!""",output_proprietary_batch1,16.135745764594994,14.588150420450406,4.414125200642055
"Jesus asked them how much food they had. They replied, “Seven small loaves of bread and a few little fish.”","Yeezuu n ŋ lar, a ʊ: «Bur karɔ n ta awɔɔ ʊ?» Ŋ n a nyɩ bɔ ʊ, ŋ ʊ: «Saanhɩna kan zɔ poorenyɩnɔ kɩ.»","One day I asked him, I said: ""Why are you not coming?"" He replied to me, he said: ""Because I am not feeling well.""",output_proprietary_batch1,20.309745157101702,14.588150420450406,4.414125200642055
"he took the seven loaves of bread and the fish and gave thanks. He then broke them and handed them to his disciples, who passed them around to the crowds.","A n bur saanhɩna bɩ sa kan zɔnɔ wɔɔ kɩ an yaa da Woso m barka, an n'a zɩnzɛm la, an n'a kam a karɩndanyɩnɔ wɔɔ ʊ, ŋn'a kam, zamaa b'ʊ.","If you see someone who is not doing well, greet them, ask about their health, ask about their family, and if possible, help them.",output_proprietary_batch1,17.526316165057214,14.588150420450406,4.414125200642055
"Jesus said, “You people are too stubborn to have any faith! How much longer must I be with you? Why do I have to put up with you? Bring the boy here.”","Yeezuu n meerbaa bɩ sa, a ʊ: «Zamaana sɩrakarɛwar zannɔ, gʊɔɔ bʊnyaarɔ, mɔɔ dɔmɩm bam karɔ kan awɔɔ kɩ? Dɔmɩm karɔ mɔɔ nɩ m yarɛ, m yɛ kɔrɛ ma awɔɔ minto? K'a bʊr m mɔɔ zi.»","Yesterday in the evening he said, ""In these modern times, is it good for a woman to marry two husbands? If a woman marries two men, will she have peace in her home? Let everyone think about it.""",output_proprietary_batch1,20.35392102250448,14.588150420450406,4.414125200642055
"Jesus replied: It is because you don't have enough faith! But I can promise you this. If you had faith no larger than a mustard seed, you could tell this mountain to move from here to there. And it would. Everything would be possible for you. Jesus Again Speaks about His Death (Mark","Bɩ, zinə ncɩnaaʊ bɩ, hɔ ba ʊ an b'a dam ma an a ka, an bɔ, kʊ yaadarɛ bɛɛ kan lɛkʊsɩrɛ kɩ y.]» Yeezuu a ya, an n'a zɛ mim dɩndam (Markɩ","Yes, truly I say to you, there is no one who has left house or brothers or sisters or mother or father or children or fields for me and for the gospel, who will not receive a hundred times as much now in this present age.",output_proprietary_batch1,20.274452033456157,14.588150420450406,4.414125200642055
The king felt sorry for him and let him go free. He even told the official that he did not have to pay back the money.,"Gʊaa bɩ cicir n cir bɩ nyasʊ, an zɩm bɩ to m, an a da zaa ra.","If you want to have wisdom and knowledge, you must learn, and it takes time.",output_proprietary_batch1,13.696092653020992,14.588150420450406,4.414125200642055
The king was so angry that he ordered the official to be tortured until he could pay back everything he owed.,"Cir bɩ nɔ n ma ʊ gʊta, an gʊaa bɩ du lɔnnɔcɛ ʊ k'an fɩr yɩ, k'an zɩm bɩ ka haay.»","If you see someone hungry, and you have food, you should share it with them, so that everyone can be happy.",output_proprietary_batch1,19.886384486392604,14.588150420450406,4.414125200642055
"Jesus answered, “Don't you know in the beginning the Creator made a man and a woman?","A n a nyɩ bɔ ʊ, a ʊ: «Awɔɔ n a karɩnda ba Wosoci b'ʊ ra? A ʊ: ‹A sɩŋŋɩda ʊ bɩ, Woso gʊaa da kan lʊ kɩ.›","He/she asked him/her, he/she said: ""Why didn't you go to Woso's house?"" He/she said: ""I was sick, Woso himself knows about it.""",output_proprietary_batch1,17.39339695656237,14.588150420450406,4.414125200642055
"When the ten other disciples heard this, they were angry with the two brothers.","Karɩndanyɩnɔ buro kʊ ŋ gɔɔta rɔ wɔɔ kʊ ŋ naa ma bɩ, ŋ nɔ ma ʊ kan danyɩnɔ hɩɩyɔɔ wɔɔ kɩ.","If you want to build a house and you don't have money, you will not be able to finish building the house.",output_proprietary_batch1,15.64923162260749,14.588150420450406,4.414125200642055
"When John the Baptist showed you how to do right, you would not believe him. But these evil people did believe. And even when you saw what they did, you still would not change your minds and believe. Renters of a Vineyard (Mark","Bala, Zaan-Batiisi bʊr awɔɔ zi, an zaa mɩŋŋa hɩnka awɔɔ m, b'awɔɔ n a mim si y. Bɩ, yawʊrsinno kan lannɔ kʊ ŋ n'a mɩŋŋa hɛɛnm nɔ kɩ a mim si. Awɔɔ naa yɩ, b'awɔɔ gɔɔta awɔɔ n a bɔ a taam k'a mim si y.» Wutu dɔmazannɔ bʊnyaarɔ hɔbɔkʊrɛnoom (Markɩ","Then, Jesus called his disciples and said to them, ""I feel sorry for these people, because they have been with me for three days now and have nothing to eat. If I send them home hungry, they will collapse on the way, because some of them have come a long distance."" Gospel according to Mark",output_proprietary_batch1,23.469931993091308,14.588150420450406,4.414125200642055
I tell you God's kingdom will be taken from you and given to people who will do what he demands.,"Bɩ y'a ka, mɔɔ n'a hɩrɛ awɔɔ m, mɔɔ ʊ, n Woso cirbəə bɩ yɔrɛ awɔɔ m, n n a ka do vanta ʊ an cirbəə bɩ zibəə k'a a ga m bɩ ba. [","When I was there, someone greeted me, another person, and Woso's child also greeted me, and I also greeted them and the child told me that he will come to see me.",output_proprietary_batch1,20.08016542466158,14.588150420450406,4.414125200642055
"The king sent some servants to tell the invited guests to come to the banquet, but the guests refused.","A n a zibəənyɩnɔ nyɔɔ kʊ ŋ n'aa gʊɔɔ k'a hɩ ŋ nɩ kʊ ŋ nɩ bɩ cibsa bɩ rɔ wɔɔ bir, ŋnɩ bɔkarɛ ŋ ʊ, a bɩ zɛrɛ y.","If a person wants to go and he does not have money, and if he asks others for help, and they help him, he will be able to go.",output_proprietary_batch1,19.199295021972766,14.588150420450406,4.414125200642055
"They sent some of their followers and some of Herod's followers to say to him, “Teacher, we know that you are honest. You teach the truth about what God wants people to do. And you treat everyone with the same respect, no matter who they are.","Ŋ n a karɩndanyɩnɔ kan Hɩrɔɔdɩ jɛzannɔ kɩ nyɔɔ Yeezuu zi, kʊ ŋ n'aa hɩ m, ŋ ʊ: «Karɩnsaamba, wɔɔ dɔ wɔɔ ʊ sɩra ɩbɩɩ n'a hɩm, Woso zaa ɩbɩɩ n'a dɩndam sɩra bɩncɛ ʊ, ɩbɩɩ bɩr nyi bam gʊɔɔ nɩ y, b'ɩbɩɩ bɩr gʊɔɔ nyʊkɔŋ ʊ sɔ y.","When I was still a child, Herod wanted to kill Jesus, so I told him, “King, if you want to find him, search everywhere for him, and if you find him, let me know so that I too can go and worship him.”",output_proprietary_batch1,20.544478922935205,14.588150420450406,4.414125200642055
‘The Lord said to my Lord: Sit at my right side until I make your enemies into a footstool for you.’,"Zuuba Woso a hɩ mɔɔ zuuba m, a ʊ: nyɩnta mɔɔ bɩsɩ ʊ, kʊ m tolle ba m a ka, k'ɩ jɩnnɔ wɔɔ n nyɩnta ɩ gam taa.","If you see my friend, tell him that I am looking for him, and if he comes to my house, let him wait for me there.",output_proprietary_batch1,19.089373311117622,14.588150420450406,4.414125200642055
"And when they are in the market, they like to have people greet them as their teachers.","A ŋʊa ŋ tɩr a ʊ kʊ ŋ nɩ bɩr yaa darɛ a m mɩŋŋa gʊɔɔ gaa ʊ, kʊ gʊɔɔ n bɩr a birm karɩnsaamba.","If you want to go and buy something at the market, you should go early in the morning.",output_proprietary_batch1,26.02864781102748,14.588150420450406,4.414125200642055
"But none of you should be called a teacher. You have only one teacher, and all of you are like brothers and sisters.","B'awɔɔ, a bɩ yɛ kʊ n n'a bir karɩnsaamba y, bala, danyɩnɔ n'awɔɔ m haay, awɔɔ karɩnsaamba bɩ deem.","He said, if you go and you don't greet the elders there, then, even if you come back, the elders will not be happy.",output_proprietary_batch1,21.129454329383623,14.588150420450406,4.414125200642055
You blind leaders! You strain out a small fly but swallow a camel.,"Awɔɔ k'an bʊʊrɔ, an nɩ zaa hɩnkam bɩ, awɔɔ y'a hɔ mire sʊrm k'a mɛɛm bɔ ʊ, b'awɔɔ ɩ yoonde monɩm.","If you are patient, and you do not rush, you will get what you want, because patience brings good things.",output_proprietary_batch1,15.232371693874988,14.588150420450406,4.414125200642055
"You blind Pharisee! First clean the inside of a cup, and then the outside will also be clean.","Farizɛn, bʊʊ n'ɩbɩɩ m, lɛɛ ka ɩ hɔmihɔ bɩ nɔ sʊrgɔ, a burə bɩ hu bɔm sɔ.","In the morning, when I woke up, I saw that it was raining, so I didn't go to the farm.",output_proprietary_batch1,15.591396195739717,14.588150420450406,4.414125200642055
It will be a terrible time for women who are expecting babies or nursing young children.,"Dɔmɩnnɔ wɔɔ duro ʊ, a yɩm kʊsɩ lannɔ jɩsɩzannɔ wɔɔ ma, kan lannɔ kʊ ŋ nɩ nyɔ karɛ a nyɩnɔ ʊ rɔ wɔɔ kɩ.","The chief took medicine, and when he finished eating, he called the elders to come and see him in his house.",output_proprietary_batch1,18.53280756938507,14.588150420450406,4.414125200642055
"If God doesn't make the time shorter, no one will be left alive. But because of God's chosen ones, he will make the time shorter.","Kʊ Woso bɛɛ dɔmɩnnɔ nɔɔn duro bɔrɛ, gɔsɩ bɩ larɛ y. Bɩ, a ŋ bɔrɛ a gʊɔɔ k'a ŋ nyʊkɔ ʊ rɔ wɔɔ minto.","If Woso wants to join the group, he should come early. If not, he will miss what they will discuss there.",output_proprietary_batch1,20.631693011245158,14.588150420450406,4.414125200642055
"Homeowners never know when a thief is coming, and they are always on guard to keep one from breaking in.","K'a mim naa do jɩ ma mɩŋŋa. Kʊ harzaa b'a dɔ a ʊ, koor bɩ zɛm gunuu wakatɩ naa do ma, a bɩ hinceem barɛ y, a bɩ koor bɩ tore an gasʊ a cɛ b'ʊ y.","If you do not help me, I will not be able to finish this work. The time is almost up, and if I do not finish it today, I will have problems because it is due tomorrow.",output_proprietary_batch1,18.117262572686144,14.588150420450406,4.414125200642055
Servants are fortunate if their master comes and finds them doing their job.,"Zibəənyɩ bɩ do nyɩntam mimbirenyɩntazaa, k'a lɛɛzaa b'a wusigə an bʊr har ʊ, an b'a ku an nɩ zibəə k'a ka ʊ bɩ barɛ.","If someone tells you something important, you should keep it in your heart and not go and tell others what you have been told.",output_proprietary_batch1,19.375295309363324,14.588150420450406,4.414125200642055
Some time later the master of those servants returned. He called them in and asked what they had done with his money.,"Zibəənyɩnɔ wɔɔ zuuba bɩ, k'a ta tee… bɩ, a a bɔ an bʊr, an n'a busoo bɩ mim laaka darɛ ŋ han.","The elders said that, if you go… and you don't greet, and you return, you may not find your things where you left them.",output_proprietary_batch1,21.164215185634312,14.588150420450406,4.414125200642055
"The people of all nations will be brought before him, and he will separate them, as shepherds separate their sheep from their goats.","Durnya kʊrɔ haay gʊɔɔ y'a som kʊ ma a lɛɛ, an gʊɔɔ gʊngʊ a hɔ, amba hɔbɩsɩrɔ dundor tɩr seero gʊ biiro ma bɩ m.","The world is hard but if you work hard, you will succeed, and those who are patient and persevere will see good things in their lives.",output_proprietary_batch1,23.700039615425823,14.588150420450406,4.414125200642055
"Then the king will say to those on his left, “Get away from me! You are under God's curse. Go into the everlasting fire prepared for the devil and his angels!","Naa jɛ ʊ, a y'a hɩm jɩsa ra zannɔ wɔɔ m, a ʊ: ‹K'a jɩ bɔ mɔɔ ma a ta laatʊ, awɔɔ kʊ Woso lerbɔrɛ bʊnyaa n'a jɛ ʊ, k'a ta sɛ k'a lihire ba ʊ, n n a banka Sʊtaana kan a malɛɛkarɔ kɩ minto b'ʊ.","So he said, when he finished telling me everything, he said: ""Let me go and see my father, because in Woso there is a big problem and he said, let me go so I can ask him, and then I will come back and tell you what the Sultan and the elders have decided.""",output_proprietary_batch1,22.973473130787063,14.588150420450406,4.414125200642055
Corinthians,Korɛntɩ zannɔ,The market is good.,output_proprietary_batch1,9.722222222222223,14.588150420450406,4.414125200642055
"Jesus took along Peter and the two brothers, James and John. He was very sad and troubled,",A n Pɩyɛɛr gaa kan Zebedee nyɩnɔ hɩɩyɔɔ wɔɔ kɩ. Heerzar kan dabɔʊ kɩ gasʊ ʊ.,And Peter and Zebedee’s son were with him. Others were sitting with him also.,output_proprietary_batch1,21.1484521805884,14.588150420450406,4.414125200642055
"Jesus replied, “My friend, do what you came for.” The men grabbed Jesus and arrested him.","Yeezuu n a hɩ m, a ʊ: «M gʊaasɩba, hɔ k'ɩ bʊr, kɩ b'a ba bɩ ba.» A m naa, gʊɔɔ wɔɔ n a zɔ Yeezuu ma, ŋn'a nyasʊ.","Jesus said to him, ""Get up, take your mat, and go to your home."" Immediately, he got up in front of them, praising Jesus, and went home.",output_proprietary_batch1,21.93075865335604,14.588150420450406,4.414125200642055
One of Jesus' followers pulled out a sword. He struck the servant of the high priest and cut off his ear.,"Bɩ, gʊɔɔ kʊ ŋ nɩ kan Yeezuu kɩ rɔ wɔɔ gʊaa deem a kargʊ gaa ʊ, an wosocɛmannɩbər jɩtaarɛ bɩ zibəənyɩ deem sakʊ, an a tʊr gʊ ma.","Yes, I heard that Jesus went to the town yesterday, and the elders met him at the market, and he spoke with them.",output_proprietary_batch1,18.889924544722373,14.588150420450406,4.414125200642055
"and said, “You think you are the Messiah! So tell us who hit you!” Peter Says He Doesn't Know Jesus (Mark","«Wosolɛsinnɩsorazaa zi ba, ɩ hɩ wɔɔ m, Krista, nka y'ɩ zɛ?» Pɩyɛɛr bɩsɩ karɛ (Markɩ","“We have left everything and followed you, Christ, what then will we have?” Peter asked (Mark)",output_proprietary_batch1,20.486832616155713,14.588150420450406,4.414125200642055
"But Jesus did not say anything, and the governor was greatly amazed. The Death Sentence (Mark","Bɩ, Yeezuu n deem taan… nyɩ bɔ ʊ y, naa do a ka cir bɩ n zɛ kədə. (Markɩ","Yes, Jesus went there… they met him, and he asked what they wanted.",output_proprietary_batch1,19.484825726479123,14.588150420450406,4.414125200642055
"There they gave Jesus some wine mixed with a drug to ease the pain. But when Jesus tasted what it was, he refused to drink it.","Ŋ n dɩvɛn war kʊ ma kan hɔ hɛɛnr kɩ, ŋn'a ka ʊ, k'an a mi. K'a da a lɛ ma bɩ, a n a ŋʊa an a mi y.","If I give you what you want, will you take it, or not? If you say no, then I will give it to someone else.",output_proprietary_batch1,14.817981927705906,14.588150420450406,4.414125200642055
"shouted, “So you're the one who claimed you could tear down the temple and build it again in three days! If you are God's Son, save yourself and come down from the cross!”","Ŋ n'a hɩm Yeezuu m, ŋ ʊ: «Ɩbɩɩ k'ɩ n'ɩ dam ma, ɩ Wosocɛ bɩ wurgə, ɩ ya, ɩ dɔ dɔmɩm kaakʊ nɔ ʊ bɩ, ɩ bʊmbɔ ɩ zim kʊ Woso Nyɩ n'ɩbɩɩ m, k'ɩ zer gɔdarkʊra bɩ ma!»","When I heard about Jesus, I said: ""If I just touch his clothes, I will be healed, and I will no longer suffer from this illness, because I believe that the power of God is with him, and he can make me well!""",output_proprietary_batch1,21.585665969511616,14.588150420450406,4.414125200642055
"Others said, “Wait! Let's see if Elijah will come and save him.”","Bɩ, a muno wɔɔ y'a hɩrɛ, ŋ ʊ: «Jɩm cɩna, k'ʊ dɩga a Elii zɛm b'a bʊmbɔ gɛ?»","Yes, his mother asked him, saying: ""My child, why did you follow Elii to the bush?""",output_proprietary_batch1,16.79798008203809,14.588150420450406,4.414125200642055
So they sealed it tight and placed soldiers there to guard it.,"Ŋ n a hʊr, ŋnɩ ta, ŋn'aa jaa k'a ta yaa bɩ lɛ bɩ kʊsɩ, ŋnɩ gʊɔɔ da a dɔma ʊ.","If I go, you too, you should also go so that when we arrive, we will greet, and you will see your friend.",output_proprietary_batch1,18.110872400560737,14.588150420450406,4.414125200642055
"Then Jesus said, “Don't be afraid! Tell my followers to go to Galilee. They will see me there.” Report of the Guard","Yeezuu n a hɩ ŋ nɩ, a ʊ: «A da bɩ bɔ ʊ y. K'a ta a yaa hɩ mɔɔ danyɩnɔ wɔɔ m, ŋnɩ ta Galilee ʊ, ŋ mɔɔ yɩm b'ʊ.»","Jesus said to them, ""You will all fall away. For it is written: I will strike the shepherd, and the sheep will be scattered. But after I have risen, I will go ahead of you into Galilee.""",output_proprietary_batch1,30.785824469182288,14.588150420450406,4.414125200642055
Jesus came to them and said: I have been given all authority in heaven and on earth!,"Yeezuu n a zɔ ŋ ma, an a hɩ ŋ nɩ, a ʊ: «N paŋŋa do haay ka mɔɔ ʊ, brama kan tara kɩ burə ʊ.","Yesterday I saw him, and I told him, I said: ""Don’t go there again, because if you go, you will get into trouble.""",output_proprietary_batch1,19.61162331575206,14.588150420450406,4.414125200642055
"After Jesus strictly warned the man, he sent him on his way.","Bɩ jɛ ʊ bɩ, Yeezuu a nyɔɔ, an lɛ ka ʊ,","If you believe, Jesus is alive, and He is with you,",output_proprietary_batch1,15.322096294944066,14.588150420450406,4.414125200642055
"He said, “Don't tell anyone about this. Just go and show the priest that you are well. Then take a gift to the temple as Moses commanded, and everyone will know that you have been healed.”","an n'a hɩrɛ, a ʊ: «Dundo ɩ zi, ɩ b'a ka ɩ hɩ gɔsɩ nɩ y. Ta ɩ yaa ɩ hɩnka wosocɛmannɩbər bɩ m, *hubɔrɛ mannɩ kʊ Moyiisi lɛ ka awɔɔ ʊ k'a ba bɩ, k'ɩ bɩ ba, kʊ gʊaa biyəə n a dɔ, a ʊ, ɩbɩɩ laafɩɩ yɩ.»","And he said, “Listen to me, I am telling you this so that you will know. If you go and meet those people there, *tell them that Moyisi said he is coming, he will come, and when the time comes, you will all be at peace.”",output_proprietary_batch1,32.02539151297205,14.588150420450406,4.414125200642055
It was during the time of Abiathar the high priest. David went into the house of God and ate the sacred loaves of bread that only priests are allowed to eat. He also gave some to his followers.”,"gasʊ k'a ʊ Wosocɛ ʊ kan a gʊɔɔ wɔɔ kɩ, wosocɛmannɩbər jɩtaarɛ Abɩyataar dɔmɩm ʊ, an bur kʊ ŋ y'a cɩnta Woso m bɩ gʊr, an a bɩ kan a gʊɔɔ wɔɔ kɩ, awɔɔ n a karɩnda ba ra? Bɩ, ŋ n a ga m, ŋn'a bɩ, kʊ wosocɛmannɩbənno wɔɔ bɛɛ m bala y.»","If you say Wosocɛ is the one who went, Wosocɛmannɩbər followed Abɩyataar with him, but if you are talking about Woso, I don't know, but if it is the one who went, then who is the one who returned? Yes, I don't know, but Wosocɛmannɩbənno is not among them.",output_proprietary_batch1,21.649633630765386,14.588150420450406,4.414125200642055
"Jesus was angry as he looked around at the people. Yet he felt sorry for them because they were so stubborn. Then he told the man, “Stretch out your hand.” He did, and his bad hand was healed.","A ɩ dɩgarɛ ŋ ma a jɩr ʊ kan nɔmaa kɩ, a heer n a zar ŋ heerkarɛ bɩ minto. A n a hɩ gʊaa bɩ m, a ʊ: «Ɩ wɔ bɩ hʊr!» B'a a hʊr, a wɔ bɩ n a banka.","When I was walking with my friend on the road, we saw a man running towards us. When he got close to us, he said: ""Help me!"" As we were helping him, he ran into a house.",output_proprietary_batch1,19.32614784564418,14.588150420450406,4.414125200642055
"Andrew, Philip, Bartholomew, Matthew, Thomas, James son of Alphaeus, and Thaddaeus were also apostles. The others were Simon, known as the Eager One,","Andɩr ta ʊ sɔ, kan Filipi kɩ, Bartelemii kɩ, Matiyee kɩ, Toma kɩ, kan Alfee nyɩ Zakkɩ kɩ, Tade kɩ, Sɩmɔɔn *Zelɔtɩ kɩ sɔ,","Andrew was there, and Philip, and Bartholomew, Matthew, and Thomas, and James son of Alphaeus, and Thaddeus, Simon the Zealot was also there,",output_proprietary_batch1,56.31153408132893,14.588150420450406,4.414125200642055
"Then he looked at the people sitting around him and said, “Here are my mother and my brothers.","A n bɔkarɛ, an a bɔ, an nɩ dɩgam gʊɔɔ kʊ ŋ nyɩnta ŋnɩ bɩr ma rɔ wɔɔ ma, an n'a hɩrɛ, a ʊ: «Mɔɔ da bɩ ba n nɩ, kan mɔɔ danyɩnɔ wɔɔ kɩ!","In the morning, when I woke up, I saw that there was a big snake lying in front of my door, and I was afraid, and it said: ""Don't be afraid of me, I am not a bad snake!""",output_proprietary_batch1,23.14792930337681,14.588150420450406,4.414125200642055
Some other seeds fell where thornbushes grew up and choked out the plants. So they did not produce any grain.,"Gɔsɩnnɔ a zar laa bɩncɛ ʊ, laa bɩ n haan, an a ta ŋ mee, ŋ n nyɩ da y.","If someone gives you something, take it and thank them, but if you don't want it, just say so.",output_proprietary_batch1,16.328692643755282,14.588150420450406,4.414125200642055
Jesus also said: You don't light a lamp and put it under a clay pot or under a bed. Don't you put a lamp on a lampstand?,"A a ya, an a hɩ ŋ nɩ, a ʊ: «N bɩr sɛ dam fɩtɩrɛ ʊ, n n'a cɩntam kasɩ gɛɛ gargʊ taa y, gɛɛ lɔ? A cɩnta n nawʊm hɔ burə ʊ.","So then, he said to him, ""If you want to help me, go and bring that thing over there, okay? Go and bring it quickly for me.""",output_proprietary_batch1,14.472868526730712,14.588150420450406,4.414125200642055
"But once it is planted, it grows larger than any garden plant. It even puts out branches that are big enough for birds to nest in its shade. The Reason for Teaching with Stories (Matthew","Kʊ n y'a duu, ma a nawʊm, an nɩ gɔ dam an lɛ da hɔyaa haay ra, an nɩ haanm gʊta, a vəŋŋəro n ta ʊ, bɛnnɔ n b'a dam ma ŋnɩ cɛ kɩnka ma.» Woso lemim dɩndarɛ hɔbɔkʊrɛnoom","If I had money, I would buy food, but now I don't have anything, and I am just sitting, thinking about what to do, and if someone comes to help me, then I will be happy. Life is really hard these days.",output_proprietary_batch1,20.57055451673216,14.588150420450406,4.414125200642055
"Jesus used many other stories when he spoke to the people, and he taught them as much as they could understand.","Yeezuu ɩ Woso lemim nyɩnta dɩndam gʊɔɔ wɔɔ m kan makrarɔ kʊ ŋ bɔ kʊ ʊ kɩ gʊta, kʊ ŋ n'a da ma ŋn'a jɩ ma.","Yesterday Woso told me that if I go and see him and he is not there, I should wait for him.",output_proprietary_batch1,19.880485524048588,14.588150420450406,4.414125200642055
"He shouted, “Jesus, Son of God in heaven, what do you want with me? Promise me in God's name that you won't torture me!”","an nɩ zee darɛ, a ʊ: «Yeezuu, Woso k'a lɛ da haay Nyɩ, bɔ ɩbɩɩ lɛ n taa k'ɩ ba mɔɔ nɩ? Mɔɔ y'a yɛrɛ ɩbɩɩ han Woso tɔ ma gʊta: ɩ bɩ zibʊnyaa ba mɔɔ nɩ y!»","And he said to him, “Jesus, remember me when you come into your kingdom.” Jesus said to him, “Truly I tell you, today you will be with me in paradise!”",output_proprietary_batch1,27.39388922447525,14.588150420450406,4.414125200642055
The man went away into the region near the ten cities known as Decapolis and began telling everyone how much Jesus had done for him. Everyone who heard what had happened was amazed. A Dying Girl and a Sick Woman (Matthew,"Gʊaa bɩ n a hʊr, an aa hɔ kʊ Yeezuu a ba a m haay bɩ dɩnda Taraburo wɔɔ gʊɔɔ wɔɔ m. Gʊaa haay n zɛ kədə. Zayɩɩr nyɩmbʊɛɛrɛ waarɛ kan lʊ k'a wɔ da Yeezuu huu ma kɩ (Matiyee","One day, when he was sitting, some people brought Jesus a man who could not walk because he was paralyzed. The man was lying on a mat. They wanted to put him before Jesus so that he would heal him (Matthew)",output_proprietary_batch1,26.851212966362887,14.588150420450406,4.414125200642055
"When John's followers learned that he had been killed, they took his body and put it in a tomb. Jesus Feeds Five Thousand (Matthew","Zaan karɩndanyɩnɔ wɔɔ kʊ ŋ naa ma bɩ, ŋ bʊr, ŋnɩ bɩ Zaan gər bɩ sa, ŋn'aa bir. Yeezuu gʊaa tisi soor tʊrlɛ (Matiyee","If you do good to someone and they don't appreciate it, don't stop doing good, just continue. God sees everything (Truth).",output_proprietary_batch1,17.36171691889606,14.588150420450406,4.414125200642055
They sat down in groups of,"Ŋ nɩ nyɩnyɩnta zɔrɔ-zɔrɔ, busoor-busoor.","My heart is beating fast, pounding-pounding.",output_proprietary_batch1,16.464241826783578,14.588150420450406,4.414125200642055
"He then got into the boat with them, and the wind died down. The disciples were completely confused.","A n da kɔɔlʊʊ b'ʊ kan ŋ kɩ, hɩnhɛr bɩ n jɩm. Ŋ n zɛ kədə, ŋ n a so a ʊ y.","He called but you didn't come, maybe you were busy. If I knew, I would have told you.",output_proprietary_batch1,14.022038937868505,14.588150420450406,4.414125200642055
But you let people get by without helping their parents when they should. You let them say that what they own has been offered to God.,"B'awɔɔ, awɔɔ y'a hɩm, a ʊ: Kʊ gʊaa a hɩ a zɩ m gɛɛ a da m, a ʊ: hɔ kʊ mɔɔ m ga m, m m dam ɩbɩɩ han bɩ ‹kɔrbaan m› a lɛ taa k'a hɩ, a ʊ: ‹Woso mannɩ hɔ m.›","Yes, yes my child, he said: Go and bring me water so I can drink, he said: if you don't bring it, I will not eat this food called 'kɔrbaan' with you, he said: 'So leave me alone.'",output_proprietary_batch1,16.925399006514102,14.588150420450406,4.414125200642055
"He answered, “Don't you know what I am talking about by now? You surely know that the food you put into your mouth cannot make you unclean.","A n a nyɩ bɔ ŋ nʊ, a ʊ: «Awɔɔ sɔ, awɔɔ n naa do jɩ dɔ ra? Awɔɔ n a dɔ, a ʊ: hɔ k'a n'a tore, an nɩ gasʊm gʊaa nɔ ʊ bɩ b'a dam ma, an dintim ka ma ra?","He/she said to him/her, he/she said: ""Hello, where are you coming from? When he/she said, he/she said: I am coming from the market, and I met someone who told me to bring something, should I bring it?""",output_proprietary_batch1,15.443601098606901,14.588150420450406,4.414125200642055
"Jesus left and went to the region near the town of Tyre, where he stayed in someone's home. He did not want people to know he was there, but they found out anyway.","Yeezuu k'a cem b'ʊ bɩ, a ta Tiir kʊ ʊ, an aa gasʊ har ʊ, a lɛ baa kʊ ŋ n a yɩ y. Bɩ, a n a da ma, an a nyaakʊm da y.","Yesterday he went there, he met Tiir there, and they talked with him, he said he would come and see you. There, he didn't stay long, and he left early.",output_proprietary_batch1,26.893796178599295,14.588150420450406,4.414125200642055
"Jesus answered, “That's true! You may go now. The demon has left your daughter.”","«Meerbaa naa do minto, doo, zinə bɩ bɔ ɩ nyɩmbʊɛɛrɛ bɩ mɛ ʊ.»","Let us go home, he said, because it is getting dark.",output_proprietary_batch1,10.787959620698464,14.588150420450406,4.414125200642055
"This is how Jesus Christ was born. A young woman named Mary was engaged to Joseph from King David's family. But before they were married, she learned that she was going to have a baby by God's Holy Spirit.","Yeezuu yɩrɛ bɩ zaa ba n nɩ: A da Maarii bɩ, nyɩnta a ʊ Zozɛf jaan, bɩ, an lɛɛ ka kʊ Maarii n a ba Zozɛf lʊ bɩ, *Sɛnt-Ɛspri a ka Maarii n jɩsɩ sa.","Now this is how it all happened: The mother of Jesus, Mary, was engaged to Joseph, but before they came together, it was found that Mary was pregnant by the Holy Spirit.",output_proprietary_batch2,39.1914534565144,14.588150420450406,4.414125200642055
"Then after her baby is born, name him Jesus, because he will save his people from their sins.”","a nyɩ yɩm yar, k'ɩ tɔ ka Yeezuu, bala, a m n'a do bɩ bʊmbɔrɛ a mimbʊnyaarɔ nɔ ʊ.»","If you have faith, go to Jesus, perhaps He will heal you from your sickness.",output_proprietary_batch2,21.65450805591867,14.588150420450406,4.414125200642055
"and said, “Where is the child born to be king of the Jews? We saw his star in the east and have come to worship him.”","ŋnɩ laaka da: «Zɩɩfʊrɔ cir k'a yɩ b'ɩ ka? Wɔɔ monyaa yɩ dɔjɩr ʊ bɩ y'a ka, wɔɔ n bʊr k'ʊ b'a da ʊ.»","The chief said: ""Why are you here? If you have come for good, you are welcome, but if you have come for evil, you are not welcome.""",output_proprietary_batch2,20.12524004276934,14.588150420450406,4.414125200642055
"When Herod found out that the wise men from the east had tricked him, he was very angry. He gave orders for his men to kill all the boys who lived in or near Bethlehem and were two years old and younger. This was based on what he had learned from the wise men.","Hɩrɔɔdɩ k'a b'a dɔ a ʊ, hɔdonno wɔɔ a yamba a m bɩ, a wuti nɔmaa gandaara m. A n gʊɔɔ nyɔɔ Betelehɛm ʊ kan kʊrɔ vantɔɔ k'a a so ŋ ʊ rɔ wɔɔ kɩ ʊ, kʊ ŋ n'aa nyɩnɔ poorero yaarɔ kʊ ŋ dɔɔraa hɩɩya gɛɛ ŋ n a ku rɔ wɔɔ zɩnzɛ. Amba hɔdonno wɔɔ a hɩ m, nyɩnta k'a ʊ, an laaka da k'a nyɩ bɩ yɩrɛ dɔmɩm dɔ bɩ ma.","Herod wanted to kill the child, but God warned him in a dream, so he fled with his mother to Egypt. They stayed there until Herod died, so that what God had said through the prophet would be fulfilled: ""Out of Egypt I called my son."" After Herod died, God again warned them in a dream, and they returned to their home in Israel.",output_proprietary_batch2,27.001005931207096,14.588150420450406,4.414125200642055
"“In Ramah a voice was heard crying and weeping loudly. Rachel was mourning for her children, and she refused to be comforted, because they were dead.” The Return from Egypt","N zeedarɛ ma Ramaa ʊ, nyikəre kan heerzarlɛ gʊta kɩ: Rasɛl nɩ nyi karɛ a nyɩnɔ minto, a lɛ baa kʊ n n'a wɔ zɩnzɛ a nɩ y, nyɩnɔ wɔɔ kʊ ŋ gɩnga bɩ tɔ ma. Zozɛf bɔ Eziptɩ ʊ","And Joseph said to Rama, remember what I told you: If you see someone coming to you, do not be afraid because I am with you, I will go with you wherever you go. Joseph was in Egypt.",output_proprietary_batch2,21.75876358764096,14.588150420450406,4.414125200642055
Joseph got up and left with them for Israel.,"Zozɛf n wuti, an nyɩ bɩ kan a da bɩ kɩ gaa, an ta Israyɛl ʊ.","Joseph got up, took the child and his mother at night, and left for Egypt.",output_proprietary_batch2,43.941410843984684,14.588150420450406,4.414125200642055
"and they went to live there in the town of Nazareth. So the Lord's promise came true, just as the prophet had said, “He will be called a Nazarene.”","A n aa nyɩnta kʊ kʊ n n'a hɩm ma Nazarɛtɩ ʊ b'ʊ, k'an bɩr yɩrɛ ɩ ʊ hɔ kʊ wosolɛsinnɩsorazannɔ wɔɔ a hɩ bɩ n kʊ yɩ, ŋ ʊ: N y'a birm Nazarɛtɩ gʊaa.","He went and stayed in a town called Nazareth, so that what was spoken by the prophets might be fulfilled: He will be called a Nazarene.",output_proprietary_batch2,41.445650172920885,14.588150420450406,4.414125200642055
"So Jesus was baptized. And as soon as he came out of the water, the sky opened, and he saw the Spirit of God coming down on him like a dove.","Yeezuu k'a batɛm bɩ si bɩ, a bɔ hi b'ʊ. A m bɩ, brama n a gʊ, an Woso Ɛspri yɩ an nɩ zerle, am cirpʊʊrɛ hɔ bɩ m an bɩ zer la.","Jesus said to them, ""Receive the Holy Spirit. If you forgive anyone's sins, they are forgiven; if you do not forgive them, they are not forgiven.""",output_proprietary_batch2,20.47352840357467,14.588150420450406,4.414125200642055
"When Jesus heard that John had been put in prison, he went to Galilee.","Yeezuu k'a a ma, n ʊ, n Zaan du lɔnnɔcɛ ʊ bɩ, a a hʊr, an ta Galilee ʊ.","After that, he and his mother and his brothers and his disciples went down to Capernaum, and they stayed there for a few days.",output_proprietary_batch2,19.530309796027566,14.588150420450406,4.414125200642055
"Then the devil came to him and said, “If you are God's Son, tell these stones to turn into bread.”","Sʊtaana n a zɔ ma, an a hɩ m, a ʊ: «Kʊ Woso Nyɩ n'ɩbɩɩ m, k'ɩ ka kʊ jaarɔ nɔɔn duro n a ba hɔbɩrɛ.»","The chief said to me, he told me, he said: ""Go to Woso Nyinibi, and tell him to come and join us here.""",output_proprietary_batch2,21.33826214683209,14.588150420450406,4.414125200642055
"Jesus walked on until he saw James and John, the sons of Zebedee. They were in a boat with their father, mending their nets. Jesus asked them to come with him.","K'a ta lɛɛ bɩ, a Zakkɩ yɩ kan a danzaa Zaan kɩ, Zebedee nyɩnɔ m ŋn'ɩ kɔɔlʊʊ ʊ kan a zɩ Zebedee bɩ kɩ, ŋn'a zaŋŋarɔ bankam. A n ŋ bir.","When he went on, he saw two other brothers, James son of Zebedee and his brother John, in a boat with their father Zebedee, preparing their nets. He called them.",output_proprietary_batch2,45.76617572247981,14.588150420450406,4.414125200642055
God blesses those people who depend only on him. They belong to the kingdom of heaven!,«Mimbirenyɩntazannɔ m mɩŋŋazerlezannɔ m: Ŋ hɔ m Woso cirbəə bɩ m.,My friends and my relatives: I am greeting you all from Woso.,output_proprietary_batch2,11.530381644505608,14.588150420450406,4.414125200642055
God blesses those people who are humble. The earth will belong to them!,Mimbirenyɩntazannɔ m nyikərezannɔ m: Woso bra barɛ ŋ nɩ.,Let me tell you and let me ask you: Come here and sit with me.,output_proprietary_batch2,12.963388704194681,14.588150420450406,4.414125200642055
"But I tell you not to swear by anything when you make a promise! Heaven is God's throne, so don't swear by heaven.","Bɩ mɔɔ y'a hɩrɛ awɔɔ m, a b'a wer si fɩɩga y: A b'a wer si brama tɔ nɩ y, bala, Woso cirbəəduu m bɩ.","If you love me, don't forget this: Don't forget to come here tomorrow, please, I will be waiting for you.",output_proprietary_batch2,18.091385279595855,14.588150420450406,4.414125200642055
"You are the salt for everyone on earth. But if salt no longer tastes like salt, how can it make food salty? All it is good for is to be thrown out and walked on.","«Durnya yɛ n'awɔɔ m. Bɩ, kʊ yɛ nyɩntabaa bɔ, n y'a bam lɔ, k'a a ya, a nyɩntabaa ka ʊ? A zibəə ba ʊ dɔ y, a lo n nawʊm garga ra, gʊɔɔ nɩ tʊntɔm la.»","The world is like a woman. If you treat a woman well, she will stay with you, but if you don't, will the woman stay? A wise person knows this, so he takes good care of his wife, and they live in peace.",output_proprietary_batch2,24.342311053461803,14.588150420450406,4.414125200642055
I promise you will not get out until you have paid the last cent you owe. Marriage,"Sɩra mɔɔ n'a hɩrɛ ɩbɩɩ m: Ɩbɩɩ bɩ bɔm b'ʊ k'ɩbɩɩ n ɩ zɩm bɩ ka haay y, bɩ tanka deem taan… bɩ gɔɔtarɛ y.» Jaandarɛ mim","The child said to his mother: ""We will go and when we go and see what is there, we will come back, we will not stay long... we promise you."" The mother agreed.",output_proprietary_batch2,28.184502419458823,14.588150420450406,4.414125200642055
You have been taught that a man who divorces his wife must write out divorce papers for her.,"«N y'a ya, n n a hɩ sɔ, n ʊ: ‹Kʊ gʊaa la a lʊ ra k'an wɔsaalʊmaci ka ʊ.›","So I went and said, ""Go and bring the thing so we can look at it.""",output_proprietary_batch2,11.92970477318735,14.588150420450406,4.414125200642055
But I tell you to love your enemies and pray for anyone who mistreats you.,"Bɩ mɔɔ y'a hɩrɛ awɔɔ m: K'a a jɩnnɔ ŋʊa, k'a yaa da Woso m gʊɔɔ kʊ ŋ nɩ fɩr karɛ awɔɔ ma rɔ wɔɔ tɔ ma.","My mother told me: If you wake up early, you will go to Woso and help your father in the farm before the sun gets hot.",output_proprietary_batch2,21.921814172275152,14.588150420450406,4.414125200642055
But you must always act like your Father in heaven.,"K'a maam, k'a yɩ mɩŋŋa paan… amba awɔɔ Zɩ k'a nɩ arzana ʊ n mɩŋŋa paan… bɩ m.»","Let’s go, let’s go together… maybe God will help us if we go together… let’s go.",output_proprietary_batch2,12.621734196637302,14.588150420450406,4.414125200642055
"When you do good deeds, don't try to show off. If you do, you won't get a reward from your Father in heaven.","«A b'a ka k'a a zibəəro mɩŋŋɔɔ ba, kʊ gʊɔɔ n dɩga a ma y. K'awɔɔ ŋ ba kʊ ŋ nɩ dɩga a ma, awɔɔ bɩ ganwʊrɛ yɩm awɔɔ Zɩ k'a nɩ arzana ʊ bɩ zi y.","If you go and find that person, greet him for me. If you see him and greet him for me, he will know that I have remembered him and he will be happy.",output_proprietary_batch2,19.138906206138806,14.588150420450406,4.414125200642055
"When you give to the poor, don't let anyone know about it.","B'ɩbɩɩ, k'ɩ ɩ gan wʊrɛ, k'ɩ jɩsa wɔ bɩ bɩ hɔ k'ɩ bɩsɩ wɔ n'a bam bɩ dɔ y.","First, if you see him, greet him and ask him if he is well.",output_proprietary_batch2,11.458563931446742,14.588150420450406,4.414125200642055
"You should pray like this: Our Father in heaven, help us to honor your name.","«K'awɔɔ k'a yaa da, k'a da ncɩnaaʊ: Wɔɔ Zɩ k'a nɩ arzana ʊ, k'ɩ tɔ n lɛbɔʊrɛ yɩ,","If you want to sleep, sleep peacefully: God will protect you, and you will wake up healthy.",output_proprietary_batch2,15.287048562485989,14.588150420450406,4.414125200642055
"Instead, comb your hair and wash your face.","K'ɩbɩɩ y'ɩ lɛ kʊsɩrɛ, k'ɩ hi da ɩ meer ʊ, ɩ tidəər zɛ ɩ mim ma,","If you want to learn, you must listen well, pay attention to your teacher, and do your work.",output_proprietary_batch2,21.22824876283806,14.588150420450406,4.414125200642055
"Then others won't know you are going without eating. But your Father sees what is done in private, and he will reward you. Treasures in Heaven (Luke","kʊ gʊɔɔ b'a dɔ, ŋ ʊ, ɩ lɛ ɩ kʊsɩ y. Bɩ, k'ɩ Zɩ k'a nɩ lɛɛ k'a nyaakʊm da ʊ bɩ n a dɔ a deem. B'a y'ɩ ganwʊrɛ karɛ ɩ ʊ.» Arzaka k'a nɩ arzana ʊ (Likki","If you love someone, you must always help them. Also, when they are hungry, you should give them food to eat. You should always do good for them.",output_proprietary_batch2,16.976180882515955,14.588150420450406,4.414125200642055
"Don't worry and ask yourselves, “Will we have anything to eat? Will we have anything to drink? Will we have any clothes to wear?”","K'a maam, a b'a heer kɔ a bɩr a hɩrɛ, a ʊ: Bɔ wɔɔ n'a bɩrɛ? Bɔ wɔɔ n'a mire? Bɔ wɔɔ n'a dure ʊ ma?","When he came, he asked her whether she was well, whether she was strong, whether she was healthy: How is your strength? How is your body? How is your health now?",output_proprietary_batch2,17.0288529500132,14.588150420450406,4.414125200642055
Look at the birds in the sky! They don't plant or harvest. They don't even store grain in barns. Yet your Father in heaven takes care of them. Aren't you worth much more than birds?,"K'a dɩga bɛnnɔ ma: ŋ bɩr hɔ duure y, bɩ ŋ bɩr hɔ darɛ y, ŋ bɩr hɔ zarm sɩ ʊ y, b'awɔɔ Zɩ k'a nɩ arzana ʊ bɩ yɩ ŋ tʊrm! Awɔɔ n lɛ da ŋ nɩ gallɛm hɔka ra?","If you want to be strong: you must eat well, you must sleep well, you must work hard, and God will help you to succeed! So why are you not listening to my advice?",output_proprietary_batch2,15.501324124562016,14.588150420450406,4.414125200642055
"God gives such beauty to everything that grows in the fields, even though it is here today and thrown into a fire tomorrow. God will surely do even more for you! Why do you have such little faith?","Bɩ, kʊ Woso ɩ huu dum pooyaa bur ma ncɩnaaʊ, bɩ ta an a ʊ her kʊ sɛ n b'a bɩ booti m, a bɩ huu dure awɔɔ ma an lɛ da brɔɔ m na? Sɩrakarɛ poore zannɔ!","Well, if Woso had not brought the medicine for me yesterday, I would not have been able to get up today, and I would have been in pain all day, right? Thank you very much!",output_proprietary_batch2,20.23363676363786,14.588150420450406,4.414125200642055
Everyone who asks will receive. Everyone who searches will find. And the door will be opened for everyone who knocks.,"Bala, kʊ gʊaa hɔ yɛ, a y'a yɩm. K'a a ka ma, a y'a yɩm. Kʊ gʊaa cɛlɛ zɛ, n y'a gʊm nɩ.","If you go there, tell me. If you see him, tell me. If you go to the market, buy something for me.",output_proprietary_batch2,11.790683144394434,14.588150420450406,4.414125200642055
"On the day of judgment many will call me their Lord. They will say, “We preached in your name, and in your name we forced out demons and worked many miracles.”","Dʊdɔkarɛ hinni ʊ, gʊɔɔ gʊta y'a hɩrɛ: ‹Zuuba, Zuuba, ɩbɩɩ tɔ minto, wɔɔ Woso lɛ si ʊ so ra. Ɩbɩɩ tɔ ma wɔɔ la zinəro ra. Wɔɔ hoserlo ba gʊta ɩbɩɩ tɔ minto.›","Early in the morning, he called his child and said: 'Zuuba, Zuuba, take this message and go to Woso. Take it and give it to the chief. When you return, come straight back to me.'",output_proprietary_batch2,20.668981186289965,14.588150420450406,4.414125200642055
"But I will tell them, “I will have nothing to do with you! Get out of my sight, you evil people!” Two Builders (Luke","Bɩ mɔɔ y'a hɩrɛ ŋ nɩ, mɔɔ ʊ: ‹Mɔɔ n awɔɔ dɔ fɩɩga y. K'a a hʊr mɔɔ jɩr ʊ, mimbʊnyaabənno!› Cɛ jɩr k'an mɩŋŋa (Likki","If someone does something to you, say: ""Don't do that again. If you do it again, I will not forgive you!"" If they do it again, (Likki)",output_proprietary_batch2,21.024703671558616,14.588150420450406,4.414125200642055
That evening many people with demons in them were brought to Jesus. And with only a word he forced out the evil spirits and healed everyone who was sick.,"Yirbəə k'a da bɩ, n bʊr gʊɔɔ m gʊta zinəro n ta ŋ nɩ. Yeezuu meer ba bala an la zinəro wɔɔ ra, an yaabazannɔ wɔɔ waa haay.","When I was young, I used to go to the river to fetch firewood with my friends. Jesus said we should love our friends as ourselves, and help those who are in need.",output_proprietary_batch2,23.92791406464973,14.588150420450406,4.414125200642055
"Jesus went to the home of Peter, where he found that Peter's mother-in-law was sick in bed with fever.","Yeezuu k'a gasʊ Pɩyɛɛr har ʊ bɩ, a Pɩyɛɛr dində yɩ an nɩ wʊtam mɛmarɛ m.","Yesterday when Peter came here, Peter said that he would help me with my work.",output_proprietary_batch2,23.593165718729693,14.588150420450406,4.414125200642055
"A teacher of the Law of Moses came up to him and said, “Teacher, I'll go anywhere with you!”","Wosocikarɩnsaamba deem n a zɔ ma, an a hɩ m, a ʊ: «Karɩnsaamba, mɔɔ zure ɩbɩɩ jɛ ʊ lɛɛ haay k'ɩbɩɩ nɩ taŋ ʊ b'ʊ.»","When the wise man arrived at his house, he said to him, ""Wise man, people say you know everything, so tell us what this is.""",output_proprietary_batch2,20.77532378142653,14.588150420450406,4.414125200642055
"so the disciples went over to him and woke him up. They said, “Lord, wake up! Save us before we drown!”","Karɩndanyɩnɔ wɔɔ n a zɔ ma, ŋn'a gu, ŋn'a hɩ m, ŋ ʊ: «Zuuba, wɔɔ yɔ! Kʊ m bɛɛ m wɔɔ gɩngam!»","The child was crying, and his mother said to him: ""Stop, don't cry! Come and sit here!""",output_proprietary_batch2,18.964495047534257,14.588150420450406,4.414125200642055
"a terrible storm suddenly struck the lake, and waves started splashing into their boat. Jesus was sound asleep,","Lɛɛm bɩ, hɩnhɛr gʊta wuti hi bɩ burə ʊ, an a ŋʊa k'a ka kʊ hi m kɔɔlʊʊ bɩ mom. Yeezuu n bɔkarɛ, an nɩ hinceem bam.","That day, the man went to his farm, and his wife said she would go and fetch water from the river. When she returned, her husband was not there, and she became worried.",output_proprietary_batch2,22.105544587856375,14.588150420450406,4.414125200642055
Not far from there a large herd of pigs was feeding.,"A n bɔkarɛ, kurkuuro cir gʊta ɩ nyɩnta laatʊ b'ʊ, ŋn'ɩ hɔ bɩrɛ.","In the morning, the rooster crows and everyone wakes up, then the day begins.",output_proprietary_batch2,17.393994080176547,14.588150420450406,4.414125200642055
"So the demons begged Jesus, “If you force us out, please send us into those pigs!”","Zinəro wɔɔ n'a yɛm Yeezuu han gʊta, ŋ ʊ: «K'ɩ la wɔɔ ra, k'ɩ wɔɔ nyɔɔ kurkuuro wɔɔ mɛ ʊ.»","The man said to Jesus in the boat, ""If you want, you can make me clean.""",output_proprietary_batch2,20.550990886332208,14.588150420450406,4.414125200642055
"But Jesus knew what was in their minds, and he said, “Why are you thinking such evil things?","Yeezuu k'a hɔ k'a nɩ ŋ heer ʊ bɩ dɔ bɩ, a a hɩ ŋ nɩ, a ʊ: «Bɔ minto, awɔɔ n'a hɔɔn darɛ ncɩnaaʊ?","When he went and met them there, he greeted them, saying: ""My friends, why are you standing here idle?""",output_proprietary_batch2,24.109432123014006,14.588150420450406,4.414125200642055
"After Jesus had gone indoors, the two blind men came up to him. He asked them, “Do you believe I can make you well?” “Yes, Lord,” they answered.","Yeezuu k'a lee ku har ʊ bɩ, bʊʊrɔ wɔɔ a zɔ ma, an ŋ lar, a ʊ: «Awɔɔ sɩra ka a ʊ, mɔɔ yɩ m dam ma, m naa ba ra?» Ŋ n a nyɩ bɔ ʊ, ŋ ʊ: «Ɩɩn…, Zuuba.»","The child went to his mother, greeted her, and said, “Mother, please, I am hungry, what will I eat?” She looked at him and said, “Wait…, Zuuba.”",output_proprietary_batch2,18.83762998420524,14.588150420450406,4.414125200642055
"He said to his disciples, “A large crop is in the fields, but there are only a few workers.","A n a hɩ a karɩndanyɩnɔ wɔɔ m, a ʊ: «Mɔsa zibəə bɩ gʊta, bɩ zibəənyɩnɔ wɔɔ bɩ gʊta y.","And he said to me, he said: ""Moses struck the rock, and the elders struck the rock too.""",output_proprietary_batch2,20.445154585120942,14.588150420450406,4.414125200642055
"Brothers and sisters will betray one another and have each other put to death. Parents will betray their own children, and children will turn against their parents and have them killed.","Danyɩnɔ kʊ kam zɛ ma. Zɩ y'a nyɩ karɛ, n n a zɛ. Nyɩnɔ wutire ŋnɩ jɩm kan a zɩrɔ kɩ, ŋnɩ ŋ ka, ŋnɩ ŋ zɩnzɛ.","The person said he will come. If he does not come, I will go. The person who is with you should wait for you, and if not, he should go.",output_proprietary_batch2,15.088692736183388,14.588150420450406,4.414125200642055
"Because of me, you will be dragged before rulers and kings to tell them and the Gentiles about your faith.",Ŋ tarɛ awɔɔ m kʊrɔ lɛɛzannɔ kan cinno kɩ taa mɔɔ tɔ ma. Naa nɩ nyɩntam kasɛtɩ ŋ mɩŋŋɔɔ kan kɩfɩɩrɔ wɔɔ kɩ lɛɛ.,"If you want me to help you with something, you have to tell me clearly what you want. Otherwise, I will not know what you need and I cannot help you.",output_proprietary_batch2,24.307314661639694,14.588150420450406,4.414125200642055
But you will not really be the one speaking. The Spirit from your Father will tell you what to say.,"Bala, awɔɔ bɛɛ n nɩ meer barɛ a zim y, awɔɔ Zɩ Sɛnt-Ɛspri n nɩ meer k'awɔɔ n n'a bam bɩ darɛ awɔɔ lɛ ʊ.","Now, if you believe in me, you will receive the Holy Spirit and you will have life forever.",output_proprietary_batch2,25.096417869634752,14.588150420450406,4.414125200642055
"Students are not better than their teacher, and slaves are not better than their master.","Karɩndanyɩ bɩ n lɛ da a karɩnsaamba ra y, zibəənyɩ bɩ n lɛ da a zuuba ra sɔ y.","If you eat beans in the morning, you will eat yam in the evening.",output_proprietary_batch2,13.269422949677981,14.588150420450406,4.414125200642055
Aren't two sparrows sold for only a penny? But your Father knows when any one of them falls to the ground.,N bɩr bɛnnɔ hɛɛnm hɩɩya wacɩr la? A n bɔkarɛ deem taan… bɩr gam k'awɔɔ Zɩ bɛɛ zaa ka y.,"My friend, where are you going this evening? I am just sitting here... my friend said he will come but he hasn't come yet.",output_proprietary_batch2,16.998989463375004,14.588150420450406,4.414125200642055
Even the hairs on your head are counted.,"B'awɔɔ, ŋ y'awɔɔ minkə bɩ lɛ dɔ.","I am fine, and you are also fine there.",output_proprietary_batch2,17.612092384336368,14.588150420450406,4.414125200642055
So don't be afraid! You are worth much more than many sparrows. Telling Others about Christ (Luke,"K'a maam, a bɩ nyi ba y. Awɔɔ gore ta ʊ, an lɛ da bɛnnɔ haay ra. (Likki","Don’t cry, he will come back. If you wait for him, you will see him soon.",output_proprietary_batch2,10.930654971782372,14.588150420450406,4.414125200642055
"Don't think I came to bring peace to the earth! I came to bring trouble, not peace.","A b'a hɔɔn da, a ʊ, bʊr mɔɔ ʊ kʊ laafɩɩ n nyɩnta ʊ tara burə ʊ y. Mɔɔ n bʊr kʊ laafɩɩ n nyɩnta ʊ y. Bʊr mɔɔ ʊ zoobarɛ m.","If someone is hungry, they go and ask their friend for food and the friend gives them food. The friend has given them food. The person is happy.",output_proprietary_batch2,13.454188501366424,14.588150420450406,4.414125200642055
"Anyone who welcomes a prophet, just because that person is a prophet, will be given the same reward as a prophet. Anyone who welcomes a good person, just because that person is good, will be given the same reward as a good person.","Kʊ gʊaa wosolɛsinnɩsorazaa si k'an wosolɛsinnɩsorazaa bɩ minto, a wosolɛsinnɩsorazaa ganwʊrɛ yɩm. Kʊ gʊaa gʊaa tɩrga si a tɩrgabaa tɔ ma, a gʊaa tɩrga ganwʊrɛ yɩm.","If you take a story and you don't understand the story well, the story will confuse you. If you take advice and you don't follow the advice, the advice will confuse you.",output_proprietary_batch2,15.304124350022896,14.588150420450406,4.414125200642055
Anyone who welcomes you welcomes me. And anyone who welcomes me also welcomes the one who sent me.,"«Kʊ gʊaa awɔɔ si, mɔɔ a m si. Mɔɔ si k'a ʊ bɩ, bɔzaa ɩ mɔɔ nyɔɔ b'a a si.","If you go somewhere, tell me. If you say you won't go, then I will know you are not going.",output_proprietary_batch2,15.49344406799996,14.588150420450406,4.414125200642055
John was in prison when he heard what Christ was doing. So John sent some of his followers,"Zaan k'a nɩ lɔnnɔcɛ ʊ b'a to an Krista zibəəro wɔɔ mim ma, an a karɩndanyɩnɔ gɔsɩnnɔ nyɔɔ,","If you believe in Christ with all your heart, and confess him with your mouth,",output_proprietary_batch2,18.24704958462403,14.588150420450406,4.414125200642055
"In the towns where Jesus had worked most of his miracles, the people refused to turn to God. So Jesus was upset with them and said:","A m naa, Yeezuu n a sɩŋŋɩda sa, an nɩ nyaa bam kan kʊrɔ k'a hoserlo ba ʊ gʊta bɩ ŋ n a bɔ a taam nɔ wɔɔ kɩ.","When I went, Jesus was preaching, and I saw many people sitting and listening to him as he spoke to them.",output_proprietary_batch2,23.1537844863993,14.588150420450406,4.414125200642055
So I tell you on the day of judgment the people of Sodom will get off easier than you. Come to Me and Rest (Luke,"Naa y'a ka, mɔɔ n'a hɩrɛ awɔɔ m: dʊdɔkarɛ dɔmɩm ʊ, ɩbɩɩ fɩryɩrɛ yɩm kʊsɩ an lɛ da Sodɔm hɔ ra.» Zɩ kan Nyɩ kɩ (Likki","So he said, “My brothers, do not do this evil thing; look, I have two daughters who have not known a man, let me bring them out to you, and do to them as you please, but do nothing to these men, for they have come under the protection of my roof.” This is what Lot said (Genesis)",output_proprietary_batch2,19.83431233995048,14.588150420450406,4.414125200642055
"Take the yoke I give you. Put it on your shoulders and learn from me. I am gentle and humble, and you will find rest.","K'a zu mɔɔ ʊ, k'a mɔɔ hɔdɩndarɛ si, bala, mɔɔ bʊgʊ-bʊgʊ, mɩŋŋazerlezaa m mɔɔ m. Bɩ, awɔɔ nyiro wɔɔ hoonsire yɩm.","Let’s go there, let’s see what is happening, maybe, something strange, I am not sure. Well, maybe you will find your answer there.",output_proprietary_batch2,26.698667319309095,14.588150420450406,4.414125200642055
"So God's promise came true, just as Isaiah the prophet had said,","Kʊ hɔ kʊ wosolɛsinnɩsorazaa Ezayii a hɩ bɩ n kʊ yɩ. A a hɩ, a ʊ:","When you go to the market, greet Ezayi and tell him I am coming. If he asks, say yes.",output_proprietary_batch2,15.912522214805346,14.588150420450406,4.414125200642055
"“Here is my chosen servant! I love him, and he pleases me. I will give him my Spirit, and he will bring justice to the nations.","Mɔɔ Zibəənyɩ kʊ mɔɔ bɔ ʊ bɩ ba n nɩ. Gʊaa kʊ mɔɔ n'a ŋʊam kan m heer kɩ haay bɩ, mɔɔ yɩ m Ɛspri bɩ kaŋ ʊ. A mɔɔ lɛrɔ hɩ m do gʊta m.","Zibenyi’s child and the other child went there. When the child arrived, he greeted them, and they gave him water to drink. Then the child sat down with them.",output_proprietary_batch2,21.230006957332403,14.588150420450406,4.414125200642055
"If you are not on my side, you are against me. If you don't gather in the harvest with me, you scatter it.","Gʊaa k'a ba kan mɔɔ kɩ bɩ, mɔɔ jɩm m. Gʊaa k'a bɩr a dam mɔɔ han an a so kʊ ma bɩ, a hɩsɩga a nawʊm.»","If you don't have something to give, don't take. If you take what belongs to others and you cannot return it, it becomes a burden on you.",output_proprietary_batch2,32.477424924421186,14.588150420450406,4.414125200642055
"Jesus knew what they were thinking, so he said to them: Any kingdom where people fight each other will end up ruined. And a town or family that fights will soon destroy itself.","Yeezuu k'a hɔ kʊ ŋ n'a hɔɔn dam ma bɩ dɔ bɩ, a a hɩ ŋ nɩ, a ʊ: «Kʊ k'a gʊɔɔ bɩr kʊ mam bɩ y'a darɛ. Kʊnɔ gɛɛ, har kʊ kʊmarɛ ba ʊ bɩ y'a dam sɔ.","Yesterday, when he went to the farm and came back, he said: ""Go and bring my hoe from the house. If you come, tell your mother that I have gone to the stream.""",output_proprietary_batch2,22.521283055446027,14.588150420450406,4.414125200642055
"If I use the power of Beelzebul to force out demons, whose power do your own followers use to force them out? Your followers are the ones who will judge you.","Bɩ kʊ Bɛlzebul paŋŋa y'a ka mɔɔ nɩ lam zinəro ra, awɔɔ karɩndanyɩnɔ wɔɔ la kʊ ŋ nawʊrɛ ŋ la sɔ bɩ, ŋ paŋŋa b'a to ka? Bɩ y'a ka ŋ mɩŋŋɔɔ n n'awɔɔ dʊdɔ karɛ.","If Beelzebul is the head of the house and people call him that, how much more will they call the members of his household the same? If they called the master of the house Beelzebul, how much more the members of his household?",output_proprietary_batch2,25.622355805931523,14.588150420450406,4.414125200642055
"it goes off and finds seven other evil spirits even worse than itself. They all come and make their home there, and the person ends up in worse shape than before. That's how it will be with you evil people of today. Jesus' Mother and Brothers (Mark","K'a yɩ ncɩnaaʊ, b'a ta an aa zinəro vantɔɔ gaa saanhɩna, ŋ bʊnyaabaa n lɛ da a mɩŋŋa ra, ŋnɩ bɩ gasʊ, ŋn'a so gʊaa bɩ do ʊ. Gʊaa bɩ do mim bɩ bʊnyaabaa lɛ dam biisi hɔ ra. Zamaana naa do k'an bʊnyaa naa, a mim yɩrɛ ncɩnaaʊ sɔ.» Yeezuu danyɩnɔ mim (Markɩ","If you do not listen, you will not understand what is being said, and you will not know what to do, nor will you be able to help others. Helping others means knowing what is good for them. That is why if you want to help, you must first listen carefully.",output_proprietary_batch2,22.470217402507355,14.588150420450406,4.414125200642055
"Some Pharisees and teachers of the Law of Moses said, “Teacher, we want you to show us a sign from heaven.”","Naa kur bɩ, wosocikarɩnsaambɔɔ kan farizɛɛnrɔ kɩ a sɩŋŋɩda ba, ŋn'a hɩ Yeezuu m, ŋ ʊ: «Karɩnsaamba, wɔɔ lɛ taa k'ɩ hoser ba k'ʊ a yɩ.»","Teacher, this woman was caught in the act of committing adultery.",output_proprietary_batch2,18.84191888465162,14.588150420450406,4.414125200642055
"On the day of judgment the people of Nineveh will stand there with you and condemn you. They turned to God when Jonah preached, and yet here is something far greater than Jonah.","Dʊdɔkarɛ hinni ʊ, Niniivɩ gʊɔɔ wutire, ŋnɩ her gʊɔɔ nɔɔn da lɛ ʊ, ŋnɩ ŋ gumə war bɩ hɩnka ŋ nɩ. Bala, Niniivɩ gʊɔɔ wɔɔ a bɔ a taam ŋnɩ sugur yɛ Zonas Woso lemim padarɛ ma. Bɩ naa ʊ bɩ, gʊaa ta ʊ an lɛ da Zonas ra.","After that, he went to Nineveh, and when he arrived there, he saw that the city was very big. In fact, Nineveh was so large that it took three days to walk across it. He entered the city and walked for one day.",output_proprietary_batch2,27.701945438082653,14.588150420450406,4.414125200642055
"Jesus' disciples came to him and asked, “Why do you use stories to speak to the people?”","Karɩndanyɩnɔ wɔɔ a zɔ Yeezuu ma, ŋn'a hɩ m, ŋ ʊ: «Bɔ m, ɩbɩɩ n tɩr meer ba kan ŋ kɩ hɔbɔkʊrɛnoom nɩ?»","When they brought the child to Jesus, he said, ""Let the children come to me and do not stop them.""",output_proprietary_batch2,20.146972297562773,14.588150420450406,4.414125200642055
"The seeds that fell among the thornbushes are also people who hear the message. But they start worrying about the needs of this life and are fooled by the desire to get rich. So the message gets choked out, and they never produce anything.","Hɔyaa k'a nɩ laarɔ bireyaa ʊ bɩ, gʊɔɔ m, ŋnɩ Woso lemim bɩ ma, durnya hɔɔndama kan a arzaka lɛtaama kɩ ŋ lemim bɩ zɛ, a bɩr nyɩ darɛ y.","Yesterday when I was going to the market, I met Woso on the way, and he told me that if I go to the market tomorrow, I should buy him some medicine.",output_proprietary_batch2,17.170214840653177,14.588150420450406,4.414125200642055
"When the net is full, it is dragged to the shore, and the fishermen sit down to separate the fish. They keep the good ones, but throw the bad ones away.","Kʊ zɔnɔ a han bɩ n y'a gaa, n n bɔ m hi bɩ lɛ ra. N n bɔkarɛ, ŋnɩ nyɩnta, ŋnɩ zɔnɔ mɩŋŋɔɔ wɔɔ nyʊkɔ ʊ, ŋnɩ ŋ zar mɔr ʊ, ŋnɩ zɔnɔ bʊnyaarɔ wɔɔ lo.","If I had known that you would come, I would have prepared food for you. Next time, let me know before you come, so that I can prepare well for you.",output_proprietary_batch2,16.17336580004657,14.588150420450406,4.414125200642055
That's how it will be at the end of time. Angels will come and separate the evil people from the ones who have done right.,"Yɩ a nawʊrɛ ncɩnaaʊ durnya nyarɛ hinni ʊ. Malɛɛkarɔ zɛm bɩ gʊɔɔ bʊnyaarɔ wɔɔ gʊ gʊɔɔ tɩrgarɔ wɔɔ ma,","If you want to succeed in this world, you must work hard and be patient.",output_proprietary_batch2,12.266031975184223,14.588150420450406,4.414125200642055
"When Jesus got out of the boat, he saw the large crowd. He felt sorry for them and healed everyone who was sick.","Yeezuu k'a bɔ kɔɔlʊʊ b'ʊ bɩ, a gʊaa cir yɩ gʊta, gʊɔɔ wɔɔ cicir n a nyasʊ, an a sɩŋŋɩda sa, an nɩ ŋ yaabazannɔ waarɛ.","Yesterday when they went to the farm, they found a snake, they killed it and brought it home, and in the evening they cooked it, and we all ate together.",output_proprietary_batch2,20.758564807271167,14.588150420450406,4.414125200642055
"Jesus asked his disciples to bring the food to him,","Yeezuu n a hɩ ŋ nɩ, a ʊ: «K'a ŋ ka m ʊ naa ʊ».","Yesterday I saw you, and you said: ""I will not go with you.""",output_proprietary_batch2,12.814656172024232,14.588150420450406,4.414125200642055
"Then he went up on a mountain where he could be alone and pray. Later in the evening, he was still there.","K'a zamaa bɩ da zaa ra an a nya bɩ, a a hʊr a deem, an ta ci ra, k'a yaa da. Yirbəə k'a da bɩ, a gɔɔta b'ʊ a deem.","If you want to go and see your friend, greet him first, then you can go. When you meet him, talk to him before you go.",output_proprietary_batch2,16.769821071155544,14.588150420450406,4.414125200642055
"At once, Jesus said to them, “Don't worry! I am Jesus. Don't be afraid.”","Lɛɛm bɩ, Yeezuu meer ba kan ŋ kɩ, a ʊ: «K'a sɩra ka, mɔɔ m, a da bɩ bɔ ʊ y!»","When Jesus saw their faith, he said, ""Take heart, my son, your sins are forgiven!""",output_proprietary_batch2,20.332530578769152,14.588150420450406,4.414125200642055
Is this any way to show respect to your parents? You ignore God's commands in order to follow your own teaching.,Pakra bɛɛ m kʊ gʊaa bɩ do m a da a zɩ kan a da kɩ han y. Woso lemim bɩ zar awɔɔ nawʊrɛ ncɩnaaʊ a yɩnnɩbayɩrɔ wɔɔ minto.,Yesterday I went to the farm but I did not find what I was looking for. My siblings have gone to the market to buy some things for our mother.,output_proprietary_batch2,20.529408785046495,14.588150420450406,4.414125200642055
The food you put into your mouth doesn't make you unclean and unfit to worship God. The bad words that come out of your mouth are what make you unclean.”,"Hɔ k'a nɩ gasʊm gʊaa lɛ ʊ an ta a nɔ ʊ bɩ bɛɛ nɩ dintim kam ma y, bɩ hɔ k'a nɩ bɔm gʊaa lɛ ʊ bɩ nɩ dintim kam ma.»","If you do not like this work and you do not want to do it, you can tell me, and I will find someone else to do it.",output_proprietary_batch2,17.084336529868217,14.588150420450406,4.414125200642055
Jesus then said: Don't any of you know by now what I am talking about?,"Yeezuu n a hɩ, a ʊ: «Awɔɔ gɔɔta, awɔɔ n a jɩ dɔ ra?","Yesterday I came, and he said: ""Are you at home, are you not the one I came to see?""",output_proprietary_batch2,18.293119073203574,14.588150420450406,4.414125200642055
"Out of your heart come evil thoughts, murder, unfaithfulness in marriage, vulgar deeds, stealing, telling lies, and insulting others.","Bala, gʊaa heer hɔɔndarɛ bʊnyaarɔ wɔɔ nɩ bɔŋ ʊ: gərzɛrɛ, jaandarɛ, koorbarɛ, gʊɔɔ tɔ zarlɛ, kan sʊnsɔwʊrɛ kɩ.","Now, there are four types of animals here: those that fly, those that walk, those that crawl, and those that swim in water.",output_proprietary_batch2,16.25309144787323,14.588150420450406,4.414125200642055
"The woman came closer. Then she knelt down and begged, “Please help me, Lord!”","Bɩ, lʊ b'a gu an bɩ kukurə zɛ a taa, an a hɩ m, a ʊ: «Zuuba, bʊr ɩ da mɔɔ han!»","So, when he arrived at the house, he knocked on the door, and they said to him: ""Zuuba, open the door for me!""",output_proprietary_batch2,16.860944240799554,14.588150420450406,4.414125200642055
"Jesus asked them how much food they had. They replied, “Seven small loaves of bread and a few little fish.”","Yeezuu n ŋ lar, a ʊ: «Bur karɔ n ta awɔɔ ʊ?» Ŋ n a nyɩ bɔ ʊ, ŋ ʊ: «Saanhɩna kan zɔ poorenyɩnɔ kɩ.»","One day I asked him, I said: ""Why do you not go there?"" He looked at me and said: ""Because I do not have enough money.""",output_proprietary_batch2,17.659743127970103,14.588150420450406,4.414125200642055
"After Jesus had told the people to sit down,",A n lɛ ka kʊ zamaa bɩ n nyɩnta tara ʊ.,He said that he will come here tomorrow.,output_proprietary_batch2,16.215294034517587,14.588150420450406,4.414125200642055
"he took the seven loaves of bread and the fish and gave thanks. He then broke them and handed them to his disciples, who passed them around to the crowds.","A n bur saanhɩna bɩ sa kan zɔnɔ wɔɔ kɩ an yaa da Woso m barka, an n'a zɩnzɛm la, an n'a kam a karɩndanyɩnɔ wɔɔ ʊ, ŋn'a kam, zamaa b'ʊ.","If I do something wrong and you are not happy with me, please forgive me, I am telling you, I am saying it from the bottom of my heart, truly, forgive me.",output_proprietary_batch2,16.233931204531633,14.588150420450406,4.414125200642055
"Everyone ate all they wanted, and the leftovers filled seven large baskets.","Ŋ n a bɩ, an ŋ ka, an a yɔ, ŋn'a kuuro gʊr kasɩ lɛ ma saanhɩna.","If I go, and you come, and you sit, there will be no one left in the house.",output_proprietary_batch2,19.865821532173683,14.588150420450406,4.414125200642055
"Finally, the disciples understood that Jesus wasn't talking about the yeast used to make bread, but about the teaching of the Pharisees and Sadducees. Who Is Jesus? (Mark","A m naa, karɩndanyɩnɔ wɔɔ n bɔkarɛ, ŋn'a jɩ ma, ŋn'a dɔ ŋ ʊ, bur barɛ nyʊnyɔɔ bɛɛ an n'a hɩm ma y. Farizɛɛnrɔ kan sadisɛɛnrɔ kɩ hɔdɩndarɛ an n'a hɩm ma. Pɩyɛɛr kasɛtɩ karɛ (Markɩ","One day, some people brought a sick person, they asked him, they begged him, but he did not listen to them. The Pharisees and Sadducees were also there but he did not listen to them. This is written in the book of Mark.",output_proprietary_batch2,33.00841689877646,14.588150420450406,4.414125200642055
"Jesus told him: Simon, son of Jonah, you are blessed! You didn't discover this on your own. It was shown to you by my Father in heaven.","Yeezuu n a hɩ m, a ʊ: «Mimbirenyɩntazaa n'ɩbɩɩ m, Sɩmɔɔn, Zonas nyɩnnɩ, bala, gʊaa bɛɛ sɩra naa do hɩnka ɩbɩɩ nɩ y. Mɔɔ Zɩ k'a nɩ arzana ʊ bɩ m.","Jesus said to him, ""Do you love me more than these, Simon, son of Jonah? Feed my lambs."" He said to him again, ""Take care of my sheep.""",output_proprietary_batch2,29.00101255706897,14.588150420450406,4.414125200642055
"Peter took Jesus aside and told him to stop talking like that. He said, “God would never let this happen to you, Lord!”","Pɩyɛɛr n Yeezuu gaa, an bɔ m toore ma, an nɩ nyaa bam kan kɩ, a ʊ. «Woso dɔrɛ ɩ ma kan naa kɩ Zuuba, mim naa do b'ɩ b'ɩ yɩrɛ y.»","When Jesus was going, I followed him, and when we reached there, he said, ""Sit here and wait for me in Zuuba, I will come back for you.""",output_proprietary_batch2,20.449075392488822,14.588150420450406,4.414125200642055
"Then Jesus said to his disciples: If any of you want to be my followers, you must forget about yourself. You must take up your cross and follow me.","Bɩ kur bɩ, Yeezuu a hɩ a karɩndanyɩnɔ wɔɔ m, a ʊ: «Kʊ gʊaa lɛ taa k'a zu mɔɔ ʊ, k'an sɔ a mɩŋŋa m, k'an a gɔdarkʊra busu, an zu mɔɔ ʊ.","Truly, truly, Jesus said to his disciples, he said: ""Go into the town and you will find a man, follow him, and enter the big house, and you will find him.""",output_proprietary_batch2,32.455914368285015,14.588150420450406,4.414125200642055
"Jesus said, “You people are too stubborn to have any faith! How much longer must I be with you? Why do I have to put up with you? Bring the boy here.”","Yeezuu n meerbaa bɩ sa, a ʊ: «Zamaana sɩrakarɛwar zannɔ, gʊɔɔ bʊnyaarɔ, mɔɔ dɔmɩm bam karɔ kan awɔɔ kɩ? Dɔmɩm karɔ mɔɔ nɩ m yarɛ, m yɛ kɔrɛ ma awɔɔ minto? K'a bʊr m mɔɔ zi.»","Yesterday at the market, he said: ""In these modern times, who can find a good person, someone who will truly love you? If someone loves me and I love them, should I still look for another? Let me just stay with the one I have.""",output_proprietary_batch2,20.702513704727327,14.588150420450406,4.414125200642055
"Jesus replied: It is because you don't have enough faith! But I can promise you this. If you had faith no larger than a mustard seed, you could tell this mountain to move from here to there. And it would. Everything would be possible for you. Jesus Again Speaks about His Death (Mark","Bɩ, zinə ncɩnaaʊ bɩ, hɔ ba ʊ an b'a dam ma an a ka, an bɔ, kʊ yaadarɛ bɛɛ kan lɛkʊsɩrɛ kɩ y.]» Yeezuu a ya, an n'a zɛ mim dɩndam (Markɩ","Yes, truly I say to you, there is no one who has left house or brothers or sisters or mother or father or children or fields for me and for the gospel, who will not receive a hundred times as much...",output_proprietary_batch2,18.12221741062973,14.588150420450406,4.414125200642055
"But we don't want to cause trouble. So go cast a line into the lake and pull out the first fish you hook. Open its mouth, and you will find a coin. Use it to pay your taxes and mine.”","Bɩ k'ʊ lɛ baa kʊ ŋ n'a hɩ, ŋ ʊ, ʊ ʊ zar a ma bɩ, ta higʊta b'ʊ, ɩ yaa ka zo hi b'ʊ. Zɔ niŋŋə k'a nɩ lɛɛ kam an ka bɩ mom bɩ, bɔ zɔ bɩ do m, ɩ lɛ gʊ, ɩbɩɩ busoo yɩrɛ a lɛ b'ʊ, an nɩ mɔɔ kan ɩbɩɩ kɩ yawʊr karɛ bɔm. K'ɩ bɔ ʊ, ɩ b'a ka yawʊrsinno wɔɔ ʊ.»","If you see someone in need, help them, do not wait for them to ask you. That is how we build a good community, by supporting each other, sharing what we have, and making sure everyone is cared for. When you do this, you will be remembered as someone who helped others.",output_proprietary_batch2,23.95800332184983,14.588150420450406,4.414125200642055
"If your hand or foot causes you to sin, chop it off and throw it away! You would be better off to go into life paralyzed or lame than to have two hands or two feet and be thrown into the fire that never goes out.","K'ɩ wɔ gɛɛ, ɩ gam y'ɩ dam mimbʊnyaa barɛ ma, k'ɩ zɛ ra, ɩ zo laatʊ ɩ ma k'ɩ gasʊ mɩsɩrbaa k'a nyarɛ ba ʊ b'ʊ, ɩ wɔ deem m, gɛɛ ɩ gam deem m, bɩ jɩra, gasʊ k'ɩbɩɩ nawʊrɛ ɩ wɔ hɩɩya m, gɛɛ ɩ gam hɩɩya m sɛhar k'a lihire ba ʊ bɩ nɔ ʊ bɩ m.","If you agree, I will give you this opportunity, if you refuse, I will go and look for someone else to give this chance to, but if you accept, then I will accept you, and we will work together, so that this work will be successful for both of us.",output_proprietary_batch2,23.030220730933127,14.588150420450406,4.414125200642055
The king felt sorry for him and let him go free. He even told the official that he did not have to pay back the money.,"Gʊaa bɩ cicir n cir bɩ nyasʊ, an zɩm bɩ to m, an a da zaa ra.","If you want to do something good, you must think well, and do it with all your heart.",output_proprietary_batch2,15.4109926294314,14.588150420450406,4.414125200642055
The king was so angry that he ordered the official to be tortured until he could pay back everything he owed.,"Cir bɩ nɔ n ma ʊ gʊta, an gʊaa bɩ du lɔnnɔcɛ ʊ k'an fɩr yɩ, k'an zɩm bɩ ka haay.»","If you see that someone is suffering, you should help them, so that you too will be helped in the future.",output_proprietary_batch2,20.534761530982003,14.588150420450406,4.414125200642055
"Some Pharisees wanted to test Jesus. They came up to him and asked, “Is it right for a man to divorce his wife for just any reason?”","Farizɛɛnrɔ n a zɔ ma, k'a nyasʊ meerbaa nɔ ʊ, ŋnɩ laaka da han, ŋ ʊ: «Gʊaa a da ma, an la a lʊ ra, baa kʊ mim kara m na?»","The Pharisee stood by himself and prayed like this: ""God, I thank you that I am not like other people, robbers, evildoers, adulterers, or even like this tax collector.""",output_proprietary_batch2,22.931569035225984,14.588150420450406,4.414125200642055
"Jesus answered, “Don't you know in the beginning the Creator made a man and a woman?","A n a nyɩ bɔ ʊ, a ʊ: «Awɔɔ n a karɩnda ba Wosoci b'ʊ ra? A ʊ: ‹A sɩŋŋɩda ʊ bɩ, Woso gʊaa da kan lʊ kɩ.›","He/she asked him/her, he/she said: ""Why did you not bring the letter to Woso?"" He/she said: ""I forgot it, Woso will be angry with me.""",output_proprietary_batch2,18.296361537983945,14.588150420450406,4.414125200642055
"The Pharisees asked Jesus, “Why did Moses say a man could write out divorce papers and send his wife away?”","Farizɛɛnrɔ wɔɔ n a lar, ŋ ʊ: «Bɔ m Moyiisi ʊ, n nɩ harcɩntarɛ kaansʊrɛ ci ba, kʊ n nɩ bɔkarɛ n nɩ la lʊ ra?»","Some Pharisees came to him and said, ""Is it lawful for a man to divorce his wife for any and every reason?""",output_proprietary_batch2,31.138331232433224,14.588150420450406,4.414125200642055
"After Jesus had placed his hands on the children, he left. A Rich Young Man (Mark","A n a wɔ ka nyɩnɔ wɔɔ mim la, an a hʊr lɛɛ bɩ do ʊ. Yeezuu kan arzakazaa kɩ (Markɩ","If you do not forgive others, your Father will not forgive you. Jesus said this (Mark)",output_proprietary_batch2,18.611500186233876,14.588150420450406,4.414125200642055
Take your money now and go! What business is it of yours if I want to pay them the same that I paid you?,"Ɩ zibəə busoo si k'ɩ hʊr. Mɔɔ lɛ taa kʊ m busoo ka gʊaa k'a bʊr jɛ ʊ naa ʊ, amba mɔɔ lɛ n taa kʊ m a ka ɩbɩɩ ʊ naa m.","If you love someone and they hurt you, you can either stay with them and forgive them, or you can leave them and find your own peace.",output_proprietary_batch2,22.38848663491414,14.588150420450406,4.414125200642055
"As Jesus was on his way to Jerusalem, he took his twelve disciples aside and told them in private:","Yeezuu a hʊr, an nɩ tam Zerizalɛm ʊ. A n karɩndanyɩnɔ bueerehɩɩyɔɔ wɔɔ gaa a hɔ, ŋn'ɩ tarɛ, an n'a hɩrɛ ŋ nɩ, a ʊ:","One day, he got up and went to Jerusalem. As he was approaching the city, he saw it, and he wept over it, saying:",output_proprietary_batch2,26.78560977794521,14.588150420450406,4.414125200642055
"When the ten other disciples heard this, they were angry with the two brothers.","Karɩndanyɩnɔ buro kʊ ŋ gɔɔta rɔ wɔɔ kʊ ŋ naa ma bɩ, ŋ nɔ ma ʊ kan danyɩnɔ hɩɩyɔɔ wɔɔ kɩ.","If you see a thief and you do not report him, you are also like the thief.",output_proprietary_batch2,16.160903604084563,14.588150420450406,4.414125200642055
"The Son of Man did not come to be a slave master, but a slave who will give his life to rescue many people. Jesus Heals Two Blind Men (Mark","Bala, Gʊaanyɩ bɩ n bʊr kʊ gʊɔɔ n'a hɔɔnhɔ ba y, bʊr a ʊ k'a b'a ba gʊɔɔ zibəənyɩ, k'a ga, kʊ gʊɔɔ gʊta n bʊmbɔrɛ yɩ.» Zeriko bʊʊrɔ hɩɩyɔɔ waarɛ (Markɩ","Then, Jesus said to them, ""A prophet is not without honor except in his own town, among his relatives and in his own home."" (Mark)",output_proprietary_batch2,21.34719587026759,14.588150420450406,4.414125200642055
"So they told Jesus, “We don't know.” Jesus said, “Then I won't tell you who gave me the right to do what I do.” A Story about Two Sons","A m naa, ŋn'a nyɩ bɔ Yeezuu nʊ, ŋ ʊ: «Wɔɔ n a dɔ y.» Yeezuu n a hɩ ŋ nɩ, a ʊ: «Mɔɔ bɩ lɛ kʊ mɔɔ n ta m, m nɩ naa bam bɩ jɩ hɩrɛ awɔɔ m sɔ y.» Gʊaa nyɩnɔ hɩɩyɔɔ hɔbɔkʊrɛnoom","When he saw Jesus, he said to him, ""If you are willing, you can make me clean."" Jesus reached out his hand and touched him, saying, ""I am willing; be clean!"" Immediately the leprosy left him.",output_proprietary_batch2,20.10011809509825,14.588150420450406,4.414125200642055
"His son told him he would not do it, but later he changed his mind and went.","Nyɩ bɩ n a nyɩ bɔ ʊ, a ʊ: ‹Mɔɔ bɩ tarɛ y.› Maasɩrɛ k'a ba bɩ, a a hɔɔndarɛ lʊr an ta hɔsɩra b'ʊ.","When he saw him, he said to him: ""Come and sit here."" After he sat down, he took out some money and gave it to him.",output_proprietary_batch2,20.627802565823828,14.588150420450406,4.414125200642055
"When John the Baptist showed you how to do right, you would not believe him. But these evil people did believe. And even when you saw what they did, you still would not change your minds and believe. Renters of a Vineyard (Mark","Bala, Zaan-Batiisi bʊr awɔɔ zi, an zaa mɩŋŋa hɩnka awɔɔ m, b'awɔɔ n a mim si y. Bɩ, yawʊrsinno kan lannɔ kʊ ŋ n'a mɩŋŋa hɛɛnm nɔ kɩ a mim si. Awɔɔ naa yɩ, b'awɔɔ gɔɔta awɔɔ n a bɔ a taam k'a mim si y.» Wutu dɔmazannɔ bʊnyaarɔ hɔbɔkʊrɛnoom (Markɩ","Then, Jesus said to them, “You will all fall away, for it is written: ‘I will strike the shepherd, and the sheep will be scattered.’ But after I have risen, I will go ahead of you into Galilee.” Peter declared, “Even if all fall away, I will not.” (Mark)",output_proprietary_batch2,20.58042070425764,14.588150420450406,4.414125200642055
"But the renters grabbed those servants. They beat up one, killed one, and stoned one of them to death.","Zibəənyɩnɔ wɔɔ n ŋ nyasʊ, ŋnɩ deem dundu, ŋnɩ deem zɛ gər, ŋnɩ deem bɩmba jaarɔ m, ŋn'a zɛ, an ga.","The wise person has knowledge, knows how to live, knows what is good, knows how to solve problems, and because of that, is respected.",output_proprietary_batch2,21.810921162184787,14.588150420450406,4.414125200642055
I tell you God's kingdom will be taken from you and given to people who will do what he demands.,"Bɩ y'a ka, mɔɔ n'a hɩrɛ awɔɔ m, mɔɔ ʊ, n Woso cirbəə bɩ yɔrɛ awɔɔ m, n n a ka do vanta ʊ an cirbəə bɩ zibəə k'a a ga m bɩ ba. [","When I was there, someone greeted me, and then Woso's child also greeted me, and I told him to go with the child to the house, but he refused to go with me.",output_proprietary_batch2,18.207499860230207,14.588150420450406,4.414125200642055
"The king sent some servants to tell the invited guests to come to the banquet, but the guests refused.","A n a zibəənyɩnɔ nyɔɔ kʊ ŋ n'aa gʊɔɔ k'a hɩ ŋ nɩ kʊ ŋ nɩ bɩ cibsa bɩ rɔ wɔɔ bir, ŋnɩ bɔkarɛ ŋ ʊ, a bɩ zɛrɛ y.","If a person wants to do something and he does not have the strength to do it, he should ask others for help, and if they agree, it will be done.",output_proprietary_batch2,24.084992901867498,14.588150420450406,4.414125200642055
"He sent other servants to say to the guests, “The banquet is ready! My cattle and prize calves have all been prepared. Everything is ready. Come to the banquet!”","A n a ya, an zibəənyɩnɔ vantɔɔ nyɔɔ an a hɩ ŋ nɩ, a ʊ: ‹K'a yaa hɩ gʊɔɔ kʊ mɔɔ ŋ bir cibsa bɩ ma rɔ wɔɔ m, a ʊ: mɔɔ cibsa bɩ banka m a nya, mɔɔ m dono zɩnzɛ kan m hɔbɩsɩrɔ gʊtɔɔ kɩ, hɔ haay banka, k'a bʊr cibsa bɩ ma kɛɛrɛ.›","So he said, he called his child and told him, he said: ‘Go and bring me my bag from the room, and if you see money in it, bring it to me, but if you see a book, leave it there, just bring the bag, don’t take the book.’",output_proprietary_batch2,20.740892223759747,14.588150420450406,4.414125200642055
"Then he said to the servants, “It is time for the wedding banquet, and the invited guests don't deserve to come.","A m naa, an a hɩ a zibəənyɩnɔ m, a ʊ: ‹Cibsa bɩ hɔbɩrɛ bɩ bankarɛ nya, bɩ gʊɔɔ kʊ mɔɔ hɩ ŋ nɩ rɔ wɔɔ n a ga kʊ ʊ ba y.","When I arrived, I heard my friend say: ""If you want to save money in the bank, you have to go there early in the morning so that you can finish quickly and return.""",output_proprietary_batch2,20.474421408088055,14.588150420450406,4.414125200642055
"They sent some of their followers and some of Herod's followers to say to him, “Teacher, we know that you are honest. You teach the truth about what God wants people to do. And you treat everyone with the same respect, no matter who they are.","Ŋ n a karɩndanyɩnɔ kan Hɩrɔɔdɩ jɛzannɔ kɩ nyɔɔ Yeezuu zi, kʊ ŋ n'aa hɩ m, ŋ ʊ: «Karɩnsaamba, wɔɔ dɔ wɔɔ ʊ sɩra ɩbɩɩ n'a hɩm, Woso zaa ɩbɩɩ n'a dɩndam sɩra bɩncɛ ʊ, ɩbɩɩ bɩr nyi bam gʊɔɔ nɩ y, b'ɩbɩɩ bɩr gʊɔɔ nyʊkɔŋ ʊ sɔ y.","When the wise men came to Herod and asked about where Jesus was born, he told them, ""Wise men, go and search carefully for the child, and when you have found him, let me know, so that I too may go and worship him.""",output_proprietary_batch2,23.642301375961544,14.588150420450406,4.414125200642055
The Sadducees did not believe people would rise to life after death. So that same day some of the Sadducees came to Jesus and said:,"Hinni bɩ do ʊ bɩ, sadisɛɛnrɔ gɔsɩnnɔ bʊr Yeezuu zi. Bala, sadisɛɛnrɔ wɔɔ ʊ gəəno mɩmbɔʊrɛ b'a ʊ y. Ŋ n laaka da Yeezuu han, ŋ ʊ:","[When he saw him, the priest passed by on the other side. Likewise, a Levite, when he came to the place and saw him, passed by on the other side. But a Samaritan, as he traveled, came where the man was;",output_proprietary_batch2,21.30592875013794,14.588150420450406,4.414125200642055
‘The Lord said to my Lord: Sit at my right side until I make your enemies into a footstool for you.’,"Zuuba Woso a hɩ mɔɔ zuuba m, a ʊ: nyɩnta mɔɔ bɩsɩ ʊ, kʊ m tolle ba m a ka, k'ɩ jɩnnɔ wɔɔ n nyɩnta ɩ gam taa.","If someone gives me their bag, and I see that it is heavy, I will not take it far, because I know I cannot carry it far.",output_proprietary_batch2,14.529727352396613,14.588150420450406,4.414125200642055
"Jerusalem, Jerusalem! Your people have killed the prophets and have stoned the messengers who were sent to you. I have often wanted to gather your people, as a hen gathers her chicks under her wings. But you wouldn't let me.","«Zerizalɛm, Zerizalɛm, ɩbɩɩ k'ɩ nɩ wosolɛsinnɩsorazannɔ zɩnzɛm, ɩ nɩ gʊɔɔ kʊ Woso ŋ nyɔɔ ɩ ma rɔ wɔɔ bɩmbam jaarɔ m bɩ! Mɔɔ gallɛm karɔ m a ŋʊa kʊ m ɩ ɩ zamaa so kʊ ma m taa amba kʊrda tɩr a nyɩnɔ so kʊ ma a zarɔ taa bɩ m, b'awɔɔ n yɛ!","Jerusalem, Jerusalem, you who kill the prophets and stone those sent to you, how often I have longed to gather your children together as a hen gathers her chicks under her wings, but you were not willing!",output_proprietary_batch2,57.08304585160157,14.588150420450406,4.414125200642055
The Pharisees and the teachers of the Law are experts in the Law of Moses.,"«Wosocikarɩnsaambɔɔ wɔɔ kan farizɛɛnrɔ wɔɔ kɩ, Moyiisi lɛrɔ wɔɔ ŋn'a hɩnkam gʊɔɔ m.","Some Pharisees came to him, testing him, and asked, ""Is it lawful for a man to divorce his wife?""",output_proprietary_batch2,24.22950816269044,14.588150420450406,4.414125200642055
"And when they are in the market, they like to have people greet them as their teachers.","A ŋʊa ŋ tɩr a ʊ kʊ ŋ nɩ bɩr yaa darɛ a m mɩŋŋa gʊɔɔ gaa ʊ, kʊ gʊɔɔ n bɩr a birm karɩnsaamba.","If you go to the farm and you see a snake, do not kill it, because the snake is the owner of the farm.",output_proprietary_batch2,19.635886655040267,14.588150420450406,4.414125200642055
"But none of you should be called a teacher. You have only one teacher, and all of you are like brothers and sisters.","B'awɔɔ, a bɩ yɛ kʊ n n'a bir karɩnsaamba y, bala, danyɩnɔ n'awɔɔ m haay, awɔɔ karɩnsaamba bɩ deem.","Yesterday, he went to his friend's house, but, because it was late, he did not stay long; he left his friend's house quickly.",output_proprietary_batch2,20.108563651909478,14.588150420450406,4.414125200642055
"You blind fools! Which is greater, the gold or the temple that makes the gold sacred?","Hɔɔnwarzannɔ, bʊʊrɔ n'awɔɔ m! Kara ɩ lɛ da a mim nɩ? Sarma bɩ m gɛɛ, Wosocɛ k'a ka sarma bɩ nɩ yɩm Woso hɔ bɩ nɩ?","Friend, come and see me! How are you doing these days? Please help me, can you help me with what I asked you about?",output_proprietary_batch2,17.543492455964568,14.588150420450406,4.414125200642055
You blind leaders! You strain out a small fly but swallow a camel.,"Awɔɔ k'an bʊʊrɔ, an nɩ zaa hɩnkam bɩ, awɔɔ y'a hɔ mire sʊrm k'a mɛɛm bɔ ʊ, b'awɔɔ ɩ yoonde monɩm.","When you are sick, and you have no medicine, you should go to the person who knows how to help you, so that you can get well quickly.",output_proprietary_batch2,15.347055270008154,14.588150420450406,4.414125200642055
"You blind Pharisee! First clean the inside of a cup, and then the outside will also be clean.","Farizɛn, bʊʊ n'ɩbɩɩ m, lɛɛ ka ɩ hɔmihɔ bɩ nɔ sʊrgɔ, a burə bɩ hu bɔm sɔ.","Yesterday, my friend came, and when he saw the food, he asked for some to eat.",output_proprietary_batch2,15.522678220767054,14.588150420450406,4.414125200642055
But you prove you really are the relatives of the ones who killed the prophets.,"Naa minto bɩ, awɔɔ mɩŋŋɔɔ nɩ kasɛtɩ karɛ a ʊ, gʊɔɔ kʊ ŋ wosolɛsinnɩsorazannɔ wɔɔ zɩnzɛ rɔ wɔɔ nyɩnɔ n'awɔɔ m.","When I was there, I saw that she took her bag, went and greeted the elders who were sitting under the tree with her mother.",output_proprietary_batch2,20.418312175759073,14.588150420450406,4.414125200642055
It will be a terrible time for women who are expecting babies or nursing young children.,"Dɔmɩnnɔ wɔɔ duro ʊ, a yɩm kʊsɩ lannɔ jɩsɩzannɔ wɔɔ ma, kan lannɔ kʊ ŋ nɩ nyɔ karɛ a nyɩnɔ ʊ rɔ wɔɔ kɩ.","The leader is strong, and when he speaks everyone listens, but everyone also knows that if he is not careful he will fall.",output_proprietary_batch2,17.939992847132697,14.588150420450406,4.414125200642055
"If you are out in the field, don't go back for your coat.","Gʊaa k'a n'a hɔsɩra ʊ sɔ bɩ, a bɩ doo k'a yaa a huu sa y.","If you go to the hospital and you are sick, they will give you medicine to make you well.",output_proprietary_batch2,24.351623025157163,14.588150420450406,4.414125200642055
"If God doesn't make the time shorter, no one will be left alive. But because of God's chosen ones, he will make the time shorter.","Kʊ Woso bɛɛ dɔmɩnnɔ nɔɔn duro bɔrɛ, gɔsɩ bɩ larɛ y. Bɩ, a ŋ bɔrɛ a gʊɔɔ k'a ŋ nyʊkɔ ʊ rɔ wɔɔ minto.","If Woso joins them to eat porridge, they will give him some. But, if there is no porridge, he will not get anything to eat.",output_proprietary_batch2,22.32599441360648,14.588150420450406,4.414125200642055
"Homeowners never know when a thief is coming, and they are always on guard to keep one from breaking in.","K'a mim naa do jɩ ma mɩŋŋa. Kʊ harzaa b'a dɔ a ʊ, koor bɩ zɛm gunuu wakatɩ naa do ma, a bɩ hinceem barɛ y, a bɩ koor bɩ tore an gasʊ a cɛ b'ʊ y.","Let me tell you what happened. If someone does something to you, and you keep quiet for a long time without saying anything, they will think it is good, and they will keep doing it to you as if it is right.",output_proprietary_batch2,25.308914543456716,14.588150420450406,4.414125200642055
Servants are fortunate if their master comes and finds them doing their job.,"Zibəənyɩ bɩ do nyɩntam mimbirenyɩntazaa, k'a lɛɛzaa b'a wusigə an bʊr har ʊ, an b'a ku an nɩ zibəə k'a ka ʊ bɩ barɛ.","If someone tells you something important, you should keep it in your heart and not go and tell others what you were told.",output_proprietary_batch2,19.836313507004313,14.588150420450406,4.414125200642055
You may be sure a servant who is always faithful will be put in charge of everything the master owns.,"Sɩra mɔɔ n'a hɩrɛ awɔɔ m, lɛɛzaa bɩ y'a kam an yɩ a har bɩ haay arzaka dɔmazaa.","If someone helps you today, remember to also help others when you have the opportunity.",output_proprietary_batch2,15.428143720147428,14.588150420450406,4.414125200642055
Suppose this evil servant starts beating the other servants and eats and drinks with people who are drunk.,"A n wuti, an a muno wɔɔ zɛ, an hɔ bɩ, an bɛɛ mi kan bɛɛminno kɩ.","If you come, and you see me, and you greet me, I will also greet you.",output_proprietary_batch2,9.38486689409919,14.588150420450406,4.414125200642055
This servant will then be punished and thrown out with the ones who only pretended to serve their master. There they will cry and grit their teeth in pain.,"A zibəənyɩ bɩ hʊnhʊrm mɩŋŋa, an zambʊzannɔ fɩryɩrɛ ka ma, bɩncɛ niŋŋə k'a nɩ nyi kaŋ ʊ, an a sɔ sʊ ʊ b'ʊ.»","If you do not listen to me, and continue doing what you want, do not say that I did not warn you, because I have told you already.",output_proprietary_batch2,13.949976876261722,14.588150420450406,4.414125200642055
"the foolish ones said to the others, “Let us have some of your oil! Our lamps are going out.”","Ŋ hɔɔn ba ʊ rɔ wɔɔ n'a hɩm, ŋ ʊ: ‹K'a nyɔɔ bɩ ka wɔɔ ʊ poore, bala, wɔɔ fɩtɩrɛrɔ wɔɔ ɩ lihim.›","If someone does something to you, say: ""Let it go and forgive them, but do not forget what they did.""",output_proprietary_batch2,21.766400246063604,14.588150420450406,4.414125200642055
Some time later the master of those servants returned. He called them in and asked what they had done with his money.,"Zibəənyɩnɔ wɔɔ zuuba bɩ, k'a ta tee… bɩ, a a bɔ an bʊr, an n'a busoo bɩ mim laaka darɛ ŋ han.","The elders said that, if you go… and you do not return, then your people will not know what happened to you.",output_proprietary_batch2,19.791007063776856,14.588150420450406,4.414125200642055
I was frightened and went out and hid your money in the ground. Here is every single coin!”,"Nyibəə mɔɔ nyasʊ, mɔɔ n ta m aa ɩ busoo bɩ biitə tara ʊ, dɩga, ɩ busoo bɩ ba n nɩ.›","If someone loves you, they will not let you suffer, rather, they will help you in times of trouble.",output_proprietary_batch2,15.992771892928232,14.588150420450406,4.414125200642055
"The people of all nations will be brought before him, and he will separate them, as shepherds separate their sheep from their goats.","Durnya kʊrɔ haay gʊɔɔ y'a som kʊ ma a lɛɛ, an gʊɔɔ gʊngʊ a hɔ, amba hɔbɩsɩrɔ dundor tɩr seero gʊ biiro ma bɩ m.","The world is hard but if you are strong, you will survive, even if problems come, don't give up because good things will come to you.",output_proprietary_batch2,18.646970569965955,14.588150420450406,4.414125200642055
"Then the king will say to those on his left, “Get away from me! You are under God's curse. Go into the everlasting fire prepared for the devil and his angels!","Naa jɛ ʊ, a y'a hɩm jɩsa ra zannɔ wɔɔ m, a ʊ: ‹K'a jɩ bɔ mɔɔ ma a ta laatʊ, awɔɔ kʊ Woso lerbɔrɛ bʊnyaa n'a jɛ ʊ, k'a ta sɛ k'a lihire ba ʊ, n n a banka Sʊtaana kan a malɛɛkarɔ kɩ minto b'ʊ.","So he said, when he finished saying this to me, he said: ""If you see me again in the future, or if you go to Woso town and see me, don't be surprised, don't be afraid of me, because I am Sutaana who has taken the form of a human to speak with you.""",output_proprietary_batch2,21.17526679226055,14.588150420450406,4.414125200642055
Corinthians,Korɛntɩ zannɔ,The visitor has come,output_proprietary_batch2,12.417374348781884,14.588150420450406,4.414125200642055
We could have sold this perfume for a lot of money and given it to the poor.”,"N y'a da ma, n nɩ tidəər naa do hɛɛ busoo gʊta ma, n n a ka ŋʊazannɔ ʊ.»","My mother said, if I go there and don't find the person, I should come back home.",output_proprietary_batch2,21.503001555958786,14.588150420450406,4.414125200642055
Then they sang a hymn and went out to the Mount of Olives. Peter's Promise (Mark,"Kʊ ŋ cibsa bɩ laarɔ lɔ ŋn'a nya bɩ, ŋ y'a hʊr ŋnɩ ta Oliviyee ci ra. Yeezuu ɩ Pɩyɛɛr bɩsɩkarɛ mim hɩm (Markɩ","When the women arrived at the tomb, they saw that the stone had been rolled away. Jesus appeared to Mary Magdalene first (Mark)",output_proprietary_batch2,25.680444849047323,14.588150420450406,4.414125200642055
and from then on he started looking for a good chance to betray Jesus. Jesus Eats the Passover Meal with His Disciples (Mark,"Dɔmɩm bɩ do tɛkka ʊ, Zidas y'a kam toore mɩŋŋa ma k'a Yeezuu nyasʊ a ka ŋ ʊ. Yeezuu ɩ pakkɩ hɔbɩrɛ bɩm kan a karɩndanyɩnɔ kɩ (Markɩ","When they arrived there, Zidas ran ahead to see Jesus who was passing by. Jesus looked up and saw him in the tree (Mark)",output_proprietary_batch2,25.121415152101996,14.588150420450406,4.414125200642055
"On the first day of the Festival of Thin Bread, Jesus' disciples came to him and asked, “Where do you want us to prepare the Passover meal?”","Bur kʊ n nɩ nyʊnyɔɔ da ʊ cibsa lɛɛkarɛ dɔmɩm ma bɩ, karɩndanyɩnɔ wɔɔ bʊr Yeezuu zi, ŋn'a lar, ŋ ʊ: «Ɩbɩɩ lɛ n taa kʊ aa pakkɩ hɔbɩrɛ banka lɛɛ kara ʊ ɩbɩɩ minto?»","But when they were still there talking among themselves, a certain man came to Jesus and said, ""Teacher, tell my brother to share the inheritance with me.""",output_proprietary_batch2,23.680887076368073,14.588150420450406,4.414125200642055
"From now on I am not going to drink any wine, until I drink new wine with you in my Father's kingdom.”","A hɩ mɔɔ nawʊrɛ awɔɔ m, mɔɔ bɩ m yarɛ m dɩvɛn daa mi dʊntɔ y, an ta an dɔmɩm kʊ mɔɔ n a mim kan awɔɔ kɩ m Zɩ cirbəə nɔ ʊ bɩ ku.»","If I had known earlier, I would have helped you so that you would not have suffered like this, but now I am late because I just heard about it from Zɩ cirbəə who told me.",output_proprietary_batch2,15.498380263986311,14.588150420450406,4.414125200642055
"Jesus took along Peter and the two brothers, James and John. He was very sad and troubled,",A n Pɩyɛɛr gaa kan Zebedee nyɩnɔ hɩɩyɔɔ wɔɔ kɩ. Heerzar kan dabɔʊ kɩ gasʊ ʊ.,And Peter and Zebedee’s son went there. They saw the place and entered it.,output_proprietary_batch2,21.318340762355774,14.588150420450406,4.414125200642055
"Jesus replied, “My friend, do what you came for.” The men grabbed Jesus and arrested him.","Yeezuu n a hɩ m, a ʊ: «M gʊaasɩba, hɔ k'ɩ bʊr, kɩ b'a ba bɩ ba.» A m naa, gʊɔɔ wɔɔ n a zɔ Yeezuu ma, ŋn'a nyasʊ.","Jesus said to him, ""Get up, pick up your mat, and walk."" Immediately, the man was healed, took his mat, and walked.",output_proprietary_batch2,18.93534403088852,14.588150420450406,4.414125200642055
One of Jesus' followers pulled out a sword. He struck the servant of the high priest and cut off his ear.,"Bɩ, gʊɔɔ kʊ ŋ nɩ kan Yeezuu kɩ rɔ wɔɔ gʊaa deem a kargʊ gaa ʊ, an wosocɛmannɩbər jɩtaarɛ bɩ zibəənyɩ deem sakʊ, an a tʊr gʊ ma.","Yes, go and tell them that Jesus has risen from the dead, and whoever believes in him will receive eternal life, and will not die again.",output_proprietary_batch2,18.395104525125912,14.588150420450406,4.414125200642055
"and said, “You think you are the Messiah! So tell us who hit you!” Peter Says He Doesn't Know Jesus (Mark","«Wosolɛsinnɩsorazaa zi ba, ɩ hɩ wɔɔ m, Krista, nka y'ɩ zɛ?» Pɩyɛɛr bɩsɩ karɛ (Markɩ","“Teacher, we have left everything to follow you. What then will we get?” Peter asked (Mark)",output_proprietary_batch2,19.224027402733057,14.588150420450406,4.414125200642055
"While Peter was sitting out in the courtyard, a servant girl came up to him and said, “You were with Jesus from Galilee.”","Kʊ Pɩyɛɛr nɩ nyɩntam tɩnsara b'ʊ bɩ, wosocɛmannɩbər jɩtaarɛ bɩ zibəənyɩlʊrɔ wɔɔ gʊaa deem a zɔ ma, an a hɩ m, a ʊ: «Ɩbɩɩ ɩ kan Galilee gʊaa Yeezuu bɩ kɩ sɔ!»","When Peter was still speaking, a group of people came from the chief priest's house, and they said, ""Surely you are one of them; you also were with Jesus of Galilee!""",output_proprietary_batch2,37.48470336967854,14.588150420450406,4.414125200642055
"But in front of everyone Peter said, “That isn't so! I don't know what you are talking about!”","Pɩyɛɛr n bɩsɩ ka gʊaa haay lɛɛ, an n'a hɩrɛ, a ʊ: «Mɔɔ n hɔ k'ɩbɩɩ ʊ k'ɩ hɩ naa jɩ dɔ y.»","When the woman was about to go to the market, her child told her, ""Mother, when you go, buy me some food.""",output_proprietary_batch2,15.994642940222953,14.588150420450406,4.414125200642055
"Peter began to curse and swear, “I don't know that man!” Right then a rooster crowed,","Pɩyɛɛr n a sɩŋŋɩda ba, an n'a wer sim, an n'a tarɛ a rɛ, a ʊ: «Mɔɔ n gʊaa naa do dɔ y!» Lɛɛm bɩ, koo n baa da.","He went to his friend’s house, and when he arrived, and when he entered, he said: “Someone should give me water to drink!” After that, he sat down.",output_proprietary_batch2,20.11685580341542,14.588150420450406,4.414125200642055
"and Peter remembered that Jesus had said, “Before a rooster crows, you will say three times you don't know me.” Then Peter went out and cried bitterly.","Pɩyɛɛr n mim kʊ Yeezuu a hɩ m bɩ tɔ da a nɔ ʊ: «Ɩbɩɩ bɩsɩ kam mɔɔ ma gallɛm kaakʊ koo n bɔkarɛ, an baa da.» A n bɔ, an nɩ nyi kam kan heer zar gʊta kɩ.","Peter said to Jesus when he saw him: ""We have left everything and followed you, what then will we get?"" He said, ""You will sit with me on twelve thrones.""",output_proprietary_batch2,24.436285356114375,14.588150420450406,4.414125200642055
"And when the chief priests and leaders brought their charges against him, he did not say a thing.","Bɩ, wosocɛmannɩbənno jɩtannɔ wɔɔ kan gʊɔɔgusinno wɔɔ kɩ ɩ mim kam Yeezuu ra, b'a n hɔsɩ nyɩ bɔ ʊ y.","So, the disciples went and did as Jesus had instructed them.",output_proprietary_batch2,17.25115562382049,14.588150420450406,4.414125200642055
"But Jesus did not say anything, and the governor was greatly amazed. The Death Sentence (Mark","Bɩ, Yeezuu n deem taan… nyɩ bɔ ʊ y, naa do a ka cir bɩ n zɛ kədə. (Markɩ","Yes, Jesus went there… when he arrived, he saw that many people had gathered.",output_proprietary_batch2,19.435918372097948,14.588150420450406,4.414125200642055
"There they gave Jesus some wine mixed with a drug to ease the pain. But when Jesus tasted what it was, he refused to drink it.","Ŋ n dɩvɛn war kʊ ma kan hɔ hɛɛnr kɩ, ŋn'a ka ʊ, k'an a mi. K'a da a lɛ ma bɩ, a n a ŋʊa an a mi y.","If I go there and I don't see him, I will come back. If he is there, I will talk to him and come back.",output_proprietary_batch2,13.72774560946943,14.588150420450406,4.414125200642055
"shouted, “So you're the one who claimed you could tear down the temple and build it again in three days! If you are God's Son, save yourself and come down from the cross!”","Ŋ n'a hɩm Yeezuu m, ŋ ʊ: «Ɩbɩɩ k'ɩ n'ɩ dam ma, ɩ Wosocɛ bɩ wurgə, ɩ ya, ɩ dɔ dɔmɩm kaakʊ nɔ ʊ bɩ, ɩ bʊmbɔ ɩ zim kʊ Woso Nyɩ n'ɩbɩɩ m, k'ɩ zer gɔdarkʊra bɩ ma!»","And I heard Jesus say, “Truly I tell you, today you will be with me in paradise, because you have believed in me, and you have confessed with your mouth that I am the Son of God!”",output_proprietary_batch2,23.816672834396083,14.588150420450406,4.414125200642055
"Others said, “Wait! Let's see if Elijah will come and save him.”","Bɩ, a muno wɔɔ y'a hɩrɛ, ŋ ʊ: «Jɩm cɩna, k'ʊ dɩga a Elii zɛm b'a bʊmbɔ gɛ?»","Yes, when she saw her child, she said: ""My friend, did you hear what Elii said to his father?""",output_proprietary_batch2,18.10041305981866,14.588150420450406,4.414125200642055
"One of them at once ran and grabbed a sponge. He soaked it in wine, then put it on a stick and held it up to Jesus.","Ŋ gʊaa deem n bra si, an aa hɔ mafʊ-mafʊda sa, an a nyɔɔ hɔ hɛɛnr ma an a da bənkə ma, an a ka Yeezuu ʊ k'an a mi.","When I was sick, you did not visit me, when I was hungry, you did not give me food, when I was thirsty, you did not give me water, and you did not listen to what Jesus said to you.",output_proprietary_batch2,19.369977273659465,14.588150420450406,4.414125200642055
"Graves opened, and many of God's people were raised to life.",gəənoyaarɔ n a gʊngʊ. Wosogʊɔɔ kʊ ŋ gɩnga rɔ wɔɔ gɔsɩnnɔ n a mɩm bʊmbɔ ʊ gʊta.,"The child is sleeping. They said that when he wakes up, he will eat before he goes out.",output_proprietary_batch2,14.261834098027112,14.588150420450406,4.414125200642055
That evening a rich disciple named Joseph from the town of Arimathea,"Woso lɛ k'a b'a zo bɩ, Arimatee kʊ gʊaa arzakazaa deem k'a tɔ m Zozɛf bʊr, Yeezuu karɩndanyɩ deem m sɔ.","When evening came, a rich man from Arimathea named Joseph went and asked for Jesus’ body, and he wrapped it in a clean cloth.",output_proprietary_batch2,43.27999362880093,14.588150420450406,4.414125200642055
"On the next day, which was a Sabbath, the chief priests and the Pharisees went together to Pilate.","*Sabaa bankarɛ hinni k'a cem dɔ n mɛ bɩ, wosocɛmannɩbənno jɩtannɔ wɔɔ kan farizɛɛnrɔ wɔɔ kɩ zu kʊ ʊ ŋnɩ ta Pɩlatɩ zi.","Early in the morning, all the chief priests and elders of the people made their plans against Jesus to put him to death. They bound him, led him away, and handed him over to Pilate, the governor.",output_proprietary_batch2,37.5794921859911,14.588150420450406,4.414125200642055
So they sealed it tight and placed soldiers there to guard it.,"Ŋ n a hʊr, ŋnɩ ta, ŋn'aa jaa k'a ta yaa bɩ lɛ bɩ kʊsɩ, ŋnɩ gʊɔɔ da a dɔma ʊ.","If I go, you too, you should also go so that when we return, we will get food to eat, you should not stay at home.",output_proprietary_batch2,17.468945282992337,14.588150420450406,4.414125200642055
"Then Jesus said, “Don't be afraid! Tell my followers to go to Galilee. They will see me there.” Report of the Guard","Yeezuu n a hɩ ŋ nɩ, a ʊ: «A da bɩ bɔ ʊ y. K'a ta a yaa hɩ mɔɔ danyɩnɔ wɔɔ m, ŋnɩ ta Galilee ʊ, ŋ mɔɔ yɩm b'ʊ.»","Jesus said to them, ""A prophet is not honored in his own hometown. But go and tell my brothers that they should go to Galilee, and there they will see me.""",output_proprietary_batch2,39.747365997496864,14.588150420450406,4.414125200642055
"Now hurry! Tell his disciples he has been raised to life and is on his way to Galilee. Go there, and you will see him. This is what I came to tell you.”","Bɩ, k'a ta zɔɔ a yaa hɩ a karɩndanyɩnɔ wɔɔ m, a ʊ: A a mɩm bɔ ʊ, bɩ, a ɩ lɛɛkarɛ awɔɔ lɛɛ Galilee ʊ, lɛɛ bɩ do awɔɔ naa yɩ ʊ, naa do mɔɔ kʊ m a hɩ awɔɔ m.»","Yes, tell his disciples and Peter, he: He is going before you, yes, he will meet you in Galilee, just as he told you, just as he said to you, you will see him there.",output_proprietary_batch2,37.58382819849253,14.588150420450406,4.414125200642055
"Suddenly Jesus met them and greeted them. They went near him, held on to his feet, and worshiped him.","Bɩ, Yeezuu bʊr an ŋ zɛ ʊ, an a hɩ ŋ nɩ, a ʊ: «Mɔɔ ɩ yaa darɛ awɔɔ m.» Lannɔ wɔɔ n a zɔ ma ŋn'a gannɔ nyɩnnyasʊ, ŋnɩ kukurə zɛ a taa.","So, Jesus said to him, and he said to him, he said: ""What do you want me to do for you?"" The man said to him, ""Lord, let me see again."" Jesus said to him, ""Receive your sight; your faith has healed you.""",output_proprietary_batch2,25.56934461397485,14.588150420450406,4.414125200642055
Jesus came to them and said: I have been given all authority in heaven and on earth!,"Yeezuu n a zɔ ŋ ma, an a hɩ ŋ nɩ, a ʊ: «N paŋŋa do haay ka mɔɔ ʊ, brama kan tara kɩ burə ʊ.","Yesterday I went to him, and I told him, he said: ""If you want to go and see him, first ask his permission.""",output_proprietary_batch2,17.824805038043703,14.588150420450406,4.414125200642055
Right then the two brothers dropped their nets and went with him.,"Lɛɛm bɩ, ŋ zaŋŋarɔ wɔɔ to, ŋn'ɩ zum kʊ ʊ kan kɩ.","That day, I was very tired, so I went home early.",output_proprietary_batch2,12.544986410312395,14.588150420450406,4.414125200642055
"Jesus told the evil spirit, “Be quiet and come out of the man!”","Yeezuu n meer ba ma, a ʊ: «Ɩ tʊr ka, k'ɩ bɔ gʊaa bɩ mɛ ʊ!»","The woman said to her child, she said: ""Sit down, so that I can give you food!""",output_proprietary_batch2,16.013146343429774,14.588150420450406,4.414125200642055
"At once the man's leprosy disappeared, and he was well.","Lɛɛm bɩ, yaaba bɩ bɔ kusimə bɩ mɛ ʊ, an a ba mɩŋŋa.","That thing, those people took their money to him, but he did not return it.",output_proprietary_batch2,15.072603626380864,14.588150420450406,4.414125200642055
"After Jesus strictly warned the man, he sent him on his way.","Bɩ jɛ ʊ bɩ, Yeezuu a nyɔɔ, an lɛ ka ʊ,","If you believe in Him, Jesus is alive, and He is with you,",output_proprietary_batch2,16.04151168595986,14.588150420450406,4.414125200642055
"He said, “Don't tell anyone about this. Just go and show the priest that you are well. Then take a gift to the temple as Moses commanded, and everyone will know that you have been healed.”","an n'a hɩrɛ, a ʊ: «Dundo ɩ zi, ɩ b'a ka ɩ hɩ gɔsɩ nɩ y. Ta ɩ yaa ɩ hɩnka wosocɛmannɩbər bɩ m, *hubɔrɛ mannɩ kʊ Moyiisi lɛ ka awɔɔ ʊ k'a ba bɩ, k'ɩ bɩ ba, kʊ gʊaa biyəə n a dɔ, a ʊ, ɩbɩɩ laafɩɩ yɩ.»","And he said, he: ""Listen to me, I told you that I am going to the market today. If you see that I am not back before sunset, tell the chief and Moyiisi that they should come look for me, that you should come, and if you find me on the road, bring me home, you all, so that I will be safe.""",output_proprietary_batch2,27.04959370607936,14.588150420450406,4.414125200642055
It was during the time of Abiathar the high priest. David went into the house of God and ate the sacred loaves of bread that only priests are allowed to eat. He also gave some to his followers.”,"gasʊ k'a ʊ Wosocɛ ʊ kan a gʊɔɔ wɔɔ kɩ, wosocɛmannɩbər jɩtaarɛ Abɩyataar dɔmɩm ʊ, an bur kʊ ŋ y'a cɩnta Woso m bɩ gʊr, an a bɩ kan a gʊɔɔ wɔɔ kɩ, awɔɔ n a karɩnda ba ra? Bɩ, ŋ n a ga m, ŋn'a bɩ, kʊ wosocɛmannɩbənno wɔɔ bɛɛ m bala y.»","If you say that Wosocɛ told you to go there, the Wosocɛmannɩbər Jɩtaarɛ Abɩyataar will ask you, ""But why did you go to Woso if you were not sent, and you went there, what did you go to do?"" Yes, that is it, that is why the Wosocɛmannɩbər will not agree with you.",output_proprietary_batch2,20.439723764955026,14.588150420450406,4.414125200642055
"when four people came up, carrying a man on a mat because he could not walk.","Gʊɔɔ gɔsɩnnɔ bʊr zi mɛgarɛzaa m, ŋn'a busu gʊaa si.","If you want to do something, you must be patient.",output_proprietary_batch2,13.582214365807946,14.588150420450406,4.414125200642055
"No one pours new wine into old wineskins. The wine would swell and burst the old skins. Then the wine would be lost, and the skins would be ruined. New wine must be put into new wineskins. A Question about the Sabbath (Matthew","A n a ya, an a vanta hɩ ŋ nɩ, a ʊ: «Gʊaa ba ʊ, an nɩ *dɩvɛn daa sam k'a tɔ hibɔɔnrɔ gusinno ʊ y. Kʊ n bɛɛ m, dɩvɛn bɩ hibɔɔnrɔ wɔɔ hɩnhaanm. Dɩvɛn bɩ kan hibɔɔnrɔ wɔɔ kɩ, ŋ y'a zaar bam. Bɩ, k'a dɩvɛn daa tɔ hibɔɔnrɔ daarɔ ʊ.» Sabaa hinni bɩsɩkarɛ (Matiyee","And he said, he answered him, he said: ""Lord, let me first go and bury my father. But Jesus said to him, follow me, and let the dead bury their own dead.""",output_proprietary_batch2,14.995878566677764,14.588150420450406,4.414125200642055
"Jesus was angry as he looked around at the people. Yet he felt sorry for them because they were so stubborn. Then he told the man, “Stretch out your hand.” He did, and his bad hand was healed.","A ɩ dɩgarɛ ŋ ma a jɩr ʊ kan nɔmaa kɩ, a heer n a zar ŋ heerkarɛ bɩ minto. A n a hɩ gʊaa bɩ m, a ʊ: «Ɩ wɔ bɩ hʊr!» B'a a hʊr, a wɔ bɩ n a banka.","When I was going with my friend to the farm, we saw a snake crossing the road. I told him, ""I am afraid!"" He said, don't be afraid, I am with you.",output_proprietary_batch2,16.267699568322584,14.588150420450406,4.414125200642055
"Andrew, Philip, Bartholomew, Matthew, Thomas, James son of Alphaeus, and Thaddaeus were also apostles. The others were Simon, known as the Eager One,","Andɩr ta ʊ sɔ, kan Filipi kɩ, Bartelemii kɩ, Matiyee kɩ, Toma kɩ, kan Alfee nyɩ Zakkɩ kɩ, Tade kɩ, Sɩmɔɔn *Zelɔtɩ kɩ sɔ,","Andrew was there, and Philip, Bartholomew, Matthew, Thomas, and James son of Alphaeus, Thaddeus, Simon the Zealot were there.",output_proprietary_batch2,57.44906417673158,14.588150420450406,4.414125200642055
"But if you speak against the Holy Spirit, you can never be forgiven. That sin will be held against you forever.","Bɩ gʊaa biyəə k'a nɩ *Sɛnt-Ɛspri sʊnsɔ wʊm bɩ, a b'a sugur yɩm fɩɩga y. A mimbʊnyaa bɩ gɔɔtarɛ a mim ʊ dɔmɩm k'a nyarɛ ba ʊ bɩ nɔ ʊ.»","If you allow the Holy Spirit to work in you, He will help you to do good things. The blessings will come to you and you will not lack anything.",output_proprietary_batch2,27.897656769769686,14.588150420450406,4.414125200642055
"Then he looked at the people sitting around him and said, “Here are my mother and my brothers.","A n bɔkarɛ, an a bɔ, an nɩ dɩgam gʊɔɔ kʊ ŋ nyɩnta ŋnɩ bɩr ma rɔ wɔɔ ma, an n'a hɩrɛ, a ʊ: «Mɔɔ da bɩ ba n nɩ, kan mɔɔ danyɩnɔ wɔɔ kɩ!","In the morning, when he woke up, he took his calabash and went to the river to fetch water, and when he arrived, he said: ""If someone is not here, let someone else come!""",output_proprietary_batch2,26.271364447479474,14.588150420450406,4.414125200642055
Some other seeds fell where thornbushes grew up and choked out the plants. So they did not produce any grain.,"Gɔsɩnnɔ a zar laa bɩncɛ ʊ, laa bɩ n haan, an a ta ŋ mee, ŋ n nyɩ da y.","If someone gives you something, take it and thank them, but if you don't want it, just say so.",output_proprietary_batch2,16.328692643755282,14.588150420450406,4.414125200642055
What the farmer is spreading is really the message about the kingdom.,"Hɔduurezaa bɩ, Woso lemim a n n'a duum.","In the morning, Woso goes to his farm.",output_proprietary_batch2,13.793613309661886,14.588150420450406,4.414125200642055
Jesus also said: You don't light a lamp and put it under a clay pot or under a bed. Don't you put a lamp on a lampstand?,"A a ya, an a hɩ ŋ nɩ, a ʊ: «N bɩr sɛ dam fɩtɩrɛ ʊ, n n'a cɩntam kasɩ gɛɛ gargʊ taa y, gɛɛ lɔ? A cɩnta n nawʊm hɔ burə ʊ.","Yes, and then he said to him, he said: ""If you really love me, why do you always go with that person, is that so? Always leave me alone because of him.""",output_proprietary_batch2,17.852302691559117,14.588150420450406,4.414125200642055
"But once it is planted, it grows larger than any garden plant. It even puts out branches that are big enough for birds to nest in its shade. The Reason for Teaching with Stories (Matthew","Kʊ n y'a duu, ma a nawʊm, an nɩ gɔ dam an lɛ da hɔyaa haay ra, an nɩ haanm gʊta, a vəŋŋəro n ta ʊ, bɛnnɔ n b'a dam ma ŋnɩ cɛ kɩnka ma.» Woso lemim dɩndarɛ hɔbɔkʊrɛnoom","If I eat, I will drink, and if I am satisfied and there is no hunger, and I am full, the world will be good for me, but if I am not satisfied, then I will not be happy.",output_proprietary_batch2,15.847870372168673,14.588150420450406,4.414125200642055
"Jesus used many other stories when he spoke to the people, and he taught them as much as they could understand.","Yeezuu ɩ Woso lemim nyɩnta dɩndam gʊɔɔ wɔɔ m kan makrarɔ kʊ ŋ bɔ kʊ ʊ kɩ gʊta, kʊ ŋ n'a da ma ŋn'a jɩ ma.","Yesterday Woso told me that if I go and see him and he is there, then he will give me what I asked for.",output_proprietary_batch2,22.704187605252173,14.588150420450406,4.414125200642055
"She had gone to many doctors, and they had not done anything except cause her a lot of pain. She had paid them all the money she had. But instead of getting better, she only got worse.","A a yɔ gʊta nyɩsɩbənno wɔ ʊ, a nyɩsɩbarɛ nɔ ʊ. A a wɔhɔ zar haay a tar la, b'a n a waa y. Yaaba bɩ n'a dam la.","If you do good to someone, good will come to you. If you do bad, bad will come to you. That is how life is.",output_proprietary_batch2,11.258573246148394,14.588150420450406,4.414125200642055
"He shouted, “Jesus, Son of God in heaven, what do you want with me? Promise me in God's name that you won't torture me!”","an nɩ zee darɛ, a ʊ: «Yeezuu, Woso k'a lɛ da haay Nyɩ, bɔ ɩbɩɩ lɛ n taa k'ɩ ba mɔɔ nɩ? Mɔɔ y'a yɛrɛ ɩbɩɩ han Woso tɔ ma gʊta: ɩ bɩ zibʊnyaa ba mɔɔ nɩ y!»","And he cried out, saying, ""Jesus, Son of David, have mercy on me, what do you want me to do for you?"" The man said, ""Lord, let me see again!"" Jesus said to him, ""Receive your sight; your faith has healed you!""",output_proprietary_batch2,33.25428648078816,14.588150420450406,4.414125200642055
Over on the hillside a large herd of pigs was feeding.,"Dɔmɩm bɩ do ʊ bɩ, kurkuuro cir gʊta nɩ ci bɩ zeezi, ŋn'ɩ hɔ bɩm.","We went there, the children played and they were happy, then we came back.",output_proprietary_batch2,14.897806931289956,14.588150420450406,4.414125200642055
"So the evil spirits begged Jesus, “Send us into those pigs! Let us go into them.”","Zinəro wɔɔ n n'a hɩrɛ, ŋ ʊ: «A ka k'ʊ gasʊ kurkuuro wɔɔ mɛ ʊ!»","Zinero was angry and said, ""You have made me very upset!""",output_proprietary_batch2,9.404626032923028,14.588150420450406,4.414125200642055
The man went away into the region near the ten cities known as Decapolis and began telling everyone how much Jesus had done for him. Everyone who heard what had happened was amazed. A Dying Girl and a Sick Woman (Matthew,"Gʊaa bɩ n a hʊr, an aa hɔ kʊ Yeezuu a ba a m haay bɩ dɩnda Taraburo wɔɔ gʊɔɔ wɔɔ m. Gʊaa haay n zɛ kədə. Zayɩɩr nyɩmbʊɛɛrɛ waarɛ kan lʊ k'a wɔ da Yeezuu huu ma kɩ (Matiyee","When evening came, he was there with Jesus and his disciples on the mountain. When the disciples saw him, they were afraid. Suddenly, a bright light appeared as Jesus was speaking to them (Matthew).",output_proprietary_batch2,25.546700161423434,14.588150420450406,4.414125200642055
The woman knew what had happened to her. So she came trembling with fear and knelt down in front of Jesus. Then she told him the whole story.,"Kɛɛrɛ bɩ, lʊ b'ɩ nyi bam a mɛ n nɩ hinkəm, k'a hɔ k'a ba a m bɩ dɔ bɩ, a bɩ kukurə zɛ Yeezuu taa, an a sɩra hɩ m haay.","But now, if you believe in him and follow his word, you will become like Jesus, and your life will change.",output_proprietary_batch2,15.136866303037264,14.588150420450406,4.414125200642055
"He took the twelve-year-old girl by the hand and said, “Talitha, koum!” which means, “Little girl, get up!” The girl got right up and started walking around. Everyone was greatly surprised.","Lɛɛm bɩ nyɩmbʊɛɛrɛ bɩ wuti, an nɩ tam. Bala, nyɩ bɩ dɔɔraa bueerehɩɩya. A m bɩ, zamaa bɩ n zɛ kədə.","When the children sing, I listen. But, they are sometimes noisy. If not, everyone is happy.",output_proprietary_batch2,13.407206262811153,14.588150420450406,4.414125200642055
"But Jesus ordered them not to tell anyone what had happened. Then he said, “Give her something to eat.”","Yeezuu lɛ ka gʊɔɔ wɔɔ ʊ, a ʊ: «Ŋ b'a hɩ gɔsɩ nɩ y.» A n a hɩ ŋ nɩ, a ʊ: «K'a hɔbɩrɛ ka nyɩ b'ʊ, k'an a bɩ!»","Jesus said to him, “I will come and heal him.” But he replied, “Lord, I am not worthy that you should enter under my roof, but only say the word and my servant will be healed.”",output_proprietary_batch2,26.869501720550115,14.588150420450406,4.414125200642055
"Isn't he the carpenter, the son of Mary? Aren't James, Joseph, Judas, and Simon his brothers? Don't his sisters still live here in our town?” The people were upset because of what he was doing.","Awɔɔ bɛɛ m Maarii nyɩ, an nɩ gɔ wum bɩ ra? Zakkɩ, Zozɛs, Ziidi kan Sɩmɔɔn kɩ danyɩ bɛɛ ra? Awɔɔ danlʊrɔ ba wɔɔ bire ʊ naa ʊ ra?» Naa do a ka ŋ n kaanm Yeezuu m.","Why are you looking for Mary here, is she not with us? Where are Zakkɩ, Zozɛs, Ziidi and Simon, are they not with us? Why are you asking about their mother and where she is?» This is what they said to Jesus.",output_proprietary_batch2,23.805822001700243,14.588150420450406,4.414125200642055
"When John's followers learned that he had been killed, they took his body and put it in a tomb. Jesus Feeds Five Thousand (Matthew","Zaan karɩndanyɩnɔ wɔɔ kʊ ŋ naa ma bɩ, ŋ bʊr, ŋnɩ bɩ Zaan gər bɩ sa, ŋn'aa bir. Yeezuu gʊaa tisi soor tʊrlɛ (Matiyee","If you do not forgive others, your Father will not forgive your sins either. Jesus said this (Matthew)",output_proprietary_batch2,22.80898719968352,14.588150420450406,4.414125200642055
They sat down in groups of,"Ŋ nɩ nyɩnyɩnta zɔrɔ-zɔrɔ, busoor-busoor.","My heart is beating fast, pounding heavily.",output_proprietary_batch2,16.051199043814226,14.588150420450406,4.414125200642055
"All of them saw him and were terrified. But at this same time he said, “Don't worry! I am Jesus. Don't be afraid.”","Bala, ŋ haay a yɩ, nyibəə n ŋ nyasʊ. Lɛɛm bɩ, Yeezuu meer ba kan ŋ kɩ, a ʊ: «K'a sɩra ka, mɔɔ m, a da bɩ bɔ ʊ y!»","Then, as I was going, someone met me. After that, Jesus came to me and said, ""Stand up, my child, and do not be afraid!""",output_proprietary_batch2,25.979780618892224,14.588150420450406,4.414125200642055
"Jesus took the five loaves and the two fish. He looked up toward heaven and blessed the food. Then he broke the bread and handed it to his disciples to give to the people. He also divided the two fish, so everyone could have some.","Yeezuu bur soor bɩ si kan zɔ hɩɩya bɩ kɩ a wɔ ʊ, an dɩga brama, an a barka da ʊ, an ŋ zɩnzɛra, an a ka a karɩndanyɩnɔ wɔɔ ʊ, kʊ ŋ n a ka zamaa b'ʊ. A zɔ hɩɩya bɩ jir zamaa bɩ m sɔ.","If someone gives you food or does something good for you, thank them, greet them, or pray for them, or tell them you appreciate what they did, so that they will do it again. If you do not appreciate what people do for you, they will stop.",output_proprietary_batch2,21.439602200073914,14.588150420450406,4.414125200642055
Jesus' disciples picked up twelve large baskets of leftover bread and fish.,Ŋ bur kan zɔ kɩ kuuro gʊr kasɩ lɛ ma bueerehɩɩya.,"If you want to eat, you must first wash your hands.",output_proprietary_batch2,10.154053708386453,14.588150420450406,4.414125200642055
"When the disciples saw Jesus walking on the water, they thought he was a ghost, and they started screaming.","Kʊ ŋ y'a yɩ an nɩ tam hi ra bɩ, ŋ yɩ dɩgam ma, ŋ ʊ: «Toor m,» ŋn'ɩ zee dam.","If you see that I am not telling the truth, tell me, ""Stop,"" and I will stop.",output_proprietary_batch2,13.04315685912212,14.588150420450406,4.414125200642055
"He then got into the boat with them, and the wind died down. The disciples were completely confused.","A n da kɔɔlʊʊ b'ʊ kan ŋ kɩ, hɩnhɛr bɩ n jɩm. Ŋ n zɛ kədə, ŋ n a so a ʊ y.","If you call him now, maybe he will come. I don't know, I am just saying.",output_proprietary_batch2,12.267051040675067,14.588150420450406,4.414125200642055
You are good at rejecting God's commands so that you can follow your own teachings!,"Yeezuu n a hɩ ŋ nɩ, a ʊ: «Woso lɛrɔ wɔɔ bɔ awɔɔ ʊ a jɛ m, an nɩ zum a yɩnnɩbayɩ ʊ.","Then he said to him, ""Take this and go give it to your mother, and she will prepare food for you.""",output_proprietary_batch2,19.210831408414222,14.588150420450406,4.414125200642055
"The Pharisees and teachers asked Jesus, “Why don't your disciples obey what our ancestors taught us to do? Why do they eat without washing their hands?”","Farizɛɛnrɔ kan wosocikarɩnsaambɔɔ wɔɔ kɩ laaka da Yeezuu han, ŋ ʊ: «Bɔ m, ɩbɩɩ karɩndanyɩnɔ wɔɔ bɩr zum wɔɔ yaabɔɔ yɩnnɩbayɩ b'ʊ, ŋnɩ bɔkarɛ ŋn'ɩ hɔ bɩm, bɩ ŋ n hi nyasʊ?»","Some Pharisees came to test Jesus and asked him, ""Is it lawful for a man to divorce his wife for any and every reason?""",output_proprietary_batch2,23.661662464643346,14.588150420450406,4.414125200642055
But you let people get by without helping their parents when they should. You let them say that what they own has been offered to God.,"B'awɔɔ, awɔɔ y'a hɩm, a ʊ: Kʊ gʊaa a hɩ a zɩ m gɛɛ a da m, a ʊ: hɔ kʊ mɔɔ m ga m, m m dam ɩbɩɩ han bɩ ‹kɔrbaan m› a lɛ taa k'a hɩ, a ʊ: ‹Woso mannɩ hɔ m.›","Yes, yes my child, he said: Go and take this and give it to your mother, he said: if she asks you who sent you, tell her that I sent you with this ‘gift’, and if she asks what it is for, say: ‘Father said I should give it to you.’",output_proprietary_batch2,23.807169651832194,14.588150420450406,4.414125200642055
"After Jesus and his disciples had left the crowd and gone into the house, they asked him what these sayings meant.","K'a a gʊ zamaa bɩ ma, an gasʊ har ʊ bɩ, a karɩndanyɩnɔ wɔɔ a lar hɔbɔkʊrɛnoom naa do jɩ ma.","If you see that person there, tell him to come and help me with this work.",output_proprietary_batch2,18.137975783537392,14.588150420450406,4.414125200642055
"He answered, “Don't you know what I am talking about by now? You surely know that the food you put into your mouth cannot make you unclean.","A n a nyɩ bɔ ŋ nʊ, a ʊ: «Awɔɔ sɔ, awɔɔ n naa do jɩ dɔ ra? Awɔɔ n a dɔ, a ʊ: hɔ k'a n'a tore, an nɩ gasʊm gʊaa nɔ ʊ bɩ b'a dam ma, an dintim ka ma ra?","He/she asked him/her, saying: ""Why, why did you come here? Why did you come,"" he/she said, ""when I told you not to come, and now look at what has happened to me, what will I do now?""",output_proprietary_batch2,19.595719915649344,14.588150420450406,4.414125200642055
"Jesus left and went to the region near the town of Tyre, where he stayed in someone's home. He did not want people to know he was there, but they found out anyway.","Yeezuu k'a cem b'ʊ bɩ, a ta Tiir kʊ ʊ, an aa gasʊ har ʊ, a lɛ baa kʊ ŋ n a yɩ y. Bɩ, a n a da ma, an a nyaakʊm da y.","Yesterday he came here, he saw Tiir and her, and they talked with her, and then he went and sat down. Here, he did not eat, and he was not hungry.",output_proprietary_batch2,25.702085666833003,14.588150420450406,4.414125200642055
"Jesus answered, “That's true! You may go now. The demon has left your daughter.”","«Meerbaa naa do minto, doo, zinə bɩ bɔ ɩ nyɩmbʊɛɛrɛ bɩ mɛ ʊ.»","If someone helps you, you should also help them when they need you.",output_proprietary_batch2,13.460648950584083,14.588150420450406,4.414125200642055
Jesus left the region around Tyre and went by way of Sidon toward Lake Galilee. He went through the land near the ten cities known as Decapolis.,"Yeezuu a hʊr Tiir kʊ ʊ, an a bɔ, an bɔ Sidɔn ʊ kan Taraburo wɔɔ kɩ nɔ ʊ, an ta Galilee higʊta zeezi.","Jesus left Tyre and went through Sidon to the Sea of Galilee, passing through the region of the Decapolis.",output_proprietary_batch2,47.57866195625626,14.588150420450406,4.414125200642055
"After Jesus had taken him aside from the crowd, he stuck his fingers in the man's ears. Then he spit and put it on the man's tongue.","Yeezuu n a gaa zamaa bɩ jɩr ʊ, an bɔ m toore ma, an a nyʊkʊnnyɩnɔ dundu tikki bɩ tʊr ʊ, an lihi da, a nyʊkʊr ma, an a nɔ a nɛɛm ma,","Yesterday I went to the farm with him, and we worked together, and when we finished, we returned home, and after that, I ate, and then I went to sleep.",output_proprietary_batch2,20.23573227672092,14.588150420450406,4.414125200642055
"Jesus warned them, “Watch out! Guard against the yeast of the Pharisees and of Herod.”","Yeezuu lɛ ka ŋ ʊ, a ʊ: «K'a dundo a zi, k'a ba laatʊ farizɛɛnrɔ nyʊnyɔɔ bɩ ma, kan Hɩrɔɔdɩ hɔ bɩ kɩ ma sɔ.»","That same hour, some Pharisees came to him and said, ""Leave this place and go somewhere else. Herod wants to kill you.""",output_proprietary_batch2,26.728616635189933,14.588150420450406,4.414125200642055
