ref,text,translated,source_zip_file,similarity_score,chrf_sentence,corpus_bleu,corpus_chrf
"When Herod found out that the wise men from the east had tricked him, he was very angry. He gave orders for his men to kill all the boys who lived in or near Bethlehem and were two years old and younger. This was based on what he had learned from the wise men.","Hɩrɔɔdɩ k'a b'a dɔ a ʊ, hɔdonno wɔɔ a yamba a m bɩ, a wuti nɔmaa gandaara m. A n gʊɔɔ nyɔɔ Betelehɛm ʊ kan kʊrɔ vantɔɔ k'a a so ŋ ʊ rɔ wɔɔ kɩ ʊ, kʊ ŋ n'aa nyɩnɔ poorero yaarɔ kʊ ŋ dɔɔraa hɩɩya gɛɛ ŋ n a ku rɔ wɔɔ zɩnzɛ. Amba hɔdonno wɔɔ a hɩ m, nyɩnta k'a ʊ, an laaka da k'a nyɩ bɩ yɩrɛ dɔmɩm dɔ bɩ ma.","When Herod saw that the wise men had tricked him, he was very angry. He sent men to kill all the children in Bethlehem and the surrounding area who were two years old and younger. This was based on the time he had learned from the wise men. Then what the prophet Jeremiah had said came true:",Dec 08 output,,68.59834536931106,54.34251341180961,3.069053708439898
Look at the birds in the sky! They don't plant or harvest. They don't even store grain in barns. Yet your Father in heaven takes care of them. Aren't you worth much more than birds?,"K'a dɩga bɛnnɔ ma: ŋ bɩr hɔ duure y, bɩ ŋ bɩr hɔ darɛ y, ŋ bɩr hɔ zarm sɩ ʊ y, b'awɔɔ Zɩ k'a nɩ arzana ʊ bɩ yɩ ŋ tʊrm! Awɔɔ n lɛ da ŋ nɩ gallɛm hɔka ra?","If you don't have a place to stay, whether it's a house, a room, or even a mat to sleep on, but you have Allah, then you are rich! Do you know that Allah is the best planner?",Dec 08 output,,23.10182973734567,54.34251341180961,3.069053708439898
"Some Pharisees and teachers of the Law of Moses said, “Teacher, we want you to show us a sign from heaven.”","Naa kur bɩ, wosocikarɩnsaambɔɔ kan farizɛɛnrɔ kɩ a sɩŋŋɩda ba, ŋn'a hɩ Yeezuu m, ŋ ʊ: «Karɩnsaamba, wɔɔ lɛ taa k'ɩ hoser ba k'ʊ a yɩ.»","If you do not forgive others, your Father in heaven will not forgive you either, as Jesus said, ""Forgive others, so that you may be forgiven.""",Dec 08 output,,23.34822368785343,54.34251341180961,3.069053708439898
Servants are fortunate if their master comes and finds them doing their job.,"Zibəənyɩ bɩ do nyɩntam mimbirenyɩntazaa, k'a lɛɛzaa b'a wusigə an bʊr har ʊ, an b'a ku an nɩ zibəə k'a ka ʊ bɩ barɛ.","When the child saw that the other children were playing, he also wanted to join them, but his mother told him to stay and help her with the work.",Dec 08 output,,21.594556385068163,54.34251341180961,3.069053708439898
"Others said, “Wait! Let's see if Elijah will come and save him.”","Bɩ, a muno wɔɔ y'a hɩrɛ, ŋ ʊ: «Jɩm cɩna, k'ʊ dɩga a Elii zɛm b'a bʊmbɔ gɛ?»","Hey, if you see Elii, tell him I asked where he put my bag.",Dec 08 output,,15.303200012698412,54.34251341180961,3.069053708439898
"When Herod found out that the wise men from the east had tricked him, he was very angry. He gave orders for his men to kill all the boys who lived in or near Bethlehem and were two years old and younger. This was based on what he had learned from the wise men.","Hɩrɔɔdɩ k'a b'a dɔ a ʊ, hɔdonno wɔɔ a yamba a m bɩ, a wuti nɔmaa gandaara m. A n gʊɔɔ nyɔɔ Betelehɛm ʊ kan kʊrɔ vantɔɔ k'a a so ŋ ʊ rɔ wɔɔ kɩ ʊ, kʊ ŋ n'aa nyɩnɔ poorero yaarɔ kʊ ŋ dɔɔraa hɩɩya gɛɛ ŋ n a ku rɔ wɔɔ zɩnzɛ. Amba hɔdonno wɔɔ a hɩ m, nyɩnta k'a ʊ, an laaka da k'a nyɩ bɩ yɩrɛ dɔmɩm dɔ bɩ ma.","When Herod realized that the wise men had tricked him, he was furious and ordered the killing of all boys in Bethlehem and its vicinity who were two years old and under, based on the time he had learned from the wise men. Then what was spoken through the prophet Jeremiah was fulfilled: ""A voice is heard in Ramah, weeping and great mourning, Rachel weeping for her children and refusing to be comforted, because they are no more.""",onesimus_31223989_Dec 12 output,,51.87526940592734,54.34251341180961,3.069053708439898
Look at the birds in the sky! They don't plant or harvest. They don't even store grain in barns. Yet your Father in heaven takes care of them. Aren't you worth much more than birds?,"K'a dɩga bɛnnɔ ma: ŋ bɩr hɔ duure y, bɩ ŋ bɩr hɔ darɛ y, ŋ bɩr hɔ zarm sɩ ʊ y, b'awɔɔ Zɩ k'a nɩ arzana ʊ bɩ yɩ ŋ tʊrm! Awɔɔ n lɛ da ŋ nɩ gallɛm hɔka ra?","If you don't know what to do: if you can't do it today, if you can't do it tomorrow, if you can't do it next week, then ask God to give you the strength to do it! Do you think I'm joking with you?",onesimus_31223989_Dec 12 output,,17.382655021307926,54.34251341180961,3.069053708439898
"Some Pharisees and teachers of the Law of Moses said, “Teacher, we want you to show us a sign from heaven.”","Naa kur bɩ, wosocikarɩnsaambɔɔ kan farizɛɛnrɔ kɩ a sɩŋŋɩda ba, ŋn'a hɩ Yeezuu m, ŋ ʊ: «Karɩnsaamba, wɔɔ lɛ taa k'ɩ hoser ba k'ʊ a yɩ.»","When the time came, the angel Gabriel was sent by God to a town in Galilee called Nazareth, to a virgin betrothed to a man named Joseph, of the house of David. The virgin's name was Mary.",onesimus_31223989_Dec 12 output,,19.799731803695035,54.34251341180961,3.069053708439898
Servants are fortunate if their master comes and finds them doing their job.,"Zibəənyɩ bɩ do nyɩntam mimbirenyɩntazaa, k'a lɛɛzaa b'a wusigə an bʊr har ʊ, an b'a ku an nɩ zibəə k'a ka ʊ bɩ barɛ.","The child who is always crying, even if you give him a sweet thing, he will not eat it, and he will continue crying until he gets what he wants.",onesimus_31223989_Dec 12 output,,18.308469224400568,54.34251341180961,3.069053708439898
"Others said, “Wait! Let's see if Elijah will come and save him.”","Bɩ, a muno wɔɔ y'a hɩrɛ, ŋ ʊ: «Jɩm cɩna, k'ʊ dɩga a Elii zɛm b'a bʊmbɔ gɛ?»","Hey, if you see Elii, tell him to come and help me with this work.",onesimus_31223989_Dec 12 output,,22.840443356398783,54.34251341180961,3.069053708439898
"When Herod found out that the wise men from the east had tricked him, he was very angry. He gave orders for his men to kill all the boys who lived in or near Bethlehem and were two years old and younger. This was based on what he had learned from the wise men.","Hɩrɔɔdɩ k'a b'a dɔ a ʊ, hɔdonno wɔɔ a yamba a m bɩ, a wuti nɔmaa gandaara m. A n gʊɔɔ nyɔɔ Betelehɛm ʊ kan kʊrɔ vantɔɔ k'a a so ŋ ʊ rɔ wɔɔ kɩ ʊ, kʊ ŋ n'aa nyɩnɔ poorero yaarɔ kʊ ŋ dɔɔraa hɩɩya gɛɛ ŋ n a ku rɔ wɔɔ zɩnzɛ. Amba hɔdonno wɔɔ a hɩ m, nyɩnta k'a ʊ, an laaka da k'a nyɩ bɩ yɩrɛ dɔmɩm dɔ bɩ ma.","When Herod realized that the wise men had deceived him, he was very angry. He sent his soldiers to Bethlehem and ordered them to kill all the children under two years old, according to the time he had learned from the wise men. Then what was spoken through the prophet Jeremiah was fulfilled: ""A voice is heard in Ramah, weeping and great mourning, Rachel weeping for her children and refusing to be comforted, because they are no more.""",john_AC86BE0F_output (5),,52.46104920735265,54.34251341180961,3.069053708439898
Look at the birds in the sky! They don't plant or harvest. They don't even store grain in barns. Yet your Father in heaven takes care of them. Aren't you worth much more than birds?,"K'a dɩga bɛnnɔ ma: ŋ bɩr hɔ duure y, bɩ ŋ bɩr hɔ darɛ y, ŋ bɩr hɔ zarm sɩ ʊ y, b'awɔɔ Zɩ k'a nɩ arzana ʊ bɩ yɩ ŋ tʊrm! Awɔɔ n lɛ da ŋ nɩ gallɛm hɔka ra?","If you don't know what to do: when you see a snake, when you see a scorpion, when you see a lion, you run away! So why don't you run away from Satan when you see him?",john_AC86BE0F_output (5),,18.78822120598237,54.34251341180961,3.069053708439898
"Some Pharisees and teachers of the Law of Moses said, “Teacher, we want you to show us a sign from heaven.”","Naa kur bɩ, wosocikarɩnsaambɔɔ kan farizɛɛnrɔ kɩ a sɩŋŋɩda ba, ŋn'a hɩ Yeezuu m, ŋ ʊ: «Karɩnsaamba, wɔɔ lɛ taa k'ɩ hoser ba k'ʊ a yɩ.»","When they had finished, the tax collectors came to Jesus and said to him, ""Teacher, we want you to teach us.""",john_AC86BE0F_output (5),,35.74043049259741,54.34251341180961,3.069053708439898
Servants are fortunate if their master comes and finds them doing their job.,"Zibəənyɩ bɩ do nyɩntam mimbirenyɩntazaa, k'a lɛɛzaa b'a wusigə an bʊr har ʊ, an b'a ku an nɩ zibəə k'a ka ʊ bɩ barɛ.","The hyena said that it was the one who had killed the animal, but the lion said that it was the one who had caught it and that the hyena should not take it away.",john_AC86BE0F_output (5),,16.414324124873904,54.34251341180961,3.069053708439898
"Others said, “Wait! Let's see if Elijah will come and save him.”","Bɩ, a muno wɔɔ y'a hɩrɛ, ŋ ʊ: «Jɩm cɩna, k'ʊ dɩga a Elii zɛm b'a bʊmbɔ gɛ?»","Hey, you see that person over there, he said: ""What's happening, why is Elii's child crying like that?""",john_AC86BE0F_output (5),,19.763541398193308,54.34251341180961,3.069053708439898
"When Herod found out that the wise men from the east had tricked him, he was very angry. He gave orders for his men to kill all the boys who lived in or near Bethlehem and were two years old and younger. This was based on what he had learned from the wise men.","Hɩrɔɔdɩ k'a b'a dɔ a ʊ, hɔdonno wɔɔ a yamba a m bɩ, a wuti nɔmaa gandaara m. A n gʊɔɔ nyɔɔ Betelehɛm ʊ kan kʊrɔ vantɔɔ k'a a so ŋ ʊ rɔ wɔɔ kɩ ʊ, kʊ ŋ n'aa nyɩnɔ poorero yaarɔ kʊ ŋ dɔɔraa hɩɩya gɛɛ ŋ n a ku rɔ wɔɔ zɩnzɛ. Amba hɔdonno wɔɔ a hɩ m, nyɩnta k'a ʊ, an laaka da k'a nyɩ bɩ yɩrɛ dɔmɩm dɔ bɩ ma.","Herod, when he saw that he had been deceived by the wise men, was very angry, and he sent and killed all the male children in Bethlehem and in all that region who were two years old or under, according to the time that he had ascertained from the wise men. Then was fulfilled what was spoken by the prophet Jeremiah: ""A voice was heard in Ramah, weeping and loud lamentation, Rachel weeping for her children; she refused to be comforted, because they are no more.""",output_JA-4,,43.7197704582998,54.34251341180961,3.069053708439898
Look at the birds in the sky! They don't plant or harvest. They don't even store grain in barns. Yet your Father in heaven takes care of them. Aren't you worth much more than birds?,"K'a dɩga bɛnnɔ ma: ŋ bɩr hɔ duure y, bɩ ŋ bɩr hɔ darɛ y, ŋ bɩr hɔ zarm sɩ ʊ y, b'awɔɔ Zɩ k'a nɩ arzana ʊ bɩ yɩ ŋ tʊrm! Awɔɔ n lɛ da ŋ nɩ gallɛm hɔka ra?","If you want to be a good person: do not steal, do not lie, do not cheat, and do not do evil to others. God will reward you for your good deeds. Do you understand what I am saying?",output_JA-4,,17.085566898243858,54.34251341180961,3.069053708439898
"Some Pharisees and teachers of the Law of Moses said, “Teacher, we want you to show us a sign from heaven.”","Naa kur bɩ, wosocikarɩnsaambɔɔ kan farizɛɛnrɔ kɩ a sɩŋŋɩda ba, ŋn'a hɩ Yeezuu m, ŋ ʊ: «Karɩnsaamba, wɔɔ lɛ taa k'ɩ hoser ba k'ʊ a yɩ.»","When the time came, the tax collectors came to the house, and when they saw Jesus, they said to him: ""Teacher, we have come to collect the tax from you.""",output_JA-4,,26.417146579110767,54.34251341180961,3.069053708439898
Servants are fortunate if their master comes and finds them doing their job.,"Zibəənyɩ bɩ do nyɩntam mimbirenyɩntazaa, k'a lɛɛzaa b'a wusigə an bʊr har ʊ, an b'a ku an nɩ zibəə k'a ka ʊ bɩ barɛ.","The hyena was very hungry, so it went to the village to look for food, but it couldn't find any, so it returned to the bush to sleep.",output_JA-4,,19.447444553224457,54.34251341180961,3.069053708439898
"Others said, “Wait! Let's see if Elijah will come and save him.”","Bɩ, a muno wɔɔ y'a hɩrɛ, ŋ ʊ: «Jɩm cɩna, k'ʊ dɩga a Elii zɛm b'a bʊmbɔ gɛ?»","Hey, when you went to the farm, did you say, ""Jim, what is this thing that Elii's child has done to the house?""",output_JA-4,,16.137466835870022,54.34251341180961,3.069053708439898
"When Herod found out that the wise men from the east had tricked him, he was very angry. He gave orders for his men to kill all the boys who lived in or near Bethlehem and were two years old and younger. This was based on what he had learned from the wise men.","Hɩrɔɔdɩ k'a b'a dɔ a ʊ, hɔdonno wɔɔ a yamba a m bɩ, a wuti nɔmaa gandaara m. A n gʊɔɔ nyɔɔ Betelehɛm ʊ kan kʊrɔ vantɔɔ k'a a so ŋ ʊ rɔ wɔɔ kɩ ʊ, kʊ ŋ n'aa nyɩnɔ poorero yaarɔ kʊ ŋ dɔɔraa hɩɩya gɛɛ ŋ n a ku rɔ wɔɔ zɩnzɛ. Amba hɔdonno wɔɔ a hɩ m, nyɩnta k'a ʊ, an laaka da k'a nyɩ bɩ yɩrɛ dɔmɩm dɔ bɩ ma.","When Herod realized that the wise men had tricked him, he was furious and ordered the killing of all the boys in Bethlehem and its vicinity who were two years old and under, according to the time he had learned from the wise men. Then what was spoken through the prophet Jeremiah was fulfilled: ""A voice is heard in Ramah, weeping and great mourning, Rachel weeping for her children and refusing to be comforted, because they are no more.""",onesimus_7C821E01_Dec 01 output,,51.92660101564693,54.34251341180961,3.069053708439898
Look at the birds in the sky! They don't plant or harvest. They don't even store grain in barns. Yet your Father in heaven takes care of them. Aren't you worth much more than birds?,"K'a dɩga bɛnnɔ ma: ŋ bɩr hɔ duure y, bɩ ŋ bɩr hɔ darɛ y, ŋ bɩr hɔ zarm sɩ ʊ y, b'awɔɔ Zɩ k'a nɩ arzana ʊ bɩ yɩ ŋ tʊrm! Awɔɔ n lɛ da ŋ nɩ gallɛm hɔka ra?","If you don't know what to do: if you see a snake, if you see a scorpion, if you see a harmful animal, you should say ""Zɩ"" so that it will not harm you! Do you know why it is said like that?",onesimus_7C821E01_Dec 01 output,,16.15208324808332,54.34251341180961,3.069053708439898
"Some Pharisees and teachers of the Law of Moses said, “Teacher, we want you to show us a sign from heaven.”","Naa kur bɩ, wosocikarɩnsaambɔɔ kan farizɛɛnrɔ kɩ a sɩŋŋɩda ba, ŋn'a hɩ Yeezuu m, ŋ ʊ: «Karɩnsaamba, wɔɔ lɛ taa k'ɩ hoser ba k'ʊ a yɩ.»","When you pray, do not be like the hypocrites, for they love to pray standing in the synagogues and on the street corners to be seen by others. Truly I tell you, they have received their reward in full.",onesimus_7C821E01_Dec 01 output,,19.184264429585497,54.34251341180961,3.069053708439898
Servants are fortunate if their master comes and finds them doing their job.,"Zibəənyɩ bɩ do nyɩntam mimbirenyɩntazaa, k'a lɛɛzaa b'a wusigə an bʊr har ʊ, an b'a ku an nɩ zibəə k'a ka ʊ bɩ barɛ.","When the hyena is not around, the small animals gather to discuss how they can trap it and kill it so that they can eat it.",onesimus_7C821E01_Dec 01 output,,18.4632908236662,54.34251341180961,3.069053708439898
"Others said, “Wait! Let's see if Elijah will come and save him.”","Bɩ, a muno wɔɔ y'a hɩrɛ, ŋ ʊ: «Jɩm cɩna, k'ʊ dɩga a Elii zɛm b'a bʊmbɔ gɛ?»","Hey, if you see Elii, tell him to come and help me with this work.",onesimus_7C821E01_Dec 01 output,,22.840443356398783,54.34251341180961,3.069053708439898
"He went into the house of God, and then they ate the sacred loaves of bread that only priests are supposed to eat.","gasʊ k'a ʊ Woso zɛʊjɩ bɩncɛ ʊ, an mannɩ bur bɩ gʊr an a bɩ, kan a gʊɔɔ wɔɔ kɩ, bɩ lɛ ba ʊ kʊ ŋ n'a bɩ kʊ wosocɛmannɩbənno wɔɔ bɛɛ m bala bɩ, awɔɔ n a karɩnda ba ra?","The child of Woso's house, when he grows up, he will be a man, but if he is not a man, then he will not be able to do the work of Woso's children, so what will he do in the future?",output_jonathan,0.34157604,21.660723420706578,54.34251341180961,3.069053708439898
"Later, as Jesus was sitting on the Mount of Olives, his disciples came to him in private and asked, “When will this happen? What will be the sign of your coming and of the end of the world?”","Yeezuu k'a nɩ nyɩntam Oliviyee ci mim ʊ bɩ, a karɩndanyɩnɔ a zɔ ma a minto, ŋn'a lar, ŋ ʊ: «A hɩ wɔɔ m, ba naa do nawʊm brɔ? Makra kara n n'ɩbɩɩ zɛrɛ hɩnkarɛ kan durnya nyarɛ kɩ?»","Jesus went to the Mount of Olives. Early in the morning he came again to the temple. All the people came to him, and he sat down and taught them. The scribes and the Pharisees brought a woman who had been caught in adultery, and placing her in the midst they said to him, ""Teacher, this woman has been caught in the act of adultery. Now in the Law, Moses commanded us to stone such women. So what do you say?""",output_jonathan,0.4782575,31.109161216725095,54.34251341180961,3.069053708439898
"After Jesus had forced the demon out, the man started talking. The crowds were so amazed they began saying, “Nothing like this has ever happened in Israel!”","Yeezuu k'a la zinə bɩ ra bɩ, bəətir b'a sɩŋŋɩda sa, an nɩ meer bam. Gʊɔɔ cir gʊta bɩ zɛ kədə. Ŋ n'a hɩrɛ, ŋ ʊ: «Hɔ naa do lɔɔ n ba cɩna Israyɛl kʊ naa ʊ y!»","Jesus went to the other side of the sea, the Sea of Galilee, which is also called the Sea of Tiberias. A large crowd followed him because they saw the signs he was performing by healing the sick.",output_jonathan,0.37301335,25.086223905010097,54.34251341180961,3.069053708439898
Anyone who hears and obeys these teachings of mine is like a wise person who built a house on solid rock.,"Ncɩnaaʊ bɩ, gʊaa k'a nɩ mɔɔ meerbaa kʊ mɔɔ ba naa mam bɩ, an nɩ zi bam nɩ bɩ, bɔ a ʊ kʊ ʊ kan gʊaa k'a hɔɔn n ta ʊ, an a cɛ dɔ ci burə ʊ kɩ.","If you are a child and your mother tells you to go and fetch water, and you go and bring it, but on your way back you meet someone who asks you for water, you should give them some to drink.",output_jonathan,0.2782298,23.298072908557725,54.34251341180961,3.069053708439898
"When Jesus was born in the village of Bethlehem in Judea, Herod was king. During this time some wise men from the east came to Jerusalem","Yeezuu bɩ, yɩ a ʊ Betelehɛm ʊ Zidee kʊ ʊ, cir Hɩrɔɔdɩ dɔmɩm ʊ, bɩ hɔdonno a to dɔjɩr ʊ, ŋnɩ bʊr Zerizalɛm ʊ,","Jesus was born in Bethlehem of Judea in the days of King Herod, and behold, wise men from the East came to Jerusalem,",output_jonathan,0.9004371,52.63276126775144,54.34251341180961,3.069053708439898
"When Herod found out that the wise men from the east had tricked him, he was very angry. He gave orders for his men to kill all the boys who lived in or near Bethlehem and were two years old and younger. This was based on what he had learned from the wise men.","Hɩrɔɔdɩ k'a b'a dɔ a ʊ, hɔdonno wɔɔ a yamba a m bɩ, a wuti nɔmaa gandaara m. A n gʊɔɔ nyɔɔ Betelehɛm ʊ kan kʊrɔ vantɔɔ k'a a so ŋ ʊ rɔ wɔɔ kɩ ʊ, kʊ ŋ n'aa nyɩnɔ poorero yaarɔ kʊ ŋ dɔɔraa hɩɩya gɛɛ ŋ n a ku rɔ wɔɔ zɩnzɛ. Amba hɔdonno wɔɔ a hɩ m, nyɩnta k'a ʊ, an laaka da k'a nyɩ bɩ yɩrɛ dɔmɩm dɔ bɩ ma.","When Herod saw that the wise men had tricked him, he was very angry. He sent men to kill all the children in Bethlehem and the surrounding area who were two years old and younger. This was based on the time he had learned from the wise men. Then what the prophet Jeremiah had said came true:",output_JA-2,,68.59834536931106,54.34251341180961,3.069053708439898
Look at the birds in the sky! They don't plant or harvest. They don't even store grain in barns. Yet your Father in heaven takes care of them. Aren't you worth much more than birds?,"K'a dɩga bɛnnɔ ma: ŋ bɩr hɔ duure y, bɩ ŋ bɩr hɔ darɛ y, ŋ bɩr hɔ zarm sɩ ʊ y, b'awɔɔ Zɩ k'a nɩ arzana ʊ bɩ yɩ ŋ tʊrm! Awɔɔ n lɛ da ŋ nɩ gallɛm hɔka ra?","If you want to be rich: if you don't work hard, if you don't work diligently, if you don't work with strength, then God will not give you wealth. Do you think God will give you wealth without working hard?",output_JA-2,,19.86497549983485,54.34251341180961,3.069053708439898
"Some Pharisees and teachers of the Law of Moses said, “Teacher, we want you to show us a sign from heaven.”","Naa kur bɩ, wosocikarɩnsaambɔɔ kan farizɛɛnrɔ kɩ a sɩŋŋɩda ba, ŋn'a hɩ Yeezuu m, ŋ ʊ: «Karɩnsaamba, wɔɔ lɛ taa k'ɩ hoser ba k'ʊ a yɩ.»","When the time came, the angel Gabriel was sent by God to a town in Galilee called Nazareth, to a virgin betrothed to a man named Joseph, of the house of David. The virgin's name was Mary.",output_JA-2,,19.799731803695035,54.34251341180961,3.069053708439898
Servants are fortunate if their master comes and finds them doing their job.,"Zibəənyɩ bɩ do nyɩntam mimbirenyɩntazaa, k'a lɛɛzaa b'a wusigə an bʊr har ʊ, an b'a ku an nɩ zibəə k'a ka ʊ bɩ barɛ.","The child who was playing with his friends, when he saw that his mother was calling him, he left what he was doing and went to her.",output_JA-2,,20.708882169670524,54.34251341180961,3.069053708439898
"Others said, “Wait! Let's see if Elijah will come and save him.”","Bɩ, a muno wɔɔ y'a hɩrɛ, ŋ ʊ: «Jɩm cɩna, k'ʊ dɩga a Elii zɛm b'a bʊmbɔ gɛ?»","Hey, if you see him, tell him: ""Friend, why did you leave Elii's house without greeting him?""",output_JA-2,,18.623502079955596,54.34251341180961,3.069053708439898
"When Herod found out that the wise men from the east had tricked him, he was very angry. He gave orders for his men to kill all the boys who lived in or near Bethlehem and were two years old and younger. This was based on what he had learned from the wise men.","Hɩrɔɔdɩ k'a b'a dɔ a ʊ, hɔdonno wɔɔ a yamba a m bɩ, a wuti nɔmaa gandaara m. A n gʊɔɔ nyɔɔ Betelehɛm ʊ kan kʊrɔ vantɔɔ k'a a so ŋ ʊ rɔ wɔɔ kɩ ʊ, kʊ ŋ n'aa nyɩnɔ poorero yaarɔ kʊ ŋ dɔɔraa hɩɩya gɛɛ ŋ n a ku rɔ wɔɔ zɩnzɛ. Amba hɔdonno wɔɔ a hɩ m, nyɩnta k'a ʊ, an laaka da k'a nyɩ bɩ yɩrɛ dɔmɩm dɔ bɩ ma.","Herod, when he saw that he had been mocked by the wise men, was very angry, and he sent and killed all the male children in Bethlehem and in all its region who were two years old or under, according to the time that he had ascertained from the wise men. Then was fulfilled what was spoken by the prophet Jeremiah: ""A voice was heard in Ramah, weeping and loud lamentation, Rachel weeping for her children; she refused to be comforted, because they are no more.""",gerhardt_8019BE0D_output_WsImHC,,43.6907280852358,54.34251341180961,3.069053708439898
Look at the birds in the sky! They don't plant or harvest. They don't even store grain in barns. Yet your Father in heaven takes care of them. Aren't you worth much more than birds?,"K'a dɩga bɛnnɔ ma: ŋ bɩr hɔ duure y, bɩ ŋ bɩr hɔ darɛ y, ŋ bɩr hɔ zarm sɩ ʊ y, b'awɔɔ Zɩ k'a nɩ arzana ʊ bɩ yɩ ŋ tʊrm! Awɔɔ n lɛ da ŋ nɩ gallɛm hɔka ra?","If you see a snake, whether it's in the bush, in the house, or in the farm, don't say it's a harmless snake and leave it! Do you want it to bite you and you die?",gerhardt_8019BE0D_output_WsImHC,,22.410982418166675,54.34251341180961,3.069053708439898
"Some Pharisees and teachers of the Law of Moses said, “Teacher, we want you to show us a sign from heaven.”","Naa kur bɩ, wosocikarɩnsaambɔɔ kan farizɛɛnrɔ kɩ a sɩŋŋɩda ba, ŋn'a hɩ Yeezuu m, ŋ ʊ: «Karɩnsaamba, wɔɔ lɛ taa k'ɩ hoser ba k'ʊ a yɩ.»","When the time came, the tax collectors came to Jesus and said to him, ""Teacher, we know that you speak the truth and teach the way of God in truth.""",gerhardt_8019BE0D_output_WsImHC,,30.573587999186653,54.34251341180961,3.069053708439898
Servants are fortunate if their master comes and finds them doing their job.,"Zibəənyɩ bɩ do nyɩntam mimbirenyɩntazaa, k'a lɛɛzaa b'a wusigə an bʊr har ʊ, an b'a ku an nɩ zibəə k'a ka ʊ bɩ barɛ.","The children were playing in the yard when they saw a snake, and they ran away because they were afraid of it.",gerhardt_8019BE0D_output_WsImHC,,18.954805844343557,54.34251341180961,3.069053708439898
"Others said, “Wait! Let's see if Elijah will come and save him.”","Bɩ, a muno wɔɔ y'a hɩrɛ, ŋ ʊ: «Jɩm cɩna, k'ʊ dɩga a Elii zɛm b'a bʊmbɔ gɛ?»","Hey, when you went to the farm, did you say: ""Jɩm cɩna, have you seen Elii's goat that was tied up?""",gerhardt_8019BE0D_output_WsImHC,,15.79156950211765,54.34251341180961,3.069053708439898
"When Herod found out that the wise men from the east had tricked him, he was very angry. He gave orders for his men to kill all the boys who lived in or near Bethlehem and were two years old and younger. This was based on what he had learned from the wise men.","Hɩrɔɔdɩ k'a b'a dɔ a ʊ, hɔdonno wɔɔ a yamba a m bɩ, a wuti nɔmaa gandaara m. A n gʊɔɔ nyɔɔ Betelehɛm ʊ kan kʊrɔ vantɔɔ k'a a so ŋ ʊ rɔ wɔɔ kɩ ʊ, kʊ ŋ n'aa nyɩnɔ poorero yaarɔ kʊ ŋ dɔɔraa hɩɩya gɛɛ ŋ n a ku rɔ wɔɔ zɩnzɛ. Amba hɔdonno wɔɔ a hɩ m, nyɩnta k'a ʊ, an laaka da k'a nyɩ bɩ yɩrɛ dɔmɩm dɔ bɩ ma.","When Herod saw that he had been tricked by the Magi, he was very angry and sent men to kill all the children in Bethlehem and the surrounding area who were two years old or younger. This was based on the time he had learned from the Magi. Then what the prophet Jeremiah had said came true:",Dec 02 output,,57.16321225316957,54.34251341180961,3.069053708439898
Look at the birds in the sky! They don't plant or harvest. They don't even store grain in barns. Yet your Father in heaven takes care of them. Aren't you worth much more than birds?,"K'a dɩga bɛnnɔ ma: ŋ bɩr hɔ duure y, bɩ ŋ bɩr hɔ darɛ y, ŋ bɩr hɔ zarm sɩ ʊ y, b'awɔɔ Zɩ k'a nɩ arzana ʊ bɩ yɩ ŋ tʊrm! Awɔɔ n lɛ da ŋ nɩ gallɛm hɔka ra?","If you don't have anything to say: don't say it's too hot, don't say it's too cold, don't say the sun is too hot, because God has already decided what will happen to you! So why are you complaining about your fate?",Dec 02 output,,21.565103325260978,54.34251341180961,3.069053708439898
"Some Pharisees and teachers of the Law of Moses said, “Teacher, we want you to show us a sign from heaven.”","Naa kur bɩ, wosocikarɩnsaambɔɔ kan farizɛɛnrɔ kɩ a sɩŋŋɩda ba, ŋn'a hɩ Yeezuu m, ŋ ʊ: «Karɩnsaamba, wɔɔ lɛ taa k'ɩ hoser ba k'ʊ a yɩ.»","When the time came, the tax collectors came to the house, and they said to Jesus, ""Teacher, we have come to collect the tax you owe.""",Dec 02 output,,25.149561572155182,54.34251341180961,3.069053708439898
Servants are fortunate if their master comes and finds them doing their job.,"Zibəənyɩ bɩ do nyɩntam mimbirenyɩntazaa, k'a lɛɛzaa b'a wusigə an bʊr har ʊ, an b'a ku an nɩ zibəə k'a ka ʊ bɩ barɛ.","The hyena said that the rabbit should not be afraid, because it was just a small animal, and it would not harm the hyena.",Dec 02 output,,18.685001842036534,54.34251341180961,3.069053708439898
"Others said, “Wait! Let's see if Elijah will come and save him.”","Bɩ, a muno wɔɔ y'a hɩrɛ, ŋ ʊ: «Jɩm cɩna, k'ʊ dɩga a Elii zɛm b'a bʊmbɔ gɛ?»","Hey, when you went to the farm, did you say: ""Jɩm cɩna, what did you do to Elii's child that he is crying?""",Dec 02 output,,14.657989985297878,54.34251341180961,3.069053708439898
"When Herod found out that the wise men from the east had tricked him, he was very angry. He gave orders for his men to kill all the boys who lived in or near Bethlehem and were two years old and younger. This was based on what he had learned from the wise men.","Hɩrɔɔdɩ k'a b'a dɔ a ʊ, hɔdonno wɔɔ a yamba a m bɩ, a wuti nɔmaa gandaara m. A n gʊɔɔ nyɔɔ Betelehɛm ʊ kan kʊrɔ vantɔɔ k'a a so ŋ ʊ rɔ wɔɔ kɩ ʊ, kʊ ŋ n'aa nyɩnɔ poorero yaarɔ kʊ ŋ dɔɔraa hɩɩya gɛɛ ŋ n a ku rɔ wɔɔ zɩnzɛ. Amba hɔdonno wɔɔ a hɩ m, nyɩnta k'a ʊ, an laaka da k'a nyɩ bɩ yɩrɛ dɔmɩm dɔ bɩ ma.","Herod, when he saw that he had been tricked by the wise men, became very angry. He sent men to kill all the children in Bethlehem and the surrounding area who were two years old and under, according to the time he had learned from the wise men. Then what the prophet Jeremiah had said came true: ""A sound is heard in Ramah, the sound of bitter weeping. Rachel is crying for her children; she refuses to be comforted, because her children are gone.""",john_567A83BD_output (1),,50.97230548965014,54.34251341180961,3.069053708439898
Look at the birds in the sky! They don't plant or harvest. They don't even store grain in barns. Yet your Father in heaven takes care of them. Aren't you worth much more than birds?,"K'a dɩga bɛnnɔ ma: ŋ bɩr hɔ duure y, bɩ ŋ bɩr hɔ darɛ y, ŋ bɩr hɔ zarm sɩ ʊ y, b'awɔɔ Zɩ k'a nɩ arzana ʊ bɩ yɩ ŋ tʊrm! Awɔɔ n lɛ da ŋ nɩ gallɛm hɔka ra?","If you are not a child: if you are not a man, if you are not a woman, if you are not a spirit, then who is it that God created you to be? Do you not know that you are a servant of God?",john_567A83BD_output (1),,17.68062934694977,54.34251341180961,3.069053708439898
"Some Pharisees and teachers of the Law of Moses said, “Teacher, we want you to show us a sign from heaven.”","Naa kur bɩ, wosocikarɩnsaambɔɔ kan farizɛɛnrɔ kɩ a sɩŋŋɩda ba, ŋn'a hɩ Yeezuu m, ŋ ʊ: «Karɩnsaamba, wɔɔ lɛ taa k'ɩ hoser ba k'ʊ a yɩ.»","When you pray, do not be like the hypocrites, for they love to pray standing in the synagogues and on the street corners to be seen by others. Truly I tell you, they have received their reward in full.",john_567A83BD_output (1),,19.184264429585497,54.34251341180961,3.069053708439898
Servants are fortunate if their master comes and finds them doing their job.,"Zibəənyɩ bɩ do nyɩntam mimbirenyɩntazaa, k'a lɛɛzaa b'a wusigə an bʊr har ʊ, an b'a ku an nɩ zibəə k'a ka ʊ bɩ barɛ.","If you don't listen to advice, you will regret it when you see the consequences of your actions.",john_567A83BD_output (1),,15.227133971020953,54.34251341180961,3.069053708439898
"Others said, “Wait! Let's see if Elijah will come and save him.”","Bɩ, a muno wɔɔ y'a hɩrɛ, ŋ ʊ: «Jɩm cɩna, k'ʊ dɩga a Elii zɛm b'a bʊmbɔ gɛ?»","Hey, if you see Elii, tell him to come and help me with this work.",john_567A83BD_output (1),,22.840443356398783,54.34251341180961,3.069053708439898
"When Herod found out that the wise men from the east had tricked him, he was very angry. He gave orders for his men to kill all the boys who lived in or near Bethlehem and were two years old and younger. This was based on what he had learned from the wise men.","Hɩrɔɔdɩ k'a b'a dɔ a ʊ, hɔdonno wɔɔ a yamba a m bɩ, a wuti nɔmaa gandaara m. A n gʊɔɔ nyɔɔ Betelehɛm ʊ kan kʊrɔ vantɔɔ k'a a so ŋ ʊ rɔ wɔɔ kɩ ʊ, kʊ ŋ n'aa nyɩnɔ poorero yaarɔ kʊ ŋ dɔɔraa hɩɩya gɛɛ ŋ n a ku rɔ wɔɔ zɩnzɛ. Amba hɔdonno wɔɔ a hɩ m, nyɩnta k'a ʊ, an laaka da k'a nyɩ bɩ yɩrɛ dɔmɩm dɔ bɩ ma.","When Herod saw that he had been tricked by the wise men, he was very angry and sent men to kill all the children in Bethlehem and the surrounding area who were two years old and under, according to the time he had learned from the wise men. Then what was said through the prophet Jeremiah was fulfilled: ""A voice is heard in Ramah, weeping and great mourning, Rachel weeping for her children and refusing to be comforted, because they are no more.""",john_AA1B9A68_output (9),,52.13420808591116,54.34251341180961,3.069053708439898
Look at the birds in the sky! They don't plant or harvest. They don't even store grain in barns. Yet your Father in heaven takes care of them. Aren't you worth much more than birds?,"K'a dɩga bɛnnɔ ma: ŋ bɩr hɔ duure y, bɩ ŋ bɩr hɔ darɛ y, ŋ bɩr hɔ zarm sɩ ʊ y, b'awɔɔ Zɩ k'a nɩ arzana ʊ bɩ yɩ ŋ tʊrm! Awɔɔ n lɛ da ŋ nɩ gallɛm hɔka ra?","If you don't know what to do: whether to go forward, go backward, or stand still, ask God to show you the way! Do you think He will leave you without guidance?",john_AA1B9A68_output (9),,18.231304272939177,54.34251341180961,3.069053708439898
"Some Pharisees and teachers of the Law of Moses said, “Teacher, we want you to show us a sign from heaven.”","Naa kur bɩ, wosocikarɩnsaambɔɔ kan farizɛɛnrɔ kɩ a sɩŋŋɩda ba, ŋn'a hɩ Yeezuu m, ŋ ʊ: «Karɩnsaamba, wɔɔ lɛ taa k'ɩ hoser ba k'ʊ a yɩ.»","If you have sinned, the priest will forgive you so that you can be clean, but Jesus said, ""Teacher, they do not know what they are doing.""",john_AA1B9A68_output (9),,25.63243619607849,54.34251341180961,3.069053708439898
Servants are fortunate if their master comes and finds them doing their job.,"Zibəənyɩ bɩ do nyɩntam mimbirenyɩntazaa, k'a lɛɛzaa b'a wusigə an bʊr har ʊ, an b'a ku an nɩ zibəə k'a ka ʊ bɩ barɛ.","When the child is born and they see that it is a girl, they take her to the river and throw her in, saying that they do not want a girl.",john_AA1B9A68_output (9),,21.34827321054323,54.34251341180961,3.069053708439898
"Others said, “Wait! Let's see if Elijah will come and save him.”","Bɩ, a muno wɔɔ y'a hɩrɛ, ŋ ʊ: «Jɩm cɩna, k'ʊ dɩga a Elii zɛm b'a bʊmbɔ gɛ?»","Hey, if you see Elii, tell him to come and help me with this work.",john_AA1B9A68_output (9),,22.840443356398783,54.34251341180961,3.069053708439898
"When Herod found out that the wise men from the east had tricked him, he was very angry. He gave orders for his men to kill all the boys who lived in or near Bethlehem and were two years old and younger. This was based on what he had learned from the wise men.","Hɩrɔɔdɩ k'a b'a dɔ a ʊ, hɔdonno wɔɔ a yamba a m bɩ, a wuti nɔmaa gandaara m. A n gʊɔɔ nyɔɔ Betelehɛm ʊ kan kʊrɔ vantɔɔ k'a a so ŋ ʊ rɔ wɔɔ kɩ ʊ, kʊ ŋ n'aa nyɩnɔ poorero yaarɔ kʊ ŋ dɔɔraa hɩɩya gɛɛ ŋ n a ku rɔ wɔɔ zɩnzɛ. Amba hɔdonno wɔɔ a hɩ m, nyɩnta k'a ʊ, an laaka da k'a nyɩ bɩ yɩrɛ dɔmɩm dɔ bɩ ma.","When Herod realized that the wise men had tricked him, he was furious and ordered the killing of all boys in Bethlehem and its vicinity who were two years old and under, based on the time he had learned from the wise men. Then what the prophet Jeremiah had spoken was fulfilled: ""A voice is heard in Ramah, weeping and great mourning, Rachel weeping for her children and refusing to be comforted, because they are no more.""",Dec 07 output,,52.115565263403,54.34251341180961,3.069053708439898
Look at the birds in the sky! They don't plant or harvest. They don't even store grain in barns. Yet your Father in heaven takes care of them. Aren't you worth much more than birds?,"K'a dɩga bɛnnɔ ma: ŋ bɩr hɔ duure y, bɩ ŋ bɩr hɔ darɛ y, ŋ bɩr hɔ zarm sɩ ʊ y, b'awɔɔ Zɩ k'a nɩ arzana ʊ bɩ yɩ ŋ tʊrm! Awɔɔ n lɛ da ŋ nɩ gallɛm hɔka ra?","If you don't know me: I am the one who came yesterday, I am the one who came the day before yesterday, I am the one who came the day before that, but today God has made me a stranger to you! Do you not know that I am the one who used to help you?",Dec 07 output,,20.40451740509851,54.34251341180961,3.069053708439898
"Some Pharisees and teachers of the Law of Moses said, “Teacher, we want you to show us a sign from heaven.”","Naa kur bɩ, wosocikarɩnsaambɔɔ kan farizɛɛnrɔ kɩ a sɩŋŋɩda ba, ŋn'a hɩ Yeezuu m, ŋ ʊ: «Karɩnsaamba, wɔɔ lɛ taa k'ɩ hoser ba k'ʊ a yɩ.»","When the time came, the angel Gabriel was sent by God to a town in Galilee called Nazareth, to a virgin pledged to be married to a man named Joseph, a descendant of David. The virgin's name was Mary. The angel went to her and said, ""Greetings, you who are highly favored! The Lord is with you.""",Dec 07 output,,19.717030741032236,54.34251341180961,3.069053708439898
Servants are fortunate if their master comes and finds them doing their job.,"Zibəənyɩ bɩ do nyɩntam mimbirenyɩntazaa, k'a lɛɛzaa b'a wusigə an bʊr har ʊ, an b'a ku an nɩ zibəə k'a ka ʊ bɩ barɛ.","If you don't listen to advice, you will end up in trouble, and when you cry for help, no one will come to your aid.",Dec 07 output,,16.669787118004095,54.34251341180961,3.069053708439898
"Others said, “Wait! Let's see if Elijah will come and save him.”","Bɩ, a muno wɔɔ y'a hɩrɛ, ŋ ʊ: «Jɩm cɩna, k'ʊ dɩga a Elii zɛm b'a bʊmbɔ gɛ?»","Hey, I heard you were sick, so I said: ""What's wrong, have you taken Elii's medicine that he gave you?""",Dec 07 output,,18.164771713575515,54.34251341180961,3.069053708439898
"When Herod found out that the wise men from the east had tricked him, he was very angry. He gave orders for his men to kill all the boys who lived in or near Bethlehem and were two years old and younger. This was based on what he had learned from the wise men.","Hɩrɔɔdɩ k'a b'a dɔ a ʊ, hɔdonno wɔɔ a yamba a m bɩ, a wuti nɔmaa gandaara m. A n gʊɔɔ nyɔɔ Betelehɛm ʊ kan kʊrɔ vantɔɔ k'a a so ŋ ʊ rɔ wɔɔ kɩ ʊ, kʊ ŋ n'aa nyɩnɔ poorero yaarɔ kʊ ŋ dɔɔraa hɩɩya gɛɛ ŋ n a ku rɔ wɔɔ zɩnzɛ. Amba hɔdonno wɔɔ a hɩ m, nyɩnta k'a ʊ, an laaka da k'a nyɩ bɩ yɩrɛ dɔmɩm dɔ bɩ ma.","When Herod saw that the wise men had tricked him, he was very angry and sent soldiers to kill all the children in Bethlehem and the surrounding area who were two years old and younger. This happened as the Lord had said through the prophet.",Dec 10 output,,54.97526742393535,54.34251341180961,3.069053708439898
Look at the birds in the sky! They don't plant or harvest. They don't even store grain in barns. Yet your Father in heaven takes care of them. Aren't you worth much more than birds?,"K'a dɩga bɛnnɔ ma: ŋ bɩr hɔ duure y, bɩ ŋ bɩr hɔ darɛ y, ŋ bɩr hɔ zarm sɩ ʊ y, b'awɔɔ Zɩ k'a nɩ arzana ʊ bɩ yɩ ŋ tʊrm! Awɔɔ n lɛ da ŋ nɩ gallɛm hɔka ra?","If you don't know what to do: if you see a big snake, if you see a small snake, if you see a red snake, you should know that it is Zɩ who has sent it to you! Do you think I am joking with you?",Dec 10 output,,16.147380781887158,54.34251341180961,3.069053708439898
"Some Pharisees and teachers of the Law of Moses said, “Teacher, we want you to show us a sign from heaven.”","Naa kur bɩ, wosocikarɩnsaambɔɔ kan farizɛɛnrɔ kɩ a sɩŋŋɩda ba, ŋn'a hɩ Yeezuu m, ŋ ʊ: «Karɩnsaamba, wɔɔ lɛ taa k'ɩ hoser ba k'ʊ a yɩ.»","When the time came, the angel Gabriel was sent by God to a town in Galilee called Nazareth, to a virgin pledged to be married to a man named Joseph, a descendant of David. The virgin's name was Mary. The angel went to her and said, ""Greetings, you who are highly favored! The Lord is with you.""",Dec 10 output,,19.717030741032236,54.34251341180961,3.069053708439898
Servants are fortunate if their master comes and finds them doing their job.,"Zibəənyɩ bɩ do nyɩntam mimbirenyɩntazaa, k'a lɛɛzaa b'a wusigə an bʊr har ʊ, an b'a ku an nɩ zibəə k'a ka ʊ bɩ barɛ.","The children who were playing in the yard, when they saw that their ball had fallen into the water, they went and took it out so that they could continue playing.",Dec 10 output,,19.262714125540143,54.34251341180961,3.069053708439898
"Others said, “Wait! Let's see if Elijah will come and save him.”","Bɩ, a muno wɔɔ y'a hɩrɛ, ŋ ʊ: «Jɩm cɩna, k'ʊ dɩga a Elii zɛm b'a bʊmbɔ gɛ?»","Hey, if you see Elii, tell him I asked where he's going.",Dec 10 output,,16.018182207703262,54.34251341180961,3.069053708439898
"When Herod found out that the wise men from the east had tricked him, he was very angry. He gave orders for his men to kill all the boys who lived in or near Bethlehem and were two years old and younger. This was based on what he had learned from the wise men.","Hɩrɔɔdɩ k'a b'a dɔ a ʊ, hɔdonno wɔɔ a yamba a m bɩ, a wuti nɔmaa gandaara m. A n gʊɔɔ nyɔɔ Betelehɛm ʊ kan kʊrɔ vantɔɔ k'a a so ŋ ʊ rɔ wɔɔ kɩ ʊ, kʊ ŋ n'aa nyɩnɔ poorero yaarɔ kʊ ŋ dɔɔraa hɩɩya gɛɛ ŋ n a ku rɔ wɔɔ zɩnzɛ. Amba hɔdonno wɔɔ a hɩ m, nyɩnta k'a ʊ, an laaka da k'a nyɩ bɩ yɩrɛ dɔmɩm dɔ bɩ ma.","When Herod heard this, he was troubled, and all Jerusalem with him. He gathered all the chief priests and scribes of the people and asked them where the Messiah was to be born. They told him, ""In Bethlehem of Judea, for this is what the prophet wrote: 'And you, Bethlehem, in the land of Judah, are by no means least among the rulers of Judah; for from you shall come a ruler who will shepherd my people Israel.'"" Then Herod secretly called the wise men and found out from them the exact time the star had appeared.",john_7781CD93_output (6),,37.28804266775402,54.34251341180961,3.069053708439898
Look at the birds in the sky! They don't plant or harvest. They don't even store grain in barns. Yet your Father in heaven takes care of them. Aren't you worth much more than birds?,"K'a dɩga bɛnnɔ ma: ŋ bɩr hɔ duure y, bɩ ŋ bɩr hɔ darɛ y, ŋ bɩr hɔ zarm sɩ ʊ y, b'awɔɔ Zɩ k'a nɩ arzana ʊ bɩ yɩ ŋ tʊrm! Awɔɔ n lɛ da ŋ nɩ gallɛm hɔka ra?","If you don't know the work: whether you are a thief, or you are a liar, or you are a witch, by God, you will not enter paradise! Do you think God will let you in?",john_7781CD93_output (6),,18.26197510260063,54.34251341180961,3.069053708439898
"Some Pharisees and teachers of the Law of Moses said, “Teacher, we want you to show us a sign from heaven.”","Naa kur bɩ, wosocikarɩnsaambɔɔ kan farizɛɛnrɔ kɩ a sɩŋŋɩda ba, ŋn'a hɩ Yeezuu m, ŋ ʊ: «Karɩnsaamba, wɔɔ lɛ taa k'ɩ hoser ba k'ʊ a yɩ.»","If you have not repented, you will all perish as they did. But if you have Jesus, he says: ""Repent, for the kingdom of heaven is near.""",john_7781CD93_output (6),,20.744375694035604,54.34251341180961,3.069053708439898
Servants are fortunate if their master comes and finds them doing their job.,"Zibəənyɩ bɩ do nyɩntam mimbirenyɩntazaa, k'a lɛɛzaa b'a wusigə an bʊr har ʊ, an b'a ku an nɩ zibəə k'a ka ʊ bɩ barɛ.","The hyena said it would not eat the meat, but when it saw that the dog had eaten and left some, it also went and ate the meat that the dog had left.",john_7781CD93_output (6),,19.40056011532966,54.34251341180961,3.069053708439898
"Others said, “Wait! Let's see if Elijah will come and save him.”","Bɩ, a muno wɔɔ y'a hɩrɛ, ŋ ʊ: «Jɩm cɩna, k'ʊ dɩga a Elii zɛm b'a bʊmbɔ gɛ?»","Hey, if you see Elii, tell him to come and help me with this work, okay?",john_7781CD93_output (6),,22.407662474123054,54.34251341180961,3.069053708439898
"When Herod found out that the wise men from the east had tricked him, he was very angry. He gave orders for his men to kill all the boys who lived in or near Bethlehem and were two years old and younger. This was based on what he had learned from the wise men.","Hɩrɔɔdɩ k'a b'a dɔ a ʊ, hɔdonno wɔɔ a yamba a m bɩ, a wuti nɔmaa gandaara m. A n gʊɔɔ nyɔɔ Betelehɛm ʊ kan kʊrɔ vantɔɔ k'a a so ŋ ʊ rɔ wɔɔ kɩ ʊ, kʊ ŋ n'aa nyɩnɔ poorero yaarɔ kʊ ŋ dɔɔraa hɩɩya gɛɛ ŋ n a ku rɔ wɔɔ zɩnzɛ. Amba hɔdonno wɔɔ a hɩ m, nyɩnta k'a ʊ, an laaka da k'a nyɩ bɩ yɩrɛ dɔmɩm dɔ bɩ ma.","When Herod heard this, he was troubled, and all Jerusalem with him. He gathered all the chief priests and scribes of the people and asked them where the Messiah was to be born. They told him, ""In Bethlehem of Judea, for this is what the prophet wrote: 'And you, Bethlehem, in the land of Judah, are by no means least among the rulers of Judah; for from you shall come a ruler who is to shepherd my people Israel.'"" Then Herod secretly called the wise men and found out from them the exact time the star had appeared.",gerhardt_25FFCBF7_output_DdErIM,,37.15357924887622,54.34251341180961,3.069053708439898
Look at the birds in the sky! They don't plant or harvest. They don't even store grain in barns. Yet your Father in heaven takes care of them. Aren't you worth much more than birds?,"K'a dɩga bɛnnɔ ma: ŋ bɩr hɔ duure y, bɩ ŋ bɩr hɔ darɛ y, ŋ bɩr hɔ zarm sɩ ʊ y, b'awɔɔ Zɩ k'a nɩ arzana ʊ bɩ yɩ ŋ tʊrm! Awɔɔ n lɛ da ŋ nɩ gallɛm hɔka ra?","If you don't know what to do: if you see a good thing, do it; if you see a bad thing, avoid it; if you see something useless, leave it. But God has given you the mind to think! So why don't you use your intelligence?",gerhardt_25FFCBF7_output_DdErIM,,22.07113850649588,54.34251341180961,3.069053708439898
"Some Pharisees and teachers of the Law of Moses said, “Teacher, we want you to show us a sign from heaven.”","Naa kur bɩ, wosocikarɩnsaambɔɔ kan farizɛɛnrɔ kɩ a sɩŋŋɩda ba, ŋn'a hɩ Yeezuu m, ŋ ʊ: «Karɩnsaamba, wɔɔ lɛ taa k'ɩ hoser ba k'ʊ a yɩ.»","If you do not forgive others, your Father in heaven will not forgive you your sins. But if you forgive others, your Father in heaven will forgive you.",gerhardt_25FFCBF7_output_DdErIM,,17.279714568314574,54.34251341180961,3.069053708439898
Servants are fortunate if their master comes and finds them doing their job.,"Zibəənyɩ bɩ do nyɩntam mimbirenyɩntazaa, k'a lɛɛzaa b'a wusigə an bʊr har ʊ, an b'a ku an nɩ zibəə k'a ka ʊ bɩ barɛ.","If you are a child of God, you will not be afraid of anything, because God is with you and will protect you from all evil.",gerhardt_25FFCBF7_output_DdErIM,,15.881577497991206,54.34251341180961,3.069053708439898
"Others said, “Wait! Let's see if Elijah will come and save him.”","Bɩ, a muno wɔɔ y'a hɩrɛ, ŋ ʊ: «Jɩm cɩna, k'ʊ dɩga a Elii zɛm b'a bʊmbɔ gɛ?»","Hey, if you see someone, tell them: ""Where is the child, have you seen Elii's child who was here?""",gerhardt_25FFCBF7_output_DdErIM,,19.27129087501455,54.34251341180961,3.069053708439898
"When Herod found out that the wise men from the east had tricked him, he was very angry. He gave orders for his men to kill all the boys who lived in or near Bethlehem and were two years old and younger. This was based on what he had learned from the wise men.","Hɩrɔɔdɩ k'a b'a dɔ a ʊ, hɔdonno wɔɔ a yamba a m bɩ, a wuti nɔmaa gandaara m. A n gʊɔɔ nyɔɔ Betelehɛm ʊ kan kʊrɔ vantɔɔ k'a a so ŋ ʊ rɔ wɔɔ kɩ ʊ, kʊ ŋ n'aa nyɩnɔ poorero yaarɔ kʊ ŋ dɔɔraa hɩɩya gɛɛ ŋ n a ku rɔ wɔɔ zɩnzɛ. Amba hɔdonno wɔɔ a hɩ m, nyɩnta k'a ʊ, an laaka da k'a nyɩ bɩ yɩrɛ dɔmɩm dɔ bɩ ma.","When Herod saw that he had been tricked by the wise men, he was very angry and sent soldiers to kill all the children in Bethlehem and the surrounding area who were two years old and younger. This was according to the time he had learned from the wise men. Then what the prophet Jeremiah had said came true.",output_mich003,,60.93115041419777,54.34251341180961,3.069053708439898
Look at the birds in the sky! They don't plant or harvest. They don't even store grain in barns. Yet your Father in heaven takes care of them. Aren't you worth much more than birds?,"K'a dɩga bɛnnɔ ma: ŋ bɩr hɔ duure y, bɩ ŋ bɩr hɔ darɛ y, ŋ bɩr hɔ zarm sɩ ʊ y, b'awɔɔ Zɩ k'a nɩ arzana ʊ bɩ yɩ ŋ tʊrm! Awɔɔ n lɛ da ŋ nɩ gallɛm hɔka ra?","If you don't want to be a fool: don't be too proud, don't be too humble, don't be too greedy, but always remember that God is the one who gives and takes! Do you know what the wise man said?",output_mich003,,21.750693322570722,54.34251341180961,3.069053708439898
"Some Pharisees and teachers of the Law of Moses said, “Teacher, we want you to show us a sign from heaven.”","Naa kur bɩ, wosocikarɩnsaambɔɔ kan farizɛɛnrɔ kɩ a sɩŋŋɩda ba, ŋn'a hɩ Yeezuu m, ŋ ʊ: «Karɩnsaamba, wɔɔ lɛ taa k'ɩ hoser ba k'ʊ a yɩ.»","When the time came, the angel Gabriel was sent by God to a town in Galilee called Nazareth, to a virgin pledged to be married to a man named Joseph, a descendant of David. The virgin's name was Mary. The angel went to her and said, ""Greetings, you who are highly favored! The Lord is with you.""",output_mich003,,19.717030741032236,54.34251341180961,3.069053708439898
Servants are fortunate if their master comes and finds them doing their job.,"Zibəənyɩ bɩ do nyɩntam mimbirenyɩntazaa, k'a lɛɛzaa b'a wusigə an bʊr har ʊ, an b'a ku an nɩ zibəə k'a ka ʊ bɩ barɛ.","The hyena said that if the rabbit had not come to meet him, he would have gone to the rabbit's house and killed him.",output_mich003,,20.21931874572042,54.34251341180961,3.069053708439898
"Others said, “Wait! Let's see if Elijah will come and save him.”","Bɩ, a muno wɔɔ y'a hɩrɛ, ŋ ʊ: «Jɩm cɩna, k'ʊ dɩga a Elii zɛm b'a bʊmbɔ gɛ?»","And he said to him, ""Friend, why have you come to disturb Eli's peace?""",output_mich003,,19.977321341474678,54.34251341180961,3.069053708439898
"When Herod found out that the wise men from the east had tricked him, he was very angry. He gave orders for his men to kill all the boys who lived in or near Bethlehem and were two years old and younger. This was based on what he had learned from the wise men.","Hɩrɔɔdɩ k'a b'a dɔ a ʊ, hɔdonno wɔɔ a yamba a m bɩ, a wuti nɔmaa gandaara m. A n gʊɔɔ nyɔɔ Betelehɛm ʊ kan kʊrɔ vantɔɔ k'a a so ŋ ʊ rɔ wɔɔ kɩ ʊ, kʊ ŋ n'aa nyɩnɔ poorero yaarɔ kʊ ŋ dɔɔraa hɩɩya gɛɛ ŋ n a ku rɔ wɔɔ zɩnzɛ. Amba hɔdonno wɔɔ a hɩ m, nyɩnta k'a ʊ, an laaka da k'a nyɩ bɩ yɩrɛ dɔmɩm dɔ bɩ ma.","When Herod saw that the wise men had deceived him, he was very angry and sent men to kill all the children in Bethlehem and throughout the surrounding area who were two years old and under, according to the time he had learned from the wise men. Then what was spoken through the prophet Jeremiah was fulfilled: ""A voice is heard in Ramah, weeping and great mourning, Rachel weeping for her children and refusing to be comforted, because they are no more.""",output_JA-6,,53.39803082661123,54.34251341180961,3.069053708439898
Look at the birds in the sky! They don't plant or harvest. They don't even store grain in barns. Yet your Father in heaven takes care of them. Aren't you worth much more than birds?,"K'a dɩga bɛnnɔ ma: ŋ bɩr hɔ duure y, bɩ ŋ bɩr hɔ darɛ y, ŋ bɩr hɔ zarm sɩ ʊ y, b'awɔɔ Zɩ k'a nɩ arzana ʊ bɩ yɩ ŋ tʊrm! Awɔɔ n lɛ da ŋ nɩ gallɛm hɔka ra?","If you don't know what to do: whether to go forward, backward, or stay in one place, ask God to show you the way! Do you think God will not answer you?",output_JA-6,,17.131632324652625,54.34251341180961,3.069053708439898
"Some Pharisees and teachers of the Law of Moses said, “Teacher, we want you to show us a sign from heaven.”","Naa kur bɩ, wosocikarɩnsaambɔɔ kan farizɛɛnrɔ kɩ a sɩŋŋɩda ba, ŋn'a hɩ Yeezuu m, ŋ ʊ: «Karɩnsaamba, wɔɔ lɛ taa k'ɩ hoser ba k'ʊ a yɩ.»","When the time came, the angel Gabriel was sent by God to a town in Galilee called Nazareth, to a virgin pledged to be married to a man named Joseph, a descendant of David. The virgin's name was Mary.",output_JA-6,,17.745271403760775,54.34251341180961,3.069053708439898
Servants are fortunate if their master comes and finds them doing their job.,"Zibəənyɩ bɩ do nyɩntam mimbirenyɩntazaa, k'a lɛɛzaa b'a wusigə an bʊr har ʊ, an b'a ku an nɩ zibəə k'a ka ʊ bɩ barɛ.","The child who does not listen to advice, when he grows up and starts doing things, he will realize that he has made a mistake and will regret it.",output_JA-6,,23.72528898115328,54.34251341180961,3.069053708439898
"Others said, “Wait! Let's see if Elijah will come and save him.”","Bɩ, a muno wɔɔ y'a hɩrɛ, ŋ ʊ: «Jɩm cɩna, k'ʊ dɩga a Elii zɛm b'a bʊmbɔ gɛ?»","Hey, I heard you were there, and I said: ""What's up, have you seen Elii since he came back?""",output_JA-6,,20.335938026146984,54.34251341180961,3.069053708439898
"When Herod found out that the wise men from the east had tricked him, he was very angry. He gave orders for his men to kill all the boys who lived in or near Bethlehem and were two years old and younger. This was based on what he had learned from the wise men.","Hɩrɔɔdɩ k'a b'a dɔ a ʊ, hɔdonno wɔɔ a yamba a m bɩ, a wuti nɔmaa gandaara m. A n gʊɔɔ nyɔɔ Betelehɛm ʊ kan kʊrɔ vantɔɔ k'a a so ŋ ʊ rɔ wɔɔ kɩ ʊ, kʊ ŋ n'aa nyɩnɔ poorero yaarɔ kʊ ŋ dɔɔraa hɩɩya gɛɛ ŋ n a ku rɔ wɔɔ zɩnzɛ. Amba hɔdonno wɔɔ a hɩ m, nyɩnta k'a ʊ, an laaka da k'a nyɩ bɩ yɩrɛ dɔmɩm dɔ bɩ ma.","When Herod realized that the wise men had tricked him, he was very angry. He sent men to Bethlehem and the surrounding area to kill all the boys who were two years old and younger, based on the time he had learned from the wise men. This fulfilled what God had spoken through the prophet Jeremiah.",Dec 03 output,,67.0997423393806,54.34251341180961,3.069053708439898
Look at the birds in the sky! They don't plant or harvest. They don't even store grain in barns. Yet your Father in heaven takes care of them. Aren't you worth much more than birds?,"K'a dɩga bɛnnɔ ma: ŋ bɩr hɔ duure y, bɩ ŋ bɩr hɔ darɛ y, ŋ bɩr hɔ zarm sɩ ʊ y, b'awɔɔ Zɩ k'a nɩ arzana ʊ bɩ yɩ ŋ tʊrm! Awɔɔ n lɛ da ŋ nɩ gallɛm hɔka ra?","If you want to know me: whether I am in the east, or I am in the west, or I am in the north, it is God who knows where I am! Do you think I am a fool to tell you?",Dec 03 output,,18.530456244117016,54.34251341180961,3.069053708439898
"Some Pharisees and teachers of the Law of Moses said, “Teacher, we want you to show us a sign from heaven.”","Naa kur bɩ, wosocikarɩnsaambɔɔ kan farizɛɛnrɔ kɩ a sɩŋŋɩda ba, ŋn'a hɩ Yeezuu m, ŋ ʊ: «Karɩnsaamba, wɔɔ lɛ taa k'ɩ hoser ba k'ʊ a yɩ.»","If you have not repented, you will all likewise perish, unless you believe in Jesus, for He said: ""Repent, for the kingdom of heaven is at hand.""",Dec 03 output,,21.752139760590193,54.34251341180961,3.069053708439898
Servants are fortunate if their master comes and finds them doing their job.,"Zibəənyɩ bɩ do nyɩntam mimbirenyɩntazaa, k'a lɛɛzaa b'a wusigə an bʊr har ʊ, an b'a ku an nɩ zibəə k'a ka ʊ bɩ barɛ.","If you are not careful with your words, it can lead to trouble, and if you are not careful with your actions, it can lead to even greater trouble.",Dec 03 output,,17.467993043281222,54.34251341180961,3.069053708439898
"Others said, “Wait! Let's see if Elijah will come and save him.”","Bɩ, a muno wɔɔ y'a hɩrɛ, ŋ ʊ: «Jɩm cɩna, k'ʊ dɩga a Elii zɛm b'a bʊmbɔ gɛ?»","Hey, when you were at the farm, did you ask: ""Friend, why did Elii's child come to disturb us?""",Dec 03 output,,17.72780254059968,54.34251341180961,3.069053708439898
"When Herod found out that the wise men from the east had tricked him, he was very angry. He gave orders for his men to kill all the boys who lived in or near Bethlehem and were two years old and younger. This was based on what he had learned from the wise men.","Hɩrɔɔdɩ k'a b'a dɔ a ʊ, hɔdonno wɔɔ a yamba a m bɩ, a wuti nɔmaa gandaara m. A n gʊɔɔ nyɔɔ Betelehɛm ʊ kan kʊrɔ vantɔɔ k'a a so ŋ ʊ rɔ wɔɔ kɩ ʊ, kʊ ŋ n'aa nyɩnɔ poorero yaarɔ kʊ ŋ dɔɔraa hɩɩya gɛɛ ŋ n a ku rɔ wɔɔ zɩnzɛ. Amba hɔdonno wɔɔ a hɩ m, nyɩnta k'a ʊ, an laaka da k'a nyɩ bɩ yɩrɛ dɔmɩm dɔ bɩ ma.","When Herod saw that the wise men had tricked him, he became very angry and sent men to kill all the children in Bethlehem and the surrounding area who were two years old and younger. This was based on the time he had learned from the wise men. Then what the prophet Jeremiah had said came true:",Dec 09 output,,64.83241527180049,54.34251341180961,3.069053708439898
Look at the birds in the sky! They don't plant or harvest. They don't even store grain in barns. Yet your Father in heaven takes care of them. Aren't you worth much more than birds?,"K'a dɩga bɛnnɔ ma: ŋ bɩr hɔ duure y, bɩ ŋ bɩr hɔ darɛ y, ŋ bɩr hɔ zarm sɩ ʊ y, b'awɔɔ Zɩ k'a nɩ arzana ʊ bɩ yɩ ŋ tʊrm! Awɔɔ n lɛ da ŋ nɩ gallɛm hɔka ra?","If you are a human: you were born from a woman, you were born from a man, you were born from the earth, but God who created you is not like you! Do you think you can compare yourself to God?",Dec 09 output,,16.870333991328334,54.34251341180961,3.069053708439898
"Some Pharisees and teachers of the Law of Moses said, “Teacher, we want you to show us a sign from heaven.”","Naa kur bɩ, wosocikarɩnsaambɔɔ kan farizɛɛnrɔ kɩ a sɩŋŋɩda ba, ŋn'a hɩ Yeezuu m, ŋ ʊ: «Karɩnsaamba, wɔɔ lɛ taa k'ɩ hoser ba k'ʊ a yɩ.»","If you do not forgive others, your Father in heaven will not forgive you your sins. Jesus said, ""Forgive others, so that your Father may also forgive you.""",Dec 09 output,,22.43621462295555,54.34251341180961,3.069053708439898
Servants are fortunate if their master comes and finds them doing their job.,"Zibəənyɩ bɩ do nyɩntam mimbirenyɩntazaa, k'a lɛɛzaa b'a wusigə an bʊr har ʊ, an b'a ku an nɩ zibəə k'a ka ʊ bɩ barɛ.","If you have not yet received your payment, you should go to the office and ask them why, and tell them that you have not yet been paid.",Dec 09 output,,18.188911335961414,54.34251341180961,3.069053708439898
"Others said, “Wait! Let's see if Elijah will come and save him.”","Bɩ, a muno wɔɔ y'a hɩrɛ, ŋ ʊ: «Jɩm cɩna, k'ʊ dɩga a Elii zɛm b'a bʊmbɔ gɛ?»","Hey, you know that thing you were talking about, he said: ""What's the matter, why are you hiding the thing Elii gave you?""",Dec 09 output,,16.153261026874784,54.34251341180961,3.069053708439898
"If any place won't welcome you or listen to your message, leave and shake the dust from your feet as a warning to them.”","K'awɔɔ ta kʊ ʊ, ŋ nɩ kaanm awɔɔ m, kʊ ŋ n a tʊr ka awɔɔ mim ma, k'a ɩ doom, k'a kʊ bɩ taanyisi gʊngʊ a gam ma, k'an nyɩnta kasɛtɩ.»","If you have a child, and you don't take care of the child, and you don't teach the child good things, and you don't give the child food, and you don't send the child to school, you will regret it.",output_onesimus007,0.103571735,20.434704838834598,54.34251341180961,3.069053708439898
"So obey everything they teach you, but don't do as they do. After all, they say one thing and do something else.","Bɩ minto bɩ, awɔɔ a ga m, a sɩra ka ŋ ʊ, a hɔ kʊ ŋ n'a hɩrɛ awɔɔ m haay bɩ ba, b'a bɩ zu ŋ zibəə ʊ y. Bala, ŋ bɩr hɔ kʊ ŋ n'a dɩndam gʊɔɔ m bɩ barɛ y.","If you don't have a child, when you are old, you will have no one to help you, and no one will take care of you when you are sick. But if you have a child, they will take care of you when you are old.",output_onesimus007,0.26091462,20.686622254823643,54.34251341180961,3.069053708439898
The ones who were wise took along extra oil for their lamps.,"Bɩ, ŋ hɔɔn n ta ʊ rɔ wɔɔ, brɔɔ nyɔɔ tɔ mɔdrɔ ʊ ŋn'a na a fɩtɩrɛrɔ wɔɔ ma.","Yes, I have seen that you are not happy, but you must know that this is not the end of the matter.",output_onesimus007,-0.028983518,14.409663485698799,54.34251341180961,3.069053708439898
"Jesus called his disciples together and told them, “I feel sorry for these people. They have been with me for three days, and they don't have anything to eat. I don't want to send them away hungry. They might faint on their way home.”","Yeezuu a karɩndanyɩnɔ wɔɔ bir an a hɩ ŋ nɩ, a ʊ: «Zamaa bɩ cicir ɩ mɔɔ zɛm, bala, a dɔmɩm kaakʊ hɔ m naa, ŋ nɩ kan mɔɔ kɩ, hɔsɩ ba ŋ ʊ, ŋn'a bɩrɛ y. Mɔɔ lɛ baa kʊ m ŋ da zaa ra kan nɔ kɩ y. Kʊ n bɛɛ nɩ, ŋ y'a dundom zaa ra.»","Jesus said to him, ""If you can believe, all things are possible to him who believes."" Immediately the father of the child cried out and said with tears, ""Lord, I believe; help my unbelief!""",output_onesimus007,0.36822075,19.17048456948873,54.34251341180961,3.069053708439898
It will be terrible for people who cause even one of my little followers to sin. Those people would be better off thrown into the deepest part of the ocean with a heavy stone tied around their necks!,"«Bɩ, kʊ gʊaa a ka nyɩnɔ kʊ ŋ sɩra ka mɔɔ rɔ nɔɔn duro gʊaa deem n a do mimbʊnyaa nɔ ʊ, kʊ n jɛnlajaa gʊta kʊsɩ a wer ma, n n a da higʊta ʊ, a jɩra.","Yes, if you have a child and you don't take care of them, and you leave them to suffer, you will regret it later, and you will feel pain, and it will be difficult.",output_onesimus007,0.123754054,19.25971411629627,54.34251341180961,3.069053708439898
"When Herod found out that the wise men from the east had tricked him, he was very angry. He gave orders for his men to kill all the boys who lived in or near Bethlehem and were two years old and younger. This was based on what he had learned from the wise men.","Hɩrɔɔdɩ k'a b'a dɔ a ʊ, hɔdonno wɔɔ a yamba a m bɩ, a wuti nɔmaa gandaara m. A n gʊɔɔ nyɔɔ Betelehɛm ʊ kan kʊrɔ vantɔɔ k'a a so ŋ ʊ rɔ wɔɔ kɩ ʊ, kʊ ŋ n'aa nyɩnɔ poorero yaarɔ kʊ ŋ dɔɔraa hɩɩya gɛɛ ŋ n a ku rɔ wɔɔ zɩnzɛ. Amba hɔdonno wɔɔ a hɩ m, nyɩnta k'a ʊ, an laaka da k'a nyɩ bɩ yɩrɛ dɔmɩm dɔ bɩ ma.","When Herod saw that he had been tricked by the wise men, he was very angry and sent men to kill all the children in Bethlehem and the surrounding area who were two years old and younger. This was based on the time he had learned from the wise men. Then what the prophet Jeremiah had said came true:",john_1C6E69D4_output (8),,64.23080304106394,54.34251341180961,3.069053708439898
Look at the birds in the sky! They don't plant or harvest. They don't even store grain in barns. Yet your Father in heaven takes care of them. Aren't you worth much more than birds?,"K'a dɩga bɛnnɔ ma: ŋ bɩr hɔ duure y, bɩ ŋ bɩr hɔ darɛ y, ŋ bɩr hɔ zarm sɩ ʊ y, b'awɔɔ Zɩ k'a nɩ arzana ʊ bɩ yɩ ŋ tʊrm! Awɔɔ n lɛ da ŋ nɩ gallɛm hɔka ra?","If you don't know the language you're speaking: if you don't know the language of the country, you don't know the language of the village, you don't know the language of the house, then how can you say that God has given you the language of the heart? Do you think you can understand the language of the heart?",john_1C6E69D4_output (8),,20.817869561046393,54.34251341180961,3.069053708439898
"Some Pharisees and teachers of the Law of Moses said, “Teacher, we want you to show us a sign from heaven.”","Naa kur bɩ, wosocikarɩnsaambɔɔ kan farizɛɛnrɔ kɩ a sɩŋŋɩda ba, ŋn'a hɩ Yeezuu m, ŋ ʊ: «Karɩnsaamba, wɔɔ lɛ taa k'ɩ hoser ba k'ʊ a yɩ.»","When they had finished, the Pharisees and teachers of the law who were there began to grumble, saying, ""This man welcomes sinners and eats with them.""",john_1C6E69D4_output (8),,38.76249772709339,54.34251341180961,3.069053708439898
Servants are fortunate if their master comes and finds them doing their job.,"Zibəənyɩ bɩ do nyɩntam mimbirenyɩntazaa, k'a lɛɛzaa b'a wusigə an bʊr har ʊ, an b'a ku an nɩ zibəə k'a ka ʊ bɩ barɛ.","When the child saw the snake, he ran away and climbed a tree, and when he came down, he saw the snake and it had gone.",john_1C6E69D4_output (8),,17.300110166856175,54.34251341180961,3.069053708439898
"Others said, “Wait! Let's see if Elijah will come and save him.”","Bɩ, a muno wɔɔ y'a hɩrɛ, ŋ ʊ: «Jɩm cɩna, k'ʊ dɩga a Elii zɛm b'a bʊmbɔ gɛ?»","And when he saw him, he said, ""Look, is this the one who was supposed to come, or should we expect someone else?""",john_1C6E69D4_output (8),,18.083586794272748,54.34251341180961,3.069053708439898
"When Herod found out that the wise men from the east had tricked him, he was very angry. He gave orders for his men to kill all the boys who lived in or near Bethlehem and were two years old and younger. This was based on what he had learned from the wise men.","Hɩrɔɔdɩ k'a b'a dɔ a ʊ, hɔdonno wɔɔ a yamba a m bɩ, a wuti nɔmaa gandaara m. A n gʊɔɔ nyɔɔ Betelehɛm ʊ kan kʊrɔ vantɔɔ k'a a so ŋ ʊ rɔ wɔɔ kɩ ʊ, kʊ ŋ n'aa nyɩnɔ poorero yaarɔ kʊ ŋ dɔɔraa hɩɩya gɛɛ ŋ n a ku rɔ wɔɔ zɩnzɛ. Amba hɔdonno wɔɔ a hɩ m, nyɩnta k'a ʊ, an laaka da k'a nyɩ bɩ yɩrɛ dɔmɩm dɔ bɩ ma.","When Herod saw that he had been tricked by the wise men, he was very angry and sent men to kill all the children in Bethlehem and the surrounding area who were two years old or younger. This was based on the time he had learned from the wise men. Then what the prophet Jeremiah had said came true:",output_johnayernor,,62.3821229257741,54.34251341180961,3.069053708439898
Look at the birds in the sky! They don't plant or harvest. They don't even store grain in barns. Yet your Father in heaven takes care of them. Aren't you worth much more than birds?,"K'a dɩga bɛnnɔ ma: ŋ bɩr hɔ duure y, bɩ ŋ bɩr hɔ darɛ y, ŋ bɩr hɔ zarm sɩ ʊ y, b'awɔɔ Zɩ k'a nɩ arzana ʊ bɩ yɩ ŋ tʊrm! Awɔɔ n lɛ da ŋ nɩ gallɛm hɔka ra?","If you don't know what to do: when you see a big one, when you see a small one, when you see a red one, don't say it's a lie that you don't know! Do you think I'm joking with you?",output_johnayernor,,18.64298494782017,54.34251341180961,3.069053708439898
"Some Pharisees and teachers of the Law of Moses said, “Teacher, we want you to show us a sign from heaven.”","Naa kur bɩ, wosocikarɩnsaambɔɔ kan farizɛɛnrɔ kɩ a sɩŋŋɩda ba, ŋn'a hɩ Yeezuu m, ŋ ʊ: «Karɩnsaamba, wɔɔ lɛ taa k'ɩ hoser ba k'ʊ a yɩ.»","When the time came, the angel Gabriel was sent by God to a town in Galilee called Nazareth, to a virgin pledged to be married to a man named Joseph, a descendant of David. The virgin's name was Mary. The angel went to her and said, ""Greetings, you who are highly favored! The Lord is with you.""",output_johnayernor,,19.717030741032236,54.34251341180961,3.069053708439898
Servants are fortunate if their master comes and finds them doing their job.,"Zibəənyɩ bɩ do nyɩntam mimbirenyɩntazaa, k'a lɛɛzaa b'a wusigə an bʊr har ʊ, an b'a ku an nɩ zibəə k'a ka ʊ bɩ barɛ.","If you don't know how to do something, don't be afraid to ask for help, because even if you fail, you will learn something new.",output_johnayernor,,17.243234935812094,54.34251341180961,3.069053708439898
"Others said, “Wait! Let's see if Elijah will come and save him.”","Bɩ, a muno wɔɔ y'a hɩrɛ, ŋ ʊ: «Jɩm cɩna, k'ʊ dɩga a Elii zɛm b'a bʊmbɔ gɛ?»","Hey, when you went to the farm, did you say: ""Jim, come, let's go to Elii's house to eat some food""?",output_johnayernor,,17.860372559337918,54.34251341180961,3.069053708439898
"When Herod found out that the wise men from the east had tricked him, he was very angry. He gave orders for his men to kill all the boys who lived in or near Bethlehem and were two years old and younger. This was based on what he had learned from the wise men.","Hɩrɔɔdɩ k'a b'a dɔ a ʊ, hɔdonno wɔɔ a yamba a m bɩ, a wuti nɔmaa gandaara m. A n gʊɔɔ nyɔɔ Betelehɛm ʊ kan kʊrɔ vantɔɔ k'a a so ŋ ʊ rɔ wɔɔ kɩ ʊ, kʊ ŋ n'aa nyɩnɔ poorero yaarɔ kʊ ŋ dɔɔraa hɩɩya gɛɛ ŋ n a ku rɔ wɔɔ zɩnzɛ. Amba hɔdonno wɔɔ a hɩ m, nyɩnta k'a ʊ, an laaka da k'a nyɩ bɩ yɩrɛ dɔmɩm dɔ bɩ ma.","When Herod realized that the wise men had tricked him, he was very angry and sent soldiers to Bethlehem to kill all the children under two years old, just as the wise men had told him. This fulfilled what the prophet Jeremiah had spoken: ""A voice was heard in Ramah, weeping and great mourning, Rachel weeping for her children and refusing to be comforted, because they are no more.""",Dec 11 output,,48.56216303179577,54.34251341180961,3.069053708439898
Look at the birds in the sky! They don't plant or harvest. They don't even store grain in barns. Yet your Father in heaven takes care of them. Aren't you worth much more than birds?,"K'a dɩga bɛnnɔ ma: ŋ bɩr hɔ duure y, bɩ ŋ bɩr hɔ darɛ y, ŋ bɩr hɔ zarm sɩ ʊ y, b'awɔɔ Zɩ k'a nɩ arzana ʊ bɩ yɩ ŋ tʊrm! Awɔɔ n lɛ da ŋ nɩ gallɛm hɔka ra?","If you don't know what to do: if you see a snake, if you see a scorpion, if you see a harmful animal, you should call Jesus to help you defeat it! Do you know that Jesus is the one who helps us?",Dec 11 output,,17.511131476499745,54.34251341180961,3.069053708439898
"Some Pharisees and teachers of the Law of Moses said, “Teacher, we want you to show us a sign from heaven.”","Naa kur bɩ, wosocikarɩnsaambɔɔ kan farizɛɛnrɔ kɩ a sɩŋŋɩda ba, ŋn'a hɩ Yeezuu m, ŋ ʊ: «Karɩnsaamba, wɔɔ lɛ taa k'ɩ hoser ba k'ʊ a yɩ.»","When the time came, the tax collectors came to Jesus and said to him, ""Teacher, we know that you are truthful and teach the way of God in truth.",Dec 11 output,,30.774043276741047,54.34251341180961,3.069053708439898
Servants are fortunate if their master comes and finds them doing their job.,"Zibəənyɩ bɩ do nyɩntam mimbirenyɩntazaa, k'a lɛɛzaa b'a wusigə an bʊr har ʊ, an b'a ku an nɩ zibəə k'a ka ʊ bɩ barɛ.","The child who was playing with his friends, when he saw that his mother was coming, he ran and went to meet her, and then he took her hand and they went home together.",Dec 11 output,,19.564564962065514,54.34251341180961,3.069053708439898
"Others said, “Wait! Let's see if Elijah will come and save him.”","Bɩ, a muno wɔɔ y'a hɩrɛ, ŋ ʊ: «Jɩm cɩna, k'ʊ dɩga a Elii zɛm b'a bʊmbɔ gɛ?»","Hey, when you went to the farm, did you see: ""Have you eaten, what did Elii's child say when he was born?""",Dec 11 output,,17.236627388957203,54.34251341180961,3.069053708439898
"When Herod found out that the wise men from the east had tricked him, he was very angry. He gave orders for his men to kill all the boys who lived in or near Bethlehem and were two years old and younger. This was based on what he had learned from the wise men.","Hɩrɔɔdɩ k'a b'a dɔ a ʊ, hɔdonno wɔɔ a yamba a m bɩ, a wuti nɔmaa gandaara m. A n gʊɔɔ nyɔɔ Betelehɛm ʊ kan kʊrɔ vantɔɔ k'a a so ŋ ʊ rɔ wɔɔ kɩ ʊ, kʊ ŋ n'aa nyɩnɔ poorero yaarɔ kʊ ŋ dɔɔraa hɩɩya gɛɛ ŋ n a ku rɔ wɔɔ zɩnzɛ. Amba hɔdonno wɔɔ a hɩ m, nyɩnta k'a ʊ, an laaka da k'a nyɩ bɩ yɩrɛ dɔmɩm dɔ bɩ ma.","When Herod saw that he had been tricked by the wise men, he was very angry. He sent men to kill all the children in Bethlehem and the surrounding area who were two years old and younger. This was based on the time he had learned from the wise men. Then what the prophet Jeremiah had said came true:",gerhardt_0445F08A_output_T9n53N,,65.5739963493163,54.34251341180961,3.069053708439898
Look at the birds in the sky! They don't plant or harvest. They don't even store grain in barns. Yet your Father in heaven takes care of them. Aren't you worth much more than birds?,"K'a dɩga bɛnnɔ ma: ŋ bɩr hɔ duure y, bɩ ŋ bɩr hɔ darɛ y, ŋ bɩr hɔ zarm sɩ ʊ y, b'awɔɔ Zɩ k'a nɩ arzana ʊ bɩ yɩ ŋ tʊrm! Awɔɔ n lɛ da ŋ nɩ gallɛm hɔka ra?","If you don't know me: I am the one who is in the sky, I am the one who is on the earth, I am the one who is in the water, but the white people say I am the devil! Do the white people know what they are saying?",gerhardt_0445F08A_output_T9n53N,,22.51660124349801,54.34251341180961,3.069053708439898
"Some Pharisees and teachers of the Law of Moses said, “Teacher, we want you to show us a sign from heaven.”","Naa kur bɩ, wosocikarɩnsaambɔɔ kan farizɛɛnrɔ kɩ a sɩŋŋɩda ba, ŋn'a hɩ Yeezuu m, ŋ ʊ: «Karɩnsaamba, wɔɔ lɛ taa k'ɩ hoser ba k'ʊ a yɩ.»","When he had finished speaking, the Pharisees and teachers of the law who were there began to complain to his disciples, saying, ""Why do you eat and drink with tax collectors and sinners?""",gerhardt_0445F08A_output_T9n53N,,36.573878788629536,54.34251341180961,3.069053708439898
Servants are fortunate if their master comes and finds them doing their job.,"Zibəənyɩ bɩ do nyɩntam mimbirenyɩntazaa, k'a lɛɛzaa b'a wusigə an bʊr har ʊ, an b'a ku an nɩ zibəə k'a ka ʊ bɩ barɛ.","The children who were playing in the yard, when they saw that the dog was chasing them, they ran and entered the house and closed the door.",gerhardt_0445F08A_output_T9n53N,,22.12726216443944,54.34251341180961,3.069053708439898
"Others said, “Wait! Let's see if Elijah will come and save him.”","Bɩ, a muno wɔɔ y'a hɩrɛ, ŋ ʊ: «Jɩm cɩna, k'ʊ dɩga a Elii zɛm b'a bʊmbɔ gɛ?»","Hey, if you see him today, tell him: ""Jɩm, come, why did you leave Elii's house without greeting him?""",gerhardt_0445F08A_output_T9n53N,,19.907885139839802,54.34251341180961,3.069053708439898
"When Herod found out that the wise men from the east had tricked him, he was very angry. He gave orders for his men to kill all the boys who lived in or near Bethlehem and were two years old and younger. This was based on what he had learned from the wise men.","Hɩrɔɔdɩ k'a b'a dɔ a ʊ, hɔdonno wɔɔ a yamba a m bɩ, a wuti nɔmaa gandaara m. A n gʊɔɔ nyɔɔ Betelehɛm ʊ kan kʊrɔ vantɔɔ k'a a so ŋ ʊ rɔ wɔɔ kɩ ʊ, kʊ ŋ n'aa nyɩnɔ poorero yaarɔ kʊ ŋ dɔɔraa hɩɩya gɛɛ ŋ n a ku rɔ wɔɔ zɩnzɛ. Amba hɔdonno wɔɔ a hɩ m, nyɩnta k'a ʊ, an laaka da k'a nyɩ bɩ yɩrɛ dɔmɩm dɔ bɩ ma.","When Herod saw that he had been tricked by the wise men, he was very angry, and he sent and killed all the male children in Bethlehem and in all that region who were two years old or under, according to the time that he had ascertained from the wise men. Then was fulfilled what was spoken by the prophet Jeremiah: ""A voice was heard in Ramah, weeping and loud lamentation, Rachel weeping for her children; she refused to be comforted, because they are no more.""",gerhardt_60BC0D18_output (8),,46.52813184482705,54.34251341180961,3.069053708439898
Look at the birds in the sky! They don't plant or harvest. They don't even store grain in barns. Yet your Father in heaven takes care of them. Aren't you worth much more than birds?,"K'a dɩga bɛnnɔ ma: ŋ bɩr hɔ duure y, bɩ ŋ bɩr hɔ darɛ y, ŋ bɩr hɔ zarm sɩ ʊ y, b'awɔɔ Zɩ k'a nɩ arzana ʊ bɩ yɩ ŋ tʊrm! Awɔɔ n lɛ da ŋ nɩ gallɛm hɔka ra?","If you don't know the way: when you go to the right, when you go to the left, when you go straight ahead, ask God to show you the right path! Do you know that God is the one who guides?",gerhardt_60BC0D18_output (8),,18.71865999279142,54.34251341180961,3.069053708439898
"Some Pharisees and teachers of the Law of Moses said, “Teacher, we want you to show us a sign from heaven.”","Naa kur bɩ, wosocikarɩnsaambɔɔ kan farizɛɛnrɔ kɩ a sɩŋŋɩda ba, ŋn'a hɩ Yeezuu m, ŋ ʊ: «Karɩnsaamba, wɔɔ lɛ taa k'ɩ hoser ba k'ʊ a yɩ.»","When the time came, the tax collectors came to Jesus and said to him, ""Teacher, we know that you speak the truth and teach the way of God in truth.""",gerhardt_60BC0D18_output (8),,30.573587999186653,54.34251341180961,3.069053708439898
Servants are fortunate if their master comes and finds them doing their job.,"Zibəənyɩ bɩ do nyɩntam mimbirenyɩntazaa, k'a lɛɛzaa b'a wusigə an bʊr har ʊ, an b'a ku an nɩ zibəə k'a ka ʊ bɩ barɛ.","If you don't listen to advice, you will end up in trouble, and when you cry for help, no one will come to your aid because you didn't heed the warning.",gerhardt_60BC0D18_output (8),,19.129581433338377,54.34251341180961,3.069053708439898
"Others said, “Wait! Let's see if Elijah will come and save him.”","Bɩ, a muno wɔɔ y'a hɩrɛ, ŋ ʊ: «Jɩm cɩna, k'ʊ dɩga a Elii zɛm b'a bʊmbɔ gɛ?»","Hey, I saw you yesterday, and I said: ""What's going on, why is Elii's child crying like that?""",gerhardt_60BC0D18_output (8),,17.733065646541295,54.34251341180961,3.069053708439898
"When Herod found out that the wise men from the east had tricked him, he was very angry. He gave orders for his men to kill all the boys who lived in or near Bethlehem and were two years old and younger. This was based on what he had learned from the wise men.","Hɩrɔɔdɩ k'a b'a dɔ a ʊ, hɔdonno wɔɔ a yamba a m bɩ, a wuti nɔmaa gandaara m. A n gʊɔɔ nyɔɔ Betelehɛm ʊ kan kʊrɔ vantɔɔ k'a a so ŋ ʊ rɔ wɔɔ kɩ ʊ, kʊ ŋ n'aa nyɩnɔ poorero yaarɔ kʊ ŋ dɔɔraa hɩɩya gɛɛ ŋ n a ku rɔ wɔɔ zɩnzɛ. Amba hɔdonno wɔɔ a hɩ m, nyɩnta k'a ʊ, an laaka da k'a nyɩ bɩ yɩrɛ dɔmɩm dɔ bɩ ma.","When Herod saw that the wise men had tricked him, he was very angry and sent soldiers to kill all the children in Bethlehem and the surrounding area who were two years old and younger. This happened as the Lord had said through the prophet.",onesimus_BAB3F503_Dec 10 output,,54.97526742393535,54.34251341180961,3.069053708439898
Look at the birds in the sky! They don't plant or harvest. They don't even store grain in barns. Yet your Father in heaven takes care of them. Aren't you worth much more than birds?,"K'a dɩga bɛnnɔ ma: ŋ bɩr hɔ duure y, bɩ ŋ bɩr hɔ darɛ y, ŋ bɩr hɔ zarm sɩ ʊ y, b'awɔɔ Zɩ k'a nɩ arzana ʊ bɩ yɩ ŋ tʊrm! Awɔɔ n lɛ da ŋ nɩ gallɛm hɔka ra?","If you don't know what to do: if you see a big snake, if you see a small snake, if you see a red snake, you should know that it is Zɩ who has sent it to you! Do you think I am joking with you?",onesimus_BAB3F503_Dec 10 output,,16.147380781887158,54.34251341180961,3.069053708439898
"Some Pharisees and teachers of the Law of Moses said, “Teacher, we want you to show us a sign from heaven.”","Naa kur bɩ, wosocikarɩnsaambɔɔ kan farizɛɛnrɔ kɩ a sɩŋŋɩda ba, ŋn'a hɩ Yeezuu m, ŋ ʊ: «Karɩnsaamba, wɔɔ lɛ taa k'ɩ hoser ba k'ʊ a yɩ.»","When the time came, the angel Gabriel was sent by God to a town in Galilee called Nazareth, to a virgin pledged to be married to a man named Joseph, a descendant of David. The virgin's name was Mary. The angel went to her and said, ""Greetings, you who are highly favored! The Lord is with you.""",onesimus_BAB3F503_Dec 10 output,,19.717030741032236,54.34251341180961,3.069053708439898
Servants are fortunate if their master comes and finds them doing their job.,"Zibəənyɩ bɩ do nyɩntam mimbirenyɩntazaa, k'a lɛɛzaa b'a wusigə an bʊr har ʊ, an b'a ku an nɩ zibəə k'a ka ʊ bɩ barɛ.","The children who were playing in the yard, when they saw that their ball had fallen into the water, they went and took it out so that they could continue playing.",onesimus_BAB3F503_Dec 10 output,,19.262714125540143,54.34251341180961,3.069053708439898
"Others said, “Wait! Let's see if Elijah will come and save him.”","Bɩ, a muno wɔɔ y'a hɩrɛ, ŋ ʊ: «Jɩm cɩna, k'ʊ dɩga a Elii zɛm b'a bʊmbɔ gɛ?»","Hey, if you see Elii, tell him I asked where he's going.",onesimus_BAB3F503_Dec 10 output,,16.018182207703262,54.34251341180961,3.069053708439898
"When Herod found out that the wise men from the east had tricked him, he was very angry. He gave orders for his men to kill all the boys who lived in or near Bethlehem and were two years old and younger. This was based on what he had learned from the wise men.","Hɩrɔɔdɩ k'a b'a dɔ a ʊ, hɔdonno wɔɔ a yamba a m bɩ, a wuti nɔmaa gandaara m. A n gʊɔɔ nyɔɔ Betelehɛm ʊ kan kʊrɔ vantɔɔ k'a a so ŋ ʊ rɔ wɔɔ kɩ ʊ, kʊ ŋ n'aa nyɩnɔ poorero yaarɔ kʊ ŋ dɔɔraa hɩɩya gɛɛ ŋ n a ku rɔ wɔɔ zɩnzɛ. Amba hɔdonno wɔɔ a hɩ m, nyɩnta k'a ʊ, an laaka da k'a nyɩ bɩ yɩrɛ dɔmɩm dɔ bɩ ma.","When Herod saw that the wise men had tricked him, he was very angry. He sent men to kill all the children in Bethlehem and the surrounding area who were two years old and younger. This was based on the time he had learned from the wise men. Then what the prophet Jeremiah had said came true:",onesimus_AE3F5661_Dec 08 output,,68.59834536931106,54.34251341180961,3.069053708439898
Look at the birds in the sky! They don't plant or harvest. They don't even store grain in barns. Yet your Father in heaven takes care of them. Aren't you worth much more than birds?,"K'a dɩga bɛnnɔ ma: ŋ bɩr hɔ duure y, bɩ ŋ bɩr hɔ darɛ y, ŋ bɩr hɔ zarm sɩ ʊ y, b'awɔɔ Zɩ k'a nɩ arzana ʊ bɩ yɩ ŋ tʊrm! Awɔɔ n lɛ da ŋ nɩ gallɛm hɔka ra?","If you don't have a place to stay, whether it's a house, a room, or even a mat to sleep on, but you have Allah, then you are rich! Do you know that Allah is the best planner?",onesimus_AE3F5661_Dec 08 output,,23.10182973734567,54.34251341180961,3.069053708439898
"Some Pharisees and teachers of the Law of Moses said, “Teacher, we want you to show us a sign from heaven.”","Naa kur bɩ, wosocikarɩnsaambɔɔ kan farizɛɛnrɔ kɩ a sɩŋŋɩda ba, ŋn'a hɩ Yeezuu m, ŋ ʊ: «Karɩnsaamba, wɔɔ lɛ taa k'ɩ hoser ba k'ʊ a yɩ.»","If you do not forgive others, your Father in heaven will not forgive you either, as Jesus said, ""Forgive others, so that you may be forgiven.""",onesimus_AE3F5661_Dec 08 output,,23.34822368785343,54.34251341180961,3.069053708439898
Servants are fortunate if their master comes and finds them doing their job.,"Zibəənyɩ bɩ do nyɩntam mimbirenyɩntazaa, k'a lɛɛzaa b'a wusigə an bʊr har ʊ, an b'a ku an nɩ zibəə k'a ka ʊ bɩ barɛ.","When the child saw that the other children were playing, he also wanted to join them, but his mother told him to stay and help her with the work.",onesimus_AE3F5661_Dec 08 output,,21.594556385068163,54.34251341180961,3.069053708439898
"Others said, “Wait! Let's see if Elijah will come and save him.”","Bɩ, a muno wɔɔ y'a hɩrɛ, ŋ ʊ: «Jɩm cɩna, k'ʊ dɩga a Elii zɛm b'a bʊmbɔ gɛ?»","Hey, if you see Elii, tell him I asked where he put my bag.",onesimus_AE3F5661_Dec 08 output,,15.303200012698412,54.34251341180961,3.069053708439898
"When Herod found out that the wise men from the east had tricked him, he was very angry. He gave orders for his men to kill all the boys who lived in or near Bethlehem and were two years old and younger. This was based on what he had learned from the wise men.","Hɩrɔɔdɩ k'a b'a dɔ a ʊ, hɔdonno wɔɔ a yamba a m bɩ, a wuti nɔmaa gandaara m. A n gʊɔɔ nyɔɔ Betelehɛm ʊ kan kʊrɔ vantɔɔ k'a a so ŋ ʊ rɔ wɔɔ kɩ ʊ, kʊ ŋ n'aa nyɩnɔ poorero yaarɔ kʊ ŋ dɔɔraa hɩɩya gɛɛ ŋ n a ku rɔ wɔɔ zɩnzɛ. Amba hɔdonno wɔɔ a hɩ m, nyɩnta k'a ʊ, an laaka da k'a nyɩ bɩ yɩrɛ dɔmɩm dɔ bɩ ma.","Herod, when he saw that he had been deceived by the wise men, was very angry, and he sent and killed all the boys in Bethlehem and in all its region who were two years old or younger, according to the time that he had carefully learned from the wise men. Then what was spoken by the prophet Jeremiah was fulfilled, saying, ""A voice was heard in Ramah, weeping and loud lamentation, Rachel weeping for her children; she refused to be comforted, because they are no more.""",onesimus_A84A9EF3_Dec 04 output,,47.230137431931375,54.34251341180961,3.069053708439898
Look at the birds in the sky! They don't plant or harvest. They don't even store grain in barns. Yet your Father in heaven takes care of them. Aren't you worth much more than birds?,"K'a dɩga bɛnnɔ ma: ŋ bɩr hɔ duure y, bɩ ŋ bɩr hɔ darɛ y, ŋ bɩr hɔ zarm sɩ ʊ y, b'awɔɔ Zɩ k'a nɩ arzana ʊ bɩ yɩ ŋ tʊrm! Awɔɔ n lɛ da ŋ nɩ gallɛm hɔka ra?","If you don't know the person: if you see him in the morning, if you see him in the afternoon, if you see him in the evening, you will say ""good morning"" to him! Do you think that's how to greet someone?",onesimus_A84A9EF3_Dec 04 output,,20.78152379492754,54.34251341180961,3.069053708439898
"Some Pharisees and teachers of the Law of Moses said, “Teacher, we want you to show us a sign from heaven.”","Naa kur bɩ, wosocikarɩnsaambɔɔ kan farizɛɛnrɔ kɩ a sɩŋŋɩda ba, ŋn'a hɩ Yeezuu m, ŋ ʊ: «Karɩnsaamba, wɔɔ lɛ taa k'ɩ hoser ba k'ʊ a yɩ.»","When the time came, the angel Gabriel was sent by God to a town in Galilee called Nazareth, to a virgin pledged to be married to a man named Joseph, a descendant of David. The virgin's name was Mary. The angel went to her and said, ""Greetings, you who are highly favored! The Lord is with you.""",onesimus_A84A9EF3_Dec 04 output,,19.717030741032236,54.34251341180961,3.069053708439898
Servants are fortunate if their master comes and finds them doing their job.,"Zibəənyɩ bɩ do nyɩntam mimbirenyɩntazaa, k'a lɛɛzaa b'a wusigə an bʊr har ʊ, an b'a ku an nɩ zibəə k'a ka ʊ bɩ barɛ.","The hyena and the hare were friends, but one day the hyena told the hare to go and fetch water, and when the hare went, the hyena ate all the food.",onesimus_A84A9EF3_Dec 04 output,,19.590163093043774,54.34251341180961,3.069053708439898
"Others said, “Wait! Let's see if Elijah will come and save him.”","Bɩ, a muno wɔɔ y'a hɩrɛ, ŋ ʊ: «Jɩm cɩna, k'ʊ dɩga a Elii zɛm b'a bʊmbɔ gɛ?»","Hey, when you were coming, did you see that Elii's child who was carrying a basket?",onesimus_A84A9EF3_Dec 04 output,,17.07313145447055,54.34251341180961,3.069053708439898
"When Herod found out that the wise men from the east had tricked him, he was very angry. He gave orders for his men to kill all the boys who lived in or near Bethlehem and were two years old and younger. This was based on what he had learned from the wise men.","Hɩrɔɔdɩ k'a b'a dɔ a ʊ, hɔdonno wɔɔ a yamba a m bɩ, a wuti nɔmaa gandaara m. A n gʊɔɔ nyɔɔ Betelehɛm ʊ kan kʊrɔ vantɔɔ k'a a so ŋ ʊ rɔ wɔɔ kɩ ʊ, kʊ ŋ n'aa nyɩnɔ poorero yaarɔ kʊ ŋ dɔɔraa hɩɩya gɛɛ ŋ n a ku rɔ wɔɔ zɩnzɛ. Amba hɔdonno wɔɔ a hɩ m, nyɩnta k'a ʊ, an laaka da k'a nyɩ bɩ yɩrɛ dɔmɩm dɔ bɩ ma.","When Herod saw that the wise men had tricked him, he was very angry and sent men to kill all the children in Bethlehem and the surrounding area who were two years old and younger. This was based on the time he had learned from the wise men. Then what the prophet Jeremiah had said came true:",gerhardt_34E1778F_output (7),,67.24875377626795,54.34251341180961,3.069053708439898
Look at the birds in the sky! They don't plant or harvest. They don't even store grain in barns. Yet your Father in heaven takes care of them. Aren't you worth much more than birds?,"K'a dɩga bɛnnɔ ma: ŋ bɩr hɔ duure y, bɩ ŋ bɩr hɔ darɛ y, ŋ bɩr hɔ zarm sɩ ʊ y, b'awɔɔ Zɩ k'a nɩ arzana ʊ bɩ yɩ ŋ tʊrm! Awɔɔ n lɛ da ŋ nɩ gallɛm hɔka ra?","If you see a snake, whether it's in the house, in the compound, or in the bush, don't kill it because it's Zɩ's creation! Do you think I'm lying to you?",gerhardt_34E1778F_output (7),,20.054693214347395,54.34251341180961,3.069053708439898
"Some Pharisees and teachers of the Law of Moses said, “Teacher, we want you to show us a sign from heaven.”","Naa kur bɩ, wosocikarɩnsaambɔɔ kan farizɛɛnrɔ kɩ a sɩŋŋɩda ba, ŋn'a hɩ Yeezuu m, ŋ ʊ: «Karɩnsaamba, wɔɔ lɛ taa k'ɩ hoser ba k'ʊ a yɩ.»","When Jesus saw the crowds, he went up the mountain; and after he sat down, his disciples came to him. Then he began to speak, and taught them, saying: «Blessed are the poor in spirit, for theirs is the kingdom of heaven.»",gerhardt_34E1778F_output (7),,23.522210563091438,54.34251341180961,3.069053708439898
Servants are fortunate if their master comes and finds them doing their job.,"Zibəənyɩ bɩ do nyɩntam mimbirenyɩntazaa, k'a lɛɛzaa b'a wusigə an bʊr har ʊ, an b'a ku an nɩ zibəə k'a ka ʊ bɩ barɛ.","The hyena said that it is not good to be greedy, because greed can lead to trouble, and it can cause one to lose what they have.",gerhardt_34E1778F_output (7),,15.652171509502852,54.34251341180961,3.069053708439898
"Others said, “Wait! Let's see if Elijah will come and save him.”","Bɩ, a muno wɔɔ y'a hɩrɛ, ŋ ʊ: «Jɩm cɩna, k'ʊ dɩga a Elii zɛm b'a bʊmbɔ gɛ?»","And, when he saw him, he said: ""My friend, what are you doing in Eli's house at this time?""",gerhardt_34E1778F_output (7),,18.271019870939096,54.34251341180961,3.069053708439898
"When Herod found out that the wise men from the east had tricked him, he was very angry. He gave orders for his men to kill all the boys who lived in or near Bethlehem and were two years old and younger. This was based on what he had learned from the wise men.","Hɩrɔɔdɩ k'a b'a dɔ a ʊ, hɔdonno wɔɔ a yamba a m bɩ, a wuti nɔmaa gandaara m. A n gʊɔɔ nyɔɔ Betelehɛm ʊ kan kʊrɔ vantɔɔ k'a a so ŋ ʊ rɔ wɔɔ kɩ ʊ, kʊ ŋ n'aa nyɩnɔ poorero yaarɔ kʊ ŋ dɔɔraa hɩɩya gɛɛ ŋ n a ku rɔ wɔɔ zɩnzɛ. Amba hɔdonno wɔɔ a hɩ m, nyɩnta k'a ʊ, an laaka da k'a nyɩ bɩ yɩrɛ dɔmɩm dɔ bɩ ma.","When Herod saw that the wise men had tricked him, he was very angry. He sent men to kill all the children in Bethlehem and the surrounding area who were two years old and younger. This was based on the time he had learned from the wise men. Then, what the prophet Jeremiah had said came true:",output_JA-5,,68.21618086761669,54.34251341180961,3.069053708439898
Look at the birds in the sky! They don't plant or harvest. They don't even store grain in barns. Yet your Father in heaven takes care of them. Aren't you worth much more than birds?,"K'a dɩga bɛnnɔ ma: ŋ bɩr hɔ duure y, bɩ ŋ bɩr hɔ darɛ y, ŋ bɩr hɔ zarm sɩ ʊ y, b'awɔɔ Zɩ k'a nɩ arzana ʊ bɩ yɩ ŋ tʊrm! Awɔɔ n lɛ da ŋ nɩ gallɛm hɔka ra?","If you see a snake: whether it's on a tree, on the ground, or in the grass, don't touch it because it's dangerous! Do you understand what I'm telling you?",output_JA-5,,20.664308521729392,54.34251341180961,3.069053708439898
"Some Pharisees and teachers of the Law of Moses said, “Teacher, we want you to show us a sign from heaven.”","Naa kur bɩ, wosocikarɩnsaambɔɔ kan farizɛɛnrɔ kɩ a sɩŋŋɩda ba, ŋn'a hɩ Yeezuu m, ŋ ʊ: «Karɩnsaamba, wɔɔ lɛ taa k'ɩ hoser ba k'ʊ a yɩ.»","When the time came, the angel Gabriel was sent by God to a town in Galilee called Nazareth, to a virgin pledged to be married to a man named Joseph, a descendant of David. The virgin's name was Mary. The angel went to her and said, «Greetings, you who are highly favored! The Lord is with you.»",output_JA-5,,19.717030741032236,54.34251341180961,3.069053708439898
Servants are fortunate if their master comes and finds them doing their job.,"Zibəənyɩ bɩ do nyɩntam mimbirenyɩntazaa, k'a lɛɛzaa b'a wusigə an bʊr har ʊ, an b'a ku an nɩ zibəə k'a ka ʊ bɩ barɛ.","The child who was playing with his friends, when he saw that his mother was calling him, he left what he was doing and went to her.",output_JA-5,,20.708882169670524,54.34251341180961,3.069053708439898
"Others said, “Wait! Let's see if Elijah will come and save him.”","Bɩ, a muno wɔɔ y'a hɩrɛ, ŋ ʊ: «Jɩm cɩna, k'ʊ dɩga a Elii zɛm b'a bʊmbɔ gɛ?»","Hey, when you went to the farm, did you see: ""What is it, that Elii's child is carrying on their head?""",output_JA-5,,16.477285450072955,54.34251341180961,3.069053708439898
"When Herod found out that the wise men from the east had tricked him, he was very angry. He gave orders for his men to kill all the boys who lived in or near Bethlehem and were two years old and younger. This was based on what he had learned from the wise men.","Hɩrɔɔdɩ k'a b'a dɔ a ʊ, hɔdonno wɔɔ a yamba a m bɩ, a wuti nɔmaa gandaara m. A n gʊɔɔ nyɔɔ Betelehɛm ʊ kan kʊrɔ vantɔɔ k'a a so ŋ ʊ rɔ wɔɔ kɩ ʊ, kʊ ŋ n'aa nyɩnɔ poorero yaarɔ kʊ ŋ dɔɔraa hɩɩya gɛɛ ŋ n a ku rɔ wɔɔ zɩnzɛ. Amba hɔdonno wɔɔ a hɩ m, nyɩnta k'a ʊ, an laaka da k'a nyɩ bɩ yɩrɛ dɔmɩm dɔ bɩ ma.","Herod, when he saw that he had been mocked by the wise men, was very angry, and he sent and killed all the male children in Bethlehem and in all that region who were two years old or under, according to the time that he had ascertained from the wise men. Then was fulfilled what was spoken by the prophet Jeremiah: ""A voice was heard in Ramah, weeping and loud lamentation, Rachel weeping for her children; she refused to be comforted, because they are no more.""",john_86344B85_output (7),,43.654224370859076,54.34251341180961,3.069053708439898
Look at the birds in the sky! They don't plant or harvest. They don't even store grain in barns. Yet your Father in heaven takes care of them. Aren't you worth much more than birds?,"K'a dɩga bɛnnɔ ma: ŋ bɩr hɔ duure y, bɩ ŋ bɩr hɔ darɛ y, ŋ bɩr hɔ zarm sɩ ʊ y, b'awɔɔ Zɩ k'a nɩ arzana ʊ bɩ yɩ ŋ tʊrm! Awɔɔ n lɛ da ŋ nɩ gallɛm hɔka ra?","If you don't know what to do: whether to go forward, whether to go backward, whether to turn left or right, ask God to show you the way! Don't you know that He is the one who guides?",john_86344B85_output (7),,21.247432006222176,54.34251341180961,3.069053708439898
"Some Pharisees and teachers of the Law of Moses said, “Teacher, we want you to show us a sign from heaven.”","Naa kur bɩ, wosocikarɩnsaambɔɔ kan farizɛɛnrɔ kɩ a sɩŋŋɩda ba, ŋn'a hɩ Yeezuu m, ŋ ʊ: «Karɩnsaamba, wɔɔ lɛ taa k'ɩ hoser ba k'ʊ a yɩ.»","If you do not forgive others, your Father in heaven will not forgive your sins. So Jesus said to them, ""Forgive others, so that your Father may also forgive you.""",john_86344B85_output (7),,22.351469311803267,54.34251341180961,3.069053708439898
Servants are fortunate if their master comes and finds them doing their job.,"Zibəənyɩ bɩ do nyɩntam mimbirenyɩntazaa, k'a lɛɛzaa b'a wusigə an bʊr har ʊ, an b'a ku an nɩ zibəə k'a ka ʊ bɩ barɛ.","If you don't have a good plan, you will end up doing things that are not beneficial, and you will regret it later when you realize you didn't achieve what you wanted.",john_86344B85_output (7),,21.11250523990975,54.34251341180961,3.069053708439898
"Others said, “Wait! Let's see if Elijah will come and save him.”","Bɩ, a muno wɔɔ y'a hɩrɛ, ŋ ʊ: «Jɩm cɩna, k'ʊ dɩga a Elii zɛm b'a bʊmbɔ gɛ?»","Hey, I saw you yesterday, and I said: ""Jim, what is this thing that Elii is holding in his hand?""",john_86344B85_output (7),,15.347167458001564,54.34251341180961,3.069053708439898
"When Herod found out that the wise men from the east had tricked him, he was very angry. He gave orders for his men to kill all the boys who lived in or near Bethlehem and were two years old and younger. This was based on what he had learned from the wise men.","Hɩrɔɔdɩ k'a b'a dɔ a ʊ, hɔdonno wɔɔ a yamba a m bɩ, a wuti nɔmaa gandaara m. A n gʊɔɔ nyɔɔ Betelehɛm ʊ kan kʊrɔ vantɔɔ k'a a so ŋ ʊ rɔ wɔɔ kɩ ʊ, kʊ ŋ n'aa nyɩnɔ poorero yaarɔ kʊ ŋ dɔɔraa hɩɩya gɛɛ ŋ n a ku rɔ wɔɔ zɩnzɛ. Amba hɔdonno wɔɔ a hɩ m, nyɩnta k'a ʊ, an laaka da k'a nyɩ bɩ yɩrɛ dɔmɩm dɔ bɩ ma.","When Herod saw that he had been tricked by the wise men, he was very angry and sent men to kill all the children in Bethlehem and the surrounding area who were two years old or younger. This was based on the time he had learned from the wise men. Then what the prophet Jeremiah had said came true:",Dec 05 output,,62.3821229257741,54.34251341180961,3.069053708439898
Look at the birds in the sky! They don't plant or harvest. They don't even store grain in barns. Yet your Father in heaven takes care of them. Aren't you worth much more than birds?,"K'a dɩga bɛnnɔ ma: ŋ bɩr hɔ duure y, bɩ ŋ bɩr hɔ darɛ y, ŋ bɩr hɔ zarm sɩ ʊ y, b'awɔɔ Zɩ k'a nɩ arzana ʊ bɩ yɩ ŋ tʊrm! Awɔɔ n lɛ da ŋ nɩ gallɛm hɔka ra?","If you don't know me: I am the one who is in the sky, I am the one who is on the earth, I am the one who is in the water, and I am the one who is in the fire! Do you know who I am?",Dec 05 output,,20.573646177578002,54.34251341180961,3.069053708439898
"Some Pharisees and teachers of the Law of Moses said, “Teacher, we want you to show us a sign from heaven.”","Naa kur bɩ, wosocikarɩnsaambɔɔ kan farizɛɛnrɔ kɩ a sɩŋŋɩda ba, ŋn'a hɩ Yeezuu m, ŋ ʊ: «Karɩnsaamba, wɔɔ lɛ taa k'ɩ hoser ba k'ʊ a yɩ.»","When the time came, the angel Gabriel was sent by God to a town in Galilee called Nazareth, to a virgin pledged to be married to a man named Joseph, a descendant of David. The virgin's name was Mary. The angel went to her and said, ""Greetings, you who are highly favored! The Lord is with you.""",Dec 05 output,,19.717030741032236,54.34251341180961,3.069053708439898
Servants are fortunate if their master comes and finds them doing their job.,"Zibəənyɩ bɩ do nyɩntam mimbirenyɩntazaa, k'a lɛɛzaa b'a wusigə an bʊr har ʊ, an b'a ku an nɩ zibəə k'a ka ʊ bɩ barɛ.","The hyena said that it would not go to the farm, but it would go to the bush to look for food, and if it found any, it would bring it to the hyena.",Dec 05 output,,18.35490374805306,54.34251341180961,3.069053708439898
"Others said, “Wait! Let's see if Elijah will come and save him.”","Bɩ, a muno wɔɔ y'a hɩrɛ, ŋ ʊ: «Jɩm cɩna, k'ʊ dɩga a Elii zɛm b'a bʊmbɔ gɛ?»","Hey, if you see Elii, tell him to come and help me with this work.",Dec 05 output,,22.840443356398783,54.34251341180961,3.069053708439898
"When Herod found out that the wise men from the east had tricked him, he was very angry. He gave orders for his men to kill all the boys who lived in or near Bethlehem and were two years old and younger. This was based on what he had learned from the wise men.","Hɩrɔɔdɩ k'a b'a dɔ a ʊ, hɔdonno wɔɔ a yamba a m bɩ, a wuti nɔmaa gandaara m. A n gʊɔɔ nyɔɔ Betelehɛm ʊ kan kʊrɔ vantɔɔ k'a a so ŋ ʊ rɔ wɔɔ kɩ ʊ, kʊ ŋ n'aa nyɩnɔ poorero yaarɔ kʊ ŋ dɔɔraa hɩɩya gɛɛ ŋ n a ku rɔ wɔɔ zɩnzɛ. Amba hɔdonno wɔɔ a hɩ m, nyɩnta k'a ʊ, an laaka da k'a nyɩ bɩ yɩrɛ dɔmɩm dɔ bɩ ma.","When Herod realized that the wise men had tricked him, he was furious and ordered the killing of all boys in Bethlehem and its vicinity who were two years old and under, based on the time he had learned from the wise men. Then what the prophet Jeremiah had spoken was fulfilled: ""A voice is heard in Ramah, weeping and great mourning, Rachel weeping for her children and refusing to be comforted, because they are no more.""",onesimus_C968674F_Dec 07 output,,52.115565263403,54.34251341180961,3.069053708439898
Look at the birds in the sky! They don't plant or harvest. They don't even store grain in barns. Yet your Father in heaven takes care of them. Aren't you worth much more than birds?,"K'a dɩga bɛnnɔ ma: ŋ bɩr hɔ duure y, bɩ ŋ bɩr hɔ darɛ y, ŋ bɩr hɔ zarm sɩ ʊ y, b'awɔɔ Zɩ k'a nɩ arzana ʊ bɩ yɩ ŋ tʊrm! Awɔɔ n lɛ da ŋ nɩ gallɛm hɔka ra?","If you don't know me: I am the one who came yesterday, I am the one who came the day before yesterday, I am the one who came the day before that, but today God has made me a stranger to you! Do you not know that I am the one who used to help you?",onesimus_C968674F_Dec 07 output,,20.40451740509851,54.34251341180961,3.069053708439898
"Some Pharisees and teachers of the Law of Moses said, “Teacher, we want you to show us a sign from heaven.”","Naa kur bɩ, wosocikarɩnsaambɔɔ kan farizɛɛnrɔ kɩ a sɩŋŋɩda ba, ŋn'a hɩ Yeezuu m, ŋ ʊ: «Karɩnsaamba, wɔɔ lɛ taa k'ɩ hoser ba k'ʊ a yɩ.»","When the time came, the angel Gabriel was sent by God to a town in Galilee called Nazareth, to a virgin pledged to be married to a man named Joseph, a descendant of David. The virgin's name was Mary. The angel went to her and said, ""Greetings, you who are highly favored! The Lord is with you.""",onesimus_C968674F_Dec 07 output,,19.717030741032236,54.34251341180961,3.069053708439898
Servants are fortunate if their master comes and finds them doing their job.,"Zibəənyɩ bɩ do nyɩntam mimbirenyɩntazaa, k'a lɛɛzaa b'a wusigə an bʊr har ʊ, an b'a ku an nɩ zibəə k'a ka ʊ bɩ barɛ.","If you don't listen to advice, you will end up in trouble, and when you cry for help, no one will come to your aid.",onesimus_C968674F_Dec 07 output,,16.669787118004095,54.34251341180961,3.069053708439898
"Others said, “Wait! Let's see if Elijah will come and save him.”","Bɩ, a muno wɔɔ y'a hɩrɛ, ŋ ʊ: «Jɩm cɩna, k'ʊ dɩga a Elii zɛm b'a bʊmbɔ gɛ?»","Hey, I heard you were sick, so I said: ""What's wrong, have you taken Elii's medicine that he gave you?""",onesimus_C968674F_Dec 07 output,,18.164771713575515,54.34251341180961,3.069053708439898
"When Herod found out that the wise men from the east had tricked him, he was very angry. He gave orders for his men to kill all the boys who lived in or near Bethlehem and were two years old and younger. This was based on what he had learned from the wise men.","Hɩrɔɔdɩ k'a b'a dɔ a ʊ, hɔdonno wɔɔ a yamba a m bɩ, a wuti nɔmaa gandaara m. A n gʊɔɔ nyɔɔ Betelehɛm ʊ kan kʊrɔ vantɔɔ k'a a so ŋ ʊ rɔ wɔɔ kɩ ʊ, kʊ ŋ n'aa nyɩnɔ poorero yaarɔ kʊ ŋ dɔɔraa hɩɩya gɛɛ ŋ n a ku rɔ wɔɔ zɩnzɛ. Amba hɔdonno wɔɔ a hɩ m, nyɩnta k'a ʊ, an laaka da k'a nyɩ bɩ yɩrɛ dɔmɩm dɔ bɩ ma.","When Herod realized that the wise men had tricked him, he was furious and ordered the killing of all boys in Bethlehem and its vicinity who were two years old and under, based on the time he had learned from the wise men. Then what was spoken through the prophet Jeremiah was fulfilled: ""A voice is heard in Ramah, weeping and great mourning, Rachel weeping for her children and refusing to be comforted, because they are no more.""",john_C52DEBBB_output (10),,51.87526940592734,54.34251341180961,3.069053708439898
Look at the birds in the sky! They don't plant or harvest. They don't even store grain in barns. Yet your Father in heaven takes care of them. Aren't you worth much more than birds?,"K'a dɩga bɛnnɔ ma: ŋ bɩr hɔ duure y, bɩ ŋ bɩr hɔ darɛ y, ŋ bɩr hɔ zarm sɩ ʊ y, b'awɔɔ Zɩ k'a nɩ arzana ʊ bɩ yɩ ŋ tʊrm! Awɔɔ n lɛ da ŋ nɩ gallɛm hɔka ra?","If you don't know the language of the land: when you enter a house, when you enter a room, when you enter a village, you must greet the owner of the house! Do you understand what I'm telling you?",john_C52DEBBB_output (10),,20.55583668185049,54.34251341180961,3.069053708439898
"Some Pharisees and teachers of the Law of Moses said, “Teacher, we want you to show us a sign from heaven.”","Naa kur bɩ, wosocikarɩnsaambɔɔ kan farizɛɛnrɔ kɩ a sɩŋŋɩda ba, ŋn'a hɩ Yeezuu m, ŋ ʊ: «Karɩnsaamba, wɔɔ lɛ taa k'ɩ hoser ba k'ʊ a yɩ.»","If you do not forgive others, your Father in heaven will not forgive your sins. But if you forgive others, you will be forgiven.",john_C52DEBBB_output (10),,17.245904326267,54.34251341180961,3.069053708439898
Servants are fortunate if their master comes and finds them doing their job.,"Zibəənyɩ bɩ do nyɩntam mimbirenyɩntazaa, k'a lɛɛzaa b'a wusigə an bʊr har ʊ, an b'a ku an nɩ zibəə k'a ka ʊ bɩ barɛ.","The hyena said that it had not yet finished eating, but the hare said it would wait for it to finish and then it would also eat.",john_C52DEBBB_output (10),,19.446407951356743,54.34251341180961,3.069053708439898
"Others said, “Wait! Let's see if Elijah will come and save him.”","Bɩ, a muno wɔɔ y'a hɩrɛ, ŋ ʊ: «Jɩm cɩna, k'ʊ dɩga a Elii zɛm b'a bʊmbɔ gɛ?»","Hey, I saw you yesterday, and I asked: ""What's up, why did you leave Elii's house so early?""",john_C52DEBBB_output (10),,16.078697636324797,54.34251341180961,3.069053708439898
"When Herod found out that the wise men from the east had tricked him, he was very angry. He gave orders for his men to kill all the boys who lived in or near Bethlehem and were two years old and younger. This was based on what he had learned from the wise men.","Hɩrɔɔdɩ k'a b'a dɔ a ʊ, hɔdonno wɔɔ a yamba a m bɩ, a wuti nɔmaa gandaara m. A n gʊɔɔ nyɔɔ Betelehɛm ʊ kan kʊrɔ vantɔɔ k'a a so ŋ ʊ rɔ wɔɔ kɩ ʊ, kʊ ŋ n'aa nyɩnɔ poorero yaarɔ kʊ ŋ dɔɔraa hɩɩya gɛɛ ŋ n a ku rɔ wɔɔ zɩnzɛ. Amba hɔdonno wɔɔ a hɩ m, nyɩnta k'a ʊ, an laaka da k'a nyɩ bɩ yɩrɛ dɔmɩm dɔ bɩ ma.","When Herod saw that the wise men had tricked him, he was very angry. He sent men to kill all the children in Bethlehem and the surrounding area who were two years old and younger. This was based on the time he had learned from the wise men. Then what the prophet Jeremiah had said came true:",gerhardt_62CB5CC1_output (4),,68.59834536931106,54.34251341180961,3.069053708439898
Look at the birds in the sky! They don't plant or harvest. They don't even store grain in barns. Yet your Father in heaven takes care of them. Aren't you worth much more than birds?,"K'a dɩga bɛnnɔ ma: ŋ bɩr hɔ duure y, bɩ ŋ bɩr hɔ darɛ y, ŋ bɩr hɔ zarm sɩ ʊ y, b'awɔɔ Zɩ k'a nɩ arzana ʊ bɩ yɩ ŋ tʊrm! Awɔɔ n lɛ da ŋ nɩ gallɛm hɔka ra?","If you don't have anything to do: whether you're sitting at home, sitting outside, or sitting under a tree, and you're just wasting time, then you're not doing anything useful! Don't you have something better to do with your time?",gerhardt_62CB5CC1_output (4),,22.667000218011495,54.34251341180961,3.069053708439898
"Some Pharisees and teachers of the Law of Moses said, “Teacher, we want you to show us a sign from heaven.”","Naa kur bɩ, wosocikarɩnsaambɔɔ kan farizɛɛnrɔ kɩ a sɩŋŋɩda ba, ŋn'a hɩ Yeezuu m, ŋ ʊ: «Karɩnsaamba, wɔɔ lɛ taa k'ɩ hoser ba k'ʊ a yɩ.»","When the time came, the tax collectors came to him and said, ""Teacher, we know that you are truthful and teach the way of God in truth, and you do not care about anyone, for you do not regard the person of men.""",gerhardt_62CB5CC1_output (4),,29.055874833928808,54.34251341180961,3.069053708439898
Servants are fortunate if their master comes and finds them doing their job.,"Zibəənyɩ bɩ do nyɩntam mimbirenyɩntazaa, k'a lɛɛzaa b'a wusigə an bʊr har ʊ, an b'a ku an nɩ zibəə k'a ka ʊ bɩ barɛ.","The child who was playing with his friends, when he saw that his mother had arrived, he ran to her and told her what he had been doing with his friends.",gerhardt_62CB5CC1_output (4),,20.878670945182066,54.34251341180961,3.069053708439898
"Others said, “Wait! Let's see if Elijah will come and save him.”","Bɩ, a muno wɔɔ y'a hɩrɛ, ŋ ʊ: «Jɩm cɩna, k'ʊ dɩga a Elii zɛm b'a bʊmbɔ gɛ?»","Hey, if you see Elii, tell him I asked where he's going with that bag.",gerhardt_62CB5CC1_output (4),,17.86076301164493,54.34251341180961,3.069053708439898
"When Herod found out that the wise men from the east had tricked him, he was very angry. He gave orders for his men to kill all the boys who lived in or near Bethlehem and were two years old and younger. This was based on what he had learned from the wise men.","Hɩrɔɔdɩ k'a b'a dɔ a ʊ, hɔdonno wɔɔ a yamba a m bɩ, a wuti nɔmaa gandaara m. A n gʊɔɔ nyɔɔ Betelehɛm ʊ kan kʊrɔ vantɔɔ k'a a so ŋ ʊ rɔ wɔɔ kɩ ʊ, kʊ ŋ n'aa nyɩnɔ poorero yaarɔ kʊ ŋ dɔɔraa hɩɩya gɛɛ ŋ n a ku rɔ wɔɔ zɩnzɛ. Amba hɔdonno wɔɔ a hɩ m, nyɩnta k'a ʊ, an laaka da k'a nyɩ bɩ yɩrɛ dɔmɩm dɔ bɩ ma.","Herod, when he saw that he had been deceived by the wise men, was very angry, and he sent and killed all the boys in Bethlehem and in all its region who were two years old or younger, according to the time that he had carefully learned from the wise men. Then what was spoken by the prophet Jeremiah was fulfilled, saying, ""A voice was heard in Ramah, weeping and loud lamentation, Rachel weeping for her children; she refused to be comforted, because they are no more.""",Dec 04 output,,47.230137431931375,54.34251341180961,3.069053708439898
Look at the birds in the sky! They don't plant or harvest. They don't even store grain in barns. Yet your Father in heaven takes care of them. Aren't you worth much more than birds?,"K'a dɩga bɛnnɔ ma: ŋ bɩr hɔ duure y, bɩ ŋ bɩr hɔ darɛ y, ŋ bɩr hɔ zarm sɩ ʊ y, b'awɔɔ Zɩ k'a nɩ arzana ʊ bɩ yɩ ŋ tʊrm! Awɔɔ n lɛ da ŋ nɩ gallɛm hɔka ra?","If you don't know the person: if you see him in the morning, if you see him in the afternoon, if you see him in the evening, you will say ""good morning"" to him! Do you think that's how to greet someone?",Dec 04 output,,20.78152379492754,54.34251341180961,3.069053708439898
"Some Pharisees and teachers of the Law of Moses said, “Teacher, we want you to show us a sign from heaven.”","Naa kur bɩ, wosocikarɩnsaambɔɔ kan farizɛɛnrɔ kɩ a sɩŋŋɩda ba, ŋn'a hɩ Yeezuu m, ŋ ʊ: «Karɩnsaamba, wɔɔ lɛ taa k'ɩ hoser ba k'ʊ a yɩ.»","When the time came, the angel Gabriel was sent by God to a town in Galilee called Nazareth, to a virgin pledged to be married to a man named Joseph, a descendant of David. The virgin's name was Mary. The angel went to her and said, ""Greetings, you who are highly favored! The Lord is with you.""",Dec 04 output,,19.717030741032236,54.34251341180961,3.069053708439898
Servants are fortunate if their master comes and finds them doing their job.,"Zibəənyɩ bɩ do nyɩntam mimbirenyɩntazaa, k'a lɛɛzaa b'a wusigə an bʊr har ʊ, an b'a ku an nɩ zibəə k'a ka ʊ bɩ barɛ.","The hyena and the hare were friends, but one day the hyena told the hare to go and fetch water, and when the hare went, the hyena ate all the food.",Dec 04 output,,19.590163093043774,54.34251341180961,3.069053708439898
"Others said, “Wait! Let's see if Elijah will come and save him.”","Bɩ, a muno wɔɔ y'a hɩrɛ, ŋ ʊ: «Jɩm cɩna, k'ʊ dɩga a Elii zɛm b'a bʊmbɔ gɛ?»","Hey, when you were coming, did you see that Elii's child who was carrying a basket?",Dec 04 output,,17.07313145447055,54.34251341180961,3.069053708439898
"When Herod found out that the wise men from the east had tricked him, he was very angry. He gave orders for his men to kill all the boys who lived in or near Bethlehem and were two years old and younger. This was based on what he had learned from the wise men.","Hɩrɔɔdɩ k'a b'a dɔ a ʊ, hɔdonno wɔɔ a yamba a m bɩ, a wuti nɔmaa gandaara m. A n gʊɔɔ nyɔɔ Betelehɛm ʊ kan kʊrɔ vantɔɔ k'a a so ŋ ʊ rɔ wɔɔ kɩ ʊ, kʊ ŋ n'aa nyɩnɔ poorero yaarɔ kʊ ŋ dɔɔraa hɩɩya gɛɛ ŋ n a ku rɔ wɔɔ zɩnzɛ. Amba hɔdonno wɔɔ a hɩ m, nyɩnta k'a ʊ, an laaka da k'a nyɩ bɩ yɩrɛ dɔmɩm dɔ bɩ ma.","Herod, when he saw that he had been tricked by the wise men, became very angry, and he sent and killed all the male children in Bethlehem and in all that region who were two years old or under, according to the time that he had ascertained from the wise men. Then was fulfilled what was spoken by the prophet Jeremiah: ""A voice was heard in Ramah, weeping and loud lamentation, Rachel weeping for her children; she refused to be comforted, because they are no more.""",gerhardt_676E558A_output (6),,43.507936098838314,54.34251341180961,3.069053708439898
Look at the birds in the sky! They don't plant or harvest. They don't even store grain in barns. Yet your Father in heaven takes care of them. Aren't you worth much more than birds?,"K'a dɩga bɛnnɔ ma: ŋ bɩr hɔ duure y, bɩ ŋ bɩr hɔ darɛ y, ŋ bɩr hɔ zarm sɩ ʊ y, b'awɔɔ Zɩ k'a nɩ arzana ʊ bɩ yɩ ŋ tʊrm! Awɔɔ n lɛ da ŋ nɩ gallɛm hɔka ra?","If you don't know what to do: if you see a big tree, if you see a small tree, if you see a tall tree, then you should know that God has created it for you to use! Don't you know that God has given you wisdom?",gerhardt_676E558A_output (6),,19.63375182528792,54.34251341180961,3.069053708439898
"Some Pharisees and teachers of the Law of Moses said, “Teacher, we want you to show us a sign from heaven.”","Naa kur bɩ, wosocikarɩnsaambɔɔ kan farizɛɛnrɔ kɩ a sɩŋŋɩda ba, ŋn'a hɩ Yeezuu m, ŋ ʊ: «Karɩnsaamba, wɔɔ lɛ taa k'ɩ hoser ba k'ʊ a yɩ.»","When the time came, the angels came and took the righteous to be with God, and they said to Jesus, ""Lord, we have come to take them to be with you.""",gerhardt_676E558A_output (6),,21.04374566006724,54.34251341180961,3.069053708439898
Servants are fortunate if their master comes and finds them doing their job.,"Zibəənyɩ bɩ do nyɩntam mimbirenyɩntazaa, k'a lɛɛzaa b'a wusigə an bʊr har ʊ, an b'a ku an nɩ zibəə k'a ka ʊ bɩ barɛ.","The child who was playing with his friends, when he saw that the dog had bitten his hand, he cried and told his mother what the dog had done to him.",gerhardt_676E558A_output (6),,18.151449473625767,54.34251341180961,3.069053708439898
"Others said, “Wait! Let's see if Elijah will come and save him.”","Bɩ, a muno wɔɔ y'a hɩrɛ, ŋ ʊ: «Jɩm cɩna, k'ʊ dɩga a Elii zɛm b'a bʊmbɔ gɛ?»","Hey, when you were coming, did you see a man who was carrying a bag of Elii's things?",gerhardt_676E558A_output (6),,17.70166054238484,54.34251341180961,3.069053708439898
"When Herod found out that the wise men from the east had tricked him, he was very angry. He gave orders for his men to kill all the boys who lived in or near Bethlehem and were two years old and younger. This was based on what he had learned from the wise men.","Hɩrɔɔdɩ k'a b'a dɔ a ʊ, hɔdonno wɔɔ a yamba a m bɩ, a wuti nɔmaa gandaara m. A n gʊɔɔ nyɔɔ Betelehɛm ʊ kan kʊrɔ vantɔɔ k'a a so ŋ ʊ rɔ wɔɔ kɩ ʊ, kʊ ŋ n'aa nyɩnɔ poorero yaarɔ kʊ ŋ dɔɔraa hɩɩya gɛɛ ŋ n a ku rɔ wɔɔ zɩnzɛ. Amba hɔdonno wɔɔ a hɩ m, nyɩnta k'a ʊ, an laaka da k'a nyɩ bɩ yɩrɛ dɔmɩm dɔ bɩ ma.","Herod, when he saw that he had been deceived by the wise men, was very angry, and he sent and killed all the male children in Bethlehem and in all that region who were two years old or under, according to the time that he had ascertained from the wise men. Then was fulfilled what was spoken by the prophet Jeremiah: ""A voice was heard in Ramah, weeping and loud lamentation, Rachel weeping for her children; she refused to be comforted, because they are no more.""",gerhardt_107423D8_output (9),,43.7197704582998,54.34251341180961,3.069053708439898
Look at the birds in the sky! They don't plant or harvest. They don't even store grain in barns. Yet your Father in heaven takes care of them. Aren't you worth much more than birds?,"K'a dɩga bɛnnɔ ma: ŋ bɩr hɔ duure y, bɩ ŋ bɩr hɔ darɛ y, ŋ bɩr hɔ zarm sɩ ʊ y, b'awɔɔ Zɩ k'a nɩ arzana ʊ bɩ yɩ ŋ tʊrm! Awɔɔ n lɛ da ŋ nɩ gallɛm hɔka ra?","If you don't know what to do: if you see a good thing, if you see a bad thing, if you see a strange thing, you must tell God to give you wisdom to understand it! Don't you know that God is the one who gives wisdom?",gerhardt_107423D8_output (9),,20.147496763575756,54.34251341180961,3.069053708439898
"Some Pharisees and teachers of the Law of Moses said, “Teacher, we want you to show us a sign from heaven.”","Naa kur bɩ, wosocikarɩnsaambɔɔ kan farizɛɛnrɔ kɩ a sɩŋŋɩda ba, ŋn'a hɩ Yeezuu m, ŋ ʊ: «Karɩnsaamba, wɔɔ lɛ taa k'ɩ hoser ba k'ʊ a yɩ.»","If you are a Christian, you must not be afraid to tell others about Jesus, for he said, ""Christians, you are the light of the world.""",gerhardt_107423D8_output (9),,22.278492741464575,54.34251341180961,3.069053708439898
Servants are fortunate if their master comes and finds them doing their job.,"Zibəənyɩ bɩ do nyɩntam mimbirenyɩntazaa, k'a lɛɛzaa b'a wusigə an bʊr har ʊ, an b'a ku an nɩ zibəə k'a ka ʊ bɩ barɛ.","The hyena said it would not eat the meat, but it would take it and go to its house, and then it would eat the meat there.",gerhardt_107423D8_output (9),,18.639454924145333,54.34251341180961,3.069053708439898
"Others said, “Wait! Let's see if Elijah will come and save him.”","Bɩ, a muno wɔɔ y'a hɩrɛ, ŋ ʊ: «Jɩm cɩna, k'ʊ dɩga a Elii zɛm b'a bʊmbɔ gɛ?»","Hey, if you see him, tell him: ""Jim Cina, where did you leave Elii's bag that you borrowed?""",gerhardt_107423D8_output (9),,18.74953327876991,54.34251341180961,3.069053708439898
"When Herod found out that the wise men from the east had tricked him, he was very angry. He gave orders for his men to kill all the boys who lived in or near Bethlehem and were two years old and younger. This was based on what he had learned from the wise men.","Hɩrɔɔdɩ k'a b'a dɔ a ʊ, hɔdonno wɔɔ a yamba a m bɩ, a wuti nɔmaa gandaara m. A n gʊɔɔ nyɔɔ Betelehɛm ʊ kan kʊrɔ vantɔɔ k'a a so ŋ ʊ rɔ wɔɔ kɩ ʊ, kʊ ŋ n'aa nyɩnɔ poorero yaarɔ kʊ ŋ dɔɔraa hɩɩya gɛɛ ŋ n a ku rɔ wɔɔ zɩnzɛ. Amba hɔdonno wɔɔ a hɩ m, nyɩnta k'a ʊ, an laaka da k'a nyɩ bɩ yɩrɛ dɔmɩm dɔ bɩ ma.","When Herod saw that the wise men had tricked him, he was very angry. He sent men to kill all the children in Bethlehem and the surrounding area who were two years old and younger. This was based on the time he had learned from the wise men. Then what the prophet Jeremiah had said came true: ""A sound is heard in Ramah, the sound of crying and great sadness. Rachel is crying for her children, and she refuses to be comforted, because her children are gone.""",gerhardt_E4F773B6_output (3),,62.99571457008933,54.34251341180961,3.069053708439898
Look at the birds in the sky! They don't plant or harvest. They don't even store grain in barns. Yet your Father in heaven takes care of them. Aren't you worth much more than birds?,"K'a dɩga bɛnnɔ ma: ŋ bɩr hɔ duure y, bɩ ŋ bɩr hɔ darɛ y, ŋ bɩr hɔ zarm sɩ ʊ y, b'awɔɔ Zɩ k'a nɩ arzana ʊ bɩ yɩ ŋ tʊrm! Awɔɔ n lɛ da ŋ nɩ gallɛm hɔka ra?","If you don't know what to do: whether to go forward, go backward, or stand still, ask God to show you the way! Do you think He will leave you without guidance?",gerhardt_E4F773B6_output (3),,18.231304272939177,54.34251341180961,3.069053708439898
"Some Pharisees and teachers of the Law of Moses said, “Teacher, we want you to show us a sign from heaven.”","Naa kur bɩ, wosocikarɩnsaambɔɔ kan farizɛɛnrɔ kɩ a sɩŋŋɩda ba, ŋn'a hɩ Yeezuu m, ŋ ʊ: «Karɩnsaamba, wɔɔ lɛ taa k'ɩ hoser ba k'ʊ a yɩ.»","When the time came, the angel Gabriel was sent by God to a town in Galilee called Nazareth, to a virgin pledged to be married to a man named Joseph, a descendant of David. The virgin's name was Mary. The angel went to her and said, ""Greetings, you who are highly favored! The Lord is with you.""",gerhardt_E4F773B6_output (3),,19.717030741032236,54.34251341180961,3.069053708439898
Servants are fortunate if their master comes and finds them doing their job.,"Zibəənyɩ bɩ do nyɩntam mimbirenyɩntazaa, k'a lɛɛzaa b'a wusigə an bʊr har ʊ, an b'a ku an nɩ zibəə k'a ka ʊ bɩ barɛ.","The child was playing with his friends, but when he fell and hurt his knee, he started crying and his friends came to comfort him.",gerhardt_E4F773B6_output (3),,21.54193725856342,54.34251341180961,3.069053708439898
"Others said, “Wait! Let's see if Elijah will come and save him.”","Bɩ, a muno wɔɔ y'a hɩrɛ, ŋ ʊ: «Jɩm cɩna, k'ʊ dɩga a Elii zɛm b'a bʊmbɔ gɛ?»","Hey, if you see Elii, tell him to come and help me with this work, okay?",gerhardt_E4F773B6_output (3),,22.407662474123054,54.34251341180961,3.069053708439898
"When Herod found out that the wise men from the east had tricked him, he was very angry. He gave orders for his men to kill all the boys who lived in or near Bethlehem and were two years old and younger. This was based on what he had learned from the wise men.","Hɩrɔɔdɩ k'a b'a dɔ a ʊ, hɔdonno wɔɔ a yamba a m bɩ, a wuti nɔmaa gandaara m. A n gʊɔɔ nyɔɔ Betelehɛm ʊ kan kʊrɔ vantɔɔ k'a a so ŋ ʊ rɔ wɔɔ kɩ ʊ, kʊ ŋ n'aa nyɩnɔ poorero yaarɔ kʊ ŋ dɔɔraa hɩɩya gɛɛ ŋ n a ku rɔ wɔɔ zɩnzɛ. Amba hɔdonno wɔɔ a hɩ m, nyɩnta k'a ʊ, an laaka da k'a nyɩ bɩ yɩrɛ dɔmɩm dɔ bɩ ma.","When Herod saw that he had been deceived by the wise men, he was very angry. He sent men to kill all the children in Bethlehem and the surrounding area who were two years old and younger. This was based on the time he had learned from the wise men. Then what the prophet Jeremiah had said came true: ""A sound is heard in Ramah, the sound of crying and great sadness. Rachel is crying for her children, and she refuses to be comforted, because they are gone.""",john_B0DBB2CB_output (4),,59.73407744614897,54.34251341180961,3.069053708439898
Look at the birds in the sky! They don't plant or harvest. They don't even store grain in barns. Yet your Father in heaven takes care of them. Aren't you worth much more than birds?,"K'a dɩga bɛnnɔ ma: ŋ bɩr hɔ duure y, bɩ ŋ bɩr hɔ darɛ y, ŋ bɩr hɔ zarm sɩ ʊ y, b'awɔɔ Zɩ k'a nɩ arzana ʊ bɩ yɩ ŋ tʊrm! Awɔɔ n lɛ da ŋ nɩ gallɛm hɔka ra?","If you don't know the truth: if you don't know the way, if you don't know the path, if you don't know the direction, then you should ask God to show you the way! Do you think I can lie to you?",john_B0DBB2CB_output (4),,17.884102149362015,54.34251341180961,3.069053708439898
"Some Pharisees and teachers of the Law of Moses said, “Teacher, we want you to show us a sign from heaven.”","Naa kur bɩ, wosocikarɩnsaambɔɔ kan farizɛɛnrɔ kɩ a sɩŋŋɩda ba, ŋn'a hɩ Yeezuu m, ŋ ʊ: «Karɩnsaamba, wɔɔ lɛ taa k'ɩ hoser ba k'ʊ a yɩ.»","When you pray, do not be like the hypocrites who love to stand in synagogues and on street corners to be seen by others. Truly I tell you, they have their reward. But when you pray, go into your room, close the door, and pray to your Father in secret. And your Father, who sees what is done in secret, will reward you.",john_B0DBB2CB_output (4),,19.42853407647547,54.34251341180961,3.069053708439898
Servants are fortunate if their master comes and finds them doing their job.,"Zibəənyɩ bɩ do nyɩntam mimbirenyɩntazaa, k'a lɛɛzaa b'a wusigə an bʊr har ʊ, an b'a ku an nɩ zibəə k'a ka ʊ bɩ barɛ.","The child was playing with his friends when he saw a bird fall from the sky, and he ran to pick it up and take it home to his mother.",john_B0DBB2CB_output (4),,21.6622663899226,54.34251341180961,3.069053708439898
"Others said, “Wait! Let's see if Elijah will come and save him.”","Bɩ, a muno wɔɔ y'a hɩrɛ, ŋ ʊ: «Jɩm cɩna, k'ʊ dɩga a Elii zɛm b'a bʊmbɔ gɛ?»","Hey, when you went to the farm, did you say: ""Jim, come, let's go and see Elii's house that he built""?",john_B0DBB2CB_output (4),,20.92047556450439,54.34251341180961,3.069053708439898
"When Herod found out that the wise men from the east had tricked him, he was very angry. He gave orders for his men to kill all the boys who lived in or near Bethlehem and were two years old and younger. This was based on what he had learned from the wise men.","Hɩrɔɔdɩ k'a b'a dɔ a ʊ, hɔdonno wɔɔ a yamba a m bɩ, a wuti nɔmaa gandaara m. A n gʊɔɔ nyɔɔ Betelehɛm ʊ kan kʊrɔ vantɔɔ k'a a so ŋ ʊ rɔ wɔɔ kɩ ʊ, kʊ ŋ n'aa nyɩnɔ poorero yaarɔ kʊ ŋ dɔɔraa hɩɩya gɛɛ ŋ n a ku rɔ wɔɔ zɩnzɛ. Amba hɔdonno wɔɔ a hɩ m, nyɩnta k'a ʊ, an laaka da k'a nyɩ bɩ yɩrɛ dɔmɩm dɔ bɩ ma.","Herod, when he saw that he had been tricked by the wise men, became very angry. He sent men to kill all the children in Bethlehem and the surrounding area who were two years old and younger, according to the time he had learned from the wise men. Then what the prophet Jeremiah had said came true: ""A sound is heard in Ramah, the sound of crying and great sadness. Rachel is crying for her children, and she refuses to be comforted, because they are gone.""",gerhardt_E32D1C1E_output_mzX2S5,,52.54998993615959,54.34251341180961,3.069053708439898
Look at the birds in the sky! They don't plant or harvest. They don't even store grain in barns. Yet your Father in heaven takes care of them. Aren't you worth much more than birds?,"K'a dɩga bɛnnɔ ma: ŋ bɩr hɔ duure y, bɩ ŋ bɩr hɔ darɛ y, ŋ bɩr hɔ zarm sɩ ʊ y, b'awɔɔ Zɩ k'a nɩ arzana ʊ bɩ yɩ ŋ tʊrm! Awɔɔ n lɛ da ŋ nɩ gallɛm hɔka ra?","If you don't have anything to say: don't come to my house, don't come to my farm, don't come to my field, but if you come to God's house, you must come with a gift! Do you think God will accept your empty hands?",gerhardt_E32D1C1E_output_mzX2S5,,18.92603760127839,54.34251341180961,3.069053708439898
"Some Pharisees and teachers of the Law of Moses said, “Teacher, we want you to show us a sign from heaven.”","Naa kur bɩ, wosocikarɩnsaambɔɔ kan farizɛɛnrɔ kɩ a sɩŋŋɩda ba, ŋn'a hɩ Yeezuu m, ŋ ʊ: «Karɩnsaamba, wɔɔ lɛ taa k'ɩ hoser ba k'ʊ a yɩ.»","When Jesus saw the crowds, he went up the mountain; and after he sat down, his disciples came to him. Then he began to speak, and taught them, saying: «Blessed are the poor in spirit, for theirs is the kingdom of heaven.»",gerhardt_E32D1C1E_output_mzX2S5,,23.522210563091438,54.34251341180961,3.069053708439898
Servants are fortunate if their master comes and finds them doing their job.,"Zibəənyɩ bɩ do nyɩntam mimbirenyɩntazaa, k'a lɛɛzaa b'a wusigə an bʊr har ʊ, an b'a ku an nɩ zibəə k'a ka ʊ bɩ barɛ.","The child who was playing with his friends, when he saw that the dog was chasing him, he ran and climbed a tree and stayed there until the dog left.",gerhardt_E32D1C1E_output_mzX2S5,,20.808837526635667,54.34251341180961,3.069053708439898
"Others said, “Wait! Let's see if Elijah will come and save him.”","Bɩ, a muno wɔɔ y'a hɩrɛ, ŋ ʊ: «Jɩm cɩna, k'ʊ dɩga a Elii zɛm b'a bʊmbɔ gɛ?»","Hey, I saw you yesterday, and I said: ""What's up, why did you leave Elii's house so early?""",gerhardt_E32D1C1E_output_mzX2S5,,17.931190780981062,54.34251341180961,3.069053708439898
"When Herod found out that the wise men from the east had tricked him, he was very angry. He gave orders for his men to kill all the boys who lived in or near Bethlehem and were two years old and younger. This was based on what he had learned from the wise men.","Hɩrɔɔdɩ k'a b'a dɔ a ʊ, hɔdonno wɔɔ a yamba a m bɩ, a wuti nɔmaa gandaara m. A n gʊɔɔ nyɔɔ Betelehɛm ʊ kan kʊrɔ vantɔɔ k'a a so ŋ ʊ rɔ wɔɔ kɩ ʊ, kʊ ŋ n'aa nyɩnɔ poorero yaarɔ kʊ ŋ dɔɔraa hɩɩya gɛɛ ŋ n a ku rɔ wɔɔ zɩnzɛ. Amba hɔdonno wɔɔ a hɩ m, nyɩnta k'a ʊ, an laaka da k'a nyɩ bɩ yɩrɛ dɔmɩm dɔ bɩ ma.","Herod, when he saw that he had been deceived by the wise men, was very angry, and he sent and killed all the male children in Bethlehem and in all that region who were two years old or under, according to the time that he had ascertained from the wise men. Then was fulfilled what was spoken by the prophet Jeremiah: ""A voice was heard in Ramah, weeping and loud lamentation, Rachel weeping for her children; she refused to be comforted, because they are no more.""",gerhardt_145C11AE_output (2),,43.7197704582998,54.34251341180961,3.069053708439898
Look at the birds in the sky! They don't plant or harvest. They don't even store grain in barns. Yet your Father in heaven takes care of them. Aren't you worth much more than birds?,"K'a dɩga bɛnnɔ ma: ŋ bɩr hɔ duure y, bɩ ŋ bɩr hɔ darɛ y, ŋ bɩr hɔ zarm sɩ ʊ y, b'awɔɔ Zɩ k'a nɩ arzana ʊ bɩ yɩ ŋ tʊrm! Awɔɔ n lɛ da ŋ nɩ gallɛm hɔka ra?","If you don't know what to do: whether to go to the right, to the left, or straight ahead, ask God to show you the way! Do you think God will leave you without guidance?",gerhardt_145C11AE_output (2),,19.36183106373065,54.34251341180961,3.069053708439898
"Some Pharisees and teachers of the Law of Moses said, “Teacher, we want you to show us a sign from heaven.”","Naa kur bɩ, wosocikarɩnsaambɔɔ kan farizɛɛnrɔ kɩ a sɩŋŋɩda ba, ŋn'a hɩ Yeezuu m, ŋ ʊ: «Karɩnsaamba, wɔɔ lɛ taa k'ɩ hoser ba k'ʊ a yɩ.»","When the time came, the tax collectors came to him and said, ""Teacher, we know that you speak the truth and teach the way of God in truth.""",gerhardt_145C11AE_output (2),,30.323025639101502,54.34251341180961,3.069053708439898
Servants are fortunate if their master comes and finds them doing their job.,"Zibəənyɩ bɩ do nyɩntam mimbirenyɩntazaa, k'a lɛɛzaa b'a wusigə an bʊr har ʊ, an b'a ku an nɩ zibəə k'a ka ʊ bɩ barɛ.","The hyena was very hungry, so it went to the farm to look for food, and when it found some, it ate it and went back to its den.",gerhardt_145C11AE_output (2),,22.21432300382871,54.34251341180961,3.069053708439898
"Others said, “Wait! Let's see if Elijah will come and save him.”","Bɩ, a muno wɔɔ y'a hɩrɛ, ŋ ʊ: «Jɩm cɩna, k'ʊ dɩga a Elii zɛm b'a bʊmbɔ gɛ?»","Hey, if you see him, tell him: ""Friend, why did you leave Eli's house so early?""",gerhardt_145C11AE_output (2),,18.212608294824754,54.34251341180961,3.069053708439898
"When Herod found out that the wise men from the east had tricked him, he was very angry. He gave orders for his men to kill all the boys who lived in or near Bethlehem and were two years old and younger. This was based on what he had learned from the wise men.","Hɩrɔɔdɩ k'a b'a dɔ a ʊ, hɔdonno wɔɔ a yamba a m bɩ, a wuti nɔmaa gandaara m. A n gʊɔɔ nyɔɔ Betelehɛm ʊ kan kʊrɔ vantɔɔ k'a a so ŋ ʊ rɔ wɔɔ kɩ ʊ, kʊ ŋ n'aa nyɩnɔ poorero yaarɔ kʊ ŋ dɔɔraa hɩɩya gɛɛ ŋ n a ku rɔ wɔɔ zɩnzɛ. Amba hɔdonno wɔɔ a hɩ m, nyɩnta k'a ʊ, an laaka da k'a nyɩ bɩ yɩrɛ dɔmɩm dɔ bɩ ma.","When Herod saw that the wise men had tricked him, he was very angry. He sent men to kill all the children in Bethlehem and the surrounding area who were two years old and younger. This was based on the time he had learned from the wise men. Then what the prophet Jeremiah had said came true:",gerhardt_087BEB88_output_loRIsq,,68.59834536931106,54.34251341180961,3.069053708439898
Look at the birds in the sky! They don't plant or harvest. They don't even store grain in barns. Yet your Father in heaven takes care of them. Aren't you worth much more than birds?,"K'a dɩga bɛnnɔ ma: ŋ bɩr hɔ duure y, bɩ ŋ bɩr hɔ darɛ y, ŋ bɩr hɔ zarm sɩ ʊ y, b'awɔɔ Zɩ k'a nɩ arzana ʊ bɩ yɩ ŋ tʊrm! Awɔɔ n lɛ da ŋ nɩ gallɛm hɔka ra?","If you are not a fool: if you see a good thing, do it; if you see a bad thing, avoid it; if you see a useless thing, leave it. But if you see the truth, do not hesitate to accept it! Do you think I am lying?",gerhardt_087BEB88_output_loRIsq,,17.763558723562575,54.34251341180961,3.069053708439898
"Some Pharisees and teachers of the Law of Moses said, “Teacher, we want you to show us a sign from heaven.”","Naa kur bɩ, wosocikarɩnsaambɔɔ kan farizɛɛnrɔ kɩ a sɩŋŋɩda ba, ŋn'a hɩ Yeezuu m, ŋ ʊ: «Karɩnsaamba, wɔɔ lɛ taa k'ɩ hoser ba k'ʊ a yɩ.»","When you pray, do not be like the hypocrites who love to stand in synagogues and on street corners to be seen by others. Truly I tell you, they have received their reward in full. But when you pray, go into your room, close the door and pray to your Father, who is unseen. Then your Father, who sees what is done in secret, will reward you.",gerhardt_087BEB88_output_loRIsq,,19.538430609556734,54.34251341180961,3.069053708439898
Servants are fortunate if their master comes and finds them doing their job.,"Zibəənyɩ bɩ do nyɩntam mimbirenyɩntazaa, k'a lɛɛzaa b'a wusigə an bʊr har ʊ, an b'a ku an nɩ zibəə k'a ka ʊ bɩ barɛ.","The child was playing with his friends when he saw a bird flying in the sky, and he asked his mother if he could go and watch it.",gerhardt_087BEB88_output_loRIsq,,19.43961688041255,54.34251341180961,3.069053708439898
"Others said, “Wait! Let's see if Elijah will come and save him.”","Bɩ, a muno wɔɔ y'a hɩrɛ, ŋ ʊ: «Jɩm cɩna, k'ʊ dɩga a Elii zɛm b'a bʊmbɔ gɛ?»","Hey, when you were coming, did you see Elii's child who was playing with the ball?",gerhardt_087BEB88_output_loRIsq,,17.156731398282403,54.34251341180961,3.069053708439898
"When Herod found out that the wise men from the east had tricked him, he was very angry. He gave orders for his men to kill all the boys who lived in or near Bethlehem and were two years old and younger. This was based on what he had learned from the wise men.","Hɩrɔɔdɩ k'a b'a dɔ a ʊ, hɔdonno wɔɔ a yamba a m bɩ, a wuti nɔmaa gandaara m. A n gʊɔɔ nyɔɔ Betelehɛm ʊ kan kʊrɔ vantɔɔ k'a a so ŋ ʊ rɔ wɔɔ kɩ ʊ, kʊ ŋ n'aa nyɩnɔ poorero yaarɔ kʊ ŋ dɔɔraa hɩɩya gɛɛ ŋ n a ku rɔ wɔɔ zɩnzɛ. Amba hɔdonno wɔɔ a hɩ m, nyɩnta k'a ʊ, an laaka da k'a nyɩ bɩ yɩrɛ dɔmɩm dɔ bɩ ma.","When Herod saw that he had been tricked by the Magi, he became very angry and sent men to kill all the children in Bethlehem and the surrounding area who were two years old and under, according to the time he had learned from the Magi. Then what was spoken through the prophet Jeremiah was fulfilled: ""A voice is heard in Ramah, weeping and great mourning, Rachel weeping for her children and refusing to be comforted, because they are no more.""",john_C904F397_output (2),,45.80679931146295,54.34251341180961,3.069053708439898
Look at the birds in the sky! They don't plant or harvest. They don't even store grain in barns. Yet your Father in heaven takes care of them. Aren't you worth much more than birds?,"K'a dɩga bɛnnɔ ma: ŋ bɩr hɔ duure y, bɩ ŋ bɩr hɔ darɛ y, ŋ bɩr hɔ zarm sɩ ʊ y, b'awɔɔ Zɩ k'a nɩ arzana ʊ bɩ yɩ ŋ tʊrm! Awɔɔ n lɛ da ŋ nɩ gallɛm hɔka ra?","If you don't know what to do: when you see a big tree, when you see a tall tree, when you see a tree with good shade, go and sit under it until the heat subsides! Don't you know that shade is better than the sun?",john_C904F397_output (2),,23.064837408432048,54.34251341180961,3.069053708439898
"Some Pharisees and teachers of the Law of Moses said, “Teacher, we want you to show us a sign from heaven.”","Naa kur bɩ, wosocikarɩnsaambɔɔ kan farizɛɛnrɔ kɩ a sɩŋŋɩda ba, ŋn'a hɩ Yeezuu m, ŋ ʊ: «Karɩnsaamba, wɔɔ lɛ taa k'ɩ hoser ba k'ʊ a yɩ.»","When the time came, the tax collectors came to Jesus and said, ""Teacher, we know you are truthful and teach the way of God in truth.""",john_C904F397_output (2),,31.145289102311196,54.34251341180961,3.069053708439898
Servants are fortunate if their master comes and finds them doing their job.,"Zibəənyɩ bɩ do nyɩntam mimbirenyɩntazaa, k'a lɛɛzaa b'a wusigə an bʊr har ʊ, an b'a ku an nɩ zibəə k'a ka ʊ bɩ barɛ.","The hyena said that if the hare had not been clever, it would have been killed by the lion, but the hare was clever and escaped from the lion.",john_C904F397_output (2),,19.73523024403996,54.34251341180961,3.069053708439898
"Others said, “Wait! Let's see if Elijah will come and save him.”","Bɩ, a muno wɔɔ y'a hɩrɛ, ŋ ʊ: «Jɩm cɩna, k'ʊ dɩga a Elii zɛm b'a bʊmbɔ gɛ?»","Hey, if you see Elii, tell him to come and help me with this work, okay?",john_C904F397_output (2),,22.407662474123054,54.34251341180961,3.069053708439898
"When Herod found out that the wise men from the east had tricked him, he was very angry. He gave orders for his men to kill all the boys who lived in or near Bethlehem and were two years old and younger. This was based on what he had learned from the wise men.","Hɩrɔɔdɩ k'a b'a dɔ a ʊ, hɔdonno wɔɔ a yamba a m bɩ, a wuti nɔmaa gandaara m. A n gʊɔɔ nyɔɔ Betelehɛm ʊ kan kʊrɔ vantɔɔ k'a a so ŋ ʊ rɔ wɔɔ kɩ ʊ, kʊ ŋ n'aa nyɩnɔ poorero yaarɔ kʊ ŋ dɔɔraa hɩɩya gɛɛ ŋ n a ku rɔ wɔɔ zɩnzɛ. Amba hɔdonno wɔɔ a hɩ m, nyɩnta k'a ʊ, an laaka da k'a nyɩ bɩ yɩrɛ dɔmɩm dɔ bɩ ma.","When Herod realized that the wise men had tricked him, he was very angry and sent soldiers to Bethlehem to kill all the children under two years old, just as the wise men had told him. This fulfilled what the prophet Jeremiah had spoken: ""A voice was heard in Ramah, weeping and great mourning, Rachel weeping for her children and refusing to be comforted, because they are no more.""",onesimus_E33AE420_Dec 11 output,,48.56216303179577,54.34251341180961,3.069053708439898
Look at the birds in the sky! They don't plant or harvest. They don't even store grain in barns. Yet your Father in heaven takes care of them. Aren't you worth much more than birds?,"K'a dɩga bɛnnɔ ma: ŋ bɩr hɔ duure y, bɩ ŋ bɩr hɔ darɛ y, ŋ bɩr hɔ zarm sɩ ʊ y, b'awɔɔ Zɩ k'a nɩ arzana ʊ bɩ yɩ ŋ tʊrm! Awɔɔ n lɛ da ŋ nɩ gallɛm hɔka ra?","If you don't know what to do: if you see a snake, if you see a scorpion, if you see a harmful animal, you should call Jesus to help you defeat it! Do you know that Jesus is the one who helps us?",onesimus_E33AE420_Dec 11 output,,17.511131476499745,54.34251341180961,3.069053708439898
"Some Pharisees and teachers of the Law of Moses said, “Teacher, we want you to show us a sign from heaven.”","Naa kur bɩ, wosocikarɩnsaambɔɔ kan farizɛɛnrɔ kɩ a sɩŋŋɩda ba, ŋn'a hɩ Yeezuu m, ŋ ʊ: «Karɩnsaamba, wɔɔ lɛ taa k'ɩ hoser ba k'ʊ a yɩ.»","When the time came, the tax collectors came to Jesus and said to him, ""Teacher, we know that you are truthful and teach the way of God in truth.",onesimus_E33AE420_Dec 11 output,,30.774043276741047,54.34251341180961,3.069053708439898
Servants are fortunate if their master comes and finds them doing their job.,"Zibəənyɩ bɩ do nyɩntam mimbirenyɩntazaa, k'a lɛɛzaa b'a wusigə an bʊr har ʊ, an b'a ku an nɩ zibəə k'a ka ʊ bɩ barɛ.","The child who was playing with his friends, when he saw that his mother was coming, he ran and went to meet her, and then he took her hand and they went home together.",onesimus_E33AE420_Dec 11 output,,19.564564962065514,54.34251341180961,3.069053708439898
"Others said, “Wait! Let's see if Elijah will come and save him.”","Bɩ, a muno wɔɔ y'a hɩrɛ, ŋ ʊ: «Jɩm cɩna, k'ʊ dɩga a Elii zɛm b'a bʊmbɔ gɛ?»","Hey, when you went to the farm, did you see: ""Have you eaten, what did Elii's child say when he was born?""",onesimus_E33AE420_Dec 11 output,,17.236627388957203,54.34251341180961,3.069053708439898
"When Herod found out that the wise men from the east had tricked him, he was very angry. He gave orders for his men to kill all the boys who lived in or near Bethlehem and were two years old and younger. This was based on what he had learned from the wise men.","Hɩrɔɔdɩ k'a b'a dɔ a ʊ, hɔdonno wɔɔ a yamba a m bɩ, a wuti nɔmaa gandaara m. A n gʊɔɔ nyɔɔ Betelehɛm ʊ kan kʊrɔ vantɔɔ k'a a so ŋ ʊ rɔ wɔɔ kɩ ʊ, kʊ ŋ n'aa nyɩnɔ poorero yaarɔ kʊ ŋ dɔɔraa hɩɩya gɛɛ ŋ n a ku rɔ wɔɔ zɩnzɛ. Amba hɔdonno wɔɔ a hɩ m, nyɩnta k'a ʊ, an laaka da k'a nyɩ bɩ yɩrɛ dɔmɩm dɔ bɩ ma.","When Herod saw that the wise men had tricked him, he became very angry and sent men to kill all the children in Bethlehem and the surrounding area who were two years old and younger. This was based on the time he had learned from the wise men. Then what the prophet Jeremiah had said came true:",onesimus_48E85B7F_Dec 09 output,,64.83241527180049,54.34251341180961,3.069053708439898
Look at the birds in the sky! They don't plant or harvest. They don't even store grain in barns. Yet your Father in heaven takes care of them. Aren't you worth much more than birds?,"K'a dɩga bɛnnɔ ma: ŋ bɩr hɔ duure y, bɩ ŋ bɩr hɔ darɛ y, ŋ bɩr hɔ zarm sɩ ʊ y, b'awɔɔ Zɩ k'a nɩ arzana ʊ bɩ yɩ ŋ tʊrm! Awɔɔ n lɛ da ŋ nɩ gallɛm hɔka ra?","If you are a human: you were born from a woman, you were born from a man, you were born from the earth, but God who created you is not like you! Do you think you can compare yourself to God?",onesimus_48E85B7F_Dec 09 output,,16.870333991328334,54.34251341180961,3.069053708439898
"Some Pharisees and teachers of the Law of Moses said, “Teacher, we want you to show us a sign from heaven.”","Naa kur bɩ, wosocikarɩnsaambɔɔ kan farizɛɛnrɔ kɩ a sɩŋŋɩda ba, ŋn'a hɩ Yeezuu m, ŋ ʊ: «Karɩnsaamba, wɔɔ lɛ taa k'ɩ hoser ba k'ʊ a yɩ.»","If you do not forgive others, your Father in heaven will not forgive you your sins. Jesus said, ""Forgive others, so that your Father may also forgive you.""",onesimus_48E85B7F_Dec 09 output,,22.43621462295555,54.34251341180961,3.069053708439898
Servants are fortunate if their master comes and finds them doing their job.,"Zibəənyɩ bɩ do nyɩntam mimbirenyɩntazaa, k'a lɛɛzaa b'a wusigə an bʊr har ʊ, an b'a ku an nɩ zibəə k'a ka ʊ bɩ barɛ.","If you have not yet received your payment, you should go to the office and ask them why, and tell them that you have not yet been paid.",onesimus_48E85B7F_Dec 09 output,,18.188911335961414,54.34251341180961,3.069053708439898
"Others said, “Wait! Let's see if Elijah will come and save him.”","Bɩ, a muno wɔɔ y'a hɩrɛ, ŋ ʊ: «Jɩm cɩna, k'ʊ dɩga a Elii zɛm b'a bʊmbɔ gɛ?»","Hey, you know that thing you were talking about, he said: ""What's the matter, why are you hiding the thing Elii gave you?""",onesimus_48E85B7F_Dec 09 output,,16.153261026874784,54.34251341180961,3.069053708439898
"When Herod found out that the wise men from the east had tricked him, he was very angry. He gave orders for his men to kill all the boys who lived in or near Bethlehem and were two years old and younger. This was based on what he had learned from the wise men.","Hɩrɔɔdɩ k'a b'a dɔ a ʊ, hɔdonno wɔɔ a yamba a m bɩ, a wuti nɔmaa gandaara m. A n gʊɔɔ nyɔɔ Betelehɛm ʊ kan kʊrɔ vantɔɔ k'a a so ŋ ʊ rɔ wɔɔ kɩ ʊ, kʊ ŋ n'aa nyɩnɔ poorero yaarɔ kʊ ŋ dɔɔraa hɩɩya gɛɛ ŋ n a ku rɔ wɔɔ zɩnzɛ. Amba hɔdonno wɔɔ a hɩ m, nyɩnta k'a ʊ, an laaka da k'a nyɩ bɩ yɩrɛ dɔmɩm dɔ bɩ ma.","When Herod realized that the wise men had tricked him, he was furious and ordered the killing of all the boys in Bethlehem and its vicinity who were two years old and under, according to the time he had learned from the wise men. Then what was spoken through the prophet Jeremiah was fulfilled: ""A voice is heard in Ramah, weeping and great mourning, Rachel weeping for her children and refusing to be comforted, because they are no more.""",Dec 01 output,,51.92660101564693,54.34251341180961,3.069053708439898
Look at the birds in the sky! They don't plant or harvest. They don't even store grain in barns. Yet your Father in heaven takes care of them. Aren't you worth much more than birds?,"K'a dɩga bɛnnɔ ma: ŋ bɩr hɔ duure y, bɩ ŋ bɩr hɔ darɛ y, ŋ bɩr hɔ zarm sɩ ʊ y, b'awɔɔ Zɩ k'a nɩ arzana ʊ bɩ yɩ ŋ tʊrm! Awɔɔ n lɛ da ŋ nɩ gallɛm hɔka ra?","If you don't know what to do: if you see a snake, if you see a scorpion, if you see a harmful animal, you should say ""Zɩ"" so that it will not harm you! Do you know why it is said like that?",Dec 01 output,,16.15208324808332,54.34251341180961,3.069053708439898
"Some Pharisees and teachers of the Law of Moses said, “Teacher, we want you to show us a sign from heaven.”","Naa kur bɩ, wosocikarɩnsaambɔɔ kan farizɛɛnrɔ kɩ a sɩŋŋɩda ba, ŋn'a hɩ Yeezuu m, ŋ ʊ: «Karɩnsaamba, wɔɔ lɛ taa k'ɩ hoser ba k'ʊ a yɩ.»","When you pray, do not be like the hypocrites, for they love to pray standing in the synagogues and on the street corners to be seen by others. Truly I tell you, they have received their reward in full.",Dec 01 output,,19.184264429585497,54.34251341180961,3.069053708439898
Servants are fortunate if their master comes and finds them doing their job.,"Zibəənyɩ bɩ do nyɩntam mimbirenyɩntazaa, k'a lɛɛzaa b'a wusigə an bʊr har ʊ, an b'a ku an nɩ zibəə k'a ka ʊ bɩ barɛ.","When the hyena is not around, the small animals gather to discuss how they can trap it and kill it so that they can eat it.",Dec 01 output,,18.4632908236662,54.34251341180961,3.069053708439898
"Others said, “Wait! Let's see if Elijah will come and save him.”","Bɩ, a muno wɔɔ y'a hɩrɛ, ŋ ʊ: «Jɩm cɩna, k'ʊ dɩga a Elii zɛm b'a bʊmbɔ gɛ?»","Hey, if you see Elii, tell him to come and help me with this work.",Dec 01 output,,22.840443356398783,54.34251341180961,3.069053708439898
"When Herod found out that the wise men from the east had tricked him, he was very angry. He gave orders for his men to kill all the boys who lived in or near Bethlehem and were two years old and younger. This was based on what he had learned from the wise men.","Hɩrɔɔdɩ k'a b'a dɔ a ʊ, hɔdonno wɔɔ a yamba a m bɩ, a wuti nɔmaa gandaara m. A n gʊɔɔ nyɔɔ Betelehɛm ʊ kan kʊrɔ vantɔɔ k'a a so ŋ ʊ rɔ wɔɔ kɩ ʊ, kʊ ŋ n'aa nyɩnɔ poorero yaarɔ kʊ ŋ dɔɔraa hɩɩya gɛɛ ŋ n a ku rɔ wɔɔ zɩnzɛ. Amba hɔdonno wɔɔ a hɩ m, nyɩnta k'a ʊ, an laaka da k'a nyɩ bɩ yɩrɛ dɔmɩm dɔ bɩ ma.","When Herod saw that he had been tricked by the wise men, he was very angry. He sent men to kill all the children in Bethlehem and the surrounding area who were two years old and younger. This was based on the time he had learned from the wise men. Then what the prophet Jeremiah had said came true:",gerhardt_80805CFE_output_7z6RFo,,65.5739963493163,54.34251341180961,3.069053708439898
Look at the birds in the sky! They don't plant or harvest. They don't even store grain in barns. Yet your Father in heaven takes care of them. Aren't you worth much more than birds?,"K'a dɩga bɛnnɔ ma: ŋ bɩr hɔ duure y, bɩ ŋ bɩr hɔ darɛ y, ŋ bɩr hɔ zarm sɩ ʊ y, b'awɔɔ Zɩ k'a nɩ arzana ʊ bɩ yɩ ŋ tʊrm! Awɔɔ n lɛ da ŋ nɩ gallɛm hɔka ra?","If you don't know the person: if you see them in the morning, if you see them in the afternoon, if you see them in the evening, you greet them with ""Arzana"" and they will answer you! Do you understand what I'm saying or not?",gerhardt_80805CFE_output_7z6RFo,,22.87869875180914,54.34251341180961,3.069053708439898
"Some Pharisees and teachers of the Law of Moses said, “Teacher, we want you to show us a sign from heaven.”","Naa kur bɩ, wosocikarɩnsaambɔɔ kan farizɛɛnrɔ kɩ a sɩŋŋɩda ba, ŋn'a hɩ Yeezuu m, ŋ ʊ: «Karɩnsaamba, wɔɔ lɛ taa k'ɩ hoser ba k'ʊ a yɩ.»","When the time came, the angel Gabriel was sent by God to a town in Galilee called Nazareth, to a virgin pledged to be married to a man named Joseph, a descendant of David. The virgin's name was Mary. The angel went to her and said, ""Greetings, you who are highly favored! The Lord is with you.""",gerhardt_80805CFE_output_7z6RFo,,19.717030741032236,54.34251341180961,3.069053708439898
Servants are fortunate if their master comes and finds them doing their job.,"Zibəənyɩ bɩ do nyɩntam mimbirenyɩntazaa, k'a lɛɛzaa b'a wusigə an bʊr har ʊ, an b'a ku an nɩ zibəə k'a ka ʊ bɩ barɛ.","If you are not careful with your words, you might say something that will hurt someone, and you will regret it later.",gerhardt_80805CFE_output_7z6RFo,,21.96713847903887,54.34251341180961,3.069053708439898
"Others said, “Wait! Let's see if Elijah will come and save him.”","Bɩ, a muno wɔɔ y'a hɩrɛ, ŋ ʊ: «Jɩm cɩna, k'ʊ dɩga a Elii zɛm b'a bʊmbɔ gɛ?»","Hey, I saw you yesterday, and I asked: ""Where are you going, that you're running like that towards Elii's house?""",gerhardt_80805CFE_output_7z6RFo,,15.064701092535312,54.34251341180961,3.069053708439898
"When Herod found out that the wise men from the east had tricked him, he was very angry. He gave orders for his men to kill all the boys who lived in or near Bethlehem and were two years old and younger. This was based on what he had learned from the wise men.","Hɩrɔɔdɩ k'a b'a dɔ a ʊ, hɔdonno wɔɔ a yamba a m bɩ, a wuti nɔmaa gandaara m. A n gʊɔɔ nyɔɔ Betelehɛm ʊ kan kʊrɔ vantɔɔ k'a a so ŋ ʊ rɔ wɔɔ kɩ ʊ, kʊ ŋ n'aa nyɩnɔ poorero yaarɔ kʊ ŋ dɔɔraa hɩɩya gɛɛ ŋ n a ku rɔ wɔɔ zɩnzɛ. Amba hɔdonno wɔɔ a hɩ m, nyɩnta k'a ʊ, an laaka da k'a nyɩ bɩ yɩrɛ dɔmɩm dɔ bɩ ma.","Herod, when he saw that he had been deceived by the wise men, was very angry, and he sent and killed all the male children in Bethlehem and in all that region who were two years old or under, according to the time that he had ascertained from the wise men. Then was fulfilled what was spoken by the prophet Jeremiah: ""A voice was heard in Ramah, weeping and loud lamentation, Rachel weeping for her children; she refused to be comforted, because they are no more.""",output_JA-3,,43.7197704582998,54.34251341180961,3.069053708439898
Look at the birds in the sky! They don't plant or harvest. They don't even store grain in barns. Yet your Father in heaven takes care of them. Aren't you worth much more than birds?,"K'a dɩga bɛnnɔ ma: ŋ bɩr hɔ duure y, bɩ ŋ bɩr hɔ darɛ y, ŋ bɩr hɔ zarm sɩ ʊ y, b'awɔɔ Zɩ k'a nɩ arzana ʊ bɩ yɩ ŋ tʊrm! Awɔɔ n lɛ da ŋ nɩ gallɛm hɔka ra?","If you are not a good person: if you are not a good farmer, if you are not a good blacksmith, if you are not a good hunter, then God will not give you a good harvest! So why do you think you are better than others?",output_JA-3,,21.030879549328986,54.34251341180961,3.069053708439898
"Some Pharisees and teachers of the Law of Moses said, “Teacher, we want you to show us a sign from heaven.”","Naa kur bɩ, wosocikarɩnsaambɔɔ kan farizɛɛnrɔ kɩ a sɩŋŋɩda ba, ŋn'a hɩ Yeezuu m, ŋ ʊ: «Karɩnsaamba, wɔɔ lɛ taa k'ɩ hoser ba k'ʊ a yɩ.»","When you pray, do not be like the hypocrites, for they love to pray standing in the synagogues and on the street corners to be seen by others. Truly I tell you, they have received their reward in full.",output_JA-3,,19.184264429585497,54.34251341180961,3.069053708439898
Servants are fortunate if their master comes and finds them doing their job.,"Zibəənyɩ bɩ do nyɩntam mimbirenyɩntazaa, k'a lɛɛzaa b'a wusigə an bʊr har ʊ, an b'a ku an nɩ zibəə k'a ka ʊ bɩ barɛ.","The child was crying and running around, but when he saw his mother, he stopped and went to her, and the child stopped crying and sat down.",output_JA-3,,20.224142013724446,54.34251341180961,3.069053708439898
"Others said, “Wait! Let's see if Elijah will come and save him.”","Bɩ, a muno wɔɔ y'a hɩrɛ, ŋ ʊ: «Jɩm cɩna, k'ʊ dɩga a Elii zɛm b'a bʊmbɔ gɛ?»","Hey, when you went to the farm, did you say: ""My friend, why did you leave Elii's child crying like that?""",output_JA-3,,16.320011936608392,54.34251341180961,3.069053708439898
"When Herod found out that the wise men from the east had tricked him, he was very angry. He gave orders for his men to kill all the boys who lived in or near Bethlehem and were two years old and younger. This was based on what he had learned from the wise men.","Hɩrɔɔdɩ k'a b'a dɔ a ʊ, hɔdonno wɔɔ a yamba a m bɩ, a wuti nɔmaa gandaara m. A n gʊɔɔ nyɔɔ Betelehɛm ʊ kan kʊrɔ vantɔɔ k'a a so ŋ ʊ rɔ wɔɔ kɩ ʊ, kʊ ŋ n'aa nyɩnɔ poorero yaarɔ kʊ ŋ dɔɔraa hɩɩya gɛɛ ŋ n a ku rɔ wɔɔ zɩnzɛ. Amba hɔdonno wɔɔ a hɩ m, nyɩnta k'a ʊ, an laaka da k'a nyɩ bɩ yɩrɛ dɔmɩm dɔ bɩ ma.","When Herod heard this, he was troubled, and all Jerusalem with him. He gathered all the chief priests and scribes of the people and asked them where the Christ was to be born. They told him, ""In Bethlehem of Judea, for it is written by the prophet: 'And you, Bethlehem, in the land of Judah, are by no means least among the rulers of Judah; for from you shall come a ruler who will shepherd my people Israel.'"" Then Herod secretly called the wise men and found out from them the exact time the star had appeared.",Dec 06 output,,36.36271957496917,54.34251341180961,3.069053708439898
Look at the birds in the sky! They don't plant or harvest. They don't even store grain in barns. Yet your Father in heaven takes care of them. Aren't you worth much more than birds?,"K'a dɩga bɛnnɔ ma: ŋ bɩr hɔ duure y, bɩ ŋ bɩr hɔ darɛ y, ŋ bɩr hɔ zarm sɩ ʊ y, b'awɔɔ Zɩ k'a nɩ arzana ʊ bɩ yɩ ŋ tʊrm! Awɔɔ n lɛ da ŋ nɩ gallɛm hɔka ra?","If you want to know me: whether I am good or bad, whether I am beautiful or ugly, whether I am rich or poor, ask God who created me and knows my heart! Do you think I can explain myself?",Dec 06 output,,19.10760790433845,54.34251341180961,3.069053708439898
"Some Pharisees and teachers of the Law of Moses said, “Teacher, we want you to show us a sign from heaven.”","Naa kur bɩ, wosocikarɩnsaambɔɔ kan farizɛɛnrɔ kɩ a sɩŋŋɩda ba, ŋn'a hɩ Yeezuu m, ŋ ʊ: «Karɩnsaamba, wɔɔ lɛ taa k'ɩ hoser ba k'ʊ a yɩ.»","When the time came, the angel Gabriel was sent by God to a town in Galilee called Nazareth, to a virgin pledged to be married to a man named Joseph, a descendant of David. The virgin's name was Mary. The angel went to her and said, «Greetings, you who are highly favored! The Lord is with you.»",Dec 06 output,,19.717030741032236,54.34251341180961,3.069053708439898
Servants are fortunate if their master comes and finds them doing their job.,"Zibəənyɩ bɩ do nyɩntam mimbirenyɩntazaa, k'a lɛɛzaa b'a wusigə an bʊr har ʊ, an b'a ku an nɩ zibəə k'a ka ʊ bɩ barɛ.","The hyena said that if he had not been chased by the lion, he would have eaten the goat and left, but the lion came and took the goat from him.",Dec 06 output,,18.389349091539327,54.34251341180961,3.069053708439898
"Others said, “Wait! Let's see if Elijah will come and save him.”","Bɩ, a muno wɔɔ y'a hɩrɛ, ŋ ʊ: «Jɩm cɩna, k'ʊ dɩga a Elii zɛm b'a bʊmbɔ gɛ?»","Hey, when you went to the farm, did you say: ""Jim, come here, have you seen Elii's goat that was tied up?""",Dec 06 output,,18.683670291528202,54.34251341180961,3.069053708439898
"When Herod found out that the wise men from the east had tricked him, he was very angry. He gave orders for his men to kill all the boys who lived in or near Bethlehem and were two years old and younger. This was based on what he had learned from the wise men.","Hɩrɔɔdɩ k'a b'a dɔ a ʊ, hɔdonno wɔɔ a yamba a m bɩ, a wuti nɔmaa gandaara m. A n gʊɔɔ nyɔɔ Betelehɛm ʊ kan kʊrɔ vantɔɔ k'a a so ŋ ʊ rɔ wɔɔ kɩ ʊ, kʊ ŋ n'aa nyɩnɔ poorero yaarɔ kʊ ŋ dɔɔraa hɩɩya gɛɛ ŋ n a ku rɔ wɔɔ zɩnzɛ. Amba hɔdonno wɔɔ a hɩ m, nyɩnta k'a ʊ, an laaka da k'a nyɩ bɩ yɩrɛ dɔmɩm dɔ bɩ ma.","When Herod saw that he had been tricked by the Magi, he was very angry and sent men to kill all the children in Bethlehem and the surrounding area who were two years old or younger. This was based on the time he had learned from the Magi. Then what the prophet Jeremiah had said came true:",onesimus_C6D92021_Dec 02 output,,57.16321225316957,54.34251341180961,3.069053708439898
Look at the birds in the sky! They don't plant or harvest. They don't even store grain in barns. Yet your Father in heaven takes care of them. Aren't you worth much more than birds?,"K'a dɩga bɛnnɔ ma: ŋ bɩr hɔ duure y, bɩ ŋ bɩr hɔ darɛ y, ŋ bɩr hɔ zarm sɩ ʊ y, b'awɔɔ Zɩ k'a nɩ arzana ʊ bɩ yɩ ŋ tʊrm! Awɔɔ n lɛ da ŋ nɩ gallɛm hɔka ra?","If you don't have anything to say: don't say it's too hot, don't say it's too cold, don't say the sun is too hot, because God has already decided what will happen to you! So why are you complaining about your fate?",onesimus_C6D92021_Dec 02 output,,21.565103325260978,54.34251341180961,3.069053708439898
"Some Pharisees and teachers of the Law of Moses said, “Teacher, we want you to show us a sign from heaven.”","Naa kur bɩ, wosocikarɩnsaambɔɔ kan farizɛɛnrɔ kɩ a sɩŋŋɩda ba, ŋn'a hɩ Yeezuu m, ŋ ʊ: «Karɩnsaamba, wɔɔ lɛ taa k'ɩ hoser ba k'ʊ a yɩ.»","When the time came, the tax collectors came to the house, and they said to Jesus, ""Teacher, we have come to collect the tax you owe.""",onesimus_C6D92021_Dec 02 output,,25.149561572155182,54.34251341180961,3.069053708439898
Servants are fortunate if their master comes and finds them doing their job.,"Zibəənyɩ bɩ do nyɩntam mimbirenyɩntazaa, k'a lɛɛzaa b'a wusigə an bʊr har ʊ, an b'a ku an nɩ zibəə k'a ka ʊ bɩ barɛ.","The hyena said that the rabbit should not be afraid, because it was just a small animal, and it would not harm the hyena.",onesimus_C6D92021_Dec 02 output,,18.685001842036534,54.34251341180961,3.069053708439898
"Others said, “Wait! Let's see if Elijah will come and save him.”","Bɩ, a muno wɔɔ y'a hɩrɛ, ŋ ʊ: «Jɩm cɩna, k'ʊ dɩga a Elii zɛm b'a bʊmbɔ gɛ?»","Hey, when you went to the farm, did you say: ""Jɩm cɩna, what did you do to Elii's child that he is crying?""",onesimus_C6D92021_Dec 02 output,,14.657989985297878,54.34251341180961,3.069053708439898
"When Herod found out that the wise men from the east had tricked him, he was very angry. He gave orders for his men to kill all the boys who lived in or near Bethlehem and were two years old and younger. This was based on what he had learned from the wise men.","Hɩrɔɔdɩ k'a b'a dɔ a ʊ, hɔdonno wɔɔ a yamba a m bɩ, a wuti nɔmaa gandaara m. A n gʊɔɔ nyɔɔ Betelehɛm ʊ kan kʊrɔ vantɔɔ k'a a so ŋ ʊ rɔ wɔɔ kɩ ʊ, kʊ ŋ n'aa nyɩnɔ poorero yaarɔ kʊ ŋ dɔɔraa hɩɩya gɛɛ ŋ n a ku rɔ wɔɔ zɩnzɛ. Amba hɔdonno wɔɔ a hɩ m, nyɩnta k'a ʊ, an laaka da k'a nyɩ bɩ yɩrɛ dɔmɩm dɔ bɩ ma.","When Herod saw that the wise men had tricked him, he was very angry. He sent men to kill all the children in Bethlehem and the surrounding area who were two years old and younger. This was based on the time he had learned from the wise men. Then what the prophet Jeremiah had said came true:",Jan output 1 ,,68.59834536931106,54.34251341180961,3.069053708439898
Look at the birds in the sky! They don't plant or harvest. They don't even store grain in barns. Yet your Father in heaven takes care of them. Aren't you worth much more than birds?,"K'a dɩga bɛnnɔ ma: ŋ bɩr hɔ duure y, bɩ ŋ bɩr hɔ darɛ y, ŋ bɩr hɔ zarm sɩ ʊ y, b'awɔɔ Zɩ k'a nɩ arzana ʊ bɩ yɩ ŋ tʊrm! Awɔɔ n lɛ da ŋ nɩ gallɛm hɔka ra?","If you don't know me: I am the one who brings rain, I am the one who brings drought, I am the one who brings the wind, but today God has given me power over you! Do you know who I am now?",Jan output 1 ,,17.67816955865239,54.34251341180961,3.069053708439898
"Some Pharisees and teachers of the Law of Moses said, “Teacher, we want you to show us a sign from heaven.”","Naa kur bɩ, wosocikarɩnsaambɔɔ kan farizɛɛnrɔ kɩ a sɩŋŋɩda ba, ŋn'a hɩ Yeezuu m, ŋ ʊ: «Karɩnsaamba, wɔɔ lɛ taa k'ɩ hoser ba k'ʊ a yɩ.»","If you have faith, you can say to this mulberry tree, 'Be uprooted and planted in the sea,' and it will obey you. But Jesus said to them, ""Faith, if you have it, you can do anything.""",Jan output 1 ,,19.457241326299023,54.34251341180961,3.069053708439898
Servants are fortunate if their master comes and finds them doing their job.,"Zibəənyɩ bɩ do nyɩntam mimbirenyɩntazaa, k'a lɛɛzaa b'a wusigə an bʊr har ʊ, an b'a ku an nɩ zibəə k'a ka ʊ bɩ barɛ.","If you have not yet received your payment, it means that the person who was supposed to pay you has not yet done so, and you have not yet received the money that was supposed to be given to you.",Jan output 1 ,,17.11718356271018,54.34251341180961,3.069053708439898
"Others said, “Wait! Let's see if Elijah will come and save him.”","Bɩ, a muno wɔɔ y'a hɩrɛ, ŋ ʊ: «Jɩm cɩna, k'ʊ dɩga a Elii zɛm b'a bʊmbɔ gɛ?»","Hey, I heard you were sick, so I asked: ""How are you feeling, have you taken the medicine Elii gave you?""",Jan output 1 ,,14.667775479171713,54.34251341180961,3.069053708439898
"When Herod found out that the wise men from the east had tricked him, he was very angry. He gave orders for his men to kill all the boys who lived in or near Bethlehem and were two years old and younger. This was based on what he had learned from the wise men.","Hɩrɔɔdɩ k'a b'a dɔ a ʊ, hɔdonno wɔɔ a yamba a m bɩ, a wuti nɔmaa gandaara m. A n gʊɔɔ nyɔɔ Betelehɛm ʊ kan kʊrɔ vantɔɔ k'a a so ŋ ʊ rɔ wɔɔ kɩ ʊ, kʊ ŋ n'aa nyɩnɔ poorero yaarɔ kʊ ŋ dɔɔraa hɩɩya gɛɛ ŋ n a ku rɔ wɔɔ zɩnzɛ. Amba hɔdonno wɔɔ a hɩ m, nyɩnta k'a ʊ, an laaka da k'a nyɩ bɩ yɩrɛ dɔmɩm dɔ bɩ ma.","When Herod saw that he had been tricked by the wise men, he was very angry and sent men to kill all the children in Bethlehem and the surrounding area who were two years old or younger. This was based on the time he had learned from the wise men. Then what the prophet Jeremiah had said came true:",onesimus_5B146D14_Dec 05 output,,62.3821229257741,54.34251341180961,3.069053708439898
Look at the birds in the sky! They don't plant or harvest. They don't even store grain in barns. Yet your Father in heaven takes care of them. Aren't you worth much more than birds?,"K'a dɩga bɛnnɔ ma: ŋ bɩr hɔ duure y, bɩ ŋ bɩr hɔ darɛ y, ŋ bɩr hɔ zarm sɩ ʊ y, b'awɔɔ Zɩ k'a nɩ arzana ʊ bɩ yɩ ŋ tʊrm! Awɔɔ n lɛ da ŋ nɩ gallɛm hɔka ra?","If you don't know me: I am the one who is in the sky, I am the one who is on the earth, I am the one who is in the water, and I am the one who is in the fire! Do you know who I am?",onesimus_5B146D14_Dec 05 output,,20.573646177578002,54.34251341180961,3.069053708439898
"Some Pharisees and teachers of the Law of Moses said, “Teacher, we want you to show us a sign from heaven.”","Naa kur bɩ, wosocikarɩnsaambɔɔ kan farizɛɛnrɔ kɩ a sɩŋŋɩda ba, ŋn'a hɩ Yeezuu m, ŋ ʊ: «Karɩnsaamba, wɔɔ lɛ taa k'ɩ hoser ba k'ʊ a yɩ.»","When the time came, the angel Gabriel was sent by God to a town in Galilee called Nazareth, to a virgin pledged to be married to a man named Joseph, a descendant of David. The virgin's name was Mary. The angel went to her and said, ""Greetings, you who are highly favored! The Lord is with you.""",onesimus_5B146D14_Dec 05 output,,19.717030741032236,54.34251341180961,3.069053708439898
Servants are fortunate if their master comes and finds them doing their job.,"Zibəənyɩ bɩ do nyɩntam mimbirenyɩntazaa, k'a lɛɛzaa b'a wusigə an bʊr har ʊ, an b'a ku an nɩ zibəə k'a ka ʊ bɩ barɛ.","The hyena said that it would not go to the farm, but it would go to the bush to look for food, and if it found any, it would bring it to the hyena.",onesimus_5B146D14_Dec 05 output,,18.35490374805306,54.34251341180961,3.069053708439898
"Others said, “Wait! Let's see if Elijah will come and save him.”","Bɩ, a muno wɔɔ y'a hɩrɛ, ŋ ʊ: «Jɩm cɩna, k'ʊ dɩga a Elii zɛm b'a bʊmbɔ gɛ?»","Hey, if you see Elii, tell him to come and help me with this work.",onesimus_5B146D14_Dec 05 output,,22.840443356398783,54.34251341180961,3.069053708439898
"When Herod found out that the wise men from the east had tricked him, he was very angry. He gave orders for his men to kill all the boys who lived in or near Bethlehem and were two years old and younger. This was based on what he had learned from the wise men.","Hɩrɔɔdɩ k'a b'a dɔ a ʊ, hɔdonno wɔɔ a yamba a m bɩ, a wuti nɔmaa gandaara m. A n gʊɔɔ nyɔɔ Betelehɛm ʊ kan kʊrɔ vantɔɔ k'a a so ŋ ʊ rɔ wɔɔ kɩ ʊ, kʊ ŋ n'aa nyɩnɔ poorero yaarɔ kʊ ŋ dɔɔraa hɩɩya gɛɛ ŋ n a ku rɔ wɔɔ zɩnzɛ. Amba hɔdonno wɔɔ a hɩ m, nyɩnta k'a ʊ, an laaka da k'a nyɩ bɩ yɩrɛ dɔmɩm dɔ bɩ ma.","When Herod saw that the wise men had tricked him, he was very angry. He sent men to kill all the children in Bethlehem and the surrounding area who were two years old and younger. This was based on the time he had learned from the wise men. Then what the prophet Jeremiah had said came true: ""A sound is heard in Ramah, the sound of crying in great sadness. Rachel cries for her children and refuses to be comforted, because her children are gone.""",gerhardt_428C0151_output_jQjr1f,,63.634774498410465,54.34251341180961,3.069053708439898
Look at the birds in the sky! They don't plant or harvest. They don't even store grain in barns. Yet your Father in heaven takes care of them. Aren't you worth much more than birds?,"K'a dɩga bɛnnɔ ma: ŋ bɩr hɔ duure y, bɩ ŋ bɩr hɔ darɛ y, ŋ bɩr hɔ zarm sɩ ʊ y, b'awɔɔ Zɩ k'a nɩ arzana ʊ bɩ yɩ ŋ tʊrm! Awɔɔ n lɛ da ŋ nɩ gallɛm hɔka ra?","If you don't know what to do: whether to go forward, whether to go backward, whether to turn left or right, ask God to show you the way! Do you think He will leave you without guidance?",gerhardt_428C0151_output_jQjr1f,,20.206585942107004,54.34251341180961,3.069053708439898
"Some Pharisees and teachers of the Law of Moses said, “Teacher, we want you to show us a sign from heaven.”","Naa kur bɩ, wosocikarɩnsaambɔɔ kan farizɛɛnrɔ kɩ a sɩŋŋɩda ba, ŋn'a hɩ Yeezuu m, ŋ ʊ: «Karɩnsaamba, wɔɔ lɛ taa k'ɩ hoser ba k'ʊ a yɩ.»","If you have done something wrong, you should not be afraid to ask for forgiveness, because Jesus said, ""Sinners, come to me and I will give you rest.""",gerhardt_428C0151_output_jQjr1f,,22.267885010079986,54.34251341180961,3.069053708439898
Servants are fortunate if their master comes and finds them doing their job.,"Zibəənyɩ bɩ do nyɩntam mimbirenyɩntazaa, k'a lɛɛzaa b'a wusigə an bʊr har ʊ, an b'a ku an nɩ zibəə k'a ka ʊ bɩ barɛ.","The hyena said that if he had not been the one to chase the hare, he would have been the one to eat it, and that he would not have given it to the hyena to eat.",gerhardt_428C0151_output_jQjr1f,,15.871904206940075,54.34251341180961,3.069053708439898
"Others said, “Wait! Let's see if Elijah will come and save him.”","Bɩ, a muno wɔɔ y'a hɩrɛ, ŋ ʊ: «Jɩm cɩna, k'ʊ dɩga a Elii zɛm b'a bʊmbɔ gɛ?»","Hey, when you went to the market, did you say: ""Jɩm cɩna, where did you get the Elii seeds to plant?""",gerhardt_428C0151_output_jQjr1f,,14.889039347879491,54.34251341180961,3.069053708439898
"When Herod found out that the wise men from the east had tricked him, he was very angry. He gave orders for his men to kill all the boys who lived in or near Bethlehem and were two years old and younger. This was based on what he had learned from the wise men.","Hɩrɔɔdɩ k'a b'a dɔ a ʊ, hɔdonno wɔɔ a yamba a m bɩ, a wuti nɔmaa gandaara m. A n gʊɔɔ nyɔɔ Betelehɛm ʊ kan kʊrɔ vantɔɔ k'a a so ŋ ʊ rɔ wɔɔ kɩ ʊ, kʊ ŋ n'aa nyɩnɔ poorero yaarɔ kʊ ŋ dɔɔraa hɩɩya gɛɛ ŋ n a ku rɔ wɔɔ zɩnzɛ. Amba hɔdonno wɔɔ a hɩ m, nyɩnta k'a ʊ, an laaka da k'a nyɩ bɩ yɩrɛ dɔmɩm dɔ bɩ ma.","When Herod saw that he had been tricked by the wise men, he was very angry and sent men to kill all the children in Bethlehem and the surrounding area who were two years old and under, according to the time he had learned from the wise men. Then what was spoken through the prophet Jeremiah was fulfilled: ""A voice is heard in Ramah, weeping and great mourning, Rachel weeping for her children and refusing to be comforted, because they are no more.""",gerhardt_E4DFEBFE_output_T8d1lo,,52.04632301572955,54.34251341180961,3.069053708439898
Look at the birds in the sky! They don't plant or harvest. They don't even store grain in barns. Yet your Father in heaven takes care of them. Aren't you worth much more than birds?,"K'a dɩga bɛnnɔ ma: ŋ bɩr hɔ duure y, bɩ ŋ bɩr hɔ darɛ y, ŋ bɩr hɔ zarm sɩ ʊ y, b'awɔɔ Zɩ k'a nɩ arzana ʊ bɩ yɩ ŋ tʊrm! Awɔɔ n lɛ da ŋ nɩ gallɛm hɔka ra?","If you don't know what to do: if you go to the right, if you go to the left, if you go straight ahead, ask God to guide you on the right path! Do you know what God said to me?",gerhardt_E4DFEBFE_output_T8d1lo,,17.477851645005245,54.34251341180961,3.069053708439898
"Some Pharisees and teachers of the Law of Moses said, “Teacher, we want you to show us a sign from heaven.”","Naa kur bɩ, wosocikarɩnsaambɔɔ kan farizɛɛnrɔ kɩ a sɩŋŋɩda ba, ŋn'a hɩ Yeezuu m, ŋ ʊ: «Karɩnsaamba, wɔɔ lɛ taa k'ɩ hoser ba k'ʊ a yɩ.»","If you have sinned, do not be afraid to come to the one who can forgive sins, because Jesus said, ""Come to me, all who are weary and burdened, and I will give you rest.""",gerhardt_E4DFEBFE_output_T8d1lo,,21.874303373255756,54.34251341180961,3.069053708439898
Servants are fortunate if their master comes and finds them doing their job.,"Zibəənyɩ bɩ do nyɩntam mimbirenyɩntazaa, k'a lɛɛzaa b'a wusigə an bʊr har ʊ, an b'a ku an nɩ zibəə k'a ka ʊ bɩ barɛ.","The child was crying because he had fallen, and when he got up, he saw that his clothes were torn and his knee was bleeding.",gerhardt_E4DFEBFE_output_T8d1lo,,18.128141698906646,54.34251341180961,3.069053708439898
"Others said, “Wait! Let's see if Elijah will come and save him.”","Bɩ, a muno wɔɔ y'a hɩrɛ, ŋ ʊ: «Jɩm cɩna, k'ʊ dɩga a Elii zɛm b'a bʊmbɔ gɛ?»","Hey, when you were coming, did you see Elii's child who was carrying a basket?",gerhardt_E4DFEBFE_output_T8d1lo,,16.108898291990155,54.34251341180961,3.069053708439898
"When Herod found out that the wise men from the east had tricked him, he was very angry. He gave orders for his men to kill all the boys who lived in or near Bethlehem and were two years old and younger. This was based on what he had learned from the wise men.","Hɩrɔɔdɩ k'a b'a dɔ a ʊ, hɔdonno wɔɔ a yamba a m bɩ, a wuti nɔmaa gandaara m. A n gʊɔɔ nyɔɔ Betelehɛm ʊ kan kʊrɔ vantɔɔ k'a a so ŋ ʊ rɔ wɔɔ kɩ ʊ, kʊ ŋ n'aa nyɩnɔ poorero yaarɔ kʊ ŋ dɔɔraa hɩɩya gɛɛ ŋ n a ku rɔ wɔɔ zɩnzɛ. Amba hɔdonno wɔɔ a hɩ m, nyɩnta k'a ʊ, an laaka da k'a nyɩ bɩ yɩrɛ dɔmɩm dɔ bɩ ma.","When Herod saw that the wise men had tricked him, he was very angry. He sent men to kill all the children in Bethlehem and the surrounding area who were two years old and younger. This was based on the time he had learned from the wise men. Then what the prophet Jeremiah had said came true:",onesimus_4838858E_Jan output 1 ,,68.59834536931106,54.34251341180961,3.069053708439898
Look at the birds in the sky! They don't plant or harvest. They don't even store grain in barns. Yet your Father in heaven takes care of them. Aren't you worth much more than birds?,"K'a dɩga bɛnnɔ ma: ŋ bɩr hɔ duure y, bɩ ŋ bɩr hɔ darɛ y, ŋ bɩr hɔ zarm sɩ ʊ y, b'awɔɔ Zɩ k'a nɩ arzana ʊ bɩ yɩ ŋ tʊrm! Awɔɔ n lɛ da ŋ nɩ gallɛm hɔka ra?","If you don't know me: I am the one who brings rain, I am the one who brings drought, I am the one who brings the wind, but today God has given me power over you! Do you know who I am now?",onesimus_4838858E_Jan output 1 ,,17.67816955865239,54.34251341180961,3.069053708439898
"Some Pharisees and teachers of the Law of Moses said, “Teacher, we want you to show us a sign from heaven.”","Naa kur bɩ, wosocikarɩnsaambɔɔ kan farizɛɛnrɔ kɩ a sɩŋŋɩda ba, ŋn'a hɩ Yeezuu m, ŋ ʊ: «Karɩnsaamba, wɔɔ lɛ taa k'ɩ hoser ba k'ʊ a yɩ.»","If you have faith, you can say to this mulberry tree, 'Be uprooted and planted in the sea,' and it will obey you. But Jesus said to them, ""Faith, if you have it, you can do anything.""",onesimus_4838858E_Jan output 1 ,,19.457241326299023,54.34251341180961,3.069053708439898
Servants are fortunate if their master comes and finds them doing their job.,"Zibəənyɩ bɩ do nyɩntam mimbirenyɩntazaa, k'a lɛɛzaa b'a wusigə an bʊr har ʊ, an b'a ku an nɩ zibəə k'a ka ʊ bɩ barɛ.","If you have not yet received your payment, it means that the person who was supposed to pay you has not yet done so, and you have not yet received the money that was supposed to be given to you.",onesimus_4838858E_Jan output 1 ,,17.11718356271018,54.34251341180961,3.069053708439898
"Others said, “Wait! Let's see if Elijah will come and save him.”","Bɩ, a muno wɔɔ y'a hɩrɛ, ŋ ʊ: «Jɩm cɩna, k'ʊ dɩga a Elii zɛm b'a bʊmbɔ gɛ?»","Hey, I heard you were sick, so I asked: ""How are you feeling, have you taken the medicine Elii gave you?""",onesimus_4838858E_Jan output 1 ,,14.667775479171713,54.34251341180961,3.069053708439898
"When Herod found out that the wise men from the east had tricked him, he was very angry. He gave orders for his men to kill all the boys who lived in or near Bethlehem and were two years old and younger. This was based on what he had learned from the wise men.","Hɩrɔɔdɩ k'a b'a dɔ a ʊ, hɔdonno wɔɔ a yamba a m bɩ, a wuti nɔmaa gandaara m. A n gʊɔɔ nyɔɔ Betelehɛm ʊ kan kʊrɔ vantɔɔ k'a a so ŋ ʊ rɔ wɔɔ kɩ ʊ, kʊ ŋ n'aa nyɩnɔ poorero yaarɔ kʊ ŋ dɔɔraa hɩɩya gɛɛ ŋ n a ku rɔ wɔɔ zɩnzɛ. Amba hɔdonno wɔɔ a hɩ m, nyɩnta k'a ʊ, an laaka da k'a nyɩ bɩ yɩrɛ dɔmɩm dɔ bɩ ma.","When Herod realized that the wise men had deceived him, he was very angry and sent soldiers to kill all the children in Bethlehem and the surrounding area who were two years old and under, based on the time he had learned from the wise men. Then what the prophet Jeremiah had said came true: ""A sound is heard in Ramah, weeping and great mourning. Rachel weeps for her children and refuses to be comforted, because they are no more.""",gerhardt_2F3FAF10_output (1),,54.52112752594195,54.34251341180961,3.069053708439898
Look at the birds in the sky! They don't plant or harvest. They don't even store grain in barns. Yet your Father in heaven takes care of them. Aren't you worth much more than birds?,"K'a dɩga bɛnnɔ ma: ŋ bɩr hɔ duure y, bɩ ŋ bɩr hɔ darɛ y, ŋ bɩr hɔ zarm sɩ ʊ y, b'awɔɔ Zɩ k'a nɩ arzana ʊ bɩ yɩ ŋ tʊrm! Awɔɔ n lɛ da ŋ nɩ gallɛm hɔka ra?","If you don't know what to do: if you see a thief, if you see a liar, if you see a cheater, then you should tell Zɩ so that he can punish them! Do you think he will be happy with you?",gerhardt_2F3FAF10_output (1),,18.009667956440126,54.34251341180961,3.069053708439898
"Some Pharisees and teachers of the Law of Moses said, “Teacher, we want you to show us a sign from heaven.”","Naa kur bɩ, wosocikarɩnsaambɔɔ kan farizɛɛnrɔ kɩ a sɩŋŋɩda ba, ŋn'a hɩ Yeezuu m, ŋ ʊ: «Karɩnsaamba, wɔɔ lɛ taa k'ɩ hoser ba k'ʊ a yɩ.»","When the time came, the angel Gabriel was sent by God to a town in Galilee called Nazareth, to a virgin betrothed to a man named Joseph, of the house of David. The virgin's name was Mary. And the angel said to her, ""Hail, full of grace, the Lord is with you.""",gerhardt_2F3FAF10_output (1),,21.703443541725797,54.34251341180961,3.069053708439898
Servants are fortunate if their master comes and finds them doing their job.,"Zibəənyɩ bɩ do nyɩntam mimbirenyɩntazaa, k'a lɛɛzaa b'a wusigə an bʊr har ʊ, an b'a ku an nɩ zibəə k'a ka ʊ bɩ barɛ.","The hyena said that it was not a good thing, but the hare said it was not afraid, and it would go and see the hyena and tell it that it was not afraid.",gerhardt_2F3FAF10_output (1),,18.380305399803422,54.34251341180961,3.069053708439898
"Others said, “Wait! Let's see if Elijah will come and save him.”","Bɩ, a muno wɔɔ y'a hɩrɛ, ŋ ʊ: «Jɩm cɩna, k'ʊ dɩga a Elii zɛm b'a bʊmbɔ gɛ?»","Hey, when you went to the farm, did you say: ""Jɩm cɩna, what did you do with Elii's yam that you stole?""",gerhardt_2F3FAF10_output (1),,14.187990174626606,54.34251341180961,3.069053708439898
"When Herod found out that the wise men from the east had tricked him, he was very angry. He gave orders for his men to kill all the boys who lived in or near Bethlehem and were two years old and younger. This was based on what he had learned from the wise men.","Hɩrɔɔdɩ k'a b'a dɔ a ʊ, hɔdonno wɔɔ a yamba a m bɩ, a wuti nɔmaa gandaara m. A n gʊɔɔ nyɔɔ Betelehɛm ʊ kan kʊrɔ vantɔɔ k'a a so ŋ ʊ rɔ wɔɔ kɩ ʊ, kʊ ŋ n'aa nyɩnɔ poorero yaarɔ kʊ ŋ dɔɔraa hɩɩya gɛɛ ŋ n a ku rɔ wɔɔ zɩnzɛ. Amba hɔdonno wɔɔ a hɩ m, nyɩnta k'a ʊ, an laaka da k'a nyɩ bɩ yɩrɛ dɔmɩm dɔ bɩ ma.","When Herod heard this, he was troubled, and all Jerusalem with him. He gathered all the chief priests and scribes of the people and asked them where the Christ was to be born. They told him, ""In Bethlehem of Judea, for it is written by the prophet: 'And you, Bethlehem, in the land of Judah, are by no means least among the rulers of Judah; for from you shall come a ruler who will shepherd my people Israel.'"" Then Herod secretly called the wise men and found out from them the exact time the star had appeared.",onesimus_778C5456_Dec 06 output,,36.36271957496917,54.34251341180961,3.069053708439898
Look at the birds in the sky! They don't plant or harvest. They don't even store grain in barns. Yet your Father in heaven takes care of them. Aren't you worth much more than birds?,"K'a dɩga bɛnnɔ ma: ŋ bɩr hɔ duure y, bɩ ŋ bɩr hɔ darɛ y, ŋ bɩr hɔ zarm sɩ ʊ y, b'awɔɔ Zɩ k'a nɩ arzana ʊ bɩ yɩ ŋ tʊrm! Awɔɔ n lɛ da ŋ nɩ gallɛm hɔka ra?","If you want to know me: whether I am good or bad, whether I am beautiful or ugly, whether I am rich or poor, ask God who created me and knows my heart! Do you think I can explain myself?",onesimus_778C5456_Dec 06 output,,19.10760790433845,54.34251341180961,3.069053708439898
"Some Pharisees and teachers of the Law of Moses said, “Teacher, we want you to show us a sign from heaven.”","Naa kur bɩ, wosocikarɩnsaambɔɔ kan farizɛɛnrɔ kɩ a sɩŋŋɩda ba, ŋn'a hɩ Yeezuu m, ŋ ʊ: «Karɩnsaamba, wɔɔ lɛ taa k'ɩ hoser ba k'ʊ a yɩ.»","When the time came, the angel Gabriel was sent by God to a town in Galilee called Nazareth, to a virgin pledged to be married to a man named Joseph, a descendant of David. The virgin's name was Mary. The angel went to her and said, «Greetings, you who are highly favored! The Lord is with you.»",onesimus_778C5456_Dec 06 output,,19.717030741032236,54.34251341180961,3.069053708439898
Servants are fortunate if their master comes and finds them doing their job.,"Zibəənyɩ bɩ do nyɩntam mimbirenyɩntazaa, k'a lɛɛzaa b'a wusigə an bʊr har ʊ, an b'a ku an nɩ zibəə k'a ka ʊ bɩ barɛ.","The hyena said that if he had not been chased by the lion, he would have eaten the goat and left, but the lion came and took the goat from him.",onesimus_778C5456_Dec 06 output,,18.389349091539327,54.34251341180961,3.069053708439898
"Others said, “Wait! Let's see if Elijah will come and save him.”","Bɩ, a muno wɔɔ y'a hɩrɛ, ŋ ʊ: «Jɩm cɩna, k'ʊ dɩga a Elii zɛm b'a bʊmbɔ gɛ?»","Hey, when you went to the farm, did you say: ""Jim, come here, have you seen Elii's goat that was tied up?""",onesimus_778C5456_Dec 06 output,,18.683670291528202,54.34251341180961,3.069053708439898
"When Herod found out that the wise men from the east had tricked him, he was very angry. He gave orders for his men to kill all the boys who lived in or near Bethlehem and were two years old and younger. This was based on what he had learned from the wise men.","Hɩrɔɔdɩ k'a b'a dɔ a ʊ, hɔdonno wɔɔ a yamba a m bɩ, a wuti nɔmaa gandaara m. A n gʊɔɔ nyɔɔ Betelehɛm ʊ kan kʊrɔ vantɔɔ k'a a so ŋ ʊ rɔ wɔɔ kɩ ʊ, kʊ ŋ n'aa nyɩnɔ poorero yaarɔ kʊ ŋ dɔɔraa hɩɩya gɛɛ ŋ n a ku rɔ wɔɔ zɩnzɛ. Amba hɔdonno wɔɔ a hɩ m, nyɩnta k'a ʊ, an laaka da k'a nyɩ bɩ yɩrɛ dɔmɩm dɔ bɩ ma.","When Herod heard this, he was troubled, and all Jerusalem with him. He gathered all the chief priests and scribes of the people and asked them where the Messiah was to be born. They told him, ""In Bethlehem of Judea, for this is what the prophet wrote: 'And you, Bethlehem, in the land of Judah, are by no means least among the rulers of Judah, for from you will come a ruler who will shepherd my people Israel.'"" Then Herod secretly called the Magi and found out from them the exact time the star had appeared.",gerhardt_E3C23636_output_AHjhdB,,35.44009932913653,54.34251341180961,3.069053708439898
Look at the birds in the sky! They don't plant or harvest. They don't even store grain in barns. Yet your Father in heaven takes care of them. Aren't you worth much more than birds?,"K'a dɩga bɛnnɔ ma: ŋ bɩr hɔ duure y, bɩ ŋ bɩr hɔ darɛ y, ŋ bɩr hɔ zarm sɩ ʊ y, b'awɔɔ Zɩ k'a nɩ arzana ʊ bɩ yɩ ŋ tʊrm! Awɔɔ n lɛ da ŋ nɩ gallɛm hɔka ra?","If you are a human: you are born, you grow, you get old, and you die, but God is the one who created you and will take you back! Do you not know that God is the one who created you?",gerhardt_E3C23636_output_AHjhdB,,16.506024891661994,54.34251341180961,3.069053708439898
"Some Pharisees and teachers of the Law of Moses said, “Teacher, we want you to show us a sign from heaven.”","Naa kur bɩ, wosocikarɩnsaambɔɔ kan farizɛɛnrɔ kɩ a sɩŋŋɩda ba, ŋn'a hɩ Yeezuu m, ŋ ʊ: «Karɩnsaamba, wɔɔ lɛ taa k'ɩ hoser ba k'ʊ a yɩ.»","When the time came, the angel Gabriel was sent by God to a town in Galilee called Nazareth, to a virgin pledged to be married to a man named Joseph, a descendant of David. The virgin's name was Mary. The angel went to her and said, ""Greetings, you who are highly favored! The Lord is with you.""",gerhardt_E3C23636_output_AHjhdB,,19.717030741032236,54.34251341180961,3.069053708439898
Servants are fortunate if their master comes and finds them doing their job.,"Zibəənyɩ bɩ do nyɩntam mimbirenyɩntazaa, k'a lɛɛzaa b'a wusigə an bʊr har ʊ, an b'a ku an nɩ zibəə k'a ka ʊ bɩ barɛ.","The hyena was very hungry, so it went to the farm to steal a chicken, but the farmer saw it and chased it away.",gerhardt_E3C23636_output_AHjhdB,,19.971982378129088,54.34251341180961,3.069053708439898
"Others said, “Wait! Let's see if Elijah will come and save him.”","Bɩ, a muno wɔɔ y'a hɩrɛ, ŋ ʊ: «Jɩm cɩna, k'ʊ dɩga a Elii zɛm b'a bʊmbɔ gɛ?»","Hey, if you see Elii, tell him to come and help me with this work.",gerhardt_E3C23636_output_AHjhdB,,22.840443356398783,54.34251341180961,3.069053708439898
"When Herod found out that the wise men from the east had tricked him, he was very angry. He gave orders for his men to kill all the boys who lived in or near Bethlehem and were two years old and younger. This was based on what he had learned from the wise men.","Hɩrɔɔdɩ k'a b'a dɔ a ʊ, hɔdonno wɔɔ a yamba a m bɩ, a wuti nɔmaa gandaara m. A n gʊɔɔ nyɔɔ Betelehɛm ʊ kan kʊrɔ vantɔɔ k'a a so ŋ ʊ rɔ wɔɔ kɩ ʊ, kʊ ŋ n'aa nyɩnɔ poorero yaarɔ kʊ ŋ dɔɔraa hɩɩya gɛɛ ŋ n a ku rɔ wɔɔ zɩnzɛ. Amba hɔdonno wɔɔ a hɩ m, nyɩnta k'a ʊ, an laaka da k'a nyɩ bɩ yɩrɛ dɔmɩm dɔ bɩ ma.","When Herod realized that the wise men had tricked him, he was furious and ordered the killing of all boys in Bethlehem and its vicinity who were two years old and under, based on the time he had learned from the wise men. Then what was spoken through the prophet Jeremiah was fulfilled: ""A voice is heard in Ramah, weeping and great mourning, Rachel weeping for her children and refusing to be comforted, because they are no more.""",Dec 12 output,,51.87526940592734,54.34251341180961,3.069053708439898
Look at the birds in the sky! They don't plant or harvest. They don't even store grain in barns. Yet your Father in heaven takes care of them. Aren't you worth much more than birds?,"K'a dɩga bɛnnɔ ma: ŋ bɩr hɔ duure y, bɩ ŋ bɩr hɔ darɛ y, ŋ bɩr hɔ zarm sɩ ʊ y, b'awɔɔ Zɩ k'a nɩ arzana ʊ bɩ yɩ ŋ tʊrm! Awɔɔ n lɛ da ŋ nɩ gallɛm hɔka ra?","If you don't know what to do: if you can't do it today, if you can't do it tomorrow, if you can't do it next week, then ask God to give you the strength to do it! Do you think I'm joking with you?",Dec 12 output,,17.382655021307926,54.34251341180961,3.069053708439898
"Some Pharisees and teachers of the Law of Moses said, “Teacher, we want you to show us a sign from heaven.”","Naa kur bɩ, wosocikarɩnsaambɔɔ kan farizɛɛnrɔ kɩ a sɩŋŋɩda ba, ŋn'a hɩ Yeezuu m, ŋ ʊ: «Karɩnsaamba, wɔɔ lɛ taa k'ɩ hoser ba k'ʊ a yɩ.»","When the time came, the angel Gabriel was sent by God to a town in Galilee called Nazareth, to a virgin betrothed to a man named Joseph, of the house of David. The virgin's name was Mary.",Dec 12 output,,19.799731803695035,54.34251341180961,3.069053708439898
Servants are fortunate if their master comes and finds them doing their job.,"Zibəənyɩ bɩ do nyɩntam mimbirenyɩntazaa, k'a lɛɛzaa b'a wusigə an bʊr har ʊ, an b'a ku an nɩ zibəə k'a ka ʊ bɩ barɛ.","The child who is always crying, even if you give him a sweet thing, he will not eat it, and he will continue crying until he gets what he wants.",Dec 12 output,,18.308469224400568,54.34251341180961,3.069053708439898
"Others said, “Wait! Let's see if Elijah will come and save him.”","Bɩ, a muno wɔɔ y'a hɩrɛ, ŋ ʊ: «Jɩm cɩna, k'ʊ dɩga a Elii zɛm b'a bʊmbɔ gɛ?»","Hey, if you see Elii, tell him to come and help me with this work.",Dec 12 output,,22.840443356398783,54.34251341180961,3.069053708439898
"When Herod found out that the wise men from the east had tricked him, he was very angry. He gave orders for his men to kill all the boys who lived in or near Bethlehem and were two years old and younger. This was based on what he had learned from the wise men.","Hɩrɔɔdɩ k'a b'a dɔ a ʊ, hɔdonno wɔɔ a yamba a m bɩ, a wuti nɔmaa gandaara m. A n gʊɔɔ nyɔɔ Betelehɛm ʊ kan kʊrɔ vantɔɔ k'a a so ŋ ʊ rɔ wɔɔ kɩ ʊ, kʊ ŋ n'aa nyɩnɔ poorero yaarɔ kʊ ŋ dɔɔraa hɩɩya gɛɛ ŋ n a ku rɔ wɔɔ zɩnzɛ. Amba hɔdonno wɔɔ a hɩ m, nyɩnta k'a ʊ, an laaka da k'a nyɩ bɩ yɩrɛ dɔmɩm dɔ bɩ ma.","When Herod realized that the wise men had tricked him, he was very angry. He sent men to Bethlehem and the surrounding area to kill all the boys who were two years old and younger, based on the time he had learned from the wise men. This fulfilled what God had spoken through the prophet Jeremiah.",onesimus_CF2838B3_Dec 03 output,,67.0997423393806,54.34251341180961,3.069053708439898
Look at the birds in the sky! They don't plant or harvest. They don't even store grain in barns. Yet your Father in heaven takes care of them. Aren't you worth much more than birds?,"K'a dɩga bɛnnɔ ma: ŋ bɩr hɔ duure y, bɩ ŋ bɩr hɔ darɛ y, ŋ bɩr hɔ zarm sɩ ʊ y, b'awɔɔ Zɩ k'a nɩ arzana ʊ bɩ yɩ ŋ tʊrm! Awɔɔ n lɛ da ŋ nɩ gallɛm hɔka ra?","If you want to know me: whether I am in the east, or I am in the west, or I am in the north, it is God who knows where I am! Do you think I am a fool to tell you?",onesimus_CF2838B3_Dec 03 output,,18.530456244117016,54.34251341180961,3.069053708439898
"Some Pharisees and teachers of the Law of Moses said, “Teacher, we want you to show us a sign from heaven.”","Naa kur bɩ, wosocikarɩnsaambɔɔ kan farizɛɛnrɔ kɩ a sɩŋŋɩda ba, ŋn'a hɩ Yeezuu m, ŋ ʊ: «Karɩnsaamba, wɔɔ lɛ taa k'ɩ hoser ba k'ʊ a yɩ.»","If you have not repented, you will all likewise perish, unless you believe in Jesus, for He said: ""Repent, for the kingdom of heaven is at hand.""",onesimus_CF2838B3_Dec 03 output,,21.752139760590193,54.34251341180961,3.069053708439898
Servants are fortunate if their master comes and finds them doing their job.,"Zibəənyɩ bɩ do nyɩntam mimbirenyɩntazaa, k'a lɛɛzaa b'a wusigə an bʊr har ʊ, an b'a ku an nɩ zibəə k'a ka ʊ bɩ barɛ.","If you are not careful with your words, it can lead to trouble, and if you are not careful with your actions, it can lead to even greater trouble.",onesimus_CF2838B3_Dec 03 output,,17.467993043281222,54.34251341180961,3.069053708439898
"Others said, “Wait! Let's see if Elijah will come and save him.”","Bɩ, a muno wɔɔ y'a hɩrɛ, ŋ ʊ: «Jɩm cɩna, k'ʊ dɩga a Elii zɛm b'a bʊmbɔ gɛ?»","Hey, when you were at the farm, did you ask: ""Friend, why did Elii's child come to disturb us?""",onesimus_CF2838B3_Dec 03 output,,17.72780254059968,54.34251341180961,3.069053708439898
"When Herod found out that the wise men from the east had tricked him, he was very angry. He gave orders for his men to kill all the boys who lived in or near Bethlehem and were two years old and younger. This was based on what he had learned from the wise men.","Hɩrɔɔdɩ k'a b'a dɔ a ʊ, hɔdonno wɔɔ a yamba a m bɩ, a wuti nɔmaa gandaara m. A n gʊɔɔ nyɔɔ Betelehɛm ʊ kan kʊrɔ vantɔɔ k'a a so ŋ ʊ rɔ wɔɔ kɩ ʊ, kʊ ŋ n'aa nyɩnɔ poorero yaarɔ kʊ ŋ dɔɔraa hɩɩya gɛɛ ŋ n a ku rɔ wɔɔ zɩnzɛ. Amba hɔdonno wɔɔ a hɩ m, nyɩnta k'a ʊ, an laaka da k'a nyɩ bɩ yɩrɛ dɔmɩm dɔ bɩ ma.","Herod, when he saw that he had been deceived by the wise men, was very angry, and he sent and killed all the male children in Bethlehem and in all that region who were two years old or under, according to the time that he had ascertained from the wise men. Then was fulfilled what was spoken by the prophet Jeremiah: ""A voice was heard in Ramah, weeping and loud lamentation, Rachel weeping for her children; she refused to be comforted, because they are no more.""",john_BA3F5F9A_output (3),,43.7197704582998,54.34251341180961,3.069053708439898
Look at the birds in the sky! They don't plant or harvest. They don't even store grain in barns. Yet your Father in heaven takes care of them. Aren't you worth much more than birds?,"K'a dɩga bɛnnɔ ma: ŋ bɩr hɔ duure y, bɩ ŋ bɩr hɔ darɛ y, ŋ bɩr hɔ zarm sɩ ʊ y, b'awɔɔ Zɩ k'a nɩ arzana ʊ bɩ yɩ ŋ tʊrm! Awɔɔ n lɛ da ŋ nɩ gallɛm hɔka ra?","If you don't have a good heart: you can't do good, you can't do bad, you can't do anything, but God has given you a chance to repent! Do you want to waste that opportunity?",john_BA3F5F9A_output (3),,19.71451517706987,54.34251341180961,3.069053708439898
"Some Pharisees and teachers of the Law of Moses said, “Teacher, we want you to show us a sign from heaven.”","Naa kur bɩ, wosocikarɩnsaambɔɔ kan farizɛɛnrɔ kɩ a sɩŋŋɩda ba, ŋn'a hɩ Yeezuu m, ŋ ʊ: «Karɩnsaamba, wɔɔ lɛ taa k'ɩ hoser ba k'ʊ a yɩ.»","When he had finished speaking, a Pharisee invited him to eat with him; so he went in and took his place at the table. But the Pharisee was surprised when he saw that Jesus did not first wash before the meal.",john_BA3F5F9A_output (3),,23.666233240891273,54.34251341180961,3.069053708439898
Servants are fortunate if their master comes and finds them doing their job.,"Zibəənyɩ bɩ do nyɩntam mimbirenyɩntazaa, k'a lɛɛzaa b'a wusigə an bʊr har ʊ, an b'a ku an nɩ zibəə k'a ka ʊ bɩ barɛ.","The child who is always crying, if you leave him alone, he will cry until he gets tired and stops.",john_BA3F5F9A_output (3),,18.521862019072756,54.34251341180961,3.069053708439898
"Others said, “Wait! Let's see if Elijah will come and save him.”","Bɩ, a muno wɔɔ y'a hɩrɛ, ŋ ʊ: «Jɩm cɩna, k'ʊ dɩga a Elii zɛm b'a bʊmbɔ gɛ?»","Hey, when you were coming, did you see that Elii's child who was crying?",john_BA3F5F9A_output (3),,16.106430760761477,54.34251341180961,3.069053708439898
