ref,text,translated,source_zip_file,similarity_score,chrf_sentence,corpus_bleu,corpus_chrf
So God created humans to be like himself; he made men and women.,"Ɔmmɔ ɔsu Katɔti údie ukyuli na ɔ́lɛ-nwu na nwuna udu kenye. Údie-ma, na badi ɔnana ku uleku.",The man Katɔti went to the farm and found a dead animal in the bush. He went and called his children to the farm.,Dec 08 output,,20.866960601675448,6.924690678997744,4.789272030651341
"He was sorry that he had made them,",Na úduo Unwoti ka údie ukyuli ɔ́kya kalɔ lɛlɔ. Na nwuna kayi kénu ɔlɛ geen.,Unwoti went to the farm and saw that the groundnuts were ripe. He called his wife to come and harvest them.,Dec 08 output,,19.155105023983843,6.924690678997744,4.789272030651341
"I will give you a son, who will be called Ishmael, because I have heard your cry for help. And someday I will give you so many descendants that no one will be able to count them all.","Na ɔ́sɔ ɔ́su-nwu lɛnɔ ɔnini, “Ada kaƒɔ ɔƒaani, na adubo ɔnanabi bɔwɔ. Na adubo-nwu lɛnyi bɔsia anii Ismael. Ɔsika Unwoti únu ƒula kɔnyana kɔni na eewulo.","He said that when the child was born, “Ada gave birth to a daughter, and the child was named Nanabi. The child was taken to stay with Ismael. The Unwoti man came to take her away and she cried.”",Dec 08 output,,19.534452499555222,6.924690678997744,4.789272030651341
"Later, Leah had a daughter and named her Dinah.","Na uwi ɔdi kama ni, Lea úbawɔ ulekubi úte Yakob na ɔ́sia-nwu lɛnyi ɔnii Dina.","When he had finished speaking, Leah’s daughter Dinah, whom she had borne to Jacob, went out to visit the women of the region.",Dec 08 output,,33.13785385215679,6.924690678997744,4.789272030651341
"Jacob said, “I have seen God face to face, and I am still alive.” So he named the place Peniel.","Ɔmmɔ ɔsu ni, Yakob ɔ́sia mmɔ lɛnyi ɔnii Peniel, na ɔ́su ɔnini, “Lɛ́sia mɛni lɛnyi lɛni, ɔsika lɛ́nu Unwoti Katɔti anumi ku anumi na útayila-mi ngba.”","When morning came, Jacob named the place Peniel, and he said, “I have seen God face to face, yet my life has been preserved.”",Dec 08 output,,64.11014041466184,6.924690678997744,4.789272030651341
So God created humans to be like himself; he made men and women.,"Ɔmmɔ ɔsu Katɔti údie ukyuli na ɔ́lɛ-nwu na nwuna udu kenye. Údie-ma, na badi ɔnana ku uleku.","The woman Kɔti went to the farm to look for something to eat for her child. When she went, she met a leopard on the path.",onesimus_31223989_Dec 12 output,,17.94282339107632,6.924690678997744,4.789272030651341
"He was sorry that he had made them,",Na úduo Unwoti ka údie ukyuli ɔ́kya kalɔ lɛlɔ. Na nwuna kayi kénu ɔlɛ geen.,Unwoti went to the farm and found that the cassava had grown well. He was very happy.,onesimus_31223989_Dec 12 output,,25.959185548443774,6.924690678997744,4.789272030651341
"I will give you a son, who will be called Ishmael, because I have heard your cry for help. And someday I will give you so many descendants that no one will be able to count them all.","Na ɔ́sɔ ɔ́su-nwu lɛnɔ ɔnini, “Ada kaƒɔ ɔƒaani, na adubo ɔnanabi bɔwɔ. Na adubo-nwu lɛnyi bɔsia anii Ismael. Ɔsika Unwoti únu ƒula kɔnyana kɔni na eewulo.","He said that the woman told her child, ""Go to your father and tell the prophet to come. And tell the woman called Ismael to come too. The chief's messenger is coming to call them to the meeting place.",onesimus_31223989_Dec 12 output,,24.167962387071302,6.924690678997744,4.789272030651341
"Later, Leah had a daughter and named her Dinah.","Na uwi ɔdi kama ni, Lea úbawɔ ulekubi úte Yakob na ɔ́sia-nwu lɛnyi ɔnii Dina.","When her son was born, Leah said, “The Lord has given me my reward,” and she named him Dan.",onesimus_31223989_Dec 12 output,,25.286637301372515,6.924690678997744,4.789272030651341
"Jacob said, “I have seen God face to face, and I am still alive.” So he named the place Peniel.","Ɔmmɔ ɔsu ni, Yakob ɔ́sia mmɔ lɛnyi ɔnii Peniel, na ɔ́su ɔnini, “Lɛ́sia mɛni lɛnyi lɛni, ɔsika lɛ́nu Unwoti Katɔti anumi ku anumi na útayila-mi ngba.”","When day broke, Jacob named the place Peniel, and he said, “I have seen God face to face, yet my life has been preserved.”",onesimus_31223989_Dec 12 output,,64.18457322509003,6.924690678997744,4.789272030651341
So God created humans to be like himself; he made men and women.,"Ɔmmɔ ɔsu Katɔti údie ukyuli na ɔ́lɛ-nwu na nwuna udu kenye. Údie-ma, na badi ɔnana ku uleku.","The woman Kati's child went to the farm and did not die, she gave birth to a girl. The child is there, and her mother is at home.",john_AC86BE0F_output (5),,18.121644664898547,6.924690678997744,4.789272030651341
"He was sorry that he had made them,",Na úduo Unwoti ka údie ukyuli ɔ́kya kalɔ lɛlɔ. Na nwuna kayi kénu ɔlɛ geen.,Unwoti went to the farm and found that the cassava had grown well. He was very happy.,john_AC86BE0F_output (5),,25.959185548443774,6.924690678997744,4.789272030651341
"I will give you a son, who will be called Ishmael, because I have heard your cry for help. And someday I will give you so many descendants that no one will be able to count them all.","Na ɔ́sɔ ɔ́su-nwu lɛnɔ ɔnini, “Ada kaƒɔ ɔƒaani, na adubo ɔnanabi bɔwɔ. Na adubo-nwu lɛnyi bɔsia anii Ismael. Ɔsika Unwoti únu ƒula kɔnyana kɔni na eewulo.","When the child was born, the mother said, “Let me name him, and the father agreed. The father named the child Ismael. The child grew up and became a strong man.",john_AC86BE0F_output (5),,17.54341814010838,6.924690678997744,4.789272030651341
"Later, Leah had a daughter and named her Dinah.","Na uwi ɔdi kama ni, Lea úbawɔ ulekubi úte Yakob na ɔ́sia-nwu lɛnyi ɔnii Dina.","When her son was born, Leah said, “Now my husband will honor me, for I have borne him six sons.”",john_AC86BE0F_output (5),,17.051825295168094,6.924690678997744,4.789272030651341
"Jacob said, “I have seen God face to face, and I am still alive.” So he named the place Peniel.","Ɔmmɔ ɔsu ni, Yakob ɔ́sia mmɔ lɛnyi ɔnii Peniel, na ɔ́su ɔnini, “Lɛ́sia mɛni lɛnyi lɛni, ɔsika lɛ́nu Unwoti Katɔti anumi ku anumi na útayila-mi ngba.”","When day broke, Jacob named the place Peniel, and he said, “I have seen God face to face, yet my life has been spared.”",john_AC86BE0F_output (5),,64.26030106671395,6.924690678997744,4.789272030651341
So God created humans to be like himself; he made men and women.,"Ɔmmɔ ɔsu Katɔti údie ukyuli na ɔ́lɛ-nwu na nwuna udu kenye. Údie-ma, na badi ɔnana ku uleku.",The woman Kɔti went to the farm and found a child lying there. She took it and came home with it.,output_JA-4,,19.131976704905703,6.924690678997744,4.789272030651341
"He was sorry that he had made them,",Na úduo Unwoti ka údie ukyuli ɔ́kya kalɔ lɛlɔ. Na nwuna kayi kénu ɔlɛ geen.,Unwoti went to the farm and found that the cassava had spoiled. He returned home with nothing.,output_JA-4,,21.416117138989136,6.924690678997744,4.789272030651341
"I will give you a son, who will be called Ishmael, because I have heard your cry for help. And someday I will give you so many descendants that no one will be able to count them all.","Na ɔ́sɔ ɔ́su-nwu lɛnɔ ɔnini, “Ada kaƒɔ ɔƒaani, na adubo ɔnanabi bɔwɔ. Na adubo-nwu lɛnyi bɔsia anii Ismael. Ɔsika Unwoti únu ƒula kɔnyana kɔni na eewulo.","When the child was born, the mother said, “Let me name him, and the father agreed. The father named him after his friend Ismael. The child grew up and became a strong man.",output_JA-4,,17.557380309239925,6.924690678997744,4.789272030651341
"Later, Leah had a daughter and named her Dinah.","Na uwi ɔdi kama ni, Lea úbawɔ ulekubi úte Yakob na ɔ́sia-nwu lɛnyi ɔnii Dina.","When her son was born, Leah said, “The Lord has given me my reward,” and she named him Dan.",output_JA-4,,25.286637301372515,6.924690678997744,4.789272030651341
"Jacob said, “I have seen God face to face, and I am still alive.” So he named the place Peniel.","Ɔmmɔ ɔsu ni, Yakob ɔ́sia mmɔ lɛnyi ɔnii Peniel, na ɔ́su ɔnini, “Lɛ́sia mɛni lɛnyi lɛni, ɔsika lɛ́nu Unwoti Katɔti anumi ku anumi na útayila-mi ngba.”","Then Jacob called the place Peniel, saying, “It is because I saw God face to face, and yet my life was spared.”",output_JA-4,,49.19070178691254,6.924690678997744,4.789272030651341
"the Amorites, the Canaanites, the Girgashites, and the Jebusites.",ku Amoriƒuɔ ku Kanaanƒuɔ ku Girgasiƒuɔ ku Yebusiƒuɔ kɔlɔ ƒui na líti muute-ma.”,"the Amorites, the Canaanites, the Girgashites, the Jebusites, and all the other peoples",output-onesimus_004,0.91666454,87.6835752696315,6.924690678997744,4.789272030651341
"Shechem was the most respected person in his family, and he was so in love with Dinah that he hurried off to get everything done.","Sekem ɔmɛni aani ubi unengudi kalɛ ni, útebile uwi ɔdi munu munu. Mmomu úsie utábla kalɛ kani na béte-ma kasusu, ɔsika ɔɔyɔ́ Yakob ubidi Dina geen.","When Jacob’s daughter went to visit the women of the land, she met a man who was very handsome. Later, the man took her and lay with her and defiled her, and that man was called Shechem the son of Hamor the Hivite.",output-onesimus_004,0.46246728,26.213810553736362,6.924690678997744,4.789272030651341
"Isaac was old and almost blind, when he called in his first-born son Esau, who asked him, “Father, what can I do for you?”","Na uwi ɔmmɔ kemmo ni, Isak ɔ́ɔbi geen na nwuna anumi muedi asɔ alákana bɔnu. Na ɔ́lɔ ubidi unengudi ɔnii, “Ubi Esau.” Na ubidi lɛnɔ ɔ́tuna ɔnini, “Ati, aanu-mi mɛni.”","When the boys grew up, Isaac loved Esau because he had a taste for game, but Rebekah loved Jacob. Once when Jacob was cooking some stew, Esau came in from the open country, famished.",output-onesimus_004,0.58250284,21.052172429080514,6.924690678997744,4.789272030651341
That's how Lot's two daughters had children.,"Ɔmmɔ kama ni, Lot bebi belekubi inyɔ bammɔ ƒui bábada kaƒɔ béte bana ɔti.","When the time came, Lot's wife looked back and she became a pillar of salt.",output-onesimus_004,0.47459686,16.655783870222372,6.924690678997744,4.789272030651341
"After speaking with Abraham, the Lord left, and Abraham went back home.","Uwi ɔni na Unwoti ɔ́su Abraham ɔmɛni ɔ́wɔlɔ ni, ɔ́tɔlɔ. Na Abraham únwini úsie kaduli.","God told Abraham to leave his country, and he left. So Abraham became a foreigner in a strange land.",output-onesimus_004,0.6219516,30.62361730545326,6.924690678997744,4.789272030651341
So God created humans to be like himself; he made men and women.,"Ɔmmɔ ɔsu Katɔti údie ukyuli na ɔ́lɛ-nwu na nwuna udu kenye. Údie-ma, na badi ɔnana ku uleku.","The woman Kɔti went to the farm to look for something to eat for her children. When she went, she met a leopard on the path.",onesimus_7C821E01_Dec 01 output,,18.59873829832677,6.924690678997744,4.789272030651341
"He was sorry that he had made them,",Na úduo Unwoti ka údie ukyuli ɔ́kya kalɔ lɛlɔ. Na nwuna kayi kénu ɔlɛ geen.,Unwoti went to the farm and saw that the groundnuts were ripe. He took a basket and went to harvest them.,onesimus_7C821E01_Dec 01 output,,19.786870133218795,6.924690678997744,4.789272030651341
"I will give you a son, who will be called Ishmael, because I have heard your cry for help. And someday I will give you so many descendants that no one will be able to count them all.","Na ɔ́sɔ ɔ́su-nwu lɛnɔ ɔnini, “Ada kaƒɔ ɔƒaani, na adubo ɔnanabi bɔwɔ. Na adubo-nwu lɛnyi bɔsia anii Ismael. Ɔsika Unwoti únu ƒula kɔnyana kɔni na eewulo.","He said that when the child was born, “Ada went to the farm, and the child was left with the prophet. And the child was named Ismael. The Lord God will bless him and he will grow up.”",onesimus_7C821E01_Dec 01 output,,22.72067704798759,6.924690678997744,4.789272030651341
"Later, Leah had a daughter and named her Dinah.","Na uwi ɔdi kama ni, Lea úbawɔ ulekubi úte Yakob na ɔ́sia-nwu lɛnyi ɔnii Dina.","When he had finished speaking, Leah’s daughter Dinah went out to see the daughters of the land.",onesimus_7C821E01_Dec 01 output,,37.020991397581874,6.924690678997744,4.789272030651341
"Jacob said, “I have seen God face to face, and I am still alive.” So he named the place Peniel.","Ɔmmɔ ɔsu ni, Yakob ɔ́sia mmɔ lɛnyi ɔnii Peniel, na ɔ́su ɔnini, “Lɛ́sia mɛni lɛnyi lɛni, ɔsika lɛ́nu Unwoti Katɔti anumi ku anumi na útayila-mi ngba.”","When day broke, Jacob named the place Peniel, and he said, “I have seen God face to face, yet my life has been spared.”",onesimus_7C821E01_Dec 01 output,,64.26030106671395,6.924690678997744,4.789272030651341
and the muscle on his hip joint had been injured. That's why even today the people of Israel don't eat the hip muscle of any animal.,"Ɔmmɔ ɔsu ni, Israel kadi bekyuli balákun bebuo kasɔma likubi lɛna kpɛtɛ kpɛtɛ lɛni mma-nwu lɛlɔ mmɔ. Ɔsika mmɔ geen nékpeli Yakob mmɔ.","When that time came, the Israelites became very numerous in the land of Egypt, more than the local people. A new king who did not know Joseph arose.",output_jonathan,0.30532062,25.836361012612088,6.924690678997744,4.789272030651341
"When he told his father about this dream, his father became angry and said, “What's that supposed to mean? Are your mother and I and your brothers all going to come and bow down to you?”","Ka útásu ɔti lɛnɔ kɔna kɔni na úgye na nwuna banwani anumi ni, ɔti ɔ́dɔnku-nwu na ɔ́su-nwu ɔnini, “Bi kɔna na égye mɛni. Litemi geen na lɛdi mɛni ka ƒ'ini ku ƒula banwani ku ami ɔlati bɔdubo lili kalɔ bɔkya bute-ɔ?”","When the man saw that the woman was pregnant and her stomach had grown big, he said to her, “Woman, you are pregnant. Is it because of me that your stomach has grown like this, or is it someone else who has done this to you?”",output_jonathan,0.32716876,27.983961223302355,6.924690678997744,4.789272030651341
"The Lord said to himself, “I should tell Abraham what I am going to do,","Mmɔ ni, Unwoti úye lɛlɔ ɔnini, “Ɔdia si líti lɛla lɛni na nnii mɔɔbla lɛ́bala Abraham?","Now, Unwoti asked this question, “Who is this that will inherit what belongs to Abraham?”",output_jonathan,0.6212015,22.889789363375606,6.924690678997744,4.789272030651341
Abraham was worried about Ishmael.,"Litemi lɛmɛni lɛ́kpulu Abraham kayi, ɔsika lɛdanku ubidi.",The name of Abraham's first son was Ishmael.,output_jonathan,0.6459842,40.993252488269654,6.924690678997744,4.789272030651341
"Who would have dared to tell Abraham that someday I would have a child? But in his old age, I have given him a son.”","Na ɔ́sɔ ɔ́su ɔnini, “Ɔma ndubɔkana na nka ɔsu Abraham ɔnini, ami Sara lɛnɔ ndubute ubi lɛnyi na ɔnyimi. Nsu ina ka Abraham ɔ́ɔbi ni, lɛ́wɔ lite-nwu na nwuna linengu uwi.” Abraham Ɔ́nyonu Hagar Ku Ubidi Ismael","When Sarah saw that she had no children, she said to Abraham, “Go to my maid Hagar and have a child with her, so that I may have children through her.” Abraham listened to Sarah, and took Hagar as his wife. Abraham and Hagar had a child named Ishmael.",output_jonathan,0.5518817,28.75966761318209,6.924690678997744,4.789272030651341
So God created humans to be like himself; he made men and women.,"Ɔmmɔ ɔsu Katɔti údie ukyuli na ɔ́lɛ-nwu na nwuna udu kenye. Údie-ma, na badi ɔnana ku uleku.","The woman Kɔti went to the farm and found a child lying there. When she went, she brought the child home.",output_JA-2,,18.890616459425296,6.924690678997744,4.789272030651341
"He was sorry that he had made them,",Na úduo Unwoti ka údie ukyuli ɔ́kya kalɔ lɛlɔ. Na nwuna kayi kénu ɔlɛ geen.,Unwoti went to the farm and found that the cassava had grown well. He was very happy about it.,output_JA-2,,24.969045154229022,6.924690678997744,4.789272030651341
"I will give you a son, who will be called Ishmael, because I have heard your cry for help. And someday I will give you so many descendants that no one will be able to count them all.","Na ɔ́sɔ ɔ́su-nwu lɛnɔ ɔnini, “Ada kaƒɔ ɔƒaani, na adubo ɔnanabi bɔwɔ. Na adubo-nwu lɛnyi bɔsia anii Ismael. Ɔsika Unwoti únu ƒula kɔnyana kɔni na eewulo.","When the child was born, the mother said, “Let me name him, and the father agreed. The father named the child Ismael. The child grew up and became a strong man.",output_JA-2,,17.54341814010838,6.924690678997744,4.789272030651341
"Later, Leah had a daughter and named her Dinah.","Na uwi ɔdi kama ni, Lea úbawɔ ulekubi úte Yakob na ɔ́sia-nwu lɛnyi ɔnii Dina.","And when she went out, Leah went to meet Jacob and told him about Dinah.",output_JA-2,,24.35642499632182,6.924690678997744,4.789272030651341
"Jacob said, “I have seen God face to face, and I am still alive.” So he named the place Peniel.","Ɔmmɔ ɔsu ni, Yakob ɔ́sia mmɔ lɛnyi ɔnii Peniel, na ɔ́su ɔnini, “Lɛ́sia mɛni lɛnyi lɛni, ɔsika lɛ́nu Unwoti Katɔti anumi ku anumi na útayila-mi ngba.”","When the sun rose, Jacob named the place Peniel, and he said, “I have seen God face to face, yet my life has been preserved.”",output_JA-2,,63.65298115678372,6.924690678997744,4.789272030651341
So God created humans to be like himself; he made men and women.,"Ɔmmɔ ɔsu Katɔti údie ukyuli na ɔ́lɛ-nwu na nwuna udu kenye. Údie-ma, na badi ɔnana ku uleku.","The woman Kɔti went to the farm and found a child lying there. When she went, she took the child and came home.",gerhardt_8019BE0D_output_WsImHC,,19.485953927825996,6.924690678997744,4.789272030651341
"He was sorry that he had made them,",Na úduo Unwoti ka údie ukyuli ɔ́kya kalɔ lɛlɔ. Na nwuna kayi kénu ɔlɛ geen.,Unwoti went to the farm and found that the cassava had grown well. He was very happy.,gerhardt_8019BE0D_output_WsImHC,,25.959185548443774,6.924690678997744,4.789272030651341
"I will give you a son, who will be called Ishmael, because I have heard your cry for help. And someday I will give you so many descendants that no one will be able to count them all.","Na ɔ́sɔ ɔ́su-nwu lɛnɔ ɔnini, “Ada kaƒɔ ɔƒaani, na adubo ɔnanabi bɔwɔ. Na adubo-nwu lɛnyi bɔsia anii Ismael. Ɔsika Unwoti únu ƒula kɔnyana kɔni na eewulo.","The man said to the woman, “Go and bring the child, and the woman went and brought the boy. And the woman took the boy and gave him to Ishmael. The man took water and poured it on his hands and washed them.",gerhardt_8019BE0D_output_WsImHC,,21.38381081177473,6.924690678997744,4.789272030651341
"Later, Leah had a daughter and named her Dinah.","Na uwi ɔdi kama ni, Lea úbawɔ ulekubi úte Yakob na ɔ́sia-nwu lɛnyi ɔnii Dina.","When he had finished speaking, Leah's daughter Dinah, whom she had borne to Jacob, went out to visit the women of the region.",gerhardt_8019BE0D_output_WsImHC,,33.13785385215679,6.924690678997744,4.789272030651341
"Jacob said, “I have seen God face to face, and I am still alive.” So he named the place Peniel.","Ɔmmɔ ɔsu ni, Yakob ɔ́sia mmɔ lɛnyi ɔnii Peniel, na ɔ́su ɔnini, “Lɛ́sia mɛni lɛnyi lɛni, ɔsika lɛ́nu Unwoti Katɔti anumi ku anumi na útayila-mi ngba.”","The sun rose as Jacob left that place called Peniel, and the sun was shining, “I have seen God face to face, yet my life has been spared.”",gerhardt_8019BE0D_output_WsImHC,,48.253074660271494,6.924690678997744,4.789272030651341
So God created humans to be like himself; he made men and women.,"Ɔmmɔ ɔsu Katɔti údie ukyuli na ɔ́lɛ-nwu na nwuna udu kenye. Údie-ma, na badi ɔnana ku uleku.",The woman Kɔti went to the farm and found a child lying there. She took it and came back home.,Dec 02 output,,19.262800742918408,6.924690678997744,4.789272030651341
"He was sorry that he had made them,",Na úduo Unwoti ka údie ukyuli ɔ́kya kalɔ lɛlɔ. Na nwuna kayi kénu ɔlɛ geen.,The Unwoti people went to the farm to burn grass. They saw a very big elephant.,Dec 02 output,,16.280730927651817,6.924690678997744,4.789272030651341
"I will give you a son, who will be called Ishmael, because I have heard your cry for help. And someday I will give you so many descendants that no one will be able to count them all.","Na ɔ́sɔ ɔ́su-nwu lɛnɔ ɔnini, “Ada kaƒɔ ɔƒaani, na adubo ɔnanabi bɔwɔ. Na adubo-nwu lɛnyi bɔsia anii Ismael. Ɔsika Unwoti únu ƒula kɔnyana kɔni na eewulo.","When the man got up, he said, “Ada has given birth to a son, and she has named him Ishmael. The child’s mother has named him Ishmael. The Lord has heard about your suffering and has answered you.",Dec 02 output,,23.735104626917277,6.924690678997744,4.789272030651341
"Later, Leah had a daughter and named her Dinah.","Na uwi ɔdi kama ni, Lea úbawɔ ulekubi úte Yakob na ɔ́sia-nwu lɛnyi ɔnii Dina.","When he had finished speaking, Leah's daughter Dinah, whom she had borne to Jacob, went out to visit the women of the region.",Dec 02 output,,33.13785385215679,6.924690678997744,4.789272030651341
"Jacob said, “I have seen God face to face, and I am still alive.” So he named the place Peniel.","Ɔmmɔ ɔsu ni, Yakob ɔ́sia mmɔ lɛnyi ɔnii Peniel, na ɔ́su ɔnini, “Lɛ́sia mɛni lɛnyi lɛni, ɔsika lɛ́nu Unwoti Katɔti anumi ku anumi na útayila-mi ngba.”","When day broke, Jacob named the place Peniel, and he said, “I have seen God face to face, yet my life has been spared.”",Dec 02 output,,64.26030106671395,6.924690678997744,4.789272030651341
So God created humans to be like himself; he made men and women.,"Ɔmmɔ ɔsu Katɔti údie ukyuli na ɔ́lɛ-nwu na nwuna udu kenye. Údie-ma, na badi ɔnana ku uleku.",The woman Kɔti went to the farm and found a child lying there. She took it and came back home.,john_567A83BD_output (1),,19.262800742918408,6.924690678997744,4.789272030651341
"He was sorry that he had made them,",Na úduo Unwoti ka údie ukyuli ɔ́kya kalɔ lɛlɔ. Na nwuna kayi kénu ɔlɛ geen.,Unwoti went to the farm and found that the beans had spoiled. He took them and threw them into the bush.,john_567A83BD_output (1),,20.774004781783574,6.924690678997744,4.789272030651341
"I will give you a son, who will be called Ishmael, because I have heard your cry for help. And someday I will give you so many descendants that no one will be able to count them all.","Na ɔ́sɔ ɔ́su-nwu lɛnɔ ɔnini, “Ada kaƒɔ ɔƒaani, na adubo ɔnanabi bɔwɔ. Na adubo-nwu lɛnyi bɔsia anii Ismael. Ɔsika Unwoti únu ƒula kɔnyana kɔni na eewulo.","He said that when the child was born, “Ada named him, and the diviner said he would become a prophet. And the child was called Ismael. The Lord God will bless him and make him great.",john_567A83BD_output (1),,24.550814003774985,6.924690678997744,4.789272030651341
"Later, Leah had a daughter and named her Dinah.","Na uwi ɔdi kama ni, Lea úbawɔ ulekubi úte Yakob na ɔ́sia-nwu lɛnyi ɔnii Dina.","When her son was born, Leah said, “Now my husband will honor me, for I have given him six sons.”",john_567A83BD_output (1),,17.40948495306462,6.924690678997744,4.789272030651341
"Jacob said, “I have seen God face to face, and I am still alive.” So he named the place Peniel.","Ɔmmɔ ɔsu ni, Yakob ɔ́sia mmɔ lɛnyi ɔnii Peniel, na ɔ́su ɔnini, “Lɛ́sia mɛni lɛnyi lɛni, ɔsika lɛ́nu Unwoti Katɔti anumi ku anumi na útayila-mi ngba.”","When the sun rose, Jacob went on his way from Peniel, and the sun rose upon him, and he said, “I have seen God face to face, yet my life has been preserved.”",john_567A83BD_output (1),,48.10117163963183,6.924690678997744,4.789272030651341
Potiphar's wife kept Joseph's coat until her husband came home.,Uleku ɔmɛni ɔ́da awu ɔmmɔ ɔ́va nwuna ɔƒɛnyi útédu ka ɔgyani úbo kaduli.,"The child who is not afraid of death does not run away from the battlefield, but stands firm like a baobab tree.",output_mich001,0.051365457,16.078312732644704,6.924690678997744,4.789272030651341
to kill a wild animal and cook some tasty food for him before he dies. Your father said this because he wants to bless your brother with the Lord as his witness.,"‘Sie na atáwia lɛku kemmo ebuo ɔdi eboku-mi, na lite-ɔ mina kusɛ kusɛ na Katɔti anumi asa na mekpi.’","They say that when the child goes to the farm with his mother, he should walk slowly slowly behind Katɔti and not run.",output_mich001,0.33439916,18.480680201697606,6.924690678997744,4.789272030651341
But you have promised that I would be a success and that someday it will be as hard to count my descendants as it is to count the grains of sand along the seashore.,"Nsu awɔ násu-mi anini, ‘Ndubɔnu ka enu ku akɔkɔ éyi-ɔ. Na ndubɔya na ƒula bebi ku bawɔ bemomo aani ɛpu kɔnwinimi. Na ukyuli ɔdi ulakana-ma bɔka.’ ”","The man said to his wife, ‘The hen has died in the house. And the children have taken the chick and played with it until it died. And the cat has eaten the chick.’",output_mich001,0.18158892,19.701642687996046,6.924690678997744,4.789272030651341
"Meanwhile, the Midianites had sold Joseph in Egypt to a man named Potiphar, who was the king's official in charge of the palace guard.","Na uwi ɔni kemmo na Yakob ɔɔbla ɔmɛni ƒui ni, Midianƒuɔ bamɛni béeti Yoseƒ béye bete Egyipteni ɔni baalɔ Potiƒar na ɔdi Ɔga Ƒarao benengu akɔ unwi ɔni mɔɔnu bekyuli bani mɔɔgyumana ɔga unengudi lɛlɔ.","Now Joseph was taken down to Egypt, and Potiphar, an officer of Pharaoh, the captain of the guard, an Egyptian, bought him from the Ishmaelites who had taken him down there.",output_mich001,0.7928375,35.01236856489681,6.924690678997744,4.789272030651341
"Laban said, “You are my nephew, and you are like one of my own family.” Jacob Marries Leah and Rachel After Jacob had been there for a month,","Amu Laban ɔ́su-nwu ɔnini, “Ami ɔlati ubugya ku ɔtɔ kemmo ubi geen na adi.” Yakob Úti Lea Ku Rahel Uwi ɔni na Yakob ɔ́ɔkya Laban kudɔ aani kɔbuli kunwi ni,","Amu Laban’s brother-in-law said, “I have served you for fourteen years for your two daughters.” Jacob loved Leah and Rachel, and Jacob worked for Laban for another six years.",output_mich001,0.73693514,34.98770329856835,6.924690678997744,4.789272030651341
So God created humans to be like himself; he made men and women.,"Ɔmmɔ ɔsu Katɔti údie ukyuli na ɔ́lɛ-nwu na nwuna udu kenye. Údie-ma, na badi ɔnana ku uleku.",The woman Kɔti went to the farm and found a child lying there. She took him and brought him home.,john_AA1B9A68_output (9),,19.064828440583028,6.924690678997744,4.789272030651341
"He was sorry that he had made them,",Na úduo Unwoti ka údie ukyuli ɔ́kya kalɔ lɛlɔ. Na nwuna kayi kénu ɔlɛ geen.,Unwoti went to the farm and saw that the groundnuts were ripe. He took a basket and went to harvest them.,john_AA1B9A68_output (9),,19.786870133218795,6.924690678997744,4.789272030651341
"I will give you a son, who will be called Ishmael, because I have heard your cry for help. And someday I will give you so many descendants that no one will be able to count them all.","Na ɔ́sɔ ɔ́su-nwu lɛnɔ ɔnini, “Ada kaƒɔ ɔƒaani, na adubo ɔnanabi bɔwɔ. Na adubo-nwu lɛnyi bɔsia anii Ismael. Ɔsika Unwoti únu ƒula kɔnyana kɔni na eewulo.","When the child was born, the woman said, “Let us name him, for the prophet has come. Let us call him a name like Ishmael. The Lord has heard my affliction and has shown mercy.”",john_AA1B9A68_output (9),,21.807005276030324,6.924690678997744,4.789272030651341
"Later, Leah had a daughter and named her Dinah.","Na uwi ɔdi kama ni, Lea úbawɔ ulekubi úte Yakob na ɔ́sia-nwu lɛnyi ɔnii Dina.","When her son was born, Leah said, “The Lord has given me my reward,” and she named him Dan.",john_AA1B9A68_output (9),,25.286637301372515,6.924690678997744,4.789272030651341
"Jacob said, “I have seen God face to face, and I am still alive.” So he named the place Peniel.","Ɔmmɔ ɔsu ni, Yakob ɔ́sia mmɔ lɛnyi ɔnii Peniel, na ɔ́su ɔnini, “Lɛ́sia mɛni lɛnyi lɛni, ɔsika lɛ́nu Unwoti Katɔti anumi ku anumi na útayila-mi ngba.”","When day broke, Jacob named the place Peniel, and he said, “I have seen God face to face, yet my life has been spared.”",john_AA1B9A68_output (9),,64.26030106671395,6.924690678997744,4.789272030651341
So God created humans to be like himself; he made men and women.,"Ɔmmɔ ɔsu Katɔti údie ukyuli na ɔ́lɛ-nwu na nwuna udu kenye. Údie-ma, na badi ɔnana ku uleku.",The woman Kɔti went to the farm and found a child lying there. She took him and brought him home.,Dec 07 output,,19.064828440583028,6.924690678997744,4.789272030651341
"He was sorry that he had made them,",Na úduo Unwoti ka údie ukyuli ɔ́kya kalɔ lɛlɔ. Na nwuna kayi kénu ɔlɛ geen.,The Unwoti people went to the farm to harvest cassava. They found that the cassava was very good.,Dec 07 output,,19.86386524700289,6.924690678997744,4.789272030651341
"I will give you a son, who will be called Ishmael, because I have heard your cry for help. And someday I will give you so many descendants that no one will be able to count them all.","Na ɔ́sɔ ɔ́su-nwu lɛnɔ ɔnini, “Ada kaƒɔ ɔƒaani, na adubo ɔnanabi bɔwɔ. Na adubo-nwu lɛnyi bɔsia anii Ismael. Ɔsika Unwoti únu ƒula kɔnyana kɔni na eewulo.","When the child was born, the mother said, “Let me name him, for I have given birth to a prophet. I will call him Ismael. The Lord has truly heard my affliction and has come to me.”",Dec 07 output,,22.205070904057557,6.924690678997744,4.789272030651341
"Later, Leah had a daughter and named her Dinah.","Na uwi ɔdi kama ni, Lea úbawɔ ulekubi úte Yakob na ɔ́sia-nwu lɛnyi ɔnii Dina.","When her time came, Leah gave birth to her sixth son and named him Dinah.",Dec 07 output,,37.41837423355784,6.924690678997744,4.789272030651341
"Jacob said, “I have seen God face to face, and I am still alive.” So he named the place Peniel.","Ɔmmɔ ɔsu ni, Yakob ɔ́sia mmɔ lɛnyi ɔnii Peniel, na ɔ́su ɔnini, “Lɛ́sia mɛni lɛnyi lɛni, ɔsika lɛ́nu Unwoti Katɔti anumi ku anumi na útayila-mi ngba.”","The sun rose, and Jacob called the place Peniel, and the sun rose, and he said, “I have seen God face to face, and my life has been spared.”",Dec 07 output,,60.89517976836739,6.924690678997744,4.789272030651341
So God created humans to be like himself; he made men and women.,"Ɔmmɔ ɔsu Katɔti údie ukyuli na ɔ́lɛ-nwu na nwuna udu kenye. Údie-ma, na badi ɔnana ku uleku.",The man Kɔtɔti went to the farm and found a dead animal there. He came back and told his children.,Dec 10 output,,21.082744548845454,6.924690678997744,4.789272030651341
"He was sorry that he had made them,",Na úduo Unwoti ka údie ukyuli ɔ́kya kalɔ lɛlɔ. Na nwuna kayi kénu ɔlɛ geen.,The Unwoti people came and settled in this land. They found the land was good.,Dec 10 output,,15.306034661027054,6.924690678997744,4.789272030651341
"I will give you a son, who will be called Ishmael, because I have heard your cry for help. And someday I will give you so many descendants that no one will be able to count them all.","Na ɔ́sɔ ɔ́su-nwu lɛnɔ ɔnini, “Ada kaƒɔ ɔƒaani, na adubo ɔnanabi bɔwɔ. Na adubo-nwu lɛnyi bɔsia anii Ismael. Ɔsika Unwoti únu ƒula kɔnyana kɔni na eewulo.","When the man got up, he said, “Ada has given birth to a son, and the child’s name is Nanabi. The child has been named after his uncle Ismael. The man Unwoti will come and see him tomorrow.”",Dec 10 output,,22.52324088599995,6.924690678997744,4.789272030651341
"Later, Leah had a daughter and named her Dinah.","Na uwi ɔdi kama ni, Lea úbawɔ ulekubi úte Yakob na ɔ́sia-nwu lɛnyi ɔnii Dina.","When her time came, Leah gave birth to her daughter Dinah.",Dec 10 output,,41.33945462081852,6.924690678997744,4.789272030651341
"Jacob said, “I have seen God face to face, and I am still alive.” So he named the place Peniel.","Ɔmmɔ ɔsu ni, Yakob ɔ́sia mmɔ lɛnyi ɔnii Peniel, na ɔ́su ɔnini, “Lɛ́sia mɛni lɛnyi lɛni, ɔsika lɛ́nu Unwoti Katɔti anumi ku anumi na útayila-mi ngba.”","When day broke, Jacob named the place Peniel, and he said, “I have seen God face to face, yet my life has been preserved.”",Dec 10 output,,64.18457322509003,6.924690678997744,4.789272030651341
"So Isaac named the well Shibah, and the town is still called Beersheba. Esau's Foreign Wives","Anwuɔsu Isak ɔ́sia libiɔ lɛmmɔ lɛnyi ɔnii Siba, ɔni kalɔ ndi Lilidia. Na úti úbedu ku ɔmwi ni, ɔma ɔmmɔ lɛnyi ndi Beer Seeba.","Isaac was forty years old when he took Rebekah, the daughter of Bethuel the Aramean from Paddan Aram, as his wife. And she became his wife, and he loved her.",output-onesimus_005,0.3360147,22.72614427041909,6.924690678997744,4.789272030651341
"While Abraham was still alive, he gave gifts to the sons of Hagar and Keturah. He also sent their sons to live in the east far from his son Isaac, and when Abraham died, he left everything to Isaac. The Death of Abraham","Nsu na nwuna ngba kemmo ni, úte nwuna bebi bani na beleku bamba báwɔ béte-nwu ƒui ɔdi biala nwuna kadikɔ na údie-ma ulu na úbu Isak lɛti pɛ.","When the child was born, the woman took the child and went to the farm and left the child under a tree and went to pick something, and she left Isaac there alone.",output-onesimus_005,0.40896913,22.287062018125255,6.924690678997744,4.789272030651341
He then kissed Rachel and started crying because he was so happy.,"Ka ɔ́wɔlɔ ni, ɔ́kya Rahel kɔgbu na úse kalɔ uuwulo momoomo.","When he arrived, he met Rahel who was still crying bitterly.",output-onesimus_005,0.32550955,24.28072952692859,6.924690678997744,4.789272030651341
"His father said, “Go and find out how your brothers and the sheep are doing. Then come back and let me know.” So he sent him from Hebron Valley. Joseph was near Shechem","Mmɔ na ɔ́su-nwu ɔnini, “Sie na atánu si ƒula banwani ku bebuo bammɔ ƒui bakya kaduɛ na lɛla lɛdi lítabla ɔdi. Na asɔ enwini ebo abasu-mi.” Amu na údie-nwu ulu ɔ́si Hebron Ɔkwalɛ mmɔ. Ka Yoseƒ údu Sekem mmɔ ni, ɔkya ɔɔka taamana alakpi akɔ mmɔ,","When the man came, he said, “The donkeys you went to look for have been found, and your father has stopped worrying about them. Now, let’s go to the table that is set there.” So the man went with him to Hebron. When Joseph arrived in Shechem, he wandered around the fields there.",output-onesimus_005,0.7781187,32.65216838944791,6.924690678997744,4.789272030651341
and they stopped up the wells that Abraham's servants had dug before his death.,"Na ɔmmɔ ɔsu ni, Ƒilistiƒuɔ béti lɛti béyile abiɔ ani na Abraham ɔ́ya na nwuna kabla bablane béku mmɔ ƒui uwi ɔni na úlie ngba.","When Abraham was old, the Philistines came and took the well that Abraham’s servants had dug, and they said it was theirs.",output-onesimus_005,0.66808414,49.9563915186579,6.924690678997744,4.789272030651341
So God created humans to be like himself; he made men and women.,"Ɔmmɔ ɔsu Katɔti údie ukyuli na ɔ́lɛ-nwu na nwuna udu kenye. Údie-ma, na badi ɔnana ku uleku.","The woman Kɔti went to the farm to look for something to eat for her children. When she went, she met a leopard on the path.",john_7781CD93_output (6),,18.59873829832677,6.924690678997744,4.789272030651341
"He was sorry that he had made them,",Na úduo Unwoti ka údie ukyuli ɔ́kya kalɔ lɛlɔ. Na nwuna kayi kénu ɔlɛ geen.,Unwoti went to the farm and saw that the groundnuts were ripe. He returned home and told his wife.,john_7781CD93_output (6),,18.044966433060683,6.924690678997744,4.789272030651341
"I will give you a son, who will be called Ishmael, because I have heard your cry for help. And someday I will give you so many descendants that no one will be able to count them all.","Na ɔ́sɔ ɔ́su-nwu lɛnɔ ɔnini, “Ada kaƒɔ ɔƒaani, na adubo ɔnanabi bɔwɔ. Na adubo-nwu lɛnyi bɔsia anii Ismael. Ɔsika Unwoti únu ƒula kɔnyana kɔni na eewulo.","When the man got up, he said, “Ada has given birth to a son, and the child is named Ishmael. The child grew up and became a strong man. He lived in the wilderness and became a hunter.",john_7781CD93_output (6),,25.06745793822503,6.924690678997744,4.789272030651341
"Later, Leah had a daughter and named her Dinah.","Na uwi ɔdi kama ni, Lea úbawɔ ulekubi úte Yakob na ɔ́sia-nwu lɛnyi ɔnii Dina.","When her son was born, Leah said, “The Lord has given me my reward,” and she named him Dan.",john_7781CD93_output (6),,25.286637301372515,6.924690678997744,4.789272030651341
"Jacob said, “I have seen God face to face, and I am still alive.” So he named the place Peniel.","Ɔmmɔ ɔsu ni, Yakob ɔ́sia mmɔ lɛnyi ɔnii Peniel, na ɔ́su ɔnini, “Lɛ́sia mɛni lɛnyi lɛni, ɔsika lɛ́nu Unwoti Katɔti anumi ku anumi na útayila-mi ngba.”","When day broke, Jacob named the place Peniel, and he said, “I have seen God face to face, yet my life has been spared.”",john_7781CD93_output (6),,64.26030106671395,6.924690678997744,4.789272030651341
So God created humans to be like himself; he made men and women.,"Ɔmmɔ ɔsu Katɔti údie ukyuli na ɔ́lɛ-nwu na nwuna udu kenye. Údie-ma, na badi ɔnana ku uleku.",The woman Katɔti went to the farm and found a dead animal in the bush. She came back and told her husband.,gerhardt_25FFCBF7_output_DdErIM,,20.327505163114946,6.924690678997744,4.789272030651341
"He was sorry that he had made them,",Na úduo Unwoti ka údie ukyuli ɔ́kya kalɔ lɛlɔ. Na nwuna kayi kénu ɔlɛ geen.,Unwoti went to the farm and met a lion there. The lion wanted to eat him.,gerhardt_25FFCBF7_output_DdErIM,,17.88815110660888,6.924690678997744,4.789272030651341
"I will give you a son, who will be called Ishmael, because I have heard your cry for help. And someday I will give you so many descendants that no one will be able to count them all.","Na ɔ́sɔ ɔ́su-nwu lɛnɔ ɔnini, “Ada kaƒɔ ɔƒaani, na adubo ɔnanabi bɔwɔ. Na adubo-nwu lɛnyi bɔsia anii Ismael. Ɔsika Unwoti únu ƒula kɔnyana kɔni na eewulo.","When the child was born, the mother said, “Let me name him, for I have given birth to a prophet.” She named the child and called him Ishmael. The Lord heard the cry of the boy where he was.",gerhardt_25FFCBF7_output_DdErIM,,23.513406172185842,6.924690678997744,4.789272030651341
"Later, Leah had a daughter and named her Dinah.","Na uwi ɔdi kama ni, Lea úbawɔ ulekubi úte Yakob na ɔ́sia-nwu lɛnyi ɔnii Dina.","When her child was born, Leah called him Judah; then she stopped having children.",gerhardt_25FFCBF7_output_DdErIM,,20.368530540027937,6.924690678997744,4.789272030651341
"Jacob said, “I have seen God face to face, and I am still alive.” So he named the place Peniel.","Ɔmmɔ ɔsu ni, Yakob ɔ́sia mmɔ lɛnyi ɔnii Peniel, na ɔ́su ɔnini, “Lɛ́sia mɛni lɛnyi lɛni, ɔsika lɛ́nu Unwoti Katɔti anumi ku anumi na útayila-mi ngba.”","That same night, Jacob got up and crossed the ford of the Jabbok, and he said, “I will not let you go unless you bless me.”",gerhardt_25FFCBF7_output_DdErIM,,26.029786412961187,6.924690678997744,4.789272030651341
So God created humans to be like himself; he made men and women.,"Ɔmmɔ ɔsu Katɔti údie ukyuli na ɔ́lɛ-nwu na nwuna udu kenye. Údie-ma, na badi ɔnana ku uleku.",The woman from Katɔti went to the farm and found a dead person lying there. She ran and came to tell the people.,output_mich003,,20.293183609184357,6.924690678997744,4.789272030651341
"He was sorry that he had made them,",Na úduo Unwoti ka údie ukyuli ɔ́kya kalɔ lɛlɔ. Na nwuna kayi kénu ɔlɛ geen.,Unwoti went to the farm and saw that the cassava was ready. He harvested some and brought it home.,output_mich003,,22.52689008364636,6.924690678997744,4.789272030651341
"I will give you a son, who will be called Ishmael, because I have heard your cry for help. And someday I will give you so many descendants that no one will be able to count them all.","Na ɔ́sɔ ɔ́su-nwu lɛnɔ ɔnini, “Ada kaƒɔ ɔƒaani, na adubo ɔnanabi bɔwɔ. Na adubo-nwu lɛnyi bɔsia anii Ismael. Ɔsika Unwoti únu ƒula kɔnyana kɔni na eewulo.","When the time came, the woman said, “Let me go and see, and let the prophet’s servant come.” So the servant of the woman went with her to see Ishmael. The chief Unwoti gave him a horse and he rode away.",output_mich003,,20.870925915698386,6.924690678997744,4.789272030651341
"Later, Leah had a daughter and named her Dinah.","Na uwi ɔdi kama ni, Lea úbawɔ ulekubi úte Yakob na ɔ́sia-nwu lɛnyi ɔnii Dina.","When that happened, Lea’s daughter Dina went out to see the women of the land.",output_mich003,,33.668102003750604,6.924690678997744,4.789272030651341
"Jacob said, “I have seen God face to face, and I am still alive.” So he named the place Peniel.","Ɔmmɔ ɔsu ni, Yakob ɔ́sia mmɔ lɛnyi ɔnii Peniel, na ɔ́su ɔnini, “Lɛ́sia mɛni lɛnyi lɛni, ɔsika lɛ́nu Unwoti Katɔti anumi ku anumi na útayila-mi ngba.”","When morning came, Jacob named the place Peniel, and he said, “I have seen God face to face, yet my life has been preserved.”",output_mich003,,64.11014041466184,6.924690678997744,4.789272030651341
So God created humans to be like himself; he made men and women.,"Ɔmmɔ ɔsu Katɔti údie ukyuli na ɔ́lɛ-nwu na nwuna udu kenye. Údie-ma, na badi ɔnana ku uleku.","The woman Kɔti went to the farm and met her co-wife there. On the farm, they fought with hoes.",output_JA-6,,16.233768723441045,6.924690678997744,4.789272030651341
"He was sorry that he had made them,",Na úduo Unwoti ka údie ukyuli ɔ́kya kalɔ lɛlɔ. Na nwuna kayi kénu ɔlɛ geen.,Unwoti went to the farm and found that the cassava was ready. He was very happy.,output_JA-6,,26.062006318893292,6.924690678997744,4.789272030651341
"I will give you a son, who will be called Ishmael, because I have heard your cry for help. And someday I will give you so many descendants that no one will be able to count them all.","Na ɔ́sɔ ɔ́su-nwu lɛnɔ ɔnini, “Ada kaƒɔ ɔƒaani, na adubo ɔnanabi bɔwɔ. Na adubo-nwu lɛnyi bɔsia anii Ismael. Ɔsika Unwoti únu ƒula kɔnyana kɔni na eewulo.","And the next day the child said, “Mother, I am going to the farm, and I will bring some fruit. And I will bring some for my friend Ismael. God will help me and I will return quickly.",output_JA-6,,23.69030260548298,6.924690678997744,4.789272030651341
"Later, Leah had a daughter and named her Dinah.","Na uwi ɔdi kama ni, Lea úbawɔ ulekubi úte Yakob na ɔ́sia-nwu lɛnyi ɔnii Dina.","And when she went out, Lea saw her daughter Dina going to see Jacob.",output_JA-6,,32.352531955187764,6.924690678997744,4.789272030651341
"Jacob said, “I have seen God face to face, and I am still alive.” So he named the place Peniel.","Ɔmmɔ ɔsu ni, Yakob ɔ́sia mmɔ lɛnyi ɔnii Peniel, na ɔ́su ɔnini, “Lɛ́sia mɛni lɛnyi lɛni, ɔsika lɛ́nu Unwoti Katɔti anumi ku anumi na útayila-mi ngba.”","When dawn broke, Jacob named the place Peniel, and he said, “I have seen God face to face, yet my life has been preserved.”",output_JA-6,,64.02124382938469,6.924690678997744,4.789272030651341
So God created humans to be like himself; he made men and women.,"Ɔmmɔ ɔsu Katɔti údie ukyuli na ɔ́lɛ-nwu na nwuna udu kenye. Údie-ma, na badi ɔnana ku uleku.",The woman Kɔti went to the farm and found a dead animal in the bush. She went and told her husband about it.,Dec 03 output,,19.119209301241035,6.924690678997744,4.789272030651341
"He was sorry that he had made them,",Na úduo Unwoti ka údie ukyuli ɔ́kya kalɔ lɛlɔ. Na nwuna kayi kénu ɔlɛ geen.,Unwoti went to the farm to harvest okra. He saw a very big snake.,Dec 03 output,,14.864904238494207,6.924690678997744,4.789272030651341
"I will give you a son, who will be called Ishmael, because I have heard your cry for help. And someday I will give you so many descendants that no one will be able to count them all.","Na ɔ́sɔ ɔ́su-nwu lɛnɔ ɔnini, “Ada kaƒɔ ɔƒaani, na adubo ɔnanabi bɔwɔ. Na adubo-nwu lɛnyi bɔsia anii Ismael. Ɔsika Unwoti únu ƒula kɔnyana kɔni na eewulo.","When the man got up, he said, “Let me go and greet my father, and let me also greet my mother.” Then he went and met a certain man named Ishmael. He asked Unwoti to give him some water so that he could wash.",Dec 03 output,,22.64287607135622,6.924690678997744,4.789272030651341
"Later, Leah had a daughter and named her Dinah.","Na uwi ɔdi kama ni, Lea úbawɔ ulekubi úte Yakob na ɔ́sia-nwu lɛnyi ɔnii Dina.","When her time came, Leah gave birth to her sixth son and she named him Dinah.",Dec 03 output,,31.901088589271293,6.924690678997744,4.789272030651341
"Jacob said, “I have seen God face to face, and I am still alive.” So he named the place Peniel.","Ɔmmɔ ɔsu ni, Yakob ɔ́sia mmɔ lɛnyi ɔnii Peniel, na ɔ́su ɔnini, “Lɛ́sia mɛni lɛnyi lɛni, ɔsika lɛ́nu Unwoti Katɔti anumi ku anumi na útayila-mi ngba.”","When the sun rose, Jacob named the place Peniel, and he said, “I have seen God face to face, yet my life has been preserved.”",Dec 03 output,,63.65298115678372,6.924690678997744,4.789272030651341
So God created humans to be like himself; he made men and women.,"Ɔmmɔ ɔsu Katɔti údie ukyuli na ɔ́lɛ-nwu na nwuna udu kenye. Údie-ma, na badi ɔnana ku uleku.",The man Katɔti went to the farm and found a dead animal in the bush. He went and called his children to the farm.,Dec 09 output,,20.866960601675448,6.924690678997744,4.789272030651341
"He was sorry that he had made them,",Na úduo Unwoti ka údie ukyuli ɔ́kya kalɔ lɛlɔ. Na nwuna kayi kénu ɔlɛ geen.,Unwoti's child went to the farm to harvest okro. The child brought it home and gave it to his mother.,Dec 09 output,,14.290845796256828,6.924690678997744,4.789272030651341
"I will give you a son, who will be called Ishmael, because I have heard your cry for help. And someday I will give you so many descendants that no one will be able to count them all.","Na ɔ́sɔ ɔ́su-nwu lɛnɔ ɔnini, “Ada kaƒɔ ɔƒaani, na adubo ɔnanabi bɔwɔ. Na adubo-nwu lɛnyi bɔsia anii Ismael. Ɔsika Unwoti únu ƒula kɔnyana kɔni na eewulo.","The man said to the woman, “Go and bring the child, and the woman brought the child. The woman went and sat near Ishmael. The man Unwoti came and stood by them and spoke.",Dec 09 output,,20.32286885253878,6.924690678997744,4.789272030651341
"Later, Leah had a daughter and named her Dinah.","Na uwi ɔdi kama ni, Lea úbawɔ ulekubi úte Yakob na ɔ́sia-nwu lɛnyi ɔnii Dina.","When her time came, Leah gave birth to her daughter Jacob and named her Dina.",Dec 09 output,,53.025136893865785,6.924690678997744,4.789272030651341
"Jacob said, “I have seen God face to face, and I am still alive.” So he named the place Peniel.","Ɔmmɔ ɔsu ni, Yakob ɔ́sia mmɔ lɛnyi ɔnii Peniel, na ɔ́su ɔnini, “Lɛ́sia mɛni lɛnyi lɛni, ɔsika lɛ́nu Unwoti Katɔti anumi ku anumi na útayila-mi ngba.”","When day broke, Jacob named the place Peniel, and he said, “I have seen God face to face, yet my life has been preserved.”",Dec 09 output,,64.18457322509003,6.924690678997744,4.789272030651341
"Abraham went quickly to his tent and said to Sarah, “Hurry! Get a large sack of flour and make some bread.”","Ɔmmɔ ɔsu ni, Abraham úkeli úsie ulekudi Sara kudɔ na kevo kemmo na ɔ́su-nwu ɔnini, “Babla na ama ɔlaaƒɔ lɛɛƒɛɛ ɛtɛ na anwu na eƒi bodobodo ɔdi.”","One day, Abraham said to his wife Sarah, “Let us make a feast today and kill a goat for it.”",output_onesimus007,0.5701976,29.12534174327269,6.924690678997744,4.789272030651341
"and everything happened just as he said it would. I got my job back, and the cook was put to death.",Na lɛla biala na ɔ́su ɔ́sia lɛni pɛpɛɛpɛ úte ɔdi biala. Ɔmmɔ ɔsu na lɛ́sɔ línwini líbo mina kabla kemmo na bádu ukyuli unyɔdi.”,The whole world and every country is now very different from the old world. And the country that was lying quietly there has now become a big town.,output_onesimus007,0.083315626,26.520737798439765,6.924690678997744,4.789272030651341
"Finally, they dug one more well. There was no quarreling this time, and the well was named “Lots of Room,” because the Lord had given them room and would make them very successful.","Ɔmmɔ kama ni, ɔ́sɔ ɔ́tɔlɔ mmɔ lɛnɔ úsie útéku libiɔ bamba. Na ɔdi ɔ́sɔ útakya-nwu kadɔ kadi. Na ɔ́sia-ni lɛnyi ɔnii Rehobot iye Kuƒi Kɔtɛ. Na údie-nwu kalɔ ɔnini, “Ɔƒɛni amu Unwoti Katɔti úte-bu keliekɔ, na bɔdubɔlɛ lili na kalɔ kamɛni kemmo.”","One day, a man went to the riverside to set a fish-trap. Then he saw a woman coming from the farm. And he asked her, “Where does Rehoboth relative Kuƒi Kɔtɛ live?” And the woman said to him, “My father, Unwoti Katɔti’s house is over there, and you will go straight and then turn left.”",output_onesimus007,0.27219003,24.71170688363028,6.924690678997744,4.789272030651341
"that I won't keep anything of yours, not even a sandal strap or a piece of thread. Then you can never say that you are the one who made me rich.",‘Lɛɛɛdubo lɛla lɛni ndi awɔ lɛdi lɛdi bɔƒɔ ina ƒula lɛgbanvuo kabuli muedi.’ Na alasu anii ami ɔsu na Abram únwini ɔlakɛne.,"‘The land where you are a stranger, I will give to you and to your descendants after you.’ And Abram built an altar there to the Lord.",output_onesimus007,0.21257293,23.187025965515122,6.924690678997744,4.789272030651341
"And so, I'll put you under a curse. Because you killed Abel and made his blood run out on the ground, you will never be able to farm it again.","Ɔƒɛni ni, ewida asiaku-ɔ. Na kalɔ kammɔ kéni-ɔ ka ádu ƒ'ɔnwani na nwuna ubugya úwi kalɔ kammɔ lɛlɔ ɔsu.",The child went to the farm. He saw a big snake lying on the path and ran away quickly.,output_onesimus007,0.22061326,13.849644593658445,6.924690678997744,4.789272030651341
So God created humans to be like himself; he made men and women.,"Ɔmmɔ ɔsu Katɔti údie ukyuli na ɔ́lɛ-nwu na nwuna udu kenye. Údie-ma, na badi ɔnana ku uleku.",The woman Kɔti went to the farm and found a child lying there. She took him and brought him home.,john_1C6E69D4_output (8),,19.064828440583028,6.924690678997744,4.789272030651341
"He was sorry that he had made them,",Na úduo Unwoti ka údie ukyuli ɔ́kya kalɔ lɛlɔ. Na nwuna kayi kénu ɔlɛ geen.,Unwoti went to the farm and saw that the yam leaves had withered. He said that hunger would kill him.,john_1C6E69D4_output (8),,20.578701581893117,6.924690678997744,4.789272030651341
"I will give you a son, who will be called Ishmael, because I have heard your cry for help. And someday I will give you so many descendants that no one will be able to count them all.","Na ɔ́sɔ ɔ́su-nwu lɛnɔ ɔnini, “Ada kaƒɔ ɔƒaani, na adubo ɔnanabi bɔwɔ. Na adubo-nwu lɛnyi bɔsia anii Ismael. Ɔsika Unwoti únu ƒula kɔnyana kɔni na eewulo.","The man said to the woman, “Go and call your husband, and bring the prophet’s clothes. Bring the woman’s clothes and give them to Ishmael. The money that Unwoti gave is finished and it is gone.",john_1C6E69D4_output (8),,22.810697807847696,6.924690678997744,4.789272030651341
"Later, Leah had a daughter and named her Dinah.","Na uwi ɔdi kama ni, Lea úbawɔ ulekubi úte Yakob na ɔ́sia-nwu lɛnyi ɔnii Dina.","And when she went out, Leah went to meet Jacob and told him about Dinah.",john_1C6E69D4_output (8),,24.35642499632182,6.924690678997744,4.789272030651341
"Jacob said, “I have seen God face to face, and I am still alive.” So he named the place Peniel.","Ɔmmɔ ɔsu ni, Yakob ɔ́sia mmɔ lɛnyi ɔnii Peniel, na ɔ́su ɔnini, “Lɛ́sia mɛni lɛnyi lɛni, ɔsika lɛ́nu Unwoti Katɔti anumi ku anumi na útayila-mi ngba.”","When day broke, Jacob named the place Peniel, and he said, “I have seen God face to face, yet my life has been spared.”",john_1C6E69D4_output (8),,64.26030106671395,6.924690678997744,4.789272030651341
and threw him into a dry well.,Na béti-nwu bébo bákya libiɔ lɛni kemmo na ntu buuuwi mmɔ kemmo.,The child’s mother went to the farm and left the child at home.,output-onesimus_001,0.28243914,17.188500450644145,6.924690678997744,4.789272030651341
Zibeon's sons were Aiah and Anah—the same Anah who found an oasis in the desert while taking the donkeys of his father out to pasture.,Na Sibeon bebi bananabi ndi Aya ku Ana. Ana ɔmɛni nésie útánu abiɔ ani ntu ndi utugya ka ɔ́kpanku ɔti Sibeon bebuo ala betine úsienku kadikɔ.,The people of Sibeon went to farm at Ana. Ana’s child went to the river to fetch water and saw the footprints of the person from Sibeon who had gone to the farm.,output-onesimus_001,0.4383536,23.265430869256175,6.924690678997744,4.789272030651341
", he had a son who was just like him, and he named him Seth. Adam had more children",) na ɔ́wɔ ubi ɔnanabi na ɔ́lɛ-nwu na nwuna udu kenye. Na ɔ́sia-nwu lɛnyi ɔnii Set.,And he had a son named Enanabi who married a woman from Kenye. And they had a child named Set.,output-onesimus_001,0.55061626,31.419501725099945,6.924690678997744,4.789272030651341
"Then God put these lights in the sky to shine on the earth,",Katɔti ɔ́ya na bukeye lidu lɛmɛni ƒui lɛkya kayaa. Na buukeye teewi kalɔ lɛlɔ.,The woman went to the farm to harvest okro. She harvested a lot of okro.,output-onesimus_001,0.1414481,15.695716245011202,6.924690678997744,4.789272030651341
"I asked her who her father was, and she answered, “My father is Bethuel the son of Nahor and Milcah.” At once I put the ring in her nose and the bracelets on her arms.","“Amu na líye-nwu nnini, ‘Ɔma ubidi na adi?’ Mmɔ na údie kenye ɔnini, ‘Betuel ɔni na Milka ku Nahor báwɔ ni, nwuna ubidi ulekubi na ndi.’ “Amu na líti enwu kakwɛnimi kammɔ lɛ́kya-nwu enwu. Na líti kɔkwɛnimi inyɔ kɔmmɔ lɛnɔ lɛ́kya-nwu enu.","The man said to her, “Whose daughter are you?” She replied, “I am the daughter of Bethuel, the son that Milcah bore to Nahor.” Then the man took a gold ring and two gold bracelets and gave them to her.",output-onesimus_001,0.8141053,33.180777184250516,6.924690678997744,4.789272030651341
So God created humans to be like himself; he made men and women.,"Ɔmmɔ ɔsu Katɔti údie ukyuli na ɔ́lɛ-nwu na nwuna udu kenye. Údie-ma, na badi ɔnana ku uleku.","The woman Kɔti went to the farm and found a child lying there. When she went, she brought the child home.",output_johnayernor,,18.890616459425296,6.924690678997744,4.789272030651341
"He was sorry that he had made them,",Na úduo Unwoti ka údie ukyuli ɔ́kya kalɔ lɛlɔ. Na nwuna kayi kénu ɔlɛ geen.,Unwoti went to the farm and met a lion there. The lion wanted to eat him.,output_johnayernor,,17.88815110660888,6.924690678997744,4.789272030651341
"I will give you a son, who will be called Ishmael, because I have heard your cry for help. And someday I will give you so many descendants that no one will be able to count them all.","Na ɔ́sɔ ɔ́su-nwu lɛnɔ ɔnini, “Ada kaƒɔ ɔƒaani, na adubo ɔnanabi bɔwɔ. Na adubo-nwu lɛnyi bɔsia anii Ismael. Ɔsika Unwoti únu ƒula kɔnyana kɔni na eewulo.","When the man got up, he said, “Ada has given birth to a son, and the child’s name is Nanabi. The child’s name is also Ismael. He will become a great man and will rule over us.",output_johnayernor,,24.246948352301683,6.924690678997744,4.789272030651341
"Later, Leah had a daughter and named her Dinah.","Na uwi ɔdi kama ni, Lea úbawɔ ulekubi úte Yakob na ɔ́sia-nwu lɛnyi ɔnii Dina.","When he had finished speaking, Leah's daughter Dinah, whom she had borne to Jacob, went out to visit the women of the region.",output_johnayernor,,33.13785385215679,6.924690678997744,4.789272030651341
"Jacob said, “I have seen God face to face, and I am still alive.” So he named the place Peniel.","Ɔmmɔ ɔsu ni, Yakob ɔ́sia mmɔ lɛnyi ɔnii Peniel, na ɔ́su ɔnini, “Lɛ́sia mɛni lɛnyi lɛni, ɔsika lɛ́nu Unwoti Katɔti anumi ku anumi na útayila-mi ngba.”","The sun rose, and Jacob called the place Peniel, and the sun rose, and he said, “I have seen God face to face, yet my life was spared.”",output_johnayernor,,60.0168221378766,6.924690678997744,4.789272030651341
So God created humans to be like himself; he made men and women.,"Ɔmmɔ ɔsu Katɔti údie ukyuli na ɔ́lɛ-nwu na nwuna udu kenye. Údie-ma, na badi ɔnana ku uleku.",The woman Kɔti went to the farm and found a child lying there. She came back and told her husband.,Dec 11 output,,18.69176732158164,6.924690678997744,4.789272030651341
"He was sorry that he had made them,",Na úduo Unwoti ka údie ukyuli ɔ́kya kalɔ lɛlɔ. Na nwuna kayi kénu ɔlɛ geen.,Unwoti went to the farm and met a lion there. He ran away very quickly.,Dec 11 output,,16.97814721015789,6.924690678997744,4.789272030651341
"I will give you a son, who will be called Ishmael, because I have heard your cry for help. And someday I will give you so many descendants that no one will be able to count them all.","Na ɔ́sɔ ɔ́su-nwu lɛnɔ ɔnini, “Ada kaƒɔ ɔƒaani, na adubo ɔnanabi bɔwɔ. Na adubo-nwu lɛnyi bɔsia anii Ismael. Ɔsika Unwoti únu ƒula kɔnyana kɔni na eewulo.","When the man got up, he said, “Ada has given birth to a son, and the child’s name is Nanabi. The child has been named after his uncle Ismael. The man Unwoti will come and see him tomorrow.”",Dec 11 output,,22.52324088599995,6.924690678997744,4.789272030651341
"Later, Leah had a daughter and named her Dinah.","Na uwi ɔdi kama ni, Lea úbawɔ ulekubi úte Yakob na ɔ́sia-nwu lɛnyi ɔnii Dina.","And when she went out, Leah went to meet Jacob and told him about Dinah.",Dec 11 output,,24.35642499632182,6.924690678997744,4.789272030651341
"Jacob said, “I have seen God face to face, and I am still alive.” So he named the place Peniel.","Ɔmmɔ ɔsu ni, Yakob ɔ́sia mmɔ lɛnyi ɔnii Peniel, na ɔ́su ɔnini, “Lɛ́sia mɛni lɛnyi lɛni, ɔsika lɛ́nu Unwoti Katɔti anumi ku anumi na útayila-mi ngba.”","When the sun rose, Jacob named the place Peniel, and he said, “I have seen God face to face, and my life has been preserved.”",Dec 11 output,,65.80432798083773,6.924690678997744,4.789272030651341
So God created humans to be like himself; he made men and women.,"Ɔmmɔ ɔsu Katɔti údie ukyuli na ɔ́lɛ-nwu na nwuna udu kenye. Údie-ma, na badi ɔnana ku uleku.",The woman Kɔti went to the farm and found a child lying there. She took him and brought him home.,gerhardt_0445F08A_output_T9n53N,,19.064828440583028,6.924690678997744,4.789272030651341
"He was sorry that he had made them,",Na úduo Unwoti ka údie ukyuli ɔ́kya kalɔ lɛlɔ. Na nwuna kayi kénu ɔlɛ geen.,Unwoti's child has gone to the farm to harvest cocoyam. The child is coming with a big cocoyam.,gerhardt_0445F08A_output_T9n53N,,15.933785429992927,6.924690678997744,4.789272030651341
"I will give you a son, who will be called Ishmael, because I have heard your cry for help. And someday I will give you so many descendants that no one will be able to count them all.","Na ɔ́sɔ ɔ́su-nwu lɛnɔ ɔnini, “Ada kaƒɔ ɔƒaani, na adubo ɔnanabi bɔwɔ. Na adubo-nwu lɛnyi bɔsia anii Ismael. Ɔsika Unwoti únu ƒula kɔnyana kɔni na eewulo.","When the child was born, the woman said, “Let us name him, for the prophet has arrived. Let us call him by the name Ismael. The day God gives him breath, he will rule over us.”",gerhardt_0445F08A_output_T9n53N,,21.703592819493,6.924690678997744,4.789272030651341
"Later, Leah had a daughter and named her Dinah.","Na uwi ɔdi kama ni, Lea úbawɔ ulekubi úte Yakob na ɔ́sia-nwu lɛnyi ɔnii Dina.","And when she went out, Leah went to meet Jacob and told him about Dinah.",gerhardt_0445F08A_output_T9n53N,,24.35642499632182,6.924690678997744,4.789272030651341
"Jacob said, “I have seen God face to face, and I am still alive.” So he named the place Peniel.","Ɔmmɔ ɔsu ni, Yakob ɔ́sia mmɔ lɛnyi ɔnii Peniel, na ɔ́su ɔnini, “Lɛ́sia mɛni lɛnyi lɛni, ɔsika lɛ́nu Unwoti Katɔti anumi ku anumi na útayila-mi ngba.”","When day broke, Jacob named the place Peniel, and he said, “I have seen God face to face, yet my life has been preserved.”",gerhardt_0445F08A_output_T9n53N,,64.18457322509003,6.924690678997744,4.789272030651341
So God created humans to be like himself; he made men and women.,"Ɔmmɔ ɔsu Katɔti údie ukyuli na ɔ́lɛ-nwu na nwuna udu kenye. Údie-ma, na badi ɔnana ku uleku.",The woman Kɔti went to the farm and found her child had died. She came back and told her husband.,gerhardt_60BC0D18_output (8),,19.054071336095426,6.924690678997744,4.789272030651341
"He was sorry that he had made them,",Na úduo Unwoti ka údie ukyuli ɔ́kya kalɔ lɛlɔ. Na nwuna kayi kénu ɔlɛ geen.,Unwoti went to the farm and found that the groundnuts were ripe. He took them home and gave some to his wife.,gerhardt_60BC0D18_output (8),,19.057747942263312,6.924690678997744,4.789272030651341
"I will give you a son, who will be called Ishmael, because I have heard your cry for help. And someday I will give you so many descendants that no one will be able to count them all.","Na ɔ́sɔ ɔ́su-nwu lɛnɔ ɔnini, “Ada kaƒɔ ɔƒaani, na adubo ɔnanabi bɔwɔ. Na adubo-nwu lɛnyi bɔsia anii Ismael. Ɔsika Unwoti únu ƒula kɔnyana kɔni na eewulo.","The man said to the woman, “Go to the farm, and bring the prophet here. And the woman went and called Ishmael. The man Unwoti stood up and followed her and they left.",gerhardt_60BC0D18_output (8),,23.03858660140687,6.924690678997744,4.789272030651341
"Later, Leah had a daughter and named her Dinah.","Na uwi ɔdi kama ni, Lea úbawɔ ulekubi úte Yakob na ɔ́sia-nwu lɛnyi ɔnii Dina.","And when she went out, Leah went to meet Jacob and told him about Dinah.",gerhardt_60BC0D18_output (8),,24.35642499632182,6.924690678997744,4.789272030651341
"Jacob said, “I have seen God face to face, and I am still alive.” So he named the place Peniel.","Ɔmmɔ ɔsu ni, Yakob ɔ́sia mmɔ lɛnyi ɔnii Peniel, na ɔ́su ɔnini, “Lɛ́sia mɛni lɛnyi lɛni, ɔsika lɛ́nu Unwoti Katɔti anumi ku anumi na útayila-mi ngba.”","When the sun rose, Jacob went on his way from Peniel, and the sun rose upon him, and he said, “I have seen God face to face, yet my life has been preserved.”",gerhardt_60BC0D18_output (8),,48.10117163963183,6.924690678997744,4.789272030651341
"Tamar later gave birth to twins. But before either of them was born, one of them stuck a hand out of her womb. The woman who was helping tied a red thread around the baby's hand and explained, “This one came out first.”","Na kawɔlɔkɔ ni, ubi unwi údie kɔnu ɔ́lɛku. Na uleku ɔni mɔɔƒɔ́ kɔwɔ mɛni úti unwo kabuli kegyiedi kadi úbo ɔ́da-nwu kɔnu na ɔ́su ɔnini, “Ubi ɔmɛni náka bɔlɛ.”","When he arrived, he saw that the child had died. And he said to them, “Why all this noise and weeping? The child is not dead, she is asleep.”",output-onesimus_002,0.4685144,16.084776911542473,6.924690678997744,4.789272030651341
"Judah asked his friend Hirah take a goat to the woman, so he could get back the ring and walking stick, but she wasn't there.","Na kalɛ na básu bése ɔsu ni, Yuda úti ese ɔkɔdi ɔmmɔ úte nwuna ɔkpana Adulamni ɔmmɔ ɔnii uti uboku ɔyalɛ ɔmmɔ na ɔƒɔ ala ani na úti únyene lɛlɔ kama mmɔ uboku-nwu, nsu nwuna ɔkpana ɔmmɔ útanu-nwu.","When David and his men fled from Saul, they went and stayed in a cave near Adullam, and while they were there, some of his relatives and family came to join him, and others also came to stay with him, so that the cave became full of people.",output-onesimus_002,0.32311803,21.612842407723804,6.924690678997744,4.789272030651341
"Then Isaac said, “Son, come over here and kiss me.”","Ɔmmɔ kama ni, Isak ɔ́su ubidi ɔnini, “Ɔƒɛni ni, bo na abakya-mi kɔgbu.”","One day, Isaac said to his son, “My son, go and hunt for me.”",output-onesimus_002,0.6155001,30.69658959289988,6.924690678997744,4.789272030651341
"His brothers asked, “Do you really think you are going to be king and rule over us?” Now they hated Joseph more than ever because of what he had said about his dream.","Mmɔ ni, nwuna banwani béye-nwu banini, “Bɔkali na ada anii awɔ ndubo-bu lɛlɔ butaadi?” Ɔmɛni ɔsu bukisi bɔmmɔ bɔ́kɔ katɔ búbu na kɔna kɔni na úti ɔ́su-ma ɔsu.","One day, a woman asked her child, “Why did you go to the farm without permission?” The child replied that he had followed his friends who were going to fetch firewood.",output-onesimus_002,0.19395599,27.203963820188942,6.924690678997744,4.789272030651341
"If you had done the right thing, you would be smiling. But you did the wrong thing, and now sin is waiting to attack you like a lion. Sin wants to destroy you, but don't let it!","Si ábla lɛla lɛni na mɔɔyɔ́ ni, nka ƒula kayi kemmo kadubɔbla ƒaa. Nsu likpidi lɛɛtú-ɔ na lɛɛyɔ́ ka lɛdi-ɔ lɛlɔ. Anwuɔsu nye kagyumana na adi likpidi lɛmmɔ lɛlɔ.”","If a child is born and the mother dies, the father will take care of the child. Water does not flow backward; it goes forward. God will provide for the child until it grows up.",output-onesimus_002,0.05796969,17.757750779073852,6.924690678997744,4.789272030651341
So God created humans to be like himself; he made men and women.,"Ɔmmɔ ɔsu Katɔti údie ukyuli na ɔ́lɛ-nwu na nwuna udu kenye. Údie-ma, na badi ɔnana ku uleku.",The man Kɔtɔti went to the farm and found a dead animal there. He came back and told his children.,onesimus_BAB3F503_Dec 10 output,,21.082744548845454,6.924690678997744,4.789272030651341
"He was sorry that he had made them,",Na úduo Unwoti ka údie ukyuli ɔ́kya kalɔ lɛlɔ. Na nwuna kayi kénu ɔlɛ geen.,The Unwoti people came and settled in this land. They found the land was good.,onesimus_BAB3F503_Dec 10 output,,15.306034661027054,6.924690678997744,4.789272030651341
"I will give you a son, who will be called Ishmael, because I have heard your cry for help. And someday I will give you so many descendants that no one will be able to count them all.","Na ɔ́sɔ ɔ́su-nwu lɛnɔ ɔnini, “Ada kaƒɔ ɔƒaani, na adubo ɔnanabi bɔwɔ. Na adubo-nwu lɛnyi bɔsia anii Ismael. Ɔsika Unwoti únu ƒula kɔnyana kɔni na eewulo.","When the man got up, he said, “Ada has given birth to a son, and the child’s name is Nanabi. The child has been named after his uncle Ismael. The man Unwoti will come and see him tomorrow.”",onesimus_BAB3F503_Dec 10 output,,22.52324088599995,6.924690678997744,4.789272030651341
"Later, Leah had a daughter and named her Dinah.","Na uwi ɔdi kama ni, Lea úbawɔ ulekubi úte Yakob na ɔ́sia-nwu lɛnyi ɔnii Dina.","When her time came, Leah gave birth to her daughter Dinah.",onesimus_BAB3F503_Dec 10 output,,41.33945462081852,6.924690678997744,4.789272030651341
"Jacob said, “I have seen God face to face, and I am still alive.” So he named the place Peniel.","Ɔmmɔ ɔsu ni, Yakob ɔ́sia mmɔ lɛnyi ɔnii Peniel, na ɔ́su ɔnini, “Lɛ́sia mɛni lɛnyi lɛni, ɔsika lɛ́nu Unwoti Katɔti anumi ku anumi na útayila-mi ngba.”","When day broke, Jacob named the place Peniel, and he said, “I have seen God face to face, yet my life has been preserved.”",onesimus_BAB3F503_Dec 10 output,,64.18457322509003,6.924690678997744,4.789272030651341
So God created humans to be like himself; he made men and women.,"Ɔmmɔ ɔsu Katɔti údie ukyuli na ɔ́lɛ-nwu na nwuna udu kenye. Údie-ma, na badi ɔnana ku uleku.",The man Katɔti went to the farm and found a dead animal in the bush. He went and called his children to the farm.,onesimus_AE3F5661_Dec 08 output,,20.866960601675448,6.924690678997744,4.789272030651341
"He was sorry that he had made them,",Na úduo Unwoti ka údie ukyuli ɔ́kya kalɔ lɛlɔ. Na nwuna kayi kénu ɔlɛ geen.,Unwoti went to the farm and saw that the groundnuts were ripe. He called his wife to come and harvest them.,onesimus_AE3F5661_Dec 08 output,,19.155105023983843,6.924690678997744,4.789272030651341
"I will give you a son, who will be called Ishmael, because I have heard your cry for help. And someday I will give you so many descendants that no one will be able to count them all.","Na ɔ́sɔ ɔ́su-nwu lɛnɔ ɔnini, “Ada kaƒɔ ɔƒaani, na adubo ɔnanabi bɔwɔ. Na adubo-nwu lɛnyi bɔsia anii Ismael. Ɔsika Unwoti únu ƒula kɔnyana kɔni na eewulo.","He said that when the child was born, “Ada gave birth to a daughter, and the child was named Nanabi. The child was taken to stay with Ismael. The Unwoti man came to take her away and she cried.”",onesimus_AE3F5661_Dec 08 output,,19.534452499555222,6.924690678997744,4.789272030651341
"Later, Leah had a daughter and named her Dinah.","Na uwi ɔdi kama ni, Lea úbawɔ ulekubi úte Yakob na ɔ́sia-nwu lɛnyi ɔnii Dina.","When he had finished speaking, Leah’s daughter Dinah, whom she had borne to Jacob, went out to visit the women of the region.",onesimus_AE3F5661_Dec 08 output,,33.13785385215679,6.924690678997744,4.789272030651341
"Jacob said, “I have seen God face to face, and I am still alive.” So he named the place Peniel.","Ɔmmɔ ɔsu ni, Yakob ɔ́sia mmɔ lɛnyi ɔnii Peniel, na ɔ́su ɔnini, “Lɛ́sia mɛni lɛnyi lɛni, ɔsika lɛ́nu Unwoti Katɔti anumi ku anumi na útayila-mi ngba.”","When morning came, Jacob named the place Peniel, and he said, “I have seen God face to face, yet my life has been preserved.”",onesimus_AE3F5661_Dec 08 output,,64.11014041466184,6.924690678997744,4.789272030651341
So God created humans to be like himself; he made men and women.,"Ɔmmɔ ɔsu Katɔti údie ukyuli na ɔ́lɛ-nwu na nwuna udu kenye. Údie-ma, na badi ɔnana ku uleku.",The woman Kɔti went to the farm and found a child lying there. She took it and came home with it.,onesimus_A84A9EF3_Dec 04 output,,19.131976704905703,6.924690678997744,4.789272030651341
"He was sorry that he had made them,",Na úduo Unwoti ka údie ukyuli ɔ́kya kalɔ lɛlɔ. Na nwuna kayi kénu ɔlɛ geen.,,onesimus_A84A9EF3_Dec 04 output,,,6.924690678997744,4.789272030651341
"I will give you a son, who will be called Ishmael, because I have heard your cry for help. And someday I will give you so many descendants that no one will be able to count them all.","Na ɔ́sɔ ɔ́su-nwu lɛnɔ ɔnini, “Ada kaƒɔ ɔƒaani, na adubo ɔnanabi bɔwɔ. Na adubo-nwu lɛnyi bɔsia anii Ismael. Ɔsika Unwoti únu ƒula kɔnyana kɔni na eewulo.","The man said to his wife, “Bring me my bow, for I am going to hunt. I will go and look for meat for my children.” He took Unwoti’s gun and went into the forest.",onesimus_A84A9EF3_Dec 04 output,,16.70928118956757,6.924690678997744,4.789272030651341
"Later, Leah had a daughter and named her Dinah.","Na uwi ɔdi kama ni, Lea úbawɔ ulekubi úte Yakob na ɔ́sia-nwu lɛnyi ɔnii Dina.","When her time came, Leah gave birth to her daughter Jacob and named her Dina.",onesimus_A84A9EF3_Dec 04 output,,53.025136893865785,6.924690678997744,4.789272030651341
"Jacob said, “I have seen God face to face, and I am still alive.” So he named the place Peniel.","Ɔmmɔ ɔsu ni, Yakob ɔ́sia mmɔ lɛnyi ɔnii Peniel, na ɔ́su ɔnini, “Lɛ́sia mɛni lɛnyi lɛni, ɔsika lɛ́nu Unwoti Katɔti anumi ku anumi na útayila-mi ngba.”","That same night, Jacob got up and crossed the Jabbok ford, and he said, “I will cross over and see my brother, for the Lord Katɔti has told me that I must go and meet him.”",onesimus_A84A9EF3_Dec 04 output,,25.786201074395514,6.924690678997744,4.789272030651341
"Early the next morning Isaac and the others made a solemn agreement, then he let them go in peace.","Ka kadi kégye ɔtanta ni, belusiene bammɔ báta na ama ku Isak bényimi ala kalɛ kani na básu. Na Isak údie-ma ulu na bátɔlɔ. Na anwu ɔ́kya keliekɔ kawɔdi kammɔ, na atu áyɔ-nwu.","When the sun rose, the people went to the farm and left Isaac alone in the house to prepare food. And Isaac went to look for meat. He took a knife and killed a goat, and brought it back.",output-onesimus_006,0.4132297,24.58342022310058,6.924690678997744,4.789272030651341
"When Judah came along, he did not recognize her because of the veil. He thought she was a prostitute","Amu ka Yuda úbedu mmɔ na ɔ́nu-nwu ni, ɔ́bu ɔnii ɔyalɛ ɔdi na ɔdi, ɔsika úti lɛduni úbi anumi.","When Judas had taken the piece of bread, Satan entered into him. Then Jesus told him, “What you are going to do, do quickly.”",output-onesimus_006,0.3803292,23.26931055231611,6.924690678997744,4.789272030651341
"After Jacob had spent the night there, he chose some animals as gifts for Esau:","Yakob ɔ́tɛ mmɔ usien ɔmmɔ. Na ala ani na ɔda ɔkɛ ni, ɔ́ƒuna etela adi ka uti ute ɔnwani Esau.",Jacob was a quiet man who stayed at home. But his brother Esau was a strong hunter who always went out into the fields.,output-onesimus_006,0.5973412,25.080296094163813,6.924690678997744,4.789272030651341
"About this time Abimelech and his army commander Phicol said to Abraham, “God blesses everything you do!","Na uwi ɔmmɔ kemmo ni, Abimelek ku nwuna bekpone ɔtɔnkune ɔni baalɔ Pikol básu Abraham banini, “Bɔɔnu ka Katɔti uliku-ɔ na ƒula lɛla biala na aabla kemmo.","When Abimelek and his army commander Pikol had made the agreement with Abraham, Abimelek said to Abraham, “The land where you are living is now under your control.”",output-onesimus_006,0.59821975,46.556722283421614,6.924690678997744,4.789272030651341
I pray that God All-Powerful will bless you with many descendants and let you become a great nation.,Unwoti Katɔti kusɛ kusɛ ɔsiaku-ɔ na ɔya na awɔ bebi na bemomo na benwini kadi bekyuli pii.,"The Creator God made the world and everything in it, and he gave it to people to live in and to take care of all the things in it.",output-onesimus_006,0.14820227,17.947196667470024,6.924690678997744,4.789272030651341
So God created humans to be like himself; he made men and women.,"Ɔmmɔ ɔsu Katɔti údie ukyuli na ɔ́lɛ-nwu na nwuna udu kenye. Údie-ma, na badi ɔnana ku uleku.",The woman Kɔti went to the farm and found a child lying there. She took him and brought him home.,gerhardt_34E1778F_output (7),,19.064828440583028,6.924690678997744,4.789272030651341
"He was sorry that he had made them,",Na úduo Unwoti ka údie ukyuli ɔ́kya kalɔ lɛlɔ. Na nwuna kayi kénu ɔlɛ geen.,Unwoti went to the farm and saw that the groundnuts were ripe. He called his wife to come and harvest them.,gerhardt_34E1778F_output (7),,19.155105023983843,6.924690678997744,4.789272030651341
"I will give you a son, who will be called Ishmael, because I have heard your cry for help. And someday I will give you so many descendants that no one will be able to count them all.","Na ɔ́sɔ ɔ́su-nwu lɛnɔ ɔnini, “Ada kaƒɔ ɔƒaani, na adubo ɔnanabi bɔwɔ. Na adubo-nwu lɛnyi bɔsia anii Ismael. Ɔsika Unwoti únu ƒula kɔnyana kɔni na eewulo.","When the child was born, the mother said, “Let me name him, and the father agreed. The father named him after his friend Ismael. The child grew up and became a strong man.",gerhardt_34E1778F_output (7),,17.557380309239925,6.924690678997744,4.789272030651341
"Later, Leah had a daughter and named her Dinah.","Na uwi ɔdi kama ni, Lea úbawɔ ulekubi úte Yakob na ɔ́sia-nwu lɛnyi ɔnii Dina.","When her father went to the farm, Lea went to look for her brother Yakob to tell him that Dina had come.",gerhardt_34E1778F_output (7),,20.900453674826576,6.924690678997744,4.789272030651341
"Jacob said, “I have seen God face to face, and I am still alive.” So he named the place Peniel.","Ɔmmɔ ɔsu ni, Yakob ɔ́sia mmɔ lɛnyi ɔnii Peniel, na ɔ́su ɔnini, “Lɛ́sia mɛni lɛnyi lɛni, ɔsika lɛ́nu Unwoti Katɔti anumi ku anumi na útayila-mi ngba.”","When dawn broke, Jacob named the place Peniel, and he said, “I have seen God face to face, yet my life has been preserved.”",gerhardt_34E1778F_output (7),,64.02124382938469,6.924690678997744,4.789272030651341
"All of these clans descended from Esau, who was known as Edom.","Bekyuli bani anyi na búnu mmɔ ndi baga bani nálɛ bási Esau, ɔni baalɔ lɛnɔ banii Edom, kaba bebi akɔ.","The children that were born to Esau were these: his firstborn was Edom, and they lived in that land.",output-onesimus_003,0.715788,24.881027056230153,6.924690678997744,4.789272030651341
"Take Rebekah with you; she can marry your master's son, just as the Lord has said.”",Aanu Rebeka nnye. Tiku-nwu na biteesie. Na unwini ƒula ɔtɔlati ubidi uleku aani kalɛ na Katɔti ɔlati ɔ́tina.”,Rebeka is a human. She is sick and has been admitted. And the doctor said that her illness is very serious and she has been referred to Korle-Bu.,output-onesimus_003,0.34604344,23.086198382285442,6.924690678997744,4.789272030651341
"They spent a long time in prison, and the official in charge of the palace guard, made Joseph their servant.","Ɔgyumanane unengu ɔmɛni úti-ma ɔ́kya Yoseƒ kalɔ ka utaanu-ma lɛlɔ. Ka bákya ɔtɔ mmɔ emeyi adi kama ni,","The woman who gave birth to this child is Yose's wife. When the child grew up a little, she said that...",output-onesimus_003,0.23301846,17.88610898328565,6.924690678997744,4.789272030651341
"Before there were kings in Israel, the following kings ruled Edom one after another: Bela son of Beor from Dinhabah; Jobab son of Zerah from Bozrah; Husham from the land of Teman; Hadad son of Bedad from Avith ; Samlah from Masrekah; Shaul from the city of Rehoboth on the Euphrates River; Baalhanan son of Achbor; Hadar from the city of Pau .","Na nwuna kama ni, Hadar nébelie-nwu kenye. Uwi ɔni na Baal-Hanan úkpi ni, Hadad nélie-nwu kenye aani ɔga. Na ɔma ɔni na úlie baalɔ Pau. Na ulekudi ndi Matred ubidi ulekubi Mehetabel na ɔdi Me-Sahab uwɔ.","When Hadad died, some people buried him. His son Baal-Hanan became king after Hadad died. When he died, some people buried him in the city of Pau. His wife was Matred’s daughter, Mehetabel the mother of Me-Sahab.",output-onesimus_003,0.53248894,19.627781276183317,6.924690678997744,4.789272030651341
At that time the Lord made an agreement with Abram and told him: I will give your descendants the land east of the Shihor River on the border of Egypt as far as the Euphrates River.,"Limeyi lɛmmɔ ni, Unwoti únyimi lɛla lɛdi ku Abram. Na ɔ́su-nwu ɔnini, “Líti kalɔ kamɛni ƒui muute ƒula bawɔ. Na ɔ́si ketu blii kani nkya Egyipte ɔmii útédu Euƒrate Ketu bonwu líti muute-ma.","After these things, the word of the LORD came to Abram in a vision, saying, “Do not be afraid, Abram. I am your shield, your very great reward.”",output-onesimus_003,0.47116664,20.057449023479272,6.924690678997744,4.789272030651341
So God created humans to be like himself; he made men and women.,"Ɔmmɔ ɔsu Katɔti údie ukyuli na ɔ́lɛ-nwu na nwuna udu kenye. Údie-ma, na badi ɔnana ku uleku.",The woman Kɔti went to the farm and found her child had died. She returned and met her husband at home.,output_JA-5,,19.895415855494,6.924690678997744,4.789272030651341
"He was sorry that he had made them,",Na úduo Unwoti ka údie ukyuli ɔ́kya kalɔ lɛlɔ. Na nwuna kayi kénu ɔlɛ geen.,Unwoti went to the farm to harvest some cassava. He met a very big snake.,output_JA-5,,17.264395561268422,6.924690678997744,4.789272030651341
"I will give you a son, who will be called Ishmael, because I have heard your cry for help. And someday I will give you so many descendants that no one will be able to count them all.","Na ɔ́sɔ ɔ́su-nwu lɛnɔ ɔnini, “Ada kaƒɔ ɔƒaani, na adubo ɔnanabi bɔwɔ. Na adubo-nwu lɛnyi bɔsia anii Ismael. Ɔsika Unwoti únu ƒula kɔnyana kɔni na eewulo.","The man said to his wife, “Bring me my bow, for I am going hunting. I will go and hunt for meat for my children Ismael. The child Unwoti also wants to go with me.”",output_JA-5,,19.36607068011656,6.924690678997744,4.789272030651341
"Later, Leah had a daughter and named her Dinah.","Na uwi ɔdi kama ni, Lea úbawɔ ulekubi úte Yakob na ɔ́sia-nwu lɛnyi ɔnii Dina.","And when she went out, Leah went to meet Jacob and told him about Dinah.",output_JA-5,,24.35642499632182,6.924690678997744,4.789272030651341
"Jacob said, “I have seen God face to face, and I am still alive.” So he named the place Peniel.","Ɔmmɔ ɔsu ni, Yakob ɔ́sia mmɔ lɛnyi ɔnii Peniel, na ɔ́su ɔnini, “Lɛ́sia mɛni lɛnyi lɛni, ɔsika lɛ́nu Unwoti Katɔti anumi ku anumi na útayila-mi ngba.”","When day broke, Jacob named the place Peniel, and he said, “I have seen God face to face, yet my life has been spared.”",output_JA-5,,64.26030106671395,6.924690678997744,4.789272030651341
So God created humans to be like himself; he made men and women.,"Ɔmmɔ ɔsu Katɔti údie ukyuli na ɔ́lɛ-nwu na nwuna udu kenye. Údie-ma, na badi ɔnana ku uleku.",The woman Kɔti went to the farm and found a child lying there. She came back and told her husband.,john_86344B85_output (7),,18.69176732158164,6.924690678997744,4.789272030651341
"He was sorry that he had made them,",Na úduo Unwoti ka údie ukyuli ɔ́kya kalɔ lɛlɔ. Na nwuna kayi kénu ɔlɛ geen.,Unwoti went to the farm and saw that the groundnuts were ripe. He took a basket and went to harvest them.,john_86344B85_output (7),,19.786870133218795,6.924690678997744,4.789272030651341
"I will give you a son, who will be called Ishmael, because I have heard your cry for help. And someday I will give you so many descendants that no one will be able to count them all.","Na ɔ́sɔ ɔ́su-nwu lɛnɔ ɔnini, “Ada kaƒɔ ɔƒaani, na adubo ɔnanabi bɔwɔ. Na adubo-nwu lɛnyi bɔsia anii Ismael. Ɔsika Unwoti únu ƒula kɔnyana kɔni na eewulo.","And the next day the child said, “Mother, give me food, for I am hungry.” And the mother gave him food and called him Ishmael. The Lord God saw him and had mercy on him.",john_86344B85_output (7),,22.03993909968712,6.924690678997744,4.789272030651341
"Later, Leah had a daughter and named her Dinah.","Na uwi ɔdi kama ni, Lea úbawɔ ulekubi úte Yakob na ɔ́sia-nwu lɛnyi ɔnii Dina.","When he had finished speaking, Leah's daughter Dinah, whom she had borne to Jacob, went out to visit the women of the region.",john_86344B85_output (7),,33.13785385215679,6.924690678997744,4.789272030651341
"Jacob said, “I have seen God face to face, and I am still alive.” So he named the place Peniel.","Ɔmmɔ ɔsu ni, Yakob ɔ́sia mmɔ lɛnyi ɔnii Peniel, na ɔ́su ɔnini, “Lɛ́sia mɛni lɛnyi lɛni, ɔsika lɛ́nu Unwoti Katɔti anumi ku anumi na útayila-mi ngba.”","When day broke, Jacob named the place Peniel, and he said, “I have seen God face to face, yet my life has been spared.”",john_86344B85_output (7),,64.26030106671395,6.924690678997744,4.789272030651341
So God created humans to be like himself; he made men and women.,"Ɔmmɔ ɔsu Katɔti údie ukyuli na ɔ́lɛ-nwu na nwuna udu kenye. Údie-ma, na badi ɔnana ku uleku.",The woman Kɔti went to the farm and met her husband there. She went and met only her child.,output_JA-1,,19.395221270064468,6.924690678997744,4.789272030651341
"He was sorry that he had made them,",Na úduo Unwoti ka údie ukyuli ɔ́kya kalɔ lɛlɔ. Na nwuna kayi kénu ɔlɛ geen.,Unwoti's child has grown up and is now a big person. The child is walking around doing things.,output_JA-1,,11.536005896939304,6.924690678997744,4.789272030651341
"I will give you a son, who will be called Ishmael, because I have heard your cry for help. And someday I will give you so many descendants that no one will be able to count them all.","Na ɔ́sɔ ɔ́su-nwu lɛnɔ ɔnini, “Ada kaƒɔ ɔƒaani, na adubo ɔnanabi bɔwɔ. Na adubo-nwu lɛnyi bɔsia anii Ismael. Ɔsika Unwoti únu ƒula kɔnyana kɔni na eewulo.","And the man said to his wife, “Bring me some water, and bring the child to me. And the woman brought the child whose name was Ismael. The man took the child and went with him to the river.",output_JA-1,,20.51613966731485,6.924690678997744,4.789272030651341
"Later, Leah had a daughter and named her Dinah.","Na uwi ɔdi kama ni, Lea úbawɔ ulekubi úte Yakob na ɔ́sia-nwu lɛnyi ɔnii Dina.","When he had finished speaking, Leah's daughter Dinah, whom she had borne to Jacob, went out to visit the women of the region.",output_JA-1,,33.13785385215679,6.924690678997744,4.789272030651341
"Jacob said, “I have seen God face to face, and I am still alive.” So he named the place Peniel.","Ɔmmɔ ɔsu ni, Yakob ɔ́sia mmɔ lɛnyi ɔnii Peniel, na ɔ́su ɔnini, “Lɛ́sia mɛni lɛnyi lɛni, ɔsika lɛ́nu Unwoti Katɔti anumi ku anumi na útayila-mi ngba.”","When morning came, Jacob named that place Peniel, and he said, “I have seen God face to face, yet my life was spared.”",output_JA-1,,60.531960462920885,6.924690678997744,4.789272030651341
So God created humans to be like himself; he made men and women.,"Ɔmmɔ ɔsu Katɔti údie ukyuli na ɔ́lɛ-nwu na nwuna udu kenye. Údie-ma, na badi ɔnana ku uleku.",The man Kɔtɔti went to the farm and found a dead animal in the bush. He came back and told his children.,Dec 05 output,,21.08188361795238,6.924690678997744,4.789272030651341
"He was sorry that he had made them,",Na úduo Unwoti ka údie ukyuli ɔ́kya kalɔ lɛlɔ. Na nwuna kayi kénu ɔlɛ geen.,The Unwoti people came and settled here first. Then other people came to join them.,Dec 05 output,,15.855811099034417,6.924690678997744,4.789272030651341
"I will give you a son, who will be called Ishmael, because I have heard your cry for help. And someday I will give you so many descendants that no one will be able to count them all.","Na ɔ́sɔ ɔ́su-nwu lɛnɔ ɔnini, “Ada kaƒɔ ɔƒaani, na adubo ɔnanabi bɔwɔ. Na adubo-nwu lɛnyi bɔsia anii Ismael. Ɔsika Unwoti únu ƒula kɔnyana kɔni na eewulo.","When the man got up he said, “Let me go and greet my father, and then I will come back. When I return I will bring my brother Ismael. The chief’s house is just nearby, so I will go and come back.",Dec 05 output,,23.73111956845865,6.924690678997744,4.789272030651341
"Later, Leah had a daughter and named her Dinah.","Na uwi ɔdi kama ni, Lea úbawɔ ulekubi úte Yakob na ɔ́sia-nwu lɛnyi ɔnii Dina.","And when she went out, Leah went to meet Jacob and told him about Dinah.",Dec 05 output,,24.35642499632182,6.924690678997744,4.789272030651341
"Jacob said, “I have seen God face to face, and I am still alive.” So he named the place Peniel.","Ɔmmɔ ɔsu ni, Yakob ɔ́sia mmɔ lɛnyi ɔnii Peniel, na ɔ́su ɔnini, “Lɛ́sia mɛni lɛnyi lɛni, ɔsika lɛ́nu Unwoti Katɔti anumi ku anumi na útayila-mi ngba.”","When dawn broke, Jacob named the place Peniel, and he said, “I have seen God face to face, yet my life has been preserved.”",Dec 05 output,,64.02124382938469,6.924690678997744,4.789272030651341
So God created humans to be like himself; he made men and women.,"Ɔmmɔ ɔsu Katɔti údie ukyuli na ɔ́lɛ-nwu na nwuna udu kenye. Údie-ma, na badi ɔnana ku uleku.",The woman Kɔti went to the farm and found a child lying there. She took him and brought him home.,onesimus_C968674F_Dec 07 output,,19.064828440583028,6.924690678997744,4.789272030651341
"He was sorry that he had made them,",Na úduo Unwoti ka údie ukyuli ɔ́kya kalɔ lɛlɔ. Na nwuna kayi kénu ɔlɛ geen.,The Unwoti people went to the farm to harvest cassava. They found that the cassava was very good.,onesimus_C968674F_Dec 07 output,,19.86386524700289,6.924690678997744,4.789272030651341
"I will give you a son, who will be called Ishmael, because I have heard your cry for help. And someday I will give you so many descendants that no one will be able to count them all.","Na ɔ́sɔ ɔ́su-nwu lɛnɔ ɔnini, “Ada kaƒɔ ɔƒaani, na adubo ɔnanabi bɔwɔ. Na adubo-nwu lɛnyi bɔsia anii Ismael. Ɔsika Unwoti únu ƒula kɔnyana kɔni na eewulo.","When the child was born, the mother said, “Let me name him, for I have given birth to a prophet. I will call him Ismael. The Lord has truly heard my affliction and has come to me.”",onesimus_C968674F_Dec 07 output,,22.205070904057557,6.924690678997744,4.789272030651341
"Later, Leah had a daughter and named her Dinah.","Na uwi ɔdi kama ni, Lea úbawɔ ulekubi úte Yakob na ɔ́sia-nwu lɛnyi ɔnii Dina.","When her time came, Leah gave birth to her sixth son and named him Dinah.",onesimus_C968674F_Dec 07 output,,37.41837423355784,6.924690678997744,4.789272030651341
"Jacob said, “I have seen God face to face, and I am still alive.” So he named the place Peniel.","Ɔmmɔ ɔsu ni, Yakob ɔ́sia mmɔ lɛnyi ɔnii Peniel, na ɔ́su ɔnini, “Lɛ́sia mɛni lɛnyi lɛni, ɔsika lɛ́nu Unwoti Katɔti anumi ku anumi na útayila-mi ngba.”","The sun rose, and Jacob called the place Peniel, and the sun rose, and he said, “I have seen God face to face, and my life has been spared.”",onesimus_C968674F_Dec 07 output,,60.89517976836739,6.924690678997744,4.789272030651341
So God created humans to be like himself; he made men and women.,"Ɔmmɔ ɔsu Katɔti údie ukyuli na ɔ́lɛ-nwu na nwuna udu kenye. Údie-ma, na badi ɔnana ku uleku.","The woman Kɔti went to the farm to look for something to eat for her children. When she went, she met a leopard on the path.",john_C52DEBBB_output (10),,18.59873829832677,6.924690678997744,4.789272030651341
"He was sorry that he had made them,",Na úduo Unwoti ka údie ukyuli ɔ́kya kalɔ lɛlɔ. Na nwuna kayi kénu ɔlɛ geen.,The Unwoti bird and the ukyuli bird are fighting over a piece of meat. The bird that wins will take the whole thing.,john_C52DEBBB_output (10),,16.44085343858988,6.924690678997744,4.789272030651341
"I will give you a son, who will be called Ishmael, because I have heard your cry for help. And someday I will give you so many descendants that no one will be able to count them all.","Na ɔ́sɔ ɔ́su-nwu lɛnɔ ɔnini, “Ada kaƒɔ ɔƒaani, na adubo ɔnanabi bɔwɔ. Na adubo-nwu lɛnyi bɔsia anii Ismael. Ɔsika Unwoti únu ƒula kɔnyana kɔni na eewulo.","The man said to the woman, “Go and bring the child, and the woman brought the child. And the woman went and sat near Ishmael. The man lifted the child and placed him on his shoulder and carried him.",john_C52DEBBB_output (10),,21.60943788758528,6.924690678997744,4.789272030651341
"Later, Leah had a daughter and named her Dinah.","Na uwi ɔdi kama ni, Lea úbawɔ ulekubi úte Yakob na ɔ́sia-nwu lɛnyi ɔnii Dina.","And when she went out, Leah went to meet Jacob and told him about Dinah.",john_C52DEBBB_output (10),,24.35642499632182,6.924690678997744,4.789272030651341
"Jacob said, “I have seen God face to face, and I am still alive.” So he named the place Peniel.","Ɔmmɔ ɔsu ni, Yakob ɔ́sia mmɔ lɛnyi ɔnii Peniel, na ɔ́su ɔnini, “Lɛ́sia mɛni lɛnyi lɛni, ɔsika lɛ́nu Unwoti Katɔti anumi ku anumi na útayila-mi ngba.”","When the sun rose, Jacob went on his way from Peniel, and the sun rose upon him, and he said, “I have seen God face to face, yet my life has been preserved.”",john_C52DEBBB_output (10),,48.10117163963183,6.924690678997744,4.789272030651341
"Later, Leah had a daughter and named her Dinah.","Na uwi ɔdi kama ni, Lea úbawɔ ulekubi úte Yakob na ɔ́sia-nwu lɛnyi ɔnii Dina.","And when she went out, Leah's daughter Dinah went to visit the women of the land.",output_datgerhardt,0.7504302,35.05946759277958,6.924690678997744,4.789272030651341
where he cleaned out those wells that the Philistines had stopped up. Isaac also gave each of the wells the same name that Abraham had given to them.,"Ka ɔ́tɔlɔ mmɔ kama ni, Isak ɔ́ya na básɔ bálɛmi abiɔ ani na béku ɔ́si ɔti uwi ƒui ani na Ƒilistiƒuɔ béyile mmɔ. Na ɔ́sɔku anyi ani kani na ɔti ɔ́sia abiɔ ammɔ ɔ́sia-nya.","When Isaac was old and his eyes were dim so that he could not see, he called his older son Esau and said to him, “My son”; and he answered, “Here I am.”",output_datgerhardt,0.42996293,19.410256137533864,6.924690678997744,4.789272030651341
Jacob left the town of Beersheba and started out for Haran.,"Na uwi ɔmmɔ kemmo ni, Yakob úuti ala na ɔ́yu ulu ɔ́si Beer-Seba úsela Haraan.","When Jacob saw that his brother was coming, he set out from Beer-sheba and went toward Haran.",output_datgerhardt,0.6718553,36.922735118596464,6.924690678997744,4.789272030651341
"Finally, the king sent for Abram and said to him, “What have you done to me? Why didn't you tell me Sarai was your wife?","Ɔmmɔ ɔsu Ƒarao ɔ́tala na bátálɔ Abram béboku-nwu na úye-nwu ɔnini, “Bi na ɔdi na ábla-bu mɛni, na átasu-mi ka ƒ'ulekudi na ɔdi?","The Pharaoh's officials saw Abram's wife and told their master, ""This woman is very beautiful; why is she your wife?""",output_datgerhardt,0.6976364,24.282941708613613,6.924690678997744,4.789272030651341
"Suddenly, seven fat, healthy cows came up from the river and started eating grass along the bank.","Mmɔ ni, ɔmantɛ bakɔ maatɛ badi bálɛ bási ketu kemmo bébenye-nwu anumi. Bebuo bammɔ bákɛ lɛlɔ na bélie lɛmwi kaduɛ, na benye mmɔ baakun livo lɛbuni lɛni nkya ketu kɔtu mmɔ.","Now, the people of Bakɔ did not want to go to the farm because they were afraid of the leopard. So they stayed at home and played games, and their children went to the river to swim every day.",output_datgerhardt,0.45406407,23.903204756003337,6.924690678997744,4.789272030651341
So God created humans to be like himself; he made men and women.,"Ɔmmɔ ɔsu Katɔti údie ukyuli na ɔ́lɛ-nwu na nwuna udu kenye. Údie-ma, na badi ɔnana ku uleku.",The woman Kɔti went to the farm and found a child lying there. She took it and came home with it.,gerhardt_62CB5CC1_output (4),,19.131976704905703,6.924690678997744,4.789272030651341
"He was sorry that he had made them,",Na úduo Unwoti ka údie ukyuli ɔ́kya kalɔ lɛlɔ. Na nwuna kayi kénu ɔlɛ geen.,The Unwoti people went to the farm to harvest corn. They saw that the corn was very beautiful.,gerhardt_62CB5CC1_output (4),,18.837103098536247,6.924690678997744,4.789272030651341
"I will give you a son, who will be called Ishmael, because I have heard your cry for help. And someday I will give you so many descendants that no one will be able to count them all.","Na ɔ́sɔ ɔ́su-nwu lɛnɔ ɔnini, “Ada kaƒɔ ɔƒaani, na adubo ɔnanabi bɔwɔ. Na adubo-nwu lɛnyi bɔsia anii Ismael. Ɔsika Unwoti únu ƒula kɔnyana kɔni na eewulo.","The man said to the woman, “Go and bring the child, and the woman brought the child. The woman went and sat near Ishmael. The man Unwoti came and stood beside her and cried.",gerhardt_62CB5CC1_output (4),,21.048671268004167,6.924690678997744,4.789272030651341
"Later, Leah had a daughter and named her Dinah.","Na uwi ɔdi kama ni, Lea úbawɔ ulekubi úte Yakob na ɔ́sia-nwu lɛnyi ɔnii Dina.","When he had finished speaking, Leah's daughter Dinah went out to see the daughters of the land.",gerhardt_62CB5CC1_output (4),,37.020991397581874,6.924690678997744,4.789272030651341
"Jacob said, “I have seen God face to face, and I am still alive.” So he named the place Peniel.","Ɔmmɔ ɔsu ni, Yakob ɔ́sia mmɔ lɛnyi ɔnii Peniel, na ɔ́su ɔnini, “Lɛ́sia mɛni lɛnyi lɛni, ɔsika lɛ́nu Unwoti Katɔti anumi ku anumi na útayila-mi ngba.”","When morning came, Jacob named the place Peniel, and he said, “I have seen God face to face, yet my life has been preserved.”",gerhardt_62CB5CC1_output (4),,64.11014041466184,6.924690678997744,4.789272030651341
So God created humans to be like himself; he made men and women.,"Ɔmmɔ ɔsu Katɔti údie ukyuli na ɔ́lɛ-nwu na nwuna udu kenye. Údie-ma, na badi ɔnana ku uleku.",The woman Kɔti went to the farm and found a child lying there. She took it and came home with it.,Dec 04 output,,19.131976704905703,6.924690678997744,4.789272030651341
"He was sorry that he had made them,",Na úduo Unwoti ka údie ukyuli ɔ́kya kalɔ lɛlɔ. Na nwuna kayi kénu ɔlɛ geen.,,Dec 04 output,,,6.924690678997744,4.789272030651341
"I will give you a son, who will be called Ishmael, because I have heard your cry for help. And someday I will give you so many descendants that no one will be able to count them all.","Na ɔ́sɔ ɔ́su-nwu lɛnɔ ɔnini, “Ada kaƒɔ ɔƒaani, na adubo ɔnanabi bɔwɔ. Na adubo-nwu lɛnyi bɔsia anii Ismael. Ɔsika Unwoti únu ƒula kɔnyana kɔni na eewulo.","The man said to his wife, “Bring me my bow, for I am going to hunt. I will go and look for meat for my children.” He took Unwoti’s gun and went into the forest.",Dec 04 output,,16.70928118956757,6.924690678997744,4.789272030651341
"Later, Leah had a daughter and named her Dinah.","Na uwi ɔdi kama ni, Lea úbawɔ ulekubi úte Yakob na ɔ́sia-nwu lɛnyi ɔnii Dina.","When her time came, Leah gave birth to her daughter Jacob and named her Dina.",Dec 04 output,,53.025136893865785,6.924690678997744,4.789272030651341
"Jacob said, “I have seen God face to face, and I am still alive.” So he named the place Peniel.","Ɔmmɔ ɔsu ni, Yakob ɔ́sia mmɔ lɛnyi ɔnii Peniel, na ɔ́su ɔnini, “Lɛ́sia mɛni lɛnyi lɛni, ɔsika lɛ́nu Unwoti Katɔti anumi ku anumi na útayila-mi ngba.”","That same night, Jacob got up and crossed the Jabbok ford, and he said, “I will cross over and see my brother, for the Lord Katɔti has told me that I must go and meet him.”",Dec 04 output,,25.786201074395514,6.924690678997744,4.789272030651341
So God created humans to be like himself; he made men and women.,"Ɔmmɔ ɔsu Katɔti údie ukyuli na ɔ́lɛ-nwu na nwuna udu kenye. Údie-ma, na badi ɔnana ku uleku.",The woman Katɔti went to the farm and found a dead animal in the bush. She came back and told her children.,gerhardt_676E558A_output (6),,21.416395356239672,6.924690678997744,4.789272030651341
"He was sorry that he had made them,",Na úduo Unwoti ka údie ukyuli ɔ́kya kalɔ lɛlɔ. Na nwuna kayi kénu ɔlɛ geen.,The Unwoti people went to the farm to harvest cassava. They found that the cassava was ripe.,gerhardt_676E558A_output (6),,19.39523429217927,6.924690678997744,4.789272030651341
"I will give you a son, who will be called Ishmael, because I have heard your cry for help. And someday I will give you so many descendants that no one will be able to count them all.","Na ɔ́sɔ ɔ́su-nwu lɛnɔ ɔnini, “Ada kaƒɔ ɔƒaani, na adubo ɔnanabi bɔwɔ. Na adubo-nwu lɛnyi bɔsia anii Ismael. Ɔsika Unwoti únu ƒula kɔnyana kɔni na eewulo.","When the child was born, the woman said, “Let us name him, for the prophet has said. The prophet said that his name will be Ishmael. The Lord has heard your affliction and has had mercy on you.”",gerhardt_676E558A_output (6),,25.510983771810185,6.924690678997744,4.789272030651341
"Later, Leah had a daughter and named her Dinah.","Na uwi ɔdi kama ni, Lea úbawɔ ulekubi úte Yakob na ɔ́sia-nwu lɛnyi ɔnii Dina.","And when she went out, Leah went to meet Jacob and told him about Dina.",gerhardt_676E558A_output (6),,20.311319665036915,6.924690678997744,4.789272030651341
"Jacob said, “I have seen God face to face, and I am still alive.” So he named the place Peniel.","Ɔmmɔ ɔsu ni, Yakob ɔ́sia mmɔ lɛnyi ɔnii Peniel, na ɔ́su ɔnini, “Lɛ́sia mɛni lɛnyi lɛni, ɔsika lɛ́nu Unwoti Katɔti anumi ku anumi na útayila-mi ngba.”","When day broke, Jacob named the place Peniel, and he said, “I have seen God face to face, yet my life has been spared.”",gerhardt_676E558A_output (6),,64.26030106671395,6.924690678997744,4.789272030651341
So God created humans to be like himself; he made men and women.,"Ɔmmɔ ɔsu Katɔti údie ukyuli na ɔ́lɛ-nwu na nwuna udu kenye. Údie-ma, na badi ɔnana ku uleku.",The man Kɔtɔti went to the farm and found a dead animal lying there. He came back and told his children.,gerhardt_107423D8_output (9),,20.71871008640993,6.924690678997744,4.789272030651341
"He was sorry that he had made them,",Na úduo Unwoti ka údie ukyuli ɔ́kya kalɔ lɛlɔ. Na nwuna kayi kénu ɔlɛ geen.,Unwoti's child went to the farm to harvest some cassava. The child came back with a full basket.,gerhardt_107423D8_output (9),,16.76996998286506,6.924690678997744,4.789272030651341
"I will give you a son, who will be called Ishmael, because I have heard your cry for help. And someday I will give you so many descendants that no one will be able to count them all.","Na ɔ́sɔ ɔ́su-nwu lɛnɔ ɔnini, “Ada kaƒɔ ɔƒaani, na adubo ɔnanabi bɔwɔ. Na adubo-nwu lɛnyi bɔsia anii Ismael. Ɔsika Unwoti únu ƒula kɔnyana kɔni na eewulo.","When the child was born, the mother said, “Let me name him, for I have given birth to a prophet. I will call him Ismael. His father Unwoti came and agreed with what she said.",gerhardt_107423D8_output (9),,21.39079213906866,6.924690678997744,4.789272030651341
"Later, Leah had a daughter and named her Dinah.","Na uwi ɔdi kama ni, Lea úbawɔ ulekubi úte Yakob na ɔ́sia-nwu lɛnyi ɔnii Dina.","When her child was born, Leah called him Levi, saying that she had given birth to three children for Jacob.",gerhardt_107423D8_output (9),,20.065369612197646,6.924690678997744,4.789272030651341
"Jacob said, “I have seen God face to face, and I am still alive.” So he named the place Peniel.","Ɔmmɔ ɔsu ni, Yakob ɔ́sia mmɔ lɛnyi ɔnii Peniel, na ɔ́su ɔnini, “Lɛ́sia mɛni lɛnyi lɛni, ɔsika lɛ́nu Unwoti Katɔti anumi ku anumi na útayila-mi ngba.”","When day broke, Jacob named the place Peniel, and he said, “I have seen God face to face, yet my life has been spared.”",gerhardt_107423D8_output (9),,64.26030106671395,6.924690678997744,4.789272030651341
So God created humans to be like himself; he made men and women.,"Ɔmmɔ ɔsu Katɔti údie ukyuli na ɔ́lɛ-nwu na nwuna udu kenye. Údie-ma, na badi ɔnana ku uleku.",The woman Kɔti went to the farm and found a child lying there. She took it and came home with it.,gerhardt_E4F773B6_output (3),,19.131976704905703,6.924690678997744,4.789272030651341
"He was sorry that he had made them,",Na úduo Unwoti ka údie ukyuli ɔ́kya kalɔ lɛlɔ. Na nwuna kayi kénu ɔlɛ geen.,Unwoti's child has gone to the farm to harvest cocoyam. The child came back with a big cocoyam.,gerhardt_E4F773B6_output (3),,15.933785429992927,6.924690678997744,4.789272030651341
"I will give you a son, who will be called Ishmael, because I have heard your cry for help. And someday I will give you so many descendants that no one will be able to count them all.","Na ɔ́sɔ ɔ́su-nwu lɛnɔ ɔnini, “Ada kaƒɔ ɔƒaani, na adubo ɔnanabi bɔwɔ. Na adubo-nwu lɛnyi bɔsia anii Ismael. Ɔsika Unwoti únu ƒula kɔnyana kɔni na eewulo.","He said that when he was born, “Ada gave birth to twins, but the second child died. The second twin was called Ismael. He (Ismael) went to Unwoti and never returned.",gerhardt_E4F773B6_output (3),,22.139862521407096,6.924690678997744,4.789272030651341
"Later, Leah had a daughter and named her Dinah.","Na uwi ɔdi kama ni, Lea úbawɔ ulekubi úte Yakob na ɔ́sia-nwu lɛnyi ɔnii Dina.","And when the time came for her to give birth, behold, there were twins in her womb.",gerhardt_E4F773B6_output (3),,13.55668953716513,6.924690678997744,4.789272030651341
"Jacob said, “I have seen God face to face, and I am still alive.” So he named the place Peniel.","Ɔmmɔ ɔsu ni, Yakob ɔ́sia mmɔ lɛnyi ɔnii Peniel, na ɔ́su ɔnini, “Lɛ́sia mɛni lɛnyi lɛni, ɔsika lɛ́nu Unwoti Katɔti anumi ku anumi na útayila-mi ngba.”","When morning came, Jacob named the place Peniel, and he said, “I have seen God face to face, yet my life has been preserved.”",gerhardt_E4F773B6_output (3),,64.11014041466184,6.924690678997744,4.789272030651341
So God created humans to be like himself; he made men and women.,"Ɔmmɔ ɔsu Katɔti údie ukyuli na ɔ́lɛ-nwu na nwuna udu kenye. Údie-ma, na badi ɔnana ku uleku.",The woman Kɔti went to the farm and found a child lying there. She took him and brought him home.,john_B0DBB2CB_output (4),,19.064828440583028,6.924690678997744,4.789272030651341
"He was sorry that he had made them,",Na úduo Unwoti ka údie ukyuli ɔ́kya kalɔ lɛlɔ. Na nwuna kayi kénu ɔlɛ geen.,Unwoti went to the farm and saw that the groundnuts were ripe. He picked some and brought them home.,john_B0DBB2CB_output (4),,19.216281073308732,6.924690678997744,4.789272030651341
"I will give you a son, who will be called Ishmael, because I have heard your cry for help. And someday I will give you so many descendants that no one will be able to count them all.","Na ɔ́sɔ ɔ́su-nwu lɛnɔ ɔnini, “Ada kaƒɔ ɔƒaani, na adubo ɔnanabi bɔwɔ. Na adubo-nwu lɛnyi bɔsia anii Ismael. Ɔsika Unwoti únu ƒula kɔnyana kɔni na eewulo.","When the child was born, his mother said, “God has heard my cry, and the child will be called Ishmael. The child grew up and became a man. His hand was against everyone, and everyone’s hand was against him.",john_B0DBB2CB_output (4),,28.30608923485708,6.924690678997744,4.789272030651341
"Later, Leah had a daughter and named her Dinah.","Na uwi ɔdi kama ni, Lea úbawɔ ulekubi úte Yakob na ɔ́sia-nwu lɛnyi ɔnii Dina.","When he had finished speaking, Leah's daughter Dinah, whom she had borne to Jacob, went out to visit the women of the region.",john_B0DBB2CB_output (4),,33.13785385215679,6.924690678997744,4.789272030651341
"Jacob said, “I have seen God face to face, and I am still alive.” So he named the place Peniel.","Ɔmmɔ ɔsu ni, Yakob ɔ́sia mmɔ lɛnyi ɔnii Peniel, na ɔ́su ɔnini, “Lɛ́sia mɛni lɛnyi lɛni, ɔsika lɛ́nu Unwoti Katɔti anumi ku anumi na útayila-mi ngba.”","When morning came, Jacob named the place Peniel, and he said, “I have seen God face to face, yet my life has been preserved.”",john_B0DBB2CB_output (4),,64.11014041466184,6.924690678997744,4.789272030651341
So God created humans to be like himself; he made men and women.,"Ɔmmɔ ɔsu Katɔti údie ukyuli na ɔ́lɛ-nwu na nwuna udu kenye. Údie-ma, na badi ɔnana ku uleku.",The man Katɔti went to the farm and found a dead body lying there. He ran away and came to tell his father.,gerhardt_E32D1C1E_output_mzX2S5,,20.64722517116588,6.924690678997744,4.789272030651341
"He was sorry that he had made them,",Na úduo Unwoti ka údie ukyuli ɔ́kya kalɔ lɛlɔ. Na nwuna kayi kénu ɔlɛ geen.,Unwoti went to the farm and saw that the groundnuts were ripe. He took some and came home to eat.,gerhardt_E32D1C1E_output_mzX2S5,,19.138553350091346,6.924690678997744,4.789272030651341
"I will give you a son, who will be called Ishmael, because I have heard your cry for help. And someday I will give you so many descendants that no one will be able to count them all.","Na ɔ́sɔ ɔ́su-nwu lɛnɔ ɔnini, “Ada kaƒɔ ɔƒaani, na adubo ɔnanabi bɔwɔ. Na adubo-nwu lɛnyi bɔsia anii Ismael. Ɔsika Unwoti únu ƒula kɔnyana kɔni na eewulo.","He said that when the child was born, “Ada named him, and the diviner said that he would be a prophet. And the diviner said that the child would be called Ishmael. The Lord heard the cry and had mercy on her and helped her.",gerhardt_E32D1C1E_output_mzX2S5,,26.98873489555737,6.924690678997744,4.789272030651341
"Later, Leah had a daughter and named her Dinah.","Na uwi ɔdi kama ni, Lea úbawɔ ulekubi úte Yakob na ɔ́sia-nwu lɛnyi ɔnii Dina.","When Jacob heard about it, he said nothing until his sons came in from the field, because he was grieved for his daughter Dina.",gerhardt_E32D1C1E_output_mzX2S5,,27.635533016435126,6.924690678997744,4.789272030651341
"Jacob said, “I have seen God face to face, and I am still alive.” So he named the place Peniel.","Ɔmmɔ ɔsu ni, Yakob ɔ́sia mmɔ lɛnyi ɔnii Peniel, na ɔ́su ɔnini, “Lɛ́sia mɛni lɛnyi lɛni, ɔsika lɛ́nu Unwoti Katɔti anumi ku anumi na útayila-mi ngba.”","When day broke, Jacob named the place Peniel, and he said, “I have seen God face to face, yet my life has been spared.”",gerhardt_E32D1C1E_output_mzX2S5,,64.26030106671395,6.924690678997744,4.789272030651341
So God created humans to be like himself; he made men and women.,"Ɔmmɔ ɔsu Katɔti údie ukyuli na ɔ́lɛ-nwu na nwuna udu kenye. Údie-ma, na badi ɔnana ku uleku.",The man Katɔti went to the farm and found a dead body there. He ran and told his father.,gerhardt_145C11AE_output (2),,20.28412099204302,6.924690678997744,4.789272030651341
"He was sorry that he had made them,",Na úduo Unwoti ka údie ukyuli ɔ́kya kalɔ lɛlɔ. Na nwuna kayi kénu ɔlɛ geen.,Unwoti's child went to the farm and found some yams. The child brought them and gave them to his father.,gerhardt_145C11AE_output (2),,19.41475962195381,6.924690678997744,4.789272030651341
"I will give you a son, who will be called Ishmael, because I have heard your cry for help. And someday I will give you so many descendants that no one will be able to count them all.","Na ɔ́sɔ ɔ́su-nwu lɛnɔ ɔnini, “Ada kaƒɔ ɔƒaani, na adubo ɔnanabi bɔwɔ. Na adubo-nwu lɛnyi bɔsia anii Ismael. Ɔsika Unwoti únu ƒula kɔnyana kɔni na eewulo.","The man said to the woman, “Go to the farm, and bring the prophet’s child. And bring the child called Ishmael. The Lord will bless you today and forever.”",gerhardt_145C11AE_output (2),,25.571412902070062,6.924690678997744,4.789272030651341
"Later, Leah had a daughter and named her Dinah.","Na uwi ɔdi kama ni, Lea úbawɔ ulekubi úte Yakob na ɔ́sia-nwu lɛnyi ɔnii Dina.","And when she went out, Leah went to meet Jacob and told him about Dinah.",gerhardt_145C11AE_output (2),,24.35642499632182,6.924690678997744,4.789272030651341
"Jacob said, “I have seen God face to face, and I am still alive.” So he named the place Peniel.","Ɔmmɔ ɔsu ni, Yakob ɔ́sia mmɔ lɛnyi ɔnii Peniel, na ɔ́su ɔnini, “Lɛ́sia mɛni lɛnyi lɛni, ɔsika lɛ́nu Unwoti Katɔti anumi ku anumi na útayila-mi ngba.”","When the sun rose, Jacob went on his way from Peniel, and the sun rose upon him, and he said, “I have seen God face to face, yet my life has been preserved.”",gerhardt_145C11AE_output (2),,48.10117163963183,6.924690678997744,4.789272030651341
So God created humans to be like himself; he made men and women.,"Ɔmmɔ ɔsu Katɔti údie ukyuli na ɔ́lɛ-nwu na nwuna udu kenye. Údie-ma, na badi ɔnana ku uleku.",The woman Kɔti went to the farm and found a child lying there. She took it and came home with it.,gerhardt_087BEB88_output_loRIsq,,19.131976704905703,6.924690678997744,4.789272030651341
"He was sorry that he had made them,",Na úduo Unwoti ka údie ukyuli ɔ́kya kalɔ lɛlɔ. Na nwuna kayi kénu ɔlɛ geen.,Unwoti's child has gone to the farm to harvest cocoyam. The child came back with a big cocoyam.,gerhardt_087BEB88_output_loRIsq,,15.933785429992927,6.924690678997744,4.789272030651341
"I will give you a son, who will be called Ishmael, because I have heard your cry for help. And someday I will give you so many descendants that no one will be able to count them all.","Na ɔ́sɔ ɔ́su-nwu lɛnɔ ɔnini, “Ada kaƒɔ ɔƒaani, na adubo ɔnanabi bɔwɔ. Na adubo-nwu lɛnyi bɔsia anii Ismael. Ɔsika Unwoti únu ƒula kɔnyana kɔni na eewulo.","The man said to the woman, “Bring me my child, and I will give you a gift. And the woman went and called the child Ismael. The man Unwoti took the child and went away with him.",gerhardt_087BEB88_output_loRIsq,,25.897863300030654,6.924690678997744,4.789272030651341
"Later, Leah had a daughter and named her Dinah.","Na uwi ɔdi kama ni, Lea úbawɔ ulekubi úte Yakob na ɔ́sia-nwu lɛnyi ɔnii Dina.","When her time came, Leah gave birth to her daughter Jacob's sixth son, and they named her Dinah.",gerhardt_087BEB88_output_loRIsq,,48.45152277009802,6.924690678997744,4.789272030651341
"Jacob said, “I have seen God face to face, and I am still alive.” So he named the place Peniel.","Ɔmmɔ ɔsu ni, Yakob ɔ́sia mmɔ lɛnyi ɔnii Peniel, na ɔ́su ɔnini, “Lɛ́sia mɛni lɛnyi lɛni, ɔsika lɛ́nu Unwoti Katɔti anumi ku anumi na útayila-mi ngba.”","When dawn broke, Jacob named the place Peniel, and he said, “I have seen God face to face, yet my life has been preserved.”",gerhardt_087BEB88_output_loRIsq,,64.02124382938469,6.924690678997744,4.789272030651341
"When your father said the speckled sheep would be my wages, all of them were speckled. And when he said the spotted ones would be mine, all of them were spotted.","Si bina ɔti ɔ́su ɔnii bebuo bebi bani na báwɔ-ma na bese nwana nwana ndi mina lɛyuƒɔla ni, na bawɔ bani nse nwana nwana. Na si ɔ́su ɔnii bani na ɔƒualadi úbo ɔ́kya-ma lɛlɔ ndi ƒula lɛyuƒɔla ni, na bawɔ bani na ɔƒualadi úbo ɔkya-ma lɛlɔ.","If a child has a mother and she gives birth to other children, they will all grow up together, and they will all be siblings. And if the mother of this child dies and her co-wife takes care of them, they will still grow up together, and they will still be siblings.",output_mich002,0.3064825,24.279324404679787,6.924690678997744,4.789272030651341
Potiphar's wife kept Joseph's coat until her husband came home.,Uleku ɔmɛni ɔ́da awu ɔmmɔ ɔ́va nwuna ɔƒɛnyi útédu ka ɔgyani úbo kaduli.,The man who was sick has recovered and is now able to walk again.,output_mich002,0.082959585,14.04597025046011,6.924690678997744,4.789272030651341
"Lamech said, “I'll name him Noah because he will give us comfort, as we struggle hard to make a living on this land that the Lord has put under a curse.”","Na ɔ́sia-nwu lɛnyi ɔnii Noa. Mmɔ na ɔ́su ɔnini, “Ubi ɔmmɔ ndubɔda-bu udie abi ani na buubó na buunú ɔlɛ geen na bula enu kabla kani na bɔɔbla kemmo ka Katɔti úwida kalɔ kammɔ ƒui ɔsu.”","Now this-man was-called Noah. He was a righteous man, and God said to him, “I am going to bring a flood of water upon the earth to destroy all flesh that has the breath of life under the sky; everything on earth will die. But I will make a covenant with you, and you shall enter the ark with your family.”",output_mich002,0.5839895,26.370962283290496,6.924690678997744,4.789272030651341
"Rebekah later told Isaac, “Those Hittite wives of Esau are making my life miserable! If Jacob marries a Hittite woman, I'd be better off dead.”","Ɔmmɔ kama ni, Rebeka úsie útásu ɔgyani Isak ɔnini, “Mina ngba bɔni na nli buukpóku-mi na Hetiƒuɔ beleku bamɛni ablala ɔsu. Na si Yakob lɛnɔ úti Hetiƒuɔ beleku bamɛni akɔ ɔdi ni, amu nsɔ lɛɛɛgyi kesii kani na mina ngba búsela.”","When Rebeka was told what Isaac’s son Esau was planning—“I’m tired of living because of these Hittite women; if Jacob also marries one of those Hittite women, life won’t be worth living for me.”",output_mich002,0.9146124,37.85071214642085,6.924690678997744,4.789272030651341
"A year later King Chedorlaomer and his allies attacked and defeated the Rephaites in Ashteroth-Karnaim, the Zuzites in Ham, and the Emites in Shaveh-Kiriathaim.","Ɔmmɔ kama na lɛkwa leevu-linedi kemmo ni, Kedorlaomer ku baga bani na anwu ku-ma násala lɛlɔ mmɔ básɔ báta bésie bétékpoku Reƒaiƒuɔ na Asteroƒ Karnaim kalɔ lɛlɔ ku Susiƒuɔ na Ham kalɔ lɛlɔ ku Emiƒuɔ na Sare Kiriataim kalɔ lɛlɔ ku","When the kings joined forces and came, Kedorlaomer and the kings with him defeated the Rephaites in Asteroth Karnaim, the Zuzites in Ham, and the Emites in Sare Kiriataim.",output_mich002,0.8123505,62.34524953111556,6.924690678997744,4.789272030651341
So God created humans to be like himself; he made men and women.,"Ɔmmɔ ɔsu Katɔti údie ukyuli na ɔ́lɛ-nwu na nwuna udu kenye. Údie-ma, na badi ɔnana ku uleku.","The woman Kɔti went to the farm to look for something to eat for her children. At the farm, she met a leopard.",john_C904F397_output (2),,19.290568351080044,6.924690678997744,4.789272030651341
"He was sorry that he had made them,",Na úduo Unwoti ka údie ukyuli ɔ́kya kalɔ lɛlɔ. Na nwuna kayi kénu ɔlɛ geen.,The Unwoti people came and settled on this land. They found people already living here.,john_C904F397_output (2),,13.576310022836532,6.924690678997744,4.789272030651341
"I will give you a son, who will be called Ishmael, because I have heard your cry for help. And someday I will give you so many descendants that no one will be able to count them all.","Na ɔ́sɔ ɔ́su-nwu lɛnɔ ɔnini, “Ada kaƒɔ ɔƒaani, na adubo ɔnanabi bɔwɔ. Na adubo-nwu lɛnyi bɔsia anii Ismael. Ɔsika Unwoti únu ƒula kɔnyana kɔni na eewulo.","When the child was born, the mother said, “Let me name him, for I have given birth to a prophet.” She named the child and called him Ishmael. The Lord heard the cry of the boy where he was.",john_C904F397_output (2),,23.513406172185842,6.924690678997744,4.789272030651341
"Later, Leah had a daughter and named her Dinah.","Na uwi ɔdi kama ni, Lea úbawɔ ulekubi úte Yakob na ɔ́sia-nwu lɛnyi ɔnii Dina.","When her child was born, Leah called him Levi, and after that she gave birth to another child, Dinah.",john_C904F397_output (2),,28.48039090527792,6.924690678997744,4.789272030651341
"Jacob said, “I have seen God face to face, and I am still alive.” So he named the place Peniel.","Ɔmmɔ ɔsu ni, Yakob ɔ́sia mmɔ lɛnyi ɔnii Peniel, na ɔ́su ɔnini, “Lɛ́sia mɛni lɛnyi lɛni, ɔsika lɛ́nu Unwoti Katɔti anumi ku anumi na útayila-mi ngba.”","When day broke, Jacob named the place Peniel, and he said, “I have seen God face to face, yet my life has been spared.”",john_C904F397_output (2),,64.26030106671395,6.924690678997744,4.789272030651341
So God created humans to be like himself; he made men and women.,"Ɔmmɔ ɔsu Katɔti údie ukyuli na ɔ́lɛ-nwu na nwuna udu kenye. Údie-ma, na badi ɔnana ku uleku.",The woman Kɔti went to the farm and found a child lying there. She came back and told her husband.,onesimus_E33AE420_Dec 11 output,,18.69176732158164,6.924690678997744,4.789272030651341
"He was sorry that he had made them,",Na úduo Unwoti ka údie ukyuli ɔ́kya kalɔ lɛlɔ. Na nwuna kayi kénu ɔlɛ geen.,Unwoti went to the farm and met a lion there. He ran away very quickly.,onesimus_E33AE420_Dec 11 output,,16.97814721015789,6.924690678997744,4.789272030651341
"I will give you a son, who will be called Ishmael, because I have heard your cry for help. And someday I will give you so many descendants that no one will be able to count them all.","Na ɔ́sɔ ɔ́su-nwu lɛnɔ ɔnini, “Ada kaƒɔ ɔƒaani, na adubo ɔnanabi bɔwɔ. Na adubo-nwu lɛnyi bɔsia anii Ismael. Ɔsika Unwoti únu ƒula kɔnyana kɔni na eewulo.","When the man got up, he said, “Ada has given birth to a son, and the child’s name is Nanabi. The child has been named after his uncle Ismael. The man Unwoti will come and see him tomorrow.”",onesimus_E33AE420_Dec 11 output,,22.52324088599995,6.924690678997744,4.789272030651341
"Later, Leah had a daughter and named her Dinah.","Na uwi ɔdi kama ni, Lea úbawɔ ulekubi úte Yakob na ɔ́sia-nwu lɛnyi ɔnii Dina.","And when she went out, Leah went to meet Jacob and told him about Dinah.",onesimus_E33AE420_Dec 11 output,,24.35642499632182,6.924690678997744,4.789272030651341
"Jacob said, “I have seen God face to face, and I am still alive.” So he named the place Peniel.","Ɔmmɔ ɔsu ni, Yakob ɔ́sia mmɔ lɛnyi ɔnii Peniel, na ɔ́su ɔnini, “Lɛ́sia mɛni lɛnyi lɛni, ɔsika lɛ́nu Unwoti Katɔti anumi ku anumi na útayila-mi ngba.”","When the sun rose, Jacob named the place Peniel, and he said, “I have seen God face to face, and my life has been preserved.”",onesimus_E33AE420_Dec 11 output,,65.80432798083773,6.924690678997744,4.789272030651341
So God created humans to be like himself; he made men and women.,"Ɔmmɔ ɔsu Katɔti údie ukyuli na ɔ́lɛ-nwu na nwuna udu kenye. Údie-ma, na badi ɔnana ku uleku.",The man Katɔti went to the farm and found a dead animal in the bush. He went and called his children to the farm.,onesimus_48E85B7F_Dec 09 output,,20.866960601675448,6.924690678997744,4.789272030651341
"He was sorry that he had made them,",Na úduo Unwoti ka údie ukyuli ɔ́kya kalɔ lɛlɔ. Na nwuna kayi kénu ɔlɛ geen.,Unwoti's child went to the farm to harvest okro. The child brought it home and gave it to his mother.,onesimus_48E85B7F_Dec 09 output,,14.290845796256828,6.924690678997744,4.789272030651341
"I will give you a son, who will be called Ishmael, because I have heard your cry for help. And someday I will give you so many descendants that no one will be able to count them all.","Na ɔ́sɔ ɔ́su-nwu lɛnɔ ɔnini, “Ada kaƒɔ ɔƒaani, na adubo ɔnanabi bɔwɔ. Na adubo-nwu lɛnyi bɔsia anii Ismael. Ɔsika Unwoti únu ƒula kɔnyana kɔni na eewulo.","The man said to the woman, “Go and bring the child, and the woman brought the child. The woman went and sat near Ishmael. The man Unwoti came and stood by them and spoke.",onesimus_48E85B7F_Dec 09 output,,20.32286885253878,6.924690678997744,4.789272030651341
"Later, Leah had a daughter and named her Dinah.","Na uwi ɔdi kama ni, Lea úbawɔ ulekubi úte Yakob na ɔ́sia-nwu lɛnyi ɔnii Dina.","When her time came, Leah gave birth to her daughter Jacob and named her Dina.",onesimus_48E85B7F_Dec 09 output,,53.025136893865785,6.924690678997744,4.789272030651341
"Jacob said, “I have seen God face to face, and I am still alive.” So he named the place Peniel.","Ɔmmɔ ɔsu ni, Yakob ɔ́sia mmɔ lɛnyi ɔnii Peniel, na ɔ́su ɔnini, “Lɛ́sia mɛni lɛnyi lɛni, ɔsika lɛ́nu Unwoti Katɔti anumi ku anumi na útayila-mi ngba.”","When day broke, Jacob named the place Peniel, and he said, “I have seen God face to face, yet my life has been preserved.”",onesimus_48E85B7F_Dec 09 output,,64.18457322509003,6.924690678997744,4.789272030651341
So God created humans to be like himself; he made men and women.,"Ɔmmɔ ɔsu Katɔti údie ukyuli na ɔ́lɛ-nwu na nwuna udu kenye. Údie-ma, na badi ɔnana ku uleku.","The woman Kɔti went to the farm to look for something to eat for her children. When she went, she met a leopard on the path.",Dec 01 output,,18.59873829832677,6.924690678997744,4.789272030651341
"He was sorry that he had made them,",Na úduo Unwoti ka údie ukyuli ɔ́kya kalɔ lɛlɔ. Na nwuna kayi kénu ɔlɛ geen.,Unwoti went to the farm and saw that the groundnuts were ripe. He took a basket and went to harvest them.,Dec 01 output,,19.786870133218795,6.924690678997744,4.789272030651341
"I will give you a son, who will be called Ishmael, because I have heard your cry for help. And someday I will give you so many descendants that no one will be able to count them all.","Na ɔ́sɔ ɔ́su-nwu lɛnɔ ɔnini, “Ada kaƒɔ ɔƒaani, na adubo ɔnanabi bɔwɔ. Na adubo-nwu lɛnyi bɔsia anii Ismael. Ɔsika Unwoti únu ƒula kɔnyana kɔni na eewulo.","He said that when the child was born, “Ada went to the farm, and the child was left with the prophet. And the child was named Ismael. The Lord God will bless him and he will grow up.”",Dec 01 output,,22.72067704798759,6.924690678997744,4.789272030651341
"Later, Leah had a daughter and named her Dinah.","Na uwi ɔdi kama ni, Lea úbawɔ ulekubi úte Yakob na ɔ́sia-nwu lɛnyi ɔnii Dina.","When he had finished speaking, Leah’s daughter Dinah went out to see the daughters of the land.",Dec 01 output,,37.020991397581874,6.924690678997744,4.789272030651341
"Jacob said, “I have seen God face to face, and I am still alive.” So he named the place Peniel.","Ɔmmɔ ɔsu ni, Yakob ɔ́sia mmɔ lɛnyi ɔnii Peniel, na ɔ́su ɔnini, “Lɛ́sia mɛni lɛnyi lɛni, ɔsika lɛ́nu Unwoti Katɔti anumi ku anumi na útayila-mi ngba.”","When day broke, Jacob named the place Peniel, and he said, “I have seen God face to face, yet my life has been spared.”",Dec 01 output,,64.26030106671395,6.924690678997744,4.789272030651341
So God created humans to be like himself; he made men and women.,"Ɔmmɔ ɔsu Katɔti údie ukyuli na ɔ́lɛ-nwu na nwuna udu kenye. Údie-ma, na badi ɔnana ku uleku.",,gerhardt_80805CFE_output_7z6RFo,,,6.924690678997744,4.789272030651341
"He was sorry that he had made them,",Na úduo Unwoti ka údie ukyuli ɔ́kya kalɔ lɛlɔ. Na nwuna kayi kénu ɔlɛ geen.,,gerhardt_80805CFE_output_7z6RFo,,,6.924690678997744,4.789272030651341
"I will give you a son, who will be called Ishmael, because I have heard your cry for help. And someday I will give you so many descendants that no one will be able to count them all.","Na ɔ́sɔ ɔ́su-nwu lɛnɔ ɔnini, “Ada kaƒɔ ɔƒaani, na adubo ɔnanabi bɔwɔ. Na adubo-nwu lɛnyi bɔsia anii Ismael. Ɔsika Unwoti únu ƒula kɔnyana kɔni na eewulo.",,gerhardt_80805CFE_output_7z6RFo,,,6.924690678997744,4.789272030651341
"Later, Leah had a daughter and named her Dinah.","Na uwi ɔdi kama ni, Lea úbawɔ ulekubi úte Yakob na ɔ́sia-nwu lɛnyi ɔnii Dina.",,gerhardt_80805CFE_output_7z6RFo,,,6.924690678997744,4.789272030651341
"Jacob said, “I have seen God face to face, and I am still alive.” So he named the place Peniel.","Ɔmmɔ ɔsu ni, Yakob ɔ́sia mmɔ lɛnyi ɔnii Peniel, na ɔ́su ɔnini, “Lɛ́sia mɛni lɛnyi lɛni, ɔsika lɛ́nu Unwoti Katɔti anumi ku anumi na útayila-mi ngba.”",,gerhardt_80805CFE_output_7z6RFo,,,6.924690678997744,4.789272030651341
So God created humans to be like himself; he made men and women.,"Ɔmmɔ ɔsu Katɔti údie ukyuli na ɔ́lɛ-nwu na nwuna udu kenye. Údie-ma, na badi ɔnana ku uleku.",The woman Kɔti went to the farm and found a child lying there. She took it and came back home.,output_JA-3,,19.262800742918408,6.924690678997744,4.789272030651341
"He was sorry that he had made them,",Na úduo Unwoti ka údie ukyuli ɔ́kya kalɔ lɛlɔ. Na nwuna kayi kénu ɔlɛ geen.,Unwoti went to the farm and found that the cassava had grown well. He was very happy.,output_JA-3,,25.959185548443774,6.924690678997744,4.789272030651341
"I will give you a son, who will be called Ishmael, because I have heard your cry for help. And someday I will give you so many descendants that no one will be able to count them all.","Na ɔ́sɔ ɔ́su-nwu lɛnɔ ɔnini, “Ada kaƒɔ ɔƒaani, na adubo ɔnanabi bɔwɔ. Na adubo-nwu lɛnyi bɔsia anii Ismael. Ɔsika Unwoti únu ƒula kɔnyana kɔni na eewulo.","He said that when the child was born, “Ada took the child and gave him to the prophet to hold. Then Ada took the child and gave him to Ishmael. The child Unwoti did not want to go with her and cried.",output_JA-3,,20.52821959637014,6.924690678997744,4.789272030651341
"Later, Leah had a daughter and named her Dinah.","Na uwi ɔdi kama ni, Lea úbawɔ ulekubi úte Yakob na ɔ́sia-nwu lɛnyi ɔnii Dina.","And when she went out, Leah went to meet Jacob and told him about Dinah.",output_JA-3,,24.35642499632182,6.924690678997744,4.789272030651341
"Jacob said, “I have seen God face to face, and I am still alive.” So he named the place Peniel.","Ɔmmɔ ɔsu ni, Yakob ɔ́sia mmɔ lɛnyi ɔnii Peniel, na ɔ́su ɔnini, “Lɛ́sia mɛni lɛnyi lɛni, ɔsika lɛ́nu Unwoti Katɔti anumi ku anumi na útayila-mi ngba.”","Here is the English translation of the Ewe text you provided:

**“When Jacob saw Peniel, he said, ‘This is the face of God, and I have seen it and lived.’”**",output_JA-3,,34.97829845792084,6.924690678997744,4.789272030651341
So God created humans to be like himself; he made men and women.,"Ɔmmɔ ɔsu Katɔti údie ukyuli na ɔ́lɛ-nwu na nwuna udu kenye. Údie-ma, na badi ɔnana ku uleku.",The woman Kɔti went to the farm and found a child lying there. She took him and went home with him.,Dec 06 output,,20.19621753582229,6.924690678997744,4.789272030651341
"He was sorry that he had made them,",Na úduo Unwoti ka údie ukyuli ɔ́kya kalɔ lɛlɔ. Na nwuna kayi kénu ɔlɛ geen.,Unwoti went to the farm and found that the cassava was ripe. He dug it up and brought it home.,Dec 06 output,,20.392109453660115,6.924690678997744,4.789272030651341
"I will give you a son, who will be called Ishmael, because I have heard your cry for help. And someday I will give you so many descendants that no one will be able to count them all.","Na ɔ́sɔ ɔ́su-nwu lɛnɔ ɔnini, “Ada kaƒɔ ɔƒaani, na adubo ɔnanabi bɔwɔ. Na adubo-nwu lɛnyi bɔsia anii Ismael. Ɔsika Unwoti únu ƒula kɔnyana kɔni na eewulo.","When the child was born, the mother said, “Let me name him, for I have given birth to a prophet.” She named the child and called him Ishmael. The Lord heard her voice and had mercy on her.",Dec 06 output,,23.626598360380726,6.924690678997744,4.789272030651341
"Later, Leah had a daughter and named her Dinah.","Na uwi ɔdi kama ni, Lea úbawɔ ulekubi úte Yakob na ɔ́sia-nwu lɛnyi ɔnii Dina.","When he was still with them, Leah’s daughter Dinah, whom she had borne to Jacob, went out to visit the women of the land.",Dec 06 output,,32.81931254114209,6.924690678997744,4.789272030651341
"Jacob said, “I have seen God face to face, and I am still alive.” So he named the place Peniel.","Ɔmmɔ ɔsu ni, Yakob ɔ́sia mmɔ lɛnyi ɔnii Peniel, na ɔ́su ɔnini, “Lɛ́sia mɛni lɛnyi lɛni, ɔsika lɛ́nu Unwoti Katɔti anumi ku anumi na útayila-mi ngba.”","When day broke, Jacob named the place Peniel, and he said, “I have seen God face to face, yet my life has been spared.”",Dec 06 output,,64.26030106671395,6.924690678997744,4.789272030651341
So God created humans to be like himself; he made men and women.,"Ɔmmɔ ɔsu Katɔti údie ukyuli na ɔ́lɛ-nwu na nwuna udu kenye. Údie-ma, na badi ɔnana ku uleku.",The woman Kɔti went to the farm and found a child lying there. She took it and came back home.,onesimus_C6D92021_Dec 02 output,,19.262800742918408,6.924690678997744,4.789272030651341
"He was sorry that he had made them,",Na úduo Unwoti ka údie ukyuli ɔ́kya kalɔ lɛlɔ. Na nwuna kayi kénu ɔlɛ geen.,The Unwoti people went to the farm to burn grass. They saw a very big elephant.,onesimus_C6D92021_Dec 02 output,,16.280730927651817,6.924690678997744,4.789272030651341
"I will give you a son, who will be called Ishmael, because I have heard your cry for help. And someday I will give you so many descendants that no one will be able to count them all.","Na ɔ́sɔ ɔ́su-nwu lɛnɔ ɔnini, “Ada kaƒɔ ɔƒaani, na adubo ɔnanabi bɔwɔ. Na adubo-nwu lɛnyi bɔsia anii Ismael. Ɔsika Unwoti únu ƒula kɔnyana kɔni na eewulo.","When the man got up, he said, “Ada has given birth to a son, and she has named him Ishmael. The child’s mother has named him Ishmael. The Lord has heard about your suffering and has answered you.",onesimus_C6D92021_Dec 02 output,,23.735104626917277,6.924690678997744,4.789272030651341
"Later, Leah had a daughter and named her Dinah.","Na uwi ɔdi kama ni, Lea úbawɔ ulekubi úte Yakob na ɔ́sia-nwu lɛnyi ɔnii Dina.","When he had finished speaking, Leah's daughter Dinah, whom she had borne to Jacob, went out to visit the women of the region.",onesimus_C6D92021_Dec 02 output,,33.13785385215679,6.924690678997744,4.789272030651341
"Jacob said, “I have seen God face to face, and I am still alive.” So he named the place Peniel.","Ɔmmɔ ɔsu ni, Yakob ɔ́sia mmɔ lɛnyi ɔnii Peniel, na ɔ́su ɔnini, “Lɛ́sia mɛni lɛnyi lɛni, ɔsika lɛ́nu Unwoti Katɔti anumi ku anumi na útayila-mi ngba.”","When day broke, Jacob named the place Peniel, and he said, “I have seen God face to face, yet my life has been spared.”",onesimus_C6D92021_Dec 02 output,,64.26030106671395,6.924690678997744,4.789272030651341
So God created humans to be like himself; he made men and women.,"Ɔmmɔ ɔsu Katɔti údie ukyuli na ɔ́lɛ-nwu na nwuna udu kenye. Údie-ma, na badi ɔnana ku uleku.",The man from Katɔti went to the farm and found a dead animal there. He came back and told his children.,Jan output 1 ,,21.94599890987055,6.924690678997744,4.789272030651341
"He was sorry that he had made them,",Na úduo Unwoti ka údie ukyuli ɔ́kya kalɔ lɛlɔ. Na nwuna kayi kénu ɔlɛ geen.,Unwoti's child has gone to the farm to harvest okra. His mother is at home cooking.,Jan output 1 ,,17.807394659151537,6.924690678997744,4.789272030651341
"I will give you a son, who will be called Ishmael, because I have heard your cry for help. And someday I will give you so many descendants that no one will be able to count them all.","Na ɔ́sɔ ɔ́su-nwu lɛnɔ ɔnini, “Ada kaƒɔ ɔƒaani, na adubo ɔnanabi bɔwɔ. Na adubo-nwu lɛnyi bɔsia anii Ismael. Ɔsika Unwoti únu ƒula kɔnyana kɔni na eewulo.","He said to his wife, “Bring me my son, and let us go and sacrifice to the prophet. Let us take Ismael with us.” The Lord God saw that he was faithful and was pleased with him.",Jan output 1 ,,18.370315592648364,6.924690678997744,4.789272030651341
"Later, Leah had a daughter and named her Dinah.","Na uwi ɔdi kama ni, Lea úbawɔ ulekubi úte Yakob na ɔ́sia-nwu lɛnyi ɔnii Dina.","And when she went out, Lea saw her daughter Dina going to see Jacob.",Jan output 1 ,,32.352531955187764,6.924690678997744,4.789272030651341
"Jacob said, “I have seen God face to face, and I am still alive.” So he named the place Peniel.","Ɔmmɔ ɔsu ni, Yakob ɔ́sia mmɔ lɛnyi ɔnii Peniel, na ɔ́su ɔnini, “Lɛ́sia mɛni lɛnyi lɛni, ɔsika lɛ́nu Unwoti Katɔti anumi ku anumi na útayila-mi ngba.”","When day broke, Jacob named the place Peniel, and he said, “I have seen God face to face, yet my life has been spared.”",Jan output 1 ,,64.26030106671395,6.924690678997744,4.789272030651341
So God created humans to be like himself; he made men and women.,"Ɔmmɔ ɔsu Katɔti údie ukyuli na ɔ́lɛ-nwu na nwuna udu kenye. Údie-ma, na badi ɔnana ku uleku.",The man Kɔtɔti went to the farm and found a dead animal in the bush. He came back and told his children.,onesimus_5B146D14_Dec 05 output,,21.08188361795238,6.924690678997744,4.789272030651341
"He was sorry that he had made them,",Na úduo Unwoti ka údie ukyuli ɔ́kya kalɔ lɛlɔ. Na nwuna kayi kénu ɔlɛ geen.,The Unwoti people came and settled here first. Then other people came to join them.,onesimus_5B146D14_Dec 05 output,,15.855811099034417,6.924690678997744,4.789272030651341
"I will give you a son, who will be called Ishmael, because I have heard your cry for help. And someday I will give you so many descendants that no one will be able to count them all.","Na ɔ́sɔ ɔ́su-nwu lɛnɔ ɔnini, “Ada kaƒɔ ɔƒaani, na adubo ɔnanabi bɔwɔ. Na adubo-nwu lɛnyi bɔsia anii Ismael. Ɔsika Unwoti únu ƒula kɔnyana kɔni na eewulo.","When the man got up he said, “Let me go and greet my father, and then I will come back. When I return I will bring my brother Ismael. The chief’s house is just nearby, so I will go and come back.",onesimus_5B146D14_Dec 05 output,,23.73111956845865,6.924690678997744,4.789272030651341
"Later, Leah had a daughter and named her Dinah.","Na uwi ɔdi kama ni, Lea úbawɔ ulekubi úte Yakob na ɔ́sia-nwu lɛnyi ɔnii Dina.","And when she went out, Leah went to meet Jacob and told him about Dinah.",onesimus_5B146D14_Dec 05 output,,24.35642499632182,6.924690678997744,4.789272030651341
"Jacob said, “I have seen God face to face, and I am still alive.” So he named the place Peniel.","Ɔmmɔ ɔsu ni, Yakob ɔ́sia mmɔ lɛnyi ɔnii Peniel, na ɔ́su ɔnini, “Lɛ́sia mɛni lɛnyi lɛni, ɔsika lɛ́nu Unwoti Katɔti anumi ku anumi na útayila-mi ngba.”","When dawn broke, Jacob named the place Peniel, and he said, “I have seen God face to face, yet my life has been preserved.”",onesimus_5B146D14_Dec 05 output,,64.02124382938469,6.924690678997744,4.789272030651341
So Abraham buried his wife Sarah in Machpelah Cave that was in the field,"Na ɔmmɔ kama ni, Abraham útáva ulekudi na Makpela lɛtakpɛ ubu na kalɔ kammɔ kemmo. Na kalɔ kammɔ kedenku Mamre na Hebron na Kanaan kalɔ kemmo.","Abraham bought the field with the cave of Machpelah from the Hittites to bury his dead. That field is in Mamre, in the land of Canaan, near Hebron.",output_eliasd,0.7208451,39.98387517421735,6.924690678997744,4.789272030651341
"Abimelech called him in and said, “Rebekah must be your wife! Why did you say she is your sister?” “Because I thought someone would kill me,” Isaac answered.","Mmɔ ni, Abimelek ɔ́ya na bálɔ Isak béte-nwu na úye-nwu ɔnini, “Ƒ'ulekudi na ɔdi nka asa na ásu-bu anii ƒula ɔnwani na ɔdi?” Amu na Isak údie kenye ɔnini, “Lɛ́yia ka si lɛ́su nnii mina uleku na ɔdi ni, badubo-mi bɔdu.”","Then Abimelek said to Isaac, “Why have you come to us when you hate us and sent us away?” But Isaac said to them, “Why have you come to me when you hate me and drove me away?”",output_eliasd,0.605263,23.43910894983343,6.924690678997744,4.789272030651341
"Go at once to your mother's father Bethuel in northern Syria and choose a wife from one of the daughters of Laban, your mother's brother.",Ta kɔnakunwi na eteesie Mesopotamia kalɔ lɛlɔ lɛlɔ na ƒula uni ɔti bene kaduli ɔni ndi Betuel kaduli. Na atáwia uleku eti na mmɔ na Laban ɔni ndi ƒula uni ɔnwani bebi belekubi akɔ.,"They say that in ancient Mesopotamia, a man named Ʋula had two sons, Betuel being the younger. When the elder son grew up, he took a wife, and Laban, the younger, also desired to take a wife.",output_eliasd,0.46761295,24.45886795473957,6.924690678997744,4.789272030651341
"But God answered: No! You and Sarah will have a son. His name will be Isaac, and I will make an everlasting promise to him and his descendants.","Mmɔ na Katɔti ɔ́su ɔnini, “Ɛɛn! Nsu ƒ'ulekudi Sara ɔdubɔwɔ ɔnanabi ute-ɔ. Na adubɔsia-nwu lɛnyi anii Isak. Ndubɔlɛ mina bunyimi ugyii ku anwu ɔmmɔ aani bunyimi bɔni makya ami ku-nwu ntɛ usela uwi ƒui ku nwuna bawɔ lɛnɔ ntɛ.","God said to Abraham, “Listen! Take your son, your only son Isaac, whom you love, and go to the land of Moriah. Offer him there as a burnt offering on one of the mountains that I will show you.”",output_eliasd,0.5711415,22.880106673103025,6.924690678997744,4.789272030651341
"Jacob asked the shepherds, “Where are you from?” “We're from Haran,” they answered.","Amu na Yakob úye baƒonu badane bammɔ ɔnini, “Banwa, wɛ na bɛ́si?” Mmɔ na bédie kenye banini, “Bɔ́si Haran ɔma kemmo.”","Then Jacob said to them, “My brothers, where are you from?” And they said to him, “We are from Haran.”",output_eliasd,0.8983902,46.540805643458036,6.924690678997744,4.789272030651341
So God created humans to be like himself; he made men and women.,"Ɔmmɔ ɔsu Katɔti údie ukyuli na ɔ́lɛ-nwu na nwuna udu kenye. Údie-ma, na badi ɔnana ku uleku.",The woman Kɔti went to the farm and found a child lying there. She took him and came home with him.,gerhardt_428C0151_output_jQjr1f,,19.884485480150744,6.924690678997744,4.789272030651341
"He was sorry that he had made them,",Na úduo Unwoti ka údie ukyuli ɔ́kya kalɔ lɛlɔ. Na nwuna kayi kénu ɔlɛ geen.,Unwoti went to the farm and found that the cassava had grown well. He was very happy.,gerhardt_428C0151_output_jQjr1f,,25.959185548443774,6.924690678997744,4.789272030651341
"I will give you a son, who will be called Ishmael, because I have heard your cry for help. And someday I will give you so many descendants that no one will be able to count them all.","Na ɔ́sɔ ɔ́su-nwu lɛnɔ ɔnini, “Ada kaƒɔ ɔƒaani, na adubo ɔnanabi bɔwɔ. Na adubo-nwu lɛnyi bɔsia anii Ismael. Ɔsika Unwoti únu ƒula kɔnyana kɔni na eewulo.","The man said to the woman, “Go and bring the child, and the woman brought the child. And the woman went and sat by Ishmael. The man Unwoti came and stood there and cried.",gerhardt_428C0151_output_jQjr1f,,20.553616209147755,6.924690678997744,4.789272030651341
"Later, Leah had a daughter and named her Dinah.","Na uwi ɔdi kama ni, Lea úbawɔ ulekubi úte Yakob na ɔ́sia-nwu lɛnyi ɔnii Dina.","And when she went out, Leah went to meet Jacob and told him about Dinah.",gerhardt_428C0151_output_jQjr1f,,24.35642499632182,6.924690678997744,4.789272030651341
"Jacob said, “I have seen God face to face, and I am still alive.” So he named the place Peniel.","Ɔmmɔ ɔsu ni, Yakob ɔ́sia mmɔ lɛnyi ɔnii Peniel, na ɔ́su ɔnini, “Lɛ́sia mɛni lɛnyi lɛni, ɔsika lɛ́nu Unwoti Katɔti anumi ku anumi na útayila-mi ngba.”","The sun rose, and Jacob called the place Peniel, and the sun rose, and he said, “I have seen God face to face, yet my life was spared.”",gerhardt_428C0151_output_jQjr1f,,60.0168221378766,6.924690678997744,4.789272030651341
So God created humans to be like himself; he made men and women.,"Ɔmmɔ ɔsu Katɔti údie ukyuli na ɔ́lɛ-nwu na nwuna udu kenye. Údie-ma, na badi ɔnana ku uleku.",The woman Kɔti went to the farm and found her child had died. She came back and told her husband.,gerhardt_E4DFEBFE_output_T8d1lo,,19.054071336095426,6.924690678997744,4.789272030651341
"He was sorry that he had made them,",Na úduo Unwoti ka údie ukyuli ɔ́kya kalɔ lɛlɔ. Na nwuna kayi kénu ɔlɛ geen.,Unwoti's child went to the farm to harvest okra. The child saw a very big snake.,gerhardt_E4DFEBFE_output_T8d1lo,,15.176628113741128,6.924690678997744,4.789272030651341
"I will give you a son, who will be called Ishmael, because I have heard your cry for help. And someday I will give you so many descendants that no one will be able to count them all.","Na ɔ́sɔ ɔ́su-nwu lɛnɔ ɔnini, “Ada kaƒɔ ɔƒaani, na adubo ɔnanabi bɔwɔ. Na adubo-nwu lɛnyi bɔsia anii Ismael. Ɔsika Unwoti únu ƒula kɔnyana kɔni na eewulo.","When the man got up, he said, “Ada has given birth to a child, and the child’s name is Unwoti. The child was named after his grandfather Ismael. The man Unwoti came to the village and settled there.",gerhardt_E4DFEBFE_output_T8d1lo,,19.977717781071412,6.924690678997744,4.789272030651341
"Later, Leah had a daughter and named her Dinah.","Na uwi ɔdi kama ni, Lea úbawɔ ulekubi úte Yakob na ɔ́sia-nwu lɛnyi ɔnii Dina.","When her son was born, Leah said, “The Lord has given me my son,” and she named him Dan.",gerhardt_E4DFEBFE_output_T8d1lo,,25.26111746790876,6.924690678997744,4.789272030651341
"Jacob said, “I have seen God face to face, and I am still alive.” So he named the place Peniel.","Ɔmmɔ ɔsu ni, Yakob ɔ́sia mmɔ lɛnyi ɔnii Peniel, na ɔ́su ɔnini, “Lɛ́sia mɛni lɛnyi lɛni, ɔsika lɛ́nu Unwoti Katɔti anumi ku anumi na útayila-mi ngba.”","When the sun rose, Jacob went on his way from Peniel, and the sun rose upon him, and he said, “I have seen God face to face, yet my life has been preserved.”",gerhardt_E4DFEBFE_output_T8d1lo,,48.10117163963183,6.924690678997744,4.789272030651341
So God created humans to be like himself; he made men and women.,"Ɔmmɔ ɔsu Katɔti údie ukyuli na ɔ́lɛ-nwu na nwuna udu kenye. Údie-ma, na badi ɔnana ku uleku.",The man from Katɔti went to the farm and found a dead animal there. He came back and told his children.,onesimus_4838858E_Jan output 1 ,,21.94599890987055,6.924690678997744,4.789272030651341
"He was sorry that he had made them,",Na úduo Unwoti ka údie ukyuli ɔ́kya kalɔ lɛlɔ. Na nwuna kayi kénu ɔlɛ geen.,Unwoti's child has gone to the farm to harvest okra. His mother is at home cooking.,onesimus_4838858E_Jan output 1 ,,17.807394659151537,6.924690678997744,4.789272030651341
"I will give you a son, who will be called Ishmael, because I have heard your cry for help. And someday I will give you so many descendants that no one will be able to count them all.","Na ɔ́sɔ ɔ́su-nwu lɛnɔ ɔnini, “Ada kaƒɔ ɔƒaani, na adubo ɔnanabi bɔwɔ. Na adubo-nwu lɛnyi bɔsia anii Ismael. Ɔsika Unwoti únu ƒula kɔnyana kɔni na eewulo.","He said to his wife, “Bring me my son, and let us go and sacrifice to the prophet. Let us take Ismael with us.” The Lord God saw that he was faithful and was pleased with him.",onesimus_4838858E_Jan output 1 ,,18.370315592648364,6.924690678997744,4.789272030651341
"Later, Leah had a daughter and named her Dinah.","Na uwi ɔdi kama ni, Lea úbawɔ ulekubi úte Yakob na ɔ́sia-nwu lɛnyi ɔnii Dina.","And when she went out, Lea saw her daughter Dina going to see Jacob.",onesimus_4838858E_Jan output 1 ,,32.352531955187764,6.924690678997744,4.789272030651341
"Jacob said, “I have seen God face to face, and I am still alive.” So he named the place Peniel.","Ɔmmɔ ɔsu ni, Yakob ɔ́sia mmɔ lɛnyi ɔnii Peniel, na ɔ́su ɔnini, “Lɛ́sia mɛni lɛnyi lɛni, ɔsika lɛ́nu Unwoti Katɔti anumi ku anumi na útayila-mi ngba.”","When day broke, Jacob named the place Peniel, and he said, “I have seen God face to face, yet my life has been spared.”",onesimus_4838858E_Jan output 1 ,,64.26030106671395,6.924690678997744,4.789272030651341
So God created humans to be like himself; he made men and women.,"Ɔmmɔ ɔsu Katɔti údie ukyuli na ɔ́lɛ-nwu na nwuna udu kenye. Údie-ma, na badi ɔnana ku uleku.",The man Katɔti went to the farm and found a dead snake on the path. He took it and went to put it in the pot.,gerhardt_2F3FAF10_output (1),,19.011908687553202,6.924690678997744,4.789272030651341
"He was sorry that he had made them,",Na úduo Unwoti ka údie ukyuli ɔ́kya kalɔ lɛlɔ. Na nwuna kayi kénu ɔlɛ geen.,Unwoti went to the farm to harvest okro. He saw a very big snake.,gerhardt_2F3FAF10_output (1),,14.864904238494207,6.924690678997744,4.789272030651341
"I will give you a son, who will be called Ishmael, because I have heard your cry for help. And someday I will give you so many descendants that no one will be able to count them all.","Na ɔ́sɔ ɔ́su-nwu lɛnɔ ɔnini, “Ada kaƒɔ ɔƒaani, na adubo ɔnanabi bɔwɔ. Na adubo-nwu lɛnyi bɔsia anii Ismael. Ɔsika Unwoti únu ƒula kɔnyana kɔni na eewulo.","He said that when the child was born, “Ada went to the farm, and the child was left with the prophet. The child grew up and became like Ishmael. He took Unwoti’s daughter and married her and they lived together.",gerhardt_2F3FAF10_output (1),,21.254748933758343,6.924690678997744,4.789272030651341
"Later, Leah had a daughter and named her Dinah.","Na uwi ɔdi kama ni, Lea úbawɔ ulekubi úte Yakob na ɔ́sia-nwu lɛnyi ɔnii Dina.","When he had finished speaking, Leah’s daughter Dinah went out to see the women of the land.",gerhardt_2F3FAF10_output (1),,36.2089507683386,6.924690678997744,4.789272030651341
"Jacob said, “I have seen God face to face, and I am still alive.” So he named the place Peniel.","Ɔmmɔ ɔsu ni, Yakob ɔ́sia mmɔ lɛnyi ɔnii Peniel, na ɔ́su ɔnini, “Lɛ́sia mɛni lɛnyi lɛni, ɔsika lɛ́nu Unwoti Katɔti anumi ku anumi na útayila-mi ngba.”","When day broke, Jacob named the place Peniel, and he said, “I have seen God face to face, yet my life has been spared.”",gerhardt_2F3FAF10_output (1),,64.26030106671395,6.924690678997744,4.789272030651341
So God created humans to be like himself; he made men and women.,"Ɔmmɔ ɔsu Katɔti údie ukyuli na ɔ́lɛ-nwu na nwuna udu kenye. Údie-ma, na badi ɔnana ku uleku.",The woman Kɔti went to the farm and found a child lying there. She took him and went home with him.,onesimus_778C5456_Dec 06 output,,20.19621753582229,6.924690678997744,4.789272030651341
"He was sorry that he had made them,",Na úduo Unwoti ka údie ukyuli ɔ́kya kalɔ lɛlɔ. Na nwuna kayi kénu ɔlɛ geen.,Unwoti went to the farm and found that the cassava was ripe. He dug it up and brought it home.,onesimus_778C5456_Dec 06 output,,20.392109453660115,6.924690678997744,4.789272030651341
"I will give you a son, who will be called Ishmael, because I have heard your cry for help. And someday I will give you so many descendants that no one will be able to count them all.","Na ɔ́sɔ ɔ́su-nwu lɛnɔ ɔnini, “Ada kaƒɔ ɔƒaani, na adubo ɔnanabi bɔwɔ. Na adubo-nwu lɛnyi bɔsia anii Ismael. Ɔsika Unwoti únu ƒula kɔnyana kɔni na eewulo.","When the child was born, the mother said, “Let me name him, for I have given birth to a prophet.” She named the child and called him Ishmael. The Lord heard her voice and had mercy on her.",onesimus_778C5456_Dec 06 output,,23.626598360380726,6.924690678997744,4.789272030651341
"Later, Leah had a daughter and named her Dinah.","Na uwi ɔdi kama ni, Lea úbawɔ ulekubi úte Yakob na ɔ́sia-nwu lɛnyi ɔnii Dina.","When he was still with them, Leah’s daughter Dinah, whom she had borne to Jacob, went out to visit the women of the land.",onesimus_778C5456_Dec 06 output,,32.81931254114209,6.924690678997744,4.789272030651341
"Jacob said, “I have seen God face to face, and I am still alive.” So he named the place Peniel.","Ɔmmɔ ɔsu ni, Yakob ɔ́sia mmɔ lɛnyi ɔnii Peniel, na ɔ́su ɔnini, “Lɛ́sia mɛni lɛnyi lɛni, ɔsika lɛ́nu Unwoti Katɔti anumi ku anumi na útayila-mi ngba.”","When day broke, Jacob named the place Peniel, and he said, “I have seen God face to face, yet my life has been spared.”",onesimus_778C5456_Dec 06 output,,64.26030106671395,6.924690678997744,4.789272030651341
So God created humans to be like himself; he made men and women.,"Ɔmmɔ ɔsu Katɔti údie ukyuli na ɔ́lɛ-nwu na nwuna udu kenye. Údie-ma, na badi ɔnana ku uleku.","The woman Kɔti went to the farm to look for something to eat for her child. When she went, she met a leopard on the path.",gerhardt_E3C23636_output_AHjhdB,,17.94282339107632,6.924690678997744,4.789272030651341
"He was sorry that he had made them,",Na úduo Unwoti ka údie ukyuli ɔ́kya kalɔ lɛlɔ. Na nwuna kayi kénu ɔlɛ geen.,Unwoti went to the farm to harvest okro. He saw a very big snake.,gerhardt_E3C23636_output_AHjhdB,,14.864904238494207,6.924690678997744,4.789272030651341
"I will give you a son, who will be called Ishmael, because I have heard your cry for help. And someday I will give you so many descendants that no one will be able to count them all.","Na ɔ́sɔ ɔ́su-nwu lɛnɔ ɔnini, “Ada kaƒɔ ɔƒaani, na adubo ɔnanabi bɔwɔ. Na adubo-nwu lɛnyi bɔsia anii Ismael. Ɔsika Unwoti únu ƒula kɔnyana kɔni na eewulo.","And the Lord said to Abraham, “Take your son, your only son, and offer him as a burnt offering. And Abraham took his son Isaac to offer him. But the Lord provided a ram to be offered instead of his son.",gerhardt_E3C23636_output_AHjhdB,,18.592224706577582,6.924690678997744,4.789272030651341
"Later, Leah had a daughter and named her Dinah.","Na uwi ɔdi kama ni, Lea úbawɔ ulekubi úte Yakob na ɔ́sia-nwu lɛnyi ɔnii Dina.","When he had finished speaking, Leah’s daughter Dinah went out to see the women of the land.",gerhardt_E3C23636_output_AHjhdB,,36.2089507683386,6.924690678997744,4.789272030651341
"Jacob said, “I have seen God face to face, and I am still alive.” So he named the place Peniel.","Ɔmmɔ ɔsu ni, Yakob ɔ́sia mmɔ lɛnyi ɔnii Peniel, na ɔ́su ɔnini, “Lɛ́sia mɛni lɛnyi lɛni, ɔsika lɛ́nu Unwoti Katɔti anumi ku anumi na útayila-mi ngba.”","When day broke, Jacob named the place Peniel, and he said, “I have seen God face to face, yet my life has been spared.”",gerhardt_E3C23636_output_AHjhdB,,64.26030106671395,6.924690678997744,4.789272030651341
So God created humans to be like himself; he made men and women.,"Ɔmmɔ ɔsu Katɔti údie ukyuli na ɔ́lɛ-nwu na nwuna udu kenye. Údie-ma, na badi ɔnana ku uleku.","The woman Kɔti went to the farm to look for something to eat for her child. When she went, she met a leopard on the path.",Dec 12 output,,17.94282339107632,6.924690678997744,4.789272030651341
"He was sorry that he had made them,",Na úduo Unwoti ka údie ukyuli ɔ́kya kalɔ lɛlɔ. Na nwuna kayi kénu ɔlɛ geen.,Unwoti went to the farm and found that the cassava had grown well. He was very happy.,Dec 12 output,,25.959185548443774,6.924690678997744,4.789272030651341
"I will give you a son, who will be called Ishmael, because I have heard your cry for help. And someday I will give you so many descendants that no one will be able to count them all.","Na ɔ́sɔ ɔ́su-nwu lɛnɔ ɔnini, “Ada kaƒɔ ɔƒaani, na adubo ɔnanabi bɔwɔ. Na adubo-nwu lɛnyi bɔsia anii Ismael. Ɔsika Unwoti únu ƒula kɔnyana kɔni na eewulo.","He said that the woman told her child, ""Go to your father and tell the prophet to come. And tell the woman called Ismael to come too. The chief's messenger is coming to call them to the meeting place.",Dec 12 output,,24.167962387071302,6.924690678997744,4.789272030651341
"Later, Leah had a daughter and named her Dinah.","Na uwi ɔdi kama ni, Lea úbawɔ ulekubi úte Yakob na ɔ́sia-nwu lɛnyi ɔnii Dina.","When her son was born, Leah said, “The Lord has given me my reward,” and she named him Dan.",Dec 12 output,,25.286637301372515,6.924690678997744,4.789272030651341
"Jacob said, “I have seen God face to face, and I am still alive.” So he named the place Peniel.","Ɔmmɔ ɔsu ni, Yakob ɔ́sia mmɔ lɛnyi ɔnii Peniel, na ɔ́su ɔnini, “Lɛ́sia mɛni lɛnyi lɛni, ɔsika lɛ́nu Unwoti Katɔti anumi ku anumi na útayila-mi ngba.”","When day broke, Jacob named the place Peniel, and he said, “I have seen God face to face, yet my life has been preserved.”",Dec 12 output,,64.18457322509003,6.924690678997744,4.789272030651341
The Lord wasn't pleased with Onan and took his life too.,Na Katɔti ɔ́nu ka lɛla lɛni na Onan lɛnɔ ɔɔbla mɛni lɛdi kalala na nwuna anumi ɔsu ɔ́ya na anwu lɛnɔ úkpi.,And Katɔti said that Onan should not go to the farm today because the sun is very hot.,nsanku_output_kcn,0.43370727,17.584823231627585,6.924690678997744,4.789272030651341
"The king of Sodom said to Abram, “All I want are my people. You can keep everything else.”","Sodom ɔga úvele Abram ɔnini, “Nyonu bekyuli bammɔ te-mi, na eti ala ammɔ ƒui.”","Sodom said to Abram, “Give me the people and keep the goods for yourself.”",nsanku_output_kcn,0.89026046,39.20197741065346,6.924690678997744,4.789272030651341
"Even before I had finished praying, Rebekah came by with a water jar on her shoulder. When she had filled the jar, I asked her for a drink.","“Uwi ɔni na lɛ́kpali katɔ mɔɔwɔlɔ lɛni na mina lili kemmo kani na Rebeka ɔ́da ɔ́lɛ. Na nwuna libui lɛsia-nwu lɛmangba, na ɔ́yu úduo libiɔ lɛmmɔ kemmo útédu ntu. Na lɛ́su-nwu nnini, ‘Buvele, te-mi ƒula ntu bɔmmɔ bɔdi na lɛni.’","Rebeka went to the river to fetch water and saw a man who was standing by the roadside. She looked at him carefully, and the man asked her for some water to drink. Then she said, ‘Drink, and I will also draw water for your camels.’",nsanku_output_kcn,0.66919506,32.647381150273766,6.924690678997744,4.789272030651341
"One day, when Jacob was cooking some stew, Esau came home hungry","Limeyi lɛdi ka Yakob ɔkya ɔɔbla kutu ƒɛƒɛɛ kɔdi ni, Esau ɔ́si kabuinkɔ úbeduo na kɔka kɔ́du-nwu ƒui.","When Jacob was boiling some stew, Esau came in from the field and was very hungry.",nsanku_output_kcn,0.83460623,58.989865466552324,6.924690678997744,4.789272030651341
"The Lord who rules heaven brought me here from the land where I was born and promised that he would give this land to my descendants forever. When you go back there, the Lord will send his angel ahead of you to help you find a wife for my son.","Na ɔ́sɔ ɔ́su-nwu ɔnini, “Unwoti ɔni ndi Katɔti ni, anwu nálɔ-mi ɔ́siku mina ɔti kaduli ku mina kalɔ lɛlɔ. Na anwu nákpali lɛlɔ úse-mi kenye ɔnini, ‘Ƒula bawɔ na ndubuti kalɔ kamɛni lite.’ Anwu ɔmmɔ ndubɔya na nwuna ɔtu ɔtɔnku-ɔ. Na ɔdubɔya na akɛ uleku asiku mmɔ eboku mina ubi ɔnanabi.","When the man was about to die, he said, “I am going to the place of Katɔti, and today I will leave my house and go to the place of the dead. And when I reach the place of the dead, they will ask me, ‘What did you do with the people you lived with?’ I will answer that I did not mistreat anyone. And I will say that I never took another person’s things or slept with another man’s wife.”",nsanku_output_kcn,0.37311417,26.502567447372243,6.924690678997744,4.789272030651341
So God created humans to be like himself; he made men and women.,"Ɔmmɔ ɔsu Katɔti údie ukyuli na ɔ́lɛ-nwu na nwuna udu kenye. Údie-ma, na badi ɔnana ku uleku.",The woman Kɔti went to the farm and found a dead animal in the bush. She went and told her husband about it.,onesimus_CF2838B3_Dec 03 output,,19.119209301241035,6.924690678997744,4.789272030651341
"He was sorry that he had made them,",Na úduo Unwoti ka údie ukyuli ɔ́kya kalɔ lɛlɔ. Na nwuna kayi kénu ɔlɛ geen.,Unwoti went to the farm to harvest okra. He saw a very big snake.,onesimus_CF2838B3_Dec 03 output,,14.864904238494207,6.924690678997744,4.789272030651341
"I will give you a son, who will be called Ishmael, because I have heard your cry for help. And someday I will give you so many descendants that no one will be able to count them all.","Na ɔ́sɔ ɔ́su-nwu lɛnɔ ɔnini, “Ada kaƒɔ ɔƒaani, na adubo ɔnanabi bɔwɔ. Na adubo-nwu lɛnyi bɔsia anii Ismael. Ɔsika Unwoti únu ƒula kɔnyana kɔni na eewulo.","When the man got up, he said, “Let me go and greet my father, and let me also greet my mother.” Then he went and met a certain man named Ishmael. He asked Unwoti to give him some water so that he could wash.",onesimus_CF2838B3_Dec 03 output,,22.64287607135622,6.924690678997744,4.789272030651341
"Later, Leah had a daughter and named her Dinah.","Na uwi ɔdi kama ni, Lea úbawɔ ulekubi úte Yakob na ɔ́sia-nwu lɛnyi ɔnii Dina.","When her time came, Leah gave birth to her sixth son and she named him Dinah.",onesimus_CF2838B3_Dec 03 output,,31.901088589271293,6.924690678997744,4.789272030651341
"Jacob said, “I have seen God face to face, and I am still alive.” So he named the place Peniel.","Ɔmmɔ ɔsu ni, Yakob ɔ́sia mmɔ lɛnyi ɔnii Peniel, na ɔ́su ɔnini, “Lɛ́sia mɛni lɛnyi lɛni, ɔsika lɛ́nu Unwoti Katɔti anumi ku anumi na útayila-mi ngba.”","When the sun rose, Jacob named the place Peniel, and he said, “I have seen God face to face, yet my life has been preserved.”",onesimus_CF2838B3_Dec 03 output,,63.65298115678372,6.924690678997744,4.789272030651341
So God created humans to be like himself; he made men and women.,"Ɔmmɔ ɔsu Katɔti údie ukyuli na ɔ́lɛ-nwu na nwuna udu kenye. Údie-ma, na badi ɔnana ku uleku.",The woman Kɔti went to the farm and found a child lying there. She took it and came home with it.,john_BA3F5F9A_output (3),,19.131976704905703,6.924690678997744,4.789272030651341
"He was sorry that he had made them,",Na úduo Unwoti ka údie ukyuli ɔ́kya kalɔ lɛlɔ. Na nwuna kayi kénu ɔlɛ geen.,Unwoti went to the farm and met a leopard there. The leopard wanted to eat him.,john_BA3F5F9A_output (3),,17.270215056436,6.924690678997744,4.789272030651341
"I will give you a son, who will be called Ishmael, because I have heard your cry for help. And someday I will give you so many descendants that no one will be able to count them all.","Na ɔ́sɔ ɔ́su-nwu lɛnɔ ɔnini, “Ada kaƒɔ ɔƒaani, na adubo ɔnanabi bɔwɔ. Na adubo-nwu lɛnyi bɔsia anii Ismael. Ɔsika Unwoti únu ƒula kɔnyana kɔni na eewulo.","The man said to the woman, “Go and bring the child, and the woman brought the boy. The woman’s name was Hagar. Abraham got up early in the morning to send them away.",john_BA3F5F9A_output (3),,17.234884785288514,6.924690678997744,4.789272030651341
"Later, Leah had a daughter and named her Dinah.","Na uwi ɔdi kama ni, Lea úbawɔ ulekubi úte Yakob na ɔ́sia-nwu lɛnyi ɔnii Dina.","When her time came, Leah bore a son and named him Jacob, and she said, “Now my husband will love me.”",john_BA3F5F9A_output (3),,28.263859743991254,6.924690678997744,4.789272030651341
"Jacob said, “I have seen God face to face, and I am still alive.” So he named the place Peniel.","Ɔmmɔ ɔsu ni, Yakob ɔ́sia mmɔ lɛnyi ɔnii Peniel, na ɔ́su ɔnini, “Lɛ́sia mɛni lɛnyi lɛni, ɔsika lɛ́nu Unwoti Katɔti anumi ku anumi na útayila-mi ngba.”","That same night, Jacob got up and crossed the Jabbok ford, and he said, “I will cross over and see my brother, for the Lord has commanded me to go and meet him.”",john_BA3F5F9A_output (3),,25.88305534160763,6.924690678997744,4.789272030651341
