Model,Similarity Score (%),Raw Score
deepseek-v3.1,47.32%,47.31673860000001
qwen3-32b,39.32%,39.31735750399999
kimi-k2-instruct-0905,39.21%,39.2146465288889
llama-3.1-405b-instruct,35.19%,35.191836210000005
qwen3-235b-a22b,34.83%,34.830111820000006
gemma2-9b-it,33.67%,33.6685444616
llama-4-maverick-17b-128e-instruct,33.46%,33.45772924
llama-3.3-70b-instruct,32.50%,32.50277415
gpt-oss-120b,29.81%,29.811267228000006
