Model,Similarity Score (%),Raw Score
deepseek-v3.1,41.80%,41.8005275
kimi-k2-instruct-0905,40.63%,40.62523679636364
qwen3-32b,39.32%,39.31735750399999
llama-3.1-405b-instruct,37.44%,37.43988100666667
gemma-2-27b-it,35.96%,35.96061579999999
qwen3-235b-a22b,35.25%,35.25146558000001
gemma2-9b-it,33.67%,33.6685444616
llama-4-maverick-17b-128e-instruct,33.46%,33.45772924
llama-3.3-70b-instruct,32.99%,32.98596585000001
gpt-oss-120b,29.81%,29.811267228000006
