Model,Similarity Score (%),Raw Score
qwen3-32b,41.15%,41.145830180000004
kimi-k2-instruct-0905,40.52%,40.516359179999995
gemma2-9b-it,37.68%,37.679953727000004
llama-4-maverick-17b-128e-instruct,35.19%,35.187680300000004
gpt-oss-120b,28.94%,28.937883955
