Model,Similarity Score (%),Raw Score
deepseek-v3.1,55.37%,55.3724026
kimi-k2-instruct-0905,40.34%,40.33531961999998
qwen3-32b,39.32%,39.31735750399999
llama-3.3-70b-instruct,37.29%,37.2899752
gemma2-9b-it,33.67%,33.6685444616
llama-4-maverick-17b-128e-instruct,33.46%,33.45772924
llama-3.1-405b-instruct,33.09%,33.085852519999996
gpt-oss-120b,29.81%,29.811267228000006
qwen3-235b-a22b,28.79%,28.790329479999997
