Model,Similarity Score (%),Raw Score
deepseek-v3.1,48.84%,48.843079933333335
kimi-k2-instruct-0905,39.47%,39.473969595
qwen3-32b,39.32%,39.31735750399999
qwen3-235b-a22b,36.98%,36.97983033333333
gemma2-9b-it,33.67%,33.6685444616
llama-4-maverick-17b-128e-instruct,33.46%,33.45772924
llama-3.1-405b-instruct,32.76%,32.76093958
llama-3.3-70b-instruct,32.56%,32.5568296
gpt-oss-120b,29.81%,29.811267228000006
