Model,Similarity Score (%),Raw Score
qwen3-32b,39.32%,39.31735750399999
kimi-k2-instruct-0905,38.14%,38.137159903999994
gemma2-9b-it,33.67%,33.6685444616
llama-4-maverick-17b-128e-instruct,33.46%,33.45772924
gpt-oss-120b,29.81%,29.811267228000006
