Model,Similarity Score (%),Raw Score
deepseek-v3.1,45.53%,45.530095360000004
qwen3-32b,39.32%,39.31735750399999
kimi-k2-instruct-0905,38.76%,38.755019996
qwen3-235b-a22b,35.77%,35.770890136
llama-3.1-405b-instruct,35.43%,35.432072768000005
gemma2-9b-it,33.67%,33.6685444616
llama-4-maverick-17b-128e-instruct,33.46%,33.45772924
llama-3.3-70b-instruct,31.81%,31.807771136000003
gpt-oss-120b,29.81%,29.811267228000006
