{
  "language_pair": "bud-eng",
  "timestamp": "2025-11-07T13:48:47.222588",
  "models": {
    "gemma-2-27b-it": 38.16443531054139,
    "palmyra-med-70b": 45.9021745,
    "mistral-7b-instruct-v0.3": 25.957422010000002,
    "gemma2-9b-it": 33.6685444616,
    "gpt-oss-120b": 24.98989222001148,
    "llama-3.3-70b-instruct": 33.07579882790091,
    "mistral-medium-3-instruct": 26.521814341452128,
    "llama-4-maverick-17b-128e-instruct": 32.97297356832895,
    "deepseek-v3.1": 40.79838567155921,
    "seed-oss-36b-instruct": 31.8859806221667,
    "qwen3-235b-a22b": 33.08975951880643,
    "qwq-32b": 20.834160093230793,
    "llama-3.1-405b-instruct": 39.58908709174049,
    "kimi-k2-instruct-0905": 38.006308167359634,
    "gemma-2-9b-it": 32.43437611356506,
    "qwen3-32b": 39.317357504
  },
  "average_score": 33.575529376391444,
  "best_model": "palmyra-med-70b",
  "best_score": 45.9021745
}