{
  "language_pair": "bud-eng",
  "timestamp": "2026-01-12T13:35:15.690017",
  "models": {
    "gemma-2-27b-it": 29.00599703838453,
    "palmyra-med-70b": 45.9021745,
    "mistral-7b-instruct-v0.3": 25.957422010000002,
    "gemma2-9b-it": 33.6685444616,
    "gpt-oss-120b": 20.469323240442705,
    "llama-3.3-70b-instruct": 34.04385776191406,
    "mistral-medium-3-instruct": 26.924488620259968,
    "llama-4-maverick-17b-128e-instruct": 30.057153846295265,
    "deepseek-v3.1": 33.69674100169678,
    "seed-oss-36b-instruct": 25.388935904882814,
    "qwen3-235b-a22b": 29.99019606552612,
    "qwq-32b": 25.220403848216595,
    "llama-3.1-405b-instruct": 34.16700469183594,
    "kimi-k2-instruct-0905": 31.0756315535471,
    "gemma-2-9b-it": 29.083009528340515,
    "qwen3-32b": 39.317357504
  },
  "average_score": 30.8730150985589,
  "best_model": "palmyra-med-70b",
  "best_score": 45.9021745
}