{
  "language_pair": "bud-eng",
  "timestamp": "2026-01-19T12:02:40.437891",
  "models": {
    "gemma-2-27b-it": 28.92522200100922,
    "claude-sonnet-4-5": 47.3619867960612,
    "palmyra-med-70b": 45.9021745,
    "mistral-7b-instruct-v0.3": 25.957422010000002,
    "gemma2-9b-it": 33.6685444616,
    "gpt-oss-120b": 21.003715463533382,
    "llama-3.3-70b-instruct": 33.98063408037684,
    "mistral-medium-3-instruct": 26.967504095411414,
    "llama-4-maverick-17b-128e-instruct": 30.160657961640037,
    "deepseek-v3.1": 33.96101852201143,
    "seed-oss-36b-instruct": 25.412351756143682,
    "qwen3-235b-a22b": 30.09452464806542,
    "qwq-32b": 25.980736157199207,
    "llama-3.1-405b-instruct": 34.05609230647059,
    "kimi-k2-instruct-0905": 30.961393314525683,
    "gpt-4.1": 37.18288167317708,
    "gemini-2.5-flash": 58.355784098307296,
    "gemma-2-9b-it": 29.106937481277413,
    "qwen3-32b": 39.317357504
  },
  "average_score": 33.59773362267421,
  "best_model": "gemini-2.5-flash",
  "best_score": 58.355784098307296
}