{
  "language_pair": "bud-eng",
  "timestamp": "2026-01-28T14:52:24.375513",
  "models": {
    "bleu": {
      "gemma-2-27b-it": 1.692040824256045,
      "claude-sonnet-4-5": 5.779295140244423,
      "palmyra-med-70b": 2.9455928234615865,
      "mistral-7b-instruct-v0.3": 2.164332300283352,
      "gemma2-9b-it": 3.947739232443801,
      "gpt-oss-120b": 1.8891734132048787,
      "llama-3.3-70b-instruct": 1.8579362070112633,
      "mistral-medium-3-instruct": 1.9976395514694196,
      "llama-4-maverick-17b-128e-instruct": 2.098539313229478,
      "deepseek-v3.1": 2.4804298034602854,
      "seed-oss-36b-instruct": 1.9117364639375753,
      "qwen3-235b-a22b": 2.4010255423242985,
      "qwq-32b": 1.85551269883746,
      "llama-3.1-405b-instruct": 2.4945918193266365,
      "kimi-k2-instruct-0905": 2.439939196459357,
      "gpt-4.1": 4.098606479566368,
      "gemini-2.5-flash": 6.905378307459803,
      "gemma-2-9b-it": 1.8742485793300625,
      "qwen3-32b": 2.8970768430869214
    },
    "chrf": {
      "gemma-2-27b-it": 16.264001614485824,
      "claude-sonnet-4-5": 27.10114710408087,
      "palmyra-med-70b": 22.292533557449058,
      "mistral-7b-instruct-v0.3": 18.368545968188364,
      "gemma2-9b-it": 19.566619115753987,
      "gpt-oss-120b": 15.740915760901535,
      "llama-3.3-70b-instruct": 20.095419244225276,
      "mistral-medium-3-instruct": 20.23381293056451,
      "llama-4-maverick-17b-128e-instruct": 21.41705402720155,
      "deepseek-v3.1": 20.99815684184002,
      "seed-oss-36b-instruct": 20.362846460491625,
      "qwen3-235b-a22b": 20.54320005651775,
      "qwq-32b": 18.805681899389384,
      "llama-3.1-405b-instruct": 21.911643456004565,
      "kimi-k2-instruct-0905": 21.337007204419763,
      "gpt-4.1": 23.29805682294392,
      "gemini-2.5-flash": 30.54081900363241,
      "gemma-2-9b-it": 17.545615778186097,
      "qwen3-32b": 21.81049126018336
    },
    "average": {
      "gemma-2-27b-it": 8.978021219370936,
      "claude-sonnet-4-5": 16.440221122162644,
      "palmyra-med-70b": 12.619063190455325,
      "mistral-7b-instruct-v0.3": 10.266439134235858,
      "gemma2-9b-it": 11.757179174098894,
      "gpt-oss-120b": 8.815044587053206,
      "llama-3.3-70b-instruct": 10.976677725618268,
      "mistral-medium-3-instruct": 11.115726241016963,
      "llama-4-maverick-17b-128e-instruct": 11.757796670215512,
      "deepseek-v3.1": 11.739293322650152,
      "seed-oss-36b-instruct": 11.1372914622146,
      "qwen3-235b-a22b": 11.472112799421025,
      "qwq-32b": 10.330597299113423,
      "llama-3.1-405b-instruct": 12.203117637665601,
      "kimi-k2-instruct-0905": 11.88847320043956,
      "gpt-4.1": 13.698331651255145,
      "gemini-2.5-flash": 18.723098655546107,
      "gemma-2-9b-it": 9.709932178758079,
      "qwen3-32b": 12.353784051635142
    }
  },
  "best_model": "gemini-2.5-flash",
  "best_model_scores": {
    "BLEU": 6.905378307459803,
    "chrF": 30.54081900363241,
    "Average": 18.723098655546107
  }
}