{
  "language_pair": "bud-eng",
  "timestamp": "2026-01-16T14:45:12.042247",
  "models": {
    "gemma-2-27b-it": 28.00647657910218,
    "palmyra-med-70b": 45.9021745,
    "mistral-7b-instruct-v0.3": 25.957422010000002,
    "gemma2-9b-it": 33.6685444616,
    "gpt-oss-120b": 20.692404397263296,
    "llama-3.3-70b-instruct": 33.980436613694856,
    "mistral-medium-3-instruct": 26.96720015017767,
    "llama-4-maverick-17b-128e-instruct": 30.16024346916103,
    "deepseek-v3.1": 33.95952349727424,
    "gemini": 60.38684082031251,
    "seed-oss-36b-instruct": 25.414656263983744,
    "qwen3-235b-a22b": 29.828149979180836,
    "qwq-32b": 25.728208953515306,
    "llama-3.1-405b-instruct": 34.05523063367647,
    "kimi-k2-instruct-0905": 30.96151036825,
    "claude": 50.30558776855468,
    "gemma-2-9b-it": 26.75790073568548,
    "chatgpt": 32.6392707824707,
    "qwen3-32b": 39.317357504
  },
  "average_score": 33.404691551994894,
  "best_model": "gemini",
  "best_score": 60.38684082031251
}