{
  "language_pair": "bud-eng",
  "timestamp": "2025-10-09T07:08:39.335087",
  "models": {
    "gemma2-9b-it": 33.6685444616,
    "gpt-oss-120b": 29.811267228000006,
    "llama-4-maverick-17b-128e-instruct": 33.45772924,
    "kimi-k2-instruct-0905": 38.137159903999994,
    "qwen3-32b": 39.31735750399999
  },
  "average_score": 34.87841166752,
  "best_model": "qwen3-32b",
  "best_score": 39.31735750399999
}