{
  "language_pair": "bud-eng",
  "timestamp": "2025-10-18T17:11:57.665456",
  "models": {
    "gemma2-9b-it": 33.6685444616,
    "gpt-oss-120b": 29.811267228000006,
    "llama-3.3-70b-instruct": 32.50277415,
    "llama-4-maverick-17b-128e-instruct": 33.45772924,
    "deepseek-v3.1": 47.31673860000001,
    "qwen3-235b-a22b": 34.830111820000006,
    "llama-3.1-405b-instruct": 35.191836210000005,
    "kimi-k2-instruct-0905": 39.2146465288889,
    "qwen3-32b": 39.31735750399999
  },
  "average_score": 36.145667304720995,
  "best_model": "deepseek-v3.1",
  "best_score": 47.31673860000001
}