{
  "language_pair": "bud-eng",
  "timestamp": "2025-10-05T08:21:39.635422",
  "models": {
    "gemma2-9b-it": 37.679953727000004,
    "gpt-oss-120b": 28.937883955,
    "llama-4-maverick-17b-128e-instruct": 35.187680300000004,
    "kimi-k2-instruct-0905": 40.516359179999995,
    "qwen3-32b": 41.145830180000004
  },
  "average_score": 36.6935414684,
  "best_model": "qwen3-32b",
  "best_score": 41.145830180000004
}