{
  "language_pair": "bud-eng",
  "timestamp": "2026-01-16T11:13:51.065450",
  "models": {
    "gemma-2-27b-it": 28.00698036134424,
    "palmyra-med-70b": 45.9021745,
    "mistral-7b-instruct-v0.3": 25.957422010000002,
    "gemma2-9b-it": 33.6685444616,
    "gpt-oss-120b": 20.692459055612176,
    "llama-3.3-70b-instruct": 33.980436613694856,
    "mistral-medium-3-instruct": 26.96743641529864,
    "llama-4-maverick-17b-128e-instruct": 30.160220694848995,
    "deepseek-v3.1": 33.96021014278205,
    "gemini": 60.38684082031251,
    "seed-oss-36b-instruct": 25.414861150143338,
    "qwen3-235b-a22b": 29.82952551413603,
    "qwq-32b": 25.728778081736394,
    "llama-3.1-405b-instruct": 34.05691807623162,
    "kimi-k2-instruct-0905": 30.960415079829623,
    "claude": 50.30605697631836,
    "gemma-2-9b-it": 26.758589842288306,
    "chatgpt": 32.6392707824707,
    "qwen3-32b": 39.317357504
  },
  "average_score": 33.404973583297256,
  "best_model": "gemini",
  "best_score": 60.38684082031251
}