{
  "language_pair": "bud-eng",
  "timestamp": "2026-01-29T11:31:01.114389",
  "models": {
    "bleu": {
      "gemma-2-27b-it": 4.4782388238006465,
      "claude-sonnet-4-5": 13.826777579228938,
      "palmyra-med-70b": 6.917184228205474,
      "mistral-7b-instruct-v0.3": 3.3401870323578753,
      "gemma2-9b-it": 6.288914797547567,
      "gpt-oss-120b": 6.896869224045711,
      "llama-3.3-70b-instruct": 12.446366700418011,
      "mistral-medium-3-instruct": 3.2210808545375818,
      "llama-4-maverick-17b-128e-instruct": 5.730386865842681,
      "deepseek-v3.1": 7.682709195409893,
      "seed-oss-36b-instruct": 5.594147299480393,
      "qwen3-235b-a22b": 8.039313477786735,
      "qwq-32b": 0.0,
      "llama-3.1-405b-instruct": 9.915499897247548,
      "kimi-k2-instruct-0905": 7.428860694358236,
      "gpt-4.1": 6.024757292375468,
      "gemini-2.5-flash": 14.13084448848397,
      "gemma-2-9b-it": 4.449945957170704,
      "qwen3-32b": 6.300334062720186
    },
    "chrf": {
      "gemma-2-27b-it": 16.264001614485824,
      "claude-sonnet-4-5": 27.10114710408087,
      "palmyra-med-70b": 22.292533557449058,
      "mistral-7b-instruct-v0.3": 18.368545968188364,
      "gemma2-9b-it": 19.566619115753987,
      "gpt-oss-120b": 15.740915760901535,
      "llama-3.3-70b-instruct": 20.095419244225276,
      "mistral-medium-3-instruct": 20.23381293056451,
      "llama-4-maverick-17b-128e-instruct": 21.41705402720155,
      "deepseek-v3.1": 20.99815684184002,
      "seed-oss-36b-instruct": 20.362846460491625,
      "qwen3-235b-a22b": 20.54320005651775,
      "qwq-32b": 18.805681899389384,
      "llama-3.1-405b-instruct": 21.911643456004565,
      "kimi-k2-instruct-0905": 21.337007204419763,
      "gpt-4.1": 23.29805682294392,
      "gemini-2.5-flash": 30.54081900363241,
      "gemma-2-9b-it": 17.545615778186097,
      "qwen3-32b": 21.81049126018336
    },
    "average": {
      "gemma-2-27b-it": 10.371120219143236,
      "claude-sonnet-4-5": 20.463962341654906,
      "palmyra-med-70b": 14.604858892827266,
      "mistral-7b-instruct-v0.3": 10.85436650027312,
      "gemma2-9b-it": 12.927766956650776,
      "gpt-oss-120b": 11.318892492473623,
      "llama-3.3-70b-instruct": 16.270892972321644,
      "mistral-medium-3-instruct": 11.727446892551047,
      "llama-4-maverick-17b-128e-instruct": 13.573720446522117,
      "deepseek-v3.1": 14.340433018624957,
      "seed-oss-36b-instruct": 12.97849687998601,
      "qwen3-235b-a22b": 14.291256767152243,
      "qwq-32b": 9.402840949694692,
      "llama-3.1-405b-instruct": 15.913571676626056,
      "kimi-k2-instruct-0905": 14.382933949388999,
      "gpt-4.1": 14.661407057659694,
      "gemini-2.5-flash": 22.33583174605819,
      "gemma-2-9b-it": 10.9977808676784,
      "qwen3-32b": 14.055412661451772
    }
  },
  "best_model": "gemini-2.5-flash",
  "best_model_scores": {
    "BLEU": 14.13084448848397,
    "chrF": 30.54081900363241,
    "Average": 22.33583174605819
  }
}