{
  "language_pair": "bud-eng",
  "timestamp": "2026-01-14T12:27:14.052246",
  "models": {
    "gemma-2-27b-it": 28.007949173348212,
    "palmyra-med-70b": 45.9021745,
    "mistral-7b-instruct-v0.3": 25.957422010000002,
    "gemma2-9b-it": 33.6685444616,
    "gpt-oss-120b": 20.692331519464787,
    "llama-3.3-70b-instruct": 33.980436613694856,
    "mistral-medium-3-instruct": 26.96743641529864,
    "llama-4-maverick-17b-128e-instruct": 30.160316346959537,
    "deepseek-v3.1": 33.96071390721507,
    "seed-oss-36b-instruct": 25.416761423127994,
    "qwen3-235b-a22b": 29.82812305190602,
    "qwq-32b": 25.728642106237082,
    "llama-3.1-405b-instruct": 34.05476389424633,
    "kimi-k2-instruct-0905": 30.961393314525683,
    "gemma-2-9b-it": 26.757999179485886,
    "qwen3-32b": 39.317357504
  },
  "average_score": 30.71014783881938,
  "best_model": "palmyra-med-70b",
  "best_score": 45.9021745
}