{
  "language_pair": "tcd-eng",
  "timestamp": "2026-01-29T11:31:21.459218",
  "models": {
    "bleu": {
      "mistral-7b-instruct-v0.3": 3.5792807886387674,
      "gemma2-9b-it": 4.814971807094068,
      "mistral-medium-3-instruct": 1.664356790958625,
      "seed-oss-36b-instruct": 7.26370968248932,
      "kimi-k2-instruct-0905": 7.674523025879262,
      "qwq-32b": 7.560832959899523,
      "gemma-2-27b-it": 2.369898273250278,
      "llama-3.1-405b-instruct": 8.856118812407034,
      "llama-4-maverick-17b-128e-instruct": 9.150844206032527,
      "gpt-oss-120b": 4.965433893917862,
      "qwen3-235b-a22b": 8.312565735249724,
      "gemma-2-9b-it": 4.710743974805434,
      "claude-sonnet-4-5": 38.14726399386984,
      "llama-3.3-70b-instruct": 10.29704156126819,
      "gpt-4.1": 14.914736113719043,
      "qwen3-32b": 4.466216597703003,
      "palmyra-med-70b": 3.433204728811111,
      "gemini-2.5-flash": 25.129575018368946,
      "deepseek-v3.1": 7.178406716604458
    },
    "chrf": {
      "mistral-7b-instruct-v0.3": 20.038105277855053,
      "gemma2-9b-it": 20.819458555940752,
      "mistral-medium-3-instruct": 21.403946462321066,
      "seed-oss-36b-instruct": 22.893164401676263,
      "kimi-k2-instruct-0905": 21.845621933335053,
      "qwq-32b": 21.357543221109193,
      "gemma-2-27b-it": 19.54270147366452,
      "llama-3.1-405b-instruct": 22.76973520121726,
      "llama-4-maverick-17b-128e-instruct": 23.224044974715735,
      "gpt-oss-120b": 17.639918214477113,
      "qwen3-235b-a22b": 21.235584588038073,
      "gemma-2-9b-it": 19.487209719212967,
      "claude-sonnet-4-5": 25.127503399401167,
      "llama-3.3-70b-instruct": 21.552713359612227,
      "gpt-4.1": 23.304191307983327,
      "qwen3-32b": 20.603510415040006,
      "palmyra-med-70b": 22.838238732976745,
      "gemini-2.5-flash": 24.13206041531952,
      "deepseek-v3.1": 22.56460351859122
    },
    "average": {
      "mistral-7b-instruct-v0.3": 11.80869303324691,
      "gemma2-9b-it": 12.81721518151741,
      "mistral-medium-3-instruct": 11.534151626639845,
      "seed-oss-36b-instruct": 15.078437042082792,
      "kimi-k2-instruct-0905": 14.760072479607157,
      "qwq-32b": 14.459188090504359,
      "gemma-2-27b-it": 10.956299873457398,
      "llama-3.1-405b-instruct": 15.812927006812146,
      "llama-4-maverick-17b-128e-instruct": 16.18744459037413,
      "gpt-oss-120b": 11.302676054197487,
      "qwen3-235b-a22b": 14.774075161643898,
      "gemma-2-9b-it": 12.098976847009201,
      "claude-sonnet-4-5": 31.637383696635503,
      "llama-3.3-70b-instruct": 15.924877460440207,
      "gpt-4.1": 19.109463710851184,
      "qwen3-32b": 12.534863506371504,
      "palmyra-med-70b": 13.135721730893927,
      "gemini-2.5-flash": 24.630817716844234,
      "deepseek-v3.1": 14.871505117597838
    }
  },
  "best_model": "claude-sonnet-4-5",
  "best_model_scores": {
    "BLEU": 38.14726399386984,
    "chrF": 25.127503399401167,
    "Average": 31.637383696635503
  }
}