Model,Similarity Score (%),Raw Score
kimi-k2-instruct-0905,35.08%,35.075124532000004
qwen3-32b,33.27%,33.26573784
gemma2-9b-it,32.51%,32.50760102
gpt-oss-120b,28.36%,28.359461546160002
llama-4-maverick-17b-128e-instruct,22.96%,22.955351581200002
