Model,Similarity Score (%),Raw Score
qwen3-235b-a22b,42.26%,42.264149573333334
kimi-k2-instruct-0905,35.43%,35.4337828575
llama-3.3-70b-instruct,35.02%,35.01847743333333
qwen3-32b,33.27%,33.26573784
gemma2-9b-it,32.51%,32.50760102
gpt-oss-120b,28.36%,28.359461546160002
llama-3.1-405b-instruct,24.43%,24.426309386666667
llama-4-maverick-17b-128e-instruct,22.96%,22.955351581200002
deepseek-v3.1,20.64%,20.63874008
