Model,Similarity Score (%),Raw Score
gemma2-9b-it,33.76%,33.7608531
kimi-k2-instruct-0905,31.60%,31.596932765
qwen3-32b,29.98%,29.983970850000002
gpt-oss-120b,29.39%,29.385213617699996
llama-4-maverick-17b-128e-instruct,20.06%,20.0589884565
