Model,Similarity Score (%),Raw Score
kimi-k2-instruct-0905,34.76%,34.755327466
llama-3.3-70b-instruct,34.17%,34.172966767999995
qwen3-32b,33.27%,33.26573784
gemma2-9b-it,32.51%,32.50760102
qwen3-235b-a22b,32.24%,32.236116432
llama-3.1-405b-instruct,30.37%,30.373242044000005
gpt-oss-120b,28.36%,28.359461546160002
deepseek-v3.1,23.75%,23.752111852000002
llama-4-maverick-17b-128e-instruct,22.96%,22.955351581200002
