Model,Similarity Score (%),Raw Score
qwen3-235b-a22b,36.68%,36.676088480000004
llama-3.3-70b-instruct,36.31%,36.314198175
kimi-k2-instruct-0905,35.04%,35.040291984444444
qwen3-32b,33.27%,33.26573784
gemma2-9b-it,32.51%,32.50760102
llama-3.1-405b-instruct,28.86%,28.861038904999997
gpt-oss-120b,28.36%,28.359461546160002
llama-4-maverick-17b-128e-instruct,22.96%,22.955351581200002
deepseek-v3.1,21.59%,21.591260815000002
