Model,Similarity Score (%),Raw Score
qwen3-235b-a22b,43.26%,43.26001432
kimi-k2-instruct-0905,36.45%,36.45227450999999
qwen3-32b,33.27%,33.26573784
gemma2-9b-it,32.51%,32.50760102
deepseek-v3.1,32.18%,32.1785562
llama-3.1-405b-instruct,29.68%,29.675099799999998
llama-3.3-70b-instruct,28.73%,28.72665058
gpt-oss-120b,28.36%,28.359461546160002
llama-4-maverick-17b-128e-instruct,22.96%,22.955351581200002
