{
  "language_pair": "naw-eng",
  "timestamp": "2026-01-19T11:10:28.194391",
  "models": {
    "qwq-32b": 26.666474879957697,
    "palmyra-med-70b": 27.920722659999996,
    "seed-oss-36b-instruct": 24.023365008137247,
    "llama-4-maverick-17b-128e-instruct": 31.14240090531281,
    "mistral-medium-3-instruct": 29.81950843903704,
    "mistral-7b-instruct-v0.3": 24.371200240000004,
    "gemma-2-27b-it": 26.4209029337468,
    "qwen3-235b-a22b": 29.393578074673126,
    "gemini-2.5-flash": 49.93095429738363,
    "gemma2-9b-it": 32.50760102,
    "gpt-oss-120b": 20.579172471188517,
    "gemma-2-9b-it": 24.376483610381868,
    "deepseek-v3.1": 32.60065862867905,
    "kimi-k2-instruct-0905": 35.940542434583556,
    "claude-sonnet-4-5": 41.06429763634999,
    "qwen3-32b": 33.26573784,
    "llama-3.1-405b-instruct": 30.57113341565487,
    "gpt-4.1": 36.17090896765391,
    "llama-3.3-70b-instruct": 28.562866700329803
  },
  "average_score": 30.806763692793155,
  "best_model": "gemini-2.5-flash",
  "best_score": 49.93095429738363
}