{
  "language_pair": "naw-eng",
  "timestamp": "2026-01-28T14:52:23.026163",
  "models": {
    "bleu": {
      "qwq-32b": 1.6993584105955268,
      "palmyra-med-70b": 2.134834869587549,
      "seed-oss-36b-instruct": 1.7629008614977855,
      "llama-4-maverick-17b-128e-instruct": 2.2195397952841773,
      "mistral-medium-3-instruct": 2.1953957673788596,
      "mistral-7b-instruct-v0.3": 1.964825239487634,
      "gemma-2-27b-it": 1.9221334384388848,
      "qwen3-235b-a22b": 2.144932490090372,
      "gemini-2.5-flash": 7.223646707996516,
      "gemma2-9b-it": 2.5866414813451026,
      "gpt-oss-120b": 1.9259704915770453,
      "gemma-2-9b-it": 1.5603495464722423,
      "deepseek-v3.1": 2.4142184281798484,
      "kimi-k2-instruct-0905": 2.940643441246317,
      "claude-sonnet-4-5": 5.074504265412101,
      "qwen3-32b": 2.736495978026982,
      "llama-3.1-405b-instruct": 2.9947304356712645,
      "gpt-4.1": 4.018506940874163,
      "llama-3.3-70b-instruct": 1.9057088528647075
    },
    "chrf": {
      "qwq-32b": 19.715231511618633,
      "palmyra-med-70b": 20.502347956798907,
      "seed-oss-36b-instruct": 21.082101573030595,
      "llama-4-maverick-17b-128e-instruct": 23.55593590854078,
      "mistral-medium-3-instruct": 22.17410750314232,
      "mistral-7b-instruct-v0.3": 21.14249616927284,
      "gemma-2-27b-it": 20.53053312700973,
      "qwen3-235b-a22b": 21.296955133294503,
      "gemini-2.5-flash": 29.407448009695557,
      "gemma2-9b-it": 19.393263446043886,
      "gpt-oss-120b": 19.11243802372933,
      "gemma-2-9b-it": 16.282138884864057,
      "deepseek-v3.1": 23.353268349334858,
      "kimi-k2-instruct-0905": 23.358739794312218,
      "claude-sonnet-4-5": 26.122443232922688,
      "qwen3-32b": 21.47228785769653,
      "llama-3.1-405b-instruct": 21.056594953476832,
      "gpt-4.1": 23.483966900208248,
      "llama-3.3-70b-instruct": 20.60725780657329
    },
    "average": {
      "qwq-32b": 10.70729496110708,
      "palmyra-med-70b": 11.31859141319323,
      "seed-oss-36b-instruct": 11.422501217264191,
      "llama-4-maverick-17b-128e-instruct": 12.887737851912476,
      "mistral-medium-3-instruct": 12.18475163526059,
      "mistral-7b-instruct-v0.3": 11.553660704380233,
      "gemma-2-27b-it": 11.226333282724308,
      "qwen3-235b-a22b": 11.720943811692436,
      "gemini-2.5-flash": 18.315547358846032,
      "gemma2-9b-it": 10.989952463694497,
      "gpt-oss-120b": 10.519204257653186,
      "gemma-2-9b-it": 8.92124421566815,
      "deepseek-v3.1": 12.883743388757356,
      "kimi-k2-instruct-0905": 13.149691617779265,
      "claude-sonnet-4-5": 15.598473749167393,
      "qwen3-32b": 12.104391917861754,
      "llama-3.1-405b-instruct": 12.025662694574049,
      "gpt-4.1": 13.751236920541205,
      "llama-3.3-70b-instruct": 11.256483329719
    }
  },
  "best_model": "gemini-2.5-flash",
  "best_model_scores": {
    "BLEU": 7.223646707996516,
    "chrF": 29.407448009695557,
    "Average": 18.315547358846032
  }
}