{
  "language_pair": "naw-eng",
  "timestamp": "2025-09-25T07:32:38.815161",
  "models": {
    "llama-4-maverick-17b-128e-instruct": 11.57933472,
    "gemma2-9b-it": 33.7921002,
    "gpt-oss-120b": 25.771166620000002,
    "kimi-k2-instruct-0905": 23.818911599999996,
    "qwen3-32b": 26.360983599999997
  },
  "average_score": 24.264499347999998,
  "best_model": "gemma2-9b-it",
  "best_score": 33.7921002
}