{
  "language_pair": "naw-eng",
  "timestamp": "2025-10-05T08:21:36.678234",
  "models": {
    "llama-4-maverick-17b-128e-instruct": 20.0589884565,
    "gemma2-9b-it": 33.7608531,
    "gpt-oss-120b": 29.385213617699996,
    "kimi-k2-instruct-0905": 31.596932765,
    "qwen3-32b": 29.983970850000002
  },
  "average_score": 28.957191757839997,
  "best_model": "gemma2-9b-it",
  "best_score": 33.7608531
}