{
  "language_pair": "naw-eng",
  "timestamp": "2026-01-12T13:35:15.397382",
  "models": {
    "qwq-32b": 26.633119916503905,
    "palmyra-med-70b": 27.920722659999996,
    "seed-oss-36b-instruct": 23.983939453103112,
    "llama-4-maverick-17b-128e-instruct": 31.135259260069702,
    "mistral-medium-3-instruct": 29.883085703047673,
    "mistral-7b-instruct-v0.3": 24.371200240000004,
    "gemma-2-27b-it": 26.51250132353627,
    "qwen3-235b-a22b": 29.354370597786644,
    "gemma2-9b-it": 32.50760102,
    "gpt-oss-120b": 20.75215940238559,
    "gemma-2-9b-it": 24.296467046703256,
    "deepseek-v3.1": 32.652045342450705,
    "kimi-k2-instruct-0905": 35.87744693677103,
    "qwen3-32b": 33.26573784,
    "llama-3.1-405b-instruct": 30.505682655922616,
    "llama-3.3-70b-instruct": 28.66410517155514
  },
  "average_score": 28.64471528561473,
  "best_model": "kimi-k2-instruct-0905",
  "best_score": 35.87744693677103
}