{
  "language_pair": "naw-eng",
  "timestamp": "2026-01-16T11:13:50.829143",
  "models": {
    "qwq-32b": 26.540883991830977,
    "palmyra-med-70b": 27.920722659999996,
    "seed-oss-36b-instruct": 24.022861225895184,
    "llama-4-maverick-17b-128e-instruct": 31.142369490158856,
    "mistral-medium-3-instruct": 29.81950843903704,
    "mistral-7b-instruct-v0.3": 24.371200240000004,
    "gemma-2-27b-it": 25.58138843709015,
    "qwen3-235b-a22b": 29.35354610749578,
    "gemma2-9b-it": 32.50760102,
    "gpt-oss-120b": 20.518508613018433,
    "gemma-2-9b-it": 22.44229012955419,
    "deepseek-v3.1": 32.600151498336686,
    "claude": 40.86543262004852,
    "kimi-k2-instruct-0905": 35.94112352271498,
    "qwen3-32b": 33.26573784,
    "llama-3.1-405b-instruct": 30.57113341565487,
    "llama-3.3-70b-instruct": 28.562866700329803,
    "gemini": 50.41851806640625,
    "chatgpt": 0.0
  },
  "average_score": 28.760307579872197,
  "best_model": "gemini",
  "best_score": 50.41851806640625
}