ref,text,translated,source_zip_file,similarity_score,chrf_sentence,corpus_bleu,corpus_chrf
"where they stayed until Herod died. So the Lord's promise came true, just as the prophet had said, “I called my son out of Egypt.” The Killing of the Children",U din be leŋe nan yoo nba ki Bat Herod din tan kpo na. Linba kur din tun a lin gbeen linba ki ti Yomdaanɔ Yennu din te ki u sɔkiniisɔɔ pak li po nee a “N din nyinn n bija maŋ Ijipt tingbouŋ nie.” Bonjabis kpinu labaar,"After the death of King Herod, the Lord spoke to Joseph in a dream, saying, “Take the child and his mother and go to Egypt, and remain there until I tell you.”",Dec 08 output,,28.529836522248942,8.685338257513335,4.030710172744721
Look at the birds in the sky! They don't plant or harvest. They don't even store grain in barns. Yet your Father in heaven takes care of them. Aren't you worth much more than birds?,"Gotir nɔɔnii nba yuuk ki lin na; bi ki buuri; bi bia ki jaan ki wuu suka nan naapaat ni, ŋaan ki i Baa Yennu nba be sanpaapo na dintib. I ki mɔk nyɔɔt ki gar nɔɔnii-ii?","Where can I go from your word? They have become heavy; they have gone to the land of the dead where there is no return, where the sun sets and the stars are born. Who can hide from your word?",Dec 08 output,,24.09433774425199,8.685338257513335,4.030710172744721
"I promise you on the day of judgment, everyone will have to account for every careless word they have spoken.","“N beerie na, barbunu daar, Yennu tan sa bu niib buut nan ba din piak baryana kur nba na paak,","He went there, did the work there, and Yennu went to the house where the dog was barking and chased it and caught it.",Dec 08 output,,17.15688962613764,8.685338257513335,4.030710172744721
"Homeowners never know when a thief is coming, and they are always on guard to keep one from breaking in.","Ŋaan bant man nan li-i tee ki ŋaadaanɔ poŋ mi yoo nba ki nanyukɔɔ yaa wun baar u ŋaak ni nyiɔku, u sii kare ki guu; u kan sak ki nanyukɔɔ-n tan kɔɔ ki jamɔ.","The man took the thing to the place and did something, then they gave birth to something, and he spoke to the person, he went to look for something; he carried the something into the house to do something.",Dec 08 output,,23.8681885995179,8.685338257513335,4.030710172744721
The soldiers nailed Jesus to a cross and gambled to see who would get his clothes.,"Ba kpaau ki tabinɔ dapunpunn paak gbenn yoonba, ki bi tɔ tiatia ki chent chent u tiat na,",,Dec 08 output,,,8.685338257513335,4.030710172744721
"where they stayed until Herod died. So the Lord's promise came true, just as the prophet had said, “I called my son out of Egypt.” The Killing of the Children",U din be leŋe nan yoo nba ki Bat Herod din tan kpo na. Linba kur din tun a lin gbeen linba ki ti Yomdaanɔ Yennu din te ki u sɔkiniisɔɔ pak li po nee a “N din nyinn n bija maŋ Ijipt tingbouŋ nie.” Bonjabis kpinu labaar,"He went to the house of Herod to kill the child there. The wise men returned and met Joseph the Righteous, who was warned in a dream to go to Egypt. He said, ""I was told to go to Egypt and stay there."" Afterwards, Herod died.",onesimus_31223989_Dec 12 output,,30.27354672060405,8.685338257513335,4.030710172744721
Look at the birds in the sky! They don't plant or harvest. They don't even store grain in barns. Yet your Father in heaven takes care of them. Aren't you worth much more than birds?,"Gotir nɔɔnii nba yuuk ki lin na; bi ki buuri; bi bia ki jaan ki wuu suka nan naapaat ni, ŋaan ki i Baa Yennu nba be sanpaapo na dintib. I ki mɔk nyɔɔt ki gar nɔɔnii-ii?","I have eaten and drunk; I have gone and slept; I have completed the day's duties, then I went to pray to Baa Yennu. Do you know the way to inquire about nɔɔnii?",onesimus_31223989_Dec 12 output,,17.26713855176511,8.685338257513335,4.030710172744721
"I promise you on the day of judgment, everyone will have to account for every careless word they have spoken.","“N beerie na, barbunu daar, Yennu tan sa bu niib buut nan ba din piak baryana kur nba na paak,","I ate rice, cooked it, then washed my hands with water before they made the meal for me, which made me full.",onesimus_31223989_Dec 12 output,,18.367637081587358,8.685338257513335,4.030710172744721
"Homeowners never know when a thief is coming, and they are always on guard to keep one from breaking in.","Ŋaan bant man nan li-i tee ki ŋaadaanɔ poŋ mi yoo nba ki nanyukɔɔ yaa wun baar u ŋaak ni nyiɔku, u sii kare ki guu; u kan sak ki nanyukɔɔ-n tan kɔɔ ki jamɔ.","I have told you what to do for ŋaadaanɔ: come here, go when you have eaten the food and taken his water, and sit there; finish eating and then go to jamɔ.",onesimus_31223989_Dec 12 output,,23.565315967283013,8.685338257513335,4.030710172744721
The soldiers nailed Jesus to a cross and gambled to see who would get his clothes.,"Ba kpaau ki tabinɔ dapunpunn paak gbenn yoonba, ki bi tɔ tiatia ki chent chent u tiat na,","They eat and work hard in the farm, tying and pulling the ropes repeatedly there,",onesimus_31223989_Dec 12 output,,15.502383188950352,8.685338257513335,4.030710172744721
"where they stayed until Herod died. So the Lord's promise came true, just as the prophet had said, “I called my son out of Egypt.” The Killing of the Children",U din be leŋe nan yoo nba ki Bat Herod din tan kpo na. Linba kur din tun a lin gbeen linba ki ti Yomdaanɔ Yennu din te ki u sɔkiniisɔɔ pak li po nee a “N din nyinn n bija maŋ Ijipt tingbouŋ nie.” Bonjabis kpinu labaar,"He sent a message to Herod's son to have him killed. John the Baptist was put in prison and told his disciples on the Lord's day, saying, ""I was sent to Egypt to take refuge."" John the Baptist's head was presented.",john_AC86BE0F_output (5),,26.49697096658371,8.685338257513335,4.030710172744721
Look at the birds in the sky! They don't plant or harvest. They don't even store grain in barns. Yet your Father in heaven takes care of them. Aren't you worth much more than birds?,"Gotir nɔɔnii nba yuuk ki lin na; bi ki buuri; bi bia ki jaan ki wuu suka nan naapaat ni, ŋaan ki i Baa Yennu nba be sanpaapo na dintib. I ki mɔk nyɔɔt ki gar nɔɔnii-ii?","The woman who was sick for a long time gave birth; she named the child Suka, and the people of the town rejoiced greatly. What do you think about this story?",john_AC86BE0F_output (5),,21.30219998587801,8.685338257513335,4.030710172744721
"I promise you on the day of judgment, everyone will have to account for every careless word they have spoken.","“N beerie na, barbunu daar, Yennu tan sa bu niib buut nan ba din piak baryana kur nba na paak,","My child, the elder is here, Yennu and you are not separated, the people have spoken well of the place where they have gathered.",john_AC86BE0F_output (5),,28.690112519722792,8.685338257513335,4.030710172744721
"Homeowners never know when a thief is coming, and they are always on guard to keep one from breaking in.","Ŋaan bant man nan li-i tee ki ŋaadaanɔ poŋ mi yoo nba ki nanyukɔɔ yaa wun baar u ŋaak ni nyiɔku, u sii kare ki guu; u kan sak ki nanyukɔɔ-n tan kɔɔ ki jamɔ.",Ŋaan Bant went to the earth and came to Nanyukɔɔ where the people were; he spoke to them; he began his journey to Nanyukɔɔ and then departed.,john_AC86BE0F_output (5),,20.278568302817458,8.685338257513335,4.030710172744721
The soldiers nailed Jesus to a cross and gambled to see who would get his clothes.,"Ba kpaau ki tabinɔ dapunpunn paak gbenn yoonba, ki bi tɔ tiatia ki chent chent u tiat na,","But when the elders came to speak to the chief, they refused to accept his decision.",john_AC86BE0F_output (5),,21.480873873427477,8.685338257513335,4.030710172744721
"where they stayed until Herod died. So the Lord's promise came true, just as the prophet had said, “I called my son out of Egypt.” The Killing of the Children",U din be leŋe nan yoo nba ki Bat Herod din tan kpo na. Linba kur din tun a lin gbeen linba ki ti Yomdaanɔ Yennu din te ki u sɔkiniisɔɔ pak li po nee a “N din nyinn n bija maŋ Ijipt tingbouŋ nie.” Bonjabis kpinu labaar,"When he heard this, King Herod ordered the child to be killed. But the wise men were warned in a dream by the Lord God not to return to Herod, so they left for their country by another way, saying, ""I will bring my child out of Egypt.""",output_JA-4,,30.89734973078614,8.685338257513335,4.030710172744721
Look at the birds in the sky! They don't plant or harvest. They don't even store grain in barns. Yet your Father in heaven takes care of them. Aren't you worth much more than birds?,"Gotir nɔɔnii nba yuuk ki lin na; bi ki buuri; bi bia ki jaan ki wuu suka nan naapaat ni, ŋaan ki i Baa Yennu nba be sanpaapo na dintib. I ki mɔk nyɔɔt ki gar nɔɔnii-ii?","Gotir, my child, who speaks to me; listen to me; you understand me; you also know how to love your neighbor as yourself; come to the house of our God who has prepared a place for us. Have you seen the way to follow, my child?",output_JA-4,,18.935140683882782,8.685338257513335,4.030710172744721
"I promise you on the day of judgment, everyone will have to account for every careless word they have spoken.","“N beerie na, barbunu daar, Yennu tan sa bu niib buut nan ba din piak baryana kur nba na paak,","N beerie na, barbunu daar, Yennu tan sa bu niib buut nan ba din piak baryana kur nba na paak",output_JA-4,,8.101128605067107,8.685338257513335,4.030710172744721
"Homeowners never know when a thief is coming, and they are always on guard to keep one from breaking in.","Ŋaan bant man nan li-i tee ki ŋaadaanɔ poŋ mi yoo nba ki nanyukɔɔ yaa wun baar u ŋaak ni nyiɔku, u sii kare ki guu; u kan sak ki nanyukɔɔ-n tan kɔɔ ki jamɔ.",He gives me food in the day of my trouble; he removes my burden. He makes me lie down in green pastures; he leads me beside still waters. He guides me in paths of righteousness for his name's sake.,output_JA-4,,21.135342924951537,8.685338257513335,4.030710172744721
The soldiers nailed Jesus to a cross and gambled to see who would get his clothes.,"Ba kpaau ki tabinɔ dapunpunn paak gbenn yoonba, ki bi tɔ tiatia ki chent chent u tiat na,",When you see the good food in the big basket and you want to take it and chew it thoroughly with your mouth,output_JA-4,,16.846297888537688,8.685338257513335,4.030710172744721
"“A virgin will have a baby boy, and he will be called Immanuel,” which means “God is with us.”","“Sapaamunn tan sa soor poor ki mar bonjabik, ki bi tan sa pur u sann Emmanuel.”","Whoever trusts in the Lord who created all things, he has given birth to the name Emmanuel.",output-onesimus_004,0.57520145,18.89106420930998,8.685338257513335,4.030710172744721
"The men in the boat were amazed and said, “Who is this? Even the wind and the waves obey him.” Two Men with Demons in Them (Mark","Ki li yaar ŋaan litib, ki bi ji boi bi leeb a “Nirɔ na tee niboor bee? ki wouŋ nan nyunpana saak u mɔb gbaa.” Yisa nba din tur jab bannlee nba ki narinbiit be bi ni na laafia (Mak","He who does not know the way should ask the elders, for they say, ""Is there anyone who walks without stumbling? One should carry a lantern to walk at night."" That is why the elders say a child who does not listen will not grow up properly (Mak",output-onesimus_004,0.25874043,20.384712056448436,8.685338257513335,4.030710172744721
And you claim you would not have taken part with your ancestors in killing the prophets.,"ŋaan yeen a ‘Ti-i diŋŋi bo-i be ti yejamm yoo, ti din bo kan tun ba din tun linba ki kpii Yennu sɔkiniinba na.’","I tell you that this work you do, you do not know the way they walk to Yennu's truth.",output-onesimus_004,0.32517812,17.979204531659867,8.685338257513335,4.030710172744721
"If you are tired from carrying heavy burdens, come to me and I will give you rest.","“Yimm nba tuun toona ki jii jikpiata ki bak na, baat n boor ni man, ki n sa turi foon.","He went to the town, ate food, and returned home. Then he saw a man and told him to come there.",output-onesimus_004,0.266319,17.114695234149846,8.685338257513335,4.030710172744721
"All of these come from your heart, and they are what make you unfit to worship God. A Woman's Faith (Matthew",Linba na kure nyi nirɔ par ni ki teenɔ jakint u par ni.” Poosɔɔ yada labaar (Matiu,"""Jesus said to them, 'Whoever has ears to hear, let them understand.' (Matthew""",output-onesimus_004,0.35992873,21.52368358279345,8.685338257513335,4.030710172744721
"where they stayed until Herod died. So the Lord's promise came true, just as the prophet had said, “I called my son out of Egypt.” The Killing of the Children",U din be leŋe nan yoo nba ki Bat Herod din tan kpo na. Linba kur din tun a lin gbeen linba ki ti Yomdaanɔ Yennu din te ki u sɔkiniisɔɔ pak li po nee a “N din nyinn n bija maŋ Ijipt tingbouŋ nie.” Bonjabis kpinu labaar,"After King Herod had died, an angel of the Lord appeared in a dream to Joseph in Egypt, saying, ""Take the child and go to Egypt, and remain there until I tell you."" Joseph took the child and went.",onesimus_7C821E01_Dec 01 output,,29.131611555382037,8.685338257513335,4.030710172744721
Look at the birds in the sky! They don't plant or harvest. They don't even store grain in barns. Yet your Father in heaven takes care of them. Aren't you worth much more than birds?,"Gotir nɔɔnii nba yuuk ki lin na; bi ki buuri; bi bia ki jaan ki wuu suka nan naapaat ni, ŋaan ki i Baa Yennu nba be sanpaapo na dintib. I ki mɔk nyɔɔt ki gar nɔɔnii-ii?","Gotir did not sleep the entire night; he did not eat; he went to the farm to work until sunrise, and he said, ""I will not rest until I see the face of Baa Yennu."" Did he eat or drink anything that night?",onesimus_7C821E01_Dec 01 output,,19.974654151821237,8.685338257513335,4.030710172744721
"I promise you on the day of judgment, everyone will have to account for every careless word they have spoken.","“N beerie na, barbunu daar, Yennu tan sa bu niib buut nan ba din piak baryana kur nba na paak,","I am tired, the child is crying, Yennu went to the farm but fell and broke his leg.",onesimus_7C821E01_Dec 01 output,,15.912679962403134,8.685338257513335,4.030710172744721
"Homeowners never know when a thief is coming, and they are always on guard to keep one from breaking in.","Ŋaan bant man nan li-i tee ki ŋaadaanɔ poŋ mi yoo nba ki nanyukɔɔ yaa wun baar u ŋaak ni nyiɔku, u sii kare ki guu; u kan sak ki nanyukɔɔ-n tan kɔɔ ki jamɔ.","I told the man, ""Do not go to ŋaadaanɔ's farm because there is a snake there, and the snake will bite you; it will kill you and take your soul.""",onesimus_7C821E01_Dec 01 output,,20.84511275779559,8.685338257513335,4.030710172744721
The soldiers nailed Jesus to a cross and gambled to see who would get his clothes.,"Ba kpaau ki tabinɔ dapunpunn paak gbenn yoonba, ki bi tɔ tiatia ki chent chent u tiat na,","He takes the big mortar to pound yam in the morning, and he also uses the small one to grind thoroughly until it is ready.",onesimus_7C821E01_Dec 01 output,,19.45800660654335,8.685338257513335,4.030710172744721
Everyone who had seen what had happened told about the man and the pigs.,"Ki binba lar nan bi nunii na betib linba tun ki tur jɔɔ na, ki bia betib doorii na labaar.","When the people came to the child's place to eat the prepared food, and also ate outside the door.",output_jonathan,0.22012538,19.66912175978438,8.685338257513335,4.030710172744721
"And if you believe them, John is Elijah, the prophet you are waiting for.","Li-i tee ki i loon yin teen linba na yadaie, ŋɔɔe tee Yennu sɔkinii Elaija wunba yaa wun tan baar na.","Go and do your work as commanded, then God sent Elijah to speak to him.",output_jonathan,0.42901427,18.494837355630207,8.685338257513335,4.030710172744721
"But more than anything else, put God's work first and do what he wants. Then the other things will be yours as well.","Ŋaant man ki i baka-ii be Yennu naan ni nan yentinu ni labaar, ki u sa jii bona nba na kur ki turi.","The man who seeks himself went to Yennu's place for his child's livestock, and you come to see someone and leave, and he remains.",output_jonathan,0.12684098,18.748546652006517,8.685338257513335,4.030710172744721
"But Jesus said, “Prophets are honored by everyone, except the people of their hometown and their relatives and their own family.”","Ŋanne ki u betib a “Yennu sɔkinii ki kɔŋŋit nibaakir see u mɔŋ mɔŋ doo ni nan u tiauŋ niib boor ni, nan u mɔŋ mɔŋ ŋaak ni.”","""He told them, 'When you follow the path of the elders, you will find peace, and when you deviate, you will face hardship.'""",output_jonathan,0.4929377,19.303590533071176,8.685338257513335,4.030710172744721
"Some teachers of the Law of Moses said to themselves, “Jesus must think he is God!”",Ki sennu wanntesiab ji din dukii bi para ni a “Jɔɔ na jikit Yennu yikoo na u yur paake.”,"They said when the child was born, ""Jɔɔ and Yennu ate the meal and you will leave.""",output_jonathan,0.22689955,15.855226060072836,8.685338257513335,4.030710172744721
"where they stayed until Herod died. So the Lord's promise came true, just as the prophet had said, “I called my son out of Egypt.” The Killing of the Children",U din be leŋe nan yoo nba ki Bat Herod din tan kpo na. Linba kur din tun a lin gbeen linba ki ti Yomdaanɔ Yennu din te ki u sɔkiniisɔɔ pak li po nee a “N din nyinn n bija maŋ Ijipt tingbouŋ nie.” Bonjabis kpinu labaar,"He went to Herod's house to see him. When he saw him, he was glad because he had heard about John the Baptist and wanted to see him for a long time. He said to him, ""I came out of Egypt."" Afterwards, he sent a message.",output_JA-2,,26.061087817367895,8.685338257513335,4.030710172744721
Look at the birds in the sky! They don't plant or harvest. They don't even store grain in barns. Yet your Father in heaven takes care of them. Aren't you worth much more than birds?,"Gotir nɔɔnii nba yuuk ki lin na; bi ki buuri; bi bia ki jaan ki wuu suka nan naapaat ni, ŋaan ki i Baa Yennu nba be sanpaapo na dintib. I ki mɔk nyɔɔt ki gar nɔɔnii-ii?","The person who does not work on their farm will have nothing to eat; they will not earn money to buy goods at the market; when they go to Baa Yennu for assistance during that time, will you dig a well to find water?",output_JA-2,,23.443519314110095,8.685338257513335,4.030710172744721
"I promise you on the day of judgment, everyone will have to account for every careless word they have spoken.","“N beerie na, barbunu daar, Yennu tan sa bu niib buut nan ba din piak baryana kur nba na paak,","And the elder said, the chief there, Yennu then went to the village where he met his friend and they discussed the matter,",output_JA-2,,18.03114704098806,8.685338257513335,4.030710172744721
"Homeowners never know when a thief is coming, and they are always on guard to keep one from breaking in.","Ŋaan bant man nan li-i tee ki ŋaadaanɔ poŋ mi yoo nba ki nanyukɔɔ yaa wun baar u ŋaak ni nyiɔku, u sii kare ki guu; u kan sak ki nanyukɔɔ-n tan kɔɔ ki jamɔ.","I have told you the story about the man who went to the farm to plant maize, but he found a bird caught in a trap, he freed it and returned home; he was able to go back to the maize field to harvest it.",output_JA-2,,19.320301232237398,8.685338257513335,4.030710172744721
The soldiers nailed Jesus to a cross and gambled to see who would get his clothes.,"Ba kpaau ki tabinɔ dapunpunn paak gbenn yoonba, ki bi tɔ tiatia ki chent chent u tiat na,","He went to the farm to do heavy work carrying a hoe, and he struggled hard until he finished.",output_JA-2,,18.580408917638685,8.685338257513335,4.030710172744721
"where they stayed until Herod died. So the Lord's promise came true, just as the prophet had said, “I called my son out of Egypt.” The Killing of the Children",U din be leŋe nan yoo nba ki Bat Herod din tan kpo na. Linba kur din tun a lin gbeen linba ki ti Yomdaanɔ Yennu din te ki u sɔkiniisɔɔ pak li po nee a “N din nyinn n bija maŋ Ijipt tingbouŋ nie.” Bonjabis kpinu labaar,"He went to Herod's house with the child and his mother to kill him there. Another angel of the Lord appeared to him in a dream, saying, ""Return home with the child and his mother, for those who sought to kill the child are dead."" ""I have brought my son out of Egypt."" Afterwards, he took them back to the land.",gerhardt_8019BE0D_output_WsImHC,,31.370528267643362,8.685338257513335,4.030710172744721
Look at the birds in the sky! They don't plant or harvest. They don't even store grain in barns. Yet your Father in heaven takes care of them. Aren't you worth much more than birds?,"Gotir nɔɔnii nba yuuk ki lin na; bi ki buuri; bi bia ki jaan ki wuu suka nan naapaat ni, ŋaan ki i Baa Yennu nba be sanpaapo na dintib. I ki mɔk nyɔɔt ki gar nɔɔnii-ii?","Gotir nɔɔnii, who ate the food there; he is a thief; he also took the money and fled to the city, then he went to Baa Yennu who had prepared a trap for him. Did he escape from that trap?",gerhardt_8019BE0D_output_WsImHC,,20.824692693956813,8.685338257513335,4.030710172744721
"I promise you on the day of judgment, everyone will have to account for every careless word they have spoken.","“N beerie na, barbunu daar, Yennu tan sa bu niib buut nan ba din piak baryana kur nba na paak,","I ate the porridge there, then you gave the small child to them to cook the food for my father.",gerhardt_8019BE0D_output_WsImHC,,18.43779132771035,8.685338257513335,4.030710172744721
"Homeowners never know when a thief is coming, and they are always on guard to keep one from breaking in.","Ŋaan bant man nan li-i tee ki ŋaadaanɔ poŋ mi yoo nba ki nanyukɔɔ yaa wun baar u ŋaak ni nyiɔku, u sii kare ki guu; u kan sak ki nanyukɔɔ-n tan kɔɔ ki jamɔ.","I have a child who came to me with money, but he eats bitter food and consults the diviner; he seeks the nanyukɔɔ and the kɔɔ of the land.",gerhardt_8019BE0D_output_WsImHC,,21.44612872908168,8.685338257513335,4.030710172744721
The soldiers nailed Jesus to a cross and gambled to see who would get his clothes.,"Ba kpaau ki tabinɔ dapunpunn paak gbenn yoonba, ki bi tɔ tiatia ki chent chent u tiat na,","He scattered and ate the good food, and he ran away quickly.",gerhardt_8019BE0D_output_WsImHC,,13.741870615928974,8.685338257513335,4.030710172744721
"where they stayed until Herod died. So the Lord's promise came true, just as the prophet had said, “I called my son out of Egypt.” The Killing of the Children",U din be leŋe nan yoo nba ki Bat Herod din tan kpo na. Linba kur din tun a lin gbeen linba ki ti Yomdaanɔ Yennu din te ki u sɔkiniisɔɔ pak li po nee a “N din nyinn n bija maŋ Ijipt tingbouŋ nie.” Bonjabis kpinu labaar,"John the Baptist was imprisoned by Herod, who ordered him to be killed. His disciples took his body and buried it, then reported to Jesus, saying, ""I was sent to Egypt and there I was killed."" Jesus then departed to a deserted place.",Dec 02 output,,23.918512753899744,8.685338257513335,4.030710172744721
Look at the birds in the sky! They don't plant or harvest. They don't even store grain in barns. Yet your Father in heaven takes care of them. Aren't you worth much more than birds?,"Gotir nɔɔnii nba yuuk ki lin na; bi ki buuri; bi bia ki jaan ki wuu suka nan naapaat ni, ŋaan ki i Baa Yennu nba be sanpaapo na dintib. I ki mɔk nyɔɔt ki gar nɔɔnii-ii?","""In the beginning was the Word, and the Word was with God, and the Word was God. He was in the beginning with God. All things were made through him, and without him was not any thing made that was made. In him was life, and the life was the light of men. The light shines in the darkness, and the darkness has not overcome it. And the Word became flesh and dwelt among us, and we have seen his glory, glory as of the only Son from the Father, full of grace and truth. Do you believe in the Word?""",Dec 02 output,,21.846801408006122,8.685338257513335,4.030710172744721
"I promise you on the day of judgment, everyone will have to account for every careless word they have spoken.","“N beerie na, barbunu daar, Yennu tan sa bu niib buut nan ba din piak baryana kur nba na paak,","I believe in him, the Father there, if you do not keep my commandments as I have spoken, the Father will punish you.",Dec 02 output,,26.732131423830634,8.685338257513335,4.030710172744721
"Homeowners never know when a thief is coming, and they are always on guard to keep one from breaking in.","Ŋaan bant man nan li-i tee ki ŋaadaanɔ poŋ mi yoo nba ki nanyukɔɔ yaa wun baar u ŋaak ni nyiɔku, u sii kare ki guu; u kan sak ki nanyukɔɔ-n tan kɔɔ ki jamɔ.","I went to my father's house to prepare food for ŋaadaanɔ, and when you cooked a lot of food for the children, and came from the market, and said a good word to him; then we started cooking and then ate together.",Dec 02 output,,25.376795561638637,8.685338257513335,4.030710172744721
The soldiers nailed Jesus to a cross and gambled to see who would get his clothes.,"Ba kpaau ki tabinɔ dapunpunn paak gbenn yoonba, ki bi tɔ tiatia ki chent chent u tiat na,","Ba spoke to Tabinɔ who came with a crowd, and they did not listen, and he kept doing it repeatedly.",Dec 02 output,,19.28010387263681,8.685338257513335,4.030710172744721
"where they stayed until Herod died. So the Lord's promise came true, just as the prophet had said, “I called my son out of Egypt.” The Killing of the Children",U din be leŋe nan yoo nba ki Bat Herod din tan kpo na. Linba kur din tun a lin gbeen linba ki ti Yomdaanɔ Yennu din te ki u sɔkiniisɔɔ pak li po nee a “N din nyinn n bija maŋ Ijipt tingbouŋ nie.” Bonjabis kpinu labaar,"After Herod's son died, an angel of the Lord appeared in a dream to the man and said, ""Take the child and his mother and flee to Egypt, and stay there until I tell you, for Herod is seeking to kill the child."" So he got up, took the child and his mother by night, and departed to Egypt.",john_567A83BD_output (1),,30.90516815361314,8.685338257513335,4.030710172744721
Look at the birds in the sky! They don't plant or harvest. They don't even store grain in barns. Yet your Father in heaven takes care of them. Aren't you worth much more than birds?,"Gotir nɔɔnii nba yuuk ki lin na; bi ki buuri; bi bia ki jaan ki wuu suka nan naapaat ni, ŋaan ki i Baa Yennu nba be sanpaapo na dintib. I ki mɔk nyɔɔt ki gar nɔɔnii-ii?","The one who took the nɔɔnii and gave it; the one who created it and finished it in six days, and the one who sanctified it for Baa Yennu—did he perform the mɔk nyɔɔt on the nɔɔnii?",john_567A83BD_output (1),,18.61066499276828,8.685338257513335,4.030710172744721
"I promise you on the day of judgment, everyone will have to account for every careless word they have spoken.","“N beerie na, barbunu daar, Yennu tan sa bu niib buut nan ba din piak baryana kur nba na paak,","I, Beerie, and Barbunu daar, Yennu and his family came to our house and we ate together because my father had helped them.",john_567A83BD_output (1),,18.556257636476943,8.685338257513335,4.030710172744721
"Homeowners never know when a thief is coming, and they are always on guard to keep one from breaking in.","Ŋaan bant man nan li-i tee ki ŋaadaanɔ poŋ mi yoo nba ki nanyukɔɔ yaa wun baar u ŋaak ni nyiɔku, u sii kare ki guu; u kan sak ki nanyukɔɔ-n tan kɔɔ ki jamɔ.","I went to the farm to work, and I saw ŋaadaanɔ with yams, and he gave me some food; he also cooked the rest for Nanyukɔɔ.",john_567A83BD_output (1),,19.791441201006744,8.685338257513335,4.030710172744721
The soldiers nailed Jesus to a cross and gambled to see who would get his clothes.,"Ba kpaau ki tabinɔ dapunpunn paak gbenn yoonba, ki bi tɔ tiatia ki chent chent u tiat na,","They took the yam and ate it thoroughly, and they kept going back and forth to fetch more.",john_567A83BD_output (1),,15.72060976949991,8.685338257513335,4.030710172744721
"where they stayed until Herod died. So the Lord's promise came true, just as the prophet had said, “I called my son out of Egypt.” The Killing of the Children",U din be leŋe nan yoo nba ki Bat Herod din tan kpo na. Linba kur din tun a lin gbeen linba ki ti Yomdaanɔ Yennu din te ki u sɔkiniisɔɔ pak li po nee a “N din nyinn n bija maŋ Ijipt tingbouŋ nie.” Bonjabis kpinu labaar,"At that time, King Herod heard about this and wanted to kill the child. But an angel of the Lord appeared to him in a dream, saying, ""Take the child and his mother and flee to Egypt, and stay there until I tell you."" So the Baptists fled.",john_AA1B9A68_output (9),,30.37453474514628,8.685338257513335,4.030710172744721
Look at the birds in the sky! They don't plant or harvest. They don't even store grain in barns. Yet your Father in heaven takes care of them. Aren't you worth much more than birds?,"Gotir nɔɔnii nba yuuk ki lin na; bi ki buuri; bi bia ki jaan ki wuu suka nan naapaat ni, ŋaan ki i Baa Yennu nba be sanpaapo na dintib. I ki mɔk nyɔɔt ki gar nɔɔnii-ii?","Where did the soul come from; who created it; who gave it breath and made it live among humans, and who is this Baa Yennu that we call the Father of the Sky? Who can explain the origin of the soul?",john_AA1B9A68_output (9),,22.137880202012642,8.685338257513335,4.030710172744721
"I promise you on the day of judgment, everyone will have to account for every careless word they have spoken.","“N beerie na, barbunu daar, Yennu tan sa bu niib buut nan ba din piak baryana kur nba na paak,","""In the beginning, there was darkness, God created the heavens and the earth, and the children of Israel came out of Egypt.""",john_AA1B9A68_output (9),,18.987435637285145,8.685338257513335,4.030710172744721
"Homeowners never know when a thief is coming, and they are always on guard to keep one from breaking in.","Ŋaan bant man nan li-i tee ki ŋaadaanɔ poŋ mi yoo nba ki nanyukɔɔ yaa wun baar u ŋaak ni nyiɔku, u sii kare ki guu; u kan sak ki nanyukɔɔ-n tan kɔɔ ki jamɔ.","The person spoke the word that he went to ŋaadaanɔ and found nanyukɔɔ there in the house, ate the food, did the work for guu; he returned to nanyukɔɔ and helped with jamɔ.",john_AA1B9A68_output (9),,20.276873330822227,8.685338257513335,4.030710172744721
The soldiers nailed Jesus to a cross and gambled to see who would get his clothes.,"Ba kpaau ki tabinɔ dapunpunn paak gbenn yoonba, ki bi tɔ tiatia ki chent chent u tiat na,","He goes to the farm to plant food for the child, and he also works diligently at his work.",john_AA1B9A68_output (9),,20.000721914875868,8.685338257513335,4.030710172744721
"where they stayed until Herod died. So the Lord's promise came true, just as the prophet had said, “I called my son out of Egypt.” The Killing of the Children",U din be leŋe nan yoo nba ki Bat Herod din tan kpo na. Linba kur din tun a lin gbeen linba ki ti Yomdaanɔ Yennu din te ki u sɔkiniisɔɔ pak li po nee a “N din nyinn n bija maŋ Ijipt tingbouŋ nie.” Bonjabis kpinu labaar,"When Herod died, an angel of the Lord appeared in a dream to Joseph in Egypt and said, ""Get up, take the child and his mother, and go to the land of Israel, for those who were seeking the child's life are dead."" And he said, ""I will return from Egypt."" This was to fulfill the word spoken by the Lord through the prophet: ""Out of Egypt I called my son."" As stated in the prophecy",Dec 07 output,,38.68356907030559,8.685338257513335,4.030710172744721
Look at the birds in the sky! They don't plant or harvest. They don't even store grain in barns. Yet your Father in heaven takes care of them. Aren't you worth much more than birds?,"Gotir nɔɔnii nba yuuk ki lin na; bi ki buuri; bi bia ki jaan ki wuu suka nan naapaat ni, ŋaan ki i Baa Yennu nba be sanpaapo na dintib. I ki mɔk nyɔɔt ki gar nɔɔnii-ii?","Gotir does not fear to lie; and is not ashamed; and has committed a great sin, and has come to God for the forgiveness of sins. Will he be able to cover his sin?",Dec 07 output,,17.15817593815968,8.685338257513335,4.030710172744721
"I promise you on the day of judgment, everyone will have to account for every careless word they have spoken.","“N beerie na, barbunu daar, Yennu tan sa bu niib buut nan ba din piak baryana kur nba na paak,","I have come to the chief's house, and Yennu with his wife came to my place and told me that...",Dec 07 output,,16.54675163942331,8.685338257513335,4.030710172744721
"Homeowners never know when a thief is coming, and they are always on guard to keep one from breaking in.","Ŋaan bant man nan li-i tee ki ŋaadaanɔ poŋ mi yoo nba ki nanyukɔɔ yaa wun baar u ŋaak ni nyiɔku, u sii kare ki guu; u kan sak ki nanyukɔɔ-n tan kɔɔ ki jamɔ.","When the man went to his farm to work, he saw many people there with their children; he asked them why, and he joined the people working until evening.",Dec 07 output,,22.802837702809565,8.685338257513335,4.030710172744721
The soldiers nailed Jesus to a cross and gambled to see who would get his clothes.,"Ba kpaau ki tabinɔ dapunpunn paak gbenn yoonba, ki bi tɔ tiatia ki chent chent u tiat na,","He wants to go to the farm to eat good food, and the child quickly runs to eat.",Dec 07 output,,16.768534204602563,8.685338257513335,4.030710172744721
"where they stayed until Herod died. So the Lord's promise came true, just as the prophet had said, “I called my son out of Egypt.” The Killing of the Children",U din be leŋe nan yoo nba ki Bat Herod din tan kpo na. Linba kur din tun a lin gbeen linba ki ti Yomdaanɔ Yennu din te ki u sɔkiniisɔɔ pak li po nee a “N din nyinn n bija maŋ Ijipt tingbouŋ nie.” Bonjabis kpinu labaar,"When he heard this, King Herod was greatly troubled, and he summoned the chief priests and scribes to inquire about the time of the star's appearance. Then he sent them to Bethlehem, saying, ""Go and search diligently for the child, and when you have found him, bring me word, that I too may come and worship him."" But the wise men, having been warned in a dream not to return to Herod, departed to their own country by another way.",Dec 10 output,,22.553233740225963,8.685338257513335,4.030710172744721
Look at the birds in the sky! They don't plant or harvest. They don't even store grain in barns. Yet your Father in heaven takes care of them. Aren't you worth much more than birds?,"Gotir nɔɔnii nba yuuk ki lin na; bi ki buuri; bi bia ki jaan ki wuu suka nan naapaat ni, ŋaan ki i Baa Yennu nba be sanpaapo na dintib. I ki mɔk nyɔɔt ki gar nɔɔnii-ii?","The righteous person is the way to life; they live; they act with a pure heart and keep the commandments, who is in the Lord's grace on the throne. Do you seek the face of righteousness?",Dec 10 output,,22.530671969945505,8.685338257513335,4.030710172744721
"I promise you on the day of judgment, everyone will have to account for every careless word they have spoken.","“N beerie na, barbunu daar, Yennu tan sa bu niib buut nan ba din piak baryana kur nba na paak,","I ate the food there; Yennu and his wife also prepared a meal with them, and they all ate together.",Dec 10 output,,18.474504775842508,8.685338257513335,4.030710172744721
"Homeowners never know when a thief is coming, and they are always on guard to keep one from breaking in.","Ŋaan bant man nan li-i tee ki ŋaadaanɔ poŋ mi yoo nba ki nanyukɔɔ yaa wun baar u ŋaak ni nyiɔku, u sii kare ki guu; u kan sak ki nanyukɔɔ-n tan kɔɔ ki jamɔ.","If you do not forgive me, I will go there and call on God to forgive you, and he will ask for mercy; he will look upon you kindly, and he will be able to speak forgiveness before you die.",Dec 10 output,,20.751412771906597,8.685338257513335,4.030710172744721
The soldiers nailed Jesus to a cross and gambled to see who would get his clothes.,"Ba kpaau ki tabinɔ dapunpunn paak gbenn yoonba, ki bi tɔ tiatia ki chent chent u tiat na,","They took the burden and gave it to the child, and they prepared food for the eating, giving it to him.",Dec 10 output,,18.671645959144396,8.685338257513335,4.030710172744721
"From the time of John the Baptist until now, violent people have been trying to take over the kingdom of heaven by force.","La daan nyii Jɔɔnn maŋ yoo ki tan tuu mɔtana, binba ki bi ninbina mɔn nan bin tan kɔɔ Yennu naan ni dia nan ninmɔnn a bin tan kɔɔ nan paŋ.","When John was going along the road, a man met him and spoke to him about God's word, and he believed and accepted it.",output-onesimus_005,0.28283554,17.75928949077201,8.685338257513335,4.030710172744721
Don't be like them. Your Father knows what you need even before you ask.,"I daa tee kaman nan ŋamm na, kimaan i Baa Yennu mɔŋ poŋ mi linba ki i loon ki i daa ki miarɔ.","I have done according to the ŋamm's command, as Baa Yennu gave me life, and I will go and do and see.",output-onesimus_005,0.077319995,14.844542284703358,8.685338257513335,4.030710172744721
"Jesus replied, “I promise you before a rooster crows tonight, you will say three times that you don't know me.”","Ki Yisa jiin ki betɔ a “Barmɔniie ki n beera na, dinna nyiɔk na, nan kojousinsinn-n tan bui na, ki a nɔi taar munntaawa a a ki mimi.”","Jesus taught, saying, ""Blessed are the pure in heart, for they will see God; blessed are the peacemakers, for they will be called children of God.""",output-onesimus_005,0.32274276,21.73682430452056,8.685338257513335,4.030710172744721
"Jesus went to her. He took hold of her hand and helped her up. The fever left her, and she served them a meal.","Ki Yisa din saan soor u nuu ki fiinɔ kaan, ki u gbanantouŋ maŋ gbenn, ki u fiir ki chantib saauŋ.","When Yisa went to see with his eyes the word of God, he carried the cross with strength, he found the good path of mercy.",output-onesimus_005,0.44926003,20.767882531184874,8.685338257513335,4.030710172744721
"Someone told Jesus, “Your mother and brothers are standing outside and want to talk with you.”","Ŋanne ki sɔɔ din betɔ a “Gotir, a naa nan a waarii see nanyer po ki loon ki bin pak nana.”","He said to the father, ""Gotir, I have not seen your face because you left my people to die.""",output-onesimus_005,0.44088298,18.071847551807696,8.685338257513335,4.030710172744721
"where they stayed until Herod died. So the Lord's promise came true, just as the prophet had said, “I called my son out of Egypt.” The Killing of the Children",U din be leŋe nan yoo nba ki Bat Herod din tan kpo na. Linba kur din tun a lin gbeen linba ki ti Yomdaanɔ Yennu din te ki u sɔkiniisɔɔ pak li po nee a “N din nyinn n bija maŋ Ijipt tingbouŋ nie.” Bonjabis kpinu labaar,"He went to Bethlehem to see King Herod at his palace. The wise men from the east arrived in the land of Judah and paid homage to him with gifts, saying, “I am afraid to return to Egypt because Herod will kill the child.” Joseph took the child.",john_7781CD93_output (6),,26.337064864618092,8.685338257513335,4.030710172744721
Look at the birds in the sky! They don't plant or harvest. They don't even store grain in barns. Yet your Father in heaven takes care of them. Aren't you worth much more than birds?,"Gotir nɔɔnii nba yuuk ki lin na; bi ki buuri; bi bia ki jaan ki wuu suka nan naapaat ni, ŋaan ki i Baa Yennu nba be sanpaapo na dintib. I ki mɔk nyɔɔt ki gar nɔɔnii-ii?","The Lord has done great things for us; we are filled; those who sow in tears shall reap with shouts of joy. He who goes out weeping, bearing the seed for sowing, will surely return with rejoicing, carrying his sheaves. How can we repay the Lord for all His goodness?",john_7781CD93_output (6),,21.085313884335847,8.685338257513335,4.030710172744721
"I promise you on the day of judgment, everyone will have to account for every careless word they have spoken.","“N beerie na, barbunu daar, Yennu tan sa bu niib buut nan ba din piak baryana kur nba na paak,","I drank beer, Barbunu was there. Then God told the children to follow them; they went to eat at home also, my father worked.",john_7781CD93_output (6),,19.4317368451599,8.685338257513335,4.030710172744721
"Homeowners never know when a thief is coming, and they are always on guard to keep one from breaking in.","Ŋaan bant man nan li-i tee ki ŋaadaanɔ poŋ mi yoo nba ki nanyukɔɔ yaa wun baar u ŋaak ni nyiɔku, u sii kare ki guu; u kan sak ki nanyukɔɔ-n tan kɔɔ ki jamɔ.","I went to the town to buy some items, but when I arrived there was nothing to buy, so I returned home; he told me to come back, I had to return home because I didn't have money.",john_7781CD93_output (6),,21.122831991523768,8.685338257513335,4.030710172744721
The soldiers nailed Jesus to a cross and gambled to see who would get his clothes.,"Ba kpaau ki tabinɔ dapunpunn paak gbenn yoonba, ki bi tɔ tiatia ki chent chent u tiat na,","They saw the child eating the food there, and they called him to come to their place.",john_7781CD93_output (6),,18.6698058869235,8.685338257513335,4.030710172744721
"where they stayed until Herod died. So the Lord's promise came true, just as the prophet had said, “I called my son out of Egypt.” The Killing of the Children",U din be leŋe nan yoo nba ki Bat Herod din tan kpo na. Linba kur din tun a lin gbeen linba ki ti Yomdaanɔ Yennu din te ki u sɔkiniisɔɔ pak li po nee a “N din nyinn n bija maŋ Ijipt tingbouŋ nie.” Bonjabis kpinu labaar,"Then Herod sent and seized John, putting him in prison for the sake of Herodias, his brother Philip's wife, because John had been saying to him, ""It is not lawful for you to have her."" This was to fulfill what was spoken by the Lord through the prophet, ""Out of Egypt I called my son.""",gerhardt_25FFCBF7_output_DdErIM,,36.03777492210416,8.685338257513335,4.030710172744721
Look at the birds in the sky! They don't plant or harvest. They don't even store grain in barns. Yet your Father in heaven takes care of them. Aren't you worth much more than birds?,"Gotir nɔɔnii nba yuuk ki lin na; bi ki buuri; bi bia ki jaan ki wuu suka nan naapaat ni, ŋaan ki i Baa Yennu nba be sanpaapo na dintib. I ki mɔk nyɔɔt ki gar nɔɔnii-ii?",Gotir followed the road; he spoke; he also sought to know the difficult path to Baa Yennu for assistance. Do you know where Gotir is?,gerhardt_25FFCBF7_output_DdErIM,,15.58699072719983,8.685338257513335,4.030710172744721
"I promise you on the day of judgment, everyone will have to account for every careless word they have spoken.","“N beerie na, barbunu daar, Yennu tan sa bu niib buut nan ba din piak baryana kur nba na paak,","I am going to Barbunu there, to take his child to the hospital because my father is sick.",gerhardt_25FFCBF7_output_DdErIM,,14.710298655145404,8.685338257513335,4.030710172744721
"Homeowners never know when a thief is coming, and they are always on guard to keep one from breaking in.","Ŋaan bant man nan li-i tee ki ŋaadaanɔ poŋ mi yoo nba ki nanyukɔɔ yaa wun baar u ŋaak ni nyiɔku, u sii kare ki guu; u kan sak ki nanyukɔɔ-n tan kɔɔ ki jamɔ.","The one who goes early to cultivate his field will eat, but he who does not cultivate will not eat the fruit of the harvest.",gerhardt_25FFCBF7_output_DdErIM,,16.919346562520396,8.685338257513335,4.030710172744721
The soldiers nailed Jesus to a cross and gambled to see who would get his clothes.,"Ba kpaau ki tabinɔ dapunpunn paak gbenn yoonba, ki bi tɔ tiatia ki chent chent u tiat na,","And he preached the word of the gospel to them, and he withheld nothing from them.",gerhardt_25FFCBF7_output_DdErIM,,17.278183311298978,8.685338257513335,4.030710172744721
"where they stayed until Herod died. So the Lord's promise came true, just as the prophet had said, “I called my son out of Egypt.” The Killing of the Children",U din be leŋe nan yoo nba ki Bat Herod din tan kpo na. Linba kur din tun a lin gbeen linba ki ti Yomdaanɔ Yennu din te ki u sɔkiniisɔɔ pak li po nee a “N din nyinn n bija maŋ Ijipt tingbouŋ nie.” Bonjabis kpinu labaar,"Bible Herod ordered to kill all the children in that place. This happened to fulfill what was spoken by the Lord through the prophet who said, “I called my son out of Egypt.” Then was fulfilled what was spoken by Jeremiah the prophet:",output_mich003,,46.37657306174437,8.685338257513335,4.030710172744721
Look at the birds in the sky! They don't plant or harvest. They don't even store grain in barns. Yet your Father in heaven takes care of them. Aren't you worth much more than birds?,"Gotir nɔɔnii nba yuuk ki lin na; bi ki buuri; bi bia ki jaan ki wuu suka nan naapaat ni, ŋaan ki i Baa Yennu nba be sanpaapo na dintib. I ki mɔk nyɔɔt ki gar nɔɔnii-ii?",He forgives your sins in the world; and you are pure; and you are the one who takes away the sins of the world; grant us peace through the one who takes away sins. Who can forgive sins but God alone?,output_mich003,,24.103005030791252,8.685338257513335,4.030710172744721
"I promise you on the day of judgment, everyone will have to account for every careless word they have spoken.","“N beerie na, barbunu daar, Yennu tan sa bu niib buut nan ba din piak baryana kur nba na paak,","This is my house, the elder is there, the one who has the truth and knowledge in the town will lead the people well.",output_mich003,,19.249721740345986,8.685338257513335,4.030710172744721
"Homeowners never know when a thief is coming, and they are always on guard to keep one from breaking in.","Ŋaan bant man nan li-i tee ki ŋaadaanɔ poŋ mi yoo nba ki nanyukɔɔ yaa wun baar u ŋaak ni nyiɔku, u sii kare ki guu; u kan sak ki nanyukɔɔ-n tan kɔɔ ki jamɔ.","I was a child when I first heard the word of the Lord, that through the work of my father's hand, you have come to the house of your God; and you ate the bread of life; and you can wash away your sins with the water of life.",output_mich003,,20.13893415273565,8.685338257513335,4.030710172744721
The soldiers nailed Jesus to a cross and gambled to see who would get his clothes.,"Ba kpaau ki tabinɔ dapunpunn paak gbenn yoonba, ki bi tɔ tiatia ki chent chent u tiat na,","They bite and scatter the child's words, and they do not listen to his plea; they only mock and laugh at him.",output_mich003,,19.057873520242083,8.685338257513335,4.030710172744721
"where they stayed until Herod died. So the Lord's promise came true, just as the prophet had said, “I called my son out of Egypt.” The Killing of the Children",U din be leŋe nan yoo nba ki Bat Herod din tan kpo na. Linba kur din tun a lin gbeen linba ki ti Yomdaanɔ Yennu din te ki u sɔkiniisɔɔ pak li po nee a “N din nyinn n bija maŋ Ijipt tingbouŋ nie.” Bonjabis kpinu labaar,"John was imprisoned by King Herod because of Herodias. Herodias' daughter danced for Herod, and he promised to give her whatever she asked. She requested, ""Give me the head of John the Baptist."" Herod ordered it, and John was beheaded. His disciples took his body.",output_JA-6,,24.248150520997005,8.685338257513335,4.030710172744721
Look at the birds in the sky! They don't plant or harvest. They don't even store grain in barns. Yet your Father in heaven takes care of them. Aren't you worth much more than birds?,"Gotir nɔɔnii nba yuuk ki lin na; bi ki buuri; bi bia ki jaan ki wuu suka nan naapaat ni, ŋaan ki i Baa Yennu nba be sanpaapo na dintib. I ki mɔk nyɔɔt ki gar nɔɔnii-ii?","The sun has set and the night has come; the stars are shining; the moon is rising in the west, and the voice of the owl echoes in the forest. Where are you going tonight?",output_JA-6,,24.07182568532239,8.685338257513335,4.030710172744721
"I promise you on the day of judgment, everyone will have to account for every careless word they have spoken.","“N beerie na, barbunu daar, Yennu tan sa bu niib buut nan ba din piak baryana kur nba na paak,","I ate rice, but he/she/they did not cook it properly because they did not add enough salt.",output_JA-6,,16.000058125486106,8.685338257513335,4.030710172744721
"Homeowners never know when a thief is coming, and they are always on guard to keep one from breaking in.","Ŋaan bant man nan li-i tee ki ŋaadaanɔ poŋ mi yoo nba ki nanyukɔɔ yaa wun baar u ŋaak ni nyiɔku, u sii kare ki guu; u kan sak ki nanyukɔɔ-n tan kɔɔ ki jamɔ.","I said when I went to ŋaadaanɔ for water, I took food for the children, and they ate and gave me soup; and I did the work to eat, then I prepared the food and brought it home.",output_JA-6,,24.102299683603963,8.685338257513335,4.030710172744721
The soldiers nailed Jesus to a cross and gambled to see who would get his clothes.,"Ba kpaau ki tabinɔ dapunpunn paak gbenn yoonba, ki bi tɔ tiatia ki chent chent u tiat na,","He goes to the farm to plant yams in the field, and he also does his work and diligently works on his task,",output_JA-6,,20.185626790556306,8.685338257513335,4.030710172744721
"where they stayed until Herod died. So the Lord's promise came true, just as the prophet had said, “I called my son out of Egypt.” The Killing of the Children",U din be leŋe nan yoo nba ki Bat Herod din tan kpo na. Linba kur din tun a lin gbeen linba ki ti Yomdaanɔ Yennu din te ki u sɔkiniisɔɔ pak li po nee a “N din nyinn n bija maŋ Ijipt tingbouŋ nie.” Bonjabis kpinu labaar,"When he heard that Archelaus was ruling over Judea in place of his father Herod, he was afraid to go there. And being warned in a dream, he turned aside into the regions of Galilee. There he settled in a town called Nazareth, so that what was spoken through the prophet might be fulfilled: ""He will be called a Nazarene."" All the Jews",Dec 03 output,,27.039467031987126,8.685338257513335,4.030710172744721
Look at the birds in the sky! They don't plant or harvest. They don't even store grain in barns. Yet your Father in heaven takes care of them. Aren't you worth much more than birds?,"Gotir nɔɔnii nba yuuk ki lin na; bi ki buuri; bi bia ki jaan ki wuu suka nan naapaat ni, ŋaan ki i Baa Yennu nba be sanpaapo na dintib. I ki mɔk nyɔɔt ki gar nɔɔnii-ii?","In the days of Gotir's father, he was a prophet; he also went to the land of Sukaa, and the Lord saved him from danger. Are you not afraid?",Dec 03 output,,18.556516564208017,8.685338257513335,4.030710172744721
"I promise you on the day of judgment, everyone will have to account for every careless word they have spoken.","“N beerie na, barbunu daar, Yennu tan sa bu niib buut nan ba din piak baryana kur nba na paak,","""I ate this barbunu dish, and Yennu, together with your father, took care of cooking the food because my father was not well.""",Dec 03 output,,19.112048754780606,8.685338257513335,4.030710172744721
"Homeowners never know when a thief is coming, and they are always on guard to keep one from breaking in.","Ŋaan bant man nan li-i tee ki ŋaadaanɔ poŋ mi yoo nba ki nanyukɔɔ yaa wun baar u ŋaak ni nyiɔku, u sii kare ki guu; u kan sak ki nanyukɔɔ-n tan kɔɔ ki jamɔ.","I tell you that if you take my child to ŋaadaanɔ, they will not return alive, and they will not speak again; and if they do come back, they will be changed, for they will have been eaten when they went to eat.",Dec 03 output,,22.033952171086387,8.685338257513335,4.030710172744721
The soldiers nailed Jesus to a cross and gambled to see who would get his clothes.,"Ba kpaau ki tabinɔ dapunpunn paak gbenn yoonba, ki bi tɔ tiatia ki chent chent u tiat na,","He went to the river to fetch water, and when he arrived there, he saw a crocodile in the water.",Dec 03 output,,18.27729056348835,8.685338257513335,4.030710172744721
"where they stayed until Herod died. So the Lord's promise came true, just as the prophet had said, “I called my son out of Egypt.” The Killing of the Children",U din be leŋe nan yoo nba ki Bat Herod din tan kpo na. Linba kur din tun a lin gbeen linba ki ti Yomdaanɔ Yennu din te ki u sɔkiniisɔɔ pak li po nee a “N din nyinn n bija maŋ Ijipt tingbouŋ nie.” Bonjabis kpinu labaar,"He went with his child to Herod's house to see him. Then they returned to Joseph's house, where he was warned in a dream by him, saying, ""I am afraid to take the child to Egypt."" Afterwards, Bonjabis came.",Dec 09 output,,26.870959944316052,8.685338257513335,4.030710172744721
Look at the birds in the sky! They don't plant or harvest. They don't even store grain in barns. Yet your Father in heaven takes care of them. Aren't you worth much more than birds?,"Gotir nɔɔnii nba yuuk ki lin na; bi ki buuri; bi bia ki jaan ki wuu suka nan naapaat ni, ŋaan ki i Baa Yennu nba be sanpaapo na dintib. I ki mɔk nyɔɔt ki gar nɔɔnii-ii?","The Creator who made the earth and sky; he who is above; he who is the source of life and the one who gives breath to humans, and the one who is in the heavens where the stars are fixed. How can you find the words to question your Creator?",Dec 09 output,,26.59354500401385,8.685338257513335,4.030710172744721
"I promise you on the day of judgment, everyone will have to account for every careless word they have spoken.","“N beerie na, barbunu daar, Yennu tan sa bu niib buut nan ba din piak baryana kur nba na paak,","I am tired, those people there, and when they did not obey the word, they broke the country's law, so we came and left.",Dec 09 output,,22.440639384843923,8.685338257513335,4.030710172744721
"Homeowners never know when a thief is coming, and they are always on guard to keep one from breaking in.","Ŋaan bant man nan li-i tee ki ŋaadaanɔ poŋ mi yoo nba ki nanyukɔɔ yaa wun baar u ŋaak ni nyiɔku, u sii kare ki guu; u kan sak ki nanyukɔɔ-n tan kɔɔ ki jamɔ.","When a child is born, he brings a calabash; when he grows up, he brings a pot. He uses it to eat good food; he uses it to eat when he marries.",Dec 09 output,,18.55670568046608,8.685338257513335,4.030710172744721
The soldiers nailed Jesus to a cross and gambled to see who would get his clothes.,"Ba kpaau ki tabinɔ dapunpunn paak gbenn yoonba, ki bi tɔ tiatia ki chent chent u tiat na,","They took and brought the completely spoken words there, and they gathered all the people together.",Dec 09 output,,18.81945217087386,8.685338257513335,4.030710172744721
It was during the time of Abiathar the high priest. David went into the house of God and ate the sacred loaves of bread that only priests are allowed to eat. He also gave some to his followers.”,"ki u din kɔɔ Yennu ŋaak ni, ki saa jii Yennu boroboro ki ŋman yoo nba ki Abiata din tee manteeb yudaanɔ na. Ki sennu na din ki chab nan sɔɔ-n di boroboro maŋ see Yennu manteeb kuukɔɔe; ŋaan David maŋ din ŋmame, ki bia tur u jɔɔmu na gbaa ki bi mun ŋman.”","When you call upon Yennu for help and seek Yennu everywhere, knowing that Abiata has spoken the word of God to you; turn your heart and face towards Yennu who seeks truth in His word, as David did when he sinned, confessed his sins to Him, and found forgiveness.",output_onesimus007,0.3241354,24.24399534783053,8.685338257513335,4.030710172744721
"So God's promise came true, just as the prophet Isaiah had said,",Linba na din tun a lin gbeen Yennu sɔkinii Aisaya nba din pak linba na poe a,"Linba again said that he saw Yennu the prophet Isaiah, who sent Linba to a",output_onesimus007,0.48473188,34.57978399419959,8.685338257513335,4.030710172744721
"In fact, he has already come. But the people did not recognize him and treated him just as they wanted to. They will soon make the Son of Man suffer in the same way.”","Ŋaan mine beeri na, Elaija poŋ daan baar na, ŋaan bi daan ki bannɔ, ki diau gbaka gbaka nna, kaman nan ba loon biaŋinba. Nnee ki bi mun bia sa teen min nisaarik Bik na, ki dinnin fara.”","My lord, Elijah took bread for me, and I gave him to the prophet, and he entered the upper room, and they did not want to enter with him. Then he went to fetch the child, the servant of Bik, and told him to act.",output_onesimus007,0.3188157,26.249809764218103,8.685338257513335,4.030710172744721
But Jesus called the disciples together and said: You know foreign rulers like to order their people around. And their great leaders have full power over everyone they rule.,"Ki Yisa din yiin bi kura ki lakimm u boor ni, ki tan betib a “I mɔŋ mi nan tingbouŋ na ŋaateeb yudamm dont bi mɔŋe; ki nijaana bia dia bi niib nan nunmɔnn nee;","When Yisa went to the village to eat his food, he said, ""I did not eat my food and the child's portion they gave me""; they did those people to the town and the road they.",output_onesimus007,0.25679767,21.79413541787259,8.685338257513335,4.030710172744721
"Someday you will see that “Horrible Thing” in the holy place, just as the prophet Daniel said. Everyone who reads this must try to understand!","“I tan sa la bonbiirkar nba ki Yennu sɔkinii Daniel din yet li po na, a linba ki Yennu kɔɔ na, ki li tan sii see Yennu jiantu ŋasaakak ni.”","I have heard the prophet of Yennu, Daniel's words spoken to us, but they have hidden Yennu from us, and they have not declared the greatness of Yennu's name.",output_onesimus007,0.3862518,24.880781151007287,8.685338257513335,4.030710172744721
"where they stayed until Herod died. So the Lord's promise came true, just as the prophet had said, “I called my son out of Egypt.” The Killing of the Children",U din be leŋe nan yoo nba ki Bat Herod din tan kpo na. Linba kur din tun a lin gbeen linba ki ti Yomdaanɔ Yennu din te ki u sɔkiniisɔɔ pak li po nee a “N din nyinn n bija maŋ Ijipt tingbouŋ nie.” Bonjabis kpinu labaar,"They went to King Herod and told him. The wise men said to him, ""We saw his star in the east and have come to worship him."" Then Herod sent them away.",john_1C6E69D4_output (8),,20.300049537992308,8.685338257513335,4.030710172744721
Look at the birds in the sky! They don't plant or harvest. They don't even store grain in barns. Yet your Father in heaven takes care of them. Aren't you worth much more than birds?,"Gotir nɔɔnii nba yuuk ki lin na; bi ki buuri; bi bia ki jaan ki wuu suka nan naapaat ni, ŋaan ki i Baa Yennu nba be sanpaapo na dintib. I ki mɔk nyɔɔt ki gar nɔɔnii-ii?","The prophet who speaks the word of the Lord comes to the town; he brings good news of peace and salvation to the people, and he will call upon the name of the Lord who will save them from their sins. Who is the one who is the prophet here?",john_1C6E69D4_output (8),,22.264253641939426,8.685338257513335,4.030710172744721
"I promise you on the day of judgment, everyone will have to account for every careless word they have spoken.","“N beerie na, barbunu daar, Yennu tan sa bu niib buut nan ba din piak baryana kur nba na paak,","I have finished my work here, the chief is there, when you do not know how to do it, but he told me to handle the country's affairs, come to my work.",john_1C6E69D4_output (8),,22.441571905701604,8.685338257513335,4.030710172744721
"Homeowners never know when a thief is coming, and they are always on guard to keep one from breaking in.","Ŋaan bant man nan li-i tee ki ŋaadaanɔ poŋ mi yoo nba ki nanyukɔɔ yaa wun baar u ŋaak ni nyiɔku, u sii kare ki guu; u kan sak ki nanyukɔɔ-n tan kɔɔ ki jamɔ.","When I was a child, I used to eat my food with my father at home, and he worked for money; he would go to the market to buy and prepare the nanyukɔɔ to eat together.",john_1C6E69D4_output (8),,20.854055618735114,8.685338257513335,4.030710172744721
The soldiers nailed Jesus to a cross and gambled to see who would get his clothes.,"Ba kpaau ki tabinɔ dapunpunn paak gbenn yoonba, ki bi tɔ tiatia ki chent chent u tiat na,","They bite and the Tabinɔ people come running with great people, and they scatter and disperse in the town.",john_1C6E69D4_output (8),,17.646611759035043,8.685338257513335,4.030710172744721
"Watch out for false prophets! They dress up like sheep, but inside they are wolves who have come to attack you.","“I mi man faak sɔkiniinba na po, binba baat i boor ni ki naan nan pei na, ŋaan tee kinkata nan barmɔnii na.","I want to work in the town, the children carry water from the river to the house, and I go to the market and the farm.",output-onesimus_001,0.10703521,18.129393080399613,8.685338257513335,4.030710172744721
"This is my blood, and with it God makes his agreement with you. It will be poured out, so that many people will have their sins forgiven.","Linba nee tee n sɔn nba sa te ki Yennu mɔsonn-n set nan barmɔnii, sɔn nba tan sa nyi n gbanant ni, nisaarii bonchiann paak, a Yennu-n nyik chab bi biite na.","When Linba went to Yennu's town for a meeting, and they went to the farm to eat, after the meal, Yennu's words were fulfilled.",output-onesimus_001,0.15515926,16.66785532837499,8.685338257513335,4.030710172744721
"He was in the stomach of a big fish for three days and nights, just as the Son of Man will be deep in the earth for three days and nights.","kimaan Jona maŋ nba din be jaŋgbeŋŋir poor ni yennu nan nyiɔk ki saan jaŋ daa ŋanntaa na, nnee ki min nifosaarik Bik mun tan sii be tiŋ ni yennu nan nyiɔk ki saa jaŋ daa ŋanntaa.","When Jonah went to Nineveh to preach to the people, and Bik also spoke to them and provided food when he arrived.",output-onesimus_001,0.32914734,16.438808413298737,8.685338257513335,4.030710172744721
"A little while later some people standing there walked over to Peter and said, “We know you are one of them. We can tell it because you talk like someone from Galilee.”","Ki li yann waaminna ki jab nba see leŋ na baar ki tan yet Piita a “A set tee bi ni yenɔe, kimaan a pinpakit nee want.”","Peter said to them, ""I told you that I am going to see his father.""",output-onesimus_001,0.6268078,13.267746246477795,8.685338257513335,4.030710172744721
“Get up! Pick up your mat and go on home.”,"“N beerae, fiit, ki jii a liaŋ kii kun a ŋaak ni.”","I spoke, ate, and went to the town and came home.",output-onesimus_001,0.23360214,17.45339136381636,8.685338257513335,4.030710172744721
"where they stayed until Herod died. So the Lord's promise came true, just as the prophet had said, “I called my son out of Egypt.” The Killing of the Children",U din be leŋe nan yoo nba ki Bat Herod din tan kpo na. Linba kur din tun a lin gbeen linba ki ti Yomdaanɔ Yennu din te ki u sɔkiniisɔɔ pak li po nee a “N din nyinn n bija maŋ Ijipt tingbouŋ nie.” Bonjabis kpinu labaar,"He went to speak with his father at Herod's house to kill him. They went to the house of Joseph the father and gave counsel to take him away, saying, ""I will take my child to Egypt to stay there."" The wise men returned home.",output_johnayernor,,25.266617345925933,8.685338257513335,4.030710172744721
Look at the birds in the sky! They don't plant or harvest. They don't even store grain in barns. Yet your Father in heaven takes care of them. Aren't you worth much more than birds?,"Gotir nɔɔnii nba yuuk ki lin na; bi ki buuri; bi bia ki jaan ki wuu suka nan naapaat ni, ŋaan ki i Baa Yennu nba be sanpaapo na dintib. I ki mɔk nyɔɔt ki gar nɔɔnii-ii?","The word that entered his heart; he spoke; and he came to know that he should seek within the world, then to Baa Yennu who was appointed at that time. Do you ask many things to understand the word?",output_johnayernor,,22.73298987849521,8.685338257513335,4.030710172744721
"I promise you on the day of judgment, everyone will have to account for every careless word they have spoken.","“N beerie na, barbunu daar, Yennu tan sa bu niib buut nan ba din piak baryana kur nba na paak,","I saw the prophet coming, Yennu then told them to eat the food, they went to prepare the words, but we will help.",output_johnayernor,,22.544659723768092,8.685338257513335,4.030710172744721
"Homeowners never know when a thief is coming, and they are always on guard to keep one from breaking in.","Ŋaan bant man nan li-i tee ki ŋaadaanɔ poŋ mi yoo nba ki nanyukɔɔ yaa wun baar u ŋaak ni nyiɔku, u sii kare ki guu; u kan sak ki nanyukɔɔ-n tan kɔɔ ki jamɔ.","When they said to me, ""Go to the place where the people live,"" I went there. They told me to go; they will give you something when you arrive there.",output_johnayernor,,18.984295342492423,8.685338257513335,4.030710172744721
The soldiers nailed Jesus to a cross and gambled to see who would get his clothes.,"Ba kpaau ki tabinɔ dapunpunn paak gbenn yoonba, ki bi tɔ tiatia ki chent chent u tiat na,",He summoned the great child of Dapunpunn and told the children to hurriedly eat their food now,output_johnayernor,,19.144151022463767,8.685338257513335,4.030710172744721
"where they stayed until Herod died. So the Lord's promise came true, just as the prophet had said, “I called my son out of Egypt.” The Killing of the Children",U din be leŋe nan yoo nba ki Bat Herod din tan kpo na. Linba kur din tun a lin gbeen linba ki ti Yomdaanɔ Yennu din te ki u sɔkiniisɔɔ pak li po nee a “N din nyinn n bija maŋ Ijipt tingbouŋ nie.” Bonjabis kpinu labaar,"When the son of Herod was about to send for them, Joseph was warned in a dream to take the child and flee to Egypt, saying, ""I will go there with the child to Egypt."" And he stayed there until the death of Herod.",Dec 11 output,,29.26415719441131,8.685338257513335,4.030710172744721
Look at the birds in the sky! They don't plant or harvest. They don't even store grain in barns. Yet your Father in heaven takes care of them. Aren't you worth much more than birds?,"Gotir nɔɔnii nba yuuk ki lin na; bi ki buuri; bi bia ki jaan ki wuu suka nan naapaat ni, ŋaan ki i Baa Yennu nba be sanpaapo na dintib. I ki mɔk nyɔɔt ki gar nɔɔnii-ii?","The word that Gotir spoke to them; he came; he did good things with the people, and went to dwell with Baa Yennu forever. Did he take care to fulfill the word?",Dec 11 output,,19.742584971045357,8.685338257513335,4.030710172744721
"I promise you on the day of judgment, everyone will have to account for every careless word they have spoken.","“N beerie na, barbunu daar, Yennu tan sa bu niib buut nan ba din piak baryana kur nba na paak,","My child here, the elder there, Yennu and you are not suitable here because he spoke to me.",Dec 11 output,,20.507650056988442,8.685338257513335,4.030710172744721
"Homeowners never know when a thief is coming, and they are always on guard to keep one from breaking in.","Ŋaan bant man nan li-i tee ki ŋaadaanɔ poŋ mi yoo nba ki nanyukɔɔ yaa wun baar u ŋaak ni nyiɔku, u sii kare ki guu; u kan sak ki nanyukɔɔ-n tan kɔɔ ki jamɔ.","I saw a man who was going to his farm, but he met a snake on the way and ran away; he could not return to the farm again.",Dec 11 output,,20.492755811861723,8.685338257513335,4.030710172744721
The soldiers nailed Jesus to a cross and gambled to see who would get his clothes.,"Ba kpaau ki tabinɔ dapunpunn paak gbenn yoonba, ki bi tɔ tiatia ki chent chent u tiat na,","They took the small dogs to feed them, and they quickly ran to go there.",Dec 11 output,,18.29826617490216,8.685338257513335,4.030710172744721
"where they stayed until Herod died. So the Lord's promise came true, just as the prophet had said, “I called my son out of Egypt.” The Killing of the Children",U din be leŋe nan yoo nba ki Bat Herod din tan kpo na. Linba kur din tun a lin gbeen linba ki ti Yomdaanɔ Yennu din te ki u sɔkiniisɔɔ pak li po nee a “N din nyinn n bija maŋ Ijipt tingbouŋ nie.” Bonjabis kpinu labaar,"He was afraid because King Herod was seeking to kill him. But when Joseph took the child and his mother and fled to Egypt by night, as the angel had commanded, the saying was fulfilled: “Out of Egypt I have called my son.” Then Joseph went back to the land of Israel.",gerhardt_0445F08A_output_T9n53N,,32.02091561977671,8.685338257513335,4.030710172744721
Look at the birds in the sky! They don't plant or harvest. They don't even store grain in barns. Yet your Father in heaven takes care of them. Aren't you worth much more than birds?,"Gotir nɔɔnii nba yuuk ki lin na; bi ki buuri; bi bia ki jaan ki wuu suka nan naapaat ni, ŋaan ki i Baa Yennu nba be sanpaapo na dintib. I ki mɔk nyɔɔt ki gar nɔɔnii-ii?","Gotir bound his hand; he did; he ate salt and bread, and went to Baa Yennu who spoke the truth. Did you do well and keep the word?",gerhardt_0445F08A_output_T9n53N,,15.484153858833535,8.685338257513335,4.030710172744721
"I promise you on the day of judgment, everyone will have to account for every careless word they have spoken.","“N beerie na, barbunu daar, Yennu tan sa bu niib buut nan ba din piak baryana kur nba na paak,","I ate this food, this Barbunu, and then I prepared good food, but when I finished the work, I didn't have time to go.",gerhardt_0445F08A_output_T9n53N,,19.582575582668888,8.685338257513335,4.030710172744721
"Homeowners never know when a thief is coming, and they are always on guard to keep one from breaking in.","Ŋaan bant man nan li-i tee ki ŋaadaanɔ poŋ mi yoo nba ki nanyukɔɔ yaa wun baar u ŋaak ni nyiɔku, u sii kare ki guu; u kan sak ki nanyukɔɔ-n tan kɔɔ ki jamɔ.","When I went to the farm, my father told me to go to the farm, but there was a big animal, so I saw it and ran; then I went to the town and came back home in the evening.",gerhardt_0445F08A_output_T9n53N,,20.83273866822518,8.685338257513335,4.030710172744721
The soldiers nailed Jesus to a cross and gambled to see who would get his clothes.,"Ba kpaau ki tabinɔ dapunpunn paak gbenn yoonba, ki bi tɔ tiatia ki chent chent u tiat na,","They are preparing good food for the people, and they are coming to sit together, chatting among themselves there.",gerhardt_0445F08A_output_T9n53N,,17.976061996624804,8.685338257513335,4.030710172744721
"where they stayed until Herod died. So the Lord's promise came true, just as the prophet had said, “I called my son out of Egypt.” The Killing of the Children",U din be leŋe nan yoo nba ki Bat Herod din tan kpo na. Linba kur din tun a lin gbeen linba ki ti Yomdaanɔ Yennu din te ki u sɔkiniisɔɔ pak li po nee a “N din nyinn n bija maŋ Ijipt tingbouŋ nie.” Bonjabis kpinu labaar,"He took the child and fled to Egypt because Herod wanted to kill him. After Joseph was warned in a dream, he returned to the land of Israel. But when he heard that Archelaus was ruling over Judea, he was afraid to go there. So he withdrew to the region of Galilee.",gerhardt_60BC0D18_output (8),,26.085527198719166,8.685338257513335,4.030710172744721
Look at the birds in the sky! They don't plant or harvest. They don't even store grain in barns. Yet your Father in heaven takes care of them. Aren't you worth much more than birds?,"Gotir nɔɔnii nba yuuk ki lin na; bi ki buuri; bi bia ki jaan ki wuu suka nan naapaat ni, ŋaan ki i Baa Yennu nba be sanpaapo na dintib. I ki mɔk nyɔɔt ki gar nɔɔnii-ii?",The story of Gotir who went to the town; and the others; and how they found the child in the forest and brought him to the king's palace. Do you know the end of the story?,gerhardt_60BC0D18_output (8),,21.387175268386972,8.685338257513335,4.030710172744721
"I promise you on the day of judgment, everyone will have to account for every careless word they have spoken.","“N beerie na, barbunu daar, Yennu tan sa bu niib buut nan ba din piak baryana kur nba na paak,","I have eaten, the child is sleeping, Yennu and his friend have gone to the farm to work and now he is tired.",gerhardt_60BC0D18_output (8),,19.34967802109521,8.685338257513335,4.030710172744721
"Homeowners never know when a thief is coming, and they are always on guard to keep one from breaking in.","Ŋaan bant man nan li-i tee ki ŋaadaanɔ poŋ mi yoo nba ki nanyukɔɔ yaa wun baar u ŋaak ni nyiɔku, u sii kare ki guu; u kan sak ki nanyukɔɔ-n tan kɔɔ ki jamɔ.","The person said to his child, ""Go to Ŋaadaanɔ's house, for I have sent you to fetch food, and you have eaten it; you did not do good work. You can go again to Ŋaadaanɔ to get more food.""",gerhardt_60BC0D18_output (8),,17.830647554968294,8.685338257513335,4.030710172744721
The soldiers nailed Jesus to a cross and gambled to see who would get his clothes.,"Ba kpaau ki tabinɔ dapunpunn paak gbenn yoonba, ki bi tɔ tiatia ki chent chent u tiat na,","They are eating good food, those people, and they also work quickly at their tasks.",gerhardt_60BC0D18_output (8),,18.152554444901476,8.685338257513335,4.030710172744721
"Jesus replied, “They don't have to leave. Why don't you give them something to eat?”",Ŋanne ki u betib a “Bi daa saa. I mɔŋ-n turib jeet ki bin di.”,"Then you said, ""He went there. I have already told you the reason.""",output-onesimus_002,0.21721128,18.043433403888702,8.685338257513335,4.030710172744721
"From then on, Jesus began telling his disciples what would happen to him. He said, “I must go to Jerusalem. There the nation's leaders, the chief priests, and the teachers of the Law of Moses will make me suffer terribly. I will be killed, but three days later I will rise to life.”","La din nyii li yoo maŋ ki jii saa, ki Yisa piin ki beer u poorpoweiteeb a “See ki n fabir ki saan Jerusalem, ŋaan ti tiŋ ni saakab, nan Yennu jiantu yudamm, nan sennu wannteeb sa dinin fara bonchiann, ki bia tan sa kpima; ŋaan daa ŋanntaa daar ki Yennu sa fiinin kuun ni.”","When they were going to Jerusalem, Jesus spoke to his disciples, saying, ""Go into the city to a certain man and tell him, 'The Teacher says, my time is near; I will celebrate the Passover with my disciples at your house.'""",output-onesimus_002,0.65121394,29.35066837787262,8.685338257513335,4.030710172744721
"But if you are as humble as this child, you are the greatest in the kingdom of heaven.","Wunba sikint u mɔŋ ki u binbeŋ tee kaman nan bik na binbeŋ na, ŋɔɔe tan sii tee saakɔɔ Yennu naan ni.","In the beginning was the Word, and the Word was with God, and the Word was God, whose name is Yennu.",output-onesimus_002,0.19371596,18.142224861180658,8.685338257513335,4.030710172744721
"Jesus did not say a word. But the woman kept following along and shouting, so his disciples came up and asked him to send her away.","Ki Yisa din ki jiin siari; ŋaan ki u poorpoweiteeb betɔ a wun ber poo na, kimaan u mɔk fuut.","When Yisa went to eat, the child carried water on the head to cook food.",output-onesimus_002,0.114035055,12.309732109214615,8.685338257513335,4.030710172744721
"Jesus called his disciples together and told them, “I feel sorry for these people. They have been with me for three days, and they don't have anything to eat. I don't want to send them away hungry. They might faint on their way home.”","Ki Yisa yiin u poorpoweiteeb ki tan yetib a “Ninbaauk mɔkin nan niib na, kimaan daa ŋanntaae na ki bi be n boor nna, ŋaan ki mɔk jeet ki di. N ki loon man kunnib nan komi, ki bi tan sa mann fib nan kon.”","Jesus said to them as they went, ""I give you to my sheep, and this price for you, they will come through the way and enter the door. I will take my sheep, and they will take the other sheep that are not mine.""",output-onesimus_002,0.57690656,26.547318839750524,8.685338257513335,4.030710172744721
"where they stayed until Herod died. So the Lord's promise came true, just as the prophet had said, “I called my son out of Egypt.” The Killing of the Children",U din be leŋe nan yoo nba ki Bat Herod din tan kpo na. Linba kur din tun a lin gbeen linba ki ti Yomdaanɔ Yennu din te ki u sɔkiniisɔɔ pak li po nee a “N din nyinn n bija maŋ Ijipt tingbouŋ nie.” Bonjabis kpinu labaar,"When he heard this, King Herod was greatly troubled, and he summoned the chief priests and scribes to inquire about the time of the star's appearance. Then he sent them to Bethlehem, saying, ""Go and search diligently for the child, and when you have found him, bring me word, that I too may come and worship him."" But the wise men, having been warned in a dream not to return to Herod, departed to their own country by another way.",onesimus_BAB3F503_Dec 10 output,,22.553233740225963,8.685338257513335,4.030710172744721
Look at the birds in the sky! They don't plant or harvest. They don't even store grain in barns. Yet your Father in heaven takes care of them. Aren't you worth much more than birds?,"Gotir nɔɔnii nba yuuk ki lin na; bi ki buuri; bi bia ki jaan ki wuu suka nan naapaat ni, ŋaan ki i Baa Yennu nba be sanpaapo na dintib. I ki mɔk nyɔɔt ki gar nɔɔnii-ii?","The righteous person is the way to life; they live; they act with a pure heart and keep the commandments, who is in the Lord's grace on the throne. Do you seek the face of righteousness?",onesimus_BAB3F503_Dec 10 output,,22.530671969945505,8.685338257513335,4.030710172744721
"I promise you on the day of judgment, everyone will have to account for every careless word they have spoken.","“N beerie na, barbunu daar, Yennu tan sa bu niib buut nan ba din piak baryana kur nba na paak,","I ate the food there; Yennu and his wife also prepared a meal with them, and they all ate together.",onesimus_BAB3F503_Dec 10 output,,18.474504775842508,8.685338257513335,4.030710172744721
"Homeowners never know when a thief is coming, and they are always on guard to keep one from breaking in.","Ŋaan bant man nan li-i tee ki ŋaadaanɔ poŋ mi yoo nba ki nanyukɔɔ yaa wun baar u ŋaak ni nyiɔku, u sii kare ki guu; u kan sak ki nanyukɔɔ-n tan kɔɔ ki jamɔ.","If you do not forgive me, I will go there and call on God to forgive you, and he will ask for mercy; he will look upon you kindly, and he will be able to speak forgiveness before you die.",onesimus_BAB3F503_Dec 10 output,,20.751412771906597,8.685338257513335,4.030710172744721
The soldiers nailed Jesus to a cross and gambled to see who would get his clothes.,"Ba kpaau ki tabinɔ dapunpunn paak gbenn yoonba, ki bi tɔ tiatia ki chent chent u tiat na,","They took the burden and gave it to the child, and they prepared food for the eating, giving it to him.",onesimus_BAB3F503_Dec 10 output,,18.671645959144396,8.685338257513335,4.030710172744721
"where they stayed until Herod died. So the Lord's promise came true, just as the prophet had said, “I called my son out of Egypt.” The Killing of the Children",U din be leŋe nan yoo nba ki Bat Herod din tan kpo na. Linba kur din tun a lin gbeen linba ki ti Yomdaanɔ Yennu din te ki u sɔkiniisɔɔ pak li po nee a “N din nyinn n bija maŋ Ijipt tingbouŋ nie.” Bonjabis kpinu labaar,"After the death of King Herod, the Lord spoke to Joseph in a dream, saying, “Take the child and his mother and go to Egypt, and remain there until I tell you.”",onesimus_AE3F5661_Dec 08 output,,28.529836522248942,8.685338257513335,4.030710172744721
Look at the birds in the sky! They don't plant or harvest. They don't even store grain in barns. Yet your Father in heaven takes care of them. Aren't you worth much more than birds?,"Gotir nɔɔnii nba yuuk ki lin na; bi ki buuri; bi bia ki jaan ki wuu suka nan naapaat ni, ŋaan ki i Baa Yennu nba be sanpaapo na dintib. I ki mɔk nyɔɔt ki gar nɔɔnii-ii?","Where can I go from your word? They have become heavy; they have gone to the land of the dead where there is no return, where the sun sets and the stars are born. Who can hide from your word?",onesimus_AE3F5661_Dec 08 output,,24.09433774425199,8.685338257513335,4.030710172744721
"I promise you on the day of judgment, everyone will have to account for every careless word they have spoken.","“N beerie na, barbunu daar, Yennu tan sa bu niib buut nan ba din piak baryana kur nba na paak,","He went there, did the work there, and Yennu went to the house where the dog was barking and chased it and caught it.",onesimus_AE3F5661_Dec 08 output,,17.15688962613764,8.685338257513335,4.030710172744721
"Homeowners never know when a thief is coming, and they are always on guard to keep one from breaking in.","Ŋaan bant man nan li-i tee ki ŋaadaanɔ poŋ mi yoo nba ki nanyukɔɔ yaa wun baar u ŋaak ni nyiɔku, u sii kare ki guu; u kan sak ki nanyukɔɔ-n tan kɔɔ ki jamɔ.","The man took the thing to the place and did something, then they gave birth to something, and he spoke to the person, he went to look for something; he carried the something into the house to do something.",onesimus_AE3F5661_Dec 08 output,,23.8681885995179,8.685338257513335,4.030710172744721
The soldiers nailed Jesus to a cross and gambled to see who would get his clothes.,"Ba kpaau ki tabinɔ dapunpunn paak gbenn yoonba, ki bi tɔ tiatia ki chent chent u tiat na,",,onesimus_AE3F5661_Dec 08 output,,,8.685338257513335,4.030710172744721
"where they stayed until Herod died. So the Lord's promise came true, just as the prophet had said, “I called my son out of Egypt.” The Killing of the Children",U din be leŋe nan yoo nba ki Bat Herod din tan kpo na. Linba kur din tun a lin gbeen linba ki ti Yomdaanɔ Yennu din te ki u sɔkiniisɔɔ pak li po nee a “N din nyinn n bija maŋ Ijipt tingbouŋ nie.” Bonjabis kpinu labaar,"When they had gone to Herod's house and stayed there, the wise men from the east prepared a feast for him in the palace, saying, ""He will come out of Egypt where he was living."" Then they left by another way.",onesimus_A84A9EF3_Dec 04 output,,31.0596267864259,8.685338257513335,4.030710172744721
Look at the birds in the sky! They don't plant or harvest. They don't even store grain in barns. Yet your Father in heaven takes care of them. Aren't you worth much more than birds?,"Gotir nɔɔnii nba yuuk ki lin na; bi ki buuri; bi bia ki jaan ki wuu suka nan naapaat ni, ŋaan ki i Baa Yennu nba be sanpaapo na dintib. I ki mɔk nyɔɔt ki gar nɔɔnii-ii?","The path of truth is narrow and few find it; they avoid it; they prefer the wide road that leads to destruction, as the Lord God commanded. How can one find the way to life?",onesimus_A84A9EF3_Dec 04 output,,18.85363326053314,8.685338257513335,4.030710172744721
"I promise you on the day of judgment, everyone will have to account for every careless word they have spoken.","“N beerie na, barbunu daar, Yennu tan sa bu niib buut nan ba din piak baryana kur nba na paak,","My beer, the old man there, Yennu and his child ate the good food in the house because I did not go.",onesimus_A84A9EF3_Dec 04 output,,16.004687187618362,8.685338257513335,4.030710172744721
"Homeowners never know when a thief is coming, and they are always on guard to keep one from breaking in.","Ŋaan bant man nan li-i tee ki ŋaadaanɔ poŋ mi yoo nba ki nanyukɔɔ yaa wun baar u ŋaak ni nyiɔku, u sii kare ki guu; u kan sak ki nanyukɔɔ-n tan kɔɔ ki jamɔ.","He who prepared the food for me cooked it and gave me the food to take for money; he did the work well, he can eat the food with the child because he likes it.",onesimus_A84A9EF3_Dec 04 output,,19.98448111748521,8.685338257513335,4.030710172744721
The soldiers nailed Jesus to a cross and gambled to see who would get his clothes.,"Ba kpaau ki tabinɔ dapunpunn paak gbenn yoonba, ki bi tɔ tiatia ki chent chent u tiat na,",He went to the farm to plant yams and worked diligently there.,onesimus_A84A9EF3_Dec 04 output,,16.330949332833114,8.685338257513335,4.030710172744721
"As John's followers were going away, Jesus spoke to the crowds about John: What sort of person did you go out into the desert to see? Was he like tall grass blown about by the wind?","Tɔn, Jɔɔnn toomiinba na nba din nyii leŋ ki ŋmat kun yoonba na, ki Yisa ji din piin ki boi niib maŋ buboit ki jikit saa Jɔɔnn po a “Ya daan saan Jɔɔnn peŋ muuk ni na, i daan dukii a i sa saa la bee? I daan mi a i sa la muuk nba ki wouŋ damm naee?","Then John the Baptist came to the Jordan River to preach a baptism of repentance for the forgiveness of sins, and Jesus came to be baptized by John. But John tried to stop him, saying, ""I need to be baptized by you, and yet you come to me? Are you the one who is to come, or should we expect another?""",output-onesimus_006,0.5545614,24.048620783156842,8.685338257513335,4.030710172744721
"Then in the middle of the night someone shouted, “Here's the groom! Come to meet him!”","“Ki tansuunii ki bi tan gbat wiyikiŋ a ‘Gotir, pooyookir sɔrɔ nee baat na. Nyin man ki tin tookɔ man.’","""I told you to go to Gotir's house to prepare food and do the work there. Why are you leaving us?""",output-onesimus_006,0.23438312,16.224723171409337,8.685338257513335,4.030710172744721
"Jesus said, “I was sent only to the people of Israel! They are like a flock of lost sheep.”","Ŋanne ki Yisa jiin ki betib a “Israel teeb nba tee kaman nan pei nba bot na, ŋamm kuukɔɔe ki Yennu tumin a man saan bi boor ni.”","The prophet Jesus called him, ""Israel's people are lost like sheep that have gone astray, and he carried the sins of humanity on his cross.""",output-onesimus_006,0.7525979,30.22350506791307,8.685338257513335,4.030710172744721
"Then he will throw them into a flaming furnace, where people will cry and grit their teeth in pain.",ki lub musaakau ni; leŋe ki niib tan sii fabin mɔn ki junt bi nyana.,He went to Musaakau's; and he took his children with him and they went to the town.,output-onesimus_006,0.1579389,16.059416894327413,8.685338257513335,4.030710172744721
"But if you are as humble as this child, you are the greatest in the kingdom of heaven.","Wunba sikint u mɔŋ ki u binbeŋ tee kaman nan bik na binbeŋ na, ŋɔɔe tan sii tee saakɔɔ Yennu naan ni.","Wunba is working the land with his hoe and building the house with his brother and father, while the child plays by the Yennu river.",output-onesimus_006,0.094383284,22.520679777698835,8.685338257513335,4.030710172744721
"where they stayed until Herod died. So the Lord's promise came true, just as the prophet had said, “I called my son out of Egypt.” The Killing of the Children",U din be leŋe nan yoo nba ki Bat Herod din tan kpo na. Linba kur din tun a lin gbeen linba ki ti Yomdaanɔ Yennu din te ki u sɔkiniisɔɔ pak li po nee a “N din nyinn n bija maŋ Ijipt tingbouŋ nie.” Bonjabis kpinu labaar,"He went to the house of King Herod and spoke to them. The wise men were warned in a dream by the angel of the Lord to flee to Egypt, saying, ""I fled to Egypt with my child."" Afterwards, the child died.",gerhardt_34E1778F_output (7),,29.417461408744668,8.685338257513335,4.030710172744721
Look at the birds in the sky! They don't plant or harvest. They don't even store grain in barns. Yet your Father in heaven takes care of them. Aren't you worth much more than birds?,"Gotir nɔɔnii nba yuuk ki lin na; bi ki buuri; bi bia ki jaan ki wuu suka nan naapaat ni, ŋaan ki i Baa Yennu nba be sanpaapo na dintib. I ki mɔk nyɔɔt ki gar nɔɔnii-ii?",The word that came from heaven; he created; he gave life to the people on earth; and to Baa Yennu who descended from above. Do you ask the word to understand the message?,gerhardt_34E1778F_output (7),,21.207597967920616,8.685338257513335,4.030710172744721
"I promise you on the day of judgment, everyone will have to account for every careless word they have spoken.","“N beerie na, barbunu daar, Yennu tan sa bu niib buut nan ba din piak baryana kur nba na paak,","My child is here, Barbunu is there, Yennu and the small child in the house then ate the meal in my house.",gerhardt_34E1778F_output (7),,17.16344564064631,8.685338257513335,4.030710172744721
"Homeowners never know when a thief is coming, and they are always on guard to keep one from breaking in.","Ŋaan bant man nan li-i tee ki ŋaadaanɔ poŋ mi yoo nba ki nanyukɔɔ yaa wun baar u ŋaak ni nyiɔku, u sii kare ki guu; u kan sak ki nanyukɔɔ-n tan kɔɔ ki jamɔ.","I spoke to you there, and God called me, and I came because of forgiveness; he did good, he spoke the truth to us; he taught us guidance; we can walk on the path of forgiveness.",gerhardt_34E1778F_output (7),,18.397438944197233,8.685338257513335,4.030710172744721
The soldiers nailed Jesus to a cross and gambled to see who would get his clothes.,"Ba kpaau ki tabinɔ dapunpunn paak gbenn yoonba, ki bi tɔ tiatia ki chent chent u tiat na,","When he started working on it, hitting it hard and strong, and he worked meticulously until his work was completed.",gerhardt_34E1778F_output (7),,19.09140442436795,8.685338257513335,4.030710172744721
"where they stayed until Herod died. So the Lord's promise came true, just as the prophet had said, “I called my son out of Egypt.” The Killing of the Children",U din be leŋe nan yoo nba ki Bat Herod din tan kpo na. Linba kur din tun a lin gbeen linba ki ti Yomdaanɔ Yennu din te ki u sɔkiniisɔɔ pak li po nee a “N din nyinn n bija maŋ Ijipt tingbouŋ nie.” Bonjabis kpinu labaar,"He went to the house of Herod. The king went to the region of Yomdaanɔ Yennu to prepare for the journey, saying, ""I will leave to Egypt with my family."" Bonjabis returned.",output_JA-5,,23.873898962178465,8.685338257513335,4.030710172744721
Look at the birds in the sky! They don't plant or harvest. They don't even store grain in barns. Yet your Father in heaven takes care of them. Aren't you worth much more than birds?,"Gotir nɔɔnii nba yuuk ki lin na; bi ki buuri; bi bia ki jaan ki wuu suka nan naapaat ni, ŋaan ki i Baa Yennu nba be sanpaapo na dintib. I ki mɔk nyɔɔt ki gar nɔɔnii-ii?","When the sun rose, he prepared his offering; he wept and spoke to the Lord, saying, ""Will you indeed go with me?""",output_JA-5,,15.011254258314244,8.685338257513335,4.030710172744721
"I promise you on the day of judgment, everyone will have to account for every careless word they have spoken.","“N beerie na, barbunu daar, Yennu tan sa bu niib buut nan ba din piak baryana kur nba na paak,","I have seen, O Barbunu there, you do not know that the children went to eat on the road because he has finished it.",output_JA-5,,21.53651908637869,8.685338257513335,4.030710172744721
"Homeowners never know when a thief is coming, and they are always on guard to keep one from breaking in.","Ŋaan bant man nan li-i tee ki ŋaadaanɔ poŋ mi yoo nba ki nanyukɔɔ yaa wun baar u ŋaak ni nyiɔku, u sii kare ki guu; u kan sak ki nanyukɔɔ-n tan kɔɔ ki jamɔ.","The man went to his farm to plant maize, but the animals came and ate all the crops, leaving nothing behind; he then decided to build a scarecrow to protect the remaining plants.",output_JA-5,,19.977977802903705,8.685338257513335,4.030710172744721
The soldiers nailed Jesus to a cross and gambled to see who would get his clothes.,"Ba kpaau ki tabinɔ dapunpunn paak gbenn yoonba, ki bi tɔ tiatia ki chent chent u tiat na,","He told them to go and bring the white people, and they quickly went and came back with them.",output_JA-5,,17.347229493044445,8.685338257513335,4.030710172744721
"where they stayed until Herod died. So the Lord's promise came true, just as the prophet had said, “I called my son out of Egypt.” The Killing of the Children",U din be leŋe nan yoo nba ki Bat Herod din tan kpo na. Linba kur din tun a lin gbeen linba ki ti Yomdaanɔ Yennu din te ki u sɔkiniisɔɔ pak li po nee a “N din nyinn n bija maŋ Ijipt tingbouŋ nie.” Bonjabis kpinu labaar,"When he heard that Archelaus was reigning in Judea instead of his father Herod, he was afraid to go there. And being warned in a dream, he withdrew into the region of Galilee. Then he went and lived in a town called Nazareth, fulfilling what was spoken through the prophets: ""Out of Egypt I called my son."" The rest of the story",john_86344B85_output (7),,34.68983093134921,8.685338257513335,4.030710172744721
Look at the birds in the sky! They don't plant or harvest. They don't even store grain in barns. Yet your Father in heaven takes care of them. Aren't you worth much more than birds?,"Gotir nɔɔnii nba yuuk ki lin na; bi ki buuri; bi bia ki jaan ki wuu suka nan naapaat ni, ŋaan ki i Baa Yennu nba be sanpaapo na dintib. I ki mɔk nyɔɔt ki gar nɔɔnii-ii?","The word that was spoken to him came; he went; he also went to the place where the people were gathered, and he saw the crowd. Then he approached Baa Yennu who was teaching them. And he did not understand the word?",john_86344B85_output (7),,23.32298862422327,8.685338257513335,4.030710172744721
"I promise you on the day of judgment, everyone will have to account for every careless word they have spoken.","“N beerie na, barbunu daar, Yennu tan sa bu niib buut nan ba din piak baryana kur nba na paak,","I ate this porridge, Yennu took some good food and when they cooked the food in my father's house,",john_86344B85_output (7),,19.62382316891605,8.685338257513335,4.030710172744721
"Homeowners never know when a thief is coming, and they are always on guard to keep one from breaking in.","Ŋaan bant man nan li-i tee ki ŋaadaanɔ poŋ mi yoo nba ki nanyukɔɔ yaa wun baar u ŋaak ni nyiɔku, u sii kare ki guu; u kan sak ki nanyukɔɔ-n tan kɔɔ ki jamɔ.","I will do my work so that I can go to ŋaadaanɔ to get my food, and if I work, I will come home to take nyiɔku, he will see and do good; he will start the work and then finish it.",john_86344B85_output (7),,20.744431916457405,8.685338257513335,4.030710172744721
The soldiers nailed Jesus to a cross and gambled to see who would get his clothes.,"Ba kpaau ki tabinɔ dapunpunn paak gbenn yoonba, ki bi tɔ tiatia ki chent chent u tiat na,","They took the heavy package to the big village, and they chased them to their place.",john_86344B85_output (7),,16.93523623674876,8.685338257513335,4.030710172744721
"where they stayed until Herod died. So the Lord's promise came true, just as the prophet had said, “I called my son out of Egypt.” The Killing of the Children",U din be leŋe nan yoo nba ki Bat Herod din tan kpo na. Linba kur din tun a lin gbeen linba ki ti Yomdaanɔ Yennu din te ki u sɔkiniisɔɔ pak li po nee a “N din nyinn n bija maŋ Ijipt tingbouŋ nie.” Bonjabis kpinu labaar,"He was there during the time of King Herod. When Herod tried to kill him, the child was taken to the land of Egypt and remained there until Herod's death, as it was said, ""Out of Egypt I called my son."" This fulfilled the word of the Lord.",Dec 05 output,,39.96009659963043,8.685338257513335,4.030710172744721
Look at the birds in the sky! They don't plant or harvest. They don't even store grain in barns. Yet your Father in heaven takes care of them. Aren't you worth much more than birds?,"Gotir nɔɔnii nba yuuk ki lin na; bi ki buuri; bi bia ki jaan ki wuu suka nan naapaat ni, ŋaan ki i Baa Yennu nba be sanpaapo na dintib. I ki mɔk nyɔɔt ki gar nɔɔnii-ii?","The elder who came to the place; he built; he also divided the land among the people, and they went to the house of Yennu to make peace together. Who will inherit the elder's position?",Dec 05 output,,20.059181720772937,8.685338257513335,4.030710172744721
"I promise you on the day of judgment, everyone will have to account for every careless word they have spoken.","“N beerie na, barbunu daar, Yennu tan sa bu niib buut nan ba din piak baryana kur nba na paak,","I am going, my father is there, Yennu and his wife are coming to eat the food that my father has prepared because he has called us.",Dec 05 output,,19.24986627371607,8.685338257513335,4.030710172744721
"Homeowners never know when a thief is coming, and they are always on guard to keep one from breaking in.","Ŋaan bant man nan li-i tee ki ŋaadaanɔ poŋ mi yoo nba ki nanyukɔɔ yaa wun baar u ŋaak ni nyiɔku, u sii kare ki guu; u kan sak ki nanyukɔɔ-n tan kɔɔ ki jamɔ.","I followed the man who was with me to ŋaadaanɔ's house to see the ceremony when night came, he took me to his room, told me to sit down, and went to prepare for the ceremony.",Dec 05 output,,20.632368143711762,8.685338257513335,4.030710172744721
The soldiers nailed Jesus to a cross and gambled to see who would get his clothes.,"Ba kpaau ki tabinɔ dapunpunn paak gbenn yoonba, ki bi tɔ tiatia ki chent chent u tiat na,","He started hurrying along the road to Yoonba town, and he came to hurriedly eat his meal here.",Dec 05 output,,20.180597840877844,8.685338257513335,4.030710172744721
"where they stayed until Herod died. So the Lord's promise came true, just as the prophet had said, “I called my son out of Egypt.” The Killing of the Children",U din be leŋe nan yoo nba ki Bat Herod din tan kpo na. Linba kur din tun a lin gbeen linba ki ti Yomdaanɔ Yennu din te ki u sɔkiniisɔɔ pak li po nee a “N din nyinn n bija maŋ Ijipt tingbouŋ nie.” Bonjabis kpinu labaar,"When Herod died, an angel of the Lord appeared in a dream to Joseph in Egypt and said, ""Get up, take the child and his mother, and go to the land of Israel, for those who were seeking the child's life are dead."" And he said, ""I will return from Egypt."" This was to fulfill the word spoken by the Lord through the prophet: ""Out of Egypt I called my son."" As stated in the prophecy",onesimus_C968674F_Dec 07 output,,38.68356907030559,8.685338257513335,4.030710172744721
Look at the birds in the sky! They don't plant or harvest. They don't even store grain in barns. Yet your Father in heaven takes care of them. Aren't you worth much more than birds?,"Gotir nɔɔnii nba yuuk ki lin na; bi ki buuri; bi bia ki jaan ki wuu suka nan naapaat ni, ŋaan ki i Baa Yennu nba be sanpaapo na dintib. I ki mɔk nyɔɔt ki gar nɔɔnii-ii?","Gotir does not fear to lie; and is not ashamed; and has committed a great sin, and has come to God for the forgiveness of sins. Will he be able to cover his sin?",onesimus_C968674F_Dec 07 output,,17.15817593815968,8.685338257513335,4.030710172744721
"I promise you on the day of judgment, everyone will have to account for every careless word they have spoken.","“N beerie na, barbunu daar, Yennu tan sa bu niib buut nan ba din piak baryana kur nba na paak,","I have come to the chief's house, and Yennu with his wife came to my place and told me that...",onesimus_C968674F_Dec 07 output,,16.54675163942331,8.685338257513335,4.030710172744721
"Homeowners never know when a thief is coming, and they are always on guard to keep one from breaking in.","Ŋaan bant man nan li-i tee ki ŋaadaanɔ poŋ mi yoo nba ki nanyukɔɔ yaa wun baar u ŋaak ni nyiɔku, u sii kare ki guu; u kan sak ki nanyukɔɔ-n tan kɔɔ ki jamɔ.","When the man went to his farm to work, he saw many people there with their children; he asked them why, and he joined the people working until evening.",onesimus_C968674F_Dec 07 output,,22.802837702809565,8.685338257513335,4.030710172744721
The soldiers nailed Jesus to a cross and gambled to see who would get his clothes.,"Ba kpaau ki tabinɔ dapunpunn paak gbenn yoonba, ki bi tɔ tiatia ki chent chent u tiat na,","He wants to go to the farm to eat good food, and the child quickly runs to eat.",onesimus_C968674F_Dec 07 output,,16.768534204602563,8.685338257513335,4.030710172744721
"where they stayed until Herod died. So the Lord's promise came true, just as the prophet had said, “I called my son out of Egypt.” The Killing of the Children",U din be leŋe nan yoo nba ki Bat Herod din tan kpo na. Linba kur din tun a lin gbeen linba ki ti Yomdaanɔ Yennu din te ki u sɔkiniisɔɔ pak li po nee a “N din nyinn n bija maŋ Ijipt tingbouŋ nie.” Bonjabis kpinu labaar,"Then Joseph took the child and his mother by night and fled to Egypt. He stayed there until the death of Herod. This was to fulfill what the Lord had spoken through the prophet, ""Out of Egypt I called my son."" Then he went to Nazareth.",john_C52DEBBB_output (10),,40.929094100200246,8.685338257513335,4.030710172744721
Look at the birds in the sky! They don't plant or harvest. They don't even store grain in barns. Yet your Father in heaven takes care of them. Aren't you worth much more than birds?,"Gotir nɔɔnii nba yuuk ki lin na; bi ki buuri; bi bia ki jaan ki wuu suka nan naapaat ni, ŋaan ki i Baa Yennu nba be sanpaapo na dintib. I ki mɔk nyɔɔt ki gar nɔɔnii-ii?","Gotir's word came to rest in the town; and he bought; and he went to the market to buy something for the journey, then he went to Baa Yennu's place to prepare for the journey. Did you come to inquire about the word?",john_C52DEBBB_output (10),,24.1857079420245,8.685338257513335,4.030710172744721
"I promise you on the day of judgment, everyone will have to account for every careless word they have spoken.","“N beerie na, barbunu daar, Yennu tan sa bu niib buut nan ba din piak baryana kur nba na paak,","I have come, Father, Yennu has said that the child will eat well and walk the path they have prepared.",john_C52DEBBB_output (10),,21.678929082823053,8.685338257513335,4.030710172744721
"Homeowners never know when a thief is coming, and they are always on guard to keep one from breaking in.","Ŋaan bant man nan li-i tee ki ŋaadaanɔ poŋ mi yoo nba ki nanyukɔɔ yaa wun baar u ŋaak ni nyiɔku, u sii kare ki guu; u kan sak ki nanyukɔɔ-n tan kɔɔ ki jamɔ.","He said to them, ""When you go to find a place to eat, you must take this with you; you will see; you must do this before you start eating..."".",john_C52DEBBB_output (10),,17.73009145578952,8.685338257513335,4.030710172744721
The soldiers nailed Jesus to a cross and gambled to see who would get his clothes.,"Ba kpaau ki tabinɔ dapunpunn paak gbenn yoonba, ki bi tɔ tiatia ki chent chent u tiat na,","They eat the animals that carry things on the farm, and they also go around collecting them.",john_C52DEBBB_output (10),,16.559050908566192,8.685338257513335,4.030710172744721
"where they stayed until Herod died. So the Lord's promise came true, just as the prophet had said, “I called my son out of Egypt.” The Killing of the Children",U din be leŋe nan yoo nba ki Bat Herod din tan kpo na. Linba kur din tun a lin gbeen linba ki ti Yomdaanɔ Yennu din te ki u sɔkiniisɔɔ pak li po nee a “N din nyinn n bija maŋ Ijipt tingbouŋ nie.” Bonjabis kpinu labaar,"They went to the child with her name to Herod's daughter. They went to kill her. All the people went and their hearts said to John the Baptist, after they took his body to bury him. ""I went with my brother to Egypt to live there."" Bonjabis sent a message.",gerhardt_62CB5CC1_output (4),,24.592278746101545,8.685338257513335,4.030710172744721
Look at the birds in the sky! They don't plant or harvest. They don't even store grain in barns. Yet your Father in heaven takes care of them. Aren't you worth much more than birds?,"Gotir nɔɔnii nba yuuk ki lin na; bi ki buuri; bi bia ki jaan ki wuu suka nan naapaat ni, ŋaan ki i Baa Yennu nba be sanpaapo na dintib. I ki mɔk nyɔɔt ki gar nɔɔnii-ii?",For God so loved the world that he gave his only begotten Son; whoever believes in him; shall not perish but have eternal life. How can one be born again?,gerhardt_62CB5CC1_output (4),,17.936842592471685,8.685338257513335,4.030710172744721
"I promise you on the day of judgment, everyone will have to account for every careless word they have spoken.","“N beerie na, barbunu daar, Yennu tan sa bu niib buut nan ba din piak baryana kur nba na paak,","I am going to Barbunu's place, Yennu and the good water where we crossed the riverbank and the river's resting place",gerhardt_62CB5CC1_output (4),,18.530905238355658,8.685338257513335,4.030710172744721
"Homeowners never know when a thief is coming, and they are always on guard to keep one from breaking in.","Ŋaan bant man nan li-i tee ki ŋaadaanɔ poŋ mi yoo nba ki nanyukɔɔ yaa wun baar u ŋaak ni nyiɔku, u sii kare ki guu; u kan sak ki nanyukɔɔ-n tan kɔɔ ki jamɔ.","A person does not live alone in the world; they eat and drink with others, their companions. They cook together; they eat the same food when they are hungry.",gerhardt_62CB5CC1_output (4),,24.355434749097824,8.685338257513335,4.030710172744721
The soldiers nailed Jesus to a cross and gambled to see who would get his clothes.,"Ba kpaau ki tabinɔ dapunpunn paak gbenn yoonba, ki bi tɔ tiatia ki chent chent u tiat na,","He went to the village and spread the good news among the people, and he told them to reflect deeply in their hearts.",gerhardt_62CB5CC1_output (4),,18.93108713613763,8.685338257513335,4.030710172744721
"where they stayed until Herod died. So the Lord's promise came true, just as the prophet had said, “I called my son out of Egypt.” The Killing of the Children",U din be leŋe nan yoo nba ki Bat Herod din tan kpo na. Linba kur din tun a lin gbeen linba ki ti Yomdaanɔ Yennu din te ki u sɔkiniisɔɔ pak li po nee a “N din nyinn n bija maŋ Ijipt tingbouŋ nie.” Bonjabis kpinu labaar,"When they had gone to Herod's house and stayed there, the wise men from the east prepared a feast for him in the palace, saying, ""He will come out of Egypt where he was living."" Then they left by another way.",Dec 04 output,,31.0596267864259,8.685338257513335,4.030710172744721
Look at the birds in the sky! They don't plant or harvest. They don't even store grain in barns. Yet your Father in heaven takes care of them. Aren't you worth much more than birds?,"Gotir nɔɔnii nba yuuk ki lin na; bi ki buuri; bi bia ki jaan ki wuu suka nan naapaat ni, ŋaan ki i Baa Yennu nba be sanpaapo na dintib. I ki mɔk nyɔɔt ki gar nɔɔnii-ii?","The path of truth is narrow and few find it; they avoid it; they prefer the wide road that leads to destruction, as the Lord God commanded. How can one find the way to life?",Dec 04 output,,18.85363326053314,8.685338257513335,4.030710172744721
"I promise you on the day of judgment, everyone will have to account for every careless word they have spoken.","“N beerie na, barbunu daar, Yennu tan sa bu niib buut nan ba din piak baryana kur nba na paak,","My beer, the old man there, Yennu and his child ate the good food in the house because I did not go.",Dec 04 output,,16.004687187618362,8.685338257513335,4.030710172744721
"Homeowners never know when a thief is coming, and they are always on guard to keep one from breaking in.","Ŋaan bant man nan li-i tee ki ŋaadaanɔ poŋ mi yoo nba ki nanyukɔɔ yaa wun baar u ŋaak ni nyiɔku, u sii kare ki guu; u kan sak ki nanyukɔɔ-n tan kɔɔ ki jamɔ.","He who prepared the food for me cooked it and gave me the food to take for money; he did the work well, he can eat the food with the child because he likes it.",Dec 04 output,,19.98448111748521,8.685338257513335,4.030710172744721
The soldiers nailed Jesus to a cross and gambled to see who would get his clothes.,"Ba kpaau ki tabinɔ dapunpunn paak gbenn yoonba, ki bi tɔ tiatia ki chent chent u tiat na,",He went to the farm to plant yams and worked diligently there.,Dec 04 output,,16.330949332833114,8.685338257513335,4.030710172744721
"where they stayed until Herod died. So the Lord's promise came true, just as the prophet had said, “I called my son out of Egypt.” The Killing of the Children",U din be leŋe nan yoo nba ki Bat Herod din tan kpo na. Linba kur din tun a lin gbeen linba ki ti Yomdaanɔ Yennu din te ki u sɔkiniisɔɔ pak li po nee a “N din nyinn n bija maŋ Ijipt tingbouŋ nie.” Bonjabis kpinu labaar,"At that time, King Herod issued a command. The angel of the Lord appeared to Joseph in a dream, saying, ""Take the child and flee to Egypt, and remain there until I tell you, for Herod is seeking the child to kill him."" Then Joseph took the child and went to Egypt.",gerhardt_676E558A_output (6),,28.758185021258914,8.685338257513335,4.030710172744721
Look at the birds in the sky! They don't plant or harvest. They don't even store grain in barns. Yet your Father in heaven takes care of them. Aren't you worth much more than birds?,"Gotir nɔɔnii nba yuuk ki lin na; bi ki buuri; bi bia ki jaan ki wuu suka nan naapaat ni, ŋaan ki i Baa Yennu nba be sanpaapo na dintib. I ki mɔk nyɔɔt ki gar nɔɔnii-ii?","The Word of God that was created by Him; He came; He also brought life which was the light in the world, and to the Lord Jesus who walked the path. Who seeks the truth of the Word?",gerhardt_676E558A_output (6),,19.56332924869256,8.685338257513335,4.030710172744721
"I promise you on the day of judgment, everyone will have to account for every careless word they have spoken.","“N beerie na, barbunu daar, Yennu tan sa bu niib buut nan ba din piak baryana kur nba na paak,","I have eaten, the elder is there, and [Name",gerhardt_676E558A_output (6),,10.827759765970688,8.685338257513335,4.030710172744721
"Homeowners never know when a thief is coming, and they are always on guard to keep one from breaking in.","Ŋaan bant man nan li-i tee ki ŋaadaanɔ poŋ mi yoo nba ki nanyukɔɔ yaa wun baar u ŋaak ni nyiɔku, u sii kare ki guu; u kan sak ki nanyukɔɔ-n tan kɔɔ ki jamɔ.",I went to the farm to plant yam but could not plant it because I did not have a cutlass; I took a stone and used it to dig the yams.,gerhardt_676E558A_output (6),,17.246174244389564,8.685338257513335,4.030710172744721
The soldiers nailed Jesus to a cross and gambled to see who would get his clothes.,"Ba kpaau ki tabinɔ dapunpunn paak gbenn yoonba, ki bi tɔ tiatia ki chent chent u tiat na,","She kept all the words that the person said, and took the small child hurriedly to the house.",gerhardt_676E558A_output (6),,22.210230801975154,8.685338257513335,4.030710172744721
"where they stayed until Herod died. So the Lord's promise came true, just as the prophet had said, “I called my son out of Egypt.” The Killing of the Children",U din be leŋe nan yoo nba ki Bat Herod din tan kpo na. Linba kur din tun a lin gbeen linba ki ti Yomdaanɔ Yennu din te ki u sɔkiniisɔɔ pak li po nee a “N din nyinn n bija maŋ Ijipt tingbouŋ nie.” Bonjabis kpinu labaar,"He went to search for the child Jesus at Herod's house. When the wise men saw the star again, they rejoiced greatly. Then Joseph, taking the child and his mother by night, fled to Egypt as the Lord had commanded him, saying, ""Go to Egypt and remain there until I tell you.""",gerhardt_107423D8_output (9),,28.863961030020587,8.685338257513335,4.030710172744721
Look at the birds in the sky! They don't plant or harvest. They don't even store grain in barns. Yet your Father in heaven takes care of them. Aren't you worth much more than birds?,"Gotir nɔɔnii nba yuuk ki lin na; bi ki buuri; bi bia ki jaan ki wuu suka nan naapaat ni, ŋaan ki i Baa Yennu nba be sanpaapo na dintib. I ki mɔk nyɔɔt ki gar nɔɔnii-ii?","Gotir's son came to the town; he found; he also went to the farm where he planted maize, and he became the chief of the town because of his bravery. Did he really leave his child?",gerhardt_107423D8_output (9),,20.344459340528076,8.685338257513335,4.030710172744721
"I promise you on the day of judgment, everyone will have to account for every careless word they have spoken.","“N beerie na, barbunu daar, Yennu tan sa bu niib buut nan ba din piak baryana kur nba na paak,","I saw yesterday, Barbunu there, and then he went to fetch water from the stream to carry a calabash from the farm to his house.",gerhardt_107423D8_output (9),,19.533198743545782,8.685338257513335,4.030710172744721
"Homeowners never know when a thief is coming, and they are always on guard to keep one from breaking in.","Ŋaan bant man nan li-i tee ki ŋaadaanɔ poŋ mi yoo nba ki nanyukɔɔ yaa wun baar u ŋaak ni nyiɔku, u sii kare ki guu; u kan sak ki nanyukɔɔ-n tan kɔɔ ki jamɔ.","I went with my father to the farm to plant yams, and when we arrived, we ate the food that my mother had prepared; he also added salt to the food so that it would taste good.",gerhardt_107423D8_output (9),,18.92491948712247,8.685338257513335,4.030710172744721
The soldiers nailed Jesus to a cross and gambled to see who would get his clothes.,"Ba kpaau ki tabinɔ dapunpunn paak gbenn yoonba, ki bi tɔ tiatia ki chent chent u tiat na,","When you speak the words that were spoken by the elders, and the child is crawling here and there in the house,",gerhardt_107423D8_output (9),,19.905037056013942,8.685338257513335,4.030710172744721
"where they stayed until Herod died. So the Lord's promise came true, just as the prophet had said, “I called my son out of Egypt.” The Killing of the Children",U din be leŋe nan yoo nba ki Bat Herod din tan kpo na. Linba kur din tun a lin gbeen linba ki ti Yomdaanɔ Yennu din te ki u sɔkiniisɔɔ pak li po nee a “N din nyinn n bija maŋ Ijipt tingbouŋ nie.” Bonjabis kpinu labaar,"He was afraid of the child that King Herod had sent to kill him. Joseph the Righteous was warned in a dream to take the child and go to Egypt, saying, ""I was told to go to Egypt because Herod is seeking the child to kill him."" So he took the child and fled to Egypt.",gerhardt_E4F773B6_output (3),,26.15777629016401,8.685338257513335,4.030710172744721
Look at the birds in the sky! They don't plant or harvest. They don't even store grain in barns. Yet your Father in heaven takes care of them. Aren't you worth much more than birds?,"Gotir nɔɔnii nba yuuk ki lin na; bi ki buuri; bi bia ki jaan ki wuu suka nan naapaat ni, ŋaan ki i Baa Yennu nba be sanpaapo na dintib. I ki mɔk nyɔɔt ki gar nɔɔnii-ii?","The chief of the village who owns the land; the leader; the father of the town and the one who brings peace to the community, the one called Baa Yennu who founded Sanpaapo in Dintib. Who is the one who builds the village?",gerhardt_E4F773B6_output (3),,19.95074106000465,8.685338257513335,4.030710172744721
"I promise you on the day of judgment, everyone will have to account for every careless word they have spoken.","“N beerie na, barbunu daar, Yennu tan sa bu niib buut nan ba din piak baryana kur nba na paak,","The house is there, Barbunu, Yennu and the child went to the place where his father died.",gerhardt_E4F773B6_output (3),,16.628016536206957,8.685338257513335,4.030710172744721
"Homeowners never know when a thief is coming, and they are always on guard to keep one from breaking in.","Ŋaan bant man nan li-i tee ki ŋaadaanɔ poŋ mi yoo nba ki nanyukɔɔ yaa wun baar u ŋaak ni nyiɔku, u sii kare ki guu; u kan sak ki nanyukɔɔ-n tan kɔɔ ki jamɔ.","I did not do what you told me because when you spoke to me, you did not tell me the truth, and you did not reveal the matter to me; and you did not do it; you could have told me the truth instead of hiding it from me.",gerhardt_E4F773B6_output (3),,21.2426178405671,8.685338257513335,4.030710172744721
The soldiers nailed Jesus to a cross and gambled to see who would get his clothes.,"Ba kpaau ki tabinɔ dapunpunn paak gbenn yoonba, ki bi tɔ tiatia ki chent chent u tiat na,","He went to the market to buy food for the child, and he also wanted to talk to someone very important.",gerhardt_E4F773B6_output (3),,18.70379549931683,8.685338257513335,4.030710172744721
"where they stayed until Herod died. So the Lord's promise came true, just as the prophet had said, “I called my son out of Egypt.” The Killing of the Children",U din be leŋe nan yoo nba ki Bat Herod din tan kpo na. Linba kur din tun a lin gbeen linba ki ti Yomdaanɔ Yennu din te ki u sɔkiniisɔɔ pak li po nee a “N din nyinn n bija maŋ Ijipt tingbouŋ nie.” Bonjabis kpinu labaar,"John the Baptist was arrested by King Herod. The people were saying that John the Baptist had come to fulfill the prophecy: ""I will send my messenger from Egypt."" John was preaching.",john_B0DBB2CB_output (4),,28.688176533078973,8.685338257513335,4.030710172744721
Look at the birds in the sky! They don't plant or harvest. They don't even store grain in barns. Yet your Father in heaven takes care of them. Aren't you worth much more than birds?,"Gotir nɔɔnii nba yuuk ki lin na; bi ki buuri; bi bia ki jaan ki wuu suka nan naapaat ni, ŋaan ki i Baa Yennu nba be sanpaapo na dintib. I ki mɔk nyɔɔt ki gar nɔɔnii-ii?","The sun is shining brightly today; the birds are singing; the bees are flying around the flowers, and Ŋaan went to Baa Yennu's house to fetch some food. Are you going to the farm today?",john_B0DBB2CB_output (4),,23.114139718789414,8.685338257513335,4.030710172744721
"I promise you on the day of judgment, everyone will have to account for every careless word they have spoken.","“N beerie na, barbunu daar, Yennu tan sa bu niib buut nan ba din piak baryana kur nba na paak,","I ate the porridge there, and the Lord, I did not know; but when I went to the place, I saw it.",john_B0DBB2CB_output (4),,15.433026099117363,8.685338257513335,4.030710172744721
"Homeowners never know when a thief is coming, and they are always on guard to keep one from breaking in.","Ŋaan bant man nan li-i tee ki ŋaadaanɔ poŋ mi yoo nba ki nanyukɔɔ yaa wun baar u ŋaak ni nyiɔku, u sii kare ki guu; u kan sak ki nanyukɔɔ-n tan kɔɔ ki jamɔ.","I saw the person who went to the farm to plant yams, and he ate and drank and took his food; and he did it well, and he was able to complete the yam planting when he finished the work.",john_B0DBB2CB_output (4),,23.700392990213757,8.685338257513335,4.030710172744721
The soldiers nailed Jesus to a cross and gambled to see who would get his clothes.,"Ba kpaau ki tabinɔ dapunpunn paak gbenn yoonba, ki bi tɔ tiatia ki chent chent u tiat na,","When he made the child carry the load home, and he went to the farm to work and then came back to eat,",john_B0DBB2CB_output (4),,17.60385826955158,8.685338257513335,4.030710172744721
"where they stayed until Herod died. So the Lord's promise came true, just as the prophet had said, “I called my son out of Egypt.” The Killing of the Children",U din be leŋe nan yoo nba ki Bat Herod din tan kpo na. Linba kur din tun a lin gbeen linba ki ti Yomdaanɔ Yennu din te ki u sɔkiniisɔɔ pak li po nee a “N din nyinn n bija maŋ Ijipt tingbouŋ nie.” Bonjabis kpinu labaar,"When Herod sought to kill the child, he took him to Egypt. And when they returned to the land of the Lord God, he was warned in a dream not to return to Egypt anymore. Therefore, they returned to Nazareth.",gerhardt_E32D1C1E_output_mzX2S5,,27.809136180901277,8.685338257513335,4.030710172744721
Look at the birds in the sky! They don't plant or harvest. They don't even store grain in barns. Yet your Father in heaven takes care of them. Aren't you worth much more than birds?,"Gotir nɔɔnii nba yuuk ki lin na; bi ki buuri; bi bia ki jaan ki wuu suka nan naapaat ni, ŋaan ki i Baa Yennu nba be sanpaapo na dintib. I ki mɔk nyɔɔt ki gar nɔɔnii-ii?","The Creator of the world and all that is in it; who gave life; who sent His word to bring salvation to humanity, and you ask if He is not real?",gerhardt_E32D1C1E_output_mzX2S5,,17.301659809458275,8.685338257513335,4.030710172744721
"I promise you on the day of judgment, everyone will have to account for every careless word they have spoken.","“N beerie na, barbunu daar, Yennu tan sa bu niib buut nan ba din piak baryana kur nba na paak,","I ate my food, went to the farm, then Yennu came to my house but couldn't find me.",gerhardt_E32D1C1E_output_mzX2S5,,15.168362342071145,8.685338257513335,4.030710172744721
"Homeowners never know when a thief is coming, and they are always on guard to keep one from breaking in.","Ŋaan bant man nan li-i tee ki ŋaadaanɔ poŋ mi yoo nba ki nanyukɔɔ yaa wun baar u ŋaak ni nyiɔku, u sii kare ki guu; u kan sak ki nanyukɔɔ-n tan kɔɔ ki jamɔ.","I took the meat and pounded it into powder, then cooked it with water to make porridge; I added some nanyukɔɔ and ate it with jam.",gerhardt_E32D1C1E_output_mzX2S5,,19.186593724295587,8.685338257513335,4.030710172744721
The soldiers nailed Jesus to a cross and gambled to see who would get his clothes.,"Ba kpaau ki tabinɔ dapunpunn paak gbenn yoonba, ki bi tɔ tiatia ki chent chent u tiat na,","He carried the child and hurriedly went to look at the road, and the child walked with him to the place they arrived at.",gerhardt_E32D1C1E_output_mzX2S5,,18.382921303928832,8.685338257513335,4.030710172744721
"where they stayed until Herod died. So the Lord's promise came true, just as the prophet had said, “I called my son out of Egypt.” The Killing of the Children",U din be leŋe nan yoo nba ki Bat Herod din tan kpo na. Linba kur din tun a lin gbeen linba ki ti Yomdaanɔ Yennu din te ki u sɔkiniisɔɔ pak li po nee a “N din nyinn n bija maŋ Ijipt tingbouŋ nie.” Bonjabis kpinu labaar,"He went to Herod's house to see the child and spoke to him. The wise men came, saw the star of the Lord God, and offered him gifts, saying, ""I was born in Bethlehem and fled to Egypt."" King Bonjabis rejoiced.",gerhardt_145C11AE_output (2),,28.82276171805507,8.685338257513335,4.030710172744721
Look at the birds in the sky! They don't plant or harvest. They don't even store grain in barns. Yet your Father in heaven takes care of them. Aren't you worth much more than birds?,"Gotir nɔɔnii nba yuuk ki lin na; bi ki buuri; bi bia ki jaan ki wuu suka nan naapaat ni, ŋaan ki i Baa Yennu nba be sanpaapo na dintib. I ki mɔk nyɔɔt ki gar nɔɔnii-ii?","Where is the child who went to the town; they ate; they went to plant millet in the farm, when will Baa Yennu come to their aid? Will you find another child like that?",gerhardt_145C11AE_output (2),,20.286790563186514,8.685338257513335,4.030710172744721
"I promise you on the day of judgment, everyone will have to account for every careless word they have spoken.","“N beerie na, barbunu daar, Yennu tan sa bu niib buut nan ba din piak baryana kur nba na paak,","I have a child, I took him to the place where Yennu and his father went, and they arrived there because they completed the journey.",gerhardt_145C11AE_output (2),,22.61638125623554,8.685338257513335,4.030710172744721
"Homeowners never know when a thief is coming, and they are always on guard to keep one from breaking in.","Ŋaan bant man nan li-i tee ki ŋaadaanɔ poŋ mi yoo nba ki nanyukɔɔ yaa wun baar u ŋaak ni nyiɔku, u sii kare ki guu; u kan sak ki nanyukɔɔ-n tan kɔɔ ki jamɔ.","When the man reached the place, he sent his son to the land of the whites, and the son died there; he came back again and started telling the people there about it.",gerhardt_145C11AE_output (2),,21.531986381002696,8.685338257513335,4.030710172744721
The soldiers nailed Jesus to a cross and gambled to see who would get his clothes.,"Ba kpaau ki tabinɔ dapunpunn paak gbenn yoonba, ki bi tɔ tiatia ki chent chent u tiat na,","They hurried to the farm to cook food, and the child in the house ran quickly to come,",gerhardt_145C11AE_output (2),,18.9511774903765,8.685338257513335,4.030710172744721
"where they stayed until Herod died. So the Lord's promise came true, just as the prophet had said, “I called my son out of Egypt.” The Killing of the Children",U din be leŋe nan yoo nba ki Bat Herod din tan kpo na. Linba kur din tun a lin gbeen linba ki ti Yomdaanɔ Yennu din te ki u sɔkiniisɔɔ pak li po nee a “N din nyinn n bija maŋ Ijipt tingbouŋ nie.” Bonjabis kpinu labaar,"When he heard this, King Herod decided to kill John the Baptist. But when he heard about Jesus, he said, ""This is John the Baptist; I have brought my people out of Egypt."" Pharaoh's horses and army",gerhardt_087BEB88_output_loRIsq,,27.3992652625343,8.685338257513335,4.030710172744721
Look at the birds in the sky! They don't plant or harvest. They don't even store grain in barns. Yet your Father in heaven takes care of them. Aren't you worth much more than birds?,"Gotir nɔɔnii nba yuuk ki lin na; bi ki buuri; bi bia ki jaan ki wuu suka nan naapaat ni, ŋaan ki i Baa Yennu nba be sanpaapo na dintib. I ki mɔk nyɔɔt ki gar nɔɔnii-ii?",The child who speaks to him/her is a prophet; he is the one who brings the word of God that is hidden in the world. Who knows the way to protect this child?,gerhardt_087BEB88_output_loRIsq,,18.212928930763248,8.685338257513335,4.030710172744721
"I promise you on the day of judgment, everyone will have to account for every careless word they have spoken.","“N beerie na, barbunu daar, Yennu tan sa bu niib buut nan ba din piak baryana kur nba na paak,","I ate porridge here, Yennu and the children went to the farm to work and then we returned home.",gerhardt_087BEB88_output_loRIsq,,18.00953735011659,8.685338257513335,4.030710172744721
"Homeowners never know when a thief is coming, and they are always on guard to keep one from breaking in.","Ŋaan bant man nan li-i tee ki ŋaadaanɔ poŋ mi yoo nba ki nanyukɔɔ yaa wun baar u ŋaak ni nyiɔku, u sii kare ki guu; u kan sak ki nanyukɔɔ-n tan kɔɔ ki jamɔ.","When I was a child, I did not know the ways of the world and the people's customs, but they taught me; they sent me to school until I finished.",gerhardt_087BEB88_output_loRIsq,,21.654414374147393,8.685338257513335,4.030710172744721
The soldiers nailed Jesus to a cross and gambled to see who would get his clothes.,"Ba kpaau ki tabinɔ dapunpunn paak gbenn yoonba, ki bi tɔ tiatia ki chent chent u tiat na,","They eat and the children fight well as they go, and they sit and walk around where they sleep.",gerhardt_087BEB88_output_loRIsq,,17.97073240451479,8.685338257513335,4.030710172744721
"where they stayed until Herod died. So the Lord's promise came true, just as the prophet had said, “I called my son out of Egypt.” The Killing of the Children",U din be leŋe nan yoo nba ki Bat Herod din tan kpo na. Linba kur din tun a lin gbeen linba ki ti Yomdaanɔ Yennu din te ki u sɔkiniisɔɔ pak li po nee a “N din nyinn n bija maŋ Ijipt tingbouŋ nie.” Bonjabis kpinu labaar,"Joseph took the child and his mother and fled to Egypt. After the death of Herod's son, he went to the region of Yomdaanɔ Yennu and settled there, saying, ""I have left the land of Egypt."" This fulfilled the prophecy of the prophet.",john_C904F397_output (2),,30.97659928981922,8.685338257513335,4.030710172744721
Look at the birds in the sky! They don't plant or harvest. They don't even store grain in barns. Yet your Father in heaven takes care of them. Aren't you worth much more than birds?,"Gotir nɔɔnii nba yuuk ki lin na; bi ki buuri; bi bia ki jaan ki wuu suka nan naapaat ni, ŋaan ki i Baa Yennu nba be sanpaapo na dintib. I ki mɔk nyɔɔt ki gar nɔɔnii-ii?","The chief who follows the law builds; he speaks the good word to teach the people, bringing peace to the heart of Baa Yennu. Does he know the way to follow the leader?",john_C904F397_output (2),,17.45339709714076,8.685338257513335,4.030710172744721
"I promise you on the day of judgment, everyone will have to account for every careless word they have spoken.","“N beerie na, barbunu daar, Yennu tan sa bu niib buut nan ba din piak baryana kur nba na paak,","My child is not here, the other one is there, Yennu is not the one who was beaten yesterday because he was not here.",john_C904F397_output (2),,17.55242299327388,8.685338257513335,4.030710172744721
"Homeowners never know when a thief is coming, and they are always on guard to keep one from breaking in.","Ŋaan bant man nan li-i tee ki ŋaadaanɔ poŋ mi yoo nba ki nanyukɔɔ yaa wun baar u ŋaak ni nyiɔku, u sii kare ki guu; u kan sak ki nanyukɔɔ-n tan kɔɔ ki jamɔ.",I am here because God sent me to you to ask for forgiveness through love; he did not wrong me; he can forgive me if I sin again.,john_C904F397_output (2),,17.814772390707994,8.685338257513335,4.030710172744721
The soldiers nailed Jesus to a cross and gambled to see who would get his clothes.,"Ba kpaau ki tabinɔ dapunpunn paak gbenn yoonba, ki bi tɔ tiatia ki chent chent u tiat na,","They carried the small tabinɔ and ate well, the people, and they did tiatia and went chent chent to the house.",john_C904F397_output (2),,18.748438984717712,8.685338257513335,4.030710172744721
"where they stayed until Herod died. So the Lord's promise came true, just as the prophet had said, “I called my son out of Egypt.” The Killing of the Children",U din be leŋe nan yoo nba ki Bat Herod din tan kpo na. Linba kur din tun a lin gbeen linba ki ti Yomdaanɔ Yennu din te ki u sɔkiniisɔɔ pak li po nee a “N din nyinn n bija maŋ Ijipt tingbouŋ nie.” Bonjabis kpinu labaar,"When the son of Herod was about to send for them, Joseph was warned in a dream to take the child and flee to Egypt, saying, ""I will go there with the child to Egypt."" And he stayed there until the death of Herod.",onesimus_E33AE420_Dec 11 output,,29.26415719441131,8.685338257513335,4.030710172744721
Look at the birds in the sky! They don't plant or harvest. They don't even store grain in barns. Yet your Father in heaven takes care of them. Aren't you worth much more than birds?,"Gotir nɔɔnii nba yuuk ki lin na; bi ki buuri; bi bia ki jaan ki wuu suka nan naapaat ni, ŋaan ki i Baa Yennu nba be sanpaapo na dintib. I ki mɔk nyɔɔt ki gar nɔɔnii-ii?","The word that Gotir spoke to them; he came; he did good things with the people, and went to dwell with Baa Yennu forever. Did he take care to fulfill the word?",onesimus_E33AE420_Dec 11 output,,19.742584971045357,8.685338257513335,4.030710172744721
"I promise you on the day of judgment, everyone will have to account for every careless word they have spoken.","“N beerie na, barbunu daar, Yennu tan sa bu niib buut nan ba din piak baryana kur nba na paak,","My child here, the elder there, Yennu and you are not suitable here because he spoke to me.",onesimus_E33AE420_Dec 11 output,,20.507650056988442,8.685338257513335,4.030710172744721
"Homeowners never know when a thief is coming, and they are always on guard to keep one from breaking in.","Ŋaan bant man nan li-i tee ki ŋaadaanɔ poŋ mi yoo nba ki nanyukɔɔ yaa wun baar u ŋaak ni nyiɔku, u sii kare ki guu; u kan sak ki nanyukɔɔ-n tan kɔɔ ki jamɔ.","I saw a man who was going to his farm, but he met a snake on the way and ran away; he could not return to the farm again.",onesimus_E33AE420_Dec 11 output,,20.492755811861723,8.685338257513335,4.030710172744721
The soldiers nailed Jesus to a cross and gambled to see who would get his clothes.,"Ba kpaau ki tabinɔ dapunpunn paak gbenn yoonba, ki bi tɔ tiatia ki chent chent u tiat na,","They took the small dogs to feed them, and they quickly ran to go there.",onesimus_E33AE420_Dec 11 output,,18.29826617490216,8.685338257513335,4.030710172744721
"where they stayed until Herod died. So the Lord's promise came true, just as the prophet had said, “I called my son out of Egypt.” The Killing of the Children",U din be leŋe nan yoo nba ki Bat Herod din tan kpo na. Linba kur din tun a lin gbeen linba ki ti Yomdaanɔ Yennu din te ki u sɔkiniisɔɔ pak li po nee a “N din nyinn n bija maŋ Ijipt tingbouŋ nie.” Bonjabis kpinu labaar,"He went with his child to Herod's house to see him. Then they returned to Joseph's house, where he was warned in a dream by him, saying, ""I am afraid to take the child to Egypt."" Afterwards, Bonjabis came.",onesimus_48E85B7F_Dec 09 output,,26.870959944316052,8.685338257513335,4.030710172744721
Look at the birds in the sky! They don't plant or harvest. They don't even store grain in barns. Yet your Father in heaven takes care of them. Aren't you worth much more than birds?,"Gotir nɔɔnii nba yuuk ki lin na; bi ki buuri; bi bia ki jaan ki wuu suka nan naapaat ni, ŋaan ki i Baa Yennu nba be sanpaapo na dintib. I ki mɔk nyɔɔt ki gar nɔɔnii-ii?","The Creator who made the earth and sky; he who is above; he who is the source of life and the one who gives breath to humans, and the one who is in the heavens where the stars are fixed. How can you find the words to question your Creator?",onesimus_48E85B7F_Dec 09 output,,26.59354500401385,8.685338257513335,4.030710172744721
"I promise you on the day of judgment, everyone will have to account for every careless word they have spoken.","“N beerie na, barbunu daar, Yennu tan sa bu niib buut nan ba din piak baryana kur nba na paak,","I am tired, those people there, and when they did not obey the word, they broke the country's law, so we came and left.",onesimus_48E85B7F_Dec 09 output,,22.440639384843923,8.685338257513335,4.030710172744721
"Homeowners never know when a thief is coming, and they are always on guard to keep one from breaking in.","Ŋaan bant man nan li-i tee ki ŋaadaanɔ poŋ mi yoo nba ki nanyukɔɔ yaa wun baar u ŋaak ni nyiɔku, u sii kare ki guu; u kan sak ki nanyukɔɔ-n tan kɔɔ ki jamɔ.","When a child is born, he brings a calabash; when he grows up, he brings a pot. He uses it to eat good food; he uses it to eat when he marries.",onesimus_48E85B7F_Dec 09 output,,18.55670568046608,8.685338257513335,4.030710172744721
The soldiers nailed Jesus to a cross and gambled to see who would get his clothes.,"Ba kpaau ki tabinɔ dapunpunn paak gbenn yoonba, ki bi tɔ tiatia ki chent chent u tiat na,","They took and brought the completely spoken words there, and they gathered all the people together.",onesimus_48E85B7F_Dec 09 output,,18.81945217087386,8.685338257513335,4.030710172744721
"where they stayed until Herod died. So the Lord's promise came true, just as the prophet had said, “I called my son out of Egypt.” The Killing of the Children",U din be leŋe nan yoo nba ki Bat Herod din tan kpo na. Linba kur din tun a lin gbeen linba ki ti Yomdaanɔ Yennu din te ki u sɔkiniisɔɔ pak li po nee a “N din nyinn n bija maŋ Ijipt tingbouŋ nie.” Bonjabis kpinu labaar,"After King Herod had died, an angel of the Lord appeared in a dream to Joseph in Egypt, saying, ""Take the child and go to Egypt, and remain there until I tell you."" Joseph took the child and went.",Dec 01 output,,29.131611555382037,8.685338257513335,4.030710172744721
Look at the birds in the sky! They don't plant or harvest. They don't even store grain in barns. Yet your Father in heaven takes care of them. Aren't you worth much more than birds?,"Gotir nɔɔnii nba yuuk ki lin na; bi ki buuri; bi bia ki jaan ki wuu suka nan naapaat ni, ŋaan ki i Baa Yennu nba be sanpaapo na dintib. I ki mɔk nyɔɔt ki gar nɔɔnii-ii?","Gotir did not sleep the entire night; he did not eat; he went to the farm to work until sunrise, and he said, ""I will not rest until I see the face of Baa Yennu."" Did he eat or drink anything that night?",Dec 01 output,,19.974654151821237,8.685338257513335,4.030710172744721
"I promise you on the day of judgment, everyone will have to account for every careless word they have spoken.","“N beerie na, barbunu daar, Yennu tan sa bu niib buut nan ba din piak baryana kur nba na paak,","I am tired, the child is crying, Yennu went to the farm but fell and broke his leg.",Dec 01 output,,15.912679962403134,8.685338257513335,4.030710172744721
"Homeowners never know when a thief is coming, and they are always on guard to keep one from breaking in.","Ŋaan bant man nan li-i tee ki ŋaadaanɔ poŋ mi yoo nba ki nanyukɔɔ yaa wun baar u ŋaak ni nyiɔku, u sii kare ki guu; u kan sak ki nanyukɔɔ-n tan kɔɔ ki jamɔ.","I told the man, ""Do not go to ŋaadaanɔ's farm because there is a snake there, and the snake will bite you; it will kill you and take your soul.""",Dec 01 output,,20.84511275779559,8.685338257513335,4.030710172744721
The soldiers nailed Jesus to a cross and gambled to see who would get his clothes.,"Ba kpaau ki tabinɔ dapunpunn paak gbenn yoonba, ki bi tɔ tiatia ki chent chent u tiat na,","He takes the big mortar to pound yam in the morning, and he also uses the small one to grind thoroughly until it is ready.",Dec 01 output,,19.45800660654335,8.685338257513335,4.030710172744721
"where they stayed until Herod died. So the Lord's promise came true, just as the prophet had said, “I called my son out of Egypt.” The Killing of the Children",U din be leŋe nan yoo nba ki Bat Herod din tan kpo na. Linba kur din tun a lin gbeen linba ki ti Yomdaanɔ Yennu din te ki u sɔkiniisɔɔ pak li po nee a “N din nyinn n bija maŋ Ijipt tingbouŋ nie.” Bonjabis kpinu labaar,"He went to the place where Herod's son was going to kill him. He fled and returned to his country, Yomdaanɔ Yennu, fulfilling the scripture that says, ""Out of Egypt I called my son."" Joseph was warned.",gerhardt_80805CFE_output_7z6RFo,,33.9702270620647,8.685338257513335,4.030710172744721
Look at the birds in the sky! They don't plant or harvest. They don't even store grain in barns. Yet your Father in heaven takes care of them. Aren't you worth much more than birds?,"Gotir nɔɔnii nba yuuk ki lin na; bi ki buuri; bi bia ki jaan ki wuu suka nan naapaat ni, ŋaan ki i Baa Yennu nba be sanpaapo na dintib. I ki mɔk nyɔɔt ki gar nɔɔnii-ii?","Where is the house of Nyɔɔt to see the nɔɔnii-ii? Gotir went to Yuuk's place; he went to Buuri; he also went to Jaan and did something at Naapaat, then to Baa Yennu who sent him to Dintib.",gerhardt_80805CFE_output_7z6RFo,,18.996880573365722,8.685338257513335,4.030710172744721
"I promise you on the day of judgment, everyone will have to account for every careless word they have spoken.","“N beerie na, barbunu daar, Yennu tan sa bu niib buut nan ba din piak baryana kur nba na paak,","""I have drunk, the chief is here, Yennu then said that the good word is not yet finished,""",gerhardt_80805CFE_output_7z6RFo,,16.648628290286513,8.685338257513335,4.030710172744721
"Homeowners never know when a thief is coming, and they are always on guard to keep one from breaking in.","Ŋaan bant man nan li-i tee ki ŋaadaanɔ poŋ mi yoo nba ki nanyukɔɔ yaa wun baar u ŋaak ni nyiɔku, u sii kare ki guu; u kan sak ki nanyukɔɔ-n tan kɔɔ ki jamɔ.","The man from Li-i went to ŋaadaanɔ's house and saw a big yam at Baar's place, which ŋaak gave to him; he bought and ate it; he can take the child's yam and go.",gerhardt_80805CFE_output_7z6RFo,,17.04899944986932,8.685338257513335,4.030710172744721
The soldiers nailed Jesus to a cross and gambled to see who would get his clothes.,"Ba kpaau ki tabinɔ dapunpunn paak gbenn yoonba, ki bi tɔ tiatia ki chent chent u tiat na,","When they ate the roasted corn in the town, and they poured libation and completely finished it there,",gerhardt_80805CFE_output_7z6RFo,,17.56119743520345,8.685338257513335,4.030710172744721
"where they stayed until Herod died. So the Lord's promise came true, just as the prophet had said, “I called my son out of Egypt.” The Killing of the Children",U din be leŋe nan yoo nba ki Bat Herod din tan kpo na. Linba kur din tun a lin gbeen linba ki ti Yomdaanɔ Yennu din te ki u sɔkiniisɔɔ pak li po nee a “N din nyinn n bija maŋ Ijipt tingbouŋ nie.” Bonjabis kpinu labaar,"When he heard this, the child's father took him and fled to Egypt at night, for Herod wanted to kill him. And he remained there until the death of Herod, fulfilling the word of the Lord spoken through the prophet, saying, ""Out of Egypt I called my son."" Matthew the Evangelist",output_JA-3,,37.66634792223082,8.685338257513335,4.030710172744721
Look at the birds in the sky! They don't plant or harvest. They don't even store grain in barns. Yet your Father in heaven takes care of them. Aren't you worth much more than birds?,"Gotir nɔɔnii nba yuuk ki lin na; bi ki buuri; bi bia ki jaan ki wuu suka nan naapaat ni, ŋaan ki i Baa Yennu nba be sanpaapo na dintib. I ki mɔk nyɔɔt ki gar nɔɔnii-ii?",Who will catch the thief who stole the goat from the farm; the one who killed; the one who took the money from the market and fled to Baa Yennu where they were arrested? Who will catch the thief?,output_JA-3,,18.851839462373775,8.685338257513335,4.030710172744721
"I promise you on the day of judgment, everyone will have to account for every careless word they have spoken.","“N beerie na, barbunu daar, Yennu tan sa bu niib buut nan ba din piak baryana kur nba na paak,","I thank you, my people, Yennu who is in heaven created us and gave us food in the land.",output_JA-3,,16.978101326192455,8.685338257513335,4.030710172744721
"Homeowners never know when a thief is coming, and they are always on guard to keep one from breaking in.","Ŋaan bant man nan li-i tee ki ŋaadaanɔ poŋ mi yoo nba ki nanyukɔɔ yaa wun baar u ŋaak ni nyiɔku, u sii kare ki guu; u kan sak ki nanyukɔɔ-n tan kɔɔ ki jamɔ.","When I was small, I used to do my father's work, come to carry my basket to go to the market and buy meat for food, and teach me how to work; and also steal my basket from the father and my money.",output_JA-3,,21.048140628902924,8.685338257513335,4.030710172744721
The soldiers nailed Jesus to a cross and gambled to see who would get his clothes.,"Ba kpaau ki tabinɔ dapunpunn paak gbenn yoonba, ki bi tɔ tiatia ki chent chent u tiat na,","When the child walks with the bag, he carries it and always brings it here.",output_JA-3,,14.500477834434916,8.685338257513335,4.030710172744721
"where they stayed until Herod died. So the Lord's promise came true, just as the prophet had said, “I called my son out of Egypt.” The Killing of the Children",U din be leŋe nan yoo nba ki Bat Herod din tan kpo na. Linba kur din tun a lin gbeen linba ki ti Yomdaanɔ Yennu din te ki u sɔkiniisɔɔ pak li po nee a “N din nyinn n bija maŋ Ijipt tingbouŋ nie.” Bonjabis kpinu labaar,"While he was in prison by Herod's daughter's command, to be brought out for trial, an angel of the Lord appeared to him in prison, saying, ""Get up, take the child and his mother, and go to Egypt."" And they remained there until Herod's death.",Dec 06 output,,31.213167488215426,8.685338257513335,4.030710172744721
Look at the birds in the sky! They don't plant or harvest. They don't even store grain in barns. Yet your Father in heaven takes care of them. Aren't you worth much more than birds?,"Gotir nɔɔnii nba yuuk ki lin na; bi ki buuri; bi bia ki jaan ki wuu suka nan naapaat ni, ŋaan ki i Baa Yennu nba be sanpaapo na dintib. I ki mɔk nyɔɔt ki gar nɔɔnii-ii?","Gotir spoke the word that was for it; he came; he journeyed with joy and arrived at the appointed place, then to Baa Yennu who had sent the message. Do you understand the word?",Dec 06 output,,22.54217806685512,8.685338257513335,4.030710172744721
"I promise you on the day of judgment, everyone will have to account for every careless word they have spoken.","“N beerie na, barbunu daar, Yennu tan sa bu niib buut nan ba din piak baryana kur nba na paak,","I ate this food, and then when I carried my words, they went to the place and came back, and it was completed.",Dec 06 output,,18.51887192960583,8.685338257513335,4.030710172744721
"Homeowners never know when a thief is coming, and they are always on guard to keep one from breaking in.","Ŋaan bant man nan li-i tee ki ŋaadaanɔ poŋ mi yoo nba ki nanyukɔɔ yaa wun baar u ŋaak ni nyiɔku, u sii kare ki guu; u kan sak ki nanyukɔɔ-n tan kɔɔ ki jamɔ.","I speak with my words to God, come to you well, grant me prayer for your pure speech and my truthful heart, and guide my steps; and keep your hand upon my prayers at all times.",Dec 06 output,,19.674352101024326,8.685338257513335,4.030710172744721
The soldiers nailed Jesus to a cross and gambled to see who would get his clothes.,"Ba kpaau ki tabinɔ dapunpunn paak gbenn yoonba, ki bi tɔ tiatia ki chent chent u tiat na,","They quickly took the child away, and they kept looking around and running here and there.",Dec 06 output,,16.846836536082996,8.685338257513335,4.030710172744721
"where they stayed until Herod died. So the Lord's promise came true, just as the prophet had said, “I called my son out of Egypt.” The Killing of the Children",U din be leŋe nan yoo nba ki Bat Herod din tan kpo na. Linba kur din tun a lin gbeen linba ki ti Yomdaanɔ Yennu din te ki u sɔkiniisɔɔ pak li po nee a “N din nyinn n bija maŋ Ijipt tingbouŋ nie.” Bonjabis kpinu labaar,"John the Baptist was imprisoned by Herod, who ordered him to be killed. His disciples took his body and buried it, then reported to Jesus, saying, ""I was sent to Egypt and there I was killed."" Jesus then departed to a deserted place.",onesimus_C6D92021_Dec 02 output,,23.918512753899744,8.685338257513335,4.030710172744721
Look at the birds in the sky! They don't plant or harvest. They don't even store grain in barns. Yet your Father in heaven takes care of them. Aren't you worth much more than birds?,"Gotir nɔɔnii nba yuuk ki lin na; bi ki buuri; bi bia ki jaan ki wuu suka nan naapaat ni, ŋaan ki i Baa Yennu nba be sanpaapo na dintib. I ki mɔk nyɔɔt ki gar nɔɔnii-ii?","""In the beginning was the Word, and the Word was with God, and the Word was God. He was in the beginning with God. All things were made through him, and without him was not any thing made that was made. In him was life, and the life was the light of men. The light shines in the darkness, and the darkness has not overcome it. And the Word became flesh and dwelt among us, and we have seen his glory, glory as of the only Son from the Father, full of grace and truth. Do you believe in the Word?""",onesimus_C6D92021_Dec 02 output,,21.846801408006122,8.685338257513335,4.030710172744721
"I promise you on the day of judgment, everyone will have to account for every careless word they have spoken.","“N beerie na, barbunu daar, Yennu tan sa bu niib buut nan ba din piak baryana kur nba na paak,","I believe in him, the Father there, if you do not keep my commandments as I have spoken, the Father will punish you.",onesimus_C6D92021_Dec 02 output,,26.732131423830634,8.685338257513335,4.030710172744721
"Homeowners never know when a thief is coming, and they are always on guard to keep one from breaking in.","Ŋaan bant man nan li-i tee ki ŋaadaanɔ poŋ mi yoo nba ki nanyukɔɔ yaa wun baar u ŋaak ni nyiɔku, u sii kare ki guu; u kan sak ki nanyukɔɔ-n tan kɔɔ ki jamɔ.","I went to my father's house to prepare food for ŋaadaanɔ, and when you cooked a lot of food for the children, and came from the market, and said a good word to him; then we started cooking and then ate together.",onesimus_C6D92021_Dec 02 output,,25.376795561638637,8.685338257513335,4.030710172744721
The soldiers nailed Jesus to a cross and gambled to see who would get his clothes.,"Ba kpaau ki tabinɔ dapunpunn paak gbenn yoonba, ki bi tɔ tiatia ki chent chent u tiat na,","Ba spoke to Tabinɔ who came with a crowd, and they did not listen, and he kept doing it repeatedly.",onesimus_C6D92021_Dec 02 output,,19.28010387263681,8.685338257513335,4.030710172744721
"where they stayed until Herod died. So the Lord's promise came true, just as the prophet had said, “I called my son out of Egypt.” The Killing of the Children",U din be leŋe nan yoo nba ki Bat Herod din tan kpo na. Linba kur din tun a lin gbeen linba ki ti Yomdaanɔ Yennu din te ki u sɔkiniisɔɔ pak li po nee a “N din nyinn n bija maŋ Ijipt tingbouŋ nie.” Bonjabis kpinu labaar,"He remained in Egypt until the death of Herod's son. Then, when he heard that Archelaus was ruling over Judea in place of his father Herod, he was afraid to go there. And being warned in a dream, he withdrew into the district of Galilee.",Jan output 1 ,,26.232668752698977,8.685338257513335,4.030710172744721
Look at the birds in the sky! They don't plant or harvest. They don't even store grain in barns. Yet your Father in heaven takes care of them. Aren't you worth much more than birds?,"Gotir nɔɔnii nba yuuk ki lin na; bi ki buuri; bi bia ki jaan ki wuu suka nan naapaat ni, ŋaan ki i Baa Yennu nba be sanpaapo na dintib. I ki mɔk nyɔɔt ki gar nɔɔnii-ii?","The owner of the house where the child was born; the one who gave birth; the one who carried the child through the journey of life, the one who called upon Baa Yennu to grant life. Who is the rightful owner of the house?",Jan output 1 ,,20.559323848420902,8.685338257513335,4.030710172744721
"I promise you on the day of judgment, everyone will have to account for every careless word they have spoken.","“N beerie na, barbunu daar, Yennu tan sa bu niib buut nan ba din piak baryana kur nba na paak,","""I took my child there to Barbunu, so that God may know the words and he may eat well, because my help is in you.""",Jan output 1 ,,19.730122808871357,8.685338257513335,4.030710172744721
"Homeowners never know when a thief is coming, and they are always on guard to keep one from breaking in.","Ŋaan bant man nan li-i tee ki ŋaadaanɔ poŋ mi yoo nba ki nanyukɔɔ yaa wun baar u ŋaak ni nyiɔku, u sii kare ki guu; u kan sak ki nanyukɔɔ-n tan kɔɔ ki jamɔ.","He took the man's food and ate it, then he took the leftovers and made porridge; he can cook nanyukɔɔ with soup and jamɔ.",Jan output 1 ,,18.33545445768536,8.685338257513335,4.030710172744721
The soldiers nailed Jesus to a cross and gambled to see who would get his clothes.,"Ba kpaau ki tabinɔ dapunpunn paak gbenn yoonba, ki bi tɔ tiatia ki chent chent u tiat na,","He went quickly to the farm to eat good food, but he could not find what he needed there.",Jan output 1 ,,18.56293867977061,8.685338257513335,4.030710172744721
"where they stayed until Herod died. So the Lord's promise came true, just as the prophet had said, “I called my son out of Egypt.” The Killing of the Children",U din be leŋe nan yoo nba ki Bat Herod din tan kpo na. Linba kur din tun a lin gbeen linba ki ti Yomdaanɔ Yennu din te ki u sɔkiniisɔɔ pak li po nee a “N din nyinn n bija maŋ Ijipt tingbouŋ nie.” Bonjabis kpinu labaar,"He was there during the time of King Herod. When Herod tried to kill him, the child was taken to the land of Egypt and remained there until Herod's death, as it was said, ""Out of Egypt I called my son."" This fulfilled the word of the Lord.",onesimus_5B146D14_Dec 05 output,,39.96009659963043,8.685338257513335,4.030710172744721
Look at the birds in the sky! They don't plant or harvest. They don't even store grain in barns. Yet your Father in heaven takes care of them. Aren't you worth much more than birds?,"Gotir nɔɔnii nba yuuk ki lin na; bi ki buuri; bi bia ki jaan ki wuu suka nan naapaat ni, ŋaan ki i Baa Yennu nba be sanpaapo na dintib. I ki mɔk nyɔɔt ki gar nɔɔnii-ii?","The elder who came to the place; he built; he also divided the land among the people, and they went to the house of Yennu to make peace together. Who will inherit the elder's position?",onesimus_5B146D14_Dec 05 output,,20.059181720772937,8.685338257513335,4.030710172744721
"I promise you on the day of judgment, everyone will have to account for every careless word they have spoken.","“N beerie na, barbunu daar, Yennu tan sa bu niib buut nan ba din piak baryana kur nba na paak,","I am going, my father is there, Yennu and his wife are coming to eat the food that my father has prepared because he has called us.",onesimus_5B146D14_Dec 05 output,,19.24986627371607,8.685338257513335,4.030710172744721
"Homeowners never know when a thief is coming, and they are always on guard to keep one from breaking in.","Ŋaan bant man nan li-i tee ki ŋaadaanɔ poŋ mi yoo nba ki nanyukɔɔ yaa wun baar u ŋaak ni nyiɔku, u sii kare ki guu; u kan sak ki nanyukɔɔ-n tan kɔɔ ki jamɔ.","I followed the man who was with me to ŋaadaanɔ's house to see the ceremony when night came, he took me to his room, told me to sit down, and went to prepare for the ceremony.",onesimus_5B146D14_Dec 05 output,,20.632368143711762,8.685338257513335,4.030710172744721
The soldiers nailed Jesus to a cross and gambled to see who would get his clothes.,"Ba kpaau ki tabinɔ dapunpunn paak gbenn yoonba, ki bi tɔ tiatia ki chent chent u tiat na,","He started hurrying along the road to Yoonba town, and he came to hurriedly eat his meal here.",onesimus_5B146D14_Dec 05 output,,20.180597840877844,8.685338257513335,4.030710172744721
So the chief priests met with the leaders and decided to bribe the soldiers with a lot of money.,"Ŋanne ki Yennu jiantu yudamm maŋ nan saakab lakin kar ki lor lor; ki tur guuteeb na likirii bonchiann,","In the beginning, God created food for them, and they became like dust; they went to the land of darkness,",output_eliasd,0.20884183,20.371125851322482,8.685338257513335,4.030710172744721
"But the Pharisees said, “The leader of the demons gives him the power to force out demons.” Jesus Has Pity on People",Ŋaan ki Farisiinba din daan nyatuk a “Narinbiit bate teenɔ yikoo a wuu nyint narinbiit niib ni.” Biaŋinba ki Yisa din mɔk ninbatinu nan niib,"The Pharisees said to him, ""Do not eat until you have washed your hands."" But Jesus said to them, ""Now you Pharisees...""",output_eliasd,0.5466977,30.164455461143753,8.685338257513335,4.030710172744721
"Later in the evening he was still there by himself, and the boat was somewhere in the middle of the lake.","Ki li din tan baar dajonyiɔk, ki burgbetir na daa be nyun sinsuuk ni, ŋaan ki u mun tan daa be jɔɔr maŋ paak u kuukɔɔ,","When they saw the lion coming to attack, they quickly ran away because they were afraid, and they climbed up the tree to hide.",output_eliasd,0.22619411,25.61977968423609,8.685338257513335,4.030710172744721
"The owner answered one of them, “Friend, I didn't cheat you. I paid you exactly what we agreed on.","“Ŋanne ki ŋaadaanɔ na yet bi yenɔ a ‘N yɔɔk, gbiintir, n ki ŋmabaani, kimaan ti bo dii daauko ki a sak panyent daar.","The provided text is in Bimoba, a language not supported for translation by the current system. Please consult a Bimoba language resource for accurate translation.",output_eliasd,0.16749094,17.509623019672752,8.685338257513335,4.030710172744721
"Peter replied, “Lord, if it really is you, tell me to come to you on the water.”","Ki Piita jiin ki betɔ a “N Yomdaanɔ, li-i set kii tee finie, fan te ki n somm nyun na paak ki cheta.”","When Peter heard that ""John said to you, 'You have finished, now rest and rise to go.'"", then...",output_eliasd,0.5439584,22.14370594245039,8.685338257513335,4.030710172744721
"where they stayed until Herod died. So the Lord's promise came true, just as the prophet had said, “I called my son out of Egypt.” The Killing of the Children",U din be leŋe nan yoo nba ki Bat Herod din tan kpo na. Linba kur din tun a lin gbeen linba ki ti Yomdaanɔ Yennu din te ki u sɔkiniisɔɔ pak li po nee a “N din nyinn n bija maŋ Ijipt tingbouŋ nie.” Bonjabis kpinu labaar,"He went to the palace of King Herod. The wise men rejoiced greatly and presented gifts to the Messiah in the house, saying, “I have called my son out of Egypt.” This was to fulfill what was spoken by the prophet...",gerhardt_428C0151_output_jQjr1f,,39.57865788840253,8.685338257513335,4.030710172744721
Look at the birds in the sky! They don't plant or harvest. They don't even store grain in barns. Yet your Father in heaven takes care of them. Aren't you worth much more than birds?,"Gotir nɔɔnii nba yuuk ki lin na; bi ki buuri; bi bia ki jaan ki wuu suka nan naapaat ni, ŋaan ki i Baa Yennu nba be sanpaapo na dintib. I ki mɔk nyɔɔt ki gar nɔɔnii-ii?","In the beginning was the Word, and the Word was with God, and the Word was God. He was with God in the beginning. Through him all things were made; without him nothing was made that has been made. [...",gerhardt_428C0151_output_jQjr1f,,18.28218394911352,8.685338257513335,4.030710172744721
"I promise you on the day of judgment, everyone will have to account for every careless word they have spoken.","“N beerie na, barbunu daar, Yennu tan sa bu niib buut nan ba din piak baryana kur nba na paak,","""I have eaten,"" the elder said, ""Yennu then went to the child's house because he had gone there to eat.""",gerhardt_428C0151_output_jQjr1f,,17.50347070063421,8.685338257513335,4.030710172744721
"Homeowners never know when a thief is coming, and they are always on guard to keep one from breaking in.","Ŋaan bant man nan li-i tee ki ŋaadaanɔ poŋ mi yoo nba ki nanyukɔɔ yaa wun baar u ŋaak ni nyiɔku, u sii kare ki guu; u kan sak ki nanyukɔɔ-n tan kɔɔ ki jamɔ.","I tell the people there to work for the ŋaadaanɔ who has come, my big children take care of the cows they have killed and given me meat, they give me good gifts; they can look for the ones who have taken care and gone to help.",gerhardt_428C0151_output_jQjr1f,,21.25563234636205,8.685338257513335,4.030710172744721
The soldiers nailed Jesus to a cross and gambled to see who would get his clothes.,"Ba kpaau ki tabinɔ dapunpunn paak gbenn yoonba, ki bi tɔ tiatia ki chent chent u tiat na,","He quickly went to the market to eat his food, and he also carefully went to buy something to take home.",gerhardt_428C0151_output_jQjr1f,,18.590245672521966,8.685338257513335,4.030710172744721
"where they stayed until Herod died. So the Lord's promise came true, just as the prophet had said, “I called my son out of Egypt.” The Killing of the Children",U din be leŋe nan yoo nba ki Bat Herod din tan kpo na. Linba kur din tun a lin gbeen linba ki ti Yomdaanɔ Yennu din te ki u sɔkiniisɔɔ pak li po nee a “N din nyinn n bija maŋ Ijipt tingbouŋ nie.” Bonjabis kpinu labaar,"When he heard this, he ordered the massacre of all the children in Bethlehem and its surrounding areas. This fulfilled what was spoken through the prophet Yomdaanɔ Yennu: ""I called my son out of Egypt."" And through the prophet Bonjabis, who said, ""A voice was heard in Ramah, weeping and great mourning, Rachel weeping for her children and refusing to be comforted, because they are no more.""",gerhardt_E4DFEBFE_output_T8d1lo,,34.36632724107623,8.685338257513335,4.030710172744721
Look at the birds in the sky! They don't plant or harvest. They don't even store grain in barns. Yet your Father in heaven takes care of them. Aren't you worth much more than birds?,"Gotir nɔɔnii nba yuuk ki lin na; bi ki buuri; bi bia ki jaan ki wuu suka nan naapaat ni, ŋaan ki i Baa Yennu nba be sanpaapo na dintib. I ki mɔk nyɔɔt ki gar nɔɔnii-ii?","Gotir's lost sheep that came to the town; he went to Buuri; he also went to Jaan to search for the lost sheep, then to Baa Yennu to save the people. Do you see the light to find the lost sheep?",gerhardt_E4DFEBFE_output_T8d1lo,,18.843020158233966,8.685338257513335,4.030710172744721
"I promise you on the day of judgment, everyone will have to account for every careless word they have spoken.","“N beerie na, barbunu daar, Yennu tan sa bu niib buut nan ba din piak baryana kur nba na paak,","And the beerie here, the barbunu there, Yennu then took the words they spoke and went to eat in the place because the people's house was completed.",gerhardt_E4DFEBFE_output_T8d1lo,,21.97468344669902,8.685338257513335,4.030710172744721
"Homeowners never know when a thief is coming, and they are always on guard to keep one from breaking in.","Ŋaan bant man nan li-i tee ki ŋaadaanɔ poŋ mi yoo nba ki nanyukɔɔ yaa wun baar u ŋaak ni nyiɔku, u sii kare ki guu; u kan sak ki nanyukɔɔ-n tan kɔɔ ki jamɔ.","I did my work and went to the farm to take the yam, and when I came back, I ate and saw the goat; I started and finished the work, then went home.",gerhardt_E4DFEBFE_output_T8d1lo,,20.688201229021487,8.685338257513335,4.030710172744721
The soldiers nailed Jesus to a cross and gambled to see who would get his clothes.,"Ba kpaau ki tabinɔ dapunpunn paak gbenn yoonba, ki bi tɔ tiatia ki chent chent u tiat na,","They took a lot of food to Tabinɔ and the people ate well, and they arrived at Tiatia and fought each other thoroughly until the end.",gerhardt_E4DFEBFE_output_T8d1lo,,18.506704850679,8.685338257513335,4.030710172744721
"where they stayed until Herod died. So the Lord's promise came true, just as the prophet had said, “I called my son out of Egypt.” The Killing of the Children",U din be leŋe nan yoo nba ki Bat Herod din tan kpo na. Linba kur din tun a lin gbeen linba ki ti Yomdaanɔ Yennu din te ki u sɔkiniisɔɔ pak li po nee a “N din nyinn n bija maŋ Ijipt tingbouŋ nie.” Bonjabis kpinu labaar,"He remained in Egypt until the death of Herod's son. Then, when he heard that Archelaus was ruling over Judea in place of his father Herod, he was afraid to go there. And being warned in a dream, he withdrew into the district of Galilee.",onesimus_4838858E_Jan output 1 ,,26.232668752698977,8.685338257513335,4.030710172744721
Look at the birds in the sky! They don't plant or harvest. They don't even store grain in barns. Yet your Father in heaven takes care of them. Aren't you worth much more than birds?,"Gotir nɔɔnii nba yuuk ki lin na; bi ki buuri; bi bia ki jaan ki wuu suka nan naapaat ni, ŋaan ki i Baa Yennu nba be sanpaapo na dintib. I ki mɔk nyɔɔt ki gar nɔɔnii-ii?","The owner of the house where the child was born; the one who gave birth; the one who carried the child through the journey of life, the one who called upon Baa Yennu to grant life. Who is the rightful owner of the house?",onesimus_4838858E_Jan output 1 ,,20.559323848420902,8.685338257513335,4.030710172744721
"I promise you on the day of judgment, everyone will have to account for every careless word they have spoken.","“N beerie na, barbunu daar, Yennu tan sa bu niib buut nan ba din piak baryana kur nba na paak,","""I took my child there to Barbunu, so that God may know the words and he may eat well, because my help is in you.""",onesimus_4838858E_Jan output 1 ,,19.730122808871357,8.685338257513335,4.030710172744721
"Homeowners never know when a thief is coming, and they are always on guard to keep one from breaking in.","Ŋaan bant man nan li-i tee ki ŋaadaanɔ poŋ mi yoo nba ki nanyukɔɔ yaa wun baar u ŋaak ni nyiɔku, u sii kare ki guu; u kan sak ki nanyukɔɔ-n tan kɔɔ ki jamɔ.","He took the man's food and ate it, then he took the leftovers and made porridge; he can cook nanyukɔɔ with soup and jamɔ.",onesimus_4838858E_Jan output 1 ,,18.33545445768536,8.685338257513335,4.030710172744721
The soldiers nailed Jesus to a cross and gambled to see who would get his clothes.,"Ba kpaau ki tabinɔ dapunpunn paak gbenn yoonba, ki bi tɔ tiatia ki chent chent u tiat na,","He went quickly to the farm to eat good food, but he could not find what he needed there.",onesimus_4838858E_Jan output 1 ,,18.56293867977061,8.685338257513335,4.030710172744721
"where they stayed until Herod died. So the Lord's promise came true, just as the prophet had said, “I called my son out of Egypt.” The Killing of the Children",U din be leŋe nan yoo nba ki Bat Herod din tan kpo na. Linba kur din tun a lin gbeen linba ki ti Yomdaanɔ Yennu din te ki u sɔkiniisɔɔ pak li po nee a “N din nyinn n bija maŋ Ijipt tingbouŋ nie.” Bonjabis kpinu labaar,"""And he took the child and his mother by night and departed into Egypt, saying, 'I will return because those who sought the child's life are dead.' And they stayed there until the death of Herod.""",gerhardt_2F3FAF10_output (1),,30.50303707707873,8.685338257513335,4.030710172744721
Look at the birds in the sky! They don't plant or harvest. They don't even store grain in barns. Yet your Father in heaven takes care of them. Aren't you worth much more than birds?,"Gotir nɔɔnii nba yuuk ki lin na; bi ki buuri; bi bia ki jaan ki wuu suka nan naapaat ni, ŋaan ki i Baa Yennu nba be sanpaapo na dintib. I ki mɔk nyɔɔt ki gar nɔɔnii-ii?","Gotir has gone to the town; he is there; he gave a good word to the people, then to Baa Yennu who is the chief of the land. How can I find the child?",gerhardt_2F3FAF10_output (1),,18.77666485715653,8.685338257513335,4.030710172744721
"I promise you on the day of judgment, everyone will have to account for every careless word they have spoken.","“N beerie na, barbunu daar, Yennu tan sa bu niib buut nan ba din piak baryana kur nba na paak,","“I am praying, Father Barbunu, that Yennu may sanctify your name and bring your kingdom, for your will to be done on earth as it is in heaven,”",gerhardt_2F3FAF10_output (1),,20.056933914583507,8.685338257513335,4.030710172744721
"Homeowners never know when a thief is coming, and they are always on guard to keep one from breaking in.","Ŋaan bant man nan li-i tee ki ŋaadaanɔ poŋ mi yoo nba ki nanyukɔɔ yaa wun baar u ŋaak ni nyiɔku, u sii kare ki guu; u kan sak ki nanyukɔɔ-n tan kɔɔ ki jamɔ.","I went to the farm to plant yam, but when I arrived, the animal ate the seedling I had planted; then I went to eat; and I also planted another seedling before going to sleep.",gerhardt_2F3FAF10_output (1),,20.57978286264561,8.685338257513335,4.030710172744721
The soldiers nailed Jesus to a cross and gambled to see who would get his clothes.,"Ba kpaau ki tabinɔ dapunpunn paak gbenn yoonba, ki bi tɔ tiatia ki chent chent u tiat na,","He ate the white guinea fowl that was running well in the farm, and the child followed him walking to and fro where he went.",gerhardt_2F3FAF10_output (1),,17.76020531616248,8.685338257513335,4.030710172744721
"where they stayed until Herod died. So the Lord's promise came true, just as the prophet had said, “I called my son out of Egypt.” The Killing of the Children",U din be leŋe nan yoo nba ki Bat Herod din tan kpo na. Linba kur din tun a lin gbeen linba ki ti Yomdaanɔ Yennu din te ki u sɔkiniisɔɔ pak li po nee a “N din nyinn n bija maŋ Ijipt tingbouŋ nie.” Bonjabis kpinu labaar,"While he was in prison by Herod's daughter's command, to be brought out for trial, an angel of the Lord appeared to him in prison, saying, ""Get up, take the child and his mother, and go to Egypt."" And they remained there until Herod's death.",onesimus_778C5456_Dec 06 output,,31.213167488215426,8.685338257513335,4.030710172744721
Look at the birds in the sky! They don't plant or harvest. They don't even store grain in barns. Yet your Father in heaven takes care of them. Aren't you worth much more than birds?,"Gotir nɔɔnii nba yuuk ki lin na; bi ki buuri; bi bia ki jaan ki wuu suka nan naapaat ni, ŋaan ki i Baa Yennu nba be sanpaapo na dintib. I ki mɔk nyɔɔt ki gar nɔɔnii-ii?","Gotir spoke the word that was for it; he came; he journeyed with joy and arrived at the appointed place, then to Baa Yennu who had sent the message. Do you understand the word?",onesimus_778C5456_Dec 06 output,,22.54217806685512,8.685338257513335,4.030710172744721
"I promise you on the day of judgment, everyone will have to account for every careless word they have spoken.","“N beerie na, barbunu daar, Yennu tan sa bu niib buut nan ba din piak baryana kur nba na paak,","I ate this food, and then when I carried my words, they went to the place and came back, and it was completed.",onesimus_778C5456_Dec 06 output,,18.51887192960583,8.685338257513335,4.030710172744721
"Homeowners never know when a thief is coming, and they are always on guard to keep one from breaking in.","Ŋaan bant man nan li-i tee ki ŋaadaanɔ poŋ mi yoo nba ki nanyukɔɔ yaa wun baar u ŋaak ni nyiɔku, u sii kare ki guu; u kan sak ki nanyukɔɔ-n tan kɔɔ ki jamɔ.","I speak with my words to God, come to you well, grant me prayer for your pure speech and my truthful heart, and guide my steps; and keep your hand upon my prayers at all times.",onesimus_778C5456_Dec 06 output,,19.674352101024326,8.685338257513335,4.030710172744721
The soldiers nailed Jesus to a cross and gambled to see who would get his clothes.,"Ba kpaau ki tabinɔ dapunpunn paak gbenn yoonba, ki bi tɔ tiatia ki chent chent u tiat na,","They quickly took the child away, and they kept looking around and running here and there.",onesimus_778C5456_Dec 06 output,,16.846836536082996,8.685338257513335,4.030710172744721
"where they stayed until Herod died. So the Lord's promise came true, just as the prophet had said, “I called my son out of Egypt.” The Killing of the Children",U din be leŋe nan yoo nba ki Bat Herod din tan kpo na. Linba kur din tun a lin gbeen linba ki ti Yomdaanɔ Yennu din te ki u sɔkiniisɔɔ pak li po nee a “N din nyinn n bija maŋ Ijipt tingbouŋ nie.” Bonjabis kpinu labaar,"He went to the house of Herod with the child and his mother. The wise men, having been warned in a dream by the God of Israel not to return to Herod, departed to their country another way, saying, “Go to Egypt and remain there until I inform you.” Joseph took the child and fled to Egypt.",gerhardt_E3C23636_output_AHjhdB,,25.864473883634155,8.685338257513335,4.030710172744721
Look at the birds in the sky! They don't plant or harvest. They don't even store grain in barns. Yet your Father in heaven takes care of them. Aren't you worth much more than birds?,"Gotir nɔɔnii nba yuuk ki lin na; bi ki buuri; bi bia ki jaan ki wuu suka nan naapaat ni, ŋaan ki i Baa Yennu nba be sanpaapo na dintib. I ki mɔk nyɔɔt ki gar nɔɔnii-ii?","God the eternal who created the earth; he who provides; he who gives life and sustains the world with his power, and the one who is the source of all things. How can one question or understand the eternal one?",gerhardt_E3C23636_output_AHjhdB,,19.73534760919709,8.685338257513335,4.030710172744721
"I promise you on the day of judgment, everyone will have to account for every careless word they have spoken.","“N beerie na, barbunu daar, Yennu tan sa bu niib buut nan ba din piak baryana kur nba na paak,","I have eaten, this Barbunu, and then he said that the child did not come with them to the good place because my father has gone.",gerhardt_E3C23636_output_AHjhdB,,19.173359503619835,8.685338257513335,4.030710172744721
"Homeowners never know when a thief is coming, and they are always on guard to keep one from breaking in.","Ŋaan bant man nan li-i tee ki ŋaadaanɔ poŋ mi yoo nba ki nanyukɔɔ yaa wun baar u ŋaak ni nyiɔku, u sii kare ki guu; u kan sak ki nanyukɔɔ-n tan kɔɔ ki jamɔ.",He ate the food and went to the farm to work; he finished eating and then drank water.,gerhardt_E3C23636_output_AHjhdB,,19.102430410966793,8.685338257513335,4.030710172744721
The soldiers nailed Jesus to a cross and gambled to see who would get his clothes.,"Ba kpaau ki tabinɔ dapunpunn paak gbenn yoonba, ki bi tɔ tiatia ki chent chent u tiat na,","He took the child by the hand and led him into the good village, and he brought the message to walk to his side.",gerhardt_E3C23636_output_AHjhdB,,20.44173836832755,8.685338257513335,4.030710172744721
"where they stayed until Herod died. So the Lord's promise came true, just as the prophet had said, “I called my son out of Egypt.” The Killing of the Children",U din be leŋe nan yoo nba ki Bat Herod din tan kpo na. Linba kur din tun a lin gbeen linba ki ti Yomdaanɔ Yennu din te ki u sɔkiniisɔɔ pak li po nee a “N din nyinn n bija maŋ Ijipt tingbouŋ nie.” Bonjabis kpinu labaar,"He went to the house of Herod to kill the child there. The wise men returned and met Joseph the Righteous, who was warned in a dream to go to Egypt. He said, ""I was told to go to Egypt and stay there."" Afterwards, Herod died.",Dec 12 output,,30.27354672060405,8.685338257513335,4.030710172744721
Look at the birds in the sky! They don't plant or harvest. They don't even store grain in barns. Yet your Father in heaven takes care of them. Aren't you worth much more than birds?,"Gotir nɔɔnii nba yuuk ki lin na; bi ki buuri; bi bia ki jaan ki wuu suka nan naapaat ni, ŋaan ki i Baa Yennu nba be sanpaapo na dintib. I ki mɔk nyɔɔt ki gar nɔɔnii-ii?","I have eaten and drunk; I have gone and slept; I have completed the day's duties, then I went to pray to Baa Yennu. Do you know the way to inquire about nɔɔnii?",Dec 12 output,,17.26713855176511,8.685338257513335,4.030710172744721
"I promise you on the day of judgment, everyone will have to account for every careless word they have spoken.","“N beerie na, barbunu daar, Yennu tan sa bu niib buut nan ba din piak baryana kur nba na paak,","I ate rice, cooked it, then washed my hands with water before they made the meal for me, which made me full.",Dec 12 output,,18.367637081587358,8.685338257513335,4.030710172744721
"Homeowners never know when a thief is coming, and they are always on guard to keep one from breaking in.","Ŋaan bant man nan li-i tee ki ŋaadaanɔ poŋ mi yoo nba ki nanyukɔɔ yaa wun baar u ŋaak ni nyiɔku, u sii kare ki guu; u kan sak ki nanyukɔɔ-n tan kɔɔ ki jamɔ.","I have told you what to do for ŋaadaanɔ: come here, go when you have eaten the food and taken his water, and sit there; finish eating and then go to jamɔ.",Dec 12 output,,23.565315967283013,8.685338257513335,4.030710172744721
The soldiers nailed Jesus to a cross and gambled to see who would get his clothes.,"Ba kpaau ki tabinɔ dapunpunn paak gbenn yoonba, ki bi tɔ tiatia ki chent chent u tiat na,","They eat and work hard in the farm, tying and pulling the ropes repeatedly there,",Dec 12 output,,15.502383188950352,8.685338257513335,4.030710172744721
"where they stayed until Herod died. So the Lord's promise came true, just as the prophet had said, “I called my son out of Egypt.” The Killing of the Children",U din be leŋe nan yoo nba ki Bat Herod din tan kpo na. Linba kur din tun a lin gbeen linba ki ti Yomdaanɔ Yennu din te ki u sɔkiniisɔɔ pak li po nee a “N din nyinn n bija maŋ Ijipt tingbouŋ nie.” Bonjabis kpinu labaar,"When he heard that Archelaus was ruling over Judea in place of his father Herod, he was afraid to go there. And being warned in a dream, he turned aside into the regions of Galilee. There he settled in a town called Nazareth, so that what was spoken through the prophet might be fulfilled: ""He will be called a Nazarene."" All the Jews",onesimus_CF2838B3_Dec 03 output,,27.039467031987126,8.685338257513335,4.030710172744721
Look at the birds in the sky! They don't plant or harvest. They don't even store grain in barns. Yet your Father in heaven takes care of them. Aren't you worth much more than birds?,"Gotir nɔɔnii nba yuuk ki lin na; bi ki buuri; bi bia ki jaan ki wuu suka nan naapaat ni, ŋaan ki i Baa Yennu nba be sanpaapo na dintib. I ki mɔk nyɔɔt ki gar nɔɔnii-ii?","In the days of Gotir's father, he was a prophet; he also went to the land of Sukaa, and the Lord saved him from danger. Are you not afraid?",onesimus_CF2838B3_Dec 03 output,,18.556516564208017,8.685338257513335,4.030710172744721
"I promise you on the day of judgment, everyone will have to account for every careless word they have spoken.","“N beerie na, barbunu daar, Yennu tan sa bu niib buut nan ba din piak baryana kur nba na paak,","""I ate this barbunu dish, and Yennu, together with your father, took care of cooking the food because my father was not well.""",onesimus_CF2838B3_Dec 03 output,,19.112048754780606,8.685338257513335,4.030710172744721
"Homeowners never know when a thief is coming, and they are always on guard to keep one from breaking in.","Ŋaan bant man nan li-i tee ki ŋaadaanɔ poŋ mi yoo nba ki nanyukɔɔ yaa wun baar u ŋaak ni nyiɔku, u sii kare ki guu; u kan sak ki nanyukɔɔ-n tan kɔɔ ki jamɔ.","I tell you that if you take my child to ŋaadaanɔ, they will not return alive, and they will not speak again; and if they do come back, they will be changed, for they will have been eaten when they went to eat.",onesimus_CF2838B3_Dec 03 output,,22.033952171086387,8.685338257513335,4.030710172744721
The soldiers nailed Jesus to a cross and gambled to see who would get his clothes.,"Ba kpaau ki tabinɔ dapunpunn paak gbenn yoonba, ki bi tɔ tiatia ki chent chent u tiat na,","He went to the river to fetch water, and when he arrived there, he saw a crocodile in the water.",onesimus_CF2838B3_Dec 03 output,,18.27729056348835,8.685338257513335,4.030710172744721
"where they stayed until Herod died. So the Lord's promise came true, just as the prophet had said, “I called my son out of Egypt.” The Killing of the Children",U din be leŋe nan yoo nba ki Bat Herod din tan kpo na. Linba kur din tun a lin gbeen linba ki ti Yomdaanɔ Yennu din te ki u sɔkiniisɔɔ pak li po nee a “N din nyinn n bija maŋ Ijipt tingbouŋ nie.” Bonjabis kpinu labaar,"He was there in the place where Herod, who wanted to kill him, was. The child's father took him and went to the land of Israel until the death of King Herod, saying, ""Out of Egypt I called my son."" This was to fulfill what was spoken by the prophet...",john_BA3F5F9A_output (3),,36.9208356248602,8.685338257513335,4.030710172744721
Look at the birds in the sky! They don't plant or harvest. They don't even store grain in barns. Yet your Father in heaven takes care of them. Aren't you worth much more than birds?,"Gotir nɔɔnii nba yuuk ki lin na; bi ki buuri; bi bia ki jaan ki wuu suka nan naapaat ni, ŋaan ki i Baa Yennu nba be sanpaapo na dintib. I ki mɔk nyɔɔt ki gar nɔɔnii-ii?","Where are you going to work in the farm? He worked there; he also prepared food to take on the journey, and who will go with him to the house of the Lord God? Will you also go to see the farm?",john_BA3F5F9A_output (3),,21.524396289260388,8.685338257513335,4.030710172744721
"I promise you on the day of judgment, everyone will have to account for every careless word they have spoken.","“N beerie na, barbunu daar, Yennu tan sa bu niib buut nan ba din piak baryana kur nba na paak,","In the beginning was Barbunu there, and Yennu spoke many words which he did in the land where he was present.",john_BA3F5F9A_output (3),,19.996146273707915,8.685338257513335,4.030710172744721
"Homeowners never know when a thief is coming, and they are always on guard to keep one from breaking in.","Ŋaan bant man nan li-i tee ki ŋaadaanɔ poŋ mi yoo nba ki nanyukɔɔ yaa wun baar u ŋaak ni nyiɔku, u sii kare ki guu; u kan sak ki nanyukɔɔ-n tan kɔɔ ki jamɔ.","I sent the person to go to ŋaadaanɔ to bring you the nanyukɔɔ that the woman made, and I ate the food, I looked for the guu; I can take the nanyukɔɔ home.",john_BA3F5F9A_output (3),,20.126968698043544,8.685338257513335,4.030710172744721
The soldiers nailed Jesus to a cross and gambled to see who would get his clothes.,"Ba kpaau ki tabinɔ dapunpunn paak gbenn yoonba, ki bi tɔ tiatia ki chent chent u tiat na,","They bite and the mosquito beats the people quickly, and they run and run to arrive there.",john_BA3F5F9A_output (3),,16.667358042593023,8.685338257513335,4.030710172744721
