Model,Similarity Score (%),Raw Score
deepseek-v3.1,39.44%,39.435845879999995
qwen3-235b-a22b,36.49%,36.489527519999996
llama-3.1-405b-instruct,36.41%,36.409664743499995
llama-3.3-70b-instruct,36.36%,36.362746969999996
qwen3-32b,33.39%,33.390245568
gemma2-9b-it,33.00%,33.004614716
kimi-k2-instruct-0905,31.92%,31.916921904333336
llama-4-maverick-17b-128e-instruct,22.33%,22.3347720332
gpt-oss-120b,21.96%,21.960324964
