Model,Similarity Score (%),Raw Score
qwen3-32b,33.39%,33.390245568
gemma2-9b-it,33.00%,33.004614716
kimi-k2-instruct-0905,30.21%,30.2126820798
llama-4-maverick-17b-128e-instruct,22.33%,22.334772033200004
gpt-oss-120b,21.96%,21.960324963999998
