Model,Similarity Score (%),Raw Score
qwen3-235b-a22b,39.67%,39.666806133333324
deepseek-v3.1,39.17%,39.16896404
llama-3.3-70b-instruct,37.24%,37.239056533333326
llama-3.1-405b-instruct,36.80%,36.79727052466666
qwen3-32b,33.39%,33.390245568
gemma2-9b-it,33.00%,33.004614716
kimi-k2-instruct-0905,31.94%,31.940761342375
llama-4-maverick-17b-128e-instruct,22.33%,22.3347720332
gpt-oss-120b,21.96%,21.960324964
