Model,Similarity Score (%),Raw Score
qwen3-32b,35.81%,35.80879301
kimi-k2-instruct-0905,32.85%,32.85084801975
gemma2-9b-it,30.34%,30.336118395
gpt-oss-120b,23.65%,23.648122734999998
llama-4-maverick-17b-128e-instruct,21.92%,21.916984141500002
