Model,Similarity Score (%),Raw Score
qwen3-235b-a22b,38.92%,38.923864335999994
deepseek-v3.1,38.53%,38.527974864
llama-3.3-70b-instruct,35.11%,35.112123992
llama-3.1-405b-instruct,34.60%,34.597588354799996
qwen3-32b,33.39%,33.390245568
gemma2-9b-it,33.00%,33.004614716
kimi-k2-instruct-0905,32.49%,32.4855354219
llama-4-maverick-17b-128e-instruct,22.33%,22.3347720332
gpt-oss-120b,21.96%,21.960324964
