Model,Similarity Score (%),Raw Score
llama-3.1-405b-instruct,45.67%,45.668557394000004
qwen3-235b-a22b,36.09%,36.0949364
kimi-k2-instruct-0905,34.26%,34.255676999833334
qwen3-32b,33.39%,33.390245568
llama-3.3-70b-instruct,33.25%,33.247779599999994
gemma2-9b-it,33.00%,33.004614716
deepseek-v3.1,25.53%,25.52866432
llama-4-maverick-17b-128e-instruct,22.33%,22.334772033200004
gpt-oss-120b,21.96%,21.960324963999998
