{
  "language_pair": "nyb-eng",
  "timestamp": "2026-01-14T12:27:15.423540",
  "models": {
    "gemma-2-9b-it": 28.797704451150175,
    "gemma-2-27b-it": 32.2520220324256,
    "kimi-k2-instruct-0905": 29.543311492795592,
    "gpt-oss-120b": 23.018822968438077,
    "qwq-32b": 25.529661473015874,
    "mistral-7b-instruct-v0.3": 26.454761699999995,
    "qwen3-235b-a22b": 35.018450481167285,
    "deepseek-v3.1": 36.53782780684714,
    "seed-oss-36b-instruct": 30.02810099795387,
    "qwen3-32b": 33.390245568,
    "llama-3.1-405b-instruct": 29.121756644994484,
    "llama-4-maverick-17b-128e-instruct": 35.28220737751241,
    "llama-3.3-70b-instruct": 32.61961071735287,
    "gemma2-9b-it": 33.004614716,
    "mistral-medium-3-instruct": 30.209065066527856,
    "palmyra-med-70b": 37.6143534
  },
  "average_score": 31.151407305886323,
  "best_model": "palmyra-med-70b",
  "best_score": 37.6143534
}