{
  "language_pair": "nyb-eng",
  "timestamp": "2025-10-18T06:37:39.178798",
  "models": {
    "kimi-k2-instruct-0905": 31.940761342375,
    "gpt-oss-120b": 21.960324964,
    "qwen3-235b-a22b": 39.666806133333324,
    "deepseek-v3.1": 39.16896404,
    "qwen3-32b": 33.390245568,
    "llama-3.1-405b-instruct": 36.79727052466666,
    "llama-4-maverick-17b-128e-instruct": 22.3347720332,
    "llama-3.3-70b-instruct": 37.239056533333326,
    "gemma2-9b-it": 33.004614716
  },
  "average_score": 32.833646206100916,
  "best_model": "qwen3-235b-a22b",
  "best_score": 39.666806133333324
}