{
  "language_pair": "nyb-eng",
  "timestamp": "2026-01-29T11:31:07.791598",
  "models": {
    "bleu": {
      "claude-sonnet-4-5": 28.828842892493853,
      "gemma-2-9b-it": 10.862721615727713,
      "gemini-2.5-flash": 17.543744527808776,
      "gemma-2-27b-it": 3.7422239775457418,
      "kimi-k2-instruct-0905": 8.358366728706939,
      "gpt-oss-120b": 0.0,
      "gpt-4.1": 43.01150032551201,
      "qwq-32b": 2.4829886830705856,
      "mistral-7b-instruct-v0.3": 7.308097097488305,
      "qwen3-235b-a22b": 7.10555391350209,
      "deepseek-v3.1": 7.6784327065861735,
      "seed-oss-36b-instruct": 3.8413978522147305,
      "qwen3-32b": 7.477912603899686,
      "llama-3.1-405b-instruct": 10.12558988300726,
      "llama-4-maverick-17b-128e-instruct": 7.927655973163472,
      "llama-3.3-70b-instruct": 7.860878798599255,
      "gemma2-9b-it": 5.911245883122323,
      "mistral-medium-3-instruct": 8.383924775392588,
      "palmyra-med-70b": 3.4197980307804725
    },
    "chrf": {
      "claude-sonnet-4-5": 29.46895339997266,
      "gemma-2-9b-it": 20.858465788060244,
      "gemini-2.5-flash": 25.92668824546415,
      "gemma-2-27b-it": 20.631249907558598,
      "kimi-k2-instruct-0905": 23.386070697627986,
      "gpt-oss-120b": 16.982022867636434,
      "gpt-4.1": 26.46124257905497,
      "qwq-32b": 22.268835793669087,
      "mistral-7b-instruct-v0.3": 21.98082483396036,
      "qwen3-235b-a22b": 23.145201744039213,
      "deepseek-v3.1": 25.170909044673305,
      "seed-oss-36b-instruct": 22.9681362543749,
      "qwen3-32b": 21.181329286760807,
      "llama-3.1-405b-instruct": 24.21697484613758,
      "llama-4-maverick-17b-128e-instruct": 23.17296578758022,
      "llama-3.3-70b-instruct": 23.64738269185719,
      "gemma2-9b-it": 24.37429965816643,
      "mistral-medium-3-instruct": 24.839264557652758,
      "palmyra-med-70b": 24.53484759790733
    },
    "average": {
      "claude-sonnet-4-5": 29.148898146233257,
      "gemma-2-9b-it": 15.860593701893979,
      "gemini-2.5-flash": 21.735216386636463,
      "gemma-2-27b-it": 12.18673694255217,
      "kimi-k2-instruct-0905": 15.872218713167463,
      "gpt-oss-120b": 8.491011433818217,
      "gpt-4.1": 34.73637145228349,
      "qwq-32b": 12.375912238369835,
      "mistral-7b-instruct-v0.3": 14.644460965724331,
      "qwen3-235b-a22b": 15.125377828770652,
      "deepseek-v3.1": 16.42467087562974,
      "seed-oss-36b-instruct": 13.404767053294815,
      "qwen3-32b": 14.329620945330246,
      "llama-3.1-405b-instruct": 17.17128236457242,
      "llama-4-maverick-17b-128e-instruct": 15.550310880371846,
      "llama-3.3-70b-instruct": 15.754130745228222,
      "gemma2-9b-it": 15.142772770644376,
      "mistral-medium-3-instruct": 16.611594666522674,
      "palmyra-med-70b": 13.977322814343902
    }
  },
  "best_model": "gpt-4.1",
  "best_model_scores": {
    "BLEU": 43.01150032551201,
    "chrF": 26.46124257905497,
    "Average": 34.73637145228349
  }
}