{
  "language_pair": "nyb-eng",
  "timestamp": "2026-01-12T13:35:17.513709",
  "models": {
    "gemma-2-9b-it": 31.418167801262797,
    "gemma-2-27b-it": 33.38442874849879,
    "kimi-k2-instruct-0905": 29.616017897079733,
    "gpt-oss-120b": 22.79983582997396,
    "qwq-32b": 25.73617588980334,
    "mistral-7b-instruct-v0.3": 26.454761699999995,
    "qwen3-235b-a22b": 35.152988399904515,
    "deepseek-v3.1": 36.67449276737475,
    "seed-oss-36b-instruct": 29.86989054216056,
    "qwen3-32b": 33.390245568,
    "llama-3.1-405b-instruct": 28.896579841025794,
    "llama-4-maverick-17b-128e-instruct": 35.25731223045238,
    "llama-3.3-70b-instruct": 32.60994234651251,
    "gemma2-9b-it": 33.004614716,
    "mistral-medium-3-instruct": 30.187836490919985,
    "palmyra-med-70b": 37.6143534
  },
  "average_score": 31.379227760560568,
  "best_model": "palmyra-med-70b",
  "best_score": 37.6143534
}