{
  "language_pair": "nyb-eng",
  "timestamp": "2026-01-16T14:45:13.409033",
  "models": {
    "gemma-2-9b-it": 28.797704451150175,
    "gemma-2-27b-it": 32.25428057540985,
    "kimi-k2-instruct-0905": 29.543012587749573,
    "gpt-oss-120b": 23.018894774504254,
    "qwq-32b": 25.528930019952877,
    "mistral-7b-instruct-v0.3": 26.454761699999995,
    "qwen3-235b-a22b": 35.018347259947156,
    "gemini": 44.7203369140625,
    "deepseek-v3.1": 36.54010091762954,
    "seed-oss-36b-instruct": 30.027698940972225,
    "qwen3-32b": 33.390245568,
    "chatgpt": 42.00737285614014,
    "llama-3.1-405b-instruct": 29.12414419669485,
    "llama-4-maverick-17b-128e-instruct": 35.28206376538006,
    "llama-3.3-70b-instruct": 32.61923036959609,
    "claude": 48.471309661865234,
    "gemma2-9b-it": 33.004614716,
    "mistral-medium-3-instruct": 30.208484838963606,
    "palmyra-med-70b": 37.6143534
  },
  "average_score": 33.34873092179043,
  "best_model": "claude",
  "best_score": 48.471309661865234
}