{
  "language_pair": "nyb-eng",
  "timestamp": "2025-10-09T07:08:57.303389",
  "models": {
    "kimi-k2-instruct-0905": 30.2126820798,
    "gpt-oss-120b": 21.960324963999998,
    "qwen3-32b": 33.390245568,
    "llama-4-maverick-17b-128e-instruct": 22.334772033200004,
    "gemma2-9b-it": 33.004614716
  },
  "average_score": 28.180527872199995,
  "best_model": "qwen3-32b",
  "best_score": 33.390245568
}