{
  "language_pair": "nyb-eng",
  "timestamp": "2026-01-16T11:13:52.657993",
  "models": {
    "gemma-2-9b-it": 28.797704451150175,
    "gemma-2-27b-it": 32.25303322995474,
    "kimi-k2-instruct-0905": 29.543179807355735,
    "gpt-oss-120b": 23.01865579494026,
    "qwq-32b": 25.5289106437128,
    "mistral-7b-instruct-v0.3": 26.454761699999995,
    "qwen3-235b-a22b": 35.01864794784927,
    "gemini": 44.718017578125,
    "deepseek-v3.1": 36.5392196103642,
    "seed-oss-36b-instruct": 30.02847641260541,
    "qwen3-32b": 33.390245568,
    "chatgpt": 42.00783157348633,
    "llama-3.1-405b-instruct": 29.122384948073528,
    "llama-4-maverick-17b-128e-instruct": 35.28179449263189,
    "llama-3.3-70b-instruct": 32.61981715979313,
    "claude": 48.47031784057617,
    "gemma2-9b-it": 33.004614716,
    "mistral-medium-3-instruct": 30.208909451099718,
    "palmyra-med-70b": 37.6143534
  },
  "average_score": 33.34846717503781,
  "best_model": "claude",
  "best_score": 48.47031784057617
}