{
  "language_pair": "nyb-eng",
  "timestamp": "2026-01-28T14:52:32.294344",
  "models": {
    "bleu": {
      "claude-sonnet-4-5": 7.119044807381045,
      "gemma-2-9b-it": 2.809272594446934,
      "gemini-2.5-flash": 4.9566195946259555,
      "gemma-2-27b-it": 2.885432184020629,
      "kimi-k2-instruct-0905": 3.4431535337043386,
      "gpt-oss-120b": 3.8593375968693557,
      "gpt-4.1": 5.878582979823417,
      "qwq-32b": 2.694995320542818,
      "mistral-7b-instruct-v0.3": 1.647259146762628,
      "qwen3-235b-a22b": 3.6459863019059826,
      "deepseek-v3.1": 3.9645315145304574,
      "seed-oss-36b-instruct": 2.5727897218334586,
      "qwen3-32b": 3.3719997732438167,
      "llama-3.1-405b-instruct": 2.817624510944542,
      "llama-4-maverick-17b-128e-instruct": 2.8089342356801357,
      "llama-3.3-70b-instruct": 3.4195294336788726,
      "gemma2-9b-it": 3.3814671712721,
      "mistral-medium-3-instruct": 4.0405620717128015,
      "palmyra-med-70b": 3.0695345724022323
    },
    "chrf": {
      "claude-sonnet-4-5": 29.46895339997266,
      "gemma-2-9b-it": 20.858465788060244,
      "gemini-2.5-flash": 25.92668824546415,
      "gemma-2-27b-it": 20.631249907558598,
      "kimi-k2-instruct-0905": 23.386070697627986,
      "gpt-oss-120b": 16.982022867636434,
      "gpt-4.1": 26.46124257905497,
      "qwq-32b": 22.268835793669087,
      "mistral-7b-instruct-v0.3": 21.98082483396036,
      "qwen3-235b-a22b": 23.145201744039213,
      "deepseek-v3.1": 25.170909044673305,
      "seed-oss-36b-instruct": 22.9681362543749,
      "qwen3-32b": 21.181329286760807,
      "llama-3.1-405b-instruct": 24.21697484613758,
      "llama-4-maverick-17b-128e-instruct": 23.17296578758022,
      "llama-3.3-70b-instruct": 23.64738269185719,
      "gemma2-9b-it": 24.37429965816643,
      "mistral-medium-3-instruct": 24.839264557652758,
      "palmyra-med-70b": 24.53484759790733
    },
    "average": {
      "claude-sonnet-4-5": 18.29399910367685,
      "gemma-2-9b-it": 11.833869191253589,
      "gemini-2.5-flash": 15.441653920045052,
      "gemma-2-27b-it": 11.758341045789615,
      "kimi-k2-instruct-0905": 13.414612115666163,
      "gpt-oss-120b": 10.420680232252897,
      "gpt-4.1": 16.169912779439194,
      "qwq-32b": 12.481915557105953,
      "mistral-7b-instruct-v0.3": 11.814041990361492,
      "qwen3-235b-a22b": 13.395594022972599,
      "deepseek-v3.1": 14.567720279601886,
      "seed-oss-36b-instruct": 12.770462988104182,
      "qwen3-32b": 12.27666453000231,
      "llama-3.1-405b-instruct": 13.517299678541063,
      "llama-4-maverick-17b-128e-instruct": 12.99095001163018,
      "llama-3.3-70b-instruct": 13.53345606276803,
      "gemma2-9b-it": 13.877883414719266,
      "mistral-medium-3-instruct": 14.43991331468278,
      "palmyra-med-70b": 13.802191085154778
    }
  },
  "best_model": "claude-sonnet-4-5",
  "best_model_scores": {
    "BLEU": 7.119044807381045,
    "chrF": 29.46895339997266,
    "Average": 18.29399910367685
  }
}