{
  "language_pair": "nyb-eng",
  "timestamp": "2025-11-07T13:48:49.185377",
  "models": {
    "gemma-2-9b-it": 35.2706100098252,
    "gemma-2-27b-it": 29.502086931667375,
    "kimi-k2-instruct-0905": 32.644408832163656,
    "gpt-oss-120b": 18.995029571412353,
    "qwq-32b": 24.949823045709227,
    "mistral-7b-instruct-v0.3": 26.454761699999995,
    "qwen3-235b-a22b": 36.65072189929799,
    "deepseek-v3.1": 41.74375803371586,
    "seed-oss-36b-instruct": 31.122373944257102,
    "qwen3-32b": 33.390245568,
    "llama-3.1-405b-instruct": 33.87682789348461,
    "llama-4-maverick-17b-128e-instruct": 26.659389181388214,
    "llama-3.3-70b-instruct": 36.85527433964755,
    "gemma2-9b-it": 33.004614716,
    "mistral-medium-3-instruct": 24.161996167681785,
    "palmyra-med-70b": 37.6143534
  },
  "average_score": 31.431017202140684,
  "best_model": "deepseek-v3.1",
  "best_score": 41.74375803371586
}