{
  "language_pair": "bwu-eng",
  "timestamp": "2026-01-29T11:31:05.606032",
  "models": {
    "bleu": {
      "llama-3.1-405b-instruct": 7.077187862619299,
      "gemini-2.5-flash": 14.287202148494003,
      "mistral-7b-instruct-v0.3": 2.4900807945060754,
      "gpt-4.1": 12.063971136943232,
      "qwen3-235b-a22b": 7.653441199848259,
      "gemma-2-9b-it": 5.136663909505951,
      "llama-3.3-70b-instruct": 9.871721786705415,
      "claude-sonnet-4-5": 7.441064390829719,
      "qwen3-32b": 2.4845580970334677,
      "gemma-2-27b-it": 8.657107714332325,
      "qwq-32b": 4.285112899606139,
      "llama-4-maverick-17b-128e-instruct": 11.371681934875244,
      "gpt-oss-120b": 9.507244120026236,
      "deepseek-v3.1": 7.523574722594688,
      "mistral-medium-3-instruct": 2.3340245115476215,
      "palmyra-med-70b": 2.961812761725358,
      "seed-oss-36b-instruct": 3.1373448198584004,
      "gemma2-9b-it": 7.238177794755686,
      "kimi-k2-instruct-0905": 12.045422179467963
    },
    "chrf": {
      "llama-3.1-405b-instruct": 19.116433716728224,
      "gemini-2.5-flash": 26.4165072858003,
      "mistral-7b-instruct-v0.3": 21.800891245854572,
      "gpt-4.1": 23.909516103427652,
      "qwen3-235b-a22b": 19.29317241395808,
      "gemma-2-9b-it": 18.203945225652213,
      "llama-3.3-70b-instruct": 19.52871007066109,
      "claude-sonnet-4-5": 27.187157768981095,
      "qwen3-32b": 19.68501554599835,
      "gemma-2-27b-it": 18.905444084942058,
      "qwq-32b": 19.886992676937282,
      "llama-4-maverick-17b-128e-instruct": 21.275920442657444,
      "gpt-oss-120b": 17.165401065549297,
      "deepseek-v3.1": 20.213385671492194,
      "mistral-medium-3-instruct": 18.323458988864743,
      "palmyra-med-70b": 20.608695039419427,
      "seed-oss-36b-instruct": 19.51150214258619,
      "gemma2-9b-it": 18.149230193297953,
      "kimi-k2-instruct-0905": 20.172573191278495
    },
    "average": {
      "llama-3.1-405b-instruct": 13.09681078967376,
      "gemini-2.5-flash": 20.35185471714715,
      "mistral-7b-instruct-v0.3": 12.145486020180323,
      "gpt-4.1": 17.986743620185443,
      "qwen3-235b-a22b": 13.47330680690317,
      "gemma-2-9b-it": 11.670304567579082,
      "llama-3.3-70b-instruct": 14.700215928683253,
      "claude-sonnet-4-5": 17.314111079905405,
      "qwen3-32b": 11.084786821515909,
      "gemma-2-27b-it": 13.78127589963719,
      "qwq-32b": 12.086052788271711,
      "llama-4-maverick-17b-128e-instruct": 16.323801188766346,
      "gpt-oss-120b": 13.336322592787766,
      "deepseek-v3.1": 13.868480197043441,
      "mistral-medium-3-instruct": 10.328741750206182,
      "palmyra-med-70b": 11.785253900572393,
      "seed-oss-36b-instruct": 11.324423481222293,
      "gemma2-9b-it": 12.69370399402682,
      "kimi-k2-instruct-0905": 16.10899768537323
    }
  },
  "best_model": "gemini-2.5-flash",
  "best_model_scores": {
    "BLEU": 14.287202148494003,
    "chrF": 26.4165072858003,
    "Average": 20.35185471714715
  }
}