Model,Similarity Score (%),Raw Score
llama-3.1-405b-instruct,31.74%,31.741234079999998
deepseek-v3.1,27.56%,27.555023239999997
llama-3.3-70b-instruct,27.26%,27.2596628
gemma2-9b-it,26.77%,26.771381308
kimi-k2-instruct-0905,25.56%,25.56390779777778
qwen3-235b-a22b,24.41%,24.40665934
qwen3-32b,22.58%,22.582792903999998
llama-4-maverick-17b-128e-instruct,18.70%,18.702879227999997
gpt-oss-120b,16.35%,16.349043006000002
