Model,Similarity Score (%),Raw Score
llama-3.1-405b-instruct,40.28%,40.2828216
qwen3-235b-a22b,33.46%,33.460319999999996
llama-3.3-70b-instruct,31.24%,31.240905079999997
deepseek-v3.1,29.71%,29.7123784
gemma2-9b-it,26.77%,26.771381308
kimi-k2-instruct-0905,25.43%,25.433036233333333
qwen3-32b,22.58%,22.582792903999998
llama-4-maverick-17b-128e-instruct,18.70%,18.702879228
gpt-oss-120b,16.35%,16.349043006000002
