Model,Similarity Score (%),Raw Score
kimi-k2-instruct-0905,28.37%,28.366675200000003
gemma2-9b-it,26.96%,26.9556876
qwen3-32b,15.67%,15.672657000000001
llama-4-maverick-17b-128e-instruct,10.23%,10.225218099999998
gpt-oss-120b,9.81%,9.810733
