Model,Similarity Score (%),Raw Score
llama-3.1-405b-instruct,32.60%,32.597410839999995
llama-3.3-70b-instruct,28.12%,28.1210158
gemma2-9b-it,26.77%,26.771381308
deepseek-v3.1,26.16%,26.157299886666667
qwen3-235b-a22b,25.88%,25.877675519999993
kimi-k2-instruct-0905,25.83%,25.8305001475
qwen3-32b,22.58%,22.582792903999998
llama-4-maverick-17b-128e-instruct,18.70%,18.702879227999997
gpt-oss-120b,16.35%,16.349043006000002
