Model,Similarity Score (%),Raw Score
llama-3.1-405b-instruct,31.04%,31.040612872
deepseek-v3.1,28.75%,28.745251832
kimi-k2-instruct-0905,27.01%,27.012751817999998
gemma2-9b-it,26.77%,26.771381308
llama-3.3-70b-instruct,26.48%,26.48360528
qwen3-235b-a22b,24.41%,24.406307552
qwen3-32b,22.58%,22.582792903999998
llama-4-maverick-17b-128e-instruct,18.70%,18.702879227999997
gpt-oss-120b,16.35%,16.349043006000002
