Model,Similarity Score (%),Raw Score
llama-3.1-405b-instruct,29.54%,29.538736660000005
kimi-k2-instruct-0905,28.61%,28.611110816363635
deepseek-v3.1,27.61%,27.61233326
gemma2-9b-it,26.77%,26.771381308
llama-3.3-70b-instruct,26.14%,26.144815333333334
qwen3-235b-a22b,23.63%,23.630148593333335
qwen3-32b,22.58%,22.582792903999998
gemma-2-27b-it,20.75%,20.7514208
llama-4-maverick-17b-128e-instruct,18.70%,18.702879227999997
gpt-oss-120b,16.35%,16.349043006000002
