{
  "language_pair": "any-eng",
  "timestamp": "2026-01-12T13:35:21.660698",
  "models": {
    "mistral-medium-3-instruct": 24.481078254845773,
    "qwq-32b": 18.517619574431865,
    "llama-3.3-70b-instruct": 27.303634876702876,
    "gemma2-9b-it": 26.771381308,
    "gemma-2-27b-it": 27.062032607697727,
    "llama-3.1-405b-instruct": 21.44225879706055,
    "seed-oss-36b-instruct": 22.228194402966057,
    "qwen3-235b-a22b": 29.38668063894287,
    "kimi-k2-instruct-0905": 29.50555192945482,
    "palmyra-med-70b": 19.74642974,
    "mistral-7b-instruct-v0.3": 14.047464135000002,
    "gemma-2-9b-it": 27.35773561002694,
    "deepseek-v3.1": 26.691604413397705,
    "qwen3-32b": 22.582792904,
    "gpt-oss-120b": 20.898212572233998,
    "llama-4-maverick-17b-128e-instruct": 29.97381924325112
  },
  "average_score": 24.24978068800077,
  "best_model": "llama-4-maverick-17b-128e-instruct",
  "best_score": 29.97381924325112
}