{
  "language_pair": "any-eng",
  "timestamp": "2026-01-16T14:45:15.526837",
  "models": {
    "mistral-medium-3-instruct": 24.39818050791961,
    "qwq-32b": 18.629073248325,
    "llama-3.3-70b-instruct": 27.388273121978397,
    "gemma2-9b-it": 26.771381308,
    "chatgpt": 29.172927856445312,
    "gemma-2-27b-it": 26.27759112350987,
    "llama-3.1-405b-instruct": 21.431918837950363,
    "seed-oss-36b-instruct": 22.199440742438885,
    "gemini": 57.86883544921875,
    "qwen3-235b-a22b": 29.388403533630512,
    "kimi-k2-instruct-0905": 29.541311130505672,
    "claude": 36.81840515136719,
    "palmyra-med-70b": 19.74642974,
    "mistral-7b-instruct-v0.3": 14.047464135000002,
    "gemma-2-9b-it": 25.064362688235885,
    "deepseek-v3.1": 26.72752339027217,
    "qwen3-32b": 22.582792904,
    "gpt-oss-120b": 21.03575437755014,
    "llama-4-maverick-17b-128e-instruct": 29.89985927423949
  },
  "average_score": 26.788943606346695,
  "best_model": "gemini",
  "best_score": 57.86883544921875
}