{
  "language_pair": "any-eng",
  "timestamp": "2026-01-16T11:13:54.995614",
  "models": {
    "mistral-medium-3-instruct": 24.39873794593939,
    "qwq-32b": 18.629073248325,
    "llama-3.3-70b-instruct": 27.387914091647513,
    "gemma2-9b-it": 26.771381308,
    "chatgpt": 0.0,
    "gemma-2-27b-it": 26.27708467325037,
    "llama-3.1-405b-instruct": 21.433247250174627,
    "seed-oss-36b-instruct": 22.198884534966606,
    "gemini": 57.870819091796875,
    "qwen3-235b-a22b": 29.388403533630512,
    "kimi-k2-instruct-0905": 29.540717500903785,
    "claude": 36.81861877441406,
    "palmyra-med-70b": 19.74642974,
    "mistral-7b-instruct-v0.3": 14.047464135000002,
    "gemma-2-9b-it": 25.064333155095763,
    "deepseek-v3.1": 26.728525309289292,
    "qwen3-32b": 22.582792904,
    "gpt-oss-120b": 21.034497235525887,
    "llama-4-maverick-17b-128e-instruct": 29.90008388589192
  },
  "average_score": 25.25363201672903,
  "best_model": "gemini",
  "best_score": 57.870819091796875
}