{
  "language_pair": "any-eng",
  "timestamp": "2026-01-14T12:27:17.429929",
  "models": {
    "mistral-medium-3-instruct": 24.398470917130798,
    "qwq-32b": 18.629073248325,
    "llama-3.3-70b-instruct": 27.388739861408546,
    "gemma2-9b-it": 26.771381308,
    "gemma-2-27b-it": 26.277734023280452,
    "llama-3.1-405b-instruct": 21.43199064401654,
    "seed-oss-36b-instruct": 22.19941367039377,
    "qwen3-235b-a22b": 29.388403533630512,
    "kimi-k2-instruct-0905": 29.541393695186212,
    "palmyra-med-70b": 19.74642974,
    "mistral-7b-instruct-v0.3": 14.047464135000002,
    "gemma-2-9b-it": 25.064362688235885,
    "deepseek-v3.1": 26.728875363861903,
    "qwen3-32b": 22.582792904,
    "gpt-oss-120b": 21.03575437755014,
    "llama-4-maverick-17b-128e-instruct": 29.89974721750731
  },
  "average_score": 24.070751707970444,
  "best_model": "llama-4-maverick-17b-128e-instruct",
  "best_score": 29.89974721750731
}