{
  "language_pair": "any-eng",
  "timestamp": "2025-10-09T07:09:25.771159",
  "models": {
    "gemma2-9b-it": 26.771381308,
    "kimi-k2-instruct-0905": 28.146046628,
    "qwen3-32b": 22.582792903999998,
    "gpt-oss-120b": 16.349043006000002,
    "llama-4-maverick-17b-128e-instruct": 18.702879228
  },
  "average_score": 22.5104286148,
  "best_model": "kimi-k2-instruct-0905",
  "best_score": 28.146046628
}