{
  "language_pair": "any-eng",
  "timestamp": "2026-01-28T14:52:44.651733",
  "models": {
    "bleu": {
      "mistral-medium-3-instruct": 1.8161744098728385,
      "gemini-2.5-flash": 8.371354162904959,
      "qwq-32b": 1.6936365879078985,
      "llama-3.3-70b-instruct": 1.8699839209210483,
      "gemma2-9b-it": 2.110440900181783,
      "claude-sonnet-4-5": 4.446007403100916,
      "gemma-2-27b-it": 1.6567265594186857,
      "llama-3.1-405b-instruct": 1.398382997598934,
      "seed-oss-36b-instruct": 1.5523874428414433,
      "gpt-4.1": 3.720051581839547,
      "qwen3-235b-a22b": 2.2045997314800614,
      "kimi-k2-instruct-0905": 2.1994335353366234,
      "palmyra-med-70b": 1.723677351181297,
      "mistral-7b-instruct-v0.3": 1.4288579177998166,
      "gemma-2-9b-it": 1.561110625362697,
      "deepseek-v3.1": 2.064387511525449,
      "qwen3-32b": 2.1195310959104727,
      "gpt-oss-120b": 1.9783970015536798,
      "llama-4-maverick-17b-128e-instruct": 2.1869272049187174
    },
    "chrf": {
      "mistral-medium-3-instruct": 21.288564497362856,
      "gemini-2.5-flash": 32.536389077506065,
      "qwq-32b": 20.454289071251438,
      "llama-3.3-70b-instruct": 21.39762832411406,
      "gemma2-9b-it": 19.317016180612818,
      "claude-sonnet-4-5": 25.14116508383834,
      "gemma-2-27b-it": 19.422621170151732,
      "llama-3.1-405b-instruct": 19.917358912020653,
      "seed-oss-36b-instruct": 22.13249078378072,
      "gpt-4.1": 22.691250852326217,
      "qwen3-235b-a22b": 21.902162360078247,
      "kimi-k2-instruct-0905": 22.711618574748577,
      "palmyra-med-70b": 20.690719696129452,
      "mistral-7b-instruct-v0.3": 18.923422093062104,
      "gemma-2-9b-it": 19.043548524411808,
      "deepseek-v3.1": 21.88929837312507,
      "qwen3-32b": 18.096237292820703,
      "gpt-oss-120b": 19.748360426981233,
      "llama-4-maverick-17b-128e-instruct": 22.819618771291584
    },
    "average": {
      "mistral-medium-3-instruct": 11.552369453617848,
      "gemini-2.5-flash": 20.45387162020551,
      "qwq-32b": 11.073962829579669,
      "llama-3.3-70b-instruct": 11.633806122517553,
      "gemma2-9b-it": 10.713728540397298,
      "claude-sonnet-4-5": 14.79358624346963,
      "gemma-2-27b-it": 10.539673864785208,
      "llama-3.1-405b-instruct": 10.657870954809793,
      "seed-oss-36b-instruct": 11.842439113311082,
      "gpt-4.1": 13.205651217082881,
      "qwen3-235b-a22b": 12.053381045779153,
      "kimi-k2-instruct-0905": 12.455526055042599,
      "palmyra-med-70b": 11.207198523655375,
      "mistral-7b-instruct-v0.3": 10.17614000543096,
      "gemma-2-9b-it": 10.302329574887251,
      "deepseek-v3.1": 11.97684294232526,
      "qwen3-32b": 10.107884194365589,
      "gpt-oss-120b": 10.863378714267455,
      "llama-4-maverick-17b-128e-instruct": 12.503272988105152
    }
  },
  "best_model": "gemini-2.5-flash",
  "best_model_scores": {
    "BLEU": 8.371354162904959,
    "chrF": 32.536389077506065,
    "Average": 20.45387162020551
  }
}