Model,Similarity Score (%),Raw Score
llama-3.3-70b-instruct,46.34%,46.33623374
gemma2-9b-it,35.57%,35.566771083999996
llama-3.1-405b-instruct,32.60%,32.5999706
qwen3-32b,31.66%,31.657161900000002
kimi-k2-instruct-0905,31.23%,31.22756517333334
deepseek-v3.1,30.38%,30.377670916
llama-4-maverick-17b-128e-instruct,25.78%,25.784077582000002
qwen3-235b-a22b,24.91%,24.912420060000002
gpt-oss-120b,21.19%,21.192694848000002
