Model,Similarity Score (%),Raw Score
gemma2-9b-it,35.57%,35.566771083999996
qwen3-32b,31.66%,31.657161900000002
kimi-k2-instruct-0905,29.38%,29.381004808
llama-4-maverick-17b-128e-instruct,25.78%,25.784077582000002
gpt-oss-120b,21.19%,21.192694848000002
