Model,Similarity Score (%),Raw Score
qwen3-235b-a22b,38.05%,38.046575492
llama-3.3-70b-instruct,36.26%,36.264180067999995
gemma2-9b-it,35.57%,35.566771084
deepseek-v3.1,34.18%,34.18085087120001
kimi-k2-instruct-0905,32.56%,32.560593172
qwen3-32b,31.66%,31.657161900000002
llama-3.1-405b-instruct,30.22%,30.223409392
llama-4-maverick-17b-128e-instruct,25.78%,25.784077582000002
gpt-oss-120b,21.19%,21.192694848000002
