Model,Similarity Score (%),Raw Score
gemma2-9b-it,34.19%,34.190014855
qwen3-32b,29.08%,29.078900324999996
kimi-k2-instruct-0905,27.41%,27.408925309999997
llama-4-maverick-17b-128e-instruct,26.30%,26.303014727499995
gpt-oss-120b,21.97%,21.97135628
