Model,Similarity Score (%),Raw Score
qwen3-235b-a22b,38.02%,38.023233315000006
llama-3.3-70b-instruct,37.58%,37.577808285
deepseek-v3.1,36.95%,36.953311293999995
gemma2-9b-it,35.57%,35.566771084
llama-3.1-405b-instruct,32.14%,32.13584229000001
qwen3-32b,31.66%,31.657161900000002
kimi-k2-instruct-0905,31.35%,31.35369183555555
llama-4-maverick-17b-128e-instruct,25.78%,25.784077582000002
gpt-oss-120b,21.19%,21.192694848000002
