Model,Similarity Score (%),Raw Score
llama-3.3-70b-instruct,40.93%,40.926774313333325
gemma2-9b-it,35.57%,35.566771084
deepseek-v3.1,33.57%,33.574309592
qwen3-235b-a22b,32.63%,32.629110153333336
llama-3.1-405b-instruct,31.73%,31.732477999999997
qwen3-32b,31.66%,31.657161900000002
kimi-k2-instruct-0905,31.43%,31.431642795000002
llama-4-maverick-17b-128e-instruct,25.78%,25.784077582000002
gpt-oss-120b,21.19%,21.192694848000002
