{
  "language_pair": "snw-eng",
  "timestamp": "2026-01-16T11:13:55.148817",
  "models": {
    "qwen3-32b": 31.6571619,
    "palmyra-med-70b": 24.76429086,
    "kimi-k2-instruct-0905": 42.27751394087329,
    "chatgpt": 0.0,
    "seed-oss-36b-instruct": 32.75199158010293,
    "gemini": 39.212928771972656,
    "claude": 36.48043441772461,
    "gpt-oss-120b": 19.719011730028456,
    "deepseek-v3.1": 35.214573182970824,
    "gemma-2-27b-it": 29.913610321818574,
    "mistral-medium-3-instruct": 36.42930024161544,
    "llama-3.3-70b-instruct": 32.418959319430144,
    "qwq-32b": 37.24308706950257,
    "gemma2-9b-it": 35.566771084,
    "qwen3-235b-a22b": 37.754803018342145,
    "mistral-7b-instruct-v0.3": 31.022050299999997,
    "gemma-2-9b-it": 26.409160523966086,
    "llama-4-maverick-17b-128e-instruct": 35.1170435023831,
    "llama-3.1-405b-instruct": 30.93359404336857
  },
  "average_score": 31.309804516215756,
  "best_model": "kimi-k2-instruct-0905",
  "best_score": 42.27751394087329
}