{
  "language_pair": "snw-eng",
  "timestamp": "2025-10-20T10:24:57.716747",
  "models": {
    "qwen3-32b": 31.657161900000002,
    "kimi-k2-instruct-0905": 32.560593172,
    "gpt-oss-120b": 21.192694848000002,
    "deepseek-v3.1": 34.18085087120001,
    "llama-3.3-70b-instruct": 36.264180067999995,
    "gemma2-9b-it": 35.566771084,
    "qwen3-235b-a22b": 38.046575492,
    "llama-4-maverick-17b-128e-instruct": 25.784077582000002,
    "llama-3.1-405b-instruct": 30.223409392
  },
  "average_score": 31.719590489911113,
  "best_model": "qwen3-235b-a22b",
  "best_score": 38.046575492
}