{
  "language_pair": "snw-eng",
  "timestamp": "2026-01-28T14:52:45.294665",
  "models": {
    "bleu": {
      "qwen3-32b": 2.0671628944188107,
      "claude-sonnet-4-5": 4.008971912901675,
      "palmyra-med-70b": 2.19599792418833,
      "kimi-k2-instruct-0905": 5.3847994803626955,
      "seed-oss-36b-instruct": 2.2958771496469184,
      "gpt-oss-120b": 1.924662654057488,
      "deepseek-v3.1": 2.3093420678487164,
      "gemini-2.5-flash": 4.894466992094766,
      "gemma-2-27b-it": 1.8622356037275682,
      "gpt-4.1": 4.125739974377237,
      "mistral-medium-3-instruct": 2.9554409099858256,
      "llama-3.3-70b-instruct": 2.4605422262656935,
      "qwq-32b": 2.88060195883924,
      "gemma2-9b-it": 4.108440213980829,
      "qwen3-235b-a22b": 3.5422516116800025,
      "mistral-7b-instruct-v0.3": 2.1796223446156495,
      "gemma-2-9b-it": 1.932464362333854,
      "llama-4-maverick-17b-128e-instruct": 2.7229183068717693,
      "llama-3.1-405b-instruct": 1.6439235350615784
    },
    "chrf": {
      "qwen3-32b": 21.862307475189805,
      "claude-sonnet-4-5": 24.32155072020862,
      "palmyra-med-70b": 21.359717374616217,
      "kimi-k2-instruct-0905": 28.598200522512705,
      "seed-oss-36b-instruct": 24.72700450995685,
      "gpt-oss-120b": 17.676017229198962,
      "deepseek-v3.1": 22.405735232547503,
      "gemini-2.5-flash": 24.83819019093386,
      "gemma-2-27b-it": 21.108467824222537,
      "gpt-4.1": 23.84566859763363,
      "mistral-medium-3-instruct": 23.90411345930695,
      "llama-3.3-70b-instruct": 21.371515808207814,
      "qwq-32b": 24.658894541095865,
      "gemma2-9b-it": 24.264623562923784,
      "qwen3-235b-a22b": 23.860176351009525,
      "mistral-7b-instruct-v0.3": 19.04789308990258,
      "gemma-2-9b-it": 18.475973934472908,
      "llama-4-maverick-17b-128e-instruct": 23.04342532796721,
      "llama-3.1-405b-instruct": 20.443708632599275
    },
    "average": {
      "qwen3-32b": 11.964735184804308,
      "claude-sonnet-4-5": 14.16526131655515,
      "palmyra-med-70b": 11.777857649402272,
      "kimi-k2-instruct-0905": 16.991500001437704,
      "seed-oss-36b-instruct": 13.511440829801884,
      "gpt-oss-120b": 9.800339941628225,
      "deepseek-v3.1": 12.357538650198109,
      "gemini-2.5-flash": 14.86632859151431,
      "gemma-2-27b-it": 11.485351713975053,
      "gpt-4.1": 13.985704286005433,
      "mistral-medium-3-instruct": 13.429777184646388,
      "llama-3.3-70b-instruct": 11.916029017236752,
      "qwq-32b": 13.76974824996755,
      "gemma2-9b-it": 14.186531888452304,
      "qwen3-235b-a22b": 13.701213981344763,
      "mistral-7b-instruct-v0.3": 10.613757717259114,
      "gemma-2-9b-it": 10.20421914840338,
      "llama-4-maverick-17b-128e-instruct": 12.883171817419488,
      "llama-3.1-405b-instruct": 11.043816083830428
    }
  },
  "best_model": "kimi-k2-instruct-0905",
  "best_model_scores": {
    "BLEU": 5.3847994803626955,
    "chrF": 28.598200522512705,
    "Average": 16.991500001437704
  }
}