{
  "language_pair": "snw-eng",
  "timestamp": "2025-10-05T08:22:26.740270",
  "models": {
    "qwen3-32b": 29.078900324999996,
    "kimi-k2-instruct-0905": 27.408925309999997,
    "gpt-oss-120b": 21.97135628,
    "gemma2-9b-it": 34.190014855,
    "llama-4-maverick-17b-128e-instruct": 26.303014727499995
  },
  "average_score": 27.790442299499993,
  "best_model": "gemma2-9b-it",
  "best_score": 34.190014855
}