{
  "language_pair": "snw-eng",
  "timestamp": "2025-10-09T07:09:27.262541",
  "models": {
    "qwen3-32b": 31.657161900000002,
    "kimi-k2-instruct-0905": 29.381004808,
    "gpt-oss-120b": 21.192694848000002,
    "gemma2-9b-it": 35.566771083999996,
    "llama-4-maverick-17b-128e-instruct": 25.784077582000002
  },
  "average_score": 28.7163420444,
  "best_model": "gemma2-9b-it",
  "best_score": 35.566771083999996
}