{
  "language_pair": "snw-eng",
  "timestamp": "2026-01-16T14:45:15.632815",
  "models": {
    "qwen3-32b": 31.6571619,
    "palmyra-med-70b": 24.76429086,
    "kimi-k2-instruct-0905": 42.27727983342466,
    "chatgpt": 32.72537708282471,
    "seed-oss-36b-instruct": 32.75327525600819,
    "gemini": 39.21189880371094,
    "claude": 36.48043441772461,
    "gpt-oss-120b": 19.71917553761692,
    "deepseek-v3.1": 35.215112850436924,
    "gemma-2-27b-it": 29.91377501985925,
    "mistral-medium-3-instruct": 36.43057786244567,
    "llama-3.3-70b-instruct": 32.41897727094669,
    "qwq-32b": 37.24346490618412,
    "gemma2-9b-it": 35.566771084,
    "qwen3-235b-a22b": 37.75404456676815,
    "mistral-7b-instruct-v0.3": 31.022050299999997,
    "gemma-2-9b-it": 26.409160523966086,
    "llama-4-maverick-17b-128e-instruct": 35.11710633269101,
    "llama-3.1-405b-instruct": 30.93391717066636
  },
  "average_score": 33.03230797785655,
  "best_model": "kimi-k2-instruct-0905",
  "best_score": 42.27727983342466
}