{
  "language_pair": "snw-eng",
  "timestamp": "2026-01-14T12:27:17.532778",
  "models": {
    "qwen3-32b": 31.6571619,
    "palmyra-med-70b": 24.76429086,
    "kimi-k2-instruct-0905": 42.27732999930651,
    "seed-oss-36b-instruct": 32.75330916442832,
    "gpt-oss-120b": 19.719505396733418,
    "deepseek-v3.1": 35.21421415263993,
    "gemma-2-27b-it": 29.91258822515439,
    "mistral-medium-3-instruct": 36.43087940518191,
    "llama-3.3-70b-instruct": 32.4178822284375,
    "qwq-32b": 37.24346490618412,
    "gemma2-9b-it": 35.566771084,
    "qwen3-235b-a22b": 37.7542869122415,
    "mistral-7b-instruct-v0.3": 31.022050299999997,
    "gemma-2-9b-it": 26.409160523966086,
    "llama-4-maverick-17b-128e-instruct": 35.11745807021829,
    "llama-3.1-405b-instruct": 30.93244514630974
  },
  "average_score": 32.449549892175106,
  "best_model": "kimi-k2-instruct-0905",
  "best_score": 42.27732999930651
}