ref,text,translated,source_zip_file,similarity_score,chrf_sentence,corpus_bleu,corpus_chrf
So God created humans to be like himself; he made men and women.,"Anomanta, o ta nɛwɛnyina, ɡɛ tenten waa doa laanee o ta ba. Baa ne haahnee o ta.","The one who is not a friend, the one who is not a brother, the one who does not love you, that one is not your friend.  He is not your brother.",Dec 08 output,,12.045875585253919,3.985677924984254,4.951856946354884
Get some good lumber and build a boat. Put rooms in it and cover it with tar inside and out.,"Anomanta, Nowa, ka nyin daa waa kpeɡa, dɛ́ kwaa dakajen waa won nee sie vala kɛŋɔ ɡbera, ásɛ dɛ bɔne o bini kɛŋɔ deene, ásɛ dɛ kpɔ kootal maa o bini ne o habɔɔ bwa.","Anomanta, Nowa, if you want to go, go. But don't go and come back with a bad story, because if you do, I will not let you come back again. I will not allow you to come back and tell lies.",Dec 08 output,,19.863460002894378,3.985677924984254,4.951856946354884
Any man who isn't circumcised hasn't kept his part of the promise and cannot be one of my people.,"Bɛlbwa waa wola o pen teŋe la ta n nɛra nɛɛ jae kpa, dɛkalkɛŋɔ o ta n fɔo la ta teŋɛ.”","The white man came to the village and said to them, ""I want to buy your land.""",Dec 08 output,,14.624721848210157,3.985677924984254,4.951856946354884
"But Laban told him, “If you really are my friend, stay on, and I'll pay whatever you ask. I'm sure the Lord has blessed me because of you.”","Gel n jemɛ kembɔr maa chɛ kɛ n kpɔ tɛɛ, ásɛ n nyin tɛɛ.”","If you have a problem, come and tell me so that I can help you.",Dec 08 output,,14.516229515419582,3.985677924984254,4.951856946354884
"And Jacob told them to be sure to say that he was right behind them. Jacob hoped the gifts would make Esau friendly, so Esau would be glad to see him when they met.","Hé berɛ ɡel ó jemɛ kɛŋɔ o bonɔɔ Jekɔb ɡe lɔ habɔɔ dɛɛ ba. Dɛ ń tɔ sie, dɛ́ kpɔ koŋkɛɛla nɔ ba tɛɛ, ásɛ mɔɔ o tel he be. Ásɛ dɛ he nao waa, he ken ɛɛ kpɔɔ kɛɔ.”","He said to Jacob, ""I will give you a blessing, but you will not be able to bear children. If you do, you will have many children, but they will not be able to bear children. And so it will be with your descendants. They will be unable to have children.""",Dec 08 output,,20.70294519363794,3.985677924984254,4.951856946354884
So God created humans to be like himself; he made men and women.,"Anomanta, o ta nɛwɛnyina, ɡɛ tenten waa doa laanee o ta ba. Baa ne haahnee o ta.","The one who is a good person, the one who is kind, will be loved by everyone. Everyone will respect him.",onesimus_31223989_Dec 12 output,,14.334439828945813,3.985677924984254,4.951856946354884
Get some good lumber and build a boat. Put rooms in it and cover it with tar inside and out.,"Anomanta, Nowa, ka nyin daa waa kpeɡa, dɛ́ kwaa dakajen waa won nee sie vala kɛŋɔ ɡbera, ásɛ dɛ bɔne o bini kɛŋɔ deene, ásɛ dɛ kpɔ kootal maa o bini ne o habɔɔ bwa.","Anomanta, Nowa, if you want to go, go, but don't go and come back to tell lies, because if you do, I will beat you, and I will not spare you.",onesimus_31223989_Dec 12 output,,19.139484193627162,3.985677924984254,4.951856946354884
Any man who isn't circumcised hasn't kept his part of the promise and cannot be one of my people.,"Bɛlbwa waa wola o pen teŋe la ta n nɛra nɛɛ jae kpa, dɛkalkɛŋɔ o ta n fɔo la ta teŋɛ.”","The white man came to the village and said to them, ""I will give you a gift, but you must give me something in return.""",onesimus_31223989_Dec 12 output,,16.293520102937016,3.985677924984254,4.951856946354884
"But Laban told him, “If you really are my friend, stay on, and I'll pay whatever you ask. I'm sure the Lord has blessed me because of you.”","Gel n jemɛ kembɔr maa chɛ kɛ n kpɔ tɛɛ, ásɛ n nyin tɛɛ.”","If you have a problem, come and tell me so that I can help you.",onesimus_31223989_Dec 12 output,,14.516229515419582,3.985677924984254,4.951856946354884
"And Jacob told them to be sure to say that he was right behind them. Jacob hoped the gifts would make Esau friendly, so Esau would be glad to see him when they met.","Hé berɛ ɡel ó jemɛ kɛŋɔ o bonɔɔ Jekɔb ɡe lɔ habɔɔ dɛɛ ba. Dɛ ń tɔ sie, dɛ́ kpɔ koŋkɛɛla nɔ ba tɛɛ, ásɛ mɔɔ o tel he be. Ásɛ dɛ he nao waa, he ken ɛɛ kpɔɔ kɛɔ.”","He said to me, ""I am going to Jacob's house. I will go there and see him. When I go, I will tell him what you said to me. If he asks me who told me, I will not say your name.""",onesimus_31223989_Dec 12 output,,22.6644404378109,3.985677924984254,4.951856946354884
So God created humans to be like himself; he made men and women.,"Anomanta, o ta nɛwɛnyina, ɡɛ tenten waa doa laanee o ta ba. Baa ne haahnee o ta.","The one who is a woman, the one who is a mother, she is the one who gives birth to children. She is the one who nurses them.",john_AC86BE0F_output (5),,15.943348709832042,3.985677924984254,4.951856946354884
Get some good lumber and build a boat. Put rooms in it and cover it with tar inside and out.,"Anomanta, Nowa, ka nyin daa waa kpeɡa, dɛ́ kwaa dakajen waa won nee sie vala kɛŋɔ ɡbera, ásɛ dɛ bɔne o bini kɛŋɔ deene, ásɛ dɛ kpɔ kootal maa o bini ne o habɔɔ bwa.","Anomanta, Nowa, if you want to go, go, but don't go and come back to tell us lies, because if you do, we will beat you, and we will not spare you.",john_AC86BE0F_output (5),,19.157538139464663,3.985677924984254,4.951856946354884
Any man who isn't circumcised hasn't kept his part of the promise and cannot be one of my people.,"Bɛlbwa waa wola o pen teŋe la ta n nɛra nɛɛ jae kpa, dɛkalkɛŋɔ o ta n fɔo la ta teŋɛ.”","The white man came to the village and said to them, ""I want to buy your land.""",john_AC86BE0F_output (5),,14.624721848210157,3.985677924984254,4.951856946354884
"But Laban told him, “If you really are my friend, stay on, and I'll pay whatever you ask. I'm sure the Lord has blessed me because of you.”","Gel n jemɛ kembɔr maa chɛ kɛ n kpɔ tɛɛ, ásɛ n nyin tɛɛ.”","If you are not careful, you will fall into trouble.",john_AC86BE0F_output (5),,12.845614133781266,3.985677924984254,4.951856946354884
"And Jacob told them to be sure to say that he was right behind them. Jacob hoped the gifts would make Esau friendly, so Esau would be glad to see him when they met.","Hé berɛ ɡel ó jemɛ kɛŋɔ o bonɔɔ Jekɔb ɡe lɔ habɔɔ dɛɛ ba. Dɛ ń tɔ sie, dɛ́ kpɔ koŋkɛɛla nɔ ba tɛɛ, ásɛ mɔɔ o tel he be. Ásɛ dɛ he nao waa, he ken ɛɛ kpɔɔ kɛɔ.”","He said to me, ""I will tell you about Jacob, and I will tell you what happened to him. When he went to the land of the Philistines, he was very poor. But he was a man of great faith. He believed that God would help him, and God did help him.""",john_AC86BE0F_output (5),,24.833590091065474,3.985677924984254,4.951856946354884
So God created humans to be like himself; he made men and women.,"Anomanta, o ta nɛwɛnyina, ɡɛ tenten waa doa laanee o ta ba. Baa ne haahnee o ta.",,output_JA-4,,,3.985677924984254,4.951856946354884
Get some good lumber and build a boat. Put rooms in it and cover it with tar inside and out.,"Anomanta, Nowa, ka nyin daa waa kpeɡa, dɛ́ kwaa dakajen waa won nee sie vala kɛŋɔ ɡbera, ásɛ dɛ bɔne o bini kɛŋɔ deene, ásɛ dɛ kpɔ kootal maa o bini ne o habɔɔ bwa.",,output_JA-4,,,3.985677924984254,4.951856946354884
Any man who isn't circumcised hasn't kept his part of the promise and cannot be one of my people.,"Bɛlbwa waa wola o pen teŋe la ta n nɛra nɛɛ jae kpa, dɛkalkɛŋɔ o ta n fɔo la ta teŋɛ.”",,output_JA-4,,,3.985677924984254,4.951856946354884
"But Laban told him, “If you really are my friend, stay on, and I'll pay whatever you ask. I'm sure the Lord has blessed me because of you.”","Gel n jemɛ kembɔr maa chɛ kɛ n kpɔ tɛɛ, ásɛ n nyin tɛɛ.”",,output_JA-4,,,3.985677924984254,4.951856946354884
"And Jacob told them to be sure to say that he was right behind them. Jacob hoped the gifts would make Esau friendly, so Esau would be glad to see him when they met.","Hé berɛ ɡel ó jemɛ kɛŋɔ o bonɔɔ Jekɔb ɡe lɔ habɔɔ dɛɛ ba. Dɛ ń tɔ sie, dɛ́ kpɔ koŋkɛɛla nɔ ba tɛɛ, ásɛ mɔɔ o tel he be. Ásɛ dɛ he nao waa, he ken ɛɛ kpɔɔ kɛɔ.”",,output_JA-4,,,3.985677924984254,4.951856946354884
So God created humans to be like himself; he made men and women.,"Anomanta, o ta nɛwɛnyina, ɡɛ tenten waa doa laanee o ta ba. Baa ne haahnee o ta.","The one who is not a child, let him go and do what he wants. He is not a child.",onesimus_7C821E01_Dec 01 output,,14.058026900441389,3.985677924984254,4.951856946354884
Get some good lumber and build a boat. Put rooms in it and cover it with tar inside and out.,"Anomanta, Nowa, ka nyin daa waa kpeɡa, dɛ́ kwaa dakajen waa won nee sie vala kɛŋɔ ɡbera, ásɛ dɛ bɔne o bini kɛŋɔ deene, ásɛ dɛ kpɔ kootal maa o bini ne o habɔɔ bwa.","Anomanta, Nowa, if you want to go, go, but don't go and come back with a bad story, because if you do, I will not give you anything, and I will not let you stay here.",onesimus_7C821E01_Dec 01 output,,20.816576062797928,3.985677924984254,4.951856946354884
Any man who isn't circumcised hasn't kept his part of the promise and cannot be one of my people.,"Bɛlbwa waa wola o pen teŋe la ta n nɛra nɛɛ jae kpa, dɛkalkɛŋɔ o ta n fɔo la ta teŋɛ.”","The white man came to the village and said to them, ""I will give you money if you give me your land.""",onesimus_7C821E01_Dec 01 output,,16.074557072727128,3.985677924984254,4.951856946354884
"But Laban told him, “If you really are my friend, stay on, and I'll pay whatever you ask. I'm sure the Lord has blessed me because of you.”","Gel n jemɛ kembɔr maa chɛ kɛ n kpɔ tɛɛ, ásɛ n nyin tɛɛ.”","If you want to eat, you must work.",onesimus_7C821E01_Dec 01 output,,8.662881077792104,3.985677924984254,4.951856946354884
"And Jacob told them to be sure to say that he was right behind them. Jacob hoped the gifts would make Esau friendly, so Esau would be glad to see him when they met.","Hé berɛ ɡel ó jemɛ kɛŋɔ o bonɔɔ Jekɔb ɡe lɔ habɔɔ dɛɛ ba. Dɛ ń tɔ sie, dɛ́ kpɔ koŋkɛɛla nɔ ba tɛɛ, ásɛ mɔɔ o tel he be. Ásɛ dɛ he nao waa, he ken ɛɛ kpɔɔ kɛɔ.”","He said to me, ""I have seen Jacob's son, and he is a strong man. When I saw him, I was afraid, because he is a great warrior.""",onesimus_7C821E01_Dec 01 output,,15.982899455265159,3.985677924984254,4.951856946354884
"He thought, “If Esau attacks one group, perhaps the other can escape.”","O liiro kɛŋɔ dɛ Esɔ ba dɛ yo baŋ bɛl nɛra aa, ba kar la ɛɛ won dɔ bɔr dɛ́ chwa kaa.","If the people of Esɔ are not willing to listen to us, we will go and fight them.",output_jonathan,0.33865857,16.279409620768583,3.985677924984254,4.951856946354884
"Later, when Hagar knew she was going to have a baby, she became proud and treated Sarai hatefully.","Abram lawɔ chɔ o kpoŋe tea. Heeɡa aa baa na kɛŋɔ o kpoŋe tea la, o hah Sarai dɛɛ nyiŋi o nyubaah.","Abram took his wife Sarai and went to Egypt. When he arrived there, he said that Sarai was his sister, so that he might save his life.",output_jonathan,0.3568438,21.9415244294679,3.985677924984254,4.951856946354884
"In fact, the Philistines were jealous of the large number of sheep, goats, and slaves that Isaac owned,","O dɔ kondɛɛra ne bonɔɔna kohona, asɛ Filisti tena la sie beɡre o nɛ.",And the Philistines took him and bound him with ropes and brought him to Ashkelon.,output_jonathan,0.4752571,24.102564642988515,3.985677924984254,4.951856946354884
"Meanwhile, Jacob heard what had happened. But his sons were out in the fields with the cattle, so he did not do anything at the time.","Dɛ Jekɔb noɔ kɛŋɔ Sɛkem ɡuɡri o bihaah Daena o ne o chɔ, kɛ bela la, o ta wobɛlbwa chaŋɛ, dɛkalkɛ dɛ o bibaala la kaa nae ne dibɔr ba ta balɛ mɔɔ.","Jacob's wife, Rachel, gave birth to a son. When she gave birth, she said, ""God has taken away my reproach,"" because she had borne him a son.",output_jonathan,0.53284544,19.472818766326434,3.985677924984254,4.951856946354884
"After Jacob had set up a large rock,",Asɛ Jekɔb kpɔ bwe bɛl pa bela ŋɔ bá kpɔ dɛɛ lii ba fɔo la.,"As Jacob was going, he saw a ladder reaching up to heaven and angels ascending and descending on it.",output_jonathan,0.51511395,18.415117317431577,3.985677924984254,4.951856946354884
So God created humans to be like himself; he made men and women.,"Anomanta, o ta nɛwɛnyina, ɡɛ tenten waa doa laanee o ta ba. Baa ne haahnee o ta.",,output_JA-2,,,3.985677924984254,4.951856946354884
Get some good lumber and build a boat. Put rooms in it and cover it with tar inside and out.,"Anomanta, Nowa, ka nyin daa waa kpeɡa, dɛ́ kwaa dakajen waa won nee sie vala kɛŋɔ ɡbera, ásɛ dɛ bɔne o bini kɛŋɔ deene, ásɛ dɛ kpɔ kootal maa o bini ne o habɔɔ bwa.",,output_JA-2,,,3.985677924984254,4.951856946354884
Any man who isn't circumcised hasn't kept his part of the promise and cannot be one of my people.,"Bɛlbwa waa wola o pen teŋe la ta n nɛra nɛɛ jae kpa, dɛkalkɛŋɔ o ta n fɔo la ta teŋɛ.”",,output_JA-2,,,3.985677924984254,4.951856946354884
"But Laban told him, “If you really are my friend, stay on, and I'll pay whatever you ask. I'm sure the Lord has blessed me because of you.”","Gel n jemɛ kembɔr maa chɛ kɛ n kpɔ tɛɛ, ásɛ n nyin tɛɛ.”",,output_JA-2,,,3.985677924984254,4.951856946354884
"And Jacob told them to be sure to say that he was right behind them. Jacob hoped the gifts would make Esau friendly, so Esau would be glad to see him when they met.","Hé berɛ ɡel ó jemɛ kɛŋɔ o bonɔɔ Jekɔb ɡe lɔ habɔɔ dɛɛ ba. Dɛ ń tɔ sie, dɛ́ kpɔ koŋkɛɛla nɔ ba tɛɛ, ásɛ mɔɔ o tel he be. Ásɛ dɛ he nao waa, he ken ɛɛ kpɔɔ kɛɔ.”",,output_JA-2,,,3.985677924984254,4.951856946354884
So God created humans to be like himself; he made men and women.,"Anomanta, o ta nɛwɛnyina, ɡɛ tenten waa doa laanee o ta ba. Baa ne haahnee o ta.","Anomanta, the one who is always kind, may God bless her. She is a good person.",gerhardt_8019BE0D_output_WsImHC,,16.065753750566532,3.985677924984254,4.951856946354884
Get some good lumber and build a boat. Put rooms in it and cover it with tar inside and out.,"Anomanta, Nowa, ka nyin daa waa kpeɡa, dɛ́ kwaa dakajen waa won nee sie vala kɛŋɔ ɡbera, ásɛ dɛ bɔne o bini kɛŋɔ deene, ásɛ dɛ kpɔ kootal maa o bini ne o habɔɔ bwa.","Anomanta, Nowa, if you want to go, go, but don't go and come back with bad news, because if you go and come back with bad news, I will not be happy with you, because I will be angry with you.",gerhardt_8019BE0D_output_WsImHC,,19.3046341317889,3.985677924984254,4.951856946354884
Any man who isn't circumcised hasn't kept his part of the promise and cannot be one of my people.,"Bɛlbwa waa wola o pen teŋe la ta n nɛra nɛɛ jae kpa, dɛkalkɛŋɔ o ta n fɔo la ta teŋɛ.”","The child went to the market to buy something, but he did not find anything.",gerhardt_8019BE0D_output_WsImHC,,14.833031282487086,3.985677924984254,4.951856946354884
"But Laban told him, “If you really are my friend, stay on, and I'll pay whatever you ask. I'm sure the Lord has blessed me because of you.”","Gel n jemɛ kembɔr maa chɛ kɛ n kpɔ tɛɛ, ásɛ n nyin tɛɛ.”","If you have a problem, come to me so that I can help you.",gerhardt_8019BE0D_output_WsImHC,,13.30278877233439,3.985677924984254,4.951856946354884
"And Jacob told them to be sure to say that he was right behind them. Jacob hoped the gifts would make Esau friendly, so Esau would be glad to see him when they met.","Hé berɛ ɡel ó jemɛ kɛŋɔ o bonɔɔ Jekɔb ɡe lɔ habɔɔ dɛɛ ba. Dɛ ń tɔ sie, dɛ́ kpɔ koŋkɛɛla nɔ ba tɛɛ, ásɛ mɔɔ o tel he be. Ásɛ dɛ he nao waa, he ken ɛɛ kpɔɔ kɛɔ.”","He said to Jacob, ""I will give you this land, and your descendants after you. And I will make your descendants as numerous as the stars in the sky. And I will give all this land to your descendants after you, and they will possess it forever.”",gerhardt_8019BE0D_output_WsImHC,,21.46846531700623,3.985677924984254,4.951856946354884
So God created humans to be like himself; he made men and women.,"Anomanta, o ta nɛwɛnyina, ɡɛ tenten waa doa laanee o ta ba. Baa ne haahnee o ta.","The one who is not a thief, let him not steal. Let him not steal from you.",Dec 02 output,,14.790565115140847,3.985677924984254,4.951856946354884
Get some good lumber and build a boat. Put rooms in it and cover it with tar inside and out.,"Anomanta, Nowa, ka nyin daa waa kpeɡa, dɛ́ kwaa dakajen waa won nee sie vala kɛŋɔ ɡbera, ásɛ dɛ bɔne o bini kɛŋɔ deene, ásɛ dɛ kpɔ kootal maa o bini ne o habɔɔ bwa.","Anomanta, Nowa, if you want to go to the market, you should go early in the morning before the crowd comes, so that you can buy what you need and return home quickly.",Dec 02 output,,18.26936993149747,3.985677924984254,4.951856946354884
Any man who isn't circumcised hasn't kept his part of the promise and cannot be one of my people.,"Bɛlbwa waa wola o pen teŋe la ta n nɛra nɛɛ jae kpa, dɛkalkɛŋɔ o ta n fɔo la ta teŋɛ.”","The white man came to the village and said to them, ""I will give you money, but you must work for me.""",Dec 02 output,,17.083397000382533,3.985677924984254,4.951856946354884
"But Laban told him, “If you really are my friend, stay on, and I'll pay whatever you ask. I'm sure the Lord has blessed me because of you.”","Gel n jemɛ kembɔr maa chɛ kɛ n kpɔ tɛɛ, ásɛ n nyin tɛɛ.”","If you are going to steal, then steal well, so that you will not be caught.",Dec 02 output,,16.19655020495538,3.985677924984254,4.951856946354884
"And Jacob told them to be sure to say that he was right behind them. Jacob hoped the gifts would make Esau friendly, so Esau would be glad to see him when they met.","Hé berɛ ɡel ó jemɛ kɛŋɔ o bonɔɔ Jekɔb ɡe lɔ habɔɔ dɛɛ ba. Dɛ ń tɔ sie, dɛ́ kpɔ koŋkɛɛla nɔ ba tɛɛ, ásɛ mɔɔ o tel he be. Ásɛ dɛ he nao waa, he ken ɛɛ kpɔɔ kɛɔ.”","He said to me, ""I have seen Jacob, and he is a strong man. When I saw him, I was afraid, because he was very powerful. I said to myself, 'If he is angry with me, he will kill me.'""",Dec 02 output,,19.121215973886123,3.985677924984254,4.951856946354884
So God created humans to be like himself; he made men and women.,"Anomanta, o ta nɛwɛnyina, ɡɛ tenten waa doa laanee o ta ba. Baa ne haahnee o ta.","The one who is not a friend, the one who is not a brother, the one who is not a relative, he should not be given anything. He should not be helped.",john_567A83BD_output (1),,15.260374160013338,3.985677924984254,4.951856946354884
Get some good lumber and build a boat. Put rooms in it and cover it with tar inside and out.,"Anomanta, Nowa, ka nyin daa waa kpeɡa, dɛ́ kwaa dakajen waa won nee sie vala kɛŋɔ ɡbera, ásɛ dɛ bɔne o bini kɛŋɔ deene, ásɛ dɛ kpɔ kootal maa o bini ne o habɔɔ bwa.","Anomanta, Nowa, if you are going to speak, speak clearly so that we can understand you, because if you speak unclearly, we will not know what you are saying.",john_567A83BD_output (1),,17.10187199811475,3.985677924984254,4.951856946354884
Any man who isn't circumcised hasn't kept his part of the promise and cannot be one of my people.,"Bɛlbwa waa wola o pen teŋe la ta n nɛra nɛɛ jae kpa, dɛkalkɛŋɔ o ta n fɔo la ta teŋɛ.”","The child went to the market to buy a pen, but he did not find one, so he went back home.",john_567A83BD_output (1),,16.305197368678773,3.985677924984254,4.951856946354884
"But Laban told him, “If you really are my friend, stay on, and I'll pay whatever you ask. I'm sure the Lord has blessed me because of you.”","Gel n jemɛ kembɔr maa chɛ kɛ n kpɔ tɛɛ, ásɛ n nyin tɛɛ.”","If you want to eat, you must work.",john_567A83BD_output (1),,8.662881077792104,3.985677924984254,4.951856946354884
"And Jacob told them to be sure to say that he was right behind them. Jacob hoped the gifts would make Esau friendly, so Esau would be glad to see him when they met.","Hé berɛ ɡel ó jemɛ kɛŋɔ o bonɔɔ Jekɔb ɡe lɔ habɔɔ dɛɛ ba. Dɛ ń tɔ sie, dɛ́ kpɔ koŋkɛɛla nɔ ba tɛɛ, ásɛ mɔɔ o tel he be. Ásɛ dɛ he nao waa, he ken ɛɛ kpɔɔ kɛɔ.”","He said to me, ""I will give you a sign, Jacob, so that you will know that I am with you. When you see a goat, you will know that I am with you. And when you see a sheep, you will know that I am with you.""",john_567A83BD_output (1),,19.157853548725654,3.985677924984254,4.951856946354884
So God created humans to be like himself; he made men and women.,"Anomanta, o ta nɛwɛnyina, ɡɛ tenten waa doa laanee o ta ba. Baa ne haahnee o ta.","The one who is not afraid, he will go to the place where they are. He will go there and see them.",john_AA1B9A68_output (9),,14.745593917680344,3.985677924984254,4.951856946354884
Get some good lumber and build a boat. Put rooms in it and cover it with tar inside and out.,"Anomanta, Nowa, ka nyin daa waa kpeɡa, dɛ́ kwaa dakajen waa won nee sie vala kɛŋɔ ɡbera, ásɛ dɛ bɔne o bini kɛŋɔ deene, ásɛ dɛ kpɔ kootal maa o bini ne o habɔɔ bwa.","Anomanta, Nowa, if you want to go, go, but don't go and say that you are going to die, because if you say that, you will die.  If you say that you are going to die, you will die.",john_AA1B9A68_output (9),,17.462815018092257,3.985677924984254,4.951856946354884
Any man who isn't circumcised hasn't kept his part of the promise and cannot be one of my people.,"Bɛlbwa waa wola o pen teŋe la ta n nɛra nɛɛ jae kpa, dɛkalkɛŋɔ o ta n fɔo la ta teŋɛ.”","The white man came to the village and took the children and put them in a truck, and they were taken away.",john_AA1B9A68_output (9),,16.072981420954086,3.985677924984254,4.951856946354884
"But Laban told him, “If you really are my friend, stay on, and I'll pay whatever you ask. I'm sure the Lord has blessed me because of you.”","Gel n jemɛ kembɔr maa chɛ kɛ n kpɔ tɛɛ, ásɛ n nyin tɛɛ.”","If you don't want to work, you will not eat.",john_AA1B9A68_output (9),,9.725895339792459,3.985677924984254,4.951856946354884
"And Jacob told them to be sure to say that he was right behind them. Jacob hoped the gifts would make Esau friendly, so Esau would be glad to see him when they met.","Hé berɛ ɡel ó jemɛ kɛŋɔ o bonɔɔ Jekɔb ɡe lɔ habɔɔ dɛɛ ba. Dɛ ń tɔ sie, dɛ́ kpɔ koŋkɛɛla nɔ ba tɛɛ, ásɛ mɔɔ o tel he be. Ásɛ dɛ he nao waa, he ken ɛɛ kpɔɔ kɛɔ.”","He said to me, ""Jacob's son is a liar.  When I was young, I was a thief.  I will not deny it.  If he says I am a liar, he is also a liar.""",john_AA1B9A68_output (9),,15.09976184527209,3.985677924984254,4.951856946354884
So God created humans to be like himself; he made men and women.,"Anomanta, o ta nɛwɛnyina, ɡɛ tenten waa doa laanee o ta ba. Baa ne haahnee o ta.","The one who is not a child, let them go to the market and buy something for themselves. They should not ask for anything from you.",Dec 07 output,,19.047699296656024,3.985677924984254,4.951856946354884
Get some good lumber and build a boat. Put rooms in it and cover it with tar inside and out.,"Anomanta, Nowa, ka nyin daa waa kpeɡa, dɛ́ kwaa dakajen waa won nee sie vala kɛŋɔ ɡbera, ásɛ dɛ bɔne o bini kɛŋɔ deene, ásɛ dɛ kpɔ kootal maa o bini ne o habɔɔ bwa.","Anomanta, Nowa, if you want to go, go, but don't come back here again, because if you come back, I will beat you, and I will not spare you.",Dec 07 output,,17.44002017631133,3.985677924984254,4.951856946354884
Any man who isn't circumcised hasn't kept his part of the promise and cannot be one of my people.,"Bɛlbwa waa wola o pen teŋe la ta n nɛra nɛɛ jae kpa, dɛkalkɛŋɔ o ta n fɔo la ta teŋɛ.”","The white man came to the village and asked for a woman to marry, but the village elders refused.",Dec 07 output,,17.17842912879555,3.985677924984254,4.951856946354884
"But Laban told him, “If you really are my friend, stay on, and I'll pay whatever you ask. I'm sure the Lord has blessed me because of you.”","Gel n jemɛ kembɔr maa chɛ kɛ n kpɔ tɛɛ, ásɛ n nyin tɛɛ.”","If you want to eat, then you must work.",Dec 07 output,,9.990922656993744,3.985677924984254,4.951856946354884
"And Jacob told them to be sure to say that he was right behind them. Jacob hoped the gifts would make Esau friendly, so Esau would be glad to see him when they met.","Hé berɛ ɡel ó jemɛ kɛŋɔ o bonɔɔ Jekɔb ɡe lɔ habɔɔ dɛɛ ba. Dɛ ń tɔ sie, dɛ́ kpɔ koŋkɛɛla nɔ ba tɛɛ, ásɛ mɔɔ o tel he be. Ásɛ dɛ he nao waa, he ken ɛɛ kpɔɔ kɛɔ.”","He said to Jacob, ""I have seen that you are a good man. I will bless you and make your descendants many. I will also give you land to live on. You will be the father of many nations.""",Dec 07 output,,22.027193408777485,3.985677924984254,4.951856946354884
So God created humans to be like himself; he made men and women.,"Anomanta, o ta nɛwɛnyina, ɡɛ tenten waa doa laanee o ta ba. Baa ne haahnee o ta.","The one who is not a man, the one who is not a woman, they say he is a spirit. They say he is a ghost.",Dec 10 output,,12.928564264956401,3.985677924984254,4.951856946354884
Get some good lumber and build a boat. Put rooms in it and cover it with tar inside and out.,"Anomanta, Nowa, ka nyin daa waa kpeɡa, dɛ́ kwaa dakajen waa won nee sie vala kɛŋɔ ɡbera, ásɛ dɛ bɔne o bini kɛŋɔ deene, ásɛ dɛ kpɔ kootal maa o bini ne o habɔɔ bwa.","Anomanta, Nowa, if you want to eat, go and fetch some food, because if you don't go and fetch it, you will be hungry, and if you are hungry, you will be weak.",Dec 10 output,,19.23589504684005,3.985677924984254,4.951856946354884
Any man who isn't circumcised hasn't kept his part of the promise and cannot be one of my people.,"Bɛlbwa waa wola o pen teŋe la ta n nɛra nɛɛ jae kpa, dɛkalkɛŋɔ o ta n fɔo la ta teŋɛ.”","The white man came to the town and took all the things, and he did not leave anything for the people.",Dec 10 output,,22.277835361604197,3.985677924984254,4.951856946354884
"But Laban told him, “If you really are my friend, stay on, and I'll pay whatever you ask. I'm sure the Lord has blessed me because of you.”","Gel n jemɛ kembɔr maa chɛ kɛ n kpɔ tɛɛ, ásɛ n nyin tɛɛ.”","If you are not careful, you will fall into trouble, and it will be difficult to get out.",Dec 10 output,,15.998419398100463,3.985677924984254,4.951856946354884
"And Jacob told them to be sure to say that he was right behind them. Jacob hoped the gifts would make Esau friendly, so Esau would be glad to see him when they met.","Hé berɛ ɡel ó jemɛ kɛŋɔ o bonɔɔ Jekɔb ɡe lɔ habɔɔ dɛɛ ba. Dɛ ń tɔ sie, dɛ́ kpɔ koŋkɛɛla nɔ ba tɛɛ, ásɛ mɔɔ o tel he be. Ásɛ dɛ he nao waa, he ken ɛɛ kpɔɔ kɛɔ.”","He said to Jacob, ""I will give you the land that I promised to your father. I will give it to you and your descendants after you. As for you, you must be strong and courageous. Do not be afraid, for I am with you; I will help you.""",Dec 10 output,,21.05835448292893,3.985677924984254,4.951856946354884
So God created humans to be like himself; he made men and women.,"Anomanta, o ta nɛwɛnyina, ɡɛ tenten waa doa laanee o ta ba. Baa ne haahnee o ta.","The one who is not a human, the one who is not a spirit, he will come to you. He will come to you.",john_7781CD93_output (6),,16.04732964318419,3.985677924984254,4.951856946354884
Get some good lumber and build a boat. Put rooms in it and cover it with tar inside and out.,"Anomanta, Nowa, ka nyin daa waa kpeɡa, dɛ́ kwaa dakajen waa won nee sie vala kɛŋɔ ɡbera, ásɛ dɛ bɔne o bini kɛŋɔ deene, ásɛ dɛ kpɔ kootal maa o bini ne o habɔɔ bwa.","Anomanta, Nowa, if you are going to speak, speak clearly so that we can understand you, because if you speak unclearly, we will not understand you.",john_7781CD93_output (6),,18.003716529218714,3.985677924984254,4.951856946354884
Any man who isn't circumcised hasn't kept his part of the promise and cannot be one of my people.,"Bɛlbwa waa wola o pen teŋe la ta n nɛra nɛɛ jae kpa, dɛkalkɛŋɔ o ta n fɔo la ta teŋɛ.”","The white man came to the village and said to them, ""I will give you money if you give me your land.""",john_7781CD93_output (6),,16.074557072727128,3.985677924984254,4.951856946354884
"But Laban told him, “If you really are my friend, stay on, and I'll pay whatever you ask. I'm sure the Lord has blessed me because of you.”","Gel n jemɛ kembɔr maa chɛ kɛ n kpɔ tɛɛ, ásɛ n nyin tɛɛ.”","If you don't want to work, you will not eat.",john_7781CD93_output (6),,9.725895339792459,3.985677924984254,4.951856946354884
"And Jacob told them to be sure to say that he was right behind them. Jacob hoped the gifts would make Esau friendly, so Esau would be glad to see him when they met.","Hé berɛ ɡel ó jemɛ kɛŋɔ o bonɔɔ Jekɔb ɡe lɔ habɔɔ dɛɛ ba. Dɛ ń tɔ sie, dɛ́ kpɔ koŋkɛɛla nɔ ba tɛɛ, ásɛ mɔɔ o tel he be. Ásɛ dɛ he nao waa, he ken ɛɛ kpɔɔ kɛɔ.”","He said to Jacob, ""I have seen that you are a man of great strength. I have also seen that you are a man of great courage. You are a man who is not afraid of anything. You are a man who is destined for great things.""",john_7781CD93_output (6),,19.6426677893286,3.985677924984254,4.951856946354884
So God created humans to be like himself; he made men and women.,"Anomanta, o ta nɛwɛnyina, ɡɛ tenten waa doa laanee o ta ba. Baa ne haahnee o ta.","The one who is a stranger, the one who is not from here, he should not be given anything. He should not be given anything at all.",gerhardt_25FFCBF7_output_DdErIM,,15.089414273204685,3.985677924984254,4.951856946354884
Get some good lumber and build a boat. Put rooms in it and cover it with tar inside and out.,"Anomanta, Nowa, ka nyin daa waa kpeɡa, dɛ́ kwaa dakajen waa won nee sie vala kɛŋɔ ɡbera, ásɛ dɛ bɔne o bini kɛŋɔ deene, ásɛ dɛ kpɔ kootal maa o bini ne o habɔɔ bwa.","Anomanta, Nowa, if you are going to be stubborn, then you will face the consequences. You will not be able to escape them, because you are the one who brought them upon yourself. You will have to face them alone.",gerhardt_25FFCBF7_output_DdErIM,,15.277871572987703,3.985677924984254,4.951856946354884
Any man who isn't circumcised hasn't kept his part of the promise and cannot be one of my people.,"Bɛlbwa waa wola o pen teŋe la ta n nɛra nɛɛ jae kpa, dɛkalkɛŋɔ o ta n fɔo la ta teŋɛ.”","The white man came to the village and said to them, ""I have come to teach you.""",gerhardt_25FFCBF7_output_DdErIM,,15.028626023784275,3.985677924984254,4.951856946354884
"But Laban told him, “If you really are my friend, stay on, and I'll pay whatever you ask. I'm sure the Lord has blessed me because of you.”","Gel n jemɛ kembɔr maa chɛ kɛ n kpɔ tɛɛ, ásɛ n nyin tɛɛ.”","If you have a problem, come and tell me so that I can help you.",gerhardt_25FFCBF7_output_DdErIM,,14.516229515419582,3.985677924984254,4.951856946354884
"And Jacob told them to be sure to say that he was right behind them. Jacob hoped the gifts would make Esau friendly, so Esau would be glad to see him when they met.","Hé berɛ ɡel ó jemɛ kɛŋɔ o bonɔɔ Jekɔb ɡe lɔ habɔɔ dɛɛ ba. Dɛ ń tɔ sie, dɛ́ kpɔ koŋkɛɛla nɔ ba tɛɛ, ásɛ mɔɔ o tel he be. Ásɛ dɛ he nao waa, he ken ɛɛ kpɔɔ kɛɔ.”","He said to me, ""I have seen Jacob, and he is a great man. If you go to him, he will surely help you. And if he does not help you, he will surely give you something.""",gerhardt_25FFCBF7_output_DdErIM,,21.012190943648925,3.985677924984254,4.951856946354884
So God created humans to be like himself; he made men and women.,"Anomanta, o ta nɛwɛnyina, ɡɛ tenten waa doa laanee o ta ba. Baa ne haahnee o ta.","The one who is not a child, the one who is not a child, let them go and do what they want. They are not children.",output_mich003,,15.567045342630037,3.985677924984254,4.951856946354884
Get some good lumber and build a boat. Put rooms in it and cover it with tar inside and out.,"Anomanta, Nowa, ka nyin daa waa kpeɡa, dɛ́ kwaa dakajen waa won nee sie vala kɛŋɔ ɡbera, ásɛ dɛ bɔne o bini kɛŋɔ deene, ásɛ dɛ kpɔ kootal maa o bini ne o habɔɔ bwa.","Anomanta, Nowa, if you want to go, go, but don't go and come back to tell us lies, because if you do, we will punish you severely, because we will not tolerate it.",output_mich003,,20.01652587814005,3.985677924984254,4.951856946354884
Any man who isn't circumcised hasn't kept his part of the promise and cannot be one of my people.,"Bɛlbwa waa wola o pen teŋe la ta n nɛra nɛɛ jae kpa, dɛkalkɛŋɔ o ta n fɔo la ta teŋɛ.”","The white man came to the town and said to them, ""I will give you money if you give me your land.""",output_mich003,,16.181218119015657,3.985677924984254,4.951856946354884
"But Laban told him, “If you really are my friend, stay on, and I'll pay whatever you ask. I'm sure the Lord has blessed me because of you.”","Gel n jemɛ kembɔr maa chɛ kɛ n kpɔ tɛɛ, ásɛ n nyin tɛɛ.”","If you want to eat, then you must work.",output_mich003,,9.990922656993744,3.985677924984254,4.951856946354884
"And Jacob told them to be sure to say that he was right behind them. Jacob hoped the gifts would make Esau friendly, so Esau would be glad to see him when they met.","Hé berɛ ɡel ó jemɛ kɛŋɔ o bonɔɔ Jekɔb ɡe lɔ habɔɔ dɛɛ ba. Dɛ ń tɔ sie, dɛ́ kpɔ koŋkɛɛla nɔ ba tɛɛ, ásɛ mɔɔ o tel he be. Ásɛ dɛ he nao waa, he ken ɛɛ kpɔɔ kɛɔ.”","He said to Jacob, ""I will give you this land, but you must be careful.  If you are not careful, you will be in trouble.  If you are careful, you will be blessed.  If you are not careful, you will be cursed.""",output_mich003,,16.54242891104534,3.985677924984254,4.951856946354884
So God created humans to be like himself; he made men and women.,"Anomanta, o ta nɛwɛnyina, ɡɛ tenten waa doa laanee o ta ba. Baa ne haahnee o ta.",,output_JA-6,,,3.985677924984254,4.951856946354884
Get some good lumber and build a boat. Put rooms in it and cover it with tar inside and out.,"Anomanta, Nowa, ka nyin daa waa kpeɡa, dɛ́ kwaa dakajen waa won nee sie vala kɛŋɔ ɡbera, ásɛ dɛ bɔne o bini kɛŋɔ deene, ásɛ dɛ kpɔ kootal maa o bini ne o habɔɔ bwa.",,output_JA-6,,,3.985677924984254,4.951856946354884
Any man who isn't circumcised hasn't kept his part of the promise and cannot be one of my people.,"Bɛlbwa waa wola o pen teŋe la ta n nɛra nɛɛ jae kpa, dɛkalkɛŋɔ o ta n fɔo la ta teŋɛ.”",,output_JA-6,,,3.985677924984254,4.951856946354884
"But Laban told him, “If you really are my friend, stay on, and I'll pay whatever you ask. I'm sure the Lord has blessed me because of you.”","Gel n jemɛ kembɔr maa chɛ kɛ n kpɔ tɛɛ, ásɛ n nyin tɛɛ.”",,output_JA-6,,,3.985677924984254,4.951856946354884
"And Jacob told them to be sure to say that he was right behind them. Jacob hoped the gifts would make Esau friendly, so Esau would be glad to see him when they met.","Hé berɛ ɡel ó jemɛ kɛŋɔ o bonɔɔ Jekɔb ɡe lɔ habɔɔ dɛɛ ba. Dɛ ń tɔ sie, dɛ́ kpɔ koŋkɛɛla nɔ ba tɛɛ, ásɛ mɔɔ o tel he be. Ásɛ dɛ he nao waa, he ken ɛɛ kpɔɔ kɛɔ.”",,output_JA-6,,,3.985677924984254,4.951856946354884
So God created humans to be like himself; he made men and women.,"Anomanta, o ta nɛwɛnyina, ɡɛ tenten waa doa laanee o ta ba. Baa ne haahnee o ta.","The one who is not a child, the one who is not a young person, should not be given a child's portion. He should not be given a child's portion.",Dec 03 output,,12.976891907181672,3.985677924984254,4.951856946354884
Get some good lumber and build a boat. Put rooms in it and cover it with tar inside and out.,"Anomanta, Nowa, ka nyin daa waa kpeɡa, dɛ́ kwaa dakajen waa won nee sie vala kɛŋɔ ɡbera, ásɛ dɛ bɔne o bini kɛŋɔ deene, ásɛ dɛ kpɔ kootal maa o bini ne o habɔɔ bwa.","Anomanta, Nowa, if you want to be successful, you must work hard and be persistent. Do not give up easily, even when things are difficult. Remember that success comes to those who persevere.",Dec 03 output,,19.73019765580539,3.985677924984254,4.951856946354884
Any man who isn't circumcised hasn't kept his part of the promise and cannot be one of my people.,"Bɛlbwa waa wola o pen teŋe la ta n nɛra nɛɛ jae kpa, dɛkalkɛŋɔ o ta n fɔo la ta teŋɛ.”","The white man came to the village and took away the children, leaving only the old people behind.",Dec 03 output,,19.53010212522761,3.985677924984254,4.951856946354884
"But Laban told him, “If you really are my friend, stay on, and I'll pay whatever you ask. I'm sure the Lord has blessed me because of you.”","Gel n jemɛ kembɔr maa chɛ kɛ n kpɔ tɛɛ, ásɛ n nyin tɛɛ.”","If you want to eat, you must work.",Dec 03 output,,8.662881077792104,3.985677924984254,4.951856946354884
"And Jacob told them to be sure to say that he was right behind them. Jacob hoped the gifts would make Esau friendly, so Esau would be glad to see him when they met.","Hé berɛ ɡel ó jemɛ kɛŋɔ o bonɔɔ Jekɔb ɡe lɔ habɔɔ dɛɛ ba. Dɛ ń tɔ sie, dɛ́ kpɔ koŋkɛɛla nɔ ba tɛɛ, ásɛ mɔɔ o tel he be. Ásɛ dɛ he nao waa, he ken ɛɛ kpɔɔ kɛɔ.”","He said to Jacob, ""I will give you a blessing, but you must be careful. Do not sleep with your sister-in-law. If you do, you will be cursed.""",Dec 03 output,,15.982956929761821,3.985677924984254,4.951856946354884
So God created humans to be like himself; he made men and women.,"Anomanta, o ta nɛwɛnyina, ɡɛ tenten waa doa laanee o ta ba. Baa ne haahnee o ta.","The one who is not a child, let him come and eat. Let him come and eat.",Dec 09 output,,17.86776459069048,3.985677924984254,4.951856946354884
Get some good lumber and build a boat. Put rooms in it and cover it with tar inside and out.,"Anomanta, Nowa, ka nyin daa waa kpeɡa, dɛ́ kwaa dakajen waa won nee sie vala kɛŋɔ ɡbera, ásɛ dɛ bɔne o bini kɛŋɔ deene, ásɛ dɛ kpɔ kootal maa o bini ne o habɔɔ bwa.","Anomanta, Nowa, if you want to go, go. Don't let anyone tell you what to do, because you are the one who will face the consequences. Don't let anyone tell you what to do, because you are the one who will suffer.",Dec 09 output,,14.293146654258877,3.985677924984254,4.951856946354884
Any man who isn't circumcised hasn't kept his part of the promise and cannot be one of my people.,"Bɛlbwa waa wola o pen teŋe la ta n nɛra nɛɛ jae kpa, dɛkalkɛŋɔ o ta n fɔo la ta teŋɛ.”","The white man came to the village and said to them, ""I want to buy your land.""",Dec 09 output,,14.624721848210157,3.985677924984254,4.951856946354884
"But Laban told him, “If you really are my friend, stay on, and I'll pay whatever you ask. I'm sure the Lord has blessed me because of you.”","Gel n jemɛ kembɔr maa chɛ kɛ n kpɔ tɛɛ, ásɛ n nyin tɛɛ.”","If you want to eat, then you must work.",Dec 09 output,,9.990922656993744,3.985677924984254,4.951856946354884
"And Jacob told them to be sure to say that he was right behind them. Jacob hoped the gifts would make Esau friendly, so Esau would be glad to see him when they met.","Hé berɛ ɡel ó jemɛ kɛŋɔ o bonɔɔ Jekɔb ɡe lɔ habɔɔ dɛɛ ba. Dɛ ń tɔ sie, dɛ́ kpɔ koŋkɛɛla nɔ ba tɛɛ, ásɛ mɔɔ o tel he be. Ásɛ dɛ he nao waa, he ken ɛɛ kpɔɔ kɛɔ.”","He said to me, ""I will give you a gift, Jacob, because you have been obedient to me.  If you are obedient, you will be blessed, and if you are not obedient, you will be cursed.""",Dec 09 output,,18.739491668982662,3.985677924984254,4.951856946354884
"She quickly lowered the jar from her shoulder and said, “Have a drink. Then I'll get water for your camels.” So I drank, and after that she got some water for my camels.","Belaa o ɛ warane dɛ choɡ o nee la dɛ ŋɔ n nyɔ, asɛ n nyɔ. Asɛ o ka dɔ ane ba tɛ nyoɡmare la ɡe a nyɔ.","If you want to know what I am saying, ask me. I will tell you what I am saying. If you want to know what I am saying, ask me.",output_onesimus007,0.28119588,13.484930762582264,3.985677924984254,4.951856946354884
"Rebekah still had no children. So Isaac asked the Lord to let her have a child, and the Lord answered his prayer.",Dɛ hambaraa. Asɛ Aesek soŋe Korowii o haah Rebɛka kpoŋe tea.,The woman is called Rebecca. She is the wife of Aesek Korowii.,output_onesimus007,0.3747061,12.592687441894565,3.985677924984254,4.951856946354884
"“I agree to that,” was Laban's response.","Anee Laban ŋɔ, “N sɛh ɡɛ. Yaa ɛ ɡɛ haa bola nɔɔ.”","Anee Laban said, ""I am going. Yaa is going to the market.""",output_onesimus007,0.3841222,21.397692562111082,3.985677924984254,4.951856946354884
Then she took Esau's best clothes and put them on Jacob.,O kpɔ Esɔ bonɔnlaala ba do Jekɔb.,The Lord appeared to Jacob.,output_onesimus007,0.49589002,15.314775173284358,3.985677924984254,4.951856946354884
"You and this woman will hate each other; your descendants and hers will always be enemies. One of hers will strike you on the head, and you will strike him on the heel.”","Mɛɛ kpɔ danchɔɡee ta he ne haah la baah ta, ásɛ he naanar ne o naanar hah dɔŋa dɛɛ la. Saŋ bɛlbwa waa nae la, wɛɛ paɡre he nyuu, ásɛ he ɡe choɡe o nalume.”","If you want to eat, go and fetch it yourself, because you are not the one who planted it. If you want to eat, go and work, because you are not the one who owns it.",output_onesimus007,0.24221668,19.303628481840377,3.985677924984254,4.951856946354884
So God created humans to be like himself; he made men and women.,"Anomanta, o ta nɛwɛnyina, ɡɛ tenten waa doa laanee o ta ba. Baa ne haahnee o ta.","The one who is not a child, the one who is not a young person, let them go and do what they want. Let them be free.",john_1C6E69D4_output (8),,15.780338796721981,3.985677924984254,4.951856946354884
Get some good lumber and build a boat. Put rooms in it and cover it with tar inside and out.,"Anomanta, Nowa, ka nyin daa waa kpeɡa, dɛ́ kwaa dakajen waa won nee sie vala kɛŋɔ ɡbera, ásɛ dɛ bɔne o bini kɛŋɔ deene, ásɛ dɛ kpɔ kootal maa o bini ne o habɔɔ bwa.","Anomanta, Nowa, if you want to go, go, but don't forget to tell me where you are going, so that I can know. And if you go to a place where there are many people, don't forget to tell me so that I can come and see you.",john_1C6E69D4_output (8),,16.84831517724575,3.985677924984254,4.951856946354884
Any man who isn't circumcised hasn't kept his part of the promise and cannot be one of my people.,"Bɛlbwa waa wola o pen teŋe la ta n nɛra nɛɛ jae kpa, dɛkalkɛŋɔ o ta n fɔo la ta teŋɛ.”","The white man came to the town and said that he wanted to buy the land, but the people said no, they would not sell it to him.",john_1C6E69D4_output (8),,20.043819626032004,3.985677924984254,4.951856946354884
"But Laban told him, “If you really are my friend, stay on, and I'll pay whatever you ask. I'm sure the Lord has blessed me because of you.”","Gel n jemɛ kembɔr maa chɛ kɛ n kpɔ tɛɛ, ásɛ n nyin tɛɛ.”","If you want to eat, then you must work.",john_1C6E69D4_output (8),,9.990922656993744,3.985677924984254,4.951856946354884
"And Jacob told them to be sure to say that he was right behind them. Jacob hoped the gifts would make Esau friendly, so Esau would be glad to see him when they met.","Hé berɛ ɡel ó jemɛ kɛŋɔ o bonɔɔ Jekɔb ɡe lɔ habɔɔ dɛɛ ba. Dɛ ń tɔ sie, dɛ́ kpɔ koŋkɛɛla nɔ ba tɛɛ, ásɛ mɔɔ o tel he be. Ásɛ dɛ he nao waa, he ken ɛɛ kpɔɔ kɛɔ.”","He said to me, ""I have seen Jacob, and he is a strong man. When I was there, I saw him wrestling with an angel. I also saw that he was blessed by God. And he said to me, 'Go and tell your people.'""",john_1C6E69D4_output (8),,24.48499981287261,3.985677924984254,4.951856946354884
So God created humans to be like himself; he made men and women.,"Anomanta, o ta nɛwɛnyina, ɡɛ tenten waa doa laanee o ta ba. Baa ne haahnee o ta.","Anomanta, the one who is always there, he is the one who will help you. He will always be there for you.",output_johnayernor,,13.795978963113791,3.985677924984254,4.951856946354884
Get some good lumber and build a boat. Put rooms in it and cover it with tar inside and out.,"Anomanta, Nowa, ka nyin daa waa kpeɡa, dɛ́ kwaa dakajen waa won nee sie vala kɛŋɔ ɡbera, ásɛ dɛ bɔne o bini kɛŋɔ deene, ásɛ dɛ kpɔ kootal maa o bini ne o habɔɔ bwa.","Anomanta, Nowa, if you want to go, go quickly, because if you stay here, you will be caught, and if you are caught, you will be punished severely.",output_johnayernor,,16.683696117586287,3.985677924984254,4.951856946354884
Any man who isn't circumcised hasn't kept his part of the promise and cannot be one of my people.,"Bɛlbwa waa wola o pen teŋe la ta n nɛra nɛɛ jae kpa, dɛkalkɛŋɔ o ta n fɔo la ta teŋɛ.”","The white man came to the village and said to them, ""I want to buy your land.""",output_johnayernor,,14.624721848210157,3.985677924984254,4.951856946354884
"But Laban told him, “If you really are my friend, stay on, and I'll pay whatever you ask. I'm sure the Lord has blessed me because of you.”","Gel n jemɛ kembɔr maa chɛ kɛ n kpɔ tɛɛ, ásɛ n nyin tɛɛ.”","If you want to eat, you must work.",output_johnayernor,,8.662881077792104,3.985677924984254,4.951856946354884
"And Jacob told them to be sure to say that he was right behind them. Jacob hoped the gifts would make Esau friendly, so Esau would be glad to see him when they met.","Hé berɛ ɡel ó jemɛ kɛŋɔ o bonɔɔ Jekɔb ɡe lɔ habɔɔ dɛɛ ba. Dɛ ń tɔ sie, dɛ́ kpɔ koŋkɛɛla nɔ ba tɛɛ, ásɛ mɔɔ o tel he be. Ásɛ dɛ he nao waa, he ken ɛɛ kpɔɔ kɛɔ.”","He said to me, ""I have seen Jacob, and he has come to live in this place. When I go, I will return to him. I will not leave him alone. When he is old, I will be with him.""",output_johnayernor,,20.155486507868503,3.985677924984254,4.951856946354884
So God created humans to be like himself; he made men and women.,"Anomanta, o ta nɛwɛnyina, ɡɛ tenten waa doa laanee o ta ba. Baa ne haahnee o ta.","The one who is not a child, he should not be given what belongs to a child. He should not be treated like a child.",Dec 11 output,,20.68870371203609,3.985677924984254,4.951856946354884
Get some good lumber and build a boat. Put rooms in it and cover it with tar inside and out.,"Anomanta, Nowa, ka nyin daa waa kpeɡa, dɛ́ kwaa dakajen waa won nee sie vala kɛŋɔ ɡbera, ásɛ dɛ bɔne o bini kɛŋɔ deene, ásɛ dɛ kpɔ kootal maa o bini ne o habɔɔ bwa.","Anomanta, Nowa, if you want to go, go, but don't go and come back to tell us lies, because if you do, we will beat you, and we will not let you go again.",Dec 11 output,,18.92363682120985,3.985677924984254,4.951856946354884
Any man who isn't circumcised hasn't kept his part of the promise and cannot be one of my people.,"Bɛlbwa waa wola o pen teŋe la ta n nɛra nɛɛ jae kpa, dɛkalkɛŋɔ o ta n fɔo la ta teŋɛ.”","The white man came to the village and took all the food, leaving nothing for them to eat.",Dec 11 output,,16.195839954948944,3.985677924984254,4.951856946354884
"But Laban told him, “If you really are my friend, stay on, and I'll pay whatever you ask. I'm sure the Lord has blessed me because of you.”","Gel n jemɛ kembɔr maa chɛ kɛ n kpɔ tɛɛ, ásɛ n nyin tɛɛ.”","I will not let you take my things, because they are mine.",Dec 11 output,,15.34407235561567,3.985677924984254,4.951856946354884
"And Jacob told them to be sure to say that he was right behind them. Jacob hoped the gifts would make Esau friendly, so Esau would be glad to see him when they met.","Hé berɛ ɡel ó jemɛ kɛŋɔ o bonɔɔ Jekɔb ɡe lɔ habɔɔ dɛɛ ba. Dɛ ń tɔ sie, dɛ́ kpɔ koŋkɛɛla nɔ ba tɛɛ, ásɛ mɔɔ o tel he be. Ásɛ dɛ he nao waa, he ken ɛɛ kpɔɔ kɛɔ.”","He said to me, ""I will tell you about Jacob. He was a man who was very cunning. When he saw that his brother was angry with him, he ran away. But he did not stay away for long. He returned and tricked his brother again.""",Dec 11 output,,22.860503419334513,3.985677924984254,4.951856946354884
So God created humans to be like himself; he made men and women.,"Anomanta, o ta nɛwɛnyina, ɡɛ tenten waa doa laanee o ta ba. Baa ne haahnee o ta.","The one who is not a woman, the one who is not a man, the one who is neither, is the one who is free.",gerhardt_0445F08A_output_T9n53N,,13.810980224003863,3.985677924984254,4.951856946354884
Get some good lumber and build a boat. Put rooms in it and cover it with tar inside and out.,"Anomanta, Nowa, ka nyin daa waa kpeɡa, dɛ́ kwaa dakajen waa won nee sie vala kɛŋɔ ɡbera, ásɛ dɛ bɔne o bini kɛŋɔ deene, ásɛ dɛ kpɔ kootal maa o bini ne o habɔɔ bwa.","Anomanta, Nowa, if you want to go, go, but don't forget to tell me where you are going, so that I can know. Don't go and leave me here alone, don't go and leave me without knowing where you are going.",gerhardt_0445F08A_output_T9n53N,,18.529906650055498,3.985677924984254,4.951856946354884
Any man who isn't circumcised hasn't kept his part of the promise and cannot be one of my people.,"Bɛlbwa waa wola o pen teŋe la ta n nɛra nɛɛ jae kpa, dɛkalkɛŋɔ o ta n fɔo la ta teŋɛ.”","The white man came to the village and said to them, ""I will give you a gift, but you must give me something in return.""",gerhardt_0445F08A_output_T9n53N,,16.293520102937016,3.985677924984254,4.951856946354884
"But Laban told him, “If you really are my friend, stay on, and I'll pay whatever you ask. I'm sure the Lord has blessed me because of you.”","Gel n jemɛ kembɔr maa chɛ kɛ n kpɔ tɛɛ, ásɛ n nyin tɛɛ.”","I will not do anything bad to you, because you are my friend.",gerhardt_0445F08A_output_T9n53N,,20.77048923546029,3.985677924984254,4.951856946354884
"And Jacob told them to be sure to say that he was right behind them. Jacob hoped the gifts would make Esau friendly, so Esau would be glad to see him when they met.","Hé berɛ ɡel ó jemɛ kɛŋɔ o bonɔɔ Jekɔb ɡe lɔ habɔɔ dɛɛ ba. Dɛ ń tɔ sie, dɛ́ kpɔ koŋkɛɛla nɔ ba tɛɛ, ásɛ mɔɔ o tel he be. Ásɛ dɛ he nao waa, he ken ɛɛ kpɔɔ kɛɔ.”","He said to Jacob, ""I have seen that you are a good man. I will bless you and make your descendants as numerous as the stars in the sky. I will give you and your descendants all this land that I have shown you. And in your offspring all the nations of the earth will be blessed.""",gerhardt_0445F08A_output_T9n53N,,23.555552374812603,3.985677924984254,4.951856946354884
So God created humans to be like himself; he made men and women.,"Anomanta, o ta nɛwɛnyina, ɡɛ tenten waa doa laanee o ta ba. Baa ne haahnee o ta.","The one who is not a human, the one who is not a spirit, he is the one who is going to kill you. He will kill you.",gerhardt_60BC0D18_output (8),,13.956617636156654,3.985677924984254,4.951856946354884
Get some good lumber and build a boat. Put rooms in it and cover it with tar inside and out.,"Anomanta, Nowa, ka nyin daa waa kpeɡa, dɛ́ kwaa dakajen waa won nee sie vala kɛŋɔ ɡbera, ásɛ dɛ bɔne o bini kɛŋɔ deene, ásɛ dɛ kpɔ kootal maa o bini ne o habɔɔ bwa.","Anomanta, Nowa, if you want to be a good person, do not be greedy, because greed leads to evil. If you want to be a good person, do not be selfish, because selfishness leads to harm.",gerhardt_60BC0D18_output (8),,17.143647639608993,3.985677924984254,4.951856946354884
Any man who isn't circumcised hasn't kept his part of the promise and cannot be one of my people.,"Bɛlbwa waa wola o pen teŋe la ta n nɛra nɛɛ jae kpa, dɛkalkɛŋɔ o ta n fɔo la ta teŋɛ.”","The white man came to the village and said to them, ""I will give you money if you give me your land.""",gerhardt_60BC0D18_output (8),,16.074557072727128,3.985677924984254,4.951856946354884
"But Laban told him, “If you really are my friend, stay on, and I'll pay whatever you ask. I'm sure the Lord has blessed me because of you.”","Gel n jemɛ kembɔr maa chɛ kɛ n kpɔ tɛɛ, ásɛ n nyin tɛɛ.”","If you are going to steal, steal well, so that people will not know.",gerhardt_60BC0D18_output (8),,13.33619758333477,3.985677924984254,4.951856946354884
"And Jacob told them to be sure to say that he was right behind them. Jacob hoped the gifts would make Esau friendly, so Esau would be glad to see him when they met.","Hé berɛ ɡel ó jemɛ kɛŋɔ o bonɔɔ Jekɔb ɡe lɔ habɔɔ dɛɛ ba. Dɛ ń tɔ sie, dɛ́ kpɔ koŋkɛɛla nɔ ba tɛɛ, ásɛ mɔɔ o tel he be. Ásɛ dɛ he nao waa, he ken ɛɛ kpɔɔ kɛɔ.”","He said to Jacob, ""I will bless you and make you fruitful, and I will multiply your descendants as the stars of heaven. I will give to you and your descendants all these lands, and I will establish the oath which I swore to your father Abraham. And your descendants shall possess the gate of their enemies.""",gerhardt_60BC0D18_output (8),,23.750712764122614,3.985677924984254,4.951856946354884
So God created humans to be like himself; he made men and women.,"Anomanta, o ta nɛwɛnyina, ɡɛ tenten waa doa laanee o ta ba. Baa ne haahnee o ta.","The one who is not a man, the one who is not a woman, they say he is a spirit. They say he is a ghost.",onesimus_BAB3F503_Dec 10 output,,12.928564264956401,3.985677924984254,4.951856946354884
Get some good lumber and build a boat. Put rooms in it and cover it with tar inside and out.,"Anomanta, Nowa, ka nyin daa waa kpeɡa, dɛ́ kwaa dakajen waa won nee sie vala kɛŋɔ ɡbera, ásɛ dɛ bɔne o bini kɛŋɔ deene, ásɛ dɛ kpɔ kootal maa o bini ne o habɔɔ bwa.","Anomanta, Nowa, if you want to eat, go and fetch some food, because if you don't go and fetch it, you will be hungry, and if you are hungry, you will be weak.",onesimus_BAB3F503_Dec 10 output,,19.23589504684005,3.985677924984254,4.951856946354884
Any man who isn't circumcised hasn't kept his part of the promise and cannot be one of my people.,"Bɛlbwa waa wola o pen teŋe la ta n nɛra nɛɛ jae kpa, dɛkalkɛŋɔ o ta n fɔo la ta teŋɛ.”","The white man came to the town and took all the things, and he did not leave anything for the people.",onesimus_BAB3F503_Dec 10 output,,22.277835361604197,3.985677924984254,4.951856946354884
"But Laban told him, “If you really are my friend, stay on, and I'll pay whatever you ask. I'm sure the Lord has blessed me because of you.”","Gel n jemɛ kembɔr maa chɛ kɛ n kpɔ tɛɛ, ásɛ n nyin tɛɛ.”","If you are not careful, you will fall into trouble, and it will be difficult to get out.",onesimus_BAB3F503_Dec 10 output,,15.998419398100463,3.985677924984254,4.951856946354884
"And Jacob told them to be sure to say that he was right behind them. Jacob hoped the gifts would make Esau friendly, so Esau would be glad to see him when they met.","Hé berɛ ɡel ó jemɛ kɛŋɔ o bonɔɔ Jekɔb ɡe lɔ habɔɔ dɛɛ ba. Dɛ ń tɔ sie, dɛ́ kpɔ koŋkɛɛla nɔ ba tɛɛ, ásɛ mɔɔ o tel he be. Ásɛ dɛ he nao waa, he ken ɛɛ kpɔɔ kɛɔ.”","He said to Jacob, ""I will give you the land that I promised to your father. I will give it to you and your descendants after you. As for you, you must be strong and courageous. Do not be afraid, for I am with you; I will help you.""",onesimus_BAB3F503_Dec 10 output,,21.05835448292893,3.985677924984254,4.951856946354884
So God created humans to be like himself; he made men and women.,"Anomanta, o ta nɛwɛnyina, ɡɛ tenten waa doa laanee o ta ba. Baa ne haahnee o ta.","The one who is not a friend, the one who is not a brother, the one who does not love you, that one is not your friend.  He is not your brother.",onesimus_AE3F5661_Dec 08 output,,12.045875585253919,3.985677924984254,4.951856946354884
Get some good lumber and build a boat. Put rooms in it and cover it with tar inside and out.,"Anomanta, Nowa, ka nyin daa waa kpeɡa, dɛ́ kwaa dakajen waa won nee sie vala kɛŋɔ ɡbera, ásɛ dɛ bɔne o bini kɛŋɔ deene, ásɛ dɛ kpɔ kootal maa o bini ne o habɔɔ bwa.","Anomanta, Nowa, if you want to go, go. But don't go and come back with a bad story, because if you do, I will not let you come back again. I will not allow you to come back and tell lies.",onesimus_AE3F5661_Dec 08 output,,19.863460002894378,3.985677924984254,4.951856946354884
Any man who isn't circumcised hasn't kept his part of the promise and cannot be one of my people.,"Bɛlbwa waa wola o pen teŋe la ta n nɛra nɛɛ jae kpa, dɛkalkɛŋɔ o ta n fɔo la ta teŋɛ.”","The white man came to the village and said to them, ""I want to buy your land.""",onesimus_AE3F5661_Dec 08 output,,14.624721848210157,3.985677924984254,4.951856946354884
"But Laban told him, “If you really are my friend, stay on, and I'll pay whatever you ask. I'm sure the Lord has blessed me because of you.”","Gel n jemɛ kembɔr maa chɛ kɛ n kpɔ tɛɛ, ásɛ n nyin tɛɛ.”","If you have a problem, come and tell me so that I can help you.",onesimus_AE3F5661_Dec 08 output,,14.516229515419582,3.985677924984254,4.951856946354884
"And Jacob told them to be sure to say that he was right behind them. Jacob hoped the gifts would make Esau friendly, so Esau would be glad to see him when they met.","Hé berɛ ɡel ó jemɛ kɛŋɔ o bonɔɔ Jekɔb ɡe lɔ habɔɔ dɛɛ ba. Dɛ ń tɔ sie, dɛ́ kpɔ koŋkɛɛla nɔ ba tɛɛ, ásɛ mɔɔ o tel he be. Ásɛ dɛ he nao waa, he ken ɛɛ kpɔɔ kɛɔ.”","He said to Jacob, ""I will give you a blessing, but you will not be able to bear children. If you do, you will have many children, but they will not be able to bear children. And so it will be with your descendants. They will be unable to have children.""",onesimus_AE3F5661_Dec 08 output,,20.70294519363794,3.985677924984254,4.951856946354884
So God created humans to be like himself; he made men and women.,"Anomanta, o ta nɛwɛnyina, ɡɛ tenten waa doa laanee o ta ba. Baa ne haahnee o ta.","The one who is not a child, the one who is not a young person, should not be given a child's portion.  He should be given a portion like an adult.",onesimus_A84A9EF3_Dec 04 output,,15.570089825887981,3.985677924984254,4.951856946354884
Get some good lumber and build a boat. Put rooms in it and cover it with tar inside and out.,"Anomanta, Nowa, ka nyin daa waa kpeɡa, dɛ́ kwaa dakajen waa won nee sie vala kɛŋɔ ɡbera, ásɛ dɛ bɔne o bini kɛŋɔ deene, ásɛ dɛ kpɔ kootal maa o bini ne o habɔɔ bwa.","Anomanta, Nowa, if you are going to speak, speak clearly so that we can understand you, otherwise, just keep quiet.",onesimus_A84A9EF3_Dec 04 output,,18.566585016512597,3.985677924984254,4.951856946354884
Any man who isn't circumcised hasn't kept his part of the promise and cannot be one of my people.,"Bɛlbwa waa wola o pen teŋe la ta n nɛra nɛɛ jae kpa, dɛkalkɛŋɔ o ta n fɔo la ta teŋɛ.”","The white man came to the village and said to them, ""I want to buy your land.""",onesimus_A84A9EF3_Dec 04 output,,14.624721848210157,3.985677924984254,4.951856946354884
"But Laban told him, “If you really are my friend, stay on, and I'll pay whatever you ask. I'm sure the Lord has blessed me because of you.”","Gel n jemɛ kembɔr maa chɛ kɛ n kpɔ tɛɛ, ásɛ n nyin tɛɛ.”","If you want to eat, then you must work.",onesimus_A84A9EF3_Dec 04 output,,9.990922656993744,3.985677924984254,4.951856946354884
"And Jacob told them to be sure to say that he was right behind them. Jacob hoped the gifts would make Esau friendly, so Esau would be glad to see him when they met.","Hé berɛ ɡel ó jemɛ kɛŋɔ o bonɔɔ Jekɔb ɡe lɔ habɔɔ dɛɛ ba. Dɛ ń tɔ sie, dɛ́ kpɔ koŋkɛɛla nɔ ba tɛɛ, ásɛ mɔɔ o tel he be. Ásɛ dɛ he nao waa, he ken ɛɛ kpɔɔ kɛɔ.”","He said to Jacob, ""I have seen that you are a good man. I will bless you and make you fruitful, and I will make your descendants a great nation. I will be with you and will bless you. I will multiply your descendants as the stars of heaven and will give to your descendants all these lands; and in your seed all the nations of the earth shall be blessed.""",onesimus_A84A9EF3_Dec 04 output,,21.81455168518344,3.985677924984254,4.951856946354884
So God created humans to be like himself; he made men and women.,"Anomanta, o ta nɛwɛnyina, ɡɛ tenten waa doa laanee o ta ba. Baa ne haahnee o ta.","The one who is not afraid, he who is brave, he will be the one to go. He will be the one to lead.",gerhardt_34E1778F_output (7),,13.029043191338696,3.985677924984254,4.951856946354884
Get some good lumber and build a boat. Put rooms in it and cover it with tar inside and out.,"Anomanta, Nowa, ka nyin daa waa kpeɡa, dɛ́ kwaa dakajen waa won nee sie vala kɛŋɔ ɡbera, ásɛ dɛ bɔne o bini kɛŋɔ deene, ásɛ dɛ kpɔ kootal maa o bini ne o habɔɔ bwa.","Anomanta, Nowa, if you want to go, go, but don't go and come back to tell me lies, because if you do, I will punish you severely, and I will not spare you, even if you beg me.",gerhardt_34E1778F_output (7),,19.68418793062051,3.985677924984254,4.951856946354884
Any man who isn't circumcised hasn't kept his part of the promise and cannot be one of my people.,"Bɛlbwa waa wola o pen teŋe la ta n nɛra nɛɛ jae kpa, dɛkalkɛŋɔ o ta n fɔo la ta teŋɛ.”","The white man came to the village and said to them, ""I will give you a gift, but you must give me something in return.""",gerhardt_34E1778F_output (7),,16.293520102937016,3.985677924984254,4.951856946354884
"But Laban told him, “If you really are my friend, stay on, and I'll pay whatever you ask. I'm sure the Lord has blessed me because of you.”","Gel n jemɛ kembɔr maa chɛ kɛ n kpɔ tɛɛ, ásɛ n nyin tɛɛ.”","If you want to eat, you must work.",gerhardt_34E1778F_output (7),,8.662881077792104,3.985677924984254,4.951856946354884
"And Jacob told them to be sure to say that he was right behind them. Jacob hoped the gifts would make Esau friendly, so Esau would be glad to see him when they met.","Hé berɛ ɡel ó jemɛ kɛŋɔ o bonɔɔ Jekɔb ɡe lɔ habɔɔ dɛɛ ba. Dɛ ń tɔ sie, dɛ́ kpɔ koŋkɛɛla nɔ ba tɛɛ, ásɛ mɔɔ o tel he be. Ásɛ dɛ he nao waa, he ken ɛɛ kpɔɔ kɛɔ.”","He said to me, ""I have seen Jacob, and he is a great man. I will tell you about him. When he was young, he was a shepherd, but he became a great leader.""",gerhardt_34E1778F_output (7),,20.010114713085702,3.985677924984254,4.951856946354884
So God created humans to be like himself; he made men and women.,"Anomanta, o ta nɛwɛnyina, ɡɛ tenten waa doa laanee o ta ba. Baa ne haahnee o ta.",,output_JA-5,,,3.985677924984254,4.951856946354884
Get some good lumber and build a boat. Put rooms in it and cover it with tar inside and out.,"Anomanta, Nowa, ka nyin daa waa kpeɡa, dɛ́ kwaa dakajen waa won nee sie vala kɛŋɔ ɡbera, ásɛ dɛ bɔne o bini kɛŋɔ deene, ásɛ dɛ kpɔ kootal maa o bini ne o habɔɔ bwa.",,output_JA-5,,,3.985677924984254,4.951856946354884
Any man who isn't circumcised hasn't kept his part of the promise and cannot be one of my people.,"Bɛlbwa waa wola o pen teŋe la ta n nɛra nɛɛ jae kpa, dɛkalkɛŋɔ o ta n fɔo la ta teŋɛ.”",,output_JA-5,,,3.985677924984254,4.951856946354884
"But Laban told him, “If you really are my friend, stay on, and I'll pay whatever you ask. I'm sure the Lord has blessed me because of you.”","Gel n jemɛ kembɔr maa chɛ kɛ n kpɔ tɛɛ, ásɛ n nyin tɛɛ.”",,output_JA-5,,,3.985677924984254,4.951856946354884
"And Jacob told them to be sure to say that he was right behind them. Jacob hoped the gifts would make Esau friendly, so Esau would be glad to see him when they met.","Hé berɛ ɡel ó jemɛ kɛŋɔ o bonɔɔ Jekɔb ɡe lɔ habɔɔ dɛɛ ba. Dɛ ń tɔ sie, dɛ́ kpɔ koŋkɛɛla nɔ ba tɛɛ, ásɛ mɔɔ o tel he be. Ásɛ dɛ he nao waa, he ken ɛɛ kpɔɔ kɛɔ.”",,output_JA-5,,,3.985677924984254,4.951856946354884
So God created humans to be like himself; he made men and women.,"Anomanta, o ta nɛwɛnyina, ɡɛ tenten waa doa laanee o ta ba. Baa ne haahnee o ta.","The one who is not afraid, the one who is not afraid, let him come and see you. He will not be afraid of you.",john_86344B85_output (7),,16.57560737875168,3.985677924984254,4.951856946354884
Get some good lumber and build a boat. Put rooms in it and cover it with tar inside and out.,"Anomanta, Nowa, ka nyin daa waa kpeɡa, dɛ́ kwaa dakajen waa won nee sie vala kɛŋɔ ɡbera, ásɛ dɛ bɔne o bini kɛŋɔ deene, ásɛ dɛ kpɔ kootal maa o bini ne o habɔɔ bwa.","Anomanta, Nowa, if you want to go, go, but don't forget to bring back something for me, something good, something that will make me happy, something that will make me feel good.",john_86344B85_output (7),,18.16757448581083,3.985677924984254,4.951856946354884
Any man who isn't circumcised hasn't kept his part of the promise and cannot be one of my people.,"Bɛlbwa waa wola o pen teŋe la ta n nɛra nɛɛ jae kpa, dɛkalkɛŋɔ o ta n fɔo la ta teŋɛ.”","The white man came with a pen to write on the paper, but he did not write anything.",john_86344B85_output (7),,17.999039520810754,3.985677924984254,4.951856946354884
"But Laban told him, “If you really are my friend, stay on, and I'll pay whatever you ask. I'm sure the Lord has blessed me because of you.”","Gel n jemɛ kembɔr maa chɛ kɛ n kpɔ tɛɛ, ásɛ n nyin tɛɛ.”","If you want to eat, then you must work.",john_86344B85_output (7),,9.990922656993744,3.985677924984254,4.951856946354884
"And Jacob told them to be sure to say that he was right behind them. Jacob hoped the gifts would make Esau friendly, so Esau would be glad to see him when they met.","Hé berɛ ɡel ó jemɛ kɛŋɔ o bonɔɔ Jekɔb ɡe lɔ habɔɔ dɛɛ ba. Dɛ ń tɔ sie, dɛ́ kpɔ koŋkɛɛla nɔ ba tɛɛ, ásɛ mɔɔ o tel he be. Ásɛ dɛ he nao waa, he ken ɛɛ kpɔɔ kɛɔ.”","He said to Jacob, ""I have seen that you are a good man. I will bless you and make your descendants as numerous as the stars in the sky. I will give you and your descendants all this land that I have shown you. And in your descendants all the nations of the earth will be blessed.""",john_86344B85_output (7),,23.045925759412864,3.985677924984254,4.951856946354884
So God created humans to be like himself; he made men and women.,"Anomanta, o ta nɛwɛnyina, ɡɛ tenten waa doa laanee o ta ba. Baa ne haahnee o ta.","The one who is a thief, the one who steals, he will be punished. He will be caught.",output_JA-1,,13.731362508983413,3.985677924984254,4.951856946354884
Get some good lumber and build a boat. Put rooms in it and cover it with tar inside and out.,"Anomanta, Nowa, ka nyin daa waa kpeɡa, dɛ́ kwaa dakajen waa won nee sie vala kɛŋɔ ɡbera, ásɛ dɛ bɔne o bini kɛŋɔ deene, ásɛ dɛ kpɔ kootal maa o bini ne o habɔɔ bwa.","Anomanta, Nowa, if you want to go, go quickly, because the people are already waiting for you, and they will not wait long. If you do not go now, they will come and take you away.",output_JA-1,,17.857709661872956,3.985677924984254,4.951856946354884
Any man who isn't circumcised hasn't kept his part of the promise and cannot be one of my people.,"Bɛlbwa waa wola o pen teŋe la ta n nɛra nɛɛ jae kpa, dɛkalkɛŋɔ o ta n fɔo la ta teŋɛ.”","The white man came to the town and said to the people, ""I have come to bring you peace.""",output_JA-1,,20.259454504543243,3.985677924984254,4.951856946354884
"But Laban told him, “If you really are my friend, stay on, and I'll pay whatever you ask. I'm sure the Lord has blessed me because of you.”","Gel n jemɛ kembɔr maa chɛ kɛ n kpɔ tɛɛ, ásɛ n nyin tɛɛ.”","If you want to eat, you must work.",output_JA-1,,8.662881077792104,3.985677924984254,4.951856946354884
"And Jacob told them to be sure to say that he was right behind them. Jacob hoped the gifts would make Esau friendly, so Esau would be glad to see him when they met.","Hé berɛ ɡel ó jemɛ kɛŋɔ o bonɔɔ Jekɔb ɡe lɔ habɔɔ dɛɛ ba. Dɛ ń tɔ sie, dɛ́ kpɔ koŋkɛɛla nɔ ba tɛɛ, ásɛ mɔɔ o tel he be. Ásɛ dɛ he nao waa, he ken ɛɛ kpɔɔ kɛɔ.”","He said to Jacob, ""I will give you a blessing, but you will not be able to bear children. If you are patient, you will have many children, and I will bless you. But if you are not patient, you will not have children.""",output_JA-1,,19.04516320935987,3.985677924984254,4.951856946354884
So God created humans to be like himself; he made men and women.,"Anomanta, o ta nɛwɛnyina, ɡɛ tenten waa doa laanee o ta ba. Baa ne haahnee o ta.","Anomanta, the one who is always kind, may God bless her. She is always good to us.",Dec 05 output,,15.88901733718481,3.985677924984254,4.951856946354884
Get some good lumber and build a boat. Put rooms in it and cover it with tar inside and out.,"Anomanta, Nowa, ka nyin daa waa kpeɡa, dɛ́ kwaa dakajen waa won nee sie vala kɛŋɔ ɡbera, ásɛ dɛ bɔne o bini kɛŋɔ deene, ásɛ dɛ kpɔ kootal maa o bini ne o habɔɔ bwa.","Anomanta, Nowa, if you want to go, go. But don't forget what I told you, don't go and do something bad. Don't go and do something that will make me ashamed.",Dec 05 output,,18.23419375860753,3.985677924984254,4.951856946354884
Any man who isn't circumcised hasn't kept his part of the promise and cannot be one of my people.,"Bɛlbwa waa wola o pen teŋe la ta n nɛra nɛɛ jae kpa, dɛkalkɛŋɔ o ta n fɔo la ta teŋɛ.”","The white man came to the village to take the children, but the people did not allow him.",Dec 05 output,,18.64221061807198,3.985677924984254,4.951856946354884
"But Laban told him, “If you really are my friend, stay on, and I'll pay whatever you ask. I'm sure the Lord has blessed me because of you.”","Gel n jemɛ kembɔr maa chɛ kɛ n kpɔ tɛɛ, ásɛ n nyin tɛɛ.”","If you want to eat, you must work.",Dec 05 output,,8.662881077792104,3.985677924984254,4.951856946354884
"And Jacob told them to be sure to say that he was right behind them. Jacob hoped the gifts would make Esau friendly, so Esau would be glad to see him when they met.","Hé berɛ ɡel ó jemɛ kɛŋɔ o bonɔɔ Jekɔb ɡe lɔ habɔɔ dɛɛ ba. Dɛ ń tɔ sie, dɛ́ kpɔ koŋkɛɛla nɔ ba tɛɛ, ásɛ mɔɔ o tel he be. Ásɛ dɛ he nao waa, he ken ɛɛ kpɔɔ kɛɔ.”","He said to Jacob, ""I will give you a blessing, and I will make you fruitful and multiply you. I will make you a great nation, and I will bless you; I will make your name great, and you shall be a blessing. I will bless those who bless you, and whoever curses you I will curse; and all peoples on earth shall be blessed through you.""",Dec 05 output,,19.46667247987382,3.985677924984254,4.951856946354884
So God created humans to be like himself; he made men and women.,"Anomanta, o ta nɛwɛnyina, ɡɛ tenten waa doa laanee o ta ba. Baa ne haahnee o ta.","The one who is not a child, let them go to the market and buy something for themselves. They should not ask for anything from you.",onesimus_C968674F_Dec 07 output,,19.047699296656024,3.985677924984254,4.951856946354884
Get some good lumber and build a boat. Put rooms in it and cover it with tar inside and out.,"Anomanta, Nowa, ka nyin daa waa kpeɡa, dɛ́ kwaa dakajen waa won nee sie vala kɛŋɔ ɡbera, ásɛ dɛ bɔne o bini kɛŋɔ deene, ásɛ dɛ kpɔ kootal maa o bini ne o habɔɔ bwa.","Anomanta, Nowa, if you want to go, go, but don't come back here again, because if you come back, I will beat you, and I will not spare you.",onesimus_C968674F_Dec 07 output,,17.44002017631133,3.985677924984254,4.951856946354884
Any man who isn't circumcised hasn't kept his part of the promise and cannot be one of my people.,"Bɛlbwa waa wola o pen teŋe la ta n nɛra nɛɛ jae kpa, dɛkalkɛŋɔ o ta n fɔo la ta teŋɛ.”","The white man came to the village and asked for a woman to marry, but the village elders refused.",onesimus_C968674F_Dec 07 output,,17.17842912879555,3.985677924984254,4.951856946354884
"But Laban told him, “If you really are my friend, stay on, and I'll pay whatever you ask. I'm sure the Lord has blessed me because of you.”","Gel n jemɛ kembɔr maa chɛ kɛ n kpɔ tɛɛ, ásɛ n nyin tɛɛ.”","If you want to eat, then you must work.",onesimus_C968674F_Dec 07 output,,9.990922656993744,3.985677924984254,4.951856946354884
"And Jacob told them to be sure to say that he was right behind them. Jacob hoped the gifts would make Esau friendly, so Esau would be glad to see him when they met.","Hé berɛ ɡel ó jemɛ kɛŋɔ o bonɔɔ Jekɔb ɡe lɔ habɔɔ dɛɛ ba. Dɛ ń tɔ sie, dɛ́ kpɔ koŋkɛɛla nɔ ba tɛɛ, ásɛ mɔɔ o tel he be. Ásɛ dɛ he nao waa, he ken ɛɛ kpɔɔ kɛɔ.”","He said to Jacob, ""I have seen that you are a good man. I will bless you and make your descendants many. I will also give you land to live on. You will be the father of many nations.""",onesimus_C968674F_Dec 07 output,,22.027193408777485,3.985677924984254,4.951856946354884
So God created humans to be like himself; he made men and women.,"Anomanta, o ta nɛwɛnyina, ɡɛ tenten waa doa laanee o ta ba. Baa ne haahnee o ta.","The one who is not a woman, the one who is not a man, that one is the one who will be the leader. That one is the one who will be the one to lead.",john_C52DEBBB_output (10),,15.239401898271268,3.985677924984254,4.951856946354884
Get some good lumber and build a boat. Put rooms in it and cover it with tar inside and out.,"Anomanta, Nowa, ka nyin daa waa kpeɡa, dɛ́ kwaa dakajen waa won nee sie vala kɛŋɔ ɡbera, ásɛ dɛ bɔne o bini kɛŋɔ deene, ásɛ dɛ kpɔ kootal maa o bini ne o habɔɔ bwa.","Anomanta, Nowa, if you want to go, go, but don't let anyone know you are going, and don't tell anyone where you are going, and don't let anyone know where you are staying.",john_C52DEBBB_output (10),,15.918408666652716,3.985677924984254,4.951856946354884
Any man who isn't circumcised hasn't kept his part of the promise and cannot be one of my people.,"Bɛlbwa waa wola o pen teŋe la ta n nɛra nɛɛ jae kpa, dɛkalkɛŋɔ o ta n fɔo la ta teŋɛ.”","The white man came to the village and said to them, ""I will give you a gift.""",john_C52DEBBB_output (10),,14.221631347547431,3.985677924984254,4.951856946354884
"But Laban told him, “If you really are my friend, stay on, and I'll pay whatever you ask. I'm sure the Lord has blessed me because of you.”","Gel n jemɛ kembɔr maa chɛ kɛ n kpɔ tɛɛ, ásɛ n nyin tɛɛ.”","If you want to eat, you must work.",john_C52DEBBB_output (10),,8.662881077792104,3.985677924984254,4.951856946354884
"And Jacob told them to be sure to say that he was right behind them. Jacob hoped the gifts would make Esau friendly, so Esau would be glad to see him when they met.","Hé berɛ ɡel ó jemɛ kɛŋɔ o bonɔɔ Jekɔb ɡe lɔ habɔɔ dɛɛ ba. Dɛ ń tɔ sie, dɛ́ kpɔ koŋkɛɛla nɔ ba tɛɛ, ásɛ mɔɔ o tel he be. Ásɛ dɛ he nao waa, he ken ɛɛ kpɔɔ kɛɔ.”","He said to me, ""I have seen Jacob's son, and he is a strong man. If I were to fight him, I would not be able to defeat him. He is very strong. If he were to fight me, I would be defeated.""",john_C52DEBBB_output (10),,24.646084753122782,3.985677924984254,4.951856946354884
So God created humans to be like himself; he made men and women.,"Anomanta, o ta nɛwɛnyina, ɡɛ tenten waa doa laanee o ta ba. Baa ne haahnee o ta.","The one who is always in a hurry, he will not get anything. He will only be tired.",gerhardt_62CB5CC1_output (4),,13.47657881688686,3.985677924984254,4.951856946354884
Get some good lumber and build a boat. Put rooms in it and cover it with tar inside and out.,"Anomanta, Nowa, ka nyin daa waa kpeɡa, dɛ́ kwaa dakajen waa won nee sie vala kɛŋɔ ɡbera, ásɛ dɛ bɔne o bini kɛŋɔ deene, ásɛ dɛ kpɔ kootal maa o bini ne o habɔɔ bwa.","Anomanta, Nowa, if you want to be successful, you must work hard, because success does not come easily. It requires effort and dedication. You must be persistent and never give up.",gerhardt_62CB5CC1_output (4),,19.885315829207943,3.985677924984254,4.951856946354884
Any man who isn't circumcised hasn't kept his part of the promise and cannot be one of my people.,"Bɛlbwa waa wola o pen teŋe la ta n nɛra nɛɛ jae kpa, dɛkalkɛŋɔ o ta n fɔo la ta teŋɛ.”","The white man came to the village and said to them, ""I will give you a gift, but you must promise me that you will not tell anyone.""",gerhardt_62CB5CC1_output (4),,21.786440448493412,3.985677924984254,4.951856946354884
"But Laban told him, “If you really are my friend, stay on, and I'll pay whatever you ask. I'm sure the Lord has blessed me because of you.”","Gel n jemɛ kembɔr maa chɛ kɛ n kpɔ tɛɛ, ásɛ n nyin tɛɛ.”","If you have not seen the world, you will not know its beauty.",gerhardt_62CB5CC1_output (4),,12.983081854115872,3.985677924984254,4.951856946354884
"And Jacob told them to be sure to say that he was right behind them. Jacob hoped the gifts would make Esau friendly, so Esau would be glad to see him when they met.","Hé berɛ ɡel ó jemɛ kɛŋɔ o bonɔɔ Jekɔb ɡe lɔ habɔɔ dɛɛ ba. Dɛ ń tɔ sie, dɛ́ kpɔ koŋkɛɛla nɔ ba tɛɛ, ásɛ mɔɔ o tel he be. Ásɛ dɛ he nao waa, he ken ɛɛ kpɔɔ kɛɔ.”","He said to me, ""I have seen Jacob, and he has come to fight with me. But I will not let him go until he blesses me. And he said to me, 'Let me go, for it is getting late.'""",gerhardt_62CB5CC1_output (4),,20.626169057733186,3.985677924984254,4.951856946354884
So God created humans to be like himself; he made men and women.,"Anomanta, o ta nɛwɛnyina, ɡɛ tenten waa doa laanee o ta ba. Baa ne haahnee o ta.","The one who is not a child, the one who is not a young person, should not be given a child's portion.  He should be given a portion like an adult.",Dec 04 output,,15.570089825887981,3.985677924984254,4.951856946354884
Get some good lumber and build a boat. Put rooms in it and cover it with tar inside and out.,"Anomanta, Nowa, ka nyin daa waa kpeɡa, dɛ́ kwaa dakajen waa won nee sie vala kɛŋɔ ɡbera, ásɛ dɛ bɔne o bini kɛŋɔ deene, ásɛ dɛ kpɔ kootal maa o bini ne o habɔɔ bwa.","Anomanta, Nowa, if you are going to speak, speak clearly so that we can understand you, otherwise, just keep quiet.",Dec 04 output,,18.566585016512597,3.985677924984254,4.951856946354884
Any man who isn't circumcised hasn't kept his part of the promise and cannot be one of my people.,"Bɛlbwa waa wola o pen teŋe la ta n nɛra nɛɛ jae kpa, dɛkalkɛŋɔ o ta n fɔo la ta teŋɛ.”","The white man came to the village and said to them, ""I want to buy your land.""",Dec 04 output,,14.624721848210157,3.985677924984254,4.951856946354884
"But Laban told him, “If you really are my friend, stay on, and I'll pay whatever you ask. I'm sure the Lord has blessed me because of you.”","Gel n jemɛ kembɔr maa chɛ kɛ n kpɔ tɛɛ, ásɛ n nyin tɛɛ.”","If you want to eat, then you must work.",Dec 04 output,,9.990922656993744,3.985677924984254,4.951856946354884
"And Jacob told them to be sure to say that he was right behind them. Jacob hoped the gifts would make Esau friendly, so Esau would be glad to see him when they met.","Hé berɛ ɡel ó jemɛ kɛŋɔ o bonɔɔ Jekɔb ɡe lɔ habɔɔ dɛɛ ba. Dɛ ń tɔ sie, dɛ́ kpɔ koŋkɛɛla nɔ ba tɛɛ, ásɛ mɔɔ o tel he be. Ásɛ dɛ he nao waa, he ken ɛɛ kpɔɔ kɛɔ.”","He said to Jacob, ""I have seen that you are a good man. I will bless you and make you fruitful, and I will make your descendants a great nation. I will be with you and will bless you. I will multiply your descendants as the stars of heaven and will give to your descendants all these lands; and in your seed all the nations of the earth shall be blessed.""",Dec 04 output,,21.81455168518344,3.985677924984254,4.951856946354884
So God created humans to be like himself; he made men and women.,"Anomanta, o ta nɛwɛnyina, ɡɛ tenten waa doa laanee o ta ba. Baa ne haahnee o ta.","The one who is not a child, the one who is not a young person, let him go and do what he wants. Let him do what he wants.",gerhardt_676E558A_output (6),,14.448278139869,3.985677924984254,4.951856946354884
Get some good lumber and build a boat. Put rooms in it and cover it with tar inside and out.,"Anomanta, Nowa, ka nyin daa waa kpeɡa, dɛ́ kwaa dakajen waa won nee sie vala kɛŋɔ ɡbera, ásɛ dɛ bɔne o bini kɛŋɔ deene, ásɛ dɛ kpɔ kootal maa o bini ne o habɔɔ bwa.","Anomanta, Nowa, if you want to go, go, but don't let anyone know, don't tell anyone, and don't let anyone see you. Don't let anyone know where you are going, and don't let anyone know what you are doing.",gerhardt_676E558A_output (6),,15.009317304698977,3.985677924984254,4.951856946354884
Any man who isn't circumcised hasn't kept his part of the promise and cannot be one of my people.,"Bɛlbwa waa wola o pen teŋe la ta n nɛra nɛɛ jae kpa, dɛkalkɛŋɔ o ta n fɔo la ta teŋɛ.”","The white man came to the village and said to them, ""I have come to bring you peace.""",gerhardt_676E558A_output (6),,16.356748574331586,3.985677924984254,4.951856946354884
"But Laban told him, “If you really are my friend, stay on, and I'll pay whatever you ask. I'm sure the Lord has blessed me because of you.”","Gel n jemɛ kembɔr maa chɛ kɛ n kpɔ tɛɛ, ásɛ n nyin tɛɛ.”","If you want to eat, you must work.",gerhardt_676E558A_output (6),,8.662881077792104,3.985677924984254,4.951856946354884
"And Jacob told them to be sure to say that he was right behind them. Jacob hoped the gifts would make Esau friendly, so Esau would be glad to see him when they met.","Hé berɛ ɡel ó jemɛ kɛŋɔ o bonɔɔ Jekɔb ɡe lɔ habɔɔ dɛɛ ba. Dɛ ń tɔ sie, dɛ́ kpɔ koŋkɛɛla nɔ ba tɛɛ, ásɛ mɔɔ o tel he be. Ásɛ dɛ he nao waa, he ken ɛɛ kpɔɔ kɛɔ.”","He said to Jacob, ""I have seen that you are a good man, and I will bless you. I will make you fruitful and multiply your descendants. I will give you and your descendants the land that I promised to Abraham your father. And I will be with you and bless you.""",gerhardt_676E558A_output (6),,23.120227320902387,3.985677924984254,4.951856946354884
So God created humans to be like himself; he made men and women.,"Anomanta, o ta nɛwɛnyina, ɡɛ tenten waa doa laanee o ta ba. Baa ne haahnee o ta.","Anomanta, the one who is always kind, he is the one who will help you. He will always be there for you.",gerhardt_107423D8_output (9),,14.710839842997405,3.985677924984254,4.951856946354884
Get some good lumber and build a boat. Put rooms in it and cover it with tar inside and out.,"Anomanta, Nowa, ka nyin daa waa kpeɡa, dɛ́ kwaa dakajen waa won nee sie vala kɛŋɔ ɡbera, ásɛ dɛ bɔne o bini kɛŋɔ deene, ásɛ dɛ kpɔ kootal maa o bini ne o habɔɔ bwa.","Anomanta, Nowa, if you are going to do something, do it well, because if you do it poorly, it will be a shame. If you are going to do something, do it well and do it with all your heart.",gerhardt_107423D8_output (9),,21.41376556057967,3.985677924984254,4.951856946354884
Any man who isn't circumcised hasn't kept his part of the promise and cannot be one of my people.,"Bɛlbwa waa wola o pen teŋe la ta n nɛra nɛɛ jae kpa, dɛkalkɛŋɔ o ta n fɔo la ta teŋɛ.”","The white man came to the village and said, ""I will give you a gift, if you will give me your land.""",gerhardt_107423D8_output (9),,14.203134381348907,3.985677924984254,4.951856946354884
"But Laban told him, “If you really are my friend, stay on, and I'll pay whatever you ask. I'm sure the Lord has blessed me because of you.”","Gel n jemɛ kembɔr maa chɛ kɛ n kpɔ tɛɛ, ásɛ n nyin tɛɛ.”","If you want to eat, you must work.",gerhardt_107423D8_output (9),,8.662881077792104,3.985677924984254,4.951856946354884
"And Jacob told them to be sure to say that he was right behind them. Jacob hoped the gifts would make Esau friendly, so Esau would be glad to see him when they met.","Hé berɛ ɡel ó jemɛ kɛŋɔ o bonɔɔ Jekɔb ɡe lɔ habɔɔ dɛɛ ba. Dɛ ń tɔ sie, dɛ́ kpɔ koŋkɛɛla nɔ ba tɛɛ, ásɛ mɔɔ o tel he be. Ásɛ dɛ he nao waa, he ken ɛɛ kpɔɔ kɛɔ.”","He said to me, ""Jacob is a liar. He is a man who deceives. When I was with him, he deceived me. I will not let him deceive me again.""",gerhardt_107423D8_output (9),,15.981410876878076,3.985677924984254,4.951856946354884
So God created humans to be like himself; he made men and women.,"Anomanta, o ta nɛwɛnyina, ɡɛ tenten waa doa laanee o ta ba. Baa ne haahnee o ta.","The one who is not a thief, let him not steal. He who is not a thief, let him not steal.",gerhardt_E4F773B6_output (3),,13.637313650196582,3.985677924984254,4.951856946354884
Get some good lumber and build a boat. Put rooms in it and cover it with tar inside and out.,"Anomanta, Nowa, ka nyin daa waa kpeɡa, dɛ́ kwaa dakajen waa won nee sie vala kɛŋɔ ɡbera, ásɛ dɛ bɔne o bini kɛŋɔ deene, ásɛ dɛ kpɔ kootal maa o bini ne o habɔɔ bwa.","Anomanta, Nowa, if you want to go, go, but don't go and cause trouble, because if you do, I will not be responsible for what happens to you, and I will not protect you.",gerhardt_E4F773B6_output (3),,18.63326974535228,3.985677924984254,4.951856946354884
Any man who isn't circumcised hasn't kept his part of the promise and cannot be one of my people.,"Bɛlbwa waa wola o pen teŋe la ta n nɛra nɛɛ jae kpa, dɛkalkɛŋɔ o ta n fɔo la ta teŋɛ.”","The white man came to the village to take the children, but the elders said no, they would not give them up.",gerhardt_E4F773B6_output (3),,14.728514133963857,3.985677924984254,4.951856946354884
"But Laban told him, “If you really are my friend, stay on, and I'll pay whatever you ask. I'm sure the Lord has blessed me because of you.”","Gel n jemɛ kembɔr maa chɛ kɛ n kpɔ tɛɛ, ásɛ n nyin tɛɛ.”","If you want to eat, then you must work.",gerhardt_E4F773B6_output (3),,9.990922656993744,3.985677924984254,4.951856946354884
"And Jacob told them to be sure to say that he was right behind them. Jacob hoped the gifts would make Esau friendly, so Esau would be glad to see him when they met.","Hé berɛ ɡel ó jemɛ kɛŋɔ o bonɔɔ Jekɔb ɡe lɔ habɔɔ dɛɛ ba. Dɛ ń tɔ sie, dɛ́ kpɔ koŋkɛɛla nɔ ba tɛɛ, ásɛ mɔɔ o tel he be. Ásɛ dɛ he nao waa, he ken ɛɛ kpɔɔ kɛɔ.”","He said to them, ""I will show you something.  If you see it, you will know that I am Jacob.  If you do not see it, you will know that I am not Jacob.""",gerhardt_E4F773B6_output (3),,18.868520379697312,3.985677924984254,4.951856946354884
So God created humans to be like himself; he made men and women.,"Anomanta, o ta nɛwɛnyina, ɡɛ tenten waa doa laanee o ta ba. Baa ne haahnee o ta.","The one who is always truthful, he is the one who will always be with you. He will always be your friend.",john_B0DBB2CB_output (4),,12.296563626916651,3.985677924984254,4.951856946354884
Get some good lumber and build a boat. Put rooms in it and cover it with tar inside and out.,"Anomanta, Nowa, ka nyin daa waa kpeɡa, dɛ́ kwaa dakajen waa won nee sie vala kɛŋɔ ɡbera, ásɛ dɛ bɔne o bini kɛŋɔ deene, ásɛ dɛ kpɔ kootal maa o bini ne o habɔɔ bwa.","Anomanta, Nowa, if you want to eat, you should go and gather some food, because if you don't, you will be hungry and your stomach will be empty.",john_B0DBB2CB_output (4),,19.24625820926675,3.985677924984254,4.951856946354884
Any man who isn't circumcised hasn't kept his part of the promise and cannot be one of my people.,"Bɛlbwa waa wola o pen teŋe la ta n nɛra nɛɛ jae kpa, dɛkalkɛŋɔ o ta n fɔo la ta teŋɛ.”","The white man came to the village to steal our things, but he was caught and beaten.",john_B0DBB2CB_output (4),,14.608951569371753,3.985677924984254,4.951856946354884
"But Laban told him, “If you really are my friend, stay on, and I'll pay whatever you ask. I'm sure the Lord has blessed me because of you.”","Gel n jemɛ kembɔr maa chɛ kɛ n kpɔ tɛɛ, ásɛ n nyin tɛɛ.”","If you are going to do something, do it well, so that you will not regret it later.",john_B0DBB2CB_output (4),,14.519348929035797,3.985677924984254,4.951856946354884
"And Jacob told them to be sure to say that he was right behind them. Jacob hoped the gifts would make Esau friendly, so Esau would be glad to see him when they met.","Hé berɛ ɡel ó jemɛ kɛŋɔ o bonɔɔ Jekɔb ɡe lɔ habɔɔ dɛɛ ba. Dɛ ń tɔ sie, dɛ́ kpɔ koŋkɛɛla nɔ ba tɛɛ, ásɛ mɔɔ o tel he be. Ásɛ dɛ he nao waa, he ken ɛɛ kpɔɔ kɛɔ.”","He said to Jacob, ""I will give you this land, and your descendants after you. And I will give you many descendants, so that they will be like the stars in the sky and the sand on the seashore. Your descendants will possess the land of Canaan, which I will give to Abraham, your father.""",john_B0DBB2CB_output (4),,23.466087589286072,3.985677924984254,4.951856946354884
So God created humans to be like himself; he made men and women.,"Anomanta, o ta nɛwɛnyina, ɡɛ tenten waa doa laanee o ta ba. Baa ne haahnee o ta.","The one who is not a man, the one who is not a woman, that one is the one who will come to you. That one is the one who will be your guide.",gerhardt_E32D1C1E_output_mzX2S5,,15.474912531859703,3.985677924984254,4.951856946354884
Get some good lumber and build a boat. Put rooms in it and cover it with tar inside and out.,"Anomanta, Nowa, ka nyin daa waa kpeɡa, dɛ́ kwaa dakajen waa won nee sie vala kɛŋɔ ɡbera, ásɛ dɛ bɔne o bini kɛŋɔ deene, ásɛ dɛ kpɔ kootal maa o bini ne o habɔɔ bwa.","Anomanta, Nowa, if you are going to speak, speak clearly so that we can understand you, otherwise, do not speak at all.",gerhardt_E32D1C1E_output_mzX2S5,,18.040750865162355,3.985677924984254,4.951856946354884
Any man who isn't circumcised hasn't kept his part of the promise and cannot be one of my people.,"Bɛlbwa waa wola o pen teŋe la ta n nɛra nɛɛ jae kpa, dɛkalkɛŋɔ o ta n fɔo la ta teŋɛ.”","The white man came to the village and said to them, ""I will give you a gift, but you must give me something in return.""",gerhardt_E32D1C1E_output_mzX2S5,,16.293520102937016,3.985677924984254,4.951856946354884
"But Laban told him, “If you really are my friend, stay on, and I'll pay whatever you ask. I'm sure the Lord has blessed me because of you.”","Gel n jemɛ kembɔr maa chɛ kɛ n kpɔ tɛɛ, ásɛ n nyin tɛɛ.”","If you are not careful, you will be caught.",gerhardt_E32D1C1E_output_mzX2S5,,11.319291122708593,3.985677924984254,4.951856946354884
"And Jacob told them to be sure to say that he was right behind them. Jacob hoped the gifts would make Esau friendly, so Esau would be glad to see him when they met.","Hé berɛ ɡel ó jemɛ kɛŋɔ o bonɔɔ Jekɔb ɡe lɔ habɔɔ dɛɛ ba. Dɛ ń tɔ sie, dɛ́ kpɔ koŋkɛɛla nɔ ba tɛɛ, ásɛ mɔɔ o tel he be. Ásɛ dɛ he nao waa, he ken ɛɛ kpɔɔ kɛɔ.”","He said to Jacob, ""I have seen that you are a man of great strength. I have also seen that you are a man of great wisdom. I have also seen that you are a man of great courage. I have also seen that you are a man of great faith. I have also seen that you are a man of great love. I have also seen that you are a man of great compassion. I have also seen that you are a man of great integrity. I have also seen that you are a man of great honor. I have also seen that you are a man of great humility. I have also seen that you are a man of great goodness. I have also seen that you are a man of great righteousness. I have also seen that you are a man of great holiness. I have also seen that you are a man of great power. I have also seen that you are a man of great glory. I have also seen that you are a man of great destiny.",gerhardt_E32D1C1E_output_mzX2S5,,13.016052329098148,3.985677924984254,4.951856946354884
So God created humans to be like himself; he made men and women.,"Anomanta, o ta nɛwɛnyina, ɡɛ tenten waa doa laanee o ta ba. Baa ne haahnee o ta.","The one who is not a child, he should not be treated like a child. He should be treated like an adult.",gerhardt_145C11AE_output (2),,20.45125952751085,3.985677924984254,4.951856946354884
Get some good lumber and build a boat. Put rooms in it and cover it with tar inside and out.,"Anomanta, Nowa, ka nyin daa waa kpeɡa, dɛ́ kwaa dakajen waa won nee sie vala kɛŋɔ ɡbera, ásɛ dɛ bɔne o bini kɛŋɔ deene, ásɛ dɛ kpɔ kootal maa o bini ne o habɔɔ bwa.","Anomanta, Nowa, if you are going to speak, speak clearly so that we can understand you, because if you speak unclearly, we will not know what you are saying.",gerhardt_145C11AE_output (2),,17.10187199811475,3.985677924984254,4.951856946354884
Any man who isn't circumcised hasn't kept his part of the promise and cannot be one of my people.,"Bɛlbwa waa wola o pen teŋe la ta n nɛra nɛɛ jae kpa, dɛkalkɛŋɔ o ta n fɔo la ta teŋɛ.”","The white man came to the town and said to them, ""I will give you something to eat.""",gerhardt_145C11AE_output (2),,15.294265010927571,3.985677924984254,4.951856946354884
"But Laban told him, “If you really are my friend, stay on, and I'll pay whatever you ask. I'm sure the Lord has blessed me because of you.”","Gel n jemɛ kembɔr maa chɛ kɛ n kpɔ tɛɛ, ásɛ n nyin tɛɛ.”","If you have a problem, come and tell me so that I can help you.",gerhardt_145C11AE_output (2),,14.516229515419582,3.985677924984254,4.951856946354884
"And Jacob told them to be sure to say that he was right behind them. Jacob hoped the gifts would make Esau friendly, so Esau would be glad to see him when they met.","Hé berɛ ɡel ó jemɛ kɛŋɔ o bonɔɔ Jekɔb ɡe lɔ habɔɔ dɛɛ ba. Dɛ ń tɔ sie, dɛ́ kpɔ koŋkɛɛla nɔ ba tɛɛ, ásɛ mɔɔ o tel he be. Ásɛ dɛ he nao waa, he ken ɛɛ kpɔɔ kɛɔ.”","He said to me, ""I will give you a gift, Jacob, because you have been obedient. And when you are old, you will be strong and powerful, and you will have many children. And when your time comes, you will be great.""",gerhardt_145C11AE_output (2),,21.546670293068296,3.985677924984254,4.951856946354884
So God created humans to be like himself; he made men and women.,"Anomanta, o ta nɛwɛnyina, ɡɛ tenten waa doa laanee o ta ba. Baa ne haahnee o ta.","The one who is not a child, let him go and do what he wants. He is not a child anymore.",gerhardt_087BEB88_output_loRIsq,,14.916263056511173,3.985677924984254,4.951856946354884
Get some good lumber and build a boat. Put rooms in it and cover it with tar inside and out.,"Anomanta, Nowa, ka nyin daa waa kpeɡa, dɛ́ kwaa dakajen waa won nee sie vala kɛŋɔ ɡbera, ásɛ dɛ bɔne o bini kɛŋɔ deene, ásɛ dɛ kpɔ kootal maa o bini ne o habɔɔ bwa.","Anomanta, Nowa, if you are going to speak, speak clearly so that we can understand you, because if you speak unclearly, we will not know what you are saying.",gerhardt_087BEB88_output_loRIsq,,17.10187199811475,3.985677924984254,4.951856946354884
Any man who isn't circumcised hasn't kept his part of the promise and cannot be one of my people.,"Bɛlbwa waa wola o pen teŋe la ta n nɛra nɛɛ jae kpa, dɛkalkɛŋɔ o ta n fɔo la ta teŋɛ.”","The child went to the well to fetch water, but he fell in and drowned.",gerhardt_087BEB88_output_loRIsq,,13.051087310563764,3.985677924984254,4.951856946354884
"But Laban told him, “If you really are my friend, stay on, and I'll pay whatever you ask. I'm sure the Lord has blessed me because of you.”","Gel n jemɛ kembɔr maa chɛ kɛ n kpɔ tɛɛ, ásɛ n nyin tɛɛ.”","If you want to eat, you must work.",gerhardt_087BEB88_output_loRIsq,,8.662881077792104,3.985677924984254,4.951856946354884
"And Jacob told them to be sure to say that he was right behind them. Jacob hoped the gifts would make Esau friendly, so Esau would be glad to see him when they met.","Hé berɛ ɡel ó jemɛ kɛŋɔ o bonɔɔ Jekɔb ɡe lɔ habɔɔ dɛɛ ba. Dɛ ń tɔ sie, dɛ́ kpɔ koŋkɛɛla nɔ ba tɛɛ, ásɛ mɔɔ o tel he be. Ásɛ dɛ he nao waa, he ken ɛɛ kpɔɔ kɛɔ.”","He said to Jacob, ""I will give you this land, and I will bless you and your descendants after you. I will make your descendants as numerous as the stars in the sky and will give them all this land, and in your descendants all the nations of the earth will be blessed.""",gerhardt_087BEB88_output_loRIsq,,21.586022190452823,3.985677924984254,4.951856946354884
So God created humans to be like himself; he made men and women.,"Anomanta, o ta nɛwɛnyina, ɡɛ tenten waa doa laanee o ta ba. Baa ne haahnee o ta.","The one who is not a child, the one who is not a young person, should not be given food, because they are not hungry.",john_C904F397_output (2),,14.161723687110392,3.985677924984254,4.951856946354884
Get some good lumber and build a boat. Put rooms in it and cover it with tar inside and out.,"Anomanta, Nowa, ka nyin daa waa kpeɡa, dɛ́ kwaa dakajen waa won nee sie vala kɛŋɔ ɡbera, ásɛ dɛ bɔne o bini kɛŋɔ deene, ásɛ dɛ kpɔ kootal maa o bini ne o habɔɔ bwa.","Anomanta, Nowa, if you are going to eat, eat well, so that you will not be hungry again, because if you do not eat well, you will not have the strength to work.",john_C904F397_output (2),,16.927382815411733,3.985677924984254,4.951856946354884
Any man who isn't circumcised hasn't kept his part of the promise and cannot be one of my people.,"Bɛlbwa waa wola o pen teŋe la ta n nɛra nɛɛ jae kpa, dɛkalkɛŋɔ o ta n fɔo la ta teŋɛ.”","The white man came to the village to take the children to work, so they took him to the river to teach him.",john_C904F397_output (2),,14.59702214235975,3.985677924984254,4.951856946354884
"But Laban told him, “If you really are my friend, stay on, and I'll pay whatever you ask. I'm sure the Lord has blessed me because of you.”","Gel n jemɛ kembɔr maa chɛ kɛ n kpɔ tɛɛ, ásɛ n nyin tɛɛ.”","If you want to eat, you must work.",john_C904F397_output (2),,8.662881077792104,3.985677924984254,4.951856946354884
"And Jacob told them to be sure to say that he was right behind them. Jacob hoped the gifts would make Esau friendly, so Esau would be glad to see him when they met.","Hé berɛ ɡel ó jemɛ kɛŋɔ o bonɔɔ Jekɔb ɡe lɔ habɔɔ dɛɛ ba. Dɛ ń tɔ sie, dɛ́ kpɔ koŋkɛɛla nɔ ba tɛɛ, ásɛ mɔɔ o tel he be. Ásɛ dɛ he nao waa, he ken ɛɛ kpɔɔ kɛɔ.”","He said to me, ""I am going to Jacob's house to see him. When I get there, I will tell him about you. If he asks me who you are, I will tell him that you sent me.""",john_C904F397_output (2),,22.991888569708742,3.985677924984254,4.951856946354884
So God created humans to be like himself; he made men and women.,"Anomanta, o ta nɛwɛnyina, ɡɛ tenten waa doa laanee o ta ba. Baa ne haahnee o ta.","The one who is not a child, he should not be given what belongs to a child. He should not be treated like a child.",onesimus_E33AE420_Dec 11 output,,20.68870371203609,3.985677924984254,4.951856946354884
Get some good lumber and build a boat. Put rooms in it and cover it with tar inside and out.,"Anomanta, Nowa, ka nyin daa waa kpeɡa, dɛ́ kwaa dakajen waa won nee sie vala kɛŋɔ ɡbera, ásɛ dɛ bɔne o bini kɛŋɔ deene, ásɛ dɛ kpɔ kootal maa o bini ne o habɔɔ bwa.","Anomanta, Nowa, if you want to go, go, but don't go and come back to tell us lies, because if you do, we will beat you, and we will not let you go again.",onesimus_E33AE420_Dec 11 output,,18.92363682120985,3.985677924984254,4.951856946354884
Any man who isn't circumcised hasn't kept his part of the promise and cannot be one of my people.,"Bɛlbwa waa wola o pen teŋe la ta n nɛra nɛɛ jae kpa, dɛkalkɛŋɔ o ta n fɔo la ta teŋɛ.”","The white man came to the village and took all the food, leaving nothing for them to eat.",onesimus_E33AE420_Dec 11 output,,16.195839954948944,3.985677924984254,4.951856946354884
"But Laban told him, “If you really are my friend, stay on, and I'll pay whatever you ask. I'm sure the Lord has blessed me because of you.”","Gel n jemɛ kembɔr maa chɛ kɛ n kpɔ tɛɛ, ásɛ n nyin tɛɛ.”","I will not let you take my things, because they are mine.",onesimus_E33AE420_Dec 11 output,,15.34407235561567,3.985677924984254,4.951856946354884
"And Jacob told them to be sure to say that he was right behind them. Jacob hoped the gifts would make Esau friendly, so Esau would be glad to see him when they met.","Hé berɛ ɡel ó jemɛ kɛŋɔ o bonɔɔ Jekɔb ɡe lɔ habɔɔ dɛɛ ba. Dɛ ń tɔ sie, dɛ́ kpɔ koŋkɛɛla nɔ ba tɛɛ, ásɛ mɔɔ o tel he be. Ásɛ dɛ he nao waa, he ken ɛɛ kpɔɔ kɛɔ.”","He said to me, ""I will tell you about Jacob. He was a man who was very cunning. When he saw that his brother was angry with him, he ran away. But he did not stay away for long. He returned and tricked his brother again.""",onesimus_E33AE420_Dec 11 output,,22.860503419334513,3.985677924984254,4.951856946354884
So God created humans to be like himself; he made men and women.,"Anomanta, o ta nɛwɛnyina, ɡɛ tenten waa doa laanee o ta ba. Baa ne haahnee o ta.","The one who is not a child, let him come and eat. Let him come and eat.",onesimus_48E85B7F_Dec 09 output,,17.86776459069048,3.985677924984254,4.951856946354884
Get some good lumber and build a boat. Put rooms in it and cover it with tar inside and out.,"Anomanta, Nowa, ka nyin daa waa kpeɡa, dɛ́ kwaa dakajen waa won nee sie vala kɛŋɔ ɡbera, ásɛ dɛ bɔne o bini kɛŋɔ deene, ásɛ dɛ kpɔ kootal maa o bini ne o habɔɔ bwa.","Anomanta, Nowa, if you want to go, go. Don't let anyone tell you what to do, because you are the one who will face the consequences. Don't let anyone tell you what to do, because you are the one who will suffer.",onesimus_48E85B7F_Dec 09 output,,14.293146654258877,3.985677924984254,4.951856946354884
Any man who isn't circumcised hasn't kept his part of the promise and cannot be one of my people.,"Bɛlbwa waa wola o pen teŋe la ta n nɛra nɛɛ jae kpa, dɛkalkɛŋɔ o ta n fɔo la ta teŋɛ.”","The white man came to the village and said to them, ""I want to buy your land.""",onesimus_48E85B7F_Dec 09 output,,14.624721848210157,3.985677924984254,4.951856946354884
"But Laban told him, “If you really are my friend, stay on, and I'll pay whatever you ask. I'm sure the Lord has blessed me because of you.”","Gel n jemɛ kembɔr maa chɛ kɛ n kpɔ tɛɛ, ásɛ n nyin tɛɛ.”","If you want to eat, then you must work.",onesimus_48E85B7F_Dec 09 output,,9.990922656993744,3.985677924984254,4.951856946354884
"And Jacob told them to be sure to say that he was right behind them. Jacob hoped the gifts would make Esau friendly, so Esau would be glad to see him when they met.","Hé berɛ ɡel ó jemɛ kɛŋɔ o bonɔɔ Jekɔb ɡe lɔ habɔɔ dɛɛ ba. Dɛ ń tɔ sie, dɛ́ kpɔ koŋkɛɛla nɔ ba tɛɛ, ásɛ mɔɔ o tel he be. Ásɛ dɛ he nao waa, he ken ɛɛ kpɔɔ kɛɔ.”","He said to me, ""I will give you a gift, Jacob, because you have been obedient to me.  If you are obedient, you will be blessed, and if you are not obedient, you will be cursed.""",onesimus_48E85B7F_Dec 09 output,,18.739491668982662,3.985677924984254,4.951856946354884
So God created humans to be like himself; he made men and women.,"Anomanta, o ta nɛwɛnyina, ɡɛ tenten waa doa laanee o ta ba. Baa ne haahnee o ta.","The one who is not a child, let him go and do what he wants. He is not a child.",Dec 01 output,,14.058026900441389,3.985677924984254,4.951856946354884
Get some good lumber and build a boat. Put rooms in it and cover it with tar inside and out.,"Anomanta, Nowa, ka nyin daa waa kpeɡa, dɛ́ kwaa dakajen waa won nee sie vala kɛŋɔ ɡbera, ásɛ dɛ bɔne o bini kɛŋɔ deene, ásɛ dɛ kpɔ kootal maa o bini ne o habɔɔ bwa.","Anomanta, Nowa, if you want to go, go, but don't go and come back with a bad story, because if you do, I will not give you anything, and I will not let you stay here.",Dec 01 output,,20.816576062797928,3.985677924984254,4.951856946354884
Any man who isn't circumcised hasn't kept his part of the promise and cannot be one of my people.,"Bɛlbwa waa wola o pen teŋe la ta n nɛra nɛɛ jae kpa, dɛkalkɛŋɔ o ta n fɔo la ta teŋɛ.”","The white man came to the village and said to them, ""I will give you money if you give me your land.""",Dec 01 output,,16.074557072727128,3.985677924984254,4.951856946354884
"But Laban told him, “If you really are my friend, stay on, and I'll pay whatever you ask. I'm sure the Lord has blessed me because of you.”","Gel n jemɛ kembɔr maa chɛ kɛ n kpɔ tɛɛ, ásɛ n nyin tɛɛ.”","If you want to eat, you must work.",Dec 01 output,,8.662881077792104,3.985677924984254,4.951856946354884
"And Jacob told them to be sure to say that he was right behind them. Jacob hoped the gifts would make Esau friendly, so Esau would be glad to see him when they met.","Hé berɛ ɡel ó jemɛ kɛŋɔ o bonɔɔ Jekɔb ɡe lɔ habɔɔ dɛɛ ba. Dɛ ń tɔ sie, dɛ́ kpɔ koŋkɛɛla nɔ ba tɛɛ, ásɛ mɔɔ o tel he be. Ásɛ dɛ he nao waa, he ken ɛɛ kpɔɔ kɛɔ.”","He said to me, ""I have seen Jacob's son, and he is a strong man. When I saw him, I was afraid, because he is a great warrior.""",Dec 01 output,,15.982899455265159,3.985677924984254,4.951856946354884
So God created humans to be like himself; he made men and women.,"Anomanta, o ta nɛwɛnyina, ɡɛ tenten waa doa laanee o ta ba. Baa ne haahnee o ta.","The one who is not a child, let him go and do what he wants. Let him do what he wants.",gerhardt_80805CFE_output_7z6RFo,,14.357028610919103,3.985677924984254,4.951856946354884
Get some good lumber and build a boat. Put rooms in it and cover it with tar inside and out.,"Anomanta, Nowa, ka nyin daa waa kpeɡa, dɛ́ kwaa dakajen waa won nee sie vala kɛŋɔ ɡbera, ásɛ dɛ bɔne o bini kɛŋɔ deene, ásɛ dɛ kpɔ kootal maa o bini ne o habɔɔ bwa.","Anomanta, Nowa, if you want to be successful, you must be hardworking and diligent, because success does not come easily. It requires effort and perseverance.",gerhardt_80805CFE_output_7z6RFo,,20.45197808479773,3.985677924984254,4.951856946354884
Any man who isn't circumcised hasn't kept his part of the promise and cannot be one of my people.,"Bɛlbwa waa wola o pen teŋe la ta n nɛra nɛɛ jae kpa, dɛkalkɛŋɔ o ta n fɔo la ta teŋɛ.”","The white man came to the village and said to them, ""I want to buy your land.""",gerhardt_80805CFE_output_7z6RFo,,14.624721848210157,3.985677924984254,4.951856946354884
"But Laban told him, “If you really are my friend, stay on, and I'll pay whatever you ask. I'm sure the Lord has blessed me because of you.”","Gel n jemɛ kembɔr maa chɛ kɛ n kpɔ tɛɛ, ásɛ n nyin tɛɛ.”","If you want to eat, then you must work.",gerhardt_80805CFE_output_7z6RFo,,9.990922656993744,3.985677924984254,4.951856946354884
"And Jacob told them to be sure to say that he was right behind them. Jacob hoped the gifts would make Esau friendly, so Esau would be glad to see him when they met.","Hé berɛ ɡel ó jemɛ kɛŋɔ o bonɔɔ Jekɔb ɡe lɔ habɔɔ dɛɛ ba. Dɛ ń tɔ sie, dɛ́ kpɔ koŋkɛɛla nɔ ba tɛɛ, ásɛ mɔɔ o tel he be. Ásɛ dɛ he nao waa, he ken ɛɛ kpɔɔ kɛɔ.”","He said to Jacob, ""I will give you this land, and your descendants after you. And I will make your descendants like the dust of the earth, so that they will be too numerous to count.  I will give them all this land, as I promised to your father Abraham.  And his descendants after him will inherit it.""",gerhardt_80805CFE_output_7z6RFo,,24.328953845719294,3.985677924984254,4.951856946354884
So God created humans to be like himself; he made men and women.,"Anomanta, o ta nɛwɛnyina, ɡɛ tenten waa doa laanee o ta ba. Baa ne haahnee o ta.",,output_JA-3,,,3.985677924984254,4.951856946354884
Get some good lumber and build a boat. Put rooms in it and cover it with tar inside and out.,"Anomanta, Nowa, ka nyin daa waa kpeɡa, dɛ́ kwaa dakajen waa won nee sie vala kɛŋɔ ɡbera, ásɛ dɛ bɔne o bini kɛŋɔ deene, ásɛ dɛ kpɔ kootal maa o bini ne o habɔɔ bwa.",,output_JA-3,,,3.985677924984254,4.951856946354884
Any man who isn't circumcised hasn't kept his part of the promise and cannot be one of my people.,"Bɛlbwa waa wola o pen teŋe la ta n nɛra nɛɛ jae kpa, dɛkalkɛŋɔ o ta n fɔo la ta teŋɛ.”",,output_JA-3,,,3.985677924984254,4.951856946354884
"But Laban told him, “If you really are my friend, stay on, and I'll pay whatever you ask. I'm sure the Lord has blessed me because of you.”","Gel n jemɛ kembɔr maa chɛ kɛ n kpɔ tɛɛ, ásɛ n nyin tɛɛ.”",,output_JA-3,,,3.985677924984254,4.951856946354884
"And Jacob told them to be sure to say that he was right behind them. Jacob hoped the gifts would make Esau friendly, so Esau would be glad to see him when they met.","Hé berɛ ɡel ó jemɛ kɛŋɔ o bonɔɔ Jekɔb ɡe lɔ habɔɔ dɛɛ ba. Dɛ ń tɔ sie, dɛ́ kpɔ koŋkɛɛla nɔ ba tɛɛ, ásɛ mɔɔ o tel he be. Ásɛ dɛ he nao waa, he ken ɛɛ kpɔɔ kɛɔ.”",,output_JA-3,,,3.985677924984254,4.951856946354884
So God created humans to be like himself; he made men and women.,"Anomanta, o ta nɛwɛnyina, ɡɛ tenten waa doa laanee o ta ba. Baa ne haahnee o ta.","The one who is not a woman, the one who is not a man, they will not give him a place. He will not be accepted by them.",Dec 06 output,,17.702358299926498,3.985677924984254,4.951856946354884
Get some good lumber and build a boat. Put rooms in it and cover it with tar inside and out.,"Anomanta, Nowa, ka nyin daa waa kpeɡa, dɛ́ kwaa dakajen waa won nee sie vala kɛŋɔ ɡbera, ásɛ dɛ bɔne o bini kɛŋɔ deene, ásɛ dɛ kpɔ kootal maa o bini ne o habɔɔ bwa.","Anomanta, Nowa, if you want to go, go, but don't go and come back to tell lies, because if you do, I will beat you, and I will also beat your mother.",Dec 06 output,,19.626265411742132,3.985677924984254,4.951856946354884
Any man who isn't circumcised hasn't kept his part of the promise and cannot be one of my people.,"Bɛlbwa waa wola o pen teŋe la ta n nɛra nɛɛ jae kpa, dɛkalkɛŋɔ o ta n fɔo la ta teŋɛ.”","The white man came to the village and said that he wanted to buy the land, but the people refused to sell it to him.",Dec 06 output,,20.20185873826927,3.985677924984254,4.951856946354884
"But Laban told him, “If you really are my friend, stay on, and I'll pay whatever you ask. I'm sure the Lord has blessed me because of you.”","Gel n jemɛ kembɔr maa chɛ kɛ n kpɔ tɛɛ, ásɛ n nyin tɛɛ.”","If you are going to do something, do it well, so that you will not regret it later.",Dec 06 output,,14.519348929035797,3.985677924984254,4.951856946354884
"And Jacob told them to be sure to say that he was right behind them. Jacob hoped the gifts would make Esau friendly, so Esau would be glad to see him when they met.","Hé berɛ ɡel ó jemɛ kɛŋɔ o bonɔɔ Jekɔb ɡe lɔ habɔɔ dɛɛ ba. Dɛ ń tɔ sie, dɛ́ kpɔ koŋkɛɛla nɔ ba tɛɛ, ásɛ mɔɔ o tel he be. Ásɛ dɛ he nao waa, he ken ɛɛ kpɔɔ kɛɔ.”","He said to me, ""Jacob's son is a good man. When he was young, he was a great hunter, but now he is old and his strength has faded. He is no longer the man he used to be.""",Dec 06 output,,22.461859664817382,3.985677924984254,4.951856946354884
So God created humans to be like himself; he made men and women.,"Anomanta, o ta nɛwɛnyina, ɡɛ tenten waa doa laanee o ta ba. Baa ne haahnee o ta.","The one who is not a thief, let him not steal. Let him not steal from you.",onesimus_C6D92021_Dec 02 output,,14.790565115140847,3.985677924984254,4.951856946354884
Get some good lumber and build a boat. Put rooms in it and cover it with tar inside and out.,"Anomanta, Nowa, ka nyin daa waa kpeɡa, dɛ́ kwaa dakajen waa won nee sie vala kɛŋɔ ɡbera, ásɛ dɛ bɔne o bini kɛŋɔ deene, ásɛ dɛ kpɔ kootal maa o bini ne o habɔɔ bwa.","Anomanta, Nowa, if you want to go to the market, you should go early in the morning before the crowd comes, so that you can buy what you need and return home quickly.",onesimus_C6D92021_Dec 02 output,,18.26936993149747,3.985677924984254,4.951856946354884
Any man who isn't circumcised hasn't kept his part of the promise and cannot be one of my people.,"Bɛlbwa waa wola o pen teŋe la ta n nɛra nɛɛ jae kpa, dɛkalkɛŋɔ o ta n fɔo la ta teŋɛ.”","The white man came to the village and said to them, ""I will give you money, but you must work for me.""",onesimus_C6D92021_Dec 02 output,,17.083397000382533,3.985677924984254,4.951856946354884
"But Laban told him, “If you really are my friend, stay on, and I'll pay whatever you ask. I'm sure the Lord has blessed me because of you.”","Gel n jemɛ kembɔr maa chɛ kɛ n kpɔ tɛɛ, ásɛ n nyin tɛɛ.”","If you are going to steal, then steal well, so that you will not be caught.",onesimus_C6D92021_Dec 02 output,,16.19655020495538,3.985677924984254,4.951856946354884
"And Jacob told them to be sure to say that he was right behind them. Jacob hoped the gifts would make Esau friendly, so Esau would be glad to see him when they met.","Hé berɛ ɡel ó jemɛ kɛŋɔ o bonɔɔ Jekɔb ɡe lɔ habɔɔ dɛɛ ba. Dɛ ń tɔ sie, dɛ́ kpɔ koŋkɛɛla nɔ ba tɛɛ, ásɛ mɔɔ o tel he be. Ásɛ dɛ he nao waa, he ken ɛɛ kpɔɔ kɛɔ.”","He said to me, ""I have seen Jacob, and he is a strong man. When I saw him, I was afraid, because he was very powerful. I said to myself, 'If he is angry with me, he will kill me.'""",onesimus_C6D92021_Dec 02 output,,19.121215973886123,3.985677924984254,4.951856946354884
So God created humans to be like himself; he made men and women.,"Anomanta, o ta nɛwɛnyina, ɡɛ tenten waa doa laanee o ta ba. Baa ne haahnee o ta.","The one who is not afraid, he will be able to overcome the challenge. He will be able to face it.",Jan output 1 ,,13.49749696521019,3.985677924984254,4.951856946354884
Get some good lumber and build a boat. Put rooms in it and cover it with tar inside and out.,"Anomanta, Nowa, ka nyin daa waa kpeɡa, dɛ́ kwaa dakajen waa won nee sie vala kɛŋɔ ɡbera, ásɛ dɛ bɔne o bini kɛŋɔ deene, ásɛ dɛ kpɔ kootal maa o bini ne o habɔɔ bwa.","Anomanta, Nowa, if you are going to speak, speak clearly so that we can understand you, because if you speak unclearly, we will not know what you are saying.",Jan output 1 ,,17.10187199811475,3.985677924984254,4.951856946354884
Any man who isn't circumcised hasn't kept his part of the promise and cannot be one of my people.,"Bɛlbwa waa wola o pen teŋe la ta n nɛra nɛɛ jae kpa, dɛkalkɛŋɔ o ta n fɔo la ta teŋɛ.”","The white man came with a pen and wrote on the paper, saying, ""I will give you a gift.""",Jan output 1 ,,16.758418254896192,3.985677924984254,4.951856946354884
"But Laban told him, “If you really are my friend, stay on, and I'll pay whatever you ask. I'm sure the Lord has blessed me because of you.”","Gel n jemɛ kembɔr maa chɛ kɛ n kpɔ tɛɛ, ásɛ n nyin tɛɛ.”","If you are going to do something, do it well, so that you will not be ashamed.",Jan output 1 ,,14.62904492396909,3.985677924984254,4.951856946354884
"And Jacob told them to be sure to say that he was right behind them. Jacob hoped the gifts would make Esau friendly, so Esau would be glad to see him when they met.","Hé berɛ ɡel ó jemɛ kɛŋɔ o bonɔɔ Jekɔb ɡe lɔ habɔɔ dɛɛ ba. Dɛ ń tɔ sie, dɛ́ kpɔ koŋkɛɛla nɔ ba tɛɛ, ásɛ mɔɔ o tel he be. Ásɛ dɛ he nao waa, he ken ɛɛ kpɔɔ kɛɔ.”","He said to me, ""I have seen Jacob, and he is going to Habor.  When I get there, I will tell you.  I will not let him go until he blesses me.  I will not let him go until he blesses me.""",Jan output 1 ,,18.353941654473637,3.985677924984254,4.951856946354884
So God created humans to be like himself; he made men and women.,"Anomanta, o ta nɛwɛnyina, ɡɛ tenten waa doa laanee o ta ba. Baa ne haahnee o ta.","Anomanta, the one who is always kind, may God bless her. She is always good to us.",onesimus_5B146D14_Dec 05 output,,15.88901733718481,3.985677924984254,4.951856946354884
Get some good lumber and build a boat. Put rooms in it and cover it with tar inside and out.,"Anomanta, Nowa, ka nyin daa waa kpeɡa, dɛ́ kwaa dakajen waa won nee sie vala kɛŋɔ ɡbera, ásɛ dɛ bɔne o bini kɛŋɔ deene, ásɛ dɛ kpɔ kootal maa o bini ne o habɔɔ bwa.","Anomanta, Nowa, if you want to go, go. But don't forget what I told you, don't go and do something bad. Don't go and do something that will make me ashamed.",onesimus_5B146D14_Dec 05 output,,18.23419375860753,3.985677924984254,4.951856946354884
Any man who isn't circumcised hasn't kept his part of the promise and cannot be one of my people.,"Bɛlbwa waa wola o pen teŋe la ta n nɛra nɛɛ jae kpa, dɛkalkɛŋɔ o ta n fɔo la ta teŋɛ.”","The white man came to the village to take the children, but the people did not allow him.",onesimus_5B146D14_Dec 05 output,,18.64221061807198,3.985677924984254,4.951856946354884
"But Laban told him, “If you really are my friend, stay on, and I'll pay whatever you ask. I'm sure the Lord has blessed me because of you.”","Gel n jemɛ kembɔr maa chɛ kɛ n kpɔ tɛɛ, ásɛ n nyin tɛɛ.”","If you want to eat, you must work.",onesimus_5B146D14_Dec 05 output,,8.662881077792104,3.985677924984254,4.951856946354884
"And Jacob told them to be sure to say that he was right behind them. Jacob hoped the gifts would make Esau friendly, so Esau would be glad to see him when they met.","Hé berɛ ɡel ó jemɛ kɛŋɔ o bonɔɔ Jekɔb ɡe lɔ habɔɔ dɛɛ ba. Dɛ ń tɔ sie, dɛ́ kpɔ koŋkɛɛla nɔ ba tɛɛ, ásɛ mɔɔ o tel he be. Ásɛ dɛ he nao waa, he ken ɛɛ kpɔɔ kɛɔ.”","He said to Jacob, ""I will give you a blessing, and I will make you fruitful and multiply you. I will make you a great nation, and I will bless you; I will make your name great, and you shall be a blessing. I will bless those who bless you, and whoever curses you I will curse; and all peoples on earth shall be blessed through you.""",onesimus_5B146D14_Dec 05 output,,19.46667247987382,3.985677924984254,4.951856946354884
So God created humans to be like himself; he made men and women.,"Anomanta, o ta nɛwɛnyina, ɡɛ tenten waa doa laanee o ta ba. Baa ne haahnee o ta.","Anomanta, the one who is always kind, may God bless you and your family. May you always be happy.",gerhardt_428C0151_output_jQjr1f,,16.05792783378187,3.985677924984254,4.951856946354884
Get some good lumber and build a boat. Put rooms in it and cover it with tar inside and out.,"Anomanta, Nowa, ka nyin daa waa kpeɡa, dɛ́ kwaa dakajen waa won nee sie vala kɛŋɔ ɡbera, ásɛ dɛ bɔne o bini kɛŋɔ deene, ásɛ dɛ kpɔ kootal maa o bini ne o habɔɔ bwa.","Anomanta, Nowa, if you want to eat, then you should go and look for food, because if you don't go and look for food, you will be hungry.",gerhardt_428C0151_output_jQjr1f,,17.322237816411317,3.985677924984254,4.951856946354884
Any man who isn't circumcised hasn't kept his part of the promise and cannot be one of my people.,"Bɛlbwa waa wola o pen teŋe la ta n nɛra nɛɛ jae kpa, dɛkalkɛŋɔ o ta n fɔo la ta teŋɛ.”","The white man came to the village and said to them, ""I want to buy your land.""",gerhardt_428C0151_output_jQjr1f,,14.624721848210157,3.985677924984254,4.951856946354884
"But Laban told him, “If you really are my friend, stay on, and I'll pay whatever you ask. I'm sure the Lord has blessed me because of you.”","Gel n jemɛ kembɔr maa chɛ kɛ n kpɔ tɛɛ, ásɛ n nyin tɛɛ.”","If you want to eat, you must work.",gerhardt_428C0151_output_jQjr1f,,8.662881077792104,3.985677924984254,4.951856946354884
"And Jacob told them to be sure to say that he was right behind them. Jacob hoped the gifts would make Esau friendly, so Esau would be glad to see him when they met.","Hé berɛ ɡel ó jemɛ kɛŋɔ o bonɔɔ Jekɔb ɡe lɔ habɔɔ dɛɛ ba. Dɛ ń tɔ sie, dɛ́ kpɔ koŋkɛɛla nɔ ba tɛɛ, ásɛ mɔɔ o tel he be. Ásɛ dɛ he nao waa, he ken ɛɛ kpɔɔ kɛɔ.”","He said to Jacob, ""I have seen that you are a righteous man, and I have come to bless you. I will make you fruitful and multiply your descendants. I will give you and your descendants the land that I promised to your father Abraham. I will be with you and bless you. I will make your name great, and you will be a blessing.""",gerhardt_428C0151_output_jQjr1f,,24.017417443895884,3.985677924984254,4.951856946354884
So God created humans to be like himself; he made men and women.,"Anomanta, o ta nɛwɛnyina, ɡɛ tenten waa doa laanee o ta ba. Baa ne haahnee o ta.","The one who is not a child, the one who is not a young person, the one who is not a grown-up, the one who is not a man, the one who is not a woman, the one who is not a person, the one who is not a being, the one who is not anything, is the one who is.",gerhardt_E4DFEBFE_output_T8d1lo,,10.870541754666037,3.985677924984254,4.951856946354884
Get some good lumber and build a boat. Put rooms in it and cover it with tar inside and out.,"Anomanta, Nowa, ka nyin daa waa kpeɡa, dɛ́ kwaa dakajen waa won nee sie vala kɛŋɔ ɡbera, ásɛ dɛ bɔne o bini kɛŋɔ deene, ásɛ dɛ kpɔ kootal maa o bini ne o habɔɔ bwa.","Anomanta, Nowa, if you want to go, go, but don't go and come back again, because if you go and come back, you will be in trouble. If you go, go and stay there, and don't come back here again.",gerhardt_E4DFEBFE_output_T8d1lo,,20.199112549398677,3.985677924984254,4.951856946354884
Any man who isn't circumcised hasn't kept his part of the promise and cannot be one of my people.,"Bɛlbwa waa wola o pen teŋe la ta n nɛra nɛɛ jae kpa, dɛkalkɛŋɔ o ta n fɔo la ta teŋɛ.”","The white man came to the village to take the children, but the elders said no, they would not give them up.",gerhardt_E4DFEBFE_output_T8d1lo,,14.728514133963857,3.985677924984254,4.951856946354884
"But Laban told him, “If you really are my friend, stay on, and I'll pay whatever you ask. I'm sure the Lord has blessed me because of you.”","Gel n jemɛ kembɔr maa chɛ kɛ n kpɔ tɛɛ, ásɛ n nyin tɛɛ.”","If you want to eat, you must work.",gerhardt_E4DFEBFE_output_T8d1lo,,8.662881077792104,3.985677924984254,4.951856946354884
"And Jacob told them to be sure to say that he was right behind them. Jacob hoped the gifts would make Esau friendly, so Esau would be glad to see him when they met.","Hé berɛ ɡel ó jemɛ kɛŋɔ o bonɔɔ Jekɔb ɡe lɔ habɔɔ dɛɛ ba. Dɛ ń tɔ sie, dɛ́ kpɔ koŋkɛɛla nɔ ba tɛɛ, ásɛ mɔɔ o tel he be. Ásɛ dɛ he nao waa, he ken ɛɛ kpɔɔ kɛɔ.”","He said to Jacob, ""I will give you this land, and your descendants after you.  And I will give you many descendants, and they will be a great nation. I will be with you and bless you; I will make your name great, and you will be a blessing. I will bless those who bless you, and whoever curses you I will curse; and all peoples on earth will be blessed through you.""",gerhardt_E4DFEBFE_output_T8d1lo,,20.983756828648097,3.985677924984254,4.951856946354884
So God created humans to be like himself; he made men and women.,"Anomanta, o ta nɛwɛnyina, ɡɛ tenten waa doa laanee o ta ba. Baa ne haahnee o ta.","The one who is not afraid, he will be able to overcome the challenge. He will be able to face it.",onesimus_4838858E_Jan output 1 ,,13.49749696521019,3.985677924984254,4.951856946354884
Get some good lumber and build a boat. Put rooms in it and cover it with tar inside and out.,"Anomanta, Nowa, ka nyin daa waa kpeɡa, dɛ́ kwaa dakajen waa won nee sie vala kɛŋɔ ɡbera, ásɛ dɛ bɔne o bini kɛŋɔ deene, ásɛ dɛ kpɔ kootal maa o bini ne o habɔɔ bwa.","Anomanta, Nowa, if you are going to speak, speak clearly so that we can understand you, because if you speak unclearly, we will not know what you are saying.",onesimus_4838858E_Jan output 1 ,,17.10187199811475,3.985677924984254,4.951856946354884
Any man who isn't circumcised hasn't kept his part of the promise and cannot be one of my people.,"Bɛlbwa waa wola o pen teŋe la ta n nɛra nɛɛ jae kpa, dɛkalkɛŋɔ o ta n fɔo la ta teŋɛ.”","The white man came with a pen and wrote on the paper, saying, ""I will give you a gift.""",onesimus_4838858E_Jan output 1 ,,16.758418254896192,3.985677924984254,4.951856946354884
"But Laban told him, “If you really are my friend, stay on, and I'll pay whatever you ask. I'm sure the Lord has blessed me because of you.”","Gel n jemɛ kembɔr maa chɛ kɛ n kpɔ tɛɛ, ásɛ n nyin tɛɛ.”","If you are going to do something, do it well, so that you will not be ashamed.",onesimus_4838858E_Jan output 1 ,,14.62904492396909,3.985677924984254,4.951856946354884
"And Jacob told them to be sure to say that he was right behind them. Jacob hoped the gifts would make Esau friendly, so Esau would be glad to see him when they met.","Hé berɛ ɡel ó jemɛ kɛŋɔ o bonɔɔ Jekɔb ɡe lɔ habɔɔ dɛɛ ba. Dɛ ń tɔ sie, dɛ́ kpɔ koŋkɛɛla nɔ ba tɛɛ, ásɛ mɔɔ o tel he be. Ásɛ dɛ he nao waa, he ken ɛɛ kpɔɔ kɛɔ.”","He said to me, ""I have seen Jacob, and he is going to Habor.  When I get there, I will tell you.  I will not let him go until he blesses me.  I will not let him go until he blesses me.""",onesimus_4838858E_Jan output 1 ,,18.353941654473637,3.985677924984254,4.951856946354884
So God created humans to be like himself; he made men and women.,"Anomanta, o ta nɛwɛnyina, ɡɛ tenten waa doa laanee o ta ba. Baa ne haahnee o ta.","The woman, she is the one who is going to give birth to a child. She is the one who will be in labor.",gerhardt_2F3FAF10_output (1),,14.636575018933048,3.985677924984254,4.951856946354884
Get some good lumber and build a boat. Put rooms in it and cover it with tar inside and out.,"Anomanta, Nowa, ka nyin daa waa kpeɡa, dɛ́ kwaa dakajen waa won nee sie vala kɛŋɔ ɡbera, ásɛ dɛ bɔne o bini kɛŋɔ deene, ásɛ dɛ kpɔ kootal maa o bini ne o habɔɔ bwa.","Anomanta, Nowa, if you want to go, go. Don't let anyone tell you what to do, don't let anyone control you. If you want to stay, stay. If you want to go, go.",gerhardt_2F3FAF10_output (1),,13.66824233010743,3.985677924984254,4.951856946354884
Any man who isn't circumcised hasn't kept his part of the promise and cannot be one of my people.,"Bɛlbwa waa wola o pen teŋe la ta n nɛra nɛɛ jae kpa, dɛkalkɛŋɔ o ta n fɔo la ta teŋɛ.”","The white man came to the village and said to them, ""I want to buy your land.""",gerhardt_2F3FAF10_output (1),,14.624721848210157,3.985677924984254,4.951856946354884
"But Laban told him, “If you really are my friend, stay on, and I'll pay whatever you ask. I'm sure the Lord has blessed me because of you.”","Gel n jemɛ kembɔr maa chɛ kɛ n kpɔ tɛɛ, ásɛ n nyin tɛɛ.”","If you want to eat, you must work. You cannot eat without working.",gerhardt_2F3FAF10_output (1),,12.187332656675451,3.985677924984254,4.951856946354884
"And Jacob told them to be sure to say that he was right behind them. Jacob hoped the gifts would make Esau friendly, so Esau would be glad to see him when they met.","Hé berɛ ɡel ó jemɛ kɛŋɔ o bonɔɔ Jekɔb ɡe lɔ habɔɔ dɛɛ ba. Dɛ ń tɔ sie, dɛ́ kpɔ koŋkɛɛla nɔ ba tɛɛ, ásɛ mɔɔ o tel he be. Ásɛ dɛ he nao waa, he ken ɛɛ kpɔɔ kɛɔ.”","He said to me, ""Jacob's son, go and tell him that I have seen him.  If he does not come, I will come and take him by force. I will not let him go until I have blessed him.  And if he resists, I will break his bones.""",gerhardt_2F3FAF10_output (1),,20.814479308179077,3.985677924984254,4.951856946354884
So God created humans to be like himself; he made men and women.,"Anomanta, o ta nɛwɛnyina, ɡɛ tenten waa doa laanee o ta ba. Baa ne haahnee o ta.","The one who is not a woman, the one who is not a man, they will not give him a place. He will not be accepted by them.",onesimus_778C5456_Dec 06 output,,17.702358299926498,3.985677924984254,4.951856946354884
Get some good lumber and build a boat. Put rooms in it and cover it with tar inside and out.,"Anomanta, Nowa, ka nyin daa waa kpeɡa, dɛ́ kwaa dakajen waa won nee sie vala kɛŋɔ ɡbera, ásɛ dɛ bɔne o bini kɛŋɔ deene, ásɛ dɛ kpɔ kootal maa o bini ne o habɔɔ bwa.","Anomanta, Nowa, if you want to go, go, but don't go and come back to tell lies, because if you do, I will beat you, and I will also beat your mother.",onesimus_778C5456_Dec 06 output,,19.626265411742132,3.985677924984254,4.951856946354884
Any man who isn't circumcised hasn't kept his part of the promise and cannot be one of my people.,"Bɛlbwa waa wola o pen teŋe la ta n nɛra nɛɛ jae kpa, dɛkalkɛŋɔ o ta n fɔo la ta teŋɛ.”","The white man came to the village and said that he wanted to buy the land, but the people refused to sell it to him.",onesimus_778C5456_Dec 06 output,,20.20185873826927,3.985677924984254,4.951856946354884
"But Laban told him, “If you really are my friend, stay on, and I'll pay whatever you ask. I'm sure the Lord has blessed me because of you.”","Gel n jemɛ kembɔr maa chɛ kɛ n kpɔ tɛɛ, ásɛ n nyin tɛɛ.”","If you are going to do something, do it well, so that you will not regret it later.",onesimus_778C5456_Dec 06 output,,14.519348929035797,3.985677924984254,4.951856946354884
"And Jacob told them to be sure to say that he was right behind them. Jacob hoped the gifts would make Esau friendly, so Esau would be glad to see him when they met.","Hé berɛ ɡel ó jemɛ kɛŋɔ o bonɔɔ Jekɔb ɡe lɔ habɔɔ dɛɛ ba. Dɛ ń tɔ sie, dɛ́ kpɔ koŋkɛɛla nɔ ba tɛɛ, ásɛ mɔɔ o tel he be. Ásɛ dɛ he nao waa, he ken ɛɛ kpɔɔ kɛɔ.”","He said to me, ""Jacob's son is a good man. When he was young, he was a great hunter, but now he is old and his strength has faded. He is no longer the man he used to be.""",onesimus_778C5456_Dec 06 output,,22.461859664817382,3.985677924984254,4.951856946354884
So God created humans to be like himself; he made men and women.,"Anomanta, o ta nɛwɛnyina, ɡɛ tenten waa doa laanee o ta ba. Baa ne haahnee o ta.","Anomanta, the one who is always in trouble, he is the one who will bring us down. He will be our downfall.",gerhardt_E3C23636_output_AHjhdB,,13.696523773195832,3.985677924984254,4.951856946354884
Get some good lumber and build a boat. Put rooms in it and cover it with tar inside and out.,"Anomanta, Nowa, ka nyin daa waa kpeɡa, dɛ́ kwaa dakajen waa won nee sie vala kɛŋɔ ɡbera, ásɛ dɛ bɔne o bini kɛŋɔ deene, ásɛ dɛ kpɔ kootal maa o bini ne o habɔɔ bwa.","Anomanta, Nowa, if you want to go, go, but don't go and come back to tell me lies, because if you do, I will not spare you. I will not let you go and come back to deceive me.",gerhardt_E3C23636_output_AHjhdB,,19.38262441055102,3.985677924984254,4.951856946354884
Any man who isn't circumcised hasn't kept his part of the promise and cannot be one of my people.,"Bɛlbwa waa wola o pen teŋe la ta n nɛra nɛɛ jae kpa, dɛkalkɛŋɔ o ta n fɔo la ta teŋɛ.”","The white man came to the village to take the land from them, and they fought him fiercely.",gerhardt_E3C23636_output_AHjhdB,,16.100931927564478,3.985677924984254,4.951856946354884
"But Laban told him, “If you really are my friend, stay on, and I'll pay whatever you ask. I'm sure the Lord has blessed me because of you.”","Gel n jemɛ kembɔr maa chɛ kɛ n kpɔ tɛɛ, ásɛ n nyin tɛɛ.”","I will not do anything bad to you, as long as you do not do anything bad to me.",gerhardt_E3C23636_output_AHjhdB,,11.16550780062012,3.985677924984254,4.951856946354884
"And Jacob told them to be sure to say that he was right behind them. Jacob hoped the gifts would make Esau friendly, so Esau would be glad to see him when they met.","Hé berɛ ɡel ó jemɛ kɛŋɔ o bonɔɔ Jekɔb ɡe lɔ habɔɔ dɛɛ ba. Dɛ ń tɔ sie, dɛ́ kpɔ koŋkɛɛla nɔ ba tɛɛ, ásɛ mɔɔ o tel he be. Ásɛ dɛ he nao waa, he ken ɛɛ kpɔɔ kɛɔ.”","He said to me, ""Jacob is a man who is not afraid of anything.  When he is in trouble, he always finds a way out, and he always succeeds. Even if he is in danger, he will not be afraid.""",gerhardt_E3C23636_output_AHjhdB,,19.74896691214419,3.985677924984254,4.951856946354884
So God created humans to be like himself; he made men and women.,"Anomanta, o ta nɛwɛnyina, ɡɛ tenten waa doa laanee o ta ba. Baa ne haahnee o ta.","The one who is a good person, the one who is kind, will be loved by everyone. Everyone will respect him.",Dec 12 output,,14.334439828945813,3.985677924984254,4.951856946354884
Get some good lumber and build a boat. Put rooms in it and cover it with tar inside and out.,"Anomanta, Nowa, ka nyin daa waa kpeɡa, dɛ́ kwaa dakajen waa won nee sie vala kɛŋɔ ɡbera, ásɛ dɛ bɔne o bini kɛŋɔ deene, ásɛ dɛ kpɔ kootal maa o bini ne o habɔɔ bwa.","Anomanta, Nowa, if you want to go, go, but don't go and come back to tell lies, because if you do, I will beat you, and I will not spare you.",Dec 12 output,,19.139484193627162,3.985677924984254,4.951856946354884
Any man who isn't circumcised hasn't kept his part of the promise and cannot be one of my people.,"Bɛlbwa waa wola o pen teŋe la ta n nɛra nɛɛ jae kpa, dɛkalkɛŋɔ o ta n fɔo la ta teŋɛ.”","The white man came to the village and said to them, ""I will give you a gift, but you must give me something in return.""",Dec 12 output,,16.293520102937016,3.985677924984254,4.951856946354884
"But Laban told him, “If you really are my friend, stay on, and I'll pay whatever you ask. I'm sure the Lord has blessed me because of you.”","Gel n jemɛ kembɔr maa chɛ kɛ n kpɔ tɛɛ, ásɛ n nyin tɛɛ.”","If you have a problem, come and tell me so that I can help you.",Dec 12 output,,14.516229515419582,3.985677924984254,4.951856946354884
"And Jacob told them to be sure to say that he was right behind them. Jacob hoped the gifts would make Esau friendly, so Esau would be glad to see him when they met.","Hé berɛ ɡel ó jemɛ kɛŋɔ o bonɔɔ Jekɔb ɡe lɔ habɔɔ dɛɛ ba. Dɛ ń tɔ sie, dɛ́ kpɔ koŋkɛɛla nɔ ba tɛɛ, ásɛ mɔɔ o tel he be. Ásɛ dɛ he nao waa, he ken ɛɛ kpɔɔ kɛɔ.”","He said to me, ""I am going to Jacob's house. I will go there and see him. When I go, I will tell him what you said to me. If he asks me who told me, I will not say your name.""",Dec 12 output,,22.6644404378109,3.985677924984254,4.951856946354884
So God created humans to be like himself; he made men and women.,"Anomanta, o ta nɛwɛnyina, ɡɛ tenten waa doa laanee o ta ba. Baa ne haahnee o ta.","The one who is not a child, the one who is not a young person, should not be given a child's portion. He should not be given a child's portion.",onesimus_CF2838B3_Dec 03 output,,12.976891907181672,3.985677924984254,4.951856946354884
Get some good lumber and build a boat. Put rooms in it and cover it with tar inside and out.,"Anomanta, Nowa, ka nyin daa waa kpeɡa, dɛ́ kwaa dakajen waa won nee sie vala kɛŋɔ ɡbera, ásɛ dɛ bɔne o bini kɛŋɔ deene, ásɛ dɛ kpɔ kootal maa o bini ne o habɔɔ bwa.","Anomanta, Nowa, if you want to be successful, you must work hard and be persistent. Do not give up easily, even when things are difficult. Remember that success comes to those who persevere.",onesimus_CF2838B3_Dec 03 output,,19.73019765580539,3.985677924984254,4.951856946354884
Any man who isn't circumcised hasn't kept his part of the promise and cannot be one of my people.,"Bɛlbwa waa wola o pen teŋe la ta n nɛra nɛɛ jae kpa, dɛkalkɛŋɔ o ta n fɔo la ta teŋɛ.”","The white man came to the village and took away the children, leaving only the old people behind.",onesimus_CF2838B3_Dec 03 output,,19.53010212522761,3.985677924984254,4.951856946354884
"But Laban told him, “If you really are my friend, stay on, and I'll pay whatever you ask. I'm sure the Lord has blessed me because of you.”","Gel n jemɛ kembɔr maa chɛ kɛ n kpɔ tɛɛ, ásɛ n nyin tɛɛ.”","If you want to eat, you must work.",onesimus_CF2838B3_Dec 03 output,,8.662881077792104,3.985677924984254,4.951856946354884
"And Jacob told them to be sure to say that he was right behind them. Jacob hoped the gifts would make Esau friendly, so Esau would be glad to see him when they met.","Hé berɛ ɡel ó jemɛ kɛŋɔ o bonɔɔ Jekɔb ɡe lɔ habɔɔ dɛɛ ba. Dɛ ń tɔ sie, dɛ́ kpɔ koŋkɛɛla nɔ ba tɛɛ, ásɛ mɔɔ o tel he be. Ásɛ dɛ he nao waa, he ken ɛɛ kpɔɔ kɛɔ.”","He said to Jacob, ""I will give you a blessing, but you must be careful. Do not sleep with your sister-in-law. If you do, you will be cursed.""",onesimus_CF2838B3_Dec 03 output,,15.982956929761821,3.985677924984254,4.951856946354884
So God created humans to be like himself; he made men and women.,"Anomanta, o ta nɛwɛnyina, ɡɛ tenten waa doa laanee o ta ba. Baa ne haahnee o ta.","The one who is not afraid, he will be the one to succeed. He will be the one to overcome.",john_BA3F5F9A_output (3),,14.132867599399829,3.985677924984254,4.951856946354884
Get some good lumber and build a boat. Put rooms in it and cover it with tar inside and out.,"Anomanta, Nowa, ka nyin daa waa kpeɡa, dɛ́ kwaa dakajen waa won nee sie vala kɛŋɔ ɡbera, ásɛ dɛ bɔne o bini kɛŋɔ deene, ásɛ dɛ kpɔ kootal maa o bini ne o habɔɔ bwa.","Anomanta, Nowa, if you want to go, go. But don't go and come back and say you saw something, because I don't want to hear it. Don't go and tell anyone what you saw.",john_BA3F5F9A_output (3),,20.434466427727425,3.985677924984254,4.951856946354884
Any man who isn't circumcised hasn't kept his part of the promise and cannot be one of my people.,"Bɛlbwa waa wola o pen teŋe la ta n nɛra nɛɛ jae kpa, dɛkalkɛŋɔ o ta n fɔo la ta teŋɛ.”","The white man came with a pen to write our names, but he did not write them correctly.",john_BA3F5F9A_output (3),,16.080202932928405,3.985677924984254,4.951856946354884
"But Laban told him, “If you really are my friend, stay on, and I'll pay whatever you ask. I'm sure the Lord has blessed me because of you.”","Gel n jemɛ kembɔr maa chɛ kɛ n kpɔ tɛɛ, ásɛ n nyin tɛɛ.”","If you are going to do something, do it well, so that you will not be ashamed.",john_BA3F5F9A_output (3),,14.62904492396909,3.985677924984254,4.951856946354884
"And Jacob told them to be sure to say that he was right behind them. Jacob hoped the gifts would make Esau friendly, so Esau would be glad to see him when they met.","Hé berɛ ɡel ó jemɛ kɛŋɔ o bonɔɔ Jekɔb ɡe lɔ habɔɔ dɛɛ ba. Dɛ ń tɔ sie, dɛ́ kpɔ koŋkɛɛla nɔ ba tɛɛ, ásɛ mɔɔ o tel he be. Ásɛ dɛ he nao waa, he ken ɛɛ kpɔɔ kɛɔ.”","He said to me, ""I will tell you about Jacob. He was a man who was loved by God. When he was young, he was very cunning and deceitful, but God still loved him. Even though he was not a good man, God still used him.""",john_BA3F5F9A_output (3),,20.878938179744935,3.985677924984254,4.951856946354884
