ref,text,translated,source_zip_file,similarity_score,chrf_sentence,corpus_bleu,corpus_chrf
So God created humans to be like himself; he made men and women.,"Anomanta, o ta nɛwɛnyina, ɡɛ tenten waa doa laanee o ta ba. Baa ne haahnee o ta.","Anomanta, the restless one, arrives at the place where he is. What is his purpose?",Dec 08 output,,14.257892582597176,7.430373661088236,4.826546003016591
Get some good lumber and build a boat. Put rooms in it and cover it with tar inside and out.,"Anomanta, Nowa, ka nyin daa waa kpeɡa, dɛ́ kwaa dakajen waa won nee sie vala kɛŋɔ ɡbera, ásɛ dɛ bɔne o bini kɛŋɔ deene, ásɛ dɛ kpɔ kootal maa o bini ne o habɔɔ bwa.","Anomanta, Nowa, you have done the work well, and the chief will reward you with a goat and money, and you will take the cloth and go home with it.",Dec 08 output,,19.88564145162029,7.430373661088236,4.826546003016591
Any man who isn't circumcised hasn't kept his part of the promise and cannot be one of my people.,"Bɛlbwa waa wola o pen teŋe la ta n nɛra nɛɛ jae kpa, dɛkalkɛŋɔ o ta n fɔo la ta teŋɛ.”","The wise elder who speaks words of wisdom to me, the guide who leads the way.",Dec 08 output,,14.171655501232165,7.430373661088236,4.826546003016591
"But Laban told him, “If you really are my friend, stay on, and I'll pay whatever you ask. I'm sure the Lord has blessed me because of you.”","Gel n jemɛ kembɔr maa chɛ kɛ n kpɔ tɛɛ, ásɛ n nyin tɛɛ.”","Come with us to get our food so that we may not die, but we may live.",Dec 08 output,,10.679008221205537,7.430373661088236,4.826546003016591
"And Jacob told them to be sure to say that he was right behind them. Jacob hoped the gifts would make Esau friendly, so Esau would be glad to see him when they met.","Hé berɛ ɡel ó jemɛ kɛŋɔ o bonɔɔ Jekɔb ɡe lɔ habɔɔ dɛɛ ba. Dɛ ń tɔ sie, dɛ́ kpɔ koŋkɛɛla nɔ ba tɛɛ, ásɛ mɔɔ o tel he be. Ásɛ dɛ he nao waa, he ken ɛɛ kpɔɔ kɛɔ.”","""When he arrived at the place where Jacob was staying, there was no room for him. He said, 'I cannot stay here because there is no space for me.' So he asked, 'Where can I go? There is no place for me to stay.'""",Dec 08 output,,20.187461365193457,7.430373661088236,4.826546003016591
So God created humans to be like himself; he made men and women.,"Anomanta, o ta nɛwɛnyina, ɡɛ tenten waa doa laanee o ta ba. Baa ne haahnee o ta.","Anomanta, he is poor, yet he works hard and remains patient. But he is strong.",onesimus_31223989_Dec 12 output,,16.353162595390742,7.430373661088236,4.826546003016591
Get some good lumber and build a boat. Put rooms in it and cover it with tar inside and out.,"Anomanta, Nowa, ka nyin daa waa kpeɡa, dɛ́ kwaa dakajen waa won nee sie vala kɛŋɔ ɡbera, ásɛ dɛ bɔne o bini kɛŋɔ deene, ásɛ dɛ kpɔ kootal maa o bini ne o habɔɔ bwa.","Anomanta, Nowa, and the day they arrived there, with the person who spoke good words to the child, then he found the child in the town, then he sent a message to him to come and eat food.",onesimus_31223989_Dec 12 output,,22.428609281562263,7.430373661088236,4.826546003016591
Any man who isn't circumcised hasn't kept his part of the promise and cannot be one of my people.,"Bɛlbwa waa wola o pen teŋe la ta n nɛra nɛɛ jae kpa, dɛkalkɛŋɔ o ta n fɔo la ta teŋɛ.”","""In the beginning was the Word, and the Word was with God, and the Word was God. And they walked with God in the city of Enoch.""",onesimus_31223989_Dec 12 output,,15.79558346547491,7.430373661088236,4.826546003016591
"But Laban told him, “If you really are my friend, stay on, and I'll pay whatever you ask. I'm sure the Lord has blessed me because of you.”","Gel n jemɛ kembɔr maa chɛ kɛ n kpɔ tɛɛ, ásɛ n nyin tɛɛ.”","""When we play the drum, we dance, and when we move, we go.""",onesimus_31223989_Dec 12 output,,9.46567620853237,7.430373661088236,4.826546003016591
"And Jacob told them to be sure to say that he was right behind them. Jacob hoped the gifts would make Esau friendly, so Esau would be glad to see him when they met.","Hé berɛ ɡel ó jemɛ kɛŋɔ o bonɔɔ Jekɔb ɡe lɔ habɔɔ dɛɛ ba. Dɛ ń tɔ sie, dɛ́ kpɔ koŋkɛɛla nɔ ba tɛɛ, ásɛ mɔɔ o tel he be. Ásɛ dɛ he nao waa, he ken ɛɛ kpɔɔ kɛɔ.”","When they went to the well and met Jacob there, they stayed there. Then he asked them, ""Where are you from?"" and they told him. He said to them, ""He will ask for her hand in marriage.""",onesimus_31223989_Dec 12 output,,27.228335523257318,7.430373661088236,4.826546003016591
So God created humans to be like himself; he made men and women.,"Anomanta, o ta nɛwɛnyina, ɡɛ tenten waa doa laanee o ta ba. Baa ne haahnee o ta.","Anomanta, you are poor, I will not let you go. He is the one who helps you.",john_AC86BE0F_output (5),,12.850345506320934,7.430373661088236,4.826546003016591
Get some good lumber and build a boat. Put rooms in it and cover it with tar inside and out.,"Anomanta, Nowa, ka nyin daa waa kpeɡa, dɛ́ kwaa dakajen waa won nee sie vala kɛŋɔ ɡbera, ásɛ dɛ bɔne o bini kɛŋɔ deene, ásɛ dɛ kpɔ kootal maa o bini ne o habɔɔ bwa.","Anomanta, Nowa, and their child went to the farm, and when they arrived there, they saw a big bird, and they decided to catch it, but the bird flew away and left them with nothing.",john_AC86BE0F_output (5),,18.359917344222502,7.430373661088236,4.826546003016591
Any man who isn't circumcised hasn't kept his part of the promise and cannot be one of my people.,"Bɛlbwa waa wola o pen teŋe la ta n nɛra nɛɛ jae kpa, dɛkalkɛŋɔ o ta n fɔo la ta teŋɛ.”","""The word was the way, and you opened my eyes; I will never forget the journey, the ancestors' voice was calling.""",john_AC86BE0F_output (5),,16.315558434610214,7.430373661088236,4.826546003016591
"But Laban told him, “If you really are my friend, stay on, and I'll pay whatever you ask. I'm sure the Lord has blessed me because of you.”","Gel n jemɛ kembɔr maa chɛ kɛ n kpɔ tɛɛ, ásɛ n nyin tɛɛ.”","Gel and his child went to do something, but he has something.",john_AC86BE0F_output (5),,10.753853556027742,7.430373661088236,4.826546003016591
"And Jacob told them to be sure to say that he was right behind them. Jacob hoped the gifts would make Esau friendly, so Esau would be glad to see him when they met.","Hé berɛ ɡel ó jemɛ kɛŋɔ o bonɔɔ Jekɔb ɡe lɔ habɔɔ dɛɛ ba. Dɛ ń tɔ sie, dɛ́ kpɔ koŋkɛɛla nɔ ba tɛɛ, ásɛ mɔɔ o tel he be. Ásɛ dɛ he nao waa, he ken ɛɛ kpɔɔ kɛɔ.”","Then he went and found Jacob and told him all these things. And when he had sent for his brothers and they had come, he prepared himself and spoke to them.",john_AC86BE0F_output (5),,25.97612937415009,7.430373661088236,4.826546003016591
So God created humans to be like himself; he made men and women.,"Anomanta, o ta nɛwɛnyina, ɡɛ tenten waa doa laanee o ta ba. Baa ne haahnee o ta.","Anomanta, the one who is not here, walks to the place where he is. What is that he sees?",output_JA-4,,15.065301822822914,7.430373661088236,4.826546003016591
Get some good lumber and build a boat. Put rooms in it and cover it with tar inside and out.,"Anomanta, Nowa, ka nyin daa waa kpeɡa, dɛ́ kwaa dakajen waa won nee sie vala kɛŋɔ ɡbera, ásɛ dɛ bɔne o bini kɛŋɔ deene, ásɛ dɛ kpɔ kootal maa o bini ne o habɔɔ bwa.","Anomanta, Nowa, and the people of today have arrived in Dakajen, took the riverside path, saw the town there, entered his house and rested.",output_JA-4,,18.701524209996133,7.430373661088236,4.826546003016591
Any man who isn't circumcised hasn't kept his part of the promise and cannot be one of my people.,"Bɛlbwa waa wola o pen teŋe la ta n nɛra nɛɛ jae kpa, dɛkalkɛŋɔ o ta n fɔo la ta teŋɛ.”","""The fear of the Lord is the beginning of knowledge, and the knowledge of the Holy One is wisdom.""",output_JA-4,,17.580554606830905,7.430373661088236,4.826546003016591
"But Laban told him, “If you really are my friend, stay on, and I'll pay whatever you ask. I'm sure the Lord has blessed me because of you.”","Gel n jemɛ kembɔr maa chɛ kɛ n kpɔ tɛɛ, ásɛ n nyin tɛɛ.”","If you go to war without me, then you will go alone.",output_JA-4,,10.631721254789879,7.430373661088236,4.826546003016591
"And Jacob told them to be sure to say that he was right behind them. Jacob hoped the gifts would make Esau friendly, so Esau would be glad to see him when they met.","Hé berɛ ɡel ó jemɛ kɛŋɔ o bonɔɔ Jekɔb ɡe lɔ habɔɔ dɛɛ ba. Dɛ ń tɔ sie, dɛ́ kpɔ koŋkɛɛla nɔ ba tɛɛ, ásɛ mɔɔ o tel he be. Ásɛ dɛ he nao waa, he ken ɛɛ kpɔɔ kɛɔ.”","Now the man said, ""Let me go, for the dawn is breaking."" But Jacob replied, ""I will not let you go unless you bless me."" So the man asked him, ""What is your name?"" ""Jacob,"" he answered.",output_JA-4,,21.506444830229928,7.430373661088236,4.826546003016591
"As soon as Laban heard the news, he ran out to meet Jacob. He hugged and kissed him and brought him to his home, where Jacob told him everything that had happened.","Laban aa no o manaara Jekɔb waa la, o chwao ka chemo dɛ ɡbaaro pɛl o te dɛ ba o ne dem. Asɛ Jekɔb bɔ o amaneɛ bwa.","Laban gave his daughter to Jacob as a wife, and he worked for seven years, and afterward requested to marry her. However, Jacob had to fulfill his father-in-law's demand.",output-onesimus_004,0.60810554,25.76410160579031,7.430373661088236,4.826546003016591
"Leah shouted, “God has rewarded me for letting Jacob marry my servant,” and she named the boy Issachar.","Anee Lea ŋɔ, “Korowii tɛ mɛ n kembɔr, dɛkalkɛ n lawɛ n tolo tɛ n jaa asɛ o ne o chɔ.” Anomanta, o pa o sɔn Isaaka.","And Leah said, ""You have taken my maid, but now I will give my maid to my husband, and she will bear children for me."" Then she gave her to her son Isaac.",output-onesimus_004,0.64659977,23.410789963915338,7.430373661088236,4.826546003016591
"He destroyed those cities and everyone who lived in them, as well as their land and the trees and grass that grew there.","O chɔɡ deŋɡarere dor harɛ waa chɔa kaa la bwa ne bwɛɛre aa lɔ o ta, nɛra baa lɔ bela bwa sekwaraa, ne konduula aa lɔ harɛ la ta bwa.","When O Chog Degarere went to the river to fetch water, the pot fell into the river, the crocodile came out of the river, and the tortoise followed him to the river.",output-onesimus_004,0.16287236,22.383038857297368,7.430373661088236,4.826546003016591
"Jacob said, “I have seen God face to face, and I am still alive.” So he named the place Peniel.","Belaa o ŋɔ, “N na Korowii siwi ne dɛ ta so mkpa ta.” Anomanta, o pa bela sɔn Pɛneɛl.","Belaa and ŋɔ, ""I am Korowii, the child he gave you to keep."" Anomanta spoke to Pɛneɛl.",output-onesimus_004,0.31817207,15.90189849379288,7.430373661088236,4.826546003016591
"Then he said to the servant in charge of the first herd, “When Esau meets you, he will ask whose servant you are. He will want to know where you are going and who owns those animals in front of you.","O ŋɔ o bonɔɔ waa tɔ sie la be ŋɔ, “Dɛ n dɔɔ Esɔ cheme dɛ bɔɔre ŋɔ he dɔɔree umeo? Leperaa hɛɛ kaa lɔ? Ume kondɛɛraa he kpɔ dɛɛ kaa laa,","He told them, ""When you find him, tell him, 'Where is the child Esɔ that you are looking for? Did he give you water?' The leper said, 'Where?' The water in the village, he went where there was water.""",output-onesimus_004,0.4713762,24.894409406613267,7.430373661088236,4.826546003016591
So God created humans to be like himself; he made men and women.,"Anomanta, o ta nɛwɛnyina, ɡɛ tenten waa doa laanee o ta ba. Baa ne haahnee o ta.","Anomanta, he comes and walks to Doa Laanee. Where does he go?",onesimus_7C821E01_Dec 01 output,,17.926517609507417,7.430373661088236,4.826546003016591
Get some good lumber and build a boat. Put rooms in it and cover it with tar inside and out.,"Anomanta, Nowa, ka nyin daa waa kpeɡa, dɛ́ kwaa dakajen waa won nee sie vala kɛŋɔ ɡbera, ásɛ dɛ bɔne o bini kɛŋɔ deene, ásɛ dɛ kpɔ kootal maa o bini ne o habɔɔ bwa.","Anomanta, Nowa, who created the earth and sky, when he spoke the dry land emerged from the water, he made the sun and the moon, he placed the stars in the sky and the fish in the water.",onesimus_7C821E01_Dec 01 output,,16.55160736845341,7.430373661088236,4.826546003016591
Any man who isn't circumcised hasn't kept his part of the promise and cannot be one of my people.,"Bɛlbwa waa wola o pen teŋe la ta n nɛra nɛɛ jae kpa, dɛkalkɛŋɔ o ta n fɔo la ta teŋɛ.”","The man said to them, ""You will surely die if you eat from the tree of knowledge.""",onesimus_7C821E01_Dec 01 output,,15.340259792900937,7.430373661088236,4.826546003016591
"But Laban told him, “If you really are my friend, stay on, and I'll pay whatever you ask. I'm sure the Lord has blessed me because of you.”","Gel n jemɛ kembɔr maa chɛ kɛ n kpɔ tɛɛ, ásɛ n nyin tɛɛ.”","Gel's elder child gave birth, and the father died, but the mother survived.",onesimus_7C821E01_Dec 01 output,,12.770367184882788,7.430373661088236,4.826546003016591
"And Jacob told them to be sure to say that he was right behind them. Jacob hoped the gifts would make Esau friendly, so Esau would be glad to see him when they met.","Hé berɛ ɡel ó jemɛ kɛŋɔ o bonɔɔ Jekɔb ɡe lɔ habɔɔ dɛɛ ba. Dɛ ń tɔ sie, dɛ́ kpɔ koŋkɛɛla nɔ ba tɛɛ, ásɛ mɔɔ o tel he be. Ásɛ dɛ he nao waa, he ken ɛɛ kpɔɔ kɛɔ.”","Then he went to Haran, Jacob's place, and stayed there for a while. And he saw her, took her hand in marriage, and spoke to her. But when he saw her, he wept and kissed her.",onesimus_7C821E01_Dec 01 output,,19.721386084522667,7.430373661088236,4.826546003016591
"Isaac built an altar there and worshiped the Lord. Then he set up camp, and his servants started digging a well.","Belaa Aesek ɛ kon baa ɛ saraha o ta dɛɛ tɛ Korowii bela dɛɛ tomɔ. O baŋre o tɛnte dea, asɛ o bonɔɔna la kwi kɔlɔŋ bela ja.","Belaa Aesek came to Saraha and went to the house of Korowii. He did something there, and afterwards, he ate the food there.",output_jonathan,0.37766024,22.722224344468387,7.430373661088236,4.826546003016591
"Nations will be your servants and bow down to you. You will rule over your brothers, and they will kneel at your feet. Anyone who curses you will be cursed; anyone who blesses you will be blessed.”","Harɛre nɛra ɛɛ tomɛɛ, dɛ́ ɡuŋii harɛ. Hɛɛ ɛ nomoa he nya bii bwa nɛɛ, ásɛ ba ɡuŋi harɛ. Nomɛlbwa waa taahnee la, á berɛ ɡure o nyu ta, ásɛ nomɛlbwa waa soŋe andɛɛɡa tɛɛ la, ó ɡe dɔ andɛɛɡa.”","The words are sweet, come into the house. This child eats the dog's food, so you enter the house. The child's work is completed, when the new day comes, the child takes the wealth, and he uses the wealth.",output_jonathan,0.20971367,17.53971499222185,7.430373661088236,4.826546003016591
"Joseph answered, “I'm looking for my brothers who are watching the sheep. Can you tell me where they are?”","Asɛ o chaŋo ŋɔ, “N dɔɔranar ne ba kondɛɛra bɔree mɛɛ ɡaaɡe. N poori, hɛɛ won chaɡ mɛ bela baa lole naa?”","My child, I have told you many times. Why do you still not listen?",output_jonathan,0.12958917,11.985818772038591,7.430373661088236,4.826546003016591
"God told Jacob, “Return to Bethel, where I appeared to you when you were running from your brother Esau. Make your home there and build an altar for me.”","Anee Korowii ŋɔ Jekɔb be ŋɔ, “Ir kaa Bɛtel ásɛ dɛ ka so bela. Dɛ́ ɛ kon baa dɛ ɛ saraha o ta la tɛ men Korowii maa kpɔ n te baɡle ɡɛ saŋ haa chwaa dɛ le he dɔɔ Esɔ be la.”","Then God said to Jacob, ""Go to Bethel and settle there. Make a vow there, and when you return to your people, build a house for me so that Esau will know.""",output_jonathan,0.8998742,38.355568470591656,7.430373661088236,4.826546003016591
"Lamech and Zillah had a son named Tubal Cain who made tools out of bronze and iron. They also had a daughter, whose name was Naamah.","Siila ɡe lolɛ bibaa, dɛ pa o sɔn Tubal Keen. Onee ira dɛ pa mun loɡɛ. Siila berɔ lolɛ bihaah, dɛ pa o sɔn Naama.","Siila was the father of Bibaa, and he was the son of Tubal Keen. Onee ira was the son of Mun Loɡe. Siila was the father of Bihaah, and he was the son of Naama.",output_jonathan,0.44305363,21.05595037512666,7.430373661088236,4.826546003016591
So God created humans to be like himself; he made men and women.,"Anomanta, o ta nɛwɛnyina, ɡɛ tenten waa doa laanee o ta ba. Baa ne haahnee o ta.","Anomanta, he is in Newyina, and he walked to the river to fetch water yesterday. His child is sick, he is.",output_JA-2,,17.110374457290437,7.430373661088236,4.826546003016591
Get some good lumber and build a boat. Put rooms in it and cover it with tar inside and out.,"Anomanta, Nowa, ka nyin daa waa kpeɡa, dɛ́ kwaa dakajen waa won nee sie vala kɛŋɔ ɡbera, ásɛ dɛ bɔne o bini kɛŋɔ deene, ásɛ dɛ kpɔ kootal maa o bini ne o habɔɔ bwa.","Anomanta, Nowa, and the child went to the farm, and when they arrived there, they found the house open, and they entered to rest, and they saw the village chief's daughter crying, and they asked her what was wrong.",output_JA-2,,16.085498867150466,7.430373661088236,4.826546003016591
Any man who isn't circumcised hasn't kept his part of the promise and cannot be one of my people.,"Bɛlbwa waa wola o pen teŋe la ta n nɛra nɛɛ jae kpa, dɛkalkɛŋɔ o ta n fɔo la ta teŋɛ.”","Bɛlbwa will go to do the work there, and when he arrives, he will do it, and when he eats, he will do it.",output_JA-2,,13.443094375716559,7.430373661088236,4.826546003016591
"But Laban told him, “If you really are my friend, stay on, and I'll pay whatever you ask. I'm sure the Lord has blessed me because of you.”","Gel n jemɛ kembɔr maa chɛ kɛ n kpɔ tɛɛ, ásɛ n nyin tɛɛ.”","""Gel ate the food he made, and he wanted it.""",output_JA-2,,9.527839006933576,7.430373661088236,4.826546003016591
"And Jacob told them to be sure to say that he was right behind them. Jacob hoped the gifts would make Esau friendly, so Esau would be glad to see him when they met.","Hé berɛ ɡel ó jemɛ kɛŋɔ o bonɔɔ Jekɔb ɡe lɔ habɔɔ dɛɛ ba. Dɛ ń tɔ sie, dɛ́ kpɔ koŋkɛɛla nɔ ba tɛɛ, ásɛ mɔɔ o tel he be. Ásɛ dɛ he nao waa, he ken ɛɛ kpɔɔ kɛɔ.”","Then Jacob made a vow, saying, ""If God remains with me and guards me on this journey, and gives me bread to eat and clothes to wear, so that I return safely to my father's house, then the Lord shall be my God.""",output_JA-2,,24.441361371851645,7.430373661088236,4.826546003016591
So God created humans to be like himself; he made men and women.,"Anomanta, o ta nɛwɛnyina, ɡɛ tenten waa doa laanee o ta ba. Baa ne haahnee o ta.","Anomanta, the child, is walking to the town with him. He is also going there.",gerhardt_8019BE0D_output_WsImHC,,14.214954591743712,7.430373661088236,4.826546003016591
Get some good lumber and build a boat. Put rooms in it and cover it with tar inside and out.,"Anomanta, Nowa, ka nyin daa waa kpeɡa, dɛ́ kwaa dakajen waa won nee sie vala kɛŋɔ ɡbera, ásɛ dɛ bɔne o bini kɛŋɔ deene, ásɛ dɛ kpɔ kootal maa o bini ne o habɔɔ bwa.",,gerhardt_8019BE0D_output_WsImHC,,,7.430373661088236,4.826546003016591
Any man who isn't circumcised hasn't kept his part of the promise and cannot be one of my people.,"Bɛlbwa waa wola o pen teŋe la ta n nɛra nɛɛ jae kpa, dɛkalkɛŋɔ o ta n fɔo la ta teŋɛ.”","My friend, the word he spoke, the thing he gave, come here, the one who finds the word.",gerhardt_8019BE0D_output_WsImHC,,14.760421877712243,7.430373661088236,4.826546003016591
"But Laban told him, “If you really are my friend, stay on, and I'll pay whatever you ask. I'm sure the Lord has blessed me because of you.”","Gel n jemɛ kembɔr maa chɛ kɛ n kpɔ tɛɛ, ásɛ n nyin tɛɛ.”","Gel went to the big village and said he would return, but he hasn't come back yet.",gerhardt_8019BE0D_output_WsImHC,,13.831947548639908,7.430373661088236,4.826546003016591
"And Jacob told them to be sure to say that he was right behind them. Jacob hoped the gifts would make Esau friendly, so Esau would be glad to see him when they met.","Hé berɛ ɡel ó jemɛ kɛŋɔ o bonɔɔ Jekɔb ɡe lɔ habɔɔ dɛɛ ba. Dɛ ń tɔ sie, dɛ́ kpɔ koŋkɛɛla nɔ ba tɛɛ, ásɛ mɔɔ o tel he be. Ásɛ dɛ he nao waa, he ken ɛɛ kpɔɔ kɛɔ.”","Then he went to find Jacob's house, but he couldn't find his father. Then he went to tell him, ""He said to him, ...""",gerhardt_8019BE0D_output_WsImHC,,19.165393202017007,7.430373661088236,4.826546003016591
So God created humans to be like himself; he made men and women.,"Anomanta, o ta nɛwɛnyina, ɡɛ tenten waa doa laanee o ta ba. Baa ne haahnee o ta.","The Elder, the wise one, settles disputes among the people. He brings peace.",Dec 02 output,,12.896336951678014,7.430373661088236,4.826546003016591
Get some good lumber and build a boat. Put rooms in it and cover it with tar inside and out.,"Anomanta, Nowa, ka nyin daa waa kpeɡa, dɛ́ kwaa dakajen waa won nee sie vala kɛŋɔ ɡbera, ásɛ dɛ bɔne o bini kɛŋɔ deene, ásɛ dɛ kpɔ kootal maa o bini ne o habɔɔ bwa.","Anomanta, Nowa, and you all have done the work, and they ate yam and they went to fetch water in the town, so they came to him from the river, so he took his basket and ran to the place.",Dec 02 output,,18.13248073919395,7.430373661088236,4.826546003016591
Any man who isn't circumcised hasn't kept his part of the promise and cannot be one of my people.,"Bɛlbwa waa wola o pen teŋe la ta n nɛra nɛɛ jae kpa, dɛkalkɛŋɔ o ta n fɔo la ta teŋɛ.”","Bɛlbwa went to the farm and saw a snake, the snake bit him and he died.",Dec 02 output,,14.867792318839628,7.430373661088236,4.826546003016591
"But Laban told him, “If you really are my friend, stay on, and I'll pay whatever you ask. I'm sure the Lord has blessed me because of you.”","Gel n jemɛ kembɔr maa chɛ kɛ n kpɔ tɛɛ, ásɛ n nyin tɛɛ.”","""Go to the country, I am here now.""",Dec 02 output,,6.324936916903232,7.430373661088236,4.826546003016591
"And Jacob told them to be sure to say that he was right behind them. Jacob hoped the gifts would make Esau friendly, so Esau would be glad to see him when they met.","Hé berɛ ɡel ó jemɛ kɛŋɔ o bonɔɔ Jekɔb ɡe lɔ habɔɔ dɛɛ ba. Dɛ ń tɔ sie, dɛ́ kpɔ koŋkɛɛla nɔ ba tɛɛ, ásɛ mɔɔ o tel he be. Ásɛ dɛ he nao waa, he ken ɛɛ kpɔɔ kɛɔ.”","And when he came to the place of Jacob, he found him working there. He said, ""I have worked enough, I will not work anymore."" And he said, ""I will not do it again, for I have completed it.""",Dec 02 output,,20.819473390874723,7.430373661088236,4.826546003016591
So God created humans to be like himself; he made men and women.,"Anomanta, o ta nɛwɛnyina, ɡɛ tenten waa doa laanee o ta ba. Baa ne haahnee o ta.","The child, your name, will walk far and carry your name. That is your way.",john_567A83BD_output (1),,13.435906353830429,7.430373661088236,4.826546003016591
Get some good lumber and build a boat. Put rooms in it and cover it with tar inside and out.,"Anomanta, Nowa, ka nyin daa waa kpeɡa, dɛ́ kwaa dakajen waa won nee sie vala kɛŋɔ ɡbera, ásɛ dɛ bɔne o bini kɛŋɔ deene, ásɛ dɛ kpɔ kootal maa o bini ne o habɔɔ bwa.","Anomanta, Nowa, and another person went to the farm, and when they arrived there, they started weeding, then they went to another person's farm and also weeded there before returning home.",john_567A83BD_output (1),,16.74188513809904,7.430373661088236,4.826546003016591
Any man who isn't circumcised hasn't kept his part of the promise and cannot be one of my people.,"Bɛlbwa waa wola o pen teŋe la ta n nɛra nɛɛ jae kpa, dɛkalkɛŋɔ o ta n fɔo la ta teŋɛ.”","Bɛlbwa said to them, ""You must go there,"" and they went where he told them.",john_567A83BD_output (1),,12.199145338612002,7.430373661088236,4.826546003016591
"But Laban told him, “If you really are my friend, stay on, and I'll pay whatever you ask. I'm sure the Lord has blessed me because of you.”","Gel n jemɛ kembɔr maa chɛ kɛ n kpɔ tɛɛ, ásɛ n nyin tɛɛ.”","Gel and his friend went to the farm to get something, but he did not find anything.",john_567A83BD_output (1),,13.522160708090986,7.430373661088236,4.826546003016591
"And Jacob told them to be sure to say that he was right behind them. Jacob hoped the gifts would make Esau friendly, so Esau would be glad to see him when they met.","Hé berɛ ɡel ó jemɛ kɛŋɔ o bonɔɔ Jekɔb ɡe lɔ habɔɔ dɛɛ ba. Dɛ ń tɔ sie, dɛ́ kpɔ koŋkɛɛla nɔ ba tɛɛ, ásɛ mɔɔ o tel he be. Ásɛ dɛ he nao waa, he ken ɛɛ kpɔɔ kɛɔ.”","""Then he came to the place of Jacob and spoke to Joseph about it. And he said, 'Send a message to them, so that they may come.' And he went and found peace.""",john_567A83BD_output (1),,22.972103202690334,7.430373661088236,4.826546003016591
So God created humans to be like himself; he made men and women.,"Anomanta, o ta nɛwɛnyina, ɡɛ tenten waa doa laanee o ta ba. Baa ne haahnee o ta.","Anomanta, he is the one who will swiftly go and come to you. The word is true, he is.",john_AA1B9A68_output (9),,16.15665942672699,7.430373661088236,4.826546003016591
Get some good lumber and build a boat. Put rooms in it and cover it with tar inside and out.,"Anomanta, Nowa, ka nyin daa waa kpeɡa, dɛ́ kwaa dakajen waa won nee sie vala kɛŋɔ ɡbera, ásɛ dɛ bɔne o bini kɛŋɔ deene, ásɛ dɛ kpɔ kootal maa o bini ne o habɔɔ bwa.","Finally, Nowa, who was the youngest of them all, decided to go to the town of Vala Kɛŋɔ Gbera, taking along her younger sister Kɛŋɔ Deene, and also taking the small goat that was her companion.",john_AA1B9A68_output (9),,17.674215357348366,7.430373661088236,4.826546003016591
Any man who isn't circumcised hasn't kept his part of the promise and cannot be one of my people.,"Bɛlbwa waa wola o pen teŋe la ta n nɛra nɛɛ jae kpa, dɛkalkɛŋɔ o ta n fɔo la ta teŋɛ.”","We are going to the farm to plant yams and maize, and then we will return home.",john_AA1B9A68_output (9),,16.344623058467842,7.430373661088236,4.826546003016591
"But Laban told him, “If you really are my friend, stay on, and I'll pay whatever you ask. I'm sure the Lord has blessed me because of you.”","Gel n jemɛ kembɔr maa chɛ kɛ n kpɔ tɛɛ, ásɛ n nyin tɛɛ.”","If you do not sow, you will not reap.",john_AA1B9A68_output (9),,8.092872255128528,7.430373661088236,4.826546003016591
"And Jacob told them to be sure to say that he was right behind them. Jacob hoped the gifts would make Esau friendly, so Esau would be glad to see him when they met.","Hé berɛ ɡel ó jemɛ kɛŋɔ o bonɔɔ Jekɔb ɡe lɔ habɔɔ dɛɛ ba. Dɛ ń tɔ sie, dɛ́ kpɔ koŋkɛɛla nɔ ba tɛɛ, ásɛ mɔɔ o tel he be. Ásɛ dɛ he nao waa, he ken ɛɛ kpɔɔ kɛɔ.”","""When he arrived, he found at the well the sons of Jacob's servants there, two of them. And he approached the first of the two and asked about their welfare. And he said to them, 'Do you know him?'""",john_AA1B9A68_output (9),,23.746638402913646,7.430373661088236,4.826546003016591
So God created humans to be like himself; he made men and women.,"Anomanta, o ta nɛwɛnyina, ɡɛ tenten waa doa laanee o ta ba. Baa ne haahnee o ta.","Anomanta, he is the eternal one, walks to the river's edge and remains there. He is the blessed one.",Dec 07 output,,18.527900551033227,7.430373661088236,4.826546003016591
Get some good lumber and build a boat. Put rooms in it and cover it with tar inside and out.,"Anomanta, Nowa, ka nyin daa waa kpeɡa, dɛ́ kwaa dakajen waa won nee sie vala kɛŋɔ ɡbera, ásɛ dɛ bɔne o bini kɛŋɔ deene, ásɛ dɛ kpɔ kootal maa o bini ne o habɔɔ bwa.","Anomanta and Nowa went to the river to fetch water, when they arrived there they found a house, then they found some food, and then they ate and left.",Dec 07 output,,19.24887153102804,7.430373661088236,4.826546003016591
Any man who isn't circumcised hasn't kept his part of the promise and cannot be one of my people.,"Bɛlbwa waa wola o pen teŋe la ta n nɛra nɛɛ jae kpa, dɛkalkɛŋɔ o ta n fɔo la ta teŋɛ.”","God is our refuge and strength, a very present help in trouble.",Dec 07 output,,13.436016619801311,7.430373661088236,4.826546003016591
"But Laban told him, “If you really are my friend, stay on, and I'll pay whatever you ask. I'm sure the Lord has blessed me because of you.”","Gel n jemɛ kembɔr maa chɛ kɛ n kpɔ tɛɛ, ásɛ n nyin tɛɛ.”","Gel took his spear and struck him, so that he did it, if he went there.",Dec 07 output,,12.125095268350746,7.430373661088236,4.826546003016591
"And Jacob told them to be sure to say that he was right behind them. Jacob hoped the gifts would make Esau friendly, so Esau would be glad to see him when they met.","Hé berɛ ɡel ó jemɛ kɛŋɔ o bonɔɔ Jekɔb ɡe lɔ habɔɔ dɛɛ ba. Dɛ ń tɔ sie, dɛ́ kpɔ koŋkɛɛla nɔ ba tɛɛ, ásɛ mɔɔ o tel he be. Ásɛ dɛ he nao waa, he ken ɛɛ kpɔɔ kɛɔ.”","And he dreamed of a ladder standing on the earth, with its top reaching to heaven; and the angels of God were ascending and descending on it. And the Lord stood beside him and said, ""I am the Lord, the God of Abraham your father and the God of Isaac; the land on which you lie I will give to you and to your offspring.""""",Dec 07 output,,22.9547233039893,7.430373661088236,4.826546003016591
So God created humans to be like himself; he made men and women.,"Anomanta, o ta nɛwɛnyina, ɡɛ tenten waa doa laanee o ta ba. Baa ne haahnee o ta.","Anomanta, the child is very weak, he cannot stand. That is his condition.",Dec 10 output,,14.958356632469533,7.430373661088236,4.826546003016591
Get some good lumber and build a boat. Put rooms in it and cover it with tar inside and out.,"Anomanta, Nowa, ka nyin daa waa kpeɡa, dɛ́ kwaa dakajen waa won nee sie vala kɛŋɔ ɡbera, ásɛ dɛ bɔne o bini kɛŋɔ deene, ásɛ dɛ kpɔ kootal maa o bini ne o habɔɔ bwa.","Anomanta, Nowa, and their companions went to Kpega, and after three days they arrived at Dakajen. Then they entered the town of Deene, and then they went to the village of Kootal where there was a problem.",Dec 10 output,,16.513376289694058,7.430373661088236,4.826546003016591
Any man who isn't circumcised hasn't kept his part of the promise and cannot be one of my people.,"Bɛlbwa waa wola o pen teŋe la ta n nɛra nɛɛ jae kpa, dɛkalkɛŋɔ o ta n fɔo la ta teŋɛ.”","Bɛlbwa said that they spoke to him about the matter he was involved in, and the other person was also involved in that matter.",Dec 10 output,,16.76181448395847,7.430373661088236,4.826546003016591
"But Laban told him, “If you really are my friend, stay on, and I'll pay whatever you ask. I'm sure the Lord has blessed me because of you.”","Gel n jemɛ kembɔr maa chɛ kɛ n kpɔ tɛɛ, ásɛ n nyin tɛɛ.”",,Dec 10 output,,,7.430373661088236,4.826546003016591
"And Jacob told them to be sure to say that he was right behind them. Jacob hoped the gifts would make Esau friendly, so Esau would be glad to see him when they met.","Hé berɛ ɡel ó jemɛ kɛŋɔ o bonɔɔ Jekɔb ɡe lɔ habɔɔ dɛɛ ba. Dɛ ń tɔ sie, dɛ́ kpɔ koŋkɛɛla nɔ ba tɛɛ, ásɛ mɔɔ o tel he be. Ásɛ dɛ he nao waa, he ken ɛɛ kpɔɔ kɛɔ.”","And when he came, he saw Jacob's son at the well. He said to them, ""Gather stones and remove them from the mouth of the well, and roll the stone away."" And when they had rolled it away, he watered his father's sheep.",Dec 10 output,,25.096727528210867,7.430373661088236,4.826546003016591
She had already hidden them in the cushion she used as a saddle and was sitting on it. Laban searched everywhere and did not find them.,Ajaah dɛ onee kpɔa do kon baa kpɔa dawɛ nyoɡma ta dɛɛ so o ta la lɔɡa dɛ so a ta. Dɛ Laban kaa nyiŋi o dea kɛ o ta an nae.,,output-onesimus_005,-0.067495145,,7.430373661088236,4.826546003016591
"“Let Rebekah stay with us for a week or ten days,” they answered. “Then she may go.”","Anee Rebɛka dɔɔ ne o nya chaŋe ŋɔ, “Gel haah la so ya be tama dɛ́ ɛ tɔpera fi mɔɔ dɛ́ kaa.”","Then Rebecca quickly emptied her jar into the trough, ""Let him drink, and I will also water his camels.""",output-onesimus_005,0.3830881,19.21068022943746,7.430373661088236,4.826546003016591
"As Jacob and Esau grew older, Esau liked the outdoors and became a good hunter, while Jacob lived the quiet life of a shepherd.",Bii la bwa baa kpeɡ. Asɛ Esɔ kpɔ o te ɛ kpɔɡ bini nɛn dɛɛ kpaah kɛrɛdɛ. Dɛ Jekɔb te dɛ so dem.,Bii went to drink water. And Esɔ saw him when he saw the child and the woman. Jacob was among them.,output-onesimus_005,0.48642716,18.985184732345388,7.430373661088236,4.826546003016591
"One hot summer afternoon while Abraham was sitting by the entrance to his tent near the sacred trees of Mamre, the Lord appeared to him.","Awola webaŋkpela bɛl, Abraham soɡe o tɛnte dea doonyoa Mamre dajena la bɔr, asɛ Korowii berɛ ba o be ja.","Abraham pitched his tent in the land of Canaan, and Korah's family also stayed there during that time.",output-onesimus_005,0.573552,23.19381079351567,7.430373661088236,4.826546003016591
"The first one is the Pishon River that flows through the land of Havilah,",O kpale waa tɔ sie la sɔne Pesɔn Moo. O palɔ dɛ ɡoli kpɔ Havila harɛ ta bela suuɡaswɛm aa lole.,He went to the land called Pesɔn Moo. He also went to Havila where there is a great gathering and teaching.,output-onesimus_005,0.38498878,24.359022397995798,7.430373661088236,4.826546003016591
So God created humans to be like himself; he made men and women.,"Anomanta, o ta nɛwɛnyina, ɡɛ tenten waa doa laanee o ta ba. Baa ne haahnee o ta.","Anomanta, you are not a child, you will surely go to the farm and find it. Where is the one who will come, you are.",john_7781CD93_output (6),,17.09648850527823,7.430373661088236,4.826546003016591
Get some good lumber and build a boat. Put rooms in it and cover it with tar inside and out.,"Anomanta, Nowa, ka nyin daa waa kpeɡa, dɛ́ kwaa dakajen waa won nee sie vala kɛŋɔ ɡbera, ásɛ dɛ bɔne o bini kɛŋɔ deene, ásɛ dɛ kpɔ kootal maa o bini ne o habɔɔ bwa.","Anomanta, Now, you have come to work, the time you began this work, since you have done this work, if you have their knowledge, if you have taken their path, you are their equal.",john_7781CD93_output (6),,16.25990995390546,7.430373661088236,4.826546003016591
Any man who isn't circumcised hasn't kept his part of the promise and cannot be one of my people.,"Bɛlbwa waa wola o pen teŋe la ta n nɛra nɛɛ jae kpa, dɛkalkɛŋɔ o ta n fɔo la ta teŋɛ.”","Belbwa said, ""Whoever hears my word and believes in the one who sent me has eternal life, and will not come into judgment but has passed from death to life.""",john_7781CD93_output (6),,20.384259613292038,7.430373661088236,4.826546003016591
"But Laban told him, “If you really are my friend, stay on, and I'll pay whatever you ask. I'm sure the Lord has blessed me because of you.”","Gel n jemɛ kembɔr maa chɛ kɛ n kpɔ tɛɛ, ásɛ n nyin tɛɛ.”","Gel and Jemɛ eat food, they go to put it there, and then they sit there.",john_7781CD93_output (6),,11.430931276170911,7.430373661088236,4.826546003016591
"And Jacob told them to be sure to say that he was right behind them. Jacob hoped the gifts would make Esau friendly, so Esau would be glad to see him when they met.","Hé berɛ ɡel ó jemɛ kɛŋɔ o bonɔɔ Jekɔb ɡe lɔ habɔɔ dɛɛ ba. Dɛ ń tɔ sie, dɛ́ kpɔ koŋkɛɛla nɔ ba tɛɛ, ásɛ mɔɔ o tel he be. Ásɛ dɛ he nao waa, he ken ɛɛ kpɔɔ kɛɔ.”","Then he said to his brothers, ""Go to Haran and take a wife for Jacob from there."" When you go, do not take a wife from the daughters of Canaan. Go now, and take a wife for me from Paddan-aram.""""",john_7781CD93_output (6),,18.8434845159937,7.430373661088236,4.826546003016591
So God created humans to be like himself; he made men and women.,"Anomanta, o ta nɛwɛnyina, ɡɛ tenten waa doa laanee o ta ba. Baa ne haahnee o ta.","Anomanta, he is the one who will work for you, and he will come. He will lead him.",gerhardt_25FFCBF7_output_DdErIM,,18.13594281313677,7.430373661088236,4.826546003016591
Get some good lumber and build a boat. Put rooms in it and cover it with tar inside and out.,"Anomanta, Nowa, ka nyin daa waa kpeɡa, dɛ́ kwaa dakajen waa won nee sie vala kɛŋɔ ɡbera, ásɛ dɛ bɔne o bini kɛŋɔ deene, ásɛ dɛ kpɔ kootal maa o bini ne o habɔɔ bwa.","Anomanta, Nowa, and you who are here, in the house where the child is sleeping, then they went to the village, then they took the child and went to the river.",gerhardt_25FFCBF7_output_DdErIM,,17.9461803125367,7.430373661088236,4.826546003016591
Any man who isn't circumcised hasn't kept his part of the promise and cannot be one of my people.,"Bɛlbwa waa wola o pen teŋe la ta n nɛra nɛɛ jae kpa, dɛkalkɛŋɔ o ta n fɔo la ta teŋɛ.”","Bɛlbwa did the work that was said to be impossible, and this difficult task was accomplished.",gerhardt_25FFCBF7_output_DdErIM,,15.72805703073491,7.430373661088236,4.826546003016591
"But Laban told him, “If you really are my friend, stay on, and I'll pay whatever you ask. I'm sure the Lord has blessed me because of you.”","Gel n jemɛ kembɔr maa chɛ kɛ n kpɔ tɛɛ, ásɛ n nyin tɛɛ.”","Gel and his people ate the yam, and he went there, but he returned there.",gerhardt_25FFCBF7_output_DdErIM,,14.377232316147381,7.430373661088236,4.826546003016591
"And Jacob told them to be sure to say that he was right behind them. Jacob hoped the gifts would make Esau friendly, so Esau would be glad to see him when they met.","Hé berɛ ɡel ó jemɛ kɛŋɔ o bonɔɔ Jekɔb ɡe lɔ habɔɔ dɛɛ ba. Dɛ ń tɔ sie, dɛ́ kpɔ koŋkɛɛla nɔ ba tɛɛ, ásɛ mɔɔ o tel he be. Ásɛ dɛ he nao waa, he ken ɛɛ kpɔɔ kɛɔ.”","He came to a certain place and Jacob slept there. He took a stone, set it up as a pillar, and poured oil on it. He made a vow, saying, ""If God will be with me...""",gerhardt_25FFCBF7_output_DdErIM,,19.034332384594986,7.430373661088236,4.826546003016591
So God created humans to be like himself; he made men and women.,"Anomanta, o ta nɛwɛnyina, ɡɛ tenten waa doa laanee o ta ba. Baa ne haahnee o ta.","The Chief, he is wise, he is the one who gives birth to all the children of the land. Who is the one who can oppose him?",output_mich003,,15.831760902687824,7.430373661088236,4.826546003016591
Get some good lumber and build a boat. Put rooms in it and cover it with tar inside and out.,"Anomanta, Nowa, ka nyin daa waa kpeɡa, dɛ́ kwaa dakajen waa won nee sie vala kɛŋɔ ɡbera, ásɛ dɛ bɔne o bini kɛŋɔ deene, ásɛ dɛ kpɔ kootal maa o bini ne o habɔɔ bwa.","Anomanta, Nowa, and others went to the farm, and while they were there, they saw a goat and a bird, then they saw another bird, and then they took a stick and hit the stone.",output_mich003,,17.886469657144787,7.430373661088236,4.826546003016591
Any man who isn't circumcised hasn't kept his part of the promise and cannot be one of my people.,"Bɛlbwa waa wola o pen teŋe la ta n nɛra nɛɛ jae kpa, dɛkalkɛŋɔ o ta n fɔo la ta teŋɛ.”","He is a person who speaks the language in which he was born, and the place where he goes to speak.",output_mich003,,17.016408657506638,7.430373661088236,4.826546003016591
"But Laban told him, “If you really are my friend, stay on, and I'll pay whatever you ask. I'm sure the Lord has blessed me because of you.”","Gel n jemɛ kembɔr maa chɛ kɛ n kpɔ tɛɛ, ásɛ n nyin tɛɛ.”","""Gel and his wife ate so that he could work, and she could also work.""",output_mich003,,12.791478993001618,7.430373661088236,4.826546003016591
"And Jacob told them to be sure to say that he was right behind them. Jacob hoped the gifts would make Esau friendly, so Esau would be glad to see him when they met.","Hé berɛ ɡel ó jemɛ kɛŋɔ o bonɔɔ Jekɔb ɡe lɔ habɔɔ dɛɛ ba. Dɛ ń tɔ sie, dɛ́ kpɔ koŋkɛɛla nɔ ba tɛɛ, ásɛ mɔɔ o tel he be. Ásɛ dɛ he nao waa, he ken ɛɛ kpɔɔ kɛɔ.”","Jacob found a ram in the wilderness and offered it as a burnt offering there. Then he took some of its blood, put it on the horns of the altar, and poured the rest at its base. He said to them, ""This is a secret; do not reveal it to anyone.""",output_mich003,,22.7081920314748,7.430373661088236,4.826546003016591
So God created humans to be like himself; he made men and women.,"Anomanta, o ta nɛwɛnyina, ɡɛ tenten waa doa laanee o ta ba. Baa ne haahnee o ta.","The Eternal One, the Merciful, continually walks with us. There is no end to him.",output_JA-6,,14.916048910660242,7.430373661088236,4.826546003016591
Get some good lumber and build a boat. Put rooms in it and cover it with tar inside and out.,"Anomanta, Nowa, ka nyin daa waa kpeɡa, dɛ́ kwaa dakajen waa won nee sie vala kɛŋɔ ɡbera, ásɛ dɛ bɔne o bini kɛŋɔ deene, ásɛ dɛ kpɔ kootal maa o bini ne o habɔɔ bwa.","Anomanta, Nowa, and those who are here are strong, and those who have come with them to build a house for the town, and also to build roads for the town to make travel easier.",output_JA-6,,23.105578541320998,7.430373661088236,4.826546003016591
Any man who isn't circumcised hasn't kept his part of the promise and cannot be one of my people.,"Bɛlbwa waa wola o pen teŋe la ta n nɛra nɛɛ jae kpa, dɛkalkɛŋɔ o ta n fɔo la ta teŋɛ.”","The chief said the word that they should not do that, the elders said peace.",output_JA-6,,13.492466428614778,7.430373661088236,4.826546003016591
"But Laban told him, “If you really are my friend, stay on, and I'll pay whatever you ask. I'm sure the Lord has blessed me because of you.”","Gel n jemɛ kembɔr maa chɛ kɛ n kpɔ tɛɛ, ásɛ n nyin tɛɛ.”","Gel and I took our food and went there, and then we stayed there.",output_JA-6,,13.241385359067493,7.430373661088236,4.826546003016591
"And Jacob told them to be sure to say that he was right behind them. Jacob hoped the gifts would make Esau friendly, so Esau would be glad to see him when they met.","Hé berɛ ɡel ó jemɛ kɛŋɔ o bonɔɔ Jekɔb ɡe lɔ habɔɔ dɛɛ ba. Dɛ ń tɔ sie, dɛ́ kpɔ koŋkɛɛla nɔ ba tɛɛ, ásɛ mɔɔ o tel he be. Ásɛ dɛ he nao waa, he ken ɛɛ kpɔɔ kɛɔ.”","Jacob called his sons to bless them. Gather here, so I can speak to you all and you should listen to me. And what will happen to you in the future, I will tell you.",output_JA-6,,22.790686199274365,7.430373661088236,4.826546003016591
So God created humans to be like himself; he made men and women.,"Anomanta, o ta nɛwɛnyina, ɡɛ tenten waa doa laanee o ta ba. Baa ne haahnee o ta.","Anomanta, the big one, is in the house. He is not here.",Dec 03 output,,12.957354431885037,7.430373661088236,4.826546003016591
Get some good lumber and build a boat. Put rooms in it and cover it with tar inside and out.,"Anomanta, Nowa, ka nyin daa waa kpeɡa, dɛ́ kwaa dakajen waa won nee sie vala kɛŋɔ ɡbera, ásɛ dɛ bɔne o bini kɛŋɔ deene, ásɛ dɛ kpɔ kootal maa o bini ne o habɔɔ bwa.","Anomanta, Nowa, when you go to the farm, tell Dakajen that the great chief has summoned him, so he should go to the chief's house, and he must take the path to the town carefully.",Dec 03 output,,14.922841974185856,7.430373661088236,4.826546003016591
Any man who isn't circumcised hasn't kept his part of the promise and cannot be one of my people.,"Bɛlbwa waa wola o pen teŋe la ta n nɛra nɛɛ jae kpa, dɛkalkɛŋɔ o ta n fɔo la ta teŋɛ.”","Bɛlbwa went to Wola and did the work so that his children could eat, and then went to Dekalkɛŋɔ for his dog's work.",Dec 03 output,,15.75216179538836,7.430373661088236,4.826546003016591
"But Laban told him, “If you really are my friend, stay on, and I'll pay whatever you ask. I'm sure the Lord has blessed me because of you.”","Gel n jemɛ kembɔr maa chɛ kɛ n kpɔ tɛɛ, ásɛ n nyin tɛɛ.”","If you don't go to the town, then you will stay here.",Dec 03 output,,11.816350815320767,7.430373661088236,4.826546003016591
"And Jacob told them to be sure to say that he was right behind them. Jacob hoped the gifts would make Esau friendly, so Esau would be glad to see him when they met.","Hé berɛ ɡel ó jemɛ kɛŋɔ o bonɔɔ Jekɔb ɡe lɔ habɔɔ dɛɛ ba. Dɛ ń tɔ sie, dɛ́ kpɔ koŋkɛɛla nɔ ba tɛɛ, ásɛ mɔɔ o tel he be. Ásɛ dɛ he nao waa, he ken ɛɛ kpɔɔ kɛɔ.”","He saw in his dream a ladder standing on the earth, reaching to heaven, and the angels of God ascending and descending on it. And he said, ""Truly, the Lord is in this place, and I did not know it.""",Dec 03 output,,18.883436811021284,7.430373661088236,4.826546003016591
So God created humans to be like himself; he made men and women.,"Anomanta, o ta nɛwɛnyina, ɡɛ tenten waa doa laanee o ta ba. Baa ne haahnee o ta.","Anomanta, he is not a child, he is truly an elder. He who knows him is him.",Dec 09 output,,16.001458935432733,7.430373661088236,4.826546003016591
Get some good lumber and build a boat. Put rooms in it and cover it with tar inside and out.,"Anomanta, Nowa, ka nyin daa waa kpeɡa, dɛ́ kwaa dakajen waa won nee sie vala kɛŋɔ ɡbera, ásɛ dɛ bɔne o bini kɛŋɔ deene, ásɛ dɛ kpɔ kootal maa o bini ne o habɔɔ bwa.","Anomanta, Nowa, you went to the farm, and there came Dakajen wearing a red cloth, and he gave the money to the farmer, and he bought the cow and left.",Dec 09 output,,17.853234471933057,7.430373661088236,4.826546003016591
Any man who isn't circumcised hasn't kept his part of the promise and cannot be one of my people.,"Bɛlbwa waa wola o pen teŋe la ta n nɛra nɛɛ jae kpa, dɛkalkɛŋɔ o ta n fɔo la ta teŋɛ.”","Bɛlbwa said that they did something wrong to the people, this act of eating their words.",Dec 09 output,,20.113226729900408,7.430373661088236,4.826546003016591
"But Laban told him, “If you really are my friend, stay on, and I'll pay whatever you ask. I'm sure the Lord has blessed me because of you.”","Gel n jemɛ kembɔr maa chɛ kɛ n kpɔ tɛɛ, ásɛ n nyin tɛɛ.”","Gel and his friend went to the town, but he stayed there.",Dec 09 output,,13.779626052406696,7.430373661088236,4.826546003016591
"And Jacob told them to be sure to say that he was right behind them. Jacob hoped the gifts would make Esau friendly, so Esau would be glad to see him when they met.","Hé berɛ ɡel ó jemɛ kɛŋɔ o bonɔɔ Jekɔb ɡe lɔ habɔɔ dɛɛ ba. Dɛ ń tɔ sie, dɛ́ kpɔ koŋkɛɛla nɔ ba tɛɛ, ásɛ mɔɔ o tel he be. Ásɛ dɛ he nao waa, he ken ɛɛ kpɔɔ kɛɔ.”","Hurry up and take your share before Jacob's people come. If I stay here, if I go to the market and they are not there, then I will wait for him. And if he does not come, he can go there himself.",Dec 09 output,,23.122405414589377,7.430373661088236,4.826546003016591
"“Father,” Esau asked, “don't you have more than one blessing? You can surely give me a blessing too!” Then Esau started crying again.","Esɔ toɔh marɛ o mɛɛ dɛ soŋo ŋɔ, “Amɔ wesoŋa beŋkpoŋ ɡboo he dɔ dɛ tɛ Jekɔb haa wola bɛlee dɔ tɛ n te kpa aa? Soŋe andɛɛɡa tɛ n ɡe.” Asɛ dɛ wi kohona.",Where is Jacob's brother's wife? Go and find her.,output_onesimus007,0.19394442,7.585451611939657,7.430373661088236,4.826546003016591
"Jacob sent messengers on ahead to Esau, who lived in the land of Seir, also known as Edom.",Belaa Jekɔb tomɛ toroma ŋɔ bá tɔ o sie dɛ́ kaa o dɔɔ Esɔ be. Dɛ Esɔ soɡe harɛ bɛl baa dɛ yerɛ bela Edom.,"When Jacob was born, he took hold of Esau's heel, and after Esau was born, they called his name Edom.",output_onesimus007,0.6840254,25.862673071209212,7.430373661088236,4.826546003016591
"But if they refuse to let her come back with you, then you are freed from your promise.”","Dɛ he la dea maa le o ta, dɛ ba ta hen haah la tɛɛ kwaraa ɡba aa, dɛ he ta ntam toe kpa.’","Go and do good, and he will hear your word.",output_onesimus007,0.2184315,8.969267273399895,7.430373661088236,4.826546003016591
"Now I want you to promise in the name of God that you will always be loyal to me and my descendants, just as I have always been loyal to you in this land where you have lived as a foreigner.”","Anomanta, ŋwɛɛ Korowii kɛŋɔ haa n ne n bii ne naanaree neɡre. Nyiŋi kɛrɛdɛ wedɛɛɡa maa ɛɛ la, ásɛ dɛ kpɔ ɡɛ ɛ n ne harɛ nɔ haa baa so o ta taraken dɛ ɛ hɔɔhra nɔ tena bwa.”","Anomanta, the Korowii said that he would not do it, and he also told them that they should not fear, because there are many people who have not yet come. When Nyiŋi's child was born, he said, ""Let us go and fetch water for the child, so that when he grows up, he will know that we are his relatives and he will not abandon us in the future.""""",output_onesimus007,0.34882176,23.047524675317085,7.430373661088236,4.826546003016591
"“God understands what will happen on the day you eat fruit from that tree. You will see what you have done, and you will know the difference between right and wrong, just as God does.”","Korowii jemɔ kɛŋɔ dɛ he di daa la nɔn aa, he sie dɛ ba pila, he jemɛ wedɛɛɡa ne anchɔɡa kɛ on ken. A waa o ŋɔ he bɛ di la.”","Korowii eats the food that he does not eat during the day, he sleeps at night, he eats vegetables and fruits when he is hungry. They say that if you go there, he will die.",output_onesimus007,0.18735689,23.750889009901055,7.430373661088236,4.826546003016591
So God created humans to be like himself; he made men and women.,"Anomanta, o ta nɛwɛnyina, ɡɛ tenten waa doa laanee o ta ba. Baa ne haahnee o ta.","Anomanta, the great one, will surely come to see us and he is the father. They are not here.",john_1C6E69D4_output (8),,18.773354666071445,7.430373661088236,4.826546003016591
Get some good lumber and build a boat. Put rooms in it and cover it with tar inside and out.,"Anomanta, Nowa, ka nyin daa waa kpeɡa, dɛ́ kwaa dakajen waa won nee sie vala kɛŋɔ ɡbera, ásɛ dɛ bɔne o bini kɛŋɔ deene, ásɛ dɛ kpɔ kootal maa o bini ne o habɔɔ bwa.","Anomanta, Nowa, and the child who is called Kpega, and those who have not seen the good world to bear it, and also those who are in their homes with goodness, and also those who keep the promise in their place and their inheritance.",john_1C6E69D4_output (8),,21.82744623564937,7.430373661088236,4.826546003016591
Any man who isn't circumcised hasn't kept his part of the promise and cannot be one of my people.,"Bɛlbwa waa wola o pen teŋe la ta n nɛra nɛɛ jae kpa, dɛkalkɛŋɔ o ta n fɔo la ta teŋɛ.”","Bɛlbwa was on his way to the road when he met someone and they spoke, then when he arrived at dɛkalkɛŋɔ, something happened.",john_1C6E69D4_output (8),,19.649354311884302,7.430373661088236,4.826546003016591
"But Laban told him, “If you really are my friend, stay on, and I'll pay whatever you ask. I'm sure the Lord has blessed me because of you.”","Gel n jemɛ kembɔr maa chɛ kɛ n kpɔ tɛɛ, ásɛ n nyin tɛɛ.”","Gel and we eat the big ones so that we can go today, and then we stay today.",john_1C6E69D4_output (8),,13.550527189996101,7.430373661088236,4.826546003016591
"And Jacob told them to be sure to say that he was right behind them. Jacob hoped the gifts would make Esau friendly, so Esau would be glad to see him when they met.","Hé berɛ ɡel ó jemɛ kɛŋɔ o bonɔɔ Jekɔb ɡe lɔ habɔɔ dɛɛ ba. Dɛ ń tɔ sie, dɛ́ kpɔ koŋkɛɛla nɔ ba tɛɛ, ásɛ mɔɔ o tel he be. Ásɛ dɛ he nao waa, he ken ɛɛ kpɔɔ kɛɔ.”","Then he went to meet Jacob at the well of Habakkuk and found him there and spoke to him. And he said to him, ""My father, you have spoken the truth,"" then he said to him, ""I have told you."" Then he said, ""I do not want to go there, he cannot come here.""",john_1C6E69D4_output (8),,23.150634827169878,7.430373661088236,4.826546003016591
"The woman answered, “God said we could eat fruit from any tree in the garden,","Asɛ haah la chaŋo ŋɔ, “Dɛ́ ya won daa nɔ bɛlbwa nɔn dii.","Asɛ said to them, ""I will go there and take the children and the others.""",output-onesimus_001,0.21892156,17.277125603572067,7.430373661088236,4.826546003016591
"But your son Isaac will be born about this time next year, and the promise I am making to you and your family will be for him and his descendants forever.",Kɛ mɛɛ ɡeloo n fɔo la do n ne he bie Aesek Saara aa dɛ ba o lola benanyoa saŋ nɔ bɔr la baah.”,"And Isaac said to Sarah, ""Please say that you are my sister,"" so that it may go well with me because of you, and that my soul may live on account of you.",output-onesimus_001,0.48899254,22.134336462091547,7.430373661088236,4.826546003016591
The king went back to sleep and had another dream. This time seven full heads of grain were growing on a single stalk.,"O berɔ chɔ dom, dɛ dee ja asɛ boyu anuanɛ sɛɡle daa beŋkpoŋ ta dɛ ta pure. A bwa ɡe mao kɛrɛdɛ.",He went to the house and told them about the boy's dream at the big church in Beŋkpoŋ. I ate my good meal.,output-onesimus_001,0.48938778,16.842837110647306,7.430373661088236,4.826546003016591
Joseph's brothers killed a goat and dipped Joseph's fancy coat in its blood.,"Anee ba kpo booh la bɛl, dɛ kpɔ Josef batakaare la mili o chal la,","Anee went to the child's house, and Joseph called the father, he milked and drank there.",output-onesimus_001,0.509766,24.700815570154568,7.430373661088236,4.826546003016591
"and after they had run out of water, Hagar put her son under a bush.","Pur bini nee la baa tonɛ o kpɔ bie la ka bil dajeɡa bɛl lɔɡa,","When I went to the town, I bought a bag and came back home.",output-onesimus_001,0.115704305,14.73079743692158,7.430373661088236,4.826546003016591
So God created humans to be like himself; he made men and women.,"Anomanta, o ta nɛwɛnyina, ɡɛ tenten waa doa laanee o ta ba. Baa ne haahnee o ta.","Anomanta, you are small, I will go to the farm and you will stay. Are you not staying?",output_johnayernor,,13.615761609625302,7.430373661088236,4.826546003016591
Get some good lumber and build a boat. Put rooms in it and cover it with tar inside and out.,"Anomanta, Nowa, ka nyin daa waa kpeɡa, dɛ́ kwaa dakajen waa won nee sie vala kɛŋɔ ɡbera, ásɛ dɛ bɔne o bini kɛŋɔ deene, ásɛ dɛ kpɔ kootal maa o bini ne o habɔɔ bwa.","Anomanta, Nowa, and your great work, when the words came with the people's good hearts, and then they knew the truth in their hearts, and then they took the basket and placed it there where the river flows.",output_johnayernor,,20.388086628978318,7.430373661088236,4.826546003016591
Any man who isn't circumcised hasn't kept his part of the promise and cannot be one of my people.,"Bɛlbwa waa wola o pen teŋe la ta n nɛra nɛɛ jae kpa, dɛkalkɛŋɔ o ta n fɔo la ta teŋɛ.”","Bɛlbwa went and came, and they said to him, ""When you arrive there, do this,"" and he was sent to the village to speak.",output_johnayernor,,18.76988874536408,7.430373661088236,4.826546003016591
"But Laban told him, “If you really are my friend, stay on, and I'll pay whatever you ask. I'm sure the Lord has blessed me because of you.”","Gel n jemɛ kembɔr maa chɛ kɛ n kpɔ tɛɛ, ásɛ n nyin tɛɛ.”","I and my child give him my hard work, and then my hard life.",output_johnayernor,,11.331318378325893,7.430373661088236,4.826546003016591
"And Jacob told them to be sure to say that he was right behind them. Jacob hoped the gifts would make Esau friendly, so Esau would be glad to see him when they met.","Hé berɛ ɡel ó jemɛ kɛŋɔ o bonɔɔ Jekɔb ɡe lɔ habɔɔ dɛɛ ba. Dɛ ń tɔ sie, dɛ́ kpɔ koŋkɛɛla nɔ ba tɛɛ, ásɛ mɔɔ o tel he be. Ásɛ dɛ he nao waa, he ken ɛɛ kpɔɔ kɛɔ.”","He was born in the year when they besieged Jacob's house. In the month of Tio, during the siege of the city, he was taken away. And since he was taken, he has not been seen again.",output_johnayernor,,25.157484825967696,7.430373661088236,4.826546003016591
So God created humans to be like himself; he made men and women.,"Anomanta, o ta nɛwɛnyina, ɡɛ tenten waa doa laanee o ta ba. Baa ne haahnee o ta.","Anomanta, he is the one who quickly went to do the work for you. He is the one to go.",Dec 11 output,,14.356812343615067,7.430373661088236,4.826546003016591
Get some good lumber and build a boat. Put rooms in it and cover it with tar inside and out.,"Anomanta, Nowa, ka nyin daa waa kpeɡa, dɛ́ kwaa dakajen waa won nee sie vala kɛŋɔ ɡbera, ásɛ dɛ bɔne o bini kɛŋɔ deene, ásɛ dɛ kpɔ kootal maa o bini ne o habɔɔ bwa.","Anomanta, Nowa, you have done well, when the great war came they took the king away, and when they found the king's dwelling, and when they tied the rope around the tree.",Dec 11 output,,16.887308094899474,7.430373661088236,4.826546003016591
Any man who isn't circumcised hasn't kept his part of the promise and cannot be one of my people.,"Bɛlbwa waa wola o pen teŋe la ta n nɛra nɛɛ jae kpa, dɛkalkɛŋɔ o ta n fɔo la ta teŋɛ.”",The one who writes the language we speak today will not forget it in the language of tomorrow.,Dec 11 output,,17.91625730805098,7.430373661088236,4.826546003016591
"But Laban told him, “If you really are my friend, stay on, and I'll pay whatever you ask. I'm sure the Lord has blessed me because of you.”","Gel n jemɛ kembɔr maa chɛ kɛ n kpɔ tɛɛ, ásɛ n nyin tɛɛ.”","Gel, give me the horse in the morning so I can go tomorrow, and return tomorrow.",Dec 11 output,,12.564499792771555,7.430373661088236,4.826546003016591
"And Jacob told them to be sure to say that he was right behind them. Jacob hoped the gifts would make Esau friendly, so Esau would be glad to see him when they met.","Hé berɛ ɡel ó jemɛ kɛŋɔ o bonɔɔ Jekɔb ɡe lɔ habɔɔ dɛɛ ba. Dɛ ń tɔ sie, dɛ́ kpɔ koŋkɛɛla nɔ ba tɛɛ, ásɛ mɔɔ o tel he be. Ásɛ dɛ he nao waa, he ken ɛɛ kpɔɔ kɛɔ.”","Then he went out to meet Jacob in the field of Baal. He said, ""I have come to you with peace."" So they went together to his house.",Dec 11 output,,20.025429163469653,7.430373661088236,4.826546003016591
So God created humans to be like himself; he made men and women.,"Anomanta, o ta nɛwɛnyina, ɡɛ tenten waa doa laanee o ta ba. Baa ne haahnee o ta.","Anomanta, he is small, he walks to the river to cross and he falls. The child runs after him.",gerhardt_0445F08A_output_T9n53N,,18.084943290330628,7.430373661088236,4.826546003016591
Get some good lumber and build a boat. Put rooms in it and cover it with tar inside and out.,"Anomanta, Nowa, ka nyin daa waa kpeɡa, dɛ́ kwaa dakajen waa won nee sie vala kɛŋɔ ɡbera, ásɛ dɛ bɔne o bini kɛŋɔ deene, ásɛ dɛ kpɔ kootal maa o bini ne o habɔɔ bwa.","Anomanta, Nowa, and their child went to the farm, and when they reached the house of the chief's servant, they found that the child had stolen the chief's money, and they followed the child to the chief's palace, and they caught the child there and brought him to justice.",gerhardt_0445F08A_output_T9n53N,,15.564468956908451,7.430373661088236,4.826546003016591
Any man who isn't circumcised hasn't kept his part of the promise and cannot be one of my people.,"Bɛlbwa waa wola o pen teŋe la ta n nɛra nɛɛ jae kpa, dɛkalkɛŋɔ o ta n fɔo la ta teŋɛ.”","Bɛlbwa went to the farm to plant yam, but the chief told him not to go there.",gerhardt_0445F08A_output_T9n53N,,14.2064446497319,7.430373661088236,4.826546003016591
"But Laban told him, “If you really are my friend, stay on, and I'll pay whatever you ask. I'm sure the Lord has blessed me because of you.”","Gel n jemɛ kembɔr maa chɛ kɛ n kpɔ tɛɛ, ásɛ n nyin tɛɛ.”","""Gel is in the village and does not want to come out, but he remains there.""",gerhardt_0445F08A_output_T9n53N,,12.488331925842177,7.430373661088236,4.826546003016591
"And Jacob told them to be sure to say that he was right behind them. Jacob hoped the gifts would make Esau friendly, so Esau would be glad to see him when they met.","Hé berɛ ɡel ó jemɛ kɛŋɔ o bonɔɔ Jekɔb ɡe lɔ habɔɔ dɛɛ ba. Dɛ ń tɔ sie, dɛ́ kpɔ koŋkɛɛla nɔ ba tɛɛ, ásɛ mɔɔ o tel he be. Ásɛ dɛ he nao waa, he ken ɛɛ kpɔɔ kɛɔ.”","When Joseph's son was not with Jacob, he took his staff and went to Goshen and offered sacrifices there. And he saw a vision and said to him, ""Go down to Egypt.""",gerhardt_0445F08A_output_T9n53N,,19.95461424603157,7.430373661088236,4.826546003016591
So God created humans to be like himself; he made men and women.,"Anomanta, o ta nɛwɛnyina, ɡɛ tenten waa doa laanee o ta ba. Baa ne haahnee o ta.","Anomanta, those people are fishing in the river where they live.",gerhardt_60BC0D18_output (8),,14.381291582932446,7.430373661088236,4.826546003016591
Get some good lumber and build a boat. Put rooms in it and cover it with tar inside and out.,"Anomanta, Nowa, ka nyin daa waa kpeɡa, dɛ́ kwaa dakajen waa won nee sie vala kɛŋɔ ɡbera, ásɛ dɛ bɔne o bini kɛŋɔ deene, ásɛ dɛ kpɔ kootal maa o bini ne o habɔɔ bwa.",,gerhardt_60BC0D18_output (8),,,7.430373661088236,4.826546003016591
Any man who isn't circumcised hasn't kept his part of the promise and cannot be one of my people.,"Bɛlbwa waa wola o pen teŋe la ta n nɛra nɛɛ jae kpa, dɛkalkɛŋɔ o ta n fɔo la ta teŋɛ.”","Bɛlbwa, we are all in this language that we have; we have many good words. Dɛkalkɛŋɔ, they have food and words.",gerhardt_60BC0D18_output (8),,14.60654303629551,7.430373661088236,4.826546003016591
"But Laban told him, “If you really are my friend, stay on, and I'll pay whatever you ask. I'm sure the Lord has blessed me because of you.”","Gel n jemɛ kembɔr maa chɛ kɛ n kpɔ tɛɛ, ásɛ n nyin tɛɛ.”","When God made the earth, he placed us there; in the village, we reside.",gerhardt_60BC0D18_output (8),,11.567971960524781,7.430373661088236,4.826546003016591
"And Jacob told them to be sure to say that he was right behind them. Jacob hoped the gifts would make Esau friendly, so Esau would be glad to see him when they met.","Hé berɛ ɡel ó jemɛ kɛŋɔ o bonɔɔ Jekɔb ɡe lɔ habɔɔ dɛɛ ba. Dɛ ń tɔ sie, dɛ́ kpɔ koŋkɛɛla nɔ ba tɛɛ, ásɛ mɔɔ o tel he be. Ásɛ dɛ he nao waa, he ken ɛɛ kpɔɔ kɛɔ.”","When he came to the place of Jacob, he spoke these words to them. He took some, sent them to a certain place, and told them to go. Then he told them not to go there, for he had already sent him there.",gerhardt_60BC0D18_output (8),,25.96932620603976,7.430373661088236,4.826546003016591
"God said, “I command the ocean to be full of living creatures, and I command birds to fly above the earth.”","O berɔ ŋɔ, <<Pɛ́ŋa ne nee bini koŋkwaa su nee la ta pirim ásɛ jumbii ne koŋɡaahla do nyundua dɛɛ ɡah.>>","He said, ""The farmer went to the farm to plant yams and cassava before the rain came.""",output-onesimus_002,0.32240582,18.871817553363336,7.430373661088236,4.826546003016591
"One hot summer afternoon while Abraham was sitting by the entrance to his tent near the sacred trees of Mamre, the Lord appeared to him.","Awola webaŋkpela bɛl, Abraham soɡe o tɛnte dea doonyoa Mamre dajena la bɔr, asɛ Korowii berɛ ba o be ja.","At the great river, Abraham journeyed to dwell in the land of Mamre in the Negev, and Korowii was there with him.",output-onesimus_002,0.54167175,24.45107305497542,7.430373661088236,4.826546003016591
He did this because the land was too crowded and could not support him and his brother with their flocks and herds.,"Dɛkalkɛ dɛ harɛ o ne Jekɔb aa soɡe o ta la aa kanɛ tɛɛ ba. Ba dɔ kondɛɛra asɛ a ya, anomanta, dɛ a chɛ kɛ bɛlbwa nyin bofale dɛ́ ka so o kwaa ne.","Esau went to the field to prepare food for his father Isaac, while Jacob his son was cooking. When he returned from the field, having hunted, he wanted to eat the food, but his father said to him, ""Who are you?""",output-onesimus_002,0.41646737,21.73214200736928,7.430373661088236,4.826546003016591
"But life is in the blood, and you must not eat any meat that still has blood in it.","Kɛ he bɛ konlale di, dɛkalkɛ o sewɔ ta baŋa. Komɛlbwa mkpa lɔ o chal ta.","And he spoke to it, Dekalkpe went to the town. Komɛlbwa tied the rope there.",output-onesimus_002,0.12700933,12.730274585814886,7.430373661088236,4.826546003016591
"Jacob went to his father and said, “Father, here I am.” “Which one of my sons are you?” his father asked.","Waa la kondikwaa la ne la, o yerɛ o mɛɛ, asɛ o sɛh dɛ pɛɛ ŋɔ, “Umee yɔ?”","When he arrived at the village, he said to him, and he called him, and he sent him to that place, saying, ""Umee, where are you going?""",output-onesimus_002,0.44632137,22.891361270847046,7.430373661088236,4.826546003016591
So God created humans to be like himself; he made men and women.,"Anomanta, o ta nɛwɛnyina, ɡɛ tenten waa doa laanee o ta ba. Baa ne haahnee o ta.","Anomanta, the child is very weak, he cannot stand. That is his condition.",onesimus_BAB3F503_Dec 10 output,,14.958356632469533,7.430373661088236,4.826546003016591
Get some good lumber and build a boat. Put rooms in it and cover it with tar inside and out.,"Anomanta, Nowa, ka nyin daa waa kpeɡa, dɛ́ kwaa dakajen waa won nee sie vala kɛŋɔ ɡbera, ásɛ dɛ bɔne o bini kɛŋɔ deene, ásɛ dɛ kpɔ kootal maa o bini ne o habɔɔ bwa.","Anomanta, Nowa, and their companions went to Kpega, and after three days they arrived at Dakajen. Then they entered the town of Deene, and then they went to the village of Kootal where there was a problem.",onesimus_BAB3F503_Dec 10 output,,16.513376289694058,7.430373661088236,4.826546003016591
Any man who isn't circumcised hasn't kept his part of the promise and cannot be one of my people.,"Bɛlbwa waa wola o pen teŋe la ta n nɛra nɛɛ jae kpa, dɛkalkɛŋɔ o ta n fɔo la ta teŋɛ.”","Bɛlbwa said that they spoke to him about the matter he was involved in, and the other person was also involved in that matter.",onesimus_BAB3F503_Dec 10 output,,16.76181448395847,7.430373661088236,4.826546003016591
"But Laban told him, “If you really are my friend, stay on, and I'll pay whatever you ask. I'm sure the Lord has blessed me because of you.”","Gel n jemɛ kembɔr maa chɛ kɛ n kpɔ tɛɛ, ásɛ n nyin tɛɛ.”",,onesimus_BAB3F503_Dec 10 output,,,7.430373661088236,4.826546003016591
"And Jacob told them to be sure to say that he was right behind them. Jacob hoped the gifts would make Esau friendly, so Esau would be glad to see him when they met.","Hé berɛ ɡel ó jemɛ kɛŋɔ o bonɔɔ Jekɔb ɡe lɔ habɔɔ dɛɛ ba. Dɛ ń tɔ sie, dɛ́ kpɔ koŋkɛɛla nɔ ba tɛɛ, ásɛ mɔɔ o tel he be. Ásɛ dɛ he nao waa, he ken ɛɛ kpɔɔ kɛɔ.”","And when he came, he saw Jacob's son at the well. He said to them, ""Gather stones and remove them from the mouth of the well, and roll the stone away."" And when they had rolled it away, he watered his father's sheep.",onesimus_BAB3F503_Dec 10 output,,25.096727528210867,7.430373661088236,4.826546003016591
So God created humans to be like himself; he made men and women.,"Anomanta, o ta nɛwɛnyina, ɡɛ tenten waa doa laanee o ta ba. Baa ne haahnee o ta.","Anomanta, the restless one, arrives at the place where he is. What is his purpose?",onesimus_AE3F5661_Dec 08 output,,14.257892582597176,7.430373661088236,4.826546003016591
Get some good lumber and build a boat. Put rooms in it and cover it with tar inside and out.,"Anomanta, Nowa, ka nyin daa waa kpeɡa, dɛ́ kwaa dakajen waa won nee sie vala kɛŋɔ ɡbera, ásɛ dɛ bɔne o bini kɛŋɔ deene, ásɛ dɛ kpɔ kootal maa o bini ne o habɔɔ bwa.","Anomanta, Nowa, you have done the work well, and the chief will reward you with a goat and money, and you will take the cloth and go home with it.",onesimus_AE3F5661_Dec 08 output,,19.88564145162029,7.430373661088236,4.826546003016591
Any man who isn't circumcised hasn't kept his part of the promise and cannot be one of my people.,"Bɛlbwa waa wola o pen teŋe la ta n nɛra nɛɛ jae kpa, dɛkalkɛŋɔ o ta n fɔo la ta teŋɛ.”","The wise elder who speaks words of wisdom to me, the guide who leads the way.",onesimus_AE3F5661_Dec 08 output,,14.171655501232165,7.430373661088236,4.826546003016591
"But Laban told him, “If you really are my friend, stay on, and I'll pay whatever you ask. I'm sure the Lord has blessed me because of you.”","Gel n jemɛ kembɔr maa chɛ kɛ n kpɔ tɛɛ, ásɛ n nyin tɛɛ.”","Come with us to get our food so that we may not die, but we may live.",onesimus_AE3F5661_Dec 08 output,,10.679008221205537,7.430373661088236,4.826546003016591
"And Jacob told them to be sure to say that he was right behind them. Jacob hoped the gifts would make Esau friendly, so Esau would be glad to see him when they met.","Hé berɛ ɡel ó jemɛ kɛŋɔ o bonɔɔ Jekɔb ɡe lɔ habɔɔ dɛɛ ba. Dɛ ń tɔ sie, dɛ́ kpɔ koŋkɛɛla nɔ ba tɛɛ, ásɛ mɔɔ o tel he be. Ásɛ dɛ he nao waa, he ken ɛɛ kpɔɔ kɛɔ.”","""When he arrived at the place where Jacob was staying, there was no room for him. He said, 'I cannot stay here because there is no space for me.' So he asked, 'Where can I go? There is no place for me to stay.'""",onesimus_AE3F5661_Dec 08 output,,20.187461365193457,7.430373661088236,4.826546003016591
So God created humans to be like himself; he made men and women.,"Anomanta, o ta nɛwɛnyina, ɡɛ tenten waa doa laanee o ta ba. Baa ne haahnee o ta.","Anomanta, he is the wise one, and he walked to the town to arrive there. He looked around there, he is.",onesimus_A84A9EF3_Dec 04 output,,16.69991806811838,7.430373661088236,4.826546003016591
Get some good lumber and build a boat. Put rooms in it and cover it with tar inside and out.,"Anomanta, Nowa, ka nyin daa waa kpeɡa, dɛ́ kwaa dakajen waa won nee sie vala kɛŋɔ ɡbera, ásɛ dɛ bɔne o bini kɛŋɔ deene, ásɛ dɛ kpɔ kootal maa o bini ne o habɔɔ bwa.","Anomanta, Nowa, you and I will go to work, when we arrive there we will see the problem and solve it, if you are tired you can rest, if you need anything just let me know.",onesimus_A84A9EF3_Dec 04 output,,17.977365286003856,7.430373661088236,4.826546003016591
Any man who isn't circumcised hasn't kept his part of the promise and cannot be one of my people.,"Bɛlbwa waa wola o pen teŋe la ta n nɛra nɛɛ jae kpa, dɛkalkɛŋɔ o ta n fɔo la ta teŋɛ.”","Bɛlbwa spoke the word to them so that they would hear and speak it, and he taught them the word.",onesimus_A84A9EF3_Dec 04 output,,14.685836559363969,7.430373661088236,4.826546003016591
"But Laban told him, “If you really are my friend, stay on, and I'll pay whatever you ask. I'm sure the Lord has blessed me because of you.”","Gel n jemɛ kembɔr maa chɛ kɛ n kpɔ tɛɛ, ásɛ n nyin tɛɛ.”","Gel and I ate the food that I took today, but I came today.",onesimus_A84A9EF3_Dec 04 output,,11.022364436790664,7.430373661088236,4.826546003016591
"And Jacob told them to be sure to say that he was right behind them. Jacob hoped the gifts would make Esau friendly, so Esau would be glad to see him when they met.","Hé berɛ ɡel ó jemɛ kɛŋɔ o bonɔɔ Jekɔb ɡe lɔ habɔɔ dɛɛ ba. Dɛ ń tɔ sie, dɛ́ kpɔ koŋkɛɛla nɔ ba tɛɛ, ásɛ mɔɔ o tel he be. Ásɛ dɛ he nao waa, he ken ɛɛ kpɔɔ kɛɔ.”","When Esau saw that Jacob had stolen the blessing of the elder, he became very angry and plotted to kill his brother. Esau said in his heart, ""When the days of mourning for my father pass, I will kill my brother.""",onesimus_A84A9EF3_Dec 04 output,,25.274876856624097,7.430373661088236,4.826546003016591
"So everyone gave Jacob their idols and their earrings, and he buried them under the oak tree near Shechem.","Anomanta, ba pa ba voɡa aa lɔ ba be la bwa ne deŋna kwaa baa doa la tɛ Jekɔb. Asɛ o huɡe a ɡɛ laala la bwa dajen bɛl waa cheɡa bɛne bwɛjen Sɛkem la mun.","Now the sons of Jacob came in from the field when they heard it; and the men were grieved, and they were very angry, because he had done a disgraceful thing in Israel by lying with Jacob's daughter, which ought not to be done.",output-onesimus_006,0.43228737,26.854403176180604,7.430373661088236,4.826546003016591
"Then he went back to his brothers and said, “The boy is gone! What am I going to do?”","O berɔ ba o bala la be dɛ ba ŋɔ, “N nime la toole bela! Ɛrɛɛ mɛɛ ba ɛɛ yɔ?”","Mr. Ba is at home, come here! I have come to see you! What are you doing?",output-onesimus_006,0.30661476,18.947688972713912,7.430373661088236,4.826546003016591
"Lot, who was traveling with him, also had sheep, goats, and cattle, as well as his own family and slaves.","Dɛ Lɔt ɡe dɔ kondɛɛra kɛŋɔ peera, boohna ne nae taeh, dɛ dɔ haah ne bii dɛ bonɔɔna ɡe.","The Lord created the heavens and the earth. And the earth was formless and void, and the Spirit of God moved upon the earth.",output-onesimus_006,0.14580858,15.990401716821005,7.430373661088236,4.826546003016591
"and Abram went after them. He brought back his nephew Lot, together with Lot's possessions and the women and everyone else who had been captured. Abram Is Blessed by Melchizedek","Abram berɔ lɛ laala la bwa, ne o lole Lɔt ne o laala ne o haahna baa laɡ ba ja o nɛɛ la, dɛ nɛra bwa baa laɡ ba ja la, dɛ ba bane. Mɛlkesɛdɛk swee andɛɛɡa tɛ Abram","Abram went up from Egypt to the Negev with his wife and all his possessions, and Lot went with him. Abram was very rich in livestock, silver, and gold. From the Negev they journeyed from place to place, and Abram pitched his tent and dwelled by the great tree of Moreh in Shechem. Then Melchizedek king of Salem brought out bread and wine; he was priest of God Most High.",output-onesimus_006,0.65984356,36.17833255762227,7.430373661088236,4.826546003016591
"And Jacob told them to be sure to say that he was right behind them. Jacob hoped the gifts would make Esau friendly, so Esau would be glad to see him when they met.","Hé berɛ ɡel ó jemɛ kɛŋɔ o bonɔɔ Jekɔb ɡe lɔ habɔɔ dɛɛ ba. Dɛ ń tɔ sie, dɛ́ kpɔ koŋkɛɛla nɔ ba tɛɛ, ásɛ mɔɔ o tel he be. Ásɛ dɛ he nao waa, he ken ɛɛ kpɔɔ kɛɔ.”","When Jacob's sons went to buy grain in Egypt, Joseph saw them and recognized them, but they did not recognize him. So he spoke roughly to them and said, ""You are spies. You have come to see the land's nakedness.""",output-onesimus_006,0.3708143,26.200754919110924,7.430373661088236,4.826546003016591
So God created humans to be like himself; he made men and women.,"Anomanta, o ta nɛwɛnyina, ɡɛ tenten waa doa laanee o ta ba. Baa ne haahnee o ta.","Anomanta, you are never satisfied, you are always different and moving. What is the burden you carry?",gerhardt_34E1778F_output (7),,17.16419242331472,7.430373661088236,4.826546003016591
Get some good lumber and build a boat. Put rooms in it and cover it with tar inside and out.,"Anomanta, Nowa, ka nyin daa waa kpeɡa, dɛ́ kwaa dakajen waa won nee sie vala kɛŋɔ ɡbera, ásɛ dɛ bɔne o bini kɛŋɔ deene, ásɛ dɛ kpɔ kootal maa o bini ne o habɔɔ bwa.","Anomanta and Nowa went to the river to fetch water, but when they arrived there, they saw a big crocodile. They were afraid and ran back home, and they told their parents about the danger.",gerhardt_34E1778F_output (7),,20.85484817423942,7.430373661088236,4.826546003016591
Any man who isn't circumcised hasn't kept his part of the promise and cannot be one of my people.,"Bɛlbwa waa wola o pen teŋe la ta n nɛra nɛɛ jae kpa, dɛkalkɛŋɔ o ta n fɔo la ta teŋɛ.”","Bɛlbwa said to them, ""They have said as follows: Go to Dɛkalkɛŋɔ and take this word.""",gerhardt_34E1778F_output (7),,13.23495392671767,7.430373661088236,4.826546003016591
"But Laban told him, “If you really are my friend, stay on, and I'll pay whatever you ask. I'm sure the Lord has blessed me because of you.”","Gel n jemɛ kembɔr maa chɛ kɛ n kpɔ tɛɛ, ásɛ n nyin tɛɛ.”","Gel, I ate your rice and cooked it, but I stayed.",gerhardt_34E1778F_output (7),,10.153224267572599,7.430373661088236,4.826546003016591
"And Jacob told them to be sure to say that he was right behind them. Jacob hoped the gifts would make Esau friendly, so Esau would be glad to see him when they met.","Hé berɛ ɡel ó jemɛ kɛŋɔ o bonɔɔ Jekɔb ɡe lɔ habɔɔ dɛɛ ba. Dɛ ń tɔ sie, dɛ́ kpɔ koŋkɛɛla nɔ ba tɛɛ, ásɛ mɔɔ o tel he be. Ásɛ dɛ he nao waa, he ken ɛɛ kpɔɔ kɛɔ.”","And he said to them, ""This is the word that Jacob spoke to us, saying, 'Take care of your brother, and come back to me, and I will give you permission to go.'""",gerhardt_34E1778F_output (7),,21.73204664114707,7.430373661088236,4.826546003016591
So God created humans to be like himself; he made men and women.,"Anomanta, o ta nɛwɛnyina, ɡɛ tenten waa doa laanee o ta ba. Baa ne haahnee o ta.","Anomanta, he is very strong, he does much for the people. What is he saying?",output_JA-5,,14.250170964779432,7.430373661088236,4.826546003016591
Get some good lumber and build a boat. Put rooms in it and cover it with tar inside and out.,"Anomanta, Nowa, ka nyin daa waa kpeɡa, dɛ́ kwaa dakajen waa won nee sie vala kɛŋɔ ɡbera, ásɛ dɛ bɔne o bini kɛŋɔ deene, ásɛ dɛ kpɔ kootal maa o bini ne o habɔɔ bwa.","Anomanta, Nowa, and the others went to the farm, and when they arrived there, they found the house open, and they took the food inside, and they ate the cooked meal and drank the palm wine.",output_JA-5,,20.14516622943113,7.430373661088236,4.826546003016591
Any man who isn't circumcised hasn't kept his part of the promise and cannot be one of my people.,"Bɛlbwa waa wola o pen teŋe la ta n nɛra nɛɛ jae kpa, dɛkalkɛŋɔ o ta n fɔo la ta teŋɛ.”","Bɛlbwa spoke the word, but they did not listen to him; the other one took the word and ran with it.",output_JA-5,,16.7509354218215,7.430373661088236,4.826546003016591
"But Laban told him, “If you really are my friend, stay on, and I'll pay whatever you ask. I'm sure the Lord has blessed me because of you.”","Gel n jemɛ kembɔr maa chɛ kɛ n kpɔ tɛɛ, ásɛ n nyin tɛɛ.”","He said to me, ""Take this kembɔr and go there, then come there.""",output_JA-5,,10.70732559914413,7.430373661088236,4.826546003016591
"And Jacob told them to be sure to say that he was right behind them. Jacob hoped the gifts would make Esau friendly, so Esau would be glad to see him when they met.","Hé berɛ ɡel ó jemɛ kɛŋɔ o bonɔɔ Jekɔb ɡe lɔ habɔɔ dɛɛ ba. Dɛ ń tɔ sie, dɛ́ kpɔ koŋkɛɛla nɔ ba tɛɛ, ásɛ mɔɔ o tel he be. Ásɛ dɛ he nao waa, he ken ɛɛ kpɔɔ kɛɔ.”","Then he went to meet him at the place, and Jacob spoke these words. He did not find him, so he called his servant and sent him to tell him. And when he arrived there, he said to him, ""Come here.""""",output_JA-5,,24.64447312364405,7.430373661088236,4.826546003016591
So God created humans to be like himself; he made men and women.,"Anomanta, o ta nɛwɛnyina, ɡɛ tenten waa doa laanee o ta ba. Baa ne haahnee o ta.","The Almighty, he is the creator, he spreads out the earth and establishes it, he made the sky and everything.",john_86344B85_output (7),,21.008121152823836,7.430373661088236,4.826546003016591
Get some good lumber and build a boat. Put rooms in it and cover it with tar inside and out.,"Anomanta, Nowa, ka nyin daa waa kpeɡa, dɛ́ kwaa dakajen waa won nee sie vala kɛŋɔ ɡbera, ásɛ dɛ bɔne o bini kɛŋɔ deene, ásɛ dɛ kpɔ kootal maa o bini ne o habɔɔ bwa.","Anomanta, Nowa, and the child went to the farm. When they reached the farm, they saw a big hole and found a pot inside the hole. They took the pot out and went home.",john_86344B85_output (7),,21.414731261551466,7.430373661088236,4.826546003016591
Any man who isn't circumcised hasn't kept his part of the promise and cannot be one of my people.,"Bɛlbwa waa wola o pen teŋe la ta n nɛra nɛɛ jae kpa, dɛkalkɛŋɔ o ta n fɔo la ta teŋɛ.”","Belbwa went to the farm to plant millet, but the hyena ate it, and Dekalkengo chased it to the field.",john_86344B85_output (7),,15.987829698469882,7.430373661088236,4.826546003016591
"But Laban told him, “If you really are my friend, stay on, and I'll pay whatever you ask. I'm sure the Lord has blessed me because of you.”","Gel n jemɛ kembɔr maa chɛ kɛ n kpɔ tɛɛ, ásɛ n nyin tɛɛ.”","Gel and jemɛ made him go, but he came back.",john_86344B85_output (7),,8.342553844937937,7.430373661088236,4.826546003016591
"And Jacob told them to be sure to say that he was right behind them. Jacob hoped the gifts would make Esau friendly, so Esau would be glad to see him when they met.","Hé berɛ ɡel ó jemɛ kɛŋɔ o bonɔɔ Jekɔb ɡe lɔ habɔɔ dɛɛ ba. Dɛ ń tɔ sie, dɛ́ kpɔ koŋkɛɛla nɔ ba tɛɛ, ásɛ mɔɔ o tel he be. Ásɛ dɛ he nao waa, he ken ɛɛ kpɔɔ kɛɔ.”","Then he found something in Jacob's field when he went there. When he arrived, he took a stone and placed it there, and poured water on it. And when he had finished, he called the name of the place.",john_86344B85_output (7),,22.428452002214858,7.430373661088236,4.826546003016591
So God created humans to be like himself; he made men and women.,"Anomanta, o ta nɛwɛnyina, ɡɛ tenten waa doa laanee o ta ba. Baa ne haahnee o ta.","Anomanta, he is not a child, he walks to the town and will go there. Come and see him.",output_JA-1,,21.698434244942217,7.430373661088236,4.826546003016591
Get some good lumber and build a boat. Put rooms in it and cover it with tar inside and out.,"Anomanta, Nowa, ka nyin daa waa kpeɡa, dɛ́ kwaa dakajen waa won nee sie vala kɛŋɔ ɡbera, ásɛ dɛ bɔne o bini kɛŋɔ deene, ásɛ dɛ kpɔ kootal maa o bini ne o habɔɔ bwa.","Anomanta, Nowa, you are the one who opened the door, but the key was lost, and the door is locked again, and you must find the key and open it once more.",output_JA-1,,19.012683471989174,7.430373661088236,4.826546003016591
Any man who isn't circumcised hasn't kept his part of the promise and cannot be one of my people.,"Bɛlbwa waa wola o pen teŋe la ta n nɛra nɛɛ jae kpa, dɛkalkɛŋɔ o ta n fɔo la ta teŋɛ.”","Bɛlbwa also spoke the word of the place where his message was given to do, fearing his God.",output_JA-1,,17.66003658163023,7.430373661088236,4.826546003016591
"But Laban told him, “If you really are my friend, stay on, and I'll pay whatever you ask. I'm sure the Lord has blessed me because of you.”","Gel n jemɛ kembɔr maa chɛ kɛ n kpɔ tɛɛ, ásɛ n nyin tɛɛ.”","""Gel and the dog ate the food, and the child cried.""",output_JA-1,,10.436079880654125,7.430373661088236,4.826546003016591
"And Jacob told them to be sure to say that he was right behind them. Jacob hoped the gifts would make Esau friendly, so Esau would be glad to see him when they met.","Hé berɛ ɡel ó jemɛ kɛŋɔ o bonɔɔ Jekɔb ɡe lɔ habɔɔ dɛɛ ba. Dɛ ń tɔ sie, dɛ́ kpɔ koŋkɛɛla nɔ ba tɛɛ, ásɛ mɔɔ o tel he be. Ásɛ dɛ he nao waa, he ken ɛɛ kpɔɔ kɛɔ.”","The voice of Jacob has come here. He will plant, he will do the work in the field, and he will speak to him. And he will go there, and he will be able to do it.",output_JA-1,,20.542308661214136,7.430373661088236,4.826546003016591
So God created humans to be like himself; he made men and women.,"Anomanta, o ta nɛwɛnyina, ɡɛ tenten waa doa laanee o ta ba. Baa ne haahnee o ta.","The chief, he is not staying here, he will go to the town and leave him. What is his name?",Dec 05 output,,17.77173119163177,7.430373661088236,4.826546003016591
Get some good lumber and build a boat. Put rooms in it and cover it with tar inside and out.,"Anomanta, Nowa, ka nyin daa waa kpeɡa, dɛ́ kwaa dakajen waa won nee sie vala kɛŋɔ ɡbera, ásɛ dɛ bɔne o bini kɛŋɔ deene, ásɛ dɛ kpɔ kootal maa o bini ne o habɔɔ bwa.","Anomanta, Nowa, when you went to draw water, and when you reached the stream you saw a crocodile coming out, and you were afraid in your heart, and you ran away home crying.",Dec 05 output,,18.566070349631865,7.430373661088236,4.826546003016591
Any man who isn't circumcised hasn't kept his part of the promise and cannot be one of my people.,"Bɛlbwa waa wola o pen teŋe la ta n nɛra nɛɛ jae kpa, dɛkalkɛŋɔ o ta n fɔo la ta teŋɛ.”",,Dec 05 output,,,7.430373661088236,4.826546003016591
"But Laban told him, “If you really are my friend, stay on, and I'll pay whatever you ask. I'm sure the Lord has blessed me because of you.”","Gel n jemɛ kembɔr maa chɛ kɛ n kpɔ tɛɛ, ásɛ n nyin tɛɛ.”","If you do not work, you will not eat, and if you do not plant, you will not harvest.",Dec 05 output,,15.825989880263494,7.430373661088236,4.826546003016591
"And Jacob told them to be sure to say that he was right behind them. Jacob hoped the gifts would make Esau friendly, so Esau would be glad to see him when they met.","Hé berɛ ɡel ó jemɛ kɛŋɔ o bonɔɔ Jekɔb ɡe lɔ habɔɔ dɛɛ ba. Dɛ ń tɔ sie, dɛ́ kpɔ koŋkɛɛla nɔ ba tɛɛ, ásɛ mɔɔ o tel he be. Ásɛ dɛ he nao waa, he ken ɛɛ kpɔɔ kɛɔ.”","Then he went to the place where Jacob lived. When he saw the well in the field, he went there to speak to him. And when he left, he found a stone.",Dec 05 output,,20.97783950297058,7.430373661088236,4.826546003016591
So God created humans to be like himself; he made men and women.,"Anomanta, o ta nɛwɛnyina, ɡɛ tenten waa doa laanee o ta ba. Baa ne haahnee o ta.","Anomanta, he is the eternal one, walks to the river's edge and remains there. He is the blessed one.",onesimus_C968674F_Dec 07 output,,18.527900551033227,7.430373661088236,4.826546003016591
Get some good lumber and build a boat. Put rooms in it and cover it with tar inside and out.,"Anomanta, Nowa, ka nyin daa waa kpeɡa, dɛ́ kwaa dakajen waa won nee sie vala kɛŋɔ ɡbera, ásɛ dɛ bɔne o bini kɛŋɔ deene, ásɛ dɛ kpɔ kootal maa o bini ne o habɔɔ bwa.","Anomanta and Nowa went to the river to fetch water, when they arrived there they found a house, then they found some food, and then they ate and left.",onesimus_C968674F_Dec 07 output,,19.24887153102804,7.430373661088236,4.826546003016591
Any man who isn't circumcised hasn't kept his part of the promise and cannot be one of my people.,"Bɛlbwa waa wola o pen teŋe la ta n nɛra nɛɛ jae kpa, dɛkalkɛŋɔ o ta n fɔo la ta teŋɛ.”","God is our refuge and strength, a very present help in trouble.",onesimus_C968674F_Dec 07 output,,13.436016619801311,7.430373661088236,4.826546003016591
"But Laban told him, “If you really are my friend, stay on, and I'll pay whatever you ask. I'm sure the Lord has blessed me because of you.”","Gel n jemɛ kembɔr maa chɛ kɛ n kpɔ tɛɛ, ásɛ n nyin tɛɛ.”","Gel took his spear and struck him, so that he did it, if he went there.",onesimus_C968674F_Dec 07 output,,12.125095268350746,7.430373661088236,4.826546003016591
"And Jacob told them to be sure to say that he was right behind them. Jacob hoped the gifts would make Esau friendly, so Esau would be glad to see him when they met.","Hé berɛ ɡel ó jemɛ kɛŋɔ o bonɔɔ Jekɔb ɡe lɔ habɔɔ dɛɛ ba. Dɛ ń tɔ sie, dɛ́ kpɔ koŋkɛɛla nɔ ba tɛɛ, ásɛ mɔɔ o tel he be. Ásɛ dɛ he nao waa, he ken ɛɛ kpɔɔ kɛɔ.”","And he dreamed of a ladder standing on the earth, with its top reaching to heaven; and the angels of God were ascending and descending on it. And the Lord stood beside him and said, ""I am the Lord, the God of Abraham your father and the God of Isaac; the land on which you lie I will give to you and to your offspring.""""",onesimus_C968674F_Dec 07 output,,22.9547233039893,7.430373661088236,4.826546003016591
So God created humans to be like himself; he made men and women.,"Anomanta, o ta nɛwɛnyina, ɡɛ tenten waa doa laanee o ta ba. Baa ne haahnee o ta.","Anomanta, the child, went to the river and did not return. What happened to him?",john_C52DEBBB_output (10),,17.151006537309158,7.430373661088236,4.826546003016591
Get some good lumber and build a boat. Put rooms in it and cover it with tar inside and out.,"Anomanta, Nowa, ka nyin daa waa kpeɡa, dɛ́ kwaa dakajen waa won nee sie vala kɛŋɔ ɡbera, ásɛ dɛ bɔne o bini kɛŋɔ deene, ásɛ dɛ kpɔ kootal maa o bini ne o habɔɔ bwa.","Anomanta, Nowa, and the others went to the farm, and when they arrived there, they saw a big hole, and they were afraid to approach it, and they decided to return home.",john_C52DEBBB_output (10),,17.757272170545175,7.430373661088236,4.826546003016591
Any man who isn't circumcised hasn't kept his part of the promise and cannot be one of my people.,"Bɛlbwa waa wola o pen teŋe la ta n nɛra nɛɛ jae kpa, dɛkalkɛŋɔ o ta n fɔo la ta teŋɛ.”","Bɛlbwa, we have come to the river to fetch water, the child is playing in the water.",john_C52DEBBB_output (10),,14.829062173994476,7.430373661088236,4.826546003016591
"But Laban told him, “If you really are my friend, stay on, and I'll pay whatever you ask. I'm sure the Lord has blessed me because of you.”","Gel n jemɛ kembɔr maa chɛ kɛ n kpɔ tɛɛ, ásɛ n nyin tɛɛ.”","Gel and his friend went to the farm, and he returned home.",john_C52DEBBB_output (10),,14.426658945993184,7.430373661088236,4.826546003016591
"And Jacob told them to be sure to say that he was right behind them. Jacob hoped the gifts would make Esau friendly, so Esau would be glad to see him when they met.","Hé berɛ ɡel ó jemɛ kɛŋɔ o bonɔɔ Jekɔb ɡe lɔ habɔɔ dɛɛ ba. Dɛ ń tɔ sie, dɛ́ kpɔ koŋkɛɛla nɔ ba tɛɛ, ásɛ mɔɔ o tel he be. Ásɛ dɛ he nao waa, he ken ɛɛ kpɔɔ kɛɔ.”","Then he came to meet Jacob at the well. He saw the stone on the well, rolled it away, and spoke to him. And he said to his brothers, ""This is the one who will lead us.""",john_C52DEBBB_output (10),,22.45092879441498,7.430373661088236,4.826546003016591
So God created humans to be like himself; he made men and women.,"Anomanta, o ta nɛwɛnyina, ɡɛ tenten waa doa laanee o ta ba. Baa ne haahnee o ta.","Anomanta, the young one, hurried to the farm and fell. That is his story.",gerhardt_62CB5CC1_output (4),,16.59902411924431,7.430373661088236,4.826546003016591
Get some good lumber and build a boat. Put rooms in it and cover it with tar inside and out.,"Anomanta, Nowa, ka nyin daa waa kpeɡa, dɛ́ kwaa dakajen waa won nee sie vala kɛŋɔ ɡbera, ásɛ dɛ bɔne o bini kɛŋɔ deene, ásɛ dɛ kpɔ kootal maa o bini ne o habɔɔ bwa.","Anomanta, Nowa, went to the river to fetch water, when they arrived they saw a big animal there, and they were afraid of the animal's teeth, and they quickly ran away because it was dangerous.",gerhardt_62CB5CC1_output (4),,18.79359902750445,7.430373661088236,4.826546003016591
Any man who isn't circumcised hasn't kept his part of the promise and cannot be one of my people.,"Bɛlbwa waa wola o pen teŋe la ta n nɛra nɛɛ jae kpa, dɛkalkɛŋɔ o ta n fɔo la ta teŋɛ.”","""The chief said, 'The one who sent you to me, come here and see, the big town where you are going to eat there.'""",gerhardt_62CB5CC1_output (4),,18.165618184344304,7.430373661088236,4.826546003016591
"But Laban told him, “If you really are my friend, stay on, and I'll pay whatever you ask. I'm sure the Lord has blessed me because of you.”","Gel n jemɛ kembɔr maa chɛ kɛ n kpɔ tɛɛ, ásɛ n nyin tɛɛ.”","Gel said in the assembly, ""This one that he made to be, he also made to be.""",gerhardt_62CB5CC1_output (4),,12.677085084609137,7.430373661088236,4.826546003016591
"And Jacob told them to be sure to say that he was right behind them. Jacob hoped the gifts would make Esau friendly, so Esau would be glad to see him when they met.","Hé berɛ ɡel ó jemɛ kɛŋɔ o bonɔɔ Jekɔb ɡe lɔ habɔɔ dɛɛ ba. Dɛ ń tɔ sie, dɛ́ kpɔ koŋkɛɛla nɔ ba tɛɛ, ásɛ mɔɔ o tel he be. Ásɛ dɛ he nao waa, he ken ɛɛ kpɔɔ kɛɔ.”","Hey, come here, I have something to tell Jacob about the place of the ba. If you go there, you will find something, and you will see what he says. And if he comes here, he will not escape.",gerhardt_62CB5CC1_output (4),,23.09185045971119,7.430373661088236,4.826546003016591
So God created humans to be like himself; he made men and women.,"Anomanta, o ta nɛwɛnyina, ɡɛ tenten waa doa laanee o ta ba. Baa ne haahnee o ta.","Anomanta, he is the wise one, and he walked to the town to arrive there. He looked around there, he is.",Dec 04 output,,16.69991806811838,7.430373661088236,4.826546003016591
Get some good lumber and build a boat. Put rooms in it and cover it with tar inside and out.,"Anomanta, Nowa, ka nyin daa waa kpeɡa, dɛ́ kwaa dakajen waa won nee sie vala kɛŋɔ ɡbera, ásɛ dɛ bɔne o bini kɛŋɔ deene, ásɛ dɛ kpɔ kootal maa o bini ne o habɔɔ bwa.","Anomanta, Nowa, you and I will go to work, when we arrive there we will see the problem and solve it, if you are tired you can rest, if you need anything just let me know.",Dec 04 output,,17.977365286003856,7.430373661088236,4.826546003016591
Any man who isn't circumcised hasn't kept his part of the promise and cannot be one of my people.,"Bɛlbwa waa wola o pen teŋe la ta n nɛra nɛɛ jae kpa, dɛkalkɛŋɔ o ta n fɔo la ta teŋɛ.”","Bɛlbwa spoke the word to them so that they would hear and speak it, and he taught them the word.",Dec 04 output,,14.685836559363969,7.430373661088236,4.826546003016591
"But Laban told him, “If you really are my friend, stay on, and I'll pay whatever you ask. I'm sure the Lord has blessed me because of you.”","Gel n jemɛ kembɔr maa chɛ kɛ n kpɔ tɛɛ, ásɛ n nyin tɛɛ.”","Gel and I ate the food that I took today, but I came today.",Dec 04 output,,11.022364436790664,7.430373661088236,4.826546003016591
"And Jacob told them to be sure to say that he was right behind them. Jacob hoped the gifts would make Esau friendly, so Esau would be glad to see him when they met.","Hé berɛ ɡel ó jemɛ kɛŋɔ o bonɔɔ Jekɔb ɡe lɔ habɔɔ dɛɛ ba. Dɛ ń tɔ sie, dɛ́ kpɔ koŋkɛɛla nɔ ba tɛɛ, ásɛ mɔɔ o tel he be. Ásɛ dɛ he nao waa, he ken ɛɛ kpɔɔ kɛɔ.”","When Esau saw that Jacob had stolen the blessing of the elder, he became very angry and plotted to kill his brother. Esau said in his heart, ""When the days of mourning for my father pass, I will kill my brother.""",Dec 04 output,,25.274876856624097,7.430373661088236,4.826546003016591
So God created humans to be like himself; he made men and women.,"Anomanta, o ta nɛwɛnyina, ɡɛ tenten waa doa laanee o ta ba. Baa ne haahnee o ta.","Anomanta, he is not well, he is walking on the path to come to the town. The child says he is.",gerhardt_676E558A_output (6),,14.850511403138622,7.430373661088236,4.826546003016591
Get some good lumber and build a boat. Put rooms in it and cover it with tar inside and out.,"Anomanta, Nowa, ka nyin daa waa kpeɡa, dɛ́ kwaa dakajen waa won nee sie vala kɛŋɔ ɡbera, ásɛ dɛ bɔne o bini kɛŋɔ deene, ásɛ dɛ kpɔ kootal maa o bini ne o habɔɔ bwa.","Anomanta and Nowa went to the farm, and when they arrived there, they found the house broken into, and they saw the child inside, and they called the people to come and see.",gerhardt_676E558A_output (6),,21.146659803181,7.430373661088236,4.826546003016591
Any man who isn't circumcised hasn't kept his part of the promise and cannot be one of my people.,"Bɛlbwa waa wola o pen teŋe la ta n nɛra nɛɛ jae kpa, dɛkalkɛŋɔ o ta n fɔo la ta teŋɛ.”","The child is eating and doing the work, he quickly breaks the pot. In haste, he must do the work again.",gerhardt_676E558A_output (6),,16.7940757062723,7.430373661088236,4.826546003016591
"But Laban told him, “If you really are my friend, stay on, and I'll pay whatever you ask. I'm sure the Lord has blessed me because of you.”","Gel n jemɛ kembɔr maa chɛ kɛ n kpɔ tɛɛ, ásɛ n nyin tɛɛ.”","Gel and his companion went to the farm to work, but he stayed there.",gerhardt_676E558A_output (6),,13.146679316419169,7.430373661088236,4.826546003016591
"And Jacob told them to be sure to say that he was right behind them. Jacob hoped the gifts would make Esau friendly, so Esau would be glad to see him when they met.","Hé berɛ ɡel ó jemɛ kɛŋɔ o bonɔɔ Jekɔb ɡe lɔ habɔɔ dɛɛ ba. Dɛ ń tɔ sie, dɛ́ kpɔ koŋkɛɛla nɔ ba tɛɛ, ásɛ mɔɔ o tel he be. Ásɛ dɛ he nao waa, he ken ɛɛ kpɔɔ kɛɔ.”","And when he came to take a wife in Haran, Jacob saw Rachel and loved her. He served seven years for her father Laban as a servant, but he did not give her to him. Then he said to him, ""Give her to me for I have completed my service.""""",gerhardt_676E558A_output (6),,21.826458093217415,7.430373661088236,4.826546003016591
So God created humans to be like himself; he made men and women.,"Anomanta, o ta nɛwɛnyina, ɡɛ tenten waa doa laanee o ta ba. Baa ne haahnee o ta.","Anomanta, the youngest, will eventually inherit the land. That is the way of life.",gerhardt_107423D8_output (9),,15.125504732858921,7.430373661088236,4.826546003016591
Get some good lumber and build a boat. Put rooms in it and cover it with tar inside and out.,"Anomanta, Nowa, ka nyin daa waa kpeɡa, dɛ́ kwaa dakajen waa won nee sie vala kɛŋɔ ɡbera, ásɛ dɛ bɔne o bini kɛŋɔ deene, ásɛ dɛ kpɔ kootal maa o bini ne o habɔɔ bwa.","Anomanta, Nowa, and now we are going to the farm today, and in the early morning we will harvest the yam in the field, so that we can prepare the food in the town, so that we can take the meal to the town for the festival.",gerhardt_107423D8_output (9),,16.80736935675059,7.430373661088236,4.826546003016591
Any man who isn't circumcised hasn't kept his part of the promise and cannot be one of my people.,"Bɛlbwa waa wola o pen teŋe la ta n nɛra nɛɛ jae kpa, dɛkalkɛŋɔ o ta n fɔo la ta teŋɛ.”","Bɛlbwa says that the one who does good will not know death, because God will not forget them.",gerhardt_107423D8_output (9),,16.239438249171975,7.430373661088236,4.826546003016591
"But Laban told him, “If you really are my friend, stay on, and I'll pay whatever you ask. I'm sure the Lord has blessed me because of you.”","Gel n jemɛ kembɔr maa chɛ kɛ n kpɔ tɛɛ, ásɛ n nyin tɛɛ.”","Gel and his child gave so that he could do it, and he did it.",gerhardt_107423D8_output (9),,10.491323075444834,7.430373661088236,4.826546003016591
"And Jacob told them to be sure to say that he was right behind them. Jacob hoped the gifts would make Esau friendly, so Esau would be glad to see him when they met.","Hé berɛ ɡel ó jemɛ kɛŋɔ o bonɔɔ Jekɔb ɡe lɔ habɔɔ dɛɛ ba. Dɛ ń tɔ sie, dɛ́ kpɔ koŋkɛɛla nɔ ba tɛɛ, ásɛ mɔɔ o tel he be. Ásɛ dɛ he nao waa, he ken ɛɛ kpɔɔ kɛɔ.”","""Hey, come here, I will tell you what will happen to Jacob's descendants in the future. When you see it, you will surely know, for I will send you to carry out this task. Go now, and I will be with you wherever you go.""",gerhardt_107423D8_output (9),,20.34131284241273,7.430373661088236,4.826546003016591
So God created humans to be like himself; he made men and women.,"Anomanta, o ta nɛwɛnyina, ɡɛ tenten waa doa laanee o ta ba. Baa ne haahnee o ta.","Christ, he is the child, he speaks the path to come, he is the way. That is the truth, he is.",gerhardt_E4F773B6_output (3),,12.509456830799726,7.430373661088236,4.826546003016591
Get some good lumber and build a boat. Put rooms in it and cover it with tar inside and out.,"Anomanta, Nowa, ka nyin daa waa kpeɡa, dɛ́ kwaa dakajen waa won nee sie vala kɛŋɔ ɡbera, ásɛ dɛ bɔne o bini kɛŋɔ deene, ásɛ dɛ kpɔ kootal maa o bini ne o habɔɔ bwa.","Anomanta, Nowa, when he was going to the farm, he met a woman carrying a calabash, and she gave him a chicken, and he took it home, and then he entered the house and tied it there.",gerhardt_E4F773B6_output (3),,18.824569481407607,7.430373661088236,4.826546003016591
Any man who isn't circumcised hasn't kept his part of the promise and cannot be one of my people.,"Bɛlbwa waa wola o pen teŋe la ta n nɛra nɛɛ jae kpa, dɛkalkɛŋɔ o ta n fɔo la ta teŋɛ.”","I am the bread of life that came down from heaven. If anyone eats of this bread, they will live forever.",gerhardt_E4F773B6_output (3),,17.60373340468814,7.430373661088236,4.826546003016591
"But Laban told him, “If you really are my friend, stay on, and I'll pay whatever you ask. I'm sure the Lord has blessed me because of you.”","Gel n jemɛ kembɔr maa chɛ kɛ n kpɔ tɛɛ, ásɛ n nyin tɛɛ.”","Gel and his people did something, and then he went there.",gerhardt_E4F773B6_output (3),,10.996375278609758,7.430373661088236,4.826546003016591
"And Jacob told them to be sure to say that he was right behind them. Jacob hoped the gifts would make Esau friendly, so Esau would be glad to see him when they met.","Hé berɛ ɡel ó jemɛ kɛŋɔ o bonɔɔ Jekɔb ɡe lɔ habɔɔ dɛɛ ba. Dɛ ń tɔ sie, dɛ́ kpɔ koŋkɛɛla nɔ ba tɛɛ, ásɛ mɔɔ o tel he be. Ásɛ dɛ he nao waa, he ken ɛɛ kpɔɔ kɛɔ.”","If you want to marry Jacob's daughter, you must work for seven years. Then he said, I will serve you for seven years to marry your daughter. But Laban replied, It is better to give her to you than to another man.",gerhardt_E4F773B6_output (3),,19.601089471429262,7.430373661088236,4.826546003016591
So God created humans to be like himself; he made men and women.,"Anomanta, o ta nɛwɛnyina, ɡɛ tenten waa doa laanee o ta ba. Baa ne haahnee o ta.","Anomanta, the owner, went quickly to fetch water and did not return. He is still away.",john_B0DBB2CB_output (4),,16.83060063566458,7.430373661088236,4.826546003016591
Get some good lumber and build a boat. Put rooms in it and cover it with tar inside and out.,"Anomanta, Nowa, ka nyin daa waa kpeɡa, dɛ́ kwaa dakajen waa won nee sie vala kɛŋɔ ɡbera, ásɛ dɛ bɔne o bini kɛŋɔ deene, ásɛ dɛ kpɔ kootal maa o bini ne o habɔɔ bwa.",,john_B0DBB2CB_output (4),,,7.430373661088236,4.826546003016591
Any man who isn't circumcised hasn't kept his part of the promise and cannot be one of my people.,"Bɛlbwa waa wola o pen teŋe la ta n nɛra nɛɛ jae kpa, dɛkalkɛŋɔ o ta n fɔo la ta teŋɛ.”",,john_B0DBB2CB_output (4),,,7.430373661088236,4.826546003016591
"But Laban told him, “If you really are my friend, stay on, and I'll pay whatever you ask. I'm sure the Lord has blessed me because of you.”","Gel n jemɛ kembɔr maa chɛ kɛ n kpɔ tɛɛ, ásɛ n nyin tɛɛ.”","""When I went to the market to buy it, I couldn't find it.""",john_B0DBB2CB_output (4),,8.625726314120968,7.430373661088236,4.826546003016591
"And Jacob told them to be sure to say that he was right behind them. Jacob hoped the gifts would make Esau friendly, so Esau would be glad to see him when they met.","Hé berɛ ɡel ó jemɛ kɛŋɔ o bonɔɔ Jekɔb ɡe lɔ habɔɔ dɛɛ ba. Dɛ ń tɔ sie, dɛ́ kpɔ koŋkɛɛla nɔ ba tɛɛ, ásɛ mɔɔ o tel he be. Ásɛ dɛ he nao waa, he ken ɛɛ kpɔɔ kɛɔ.”","Then he said to them, ""This is the dream that I had, and behold, Jacob's ladder stood on the earth, and its top reached to heaven. And there were angels of God ascending and descending on it, and the Lord stood above it. And he said to me, 'I am the one who brought you here.'""",john_B0DBB2CB_output (4),,24.128450181277636,7.430373661088236,4.826546003016591
So God created humans to be like himself; he made men and women.,"Anomanta, o ta nɛwɛnyina, ɡɛ tenten waa doa laanee o ta ba. Baa ne haahnee o ta.","Anomanta, the child, the small one, has come to his house. He is speaking to him.",gerhardt_E32D1C1E_output_mzX2S5,,16.215983919743802,7.430373661088236,4.826546003016591
Get some good lumber and build a boat. Put rooms in it and cover it with tar inside and out.,"Anomanta, Nowa, ka nyin daa waa kpeɡa, dɛ́ kwaa dakajen waa won nee sie vala kɛŋɔ ɡbera, ásɛ dɛ bɔne o bini kɛŋɔ deene, ásɛ dɛ kpɔ kootal maa o bini ne o habɔɔ bwa.","Anomanta, Nowa, and then he went to the farm, and when they arrived there, they did something at the place, and then he took it and did something else, and then he put the money and gave it to him because he wanted it.",gerhardt_E32D1C1E_output_mzX2S5,,19.387080406416388,7.430373661088236,4.826546003016591
Any man who isn't circumcised hasn't kept his part of the promise and cannot be one of my people.,"Bɛlbwa waa wola o pen teŋe la ta n nɛra nɛɛ jae kpa, dɛkalkɛŋɔ o ta n fɔo la ta teŋɛ.”","Bethel is a place where they speak the language of the people and teach there, and they gather there every day.",gerhardt_E32D1C1E_output_mzX2S5,,19.685467562350663,7.430373661088236,4.826546003016591
"But Laban told him, “If you really are my friend, stay on, and I'll pay whatever you ask. I'm sure the Lord has blessed me because of you.”","Gel n jemɛ kembɔr maa chɛ kɛ n kpɔ tɛɛ, ásɛ n nyin tɛɛ.”","Gel entered the house, ate my food, and left. However, he returned later.",gerhardt_E32D1C1E_output_mzX2S5,,15.478044191500635,7.430373661088236,4.826546003016591
"And Jacob told them to be sure to say that he was right behind them. Jacob hoped the gifts would make Esau friendly, so Esau would be glad to see him when they met.","Hé berɛ ɡel ó jemɛ kɛŋɔ o bonɔɔ Jekɔb ɡe lɔ habɔɔ dɛɛ ba. Dɛ ń tɔ sie, dɛ́ kpɔ koŋkɛɛla nɔ ba tɛɛ, ásɛ mɔɔ o tel he be. Ásɛ dɛ he nao waa, he ken ɛɛ kpɔɔ kɛɔ.”","When he came, he saw the son of Jacob and took his hand and gave him something. He said to them, ""He found a stone and placed it there,"" and he said to them. And he went there and found a stone.",gerhardt_E32D1C1E_output_mzX2S5,,23.86921409723528,7.430373661088236,4.826546003016591
So God created humans to be like himself; he made men and women.,"Anomanta, o ta nɛwɛnyina, ɡɛ tenten waa doa laanee o ta ba. Baa ne haahnee o ta.","Anomanta, the new one, walks around the village and does something. The child is playing there.",gerhardt_145C11AE_output (2),,17.164383326130242,7.430373661088236,4.826546003016591
Get some good lumber and build a boat. Put rooms in it and cover it with tar inside and out.,"Anomanta, Nowa, ka nyin daa waa kpeɡa, dɛ́ kwaa dakajen waa won nee sie vala kɛŋɔ ɡbera, ásɛ dɛ bɔne o bini kɛŋɔ deene, ásɛ dɛ kpɔ kootal maa o bini ne o habɔɔ bwa.",Translation not available,gerhardt_145C11AE_output (2),,7.710643084870525,7.430373661088236,4.826546003016591
Any man who isn't circumcised hasn't kept his part of the promise and cannot be one of my people.,"Bɛlbwa waa wola o pen teŋe la ta n nɛra nɛɛ jae kpa, dɛkalkɛŋɔ o ta n fɔo la ta teŋɛ.”","Bɛlbwa said to them, ""Hear this word that I declare to you all,"" and advised them to do the work.",gerhardt_145C11AE_output (2),,16.387469657610072,7.430373661088236,4.826546003016591
"But Laban told him, “If you really are my friend, stay on, and I'll pay whatever you ask. I'm sure the Lord has blessed me because of you.”","Gel n jemɛ kembɔr maa chɛ kɛ n kpɔ tɛɛ, ásɛ n nyin tɛɛ.”","Gel and his friend went to the market, but he couldn't find anything.",gerhardt_145C11AE_output (2),,13.626829782954388,7.430373661088236,4.826546003016591
"And Jacob told them to be sure to say that he was right behind them. Jacob hoped the gifts would make Esau friendly, so Esau would be glad to see him when they met.","Hé berɛ ɡel ó jemɛ kɛŋɔ o bonɔɔ Jekɔb ɡe lɔ habɔɔ dɛɛ ba. Dɛ ń tɔ sie, dɛ́ kpɔ koŋkɛɛla nɔ ba tɛɛ, ásɛ mɔɔ o tel he be. Ásɛ dɛ he nao waa, he ken ɛɛ kpɔɔ kɛɔ.”","Then Jacob journeyed to the land of his father's dwelling, to the house of his brother Laban. He took his staff and journeyed to Haran, to his brother's house. And when he arrived there, he stayed until the time came for him to return.",gerhardt_145C11AE_output (2),,23.25743395219198,7.430373661088236,4.826546003016591
So God created humans to be like himself; he made men and women.,"Anomanta, o ta nɛwɛnyina, ɡɛ tenten waa doa laanee o ta ba. Baa ne haahnee o ta.","Anomanta, he is righteous, and he does good things. This is what he said: ...",gerhardt_087BEB88_output_loRIsq,,15.16058556743097,7.430373661088236,4.826546003016591
Get some good lumber and build a boat. Put rooms in it and cover it with tar inside and out.,"Anomanta, Nowa, ka nyin daa waa kpeɡa, dɛ́ kwaa dakajen waa won nee sie vala kɛŋɔ ɡbera, ásɛ dɛ bɔne o bini kɛŋɔ deene, ásɛ dɛ kpɔ kootal maa o bini ne o habɔɔ bwa.","Anomanta, Nowa, and he saw the child, then he told the woman whose name was Gbera, and she gave birth in the town of Deene, and he named him Kootal and he lived there until he died.",gerhardt_087BEB88_output_loRIsq,,18.39105808942951,7.430373661088236,4.826546003016591
Any man who isn't circumcised hasn't kept his part of the promise and cannot be one of my people.,"Bɛlbwa waa wola o pen teŋe la ta n nɛra nɛɛ jae kpa, dɛkalkɛŋɔ o ta n fɔo la ta teŋɛ.”",We are the ones who speak the word that they did not help our fathers; thank you that they do not say to us.,gerhardt_087BEB88_output_loRIsq,,16.28873414880178,7.430373661088236,4.826546003016591
"But Laban told him, “If you really are my friend, stay on, and I'll pay whatever you ask. I'm sure the Lord has blessed me because of you.”","Gel n jemɛ kembɔr maa chɛ kɛ n kpɔ tɛɛ, ásɛ n nyin tɛɛ.”","""Gel and his companion, if he does this, he will take it tomorrow, but he will go tomorrow.""",gerhardt_087BEB88_output_loRIsq,,12.947966089149881,7.430373661088236,4.826546003016591
"And Jacob told them to be sure to say that he was right behind them. Jacob hoped the gifts would make Esau friendly, so Esau would be glad to see him when they met.","Hé berɛ ɡel ó jemɛ kɛŋɔ o bonɔɔ Jekɔb ɡe lɔ habɔɔ dɛɛ ba. Dɛ ń tɔ sie, dɛ́ kpɔ koŋkɛɛla nɔ ba tɛɛ, ásɛ mɔɔ o tel he be. Ásɛ dɛ he nao waa, he ken ɛɛ kpɔɔ kɛɔ.”","Jacob went to the land of Canaan to his father's house. And when he arrived, he entered the city where his brother was, and he saw his brother there. And when they met, they embraced each other.",gerhardt_087BEB88_output_loRIsq,,25.352145199837672,7.430373661088236,4.826546003016591
So God created humans to be like himself; he made men and women.,"Anomanta, o ta nɛwɛnyina, ɡɛ tenten waa doa laanee o ta ba. Baa ne haahnee o ta.","Anomanta, he is new, he works very hard there. He does not stop working.",john_C904F397_output (2),,14.434953081435367,7.430373661088236,4.826546003016591
Get some good lumber and build a boat. Put rooms in it and cover it with tar inside and out.,"Anomanta, Nowa, ka nyin daa waa kpeɡa, dɛ́ kwaa dakajen waa won nee sie vala kɛŋɔ ɡbera, ásɛ dɛ bɔne o bini kɛŋɔ deene, ásɛ dɛ kpɔ kootal maa o bini ne o habɔɔ bwa.",,john_C904F397_output (2),,,7.430373661088236,4.826546003016591
Any man who isn't circumcised hasn't kept his part of the promise and cannot be one of my people.,"Bɛlbwa waa wola o pen teŋe la ta n nɛra nɛɛ jae kpa, dɛkalkɛŋɔ o ta n fɔo la ta teŋɛ.”","The chief said that they went to the village to fetch water, and they went there.",john_C904F397_output (2),,13.141320658767746,7.430373661088236,4.826546003016591
"But Laban told him, “If you really are my friend, stay on, and I'll pay whatever you ask. I'm sure the Lord has blessed me because of you.”","Gel n jemɛ kembɔr maa chɛ kɛ n kpɔ tɛɛ, ásɛ n nyin tɛɛ.”","Gel, give me the thing so that I can go, but stay here.",john_C904F397_output (2),,10.5808791030569,7.430373661088236,4.826546003016591
"And Jacob told them to be sure to say that he was right behind them. Jacob hoped the gifts would make Esau friendly, so Esau would be glad to see him when they met.","Hé berɛ ɡel ó jemɛ kɛŋɔ o bonɔɔ Jekɔb ɡe lɔ habɔɔ dɛɛ ba. Dɛ ń tɔ sie, dɛ́ kpɔ koŋkɛɛla nɔ ba tɛɛ, ásɛ mɔɔ o tel he be. Ásɛ dɛ he nao waa, he ken ɛɛ kpɔɔ kɛɔ.”","""Come, house of Jacob, let us walk in the light of the Lord. Cease from man, who is of the earth, for he is deception. For the day of the Lord of hosts shall be upon every one that is proud and lofty.""",john_C904F397_output (2),,22.291009258582356,7.430373661088236,4.826546003016591
So God created humans to be like himself; he made men and women.,"Anomanta, o ta nɛwɛnyina, ɡɛ tenten waa doa laanee o ta ba. Baa ne haahnee o ta.","Anomanta, he is the one who quickly went to do the work for you. He is the one to go.",onesimus_E33AE420_Dec 11 output,,14.356812343615067,7.430373661088236,4.826546003016591
Get some good lumber and build a boat. Put rooms in it and cover it with tar inside and out.,"Anomanta, Nowa, ka nyin daa waa kpeɡa, dɛ́ kwaa dakajen waa won nee sie vala kɛŋɔ ɡbera, ásɛ dɛ bɔne o bini kɛŋɔ deene, ásɛ dɛ kpɔ kootal maa o bini ne o habɔɔ bwa.","Anomanta, Nowa, you have done well, when the great war came they took the king away, and when they found the king's dwelling, and when they tied the rope around the tree.",onesimus_E33AE420_Dec 11 output,,16.887308094899474,7.430373661088236,4.826546003016591
Any man who isn't circumcised hasn't kept his part of the promise and cannot be one of my people.,"Bɛlbwa waa wola o pen teŋe la ta n nɛra nɛɛ jae kpa, dɛkalkɛŋɔ o ta n fɔo la ta teŋɛ.”",The one who writes the language we speak today will not forget it in the language of tomorrow.,onesimus_E33AE420_Dec 11 output,,17.91625730805098,7.430373661088236,4.826546003016591
"But Laban told him, “If you really are my friend, stay on, and I'll pay whatever you ask. I'm sure the Lord has blessed me because of you.”","Gel n jemɛ kembɔr maa chɛ kɛ n kpɔ tɛɛ, ásɛ n nyin tɛɛ.”","Gel, give me the horse in the morning so I can go tomorrow, and return tomorrow.",onesimus_E33AE420_Dec 11 output,,12.564499792771555,7.430373661088236,4.826546003016591
"And Jacob told them to be sure to say that he was right behind them. Jacob hoped the gifts would make Esau friendly, so Esau would be glad to see him when they met.","Hé berɛ ɡel ó jemɛ kɛŋɔ o bonɔɔ Jekɔb ɡe lɔ habɔɔ dɛɛ ba. Dɛ ń tɔ sie, dɛ́ kpɔ koŋkɛɛla nɔ ba tɛɛ, ásɛ mɔɔ o tel he be. Ásɛ dɛ he nao waa, he ken ɛɛ kpɔɔ kɛɔ.”","Then he went out to meet Jacob in the field of Baal. He said, ""I have come to you with peace."" So they went together to his house.",onesimus_E33AE420_Dec 11 output,,20.025429163469653,7.430373661088236,4.826546003016591
So God created humans to be like himself; he made men and women.,"Anomanta, o ta nɛwɛnyina, ɡɛ tenten waa doa laanee o ta ba. Baa ne haahnee o ta.","Anomanta, he is not a child, he is truly an elder. He who knows him is him.",onesimus_48E85B7F_Dec 09 output,,16.001458935432733,7.430373661088236,4.826546003016591
Get some good lumber and build a boat. Put rooms in it and cover it with tar inside and out.,"Anomanta, Nowa, ka nyin daa waa kpeɡa, dɛ́ kwaa dakajen waa won nee sie vala kɛŋɔ ɡbera, ásɛ dɛ bɔne o bini kɛŋɔ deene, ásɛ dɛ kpɔ kootal maa o bini ne o habɔɔ bwa.","Anomanta, Nowa, you went to the farm, and there came Dakajen wearing a red cloth, and he gave the money to the farmer, and he bought the cow and left.",onesimus_48E85B7F_Dec 09 output,,17.853234471933057,7.430373661088236,4.826546003016591
Any man who isn't circumcised hasn't kept his part of the promise and cannot be one of my people.,"Bɛlbwa waa wola o pen teŋe la ta n nɛra nɛɛ jae kpa, dɛkalkɛŋɔ o ta n fɔo la ta teŋɛ.”","Bɛlbwa said that they did something wrong to the people, this act of eating their words.",onesimus_48E85B7F_Dec 09 output,,20.113226729900408,7.430373661088236,4.826546003016591
"But Laban told him, “If you really are my friend, stay on, and I'll pay whatever you ask. I'm sure the Lord has blessed me because of you.”","Gel n jemɛ kembɔr maa chɛ kɛ n kpɔ tɛɛ, ásɛ n nyin tɛɛ.”","Gel and his friend went to the town, but he stayed there.",onesimus_48E85B7F_Dec 09 output,,13.779626052406696,7.430373661088236,4.826546003016591
"And Jacob told them to be sure to say that he was right behind them. Jacob hoped the gifts would make Esau friendly, so Esau would be glad to see him when they met.","Hé berɛ ɡel ó jemɛ kɛŋɔ o bonɔɔ Jekɔb ɡe lɔ habɔɔ dɛɛ ba. Dɛ ń tɔ sie, dɛ́ kpɔ koŋkɛɛla nɔ ba tɛɛ, ásɛ mɔɔ o tel he be. Ásɛ dɛ he nao waa, he ken ɛɛ kpɔɔ kɛɔ.”","Hurry up and take your share before Jacob's people come. If I stay here, if I go to the market and they are not there, then I will wait for him. And if he does not come, he can go there himself.",onesimus_48E85B7F_Dec 09 output,,23.122405414589377,7.430373661088236,4.826546003016591
So God created humans to be like himself; he made men and women.,"Anomanta, o ta nɛwɛnyina, ɡɛ tenten waa doa laanee o ta ba. Baa ne haahnee o ta.","Anomanta, he comes and walks to Doa Laanee. Where does he go?",Dec 01 output,,17.926517609507417,7.430373661088236,4.826546003016591
Get some good lumber and build a boat. Put rooms in it and cover it with tar inside and out.,"Anomanta, Nowa, ka nyin daa waa kpeɡa, dɛ́ kwaa dakajen waa won nee sie vala kɛŋɔ ɡbera, ásɛ dɛ bɔne o bini kɛŋɔ deene, ásɛ dɛ kpɔ kootal maa o bini ne o habɔɔ bwa.","Anomanta, Nowa, who created the earth and sky, when he spoke the dry land emerged from the water, he made the sun and the moon, he placed the stars in the sky and the fish in the water.",Dec 01 output,,16.55160736845341,7.430373661088236,4.826546003016591
Any man who isn't circumcised hasn't kept his part of the promise and cannot be one of my people.,"Bɛlbwa waa wola o pen teŋe la ta n nɛra nɛɛ jae kpa, dɛkalkɛŋɔ o ta n fɔo la ta teŋɛ.”","The man said to them, ""You will surely die if you eat from the tree of knowledge.""",Dec 01 output,,15.340259792900937,7.430373661088236,4.826546003016591
"But Laban told him, “If you really are my friend, stay on, and I'll pay whatever you ask. I'm sure the Lord has blessed me because of you.”","Gel n jemɛ kembɔr maa chɛ kɛ n kpɔ tɛɛ, ásɛ n nyin tɛɛ.”","Gel's elder child gave birth, and the father died, but the mother survived.",Dec 01 output,,12.770367184882788,7.430373661088236,4.826546003016591
"And Jacob told them to be sure to say that he was right behind them. Jacob hoped the gifts would make Esau friendly, so Esau would be glad to see him when they met.","Hé berɛ ɡel ó jemɛ kɛŋɔ o bonɔɔ Jekɔb ɡe lɔ habɔɔ dɛɛ ba. Dɛ ń tɔ sie, dɛ́ kpɔ koŋkɛɛla nɔ ba tɛɛ, ásɛ mɔɔ o tel he be. Ásɛ dɛ he nao waa, he ken ɛɛ kpɔɔ kɛɔ.”","Then he went to Haran, Jacob's place, and stayed there for a while. And he saw her, took her hand in marriage, and spoke to her. But when he saw her, he wept and kissed her.",Dec 01 output,,19.721386084522667,7.430373661088236,4.826546003016591
So God created humans to be like himself; he made men and women.,"Anomanta, o ta nɛwɛnyina, ɡɛ tenten waa doa laanee o ta ba. Baa ne haahnee o ta.","The chief, he is the owner of the land, he will go to the river to fetch water and he is the father. The other one is the elder and he is.",gerhardt_80805CFE_output_7z6RFo,,14.887730174170658,7.430373661088236,4.826546003016591
Get some good lumber and build a boat. Put rooms in it and cover it with tar inside and out.,"Anomanta, Nowa, ka nyin daa waa kpeɡa, dɛ́ kwaa dakajen waa won nee sie vala kɛŋɔ ɡbera, ásɛ dɛ bɔne o bini kɛŋɔ deene, ásɛ dɛ kpɔ kootal maa o bini ne o habɔɔ bwa.","Anomanta, Noah, who in those days did great things, and the people of that time saw his strength, and how he built the ark and how he entered it with his family.",gerhardt_80805CFE_output_7z6RFo,,21.100517450173584,7.430373661088236,4.826546003016591
Any man who isn't circumcised hasn't kept his part of the promise and cannot be one of my people.,"Bɛlbwa waa wola o pen teŋe la ta n nɛra nɛɛ jae kpa, dɛkalkɛŋɔ o ta n fɔo la ta teŋɛ.”","The elder is the one who speaks the word to the people, and the great speaker brings the word to the people.",gerhardt_80805CFE_output_7z6RFo,,21.115570394780704,7.430373661088236,4.826546003016591
"But Laban told him, “If you really are my friend, stay on, and I'll pay whatever you ask. I'm sure the Lord has blessed me because of you.”","Gel n jemɛ kembɔr maa chɛ kɛ n kpɔ tɛɛ, ásɛ n nyin tɛɛ.”","Gel, I have eaten my food and I want to go, but I want to stay.",gerhardt_80805CFE_output_7z6RFo,,11.826324356852174,7.430373661088236,4.826546003016591
"And Jacob told them to be sure to say that he was right behind them. Jacob hoped the gifts would make Esau friendly, so Esau would be glad to see him when they met.","Hé berɛ ɡel ó jemɛ kɛŋɔ o bonɔɔ Jekɔb ɡe lɔ habɔɔ dɛɛ ba. Dɛ ń tɔ sie, dɛ́ kpɔ koŋkɛɛla nɔ ba tɛɛ, ásɛ mɔɔ o tel he be. Ásɛ dɛ he nao waa, he ken ɛɛ kpɔɔ kɛɔ.”","Then he went to take the bones of Jacob from Egypt. When they left Egypt, they carried the bones to the land of his father. And when he arrived there, he was buried there.",gerhardt_80805CFE_output_7z6RFo,,25.217899820178484,7.430373661088236,4.826546003016591
So God created humans to be like himself; he made men and women.,"Anomanta, o ta nɛwɛnyina, ɡɛ tenten waa doa laanee o ta ba. Baa ne haahnee o ta.","God, he does not eat every day, he goes. Come here, he is.",output_JA-3,,15.566800030887354,7.430373661088236,4.826546003016591
Get some good lumber and build a boat. Put rooms in it and cover it with tar inside and out.,"Anomanta, Nowa, ka nyin daa waa kpeɡa, dɛ́ kwaa dakajen waa won nee sie vala kɛŋɔ ɡbera, ásɛ dɛ bɔne o bini kɛŋɔ deene, ásɛ dɛ kpɔ kootal maa o bini ne o habɔɔ bwa.","Anomanta, Nowa, and the others went to the village, and when they arrived there, they saw a big tree, and they took some fruits from it, and they built a house where they stayed.",output_JA-3,,20.13402278688172,7.430373661088236,4.826546003016591
Any man who isn't circumcised hasn't kept his part of the promise and cannot be one of my people.,"Bɛlbwa waa wola o pen teŋe la ta n nɛra nɛɛ jae kpa, dɛkalkɛŋɔ o ta n fɔo la ta teŋɛ.”",The Bereans eagerly accepted the word and examined the scriptures every day.,output_JA-3,,14.287176131226282,7.430373661088236,4.826546003016591
"But Laban told him, “If you really are my friend, stay on, and I'll pay whatever you ask. I'm sure the Lord has blessed me because of you.”","Gel n jemɛ kembɔr maa chɛ kɛ n kpɔ tɛɛ, ásɛ n nyin tɛɛ.”","If you do not work, you will not eat today, and you will not rest today.",output_JA-3,,14.111387850980256,7.430373661088236,4.826546003016591
"And Jacob told them to be sure to say that he was right behind them. Jacob hoped the gifts would make Esau friendly, so Esau would be glad to see him when they met.","Hé berɛ ɡel ó jemɛ kɛŋɔ o bonɔɔ Jekɔb ɡe lɔ habɔɔ dɛɛ ba. Dɛ ń tɔ sie, dɛ́ kpɔ koŋkɛɛla nɔ ba tɛɛ, ásɛ mɔɔ o tel he be. Ásɛ dɛ he nao waa, he ken ɛɛ kpɔɔ kɛɔ.”","""And when he went, he found his son Jacob in his father's house. Then he said, 'Send word to his brothers, that he should come to him.' And when he went to him, he found him there.""",output_JA-3,,23.29374478343646,7.430373661088236,4.826546003016591
So God created humans to be like himself; he made men and women.,"Anomanta, o ta nɛwɛnyina, ɡɛ tenten waa doa laanee o ta ba. Baa ne haahnee o ta.","Anomanta, he is not feeling well, he went there yesterday and he is there. Where is he staying now?",Dec 06 output,,15.961418094180551,7.430373661088236,4.826546003016591
Get some good lumber and build a boat. Put rooms in it and cover it with tar inside and out.,"Anomanta, Nowa, ka nyin daa waa kpeɡa, dɛ́ kwaa dakajen waa won nee sie vala kɛŋɔ ɡbera, ásɛ dɛ bɔne o bini kɛŋɔ deene, ásɛ dɛ kpɔ kootal maa o bini ne o habɔɔ bwa.","Anomanta, Nowa, and your great house was built, when the children were small they passed through Vala, then if they are in their peaceful time, then they went to the market in their place and found something.",Dec 06 output,,18.59924221886814,7.430373661088236,4.826546003016591
Any man who isn't circumcised hasn't kept his part of the promise and cannot be one of my people.,"Bɛlbwa waa wola o pen teŋe la ta n nɛra nɛɛ jae kpa, dɛkalkɛŋɔ o ta n fɔo la ta teŋɛ.”","Bɛlbwa went to speak the word that he had hidden, and the crowd came to take it, and the market came to buy the word.",Dec 06 output,,16.164446792982414,7.430373661088236,4.826546003016591
"But Laban told him, “If you really are my friend, stay on, and I'll pay whatever you ask. I'm sure the Lord has blessed me because of you.”","Gel n jemɛ kembɔr maa chɛ kɛ n kpɔ tɛɛ, ásɛ n nyin tɛɛ.”","""Take and eat my food, do not go, if you come.""",Dec 06 output,,8.632609885620111,7.430373661088236,4.826546003016591
"And Jacob told them to be sure to say that he was right behind them. Jacob hoped the gifts would make Esau friendly, so Esau would be glad to see him when they met.","Hé berɛ ɡel ó jemɛ kɛŋɔ o bonɔɔ Jekɔb ɡe lɔ habɔɔ dɛɛ ba. Dɛ ń tɔ sie, dɛ́ kpɔ koŋkɛɛla nɔ ba tɛɛ, ásɛ mɔɔ o tel he be. Ásɛ dɛ he nao waa, he ken ɛɛ kpɔɔ kɛɔ.”","Hey, come here and listen to what Jacob has done to me here. He said to me, ""Go to the field and sow seeds there, and I will prepare food for you here."" Then he went to the field, and he was able to reach there.",Dec 06 output,,23.53919165855391,7.430373661088236,4.826546003016591
So God created humans to be like himself; he made men and women.,"Anomanta, o ta nɛwɛnyina, ɡɛ tenten waa doa laanee o ta ba. Baa ne haahnee o ta.","The Elder, the wise one, settles disputes among the people. He brings peace.",onesimus_C6D92021_Dec 02 output,,12.896336951678014,7.430373661088236,4.826546003016591
Get some good lumber and build a boat. Put rooms in it and cover it with tar inside and out.,"Anomanta, Nowa, ka nyin daa waa kpeɡa, dɛ́ kwaa dakajen waa won nee sie vala kɛŋɔ ɡbera, ásɛ dɛ bɔne o bini kɛŋɔ deene, ásɛ dɛ kpɔ kootal maa o bini ne o habɔɔ bwa.","Anomanta, Nowa, and you all have done the work, and they ate yam and they went to fetch water in the town, so they came to him from the river, so he took his basket and ran to the place.",onesimus_C6D92021_Dec 02 output,,18.13248073919395,7.430373661088236,4.826546003016591
Any man who isn't circumcised hasn't kept his part of the promise and cannot be one of my people.,"Bɛlbwa waa wola o pen teŋe la ta n nɛra nɛɛ jae kpa, dɛkalkɛŋɔ o ta n fɔo la ta teŋɛ.”","Bɛlbwa went to the farm and saw a snake, the snake bit him and he died.",onesimus_C6D92021_Dec 02 output,,14.867792318839628,7.430373661088236,4.826546003016591
"But Laban told him, “If you really are my friend, stay on, and I'll pay whatever you ask. I'm sure the Lord has blessed me because of you.”","Gel n jemɛ kembɔr maa chɛ kɛ n kpɔ tɛɛ, ásɛ n nyin tɛɛ.”","""Go to the country, I am here now.""",onesimus_C6D92021_Dec 02 output,,6.324936916903232,7.430373661088236,4.826546003016591
"And Jacob told them to be sure to say that he was right behind them. Jacob hoped the gifts would make Esau friendly, so Esau would be glad to see him when they met.","Hé berɛ ɡel ó jemɛ kɛŋɔ o bonɔɔ Jekɔb ɡe lɔ habɔɔ dɛɛ ba. Dɛ ń tɔ sie, dɛ́ kpɔ koŋkɛɛla nɔ ba tɛɛ, ásɛ mɔɔ o tel he be. Ásɛ dɛ he nao waa, he ken ɛɛ kpɔɔ kɛɔ.”","And when he came to the place of Jacob, he found him working there. He said, ""I have worked enough, I will not work anymore."" And he said, ""I will not do it again, for I have completed it.""",onesimus_C6D92021_Dec 02 output,,20.819473390874723,7.430373661088236,4.826546003016591
So God created humans to be like himself; he made men and women.,"Anomanta, o ta nɛwɛnyina, ɡɛ tenten waa doa laanee o ta ba. Baa ne haahnee o ta.","Anomanta, the wise one, walks to come to Laanee. What is his problem?",Jan output 1 ,,17.41121278775658,7.430373661088236,4.826546003016591
Get some good lumber and build a boat. Put rooms in it and cover it with tar inside and out.,"Anomanta, Nowa, ka nyin daa waa kpeɡa, dɛ́ kwaa dakajen waa won nee sie vala kɛŋɔ ɡbera, ásɛ dɛ bɔne o bini kɛŋɔ deene, ásɛ dɛ kpɔ kootal maa o bini ne o habɔɔ bwa.","Anomanta, Noah, began to build a boat, when the floodwaters came and covered the land, so he entered with his family, and closed the door behind them.",Jan output 1 ,,31.14451873351351,7.430373661088236,4.826546003016591
Any man who isn't circumcised hasn't kept his part of the promise and cannot be one of my people.,"Bɛlbwa waa wola o pen teŋe la ta n nɛra nɛɛ jae kpa, dɛkalkɛŋɔ o ta n fɔo la ta teŋɛ.”","I will speak so that you may understand clearly, then you will take it from me.",Jan output 1 ,,16.538577490838964,7.430373661088236,4.826546003016591
"But Laban told him, “If you really are my friend, stay on, and I'll pay whatever you ask. I'm sure the Lord has blessed me because of you.”","Gel n jemɛ kembɔr maa chɛ kɛ n kpɔ tɛɛ, ásɛ n nyin tɛɛ.”","Gel and I went to the farm, we ate and drank.",Jan output 1 ,,9.365900195257316,7.430373661088236,4.826546003016591
"And Jacob told them to be sure to say that he was right behind them. Jacob hoped the gifts would make Esau friendly, so Esau would be glad to see him when they met.","Hé berɛ ɡel ó jemɛ kɛŋɔ o bonɔɔ Jekɔb ɡe lɔ habɔɔ dɛɛ ba. Dɛ ń tɔ sie, dɛ́ kpɔ koŋkɛɛla nɔ ba tɛɛ, ásɛ mɔɔ o tel he be. Ásɛ dɛ he nao waa, he ken ɛɛ kpɔɔ kɛɔ.”","Then Jacob went to the land of his father Isaac. He said to his wives, ""Your father has treated me deceitfully, and I have done all I could for him. But the God of my father has not allowed me to leave yet.""",Jan output 1 ,,23.562599408599816,7.430373661088236,4.826546003016591
So God created humans to be like himself; he made men and women.,"Anomanta, o ta nɛwɛnyina, ɡɛ tenten waa doa laanee o ta ba. Baa ne haahnee o ta.","The chief, he is not staying here, he will go to the town and leave him. What is his name?",onesimus_5B146D14_Dec 05 output,,17.77173119163177,7.430373661088236,4.826546003016591
Get some good lumber and build a boat. Put rooms in it and cover it with tar inside and out.,"Anomanta, Nowa, ka nyin daa waa kpeɡa, dɛ́ kwaa dakajen waa won nee sie vala kɛŋɔ ɡbera, ásɛ dɛ bɔne o bini kɛŋɔ deene, ásɛ dɛ kpɔ kootal maa o bini ne o habɔɔ bwa.","Anomanta, Nowa, when you went to draw water, and when you reached the stream you saw a crocodile coming out, and you were afraid in your heart, and you ran away home crying.",onesimus_5B146D14_Dec 05 output,,18.566070349631865,7.430373661088236,4.826546003016591
Any man who isn't circumcised hasn't kept his part of the promise and cannot be one of my people.,"Bɛlbwa waa wola o pen teŋe la ta n nɛra nɛɛ jae kpa, dɛkalkɛŋɔ o ta n fɔo la ta teŋɛ.”",,onesimus_5B146D14_Dec 05 output,,,7.430373661088236,4.826546003016591
"But Laban told him, “If you really are my friend, stay on, and I'll pay whatever you ask. I'm sure the Lord has blessed me because of you.”","Gel n jemɛ kembɔr maa chɛ kɛ n kpɔ tɛɛ, ásɛ n nyin tɛɛ.”","If you do not work, you will not eat, and if you do not plant, you will not harvest.",onesimus_5B146D14_Dec 05 output,,15.825989880263494,7.430373661088236,4.826546003016591
"And Jacob told them to be sure to say that he was right behind them. Jacob hoped the gifts would make Esau friendly, so Esau would be glad to see him when they met.","Hé berɛ ɡel ó jemɛ kɛŋɔ o bonɔɔ Jekɔb ɡe lɔ habɔɔ dɛɛ ba. Dɛ ń tɔ sie, dɛ́ kpɔ koŋkɛɛla nɔ ba tɛɛ, ásɛ mɔɔ o tel he be. Ásɛ dɛ he nao waa, he ken ɛɛ kpɔɔ kɛɔ.”","Then he went to the place where Jacob lived. When he saw the well in the field, he went there to speak to him. And when he left, he found a stone.",onesimus_5B146D14_Dec 05 output,,20.97783950297058,7.430373661088236,4.826546003016591
So God created humans to be like himself; he made men and women.,"Anomanta, o ta nɛwɛnyina, ɡɛ tenten waa doa laanee o ta ba. Baa ne haahnee o ta.","Anomanta, he is a child, he has a small child at home. Come and see him.",gerhardt_428C0151_output_jQjr1f,,18.410237812621975,7.430373661088236,4.826546003016591
Get some good lumber and build a boat. Put rooms in it and cover it with tar inside and out.,"Anomanta, Nowa, ka nyin daa waa kpeɡa, dɛ́ kwaa dakajen waa won nee sie vala kɛŋɔ ɡbera, ásɛ dɛ bɔne o bini kɛŋɔ deene, ásɛ dɛ kpɔ kootal maa o bini ne o habɔɔ bwa.","Anomanta and Nowa went to the farm to work, and when they arrived there, they saw a big hole, and they decided to dig it deeper, and they found a pot inside.",gerhardt_428C0151_output_jQjr1f,,19.88410708164267,7.430373661088236,4.826546003016591
Any man who isn't circumcised hasn't kept his part of the promise and cannot be one of my people.,"Bɛlbwa waa wola o pen teŋe la ta n nɛra nɛɛ jae kpa, dɛkalkɛŋɔ o ta n fɔo la ta teŋɛ.”",Bɛlbwa is the one who speaks the words that his father and mother died; dɛkalkɛŋɔ is the one who speaks his words.,gerhardt_428C0151_output_jQjr1f,,18.036652560549683,7.430373661088236,4.826546003016591
"But Laban told him, “If you really are my friend, stay on, and I'll pay whatever you ask. I'm sure the Lord has blessed me because of you.”","Gel n jemɛ kembɔr maa chɛ kɛ n kpɔ tɛɛ, ásɛ n nyin tɛɛ.”","Gel and his child went to the farm, he cannot do it, he cannot stay.",gerhardt_428C0151_output_jQjr1f,,11.675659494636125,7.430373661088236,4.826546003016591
"And Jacob told them to be sure to say that he was right behind them. Jacob hoped the gifts would make Esau friendly, so Esau would be glad to see him when they met.","Hé berɛ ɡel ó jemɛ kɛŋɔ o bonɔɔ Jekɔb ɡe lɔ habɔɔ dɛɛ ba. Dɛ ń tɔ sie, dɛ́ kpɔ koŋkɛɛla nɔ ba tɛɛ, ásɛ mɔɔ o tel he be. Ásɛ dɛ he nao waa, he ken ɛɛ kpɔɔ kɛɔ.”","Hear now the words that Jacob spoke to his sons before he died. He said to them, ""I am about to die, so listen to what I have to say. Gather around now, and I will tell you what will happen in the future.""",gerhardt_428C0151_output_jQjr1f,,25.153791247443706,7.430373661088236,4.826546003016591
So God created humans to be like himself; he made men and women.,"Anomanta, o ta nɛwɛnyina, ɡɛ tenten waa doa laanee o ta ba. Baa ne haahnee o ta.","The end, he is not coming, but he quickly goes to meet them and he will go. Is he not going?",gerhardt_E4DFEBFE_output_T8d1lo,,17.707501293579984,7.430373661088236,4.826546003016591
Get some good lumber and build a boat. Put rooms in it and cover it with tar inside and out.,"Anomanta, Nowa, ka nyin daa waa kpeɡa, dɛ́ kwaa dakajen waa won nee sie vala kɛŋɔ ɡbera, ásɛ dɛ bɔne o bini kɛŋɔ deene, ásɛ dɛ kpɔ kootal maa o bini ne o habɔɔ bwa.","Anomanta, Nowa, and the child went to the farm, but the road was long and they became very tired, so they rested under a tree, and then continued their journey happily.",gerhardt_E4DFEBFE_output_T8d1lo,,19.861314097229556,7.430373661088236,4.826546003016591
Any man who isn't circumcised hasn't kept his part of the promise and cannot be one of my people.,"Bɛlbwa waa wola o pen teŋe la ta n nɛra nɛɛ jae kpa, dɛkalkɛŋɔ o ta n fɔo la ta teŋɛ.”","They went to the town and saw the child running, then they went back to the town.",gerhardt_E4DFEBFE_output_T8d1lo,,13.38296228483076,7.430373661088236,4.826546003016591
"But Laban told him, “If you really are my friend, stay on, and I'll pay whatever you ask. I'm sure the Lord has blessed me because of you.”","Gel n jemɛ kembɔr maa chɛ kɛ n kpɔ tɛɛ, ásɛ n nyin tɛɛ.”","Gel and I will eat my food, then we will go.",gerhardt_E4DFEBFE_output_T8d1lo,,8.51735890141278,7.430373661088236,4.826546003016591
"And Jacob told them to be sure to say that he was right behind them. Jacob hoped the gifts would make Esau friendly, so Esau would be glad to see him when they met.","Hé berɛ ɡel ó jemɛ kɛŋɔ o bonɔɔ Jekɔb ɡe lɔ habɔɔ dɛɛ ba. Dɛ ń tɔ sie, dɛ́ kpɔ koŋkɛɛla nɔ ba tɛɛ, ásɛ mɔɔ o tel he be. Ásɛ dɛ he nao waa, he ken ɛɛ kpɔɔ kɛɔ.”","He had a dream in which he saw a ladder set on the earth, with its top reaching to heaven, and the angels of God were ascending and descending on it. And He said, ""I am the Lord, the God of Abraham your father and the God of Isaac. The land on which you lie I will give to you and to your offspring, and your offspring shall be like the dust of the earth, and through you and your offspring shall all the families of the earth be blessed. Behold, I am with you and will keep you wherever you go, and will bring you back to this land. For I will not leave you until I have done what I have promised you.""",gerhardt_E4DFEBFE_output_T8d1lo,,19.16663354765001,7.430373661088236,4.826546003016591
So God created humans to be like himself; he made men and women.,"Anomanta, o ta nɛwɛnyina, ɡɛ tenten waa doa laanee o ta ba. Baa ne haahnee o ta.","Anomanta, the wise one, walks to come to Laanee. What is his problem?",onesimus_4838858E_Jan output 1 ,,17.41121278775658,7.430373661088236,4.826546003016591
Get some good lumber and build a boat. Put rooms in it and cover it with tar inside and out.,"Anomanta, Nowa, ka nyin daa waa kpeɡa, dɛ́ kwaa dakajen waa won nee sie vala kɛŋɔ ɡbera, ásɛ dɛ bɔne o bini kɛŋɔ deene, ásɛ dɛ kpɔ kootal maa o bini ne o habɔɔ bwa.","Anomanta, Noah, began to build a boat, when the floodwaters came and covered the land, so he entered with his family, and closed the door behind them.",onesimus_4838858E_Jan output 1 ,,31.14451873351351,7.430373661088236,4.826546003016591
Any man who isn't circumcised hasn't kept his part of the promise and cannot be one of my people.,"Bɛlbwa waa wola o pen teŋe la ta n nɛra nɛɛ jae kpa, dɛkalkɛŋɔ o ta n fɔo la ta teŋɛ.”","I will speak so that you may understand clearly, then you will take it from me.",onesimus_4838858E_Jan output 1 ,,16.538577490838964,7.430373661088236,4.826546003016591
"But Laban told him, “If you really are my friend, stay on, and I'll pay whatever you ask. I'm sure the Lord has blessed me because of you.”","Gel n jemɛ kembɔr maa chɛ kɛ n kpɔ tɛɛ, ásɛ n nyin tɛɛ.”","Gel and I went to the farm, we ate and drank.",onesimus_4838858E_Jan output 1 ,,9.365900195257316,7.430373661088236,4.826546003016591
"And Jacob told them to be sure to say that he was right behind them. Jacob hoped the gifts would make Esau friendly, so Esau would be glad to see him when they met.","Hé berɛ ɡel ó jemɛ kɛŋɔ o bonɔɔ Jekɔb ɡe lɔ habɔɔ dɛɛ ba. Dɛ ń tɔ sie, dɛ́ kpɔ koŋkɛɛla nɔ ba tɛɛ, ásɛ mɔɔ o tel he be. Ásɛ dɛ he nao waa, he ken ɛɛ kpɔɔ kɛɔ.”","Then Jacob went to the land of his father Isaac. He said to his wives, ""Your father has treated me deceitfully, and I have done all I could for him. But the God of my father has not allowed me to leave yet.""",onesimus_4838858E_Jan output 1 ,,23.562599408599816,7.430373661088236,4.826546003016591
So God created humans to be like himself; he made men and women.,"Anomanta, o ta nɛwɛnyina, ɡɛ tenten waa doa laanee o ta ba. Baa ne haahnee o ta.","Anomanta, he is not resting, he is moving around the house. He is tired.",gerhardt_2F3FAF10_output (1),,14.11665436088026,7.430373661088236,4.826546003016591
Get some good lumber and build a boat. Put rooms in it and cover it with tar inside and out.,"Anomanta, Nowa, ka nyin daa waa kpeɡa, dɛ́ kwaa dakajen waa won nee sie vala kɛŋɔ ɡbera, ásɛ dɛ bɔne o bini kɛŋɔ deene, ásɛ dɛ kpɔ kootal maa o bini ne o habɔɔ bwa.","Anomanta, Nowa, and the big one went to eat, the child who was left behind cried, so the dog followed him, and the dog met the hyena.",gerhardt_2F3FAF10_output (1),,17.62366796289211,7.430373661088236,4.826546003016591
Any man who isn't circumcised hasn't kept his part of the promise and cannot be one of my people.,"Bɛlbwa waa wola o pen teŋe la ta n nɛra nɛɛ jae kpa, dɛkalkɛŋɔ o ta n fɔo la ta teŋɛ.”","Bɛlbwa went to the market to buy food for the family meal, and she carried a basket to prepare the food for the evening.",gerhardt_2F3FAF10_output (1),,17.016105709702327,7.430373661088236,4.826546003016591
"But Laban told him, “If you really are my friend, stay on, and I'll pay whatever you ask. I'm sure the Lord has blessed me because of you.”","Gel n jemɛ kembɔr maa chɛ kɛ n kpɔ tɛɛ, ásɛ n nyin tɛɛ.”","Gel and his friend went to do what they saw, but they heard something.",gerhardt_2F3FAF10_output (1),,14.468628129048094,7.430373661088236,4.826546003016591
"And Jacob told them to be sure to say that he was right behind them. Jacob hoped the gifts would make Esau friendly, so Esau would be glad to see him when they met.","Hé berɛ ɡel ó jemɛ kɛŋɔ o bonɔɔ Jekɔb ɡe lɔ habɔɔ dɛɛ ba. Dɛ ń tɔ sie, dɛ́ kpɔ koŋkɛɛla nɔ ba tɛɛ, ásɛ mɔɔ o tel he be. Ásɛ dɛ he nao waa, he ken ɛɛ kpɔɔ kɛɔ.”","When Jacob's sons entered the land, they found a well there and sat by it. And when they had gathered, they rolled away the stone from the mouth of the well.",gerhardt_2F3FAF10_output (1),,25.645025480933505,7.430373661088236,4.826546003016591
So God created humans to be like himself; he made men and women.,"Anomanta, o ta nɛwɛnyina, ɡɛ tenten waa doa laanee o ta ba. Baa ne haahnee o ta.","Anomanta, he is not feeling well, he went there yesterday and he is there. Where is he staying now?",onesimus_778C5456_Dec 06 output,,15.961418094180551,7.430373661088236,4.826546003016591
Get some good lumber and build a boat. Put rooms in it and cover it with tar inside and out.,"Anomanta, Nowa, ka nyin daa waa kpeɡa, dɛ́ kwaa dakajen waa won nee sie vala kɛŋɔ ɡbera, ásɛ dɛ bɔne o bini kɛŋɔ deene, ásɛ dɛ kpɔ kootal maa o bini ne o habɔɔ bwa.","Anomanta, Nowa, and your great house was built, when the children were small they passed through Vala, then if they are in their peaceful time, then they went to the market in their place and found something.",onesimus_778C5456_Dec 06 output,,18.59924221886814,7.430373661088236,4.826546003016591
Any man who isn't circumcised hasn't kept his part of the promise and cannot be one of my people.,"Bɛlbwa waa wola o pen teŋe la ta n nɛra nɛɛ jae kpa, dɛkalkɛŋɔ o ta n fɔo la ta teŋɛ.”","Bɛlbwa went to speak the word that he had hidden, and the crowd came to take it, and the market came to buy the word.",onesimus_778C5456_Dec 06 output,,16.164446792982414,7.430373661088236,4.826546003016591
"But Laban told him, “If you really are my friend, stay on, and I'll pay whatever you ask. I'm sure the Lord has blessed me because of you.”","Gel n jemɛ kembɔr maa chɛ kɛ n kpɔ tɛɛ, ásɛ n nyin tɛɛ.”","""Take and eat my food, do not go, if you come.""",onesimus_778C5456_Dec 06 output,,8.632609885620111,7.430373661088236,4.826546003016591
"And Jacob told them to be sure to say that he was right behind them. Jacob hoped the gifts would make Esau friendly, so Esau would be glad to see him when they met.","Hé berɛ ɡel ó jemɛ kɛŋɔ o bonɔɔ Jekɔb ɡe lɔ habɔɔ dɛɛ ba. Dɛ ń tɔ sie, dɛ́ kpɔ koŋkɛɛla nɔ ba tɛɛ, ásɛ mɔɔ o tel he be. Ásɛ dɛ he nao waa, he ken ɛɛ kpɔɔ kɛɔ.”","Hey, come here and listen to what Jacob has done to me here. He said to me, ""Go to the field and sow seeds there, and I will prepare food for you here."" Then he went to the field, and he was able to reach there.",onesimus_778C5456_Dec 06 output,,23.53919165855391,7.430373661088236,4.826546003016591
So God created humans to be like himself; he made men and women.,"Anomanta, o ta nɛwɛnyina, ɡɛ tenten waa doa laanee o ta ba. Baa ne haahnee o ta.","Anomanta, the wise one, is hurrying to the town. Then he/she arrives there.",gerhardt_E3C23636_output_AHjhdB,,14.533795660239832,7.430373661088236,4.826546003016591
Get some good lumber and build a boat. Put rooms in it and cover it with tar inside and out.,"Anomanta, Nowa, ka nyin daa waa kpeɡa, dɛ́ kwaa dakajen waa won nee sie vala kɛŋɔ ɡbera, ásɛ dɛ bɔne o bini kɛŋɔ deene, ásɛ dɛ kpɔ kootal maa o bini ne o habɔɔ bwa.","Anomanta, Nowa, and you, go and build a house, when the chief said to them, ""Go and see the king's house,"" then they came to the king's town, then they took the basket and fled with the dog.",gerhardt_E3C23636_output_AHjhdB,,23.682734718786733,7.430373661088236,4.826546003016591
Any man who isn't circumcised hasn't kept his part of the promise and cannot be one of my people.,"Bɛlbwa waa wola o pen teŋe la ta n nɛra nɛɛ jae kpa, dɛkalkɛŋɔ o ta n fɔo la ta teŋɛ.”","Bɛlbwa is where they speak the language. Before they came, they did not know it. Therefore, because they did not speak it, they did not know the language.",gerhardt_E3C23636_output_AHjhdB,,16.034678318677127,7.430373661088236,4.826546003016591
"But Laban told him, “If you really are my friend, stay on, and I'll pay whatever you ask. I'm sure the Lord has blessed me because of you.”","Gel n jemɛ kembɔr maa chɛ kɛ n kpɔ tɛɛ, ásɛ n nyin tɛɛ.”","""Gel and his friend went to the river, and he did not return.""",gerhardt_E3C23636_output_AHjhdB,,13.83702361119195,7.430373661088236,4.826546003016591
"And Jacob told them to be sure to say that he was right behind them. Jacob hoped the gifts would make Esau friendly, so Esau would be glad to see him when they met.","Hé berɛ ɡel ó jemɛ kɛŋɔ o bonɔɔ Jekɔb ɡe lɔ habɔɔ dɛɛ ba. Dɛ ń tɔ sie, dɛ́ kpɔ koŋkɛɛla nɔ ba tɛɛ, ásɛ mɔɔ o tel he be. Ásɛ dɛ he nao waa, he ken ɛɛ kpɔɔ kɛɔ.”","Then Jacob came to the land of the people of the East. And he saw a well there, and three flocks of sheep lying beside it. And he said to the shepherds, ""My brothers, how have you come to this place?""",gerhardt_E3C23636_output_AHjhdB,,23.237385064542547,7.430373661088236,4.826546003016591
So God created humans to be like himself; he made men and women.,"Anomanta, o ta nɛwɛnyina, ɡɛ tenten waa doa laanee o ta ba. Baa ne haahnee o ta.","Anomanta, he is poor, yet he works hard and remains patient. But he is strong.",Dec 12 output,,16.353162595390742,7.430373661088236,4.826546003016591
Get some good lumber and build a boat. Put rooms in it and cover it with tar inside and out.,"Anomanta, Nowa, ka nyin daa waa kpeɡa, dɛ́ kwaa dakajen waa won nee sie vala kɛŋɔ ɡbera, ásɛ dɛ bɔne o bini kɛŋɔ deene, ásɛ dɛ kpɔ kootal maa o bini ne o habɔɔ bwa.","Anomanta, Nowa, and the day they arrived there, with the person who spoke good words to the child, then he found the child in the town, then he sent a message to him to come and eat food.",Dec 12 output,,22.428609281562263,7.430373661088236,4.826546003016591
Any man who isn't circumcised hasn't kept his part of the promise and cannot be one of my people.,"Bɛlbwa waa wola o pen teŋe la ta n nɛra nɛɛ jae kpa, dɛkalkɛŋɔ o ta n fɔo la ta teŋɛ.”","""In the beginning was the Word, and the Word was with God, and the Word was God. And they walked with God in the city of Enoch.""",Dec 12 output,,15.79558346547491,7.430373661088236,4.826546003016591
"But Laban told him, “If you really are my friend, stay on, and I'll pay whatever you ask. I'm sure the Lord has blessed me because of you.”","Gel n jemɛ kembɔr maa chɛ kɛ n kpɔ tɛɛ, ásɛ n nyin tɛɛ.”","""When we play the drum, we dance, and when we move, we go.""",Dec 12 output,,9.46567620853237,7.430373661088236,4.826546003016591
"And Jacob told them to be sure to say that he was right behind them. Jacob hoped the gifts would make Esau friendly, so Esau would be glad to see him when they met.","Hé berɛ ɡel ó jemɛ kɛŋɔ o bonɔɔ Jekɔb ɡe lɔ habɔɔ dɛɛ ba. Dɛ ń tɔ sie, dɛ́ kpɔ koŋkɛɛla nɔ ba tɛɛ, ásɛ mɔɔ o tel he be. Ásɛ dɛ he nao waa, he ken ɛɛ kpɔɔ kɛɔ.”","When they went to the well and met Jacob there, they stayed there. Then he asked them, ""Where are you from?"" and they told him. He said to them, ""He will ask for her hand in marriage.""",Dec 12 output,,27.228335523257318,7.430373661088236,4.826546003016591
So God created humans to be like himself; he made men and women.,"Anomanta, o ta nɛwɛnyina, ɡɛ tenten waa doa laanee o ta ba. Baa ne haahnee o ta.","Anomanta, the big one, is in the house. He is not here.",onesimus_CF2838B3_Dec 03 output,,12.957354431885037,7.430373661088236,4.826546003016591
Get some good lumber and build a boat. Put rooms in it and cover it with tar inside and out.,"Anomanta, Nowa, ka nyin daa waa kpeɡa, dɛ́ kwaa dakajen waa won nee sie vala kɛŋɔ ɡbera, ásɛ dɛ bɔne o bini kɛŋɔ deene, ásɛ dɛ kpɔ kootal maa o bini ne o habɔɔ bwa.","Anomanta, Nowa, when you go to the farm, tell Dakajen that the great chief has summoned him, so he should go to the chief's house, and he must take the path to the town carefully.",onesimus_CF2838B3_Dec 03 output,,14.922841974185856,7.430373661088236,4.826546003016591
Any man who isn't circumcised hasn't kept his part of the promise and cannot be one of my people.,"Bɛlbwa waa wola o pen teŋe la ta n nɛra nɛɛ jae kpa, dɛkalkɛŋɔ o ta n fɔo la ta teŋɛ.”","Bɛlbwa went to Wola and did the work so that his children could eat, and then went to Dekalkɛŋɔ for his dog's work.",onesimus_CF2838B3_Dec 03 output,,15.75216179538836,7.430373661088236,4.826546003016591
"But Laban told him, “If you really are my friend, stay on, and I'll pay whatever you ask. I'm sure the Lord has blessed me because of you.”","Gel n jemɛ kembɔr maa chɛ kɛ n kpɔ tɛɛ, ásɛ n nyin tɛɛ.”","If you don't go to the town, then you will stay here.",onesimus_CF2838B3_Dec 03 output,,11.816350815320767,7.430373661088236,4.826546003016591
"And Jacob told them to be sure to say that he was right behind them. Jacob hoped the gifts would make Esau friendly, so Esau would be glad to see him when they met.","Hé berɛ ɡel ó jemɛ kɛŋɔ o bonɔɔ Jekɔb ɡe lɔ habɔɔ dɛɛ ba. Dɛ ń tɔ sie, dɛ́ kpɔ koŋkɛɛla nɔ ba tɛɛ, ásɛ mɔɔ o tel he be. Ásɛ dɛ he nao waa, he ken ɛɛ kpɔɔ kɛɔ.”","He saw in his dream a ladder standing on the earth, reaching to heaven, and the angels of God ascending and descending on it. And he said, ""Truly, the Lord is in this place, and I did not know it.""",onesimus_CF2838B3_Dec 03 output,,18.883436811021284,7.430373661088236,4.826546003016591
So God created humans to be like himself; he made men and women.,"Anomanta, o ta nɛwɛnyina, ɡɛ tenten waa doa laanee o ta ba. Baa ne haahnee o ta.","Anomanta, he is not here, he has gone to the farm to work. Where is he?",john_BA3F5F9A_output (3),,14.581380545871559,7.430373661088236,4.826546003016591
Get some good lumber and build a boat. Put rooms in it and cover it with tar inside and out.,"Anomanta, Nowa, ka nyin daa waa kpeɡa, dɛ́ kwaa dakajen waa won nee sie vala kɛŋɔ ɡbera, ásɛ dɛ bɔne o bini kɛŋɔ deene, ásɛ dɛ kpɔ kootal maa o bini ne o habɔɔ bwa.","Anomanta, Nowa, and the child went to the farm, and when they arrived at the river, they saw a house, but when the child entered the house, and when they reached the market, they found a goat tied there.",john_BA3F5F9A_output (3),,18.31999895121832,7.430373661088236,4.826546003016591
Any man who isn't circumcised hasn't kept his part of the promise and cannot be one of my people.,"Bɛlbwa waa wola o pen teŋe la ta n nɛra nɛɛ jae kpa, dɛkalkɛŋɔ o ta n fɔo la ta teŋɛ.”","Belbwa said, ""I will speak so that they may hear me, and they will come to do what I have spoken.""",john_BA3F5F9A_output (3),,15.716896693259052,7.430373661088236,4.826546003016591
"But Laban told him, “If you really are my friend, stay on, and I'll pay whatever you ask. I'm sure the Lord has blessed me because of you.”","Gel n jemɛ kembɔr maa chɛ kɛ n kpɔ tɛɛ, ásɛ n nyin tɛɛ.”","God said, ""Listen to my word, my child, and understand.""",john_BA3F5F9A_output (3),,11.16644389453281,7.430373661088236,4.826546003016591
"And Jacob told them to be sure to say that he was right behind them. Jacob hoped the gifts would make Esau friendly, so Esau would be glad to see him when they met.","Hé berɛ ɡel ó jemɛ kɛŋɔ o bonɔɔ Jekɔb ɡe lɔ habɔɔ dɛɛ ba. Dɛ ń tɔ sie, dɛ́ kpɔ koŋkɛɛla nɔ ba tɛɛ, ásɛ mɔɔ o tel he be. Ásɛ dɛ he nao waa, he ken ɛɛ kpɔɔ kɛɔ.”","Then the angel of the Lord came to the camp of Jacob and spoke to him. When he saw them, he sent messengers ahead to his brother Esau in the land of Seir. And he commanded them, saying, ""This is what you are to say to my lord Esau...""",john_BA3F5F9A_output (3),,29.187558117275188,7.430373661088236,4.826546003016591
