ref,text,translated,source_zip_file,similarity_score,chrf_sentence,corpus_bleu,corpus_chrf
"God gave them his blessing and said: Have a lot of children! Fill the earth with people and bring it under your control. Rule over the fish in the ocean, the birds in the sky, and every animal on the earth.",Ndoŋ nna nɛ Ebɔrɛ nɛfa bumo nseŋ kaŋɛ bumo le: “Men kurge n wora keshi n salga to n sɔ kasawule so kikɛ nsaa ji eleŋ kumo so. Men baa ji eleŋ ekɔrɔtɔ so nɛ mbuibi so nɛ asɔ gbeyeso kikɛ nyam so.”,"When I arrived at Ebore, I saw a man who said: “I have been walking in the forest and the rain fell on me. I went to the river, and the water was cold and the fish were abundant.”",Dec 08 output,,23.611107136167714,10.112817421599875,4.402515723270439
"Forty days later Noah opened a window to send out a raven, but it kept flying around until the water had dried up.",nseŋ lara nyiŋgbeŋ ashi kuloŋgboŋ na to n lɛ kowu nɛ k baa wɔtɔ a lɛa a lɛa a jo saŋɛ nɛ nchu na kikɛ nyam beeŋ feeto kasawule so kuraa.,Translation not available,Dec 08 output,,7.075285231917432,10.112817421599875,4.402515723270439
"Lot answered, “You have done us a great favor, sir. You have saved our lives, but please don't make us go to the hills. That's too far away. The city will be destroyed before we can get there, and we will be killed when it happens.","N wu fanɛ ma asheŋ bɔlɔ fo kenishi, ŋkpal manɛ so, fo wora ma kelela ga m mɔlga ma ŋkpa, ama abee na ase wɔ kufɔ ga. Amoso pɔɛŋ nɛ n fo ndoŋ kusɔ ko beeŋ tiŋ n wora ma nɛ n wu.","If you do not work, you will have no food, the people will be hungry, and you will die; therefore, do not be idle and keep working.",Dec 08 output,,19.335059389861296,10.112817421599875,4.402515723270439
"Then he said to the servant in charge of the first herd, “When Esau meets you, he will ask whose servant you are. He will want to know where you are going and who owns those animals in front of you.","Kumo be kaman nɛ e kaŋɛ anya na to be emo nɛ e daŋ juŋkpar na fanɛ mo da Isɔɔ baŋ tu mo nseŋ bishi mo fanɛ, “Wanɛ be esa e la fo? Nnɛ nɛ fee yɔ? Wanɛ e wɔ asɔbɔya damta nɛ b juŋkpar fo ere kikɛ?”","If you are a person who has been told that you must go to the market and bring back some things for the chief, you might ask, “What is this for? What does it mean? Why are we being told to bring these items to the market?”",Dec 08 output,,24.963587452044912,10.112817421599875,4.402515723270439
"Seir was from the Horite tribe that had lived in Edom before the time of Esau. The clans that had descended from him were Lotan, Shobal, Zibeon, Anah,","Seyir nɛ e la Horaiebi be esa na be mbinyɛnbi nɛ b daa wɔ efuli na so nde. Lotan nɛ Shobal nɛ Zibiɔn nɛ Ana,","The story of Horaiebi and his children who live in the village of Efuli. Lotan, Shobal, Zibiɔn, and Ana,",Dec 08 output,,25.96332025093056,10.112817421599875,4.402515723270439
"God gave them his blessing and said: Have a lot of children! Fill the earth with people and bring it under your control. Rule over the fish in the ocean, the birds in the sky, and every animal on the earth.",Ndoŋ nna nɛ Ebɔrɛ nɛfa bumo nseŋ kaŋɛ bumo le: “Men kurge n wora keshi n salga to n sɔ kasawule so kikɛ nsaa ji eleŋ kumo so. Men baa ji eleŋ ekɔrɔtɔ so nɛ mbuibi so nɛ asɔ gbeyeso kikɛ nyam so.”,"When I arrived at Ebore, I heard someone say: “I will not go back to the place where the fire burned, because the ashes are still hot. I will stay here and protect the people from the heat.”",onesimus_31223989_Dec 12 output,,21.9081172444163,10.112817421599875,4.402515723270439
"Forty days later Noah opened a window to send out a raven, but it kept flying around until the water had dried up.",nseŋ lara nyiŋgbeŋ ashi kuloŋgboŋ na to n lɛ kowu nɛ k baa wɔtɔ a lɛa a lɛa a jo saŋɛ nɛ nchu na kikɛ nyam beeŋ feeto kasawule so kuraa.,,onesimus_31223989_Dec 12 output,,,10.112817421599875,4.402515723270439
"Lot answered, “You have done us a great favor, sir. You have saved our lives, but please don't make us go to the hills. That's too far away. The city will be destroyed before we can get there, and we will be killed when it happens.","N wu fanɛ ma asheŋ bɔlɔ fo kenishi, ŋkpal manɛ so, fo wora ma kelela ga m mɔlga ma ŋkpa, ama abee na ase wɔ kufɔ ga. Amoso pɔɛŋ nɛ n fo ndoŋ kusɔ ko beeŋ tiŋ n wora ma nɛ n wu.","If you do not work hard, you will have no food, you will be hungry, and you will die.",onesimus_31223989_Dec 12 output,,12.181556722769619,10.112817421599875,4.402515723270439
"Then he said to the servant in charge of the first herd, “When Esau meets you, he will ask whose servant you are. He will want to know where you are going and who owns those animals in front of you.","Kumo be kaman nɛ e kaŋɛ anya na to be emo nɛ e daŋ juŋkpar na fanɛ mo da Isɔɔ baŋ tu mo nseŋ bishi mo fanɛ, “Wanɛ be esa e la fo? Nnɛ nɛ fee yɔ? Wanɛ e wɔ asɔbɔya damta nɛ b juŋkpar fo ere kikɛ?”","If you are saying that you have something that you are doing, then why are you still here? What is it that you want? What is the problem you are facing?",onesimus_31223989_Dec 12 output,,23.016572587480233,10.112817421599875,4.402515723270439
"Seir was from the Horite tribe that had lived in Edom before the time of Esau. The clans that had descended from him were Lotan, Shobal, Zibeon, Anah,","Seyir nɛ e la Horaiebi be esa na be mbinyɛnbi nɛ b daa wɔ efuli na so nde. Lotan nɛ Shobal nɛ Zibiɔn nɛ Ana,","When the night falls and the stars appear in the sky, Lotan, Shobal, Zibiɔn, and Ana gather together.",onesimus_31223989_Dec 12 output,,24.300576187004193,10.112817421599875,4.402515723270439
"God gave them his blessing and said: Have a lot of children! Fill the earth with people and bring it under your control. Rule over the fish in the ocean, the birds in the sky, and every animal on the earth.",Ndoŋ nna nɛ Ebɔrɛ nɛfa bumo nseŋ kaŋɛ bumo le: “Men kurge n wora keshi n salga to n sɔ kasawule so kikɛ nsaa ji eleŋ kumo so. Men baa ji eleŋ ekɔrɔtɔ so nɛ mbuibi so nɛ asɔ gbeyeso kikɛ nyam so.”,"The man said that he had gone to the farm and taken some things, saying: “I will not eat the meat because it is rotten, and I will not sell it to anyone. I will keep it for myself and my family.”",john_AC86BE0F_output (5),,20.128386954528867,10.112817421599875,4.402515723270439
"Forty days later Noah opened a window to send out a raven, but it kept flying around until the water had dried up.",nseŋ lara nyiŋgbeŋ ashi kuloŋgboŋ na to n lɛ kowu nɛ k baa wɔtɔ a lɛa a lɛa a jo saŋɛ nɛ nchu na kikɛ nyam beeŋ feeto kasawule so kuraa.,Unable to translate,john_AC86BE0F_output (5),,6.125339252097087,10.112817421599875,4.402515723270439
"Lot answered, “You have done us a great favor, sir. You have saved our lives, but please don't make us go to the hills. That's too far away. The city will be destroyed before we can get there, and we will be killed when it happens.","N wu fanɛ ma asheŋ bɔlɔ fo kenishi, ŋkpal manɛ so, fo wora ma kelela ga m mɔlga ma ŋkpa, ama abee na ase wɔ kufɔ ga. Amoso pɔɛŋ nɛ n fo ndoŋ kusɔ ko beeŋ tiŋ n wora ma nɛ n wu.","If you do not work hard, you will have no food, you will go hungry, and you will die; therefore, you must keep striving and never give up.",john_AC86BE0F_output (5),,17.906028221366373,10.112817421599875,4.402515723270439
"Then he said to the servant in charge of the first herd, “When Esau meets you, he will ask whose servant you are. He will want to know where you are going and who owns those animals in front of you.","Kumo be kaman nɛ e kaŋɛ anya na to be emo nɛ e daŋ juŋkpar na fanɛ mo da Isɔɔ baŋ tu mo nseŋ bishi mo fanɛ, “Wanɛ be esa e la fo? Nnɛ nɛ fee yɔ? Wanɛ e wɔ asɔbɔya damta nɛ b juŋkpar fo ere kikɛ?”","If you have something you want to tell me that you heard from the elders, then tell me now: “What is this about? What is happening? Why are you speaking about the church and the meeting?”",john_AC86BE0F_output (5),,24.13474171436989,10.112817421599875,4.402515723270439
"Seir was from the Horite tribe that had lived in Edom before the time of Esau. The clans that had descended from him were Lotan, Shobal, Zibeon, Anah,","Seyir nɛ e la Horaiebi be esa na be mbinyɛnbi nɛ b daa wɔ efuli na so nde. Lotan nɛ Shobal nɛ Zibiɔn nɛ Ana,","The people of Seyir and the Horaiebi are the ones who have been gathered together at this place. Lotan, Shobal, Zibiɔn, and Ana",john_AC86BE0F_output (5),,31.32908479633343,10.112817421599875,4.402515723270439
"God gave them his blessing and said: Have a lot of children! Fill the earth with people and bring it under your control. Rule over the fish in the ocean, the birds in the sky, and every animal on the earth.",Ndoŋ nna nɛ Ebɔrɛ nɛfa bumo nseŋ kaŋɛ bumo le: “Men kurge n wora keshi n salga to n sɔ kasawule so kikɛ nsaa ji eleŋ kumo so. Men baa ji eleŋ ekɔrɔtɔ so nɛ mbuibi so nɛ asɔ gbeyeso kikɛ nyam so.”,"When I was at Ebɔrɛ, I saw a man who said, “I will not eat the bitter fruit and the sweet fruit together, for they will cause my stomach to become upset. I will eat only the sweet fruit and the bitter fruit separately, so that my body remains healthy.”",output_JA-4,,21.789601106171666,10.112817421599875,4.402515723270439
"Forty days later Noah opened a window to send out a raven, but it kept flying around until the water had dried up.",nseŋ lara nyiŋgbeŋ ashi kuloŋgboŋ na to n lɛ kowu nɛ k baa wɔtɔ a lɛa a lɛa a jo saŋɛ nɛ nchu na kikɛ nyam beeŋ feeto kasawule so kuraa.,"When the rain falls on the roof, the sound it makes calls the children to gather and dance together.",output_JA-4,,16.91872233888434,10.112817421599875,4.402515723270439
"Lot answered, “You have done us a great favor, sir. You have saved our lives, but please don't make us go to the hills. That's too far away. The city will be destroyed before we can get there, and we will be killed when it happens.","N wu fanɛ ma asheŋ bɔlɔ fo kenishi, ŋkpal manɛ so, fo wora ma kelela ga m mɔlga ma ŋkpa, ama abee na ase wɔ kufɔ ga. Amoso pɔɛŋ nɛ n fo ndoŋ kusɔ ko beeŋ tiŋ n wora ma nɛ n wu.","If you do not work hard, you will not have enough food and you will suffer hunger, and your children will be weak. Therefore, you must work and be diligent.",output_JA-4,,21.238784690627295,10.112817421599875,4.402515723270439
"Then he said to the servant in charge of the first herd, “When Esau meets you, he will ask whose servant you are. He will want to know where you are going and who owns those animals in front of you.","Kumo be kaman nɛ e kaŋɛ anya na to be emo nɛ e daŋ juŋkpar na fanɛ mo da Isɔɔ baŋ tu mo nseŋ bishi mo fanɛ, “Wanɛ be esa e la fo? Nnɛ nɛ fee yɔ? Wanɛ e wɔ asɔbɔya damta nɛ b juŋkpar fo ere kikɛ?”","What are you saying that you have done something that is not right, and why are you here? What do you want? Why are you asking about the matter again?",output_JA-4,,20.797859147199567,10.112817421599875,4.402515723270439
"Seir was from the Horite tribe that had lived in Edom before the time of Esau. The clans that had descended from him were Lotan, Shobal, Zibeon, Anah,","Seyir nɛ e la Horaiebi be esa na be mbinyɛnbi nɛ b daa wɔ efuli na so nde. Lotan nɛ Shobal nɛ Zibiɔn nɛ Ana,","The sun and the moon are shining, and the stars are also bright in the sky tonight. Lotan, Shobal, Zibiɔn, and Ana.",output_JA-4,,24.443550029753016,10.112817421599875,4.402515723270439
"God gave them his blessing and said: Have a lot of children! Fill the earth with people and bring it under your control. Rule over the fish in the ocean, the birds in the sky, and every animal on the earth.",Ndoŋ nna nɛ Ebɔrɛ nɛfa bumo nseŋ kaŋɛ bumo le: “Men kurge n wora keshi n salga to n sɔ kasawule so kikɛ nsaa ji eleŋ kumo so. Men baa ji eleŋ ekɔrɔtɔ so nɛ mbuibi so nɛ asɔ gbeyeso kikɛ nyam so.”,"When I arrived at Ebore, I saw that: “I will not stay here any longer; I must go back to the place where my ancestors rest, for my heart belongs there, and I will return to the land of my forefathers.”",onesimus_7C821E01_Dec 01 output,,20.357374762631142,10.112817421599875,4.402515723270439
"Forty days later Noah opened a window to send out a raven, but it kept flying around until the water had dried up.",nseŋ lara nyiŋgbeŋ ashi kuloŋgboŋ na to n lɛ kowu nɛ k baa wɔtɔ a lɛa a lɛa a jo saŋɛ nɛ nchu na kikɛ nyam beeŋ feeto kasawule so kuraa.,Unable to translate,onesimus_7C821E01_Dec 01 output,,6.125339252097087,10.112817421599875,4.402515723270439
"Lot answered, “You have done us a great favor, sir. You have saved our lives, but please don't make us go to the hills. That's too far away. The city will be destroyed before we can get there, and we will be killed when it happens.","N wu fanɛ ma asheŋ bɔlɔ fo kenishi, ŋkpal manɛ so, fo wora ma kelela ga m mɔlga ma ŋkpa, ama abee na ase wɔ kufɔ ga. Amoso pɔɛŋ nɛ n fo ndoŋ kusɔ ko beeŋ tiŋ n wora ma nɛ n wu.","If you do not work hard, you will not have enough food, you will go hungry, and you will die.",onesimus_7C821E01_Dec 01 output,,12.165900343582308,10.112817421599875,4.402515723270439
"Then he said to the servant in charge of the first herd, “When Esau meets you, he will ask whose servant you are. He will want to know where you are going and who owns those animals in front of you.","Kumo be kaman nɛ e kaŋɛ anya na to be emo nɛ e daŋ juŋkpar na fanɛ mo da Isɔɔ baŋ tu mo nseŋ bishi mo fanɛ, “Wanɛ be esa e la fo? Nnɛ nɛ fee yɔ? Wanɛ e wɔ asɔbɔya damta nɛ b juŋkpar fo ere kikɛ?”","If you are the one who is still here, what will you do now? Will you go to the market or stay at home?",onesimus_7C821E01_Dec 01 output,,18.038851126599987,10.112817421599875,4.402515723270439
"Seir was from the Horite tribe that had lived in Edom before the time of Esau. The clans that had descended from him were Lotan, Shobal, Zibeon, Anah,","Seyir nɛ e la Horaiebi be esa na be mbinyɛnbi nɛ b daa wɔ efuli na so nde. Lotan nɛ Shobal nɛ Zibiɔn nɛ Ana,","Seyir and the Horaiebi are the ones who live in the forest and the river. Lotan, Shobal, Zibiɔn, and Ana.",onesimus_7C821E01_Dec 01 output,,30.07451780910767,10.112817421599875,4.402515723270439
"When the man saw that he could not win, he struck Jacob on the hip and threw it out of joint.",Kanyɛn na ka wu fanɛ e maa tiŋ a pɔɔ Jeekɔb so nɛ e beta Jeekɔb be kebembi nɛ mbe keleŋ kpekpel.,"If you go to Jacob’s place, you will find Jacob with his children.",output_jonathan,0.27581078,16.269217673555346,10.112817421599875,4.402515723270439
"This rock will be your house, and I will give back to you a tenth of everything you give me.”","Amoso nɛ n yuu kejembu ere n dulgi ndoŋ nɛ k baa la fo Ebɔrɛ pe na. Kusɔ kama malɛ nɛ fo sa ma, meeŋ lara kumo be kudusopo n sa fo.”","If you do not work hard, you will not reap the fruit; the lazy one gets nothing, but the diligent one will succeed.",output_jonathan,0.23323451,21.36375295636417,10.112817421599875,4.402515723270439
"I will bless those who bless you, but I will put a curse on anyone who puts a curse on you. Everyone on earth will be blessed because of you.","Bekama malɛ nɛ b nɛfa fo, ma alɛ gba beeŋ nɛfa bumo. Ama ekama nɛ e sho fo kɔnɔ, ma alɛ gba beeŋ sho amodoŋwura kɔnɔ. Fo so nɛ meeŋ bɔla n nɛfa durnya to ebi kikɛ.”","May the one who has no fear, who walks with a pure heart, be blessed and may his path be guided by the light of truth.",output_jonathan,0.54298717,21.319464182301594,10.112817421599875,4.402515723270439
and they stopped up the wells that Abraham's servants had dug before his death.,nseŋ ya fara a kur shishɛr a ti a ti atirbu nɛ mo tuto Eebraham be nyɛrbi daŋ kur na kikɛ.,Now the Lord told Abraham to go to the land of Canaan.,output_jonathan,0.48371312,18.76867283211852,10.112817421599875,4.402515723270439
"Jacob solemnly promised God, “If you go with me and watch over me as I travel, and if you give me food and clothes",Asheŋ ere be kaman nɛ Jeekɔb nase kɔnɔ ŋ kaŋɛ le: “Nɛ Ebɔrɛ beeŋ baa wɔ ma kutɔ nsaa keni ma so ashi ma enite ere to nsaa sa ma ajibi nɛ asɔbuuso loŋ,"When the fire is burning and the water is cold, we say: “If the rain falls, we will not be able to eat the corn because the field is flooded.”",output_jonathan,0.27494785,18.2414918630693,10.112817421599875,4.402515723270439
"God gave them his blessing and said: Have a lot of children! Fill the earth with people and bring it under your control. Rule over the fish in the ocean, the birds in the sky, and every animal on the earth.",Ndoŋ nna nɛ Ebɔrɛ nɛfa bumo nseŋ kaŋɛ bumo le: “Men kurge n wora keshi n salga to n sɔ kasawule so kikɛ nsaa ji eleŋ kumo so. Men baa ji eleŋ ekɔrɔtɔ so nɛ mbuibi so nɛ asɔ gbeyeso kikɛ nyam so.”,"The elders of the village gathered together and said: “We must protect our children and ensure they have food and water, for they are the future of our people. We will work together, share our resources, and support each other so that everyone can thrive.”",output_JA-2,,29.854493242790575,10.112817421599875,4.402515723270439
"Forty days later Noah opened a window to send out a raven, but it kept flying around until the water had dried up.",nseŋ lara nyiŋgbeŋ ashi kuloŋgboŋ na to n lɛ kowu nɛ k baa wɔtɔ a lɛa a lɛa a jo saŋɛ nɛ nchu na kikɛ nyam beeŋ feeto kasawule so kuraa.,"When the fire spreads, the smoke rises and the people gather, singing and dancing together.",output_JA-2,,15.985998994899592,10.112817421599875,4.402515723270439
"Lot answered, “You have done us a great favor, sir. You have saved our lives, but please don't make us go to the hills. That's too far away. The city will be destroyed before we can get there, and we will be killed when it happens.","N wu fanɛ ma asheŋ bɔlɔ fo kenishi, ŋkpal manɛ so, fo wora ma kelela ga m mɔlga ma ŋkpa, ama abee na ase wɔ kufɔ ga. Amoso pɔɛŋ nɛ n fo ndoŋ kusɔ ko beeŋ tiŋ n wora ma nɛ n wu.","If you do not work hard, you will have no food, you will be hungry, and you will die.",output_JA-2,,12.181556722769619,10.112817421599875,4.402515723270439
"Then he said to the servant in charge of the first herd, “When Esau meets you, he will ask whose servant you are. He will want to know where you are going and who owns those animals in front of you.","Kumo be kaman nɛ e kaŋɛ anya na to be emo nɛ e daŋ juŋkpar na fanɛ mo da Isɔɔ baŋ tu mo nseŋ bishi mo fanɛ, “Wanɛ be esa e la fo? Nnɛ nɛ fee yɔ? Wanɛ e wɔ asɔbɔya damta nɛ b juŋkpar fo ere kikɛ?”","If you are going to bring something to the house of Isɔɔ, you must ask, “What is this? How much does it cost? Where is the market we should go to?”",output_JA-2,,23.187293598605095,10.112817421599875,4.402515723270439
"Seir was from the Horite tribe that had lived in Edom before the time of Esau. The clans that had descended from him were Lotan, Shobal, Zibeon, Anah,","Seyir nɛ e la Horaiebi be esa na be mbinyɛnbi nɛ b daa wɔ efuli na so nde. Lotan nɛ Shobal nɛ Zibiɔn nɛ Ana,","The people of the Horaiebi are gathering together at the riverbank, and they will stay there until the sun sets. Lotan, Shobal, Zibiɔn, and Ana are also present.",output_JA-2,,29.98234998664802,10.112817421599875,4.402515723270439
"God gave them his blessing and said: Have a lot of children! Fill the earth with people and bring it under your control. Rule over the fish in the ocean, the birds in the sky, and every animal on the earth.",Ndoŋ nna nɛ Ebɔrɛ nɛfa bumo nseŋ kaŋɛ bumo le: “Men kurge n wora keshi n salga to n sɔ kasawule so kikɛ nsaa ji eleŋ kumo so. Men baa ji eleŋ ekɔrɔtɔ so nɛ mbuibi so nɛ asɔ gbeyeso kikɛ nyam so.”,"When I was at Ebore, I saw a man who was walking slowly and said, “I will not go to the market today because the road is blocked by fallen trees. I will stay at home and rest until the rain stops.”",gerhardt_8019BE0D_output_WsImHC,,22.04666345421571,10.112817421599875,4.402515723270439
"Forty days later Noah opened a window to send out a raven, but it kept flying around until the water had dried up.",nseŋ lara nyiŋgbeŋ ashi kuloŋgboŋ na to n lɛ kowu nɛ k baa wɔtɔ a lɛa a lɛa a jo saŋɛ nɛ nchu na kikɛ nyam beeŋ feeto kasawule so kuraa.,Translation not available,gerhardt_8019BE0D_output_WsImHC,,7.075285231917432,10.112817421599875,4.402515723270439
"Lot answered, “You have done us a great favor, sir. You have saved our lives, but please don't make us go to the hills. That's too far away. The city will be destroyed before we can get there, and we will be killed when it happens.","N wu fanɛ ma asheŋ bɔlɔ fo kenishi, ŋkpal manɛ so, fo wora ma kelela ga m mɔlga ma ŋkpa, ama abee na ase wɔ kufɔ ga. Amoso pɔɛŋ nɛ n fo ndoŋ kusɔ ko beeŋ tiŋ n wora ma nɛ n wu.",Translation not available,gerhardt_8019BE0D_output_WsImHC,,3.8127551147518215,10.112817421599875,4.402515723270439
"Then he said to the servant in charge of the first herd, “When Esau meets you, he will ask whose servant you are. He will want to know where you are going and who owns those animals in front of you.","Kumo be kaman nɛ e kaŋɛ anya na to be emo nɛ e daŋ juŋkpar na fanɛ mo da Isɔɔ baŋ tu mo nseŋ bishi mo fanɛ, “Wanɛ be esa e la fo? Nnɛ nɛ fee yɔ? Wanɛ e wɔ asɔbɔya damta nɛ b juŋkpar fo ere kikɛ?”","If you have something and you want to know why it is happening, ask yourself, “What is the cause? What is the reason? What is the purpose behind this situation?”",gerhardt_8019BE0D_output_WsImHC,,26.034050806613003,10.112817421599875,4.402515723270439
"Seir was from the Horite tribe that had lived in Edom before the time of Esau. The clans that had descended from him were Lotan, Shobal, Zibeon, Anah,","Seyir nɛ e la Horaiebi be esa na be mbinyɛnbi nɛ b daa wɔ efuli na so nde. Lotan nɛ Shobal nɛ Zibiɔn nɛ Ana,","When the Horaiebi were gathered together at the riverbank, Lotan, Shobal, Zibiôn, and Ana were present.",gerhardt_8019BE0D_output_WsImHC,,27.921210973871514,10.112817421599875,4.402515723270439
"God gave them his blessing and said: Have a lot of children! Fill the earth with people and bring it under your control. Rule over the fish in the ocean, the birds in the sky, and every animal on the earth.",Ndoŋ nna nɛ Ebɔrɛ nɛfa bumo nseŋ kaŋɛ bumo le: “Men kurge n wora keshi n salga to n sɔ kasawule so kikɛ nsaa ji eleŋ kumo so. Men baa ji eleŋ ekɔrɔtɔ so nɛ mbuibi so nɛ asɔ gbeyeso kikɛ nyam so.”,When I arrived at Ebore I heard someone say: “I will not go to the farm because the rain is heavy and the road is slippery. I will stay at home and wait for the storm to pass.”,Dec 02 output,,20.722872122211346,10.112817421599875,4.402515723270439
"Forty days later Noah opened a window to send out a raven, but it kept flying around until the water had dried up.",nseŋ lara nyiŋgbeŋ ashi kuloŋgboŋ na to n lɛ kowu nɛ k baa wɔtɔ a lɛa a lɛa a jo saŋɛ nɛ nchu na kikɛ nyam beeŋ feeto kasawule so kuraa.,Translation not available,Dec 02 output,,7.075285231917432,10.112817421599875,4.402515723270439
"Lot answered, “You have done us a great favor, sir. You have saved our lives, but please don't make us go to the hills. That's too far away. The city will be destroyed before we can get there, and we will be killed when it happens.","N wu fanɛ ma asheŋ bɔlɔ fo kenishi, ŋkpal manɛ so, fo wora ma kelela ga m mɔlga ma ŋkpa, ama abee na ase wɔ kufɔ ga. Amoso pɔɛŋ nɛ n fo ndoŋ kusɔ ko beeŋ tiŋ n wora ma nɛ n wu.","If you do not work hard, you will have nothing to eat, you will go hungry, and you will die.",Dec 02 output,,12.284101175526338,10.112817421599875,4.402515723270439
"Then he said to the servant in charge of the first herd, “When Esau meets you, he will ask whose servant you are. He will want to know where you are going and who owns those animals in front of you.","Kumo be kaman nɛ e kaŋɛ anya na to be emo nɛ e daŋ juŋkpar na fanɛ mo da Isɔɔ baŋ tu mo nseŋ bishi mo fanɛ, “Wanɛ be esa e la fo? Nnɛ nɛ fee yɔ? Wanɛ e wɔ asɔbɔya damta nɛ b juŋkpar fo ere kikɛ?”","If you are like this and you say you won’t go to the market tomorrow because you’re sick, what will you do? Are you alright? What will you tell the chief about the market?",Dec 02 output,,22.301728722891827,10.112817421599875,4.402515723270439
"Seir was from the Horite tribe that had lived in Edom before the time of Esau. The clans that had descended from him were Lotan, Shobal, Zibeon, Anah,","Seyir nɛ e la Horaiebi be esa na be mbinyɛnbi nɛ b daa wɔ efuli na so nde. Lotan nɛ Shobal nɛ Zibiɔn nɛ Ana,","The story that the Horaiebi were with their children and they went to the market. Lotan, Shobal, Zibiɔn, and Ana...",Dec 02 output,,29.104151329161603,10.112817421599875,4.402515723270439
"God gave them his blessing and said: Have a lot of children! Fill the earth with people and bring it under your control. Rule over the fish in the ocean, the birds in the sky, and every animal on the earth.",Ndoŋ nna nɛ Ebɔrɛ nɛfa bumo nseŋ kaŋɛ bumo le: “Men kurge n wora keshi n salga to n sɔ kasawule so kikɛ nsaa ji eleŋ kumo so. Men baa ji eleŋ ekɔrɔtɔ so nɛ mbuibi so nɛ asɔ gbeyeso kikɛ nyam so.”,"The chief of Ebɔrɛ said: “I will not allow anyone to take the land without permission, because the ancestors have given it to us and it belongs to our people. I will protect the land and the forest, and I will not let anyone destroy it.”",john_567A83BD_output (1),,25.311972874789717,10.112817421599875,4.402515723270439
"Forty days later Noah opened a window to send out a raven, but it kept flying around until the water had dried up.",nseŋ lara nyiŋgbeŋ ashi kuloŋgboŋ na to n lɛ kowu nɛ k baa wɔtɔ a lɛa a lɛa a jo saŋɛ nɛ nchu na kikɛ nyam beeŋ feeto kasawule so kuraa.,Unable to provide a translation due to insufficient knowledge of the Gonja language.,john_567A83BD_output (1),,16.736693625428014,10.112817421599875,4.402515723270439
"Lot answered, “You have done us a great favor, sir. You have saved our lives, but please don't make us go to the hills. That's too far away. The city will be destroyed before we can get there, and we will be killed when it happens.","N wu fanɛ ma asheŋ bɔlɔ fo kenishi, ŋkpal manɛ so, fo wora ma kelela ga m mɔlga ma ŋkpa, ama abee na ase wɔ kufɔ ga. Amoso pɔɛŋ nɛ n fo ndoŋ kusɔ ko beeŋ tiŋ n wora ma nɛ n wu.","If you do not work, you will not eat; the child will go hungry and the house will be empty. Therefore, you must work hard to provide for yourself.",john_567A83BD_output (1),,20.30271903767808,10.112817421599875,4.402515723270439
"Then he said to the servant in charge of the first herd, “When Esau meets you, he will ask whose servant you are. He will want to know where you are going and who owns those animals in front of you.","Kumo be kaman nɛ e kaŋɛ anya na to be emo nɛ e daŋ juŋkpar na fanɛ mo da Isɔɔ baŋ tu mo nseŋ bishi mo fanɛ, “Wanɛ be esa e la fo? Nnɛ nɛ fee yɔ? Wanɛ e wɔ asɔbɔya damta nɛ b juŋkpar fo ere kikɛ?”","If you are like that and you say you won’t go to the market, why are you still here? What are you doing? Why are you sitting in the house without going out?",john_567A83BD_output (1),,22.165727744333655,10.112817421599875,4.402515723270439
"Seir was from the Horite tribe that had lived in Edom before the time of Esau. The clans that had descended from him were Lotan, Shobal, Zibeon, Anah,","Seyir nɛ e la Horaiebi be esa na be mbinyɛnbi nɛ b daa wɔ efuli na so nde. Lotan nɛ Shobal nɛ Zibiɔn nɛ Ana,","When the sun rises over the hills and the birds sing in the morning. Lotan, Shobal, Zibiɔn and Ana",john_567A83BD_output (1),,23.296708189217554,10.112817421599875,4.402515723270439
"When Jacob crossed the Euphrates River and headed for the hill country of Gilead, he took with him everything he owned. Laban Catches Up with Jacob","Amoso, Jeekɔb daŋ ta mbe asɔ kikɛ nna n shile n ya dii lɔr nɛ baa tre Yufreetes na n ta n sɔ Gilead be efuli so, kakpa nɛ abee wɔ ga na. Leeban ka ju m bɛ Jeekɔb so be asheŋ","I’m sorry, but I’m not able to translate that text.",output_mich001,0.054519165,8.204692098835894,10.112817421599875,4.402515723270439
How can I face my father if Benjamin isn't with me? I couldn't bear to see my father in such sorrow.,"Ŋkpal manɛ so, nɛ kebia na maŋ tu ma n yɔ epe, nuso nɛ meeŋ wora n yɔ n tuto kutɔ? Ayai, jande, sa maŋ shin nɛ n ya wu kagbenejija nɛ k beeŋ ba n tuto so na.”",Translation not available,output_mich001,0.019969463,5.355817499482905,10.112817421599875,4.402515723270439
"He waited seven more days before sending the dove out again, and this time it did not return.","Nɛ e naŋ jo bɔkwe koŋwule nseŋ naŋ lara keli na kuloŋgboŋ na to n lɛ kowu. Kede bre to, keli na maŋ naŋ bɛta m ba.","I'm sorry, but I’m unable to translate this text because I don’t recognize the language it’s written in. Could you please let me know which language it is or provide more context?",output_mich001,0.027855627,21.708173810321828,10.112817421599875,4.402515723270439
"They called her and asked, “Are you willing to leave with this man at once?” “Yes,” she answered.","Nɛ b tre Rebɛka m bishi mo: “Rebɛka, feeŋ tu kanyɛn ere a yɔ a?” Nɛ e kaŋɛ: “Mm, meeŋ yɔ.”","I said to Rebeka: “Rebeka, where are you going now?” He/she replied: “Yes, I’m going.”",output_mich001,0.5001236,19.515264524541614,10.112817421599875,4.402515723270439
"As Jacob was on his way back home, some of God's angels came and met him.",Ndoŋ nna nɛ Jeekɔb malɛ pɛ mbe ekpa a yɔ nɛ Ebɔrɛ be emalaika ba tu mo.,Today Jacob is my friend who lives in Ebore and will be there tomorrow.,output_mich001,0.42571074,18.016554651460883,10.112817421599875,4.402515723270439
"God gave them his blessing and said: Have a lot of children! Fill the earth with people and bring it under your control. Rule over the fish in the ocean, the birds in the sky, and every animal on the earth.",Ndoŋ nna nɛ Ebɔrɛ nɛfa bumo nseŋ kaŋɛ bumo le: “Men kurge n wora keshi n salga to n sɔ kasawule so kikɛ nsaa ji eleŋ kumo so. Men baa ji eleŋ ekɔrɔtɔ so nɛ mbuibi so nɛ asɔ gbeyeso kikɛ nyam so.”,"When I was at Ebore, I said: “I went to the market and bought some things, then I returned home and prepared a meal for my family, and we all ate together happily.”",john_AA1B9A68_output (9),,19.97103017921543,10.112817421599875,4.402515723270439
"Forty days later Noah opened a window to send out a raven, but it kept flying around until the water had dried up.",nseŋ lara nyiŋgbeŋ ashi kuloŋgboŋ na to n lɛ kowu nɛ k baa wɔtɔ a lɛa a lɛa a jo saŋɛ nɛ nchu na kikɛ nyam beeŋ feeto kasawule so kuraa.,Translation not available,john_AA1B9A68_output (9),,7.075285231917432,10.112817421599875,4.402515723270439
"Lot answered, “You have done us a great favor, sir. You have saved our lives, but please don't make us go to the hills. That's too far away. The city will be destroyed before we can get there, and we will be killed when it happens.","N wu fanɛ ma asheŋ bɔlɔ fo kenishi, ŋkpal manɛ so, fo wora ma kelela ga m mɔlga ma ŋkpa, ama abee na ase wɔ kufɔ ga. Amoso pɔɛŋ nɛ n fo ndoŋ kusɔ ko beeŋ tiŋ n wora ma nɛ n wu.","The fire burns the forest, but the wind can still blow, and the river flows onward, carrying the fish downstream; yet the people must remember that the earth belongs to the ancestors.",john_AA1B9A68_output (9),,22.407999126578364,10.112817421599875,4.402515723270439
"Then he said to the servant in charge of the first herd, “When Esau meets you, he will ask whose servant you are. He will want to know where you are going and who owns those animals in front of you.","Kumo be kaman nɛ e kaŋɛ anya na to be emo nɛ e daŋ juŋkpar na fanɛ mo da Isɔɔ baŋ tu mo nseŋ bishi mo fanɛ, “Wanɛ be esa e la fo? Nnɛ nɛ fee yɔ? Wanɛ e wɔ asɔbɔya damta nɛ b juŋkpar fo ere kikɛ?”","When we are together and we see that the child is crying, we should go to the house of the elder and ask, “What has happened here? Why is it so? What does the elder say about the child's condition?”",john_AA1B9A68_output (9),,23.918148678261527,10.112817421599875,4.402515723270439
"Seir was from the Horite tribe that had lived in Edom before the time of Esau. The clans that had descended from him were Lotan, Shobal, Zibeon, Anah,","Seyir nɛ e la Horaiebi be esa na be mbinyɛnbi nɛ b daa wɔ efuli na so nde. Lotan nɛ Shobal nɛ Zibiɔn nɛ Ana,","The story tells of the Horaiebi and their children who live in the forest and by the river. It mentions Lotan, Shobal, Zibiɔn, and Ana.",john_AA1B9A68_output (9),,31.291485218155884,10.112817421599875,4.402515723270439
"God gave them his blessing and said: Have a lot of children! Fill the earth with people and bring it under your control. Rule over the fish in the ocean, the birds in the sky, and every animal on the earth.",Ndoŋ nna nɛ Ebɔrɛ nɛfa bumo nseŋ kaŋɛ bumo le: “Men kurge n wora keshi n salga to n sɔ kasawule so kikɛ nsaa ji eleŋ kumo so. Men baa ji eleŋ ekɔrɔtɔ so nɛ mbuibi so nɛ asɔ gbeyeso kikɛ nyam so.”,When I was at Ebore I heard someone say: “I will go to the market and buy food for the children because they are hungry. I will also bring water for the sick and the elderly.”,Dec 07 output,,24.06642703913264,10.112817421599875,4.402515723270439
"Forty days later Noah opened a window to send out a raven, but it kept flying around until the water had dried up.",nseŋ lara nyiŋgbeŋ ashi kuloŋgboŋ na to n lɛ kowu nɛ k baa wɔtɔ a lɛa a lɛa a jo saŋɛ nɛ nchu na kikɛ nyam beeŋ feeto kasawule so kuraa.,The villagers gathered together and sang songs about the river and the forest.,Dec 07 output,,14.452508531964556,10.112817421599875,4.402515723270439
"Lot answered, “You have done us a great favor, sir. You have saved our lives, but please don't make us go to the hills. That's too far away. The city will be destroyed before we can get there, and we will be killed when it happens.","N wu fanɛ ma asheŋ bɔlɔ fo kenishi, ŋkpal manɛ so, fo wora ma kelela ga m mɔlga ma ŋkpa, ama abee na ase wɔ kufɔ ga. Amoso pɔɛŋ nɛ n fo ndoŋ kusɔ ko beeŋ tiŋ n wora ma nɛ n wu.",Translation not available,Dec 07 output,,3.8127551147518215,10.112817421599875,4.402515723270439
"Then he said to the servant in charge of the first herd, “When Esau meets you, he will ask whose servant you are. He will want to know where you are going and who owns those animals in front of you.","Kumo be kaman nɛ e kaŋɛ anya na to be emo nɛ e daŋ juŋkpar na fanɛ mo da Isɔɔ baŋ tu mo nseŋ bishi mo fanɛ, “Wanɛ be esa e la fo? Nnɛ nɛ fee yɔ? Wanɛ e wɔ asɔbɔya damta nɛ b juŋkpar fo ere kikɛ?”","What are you doing here, having come to the place of Isɔɔ, and saying, “Why are you here? What do you want? Why are you staying in this place?”",Dec 07 output,,19.504048518607515,10.112817421599875,4.402515723270439
"Seir was from the Horite tribe that had lived in Edom before the time of Esau. The clans that had descended from him were Lotan, Shobal, Zibeon, Anah,","Seyir nɛ e la Horaiebi be esa na be mbinyɛnbi nɛ b daa wɔ efuli na so nde. Lotan nɛ Shobal nɛ Zibiɔn nɛ Ana,","The text describes the Horaiebi and his children, including Lotan, Shobal, Zibiɔn, and Ana.",Dec 07 output,,27.251633551075983,10.112817421599875,4.402515723270439
"God gave them his blessing and said: Have a lot of children! Fill the earth with people and bring it under your control. Rule over the fish in the ocean, the birds in the sky, and every animal on the earth.",Ndoŋ nna nɛ Ebɔrɛ nɛfa bumo nseŋ kaŋɛ bumo le: “Men kurge n wora keshi n salga to n sɔ kasawule so kikɛ nsaa ji eleŋ kumo so. Men baa ji eleŋ ekɔrɔtɔ so nɛ mbuibi so nɛ asɔ gbeyeso kikɛ nyam so.”,"The elder said that I should go and fetch water and bring it back, because I must go to the farm to get water, then go to the field and return home.",Dec 10 output,,21.464581214856455,10.112817421599875,4.402515723270439
"Forty days later Noah opened a window to send out a raven, but it kept flying around until the water had dried up.",nseŋ lara nyiŋgbeŋ ashi kuloŋgboŋ na to n lɛ kowu nɛ k baa wɔtɔ a lɛa a lɛa a jo saŋɛ nɛ nchu na kikɛ nyam beeŋ feeto kasawule so kuraa.,"When the fire burns the thatch, the smoke rises and the wind carries it far, and people say that the fire is strong.",Dec 10 output,,18.305209186050426,10.112817421599875,4.402515723270439
"Lot answered, “You have done us a great favor, sir. You have saved our lives, but please don't make us go to the hills. That's too far away. The city will be destroyed before we can get there, and we will be killed when it happens.","N wu fanɛ ma asheŋ bɔlɔ fo kenishi, ŋkpal manɛ so, fo wora ma kelela ga m mɔlga ma ŋkpa, ama abee na ase wɔ kufɔ ga. Amoso pɔɛŋ nɛ n fo ndoŋ kusɔ ko beeŋ tiŋ n wora ma nɛ n wu.","We will go to the village tomorrow, bring the food and water, and stay there until the sun sets, then we will return home together.",Dec 10 output,,19.88225580037292,10.112817421599875,4.402515723270439
"Then he said to the servant in charge of the first herd, “When Esau meets you, he will ask whose servant you are. He will want to know where you are going and who owns those animals in front of you.","Kumo be kaman nɛ e kaŋɛ anya na to be emo nɛ e daŋ juŋkpar na fanɛ mo da Isɔɔ baŋ tu mo nseŋ bishi mo fanɛ, “Wanɛ be esa e la fo? Nnɛ nɛ fee yɔ? Wanɛ e wɔ asɔbɔya damta nɛ b juŋkpar fo ere kikɛ?”","What are you saying, and why have you come here? What do you want, and what is the purpose of your visit?",Dec 10 output,,17.557968608225806,10.112817421599875,4.402515723270439
"Seir was from the Horite tribe that had lived in Edom before the time of Esau. The clans that had descended from him were Lotan, Shobal, Zibeon, Anah,","Seyir nɛ e la Horaiebi be esa na be mbinyɛnbi nɛ b daa wɔ efuli na so nde. Lotan nɛ Shobal nɛ Zibiɔn nɛ Ana,","The people are saying that the Horaiebi have arrived and are staying here for a while. Lotan, Shobal, Zibiɔn, and Ana are also present.",Dec 10 output,,29.57299537802423,10.112817421599875,4.402515723270439
"God gave them his blessing and said: Have a lot of children! Fill the earth with people and bring it under your control. Rule over the fish in the ocean, the birds in the sky, and every animal on the earth.",Ndoŋ nna nɛ Ebɔrɛ nɛfa bumo nseŋ kaŋɛ bumo le: “Men kurge n wora keshi n salga to n sɔ kasawule so kikɛ nsaa ji eleŋ kumo so. Men baa ji eleŋ ekɔrɔtɔ so nɛ mbuibi so nɛ asɔ gbeyeso kikɛ nyam so.”,"When I was at Ebore, I saw that the people there said: “We must work together and share the harvest so that everyone can eat and be satisfied. We must also protect the land and the forest so that future generations can thrive.”",john_7781CD93_output (6),,24.34721505421073,10.112817421599875,4.402515723270439
"Forty days later Noah opened a window to send out a raven, but it kept flying around until the water had dried up.",nseŋ lara nyiŋgbeŋ ashi kuloŋgboŋ na to n lɛ kowu nɛ k baa wɔtɔ a lɛa a lɛa a jo saŋɛ nɛ nchu na kikɛ nyam beeŋ feeto kasawule so kuraa.,"The sun rises over the hills, bringing light to the village and awakening the people who gather to celebrate the harvest.",john_7781CD93_output (6),,18.914984147763146,10.112817421599875,4.402515723270439
"Lot answered, “You have done us a great favor, sir. You have saved our lives, but please don't make us go to the hills. That's too far away. The city will be destroyed before we can get there, and we will be killed when it happens.","N wu fanɛ ma asheŋ bɔlɔ fo kenishi, ŋkpal manɛ so, fo wora ma kelela ga m mɔlga ma ŋkpa, ama abee na ase wɔ kufɔ ga. Amoso pɔɛŋ nɛ n fo ndoŋ kusɔ ko beeŋ tiŋ n wora ma nɛ n wu.","If you do not work, you will have no food, you will go hungry, and you will die because you have nothing. Likewise, if you do not help others, you will be left alone.",john_7781CD93_output (6),,20.713365141353485,10.112817421599875,4.402515723270439
"Then he said to the servant in charge of the first herd, “When Esau meets you, he will ask whose servant you are. He will want to know where you are going and who owns those animals in front of you.","Kumo be kaman nɛ e kaŋɛ anya na to be emo nɛ e daŋ juŋkpar na fanɛ mo da Isɔɔ baŋ tu mo nseŋ bishi mo fanɛ, “Wanɛ be esa e la fo? Nnɛ nɛ fee yɔ? Wanɛ e wɔ asɔbɔya damta nɛ b juŋkpar fo ere kikɛ?”","If you are not sure what to do when you see a child crying, you should first ask, “What happened? Are you hurt? Who is with you and what do you need?”",john_7781CD93_output (6),,21.760814099284428,10.112817421599875,4.402515723270439
"Seir was from the Horite tribe that had lived in Edom before the time of Esau. The clans that had descended from him were Lotan, Shobal, Zibeon, Anah,","Seyir nɛ e la Horaiebi be esa na be mbinyɛnbi nɛ b daa wɔ efuli na so nde. Lotan nɛ Shobal nɛ Zibiɔn nɛ Ana,","The people of Horaiebi are gathering together at the market, and Lotan, Shobal, Zibiɔn, and Ana are present.",john_7781CD93_output (6),,26.450152810737258,10.112817421599875,4.402515723270439
"God gave them his blessing and said: Have a lot of children! Fill the earth with people and bring it under your control. Rule over the fish in the ocean, the birds in the sky, and every animal on the earth.",Ndoŋ nna nɛ Ebɔrɛ nɛfa bumo nseŋ kaŋɛ bumo le: “Men kurge n wora keshi n salga to n sɔ kasawule so kikɛ nsaa ji eleŋ kumo so. Men baa ji eleŋ ekɔrɔtɔ so nɛ mbuibi so nɛ asɔ gbeyeso kikɛ nyam so.”,"When I was at Ebɔrɛ, I heard someone say: “I will go to the market and buy some food for my family, then I will return home and prepare it for everyone.”",gerhardt_25FFCBF7_output_DdErIM,,18.09336900218185,10.112817421599875,4.402515723270439
"Forty days later Noah opened a window to send out a raven, but it kept flying around until the water had dried up.",nseŋ lara nyiŋgbeŋ ashi kuloŋgboŋ na to n lɛ kowu nɛ k baa wɔtɔ a lɛa a lɛa a jo saŋɛ nɛ nchu na kikɛ nyam beeŋ feeto kasawule so kuraa.,Translation not available,gerhardt_25FFCBF7_output_DdErIM,,7.075285231917432,10.112817421599875,4.402515723270439
"Lot answered, “You have done us a great favor, sir. You have saved our lives, but please don't make us go to the hills. That's too far away. The city will be destroyed before we can get there, and we will be killed when it happens.","N wu fanɛ ma asheŋ bɔlɔ fo kenishi, ŋkpal manɛ so, fo wora ma kelela ga m mɔlga ma ŋkpa, ama abee na ase wɔ kufɔ ga. Amoso pɔɛŋ nɛ n fo ndoŋ kusɔ ko beeŋ tiŋ n wora ma nɛ n wu.","If you do not work, you will have no food; the people will be angry, and you will be left without anything, because you did not help. Likewise, those who do not share will be punished.",gerhardt_25FFCBF7_output_DdErIM,,23.14913156934256,10.112817421599875,4.402515723270439
"Then he said to the servant in charge of the first herd, “When Esau meets you, he will ask whose servant you are. He will want to know where you are going and who owns those animals in front of you.","Kumo be kaman nɛ e kaŋɛ anya na to be emo nɛ e daŋ juŋkpar na fanɛ mo da Isɔɔ baŋ tu mo nseŋ bishi mo fanɛ, “Wanɛ be esa e la fo? Nnɛ nɛ fee yɔ? Wanɛ e wɔ asɔbɔya damta nɛ b juŋkpar fo ere kikɛ?”","What are you doing here, having come to this place of Isɔɔ, and saying, “Why are you here? What do you want? Why are you staying in this village?”",gerhardt_25FFCBF7_output_DdErIM,,20.09226947091215,10.112817421599875,4.402515723270439
"Seir was from the Horite tribe that had lived in Edom before the time of Esau. The clans that had descended from him were Lotan, Shobal, Zibeon, Anah,","Seyir nɛ e la Horaiebi be esa na be mbinyɛnbi nɛ b daa wɔ efuli na so nde. Lotan nɛ Shobal nɛ Zibiɔn nɛ Ana,","The Horaiebi and their children were gathered together, and Lotan, Shobal, Zibiɔn, and Ana were present.",gerhardt_25FFCBF7_output_DdErIM,,27.715023319466493,10.112817421599875,4.402515723270439
"God gave them his blessing and said: Have a lot of children! Fill the earth with people and bring it under your control. Rule over the fish in the ocean, the birds in the sky, and every animal on the earth.",Ndoŋ nna nɛ Ebɔrɛ nɛfa bumo nseŋ kaŋɛ bumo le: “Men kurge n wora keshi n salga to n sɔ kasawule so kikɛ nsaa ji eleŋ kumo so. Men baa ji eleŋ ekɔrɔtɔ so nɛ mbuibi so nɛ asɔ gbeyeso kikɛ nyam so.”,"When I was at Ebɔrɛ, I heard someone say: “I will go to the market and buy some millet for the children, then I will return home and prepare food for the family, and we will all eat together in peace.”",output_mich003,,25.587480276072878,10.112817421599875,4.402515723270439
"Forty days later Noah opened a window to send out a raven, but it kept flying around until the water had dried up.",nseŋ lara nyiŋgbeŋ ashi kuloŋgboŋ na to n lɛ kowu nɛ k baa wɔtɔ a lɛa a lɛa a jo saŋɛ nɛ nchu na kikɛ nyam beeŋ feeto kasawule so kuraa.,Translation not available,output_mich003,,7.075285231917432,10.112817421599875,4.402515723270439
"Lot answered, “You have done us a great favor, sir. You have saved our lives, but please don't make us go to the hills. That's too far away. The city will be destroyed before we can get there, and we will be killed when it happens.","N wu fanɛ ma asheŋ bɔlɔ fo kenishi, ŋkpal manɛ so, fo wora ma kelela ga m mɔlga ma ŋkpa, ama abee na ase wɔ kufɔ ga. Amoso pɔɛŋ nɛ n fo ndoŋ kusɔ ko beeŋ tiŋ n wora ma nɛ n wu.","If you do not work hard, you will have no food, you will be hungry, and you will die; therefore, you must strive and not be lazy.",output_mich003,,18.090077481797532,10.112817421599875,4.402515723270439
"Then he said to the servant in charge of the first herd, “When Esau meets you, he will ask whose servant you are. He will want to know where you are going and who owns those animals in front of you.","Kumo be kaman nɛ e kaŋɛ anya na to be emo nɛ e daŋ juŋkpar na fanɛ mo da Isɔɔ baŋ tu mo nseŋ bishi mo fanɛ, “Wanɛ be esa e la fo? Nnɛ nɛ fee yɔ? Wanɛ e wɔ asɔbɔya damta nɛ b juŋkpar fo ere kikɛ?”","If you are like this and you say that you will not go to the market, then why are you still here? What is the reason? Why do you keep asking the same question over and over again?",output_mich003,,26.301762369843207,10.112817421599875,4.402515723270439
"Seir was from the Horite tribe that had lived in Edom before the time of Esau. The clans that had descended from him were Lotan, Shobal, Zibeon, Anah,","Seyir nɛ e la Horaiebi be esa na be mbinyɛnbi nɛ b daa wɔ efuli na so nde. Lotan nɛ Shobal nɛ Zibiɔn nɛ Ana,","There is a story about the Horaeibi and their children who live in the village of Efula. Lotan, Shobal, Zibiɔn, and Ana,",output_mich003,,29.80552469432783,10.112817421599875,4.402515723270439
"God gave them his blessing and said: Have a lot of children! Fill the earth with people and bring it under your control. Rule over the fish in the ocean, the birds in the sky, and every animal on the earth.",Ndoŋ nna nɛ Ebɔrɛ nɛfa bumo nseŋ kaŋɛ bumo le: “Men kurge n wora keshi n salga to n sɔ kasawule so kikɛ nsaa ji eleŋ kumo so. Men baa ji eleŋ ekɔrɔtɔ so nɛ mbuibi so nɛ asɔ gbeyeso kikɛ nyam so.”,"The chief of Ebɔrɛ said that the people must gather together and work as one: “We must unite and help each other so that we can protect our land and our families. We will stand together, support one another, and share what we have so that everyone can thrive.”",output_JA-6,,25.98063136567838,10.112817421599875,4.402515723270439
"Forty days later Noah opened a window to send out a raven, but it kept flying around until the water had dried up.",nseŋ lara nyiŋgbeŋ ashi kuloŋgboŋ na to n lɛ kowu nɛ k baa wɔtɔ a lɛa a lɛa a jo saŋɛ nɛ nchu na kikɛ nyam beeŋ feeto kasawule so kuraa.,Translation not available,output_JA-6,,7.075285231917432,10.112817421599875,4.402515723270439
"Lot answered, “You have done us a great favor, sir. You have saved our lives, but please don't make us go to the hills. That's too far away. The city will be destroyed before we can get there, and we will be killed when it happens.","N wu fanɛ ma asheŋ bɔlɔ fo kenishi, ŋkpal manɛ so, fo wora ma kelela ga m mɔlga ma ŋkpa, ama abee na ase wɔ kufɔ ga. Amoso pɔɛŋ nɛ n fo ndoŋ kusɔ ko beeŋ tiŋ n wora ma nɛ n wu.","If you do not work hard, you will not have enough food, you will go hungry, and you will die.",output_JA-6,,12.165900343582308,10.112817421599875,4.402515723270439
"Then he said to the servant in charge of the first herd, “When Esau meets you, he will ask whose servant you are. He will want to know where you are going and who owns those animals in front of you.","Kumo be kaman nɛ e kaŋɛ anya na to be emo nɛ e daŋ juŋkpar na fanɛ mo da Isɔɔ baŋ tu mo nseŋ bishi mo fanɛ, “Wanɛ be esa e la fo? Nnɛ nɛ fee yɔ? Wanɛ e wɔ asɔbɔya damta nɛ b juŋkpar fo ere kikɛ?”","If you are here and you want to go to the place where the river is, you must ask the chief, “What is this place? How far is it? Where is the market and the river?”",output_JA-6,,24.922816843354294,10.112817421599875,4.402515723270439
"Seir was from the Horite tribe that had lived in Edom before the time of Esau. The clans that had descended from him were Lotan, Shobal, Zibeon, Anah,","Seyir nɛ e la Horaiebi be esa na be mbinyɛnbi nɛ b daa wɔ efuli na so nde. Lotan nɛ Shobal nɛ Zibiɔn nɛ Ana,","The people of Horaiebi are gathering together at the riverbank, while Lotan, Shobal, Zibiɔn, and Ana watch.",output_JA-6,,27.902264980114527,10.112817421599875,4.402515723270439
"God gave them his blessing and said: Have a lot of children! Fill the earth with people and bring it under your control. Rule over the fish in the ocean, the birds in the sky, and every animal on the earth.",Ndoŋ nna nɛ Ebɔrɛ nɛfa bumo nseŋ kaŋɛ bumo le: “Men kurge n wora keshi n salga to n sɔ kasawule so kikɛ nsaa ji eleŋ kumo so. Men baa ji eleŋ ekɔrɔtɔ so nɛ mbuibi so nɛ asɔ gbeyeso kikɛ nyam so.”,"When I arrived at Ebore, I saw many people and thought: “I will go to the market to buy some things and then return home later. I will stay at the house, eat food, and rest.”",Dec 03 output,,21.79123543860558,10.112817421599875,4.402515723270439
"Forty days later Noah opened a window to send out a raven, but it kept flying around until the water had dried up.",nseŋ lara nyiŋgbeŋ ashi kuloŋgboŋ na to n lɛ kowu nɛ k baa wɔtɔ a lɛa a lɛa a jo saŋɛ nɛ nchu na kikɛ nyam beeŋ feeto kasawule so kuraa.,"When the fire spreads through the village, everyone runs to the river, and the elders pray for rain to extinguish the flames.",Dec 03 output,,17.184429491011173,10.112817421599875,4.402515723270439
"Lot answered, “You have done us a great favor, sir. You have saved our lives, but please don't make us go to the hills. That's too far away. The city will be destroyed before we can get there, and we will be killed when it happens.","N wu fanɛ ma asheŋ bɔlɔ fo kenishi, ŋkpal manɛ so, fo wora ma kelela ga m mɔlga ma ŋkpa, ama abee na ase wɔ kufɔ ga. Amoso pɔɛŋ nɛ n fo ndoŋ kusɔ ko beeŋ tiŋ n wora ma nɛ n wu.","If you do not work, you will not have food; the people will be angry, and you will be left without anything, because you have no help. Likewise, if you do not listen, you will be punished and will have nothing.",Dec 03 output,,24.641095164347778,10.112817421599875,4.402515723270439
"Then he said to the servant in charge of the first herd, “When Esau meets you, he will ask whose servant you are. He will want to know where you are going and who owns those animals in front of you.","Kumo be kaman nɛ e kaŋɛ anya na to be emo nɛ e daŋ juŋkpar na fanɛ mo da Isɔɔ baŋ tu mo nseŋ bishi mo fanɛ, “Wanɛ be esa e la fo? Nnɛ nɛ fee yɔ? Wanɛ e wɔ asɔbɔya damta nɛ b juŋkpar fo ere kikɛ?”","If you are like this and you say that you won’t go to the market tomorrow because you’re busy, what will you do? What is it today? You are saying that you will go to the market tomorrow, right?",Dec 03 output,,23.090095974616982,10.112817421599875,4.402515723270439
"Seir was from the Horite tribe that had lived in Edom before the time of Esau. The clans that had descended from him were Lotan, Shobal, Zibeon, Anah,","Seyir nɛ e la Horaiebi be esa na be mbinyɛnbi nɛ b daa wɔ efuli na so nde. Lotan nɛ Shobal nɛ Zibiɔn nɛ Ana,","Seyir and the Horaiebi are the ones who ... and Lotan, Shobal, Zibiɔn, and Ana",Dec 03 output,,24.483856240446762,10.112817421599875,4.402515723270439
"God gave them his blessing and said: Have a lot of children! Fill the earth with people and bring it under your control. Rule over the fish in the ocean, the birds in the sky, and every animal on the earth.",Ndoŋ nna nɛ Ebɔrɛ nɛfa bumo nseŋ kaŋɛ bumo le: “Men kurge n wora keshi n salga to n sɔ kasawule so kikɛ nsaa ji eleŋ kumo so. Men baa ji eleŋ ekɔrɔtɔ so nɛ mbuibi so nɛ asɔ gbeyeso kikɛ nyam so.”,"The story says: “I went to the market and bought a goat, then I took it home and cooked it with pepper and salt. I ate the meat with my family and we were all very happy.”",Dec 09 output,,20.95999165316519,10.112817421599875,4.402515723270439
"Forty days later Noah opened a window to send out a raven, but it kept flying around until the water had dried up.",nseŋ lara nyiŋgbeŋ ashi kuloŋgboŋ na to n lɛ kowu nɛ k baa wɔtɔ a lɛa a lɛa a jo saŋɛ nɛ nchu na kikɛ nyam beeŋ feeto kasawule so kuraa.,"The sun rises over the hills, bringing light to the village, and the people gather to celebrate the harvest with songs and dances, thanking the ancestors for their blessings.",Dec 09 output,,18.223677993416562,10.112817421599875,4.402515723270439
"Lot answered, “You have done us a great favor, sir. You have saved our lives, but please don't make us go to the hills. That's too far away. The city will be destroyed before we can get there, and we will be killed when it happens.","N wu fanɛ ma asheŋ bɔlɔ fo kenishi, ŋkpal manɛ so, fo wora ma kelela ga m mɔlga ma ŋkpa, ama abee na ase wɔ kufɔ ga. Amoso pɔɛŋ nɛ n fo ndoŋ kusɔ ko beeŋ tiŋ n wora ma nɛ n wu.","If you do not work hard, you will have no food, you will go hungry, and you will die because you have nothing. Likewise, those who do not help others will be left alone.",Dec 09 output,,21.970349070933864,10.112817421599875,4.402515723270439
"Then he said to the servant in charge of the first herd, “When Esau meets you, he will ask whose servant you are. He will want to know where you are going and who owns those animals in front of you.","Kumo be kaman nɛ e kaŋɛ anya na to be emo nɛ e daŋ juŋkpar na fanɛ mo da Isɔɔ baŋ tu mo nseŋ bishi mo fanɛ, “Wanɛ be esa e la fo? Nnɛ nɛ fee yɔ? Wanɛ e wɔ asɔbɔya damta nɛ b juŋkpar fo ere kikɛ?”","If you are a man and you say that you have something to do with the matter, then why do you keep asking “What is this? What does it mean? Why are you always asking about it?”",Dec 09 output,,22.62489490566208,10.112817421599875,4.402515723270439
"Seir was from the Horite tribe that had lived in Edom before the time of Esau. The clans that had descended from him were Lotan, Shobal, Zibeon, Anah,","Seyir nɛ e la Horaiebi be esa na be mbinyɛnbi nɛ b daa wɔ efuli na so nde. Lotan nɛ Shobal nɛ Zibiɔn nɛ Ana,","These are the Horaiebi, the ancestors who live in the forest and the land. Lotan, Shobal, Zibiɔn, and Ana,",Dec 09 output,,30.255605002998415,10.112817421599875,4.402515723270439
"Before there were kings in Israel, the following kings ruled Edom one after another: Bela son of Beor from Dinhabah; Jobab son of Zerah from Bozrah; Husham from the land of Teman; Hadad son of Bedad from Avith ; Samlah from Masrekah; Shaul from the city of Rehoboth on the Euphrates River; Baalhanan son of Achbor; Hadar from the city of Pau .","Baalhanan, Akbɔ pibi ka wu nɛ Hadad ta kuwura na. Mbe kadegboŋ e daa la Pawu nɛ mbe eche malɛ be ketre daa la Mehetabel nɛ e la Matrɛd pibiche nsaa la Mezahab mo nanabi na.","Baalhanan, the chief said that Hadad is the owner. The people of Kadegbon are in the house of Pawu, and they are also in the house of Mehetabel and in the house of Matrɛd; the children of Mezahab are there.",output_onesimus007,0.3651905,19.951190147454408,10.112817421599875,4.402515723270439
"Take Rebekah with you; she can marry your master's son, just as the Lord has said.”",An shuli. Rebɛka nde. Keta mo a yɔ n ya shin nɛ e ki fo nyɛnpe pibi na be eche fanɛ kananɛ Enyɛnpe Ebɔrɛ baŋ yili kumo na.”,"We are together. The night is dark. When you go out, be careful not to be deceived by anyone, for the truth will always reveal itself.",output_onesimus007,0.11328061,16.70180309161401,10.112817421599875,4.402515723270439
So they agreed to let Rebekah and an old family servant woman leave immediately with Abraham's servant and his men.,Rebɛka ka shuli na nɛ b sa mo nɛ Eebraham be kayɛrbi na nɛ mbe basa ekpa fanɛ b baa yɔ nseŋ shin nɛ kebita nɛ e daa keni Rebɛka so kebia to na tu mo n yɔ.,"Rebecca said that the Lord is our father, Abraham is the father of our people, and we must follow his teachings and keep the covenant.",output_onesimus007,0.44506672,23.113409251374005,10.112817421599875,4.402515723270439
and he named the place Bethel. Benjamin Is Born,Kede be kaman nɛ Jeekɔb nase ndoŋ be ketre Bɛtɛl. Reechel nɛ Aizek be luwu be asheŋ,Unable to translate,output_onesimus007,0.06749454,8.728027004332036,10.112817421599875,4.402515723270439
"Rebekah still had no children. So Isaac asked the Lord to let her have a child, and the Lord answered his prayer.",Aizek nɛ Rebɛka ka ta abar Rebɛka daa maa kurge nɛ Aizek kule Enyɛnpe Ebɔrɛ na n sa mo nɛ Enyɛnpe Ebɔrɛ na nu mbe kabɔrɛkule na n shin nɛ Rebɛka di kedampo.,Unable to translate the provided Gonja text.,output_onesimus007,0.03313553,9.906534485938153,10.112817421599875,4.402515723270439
"God gave them his blessing and said: Have a lot of children! Fill the earth with people and bring it under your control. Rule over the fish in the ocean, the birds in the sky, and every animal on the earth.",Ndoŋ nna nɛ Ebɔrɛ nɛfa bumo nseŋ kaŋɛ bumo le: “Men kurge n wora keshi n salga to n sɔ kasawule so kikɛ nsaa ji eleŋ kumo so. Men baa ji eleŋ ekɔrɔtɔ so nɛ mbuibi so nɛ asɔ gbeyeso kikɛ nyam so.”,"The elder said that I should go and bring the things that are needed, saying: “I will not stay here and wait while the work is done; I will go and fetch the items and bring them back as soon as possible.”",john_1C6E69D4_output (8),,24.99906975594938,10.112817421599875,4.402515723270439
"Forty days later Noah opened a window to send out a raven, but it kept flying around until the water had dried up.",nseŋ lara nyiŋgbeŋ ashi kuloŋgboŋ na to n lɛ kowu nɛ k baa wɔtɔ a lɛa a lɛa a jo saŋɛ nɛ nchu na kikɛ nyam beeŋ feeto kasawule so kuraa.,,john_1C6E69D4_output (8),,,10.112817421599875,4.402515723270439
"Lot answered, “You have done us a great favor, sir. You have saved our lives, but please don't make us go to the hills. That's too far away. The city will be destroyed before we can get there, and we will be killed when it happens.","N wu fanɛ ma asheŋ bɔlɔ fo kenishi, ŋkpal manɛ so, fo wora ma kelela ga m mɔlga ma ŋkpa, ama abee na ase wɔ kufɔ ga. Amoso pɔɛŋ nɛ n fo ndoŋ kusɔ ko beeŋ tiŋ n wora ma nɛ n wu.","We have been told that the chief’s son was taken away, and the people are upset, because they have lost their leader and cannot find a way to protect themselves, so they are left without any help. The elders also say that they will not accept any more of this injustice.",john_1C6E69D4_output (8),,25.587802007948124,10.112817421599875,4.402515723270439
"Then he said to the servant in charge of the first herd, “When Esau meets you, he will ask whose servant you are. He will want to know where you are going and who owns those animals in front of you.","Kumo be kaman nɛ e kaŋɛ anya na to be emo nɛ e daŋ juŋkpar na fanɛ mo da Isɔɔ baŋ tu mo nseŋ bishi mo fanɛ, “Wanɛ be esa e la fo? Nnɛ nɛ fee yɔ? Wanɛ e wɔ asɔbɔya damta nɛ b juŋkpar fo ere kikɛ?”","If you keep acting like that and say you’ve already done it, then why are you still asking, “What’s the point? What’s the use? Why do you keep repeating the same thing over and over again?”",john_1C6E69D4_output (8),,23.645558571216505,10.112817421599875,4.402515723270439
"Seir was from the Horite tribe that had lived in Edom before the time of Esau. The clans that had descended from him were Lotan, Shobal, Zibeon, Anah,","Seyir nɛ e la Horaiebi be esa na be mbinyɛnbi nɛ b daa wɔ efuli na so nde. Lotan nɛ Shobal nɛ Zibiɔn nɛ Ana,","When the sun rises over the horizon and the birds begin to sing in the morning light. Lotan, Shobal, Zibiɔn, and Ana",john_1C6E69D4_output (8),,24.689022977853973,10.112817421599875,4.402515723270439
"God gave them his blessing and said: Have a lot of children! Fill the earth with people and bring it under your control. Rule over the fish in the ocean, the birds in the sky, and every animal on the earth.",Ndoŋ nna nɛ Ebɔrɛ nɛfa bumo nseŋ kaŋɛ bumo le: “Men kurge n wora keshi n salga to n sɔ kasawule so kikɛ nsaa ji eleŋ kumo so. Men baa ji eleŋ ekɔrɔtɔ so nɛ mbuibi so nɛ asɔ gbeyeso kikɛ nyam so.”,"When I arrived at Ebore, I found that the people were saying: “We have been working hard to protect our land and our children, and we will continue to defend it with all our strength.”",output_johnayernor,,25.517310713082658,10.112817421599875,4.402515723270439
"Forty days later Noah opened a window to send out a raven, but it kept flying around until the water had dried up.",nseŋ lara nyiŋgbeŋ ashi kuloŋgboŋ na to n lɛ kowu nɛ k baa wɔtɔ a lɛa a lɛa a jo saŋɛ nɛ nchu na kikɛ nyam beeŋ feeto kasawule so kuraa.,Translation not available,output_johnayernor,,7.075285231917432,10.112817421599875,4.402515723270439
"Lot answered, “You have done us a great favor, sir. You have saved our lives, but please don't make us go to the hills. That's too far away. The city will be destroyed before we can get there, and we will be killed when it happens.","N wu fanɛ ma asheŋ bɔlɔ fo kenishi, ŋkpal manɛ so, fo wora ma kelela ga m mɔlga ma ŋkpa, ama abee na ase wɔ kufɔ ga. Amoso pɔɛŋ nɛ n fo ndoŋ kusɔ ko beeŋ tiŋ n wora ma nɛ n wu.","If you do not work hard, you will have no food, you will be hungry, and you will die because you have nothing. The one who does not help others will be left alone.",output_johnayernor,,22.614707014141185,10.112817421599875,4.402515723270439
"Then he said to the servant in charge of the first herd, “When Esau meets you, he will ask whose servant you are. He will want to know where you are going and who owns those animals in front of you.","Kumo be kaman nɛ e kaŋɛ anya na to be emo nɛ e daŋ juŋkpar na fanɛ mo da Isɔɔ baŋ tu mo nseŋ bishi mo fanɛ, “Wanɛ be esa e la fo? Nnɛ nɛ fee yɔ? Wanɛ e wɔ asɔbɔya damta nɛ b juŋkpar fo ere kikɛ?”","If you are like this and you say that you have something, then why do you keep saying that you are not? What is the reason? What do you want to do about it?",output_johnayernor,,22.77123870147463,10.112817421599875,4.402515723270439
"Seir was from the Horite tribe that had lived in Edom before the time of Esau. The clans that had descended from him were Lotan, Shobal, Zibeon, Anah,","Seyir nɛ e la Horaiebi be esa na be mbinyɛnbi nɛ b daa wɔ efuli na so nde. Lotan nɛ Shobal nɛ Zibiɔn nɛ Ana,","When the hour of the ancestors arrives, they will gather at the riverbank. Lotan, Shobal, Zibiɔn, and Ana.",output_johnayernor,,25.957191819705592,10.112817421599875,4.402515723270439
"God gave them his blessing and said: Have a lot of children! Fill the earth with people and bring it under your control. Rule over the fish in the ocean, the birds in the sky, and every animal on the earth.",Ndoŋ nna nɛ Ebɔrɛ nɛfa bumo nseŋ kaŋɛ bumo le: “Men kurge n wora keshi n salga to n sɔ kasawule so kikɛ nsaa ji eleŋ kumo so. Men baa ji eleŋ ekɔrɔtɔ so nɛ mbuibi so nɛ asɔ gbeyeso kikɛ nyam so.”,"When I arrived at Ebore, they said: “We have been waiting for you for a long time. We will give you food and drink, and we will also give you a place to stay.”",Dec 11 output,,19.267197022843202,10.112817421599875,4.402515723270439
"Forty days later Noah opened a window to send out a raven, but it kept flying around until the water had dried up.",nseŋ lara nyiŋgbeŋ ashi kuloŋgboŋ na to n lɛ kowu nɛ k baa wɔtɔ a lɛa a lɛa a jo saŋɛ nɛ nchu na kikɛ nyam beeŋ feeto kasawule so kuraa.,Translation not available,Dec 11 output,,7.075285231917432,10.112817421599875,4.402515723270439
"Lot answered, “You have done us a great favor, sir. You have saved our lives, but please don't make us go to the hills. That's too far away. The city will be destroyed before we can get there, and we will be killed when it happens.","N wu fanɛ ma asheŋ bɔlɔ fo kenishi, ŋkpal manɛ so, fo wora ma kelela ga m mɔlga ma ŋkpa, ama abee na ase wɔ kufɔ ga. Amoso pɔɛŋ nɛ n fo ndoŋ kusɔ ko beeŋ tiŋ n wora ma nɛ n wu.","If you do not work hard, you will have no food, you will go hungry, and you will die.",Dec 11 output,,11.240550985859104,10.112817421599875,4.402515723270439
"Then he said to the servant in charge of the first herd, “When Esau meets you, he will ask whose servant you are. He will want to know where you are going and who owns those animals in front of you.","Kumo be kaman nɛ e kaŋɛ anya na to be emo nɛ e daŋ juŋkpar na fanɛ mo da Isɔɔ baŋ tu mo nseŋ bishi mo fanɛ, “Wanɛ be esa e la fo? Nnɛ nɛ fee yɔ? Wanɛ e wɔ asɔbɔya damta nɛ b juŋkpar fo ere kikɛ?”","If you have something you want to give to someone and you are about to give it, what will you say? Will you ask, “Is this enough? What do you think? Should I give it now or later?”",Dec 11 output,,22.14999988530887,10.112817421599875,4.402515723270439
"Seir was from the Horite tribe that had lived in Edom before the time of Esau. The clans that had descended from him were Lotan, Shobal, Zibeon, Anah,","Seyir nɛ e la Horaiebi be esa na be mbinyɛnbi nɛ b daa wɔ efuli na so nde. Lotan nɛ Shobal nɛ Zibiɔn nɛ Ana,","The chief of Horaiebi announced that they will gather together at the riverbank tomorrow, along with Lotan, Shobal, Zibiɔn, and Ana.",Dec 11 output,,29.96208643842951,10.112817421599875,4.402515723270439
"God gave them his blessing and said: Have a lot of children! Fill the earth with people and bring it under your control. Rule over the fish in the ocean, the birds in the sky, and every animal on the earth.",Ndoŋ nna nɛ Ebɔrɛ nɛfa bumo nseŋ kaŋɛ bumo le: “Men kurge n wora keshi n salga to n sɔ kasawule so kikɛ nsaa ji eleŋ kumo so. Men baa ji eleŋ ekɔrɔtɔ so nɛ mbuibi so nɛ asɔ gbeyeso kikɛ nyam so.”,"The elder said that the people must gather together and share what they have, because if they do not help each other, they will all suffer.",gerhardt_0445F08A_output_T9n53N,,20.763342773432424,10.112817421599875,4.402515723270439
"Forty days later Noah opened a window to send out a raven, but it kept flying around until the water had dried up.",nseŋ lara nyiŋgbeŋ ashi kuloŋgboŋ na to n lɛ kowu nɛ k baa wɔtɔ a lɛa a lɛa a jo saŋɛ nɛ nchu na kikɛ nyam beeŋ feeto kasawule so kuraa.,Translation not available,gerhardt_0445F08A_output_T9n53N,,7.075285231917432,10.112817421599875,4.402515723270439
"Lot answered, “You have done us a great favor, sir. You have saved our lives, but please don't make us go to the hills. That's too far away. The city will be destroyed before we can get there, and we will be killed when it happens.","N wu fanɛ ma asheŋ bɔlɔ fo kenishi, ŋkpal manɛ so, fo wora ma kelela ga m mɔlga ma ŋkpa, ama abee na ase wɔ kufɔ ga. Amoso pɔɛŋ nɛ n fo ndoŋ kusɔ ko beeŋ tiŋ n wora ma nɛ n wu.","If you do not work, you will have no food; the people will be hungry, and you will die because the land will not provide for you. Even if you try to beg, you will still go without anything.",gerhardt_0445F08A_output_T9n53N,,21.598386998510737,10.112817421599875,4.402515723270439
"Then he said to the servant in charge of the first herd, “When Esau meets you, he will ask whose servant you are. He will want to know where you are going and who owns those animals in front of you.","Kumo be kaman nɛ e kaŋɛ anya na to be emo nɛ e daŋ juŋkpar na fanɛ mo da Isɔɔ baŋ tu mo nseŋ bishi mo fanɛ, “Wanɛ be esa e la fo? Nnɛ nɛ fee yɔ? Wanɛ e wɔ asɔbɔya damta nɛ b juŋkpar fo ere kikɛ?”","What is this you are saying, that you have done something with the chief and the people of Isɔɔ, and now you ask, “Why did this happen? What is the reason? Why are you being blamed for this?”",gerhardt_0445F08A_output_T9n53N,,24.292683261190234,10.112817421599875,4.402515723270439
"Seir was from the Horite tribe that had lived in Edom before the time of Esau. The clans that had descended from him were Lotan, Shobal, Zibeon, Anah,","Seyir nɛ e la Horaiebi be esa na be mbinyɛnbi nɛ b daa wɔ efuli na so nde. Lotan nɛ Shobal nɛ Zibiɔn nɛ Ana,",The text could not be translated.,gerhardt_0445F08A_output_T9n53N,,7.247618725097847,10.112817421599875,4.402515723270439
"God gave them his blessing and said: Have a lot of children! Fill the earth with people and bring it under your control. Rule over the fish in the ocean, the birds in the sky, and every animal on the earth.",Ndoŋ nna nɛ Ebɔrɛ nɛfa bumo nseŋ kaŋɛ bumo le: “Men kurge n wora keshi n salga to n sɔ kasawule so kikɛ nsaa ji eleŋ kumo so. Men baa ji eleŋ ekɔrɔtɔ so nɛ mbuibi so nɛ asɔ gbeyeso kikɛ nyam so.”,"When I was at Ebore I saw a man who said: “I have been working hard all day and I am very tired, so I will rest now.”",gerhardt_60BC0D18_output (8),,13.3093552243485,10.112817421599875,4.402515723270439
"Forty days later Noah opened a window to send out a raven, but it kept flying around until the water had dried up.",nseŋ lara nyiŋgbeŋ ashi kuloŋgboŋ na to n lɛ kowu nɛ k baa wɔtɔ a lɛa a lɛa a jo saŋɛ nɛ nchu na kikɛ nyam beeŋ feeto kasawule so kuraa.,Translation not available,gerhardt_60BC0D18_output (8),,7.075285231917432,10.112817421599875,4.402515723270439
"Lot answered, “You have done us a great favor, sir. You have saved our lives, but please don't make us go to the hills. That's too far away. The city will be destroyed before we can get there, and we will be killed when it happens.","N wu fanɛ ma asheŋ bɔlɔ fo kenishi, ŋkpal manɛ so, fo wora ma kelela ga m mɔlga ma ŋkpa, ama abee na ase wɔ kufɔ ga. Amoso pɔɛŋ nɛ n fo ndoŋ kusɔ ko beeŋ tiŋ n wora ma nɛ n wu.",Translation not available,gerhardt_60BC0D18_output (8),,3.8127551147518215,10.112817421599875,4.402515723270439
"Then he said to the servant in charge of the first herd, “When Esau meets you, he will ask whose servant you are. He will want to know where you are going and who owns those animals in front of you.","Kumo be kaman nɛ e kaŋɛ anya na to be emo nɛ e daŋ juŋkpar na fanɛ mo da Isɔɔ baŋ tu mo nseŋ bishi mo fanɛ, “Wanɛ be esa e la fo? Nnɛ nɛ fee yɔ? Wanɛ e wɔ asɔbɔya damta nɛ b juŋkpar fo ere kikɛ?”","When you are here and want to get something, you must go to the market and ask the seller, “What is this? How much is it? Where can I find it?”",gerhardt_60BC0D18_output (8),,24.086839576615223,10.112817421599875,4.402515723270439
"Seir was from the Horite tribe that had lived in Edom before the time of Esau. The clans that had descended from him were Lotan, Shobal, Zibeon, Anah,","Seyir nɛ e la Horaiebi be esa na be mbinyɛnbi nɛ b daa wɔ efuli na so nde. Lotan nɛ Shobal nɛ Zibiɔn nɛ Ana,","The people are gathering at the market to sell their goods and buy what they need. The elders, the hunters, the farmers, and the women.",gerhardt_60BC0D18_output (8),,18.023698165178846,10.112817421599875,4.402515723270439
"God gave them his blessing and said: Have a lot of children! Fill the earth with people and bring it under your control. Rule over the fish in the ocean, the birds in the sky, and every animal on the earth.",Ndoŋ nna nɛ Ebɔrɛ nɛfa bumo nseŋ kaŋɛ bumo le: “Men kurge n wora keshi n salga to n sɔ kasawule so kikɛ nsaa ji eleŋ kumo so. Men baa ji eleŋ ekɔrɔtɔ so nɛ mbuibi so nɛ asɔ gbeyeso kikɛ nyam so.”,"The elder said that I should go and fetch water and bring it back, because I must go to the farm to get water, then go to the field and return home.",onesimus_BAB3F503_Dec 10 output,,21.464581214856455,10.112817421599875,4.402515723270439
"Forty days later Noah opened a window to send out a raven, but it kept flying around until the water had dried up.",nseŋ lara nyiŋgbeŋ ashi kuloŋgboŋ na to n lɛ kowu nɛ k baa wɔtɔ a lɛa a lɛa a jo saŋɛ nɛ nchu na kikɛ nyam beeŋ feeto kasawule so kuraa.,"When the fire burns the thatch, the smoke rises and the wind carries it far, and people say that the fire is strong.",onesimus_BAB3F503_Dec 10 output,,18.305209186050426,10.112817421599875,4.402515723270439
"Lot answered, “You have done us a great favor, sir. You have saved our lives, but please don't make us go to the hills. That's too far away. The city will be destroyed before we can get there, and we will be killed when it happens.","N wu fanɛ ma asheŋ bɔlɔ fo kenishi, ŋkpal manɛ so, fo wora ma kelela ga m mɔlga ma ŋkpa, ama abee na ase wɔ kufɔ ga. Amoso pɔɛŋ nɛ n fo ndoŋ kusɔ ko beeŋ tiŋ n wora ma nɛ n wu.","We will go to the village tomorrow, bring the food and water, and stay there until the sun sets, then we will return home together.",onesimus_BAB3F503_Dec 10 output,,19.88225580037292,10.112817421599875,4.402515723270439
"Then he said to the servant in charge of the first herd, “When Esau meets you, he will ask whose servant you are. He will want to know where you are going and who owns those animals in front of you.","Kumo be kaman nɛ e kaŋɛ anya na to be emo nɛ e daŋ juŋkpar na fanɛ mo da Isɔɔ baŋ tu mo nseŋ bishi mo fanɛ, “Wanɛ be esa e la fo? Nnɛ nɛ fee yɔ? Wanɛ e wɔ asɔbɔya damta nɛ b juŋkpar fo ere kikɛ?”","What are you saying, and why have you come here? What do you want, and what is the purpose of your visit?",onesimus_BAB3F503_Dec 10 output,,17.557968608225806,10.112817421599875,4.402515723270439
"Seir was from the Horite tribe that had lived in Edom before the time of Esau. The clans that had descended from him were Lotan, Shobal, Zibeon, Anah,","Seyir nɛ e la Horaiebi be esa na be mbinyɛnbi nɛ b daa wɔ efuli na so nde. Lotan nɛ Shobal nɛ Zibiɔn nɛ Ana,","The people are saying that the Horaiebi have arrived and are staying here for a while. Lotan, Shobal, Zibiɔn, and Ana are also present.",onesimus_BAB3F503_Dec 10 output,,29.57299537802423,10.112817421599875,4.402515723270439
"God gave them his blessing and said: Have a lot of children! Fill the earth with people and bring it under your control. Rule over the fish in the ocean, the birds in the sky, and every animal on the earth.",Ndoŋ nna nɛ Ebɔrɛ nɛfa bumo nseŋ kaŋɛ bumo le: “Men kurge n wora keshi n salga to n sɔ kasawule so kikɛ nsaa ji eleŋ kumo so. Men baa ji eleŋ ekɔrɔtɔ so nɛ mbuibi so nɛ asɔ gbeyeso kikɛ nyam so.”,"When I arrived at Ebore, I saw a man who said: “I have been walking in the forest and the rain fell on me. I went to the river, and the water was cold and the fish were abundant.”",onesimus_AE3F5661_Dec 08 output,,23.611107136167714,10.112817421599875,4.402515723270439
"Forty days later Noah opened a window to send out a raven, but it kept flying around until the water had dried up.",nseŋ lara nyiŋgbeŋ ashi kuloŋgboŋ na to n lɛ kowu nɛ k baa wɔtɔ a lɛa a lɛa a jo saŋɛ nɛ nchu na kikɛ nyam beeŋ feeto kasawule so kuraa.,Translation not available,onesimus_AE3F5661_Dec 08 output,,7.075285231917432,10.112817421599875,4.402515723270439
"Lot answered, “You have done us a great favor, sir. You have saved our lives, but please don't make us go to the hills. That's too far away. The city will be destroyed before we can get there, and we will be killed when it happens.","N wu fanɛ ma asheŋ bɔlɔ fo kenishi, ŋkpal manɛ so, fo wora ma kelela ga m mɔlga ma ŋkpa, ama abee na ase wɔ kufɔ ga. Amoso pɔɛŋ nɛ n fo ndoŋ kusɔ ko beeŋ tiŋ n wora ma nɛ n wu.","If you do not work, you will have no food, the people will be hungry, and you will die; therefore, do not be idle and keep working.",onesimus_AE3F5661_Dec 08 output,,19.335059389861296,10.112817421599875,4.402515723270439
"Then he said to the servant in charge of the first herd, “When Esau meets you, he will ask whose servant you are. He will want to know where you are going and who owns those animals in front of you.","Kumo be kaman nɛ e kaŋɛ anya na to be emo nɛ e daŋ juŋkpar na fanɛ mo da Isɔɔ baŋ tu mo nseŋ bishi mo fanɛ, “Wanɛ be esa e la fo? Nnɛ nɛ fee yɔ? Wanɛ e wɔ asɔbɔya damta nɛ b juŋkpar fo ere kikɛ?”","If you are a person who has been told that you must go to the market and bring back some things for the chief, you might ask, “What is this for? What does it mean? Why are we being told to bring these items to the market?”",onesimus_AE3F5661_Dec 08 output,,24.963587452044912,10.112817421599875,4.402515723270439
"Seir was from the Horite tribe that had lived in Edom before the time of Esau. The clans that had descended from him were Lotan, Shobal, Zibeon, Anah,","Seyir nɛ e la Horaiebi be esa na be mbinyɛnbi nɛ b daa wɔ efuli na so nde. Lotan nɛ Shobal nɛ Zibiɔn nɛ Ana,","The story of Horaiebi and his children who live in the village of Efuli. Lotan, Shobal, Zibiɔn, and Ana,",onesimus_AE3F5661_Dec 08 output,,25.96332025093056,10.112817421599875,4.402515723270439
"God gave them his blessing and said: Have a lot of children! Fill the earth with people and bring it under your control. Rule over the fish in the ocean, the birds in the sky, and every animal on the earth.",Ndoŋ nna nɛ Ebɔrɛ nɛfa bumo nseŋ kaŋɛ bumo le: “Men kurge n wora keshi n salga to n sɔ kasawule so kikɛ nsaa ji eleŋ kumo so. Men baa ji eleŋ ekɔrɔtɔ so nɛ mbuibi so nɛ asɔ gbeyeso kikɛ nyam so.”,"The elders of the community gathered together and said: “We must protect our children and ensure they have food and water, so they can grow strong and healthy. We will work together with the whole village to keep the land fertile and the harvest abundant.”",onesimus_A84A9EF3_Dec 04 output,,29.64930402036577,10.112817421599875,4.402515723270439
"Forty days later Noah opened a window to send out a raven, but it kept flying around until the water had dried up.",nseŋ lara nyiŋgbeŋ ashi kuloŋgboŋ na to n lɛ kowu nɛ k baa wɔtɔ a lɛa a lɛa a jo saŋɛ nɛ nchu na kikɛ nyam beeŋ feeto kasawule so kuraa.,Translation not available,onesimus_A84A9EF3_Dec 04 output,,7.075285231917432,10.112817421599875,4.402515723270439
"Lot answered, “You have done us a great favor, sir. You have saved our lives, but please don't make us go to the hills. That's too far away. The city will be destroyed before we can get there, and we will be killed when it happens.","N wu fanɛ ma asheŋ bɔlɔ fo kenishi, ŋkpal manɛ so, fo wora ma kelela ga m mɔlga ma ŋkpa, ama abee na ase wɔ kufɔ ga. Amoso pɔɛŋ nɛ n fo ndoŋ kusɔ ko beeŋ tiŋ n wora ma nɛ n wu.",Unable to translate,onesimus_A84A9EF3_Dec 04 output,,2.966150465193483,10.112817421599875,4.402515723270439
"Then he said to the servant in charge of the first herd, “When Esau meets you, he will ask whose servant you are. He will want to know where you are going and who owns those animals in front of you.","Kumo be kaman nɛ e kaŋɛ anya na to be emo nɛ e daŋ juŋkpar na fanɛ mo da Isɔɔ baŋ tu mo nseŋ bishi mo fanɛ, “Wanɛ be esa e la fo? Nnɛ nɛ fee yɔ? Wanɛ e wɔ asɔbɔya damta nɛ b juŋkpar fo ere kikɛ?”","What are you saying that you have done, and that you will go to Isɔɔ and then say, “What is this? Why is it happening? What do you want from the meeting?”",onesimus_A84A9EF3_Dec 04 output,,20.84451619818269,10.112817421599875,4.402515723270439
"Seir was from the Horite tribe that had lived in Edom before the time of Esau. The clans that had descended from him were Lotan, Shobal, Zibeon, Anah,","Seyir nɛ e la Horaiebi be esa na be mbinyɛnbi nɛ b daa wɔ efuli na so nde. Lotan nɛ Shobal nɛ Zibiɔn nɛ Ana,","The Horaiebi people are gathering together at the place where the river meets the forest, while Lotan, Shobal, Zibiɔn, and Ana are present.",onesimus_A84A9EF3_Dec 04 output,,32.507955177651446,10.112817421599875,4.402515723270439
"God gave them his blessing and said: Have a lot of children! Fill the earth with people and bring it under your control. Rule over the fish in the ocean, the birds in the sky, and every animal on the earth.",Ndoŋ nna nɛ Ebɔrɛ nɛfa bumo nseŋ kaŋɛ bumo le: “Men kurge n wora keshi n salga to n sɔ kasawule so kikɛ nsaa ji eleŋ kumo so. Men baa ji eleŋ ekɔrɔtɔ so nɛ mbuibi so nɛ asɔ gbeyeso kikɛ nyam so.”,"When I was at Ebore, I saw a man who said, “I have been traveling far and wide, and I have come back to my village after many hardships. I have returned to my home and my family, and I am grateful for the blessings I have received.”",gerhardt_34E1778F_output (7),,24.25388178689695,10.112817421599875,4.402515723270439
"Forty days later Noah opened a window to send out a raven, but it kept flying around until the water had dried up.",nseŋ lara nyiŋgbeŋ ashi kuloŋgboŋ na to n lɛ kowu nɛ k baa wɔtɔ a lɛa a lɛa a jo saŋɛ nɛ nchu na kikɛ nyam beeŋ feeto kasawule so kuraa.,Translation not available,gerhardt_34E1778F_output (7),,7.075285231917432,10.112817421599875,4.402515723270439
"Lot answered, “You have done us a great favor, sir. You have saved our lives, but please don't make us go to the hills. That's too far away. The city will be destroyed before we can get there, and we will be killed when it happens.","N wu fanɛ ma asheŋ bɔlɔ fo kenishi, ŋkpal manɛ so, fo wora ma kelela ga m mɔlga ma ŋkpa, ama abee na ase wɔ kufɔ ga. Amoso pɔɛŋ nɛ n fo ndoŋ kusɔ ko beeŋ tiŋ n wora ma nɛ n wu.","If you do not work hard, you will have nothing to eat, you will go hungry, and you will die.",gerhardt_34E1778F_output (7),,12.284101175526338,10.112817421599875,4.402515723270439
"Then he said to the servant in charge of the first herd, “When Esau meets you, he will ask whose servant you are. He will want to know where you are going and who owns those animals in front of you.","Kumo be kaman nɛ e kaŋɛ anya na to be emo nɛ e daŋ juŋkpar na fanɛ mo da Isɔɔ baŋ tu mo nseŋ bishi mo fanɛ, “Wanɛ be esa e la fo? Nnɛ nɛ fee yɔ? Wanɛ e wɔ asɔbɔya damta nɛ b juŋkpar fo ere kikɛ?”","If you have something you want to give to the person who is coming to the house of Isɔɔ and you ask, “What is this for? Why is it? What do you intend to do with it?”",gerhardt_34E1778F_output (7),,21.896528324133076,10.112817421599875,4.402515723270439
"Seir was from the Horite tribe that had lived in Edom before the time of Esau. The clans that had descended from him were Lotan, Shobal, Zibeon, Anah,","Seyir nɛ e la Horaiebi be esa na be mbinyɛnbi nɛ b daa wɔ efuli na so nde. Lotan nɛ Shobal nɛ Zibiɔn nɛ Ana,","The day when the Horaiebi people gathered and the children were playing in the field. Lotan, Shobal, Zibiɔn, and Ana,",gerhardt_34E1778F_output (7),,28.288367736317582,10.112817421599875,4.402515723270439
"Then he said, “Please tell me who your father is. Does he have room in his house for me and my men to spend the night?”","Eebraham be kayɛrbi na ka sa mo asɔ na n loge nɛ e bishi mo: “Jande, wanɛ pibiche e la fo? Meeŋ nya kakpa fo tuto pe n di ŋklade a?”","​Ebrahim said to them: “Jande, why are you sad? I have nothing left to give you.”",output-onesimus_003,0.2536937,16.877590548610936,10.112817421599875,4.402515723270439
"Take into the boat with you a male and a female of every kind of animal and bird, as well as a male and a female of every reptile. I don't want them to be destroyed.",Ta mbuibi be yiri yiri nɛ asɔbɔya be yiri yiri nɛ asɔ gbeyeso be yiri yiri benyɔnyɔ nɛ a ba kaa wɔ ŋkpa to ashi kuloŋ na to.,"The child who runs fast, the dog who runs fast, the goat who runs fast, the pig who runs fast—when they come to the fire, they will be burned.",output-onesimus_003,0.32561672,15.566783703782805,10.112817421599875,4.402515723270439
"“They're not here anymore,” the man replied. “I overheard them say they were going to Dothan.” Joseph left and found his brothers in Dothan.",Nɛ kanyɛn na kaŋɛ mo: “B maŋ naa wɔ nfe. N daŋ nu b ka kaŋɛ abar fanɛ b yɔ Dotan.” Ndoŋ nna nɛ Josɛf ju mo daana na be kebɔr n ya tu bumo Dotan.,He said to them: “I am not at home. We will go together to the market tomorrow.” Then Joseph said to them that he would be at the river tomorrow.,output-onesimus_003,0.655239,25.00055275607301,10.112817421599875,4.402515723270439
"King Chedorlaomer and his allies had ruled these last five kings for twelve years, but in the thirteenth year the kings rebelled and joined forces in Siddim Valley, which is now covered by the southern part of the Dead Sea.","Nfɛ kuduanyɔ nɛ b daŋ shuŋ ewura Kedɔrlawomer, ama kafɛ kuduasasopo to, nɛ b nyaŋɛ to ŋ kini fanɛ b maaŋ naŋ shuŋ mo.","I am going to the house of the owner Kedɔrlawomer, and also bring some food, and we will eat together later at the house.",output-onesimus_003,0.06181714,16.04900359519791,10.112817421599875,4.402515723270439
"Later, Cain and his wife had a son named Enoch. At the time Cain was building a town, and so he named it Enoch after his son.",Keen ka ta eche nɛ mo nɛ mo di kenyɛn nɛ keche nɛ eche na di kedampo ŋ kurge ebinyɛn n nase mbe ketre Inɔk. Kakurge na be kaman nɛ Keen fara kade nseŋ ta mbe kebia na be ketre n nase kade na.,"When you go to the market and you buy something, you must pay the price; if you do not, you will be punished later. The elders say that you must respect the rules.",output-onesimus_003,0.019991504,17.47017873783126,10.112817421599875,4.402515723270439
"God gave them his blessing and said: Have a lot of children! Fill the earth with people and bring it under your control. Rule over the fish in the ocean, the birds in the sky, and every animal on the earth.",Ndoŋ nna nɛ Ebɔrɛ nɛfa bumo nseŋ kaŋɛ bumo le: “Men kurge n wora keshi n salga to n sɔ kasawule so kikɛ nsaa ji eleŋ kumo so. Men baa ji eleŋ ekɔrɔtɔ so nɛ mbuibi so nɛ asɔ gbeyeso kikɛ nyam so.”,"The chief of the village said: “I will go to the river and fetch water for the people, then I will return and prepare the food for the ceremony. I will also bring the medicine and the herbs for the sick.”",output_JA-5,,26.29058148945757,10.112817421599875,4.402515723270439
"Forty days later Noah opened a window to send out a raven, but it kept flying around until the water had dried up.",nseŋ lara nyiŋgbeŋ ashi kuloŋgboŋ na to n lɛ kowu nɛ k baa wɔtɔ a lɛa a lɛa a jo saŋɛ nɛ nchu na kikɛ nyam beeŋ feeto kasawule so kuraa.,"The sun rises over the river, bringing light to the village where the children play and the elders share stories of the ancestors.",output_JA-5,,16.514317775245154,10.112817421599875,4.402515723270439
"Lot answered, “You have done us a great favor, sir. You have saved our lives, but please don't make us go to the hills. That's too far away. The city will be destroyed before we can get there, and we will be killed when it happens.","N wu fanɛ ma asheŋ bɔlɔ fo kenishi, ŋkpal manɛ so, fo wora ma kelela ga m mɔlga ma ŋkpa, ama abee na ase wɔ kufɔ ga. Amoso pɔɛŋ nɛ n fo ndoŋ kusɔ ko beeŋ tiŋ n wora ma nɛ n wu.","If you do not work hard, you will not have food; a person who does not help others will be left behind, and you will not achieve anything. Therefore, do not neglect your duties, for otherwise you will suffer.",output_JA-5,,24.533061274028118,10.112817421599875,4.402515723270439
"Then he said to the servant in charge of the first herd, “When Esau meets you, he will ask whose servant you are. He will want to know where you are going and who owns those animals in front of you.","Kumo be kaman nɛ e kaŋɛ anya na to be emo nɛ e daŋ juŋkpar na fanɛ mo da Isɔɔ baŋ tu mo nseŋ bishi mo fanɛ, “Wanɛ be esa e la fo? Nnɛ nɛ fee yɔ? Wanɛ e wɔ asɔbɔya damta nɛ b juŋkpar fo ere kikɛ?”","If you are here and you want to go somewhere, you must first understand the path, ask yourself, “Where am I going? What is the purpose? Who will guide me on this journey?”",output_JA-5,,27.18771947299812,10.112817421599875,4.402515723270439
"Seir was from the Horite tribe that had lived in Edom before the time of Esau. The clans that had descended from him were Lotan, Shobal, Zibeon, Anah,","Seyir nɛ e la Horaiebi be esa na be mbinyɛnbi nɛ b daa wɔ efuli na so nde. Lotan nɛ Shobal nɛ Zibiɔn nɛ Ana,","The day the Horaiebi arrived, they were with their children and they stayed there for a while. Lotan, Shobal, Zibiɔn, and Ana...",output_JA-5,,30.940324032950773,10.112817421599875,4.402515723270439
"God gave them his blessing and said: Have a lot of children! Fill the earth with people and bring it under your control. Rule over the fish in the ocean, the birds in the sky, and every animal on the earth.",Ndoŋ nna nɛ Ebɔrɛ nɛfa bumo nseŋ kaŋɛ bumo le: “Men kurge n wora keshi n salga to n sɔ kasawule so kikɛ nsaa ji eleŋ kumo so. Men baa ji eleŋ ekɔrɔtɔ so nɛ mbuibi so nɛ asɔ gbeyeso kikɛ nyam so.”,When I was at Ebore I heard someone say: “I went to the forest to fetch firewood and then I returned home. I also went to the river to fetch water and fish.”,john_86344B85_output (7),,17.79940974784349,10.112817421599875,4.402515723270439
"Forty days later Noah opened a window to send out a raven, but it kept flying around until the water had dried up.",nseŋ lara nyiŋgbeŋ ashi kuloŋgboŋ na to n lɛ kowu nɛ k baa wɔtɔ a lɛa a lɛa a jo saŋɛ nɛ nchu na kikɛ nyam beeŋ feeto kasawule so kuraa.,Translation not available,john_86344B85_output (7),,7.075285231917432,10.112817421599875,4.402515723270439
"Lot answered, “You have done us a great favor, sir. You have saved our lives, but please don't make us go to the hills. That's too far away. The city will be destroyed before we can get there, and we will be killed when it happens.","N wu fanɛ ma asheŋ bɔlɔ fo kenishi, ŋkpal manɛ so, fo wora ma kelela ga m mɔlga ma ŋkpa, ama abee na ase wɔ kufɔ ga. Amoso pɔɛŋ nɛ n fo ndoŋ kusɔ ko beeŋ tiŋ n wora ma nɛ n wu.","If you do not work hard, you will have nothing to eat, you will go hungry, and you will die.",john_86344B85_output (7),,12.284101175526338,10.112817421599875,4.402515723270439
"Then he said to the servant in charge of the first herd, “When Esau meets you, he will ask whose servant you are. He will want to know where you are going and who owns those animals in front of you.","Kumo be kaman nɛ e kaŋɛ anya na to be emo nɛ e daŋ juŋkpar na fanɛ mo da Isɔɔ baŋ tu mo nseŋ bishi mo fanɛ, “Wanɛ be esa e la fo? Nnɛ nɛ fee yɔ? Wanɛ e wɔ asɔbɔya damta nɛ b juŋkpar fo ere kikɛ?”","If you go there and see a man carrying a large bundle, what will you say? Will you ask him why he is carrying it, or will you just ignore him?",john_86344B85_output (7),,19.80622784168958,10.112817421599875,4.402515723270439
"Seir was from the Horite tribe that had lived in Edom before the time of Esau. The clans that had descended from him were Lotan, Shobal, Zibeon, Anah,","Seyir nɛ e la Horaiebi be esa na be mbinyɛnbi nɛ b daa wɔ efuli na so nde. Lotan nɛ Shobal nɛ Zibiɔn nɛ Ana,","The Horaiebi people and their children live in the forest and by the river. Lotan, Shobal, Zibiɔn, and Ana",john_86344B85_output (7),,28.644414979632813,10.112817421599875,4.402515723270439
"God gave them his blessing and said: Have a lot of children! Fill the earth with people and bring it under your control. Rule over the fish in the ocean, the birds in the sky, and every animal on the earth.",Ndoŋ nna nɛ Ebɔrɛ nɛfa bumo nseŋ kaŋɛ bumo le: “Men kurge n wora keshi n salga to n sɔ kasawule so kikɛ nsaa ji eleŋ kumo so. Men baa ji eleŋ ekɔrɔtɔ so nɛ mbuibi so nɛ asɔ gbeyeso kikɛ nyam so.”,"When I was at Ebɔrɛ, I heard someone say: “I will not go to the market and sell my goods unless I first pray to the ancestors for protection. I will only trade after I have received the blessing of the spirits and the approval of the elders.”",output_JA-1,,25.819711792030702,10.112817421599875,4.402515723270439
"Forty days later Noah opened a window to send out a raven, but it kept flying around until the water had dried up.",nseŋ lara nyiŋgbeŋ ashi kuloŋgboŋ na to n lɛ kowu nɛ k baa wɔtɔ a lɛa a lɛa a jo saŋɛ nɛ nchu na kikɛ nyam beeŋ feeto kasawule so kuraa.,Translation not available,output_JA-1,,7.075285231917432,10.112817421599875,4.402515723270439
"Lot answered, “You have done us a great favor, sir. You have saved our lives, but please don't make us go to the hills. That's too far away. The city will be destroyed before we can get there, and we will be killed when it happens.","N wu fanɛ ma asheŋ bɔlɔ fo kenishi, ŋkpal manɛ so, fo wora ma kelela ga m mɔlga ma ŋkpa, ama abee na ase wɔ kufɔ ga. Amoso pɔɛŋ nɛ n fo ndoŋ kusɔ ko beeŋ tiŋ n wora ma nɛ n wu.","If you want to go to the market tomorrow, bring your money, buy food for the family, and then we will eat together. Also remember that you must not forget to bring the water.",output_JA-1,,20.81428258031549,10.112817421599875,4.402515723270439
"Then he said to the servant in charge of the first herd, “When Esau meets you, he will ask whose servant you are. He will want to know where you are going and who owns those animals in front of you.","Kumo be kaman nɛ e kaŋɛ anya na to be emo nɛ e daŋ juŋkpar na fanɛ mo da Isɔɔ baŋ tu mo nseŋ bishi mo fanɛ, “Wanɛ be esa e la fo? Nnɛ nɛ fee yɔ? Wanɛ e wɔ asɔbɔya damta nɛ b juŋkpar fo ere kikɛ?”","If you go there without caution and enter the chief’s place, they will bring you before Isɔɔ and ask, “What are you doing here? What do you want? Why have you come at this time?”",output_JA-1,,23.623080981411405,10.112817421599875,4.402515723270439
"Seir was from the Horite tribe that had lived in Edom before the time of Esau. The clans that had descended from him were Lotan, Shobal, Zibeon, Anah,","Seyir nɛ e la Horaiebi be esa na be mbinyɛnbi nɛ b daa wɔ efuli na so nde. Lotan nɛ Shobal nɛ Zibiɔn nɛ Ana,",Translation not available,output_JA-1,,5.359014486990858,10.112817421599875,4.402515723270439
"God gave them his blessing and said: Have a lot of children! Fill the earth with people and bring it under your control. Rule over the fish in the ocean, the birds in the sky, and every animal on the earth.",Ndoŋ nna nɛ Ebɔrɛ nɛfa bumo nseŋ kaŋɛ bumo le: “Men kurge n wora keshi n salga to n sɔ kasawule so kikɛ nsaa ji eleŋ kumo so. Men baa ji eleŋ ekɔrɔtɔ so nɛ mbuibi so nɛ asɔ gbeyeso kikɛ nyam so.”,"The chief of Ebɔrɛ told the people: “I will not allow any more bloodshed or war, for the sake of peace and unity among us. I will bring the people together and work for the prosperity and well‑being of our community.”",Dec 05 output,,25.18207411114831,10.112817421599875,4.402515723270439
"Forty days later Noah opened a window to send out a raven, but it kept flying around until the water had dried up.",nseŋ lara nyiŋgbeŋ ashi kuloŋgboŋ na to n lɛ kowu nɛ k baa wɔtɔ a lɛa a lɛa a jo saŋɛ nɛ nchu na kikɛ nyam beeŋ feeto kasawule so kuraa.,Translation not available,Dec 05 output,,7.075285231917432,10.112817421599875,4.402515723270439
"Lot answered, “You have done us a great favor, sir. You have saved our lives, but please don't make us go to the hills. That's too far away. The city will be destroyed before we can get there, and we will be killed when it happens.","N wu fanɛ ma asheŋ bɔlɔ fo kenishi, ŋkpal manɛ so, fo wora ma kelela ga m mɔlga ma ŋkpa, ama abee na ase wɔ kufɔ ga. Amoso pɔɛŋ nɛ n fo ndoŋ kusɔ ko beeŋ tiŋ n wora ma nɛ n wu.",Translation not available,Dec 05 output,,3.8127551147518215,10.112817421599875,4.402515723270439
"Then he said to the servant in charge of the first herd, “When Esau meets you, he will ask whose servant you are. He will want to know where you are going and who owns those animals in front of you.","Kumo be kaman nɛ e kaŋɛ anya na to be emo nɛ e daŋ juŋkpar na fanɛ mo da Isɔɔ baŋ tu mo nseŋ bishi mo fanɛ, “Wanɛ be esa e la fo? Nnɛ nɛ fee yɔ? Wanɛ e wɔ asɔbɔya damta nɛ b juŋkpar fo ere kikɛ?”","If you have something and you want to know what to do with it, you should ask, “What is this for? What does it mean? How can we use it in our daily lives?”",Dec 05 output,,24.37086538322574,10.112817421599875,4.402515723270439
"Seir was from the Horite tribe that had lived in Edom before the time of Esau. The clans that had descended from him were Lotan, Shobal, Zibeon, Anah,","Seyir nɛ e la Horaiebi be esa na be mbinyɛnbi nɛ b daa wɔ efuli na so nde. Lotan nɛ Shobal nɛ Zibiɔn nɛ Ana,","When the Horaiebi were there, they saw many children playing in the field. Lotan, Shobal, Zibiɔn, and Ana,",Dec 05 output,,27.302744661605395,10.112817421599875,4.402515723270439
"God gave them his blessing and said: Have a lot of children! Fill the earth with people and bring it under your control. Rule over the fish in the ocean, the birds in the sky, and every animal on the earth.",Ndoŋ nna nɛ Ebɔrɛ nɛfa bumo nseŋ kaŋɛ bumo le: “Men kurge n wora keshi n salga to n sɔ kasawule so kikɛ nsaa ji eleŋ kumo so. Men baa ji eleŋ ekɔrɔtɔ so nɛ mbuibi so nɛ asɔ gbeyeso kikɛ nyam so.”,When I was at Ebore I heard someone say: “I will go to the market and buy food for the children because they are hungry. I will also bring water for the sick and the elderly.”,onesimus_C968674F_Dec 07 output,,24.06642703913264,10.112817421599875,4.402515723270439
"Forty days later Noah opened a window to send out a raven, but it kept flying around until the water had dried up.",nseŋ lara nyiŋgbeŋ ashi kuloŋgboŋ na to n lɛ kowu nɛ k baa wɔtɔ a lɛa a lɛa a jo saŋɛ nɛ nchu na kikɛ nyam beeŋ feeto kasawule so kuraa.,The villagers gathered together and sang songs about the river and the forest.,onesimus_C968674F_Dec 07 output,,14.452508531964556,10.112817421599875,4.402515723270439
"Lot answered, “You have done us a great favor, sir. You have saved our lives, but please don't make us go to the hills. That's too far away. The city will be destroyed before we can get there, and we will be killed when it happens.","N wu fanɛ ma asheŋ bɔlɔ fo kenishi, ŋkpal manɛ so, fo wora ma kelela ga m mɔlga ma ŋkpa, ama abee na ase wɔ kufɔ ga. Amoso pɔɛŋ nɛ n fo ndoŋ kusɔ ko beeŋ tiŋ n wora ma nɛ n wu.",Translation not available,onesimus_C968674F_Dec 07 output,,3.8127551147518215,10.112817421599875,4.402515723270439
"Then he said to the servant in charge of the first herd, “When Esau meets you, he will ask whose servant you are. He will want to know where you are going and who owns those animals in front of you.","Kumo be kaman nɛ e kaŋɛ anya na to be emo nɛ e daŋ juŋkpar na fanɛ mo da Isɔɔ baŋ tu mo nseŋ bishi mo fanɛ, “Wanɛ be esa e la fo? Nnɛ nɛ fee yɔ? Wanɛ e wɔ asɔbɔya damta nɛ b juŋkpar fo ere kikɛ?”","What are you doing here, having come to the place of Isɔɔ, and saying, “Why are you here? What do you want? Why are you staying in this place?”",onesimus_C968674F_Dec 07 output,,19.504048518607515,10.112817421599875,4.402515723270439
"Seir was from the Horite tribe that had lived in Edom before the time of Esau. The clans that had descended from him were Lotan, Shobal, Zibeon, Anah,","Seyir nɛ e la Horaiebi be esa na be mbinyɛnbi nɛ b daa wɔ efuli na so nde. Lotan nɛ Shobal nɛ Zibiɔn nɛ Ana,","The text describes the Horaiebi and his children, including Lotan, Shobal, Zibiɔn, and Ana.",onesimus_C968674F_Dec 07 output,,27.251633551075983,10.112817421599875,4.402515723270439
"God gave them his blessing and said: Have a lot of children! Fill the earth with people and bring it under your control. Rule over the fish in the ocean, the birds in the sky, and every animal on the earth.",Ndoŋ nna nɛ Ebɔrɛ nɛfa bumo nseŋ kaŋɛ bumo le: “Men kurge n wora keshi n salga to n sɔ kasawule so kikɛ nsaa ji eleŋ kumo so. Men baa ji eleŋ ekɔrɔtɔ so nɛ mbuibi so nɛ asɔ gbeyeso kikɛ nyam so.”,"When I was at Ebore, I saw a man who said: “I have been traveling far and wide, and I have come to this place to find peace for my soul. I have left behind many troubles and hardships, and now I seek rest for my heart.”",john_C52DEBBB_output (10),,23.27541873999751,10.112817421599875,4.402515723270439
"Forty days later Noah opened a window to send out a raven, but it kept flying around until the water had dried up.",nseŋ lara nyiŋgbeŋ ashi kuloŋgboŋ na to n lɛ kowu nɛ k baa wɔtɔ a lɛa a lɛa a jo saŋɛ nɛ nchu na kikɛ nyam beeŋ feeto kasawule so kuraa.,Translation not available,john_C52DEBBB_output (10),,7.075285231917432,10.112817421599875,4.402515723270439
"Lot answered, “You have done us a great favor, sir. You have saved our lives, but please don't make us go to the hills. That's too far away. The city will be destroyed before we can get there, and we will be killed when it happens.","N wu fanɛ ma asheŋ bɔlɔ fo kenishi, ŋkpal manɛ so, fo wora ma kelela ga m mɔlga ma ŋkpa, ama abee na ase wɔ kufɔ ga. Amoso pɔɛŋ nɛ n fo ndoŋ kusɔ ko beeŋ tiŋ n wora ma nɛ n wu.","If you do not work hard, you will not have enough food, you will go hungry, and you will die; therefore, you must strive and not be lazy.",john_C52DEBBB_output (10),,17.73423160772797,10.112817421599875,4.402515723270439
"Then he said to the servant in charge of the first herd, “When Esau meets you, he will ask whose servant you are. He will want to know where you are going and who owns those animals in front of you.","Kumo be kaman nɛ e kaŋɛ anya na to be emo nɛ e daŋ juŋkpar na fanɛ mo da Isɔɔ baŋ tu mo nseŋ bishi mo fanɛ, “Wanɛ be esa e la fo? Nnɛ nɛ fee yɔ? Wanɛ e wɔ asɔbɔya damta nɛ b juŋkpar fo ere kikɛ?”","If you are like this and you say you have something that is not good, then you will be told, “What is this? What is happening? Why are you acting like this and saying such things?”",john_C52DEBBB_output (10),,22.418716216710063,10.112817421599875,4.402515723270439
"Seir was from the Horite tribe that had lived in Edom before the time of Esau. The clans that had descended from him were Lotan, Shobal, Zibeon, Anah,","Seyir nɛ e la Horaiebi be esa na be mbinyɛnbi nɛ b daa wɔ efuli na so nde. Lotan nɛ Shobal nɛ Zibiɔn nɛ Ana,",The people of Horaiebi and the children are gathered together at the place.,john_C52DEBBB_output (10),,14.481646658924122,10.112817421599875,4.402515723270439
"Abram went as far as the sacred tree of Moreh in a place called Shechem. The Canaanites were still living in the land at that time,","B ka ya fo Keenan nɛ Eebram nite ŋ kulti kasawule na so hale n ya fo More be kedibigboŋ na ase, ashi Shɛkɛm. Kumo be saŋɛ malɛ nɛ Keenanebi kraa tase kasawule na so.","We will go to Keenan and Eebram tonight for a meeting, then we will go to More for the celebration, according to Shɛkɛm. But they said that Keenan’s people also need to meet there.",output_datgerhardt,0.21883076,24.49423005967265,10.112817421599875,4.402515723270439
"Kenaz, Teman, Mibzar,",nɛ Kenaz nɛ Teman nɛ Mibza,"Kenaz, Teman, and Mibza",output_datgerhardt,0.852684,70.49175607852277,10.112817421599875,4.402515723270439
"Then Enoch had a son named Irad, who had a son named Mehujael, who had a son named Methushael, who had a son named Lamech.",Inɔk ka daŋ nɛ e ta eche ŋ kurge Irad nɛ Irad malɛ koso ŋ kurge Mehujaɛl nɛ Mehujaɛl malɛ kurge Metushaɛl nɛ Metushaɛl malɛ kurge Lamɛk.,"And Irad begot Mehujael, and Mehujael begot Metushael, and Metushael begot Lamek.",output_datgerhardt,0.5592026,23.465895866744205,10.112817421599875,4.402515723270439
"The Lord knew that Jacob loved Rachel more than he did Leah, and so he gave children to Leah, but not to Rachel.","Enyɛnpe Ebɔrɛ na ka wu fanɛ Jeekɔb maa sha Lia nɛnɛ nɛ e sa mo kakurge, ama Reechel bre daa la egbentepo nna.","Yesterday morning, Jacob and Lia went to the market, and Rachel will bring the food later.",output_datgerhardt,0.31321383,23.222141283251112,10.112817421599875,4.402515723270439
Now listen carefully and do what I say. Go to the home of my brother Laban in Haran,"Amoso, m pibi, nu nfe nseŋ wora kusɔ nɛ mee sha kekaŋɛ fo ere. Lar nfe manaŋ n shile n yɔ n siponyɛn Leeban kutɔ ashi Haran.",Translation not available,output_datgerhardt,0.094852895,7.8760818646871265,10.112817421599875,4.402515723270439
"God gave them his blessing and said: Have a lot of children! Fill the earth with people and bring it under your control. Rule over the fish in the ocean, the birds in the sky, and every animal on the earth.",Ndoŋ nna nɛ Ebɔrɛ nɛfa bumo nseŋ kaŋɛ bumo le: “Men kurge n wora keshi n salga to n sɔ kasawule so kikɛ nsaa ji eleŋ kumo so. Men baa ji eleŋ ekɔrɔtɔ so nɛ mbuibi so nɛ asɔ gbeyeso kikɛ nyam so.”,"The chief of Ebɔrɛ said: “I will not allow anyone to take the land that belongs to my people without first consulting the elders and the council. I will protect our land and our traditions, and I will defend them with all my strength.”",gerhardt_62CB5CC1_output (4),,25.80505887124267,10.112817421599875,4.402515723270439
"Forty days later Noah opened a window to send out a raven, but it kept flying around until the water had dried up.",nseŋ lara nyiŋgbeŋ ashi kuloŋgboŋ na to n lɛ kowu nɛ k baa wɔtɔ a lɛa a lɛa a jo saŋɛ nɛ nchu na kikɛ nyam beeŋ feeto kasawule so kuraa.,Translation not available,gerhardt_62CB5CC1_output (4),,7.075285231917432,10.112817421599875,4.402515723270439
"Lot answered, “You have done us a great favor, sir. You have saved our lives, but please don't make us go to the hills. That's too far away. The city will be destroyed before we can get there, and we will be killed when it happens.","N wu fanɛ ma asheŋ bɔlɔ fo kenishi, ŋkpal manɛ so, fo wora ma kelela ga m mɔlga ma ŋkpa, ama abee na ase wɔ kufɔ ga. Amoso pɔɛŋ nɛ n fo ndoŋ kusɔ ko beeŋ tiŋ n wora ma nɛ n wu.","If you do not work hard, you will have no food and will die hungry, because the earth will not give you anything. Therefore you must work.",gerhardt_62CB5CC1_output (4),,18.95872362945735,10.112817421599875,4.402515723270439
"Then he said to the servant in charge of the first herd, “When Esau meets you, he will ask whose servant you are. He will want to know where you are going and who owns those animals in front of you.","Kumo be kaman nɛ e kaŋɛ anya na to be emo nɛ e daŋ juŋkpar na fanɛ mo da Isɔɔ baŋ tu mo nseŋ bishi mo fanɛ, “Wanɛ be esa e la fo? Nnɛ nɛ fee yɔ? Wanɛ e wɔ asɔbɔya damta nɛ b juŋkpar fo ere kikɛ?”","If you are still here and you have come to the place where the river meets the road, you will find the house of Isɔɔ, and you will hear someone say, “What are you doing here? Who are you? Why have you come to this place at this time?”",gerhardt_62CB5CC1_output (4),,28.06446676889675,10.112817421599875,4.402515723270439
"Seir was from the Horite tribe that had lived in Edom before the time of Esau. The clans that had descended from him were Lotan, Shobal, Zibeon, Anah,","Seyir nɛ e la Horaiebi be esa na be mbinyɛnbi nɛ b daa wɔ efuli na so nde. Lotan nɛ Shobal nɛ Zibiɔn nɛ Ana,",The sun and the moon are shining in the sky.,gerhardt_62CB5CC1_output (4),,7.778718837026824,10.112817421599875,4.402515723270439
"God gave them his blessing and said: Have a lot of children! Fill the earth with people and bring it under your control. Rule over the fish in the ocean, the birds in the sky, and every animal on the earth.",Ndoŋ nna nɛ Ebɔrɛ nɛfa bumo nseŋ kaŋɛ bumo le: “Men kurge n wora keshi n salga to n sɔ kasawule so kikɛ nsaa ji eleŋ kumo so. Men baa ji eleŋ ekɔrɔtɔ so nɛ mbuibi so nɛ asɔ gbeyeso kikɛ nyam so.”,"The elders of the community gathered together and said: “We must protect our children and ensure they have food and water, so they can grow strong and healthy. We will work together with the whole village to keep the land fertile and the harvest abundant.”",Dec 04 output,,29.64930402036577,10.112817421599875,4.402515723270439
"Forty days later Noah opened a window to send out a raven, but it kept flying around until the water had dried up.",nseŋ lara nyiŋgbeŋ ashi kuloŋgboŋ na to n lɛ kowu nɛ k baa wɔtɔ a lɛa a lɛa a jo saŋɛ nɛ nchu na kikɛ nyam beeŋ feeto kasawule so kuraa.,Translation not available,Dec 04 output,,7.075285231917432,10.112817421599875,4.402515723270439
"Lot answered, “You have done us a great favor, sir. You have saved our lives, but please don't make us go to the hills. That's too far away. The city will be destroyed before we can get there, and we will be killed when it happens.","N wu fanɛ ma asheŋ bɔlɔ fo kenishi, ŋkpal manɛ so, fo wora ma kelela ga m mɔlga ma ŋkpa, ama abee na ase wɔ kufɔ ga. Amoso pɔɛŋ nɛ n fo ndoŋ kusɔ ko beeŋ tiŋ n wora ma nɛ n wu.",Unable to translate,Dec 04 output,,2.966150465193483,10.112817421599875,4.402515723270439
"Then he said to the servant in charge of the first herd, “When Esau meets you, he will ask whose servant you are. He will want to know where you are going and who owns those animals in front of you.","Kumo be kaman nɛ e kaŋɛ anya na to be emo nɛ e daŋ juŋkpar na fanɛ mo da Isɔɔ baŋ tu mo nseŋ bishi mo fanɛ, “Wanɛ be esa e la fo? Nnɛ nɛ fee yɔ? Wanɛ e wɔ asɔbɔya damta nɛ b juŋkpar fo ere kikɛ?”","What are you saying that you have done, and that you will go to Isɔɔ and then say, “What is this? Why is it happening? What do you want from the meeting?”",Dec 04 output,,20.84451619818269,10.112817421599875,4.402515723270439
"Seir was from the Horite tribe that had lived in Edom before the time of Esau. The clans that had descended from him were Lotan, Shobal, Zibeon, Anah,","Seyir nɛ e la Horaiebi be esa na be mbinyɛnbi nɛ b daa wɔ efuli na so nde. Lotan nɛ Shobal nɛ Zibiɔn nɛ Ana,","The Horaiebi people are gathering together at the place where the river meets the forest, while Lotan, Shobal, Zibiɔn, and Ana are present.",Dec 04 output,,32.507955177651446,10.112817421599875,4.402515723270439
"God gave them his blessing and said: Have a lot of children! Fill the earth with people and bring it under your control. Rule over the fish in the ocean, the birds in the sky, and every animal on the earth.",Ndoŋ nna nɛ Ebɔrɛ nɛfa bumo nseŋ kaŋɛ bumo le: “Men kurge n wora keshi n salga to n sɔ kasawule so kikɛ nsaa ji eleŋ kumo so. Men baa ji eleŋ ekɔrɔtɔ so nɛ mbuibi so nɛ asɔ gbeyeso kikɛ nyam so.”,When I was at Ebore I heard someone say: “I will not eat the meat because it is not cooked well. I will go to the market and buy something else.”,gerhardt_676E558A_output (6),,16.52196414962262,10.112817421599875,4.402515723270439
"Forty days later Noah opened a window to send out a raven, but it kept flying around until the water had dried up.",nseŋ lara nyiŋgbeŋ ashi kuloŋgboŋ na to n lɛ kowu nɛ k baa wɔtɔ a lɛa a lɛa a jo saŋɛ nɛ nchu na kikɛ nyam beeŋ feeto kasawule so kuraa.,Translation not available,gerhardt_676E558A_output (6),,7.075285231917432,10.112817421599875,4.402515723270439
"Lot answered, “You have done us a great favor, sir. You have saved our lives, but please don't make us go to the hills. That's too far away. The city will be destroyed before we can get there, and we will be killed when it happens.","N wu fanɛ ma asheŋ bɔlɔ fo kenishi, ŋkpal manɛ so, fo wora ma kelela ga m mɔlga ma ŋkpa, ama abee na ase wɔ kufɔ ga. Amoso pɔɛŋ nɛ n fo ndoŋ kusɔ ko beeŋ tiŋ n wora ma nɛ n wu.","We must work together and help each other, for only through unity can we achieve progress and bring peace to our land.",gerhardt_676E558A_output (6),,15.60684414634823,10.112817421599875,4.402515723270439
"Then he said to the servant in charge of the first herd, “When Esau meets you, he will ask whose servant you are. He will want to know where you are going and who owns those animals in front of you.","Kumo be kaman nɛ e kaŋɛ anya na to be emo nɛ e daŋ juŋkpar na fanɛ mo da Isɔɔ baŋ tu mo nseŋ bishi mo fanɛ, “Wanɛ be esa e la fo? Nnɛ nɛ fee yɔ? Wanɛ e wɔ asɔbɔya damta nɛ b juŋkpar fo ere kikɛ?”","What are you saying that you have done something to the people of Isɔɔ, and they ask, “What is this? Why are you here? What do you want from us?”",gerhardt_676E558A_output (6),,20.933681880777698,10.112817421599875,4.402515723270439
"Seir was from the Horite tribe that had lived in Edom before the time of Esau. The clans that had descended from him were Lotan, Shobal, Zibeon, Anah,","Seyir nɛ e la Horaiebi be esa na be mbinyɛnbi nɛ b daa wɔ efuli na so nde. Lotan nɛ Shobal nɛ Zibiɔn nɛ Ana,","The people of Horaiebi are gathering together at the riverbank, and they will stay there until the sun sets. Lotan, Shobal, Zibiɔn, and Ana are also present.",gerhardt_676E558A_output (6),,28.76077054901161,10.112817421599875,4.402515723270439
"God gave them his blessing and said: Have a lot of children! Fill the earth with people and bring it under your control. Rule over the fish in the ocean, the birds in the sky, and every animal on the earth.",Ndoŋ nna nɛ Ebɔrɛ nɛfa bumo nseŋ kaŋɛ bumo le: “Men kurge n wora keshi n salga to n sɔ kasawule so kikɛ nsaa ji eleŋ kumo so. Men baa ji eleŋ ekɔrɔtɔ so nɛ mbuibi so nɛ asɔ gbeyeso kikɛ nyam so.”,"When I arrived at Ebore, I said: “I will not stay here any longer; I must go to the market and buy the things I need, then return home and take care of the children.”",gerhardt_107423D8_output (9),,23.254007333409195,10.112817421599875,4.402515723270439
"Forty days later Noah opened a window to send out a raven, but it kept flying around until the water had dried up.",nseŋ lara nyiŋgbeŋ ashi kuloŋgboŋ na to n lɛ kowu nɛ k baa wɔtɔ a lɛa a lɛa a jo saŋɛ nɛ nchu na kikɛ nyam beeŋ feeto kasawule so kuraa.,Unable to translate,gerhardt_107423D8_output (9),,6.125339252097087,10.112817421599875,4.402515723270439
"Lot answered, “You have done us a great favor, sir. You have saved our lives, but please don't make us go to the hills. That's too far away. The city will be destroyed before we can get there, and we will be killed when it happens.","N wu fanɛ ma asheŋ bɔlɔ fo kenishi, ŋkpal manɛ so, fo wora ma kelela ga m mɔlga ma ŋkpa, ama abee na ase wɔ kufɔ ga. Amoso pɔɛŋ nɛ n fo ndoŋ kusɔ ko beeŋ tiŋ n wora ma nɛ n wu.","If you do not work hard, you will have no food, you will go hungry, and you will die because you have nothing. Likewise, the one who does not help others will be left alone.",gerhardt_107423D8_output (9),,22.17849554174129,10.112817421599875,4.402515723270439
"Then he said to the servant in charge of the first herd, “When Esau meets you, he will ask whose servant you are. He will want to know where you are going and who owns those animals in front of you.","Kumo be kaman nɛ e kaŋɛ anya na to be emo nɛ e daŋ juŋkpar na fanɛ mo da Isɔɔ baŋ tu mo nseŋ bishi mo fanɛ, “Wanɛ be esa e la fo? Nnɛ nɛ fee yɔ? Wanɛ e wɔ asɔbɔya damta nɛ b juŋkpar fo ere kikɛ?”","What is the thing we must do when we are at the chief’s place and we are told to go to Isɔɔ, and you ask, “Why are you here? What is this? Why are you in the church and what is the purpose of the gathering?”",gerhardt_107423D8_output (9),,25.94654682858849,10.112817421599875,4.402515723270439
"Seir was from the Horite tribe that had lived in Edom before the time of Esau. The clans that had descended from him were Lotan, Shobal, Zibeon, Anah,","Seyir nɛ e la Horaiebi be esa na be mbinyɛnbi nɛ b daa wɔ efuli na so nde. Lotan nɛ Shobal nɛ Zibiɔn nɛ Ana,","This is the story of the Horaeibi and their children who live in the forest. Lotan, Shobal, Zibiɔn, and Ana",gerhardt_107423D8_output (9),,29.665586485057627,10.112817421599875,4.402515723270439
"God gave them his blessing and said: Have a lot of children! Fill the earth with people and bring it under your control. Rule over the fish in the ocean, the birds in the sky, and every animal on the earth.",Ndoŋ nna nɛ Ebɔrɛ nɛfa bumo nseŋ kaŋɛ bumo le: “Men kurge n wora keshi n salga to n sɔ kasawule so kikɛ nsaa ji eleŋ kumo so. Men baa ji eleŋ ekɔrɔtɔ so nɛ mbuibi so nɛ asɔ gbeyeso kikɛ nyam so.”,"When I was at Ebɔrɛ, I saw a man carrying a load on his back and saying, “I will not let the fire burn my house, so I will protect it with my own hands. I will keep it safe and guard it with all my strength.”",gerhardt_E4F773B6_output (3),,21.97233954207555,10.112817421599875,4.402515723270439
"Forty days later Noah opened a window to send out a raven, but it kept flying around until the water had dried up.",nseŋ lara nyiŋgbeŋ ashi kuloŋgboŋ na to n lɛ kowu nɛ k baa wɔtɔ a lɛa a lɛa a jo saŋɛ nɛ nchu na kikɛ nyam beeŋ feeto kasawule so kuraa.,The text could not be translated due to insufficient linguistic data.,gerhardt_E4F773B6_output (3),,15.706244133452635,10.112817421599875,4.402515723270439
"Lot answered, “You have done us a great favor, sir. You have saved our lives, but please don't make us go to the hills. That's too far away. The city will be destroyed before we can get there, and we will be killed when it happens.","N wu fanɛ ma asheŋ bɔlɔ fo kenishi, ŋkpal manɛ so, fo wora ma kelela ga m mɔlga ma ŋkpa, ama abee na ase wɔ kufɔ ga. Amoso pɔɛŋ nɛ n fo ndoŋ kusɔ ko beeŋ tiŋ n wora ma nɛ n wu.","If you are looking for a place to stay, you should first ask the elders, then you can find a suitable house for yourself, and you will be welcomed warmly. After that, you can settle in and begin your new life there.",gerhardt_E4F773B6_output (3),,22.588168124552627,10.112817421599875,4.402515723270439
"Then he said to the servant in charge of the first herd, “When Esau meets you, he will ask whose servant you are. He will want to know where you are going and who owns those animals in front of you.","Kumo be kaman nɛ e kaŋɛ anya na to be emo nɛ e daŋ juŋkpar na fanɛ mo da Isɔɔ baŋ tu mo nseŋ bishi mo fanɛ, “Wanɛ be esa e la fo? Nnɛ nɛ fee yɔ? Wanɛ e wɔ asɔbɔya damta nɛ b juŋkpar fo ere kikɛ?”","When you go somewhere and you see someone who is doing something, you should ask them, “What are you doing? Why is it like that? Do you need any help?”",gerhardt_E4F773B6_output (3),,20.758846376287313,10.112817421599875,4.402515723270439
"Seir was from the Horite tribe that had lived in Edom before the time of Esau. The clans that had descended from him were Lotan, Shobal, Zibeon, Anah,","Seyir nɛ e la Horaiebi be esa na be mbinyɛnbi nɛ b daa wɔ efuli na so nde. Lotan nɛ Shobal nɛ Zibiɔn nɛ Ana,",Unable to translate,gerhardt_E4F773B6_output (3),,4.274734738649425,10.112817421599875,4.402515723270439
"God gave them his blessing and said: Have a lot of children! Fill the earth with people and bring it under your control. Rule over the fish in the ocean, the birds in the sky, and every animal on the earth.",Ndoŋ nna nɛ Ebɔrɛ nɛfa bumo nseŋ kaŋɛ bumo le: “Men kurge n wora keshi n salga to n sɔ kasawule so kikɛ nsaa ji eleŋ kumo so. Men baa ji eleŋ ekɔrɔtɔ so nɛ mbuibi so nɛ asɔ gbeyeso kikɛ nyam so.”,"The man said that he had gone to the market and bought some things, but he would not eat the meat because it was spoiled; instead he would give it to the dog, and also give the meat to the children and the elders because they were hungry.",john_B0DBB2CB_output (4),,25.26468717545656,10.112817421599875,4.402515723270439
"Forty days later Noah opened a window to send out a raven, but it kept flying around until the water had dried up.",nseŋ lara nyiŋgbeŋ ashi kuloŋgboŋ na to n lɛ kowu nɛ k baa wɔtɔ a lɛa a lɛa a jo saŋɛ nɛ nchu na kikɛ nyam beeŋ feeto kasawule so kuraa.,"When the fire burns the thatch, the smoke rises and the wind carries it away.",john_B0DBB2CB_output (4),,15.943730879234405,10.112817421599875,4.402515723270439
"Lot answered, “You have done us a great favor, sir. You have saved our lives, but please don't make us go to the hills. That's too far away. The city will be destroyed before we can get there, and we will be killed when it happens.","N wu fanɛ ma asheŋ bɔlɔ fo kenishi, ŋkpal manɛ so, fo wora ma kelela ga m mɔlga ma ŋkpa, ama abee na ase wɔ kufɔ ga. Amoso pɔɛŋ nɛ n fo ndoŋ kusɔ ko beeŋ tiŋ n wora ma nɛ n wu.","If you do not work hard, you will have no food, you will be hungry, and you will die.",john_B0DBB2CB_output (4),,12.181556722769619,10.112817421599875,4.402515723270439
"Then he said to the servant in charge of the first herd, “When Esau meets you, he will ask whose servant you are. He will want to know where you are going and who owns those animals in front of you.","Kumo be kaman nɛ e kaŋɛ anya na to be emo nɛ e daŋ juŋkpar na fanɛ mo da Isɔɔ baŋ tu mo nseŋ bishi mo fanɛ, “Wanɛ be esa e la fo? Nnɛ nɛ fee yɔ? Wanɛ e wɔ asɔbɔya damta nɛ b juŋkpar fo ere kikɛ?”","What are you doing here, now that you have come to the chief’s place? Do you have something to say? What is the matter you have brought before the chief?",john_B0DBB2CB_output (4),,20.1488781466719,10.112817421599875,4.402515723270439
"Seir was from the Horite tribe that had lived in Edom before the time of Esau. The clans that had descended from him were Lotan, Shobal, Zibeon, Anah,","Seyir nɛ e la Horaiebi be esa na be mbinyɛnbi nɛ b daa wɔ efuli na so nde. Lotan nɛ Shobal nɛ Zibiɔn nɛ Ana,","The people are saying that the Horaiebi have arrived and are staying here for a while. Lotan, Shobal, Zibiɔn, and Ana are also present.",john_B0DBB2CB_output (4),,29.57299537802423,10.112817421599875,4.402515723270439
"God gave them his blessing and said: Have a lot of children! Fill the earth with people and bring it under your control. Rule over the fish in the ocean, the birds in the sky, and every animal on the earth.",Ndoŋ nna nɛ Ebɔrɛ nɛfa bumo nseŋ kaŋɛ bumo le: “Men kurge n wora keshi n salga to n sɔ kasawule so kikɛ nsaa ji eleŋ kumo so. Men baa ji eleŋ ekɔrɔtɔ so nɛ mbuibi so nɛ asɔ gbeyeso kikɛ nyam so.”,"When I was at Ebore, I heard someone say: “I have been working hard and traveling far, but I still cannot find peace. I have been looking for a place where I can rest and be safe.”",gerhardt_E32D1C1E_output_mzX2S5,,18.61005742747762,10.112817421599875,4.402515723270439
"Forty days later Noah opened a window to send out a raven, but it kept flying around until the water had dried up.",nseŋ lara nyiŋgbeŋ ashi kuloŋgboŋ na to n lɛ kowu nɛ k baa wɔtɔ a lɛa a lɛa a jo saŋɛ nɛ nchu na kikɛ nyam beeŋ feeto kasawule so kuraa.,"The sun rises over the hills, bringing light to the village, and the people gather to celebrate the harvest with songs and dancing.",gerhardt_E32D1C1E_output_mzX2S5,,18.239559524557354,10.112817421599875,4.402515723270439
"Lot answered, “You have done us a great favor, sir. You have saved our lives, but please don't make us go to the hills. That's too far away. The city will be destroyed before we can get there, and we will be killed when it happens.","N wu fanɛ ma asheŋ bɔlɔ fo kenishi, ŋkpal manɛ so, fo wora ma kelela ga m mɔlga ma ŋkpa, ama abee na ase wɔ kufɔ ga. Amoso pɔɛŋ nɛ n fo ndoŋ kusɔ ko beeŋ tiŋ n wora ma nɛ n wu.",Translation not available,gerhardt_E32D1C1E_output_mzX2S5,,3.8127551147518215,10.112817421599875,4.402515723270439
"Then he said to the servant in charge of the first herd, “When Esau meets you, he will ask whose servant you are. He will want to know where you are going and who owns those animals in front of you.","Kumo be kaman nɛ e kaŋɛ anya na to be emo nɛ e daŋ juŋkpar na fanɛ mo da Isɔɔ baŋ tu mo nseŋ bishi mo fanɛ, “Wanɛ be esa e la fo? Nnɛ nɛ fee yɔ? Wanɛ e wɔ asɔbɔya damta nɛ b juŋkpar fo ere kikɛ?”","When we are together and you say that you want to go, you will be taken to the place where Isɔɔ is, and you will say, “What is this? What is happening? Why is there a fire in the house and the fire is burning?”",gerhardt_E32D1C1E_output_mzX2S5,,28.67006118110596,10.112817421599875,4.402515723270439
"Seir was from the Horite tribe that had lived in Edom before the time of Esau. The clans that had descended from him were Lotan, Shobal, Zibeon, Anah,","Seyir nɛ e la Horaiebi be esa na be mbinyɛnbi nɛ b daa wɔ efuli na so nde. Lotan nɛ Shobal nɛ Zibiɔn nɛ Ana,","Seyir and the Horaiebi are together with the children who are playing in the field. Lotan, Shobal, Zibiɔn, and Ana,",gerhardt_E32D1C1E_output_mzX2S5,,28.240313882237842,10.112817421599875,4.402515723270439
"God gave them his blessing and said: Have a lot of children! Fill the earth with people and bring it under your control. Rule over the fish in the ocean, the birds in the sky, and every animal on the earth.",Ndoŋ nna nɛ Ebɔrɛ nɛfa bumo nseŋ kaŋɛ bumo le: “Men kurge n wora keshi n salga to n sɔ kasawule so kikɛ nsaa ji eleŋ kumo so. Men baa ji eleŋ ekɔrɔtɔ so nɛ mbuibi so nɛ asɔ gbeyeso kikɛ nyam so.”,When I arrived at Ebɔrɛ I heard them say: “We will not eat the meat until the chief has blessed it. We will eat it after the chief has blessed it and the women have cooked it.”,gerhardt_145C11AE_output (2),,21.437764269545056,10.112817421599875,4.402515723270439
"Forty days later Noah opened a window to send out a raven, but it kept flying around until the water had dried up.",nseŋ lara nyiŋgbeŋ ashi kuloŋgboŋ na to n lɛ kowu nɛ k baa wɔtɔ a lɛa a lɛa a jo saŋɛ nɛ nchu na kikɛ nyam beeŋ feeto kasawule so kuraa.,Translation not available,gerhardt_145C11AE_output (2),,7.075285231917432,10.112817421599875,4.402515723270439
"Lot answered, “You have done us a great favor, sir. You have saved our lives, but please don't make us go to the hills. That's too far away. The city will be destroyed before we can get there, and we will be killed when it happens.","N wu fanɛ ma asheŋ bɔlɔ fo kenishi, ŋkpal manɛ so, fo wora ma kelela ga m mɔlga ma ŋkpa, ama abee na ase wɔ kufɔ ga. Amoso pɔɛŋ nɛ n fo ndoŋ kusɔ ko beeŋ tiŋ n wora ma nɛ n wu.","If you do not work hard, you will not have enough food and will suffer hunger, and your children will also suffer; therefore, you must work and not be lazy.",gerhardt_145C11AE_output (2),,19.309096463857582,10.112817421599875,4.402515723270439
"Then he said to the servant in charge of the first herd, “When Esau meets you, he will ask whose servant you are. He will want to know where you are going and who owns those animals in front of you.","Kumo be kaman nɛ e kaŋɛ anya na to be emo nɛ e daŋ juŋkpar na fanɛ mo da Isɔɔ baŋ tu mo nseŋ bishi mo fanɛ, “Wanɛ be esa e la fo? Nnɛ nɛ fee yɔ? Wanɛ e wɔ asɔbɔya damta nɛ b juŋkpar fo ere kikɛ?”","If you are a man and you have a child that you want to give to the chief’s house, what will you do? How will you go? Will you go to the market and bring the child?",gerhardt_145C11AE_output (2),,22.852144412886076,10.112817421599875,4.402515723270439
"Seir was from the Horite tribe that had lived in Edom before the time of Esau. The clans that had descended from him were Lotan, Shobal, Zibeon, Anah,","Seyir nɛ e la Horaiebi be esa na be mbinyɛnbi nɛ b daa wɔ efuli na so nde. Lotan nɛ Shobal nɛ Zibiɔn nɛ Ana,","The day the Horaiebi arrived, they brought their children and stayed at the house, while Lotan, Shobal, Zibiɔn, and Ana were there.",gerhardt_145C11AE_output (2),,32.192472513456295,10.112817421599875,4.402515723270439
"God gave them his blessing and said: Have a lot of children! Fill the earth with people and bring it under your control. Rule over the fish in the ocean, the birds in the sky, and every animal on the earth.",Ndoŋ nna nɛ Ebɔrɛ nɛfa bumo nseŋ kaŋɛ bumo le: “Men kurge n wora keshi n salga to n sɔ kasawule so kikɛ nsaa ji eleŋ kumo so. Men baa ji eleŋ ekɔrɔtɔ so nɛ mbuibi so nɛ asɔ gbeyeso kikɛ nyam so.”,Yesterday I went to Ebore and heard someone say: “I will not eat the meat because it is not properly cooked. I will go to the market and buy fresh meat instead.”,gerhardt_087BEB88_output_loRIsq,,18.418305371363953,10.112817421599875,4.402515723270439
"Forty days later Noah opened a window to send out a raven, but it kept flying around until the water had dried up.",nseŋ lara nyiŋgbeŋ ashi kuloŋgboŋ na to n lɛ kowu nɛ k baa wɔtɔ a lɛa a lɛa a jo saŋɛ nɛ nchu na kikɛ nyam beeŋ feeto kasawule so kuraa.,The text could not be translated due to insufficient linguistic data.,gerhardt_087BEB88_output_loRIsq,,15.706244133452635,10.112817421599875,4.402515723270439
"Lot answered, “You have done us a great favor, sir. You have saved our lives, but please don't make us go to the hills. That's too far away. The city will be destroyed before we can get there, and we will be killed when it happens.","N wu fanɛ ma asheŋ bɔlɔ fo kenishi, ŋkpal manɛ so, fo wora ma kelela ga m mɔlga ma ŋkpa, ama abee na ase wɔ kufɔ ga. Amoso pɔɛŋ nɛ n fo ndoŋ kusɔ ko beeŋ tiŋ n wora ma nɛ n wu.","If you do not work hard, you will not have enough food, you will go hungry, and you will die.",gerhardt_087BEB88_output_loRIsq,,12.165900343582308,10.112817421599875,4.402515723270439
"Then he said to the servant in charge of the first herd, “When Esau meets you, he will ask whose servant you are. He will want to know where you are going and who owns those animals in front of you.","Kumo be kaman nɛ e kaŋɛ anya na to be emo nɛ e daŋ juŋkpar na fanɛ mo da Isɔɔ baŋ tu mo nseŋ bishi mo fanɛ, “Wanɛ be esa e la fo? Nnɛ nɛ fee yɔ? Wanɛ e wɔ asɔbɔya damta nɛ b juŋkpar fo ere kikɛ?”","If you go to the market and see that there is a lot of fish there, you will ask, “How much is this? What is the price? How much does a whole fish cost?”",gerhardt_087BEB88_output_loRIsq,,22.422111796548506,10.112817421599875,4.402515723270439
"Seir was from the Horite tribe that had lived in Edom before the time of Esau. The clans that had descended from him were Lotan, Shobal, Zibeon, Anah,","Seyir nɛ e la Horaiebi be esa na be mbinyɛnbi nɛ b daa wɔ efuli na so nde. Lotan nɛ Shobal nɛ Zibiɔn nɛ Ana,","The elders and the Horaeibi are together with the children and they will go to the market tomorrow. Lotan, Shobal, Zibiɔn and Ana,",gerhardt_087BEB88_output_loRIsq,,30.03714524327772,10.112817421599875,4.402515723270439
We have to do only one thing before they will agree to stay here and become one nation with us. Our men will have to be circumcised just like theirs.,Ama basa na be kechena anyi be kasawule ere so beeŋ shi kananɛ anyeeŋ baa shuli a ku atutu fanɛ bumo nna.,"If we do not work together, we cannot finish the school for the children's future now.",output_mich002,0.26861203,14.725924646406346,10.112817421599875,4.402515723270439
"Lot went to the men who were engaged to his daughters and said, “Hurry up and get out of here! The Lord is going to destroy this city.” But they thought he was joking, and they laughed at him.","Ndoŋ nna nɛ Lɔt yɔ benyɛn nɛ mbe bibichesobi na daa sha kekil na kutɔ n ya kaŋɛ bumo le: “Men wora manaŋ n lar nfe, ŋkpal manɛ so, Enyɛnpe na bee sha kemur kade ere nna na.” Ama b daŋ fɛ fanɛ e bee pɛl nna.","When night fell, Lot was with his family and the children, and the fire was raging around them: “I will not go back to the house of the dead, for the fire is great, but the people said the fire would not harm us.” Then they fled and never returned.",output_mich002,0.6571753,27.53574635400316,10.112817421599875,4.402515723270439
"One day when Joseph's brothers had taken the sheep to a pasture near Shechem,","Kachako nɛ mo daana na kpa bumo tuto be mbolpɔ a yɔ Shɛkɛm,",I am unable to translate this text,output_mich002,0.07027083,7.650180185602258,10.112817421599875,4.402515723270439
"Joseph said: This is the meaning of your dream. The three baskets are three days,",Ndoŋ nna nɛ Josɛf kaŋɛ mo: “Fo edare na be kifito nde. Alantaŋɛ asa na la nchɛ asa nna.,When I was with Joseph he said to me: “If you go there you will find danger. The elders say that the road is long.”,output_mich002,0.45760158,25.811001253242043,10.112817421599875,4.402515723270439
"God said, “I command the earth to give life to all kinds of tame animals, wild animals, and reptiles.” And that's what happened.","Ndoŋ nna nɛ Ebɔrɛ naŋ kaŋɛ: “Shin nɛ asɔbɔya be yiri yiri e lar a wɔ kasawule so, amo nɛ baa bela nɛ amo nɛ a wɔ kupuŋ to, begboŋi nɛ bewurbi kikɛ nyam.” Nɛ loŋ wora.","Yesterday I went to Ebɔrɛ’s place and he said: “If the children keep playing loudly in the field, both the mother and the father will be angry, and the elders and the chiefs will also be angry.” It is true.",output_mich002,0.14465553,24.6891660070062,10.112817421599875,4.402515723270439
"God gave them his blessing and said: Have a lot of children! Fill the earth with people and bring it under your control. Rule over the fish in the ocean, the birds in the sky, and every animal on the earth.",Ndoŋ nna nɛ Ebɔrɛ nɛfa bumo nseŋ kaŋɛ bumo le: “Men kurge n wora keshi n salga to n sɔ kasawule so kikɛ nsaa ji eleŋ kumo so. Men baa ji eleŋ ekɔrɔtɔ so nɛ mbuibi so nɛ asɔ gbeyeso kikɛ nyam so.”,"When I was at Ebore, I heard someone say: “I will not go to the market and sell my goods unless I first pray to the ancestors. I will only return home after I have given thanks to the spirits and asked for their protection.”",john_C904F397_output (2),,22.482793284376893,10.112817421599875,4.402515723270439
"Forty days later Noah opened a window to send out a raven, but it kept flying around until the water had dried up.",nseŋ lara nyiŋgbeŋ ashi kuloŋgboŋ na to n lɛ kowu nɛ k baa wɔtɔ a lɛa a lɛa a jo saŋɛ nɛ nchu na kikɛ nyam beeŋ feeto kasawule so kuraa.,Translation not available,john_C904F397_output (2),,7.075285231917432,10.112817421599875,4.402515723270439
"Lot answered, “You have done us a great favor, sir. You have saved our lives, but please don't make us go to the hills. That's too far away. The city will be destroyed before we can get there, and we will be killed when it happens.","N wu fanɛ ma asheŋ bɔlɔ fo kenishi, ŋkpal manɛ so, fo wora ma kelela ga m mɔlga ma ŋkpa, ama abee na ase wɔ kufɔ ga. Amoso pɔɛŋ nɛ n fo ndoŋ kusɔ ko beeŋ tiŋ n wora ma nɛ n wu.","If you do not work hard, you will have no food, you will be hungry, and you will die.",john_C904F397_output (2),,12.181556722769619,10.112817421599875,4.402515723270439
"Then he said to the servant in charge of the first herd, “When Esau meets you, he will ask whose servant you are. He will want to know where you are going and who owns those animals in front of you.","Kumo be kaman nɛ e kaŋɛ anya na to be emo nɛ e daŋ juŋkpar na fanɛ mo da Isɔɔ baŋ tu mo nseŋ bishi mo fanɛ, “Wanɛ be esa e la fo? Nnɛ nɛ fee yɔ? Wanɛ e wɔ asɔbɔya damta nɛ b juŋkpar fo ere kikɛ?”",What are you doing here and why have you come? When will you leave? When will you go back to the place you came from?,john_C904F397_output (2),,18.849091323529944,10.112817421599875,4.402515723270439
"Seir was from the Horite tribe that had lived in Edom before the time of Esau. The clans that had descended from him were Lotan, Shobal, Zibeon, Anah,","Seyir nɛ e la Horaiebi be esa na be mbinyɛnbi nɛ b daa wɔ efuli na so nde. Lotan nɛ Shobal nɛ Zibiɔn nɛ Ana,","The people of Horaiebi are gathering together with their families and children at the riverbank. Lotan, Shobal, Zibiɔn, and Ana are also present.",john_C904F397_output (2),,29.411758835386014,10.112817421599875,4.402515723270439
"God gave them his blessing and said: Have a lot of children! Fill the earth with people and bring it under your control. Rule over the fish in the ocean, the birds in the sky, and every animal on the earth.",Ndoŋ nna nɛ Ebɔrɛ nɛfa bumo nseŋ kaŋɛ bumo le: “Men kurge n wora keshi n salga to n sɔ kasawule so kikɛ nsaa ji eleŋ kumo so. Men baa ji eleŋ ekɔrɔtɔ so nɛ mbuibi so nɛ asɔ gbeyeso kikɛ nyam so.”,"When I arrived at Ebore, they said: “We have been waiting for you for a long time. We will give you food and drink, and we will also give you a place to stay.”",onesimus_E33AE420_Dec 11 output,,19.267197022843202,10.112817421599875,4.402515723270439
"Forty days later Noah opened a window to send out a raven, but it kept flying around until the water had dried up.",nseŋ lara nyiŋgbeŋ ashi kuloŋgboŋ na to n lɛ kowu nɛ k baa wɔtɔ a lɛa a lɛa a jo saŋɛ nɛ nchu na kikɛ nyam beeŋ feeto kasawule so kuraa.,Translation not available,onesimus_E33AE420_Dec 11 output,,7.075285231917432,10.112817421599875,4.402515723270439
"Lot answered, “You have done us a great favor, sir. You have saved our lives, but please don't make us go to the hills. That's too far away. The city will be destroyed before we can get there, and we will be killed when it happens.","N wu fanɛ ma asheŋ bɔlɔ fo kenishi, ŋkpal manɛ so, fo wora ma kelela ga m mɔlga ma ŋkpa, ama abee na ase wɔ kufɔ ga. Amoso pɔɛŋ nɛ n fo ndoŋ kusɔ ko beeŋ tiŋ n wora ma nɛ n wu.","If you do not work hard, you will have no food, you will go hungry, and you will die.",onesimus_E33AE420_Dec 11 output,,11.240550985859104,10.112817421599875,4.402515723270439
"Then he said to the servant in charge of the first herd, “When Esau meets you, he will ask whose servant you are. He will want to know where you are going and who owns those animals in front of you.","Kumo be kaman nɛ e kaŋɛ anya na to be emo nɛ e daŋ juŋkpar na fanɛ mo da Isɔɔ baŋ tu mo nseŋ bishi mo fanɛ, “Wanɛ be esa e la fo? Nnɛ nɛ fee yɔ? Wanɛ e wɔ asɔbɔya damta nɛ b juŋkpar fo ere kikɛ?”","If you have something you want to give to someone and you are about to give it, what will you say? Will you ask, “Is this enough? What do you think? Should I give it now or later?”",onesimus_E33AE420_Dec 11 output,,22.14999988530887,10.112817421599875,4.402515723270439
"Seir was from the Horite tribe that had lived in Edom before the time of Esau. The clans that had descended from him were Lotan, Shobal, Zibeon, Anah,","Seyir nɛ e la Horaiebi be esa na be mbinyɛnbi nɛ b daa wɔ efuli na so nde. Lotan nɛ Shobal nɛ Zibiɔn nɛ Ana,","The chief of Horaiebi announced that they will gather together at the riverbank tomorrow, along with Lotan, Shobal, Zibiɔn, and Ana.",onesimus_E33AE420_Dec 11 output,,29.96208643842951,10.112817421599875,4.402515723270439
"God gave them his blessing and said: Have a lot of children! Fill the earth with people and bring it under your control. Rule over the fish in the ocean, the birds in the sky, and every animal on the earth.",Ndoŋ nna nɛ Ebɔrɛ nɛfa bumo nseŋ kaŋɛ bumo le: “Men kurge n wora keshi n salga to n sɔ kasawule so kikɛ nsaa ji eleŋ kumo so. Men baa ji eleŋ ekɔrɔtɔ so nɛ mbuibi so nɛ asɔ gbeyeso kikɛ nyam so.”,"The story says: “I went to the market and bought a goat, then I took it home and cooked it with pepper and salt. I ate the meat with my family and we were all very happy.”",onesimus_48E85B7F_Dec 09 output,,20.95999165316519,10.112817421599875,4.402515723270439
"Forty days later Noah opened a window to send out a raven, but it kept flying around until the water had dried up.",nseŋ lara nyiŋgbeŋ ashi kuloŋgboŋ na to n lɛ kowu nɛ k baa wɔtɔ a lɛa a lɛa a jo saŋɛ nɛ nchu na kikɛ nyam beeŋ feeto kasawule so kuraa.,"The sun rises over the hills, bringing light to the village, and the people gather to celebrate the harvest with songs and dances, thanking the ancestors for their blessings.",onesimus_48E85B7F_Dec 09 output,,18.223677993416562,10.112817421599875,4.402515723270439
"Lot answered, “You have done us a great favor, sir. You have saved our lives, but please don't make us go to the hills. That's too far away. The city will be destroyed before we can get there, and we will be killed when it happens.","N wu fanɛ ma asheŋ bɔlɔ fo kenishi, ŋkpal manɛ so, fo wora ma kelela ga m mɔlga ma ŋkpa, ama abee na ase wɔ kufɔ ga. Amoso pɔɛŋ nɛ n fo ndoŋ kusɔ ko beeŋ tiŋ n wora ma nɛ n wu.","If you do not work hard, you will have no food, you will go hungry, and you will die because you have nothing. Likewise, those who do not help others will be left alone.",onesimus_48E85B7F_Dec 09 output,,21.970349070933864,10.112817421599875,4.402515723270439
"Then he said to the servant in charge of the first herd, “When Esau meets you, he will ask whose servant you are. He will want to know where you are going and who owns those animals in front of you.","Kumo be kaman nɛ e kaŋɛ anya na to be emo nɛ e daŋ juŋkpar na fanɛ mo da Isɔɔ baŋ tu mo nseŋ bishi mo fanɛ, “Wanɛ be esa e la fo? Nnɛ nɛ fee yɔ? Wanɛ e wɔ asɔbɔya damta nɛ b juŋkpar fo ere kikɛ?”","If you are a man and you say that you have something to do with the matter, then why do you keep asking “What is this? What does it mean? Why are you always asking about it?”",onesimus_48E85B7F_Dec 09 output,,22.62489490566208,10.112817421599875,4.402515723270439
"Seir was from the Horite tribe that had lived in Edom before the time of Esau. The clans that had descended from him were Lotan, Shobal, Zibeon, Anah,","Seyir nɛ e la Horaiebi be esa na be mbinyɛnbi nɛ b daa wɔ efuli na so nde. Lotan nɛ Shobal nɛ Zibiɔn nɛ Ana,","These are the Horaiebi, the ancestors who live in the forest and the land. Lotan, Shobal, Zibiɔn, and Ana,",onesimus_48E85B7F_Dec 09 output,,30.255605002998415,10.112817421599875,4.402515723270439
"God gave them his blessing and said: Have a lot of children! Fill the earth with people and bring it under your control. Rule over the fish in the ocean, the birds in the sky, and every animal on the earth.",Ndoŋ nna nɛ Ebɔrɛ nɛfa bumo nseŋ kaŋɛ bumo le: “Men kurge n wora keshi n salga to n sɔ kasawule so kikɛ nsaa ji eleŋ kumo so. Men baa ji eleŋ ekɔrɔtɔ so nɛ mbuibi so nɛ asɔ gbeyeso kikɛ nyam so.”,"When I arrived at Ebore, I saw that: “I will not stay here any longer; I must go back to the place where my ancestors rest, for my heart belongs there, and I will return to the land of my forefathers.”",Dec 01 output,,20.357374762631142,10.112817421599875,4.402515723270439
"Forty days later Noah opened a window to send out a raven, but it kept flying around until the water had dried up.",nseŋ lara nyiŋgbeŋ ashi kuloŋgboŋ na to n lɛ kowu nɛ k baa wɔtɔ a lɛa a lɛa a jo saŋɛ nɛ nchu na kikɛ nyam beeŋ feeto kasawule so kuraa.,Unable to translate,Dec 01 output,,6.125339252097087,10.112817421599875,4.402515723270439
"Lot answered, “You have done us a great favor, sir. You have saved our lives, but please don't make us go to the hills. That's too far away. The city will be destroyed before we can get there, and we will be killed when it happens.","N wu fanɛ ma asheŋ bɔlɔ fo kenishi, ŋkpal manɛ so, fo wora ma kelela ga m mɔlga ma ŋkpa, ama abee na ase wɔ kufɔ ga. Amoso pɔɛŋ nɛ n fo ndoŋ kusɔ ko beeŋ tiŋ n wora ma nɛ n wu.","If you do not work hard, you will not have enough food, you will go hungry, and you will die.",Dec 01 output,,12.165900343582308,10.112817421599875,4.402515723270439
"Then he said to the servant in charge of the first herd, “When Esau meets you, he will ask whose servant you are. He will want to know where you are going and who owns those animals in front of you.","Kumo be kaman nɛ e kaŋɛ anya na to be emo nɛ e daŋ juŋkpar na fanɛ mo da Isɔɔ baŋ tu mo nseŋ bishi mo fanɛ, “Wanɛ be esa e la fo? Nnɛ nɛ fee yɔ? Wanɛ e wɔ asɔbɔya damta nɛ b juŋkpar fo ere kikɛ?”","If you are the one who is still here, what will you do now? Will you go to the market or stay at home?",Dec 01 output,,18.038851126599987,10.112817421599875,4.402515723270439
"Seir was from the Horite tribe that had lived in Edom before the time of Esau. The clans that had descended from him were Lotan, Shobal, Zibeon, Anah,","Seyir nɛ e la Horaiebi be esa na be mbinyɛnbi nɛ b daa wɔ efuli na so nde. Lotan nɛ Shobal nɛ Zibiɔn nɛ Ana,","Seyir and the Horaiebi are the ones who live in the forest and the river. Lotan, Shobal, Zibiɔn, and Ana.",Dec 01 output,,30.07451780910767,10.112817421599875,4.402515723270439
"God gave them his blessing and said: Have a lot of children! Fill the earth with people and bring it under your control. Rule over the fish in the ocean, the birds in the sky, and every animal on the earth.",Ndoŋ nna nɛ Ebɔrɛ nɛfa bumo nseŋ kaŋɛ bumo le: “Men kurge n wora keshi n salga to n sɔ kasawule so kikɛ nsaa ji eleŋ kumo so. Men baa ji eleŋ ekɔrɔtɔ so nɛ mbuibi so nɛ asɔ gbeyeso kikɛ nyam so.”,"The chief said, “I will not eat the meat because it is spoiled, so I will give it to the dog. I will also give the meat to the children and the elders because they are hungry.”",gerhardt_80805CFE_output_7z6RFo,,23.121918034717112,10.112817421599875,4.402515723270439
"Forty days later Noah opened a window to send out a raven, but it kept flying around until the water had dried up.",nseŋ lara nyiŋgbeŋ ashi kuloŋgboŋ na to n lɛ kowu nɛ k baa wɔtɔ a lɛa a lɛa a jo saŋɛ nɛ nchu na kikɛ nyam beeŋ feeto kasawule so kuraa.,Translation not available,gerhardt_80805CFE_output_7z6RFo,,7.075285231917432,10.112817421599875,4.402515723270439
"Lot answered, “You have done us a great favor, sir. You have saved our lives, but please don't make us go to the hills. That's too far away. The city will be destroyed before we can get there, and we will be killed when it happens.","N wu fanɛ ma asheŋ bɔlɔ fo kenishi, ŋkpal manɛ so, fo wora ma kelela ga m mɔlga ma ŋkpa, ama abee na ase wɔ kufɔ ga. Amoso pɔɛŋ nɛ n fo ndoŋ kusɔ ko beeŋ tiŋ n wora ma nɛ n wu.","If you want to eat the meat, first wash your hands, then cut it into pieces, and then cook it well. After that, serve it with soup and eat it.",gerhardt_80805CFE_output_7z6RFo,,16.088412840907782,10.112817421599875,4.402515723270439
"Then he said to the servant in charge of the first herd, “When Esau meets you, he will ask whose servant you are. He will want to know where you are going and who owns those animals in front of you.","Kumo be kaman nɛ e kaŋɛ anya na to be emo nɛ e daŋ juŋkpar na fanɛ mo da Isɔɔ baŋ tu mo nseŋ bishi mo fanɛ, “Wanɛ be esa e la fo? Nnɛ nɛ fee yɔ? Wanɛ e wɔ asɔbɔya damta nɛ b juŋkpar fo ere kikɛ?”","If you are a man and you have something you want to give to your child, you must ask, “What is this? Is it good? What do you think about it?”",gerhardt_80805CFE_output_7z6RFo,,19.730382609057354,10.112817421599875,4.402515723270439
"Seir was from the Horite tribe that had lived in Edom before the time of Esau. The clans that had descended from him were Lotan, Shobal, Zibeon, Anah,","Seyir nɛ e la Horaiebi be esa na be mbinyɛnbi nɛ b daa wɔ efuli na so nde. Lotan nɛ Shobal nɛ Zibiɔn nɛ Ana,","The story that the Horaeibi told about the children who were born in the village and so on. Lotan, Shobal, Zibiɔn, and Ana.",gerhardt_80805CFE_output_7z6RFo,,29.700228804748335,10.112817421599875,4.402515723270439
"God gave them his blessing and said: Have a lot of children! Fill the earth with people and bring it under your control. Rule over the fish in the ocean, the birds in the sky, and every animal on the earth.",Ndoŋ nna nɛ Ebɔrɛ nɛfa bumo nseŋ kaŋɛ bumo le: “Men kurge n wora keshi n salga to n sɔ kasawule so kikɛ nsaa ji eleŋ kumo so. Men baa ji eleŋ ekɔrɔtɔ so nɛ mbuibi so nɛ asɔ gbeyeso kikɛ nyam so.”,"The speaker says that they went to Ebɔrɛ and asked him to stay, explaining that they would not go to the market or sell their goods because they needed to take care of the children and the household, and that they would remain at home to look after the family.",output_JA-3,,25.64189724088876,10.112817421599875,4.402515723270439
"Forty days later Noah opened a window to send out a raven, but it kept flying around until the water had dried up.",nseŋ lara nyiŋgbeŋ ashi kuloŋgboŋ na to n lɛ kowu nɛ k baa wɔtɔ a lɛa a lɛa a jo saŋɛ nɛ nchu na kikɛ nyam beeŋ feeto kasawule so kuraa.,Translation not available,output_JA-3,,7.075285231917432,10.112817421599875,4.402515723270439
"Lot answered, “You have done us a great favor, sir. You have saved our lives, but please don't make us go to the hills. That's too far away. The city will be destroyed before we can get there, and we will be killed when it happens.","N wu fanɛ ma asheŋ bɔlɔ fo kenishi, ŋkpal manɛ so, fo wora ma kelela ga m mɔlga ma ŋkpa, ama abee na ase wɔ kufɔ ga. Amoso pɔɛŋ nɛ n fo ndoŋ kusɔ ko beeŋ tiŋ n wora ma nɛ n wu.",Translation unavailable,output_JA-3,,3.379700870586589,10.112817421599875,4.402515723270439
"Then he said to the servant in charge of the first herd, “When Esau meets you, he will ask whose servant you are. He will want to know where you are going and who owns those animals in front of you.","Kumo be kaman nɛ e kaŋɛ anya na to be emo nɛ e daŋ juŋkpar na fanɛ mo da Isɔɔ baŋ tu mo nseŋ bishi mo fanɛ, “Wanɛ be esa e la fo? Nnɛ nɛ fee yɔ? Wanɛ e wɔ asɔbɔya damta nɛ b juŋkpar fo ere kikɛ?”","What is this thing that is being said about the people who are coming from the north, and why are they being told to go to the place called Isɔɔ, and what do they say about the people there, “Why are they here? What do they want? Why are they staying in the house of the chief and not going to the market?”",output_JA-3,,25.607912546628437,10.112817421599875,4.402515723270439
"Seir was from the Horite tribe that had lived in Edom before the time of Esau. The clans that had descended from him were Lotan, Shobal, Zibeon, Anah,","Seyir nɛ e la Horaiebi be esa na be mbinyɛnbi nɛ b daa wɔ efuli na so nde. Lotan nɛ Shobal nɛ Zibiɔn nɛ Ana,","When the people of Horaiebi gathered together, Lotan, Shobal, Zibiɔn, and Ana were present.",output_JA-3,,25.455009154962067,10.112817421599875,4.402515723270439
"God gave them his blessing and said: Have a lot of children! Fill the earth with people and bring it under your control. Rule over the fish in the ocean, the birds in the sky, and every animal on the earth.",Ndoŋ nna nɛ Ebɔrɛ nɛfa bumo nseŋ kaŋɛ bumo le: “Men kurge n wora keshi n salga to n sɔ kasawule so kikɛ nsaa ji eleŋ kumo so. Men baa ji eleŋ ekɔrɔtɔ so nɛ mbuibi so nɛ asɔ gbeyeso kikɛ nyam so.”,"When I was at Ebore, I saw that: “I went to the river to fetch water and then I returned home to cook it. I also went to the forest to gather firewood and to collect herbs for medicine.”",Dec 06 output,,18.214121328237827,10.112817421599875,4.402515723270439
"Forty days later Noah opened a window to send out a raven, but it kept flying around until the water had dried up.",nseŋ lara nyiŋgbeŋ ashi kuloŋgboŋ na to n lɛ kowu nɛ k baa wɔtɔ a lɛa a lɛa a jo saŋɛ nɛ nchu na kikɛ nyam beeŋ feeto kasawule so kuraa.,Translation not available,Dec 06 output,,7.075285231917432,10.112817421599875,4.402515723270439
"Lot answered, “You have done us a great favor, sir. You have saved our lives, but please don't make us go to the hills. That's too far away. The city will be destroyed before we can get there, and we will be killed when it happens.","N wu fanɛ ma asheŋ bɔlɔ fo kenishi, ŋkpal manɛ so, fo wora ma kelela ga m mɔlga ma ŋkpa, ama abee na ase wɔ kufɔ ga. Amoso pɔɛŋ nɛ n fo ndoŋ kusɔ ko beeŋ tiŋ n wora ma nɛ n wu.","The people gathered at the riverbank, and the children played while the elders sang songs, and the sun set behind the hills, bringing peace to the village.",Dec 06 output,,21.67903963251147,10.112817421599875,4.402515723270439
"Then he said to the servant in charge of the first herd, “When Esau meets you, he will ask whose servant you are. He will want to know where you are going and who owns those animals in front of you.","Kumo be kaman nɛ e kaŋɛ anya na to be emo nɛ e daŋ juŋkpar na fanɛ mo da Isɔɔ baŋ tu mo nseŋ bishi mo fanɛ, “Wanɛ be esa e la fo? Nnɛ nɛ fee yɔ? Wanɛ e wɔ asɔbɔya damta nɛ b juŋkpar fo ere kikɛ?”","If you are a man and you have a child you love and want to give a name to, what will you call him? What does it mean? What is the significance of the name you will give him?",Dec 06 output,,23.720645414733028,10.112817421599875,4.402515723270439
"Seir was from the Horite tribe that had lived in Edom before the time of Esau. The clans that had descended from him were Lotan, Shobal, Zibeon, Anah,","Seyir nɛ e la Horaiebi be esa na be mbinyɛnbi nɛ b daa wɔ efuli na so nde. Lotan nɛ Shobal nɛ Zibiɔn nɛ Ana,",Translation not available,Dec 06 output,,5.359014486990858,10.112817421599875,4.402515723270439
"God gave them his blessing and said: Have a lot of children! Fill the earth with people and bring it under your control. Rule over the fish in the ocean, the birds in the sky, and every animal on the earth.",Ndoŋ nna nɛ Ebɔrɛ nɛfa bumo nseŋ kaŋɛ bumo le: “Men kurge n wora keshi n salga to n sɔ kasawule so kikɛ nsaa ji eleŋ kumo so. Men baa ji eleŋ ekɔrɔtɔ so nɛ mbuibi so nɛ asɔ gbeyeso kikɛ nyam so.”,When I arrived at Ebore I heard someone say: “I will not go to the farm because the rain is heavy and the road is slippery. I will stay at home and wait for the storm to pass.”,onesimus_C6D92021_Dec 02 output,,20.722872122211346,10.112817421599875,4.402515723270439
"Forty days later Noah opened a window to send out a raven, but it kept flying around until the water had dried up.",nseŋ lara nyiŋgbeŋ ashi kuloŋgboŋ na to n lɛ kowu nɛ k baa wɔtɔ a lɛa a lɛa a jo saŋɛ nɛ nchu na kikɛ nyam beeŋ feeto kasawule so kuraa.,Translation not available,onesimus_C6D92021_Dec 02 output,,7.075285231917432,10.112817421599875,4.402515723270439
"Lot answered, “You have done us a great favor, sir. You have saved our lives, but please don't make us go to the hills. That's too far away. The city will be destroyed before we can get there, and we will be killed when it happens.","N wu fanɛ ma asheŋ bɔlɔ fo kenishi, ŋkpal manɛ so, fo wora ma kelela ga m mɔlga ma ŋkpa, ama abee na ase wɔ kufɔ ga. Amoso pɔɛŋ nɛ n fo ndoŋ kusɔ ko beeŋ tiŋ n wora ma nɛ n wu.","If you do not work hard, you will have nothing to eat, you will go hungry, and you will die.",onesimus_C6D92021_Dec 02 output,,12.284101175526338,10.112817421599875,4.402515723270439
"Then he said to the servant in charge of the first herd, “When Esau meets you, he will ask whose servant you are. He will want to know where you are going and who owns those animals in front of you.","Kumo be kaman nɛ e kaŋɛ anya na to be emo nɛ e daŋ juŋkpar na fanɛ mo da Isɔɔ baŋ tu mo nseŋ bishi mo fanɛ, “Wanɛ be esa e la fo? Nnɛ nɛ fee yɔ? Wanɛ e wɔ asɔbɔya damta nɛ b juŋkpar fo ere kikɛ?”","If you are like this and you say you won’t go to the market tomorrow because you’re sick, what will you do? Are you alright? What will you tell the chief about the market?",onesimus_C6D92021_Dec 02 output,,22.301728722891827,10.112817421599875,4.402515723270439
"Seir was from the Horite tribe that had lived in Edom before the time of Esau. The clans that had descended from him were Lotan, Shobal, Zibeon, Anah,","Seyir nɛ e la Horaiebi be esa na be mbinyɛnbi nɛ b daa wɔ efuli na so nde. Lotan nɛ Shobal nɛ Zibiɔn nɛ Ana,","The story that the Horaiebi were with their children and they went to the market. Lotan, Shobal, Zibiɔn, and Ana...",onesimus_C6D92021_Dec 02 output,,29.104151329161603,10.112817421599875,4.402515723270439
"God gave them his blessing and said: Have a lot of children! Fill the earth with people and bring it under your control. Rule over the fish in the ocean, the birds in the sky, and every animal on the earth.",Ndoŋ nna nɛ Ebɔrɛ nɛfa bumo nseŋ kaŋɛ bumo le: “Men kurge n wora keshi n salga to n sɔ kasawule so kikɛ nsaa ji eleŋ kumo so. Men baa ji eleŋ ekɔrɔtɔ so nɛ mbuibi so nɛ asɔ gbeyeso kikɛ nyam so.”,"When I was at Ebore, I heard someone say: “I will not go to the market and sell my goods unless I first pray to the ancestors for protection. I will only trade after I have received the blessing of the spirits and the approval of the elders.”",Jan output 1 ,,25.819711792030702,10.112817421599875,4.402515723270439
"Forty days later Noah opened a window to send out a raven, but it kept flying around until the water had dried up.",nseŋ lara nyiŋgbeŋ ashi kuloŋgboŋ na to n lɛ kowu nɛ k baa wɔtɔ a lɛa a lɛa a jo saŋɛ nɛ nchu na kikɛ nyam beeŋ feeto kasawule so kuraa.,Translation not available,Jan output 1 ,,7.075285231917432,10.112817421599875,4.402515723270439
"Lot answered, “You have done us a great favor, sir. You have saved our lives, but please don't make us go to the hills. That's too far away. The city will be destroyed before we can get there, and we will be killed when it happens.","N wu fanɛ ma asheŋ bɔlɔ fo kenishi, ŋkpal manɛ so, fo wora ma kelela ga m mɔlga ma ŋkpa, ama abee na ase wɔ kufɔ ga. Amoso pɔɛŋ nɛ n fo ndoŋ kusɔ ko beeŋ tiŋ n wora ma nɛ n wu.","Tomorrow I will go to the market; if it rains I will stay at home, but if it is sunny I will go to the farm. However, we must be careful because the road is slippery.",Jan output 1 ,,20.463604170850143,10.112817421599875,4.402515723270439
"Then he said to the servant in charge of the first herd, “When Esau meets you, he will ask whose servant you are. He will want to know where you are going and who owns those animals in front of you.","Kumo be kaman nɛ e kaŋɛ anya na to be emo nɛ e daŋ juŋkpar na fanɛ mo da Isɔɔ baŋ tu mo nseŋ bishi mo fanɛ, “Wanɛ be esa e la fo? Nnɛ nɛ fee yɔ? Wanɛ e wɔ asɔbɔya damta nɛ b juŋkpar fo ere kikɛ?”","What is happening now that we have to stay here until the night comes, and then we will go to Isɔɔ, and you will say, “Why are you here? What do you want? Why are you staying in this place and not moving on?”",Jan output 1 ,,24.991148275921756,10.112817421599875,4.402515723270439
"Seir was from the Horite tribe that had lived in Edom before the time of Esau. The clans that had descended from him were Lotan, Shobal, Zibeon, Anah,","Seyir nɛ e la Horaiebi be esa na be mbinyɛnbi nɛ b daa wɔ efuli na so nde. Lotan nɛ Shobal nɛ Zibiɔn nɛ Ana,",,Jan output 1 ,,,10.112817421599875,4.402515723270439
"God gave them his blessing and said: Have a lot of children! Fill the earth with people and bring it under your control. Rule over the fish in the ocean, the birds in the sky, and every animal on the earth.",Ndoŋ nna nɛ Ebɔrɛ nɛfa bumo nseŋ kaŋɛ bumo le: “Men kurge n wora keshi n salga to n sɔ kasawule so kikɛ nsaa ji eleŋ kumo so. Men baa ji eleŋ ekɔrɔtɔ so nɛ mbuibi so nɛ asɔ gbeyeso kikɛ nyam so.”,"The chief of Ebɔrɛ told the people: “I will not allow any more bloodshed or war, for the sake of peace and unity among us. I will bring the people together and work for the prosperity and well‑being of our community.”",onesimus_5B146D14_Dec 05 output,,25.18207411114831,10.112817421599875,4.402515723270439
"Forty days later Noah opened a window to send out a raven, but it kept flying around until the water had dried up.",nseŋ lara nyiŋgbeŋ ashi kuloŋgboŋ na to n lɛ kowu nɛ k baa wɔtɔ a lɛa a lɛa a jo saŋɛ nɛ nchu na kikɛ nyam beeŋ feeto kasawule so kuraa.,Translation not available,onesimus_5B146D14_Dec 05 output,,7.075285231917432,10.112817421599875,4.402515723270439
"Lot answered, “You have done us a great favor, sir. You have saved our lives, but please don't make us go to the hills. That's too far away. The city will be destroyed before we can get there, and we will be killed when it happens.","N wu fanɛ ma asheŋ bɔlɔ fo kenishi, ŋkpal manɛ so, fo wora ma kelela ga m mɔlga ma ŋkpa, ama abee na ase wɔ kufɔ ga. Amoso pɔɛŋ nɛ n fo ndoŋ kusɔ ko beeŋ tiŋ n wora ma nɛ n wu.",Translation not available,onesimus_5B146D14_Dec 05 output,,3.8127551147518215,10.112817421599875,4.402515723270439
"Then he said to the servant in charge of the first herd, “When Esau meets you, he will ask whose servant you are. He will want to know where you are going and who owns those animals in front of you.","Kumo be kaman nɛ e kaŋɛ anya na to be emo nɛ e daŋ juŋkpar na fanɛ mo da Isɔɔ baŋ tu mo nseŋ bishi mo fanɛ, “Wanɛ be esa e la fo? Nnɛ nɛ fee yɔ? Wanɛ e wɔ asɔbɔya damta nɛ b juŋkpar fo ere kikɛ?”","If you have something and you want to know what to do with it, you should ask, “What is this for? What does it mean? How can we use it in our daily lives?”",onesimus_5B146D14_Dec 05 output,,24.37086538322574,10.112817421599875,4.402515723270439
"Seir was from the Horite tribe that had lived in Edom before the time of Esau. The clans that had descended from him were Lotan, Shobal, Zibeon, Anah,","Seyir nɛ e la Horaiebi be esa na be mbinyɛnbi nɛ b daa wɔ efuli na so nde. Lotan nɛ Shobal nɛ Zibiɔn nɛ Ana,","When the Horaiebi were there, they saw many children playing in the field. Lotan, Shobal, Zibiɔn, and Ana,",onesimus_5B146D14_Dec 05 output,,27.302744661605395,10.112817421599875,4.402515723270439
"God gave them his blessing and said: Have a lot of children! Fill the earth with people and bring it under your control. Rule over the fish in the ocean, the birds in the sky, and every animal on the earth.",Ndoŋ nna nɛ Ebɔrɛ nɛfa bumo nseŋ kaŋɛ bumo le: “Men kurge n wora keshi n salga to n sɔ kasawule so kikɛ nsaa ji eleŋ kumo so. Men baa ji eleŋ ekɔrɔtɔ so nɛ mbuibi so nɛ asɔ gbeyeso kikɛ nyam so.”,When I was at Ebore I saw a man saying: “I will not go to the market because I have no money to buy food. I will stay at home and eat what I have.”,gerhardt_428C0151_output_jQjr1f,,14.84306752008252,10.112817421599875,4.402515723270439
"Forty days later Noah opened a window to send out a raven, but it kept flying around until the water had dried up.",nseŋ lara nyiŋgbeŋ ashi kuloŋgboŋ na to n lɛ kowu nɛ k baa wɔtɔ a lɛa a lɛa a jo saŋɛ nɛ nchu na kikɛ nyam beeŋ feeto kasawule so kuraa.,"When the sun rises over the hills, the people go to the market and bring food and drink for the celebration.",gerhardt_428C0151_output_jQjr1f,,19.09333280687425,10.112817421599875,4.402515723270439
"Lot answered, “You have done us a great favor, sir. You have saved our lives, but please don't make us go to the hills. That's too far away. The city will be destroyed before we can get there, and we will be killed when it happens.","N wu fanɛ ma asheŋ bɔlɔ fo kenishi, ŋkpal manɛ so, fo wora ma kelela ga m mɔlga ma ŋkpa, ama abee na ase wɔ kufɔ ga. Amoso pɔɛŋ nɛ n fo ndoŋ kusɔ ko beeŋ tiŋ n wora ma nɛ n wu.","If you do not work hard, you will have no food, you will be poor, and you will die hungry; likewise, those who do not help others will be left alone.",gerhardt_428C0151_output_jQjr1f,,20.177368765450396,10.112817421599875,4.402515723270439
"Then he said to the servant in charge of the first herd, “When Esau meets you, he will ask whose servant you are. He will want to know where you are going and who owns those animals in front of you.","Kumo be kaman nɛ e kaŋɛ anya na to be emo nɛ e daŋ juŋkpar na fanɛ mo da Isɔɔ baŋ tu mo nseŋ bishi mo fanɛ, “Wanɛ be esa e la fo? Nnɛ nɛ fee yɔ? Wanɛ e wɔ asɔbɔya damta nɛ b juŋkpar fo ere kikɛ?”","What is happening now that we are all gathered here at this place, and why are we being told that we must go to Isɔɔ and bring back the things they ask for, “Do you understand what this means? What will happen next? Do you have any questions about the instructions they gave?”",gerhardt_428C0151_output_jQjr1f,,24.225446451324885,10.112817421599875,4.402515723270439
"Seir was from the Horite tribe that had lived in Edom before the time of Esau. The clans that had descended from him were Lotan, Shobal, Zibeon, Anah,","Seyir nɛ e la Horaiebi be esa na be mbinyɛnbi nɛ b daa wɔ efuli na so nde. Lotan nɛ Shobal nɛ Zibiɔn nɛ Ana,","When the Horaiebi people arrived, they brought their children and stayed at the house for a while. Lotan, Shobal, Zibiɔn, and Ana",gerhardt_428C0151_output_jQjr1f,,30.039559282008955,10.112817421599875,4.402515723270439
"God gave them his blessing and said: Have a lot of children! Fill the earth with people and bring it under your control. Rule over the fish in the ocean, the birds in the sky, and every animal on the earth.",Ndoŋ nna nɛ Ebɔrɛ nɛfa bumo nseŋ kaŋɛ bumo le: “Men kurge n wora keshi n salga to n sɔ kasawule so kikɛ nsaa ji eleŋ kumo so. Men baa ji eleŋ ekɔrɔtɔ so nɛ mbuibi so nɛ asɔ gbeyeso kikɛ nyam so.”,I went to Ebore and saw that: “I will not eat the meat because it is not properly cooked. I will go to the kitchen and ask the woman to prepare it again.”,gerhardt_E4DFEBFE_output_T8d1lo,,17.443536631952274,10.112817421599875,4.402515723270439
"Forty days later Noah opened a window to send out a raven, but it kept flying around until the water had dried up.",nseŋ lara nyiŋgbeŋ ashi kuloŋgboŋ na to n lɛ kowu nɛ k baa wɔtɔ a lɛa a lɛa a jo saŋɛ nɛ nchu na kikɛ nyam beeŋ feeto kasawule so kuraa.,Translation not available,gerhardt_E4DFEBFE_output_T8d1lo,,7.075285231917432,10.112817421599875,4.402515723270439
"Lot answered, “You have done us a great favor, sir. You have saved our lives, but please don't make us go to the hills. That's too far away. The city will be destroyed before we can get there, and we will be killed when it happens.","N wu fanɛ ma asheŋ bɔlɔ fo kenishi, ŋkpal manɛ so, fo wora ma kelela ga m mɔlga ma ŋkpa, ama abee na ase wɔ kufɔ ga. Amoso pɔɛŋ nɛ n fo ndoŋ kusɔ ko beeŋ tiŋ n wora ma nɛ n wu.","If you do not work hard, you will have little food and will go hungry, and your children will suffer. Likewise, those who do not help others will end up alone.",gerhardt_E4DFEBFE_output_T8d1lo,,20.88678680731837,10.112817421599875,4.402515723270439
"Then he said to the servant in charge of the first herd, “When Esau meets you, he will ask whose servant you are. He will want to know where you are going and who owns those animals in front of you.","Kumo be kaman nɛ e kaŋɛ anya na to be emo nɛ e daŋ juŋkpar na fanɛ mo da Isɔɔ baŋ tu mo nseŋ bishi mo fanɛ, “Wanɛ be esa e la fo? Nnɛ nɛ fee yɔ? Wanɛ e wɔ asɔbɔya damta nɛ b juŋkpar fo ere kikɛ?”",What is the meaning of this sentence? Who is speaking? What is the context of the conversation?,gerhardt_E4DFEBFE_output_T8d1lo,,14.479801372642337,10.112817421599875,4.402515723270439
"Seir was from the Horite tribe that had lived in Edom before the time of Esau. The clans that had descended from him were Lotan, Shobal, Zibeon, Anah,","Seyir nɛ e la Horaiebi be esa na be mbinyɛnbi nɛ b daa wɔ efuli na so nde. Lotan nɛ Shobal nɛ Zibiɔn nɛ Ana,","The people of Horaiebi are gathering together at the riverbank, and they will stay there until the sun sets. Lotan, Shobal, Zibiɔn, and Ana are also present.",gerhardt_E4DFEBFE_output_T8d1lo,,28.76077054901161,10.112817421599875,4.402515723270439
"God gave them his blessing and said: Have a lot of children! Fill the earth with people and bring it under your control. Rule over the fish in the ocean, the birds in the sky, and every animal on the earth.",Ndoŋ nna nɛ Ebɔrɛ nɛfa bumo nseŋ kaŋɛ bumo le: “Men kurge n wora keshi n salga to n sɔ kasawule so kikɛ nsaa ji eleŋ kumo so. Men baa ji eleŋ ekɔrɔtɔ so nɛ mbuibi so nɛ asɔ gbeyeso kikɛ nyam so.”,"When I was at Ebore, I heard someone say: “I will not go to the market and sell my goods unless I first pray to the ancestors for protection. I will only trade after I have received the blessing of the spirits and the approval of the elders.”",onesimus_4838858E_Jan output 1 ,,25.819711792030702,10.112817421599875,4.402515723270439
"Forty days later Noah opened a window to send out a raven, but it kept flying around until the water had dried up.",nseŋ lara nyiŋgbeŋ ashi kuloŋgboŋ na to n lɛ kowu nɛ k baa wɔtɔ a lɛa a lɛa a jo saŋɛ nɛ nchu na kikɛ nyam beeŋ feeto kasawule so kuraa.,Translation not available,onesimus_4838858E_Jan output 1 ,,7.075285231917432,10.112817421599875,4.402515723270439
"Lot answered, “You have done us a great favor, sir. You have saved our lives, but please don't make us go to the hills. That's too far away. The city will be destroyed before we can get there, and we will be killed when it happens.","N wu fanɛ ma asheŋ bɔlɔ fo kenishi, ŋkpal manɛ so, fo wora ma kelela ga m mɔlga ma ŋkpa, ama abee na ase wɔ kufɔ ga. Amoso pɔɛŋ nɛ n fo ndoŋ kusɔ ko beeŋ tiŋ n wora ma nɛ n wu.","Tomorrow I will go to the market; if it rains I will stay at home, but if it is sunny I will go to the farm. However, we must be careful because the road is slippery.",onesimus_4838858E_Jan output 1 ,,20.463604170850143,10.112817421599875,4.402515723270439
"Then he said to the servant in charge of the first herd, “When Esau meets you, he will ask whose servant you are. He will want to know where you are going and who owns those animals in front of you.","Kumo be kaman nɛ e kaŋɛ anya na to be emo nɛ e daŋ juŋkpar na fanɛ mo da Isɔɔ baŋ tu mo nseŋ bishi mo fanɛ, “Wanɛ be esa e la fo? Nnɛ nɛ fee yɔ? Wanɛ e wɔ asɔbɔya damta nɛ b juŋkpar fo ere kikɛ?”","What is happening now that we have to stay here until the night comes, and then we will go to Isɔɔ, and you will say, “Why are you here? What do you want? Why are you staying in this place and not moving on?”",onesimus_4838858E_Jan output 1 ,,24.991148275921756,10.112817421599875,4.402515723270439
"Seir was from the Horite tribe that had lived in Edom before the time of Esau. The clans that had descended from him were Lotan, Shobal, Zibeon, Anah,","Seyir nɛ e la Horaiebi be esa na be mbinyɛnbi nɛ b daa wɔ efuli na so nde. Lotan nɛ Shobal nɛ Zibiɔn nɛ Ana,",,onesimus_4838858E_Jan output 1 ,,,10.112817421599875,4.402515723270439
"God gave them his blessing and said: Have a lot of children! Fill the earth with people and bring it under your control. Rule over the fish in the ocean, the birds in the sky, and every animal on the earth.",Ndoŋ nna nɛ Ebɔrɛ nɛfa bumo nseŋ kaŋɛ bumo le: “Men kurge n wora keshi n salga to n sɔ kasawule so kikɛ nsaa ji eleŋ kumo so. Men baa ji eleŋ ekɔrɔtɔ so nɛ mbuibi so nɛ asɔ gbeyeso kikɛ nyam so.”,"The elder of the village said: “I will go to the river and bring water for the children, then we will gather at the big tree to discuss the plans for the harvest. After that, we will return to the homes and share the food with everyone.”",gerhardt_2F3FAF10_output (1),,30.890391085508256,10.112817421599875,4.402515723270439
"Forty days later Noah opened a window to send out a raven, but it kept flying around until the water had dried up.",nseŋ lara nyiŋgbeŋ ashi kuloŋgboŋ na to n lɛ kowu nɛ k baa wɔtɔ a lɛa a lɛa a jo saŋɛ nɛ nchu na kikɛ nyam beeŋ feeto kasawule so kuraa.,Unable to translate,gerhardt_2F3FAF10_output (1),,6.125339252097087,10.112817421599875,4.402515723270439
"Lot answered, “You have done us a great favor, sir. You have saved our lives, but please don't make us go to the hills. That's too far away. The city will be destroyed before we can get there, and we will be killed when it happens.","N wu fanɛ ma asheŋ bɔlɔ fo kenishi, ŋkpal manɛ so, fo wora ma kelela ga m mɔlga ma ŋkpa, ama abee na ase wɔ kufɔ ga. Amoso pɔɛŋ nɛ n fo ndoŋ kusɔ ko beeŋ tiŋ n wora ma nɛ n wu.","If you do not work hard, you will not have food, you will be hungry, and you will die; therefore, you must keep striving and never give up.",gerhardt_2F3FAF10_output (1),,19.16741828504958,10.112817421599875,4.402515723270439
"Then he said to the servant in charge of the first herd, “When Esau meets you, he will ask whose servant you are. He will want to know where you are going and who owns those animals in front of you.","Kumo be kaman nɛ e kaŋɛ anya na to be emo nɛ e daŋ juŋkpar na fanɛ mo da Isɔɔ baŋ tu mo nseŋ bishi mo fanɛ, “Wanɛ be esa e la fo? Nnɛ nɛ fee yɔ? Wanɛ e wɔ asɔbɔya damta nɛ b juŋkpar fo ere kikɛ?”","If you are a man who says you have come to the chief’s place and Isɔɔ tells you to go and ask, “What is this? What is happening? Why are you in the market and what is this?”",gerhardt_2F3FAF10_output (1),,24.218969766363603,10.112817421599875,4.402515723270439
"Seir was from the Horite tribe that had lived in Edom before the time of Esau. The clans that had descended from him were Lotan, Shobal, Zibeon, Anah,","Seyir nɛ e la Horaiebi be esa na be mbinyɛnbi nɛ b daa wɔ efuli na so nde. Lotan nɛ Shobal nɛ Zibiɔn nɛ Ana,","The day the Horaiebi arrived, they gathered together at the riverbank, and Lotan, Shobal, Zibiɔn, and Ana were present.",gerhardt_2F3FAF10_output (1),,29.422839423854413,10.112817421599875,4.402515723270439
"God gave them his blessing and said: Have a lot of children! Fill the earth with people and bring it under your control. Rule over the fish in the ocean, the birds in the sky, and every animal on the earth.",Ndoŋ nna nɛ Ebɔrɛ nɛfa bumo nseŋ kaŋɛ bumo le: “Men kurge n wora keshi n salga to n sɔ kasawule so kikɛ nsaa ji eleŋ kumo so. Men baa ji eleŋ ekɔrɔtɔ so nɛ mbuibi so nɛ asɔ gbeyeso kikɛ nyam so.”,"When I was at Ebore, I saw that: “I went to the river to fetch water and then I returned home to cook it. I also went to the forest to gather firewood and to collect herbs for medicine.”",onesimus_778C5456_Dec 06 output,,18.214121328237827,10.112817421599875,4.402515723270439
"Forty days later Noah opened a window to send out a raven, but it kept flying around until the water had dried up.",nseŋ lara nyiŋgbeŋ ashi kuloŋgboŋ na to n lɛ kowu nɛ k baa wɔtɔ a lɛa a lɛa a jo saŋɛ nɛ nchu na kikɛ nyam beeŋ feeto kasawule so kuraa.,Translation not available,onesimus_778C5456_Dec 06 output,,7.075285231917432,10.112817421599875,4.402515723270439
"Lot answered, “You have done us a great favor, sir. You have saved our lives, but please don't make us go to the hills. That's too far away. The city will be destroyed before we can get there, and we will be killed when it happens.","N wu fanɛ ma asheŋ bɔlɔ fo kenishi, ŋkpal manɛ so, fo wora ma kelela ga m mɔlga ma ŋkpa, ama abee na ase wɔ kufɔ ga. Amoso pɔɛŋ nɛ n fo ndoŋ kusɔ ko beeŋ tiŋ n wora ma nɛ n wu.","The people gathered at the riverbank, and the children played while the elders sang songs, and the sun set behind the hills, bringing peace to the village.",onesimus_778C5456_Dec 06 output,,21.67903963251147,10.112817421599875,4.402515723270439
"Then he said to the servant in charge of the first herd, “When Esau meets you, he will ask whose servant you are. He will want to know where you are going and who owns those animals in front of you.","Kumo be kaman nɛ e kaŋɛ anya na to be emo nɛ e daŋ juŋkpar na fanɛ mo da Isɔɔ baŋ tu mo nseŋ bishi mo fanɛ, “Wanɛ be esa e la fo? Nnɛ nɛ fee yɔ? Wanɛ e wɔ asɔbɔya damta nɛ b juŋkpar fo ere kikɛ?”","If you are a man and you have a child you love and want to give a name to, what will you call him? What does it mean? What is the significance of the name you will give him?",onesimus_778C5456_Dec 06 output,,23.720645414733028,10.112817421599875,4.402515723270439
"Seir was from the Horite tribe that had lived in Edom before the time of Esau. The clans that had descended from him were Lotan, Shobal, Zibeon, Anah,","Seyir nɛ e la Horaiebi be esa na be mbinyɛnbi nɛ b daa wɔ efuli na so nde. Lotan nɛ Shobal nɛ Zibiɔn nɛ Ana,",Translation not available,onesimus_778C5456_Dec 06 output,,5.359014486990858,10.112817421599875,4.402515723270439
"God gave them his blessing and said: Have a lot of children! Fill the earth with people and bring it under your control. Rule over the fish in the ocean, the birds in the sky, and every animal on the earth.",Ndoŋ nna nɛ Ebɔrɛ nɛfa bumo nseŋ kaŋɛ bumo le: “Men kurge n wora keshi n salga to n sɔ kasawule so kikɛ nsaa ji eleŋ kumo so. Men baa ji eleŋ ekɔrɔtɔ so nɛ mbuibi so nɛ asɔ gbeyeso kikɛ nyam so.”,"The chief said that he would not go back to the place because the road was very difficult, and that he would stay there to work on the farm, the garden, and the house.",gerhardt_E3C23636_output_AHjhdB,,21.490414621005723,10.112817421599875,4.402515723270439
"Forty days later Noah opened a window to send out a raven, but it kept flying around until the water had dried up.",nseŋ lara nyiŋgbeŋ ashi kuloŋgboŋ na to n lɛ kowu nɛ k baa wɔtɔ a lɛa a lɛa a jo saŋɛ nɛ nchu na kikɛ nyam beeŋ feeto kasawule so kuraa.,Unable to translate the provided Gonja text.,gerhardt_E3C23636_output_AHjhdB,,11.374791172356545,10.112817421599875,4.402515723270439
"Lot answered, “You have done us a great favor, sir. You have saved our lives, but please don't make us go to the hills. That's too far away. The city will be destroyed before we can get there, and we will be killed when it happens.","N wu fanɛ ma asheŋ bɔlɔ fo kenishi, ŋkpal manɛ so, fo wora ma kelela ga m mɔlga ma ŋkpa, ama abee na ase wɔ kufɔ ga. Amoso pɔɛŋ nɛ n fo ndoŋ kusɔ ko beeŋ tiŋ n wora ma nɛ n wu.",Translation not available,gerhardt_E3C23636_output_AHjhdB,,3.8127551147518215,10.112817421599875,4.402515723270439
"Then he said to the servant in charge of the first herd, “When Esau meets you, he will ask whose servant you are. He will want to know where you are going and who owns those animals in front of you.","Kumo be kaman nɛ e kaŋɛ anya na to be emo nɛ e daŋ juŋkpar na fanɛ mo da Isɔɔ baŋ tu mo nseŋ bishi mo fanɛ, “Wanɛ be esa e la fo? Nnɛ nɛ fee yɔ? Wanɛ e wɔ asɔbɔya damta nɛ b juŋkpar fo ere kikɛ?”","If you are still here, please let us know what you think about this message and whether you have any questions or comments.",gerhardt_E3C23636_output_AHjhdB,,21.84447396718905,10.112817421599875,4.402515723270439
"Seir was from the Horite tribe that had lived in Edom before the time of Esau. The clans that had descended from him were Lotan, Shobal, Zibeon, Anah,","Seyir nɛ e la Horaiebi be esa na be mbinyɛnbi nɛ b daa wɔ efuli na so nde. Lotan nɛ Shobal nɛ Zibiɔn nɛ Ana,","The Horaiebi people are gathering together at the riverbank, while Lotan, Shobal, Zibiɔn, and Ana watch.",gerhardt_E3C23636_output_AHjhdB,,28.156860916307586,10.112817421599875,4.402515723270439
"God gave them his blessing and said: Have a lot of children! Fill the earth with people and bring it under your control. Rule over the fish in the ocean, the birds in the sky, and every animal on the earth.",Ndoŋ nna nɛ Ebɔrɛ nɛfa bumo nseŋ kaŋɛ bumo le: “Men kurge n wora keshi n salga to n sɔ kasawule so kikɛ nsaa ji eleŋ kumo so. Men baa ji eleŋ ekɔrɔtɔ so nɛ mbuibi so nɛ asɔ gbeyeso kikɛ nyam so.”,"When I arrived at Ebore, I heard someone say: “I will not go back to the place where the fire burned, because the ashes are still hot. I will stay here and protect the people from the heat.”",Dec 12 output,,21.9081172444163,10.112817421599875,4.402515723270439
"Forty days later Noah opened a window to send out a raven, but it kept flying around until the water had dried up.",nseŋ lara nyiŋgbeŋ ashi kuloŋgboŋ na to n lɛ kowu nɛ k baa wɔtɔ a lɛa a lɛa a jo saŋɛ nɛ nchu na kikɛ nyam beeŋ feeto kasawule so kuraa.,,Dec 12 output,,,10.112817421599875,4.402515723270439
"Lot answered, “You have done us a great favor, sir. You have saved our lives, but please don't make us go to the hills. That's too far away. The city will be destroyed before we can get there, and we will be killed when it happens.","N wu fanɛ ma asheŋ bɔlɔ fo kenishi, ŋkpal manɛ so, fo wora ma kelela ga m mɔlga ma ŋkpa, ama abee na ase wɔ kufɔ ga. Amoso pɔɛŋ nɛ n fo ndoŋ kusɔ ko beeŋ tiŋ n wora ma nɛ n wu.","If you do not work hard, you will have no food, you will be hungry, and you will die.",Dec 12 output,,12.181556722769619,10.112817421599875,4.402515723270439
"Then he said to the servant in charge of the first herd, “When Esau meets you, he will ask whose servant you are. He will want to know where you are going and who owns those animals in front of you.","Kumo be kaman nɛ e kaŋɛ anya na to be emo nɛ e daŋ juŋkpar na fanɛ mo da Isɔɔ baŋ tu mo nseŋ bishi mo fanɛ, “Wanɛ be esa e la fo? Nnɛ nɛ fee yɔ? Wanɛ e wɔ asɔbɔya damta nɛ b juŋkpar fo ere kikɛ?”","If you are saying that you have something that you are doing, then why are you still here? What is it that you want? What is the problem you are facing?",Dec 12 output,,23.016572587480233,10.112817421599875,4.402515723270439
"Seir was from the Horite tribe that had lived in Edom before the time of Esau. The clans that had descended from him were Lotan, Shobal, Zibeon, Anah,","Seyir nɛ e la Horaiebi be esa na be mbinyɛnbi nɛ b daa wɔ efuli na so nde. Lotan nɛ Shobal nɛ Zibiɔn nɛ Ana,","When the night falls and the stars appear in the sky, Lotan, Shobal, Zibiɔn, and Ana gather together.",Dec 12 output,,24.300576187004193,10.112817421599875,4.402515723270439
Tell my father about my great power here in Egypt and about everything you have seen. Hurry and bring him here.,Men kaŋɛ n tuto bunyaŋ nɛ b kɔ a sa ma Ijipt nfe nseŋ kaŋɛ mo kusɔ kama nyam nɛ men wu nfe ere be asheŋ nseŋ bar n tuto nfe manaŋ.”,"I went to Egypt and saw that the people there are different, but I remain the same as before.",nsanku_output_kcn,0.34252495,21.677895554315675,10.112817421599875,4.402515723270439
"But you warned us that we could never see you again, unless our youngest brother came with us.","Ndoŋ nna nɛ fo kaŋɛ anyi, fo anya le: ‘Nɛ men sipobi na baa maŋ tu menyi m ba, ma nɛ menyi maaŋ wu abar.’","When we were young, we used to say: “I will not eat that again because it makes me sick, and I will never eat it again.”",nsanku_output_kcn,0.2829762,24.22941338482211,10.112817421599875,4.402515723270439
"To the surprise of Joseph's brothers, they were seated in front of him according to their ages, from the oldest to the youngest.",B daŋ shin nna nɛ Josɛf mo daana na chena n chena m bɛ abar so kenimu kenimuso loŋ n ya fo bumo be ekekarso. Nɛ kumo be loŋ chinchiŋ bumo nɛ b keni ŋ keni abar.,"I'm here now; Joseph is my brother, and his children and I will go to the market tomorrow to buy some things. It is also necessary that we bring water and food.",nsanku_output_kcn,0.21727723,25.963851914673334,10.112817421599875,4.402515723270439
"But the shepherds of Gerar Valley quarreled with Isaac's shepherds and claimed the water belonged to them. So this well was named “Quarrel,” because they had quarreled with Isaac.",Ama k maŋ chɛr ko nɛ Gerar be asɔbɔya kpapoana nɛ Aizek be asɔbɔya kpapoana fara a dii abar so. Gerarebi be asɔbɔyakpapoana na daa kaŋɛ nna fanɛ nchu na la bumoya nna. Ndoŋ nna nɛ Aizek nase kaboŋ na Esɛk ŋkpal kɔnɔgberge nɛ b daŋ nya ndoŋ na so so.,In the morning Gerar and Aizek went together to the market. Gerar’s wife also went to the market and they bought many things with money. Later Aizek went to the forest and cut down a big tree.,nsanku_output_kcn,0.3504163,21.379484591330776,10.112817421599875,4.402515723270439
"and I have given them to you for food. From now on, you may eat them, as well as the green plants that you have always eaten.","Kusɔ kama nɛ k kɔ ŋkpa beeŋ baa la kusɔ jiso a sa menyi. Kananɛ n daŋ ta asɔ duuso kikɛ n sa menyi na, loŋ koŋwule na nɛ naniere mee ta kusɔ kama nyam nɛ k kɔ ŋkpa a sa menyi.","The child went to the market today and bought some things for his mother. His mother told him to bring back some food, and later they both returned home.",nsanku_output_kcn,0.23972312,19.767224104973245,10.112817421599875,4.402515723270439
"God gave them his blessing and said: Have a lot of children! Fill the earth with people and bring it under your control. Rule over the fish in the ocean, the birds in the sky, and every animal on the earth.",Ndoŋ nna nɛ Ebɔrɛ nɛfa bumo nseŋ kaŋɛ bumo le: “Men kurge n wora keshi n salga to n sɔ kasawule so kikɛ nsaa ji eleŋ kumo so. Men baa ji eleŋ ekɔrɔtɔ so nɛ mbuibi so nɛ asɔ gbeyeso kikɛ nyam so.”,"When I arrived at Ebore, I saw many people and thought: “I will go to the market to buy some things and then return home later. I will stay at the house, eat food, and rest.”",onesimus_CF2838B3_Dec 03 output,,21.79123543860558,10.112817421599875,4.402515723270439
"Forty days later Noah opened a window to send out a raven, but it kept flying around until the water had dried up.",nseŋ lara nyiŋgbeŋ ashi kuloŋgboŋ na to n lɛ kowu nɛ k baa wɔtɔ a lɛa a lɛa a jo saŋɛ nɛ nchu na kikɛ nyam beeŋ feeto kasawule so kuraa.,"When the fire spreads through the village, everyone runs to the river, and the elders pray for rain to extinguish the flames.",onesimus_CF2838B3_Dec 03 output,,17.184429491011173,10.112817421599875,4.402515723270439
"Lot answered, “You have done us a great favor, sir. You have saved our lives, but please don't make us go to the hills. That's too far away. The city will be destroyed before we can get there, and we will be killed when it happens.","N wu fanɛ ma asheŋ bɔlɔ fo kenishi, ŋkpal manɛ so, fo wora ma kelela ga m mɔlga ma ŋkpa, ama abee na ase wɔ kufɔ ga. Amoso pɔɛŋ nɛ n fo ndoŋ kusɔ ko beeŋ tiŋ n wora ma nɛ n wu.","If you do not work, you will not have food; the people will be angry, and you will be left without anything, because you have no help. Likewise, if you do not listen, you will be punished and will have nothing.",onesimus_CF2838B3_Dec 03 output,,24.641095164347778,10.112817421599875,4.402515723270439
"Then he said to the servant in charge of the first herd, “When Esau meets you, he will ask whose servant you are. He will want to know where you are going and who owns those animals in front of you.","Kumo be kaman nɛ e kaŋɛ anya na to be emo nɛ e daŋ juŋkpar na fanɛ mo da Isɔɔ baŋ tu mo nseŋ bishi mo fanɛ, “Wanɛ be esa e la fo? Nnɛ nɛ fee yɔ? Wanɛ e wɔ asɔbɔya damta nɛ b juŋkpar fo ere kikɛ?”","If you are like this and you say that you won’t go to the market tomorrow because you’re busy, what will you do? What is it today? You are saying that you will go to the market tomorrow, right?",onesimus_CF2838B3_Dec 03 output,,23.090095974616982,10.112817421599875,4.402515723270439
"Seir was from the Horite tribe that had lived in Edom before the time of Esau. The clans that had descended from him were Lotan, Shobal, Zibeon, Anah,","Seyir nɛ e la Horaiebi be esa na be mbinyɛnbi nɛ b daa wɔ efuli na so nde. Lotan nɛ Shobal nɛ Zibiɔn nɛ Ana,","Seyir and the Horaiebi are the ones who ... and Lotan, Shobal, Zibiɔn, and Ana",onesimus_CF2838B3_Dec 03 output,,24.483856240446762,10.112817421599875,4.402515723270439
"God gave them his blessing and said: Have a lot of children! Fill the earth with people and bring it under your control. Rule over the fish in the ocean, the birds in the sky, and every animal on the earth.",Ndoŋ nna nɛ Ebɔrɛ nɛfa bumo nseŋ kaŋɛ bumo le: “Men kurge n wora keshi n salga to n sɔ kasawule so kikɛ nsaa ji eleŋ kumo so. Men baa ji eleŋ ekɔrɔtɔ so nɛ mbuibi so nɛ asɔ gbeyeso kikɛ nyam so.”,When I was at Ebore I heard someone say: “I will go to the market and buy some things for the family. I will bring them home and give them to the children.”,john_BA3F5F9A_output (3),,23.625202611145767,10.112817421599875,4.402515723270439
"Forty days later Noah opened a window to send out a raven, but it kept flying around until the water had dried up.",nseŋ lara nyiŋgbeŋ ashi kuloŋgboŋ na to n lɛ kowu nɛ k baa wɔtɔ a lɛa a lɛa a jo saŋɛ nɛ nchu na kikɛ nyam beeŋ feeto kasawule so kuraa.,Translation not available,john_BA3F5F9A_output (3),,7.075285231917432,10.112817421599875,4.402515723270439
"Lot answered, “You have done us a great favor, sir. You have saved our lives, but please don't make us go to the hills. That's too far away. The city will be destroyed before we can get there, and we will be killed when it happens.","N wu fanɛ ma asheŋ bɔlɔ fo kenishi, ŋkpal manɛ so, fo wora ma kelela ga m mɔlga ma ŋkpa, ama abee na ase wɔ kufɔ ga. Amoso pɔɛŋ nɛ n fo ndoŋ kusɔ ko beeŋ tiŋ n wora ma nɛ n wu.",Translation not available,john_BA3F5F9A_output (3),,3.8127551147518215,10.112817421599875,4.402515723270439
"Then he said to the servant in charge of the first herd, “When Esau meets you, he will ask whose servant you are. He will want to know where you are going and who owns those animals in front of you.","Kumo be kaman nɛ e kaŋɛ anya na to be emo nɛ e daŋ juŋkpar na fanɛ mo da Isɔɔ baŋ tu mo nseŋ bishi mo fanɛ, “Wanɛ be esa e la fo? Nnɛ nɛ fee yɔ? Wanɛ e wɔ asɔbɔya damta nɛ b juŋkpar fo ere kikɛ?”","If you are a man and you want to go to the place where the chief lives, you must first ask the elders, “What is this place called? How far is it? Where is the market that is near the chief’s house?”",john_BA3F5F9A_output (3),,26.65434701477277,10.112817421599875,4.402515723270439
"Seir was from the Horite tribe that had lived in Edom before the time of Esau. The clans that had descended from him were Lotan, Shobal, Zibeon, Anah,","Seyir nɛ e la Horaiebi be esa na be mbinyɛnbi nɛ b daa wɔ efuli na so nde. Lotan nɛ Shobal nɛ Zibiɔn nɛ Ana,","The council at Horaiebi and the members who are present there today. Lotan, Shobal, Zibiɔn, and Ana.",john_BA3F5F9A_output (3),,26.1953917389589,10.112817421599875,4.402515723270439
