ref,text,translated,source_zip_file,similarity_score,chrf_sentence,corpus_bleu,corpus_chrf
"God gave them his blessing and said: Have a lot of children! Fill the earth with people and bring it under your control. Rule over the fish in the ocean, the birds in the sky, and every animal on the earth.",Ndoŋ nna nɛ Ebɔrɛ nɛfa bumo nseŋ kaŋɛ bumo le: “Men kurge n wora keshi n salga to n sɔ kasawule so kikɛ nsaa ji eleŋ kumo so. Men baa ji eleŋ ekɔrɔtɔ so nɛ mbuibi so nɛ asɔ gbeyeso kikɛ nyam so.”,"The old man said to his son: ""I have seen many things in this world, and I have learned that it is good to be humble and respectful. I have seen many people who were proud and arrogant, and they ended up being destroyed.""",Dec 08 output,,25.7404773762469,3.344035978652222,3.5719388484069152
"Forty days later Noah opened a window to send out a raven, but it kept flying around until the water had dried up.",nseŋ lara nyiŋgbeŋ ashi kuloŋgboŋ na to n lɛ kowu nɛ k baa wɔtɔ a lɛa a lɛa a jo saŋɛ nɛ nchu na kikɛ nyam beeŋ feeto kasawule so kuraa.,The woman who was carrying firewood on her head fell down and her firewood scattered. She got up and gathered the firewood and continued her journey.,Dec 08 output,,19.906172567668428,3.344035978652222,3.5719388484069152
"Lot answered, “You have done us a great favor, sir. You have saved our lives, but please don't make us go to the hills. That's too far away. The city will be destroyed before we can get there, and we will be killed when it happens.","N wu fanɛ ma asheŋ bɔlɔ fo kenishi, ŋkpal manɛ so, fo wora ma kelela ga m mɔlga ma ŋkpa, ama abee na ase wɔ kufɔ ga. Amoso pɔɛŋ nɛ n fo ndoŋ kusɔ ko beeŋ tiŋ n wora ma nɛ n wu.","If you want to be successful in life, you must be humble and respect everyone. Do not be proud, because pride will destroy you. Be kind to everyone, even those who wrong you, and you will be blessed.",Dec 08 output,,22.163512896907946,3.344035978652222,3.5719388484069152
"Then he said to the servant in charge of the first herd, “When Esau meets you, he will ask whose servant you are. He will want to know where you are going and who owns those animals in front of you.","Kumo be kaman nɛ e kaŋɛ anya na to be emo nɛ e daŋ juŋkpar na fanɛ mo da Isɔɔ baŋ tu mo nseŋ bishi mo fanɛ, “Wanɛ be esa e la fo? Nnɛ nɛ fee yɔ? Wanɛ e wɔ asɔbɔya damta nɛ b juŋkpar fo ere kikɛ?”","The old man said, ""I am telling you, if you don't listen to what I am saying, you will be in trouble. Who will you blame when you are in trouble? You will blame yourself for not listening to my advice.""",Dec 08 output,,22.662110191890132,3.344035978652222,3.5719388484069152
"Seir was from the Horite tribe that had lived in Edom before the time of Esau. The clans that had descended from him were Lotan, Shobal, Zibeon, Anah,","Seyir nɛ e la Horaiebi be esa na be mbinyɛnbi nɛ b daa wɔ efuli na so nde. Lotan nɛ Shobal nɛ Zibiɔn nɛ Ana,","Seyir, the son of Horaiebi, was a great hunter. He went to the forest and killed a very large animal. Lotan, Shobal, Zibiɔn, and Ana",Dec 08 output,,28.48906189944429,3.344035978652222,3.5719388484069152
"God gave them his blessing and said: Have a lot of children! Fill the earth with people and bring it under your control. Rule over the fish in the ocean, the birds in the sky, and every animal on the earth.",Ndoŋ nna nɛ Ebɔrɛ nɛfa bumo nseŋ kaŋɛ bumo le: “Men kurge n wora keshi n salga to n sɔ kasawule so kikɛ nsaa ji eleŋ kumo so. Men baa ji eleŋ ekɔrɔtɔ so nɛ mbuibi so nɛ asɔ gbeyeso kikɛ nyam so.”,"The old man said to the young man: ""I will tell you a story about a hunter who went to the bush and found a leopard cub. He took the cub home and raised it. He fed it with milk and meat. The leopard grew up and became very strong.""",onesimus_31223989_Dec 12 output,,24.319910420464318,3.344035978652222,3.5719388484069152
"Forty days later Noah opened a window to send out a raven, but it kept flying around until the water had dried up.",nseŋ lara nyiŋgbeŋ ashi kuloŋgboŋ na to n lɛ kowu nɛ k baa wɔtɔ a lɛa a lɛa a jo saŋɛ nɛ nchu na kikɛ nyam beeŋ feeto kasawule so kuraa.,The old woman said that she would go and buy some food for the children because they were hungry.,onesimus_31223989_Dec 12 output,,15.899253084681247,3.344035978652222,3.5719388484069152
"Lot answered, “You have done us a great favor, sir. You have saved our lives, but please don't make us go to the hills. That's too far away. The city will be destroyed before we can get there, and we will be killed when it happens.","N wu fanɛ ma asheŋ bɔlɔ fo kenishi, ŋkpal manɛ so, fo wora ma kelela ga m mɔlga ma ŋkpa, ama abee na ase wɔ kufɔ ga. Amoso pɔɛŋ nɛ n fo ndoŋ kusɔ ko beeŋ tiŋ n wora ma nɛ n wu.","When you are going to the farm, take your cutlass, and if you meet a wild animal, don't be afraid, just cut it down. If you don't kill it, it will kill you.",onesimus_31223989_Dec 12 output,,18.597954792853034,3.344035978652222,3.5719388484069152
"Then he said to the servant in charge of the first herd, “When Esau meets you, he will ask whose servant you are. He will want to know where you are going and who owns those animals in front of you.","Kumo be kaman nɛ e kaŋɛ anya na to be emo nɛ e daŋ juŋkpar na fanɛ mo da Isɔɔ baŋ tu mo nseŋ bishi mo fanɛ, “Wanɛ be esa e la fo? Nnɛ nɛ fee yɔ? Wanɛ e wɔ asɔbɔya damta nɛ b juŋkpar fo ere kikɛ?”","A man was walking along the road when he saw a woman sitting by the roadside. He asked her, ""What is your name? Where are you going? Why are you sitting here alone?""",onesimus_31223989_Dec 12 output,,24.536023551969883,3.344035978652222,3.5719388484069152
"Seir was from the Horite tribe that had lived in Edom before the time of Esau. The clans that had descended from him were Lotan, Shobal, Zibeon, Anah,","Seyir nɛ e la Horaiebi be esa na be mbinyɛnbi nɛ b daa wɔ efuli na so nde. Lotan nɛ Shobal nɛ Zibiɔn nɛ Ana,","Seyir, the son of Horaiebi, was a hunter. He went hunting in the bush and killed a deer. Lotan, Shobal, Zibiɔn and Ana",onesimus_31223989_Dec 12 output,,26.214044586409624,3.344035978652222,3.5719388484069152
"God gave them his blessing and said: Have a lot of children! Fill the earth with people and bring it under your control. Rule over the fish in the ocean, the birds in the sky, and every animal on the earth.",Ndoŋ nna nɛ Ebɔrɛ nɛfa bumo nseŋ kaŋɛ bumo le: “Men kurge n wora keshi n salga to n sɔ kasawule so kikɛ nsaa ji eleŋ kumo so. Men baa ji eleŋ ekɔrɔtɔ so nɛ mbuibi so nɛ asɔ gbeyeso kikɛ nyam so.”,"The old man said to the young man: ""I will tell you a story about a hunter who went into the bush to hunt. He saw a very big antelope and shot it. He took the antelope home and shared it with his family and friends.""",john_AC86BE0F_output (5),,24.238012758557577,3.344035978652222,3.5719388484069152
"Forty days later Noah opened a window to send out a raven, but it kept flying around until the water had dried up.",nseŋ lara nyiŋgbeŋ ashi kuloŋgboŋ na to n lɛ kowu nɛ k baa wɔtɔ a lɛa a lɛa a jo saŋɛ nɛ nchu na kikɛ nyam beeŋ feeto kasawule so kuraa.,"The old woman said that she would go to the farm tomorrow, but she doesn't know if she will be able to go because her body is weak. She said she will try her best.",john_AC86BE0F_output (5),,17.665531781825365,3.344035978652222,3.5719388484069152
"Lot answered, “You have done us a great favor, sir. You have saved our lives, but please don't make us go to the hills. That's too far away. The city will be destroyed before we can get there, and we will be killed when it happens.","N wu fanɛ ma asheŋ bɔlɔ fo kenishi, ŋkpal manɛ so, fo wora ma kelela ga m mɔlga ma ŋkpa, ama abee na ase wɔ kufɔ ga. Amoso pɔɛŋ nɛ n fo ndoŋ kusɔ ko beeŋ tiŋ n wora ma nɛ n wu.","When you are hungry, go and work, so that you can get food to eat. Don't be lazy, lest you become poor and beg for food. If you are strong, go and work, so that you can get food to eat.",john_AC86BE0F_output (5),,18.911262960541126,3.344035978652222,3.5719388484069152
"Then he said to the servant in charge of the first herd, “When Esau meets you, he will ask whose servant you are. He will want to know where you are going and who owns those animals in front of you.","Kumo be kaman nɛ e kaŋɛ anya na to be emo nɛ e daŋ juŋkpar na fanɛ mo da Isɔɔ baŋ tu mo nseŋ bishi mo fanɛ, “Wanɛ be esa e la fo? Nnɛ nɛ fee yɔ? Wanɛ e wɔ asɔbɔya damta nɛ b juŋkpar fo ere kikɛ?”","The woman said, ""I have seen that you are a stranger, so I want to ask you, where are you going? What is your business? Where are you from, and what brings you here?""",john_AC86BE0F_output (5),,27.303590870294464,3.344035978652222,3.5719388484069152
"Seir was from the Horite tribe that had lived in Edom before the time of Esau. The clans that had descended from him were Lotan, Shobal, Zibeon, Anah,","Seyir nɛ e la Horaiebi be esa na be mbinyɛnbi nɛ b daa wɔ efuli na so nde. Lotan nɛ Shobal nɛ Zibiɔn nɛ Ana,","Seyir is a good man. He is a man of peace and he loves everyone. Lotan, Shobal, Zibiɔn and Ana",john_AC86BE0F_output (5),,22.02320456494869,3.344035978652222,3.5719388484069152
"God gave them his blessing and said: Have a lot of children! Fill the earth with people and bring it under your control. Rule over the fish in the ocean, the birds in the sky, and every animal on the earth.",Ndoŋ nna nɛ Ebɔrɛ nɛfa bumo nseŋ kaŋɛ bumo le: “Men kurge n wora keshi n salga to n sɔ kasawule so kikɛ nsaa ji eleŋ kumo so. Men baa ji eleŋ ekɔrɔtɔ so nɛ mbuibi so nɛ asɔ gbeyeso kikɛ nyam so.”,"The old man said to the young man: ""I will tell you a story about a hunter who went to the bush to hunt. He saw a deer and shot it. He took the deer home and gave some to his wife and some to his children. He also gave some to his neighbors.""",output_JA-4,,25.810852667405797,3.344035978652222,3.5719388484069152
"Forty days later Noah opened a window to send out a raven, but it kept flying around until the water had dried up.",nseŋ lara nyiŋgbeŋ ashi kuloŋgboŋ na to n lɛ kowu nɛ k baa wɔtɔ a lɛa a lɛa a jo saŋɛ nɛ nchu na kikɛ nyam beeŋ feeto kasawule so kuraa.,"The woman went to the farm to weed and when she was weeding, she saw a snake and she ran away. She ran and ran until she reached home.",output_JA-4,,18.39375912776116,3.344035978652222,3.5719388484069152
"Lot answered, “You have done us a great favor, sir. You have saved our lives, but please don't make us go to the hills. That's too far away. The city will be destroyed before we can get there, and we will be killed when it happens.","N wu fanɛ ma asheŋ bɔlɔ fo kenishi, ŋkpal manɛ so, fo wora ma kelela ga m mɔlga ma ŋkpa, ama abee na ase wɔ kufɔ ga. Amoso pɔɛŋ nɛ n fo ndoŋ kusɔ ko beeŋ tiŋ n wora ma nɛ n wu.","When you are going to farm, take your cutlass and hoe, and go and clear the weeds from your farm, so that you can plant your crops. If you don't clear the weeds, your crops will not grow well.",output_JA-4,,20.39130864173407,3.344035978652222,3.5719388484069152
"Then he said to the servant in charge of the first herd, “When Esau meets you, he will ask whose servant you are. He will want to know where you are going and who owns those animals in front of you.","Kumo be kaman nɛ e kaŋɛ anya na to be emo nɛ e daŋ juŋkpar na fanɛ mo da Isɔɔ baŋ tu mo nseŋ bishi mo fanɛ, “Wanɛ be esa e la fo? Nnɛ nɛ fee yɔ? Wanɛ e wɔ asɔbɔya damta nɛ b juŋkpar fo ere kikɛ?”","The woman said, ""I have seen that you are a stranger. Where are you from? What is your name? What brings you to this land?""",output_JA-4,,21.21736841645484,3.344035978652222,3.5719388484069152
"Seir was from the Horite tribe that had lived in Edom before the time of Esau. The clans that had descended from him were Lotan, Shobal, Zibeon, Anah,","Seyir nɛ e la Horaiebi be esa na be mbinyɛnbi nɛ b daa wɔ efuli na so nde. Lotan nɛ Shobal nɛ Zibiɔn nɛ Ana,","Seyir is the name of a woman who lives in Horaiebi. She is a very beautiful woman and she is very kind. Her children are Lotan, Shobal, Zibiɔn, and Ana.",output_JA-4,,29.3036805819353,3.344035978652222,3.5719388484069152
"God gave them his blessing and said: Have a lot of children! Fill the earth with people and bring it under your control. Rule over the fish in the ocean, the birds in the sky, and every animal on the earth.",Ndoŋ nna nɛ Ebɔrɛ nɛfa bumo nseŋ kaŋɛ bumo le: “Men kurge n wora keshi n salga to n sɔ kasawule so kikɛ nsaa ji eleŋ kumo so. Men baa ji eleŋ ekɔrɔtɔ so nɛ mbuibi so nɛ asɔ gbeyeso kikɛ nyam so.”,"The old man said to the young man, ""I have seen many things in this world. I have seen good things and bad things. I have seen things that make me happy and things that make me sad. I have seen things that are beautiful and things that are ugly.""",onesimus_7C821E01_Dec 01 output,,22.43035630550371,3.344035978652222,3.5719388484069152
"Forty days later Noah opened a window to send out a raven, but it kept flying around until the water had dried up.",nseŋ lara nyiŋgbeŋ ashi kuloŋgboŋ na to n lɛ kowu nɛ k baa wɔtɔ a lɛa a lɛa a jo saŋɛ nɛ nchu na kikɛ nyam beeŋ feeto kasawule so kuraa.,"The old woman said that she would go and grind the corn for the funeral rites, and that she would return when she was done.",onesimus_7C821E01_Dec 01 output,,19.169162126965606,3.344035978652222,3.5719388484069152
"Lot answered, “You have done us a great favor, sir. You have saved our lives, but please don't make us go to the hills. That's too far away. The city will be destroyed before we can get there, and we will be killed when it happens.","N wu fanɛ ma asheŋ bɔlɔ fo kenishi, ŋkpal manɛ so, fo wora ma kelela ga m mɔlga ma ŋkpa, ama abee na ase wɔ kufɔ ga. Amoso pɔɛŋ nɛ n fo ndoŋ kusɔ ko beeŋ tiŋ n wora ma nɛ n wu.","When you are going to farm, take your hoe and cutlass along, so that you can clear the weeds and prepare the land for planting. If you don't do this, your crops will not grow well.",onesimus_7C821E01_Dec 01 output,,20.49933311470245,3.344035978652222,3.5719388484069152
"Then he said to the servant in charge of the first herd, “When Esau meets you, he will ask whose servant you are. He will want to know where you are going and who owns those animals in front of you.","Kumo be kaman nɛ e kaŋɛ anya na to be emo nɛ e daŋ juŋkpar na fanɛ mo da Isɔɔ baŋ tu mo nseŋ bishi mo fanɛ, “Wanɛ be esa e la fo? Nnɛ nɛ fee yɔ? Wanɛ e wɔ asɔbɔya damta nɛ b juŋkpar fo ere kikɛ?”","A man went to the farm and saw a woman weeding. He asked her, ""Who are you? What are you doing here? Are you the one who owns this farm?""",onesimus_7C821E01_Dec 01 output,,23.695510542454162,3.344035978652222,3.5719388484069152
"Seir was from the Horite tribe that had lived in Edom before the time of Esau. The clans that had descended from him were Lotan, Shobal, Zibeon, Anah,","Seyir nɛ e la Horaiebi be esa na be mbinyɛnbi nɛ b daa wɔ efuli na so nde. Lotan nɛ Shobal nɛ Zibiɔn nɛ Ana,","Seyir, the son of Horaiebi, was a hunter. He went hunting in the forest and saw a deer. Lotan, Shobal, Zibiɔn, and Ana",onesimus_7C821E01_Dec 01 output,,27.65590792452899,3.344035978652222,3.5719388484069152
The king's personal servant said: Now I remember what I was supposed to do.,Kede be kaman nɛ Fɛɛro be asɔnuuso kenipo nimuso na kaŋɛ mo le: “Kabre nɛ n nyiŋi ŋ ka wora kusɔ ko n da so.,"The old man said to Fɛɛro, ""I have seen that you are a strong man, so I want you to go and fight the lion that is troubling us.""",output_jonathan,0.27400196,19.29445031270035,3.344035978652222,3.5719388484069152
"Before Rebekah gave birth, she knew she was going to have twins, because she could feel them inside her, fighting each other. She thought, “Why is this happening to me?” Finally, she asked the Lord why her twins were fighting,",Mborobi be kedampo nɛ Rebɛka daŋ di nɛ mbia na fara a ŋin a ŋin abar bumo nio be epun to. Nɛ Rebɛka fɛ mbe kumu to le: “Manɛ e ba nɛ le be kesheŋ ere bee wora ma ere?” Kumo be kaman nɛ e ya bishi Enyɛnpe Ebɔrɛ kusɔ nɛ k ba nɛ loŋ be kesheŋ na bee wora mo na.,"Mborobi asked Rebɛka why she was crying and Rebɛka replied: ""What have I done to deserve this kind of treatment?"" Mborobi then told her to go and ask Enyɛnpe Ebɔrɛ, who knows why she is being treated this way.",output_jonathan,0.4247977,21.84508535990582,3.344035978652222,3.5719388484069152
"When Judah came along, he did not recognize her because of the veil. He thought she was a prostitute",Juda ka ba fo kakpa nɛ Taama tase na nseŋ wu mo nɛ e fɛ fanɛ sakaleche ko e la mo ŋkpal e ka ta shata m buu anishi so so.,Juda went to the farm and Taama followed him. He saw a snake and he ran away quickly and went to tell his father that he saw a snake in the farm.,output_jonathan,0.24067819,18.372683880176258,3.344035978652222,3.5719388484069152
"They can leave their possessions behind, because they will be given the best of everything in Egypt.","Men sa maŋ ya shin nɛ men be asɔ nɛ men maaŋ teŋ bar na be asheŋ e tir menyi, ŋkpal manɛ so, menyeeŋ nya asɔ lela Ijipt a chɔ amo.’ ”","“We are going to the farm, and when we return, we will bring you some food. We will go to Egypt to buy some things.”",output_jonathan,0.48992115,21.017777682519338,3.344035978652222,3.5719388484069152
"Joseph's servant started searching the sacks, beginning with the one that belonged to the oldest brother. When he came to Benjamin's sack, he found the cup.","Nɛ Josɛf be kayɛrbi na fara a keni bumo be asɔ na to. Bumo kikɛ be enimuso peya to nɛ e fara ŋ keni kebɛso, kebɛso loŋ n ya fo bumo kikɛ to be kebia peya. E keni to loŋ n ya wu gbiti be kusɔnuunchu na Bɛnjamin be bɔtɛ to.","Joseph was a shepherd and he was taking care of his brothers' sheep. When the brothers saw him, they plotted against him and sold him into slavery. They took his coat and dipped it in goat's blood and sent it to their father Jacob, saying that a wild animal had devoured Joseph. They then went back to their father and told him that Joseph was dead.",output_jonathan,0.525431,27.37937734107103,3.344035978652222,3.5719388484069152
"God gave them his blessing and said: Have a lot of children! Fill the earth with people and bring it under your control. Rule over the fish in the ocean, the birds in the sky, and every animal on the earth.",Ndoŋ nna nɛ Ebɔrɛ nɛfa bumo nseŋ kaŋɛ bumo le: “Men kurge n wora keshi n salga to n sɔ kasawule so kikɛ nsaa ji eleŋ kumo so. Men baa ji eleŋ ekɔrɔtɔ so nɛ mbuibi so nɛ asɔ gbeyeso kikɛ nyam so.”,,output_JA-2,,,3.344035978652222,3.5719388484069152
"Forty days later Noah opened a window to send out a raven, but it kept flying around until the water had dried up.",nseŋ lara nyiŋgbeŋ ashi kuloŋgboŋ na to n lɛ kowu nɛ k baa wɔtɔ a lɛa a lɛa a jo saŋɛ nɛ nchu na kikɛ nyam beeŋ feeto kasawule so kuraa.,,output_JA-2,,,3.344035978652222,3.5719388484069152
"Lot answered, “You have done us a great favor, sir. You have saved our lives, but please don't make us go to the hills. That's too far away. The city will be destroyed before we can get there, and we will be killed when it happens.","N wu fanɛ ma asheŋ bɔlɔ fo kenishi, ŋkpal manɛ so, fo wora ma kelela ga m mɔlga ma ŋkpa, ama abee na ase wɔ kufɔ ga. Amoso pɔɛŋ nɛ n fo ndoŋ kusɔ ko beeŋ tiŋ n wora ma nɛ n wu.",,output_JA-2,,,3.344035978652222,3.5719388484069152
"Then he said to the servant in charge of the first herd, “When Esau meets you, he will ask whose servant you are. He will want to know where you are going and who owns those animals in front of you.","Kumo be kaman nɛ e kaŋɛ anya na to be emo nɛ e daŋ juŋkpar na fanɛ mo da Isɔɔ baŋ tu mo nseŋ bishi mo fanɛ, “Wanɛ be esa e la fo? Nnɛ nɛ fee yɔ? Wanɛ e wɔ asɔbɔya damta nɛ b juŋkpar fo ere kikɛ?”",,output_JA-2,,,3.344035978652222,3.5719388484069152
"Seir was from the Horite tribe that had lived in Edom before the time of Esau. The clans that had descended from him were Lotan, Shobal, Zibeon, Anah,","Seyir nɛ e la Horaiebi be esa na be mbinyɛnbi nɛ b daa wɔ efuli na so nde. Lotan nɛ Shobal nɛ Zibiɔn nɛ Ana,",,output_JA-2,,,3.344035978652222,3.5719388484069152
"God gave them his blessing and said: Have a lot of children! Fill the earth with people and bring it under your control. Rule over the fish in the ocean, the birds in the sky, and every animal on the earth.",Ndoŋ nna nɛ Ebɔrɛ nɛfa bumo nseŋ kaŋɛ bumo le: “Men kurge n wora keshi n salga to n sɔ kasawule so kikɛ nsaa ji eleŋ kumo so. Men baa ji eleŋ ekɔrɔtɔ so nɛ mbuibi so nɛ asɔ gbeyeso kikɛ nyam so.”,"The old man said to the young man: ""I will tell you a story about a hunter who went to the bush to hunt. He saw a deer and shot it. He took the deer home and shared it with his wife and children.""",gerhardt_8019BE0D_output_WsImHC,,24.287748878863876,3.344035978652222,3.5719388484069152
"Forty days later Noah opened a window to send out a raven, but it kept flying around until the water had dried up.",nseŋ lara nyiŋgbeŋ ashi kuloŋgboŋ na to n lɛ kowu nɛ k baa wɔtɔ a lɛa a lɛa a jo saŋɛ nɛ nchu na kikɛ nyam beeŋ feeto kasawule so kuraa.,"The old woman said that she would go and grind the corn for the children to eat, and she went and ground the corn, and the children ate.",gerhardt_8019BE0D_output_WsImHC,,20.3662915047819,3.344035978652222,3.5719388484069152
"Lot answered, “You have done us a great favor, sir. You have saved our lives, but please don't make us go to the hills. That's too far away. The city will be destroyed before we can get there, and we will be killed when it happens.","N wu fanɛ ma asheŋ bɔlɔ fo kenishi, ŋkpal manɛ so, fo wora ma kelela ga m mɔlga ma ŋkpa, ama abee na ase wɔ kufɔ ga. Amoso pɔɛŋ nɛ n fo ndoŋ kusɔ ko beeŋ tiŋ n wora ma nɛ n wu.","When you are tired of carrying the load, put it down and rest. If you are tired of carrying the load, put it down and rest. Even if you are tired of carrying the load, put it down and rest.",gerhardt_8019BE0D_output_WsImHC,,16.438756650948843,3.344035978652222,3.5719388484069152
"Then he said to the servant in charge of the first herd, “When Esau meets you, he will ask whose servant you are. He will want to know where you are going and who owns those animals in front of you.","Kumo be kaman nɛ e kaŋɛ anya na to be emo nɛ e daŋ juŋkpar na fanɛ mo da Isɔɔ baŋ tu mo nseŋ bishi mo fanɛ, “Wanɛ be esa e la fo? Nnɛ nɛ fee yɔ? Wanɛ e wɔ asɔbɔya damta nɛ b juŋkpar fo ere kikɛ?”","The man said, ""I have seen a woman who is very beautiful and I want to marry her. But she is very proud and doesn't want to marry anyone. What should I do? How can I win her heart?""",gerhardt_8019BE0D_output_WsImHC,,21.152516918155325,3.344035978652222,3.5719388484069152
"Seir was from the Horite tribe that had lived in Edom before the time of Esau. The clans that had descended from him were Lotan, Shobal, Zibeon, Anah,","Seyir nɛ e la Horaiebi be esa na be mbinyɛnbi nɛ b daa wɔ efuli na so nde. Lotan nɛ Shobal nɛ Zibiɔn nɛ Ana,","Seyir, the son of Horaiebi, was a very powerful man. He was known throughout the land. Lotan, Shobal, Zibiɔn, and Ana were his children.",gerhardt_8019BE0D_output_WsImHC,,27.408417809087272,3.344035978652222,3.5719388484069152
"God gave them his blessing and said: Have a lot of children! Fill the earth with people and bring it under your control. Rule over the fish in the ocean, the birds in the sky, and every animal on the earth.",Ndoŋ nna nɛ Ebɔrɛ nɛfa bumo nseŋ kaŋɛ bumo le: “Men kurge n wora keshi n salga to n sɔ kasawule so kikɛ nsaa ji eleŋ kumo so. Men baa ji eleŋ ekɔrɔtɔ so nɛ mbuibi so nɛ asɔ gbeyeso kikɛ nyam so.”,"The old man said to the young man: ""I will tell you a story about a time when I was young. I went to the farm to work and I saw a snake in the bush. I was afraid and ran away. I didn't want to be bitten by the snake.""",Dec 02 output,,19.925745335006187,3.344035978652222,3.5719388484069152
"Forty days later Noah opened a window to send out a raven, but it kept flying around until the water had dried up.",nseŋ lara nyiŋgbeŋ ashi kuloŋgboŋ na to n lɛ kowu nɛ k baa wɔtɔ a lɛa a lɛa a jo saŋɛ nɛ nchu na kikɛ nyam beeŋ feeto kasawule so kuraa.,The old woman said that she was going to the farm to harvest some food for her children because they were hungry.,Dec 02 output,,16.730682243628017,3.344035978652222,3.5719388484069152
"Lot answered, “You have done us a great favor, sir. You have saved our lives, but please don't make us go to the hills. That's too far away. The city will be destroyed before we can get there, and we will be killed when it happens.","N wu fanɛ ma asheŋ bɔlɔ fo kenishi, ŋkpal manɛ so, fo wora ma kelela ga m mɔlga ma ŋkpa, ama abee na ase wɔ kufɔ ga. Amoso pɔɛŋ nɛ n fo ndoŋ kusɔ ko beeŋ tiŋ n wora ma nɛ n wu.","When you are going to the farm, greet the elders, and if you see someone working, ask them for help. If they refuse, don't force them. You can go and work alone.",Dec 02 output,,19.526960980803377,3.344035978652222,3.5719388484069152
"Then he said to the servant in charge of the first herd, “When Esau meets you, he will ask whose servant you are. He will want to know where you are going and who owns those animals in front of you.","Kumo be kaman nɛ e kaŋɛ anya na to be emo nɛ e daŋ juŋkpar na fanɛ mo da Isɔɔ baŋ tu mo nseŋ bishi mo fanɛ, “Wanɛ be esa e la fo? Nnɛ nɛ fee yɔ? Wanɛ e wɔ asɔbɔya damta nɛ b juŋkpar fo ere kikɛ?”","The old man said, ""If you see someone who is not well, and you are able to help them, then help them. Don't ask them, 'What is wrong with you?' or 'What is your problem?' Just help them because they are in need.""",Dec 02 output,,24.419168352294328,3.344035978652222,3.5719388484069152
"Seir was from the Horite tribe that had lived in Edom before the time of Esau. The clans that had descended from him were Lotan, Shobal, Zibeon, Anah,","Seyir nɛ e la Horaiebi be esa na be mbinyɛnbi nɛ b daa wɔ efuli na so nde. Lotan nɛ Shobal nɛ Zibiɔn nɛ Ana,","Seyir, the son of Horaiebi, was a hunter. He went hunting in the forest and killed a deer. Lotan, Shobal, Zibiɔn and Ana",Dec 02 output,,27.984827769431593,3.344035978652222,3.5719388484069152
"God gave them his blessing and said: Have a lot of children! Fill the earth with people and bring it under your control. Rule over the fish in the ocean, the birds in the sky, and every animal on the earth.",Ndoŋ nna nɛ Ebɔrɛ nɛfa bumo nseŋ kaŋɛ bumo le: “Men kurge n wora keshi n salga to n sɔ kasawule so kikɛ nsaa ji eleŋ kumo so. Men baa ji eleŋ ekɔrɔtɔ so nɛ mbuibi so nɛ asɔ gbeyeso kikɛ nyam so.”,"The old woman said to the young woman: ""I am telling you, my child, that when you get married, you should not be lazy. You should work hard to take care of your husband and children. You should cook food for them and keep the house clean.""",john_567A83BD_output (1),,22.947059954153126,3.344035978652222,3.5719388484069152
"Forty days later Noah opened a window to send out a raven, but it kept flying around until the water had dried up.",nseŋ lara nyiŋgbeŋ ashi kuloŋgboŋ na to n lɛ kowu nɛ k baa wɔtɔ a lɛa a lɛa a jo saŋɛ nɛ nchu na kikɛ nyam beeŋ feeto kasawule so kuraa.,"The old woman said that she will go and fetch firewood and when she returns, she will cook food for us to eat.",john_567A83BD_output (1),,15.02189432579427,3.344035978652222,3.5719388484069152
"Lot answered, “You have done us a great favor, sir. You have saved our lives, but please don't make us go to the hills. That's too far away. The city will be destroyed before we can get there, and we will be killed when it happens.","N wu fanɛ ma asheŋ bɔlɔ fo kenishi, ŋkpal manɛ so, fo wora ma kelela ga m mɔlga ma ŋkpa, ama abee na ase wɔ kufɔ ga. Amoso pɔɛŋ nɛ n fo ndoŋ kusɔ ko beeŋ tiŋ n wora ma nɛ n wu.","If you don't have any money, don't be ashamed, go and work hard so that you can earn money and buy what you need. Even if you don't have anything, don't be lazy, go and find work to do so that you can earn money.",john_567A83BD_output (1),,18.87973496811522,3.344035978652222,3.5719388484069152
"Then he said to the servant in charge of the first herd, “When Esau meets you, he will ask whose servant you are. He will want to know where you are going and who owns those animals in front of you.","Kumo be kaman nɛ e kaŋɛ anya na to be emo nɛ e daŋ juŋkpar na fanɛ mo da Isɔɔ baŋ tu mo nseŋ bishi mo fanɛ, “Wanɛ be esa e la fo? Nnɛ nɛ fee yɔ? Wanɛ e wɔ asɔbɔya damta nɛ b juŋkpar fo ere kikɛ?”","A man went to the farm and saw a woman weeding. He asked her, ""Who are you? What are you doing here? Are you the one who owns this farm?""",john_567A83BD_output (1),,23.695510542454162,3.344035978652222,3.5719388484069152
"Seir was from the Horite tribe that had lived in Edom before the time of Esau. The clans that had descended from him were Lotan, Shobal, Zibeon, Anah,","Seyir nɛ e la Horaiebi be esa na be mbinyɛnbi nɛ b daa wɔ efuli na so nde. Lotan nɛ Shobal nɛ Zibiɔn nɛ Ana,","Seyir, the son of Horaiebi, was a great hunter. He was known throughout the land for his skill. Lotan, Shobal, Zibiɔn, and Ana were his children.",john_567A83BD_output (1),,28.463532676564867,3.344035978652222,3.5719388484069152
"God gave them his blessing and said: Have a lot of children! Fill the earth with people and bring it under your control. Rule over the fish in the ocean, the birds in the sky, and every animal on the earth.",Ndoŋ nna nɛ Ebɔrɛ nɛfa bumo nseŋ kaŋɛ bumo le: “Men kurge n wora keshi n salga to n sɔ kasawule so kikɛ nsaa ji eleŋ kumo so. Men baa ji eleŋ ekɔrɔtɔ so nɛ mbuibi so nɛ asɔ gbeyeso kikɛ nyam so.”,"The old man said to the young man: ""I have seen many things in this world. I have seen people who are rich and powerful, but they are not happy. I have also seen people who are poor and humble, but they are happy. I have learned that true happiness comes from within, not from material possessions.""",john_AA1B9A68_output (9),,26.28713698754781,3.344035978652222,3.5719388484069152
"Forty days later Noah opened a window to send out a raven, but it kept flying around until the water had dried up.",nseŋ lara nyiŋgbeŋ ashi kuloŋgboŋ na to n lɛ kowu nɛ k baa wɔtɔ a lɛa a lɛa a jo saŋɛ nɛ nchu na kikɛ nyam beeŋ feeto kasawule so kuraa.,The hunter went to the farm to hunt. He saw a deer and shot it. He took it home and shared it with his family. They ate it happily.,john_AA1B9A68_output (9),,18.649840284176015,3.344035978652222,3.5719388484069152
"Lot answered, “You have done us a great favor, sir. You have saved our lives, but please don't make us go to the hills. That's too far away. The city will be destroyed before we can get there, and we will be killed when it happens.","N wu fanɛ ma asheŋ bɔlɔ fo kenishi, ŋkpal manɛ so, fo wora ma kelela ga m mɔlga ma ŋkpa, ama abee na ase wɔ kufɔ ga. Amoso pɔɛŋ nɛ n fo ndoŋ kusɔ ko beeŋ tiŋ n wora ma nɛ n wu.","When a person is in trouble, they should seek help from their elders. If they don't, they will suffer alone. If they are stubborn and refuse to listen to advice, they will face the consequences alone.",john_AA1B9A68_output (9),,21.60696915289898,3.344035978652222,3.5719388484069152
"Then he said to the servant in charge of the first herd, “When Esau meets you, he will ask whose servant you are. He will want to know where you are going and who owns those animals in front of you.","Kumo be kaman nɛ e kaŋɛ anya na to be emo nɛ e daŋ juŋkpar na fanɛ mo da Isɔɔ baŋ tu mo nseŋ bishi mo fanɛ, “Wanɛ be esa e la fo? Nnɛ nɛ fee yɔ? Wanɛ e wɔ asɔbɔya damta nɛ b juŋkpar fo ere kikɛ?”","A man went to the farm and saw a woman harvesting corn. He asked her, ""Who are you? What are you doing? Are you the one who planted this corn?""",john_AA1B9A68_output (9),,21.77424693154587,3.344035978652222,3.5719388484069152
"Seir was from the Horite tribe that had lived in Edom before the time of Esau. The clans that had descended from him were Lotan, Shobal, Zibeon, Anah,","Seyir nɛ e la Horaiebi be esa na be mbinyɛnbi nɛ b daa wɔ efuli na so nde. Lotan nɛ Shobal nɛ Zibiɔn nɛ Ana,","Seyir, the son of Horaiebi, was a hunter. He went to the bush to hunt and he saw a deer. Lotan, Shobal, Zibiɔn and Ana",john_AA1B9A68_output (9),,25.8729858273015,3.344035978652222,3.5719388484069152
"God gave them his blessing and said: Have a lot of children! Fill the earth with people and bring it under your control. Rule over the fish in the ocean, the birds in the sky, and every animal on the earth.",Ndoŋ nna nɛ Ebɔrɛ nɛfa bumo nseŋ kaŋɛ bumo le: “Men kurge n wora keshi n salga to n sɔ kasawule so kikɛ nsaa ji eleŋ kumo so. Men baa ji eleŋ ekɔrɔtɔ so nɛ mbuibi so nɛ asɔ gbeyeso kikɛ nyam so.”,"The old man said to the young man: ""I have seen many things in this world, but I have never seen anything like this. I have never seen a woman who eats so much and yet remains so thin.""",Dec 07 output,,21.342363493752835,3.344035978652222,3.5719388484069152
"Forty days later Noah opened a window to send out a raven, but it kept flying around until the water had dried up.",nseŋ lara nyiŋgbeŋ ashi kuloŋgboŋ na to n lɛ kowu nɛ k baa wɔtɔ a lɛa a lɛa a jo saŋɛ nɛ nchu na kikɛ nyam beeŋ feeto kasawule so kuraa.,The old woman said that she was going to the farm to harvest her yams. She said she would return when she was finished. She said she would bring back some yams for the children.,Dec 07 output,,18.161664332674285,3.344035978652222,3.5719388484069152
"Lot answered, “You have done us a great favor, sir. You have saved our lives, but please don't make us go to the hills. That's too far away. The city will be destroyed before we can get there, and we will be killed when it happens.","N wu fanɛ ma asheŋ bɔlɔ fo kenishi, ŋkpal manɛ so, fo wora ma kelela ga m mɔlga ma ŋkpa, ama abee na ase wɔ kufɔ ga. Amoso pɔɛŋ nɛ n fo ndoŋ kusɔ ko beeŋ tiŋ n wora ma nɛ n wu.","If you don't work hard, you will be poor. Even if you have a lot of wealth, if you don't work hard, you will lose it all. So, work hard to get rich and don't be lazy.",Dec 07 output,,19.43672288070026,3.344035978652222,3.5719388484069152
"Then he said to the servant in charge of the first herd, “When Esau meets you, he will ask whose servant you are. He will want to know where you are going and who owns those animals in front of you.","Kumo be kaman nɛ e kaŋɛ anya na to be emo nɛ e daŋ juŋkpar na fanɛ mo da Isɔɔ baŋ tu mo nseŋ bishi mo fanɛ, “Wanɛ be esa e la fo? Nnɛ nɛ fee yɔ? Wanɛ e wɔ asɔbɔya damta nɛ b juŋkpar fo ere kikɛ?”","The man said that he was going to the farm and that he would return in the evening. He asked them, ""Who is this person? What is he doing here? Who sent him to come and disturb us?""",Dec 07 output,,23.762670220140663,3.344035978652222,3.5719388484069152
"Seir was from the Horite tribe that had lived in Edom before the time of Esau. The clans that had descended from him were Lotan, Shobal, Zibeon, Anah,","Seyir nɛ e la Horaiebi be esa na be mbinyɛnbi nɛ b daa wɔ efuli na so nde. Lotan nɛ Shobal nɛ Zibiɔn nɛ Ana,","Seyir is a man from Horaiebi. He is a farmer and he has a wife and children. His children are Lotan, Shobal, Zibiɔn, and Ana.",Dec 07 output,,26.72400134028649,3.344035978652222,3.5719388484069152
"God gave them his blessing and said: Have a lot of children! Fill the earth with people and bring it under your control. Rule over the fish in the ocean, the birds in the sky, and every animal on the earth.",Ndoŋ nna nɛ Ebɔrɛ nɛfa bumo nseŋ kaŋɛ bumo le: “Men kurge n wora keshi n salga to n sɔ kasawule so kikɛ nsaa ji eleŋ kumo so. Men baa ji eleŋ ekɔrɔtɔ so nɛ mbuibi so nɛ asɔ gbeyeso kikɛ nyam so.”,"The old man said to the young man, ""I have seen many things in this world. I have seen the good and the bad. I have seen the rich and the poor. I have seen the wise and the foolish. I have seen the strong and the weak.""",Dec 10 output,,25.83349339452015,3.344035978652222,3.5719388484069152
"Forty days later Noah opened a window to send out a raven, but it kept flying around until the water had dried up.",nseŋ lara nyiŋgbeŋ ashi kuloŋgboŋ na to n lɛ kowu nɛ k baa wɔtɔ a lɛa a lɛa a jo saŋɛ nɛ nchu na kikɛ nyam beeŋ feeto kasawule so kuraa.,"The old woman said that she would go and fetch water from the well, but she was afraid because she was old and weak. She said that she would try her best, but she was not sure if she could do it.",Dec 10 output,,19.4118528511854,3.344035978652222,3.5719388484069152
"Lot answered, “You have done us a great favor, sir. You have saved our lives, but please don't make us go to the hills. That's too far away. The city will be destroyed before we can get there, and we will be killed when it happens.","N wu fanɛ ma asheŋ bɔlɔ fo kenishi, ŋkpal manɛ so, fo wora ma kelela ga m mɔlga ma ŋkpa, ama abee na ase wɔ kufɔ ga. Amoso pɔɛŋ nɛ n fo ndoŋ kusɔ ko beeŋ tiŋ n wora ma nɛ n wu.","When you are going to the farm, greet the elders first, then go and work on your own farm, but don't forget to help your neighbor. If you see someone in need, help them.",Dec 10 output,,19.392196646716638,3.344035978652222,3.5719388484069152
"Then he said to the servant in charge of the first herd, “When Esau meets you, he will ask whose servant you are. He will want to know where you are going and who owns those animals in front of you.","Kumo be kaman nɛ e kaŋɛ anya na to be emo nɛ e daŋ juŋkpar na fanɛ mo da Isɔɔ baŋ tu mo nseŋ bishi mo fanɛ, “Wanɛ be esa e la fo? Nnɛ nɛ fee yɔ? Wanɛ e wɔ asɔbɔya damta nɛ b juŋkpar fo ere kikɛ?”","The old man said, ""I have seen many things in my life, but I have never seen anything like this. What is this? What is it doing? Is this a new kind of animal that has come to our land?""",Dec 10 output,,20.64015091279117,3.344035978652222,3.5719388484069152
"Seir was from the Horite tribe that had lived in Edom before the time of Esau. The clans that had descended from him were Lotan, Shobal, Zibeon, Anah,","Seyir nɛ e la Horaiebi be esa na be mbinyɛnbi nɛ b daa wɔ efuli na so nde. Lotan nɛ Shobal nɛ Zibiɔn nɛ Ana,","Seyir is a man from Horaiebi. He is a hunter and he is very good at it. He has many wives, Lotan, Shobal, Zibiɔn and Ana.",Dec 10 output,,25.220828857675954,3.344035978652222,3.5719388484069152
"God gave them his blessing and said: Have a lot of children! Fill the earth with people and bring it under your control. Rule over the fish in the ocean, the birds in the sky, and every animal on the earth.",Ndoŋ nna nɛ Ebɔrɛ nɛfa bumo nseŋ kaŋɛ bumo le: “Men kurge n wora keshi n salga to n sɔ kasawule so kikɛ nsaa ji eleŋ kumo so. Men baa ji eleŋ ekɔrɔtɔ so nɛ mbuibi so nɛ asɔ gbeyeso kikɛ nyam so.”,"The old man said to the young man: ""I have seen many things in this world, and I have learned that the best thing is to be humble and kind to everyone. Do not be arrogant or boastful, because pride will lead to your downfall.""",john_7781CD93_output (6),,27.300979811483632,3.344035978652222,3.5719388484069152
"Forty days later Noah opened a window to send out a raven, but it kept flying around until the water had dried up.",nseŋ lara nyiŋgbeŋ ashi kuloŋgboŋ na to n lɛ kowu nɛ k baa wɔtɔ a lɛa a lɛa a jo saŋɛ nɛ nchu na kikɛ nyam beeŋ feeto kasawule so kuraa.,The old woman said that she was going to the farm to harvest some yams for her grandchildren to eat.,john_7781CD93_output (6),,16.773095409352994,3.344035978652222,3.5719388484069152
"Lot answered, “You have done us a great favor, sir. You have saved our lives, but please don't make us go to the hills. That's too far away. The city will be destroyed before we can get there, and we will be killed when it happens.","N wu fanɛ ma asheŋ bɔlɔ fo kenishi, ŋkpal manɛ so, fo wora ma kelela ga m mɔlga ma ŋkpa, ama abee na ase wɔ kufɔ ga. Amoso pɔɛŋ nɛ n fo ndoŋ kusɔ ko beeŋ tiŋ n wora ma nɛ n wu.","When you are going to the farm, take your cutlass and hoe along, so that you can clear the weeds and prepare the land for planting. If you don't do this, the weeds will grow and choke your crops.",john_7781CD93_output (6),,21.803513410563028,3.344035978652222,3.5719388484069152
"Then he said to the servant in charge of the first herd, “When Esau meets you, he will ask whose servant you are. He will want to know where you are going and who owns those animals in front of you.","Kumo be kaman nɛ e kaŋɛ anya na to be emo nɛ e daŋ juŋkpar na fanɛ mo da Isɔɔ baŋ tu mo nseŋ bishi mo fanɛ, “Wanɛ be esa e la fo? Nnɛ nɛ fee yɔ? Wanɛ e wɔ asɔbɔya damta nɛ b juŋkpar fo ere kikɛ?”","A man went to the farm and saw a woman weeding. He asked her, ""Who are you? Where are you from? What are you doing here in this farm?""",john_7781CD93_output (6),,20.31306664315431,3.344035978652222,3.5719388484069152
"Seir was from the Horite tribe that had lived in Edom before the time of Esau. The clans that had descended from him were Lotan, Shobal, Zibeon, Anah,","Seyir nɛ e la Horaiebi be esa na be mbinyɛnbi nɛ b daa wɔ efuli na so nde. Lotan nɛ Shobal nɛ Zibiɔn nɛ Ana,","Seyir is a good man. He is a man of peace and he loves everyone. He is a man of God. Lotan, Shobal, Zibiɔn and Ana",john_7781CD93_output (6),,22.63329064020483,3.344035978652222,3.5719388484069152
"God gave them his blessing and said: Have a lot of children! Fill the earth with people and bring it under your control. Rule over the fish in the ocean, the birds in the sky, and every animal on the earth.",Ndoŋ nna nɛ Ebɔrɛ nɛfa bumo nseŋ kaŋɛ bumo le: “Men kurge n wora keshi n salga to n sɔ kasawule so kikɛ nsaa ji eleŋ kumo so. Men baa ji eleŋ ekɔrɔtɔ so nɛ mbuibi so nɛ asɔ gbeyeso kikɛ nyam so.”,"The old man said to the young man, ""I will tell you a story. A story about a man who went to the farm and saw a snake coiled around a tree. He went closer and saw that the snake was very big and beautiful. He wanted to catch it but the snake saw him and ran away.""",gerhardt_25FFCBF7_output_DdErIM,,24.102206191741697,3.344035978652222,3.5719388484069152
"Forty days later Noah opened a window to send out a raven, but it kept flying around until the water had dried up.",nseŋ lara nyiŋgbeŋ ashi kuloŋgboŋ na to n lɛ kowu nɛ k baa wɔtɔ a lɛa a lɛa a jo saŋɛ nɛ nchu na kikɛ nyam beeŋ feeto kasawule so kuraa.,The woman who is called Lara went to the farm to fetch firewood. She went to the bush and cut down a tree. She brought it home and put it down. She then went to the kitchen to cook food.,gerhardt_25FFCBF7_output_DdErIM,,18.681730718895164,3.344035978652222,3.5719388484069152
"Lot answered, “You have done us a great favor, sir. You have saved our lives, but please don't make us go to the hills. That's too far away. The city will be destroyed before we can get there, and we will be killed when it happens.","N wu fanɛ ma asheŋ bɔlɔ fo kenishi, ŋkpal manɛ so, fo wora ma kelela ga m mɔlga ma ŋkpa, ama abee na ase wɔ kufɔ ga. Amoso pɔɛŋ nɛ n fo ndoŋ kusɔ ko beeŋ tiŋ n wora ma nɛ n wu.","When you see a person who is not your relative, do not be afraid of him, but greet him well, so that he will also greet you well. If you do not greet him, he will not greet you.",gerhardt_25FFCBF7_output_DdErIM,,20.067427948601075,3.344035978652222,3.5719388484069152
"Then he said to the servant in charge of the first herd, “When Esau meets you, he will ask whose servant you are. He will want to know where you are going and who owns those animals in front of you.","Kumo be kaman nɛ e kaŋɛ anya na to be emo nɛ e daŋ juŋkpar na fanɛ mo da Isɔɔ baŋ tu mo nseŋ bishi mo fanɛ, “Wanɛ be esa e la fo? Nnɛ nɛ fee yɔ? Wanɛ e wɔ asɔbɔya damta nɛ b juŋkpar fo ere kikɛ?”","The old man said, ""My children, I have seen many things in my life, but I have never seen anything like this. What is this? What is happening? Who is responsible for this great calamity?""",gerhardt_25FFCBF7_output_DdErIM,,18.83480956353865,3.344035978652222,3.5719388484069152
"Seir was from the Horite tribe that had lived in Edom before the time of Esau. The clans that had descended from him were Lotan, Shobal, Zibeon, Anah,","Seyir nɛ e la Horaiebi be esa na be mbinyɛnbi nɛ b daa wɔ efuli na so nde. Lotan nɛ Shobal nɛ Zibiɔn nɛ Ana,","Seyir, the son of Horaiebi, was a hunter. He went hunting in the forest and killed a deer. Lotan, Shobal, Zibiɔn, and Ana",gerhardt_25FFCBF7_output_DdErIM,,28.079156849975817,3.344035978652222,3.5719388484069152
"God gave them his blessing and said: Have a lot of children! Fill the earth with people and bring it under your control. Rule over the fish in the ocean, the birds in the sky, and every animal on the earth.",Ndoŋ nna nɛ Ebɔrɛ nɛfa bumo nseŋ kaŋɛ bumo le: “Men kurge n wora keshi n salga to n sɔ kasawule so kikɛ nsaa ji eleŋ kumo so. Men baa ji eleŋ ekɔrɔtɔ so nɛ mbuibi so nɛ asɔ gbeyeso kikɛ nyam so.”,"The old man said to the young man: ""I am telling you the truth, my child, listen carefully. When you go to the farm, do not steal anyone's crops. Do not go and steal from the garden, nor from the field, nor from the yam farm.""",output_mich003,,22.067602949730777,3.344035978652222,3.5719388484069152
"Forty days later Noah opened a window to send out a raven, but it kept flying around until the water had dried up.",nseŋ lara nyiŋgbeŋ ashi kuloŋgboŋ na to n lɛ kowu nɛ k baa wɔtɔ a lɛa a lɛa a jo saŋɛ nɛ nchu na kikɛ nyam beeŋ feeto kasawule so kuraa.,The old woman said that the child was crying because he was hungry and wanted to eat.,output_mich003,,15.712547319209,3.344035978652222,3.5719388484069152
"Lot answered, “You have done us a great favor, sir. You have saved our lives, but please don't make us go to the hills. That's too far away. The city will be destroyed before we can get there, and we will be killed when it happens.","N wu fanɛ ma asheŋ bɔlɔ fo kenishi, ŋkpal manɛ so, fo wora ma kelela ga m mɔlga ma ŋkpa, ama abee na ase wɔ kufɔ ga. Amoso pɔɛŋ nɛ n fo ndoŋ kusɔ ko beeŋ tiŋ n wora ma nɛ n wu.","If you don't work hard, you will be poor. If you don't work hard, you will be hungry. If you don't work hard, you will be begging for food. So, let's work hard.",output_mich003,,16.985721562463834,3.344035978652222,3.5719388484069152
"Then he said to the servant in charge of the first herd, “When Esau meets you, he will ask whose servant you are. He will want to know where you are going and who owns those animals in front of you.","Kumo be kaman nɛ e kaŋɛ anya na to be emo nɛ e daŋ juŋkpar na fanɛ mo da Isɔɔ baŋ tu mo nseŋ bishi mo fanɛ, “Wanɛ be esa e la fo? Nnɛ nɛ fee yɔ? Wanɛ e wɔ asɔbɔya damta nɛ b juŋkpar fo ere kikɛ?”","The old woman said, ""My child, why are you crying? What is the problem? Who has wronged you and caused you to cry like this?""",output_mich003,,16.89885674977861,3.344035978652222,3.5719388484069152
"Seir was from the Horite tribe that had lived in Edom before the time of Esau. The clans that had descended from him were Lotan, Shobal, Zibeon, Anah,","Seyir nɛ e la Horaiebi be esa na be mbinyɛnbi nɛ b daa wɔ efuli na so nde. Lotan nɛ Shobal nɛ Zibiɔn nɛ Ana,","Seyir, the son of Horaiebi, was a great hunter. He went to the forest to hunt and he killed a lot of animals. Lotan, Shobal, Zibiɔn and Ana",output_mich003,,28.57203200975203,3.344035978652222,3.5719388484069152
"God gave them his blessing and said: Have a lot of children! Fill the earth with people and bring it under your control. Rule over the fish in the ocean, the birds in the sky, and every animal on the earth.",Ndoŋ nna nɛ Ebɔrɛ nɛfa bumo nseŋ kaŋɛ bumo le: “Men kurge n wora keshi n salga to n sɔ kasawule so kikɛ nsaa ji eleŋ kumo so. Men baa ji eleŋ ekɔrɔtɔ so nɛ mbuibi so nɛ asɔ gbeyeso kikɛ nyam so.”,"The old man said to the young man: ""I will tell you the truth, my son. I have seen many things in this world. I have seen good things and bad things. I have seen things that make me happy and things that make me sad.""",output_JA-6,,22.50591293950207,3.344035978652222,3.5719388484069152
"Forty days later Noah opened a window to send out a raven, but it kept flying around until the water had dried up.",nseŋ lara nyiŋgbeŋ ashi kuloŋgboŋ na to n lɛ kowu nɛ k baa wɔtɔ a lɛa a lɛa a jo saŋɛ nɛ nchu na kikɛ nyam beeŋ feeto kasawule so kuraa.,The woman who is called Lara went to the farm to harvest yam. She dug and dug but couldn't find any yam. She was tired and hungry. She sat down and cried.,output_JA-6,,22.8603276105829,3.344035978652222,3.5719388484069152
"Lot answered, “You have done us a great favor, sir. You have saved our lives, but please don't make us go to the hills. That's too far away. The city will be destroyed before we can get there, and we will be killed when it happens.","N wu fanɛ ma asheŋ bɔlɔ fo kenishi, ŋkpal manɛ so, fo wora ma kelela ga m mɔlga ma ŋkpa, ama abee na ase wɔ kufɔ ga. Amoso pɔɛŋ nɛ n fo ndoŋ kusɔ ko beeŋ tiŋ n wora ma nɛ n wu.","When a woman is pregnant, she should not eat anything that is forbidden, she should not eat anything that is not good for her, for she will give birth to a child who will be healthy and strong. If she eats anything that is forbidden, she will give birth to a child who will be weak and sickly.",output_JA-6,,23.63424077449291,3.344035978652222,3.5719388484069152
"Then he said to the servant in charge of the first herd, “When Esau meets you, he will ask whose servant you are. He will want to know where you are going and who owns those animals in front of you.","Kumo be kaman nɛ e kaŋɛ anya na to be emo nɛ e daŋ juŋkpar na fanɛ mo da Isɔɔ baŋ tu mo nseŋ bishi mo fanɛ, “Wanɛ be esa e la fo? Nnɛ nɛ fee yɔ? Wanɛ e wɔ asɔbɔya damta nɛ b juŋkpar fo ere kikɛ?”","The woman said that she was going to the farm and she would return when she was finished. She asked, ""Who is this? What is your name? Who sent you here to ask me these questions?""",output_JA-6,,26.121915108108695,3.344035978652222,3.5719388484069152
"Seir was from the Horite tribe that had lived in Edom before the time of Esau. The clans that had descended from him were Lotan, Shobal, Zibeon, Anah,","Seyir nɛ e la Horaiebi be esa na be mbinyɛnbi nɛ b daa wɔ efuli na so nde. Lotan nɛ Shobal nɛ Zibiɔn nɛ Ana,","Seyir, the son of Horaiebi, was a hunter. He went to the forest to hunt. Lotan, Shobal, Zibiɔn, and Ana were with him.",output_JA-6,,28.517314810229056,3.344035978652222,3.5719388484069152
"God gave them his blessing and said: Have a lot of children! Fill the earth with people and bring it under your control. Rule over the fish in the ocean, the birds in the sky, and every animal on the earth.",Ndoŋ nna nɛ Ebɔrɛ nɛfa bumo nseŋ kaŋɛ bumo le: “Men kurge n wora keshi n salga to n sɔ kasawule so kikɛ nsaa ji eleŋ kumo so. Men baa ji eleŋ ekɔrɔtɔ so nɛ mbuibi so nɛ asɔ gbeyeso kikɛ nyam so.”,"The old man said to his son: ""I am going to tell you a story about a man who went to the farm and found a very big snake. He ran away and went to tell the people in the village. The people came with their weapons and went to kill the snake.""",Dec 03 output,,26.303335236884795,3.344035978652222,3.5719388484069152
"Forty days later Noah opened a window to send out a raven, but it kept flying around until the water had dried up.",nseŋ lara nyiŋgbeŋ ashi kuloŋgboŋ na to n lɛ kowu nɛ k baa wɔtɔ a lɛa a lɛa a jo saŋɛ nɛ nchu na kikɛ nyam beeŋ feeto kasawule so kuraa.,The old woman said that she was going to the farm to harvest some food for her children because they were hungry.,Dec 03 output,,16.730682243628017,3.344035978652222,3.5719388484069152
"Lot answered, “You have done us a great favor, sir. You have saved our lives, but please don't make us go to the hills. That's too far away. The city will be destroyed before we can get there, and we will be killed when it happens.","N wu fanɛ ma asheŋ bɔlɔ fo kenishi, ŋkpal manɛ so, fo wora ma kelela ga m mɔlga ma ŋkpa, ama abee na ase wɔ kufɔ ga. Amoso pɔɛŋ nɛ n fo ndoŋ kusɔ ko beeŋ tiŋ n wora ma nɛ n wu.","When you are tired of carrying a heavy load, put it down and rest, so that you can gather strength to continue. If you don't rest, you will fall down and die.",Dec 03 output,,18.90964463661235,3.344035978652222,3.5719388484069152
"Then he said to the servant in charge of the first herd, “When Esau meets you, he will ask whose servant you are. He will want to know where you are going and who owns those animals in front of you.","Kumo be kaman nɛ e kaŋɛ anya na to be emo nɛ e daŋ juŋkpar na fanɛ mo da Isɔɔ baŋ tu mo nseŋ bishi mo fanɛ, “Wanɛ be esa e la fo? Nnɛ nɛ fee yɔ? Wanɛ e wɔ asɔbɔya damta nɛ b juŋkpar fo ere kikɛ?”","A woman was walking along the road when she saw a man sitting under a tree. She asked him, ""Who are you? What are you doing here? Why are you sitting under this tree alone?""",Dec 03 output,,22.56955818058367,3.344035978652222,3.5719388484069152
"Seir was from the Horite tribe that had lived in Edom before the time of Esau. The clans that had descended from him were Lotan, Shobal, Zibeon, Anah,","Seyir nɛ e la Horaiebi be esa na be mbinyɛnbi nɛ b daa wɔ efuli na so nde. Lotan nɛ Shobal nɛ Zibiɔn nɛ Ana,","Seyir, the son of Horaiebi, was a great hunter. He went to the forest to hunt and he saw a deer. Lotan, Shobal, Zibiɔn and Ana",Dec 03 output,,28.405013818747733,3.344035978652222,3.5719388484069152
"God gave them his blessing and said: Have a lot of children! Fill the earth with people and bring it under your control. Rule over the fish in the ocean, the birds in the sky, and every animal on the earth.",Ndoŋ nna nɛ Ebɔrɛ nɛfa bumo nseŋ kaŋɛ bumo le: “Men kurge n wora keshi n salga to n sɔ kasawule so kikɛ nsaa ji eleŋ kumo so. Men baa ji eleŋ ekɔrɔtɔ so nɛ mbuibi so nɛ asɔ gbeyeso kikɛ nyam so.”,"The old woman said to the young woman: ""I will tell you a story about a woman who went to the farm and found a big snake in the bush. She ran away and went to the village and told the people about the snake.""",Dec 09 output,,23.965373201372913,3.344035978652222,3.5719388484069152
"Forty days later Noah opened a window to send out a raven, but it kept flying around until the water had dried up.",nseŋ lara nyiŋgbeŋ ashi kuloŋgboŋ na to n lɛ kowu nɛ k baa wɔtɔ a lɛa a lɛa a jo saŋɛ nɛ nchu na kikɛ nyam beeŋ feeto kasawule so kuraa.,"The old woman said that she would go to the farm tomorrow, but she was tired and didn't want to go. She said she would go if someone helped her carry the load.",Dec 09 output,,19.778152168305223,3.344035978652222,3.5719388484069152
"Lot answered, “You have done us a great favor, sir. You have saved our lives, but please don't make us go to the hills. That's too far away. The city will be destroyed before we can get there, and we will be killed when it happens.","N wu fanɛ ma asheŋ bɔlɔ fo kenishi, ŋkpal manɛ so, fo wora ma kelela ga m mɔlga ma ŋkpa, ama abee na ase wɔ kufɔ ga. Amoso pɔɛŋ nɛ n fo ndoŋ kusɔ ko beeŋ tiŋ n wora ma nɛ n wu.","When you are going to farm, take your cutlass and hoe along, and if you find a yam that is ready to be harvested, dig it up and bring it home. Even if you don't find any yam, don't be discouraged, because you will find something else to bring home.",Dec 09 output,,22.070418095878384,3.344035978652222,3.5719388484069152
"Then he said to the servant in charge of the first herd, “When Esau meets you, he will ask whose servant you are. He will want to know where you are going and who owns those animals in front of you.","Kumo be kaman nɛ e kaŋɛ anya na to be emo nɛ e daŋ juŋkpar na fanɛ mo da Isɔɔ baŋ tu mo nseŋ bishi mo fanɛ, “Wanɛ be esa e la fo? Nnɛ nɛ fee yɔ? Wanɛ e wɔ asɔbɔya damta nɛ b juŋkpar fo ere kikɛ?”","A man went to the farm and saw a woman working there. He asked her, ""Who are you? What are you doing here? Are you the one who owns this farm?""",Dec 09 output,,25.341915815477613,3.344035978652222,3.5719388484069152
"Seir was from the Horite tribe that had lived in Edom before the time of Esau. The clans that had descended from him were Lotan, Shobal, Zibeon, Anah,","Seyir nɛ e la Horaiebi be esa na be mbinyɛnbi nɛ b daa wɔ efuli na so nde. Lotan nɛ Shobal nɛ Zibiɔn nɛ Ana,","Seyir, the son of Horaiebi, was a hunter. He went to the forest to hunt and he saw a deer. Lotan, Shobal, Zibiɔn and Ana",Dec 09 output,,27.793985555537432,3.344035978652222,3.5719388484069152
"I will take care of you there during the next five years of famine. But if you don't come, you and your family and your animals will starve to death.”","Fo ba kaa wɔ Goshen, meeŋ baa keni fo nɛ fo kanaŋ to ebi so, ŋkpal manɛ so, nfɛ anu mo nɛ a kraa wɔ anyi be anishito ere kraa la akoŋ be nfɛ nna. Ma alɛ maa sha fanɛ akoŋ nɛ ketentaŋase e mɔ fo nɛ fo kowu to ebi nɛ fo basa kikɛ nɛ fo asɔbɔya kikɛ.’ ”","When they arrived in Goshen, the Lord said to Joseph, “I am with you and will watch over you. I will bless you and make you fruitful and numerous. I will give you this land, and you will be a blessing to all nations. I will be with you always.”",output_onesimus007,0.3347199,26.801561917660816,3.344035978652222,3.5719388484069152
"“How is he?” Jacob asked. “He's fine,” they answered. “And here comes his daughter Rachel with the sheep.”","Nɛ Jeekɔb naŋ bishi bumo fanɛ e kɔ alenfia a? Nɛ b naŋ shuli ŋ kaŋɛ: “Mm, e kɔ alenfia, mo pibiche Reechel gba e ya keta bumo be mbolpɔ a ba na.”","Didn't Jacob ask for a drink of water? And he said: ""Yes, I will give you a drink if you let my sister Rachel come and draw water with me.""",output_onesimus007,0.5966782,27.57041308029502,3.344035978652222,3.5719388484069152
"And Abraham asked him, “Lord, when you destroy the evil people, are you also going to destroy those who are good?","Ndoŋ nna nɛ Eebraham firgi n taga Enyɛnpe na to nseŋ bishi mo le: “Enyɛnpe, ama fo baa yɔ nna nɛ fo ya mur basa nɛ b niŋi nɛ alubiworapoana kikɛ nna a?","Abraham said to Enenpe, ""Enenpe, why do you always come to me and ask for food when you have a farm?""",output_onesimus007,0.5362874,24.022143876929295,3.344035978652222,3.5719388484069152
Seven days later a flood began to cover the earth.,Nchɛ ashunu na be kaman nɛ nchu fara a sɔ kasawule so kikɛ.,The old woman said that she would go and buy some kola nuts for the ceremony.,output_onesimus007,0.054981124,18.58882120840965,3.344035978652222,3.5719388484069152
"Since Jacob was in love with Rachel, he answered, “If you will let me marry Rachel, I'll work seven years for you.”",Amoso Jeekɔb be kagbene daŋ pɛ Reechel nna nɛ e kaŋɛ Leeban le: “Meeŋ shuŋ nfɛnshunu n sa fo nɛ fo ta fo pibiche kekarkarso Reechel n sa ma.”,"Jacob went to Rachel's father and said to him, ""I have served you for seven years for Rachel, and I will serve you for another seven years.""",output_onesimus007,0.8146175,34.700129683967226,3.344035978652222,3.5719388484069152
"God gave them his blessing and said: Have a lot of children! Fill the earth with people and bring it under your control. Rule over the fish in the ocean, the birds in the sky, and every animal on the earth.",Ndoŋ nna nɛ Ebɔrɛ nɛfa bumo nseŋ kaŋɛ bumo le: “Men kurge n wora keshi n salga to n sɔ kasawule so kikɛ nsaa ji eleŋ kumo so. Men baa ji eleŋ ekɔrɔtɔ so nɛ mbuibi so nɛ asɔ gbeyeso kikɛ nyam so.”,"The old man said to the young man: ""I have seen many things in this world, and I have learned that it is not good to be greedy. If you are greedy, you will only end up hurting yourself and others. It is better to be content with what you have and to be kind to others.""",john_1C6E69D4_output (8),,26.609878049002294,3.344035978652222,3.5719388484069152
"Forty days later Noah opened a window to send out a raven, but it kept flying around until the water had dried up.",nseŋ lara nyiŋgbeŋ ashi kuloŋgboŋ na to n lɛ kowu nɛ k baa wɔtɔ a lɛa a lɛa a jo saŋɛ nɛ nchu na kikɛ nyam beeŋ feeto kasawule so kuraa.,"The old woman said that the child should go and fetch water from the well, but the child refused and said that she was tired.",john_1C6E69D4_output (8),,20.02047471176206,3.344035978652222,3.5719388484069152
"Lot answered, “You have done us a great favor, sir. You have saved our lives, but please don't make us go to the hills. That's too far away. The city will be destroyed before we can get there, and we will be killed when it happens.","N wu fanɛ ma asheŋ bɔlɔ fo kenishi, ŋkpal manɛ so, fo wora ma kelela ga m mɔlga ma ŋkpa, ama abee na ase wɔ kufɔ ga. Amoso pɔɛŋ nɛ n fo ndoŋ kusɔ ko beeŋ tiŋ n wora ma nɛ n wu.","When you are hungry, go and ask for food from your neighbor, if they have, they will give you some, and if they don't have, don't be angry with them. Because it is not their fault that they don't have food.",john_1C6E69D4_output (8),,22.61288958310952,3.344035978652222,3.5719388484069152
"Then he said to the servant in charge of the first herd, “When Esau meets you, he will ask whose servant you are. He will want to know where you are going and who owns those animals in front of you.","Kumo be kaman nɛ e kaŋɛ anya na to be emo nɛ e daŋ juŋkpar na fanɛ mo da Isɔɔ baŋ tu mo nseŋ bishi mo fanɛ, “Wanɛ be esa e la fo? Nnɛ nɛ fee yɔ? Wanɛ e wɔ asɔbɔya damta nɛ b juŋkpar fo ere kikɛ?”","The old man said, ""My child, why are you crying? What is the matter? Who has wronged you and caused you to cry like this?""",john_1C6E69D4_output (8),,16.969399270334403,3.344035978652222,3.5719388484069152
"Seir was from the Horite tribe that had lived in Edom before the time of Esau. The clans that had descended from him were Lotan, Shobal, Zibeon, Anah,","Seyir nɛ e la Horaiebi be esa na be mbinyɛnbi nɛ b daa wɔ efuli na so nde. Lotan nɛ Shobal nɛ Zibiɔn nɛ Ana,","Seyir, the son of Horaiebi, was a very strong man. He was a hunter and he went to the bush to hunt. Lotan, Shobal, Zibiɔn and Ana were his children.",john_1C6E69D4_output (8),,28.091235124145307,3.344035978652222,3.5719388484069152
"God gave them his blessing and said: Have a lot of children! Fill the earth with people and bring it under your control. Rule over the fish in the ocean, the birds in the sky, and every animal on the earth.",Ndoŋ nna nɛ Ebɔrɛ nɛfa bumo nseŋ kaŋɛ bumo le: “Men kurge n wora keshi n salga to n sɔ kasawule so kikɛ nsaa ji eleŋ kumo so. Men baa ji eleŋ ekɔrɔtɔ so nɛ mbuibi so nɛ asɔ gbeyeso kikɛ nyam so.”,"The old man said to the young man: ""I have seen many things in this world, and I have learned that it is good to be humble. You should not boast about your wealth or your possessions, because they are temporary. You should be grateful for what you have, and you should help others.""",output_johnayernor,,24.816466587770634,3.344035978652222,3.5719388484069152
"Forty days later Noah opened a window to send out a raven, but it kept flying around until the water had dried up.",nseŋ lara nyiŋgbeŋ ashi kuloŋgboŋ na to n lɛ kowu nɛ k baa wɔtɔ a lɛa a lɛa a jo saŋɛ nɛ nchu na kikɛ nyam beeŋ feeto kasawule so kuraa.,The old woman said that the young man should go and look for work because he is lazy and does not want to work. He only wants to eat and sleep.,output_johnayernor,,18.599763367263698,3.344035978652222,3.5719388484069152
"Lot answered, “You have done us a great favor, sir. You have saved our lives, but please don't make us go to the hills. That's too far away. The city will be destroyed before we can get there, and we will be killed when it happens.","N wu fanɛ ma asheŋ bɔlɔ fo kenishi, ŋkpal manɛ so, fo wora ma kelela ga m mɔlga ma ŋkpa, ama abee na ase wɔ kufɔ ga. Amoso pɔɛŋ nɛ n fo ndoŋ kusɔ ko beeŋ tiŋ n wora ma nɛ n wu.","When a person is born, they are given a name, and their lineage is traced. If they grow up well, they will be given a title, but if they do not, they will remain without one. This is how it is done in our land.",output_johnayernor,,23.258611910818644,3.344035978652222,3.5719388484069152
"Then he said to the servant in charge of the first herd, “When Esau meets you, he will ask whose servant you are. He will want to know where you are going and who owns those animals in front of you.","Kumo be kaman nɛ e kaŋɛ anya na to be emo nɛ e daŋ juŋkpar na fanɛ mo da Isɔɔ baŋ tu mo nseŋ bishi mo fanɛ, “Wanɛ be esa e la fo? Nnɛ nɛ fee yɔ? Wanɛ e wɔ asɔbɔya damta nɛ b juŋkpar fo ere kikɛ?”","The old man said, ""I am going to tell you a story about a man who went to the farm and saw a strange creature. He asked, 'Who are you? What are you doing here? Why are you making this noise?'""",output_johnayernor,,25.635869623130304,3.344035978652222,3.5719388484069152
"Seir was from the Horite tribe that had lived in Edom before the time of Esau. The clans that had descended from him were Lotan, Shobal, Zibeon, Anah,","Seyir nɛ e la Horaiebi be esa na be mbinyɛnbi nɛ b daa wɔ efuli na so nde. Lotan nɛ Shobal nɛ Zibiɔn nɛ Ana,","Seyir is a man from Horaiebi. He is a farmer and he has a wife and children. His wife's name is Lotan and his children's names are Shobal, Zibiɔn, and Ana.",output_johnayernor,,22.860692764422815,3.344035978652222,3.5719388484069152
"God gave them his blessing and said: Have a lot of children! Fill the earth with people and bring it under your control. Rule over the fish in the ocean, the birds in the sky, and every animal on the earth.",Ndoŋ nna nɛ Ebɔrɛ nɛfa bumo nseŋ kaŋɛ bumo le: “Men kurge n wora keshi n salga to n sɔ kasawule so kikɛ nsaa ji eleŋ kumo so. Men baa ji eleŋ ekɔrɔtɔ so nɛ mbuibi so nɛ asɔ gbeyeso kikɛ nyam so.”,"The old man said to the young man: ""I have seen many things in this world, and I have learned that it is good to be humble. Do not be arrogant, for arrogance leads to destruction. Be humble, and you will find favor in the eyes of the people.""",Dec 11 output,,27.699791599524282,3.344035978652222,3.5719388484069152
"Forty days later Noah opened a window to send out a raven, but it kept flying around until the water had dried up.",nseŋ lara nyiŋgbeŋ ashi kuloŋgboŋ na to n lɛ kowu nɛ k baa wɔtɔ a lɛa a lɛa a jo saŋɛ nɛ nchu na kikɛ nyam beeŋ feeto kasawule so kuraa.,The woman went to the farm to harvest corn. She worked hard and filled her basket. She was happy because she had enough food to feed her family.,Dec 11 output,,18.105941785963005,3.344035978652222,3.5719388484069152
"Lot answered, “You have done us a great favor, sir. You have saved our lives, but please don't make us go to the hills. That's too far away. The city will be destroyed before we can get there, and we will be killed when it happens.","N wu fanɛ ma asheŋ bɔlɔ fo kenishi, ŋkpal manɛ so, fo wora ma kelela ga m mɔlga ma ŋkpa, ama abee na ase wɔ kufɔ ga. Amoso pɔɛŋ nɛ n fo ndoŋ kusɔ ko beeŋ tiŋ n wora ma nɛ n wu.","When a person is in trouble, they should seek help from their elders, because they have experience and can advise them well. If they don't listen to the advice of their elders, they will face difficulties.",Dec 11 output,,21.49198273419471,3.344035978652222,3.5719388484069152
"Then he said to the servant in charge of the first herd, “When Esau meets you, he will ask whose servant you are. He will want to know where you are going and who owns those animals in front of you.","Kumo be kaman nɛ e kaŋɛ anya na to be emo nɛ e daŋ juŋkpar na fanɛ mo da Isɔɔ baŋ tu mo nseŋ bishi mo fanɛ, “Wanɛ be esa e la fo? Nnɛ nɛ fee yɔ? Wanɛ e wɔ asɔbɔya damta nɛ b juŋkpar fo ere kikɛ?”","A man went to the farm and saw a woman working there. He asked her, ""Who are you? What are you doing here? Are you the one who stole the yams from my farm?""",Dec 11 output,,23.744018577845775,3.344035978652222,3.5719388484069152
"Seir was from the Horite tribe that had lived in Edom before the time of Esau. The clans that had descended from him were Lotan, Shobal, Zibeon, Anah,","Seyir nɛ e la Horaiebi be esa na be mbinyɛnbi nɛ b daa wɔ efuli na so nde. Lotan nɛ Shobal nɛ Zibiɔn nɛ Ana,","Seyir, the son of Horaiebi, was a very strong man. He was known for his strength and bravery. Lotan, Shobal, Zibiɔn, and Ana were his children.",Dec 11 output,,27.183731121017747,3.344035978652222,3.5719388484069152
"God gave them his blessing and said: Have a lot of children! Fill the earth with people and bring it under your control. Rule over the fish in the ocean, the birds in the sky, and every animal on the earth.",Ndoŋ nna nɛ Ebɔrɛ nɛfa bumo nseŋ kaŋɛ bumo le: “Men kurge n wora keshi n salga to n sɔ kasawule so kikɛ nsaa ji eleŋ kumo so. Men baa ji eleŋ ekɔrɔtɔ so nɛ mbuibi so nɛ asɔ gbeyeso kikɛ nyam so.”,"The old man said to the young man: ""I will tell you a story about a man who went to the farm and found a big snake in the bush. He ran away quickly and went to tell the people in the village. The people came with their tools and killed the snake.""",gerhardt_0445F08A_output_T9n53N,,26.214607929511175,3.344035978652222,3.5719388484069152
"Forty days later Noah opened a window to send out a raven, but it kept flying around until the water had dried up.",nseŋ lara nyiŋgbeŋ ashi kuloŋgboŋ na to n lɛ kowu nɛ k baa wɔtɔ a lɛa a lɛa a jo saŋɛ nɛ nchu na kikɛ nyam beeŋ feeto kasawule so kuraa.,The woman who is called Lara went to the farm to harvest yam. She dug up the yam and put it in a basket. She carried the basket on her head and went home.,gerhardt_0445F08A_output_T9n53N,,21.404652988463653,3.344035978652222,3.5719388484069152
"Lot answered, “You have done us a great favor, sir. You have saved our lives, but please don't make us go to the hills. That's too far away. The city will be destroyed before we can get there, and we will be killed when it happens.","N wu fanɛ ma asheŋ bɔlɔ fo kenishi, ŋkpal manɛ so, fo wora ma kelela ga m mɔlga ma ŋkpa, ama abee na ase wɔ kufɔ ga. Amoso pɔɛŋ nɛ n fo ndoŋ kusɔ ko beeŋ tiŋ n wora ma nɛ n wu.","When you see a beautiful woman, don't be hasty, for she may be someone's wife. If you see her and you want to talk to her, ask her where she is going. If she says she is going to the farm, then you can follow her.",gerhardt_0445F08A_output_T9n53N,,21.538695242936456,3.344035978652222,3.5719388484069152
"Then he said to the servant in charge of the first herd, “When Esau meets you, he will ask whose servant you are. He will want to know where you are going and who owns those animals in front of you.","Kumo be kaman nɛ e kaŋɛ anya na to be emo nɛ e daŋ juŋkpar na fanɛ mo da Isɔɔ baŋ tu mo nseŋ bishi mo fanɛ, “Wanɛ be esa e la fo? Nnɛ nɛ fee yɔ? Wanɛ e wɔ asɔbɔya damta nɛ b juŋkpar fo ere kikɛ?”","The old man said, ""What is this thing that you have brought here? What is it for? What is its purpose? Why have you brought this thing here?""",gerhardt_0445F08A_output_T9n53N,,17.26875371878212,3.344035978652222,3.5719388484069152
"Seir was from the Horite tribe that had lived in Edom before the time of Esau. The clans that had descended from him were Lotan, Shobal, Zibeon, Anah,","Seyir nɛ e la Horaiebi be esa na be mbinyɛnbi nɛ b daa wɔ efuli na so nde. Lotan nɛ Shobal nɛ Zibiɔn nɛ Ana,","Seyir is a man from Horaiebi. He is a farmer and he has many children. His children are Lotan, Shobal, Zibiɔn, and Ana.",gerhardt_0445F08A_output_T9n53N,,26.483198520728752,3.344035978652222,3.5719388484069152
"God gave them his blessing and said: Have a lot of children! Fill the earth with people and bring it under your control. Rule over the fish in the ocean, the birds in the sky, and every animal on the earth.",Ndoŋ nna nɛ Ebɔrɛ nɛfa bumo nseŋ kaŋɛ bumo le: “Men kurge n wora keshi n salga to n sɔ kasawule so kikɛ nsaa ji eleŋ kumo so. Men baa ji eleŋ ekɔrɔtɔ so nɛ mbuibi so nɛ asɔ gbeyeso kikɛ nyam so.”,"The old man said to the young man: ""I will tell you a story about a hunter who went hunting and found a big animal. He brought it home and shared it with his friends and family.""",gerhardt_60BC0D18_output (8),,23.895088250460496,3.344035978652222,3.5719388484069152
"Forty days later Noah opened a window to send out a raven, but it kept flying around until the water had dried up.",nseŋ lara nyiŋgbeŋ ashi kuloŋgboŋ na to n lɛ kowu nɛ k baa wɔtɔ a lɛa a lɛa a jo saŋɛ nɛ nchu na kikɛ nyam beeŋ feeto kasawule so kuraa.,The old woman said that the young man should go and look for firewood because she is hungry and wants to cook food.,gerhardt_60BC0D18_output (8),,16.133889963772702,3.344035978652222,3.5719388484069152
"Lot answered, “You have done us a great favor, sir. You have saved our lives, but please don't make us go to the hills. That's too far away. The city will be destroyed before we can get there, and we will be killed when it happens.","N wu fanɛ ma asheŋ bɔlɔ fo kenishi, ŋkpal manɛ so, fo wora ma kelela ga m mɔlga ma ŋkpa, ama abee na ase wɔ kufɔ ga. Amoso pɔɛŋ nɛ n fo ndoŋ kusɔ ko beeŋ tiŋ n wora ma nɛ n wu.","When you see a beautiful woman, don't be hasty, take your time, and get to know her well before you rush into marriage. Even if she is beautiful, don't be deceived by her outward appearance. A woman's true worth is known through her character and actions.",gerhardt_60BC0D18_output (8),,25.861686388827447,3.344035978652222,3.5719388484069152
"Then he said to the servant in charge of the first herd, “When Esau meets you, he will ask whose servant you are. He will want to know where you are going and who owns those animals in front of you.","Kumo be kaman nɛ e kaŋɛ anya na to be emo nɛ e daŋ juŋkpar na fanɛ mo da Isɔɔ baŋ tu mo nseŋ bishi mo fanɛ, “Wanɛ be esa e la fo? Nnɛ nɛ fee yɔ? Wanɛ e wɔ asɔbɔya damta nɛ b juŋkpar fo ere kikɛ?”","The old man said that he had seen a woman who was crying and asked her why she was crying. She said, ""My husband has gone to the farm and hasn't returned. I am worried about him.""",gerhardt_60BC0D18_output (8),,22.260431004836104,3.344035978652222,3.5719388484069152
"Seir was from the Horite tribe that had lived in Edom before the time of Esau. The clans that had descended from him were Lotan, Shobal, Zibeon, Anah,","Seyir nɛ e la Horaiebi be esa na be mbinyɛnbi nɛ b daa wɔ efuli na so nde. Lotan nɛ Shobal nɛ Zibiɔn nɛ Ana,","Seyir went to Horaiebi and said to them, ""I have come to you to ask for your help. I want to marry a woman, but I don't have any money. Lotan, Shobal, Zibiɔn, and Ana",gerhardt_60BC0D18_output (8),,26.693649721835687,3.344035978652222,3.5719388484069152
"God gave them his blessing and said: Have a lot of children! Fill the earth with people and bring it under your control. Rule over the fish in the ocean, the birds in the sky, and every animal on the earth.",Ndoŋ nna nɛ Ebɔrɛ nɛfa bumo nseŋ kaŋɛ bumo le: “Men kurge n wora keshi n salga to n sɔ kasawule so kikɛ nsaa ji eleŋ kumo so. Men baa ji eleŋ ekɔrɔtɔ so nɛ mbuibi so nɛ asɔ gbeyeso kikɛ nyam so.”,"The old man said to the young man, ""I have seen many things in this world. I have seen the good and the bad. I have seen the rich and the poor. I have seen the wise and the foolish. I have seen the strong and the weak.""",onesimus_BAB3F503_Dec 10 output,,25.83349339452015,3.344035978652222,3.5719388484069152
"Forty days later Noah opened a window to send out a raven, but it kept flying around until the water had dried up.",nseŋ lara nyiŋgbeŋ ashi kuloŋgboŋ na to n lɛ kowu nɛ k baa wɔtɔ a lɛa a lɛa a jo saŋɛ nɛ nchu na kikɛ nyam beeŋ feeto kasawule so kuraa.,"The old woman said that she would go and fetch water from the well, but she was afraid because she was old and weak. She said that she would try her best, but she was not sure if she could do it.",onesimus_BAB3F503_Dec 10 output,,19.4118528511854,3.344035978652222,3.5719388484069152
"Lot answered, “You have done us a great favor, sir. You have saved our lives, but please don't make us go to the hills. That's too far away. The city will be destroyed before we can get there, and we will be killed when it happens.","N wu fanɛ ma asheŋ bɔlɔ fo kenishi, ŋkpal manɛ so, fo wora ma kelela ga m mɔlga ma ŋkpa, ama abee na ase wɔ kufɔ ga. Amoso pɔɛŋ nɛ n fo ndoŋ kusɔ ko beeŋ tiŋ n wora ma nɛ n wu.","When you are going to the farm, greet the elders first, then go and work on your own farm, but don't forget to help your neighbor. If you see someone in need, help them.",onesimus_BAB3F503_Dec 10 output,,19.392196646716638,3.344035978652222,3.5719388484069152
"Then he said to the servant in charge of the first herd, “When Esau meets you, he will ask whose servant you are. He will want to know where you are going and who owns those animals in front of you.","Kumo be kaman nɛ e kaŋɛ anya na to be emo nɛ e daŋ juŋkpar na fanɛ mo da Isɔɔ baŋ tu mo nseŋ bishi mo fanɛ, “Wanɛ be esa e la fo? Nnɛ nɛ fee yɔ? Wanɛ e wɔ asɔbɔya damta nɛ b juŋkpar fo ere kikɛ?”","The old man said, ""I have seen many things in my life, but I have never seen anything like this. What is this? What is it doing? Is this a new kind of animal that has come to our land?""",onesimus_BAB3F503_Dec 10 output,,20.64015091279117,3.344035978652222,3.5719388484069152
"Seir was from the Horite tribe that had lived in Edom before the time of Esau. The clans that had descended from him were Lotan, Shobal, Zibeon, Anah,","Seyir nɛ e la Horaiebi be esa na be mbinyɛnbi nɛ b daa wɔ efuli na so nde. Lotan nɛ Shobal nɛ Zibiɔn nɛ Ana,","Seyir is a man from Horaiebi. He is a hunter and he is very good at it. He has many wives, Lotan, Shobal, Zibiɔn and Ana.",onesimus_BAB3F503_Dec 10 output,,25.220828857675954,3.344035978652222,3.5719388484069152
"God gave them his blessing and said: Have a lot of children! Fill the earth with people and bring it under your control. Rule over the fish in the ocean, the birds in the sky, and every animal on the earth.",Ndoŋ nna nɛ Ebɔrɛ nɛfa bumo nseŋ kaŋɛ bumo le: “Men kurge n wora keshi n salga to n sɔ kasawule so kikɛ nsaa ji eleŋ kumo so. Men baa ji eleŋ ekɔrɔtɔ so nɛ mbuibi so nɛ asɔ gbeyeso kikɛ nyam so.”,"The old man said to his son: ""I have seen many things in this world, and I have learned that it is good to be humble and respectful. I have seen many people who were proud and arrogant, and they ended up being destroyed.""",onesimus_AE3F5661_Dec 08 output,,25.7404773762469,3.344035978652222,3.5719388484069152
"Forty days later Noah opened a window to send out a raven, but it kept flying around until the water had dried up.",nseŋ lara nyiŋgbeŋ ashi kuloŋgboŋ na to n lɛ kowu nɛ k baa wɔtɔ a lɛa a lɛa a jo saŋɛ nɛ nchu na kikɛ nyam beeŋ feeto kasawule so kuraa.,The woman who was carrying firewood on her head fell down and her firewood scattered. She got up and gathered the firewood and continued her journey.,onesimus_AE3F5661_Dec 08 output,,19.906172567668428,3.344035978652222,3.5719388484069152
"Lot answered, “You have done us a great favor, sir. You have saved our lives, but please don't make us go to the hills. That's too far away. The city will be destroyed before we can get there, and we will be killed when it happens.","N wu fanɛ ma asheŋ bɔlɔ fo kenishi, ŋkpal manɛ so, fo wora ma kelela ga m mɔlga ma ŋkpa, ama abee na ase wɔ kufɔ ga. Amoso pɔɛŋ nɛ n fo ndoŋ kusɔ ko beeŋ tiŋ n wora ma nɛ n wu.","If you want to be successful in life, you must be humble and respect everyone. Do not be proud, because pride will destroy you. Be kind to everyone, even those who wrong you, and you will be blessed.",onesimus_AE3F5661_Dec 08 output,,22.163512896907946,3.344035978652222,3.5719388484069152
"Then he said to the servant in charge of the first herd, “When Esau meets you, he will ask whose servant you are. He will want to know where you are going and who owns those animals in front of you.","Kumo be kaman nɛ e kaŋɛ anya na to be emo nɛ e daŋ juŋkpar na fanɛ mo da Isɔɔ baŋ tu mo nseŋ bishi mo fanɛ, “Wanɛ be esa e la fo? Nnɛ nɛ fee yɔ? Wanɛ e wɔ asɔbɔya damta nɛ b juŋkpar fo ere kikɛ?”","The old man said, ""I am telling you, if you don't listen to what I am saying, you will be in trouble. Who will you blame when you are in trouble? You will blame yourself for not listening to my advice.""",onesimus_AE3F5661_Dec 08 output,,22.662110191890132,3.344035978652222,3.5719388484069152
"Seir was from the Horite tribe that had lived in Edom before the time of Esau. The clans that had descended from him were Lotan, Shobal, Zibeon, Anah,","Seyir nɛ e la Horaiebi be esa na be mbinyɛnbi nɛ b daa wɔ efuli na so nde. Lotan nɛ Shobal nɛ Zibiɔn nɛ Ana,","Seyir, the son of Horaiebi, was a great hunter. He went to the forest and killed a very large animal. Lotan, Shobal, Zibiɔn, and Ana",onesimus_AE3F5661_Dec 08 output,,28.48906189944429,3.344035978652222,3.5719388484069152
"God gave them his blessing and said: Have a lot of children! Fill the earth with people and bring it under your control. Rule over the fish in the ocean, the birds in the sky, and every animal on the earth.",Ndoŋ nna nɛ Ebɔrɛ nɛfa bumo nseŋ kaŋɛ bumo le: “Men kurge n wora keshi n salga to n sɔ kasawule so kikɛ nsaa ji eleŋ kumo so. Men baa ji eleŋ ekɔrɔtɔ so nɛ mbuibi so nɛ asɔ gbeyeso kikɛ nyam so.”,"The old man said to the young man: ""I have seen many things in this world, but I have never seen a woman who is beautiful and does not know how to cook. If a woman is beautiful and does not know how to cook, she is like a beautiful calabash that cannot hold water.""",onesimus_A84A9EF3_Dec 04 output,,21.777469342253983,3.344035978652222,3.5719388484069152
"Forty days later Noah opened a window to send out a raven, but it kept flying around until the water had dried up.",nseŋ lara nyiŋgbeŋ ashi kuloŋgboŋ na to n lɛ kowu nɛ k baa wɔtɔ a lɛa a lɛa a jo saŋɛ nɛ nchu na kikɛ nyam beeŋ feeto kasawule so kuraa.,"The woman who was grinding corn heard a noise and went to see what it was. When she got there, she saw a big snake and ran away quickly.",onesimus_A84A9EF3_Dec 04 output,,19.17596175641032,3.344035978652222,3.5719388484069152
"Lot answered, “You have done us a great favor, sir. You have saved our lives, but please don't make us go to the hills. That's too far away. The city will be destroyed before we can get there, and we will be killed when it happens.","N wu fanɛ ma asheŋ bɔlɔ fo kenishi, ŋkpal manɛ so, fo wora ma kelela ga m mɔlga ma ŋkpa, ama abee na ase wɔ kufɔ ga. Amoso pɔɛŋ nɛ n fo ndoŋ kusɔ ko beeŋ tiŋ n wora ma nɛ n wu.","When you are hungry, go and eat, don't be shy. If you are thirsty, go and drink water. Don't be ashamed to ask for help when you need it.",onesimus_A84A9EF3_Dec 04 output,,16.16699177170117,3.344035978652222,3.5719388484069152
"Then he said to the servant in charge of the first herd, “When Esau meets you, he will ask whose servant you are. He will want to know where you are going and who owns those animals in front of you.","Kumo be kaman nɛ e kaŋɛ anya na to be emo nɛ e daŋ juŋkpar na fanɛ mo da Isɔɔ baŋ tu mo nseŋ bishi mo fanɛ, “Wanɛ be esa e la fo? Nnɛ nɛ fee yɔ? Wanɛ e wɔ asɔbɔya damta nɛ b juŋkpar fo ere kikɛ?”","The woman said, ""My child, why are you crying? What is wrong? Who is troubling you so much that you are crying?""",onesimus_A84A9EF3_Dec 04 output,,16.8092628868465,3.344035978652222,3.5719388484069152
"Seir was from the Horite tribe that had lived in Edom before the time of Esau. The clans that had descended from him were Lotan, Shobal, Zibeon, Anah,","Seyir nɛ e la Horaiebi be esa na be mbinyɛnbi nɛ b daa wɔ efuli na so nde. Lotan nɛ Shobal nɛ Zibiɔn nɛ Ana,",Seyir and Horaiebi went to the farm to work. They worked hard and came home tired.,onesimus_A84A9EF3_Dec 04 output,,14.067163184397845,3.344035978652222,3.5719388484069152
"God gave them his blessing and said: Have a lot of children! Fill the earth with people and bring it under your control. Rule over the fish in the ocean, the birds in the sky, and every animal on the earth.",Ndoŋ nna nɛ Ebɔrɛ nɛfa bumo nseŋ kaŋɛ bumo le: “Men kurge n wora keshi n salga to n sɔ kasawule so kikɛ nsaa ji eleŋ kumo so. Men baa ji eleŋ ekɔrɔtɔ so nɛ mbuibi so nɛ asɔ gbeyeso kikɛ nyam so.”,"The old woman said to the young man: ""I have seen many things in this world, but I have never seen a woman who can cook food without salt. If you find a woman who can cook food without salt, then she is a witch.""",gerhardt_34E1778F_output (7),,21.81018370217159,3.344035978652222,3.5719388484069152
"Forty days later Noah opened a window to send out a raven, but it kept flying around until the water had dried up.",nseŋ lara nyiŋgbeŋ ashi kuloŋgboŋ na to n lɛ kowu nɛ k baa wɔtɔ a lɛa a lɛa a jo saŋɛ nɛ nchu na kikɛ nyam beeŋ feeto kasawule so kuraa.,The old woman said that the young man should go and work hard so that he can get money to marry a wife and build a house.,gerhardt_34E1778F_output (7),,18.603532504608257,3.344035978652222,3.5719388484069152
"Lot answered, “You have done us a great favor, sir. You have saved our lives, but please don't make us go to the hills. That's too far away. The city will be destroyed before we can get there, and we will be killed when it happens.","N wu fanɛ ma asheŋ bɔlɔ fo kenishi, ŋkpal manɛ so, fo wora ma kelela ga m mɔlga ma ŋkpa, ama abee na ase wɔ kufɔ ga. Amoso pɔɛŋ nɛ n fo ndoŋ kusɔ ko beeŋ tiŋ n wora ma nɛ n wu.","When you see a person who is not your relative, do not be afraid of them, greet them well so that they will also greet you well. If you do not greet them, they will not greet you.",gerhardt_34E1778F_output (7),,19.81496841929998,3.344035978652222,3.5719388484069152
"Then he said to the servant in charge of the first herd, “When Esau meets you, he will ask whose servant you are. He will want to know where you are going and who owns those animals in front of you.","Kumo be kaman nɛ e kaŋɛ anya na to be emo nɛ e daŋ juŋkpar na fanɛ mo da Isɔɔ baŋ tu mo nseŋ bishi mo fanɛ, “Wanɛ be esa e la fo? Nnɛ nɛ fee yɔ? Wanɛ e wɔ asɔbɔya damta nɛ b juŋkpar fo ere kikɛ?”","The woman said, ""Why are you crying? What is wrong? Who has wronged you and caused you to cry like this?""",gerhardt_34E1778F_output (7),,15.059544736760788,3.344035978652222,3.5719388484069152
"Seir was from the Horite tribe that had lived in Edom before the time of Esau. The clans that had descended from him were Lotan, Shobal, Zibeon, Anah,","Seyir nɛ e la Horaiebi be esa na be mbinyɛnbi nɛ b daa wɔ efuli na so nde. Lotan nɛ Shobal nɛ Zibiɔn nɛ Ana,","Seyir, the son of Horaiebi, was a hunter. He went hunting in the bush and found a deer. Lotan, Shobal, Zibiɔn, and Ana",gerhardt_34E1778F_output (7),,26.216475196433613,3.344035978652222,3.5719388484069152
"God gave them his blessing and said: Have a lot of children! Fill the earth with people and bring it under your control. Rule over the fish in the ocean, the birds in the sky, and every animal on the earth.",Ndoŋ nna nɛ Ebɔrɛ nɛfa bumo nseŋ kaŋɛ bumo le: “Men kurge n wora keshi n salga to n sɔ kasawule so kikɛ nsaa ji eleŋ kumo so. Men baa ji eleŋ ekɔrɔtɔ so nɛ mbuibi so nɛ asɔ gbeyeso kikɛ nyam so.”,"The old man said to the young man: ""I will tell you a story about a man who went to the farm and saw a snake coiled around a tree. He was afraid and ran away. He went to tell the people in the village that he had seen a snake coiled around a tree.""",output_JA-5,,24.578694409650442,3.344035978652222,3.5719388484069152
"Forty days later Noah opened a window to send out a raven, but it kept flying around until the water had dried up.",nseŋ lara nyiŋgbeŋ ashi kuloŋgboŋ na to n lɛ kowu nɛ k baa wɔtɔ a lɛa a lɛa a jo saŋɛ nɛ nchu na kikɛ nyam beeŋ feeto kasawule so kuraa.,The woman went to the farm to harvest her yam. She dug it up and put it in a basket. She was happy because she had a lot of yam.,output_JA-5,,18.82407436490815,3.344035978652222,3.5719388484069152
"Lot answered, “You have done us a great favor, sir. You have saved our lives, but please don't make us go to the hills. That's too far away. The city will be destroyed before we can get there, and we will be killed when it happens.","N wu fanɛ ma asheŋ bɔlɔ fo kenishi, ŋkpal manɛ so, fo wora ma kelela ga m mɔlga ma ŋkpa, ama abee na ase wɔ kufɔ ga. Amoso pɔɛŋ nɛ n fo ndoŋ kusɔ ko beeŋ tiŋ n wora ma nɛ n wu.","When you are going to a new place, greet the people there, and ask them about their customs so that you will not go against them. If you do not know their customs, you will be disgraced.",output_JA-5,,23.232966037010115,3.344035978652222,3.5719388484069152
"Then he said to the servant in charge of the first herd, “When Esau meets you, he will ask whose servant you are. He will want to know where you are going and who owns those animals in front of you.","Kumo be kaman nɛ e kaŋɛ anya na to be emo nɛ e daŋ juŋkpar na fanɛ mo da Isɔɔ baŋ tu mo nseŋ bishi mo fanɛ, “Wanɛ be esa e la fo? Nnɛ nɛ fee yɔ? Wanɛ e wɔ asɔbɔya damta nɛ b juŋkpar fo ere kikɛ?”","The old man said, ""I have seen a lot of things in my life, but I have never seen anything like this before. What is this? What is happening? Who is this person who is causing all this trouble?""",output_JA-5,,20.60395373882914,3.344035978652222,3.5719388484069152
"Seir was from the Horite tribe that had lived in Edom before the time of Esau. The clans that had descended from him were Lotan, Shobal, Zibeon, Anah,","Seyir nɛ e la Horaiebi be esa na be mbinyɛnbi nɛ b daa wɔ efuli na so nde. Lotan nɛ Shobal nɛ Zibiɔn nɛ Ana,","Seyir is the one who gave Horaiebi to Esa, the son of Mbinyɛnbi, and he lived in Efuli. Lotan, Shobal, Zibiɔn and Ana",output_JA-5,,29.039993030486848,3.344035978652222,3.5719388484069152
"God gave them his blessing and said: Have a lot of children! Fill the earth with people and bring it under your control. Rule over the fish in the ocean, the birds in the sky, and every animal on the earth.",Ndoŋ nna nɛ Ebɔrɛ nɛfa bumo nseŋ kaŋɛ bumo le: “Men kurge n wora keshi n salga to n sɔ kasawule so kikɛ nsaa ji eleŋ kumo so. Men baa ji eleŋ ekɔrɔtɔ so nɛ mbuibi so nɛ asɔ gbeyeso kikɛ nyam so.”,"The old man said to the young man: ""I will tell you a story about a hunter who went to the bush to hunt. He saw a big animal, and he shot it. He took the animal home and shared it with his family and friends.""",john_86344B85_output (7),,24.155435847171148,3.344035978652222,3.5719388484069152
"Forty days later Noah opened a window to send out a raven, but it kept flying around until the water had dried up.",nseŋ lara nyiŋgbeŋ ashi kuloŋgboŋ na to n lɛ kowu nɛ k baa wɔtɔ a lɛa a lɛa a jo saŋɛ nɛ nchu na kikɛ nyam beeŋ feeto kasawule so kuraa.,The woman went to the farm to harvest corn. She worked hard and filled her basket. She was happy because she had enough food to feed her family.,john_86344B85_output (7),,18.105941785963005,3.344035978652222,3.5719388484069152
"Lot answered, “You have done us a great favor, sir. You have saved our lives, but please don't make us go to the hills. That's too far away. The city will be destroyed before we can get there, and we will be killed when it happens.","N wu fanɛ ma asheŋ bɔlɔ fo kenishi, ŋkpal manɛ so, fo wora ma kelela ga m mɔlga ma ŋkpa, ama abee na ase wɔ kufɔ ga. Amoso pɔɛŋ nɛ n fo ndoŋ kusɔ ko beeŋ tiŋ n wora ma nɛ n wu.","When you are in trouble, don't be afraid, just call on God, he will help you. Even if you have sinned, he will forgive you. Don't be ashamed to ask for his help.",john_86344B85_output (7),,20.60896982882829,3.344035978652222,3.5719388484069152
"Then he said to the servant in charge of the first herd, “When Esau meets you, he will ask whose servant you are. He will want to know where you are going and who owns those animals in front of you.","Kumo be kaman nɛ e kaŋɛ anya na to be emo nɛ e daŋ juŋkpar na fanɛ mo da Isɔɔ baŋ tu mo nseŋ bishi mo fanɛ, “Wanɛ be esa e la fo? Nnɛ nɛ fee yɔ? Wanɛ e wɔ asɔbɔya damta nɛ b juŋkpar fo ere kikɛ?”","The old man said, ""I have seen many things in my life, but I have never seen anything like this before. What is this thing? What is it doing? This thing is making a lot of noise and it is scaring the children.""",john_86344B85_output (7),,20.689436456288686,3.344035978652222,3.5719388484069152
"Seir was from the Horite tribe that had lived in Edom before the time of Esau. The clans that had descended from him were Lotan, Shobal, Zibeon, Anah,","Seyir nɛ e la Horaiebi be esa na be mbinyɛnbi nɛ b daa wɔ efuli na so nde. Lotan nɛ Shobal nɛ Zibiɔn nɛ Ana,","Seyir, the son of Horaiebi, was a very strong man. He was known for his strength throughout the land. Lotan, Shobal, Zibiɔn and Ana were his children.",john_86344B85_output (7),,28.545200058649456,3.344035978652222,3.5719388484069152
"God gave them his blessing and said: Have a lot of children! Fill the earth with people and bring it under your control. Rule over the fish in the ocean, the birds in the sky, and every animal on the earth.",Ndoŋ nna nɛ Ebɔrɛ nɛfa bumo nseŋ kaŋɛ bumo le: “Men kurge n wora keshi n salga to n sɔ kasawule so kikɛ nsaa ji eleŋ kumo so. Men baa ji eleŋ ekɔrɔtɔ so nɛ mbuibi so nɛ asɔ gbeyeso kikɛ nyam so.”,"The old man said to the young man, ""I have seen many things in this world, and I have learned that the best thing to do is to be kind to everyone. Be kind to the poor, be kind to the rich, and be kind to everyone you meet.""",Dec 05 output,,25.630537688048406,3.344035978652222,3.5719388484069152
"Forty days later Noah opened a window to send out a raven, but it kept flying around until the water had dried up.",nseŋ lara nyiŋgbeŋ ashi kuloŋgboŋ na to n lɛ kowu nɛ k baa wɔtɔ a lɛa a lɛa a jo saŋɛ nɛ nchu na kikɛ nyam beeŋ feeto kasawule so kuraa.,"The woman who was cooking rice saw a snake in the pot and she screamed and ran away, leaving the rice in the pot.",Dec 05 output,,16.98584182237826,3.344035978652222,3.5719388484069152
"Lot answered, “You have done us a great favor, sir. You have saved our lives, but please don't make us go to the hills. That's too far away. The city will be destroyed before we can get there, and we will be killed when it happens.","N wu fanɛ ma asheŋ bɔlɔ fo kenishi, ŋkpal manɛ so, fo wora ma kelela ga m mɔlga ma ŋkpa, ama abee na ase wɔ kufɔ ga. Amoso pɔɛŋ nɛ n fo ndoŋ kusɔ ko beeŋ tiŋ n wora ma nɛ n wu.","When you are tired of carrying a heavy load, put it down and rest, so that you can gather strength and continue your journey. Even if you are strong, you still need to rest sometimes.",Dec 05 output,,19.563664432920024,3.344035978652222,3.5719388484069152
"Then he said to the servant in charge of the first herd, “When Esau meets you, he will ask whose servant you are. He will want to know where you are going and who owns those animals in front of you.","Kumo be kaman nɛ e kaŋɛ anya na to be emo nɛ e daŋ juŋkpar na fanɛ mo da Isɔɔ baŋ tu mo nseŋ bishi mo fanɛ, “Wanɛ be esa e la fo? Nnɛ nɛ fee yɔ? Wanɛ e wɔ asɔbɔya damta nɛ b juŋkpar fo ere kikɛ?”","A man went to the farm and saw a woman harvesting corn. He asked her, ""Who are you? Where are you from? What are you doing here harvesting corn?""",Dec 05 output,,21.688899306720945,3.344035978652222,3.5719388484069152
"Seir was from the Horite tribe that had lived in Edom before the time of Esau. The clans that had descended from him were Lotan, Shobal, Zibeon, Anah,","Seyir nɛ e la Horaiebi be esa na be mbinyɛnbi nɛ b daa wɔ efuli na so nde. Lotan nɛ Shobal nɛ Zibiɔn nɛ Ana,","Seyir is a woman from Horaiebi. She is a good woman and she is married to a man named Efuli. They have children named Lotan, Shobal, Zibiɔn, and Ana.",Dec 05 output,,28.000961969556126,3.344035978652222,3.5719388484069152
"God gave them his blessing and said: Have a lot of children! Fill the earth with people and bring it under your control. Rule over the fish in the ocean, the birds in the sky, and every animal on the earth.",Ndoŋ nna nɛ Ebɔrɛ nɛfa bumo nseŋ kaŋɛ bumo le: “Men kurge n wora keshi n salga to n sɔ kasawule so kikɛ nsaa ji eleŋ kumo so. Men baa ji eleŋ ekɔrɔtɔ so nɛ mbuibi so nɛ asɔ gbeyeso kikɛ nyam so.”,"The old man said to the young man: ""I have seen many things in this world, but I have never seen anything like this. I have never seen a woman who eats so much and yet remains so thin.""",onesimus_C968674F_Dec 07 output,,21.342363493752835,3.344035978652222,3.5719388484069152
"Forty days later Noah opened a window to send out a raven, but it kept flying around until the water had dried up.",nseŋ lara nyiŋgbeŋ ashi kuloŋgboŋ na to n lɛ kowu nɛ k baa wɔtɔ a lɛa a lɛa a jo saŋɛ nɛ nchu na kikɛ nyam beeŋ feeto kasawule so kuraa.,The old woman said that she was going to the farm to harvest her yams. She said she would return when she was finished. She said she would bring back some yams for the children.,onesimus_C968674F_Dec 07 output,,18.161664332674285,3.344035978652222,3.5719388484069152
"Lot answered, “You have done us a great favor, sir. You have saved our lives, but please don't make us go to the hills. That's too far away. The city will be destroyed before we can get there, and we will be killed when it happens.","N wu fanɛ ma asheŋ bɔlɔ fo kenishi, ŋkpal manɛ so, fo wora ma kelela ga m mɔlga ma ŋkpa, ama abee na ase wɔ kufɔ ga. Amoso pɔɛŋ nɛ n fo ndoŋ kusɔ ko beeŋ tiŋ n wora ma nɛ n wu.","If you don't work hard, you will be poor. Even if you have a lot of wealth, if you don't work hard, you will lose it all. So, work hard to get rich and don't be lazy.",onesimus_C968674F_Dec 07 output,,19.43672288070026,3.344035978652222,3.5719388484069152
"Then he said to the servant in charge of the first herd, “When Esau meets you, he will ask whose servant you are. He will want to know where you are going and who owns those animals in front of you.","Kumo be kaman nɛ e kaŋɛ anya na to be emo nɛ e daŋ juŋkpar na fanɛ mo da Isɔɔ baŋ tu mo nseŋ bishi mo fanɛ, “Wanɛ be esa e la fo? Nnɛ nɛ fee yɔ? Wanɛ e wɔ asɔbɔya damta nɛ b juŋkpar fo ere kikɛ?”","The man said that he was going to the farm and that he would return in the evening. He asked them, ""Who is this person? What is he doing here? Who sent him to come and disturb us?""",onesimus_C968674F_Dec 07 output,,23.762670220140663,3.344035978652222,3.5719388484069152
"Seir was from the Horite tribe that had lived in Edom before the time of Esau. The clans that had descended from him were Lotan, Shobal, Zibeon, Anah,","Seyir nɛ e la Horaiebi be esa na be mbinyɛnbi nɛ b daa wɔ efuli na so nde. Lotan nɛ Shobal nɛ Zibiɔn nɛ Ana,","Seyir is a man from Horaiebi. He is a farmer and he has a wife and children. His children are Lotan, Shobal, Zibiɔn, and Ana.",onesimus_C968674F_Dec 07 output,,26.72400134028649,3.344035978652222,3.5719388484069152
"God gave them his blessing and said: Have a lot of children! Fill the earth with people and bring it under your control. Rule over the fish in the ocean, the birds in the sky, and every animal on the earth.",Ndoŋ nna nɛ Ebɔrɛ nɛfa bumo nseŋ kaŋɛ bumo le: “Men kurge n wora keshi n salga to n sɔ kasawule so kikɛ nsaa ji eleŋ kumo so. Men baa ji eleŋ ekɔrɔtɔ so nɛ mbuibi so nɛ asɔ gbeyeso kikɛ nyam so.”,"The old man said to his son: ""I will tell you a story about a man who went to the farm and saw a snake coiled around a tree. The man was afraid and ran away. He went back to the village and told everyone about the snake.""",john_C52DEBBB_output (10),,23.866622142621114,3.344035978652222,3.5719388484069152
"Forty days later Noah opened a window to send out a raven, but it kept flying around until the water had dried up.",nseŋ lara nyiŋgbeŋ ashi kuloŋgboŋ na to n lɛ kowu nɛ k baa wɔtɔ a lɛa a lɛa a jo saŋɛ nɛ nchu na kikɛ nyam beeŋ feeto kasawule so kuraa.,"The woman who is called Lara is a very good cook. She cooks very well and her food is very delicious. She cooks all kinds of food, from rice to banku to kenkey. Everyone in the town loves her food.",john_C52DEBBB_output (10),,17.32512217963379,3.344035978652222,3.5719388484069152
"Lot answered, “You have done us a great favor, sir. You have saved our lives, but please don't make us go to the hills. That's too far away. The city will be destroyed before we can get there, and we will be killed when it happens.","N wu fanɛ ma asheŋ bɔlɔ fo kenishi, ŋkpal manɛ so, fo wora ma kelela ga m mɔlga ma ŋkpa, ama abee na ase wɔ kufɔ ga. Amoso pɔɛŋ nɛ n fo ndoŋ kusɔ ko beeŋ tiŋ n wora ma nɛ n wu.","When a person is sick, the elders should be informed so that they can pray for him to recover. If the elders pray for him and he does not recover, it means his time has come. We should not blame anyone for his death.",john_C52DEBBB_output (10),,20.5000486406179,3.344035978652222,3.5719388484069152
"Then he said to the servant in charge of the first herd, “When Esau meets you, he will ask whose servant you are. He will want to know where you are going and who owns those animals in front of you.","Kumo be kaman nɛ e kaŋɛ anya na to be emo nɛ e daŋ juŋkpar na fanɛ mo da Isɔɔ baŋ tu mo nseŋ bishi mo fanɛ, “Wanɛ be esa e la fo? Nnɛ nɛ fee yɔ? Wanɛ e wɔ asɔbɔya damta nɛ b juŋkpar fo ere kikɛ?”","The woman said, ""What is this thing that you are bringing to me? What is it for? Who gave you this thing that you are bringing to me?""",john_C52DEBBB_output (10),,18.715685280389497,3.344035978652222,3.5719388484069152
"Seir was from the Horite tribe that had lived in Edom before the time of Esau. The clans that had descended from him were Lotan, Shobal, Zibeon, Anah,","Seyir nɛ e la Horaiebi be esa na be mbinyɛnbi nɛ b daa wɔ efuli na so nde. Lotan nɛ Shobal nɛ Zibiɔn nɛ Ana,","Seyir, the son of Horaiebi, was a very strong man. He was known for his strength throughout the land. Lotan, Shobal, Zibiɔn, and Ana were his children.",john_C52DEBBB_output (10),,28.634650865936457,3.344035978652222,3.5719388484069152
"God gave them his blessing and said: Have a lot of children! Fill the earth with people and bring it under your control. Rule over the fish in the ocean, the birds in the sky, and every animal on the earth.",Ndoŋ nna nɛ Ebɔrɛ nɛfa bumo nseŋ kaŋɛ bumo le: “Men kurge n wora keshi n salga to n sɔ kasawule so kikɛ nsaa ji eleŋ kumo so. Men baa ji eleŋ ekɔrɔtɔ so nɛ mbuibi so nɛ asɔ gbeyeso kikɛ nyam so.”,"The old man said to the young man, ""I will tell you a story about a hunter who went hunting in the bush. He saw a deer and shot it. He took the deer home and gave some to his wife and children and ate some himself.""",gerhardt_62CB5CC1_output (4),,27.548558851002113,3.344035978652222,3.5719388484069152
"Forty days later Noah opened a window to send out a raven, but it kept flying around until the water had dried up.",nseŋ lara nyiŋgbeŋ ashi kuloŋgboŋ na to n lɛ kowu nɛ k baa wɔtɔ a lɛa a lɛa a jo saŋɛ nɛ nchu na kikɛ nyam beeŋ feeto kasawule so kuraa.,The old woman said that she was going to the farm to harvest her corn. She said she would return when she was finished. She said she would bring some corn for her grandchildren.,gerhardt_62CB5CC1_output (4),,17.802125805932207,3.344035978652222,3.5719388484069152
"Lot answered, “You have done us a great favor, sir. You have saved our lives, but please don't make us go to the hills. That's too far away. The city will be destroyed before we can get there, and we will be killed when it happens.","N wu fanɛ ma asheŋ bɔlɔ fo kenishi, ŋkpal manɛ so, fo wora ma kelela ga m mɔlga ma ŋkpa, ama abee na ase wɔ kufɔ ga. Amoso pɔɛŋ nɛ n fo ndoŋ kusɔ ko beeŋ tiŋ n wora ma nɛ n wu.","When you are hungry, go and work, so that you can get food to eat. Don't be lazy, lest you become poor and beg for food. If you are diligent, you will have enough to eat.",gerhardt_62CB5CC1_output (4),,19.318442371842572,3.344035978652222,3.5719388484069152
"Then he said to the servant in charge of the first herd, “When Esau meets you, he will ask whose servant you are. He will want to know where you are going and who owns those animals in front of you.","Kumo be kaman nɛ e kaŋɛ anya na to be emo nɛ e daŋ juŋkpar na fanɛ mo da Isɔɔ baŋ tu mo nseŋ bishi mo fanɛ, “Wanɛ be esa e la fo? Nnɛ nɛ fee yɔ? Wanɛ e wɔ asɔbɔya damta nɛ b juŋkpar fo ere kikɛ?”","The woman said, ""I have seen that you are a stranger here. Where are you from? What brings you here? Have you come to seek knowledge or to learn a trade?""",gerhardt_62CB5CC1_output (4),,23.938977549776585,3.344035978652222,3.5719388484069152
"Seir was from the Horite tribe that had lived in Edom before the time of Esau. The clans that had descended from him were Lotan, Shobal, Zibeon, Anah,","Seyir nɛ e la Horaiebi be esa na be mbinyɛnbi nɛ b daa wɔ efuli na so nde. Lotan nɛ Shobal nɛ Zibiɔn nɛ Ana,","Seyir is the name of the place where Horaiebi lived. He was a great hunter and a very strong man. He had four wives: Lotan, Shobal, Zibiɔn, and Ana.",gerhardt_62CB5CC1_output (4),,31.22423387854093,3.344035978652222,3.5719388484069152
"God gave them his blessing and said: Have a lot of children! Fill the earth with people and bring it under your control. Rule over the fish in the ocean, the birds in the sky, and every animal on the earth.",Ndoŋ nna nɛ Ebɔrɛ nɛfa bumo nseŋ kaŋɛ bumo le: “Men kurge n wora keshi n salga to n sɔ kasawule so kikɛ nsaa ji eleŋ kumo so. Men baa ji eleŋ ekɔrɔtɔ so nɛ mbuibi so nɛ asɔ gbeyeso kikɛ nyam so.”,"The old man said to the young man: ""I have seen many things in this world, but I have never seen a woman who is beautiful and does not know how to cook. If a woman is beautiful and does not know how to cook, she is like a beautiful calabash that cannot hold water.""",Dec 04 output,,21.777469342253983,3.344035978652222,3.5719388484069152
"Forty days later Noah opened a window to send out a raven, but it kept flying around until the water had dried up.",nseŋ lara nyiŋgbeŋ ashi kuloŋgboŋ na to n lɛ kowu nɛ k baa wɔtɔ a lɛa a lɛa a jo saŋɛ nɛ nchu na kikɛ nyam beeŋ feeto kasawule so kuraa.,"The woman who was grinding corn heard a noise and went to see what it was. When she got there, she saw a big snake and ran away quickly.",Dec 04 output,,19.17596175641032,3.344035978652222,3.5719388484069152
"Lot answered, “You have done us a great favor, sir. You have saved our lives, but please don't make us go to the hills. That's too far away. The city will be destroyed before we can get there, and we will be killed when it happens.","N wu fanɛ ma asheŋ bɔlɔ fo kenishi, ŋkpal manɛ so, fo wora ma kelela ga m mɔlga ma ŋkpa, ama abee na ase wɔ kufɔ ga. Amoso pɔɛŋ nɛ n fo ndoŋ kusɔ ko beeŋ tiŋ n wora ma nɛ n wu.","When you are hungry, go and eat, don't be shy. If you are thirsty, go and drink water. Don't be ashamed to ask for help when you need it.",Dec 04 output,,16.16699177170117,3.344035978652222,3.5719388484069152
"Then he said to the servant in charge of the first herd, “When Esau meets you, he will ask whose servant you are. He will want to know where you are going and who owns those animals in front of you.","Kumo be kaman nɛ e kaŋɛ anya na to be emo nɛ e daŋ juŋkpar na fanɛ mo da Isɔɔ baŋ tu mo nseŋ bishi mo fanɛ, “Wanɛ be esa e la fo? Nnɛ nɛ fee yɔ? Wanɛ e wɔ asɔbɔya damta nɛ b juŋkpar fo ere kikɛ?”","The woman said, ""My child, why are you crying? What is wrong? Who is troubling you so much that you are crying?""",Dec 04 output,,16.8092628868465,3.344035978652222,3.5719388484069152
"Seir was from the Horite tribe that had lived in Edom before the time of Esau. The clans that had descended from him were Lotan, Shobal, Zibeon, Anah,","Seyir nɛ e la Horaiebi be esa na be mbinyɛnbi nɛ b daa wɔ efuli na so nde. Lotan nɛ Shobal nɛ Zibiɔn nɛ Ana,",Seyir and Horaiebi went to the farm to work. They worked hard and came home tired.,Dec 04 output,,14.067163184397845,3.344035978652222,3.5719388484069152
"God gave them his blessing and said: Have a lot of children! Fill the earth with people and bring it under your control. Rule over the fish in the ocean, the birds in the sky, and every animal on the earth.",Ndoŋ nna nɛ Ebɔrɛ nɛfa bumo nseŋ kaŋɛ bumo le: “Men kurge n wora keshi n salga to n sɔ kasawule so kikɛ nsaa ji eleŋ kumo so. Men baa ji eleŋ ekɔrɔtɔ so nɛ mbuibi so nɛ asɔ gbeyeso kikɛ nyam so.”,"The old man said to the young man: ""I will tell you a story about a woman who went to the farm to harvest yams. She went to the farm and harvested yams. She brought the yams home and shared them with her children and her husband.""",gerhardt_676E558A_output (6),,24.679766376737767,3.344035978652222,3.5719388484069152
"Forty days later Noah opened a window to send out a raven, but it kept flying around until the water had dried up.",nseŋ lara nyiŋgbeŋ ashi kuloŋgboŋ na to n lɛ kowu nɛ k baa wɔtɔ a lɛa a lɛa a jo saŋɛ nɛ nchu na kikɛ nyam beeŋ feeto kasawule so kuraa.,The woman went to the farm to harvest her corn. She brought it home and pounded it. She cooked it and ate it with her children.,gerhardt_676E558A_output (6),,20.487720243941205,3.344035978652222,3.5719388484069152
"Lot answered, “You have done us a great favor, sir. You have saved our lives, but please don't make us go to the hills. That's too far away. The city will be destroyed before we can get there, and we will be killed when it happens.","N wu fanɛ ma asheŋ bɔlɔ fo kenishi, ŋkpal manɛ so, fo wora ma kelela ga m mɔlga ma ŋkpa, ama abee na ase wɔ kufɔ ga. Amoso pɔɛŋ nɛ n fo ndoŋ kusɔ ko beeŋ tiŋ n wora ma nɛ n wu.","When a person is born, they are given a name, and their lineage is traced. They are nurtured and taught the ways of their people, and they grow up to become responsible members of society. Even though they may travel far and wide, they will always remember their roots.",gerhardt_676E558A_output (6),,24.511831289291543,3.344035978652222,3.5719388484069152
"Then he said to the servant in charge of the first herd, “When Esau meets you, he will ask whose servant you are. He will want to know where you are going and who owns those animals in front of you.","Kumo be kaman nɛ e kaŋɛ anya na to be emo nɛ e daŋ juŋkpar na fanɛ mo da Isɔɔ baŋ tu mo nseŋ bishi mo fanɛ, “Wanɛ be esa e la fo? Nnɛ nɛ fee yɔ? Wanɛ e wɔ asɔbɔya damta nɛ b juŋkpar fo ere kikɛ?”","The old man said, ""My children, listen to me. I am going to tell you a story. There was once a man who lived in a village. He was a very strong man. He was known for his strength. One day, he went to the farm. He was working in the farm when he saw a snake. The snake was very big and dangerous. The man was afraid. He ran away from the snake. He ran and ran until he reached his village. He told his people about the snake. He said, ""What should I do? I am afraid. This snake is very dangerous. What should I do?""",gerhardt_676E558A_output (6),,26.983953316494958,3.344035978652222,3.5719388484069152
"Seir was from the Horite tribe that had lived in Edom before the time of Esau. The clans that had descended from him were Lotan, Shobal, Zibeon, Anah,","Seyir nɛ e la Horaiebi be esa na be mbinyɛnbi nɛ b daa wɔ efuli na so nde. Lotan nɛ Shobal nɛ Zibiɔn nɛ Ana,","Seyir is the name of a woman who lived in Horaiebi. She was a very good woman and she had four children: Lotan, Shobal, Zibiɔn, and Ana.",gerhardt_676E558A_output (6),,30.236760495015837,3.344035978652222,3.5719388484069152
"God gave them his blessing and said: Have a lot of children! Fill the earth with people and bring it under your control. Rule over the fish in the ocean, the birds in the sky, and every animal on the earth.",Ndoŋ nna nɛ Ebɔrɛ nɛfa bumo nseŋ kaŋɛ bumo le: “Men kurge n wora keshi n salga to n sɔ kasawule so kikɛ nsaa ji eleŋ kumo so. Men baa ji eleŋ ekɔrɔtɔ so nɛ mbuibi so nɛ asɔ gbeyeso kikɛ nyam so.”,"The old man said to the young man: ""I will tell you a story about a hunter who went to the bush to hunt. He saw a big animal and shot it. He took the animal home and shared it with his family and friends.""",gerhardt_107423D8_output (9),,23.42937091041347,3.344035978652222,3.5719388484069152
"Forty days later Noah opened a window to send out a raven, but it kept flying around until the water had dried up.",nseŋ lara nyiŋgbeŋ ashi kuloŋgboŋ na to n lɛ kowu nɛ k baa wɔtɔ a lɛa a lɛa a jo saŋɛ nɛ nchu na kikɛ nyam beeŋ feeto kasawule so kuraa.,"The woman went to the farm to harvest corn, she brought it home and cooked it, she ate and gave some to her children.",gerhardt_107423D8_output (9),,18.65981788378098,3.344035978652222,3.5719388484069152
"Lot answered, “You have done us a great favor, sir. You have saved our lives, but please don't make us go to the hills. That's too far away. The city will be destroyed before we can get there, and we will be killed when it happens.","N wu fanɛ ma asheŋ bɔlɔ fo kenishi, ŋkpal manɛ so, fo wora ma kelela ga m mɔlga ma ŋkpa, ama abee na ase wɔ kufɔ ga. Amoso pɔɛŋ nɛ n fo ndoŋ kusɔ ko beeŋ tiŋ n wora ma nɛ n wu.","When you are hungry, don't be ashamed to ask for food. Even if they give you a little, it is better than nothing. Don't be proud and refuse a small gift, because you don't know what tomorrow will bring.",gerhardt_107423D8_output (9),,21.633348119170464,3.344035978652222,3.5719388484069152
"Then he said to the servant in charge of the first herd, “When Esau meets you, he will ask whose servant you are. He will want to know where you are going and who owns those animals in front of you.","Kumo be kaman nɛ e kaŋɛ anya na to be emo nɛ e daŋ juŋkpar na fanɛ mo da Isɔɔ baŋ tu mo nseŋ bishi mo fanɛ, “Wanɛ be esa e la fo? Nnɛ nɛ fee yɔ? Wanɛ e wɔ asɔbɔya damta nɛ b juŋkpar fo ere kikɛ?”","The old man said that he had seen a woman who was very beautiful and that he wanted to marry her. He asked her, ""Who are you? Where do you come from? Are you a woman who is ready for marriage?""",gerhardt_107423D8_output (9),,24.63388603616347,3.344035978652222,3.5719388484069152
"Seir was from the Horite tribe that had lived in Edom before the time of Esau. The clans that had descended from him were Lotan, Shobal, Zibeon, Anah,","Seyir nɛ e la Horaiebi be esa na be mbinyɛnbi nɛ b daa wɔ efuli na so nde. Lotan nɛ Shobal nɛ Zibiɔn nɛ Ana,","Seyir, the son of Horaiebi, was a hunter. He went hunting in the forest and saw a deer. Lotan, Shobal, Zibiɔn, and Ana",gerhardt_107423D8_output (9),,27.65590792452899,3.344035978652222,3.5719388484069152
"God gave them his blessing and said: Have a lot of children! Fill the earth with people and bring it under your control. Rule over the fish in the ocean, the birds in the sky, and every animal on the earth.",Ndoŋ nna nɛ Ebɔrɛ nɛfa bumo nseŋ kaŋɛ bumo le: “Men kurge n wora keshi n salga to n sɔ kasawule so kikɛ nsaa ji eleŋ kumo so. Men baa ji eleŋ ekɔrɔtɔ so nɛ mbuibi so nɛ asɔ gbeyeso kikɛ nyam so.”,"The old man said to the young man: ""You see, when you go to the farm, you should not be lazy. You should work hard and diligently. You should not be stealing from the farm and you should not be eating the crops before they are ripe.""",gerhardt_E4F773B6_output (3),,21.798928427692363,3.344035978652222,3.5719388484069152
"Forty days later Noah opened a window to send out a raven, but it kept flying around until the water had dried up.",nseŋ lara nyiŋgbeŋ ashi kuloŋgboŋ na to n lɛ kowu nɛ k baa wɔtɔ a lɛa a lɛa a jo saŋɛ nɛ nchu na kikɛ nyam beeŋ feeto kasawule so kuraa.,The woman went to the farm to harvest her yam. She dug it up and brought it home. She cooked it and ate it with her children.,gerhardt_E4F773B6_output (3),,19.892508092511378,3.344035978652222,3.5719388484069152
"Lot answered, “You have done us a great favor, sir. You have saved our lives, but please don't make us go to the hills. That's too far away. The city will be destroyed before we can get there, and we will be killed when it happens.","N wu fanɛ ma asheŋ bɔlɔ fo kenishi, ŋkpal manɛ so, fo wora ma kelela ga m mɔlga ma ŋkpa, ama abee na ase wɔ kufɔ ga. Amoso pɔɛŋ nɛ n fo ndoŋ kusɔ ko beeŋ tiŋ n wora ma nɛ n wu.","When you are going to a new place, greet the people there, and if they welcome you, then you can stay. But if they don't welcome you, then don't stay there. That's how we do things in our land.",gerhardt_E4F773B6_output (3),,24.227468511948803,3.344035978652222,3.5719388484069152
"Then he said to the servant in charge of the first herd, “When Esau meets you, he will ask whose servant you are. He will want to know where you are going and who owns those animals in front of you.","Kumo be kaman nɛ e kaŋɛ anya na to be emo nɛ e daŋ juŋkpar na fanɛ mo da Isɔɔ baŋ tu mo nseŋ bishi mo fanɛ, “Wanɛ be esa e la fo? Nnɛ nɛ fee yɔ? Wanɛ e wɔ asɔbɔya damta nɛ b juŋkpar fo ere kikɛ?”","The old man said, ""If you want to know the truth, then listen carefully. I will tell you a story about a woman who was very beautiful and had many suitors. One day, she went to the market and met a handsome young man. They fell in love and got married. But the woman was not happy because the man was poor. She left him and went back to her village. The man was heartbroken and went to see a wise old woman. She told him that he should not give up hope. He should go back to the market and find another woman. He did so and found a woman who was not as beautiful as the first one, but she was kind and loving. They got married and lived happily ever after.""",gerhardt_E4F773B6_output (3),,26.43099957511979,3.344035978652222,3.5719388484069152
"Seir was from the Horite tribe that had lived in Edom before the time of Esau. The clans that had descended from him were Lotan, Shobal, Zibeon, Anah,","Seyir nɛ e la Horaiebi be esa na be mbinyɛnbi nɛ b daa wɔ efuli na so nde. Lotan nɛ Shobal nɛ Zibiɔn nɛ Ana,","Seyir is the name of a man from Horaiebi. He is a hunter and he is very good at it. He lives in a village called Efuli. His children are Lotan, Shobal, Zibiɔn and Ana.",gerhardt_E4F773B6_output (3),,30.17620158880193,3.344035978652222,3.5719388484069152
"God gave them his blessing and said: Have a lot of children! Fill the earth with people and bring it under your control. Rule over the fish in the ocean, the birds in the sky, and every animal on the earth.",Ndoŋ nna nɛ Ebɔrɛ nɛfa bumo nseŋ kaŋɛ bumo le: “Men kurge n wora keshi n salga to n sɔ kasawule so kikɛ nsaa ji eleŋ kumo so. Men baa ji eleŋ ekɔrɔtɔ so nɛ mbuibi so nɛ asɔ gbeyeso kikɛ nyam so.”,"The old man said to the young man: ""I will tell you a story about a hunter who went to the bush to hunt. He saw a deer and shot it. He took the deer home and shared it with his family and friends.""",john_B0DBB2CB_output (4),,22.080370087964653,3.344035978652222,3.5719388484069152
"Forty days later Noah opened a window to send out a raven, but it kept flying around until the water had dried up.",nseŋ lara nyiŋgbeŋ ashi kuloŋgboŋ na to n lɛ kowu nɛ k baa wɔtɔ a lɛa a lɛa a jo saŋɛ nɛ nchu na kikɛ nyam beeŋ feeto kasawule so kuraa.,"The woman who was carrying the child on her back fell down and the child cried. She picked up the child and comforted it, saying, ""Don't cry, my child, don't cry.""",john_B0DBB2CB_output (4),,20.72837641263777,3.344035978652222,3.5719388484069152
"Lot answered, “You have done us a great favor, sir. You have saved our lives, but please don't make us go to the hills. That's too far away. The city will be destroyed before we can get there, and we will be killed when it happens.","N wu fanɛ ma asheŋ bɔlɔ fo kenishi, ŋkpal manɛ so, fo wora ma kelela ga m mɔlga ma ŋkpa, ama abee na ase wɔ kufɔ ga. Amoso pɔɛŋ nɛ n fo ndoŋ kusɔ ko beeŋ tiŋ n wora ma nɛ n wu.","When you are going to the farm, take your cutlass along, and if you meet a wild animal, use it to defend yourself. If you don't have a cutlass, don't go to the farm alone.",john_B0DBB2CB_output (4),,20.22857108633258,3.344035978652222,3.5719388484069152
"Then he said to the servant in charge of the first herd, “When Esau meets you, he will ask whose servant you are. He will want to know where you are going and who owns those animals in front of you.","Kumo be kaman nɛ e kaŋɛ anya na to be emo nɛ e daŋ juŋkpar na fanɛ mo da Isɔɔ baŋ tu mo nseŋ bishi mo fanɛ, “Wanɛ be esa e la fo? Nnɛ nɛ fee yɔ? Wanɛ e wɔ asɔbɔya damta nɛ b juŋkpar fo ere kikɛ?”","The man said that he saw a woman who was carrying a load on her head and she was going to the farm. He asked her, ""Where are you going? What are you carrying? Where are you going to sell it?""",john_B0DBB2CB_output (4),,25.99356517886349,3.344035978652222,3.5719388484069152
"Seir was from the Horite tribe that had lived in Edom before the time of Esau. The clans that had descended from him were Lotan, Shobal, Zibeon, Anah,","Seyir nɛ e la Horaiebi be esa na be mbinyɛnbi nɛ b daa wɔ efuli na so nde. Lotan nɛ Shobal nɛ Zibiɔn nɛ Ana,","Seyir is a man from Horaiebi. He is a farmer and he has a wife and children. Lotan, Shobal, Zibiɔn and Ana are his children.",john_B0DBB2CB_output (4),,25.325204373729886,3.344035978652222,3.5719388484069152
"God gave them his blessing and said: Have a lot of children! Fill the earth with people and bring it under your control. Rule over the fish in the ocean, the birds in the sky, and every animal on the earth.",Ndoŋ nna nɛ Ebɔrɛ nɛfa bumo nseŋ kaŋɛ bumo le: “Men kurge n wora keshi n salga to n sɔ kasawule so kikɛ nsaa ji eleŋ kumo so. Men baa ji eleŋ ekɔrɔtɔ so nɛ mbuibi so nɛ asɔ gbeyeso kikɛ nyam so.”,"The old man said to the young man: ""I will tell you a story about a hunter who went to the bush to hunt. He saw a deer and shot it. He took the deer home and shared it with his family and friends.""",gerhardt_E32D1C1E_output_mzX2S5,,22.080370087964653,3.344035978652222,3.5719388484069152
"Forty days later Noah opened a window to send out a raven, but it kept flying around until the water had dried up.",nseŋ lara nyiŋgbeŋ ashi kuloŋgboŋ na to n lɛ kowu nɛ k baa wɔtɔ a lɛa a lɛa a jo saŋɛ nɛ nchu na kikɛ nyam beeŋ feeto kasawule so kuraa.,"The old woman said that she would go to the farm tomorrow morning, but she would not go if it rained.",gerhardt_E32D1C1E_output_mzX2S5,,17.33834409863308,3.344035978652222,3.5719388484069152
"Lot answered, “You have done us a great favor, sir. You have saved our lives, but please don't make us go to the hills. That's too far away. The city will be destroyed before we can get there, and we will be killed when it happens.","N wu fanɛ ma asheŋ bɔlɔ fo kenishi, ŋkpal manɛ so, fo wora ma kelela ga m mɔlga ma ŋkpa, ama abee na ase wɔ kufɔ ga. Amoso pɔɛŋ nɛ n fo ndoŋ kusɔ ko beeŋ tiŋ n wora ma nɛ n wu.","If you are a good person, you will not steal, you will not lie, you will not do bad things, and you will respect your elders. If you do these things, you will live a long life.",gerhardt_E32D1C1E_output_mzX2S5,,18.058548122825975,3.344035978652222,3.5719388484069152
"Then he said to the servant in charge of the first herd, “When Esau meets you, he will ask whose servant you are. He will want to know where you are going and who owns those animals in front of you.","Kumo be kaman nɛ e kaŋɛ anya na to be emo nɛ e daŋ juŋkpar na fanɛ mo da Isɔɔ baŋ tu mo nseŋ bishi mo fanɛ, “Wanɛ be esa e la fo? Nnɛ nɛ fee yɔ? Wanɛ e wɔ asɔbɔya damta nɛ b juŋkpar fo ere kikɛ?”","The woman said, ""My child, why are you crying? What is wrong? Who has wronged you so that you are crying like this?""",gerhardt_E32D1C1E_output_mzX2S5,,17.54528263342598,3.344035978652222,3.5719388484069152
"Seir was from the Horite tribe that had lived in Edom before the time of Esau. The clans that had descended from him were Lotan, Shobal, Zibeon, Anah,","Seyir nɛ e la Horaiebi be esa na be mbinyɛnbi nɛ b daa wɔ efuli na so nde. Lotan nɛ Shobal nɛ Zibiɔn nɛ Ana,","Seyir, the son of Horaiebi, was a hunter. He went to the bush to hunt and came back with a deer.",gerhardt_E32D1C1E_output_mzX2S5,,15.75985113785768,3.344035978652222,3.5719388484069152
"God gave them his blessing and said: Have a lot of children! Fill the earth with people and bring it under your control. Rule over the fish in the ocean, the birds in the sky, and every animal on the earth.",Ndoŋ nna nɛ Ebɔrɛ nɛfa bumo nseŋ kaŋɛ bumo le: “Men kurge n wora keshi n salga to n sɔ kasawule so kikɛ nsaa ji eleŋ kumo so. Men baa ji eleŋ ekɔrɔtɔ so nɛ mbuibi so nɛ asɔ gbeyeso kikɛ nyam so.”,"The old man said to the young man: ""You see, when you are going to the farm, you should take your cutlass and your hoe. You should also take your food and water and your hunting dog.""",gerhardt_145C11AE_output (2),,18.038903543825132,3.344035978652222,3.5719388484069152
"Forty days later Noah opened a window to send out a raven, but it kept flying around until the water had dried up.",nseŋ lara nyiŋgbeŋ ashi kuloŋgboŋ na to n lɛ kowu nɛ k baa wɔtɔ a lɛa a lɛa a jo saŋɛ nɛ nchu na kikɛ nyam beeŋ feeto kasawule so kuraa.,The old woman said that the young man should go and work hard so that he can get money to marry a wife and build a house.,gerhardt_145C11AE_output (2),,18.603532504608257,3.344035978652222,3.5719388484069152
"Lot answered, “You have done us a great favor, sir. You have saved our lives, but please don't make us go to the hills. That's too far away. The city will be destroyed before we can get there, and we will be killed when it happens.","N wu fanɛ ma asheŋ bɔlɔ fo kenishi, ŋkpal manɛ so, fo wora ma kelela ga m mɔlga ma ŋkpa, ama abee na ase wɔ kufɔ ga. Amoso pɔɛŋ nɛ n fo ndoŋ kusɔ ko beeŋ tiŋ n wora ma nɛ n wu.","When you are hungry, you eat whatever you find, even if it is not good, because you want to satisfy your hunger. Even if it is not good, you will eat it to fill your stomach.",gerhardt_145C11AE_output (2),,17.600672324839884,3.344035978652222,3.5719388484069152
"Then he said to the servant in charge of the first herd, “When Esau meets you, he will ask whose servant you are. He will want to know where you are going and who owns those animals in front of you.","Kumo be kaman nɛ e kaŋɛ anya na to be emo nɛ e daŋ juŋkpar na fanɛ mo da Isɔɔ baŋ tu mo nseŋ bishi mo fanɛ, “Wanɛ be esa e la fo? Nnɛ nɛ fee yɔ? Wanɛ e wɔ asɔbɔya damta nɛ b juŋkpar fo ere kikɛ?”","A man went to the farm and saw a woman weeding. He asked her, ""Who are you? What are you doing? Why are you weeding this farm alone?""",gerhardt_145C11AE_output (2),,19.173039993276287,3.344035978652222,3.5719388484069152
"Seir was from the Horite tribe that had lived in Edom before the time of Esau. The clans that had descended from him were Lotan, Shobal, Zibeon, Anah,","Seyir nɛ e la Horaiebi be esa na be mbinyɛnbi nɛ b daa wɔ efuli na so nde. Lotan nɛ Shobal nɛ Zibiɔn nɛ Ana,","Seyir, the son of Horaiebi, was a hunter. He went to the forest to hunt and he saw a deer. Lotan, Shobal, Zibiɔn and Ana",gerhardt_145C11AE_output (2),,27.793985555537432,3.344035978652222,3.5719388484069152
"God gave them his blessing and said: Have a lot of children! Fill the earth with people and bring it under your control. Rule over the fish in the ocean, the birds in the sky, and every animal on the earth.",Ndoŋ nna nɛ Ebɔrɛ nɛfa bumo nseŋ kaŋɛ bumo le: “Men kurge n wora keshi n salga to n sɔ kasawule so kikɛ nsaa ji eleŋ kumo so. Men baa ji eleŋ ekɔrɔtɔ so nɛ mbuibi so nɛ asɔ gbeyeso kikɛ nyam so.”,"The old woman said to the young woman: “I will tell you the secret of how to make a good marriage. You must be respectful to your husband, and you must be kind to his family. You must also be hardworking and you must be able to cook well.”",gerhardt_087BEB88_output_loRIsq,,21.815038489859475,3.344035978652222,3.5719388484069152
"Forty days later Noah opened a window to send out a raven, but it kept flying around until the water had dried up.",nseŋ lara nyiŋgbeŋ ashi kuloŋgboŋ na to n lɛ kowu nɛ k baa wɔtɔ a lɛa a lɛa a jo saŋɛ nɛ nchu na kikɛ nyam beeŋ feeto kasawule so kuraa.,"The woman who was carrying the baby on her back fell down and the baby cried. The mother then picked up the baby and comforted it, saying, ""Don't cry, my child, don't cry.""",gerhardt_087BEB88_output_loRIsq,,21.09750285896895,3.344035978652222,3.5719388484069152
"Lot answered, “You have done us a great favor, sir. You have saved our lives, but please don't make us go to the hills. That's too far away. The city will be destroyed before we can get there, and we will be killed when it happens.","N wu fanɛ ma asheŋ bɔlɔ fo kenishi, ŋkpal manɛ so, fo wora ma kelela ga m mɔlga ma ŋkpa, ama abee na ase wɔ kufɔ ga. Amoso pɔɛŋ nɛ n fo ndoŋ kusɔ ko beeŋ tiŋ n wora ma nɛ n wu.","When you are tired of carrying a heavy load, put it down and rest, so that you can gather strength and continue your journey. Even if you are strong, you cannot carry a heavy load forever.",gerhardt_087BEB88_output_loRIsq,,19.47825481308788,3.344035978652222,3.5719388484069152
"Then he said to the servant in charge of the first herd, “When Esau meets you, he will ask whose servant you are. He will want to know where you are going and who owns those animals in front of you.","Kumo be kaman nɛ e kaŋɛ anya na to be emo nɛ e daŋ juŋkpar na fanɛ mo da Isɔɔ baŋ tu mo nseŋ bishi mo fanɛ, “Wanɛ be esa e la fo? Nnɛ nɛ fee yɔ? Wanɛ e wɔ asɔbɔya damta nɛ b juŋkpar fo ere kikɛ?”","The old woman said, ""My child, why are you crying? What is wrong? Who has wronged you and caused you to cry like this?""",gerhardt_087BEB88_output_loRIsq,,15.977242634408578,3.344035978652222,3.5719388484069152
"Seir was from the Horite tribe that had lived in Edom before the time of Esau. The clans that had descended from him were Lotan, Shobal, Zibeon, Anah,","Seyir nɛ e la Horaiebi be esa na be mbinyɛnbi nɛ b daa wɔ efuli na so nde. Lotan nɛ Shobal nɛ Zibiɔn nɛ Ana,","Seyir, the son of Horaiebi, was a man of great strength and courage. He was known throughout the land for his bravery and his skill in battle. Lotan, Shobal, Zibiɔn, and Ana were his children.",gerhardt_087BEB88_output_loRIsq,,29.353984162166537,3.344035978652222,3.5719388484069152
"God gave them his blessing and said: Have a lot of children! Fill the earth with people and bring it under your control. Rule over the fish in the ocean, the birds in the sky, and every animal on the earth.",Ndoŋ nna nɛ Ebɔrɛ nɛfa bumo nseŋ kaŋɛ bumo le: “Men kurge n wora keshi n salga to n sɔ kasawule so kikɛ nsaa ji eleŋ kumo so. Men baa ji eleŋ ekɔrɔtɔ so nɛ mbuibi so nɛ asɔ gbeyeso kikɛ nyam so.”,"The old man said to the young man: “I have seen many things in this world, I have seen many things that are good and bad. I have seen things that are beautiful and things that are ugly. I have seen things that are good and things that are bad.”",john_C904F397_output (2),,22.187726099898278,3.344035978652222,3.5719388484069152
"Forty days later Noah opened a window to send out a raven, but it kept flying around until the water had dried up.",nseŋ lara nyiŋgbeŋ ashi kuloŋgboŋ na to n lɛ kowu nɛ k baa wɔtɔ a lɛa a lɛa a jo saŋɛ nɛ nchu na kikɛ nyam beeŋ feeto kasawule so kuraa.,"The old woman said that she would go and grind the corn for the children to eat, and that she would come back.",john_C904F397_output (2),,17.60279663517681,3.344035978652222,3.5719388484069152
"Lot answered, “You have done us a great favor, sir. You have saved our lives, but please don't make us go to the hills. That's too far away. The city will be destroyed before we can get there, and we will be killed when it happens.","N wu fanɛ ma asheŋ bɔlɔ fo kenishi, ŋkpal manɛ so, fo wora ma kelela ga m mɔlga ma ŋkpa, ama abee na ase wɔ kufɔ ga. Amoso pɔɛŋ nɛ n fo ndoŋ kusɔ ko beeŋ tiŋ n wora ma nɛ n wu.","When you are going to the farm, greet the elders, and if you see someone working, help them. Do not be lazy and stay at home. If you are strong, go to the farm.",john_C904F397_output (2),,18.92823929495734,3.344035978652222,3.5719388484069152
"Then he said to the servant in charge of the first herd, “When Esau meets you, he will ask whose servant you are. He will want to know where you are going and who owns those animals in front of you.","Kumo be kaman nɛ e kaŋɛ anya na to be emo nɛ e daŋ juŋkpar na fanɛ mo da Isɔɔ baŋ tu mo nseŋ bishi mo fanɛ, “Wanɛ be esa e la fo? Nnɛ nɛ fee yɔ? Wanɛ e wɔ asɔbɔya damta nɛ b juŋkpar fo ere kikɛ?”","The old man said, ""If you want to know something, you should ask the one who knows. Who are you? What do you want? What is your purpose for coming here?""",john_C904F397_output (2),,24.106094560010085,3.344035978652222,3.5719388484069152
"Seir was from the Horite tribe that had lived in Edom before the time of Esau. The clans that had descended from him were Lotan, Shobal, Zibeon, Anah,","Seyir nɛ e la Horaiebi be esa na be mbinyɛnbi nɛ b daa wɔ efuli na so nde. Lotan nɛ Shobal nɛ Zibiɔn nɛ Ana,","Seyir, the son of Horaiebi, was a very strong man. He was known for his strength throughout the land. Lotan, Shobal, Zibiɔn, and Ana were his children.",john_C904F397_output (2),,28.634650865936457,3.344035978652222,3.5719388484069152
"God gave them his blessing and said: Have a lot of children! Fill the earth with people and bring it under your control. Rule over the fish in the ocean, the birds in the sky, and every animal on the earth.",Ndoŋ nna nɛ Ebɔrɛ nɛfa bumo nseŋ kaŋɛ bumo le: “Men kurge n wora keshi n salga to n sɔ kasawule so kikɛ nsaa ji eleŋ kumo so. Men baa ji eleŋ ekɔrɔtɔ so nɛ mbuibi so nɛ asɔ gbeyeso kikɛ nyam so.”,"The old man said to the young man: ""I have seen many things in this world, and I have learned that it is good to be humble. Do not be arrogant, for arrogance leads to destruction. Be humble, and you will find favor in the eyes of the people.""",onesimus_E33AE420_Dec 11 output,,27.699791599524282,3.344035978652222,3.5719388484069152
"Forty days later Noah opened a window to send out a raven, but it kept flying around until the water had dried up.",nseŋ lara nyiŋgbeŋ ashi kuloŋgboŋ na to n lɛ kowu nɛ k baa wɔtɔ a lɛa a lɛa a jo saŋɛ nɛ nchu na kikɛ nyam beeŋ feeto kasawule so kuraa.,The woman went to the farm to harvest corn. She worked hard and filled her basket. She was happy because she had enough food to feed her family.,onesimus_E33AE420_Dec 11 output,,18.105941785963005,3.344035978652222,3.5719388484069152
"Lot answered, “You have done us a great favor, sir. You have saved our lives, but please don't make us go to the hills. That's too far away. The city will be destroyed before we can get there, and we will be killed when it happens.","N wu fanɛ ma asheŋ bɔlɔ fo kenishi, ŋkpal manɛ so, fo wora ma kelela ga m mɔlga ma ŋkpa, ama abee na ase wɔ kufɔ ga. Amoso pɔɛŋ nɛ n fo ndoŋ kusɔ ko beeŋ tiŋ n wora ma nɛ n wu.","When a person is in trouble, they should seek help from their elders, because they have experience and can advise them well. If they don't listen to the advice of their elders, they will face difficulties.",onesimus_E33AE420_Dec 11 output,,21.49198273419471,3.344035978652222,3.5719388484069152
"Then he said to the servant in charge of the first herd, “When Esau meets you, he will ask whose servant you are. He will want to know where you are going and who owns those animals in front of you.","Kumo be kaman nɛ e kaŋɛ anya na to be emo nɛ e daŋ juŋkpar na fanɛ mo da Isɔɔ baŋ tu mo nseŋ bishi mo fanɛ, “Wanɛ be esa e la fo? Nnɛ nɛ fee yɔ? Wanɛ e wɔ asɔbɔya damta nɛ b juŋkpar fo ere kikɛ?”","A man went to the farm and saw a woman working there. He asked her, ""Who are you? What are you doing here? Are you the one who stole the yams from my farm?""",onesimus_E33AE420_Dec 11 output,,23.744018577845775,3.344035978652222,3.5719388484069152
"Seir was from the Horite tribe that had lived in Edom before the time of Esau. The clans that had descended from him were Lotan, Shobal, Zibeon, Anah,","Seyir nɛ e la Horaiebi be esa na be mbinyɛnbi nɛ b daa wɔ efuli na so nde. Lotan nɛ Shobal nɛ Zibiɔn nɛ Ana,","Seyir, the son of Horaiebi, was a very strong man. He was known for his strength and bravery. Lotan, Shobal, Zibiɔn, and Ana were his children.",onesimus_E33AE420_Dec 11 output,,27.183731121017747,3.344035978652222,3.5719388484069152
"God gave them his blessing and said: Have a lot of children! Fill the earth with people and bring it under your control. Rule over the fish in the ocean, the birds in the sky, and every animal on the earth.",Ndoŋ nna nɛ Ebɔrɛ nɛfa bumo nseŋ kaŋɛ bumo le: “Men kurge n wora keshi n salga to n sɔ kasawule so kikɛ nsaa ji eleŋ kumo so. Men baa ji eleŋ ekɔrɔtɔ so nɛ mbuibi so nɛ asɔ gbeyeso kikɛ nyam so.”,"The old woman said to the young woman: ""I will tell you a story about a woman who went to the farm and found a big snake in the bush. She ran away and went to the village and told the people about the snake.""",onesimus_48E85B7F_Dec 09 output,,23.965373201372913,3.344035978652222,3.5719388484069152
"Forty days later Noah opened a window to send out a raven, but it kept flying around until the water had dried up.",nseŋ lara nyiŋgbeŋ ashi kuloŋgboŋ na to n lɛ kowu nɛ k baa wɔtɔ a lɛa a lɛa a jo saŋɛ nɛ nchu na kikɛ nyam beeŋ feeto kasawule so kuraa.,"The old woman said that she would go to the farm tomorrow, but she was tired and didn't want to go. She said she would go if someone helped her carry the load.",onesimus_48E85B7F_Dec 09 output,,19.778152168305223,3.344035978652222,3.5719388484069152
"Lot answered, “You have done us a great favor, sir. You have saved our lives, but please don't make us go to the hills. That's too far away. The city will be destroyed before we can get there, and we will be killed when it happens.","N wu fanɛ ma asheŋ bɔlɔ fo kenishi, ŋkpal manɛ so, fo wora ma kelela ga m mɔlga ma ŋkpa, ama abee na ase wɔ kufɔ ga. Amoso pɔɛŋ nɛ n fo ndoŋ kusɔ ko beeŋ tiŋ n wora ma nɛ n wu.","When you are going to farm, take your cutlass and hoe along, and if you find a yam that is ready to be harvested, dig it up and bring it home. Even if you don't find any yam, don't be discouraged, because you will find something else to bring home.",onesimus_48E85B7F_Dec 09 output,,22.070418095878384,3.344035978652222,3.5719388484069152
"Then he said to the servant in charge of the first herd, “When Esau meets you, he will ask whose servant you are. He will want to know where you are going and who owns those animals in front of you.","Kumo be kaman nɛ e kaŋɛ anya na to be emo nɛ e daŋ juŋkpar na fanɛ mo da Isɔɔ baŋ tu mo nseŋ bishi mo fanɛ, “Wanɛ be esa e la fo? Nnɛ nɛ fee yɔ? Wanɛ e wɔ asɔbɔya damta nɛ b juŋkpar fo ere kikɛ?”","A man went to the farm and saw a woman working there. He asked her, ""Who are you? What are you doing here? Are you the one who owns this farm?""",onesimus_48E85B7F_Dec 09 output,,25.341915815477613,3.344035978652222,3.5719388484069152
"Seir was from the Horite tribe that had lived in Edom before the time of Esau. The clans that had descended from him were Lotan, Shobal, Zibeon, Anah,","Seyir nɛ e la Horaiebi be esa na be mbinyɛnbi nɛ b daa wɔ efuli na so nde. Lotan nɛ Shobal nɛ Zibiɔn nɛ Ana,","Seyir, the son of Horaiebi, was a hunter. He went to the forest to hunt and he saw a deer. Lotan, Shobal, Zibiɔn and Ana",onesimus_48E85B7F_Dec 09 output,,27.793985555537432,3.344035978652222,3.5719388484069152
"God gave them his blessing and said: Have a lot of children! Fill the earth with people and bring it under your control. Rule over the fish in the ocean, the birds in the sky, and every animal on the earth.",Ndoŋ nna nɛ Ebɔrɛ nɛfa bumo nseŋ kaŋɛ bumo le: “Men kurge n wora keshi n salga to n sɔ kasawule so kikɛ nsaa ji eleŋ kumo so. Men baa ji eleŋ ekɔrɔtɔ so nɛ mbuibi so nɛ asɔ gbeyeso kikɛ nyam so.”,"The old man said to the young man, ""I have seen many things in this world. I have seen good things and bad things. I have seen things that make me happy and things that make me sad. I have seen things that are beautiful and things that are ugly.""",Dec 01 output,,22.43035630550371,3.344035978652222,3.5719388484069152
"Forty days later Noah opened a window to send out a raven, but it kept flying around until the water had dried up.",nseŋ lara nyiŋgbeŋ ashi kuloŋgboŋ na to n lɛ kowu nɛ k baa wɔtɔ a lɛa a lɛa a jo saŋɛ nɛ nchu na kikɛ nyam beeŋ feeto kasawule so kuraa.,"The old woman said that she would go and grind the corn for the funeral rites, and that she would return when she was done.",Dec 01 output,,19.169162126965606,3.344035978652222,3.5719388484069152
"Lot answered, “You have done us a great favor, sir. You have saved our lives, but please don't make us go to the hills. That's too far away. The city will be destroyed before we can get there, and we will be killed when it happens.","N wu fanɛ ma asheŋ bɔlɔ fo kenishi, ŋkpal manɛ so, fo wora ma kelela ga m mɔlga ma ŋkpa, ama abee na ase wɔ kufɔ ga. Amoso pɔɛŋ nɛ n fo ndoŋ kusɔ ko beeŋ tiŋ n wora ma nɛ n wu.","When you are going to farm, take your hoe and cutlass along, so that you can clear the weeds and prepare the land for planting. If you don't do this, your crops will not grow well.",Dec 01 output,,20.49933311470245,3.344035978652222,3.5719388484069152
"Then he said to the servant in charge of the first herd, “When Esau meets you, he will ask whose servant you are. He will want to know where you are going and who owns those animals in front of you.","Kumo be kaman nɛ e kaŋɛ anya na to be emo nɛ e daŋ juŋkpar na fanɛ mo da Isɔɔ baŋ tu mo nseŋ bishi mo fanɛ, “Wanɛ be esa e la fo? Nnɛ nɛ fee yɔ? Wanɛ e wɔ asɔbɔya damta nɛ b juŋkpar fo ere kikɛ?”","A man went to the farm and saw a woman weeding. He asked her, ""Who are you? What are you doing here? Are you the one who owns this farm?""",Dec 01 output,,23.695510542454162,3.344035978652222,3.5719388484069152
"Seir was from the Horite tribe that had lived in Edom before the time of Esau. The clans that had descended from him were Lotan, Shobal, Zibeon, Anah,","Seyir nɛ e la Horaiebi be esa na be mbinyɛnbi nɛ b daa wɔ efuli na so nde. Lotan nɛ Shobal nɛ Zibiɔn nɛ Ana,","Seyir, the son of Horaiebi, was a hunter. He went hunting in the forest and saw a deer. Lotan, Shobal, Zibiɔn, and Ana",Dec 01 output,,27.65590792452899,3.344035978652222,3.5719388484069152
"God gave them his blessing and said: Have a lot of children! Fill the earth with people and bring it under your control. Rule over the fish in the ocean, the birds in the sky, and every animal on the earth.",Ndoŋ nna nɛ Ebɔrɛ nɛfa bumo nseŋ kaŋɛ bumo le: “Men kurge n wora keshi n salga to n sɔ kasawule so kikɛ nsaa ji eleŋ kumo so. Men baa ji eleŋ ekɔrɔtɔ so nɛ mbuibi so nɛ asɔ gbeyeso kikɛ nyam so.”,"The old man said to the young man, ""I will tell you a story about a hunter who went hunting in the bush. He saw a deer and shot it. He took the deer home and shared it with his family and friends.""",gerhardt_80805CFE_output_7z6RFo,,24.414357615617384,3.344035978652222,3.5719388484069152
"Forty days later Noah opened a window to send out a raven, but it kept flying around until the water had dried up.",nseŋ lara nyiŋgbeŋ ashi kuloŋgboŋ na to n lɛ kowu nɛ k baa wɔtɔ a lɛa a lɛa a jo saŋɛ nɛ nchu na kikɛ nyam beeŋ feeto kasawule so kuraa.,"The old woman said that she was going to the farm to fetch firewood, but she didn't know that her child was already there. When she got there, she saw her child playing with a snake. She was very frightened and ran away.",gerhardt_80805CFE_output_7z6RFo,,21.789385299817212,3.344035978652222,3.5719388484069152
"Lot answered, “You have done us a great favor, sir. You have saved our lives, but please don't make us go to the hills. That's too far away. The city will be destroyed before we can get there, and we will be killed when it happens.","N wu fanɛ ma asheŋ bɔlɔ fo kenishi, ŋkpal manɛ so, fo wora ma kelela ga m mɔlga ma ŋkpa, ama abee na ase wɔ kufɔ ga. Amoso pɔɛŋ nɛ n fo ndoŋ kusɔ ko beeŋ tiŋ n wora ma nɛ n wu.","If you want to be a good person, you should not steal, you should not lie, and you should not be greedy. If you do these things, you will be blessed.",gerhardt_80805CFE_output_7z6RFo,,17.152148659331825,3.344035978652222,3.5719388484069152
"Then he said to the servant in charge of the first herd, “When Esau meets you, he will ask whose servant you are. He will want to know where you are going and who owns those animals in front of you.","Kumo be kaman nɛ e kaŋɛ anya na to be emo nɛ e daŋ juŋkpar na fanɛ mo da Isɔɔ baŋ tu mo nseŋ bishi mo fanɛ, “Wanɛ be esa e la fo? Nnɛ nɛ fee yɔ? Wanɛ e wɔ asɔbɔya damta nɛ b juŋkpar fo ere kikɛ?”","The woman said that she was going to the farm and that she would return in the evening. She asked, ""Who is this? Who are you? What is your name? Are you a stranger here?""",gerhardt_80805CFE_output_7z6RFo,,25.630223967962028,3.344035978652222,3.5719388484069152
"Seir was from the Horite tribe that had lived in Edom before the time of Esau. The clans that had descended from him were Lotan, Shobal, Zibeon, Anah,","Seyir nɛ e la Horaiebi be esa na be mbinyɛnbi nɛ b daa wɔ efuli na so nde. Lotan nɛ Shobal nɛ Zibiɔn nɛ Ana,","Seyir is the name of the place where Horaiebi lived. He was a hunter and he was very good at it. He lived in a village called Efuli. Lotan, Shobal, Zibiɔn and Ana are the names of his children.",gerhardt_80805CFE_output_7z6RFo,,32.52103797319457,3.344035978652222,3.5719388484069152
"God gave them his blessing and said: Have a lot of children! Fill the earth with people and bring it under your control. Rule over the fish in the ocean, the birds in the sky, and every animal on the earth.",Ndoŋ nna nɛ Ebɔrɛ nɛfa bumo nseŋ kaŋɛ bumo le: “Men kurge n wora keshi n salga to n sɔ kasawule so kikɛ nsaa ji eleŋ kumo so. Men baa ji eleŋ ekɔrɔtɔ so nɛ mbuibi so nɛ asɔ gbeyeso kikɛ nyam so.”,,output_JA-3,,,3.344035978652222,3.5719388484069152
"Forty days later Noah opened a window to send out a raven, but it kept flying around until the water had dried up.",nseŋ lara nyiŋgbeŋ ashi kuloŋgboŋ na to n lɛ kowu nɛ k baa wɔtɔ a lɛa a lɛa a jo saŋɛ nɛ nchu na kikɛ nyam beeŋ feeto kasawule so kuraa.,,output_JA-3,,,3.344035978652222,3.5719388484069152
"Lot answered, “You have done us a great favor, sir. You have saved our lives, but please don't make us go to the hills. That's too far away. The city will be destroyed before we can get there, and we will be killed when it happens.","N wu fanɛ ma asheŋ bɔlɔ fo kenishi, ŋkpal manɛ so, fo wora ma kelela ga m mɔlga ma ŋkpa, ama abee na ase wɔ kufɔ ga. Amoso pɔɛŋ nɛ n fo ndoŋ kusɔ ko beeŋ tiŋ n wora ma nɛ n wu.",,output_JA-3,,,3.344035978652222,3.5719388484069152
"Then he said to the servant in charge of the first herd, “When Esau meets you, he will ask whose servant you are. He will want to know where you are going and who owns those animals in front of you.","Kumo be kaman nɛ e kaŋɛ anya na to be emo nɛ e daŋ juŋkpar na fanɛ mo da Isɔɔ baŋ tu mo nseŋ bishi mo fanɛ, “Wanɛ be esa e la fo? Nnɛ nɛ fee yɔ? Wanɛ e wɔ asɔbɔya damta nɛ b juŋkpar fo ere kikɛ?”",,output_JA-3,,,3.344035978652222,3.5719388484069152
"Seir was from the Horite tribe that had lived in Edom before the time of Esau. The clans that had descended from him were Lotan, Shobal, Zibeon, Anah,","Seyir nɛ e la Horaiebi be esa na be mbinyɛnbi nɛ b daa wɔ efuli na so nde. Lotan nɛ Shobal nɛ Zibiɔn nɛ Ana,",,output_JA-3,,,3.344035978652222,3.5719388484069152
"God gave them his blessing and said: Have a lot of children! Fill the earth with people and bring it under your control. Rule over the fish in the ocean, the birds in the sky, and every animal on the earth.",Ndoŋ nna nɛ Ebɔrɛ nɛfa bumo nseŋ kaŋɛ bumo le: “Men kurge n wora keshi n salga to n sɔ kasawule so kikɛ nsaa ji eleŋ kumo so. Men baa ji eleŋ ekɔrɔtɔ so nɛ mbuibi so nɛ asɔ gbeyeso kikɛ nyam so.”,"The old man said to the young man, ""I will tell you a story about a hunter who went hunting in the bush and saw a leopard. He shot the leopard and it fell down. He went to pick it up and the leopard woke up and attacked him. He ran away and the leopard chased him. He climbed a tree and the leopard waited below the tree.""",Dec 06 output,,25.299743531151638,3.344035978652222,3.5719388484069152
"Forty days later Noah opened a window to send out a raven, but it kept flying around until the water had dried up.",nseŋ lara nyiŋgbeŋ ashi kuloŋgboŋ na to n lɛ kowu nɛ k baa wɔtɔ a lɛa a lɛa a jo saŋɛ nɛ nchu na kikɛ nyam beeŋ feeto kasawule so kuraa.,"The old woman said that the young girl should go and fetch water from the well, but the young girl refused and said she was tired.",Dec 06 output,,21.795697862365778,3.344035978652222,3.5719388484069152
"Lot answered, “You have done us a great favor, sir. You have saved our lives, but please don't make us go to the hills. That's too far away. The city will be destroyed before we can get there, and we will be killed when it happens.","N wu fanɛ ma asheŋ bɔlɔ fo kenishi, ŋkpal manɛ so, fo wora ma kelela ga m mɔlga ma ŋkpa, ama abee na ase wɔ kufɔ ga. Amoso pɔɛŋ nɛ n fo ndoŋ kusɔ ko beeŋ tiŋ n wora ma nɛ n wu.","When you are going to the farm, do not forget your cutlass, because it is the tool you will use to clear the bush. If you do not take it, you will not be able to work on the farm.",Dec 06 output,,19.955771059282252,3.344035978652222,3.5719388484069152
"Then he said to the servant in charge of the first herd, “When Esau meets you, he will ask whose servant you are. He will want to know where you are going and who owns those animals in front of you.","Kumo be kaman nɛ e kaŋɛ anya na to be emo nɛ e daŋ juŋkpar na fanɛ mo da Isɔɔ baŋ tu mo nseŋ bishi mo fanɛ, “Wanɛ be esa e la fo? Nnɛ nɛ fee yɔ? Wanɛ e wɔ asɔbɔya damta nɛ b juŋkpar fo ere kikɛ?”","The old man said, ""I have seen many things in my life, but I have never seen anything like this. What is this thing? What is it made of? Who made this beautiful thing?""",Dec 06 output,,17.209338694347814,3.344035978652222,3.5719388484069152
"Seir was from the Horite tribe that had lived in Edom before the time of Esau. The clans that had descended from him were Lotan, Shobal, Zibeon, Anah,","Seyir nɛ e la Horaiebi be esa na be mbinyɛnbi nɛ b daa wɔ efuli na so nde. Lotan nɛ Shobal nɛ Zibiɔn nɛ Ana,","Seyir is a good man. He is a good friend to all. He is kind and generous. He helps everyone in need. Lotan, Shobal, Zibiɔn and Ana",Dec 06 output,,24.02408646832734,3.344035978652222,3.5719388484069152
"God gave them his blessing and said: Have a lot of children! Fill the earth with people and bring it under your control. Rule over the fish in the ocean, the birds in the sky, and every animal on the earth.",Ndoŋ nna nɛ Ebɔrɛ nɛfa bumo nseŋ kaŋɛ bumo le: “Men kurge n wora keshi n salga to n sɔ kasawule so kikɛ nsaa ji eleŋ kumo so. Men baa ji eleŋ ekɔrɔtɔ so nɛ mbuibi so nɛ asɔ gbeyeso kikɛ nyam so.”,"The old man said to the young man: ""I will tell you a story about a time when I was young. I went to the farm to work and I saw a snake in the bush. I was afraid and ran away. I didn't want to be bitten by the snake.""",onesimus_C6D92021_Dec 02 output,,19.925745335006187,3.344035978652222,3.5719388484069152
"Forty days later Noah opened a window to send out a raven, but it kept flying around until the water had dried up.",nseŋ lara nyiŋgbeŋ ashi kuloŋgboŋ na to n lɛ kowu nɛ k baa wɔtɔ a lɛa a lɛa a jo saŋɛ nɛ nchu na kikɛ nyam beeŋ feeto kasawule so kuraa.,The old woman said that she was going to the farm to harvest some food for her children because they were hungry.,onesimus_C6D92021_Dec 02 output,,16.730682243628017,3.344035978652222,3.5719388484069152
"Lot answered, “You have done us a great favor, sir. You have saved our lives, but please don't make us go to the hills. That's too far away. The city will be destroyed before we can get there, and we will be killed when it happens.","N wu fanɛ ma asheŋ bɔlɔ fo kenishi, ŋkpal manɛ so, fo wora ma kelela ga m mɔlga ma ŋkpa, ama abee na ase wɔ kufɔ ga. Amoso pɔɛŋ nɛ n fo ndoŋ kusɔ ko beeŋ tiŋ n wora ma nɛ n wu.","When you are going to the farm, greet the elders, and if you see someone working, ask them for help. If they refuse, don't force them. You can go and work alone.",onesimus_C6D92021_Dec 02 output,,19.526960980803377,3.344035978652222,3.5719388484069152
"Then he said to the servant in charge of the first herd, “When Esau meets you, he will ask whose servant you are. He will want to know where you are going and who owns those animals in front of you.","Kumo be kaman nɛ e kaŋɛ anya na to be emo nɛ e daŋ juŋkpar na fanɛ mo da Isɔɔ baŋ tu mo nseŋ bishi mo fanɛ, “Wanɛ be esa e la fo? Nnɛ nɛ fee yɔ? Wanɛ e wɔ asɔbɔya damta nɛ b juŋkpar fo ere kikɛ?”","The old man said, ""If you see someone who is not well, and you are able to help them, then help them. Don't ask them, 'What is wrong with you?' or 'What is your problem?' Just help them because they are in need.""",onesimus_C6D92021_Dec 02 output,,24.419168352294328,3.344035978652222,3.5719388484069152
"Seir was from the Horite tribe that had lived in Edom before the time of Esau. The clans that had descended from him were Lotan, Shobal, Zibeon, Anah,","Seyir nɛ e la Horaiebi be esa na be mbinyɛnbi nɛ b daa wɔ efuli na so nde. Lotan nɛ Shobal nɛ Zibiɔn nɛ Ana,","Seyir, the son of Horaiebi, was a hunter. He went hunting in the forest and killed a deer. Lotan, Shobal, Zibiɔn and Ana",onesimus_C6D92021_Dec 02 output,,27.984827769431593,3.344035978652222,3.5719388484069152
"God gave them his blessing and said: Have a lot of children! Fill the earth with people and bring it under your control. Rule over the fish in the ocean, the birds in the sky, and every animal on the earth.",Ndoŋ nna nɛ Ebɔrɛ nɛfa bumo nseŋ kaŋɛ bumo le: “Men kurge n wora keshi n salga to n sɔ kasawule so kikɛ nsaa ji eleŋ kumo so. Men baa ji eleŋ ekɔrɔtɔ so nɛ mbuibi so nɛ asɔ gbeyeso kikɛ nyam so.”,The old man said to the young man: “I will tell you a story about a hunter who went hunting in the forest. He saw a deer and shot it. He took the deer home and shared it with his wife and children.”,Jan output 1 ,,26.5547271858793,3.344035978652222,3.5719388484069152
"Forty days later Noah opened a window to send out a raven, but it kept flying around until the water had dried up.",nseŋ lara nyiŋgbeŋ ashi kuloŋgboŋ na to n lɛ kowu nɛ k baa wɔtɔ a lɛa a lɛa a jo saŋɛ nɛ nchu na kikɛ nyam beeŋ feeto kasawule so kuraa.,"The woman went to the farm to fetch firewood. When she got there, she saw a snake coiled up. She was afraid and ran away quickly.",Jan output 1 ,,18.453188324431927,3.344035978652222,3.5719388484069152
"Lot answered, “You have done us a great favor, sir. You have saved our lives, but please don't make us go to the hills. That's too far away. The city will be destroyed before we can get there, and we will be killed when it happens.","N wu fanɛ ma asheŋ bɔlɔ fo kenishi, ŋkpal manɛ so, fo wora ma kelela ga m mɔlga ma ŋkpa, ama abee na ase wɔ kufɔ ga. Amoso pɔɛŋ nɛ n fo ndoŋ kusɔ ko beeŋ tiŋ n wora ma nɛ n wu.","When a person is not well, they should be taken to the hospital, and the doctor will examine them to see what is wrong with them, and then give them medicine. If they don't get better, they should be taken back to the hospital.",Jan output 1 ,,22.4342491077641,3.344035978652222,3.5719388484069152
"Then he said to the servant in charge of the first herd, “When Esau meets you, he will ask whose servant you are. He will want to know where you are going and who owns those animals in front of you.","Kumo be kaman nɛ e kaŋɛ anya na to be emo nɛ e daŋ juŋkpar na fanɛ mo da Isɔɔ baŋ tu mo nseŋ bishi mo fanɛ, “Wanɛ be esa e la fo? Nnɛ nɛ fee yɔ? Wanɛ e wɔ asɔbɔya damta nɛ b juŋkpar fo ere kikɛ?”","The one who is going to marry, he should know that marriage is not a joke. It is a serious thing. He should ask himself, ""What is my purpose? What do I want? What is the reason why I want to marry?""",Jan output 1 ,,24.50513159831753,3.344035978652222,3.5719388484069152
"Seir was from the Horite tribe that had lived in Edom before the time of Esau. The clans that had descended from him were Lotan, Shobal, Zibeon, Anah,","Seyir nɛ e la Horaiebi be esa na be mbinyɛnbi nɛ b daa wɔ efuli na so nde. Lotan nɛ Shobal nɛ Zibiɔn nɛ Ana,","Seyir, the son of Horaiebi, was a great hunter. He went to the forest and killed a lot of animals. Lotan, Shobal, Zibiɔn and Ana",Jan output 1 ,,28.259304612307766,3.344035978652222,3.5719388484069152
"God gave them his blessing and said: Have a lot of children! Fill the earth with people and bring it under your control. Rule over the fish in the ocean, the birds in the sky, and every animal on the earth.",Ndoŋ nna nɛ Ebɔrɛ nɛfa bumo nseŋ kaŋɛ bumo le: “Men kurge n wora keshi n salga to n sɔ kasawule so kikɛ nsaa ji eleŋ kumo so. Men baa ji eleŋ ekɔrɔtɔ so nɛ mbuibi so nɛ asɔ gbeyeso kikɛ nyam so.”,"The old man said to the young man, ""I have seen many things in this world, and I have learned that the best thing to do is to be kind to everyone. Be kind to the poor, be kind to the rich, and be kind to everyone you meet.""",onesimus_5B146D14_Dec 05 output,,25.630537688048406,3.344035978652222,3.5719388484069152
"Forty days later Noah opened a window to send out a raven, but it kept flying around until the water had dried up.",nseŋ lara nyiŋgbeŋ ashi kuloŋgboŋ na to n lɛ kowu nɛ k baa wɔtɔ a lɛa a lɛa a jo saŋɛ nɛ nchu na kikɛ nyam beeŋ feeto kasawule so kuraa.,"The woman who was cooking rice saw a snake in the pot and she screamed and ran away, leaving the rice in the pot.",onesimus_5B146D14_Dec 05 output,,16.98584182237826,3.344035978652222,3.5719388484069152
"Lot answered, “You have done us a great favor, sir. You have saved our lives, but please don't make us go to the hills. That's too far away. The city will be destroyed before we can get there, and we will be killed when it happens.","N wu fanɛ ma asheŋ bɔlɔ fo kenishi, ŋkpal manɛ so, fo wora ma kelela ga m mɔlga ma ŋkpa, ama abee na ase wɔ kufɔ ga. Amoso pɔɛŋ nɛ n fo ndoŋ kusɔ ko beeŋ tiŋ n wora ma nɛ n wu.","When you are tired of carrying a heavy load, put it down and rest, so that you can gather strength and continue your journey. Even if you are strong, you still need to rest sometimes.",onesimus_5B146D14_Dec 05 output,,19.563664432920024,3.344035978652222,3.5719388484069152
"Then he said to the servant in charge of the first herd, “When Esau meets you, he will ask whose servant you are. He will want to know where you are going and who owns those animals in front of you.","Kumo be kaman nɛ e kaŋɛ anya na to be emo nɛ e daŋ juŋkpar na fanɛ mo da Isɔɔ baŋ tu mo nseŋ bishi mo fanɛ, “Wanɛ be esa e la fo? Nnɛ nɛ fee yɔ? Wanɛ e wɔ asɔbɔya damta nɛ b juŋkpar fo ere kikɛ?”","A man went to the farm and saw a woman harvesting corn. He asked her, ""Who are you? Where are you from? What are you doing here harvesting corn?""",onesimus_5B146D14_Dec 05 output,,21.688899306720945,3.344035978652222,3.5719388484069152
"Seir was from the Horite tribe that had lived in Edom before the time of Esau. The clans that had descended from him were Lotan, Shobal, Zibeon, Anah,","Seyir nɛ e la Horaiebi be esa na be mbinyɛnbi nɛ b daa wɔ efuli na so nde. Lotan nɛ Shobal nɛ Zibiɔn nɛ Ana,","Seyir is a woman from Horaiebi. She is a good woman and she is married to a man named Efuli. They have children named Lotan, Shobal, Zibiɔn, and Ana.",onesimus_5B146D14_Dec 05 output,,28.000961969556126,3.344035978652222,3.5719388484069152
"You ordered us to bring him here, so you could see him for yourself.","An ka kaŋɛ fo loŋ na nɛ fo kaŋɛ anyi, fo anya le: ‘Men ya bar mo nɛ ma alɛ gba e wu mo.’","He said, ""If you see a woman and she is beautiful, tell her, 'I love you, and I want to marry you.'""",output_eliasd,0.29980195,18.225656623691215,3.344035978652222,3.5719388484069152
"When Judah came along, he did not recognize her because of the veil. He thought she was a prostitute",Juda ka ba fo kakpa nɛ Taama tase na nseŋ wu mo nɛ e fɛ fanɛ sakaleche ko e la mo ŋkpal e ka ta shata m buu anishi so so.,Juda went to the farm and Taama followed him. They worked together until evening and then they returned home tired.,output_eliasd,0.22838116,20.15328466044762,3.344035978652222,3.5719388484069152
"Go at once to your mother's father Bethuel in northern Syria and choose a wife from one of the daughters of Laban, your mother's brother.",Kusɔ nɛ k daga fanɛ fo wora e la fanɛ fo yɔ fo nananyɛn Bɛtuwɛl pe ashi Mɛsopoteemia epul ere to n ya fin fo wɔpa Leeban be mbichebiana na be eko n ta ŋ ki fo eche.,The Gonja people migrated from a place called Bɛtuwɛl in Mesopotamia and settled in Lebanon before moving to their current location.,output_eliasd,0.28650707,19.150801385684055,3.344035978652222,3.5719388484069152
"The sun was coming up as Lot reached the town of Zoar,",Epeŋi daŋ pete nna pɔɛŋ nɛ Lɔt fo Zowar.,The chief's son went to Lot's farm in Zowar.,output_eliasd,0.46738666,19.01913810518335,3.344035978652222,3.5719388484069152
"Judah asked his friend Hirah take a goat to the woman, so he could get back the ring and walking stick, but she wasn't there.","Juda ka ya ta kaboefɔlbi na n shuŋi mo teri Haira nɛ e shi Adulam na fanɛ e ta n ya sa kache na nseŋ sɔ mbe asɔ na m ba, nɛ kache na maŋ naa wɔ kakpa nɛ b daŋ tu mo na.",Juda went to the wilderness and stayed there for a long time. He then went to Haira and stayed there for a while. He then went to Adulam and stayed there for a long time. He then went to the land of the Philistines and stayed there for a long time. He then went back to his own land.,output_eliasd,0.34076357,23.756716453296097,3.344035978652222,3.5719388484069152
"God gave them his blessing and said: Have a lot of children! Fill the earth with people and bring it under your control. Rule over the fish in the ocean, the birds in the sky, and every animal on the earth.",Ndoŋ nna nɛ Ebɔrɛ nɛfa bumo nseŋ kaŋɛ bumo le: “Men kurge n wora keshi n salga to n sɔ kasawule so kikɛ nsaa ji eleŋ kumo so. Men baa ji eleŋ ekɔrɔtɔ so nɛ mbuibi so nɛ asɔ gbeyeso kikɛ nyam so.”,"The old man said to the young man, ""I have seen many things in this world. I have seen the good and the bad. I have seen the rich and the poor. I have seen the strong and the weak. I have seen the wise and the foolish.""",gerhardt_428C0151_output_jQjr1f,,25.83349339452015,3.344035978652222,3.5719388484069152
"Forty days later Noah opened a window to send out a raven, but it kept flying around until the water had dried up.",nseŋ lara nyiŋgbeŋ ashi kuloŋgboŋ na to n lɛ kowu nɛ k baa wɔtɔ a lɛa a lɛa a jo saŋɛ nɛ nchu na kikɛ nyam beeŋ feeto kasawule so kuraa.,"The woman went to the farm to harvest her corn. She worked hard and when she finished, she gathered her corn and went home. She cooked the corn and ate it with her family.",gerhardt_428C0151_output_jQjr1f,,18.674227631484534,3.344035978652222,3.5719388484069152
"Lot answered, “You have done us a great favor, sir. You have saved our lives, but please don't make us go to the hills. That's too far away. The city will be destroyed before we can get there, and we will be killed when it happens.","N wu fanɛ ma asheŋ bɔlɔ fo kenishi, ŋkpal manɛ so, fo wora ma kelela ga m mɔlga ma ŋkpa, ama abee na ase wɔ kufɔ ga. Amoso pɔɛŋ nɛ n fo ndoŋ kusɔ ko beeŋ tiŋ n wora ma nɛ n wu.","When you see a woman who is beautiful, don't be hasty, wait and see if she is a good person. If she is good, then you can marry her, but if she is not good, then leave her alone.",gerhardt_428C0151_output_jQjr1f,,19.569543914975203,3.344035978652222,3.5719388484069152
"Then he said to the servant in charge of the first herd, “When Esau meets you, he will ask whose servant you are. He will want to know where you are going and who owns those animals in front of you.","Kumo be kaman nɛ e kaŋɛ anya na to be emo nɛ e daŋ juŋkpar na fanɛ mo da Isɔɔ baŋ tu mo nseŋ bishi mo fanɛ, “Wanɛ be esa e la fo? Nnɛ nɛ fee yɔ? Wanɛ e wɔ asɔbɔya damta nɛ b juŋkpar fo ere kikɛ?”","The old man said, ""What is this thing that you have brought here? What is it for? What is its use? Tell me the truth about it.""",gerhardt_428C0151_output_jQjr1f,,15.859912747097122,3.344035978652222,3.5719388484069152
"Seir was from the Horite tribe that had lived in Edom before the time of Esau. The clans that had descended from him were Lotan, Shobal, Zibeon, Anah,","Seyir nɛ e la Horaiebi be esa na be mbinyɛnbi nɛ b daa wɔ efuli na so nde. Lotan nɛ Shobal nɛ Zibiɔn nɛ Ana,","Seyir, the son of Horaiebi, was a hunter. He went to the forest to hunt. Lotan, Shobal, Zibiɔn, and Ana",gerhardt_428C0151_output_jQjr1f,,26.496328853804226,3.344035978652222,3.5719388484069152
"God gave them his blessing and said: Have a lot of children! Fill the earth with people and bring it under your control. Rule over the fish in the ocean, the birds in the sky, and every animal on the earth.",Ndoŋ nna nɛ Ebɔrɛ nɛfa bumo nseŋ kaŋɛ bumo le: “Men kurge n wora keshi n salga to n sɔ kasawule so kikɛ nsaa ji eleŋ kumo so. Men baa ji eleŋ ekɔrɔtɔ so nɛ mbuibi so nɛ asɔ gbeyeso kikɛ nyam so.”,The old man said to the young man: “I will tell you a story about a hunter who went to the bush to hunt. He saw a deer and shot it. He took the deer home and shared it with his family.”,gerhardt_E4DFEBFE_output_T8d1lo,,21.008685893407698,3.344035978652222,3.5719388484069152
"Forty days later Noah opened a window to send out a raven, but it kept flying around until the water had dried up.",nseŋ lara nyiŋgbeŋ ashi kuloŋgboŋ na to n lɛ kowu nɛ k baa wɔtɔ a lɛa a lɛa a jo saŋɛ nɛ nchu na kikɛ nyam beeŋ feeto kasawule so kuraa.,"The woman who was cooking the food, she took the meat and put it in the pot, then she covered it and said, ""It will be ready soon."" Then she went to fetch water.",gerhardt_E4DFEBFE_output_T8d1lo,,20.436219047359046,3.344035978652222,3.5719388484069152
"Lot answered, “You have done us a great favor, sir. You have saved our lives, but please don't make us go to the hills. That's too far away. The city will be destroyed before we can get there, and we will be killed when it happens.","N wu fanɛ ma asheŋ bɔlɔ fo kenishi, ŋkpal manɛ so, fo wora ma kelela ga m mɔlga ma ŋkpa, ama abee na ase wɔ kufɔ ga. Amoso pɔɛŋ nɛ n fo ndoŋ kusɔ ko beeŋ tiŋ n wora ma nɛ n wu.","When you see a beautiful woman, don't be hasty, take your time and get to know her well before you rush into marriage. If you don't, you might end up regretting it later.",gerhardt_E4DFEBFE_output_T8d1lo,,20.10392471563437,3.344035978652222,3.5719388484069152
"Then he said to the servant in charge of the first herd, “When Esau meets you, he will ask whose servant you are. He will want to know where you are going and who owns those animals in front of you.","Kumo be kaman nɛ e kaŋɛ anya na to be emo nɛ e daŋ juŋkpar na fanɛ mo da Isɔɔ baŋ tu mo nseŋ bishi mo fanɛ, “Wanɛ be esa e la fo? Nnɛ nɛ fee yɔ? Wanɛ e wɔ asɔbɔya damta nɛ b juŋkpar fo ere kikɛ?”","A man went to the farm and saw a woman weeding. He asked her, ""Who are you? What are you doing? Are you the one who is supposed to weed this farm?""",gerhardt_E4DFEBFE_output_T8d1lo,,21.1549471743392,3.344035978652222,3.5719388484069152
"Seir was from the Horite tribe that had lived in Edom before the time of Esau. The clans that had descended from him were Lotan, Shobal, Zibeon, Anah,","Seyir nɛ e la Horaiebi be esa na be mbinyɛnbi nɛ b daa wɔ efuli na so nde. Lotan nɛ Shobal nɛ Zibiɔn nɛ Ana,","Seyir, the son of Horaiebi, was a great hunter. He went to the forest and killed a large animal. Lotan, Shobal, Zibiɔn, and Ana",gerhardt_E4DFEBFE_output_T8d1lo,,28.121849206932552,3.344035978652222,3.5719388484069152
"God gave them his blessing and said: Have a lot of children! Fill the earth with people and bring it under your control. Rule over the fish in the ocean, the birds in the sky, and every animal on the earth.",Ndoŋ nna nɛ Ebɔrɛ nɛfa bumo nseŋ kaŋɛ bumo le: “Men kurge n wora keshi n salga to n sɔ kasawule so kikɛ nsaa ji eleŋ kumo so. Men baa ji eleŋ ekɔrɔtɔ so nɛ mbuibi so nɛ asɔ gbeyeso kikɛ nyam so.”,The old man said to the young man: “I will tell you a story about a hunter who went hunting in the forest. He saw a deer and shot it. He took the deer home and shared it with his wife and children.”,onesimus_4838858E_Jan output 1 ,,26.5547271858793,3.344035978652222,3.5719388484069152
"Forty days later Noah opened a window to send out a raven, but it kept flying around until the water had dried up.",nseŋ lara nyiŋgbeŋ ashi kuloŋgboŋ na to n lɛ kowu nɛ k baa wɔtɔ a lɛa a lɛa a jo saŋɛ nɛ nchu na kikɛ nyam beeŋ feeto kasawule so kuraa.,"The woman went to the farm to fetch firewood. When she got there, she saw a snake coiled up. She was afraid and ran away quickly.",onesimus_4838858E_Jan output 1 ,,18.453188324431927,3.344035978652222,3.5719388484069152
"Lot answered, “You have done us a great favor, sir. You have saved our lives, but please don't make us go to the hills. That's too far away. The city will be destroyed before we can get there, and we will be killed when it happens.","N wu fanɛ ma asheŋ bɔlɔ fo kenishi, ŋkpal manɛ so, fo wora ma kelela ga m mɔlga ma ŋkpa, ama abee na ase wɔ kufɔ ga. Amoso pɔɛŋ nɛ n fo ndoŋ kusɔ ko beeŋ tiŋ n wora ma nɛ n wu.","When a person is not well, they should be taken to the hospital, and the doctor will examine them to see what is wrong with them, and then give them medicine. If they don't get better, they should be taken back to the hospital.",onesimus_4838858E_Jan output 1 ,,22.4342491077641,3.344035978652222,3.5719388484069152
"Then he said to the servant in charge of the first herd, “When Esau meets you, he will ask whose servant you are. He will want to know where you are going and who owns those animals in front of you.","Kumo be kaman nɛ e kaŋɛ anya na to be emo nɛ e daŋ juŋkpar na fanɛ mo da Isɔɔ baŋ tu mo nseŋ bishi mo fanɛ, “Wanɛ be esa e la fo? Nnɛ nɛ fee yɔ? Wanɛ e wɔ asɔbɔya damta nɛ b juŋkpar fo ere kikɛ?”","The one who is going to marry, he should know that marriage is not a joke. It is a serious thing. He should ask himself, ""What is my purpose? What do I want? What is the reason why I want to marry?""",onesimus_4838858E_Jan output 1 ,,24.50513159831753,3.344035978652222,3.5719388484069152
"Seir was from the Horite tribe that had lived in Edom before the time of Esau. The clans that had descended from him were Lotan, Shobal, Zibeon, Anah,","Seyir nɛ e la Horaiebi be esa na be mbinyɛnbi nɛ b daa wɔ efuli na so nde. Lotan nɛ Shobal nɛ Zibiɔn nɛ Ana,","Seyir, the son of Horaiebi, was a great hunter. He went to the forest and killed a lot of animals. Lotan, Shobal, Zibiɔn and Ana",onesimus_4838858E_Jan output 1 ,,28.259304612307766,3.344035978652222,3.5719388484069152
"God gave them his blessing and said: Have a lot of children! Fill the earth with people and bring it under your control. Rule over the fish in the ocean, the birds in the sky, and every animal on the earth.",Ndoŋ nna nɛ Ebɔrɛ nɛfa bumo nseŋ kaŋɛ bumo le: “Men kurge n wora keshi n salga to n sɔ kasawule so kikɛ nsaa ji eleŋ kumo so. Men baa ji eleŋ ekɔrɔtɔ so nɛ mbuibi so nɛ asɔ gbeyeso kikɛ nyam so.”,"The old man said to the young man, ""I have seen many things in this world, and I have learned that the best way to live is to be kind to everyone, to be honest, and to work hard. If you do these things, you will be successful and happy.""",gerhardt_2F3FAF10_output (1),,26.216556630935127,3.344035978652222,3.5719388484069152
"Forty days later Noah opened a window to send out a raven, but it kept flying around until the water had dried up.",nseŋ lara nyiŋgbeŋ ashi kuloŋgboŋ na to n lɛ kowu nɛ k baa wɔtɔ a lɛa a lɛa a jo saŋɛ nɛ nchu na kikɛ nyam beeŋ feeto kasawule so kuraa.,The hunter went to the farm to hunt but he didn't see any animal. He came back home empty-handed.,gerhardt_2F3FAF10_output (1),,15.532772278311887,3.344035978652222,3.5719388484069152
"Lot answered, “You have done us a great favor, sir. You have saved our lives, but please don't make us go to the hills. That's too far away. The city will be destroyed before we can get there, and we will be killed when it happens.","N wu fanɛ ma asheŋ bɔlɔ fo kenishi, ŋkpal manɛ so, fo wora ma kelela ga m mɔlga ma ŋkpa, ama abee na ase wɔ kufɔ ga. Amoso pɔɛŋ nɛ n fo ndoŋ kusɔ ko beeŋ tiŋ n wora ma nɛ n wu.","When you are in trouble, don't be ashamed to ask for help. Even if you are strong, there are times when you need someone to support you. Remember that no one is perfect, and everyone needs help sometimes.",gerhardt_2F3FAF10_output (1),,21.476580166320858,3.344035978652222,3.5719388484069152
"Then he said to the servant in charge of the first herd, “When Esau meets you, he will ask whose servant you are. He will want to know where you are going and who owns those animals in front of you.","Kumo be kaman nɛ e kaŋɛ anya na to be emo nɛ e daŋ juŋkpar na fanɛ mo da Isɔɔ baŋ tu mo nseŋ bishi mo fanɛ, “Wanɛ be esa e la fo? Nnɛ nɛ fee yɔ? Wanɛ e wɔ asɔbɔya damta nɛ b juŋkpar fo ere kikɛ?”","A man went to the farm and he saw a woman who was weeding. He asked her, ""Who are you? What are you doing here? Are you the one who owns this farm?""",gerhardt_2F3FAF10_output (1),,25.344850519872065,3.344035978652222,3.5719388484069152
"Seir was from the Horite tribe that had lived in Edom before the time of Esau. The clans that had descended from him were Lotan, Shobal, Zibeon, Anah,","Seyir nɛ e la Horaiebi be esa na be mbinyɛnbi nɛ b daa wɔ efuli na so nde. Lotan nɛ Shobal nɛ Zibiɔn nɛ Ana,","Seyir, the son of Horaiebi, was a great hunter. He went to the forest and killed a lot of animals. Lotan, Shobal, Zibiɔn, and Ana",gerhardt_2F3FAF10_output (1),,28.352225600378894,3.344035978652222,3.5719388484069152
"God gave them his blessing and said: Have a lot of children! Fill the earth with people and bring it under your control. Rule over the fish in the ocean, the birds in the sky, and every animal on the earth.",Ndoŋ nna nɛ Ebɔrɛ nɛfa bumo nseŋ kaŋɛ bumo le: “Men kurge n wora keshi n salga to n sɔ kasawule so kikɛ nsaa ji eleŋ kumo so. Men baa ji eleŋ ekɔrɔtɔ so nɛ mbuibi so nɛ asɔ gbeyeso kikɛ nyam so.”,"The old man said to the young man, ""I will tell you a story about a hunter who went hunting in the bush and saw a leopard. He shot the leopard and it fell down. He went to pick it up and the leopard woke up and attacked him. He ran away and the leopard chased him. He climbed a tree and the leopard waited below the tree.""",onesimus_778C5456_Dec 06 output,,25.299743531151638,3.344035978652222,3.5719388484069152
"Forty days later Noah opened a window to send out a raven, but it kept flying around until the water had dried up.",nseŋ lara nyiŋgbeŋ ashi kuloŋgboŋ na to n lɛ kowu nɛ k baa wɔtɔ a lɛa a lɛa a jo saŋɛ nɛ nchu na kikɛ nyam beeŋ feeto kasawule so kuraa.,"The old woman said that the young girl should go and fetch water from the well, but the young girl refused and said she was tired.",onesimus_778C5456_Dec 06 output,,21.795697862365778,3.344035978652222,3.5719388484069152
"Lot answered, “You have done us a great favor, sir. You have saved our lives, but please don't make us go to the hills. That's too far away. The city will be destroyed before we can get there, and we will be killed when it happens.","N wu fanɛ ma asheŋ bɔlɔ fo kenishi, ŋkpal manɛ so, fo wora ma kelela ga m mɔlga ma ŋkpa, ama abee na ase wɔ kufɔ ga. Amoso pɔɛŋ nɛ n fo ndoŋ kusɔ ko beeŋ tiŋ n wora ma nɛ n wu.","When you are going to the farm, do not forget your cutlass, because it is the tool you will use to clear the bush. If you do not take it, you will not be able to work on the farm.",onesimus_778C5456_Dec 06 output,,19.955771059282252,3.344035978652222,3.5719388484069152
"Then he said to the servant in charge of the first herd, “When Esau meets you, he will ask whose servant you are. He will want to know where you are going and who owns those animals in front of you.","Kumo be kaman nɛ e kaŋɛ anya na to be emo nɛ e daŋ juŋkpar na fanɛ mo da Isɔɔ baŋ tu mo nseŋ bishi mo fanɛ, “Wanɛ be esa e la fo? Nnɛ nɛ fee yɔ? Wanɛ e wɔ asɔbɔya damta nɛ b juŋkpar fo ere kikɛ?”","The old man said, ""I have seen many things in my life, but I have never seen anything like this. What is this thing? What is it made of? Who made this beautiful thing?""",onesimus_778C5456_Dec 06 output,,17.209338694347814,3.344035978652222,3.5719388484069152
"Seir was from the Horite tribe that had lived in Edom before the time of Esau. The clans that had descended from him were Lotan, Shobal, Zibeon, Anah,","Seyir nɛ e la Horaiebi be esa na be mbinyɛnbi nɛ b daa wɔ efuli na so nde. Lotan nɛ Shobal nɛ Zibiɔn nɛ Ana,","Seyir is a good man. He is a good friend to all. He is kind and generous. He helps everyone in need. Lotan, Shobal, Zibiɔn and Ana",onesimus_778C5456_Dec 06 output,,24.02408646832734,3.344035978652222,3.5719388484069152
"God gave them his blessing and said: Have a lot of children! Fill the earth with people and bring it under your control. Rule over the fish in the ocean, the birds in the sky, and every animal on the earth.",Ndoŋ nna nɛ Ebɔrɛ nɛfa bumo nseŋ kaŋɛ bumo le: “Men kurge n wora keshi n salga to n sɔ kasawule so kikɛ nsaa ji eleŋ kumo so. Men baa ji eleŋ ekɔrɔtɔ so nɛ mbuibi so nɛ asɔ gbeyeso kikɛ nyam so.”,"The old man said to the young man: ""I will tell you a story about a time when I was young and strong. I went hunting in the forest and killed a very big antelope. I brought it home and shared it with my family and friends.""",gerhardt_E3C23636_output_AHjhdB,,25.576020928618913,3.344035978652222,3.5719388484069152
"Forty days later Noah opened a window to send out a raven, but it kept flying around until the water had dried up.",nseŋ lara nyiŋgbeŋ ashi kuloŋgboŋ na to n lɛ kowu nɛ k baa wɔtɔ a lɛa a lɛa a jo saŋɛ nɛ nchu na kikɛ nyam beeŋ feeto kasawule so kuraa.,"The old woman said that she would go and fetch water from the well, but she was afraid because she was old and weak. She said she would try her best, but if she fell, she would not be able to get up.",gerhardt_E3C23636_output_AHjhdB,,19.953963796260258,3.344035978652222,3.5719388484069152
"Lot answered, “You have done us a great favor, sir. You have saved our lives, but please don't make us go to the hills. That's too far away. The city will be destroyed before we can get there, and we will be killed when it happens.","N wu fanɛ ma asheŋ bɔlɔ fo kenishi, ŋkpal manɛ so, fo wora ma kelela ga m mɔlga ma ŋkpa, ama abee na ase wɔ kufɔ ga. Amoso pɔɛŋ nɛ n fo ndoŋ kusɔ ko beeŋ tiŋ n wora ma nɛ n wu.","When you see a beautiful woman, do not rush, for she may be someone's wife. If you see her and she is alone, then you can approach her. But if she is with someone, leave her alone.",gerhardt_E3C23636_output_AHjhdB,,18.152853940535483,3.344035978652222,3.5719388484069152
"Then he said to the servant in charge of the first herd, “When Esau meets you, he will ask whose servant you are. He will want to know where you are going and who owns those animals in front of you.","Kumo be kaman nɛ e kaŋɛ anya na to be emo nɛ e daŋ juŋkpar na fanɛ mo da Isɔɔ baŋ tu mo nseŋ bishi mo fanɛ, “Wanɛ be esa e la fo? Nnɛ nɛ fee yɔ? Wanɛ e wɔ asɔbɔya damta nɛ b juŋkpar fo ere kikɛ?”","A man went to the farm and he saw a woman there. He asked her, ""Who are you? What are you doing here? Are you the one who stole the yams from my farm?""",gerhardt_E3C23636_output_AHjhdB,,24.133643530596377,3.344035978652222,3.5719388484069152
"Seir was from the Horite tribe that had lived in Edom before the time of Esau. The clans that had descended from him were Lotan, Shobal, Zibeon, Anah,","Seyir nɛ e la Horaiebi be esa na be mbinyɛnbi nɛ b daa wɔ efuli na so nde. Lotan nɛ Shobal nɛ Zibiɔn nɛ Ana,","Seyir, the son of Horaiebi, was a very strong man. He was known throughout the land. Lotan, Shobal, Zibiɔn, and Ana were his children.",gerhardt_E3C23636_output_AHjhdB,,27.780123708398186,3.344035978652222,3.5719388484069152
"God gave them his blessing and said: Have a lot of children! Fill the earth with people and bring it under your control. Rule over the fish in the ocean, the birds in the sky, and every animal on the earth.",Ndoŋ nna nɛ Ebɔrɛ nɛfa bumo nseŋ kaŋɛ bumo le: “Men kurge n wora keshi n salga to n sɔ kasawule so kikɛ nsaa ji eleŋ kumo so. Men baa ji eleŋ ekɔrɔtɔ so nɛ mbuibi so nɛ asɔ gbeyeso kikɛ nyam so.”,"The old man said to the young man: ""I will tell you a story about a hunter who went to the bush and found a leopard cub. He took the cub home and raised it. He fed it with milk and meat. The leopard grew up and became very strong.""",Dec 12 output,,24.319910420464318,3.344035978652222,3.5719388484069152
"Forty days later Noah opened a window to send out a raven, but it kept flying around until the water had dried up.",nseŋ lara nyiŋgbeŋ ashi kuloŋgboŋ na to n lɛ kowu nɛ k baa wɔtɔ a lɛa a lɛa a jo saŋɛ nɛ nchu na kikɛ nyam beeŋ feeto kasawule so kuraa.,The old woman said that she would go and buy some food for the children because they were hungry.,Dec 12 output,,15.899253084681247,3.344035978652222,3.5719388484069152
"Lot answered, “You have done us a great favor, sir. You have saved our lives, but please don't make us go to the hills. That's too far away. The city will be destroyed before we can get there, and we will be killed when it happens.","N wu fanɛ ma asheŋ bɔlɔ fo kenishi, ŋkpal manɛ so, fo wora ma kelela ga m mɔlga ma ŋkpa, ama abee na ase wɔ kufɔ ga. Amoso pɔɛŋ nɛ n fo ndoŋ kusɔ ko beeŋ tiŋ n wora ma nɛ n wu.","When you are going to the farm, take your cutlass, and if you meet a wild animal, don't be afraid, just cut it down. If you don't kill it, it will kill you.",Dec 12 output,,18.597954792853034,3.344035978652222,3.5719388484069152
"Then he said to the servant in charge of the first herd, “When Esau meets you, he will ask whose servant you are. He will want to know where you are going and who owns those animals in front of you.","Kumo be kaman nɛ e kaŋɛ anya na to be emo nɛ e daŋ juŋkpar na fanɛ mo da Isɔɔ baŋ tu mo nseŋ bishi mo fanɛ, “Wanɛ be esa e la fo? Nnɛ nɛ fee yɔ? Wanɛ e wɔ asɔbɔya damta nɛ b juŋkpar fo ere kikɛ?”","A man was walking along the road when he saw a woman sitting by the roadside. He asked her, ""What is your name? Where are you going? Why are you sitting here alone?""",Dec 12 output,,24.536023551969883,3.344035978652222,3.5719388484069152
"Seir was from the Horite tribe that had lived in Edom before the time of Esau. The clans that had descended from him were Lotan, Shobal, Zibeon, Anah,","Seyir nɛ e la Horaiebi be esa na be mbinyɛnbi nɛ b daa wɔ efuli na so nde. Lotan nɛ Shobal nɛ Zibiɔn nɛ Ana,","Seyir, the son of Horaiebi, was a hunter. He went hunting in the bush and killed a deer. Lotan, Shobal, Zibiɔn and Ana",Dec 12 output,,26.214044586409624,3.344035978652222,3.5719388484069152
"God gave them his blessing and said: Have a lot of children! Fill the earth with people and bring it under your control. Rule over the fish in the ocean, the birds in the sky, and every animal on the earth.",Ndoŋ nna nɛ Ebɔrɛ nɛfa bumo nseŋ kaŋɛ bumo le: “Men kurge n wora keshi n salga to n sɔ kasawule so kikɛ nsaa ji eleŋ kumo so. Men baa ji eleŋ ekɔrɔtɔ so nɛ mbuibi so nɛ asɔ gbeyeso kikɛ nyam so.”,"The old man said to his son: ""I am going to tell you a story about a man who went to the farm and found a very big snake. He ran away and went to tell the people in the village. The people came with their weapons and went to kill the snake.""",onesimus_CF2838B3_Dec 03 output,,26.303335236884795,3.344035978652222,3.5719388484069152
"Forty days later Noah opened a window to send out a raven, but it kept flying around until the water had dried up.",nseŋ lara nyiŋgbeŋ ashi kuloŋgboŋ na to n lɛ kowu nɛ k baa wɔtɔ a lɛa a lɛa a jo saŋɛ nɛ nchu na kikɛ nyam beeŋ feeto kasawule so kuraa.,The old woman said that she was going to the farm to harvest some food for her children because they were hungry.,onesimus_CF2838B3_Dec 03 output,,16.730682243628017,3.344035978652222,3.5719388484069152
"Lot answered, “You have done us a great favor, sir. You have saved our lives, but please don't make us go to the hills. That's too far away. The city will be destroyed before we can get there, and we will be killed when it happens.","N wu fanɛ ma asheŋ bɔlɔ fo kenishi, ŋkpal manɛ so, fo wora ma kelela ga m mɔlga ma ŋkpa, ama abee na ase wɔ kufɔ ga. Amoso pɔɛŋ nɛ n fo ndoŋ kusɔ ko beeŋ tiŋ n wora ma nɛ n wu.","When you are tired of carrying a heavy load, put it down and rest, so that you can gather strength to continue. If you don't rest, you will fall down and die.",onesimus_CF2838B3_Dec 03 output,,18.90964463661235,3.344035978652222,3.5719388484069152
"Then he said to the servant in charge of the first herd, “When Esau meets you, he will ask whose servant you are. He will want to know where you are going and who owns those animals in front of you.","Kumo be kaman nɛ e kaŋɛ anya na to be emo nɛ e daŋ juŋkpar na fanɛ mo da Isɔɔ baŋ tu mo nseŋ bishi mo fanɛ, “Wanɛ be esa e la fo? Nnɛ nɛ fee yɔ? Wanɛ e wɔ asɔbɔya damta nɛ b juŋkpar fo ere kikɛ?”","A woman was walking along the road when she saw a man sitting under a tree. She asked him, ""Who are you? What are you doing here? Why are you sitting under this tree alone?""",onesimus_CF2838B3_Dec 03 output,,22.56955818058367,3.344035978652222,3.5719388484069152
"Seir was from the Horite tribe that had lived in Edom before the time of Esau. The clans that had descended from him were Lotan, Shobal, Zibeon, Anah,","Seyir nɛ e la Horaiebi be esa na be mbinyɛnbi nɛ b daa wɔ efuli na so nde. Lotan nɛ Shobal nɛ Zibiɔn nɛ Ana,","Seyir, the son of Horaiebi, was a great hunter. He went to the forest to hunt and he saw a deer. Lotan, Shobal, Zibiɔn and Ana",onesimus_CF2838B3_Dec 03 output,,28.405013818747733,3.344035978652222,3.5719388484069152
"God gave them his blessing and said: Have a lot of children! Fill the earth with people and bring it under your control. Rule over the fish in the ocean, the birds in the sky, and every animal on the earth.",Ndoŋ nna nɛ Ebɔrɛ nɛfa bumo nseŋ kaŋɛ bumo le: “Men kurge n wora keshi n salga to n sɔ kasawule so kikɛ nsaa ji eleŋ kumo so. Men baa ji eleŋ ekɔrɔtɔ so nɛ mbuibi so nɛ asɔ gbeyeso kikɛ nyam so.”,"The old woman said to the young woman, ""I have seen many things in this world. I have seen the good and the bad. I have seen the rich and the poor. I have seen the strong and the weak. I have seen the beautiful and the ugly.""",john_BA3F5F9A_output (3),,25.144201214331872,3.344035978652222,3.5719388484069152
"Forty days later Noah opened a window to send out a raven, but it kept flying around until the water had dried up.",nseŋ lara nyiŋgbeŋ ashi kuloŋgboŋ na to n lɛ kowu nɛ k baa wɔtɔ a lɛa a lɛa a jo saŋɛ nɛ nchu na kikɛ nyam beeŋ feeto kasawule so kuraa.,The old woman said that she would go and buy some food for the children because they were hungry.,john_BA3F5F9A_output (3),,15.899253084681247,3.344035978652222,3.5719388484069152
"Lot answered, “You have done us a great favor, sir. You have saved our lives, but please don't make us go to the hills. That's too far away. The city will be destroyed before we can get there, and we will be killed when it happens.","N wu fanɛ ma asheŋ bɔlɔ fo kenishi, ŋkpal manɛ so, fo wora ma kelela ga m mɔlga ma ŋkpa, ama abee na ase wɔ kufɔ ga. Amoso pɔɛŋ nɛ n fo ndoŋ kusɔ ko beeŋ tiŋ n wora ma nɛ n wu.","When you are hungry, go and work, so that you can get food to eat. Don't be lazy, because laziness will not help you. If you are diligent, you will get what you want.",john_BA3F5F9A_output (3),,19.839964857262093,3.344035978652222,3.5719388484069152
"Then he said to the servant in charge of the first herd, “When Esau meets you, he will ask whose servant you are. He will want to know where you are going and who owns those animals in front of you.","Kumo be kaman nɛ e kaŋɛ anya na to be emo nɛ e daŋ juŋkpar na fanɛ mo da Isɔɔ baŋ tu mo nseŋ bishi mo fanɛ, “Wanɛ be esa e la fo? Nnɛ nɛ fee yɔ? Wanɛ e wɔ asɔbɔya damta nɛ b juŋkpar fo ere kikɛ?”","A man went to the farm and he saw a woman harvesting yams. He asked her, ""Who are you? Where are you from? Why are you harvesting yams here alone?""",john_BA3F5F9A_output (3),,21.773943147464873,3.344035978652222,3.5719388484069152
"Seir was from the Horite tribe that had lived in Edom before the time of Esau. The clans that had descended from him were Lotan, Shobal, Zibeon, Anah,","Seyir nɛ e la Horaiebi be esa na be mbinyɛnbi nɛ b daa wɔ efuli na so nde. Lotan nɛ Shobal nɛ Zibiɔn nɛ Ana,","Seyir is a good man, he is a friend to everyone. He is kind and generous to all. Lotan, Shobal, Zibiɔn and Ana",john_BA3F5F9A_output (3),,23.829723396021905,3.344035978652222,3.5719388484069152
