{
  "language_pair": "gaa-eng",
  "timestamp": "2026-01-29T11:31:12.396383",
  "models": {
    "bleu": {
      "kimi-k2-instruct-0905": 5.875581881262648,
      "qwen3-235b-a22b": 3.979278124471254,
      "qwen3-32b": 4.644490371552311,
      "deepseek-v3.1": 0.06101018957710146,
      "gemini-2.5-flash": 21.48382012269679,
      "mistral-7b-instruct-v0.3": 2.8423265381137037,
      "gemma-2-9b-it": 8.293780155900174,
      "claude-sonnet-4-5": 13.300116941224493,
      "gpt-oss-120b": 6.585865159374887,
      "llama-3.3-70b-instruct": 7.299435237743245,
      "llama-3.1-405b-instruct": 3.8194159046977187,
      "qwq-32b": 5.760009107710788,
      "gpt-4.1": 6.167940872397263,
      "mistral-medium-3-instruct": 5.256886485157955,
      "llama-4-maverick-17b-128e-instruct": 9.557083774398006,
      "palmyra-med-70b": 5.174135388923546,
      "gemma-2-27b-it": 5.189906102049057,
      "gemma2-9b-it": 7.172667185723055,
      "seed-oss-36b-instruct": 2.260960191138009
    },
    "chrf": {
      "kimi-k2-instruct-0905": 28.158888281721737,
      "qwen3-235b-a22b": 24.924454234541223,
      "qwen3-32b": 20.353700155353273,
      "deepseek-v3.1": 29.67236129386555,
      "gemini-2.5-flash": 31.817780039281352,
      "mistral-7b-instruct-v0.3": 22.68209029116083,
      "gemma-2-9b-it": 21.259515622503127,
      "claude-sonnet-4-5": 27.235643280511965,
      "gpt-oss-120b": 19.912908573117818,
      "llama-3.3-70b-instruct": 23.19166157828772,
      "llama-3.1-405b-instruct": 25.198359986025306,
      "qwq-32b": 22.378647505322206,
      "gpt-4.1": 27.088545744992857,
      "mistral-medium-3-instruct": 26.621393422316356,
      "llama-4-maverick-17b-128e-instruct": 26.056700600473608,
      "palmyra-med-70b": 18.472802730505926,
      "gemma-2-27b-it": 20.203267870060287,
      "gemma2-9b-it": 19.624189011056103,
      "seed-oss-36b-instruct": 23.506672888743754
    },
    "average": {
      "kimi-k2-instruct-0905": 17.017235081492192,
      "qwen3-235b-a22b": 14.451866179506238,
      "qwen3-32b": 12.499095263452793,
      "deepseek-v3.1": 14.866685741721325,
      "gemini-2.5-flash": 26.65080008098907,
      "mistral-7b-instruct-v0.3": 12.762208414637266,
      "gemma-2-9b-it": 14.776647889201652,
      "claude-sonnet-4-5": 20.26788011086823,
      "gpt-oss-120b": 13.249386866246352,
      "llama-3.3-70b-instruct": 15.245548408015484,
      "llama-3.1-405b-instruct": 14.508887945361511,
      "qwq-32b": 14.069328306516496,
      "gpt-4.1": 16.62824330869506,
      "mistral-medium-3-instruct": 15.939139953737156,
      "llama-4-maverick-17b-128e-instruct": 17.806892187435807,
      "palmyra-med-70b": 11.823469059714736,
      "gemma-2-27b-it": 12.696586986054673,
      "gemma2-9b-it": 13.39842809838958,
      "seed-oss-36b-instruct": 12.88381653994088
    }
  },
  "best_model": "gemini-2.5-flash",
  "best_model_scores": {
    "BLEU": 21.48382012269679,
    "chrF": 31.817780039281352,
    "Average": 26.65080008098907
  }
}