ref,text,translated,source_zip_file,similarity_score,chrf_sentence,corpus_bleu,corpus_chrf
"After King Herod died, an angel from the Lord appeared in a dream to Joseph while he was still in Egypt.","Gɔ Herodes ɔkpi ne, Ɣaa kpabo ɔwɛ̃ ɔɖi so ɔte Yosef i kurɛ ame i Egipte.","When Herod the king heard this, he was afraid, and he went to Egypt with Joseph and the child Jesus.",Dec 08 output,,26.487606962813796,8.757447681401308,1.74140182847192
Why worry about clothes? Look how the wild flowers grow. They don't work hard to make their clothes.,“Be ɔso mito mimararã so i nnɛ miapia iso? Minyɔ ipo ame adziri kumɛgɔ asɛ amɔ. Aisɛ ata ɖɔti ɣee awe sikati.,Do you know where I went to? I went to the market to buy something. I bought a beautiful cloth.,Dec 08 output,,18.719858865484454,8.757447681401308,1.74140182847192
"You are a bunch of evil snakes, so how can you say anything good? Your words show what is in your hearts.",Mi ma lonyanyarĩ lɛ maɣɛ! Nda miabara fiɛ miawo ara sɛɛ ɔɣɛ gɔ miɖe maturi lalaa? Alasɔ nnɛ loyi ɔturi ɔtu ame i kanya sɛ kaɣɛ.,"My mother, I am very happy! I am very grateful for the food you have prepared for me. Alas, today is Thursday, the 24th of the month, and I have to go to work.",Dec 08 output,,15.936403108837366,8.757447681401308,1.74140182847192
"Someone may say, “Here is the Messiah!” or “There he is!” But don't believe it.","Ne ɔso si ɔrere ɔba ɔ̃aɣere mi sɔ, ‘Nyɔ, ɔɔnya Kristo i ngbe,’ ɣee ɔrere ɔɣere mi sɔ, ‘Ɔpia i mmɔ’ ne, midaafɔ miɖe.","Then the man said to him, ‘Lord, have mercy on me,’ and the man who was blind said, ‘I want to see,’ and he touched his eyes.",Dec 08 output,,16.785532496980476,8.757447681401308,1.74140182847192
"Peter began to curse and swear, “I don't know that man!” Right then a rooster crowed,","Ne Petro ɔɣɛ sɔ, “Lokã sɔ ɔnukuare nto loɣɛ! Ɣaa si ɔkpadzɛ̃ me kutsue si iiɖe gbaã iɖe sɔ loiɣe ɔrɛrɛ̃ gɔmɔ!” Ɔluwɛ̃ ne, kɔkɔ ɔɖi kanya.","Peter said, ""Let us go up to the roof! I will pray there for you, that the Lord may give you a sign of his grace!"" And he went up to the roof.",Dec 08 output,,20.67023921974117,8.757447681401308,1.74140182847192
"After King Herod died, an angel from the Lord appeared in a dream to Joseph while he was still in Egypt.","Gɔ Herodes ɔkpi ne, Ɣaa kpabo ɔwɛ̃ ɔɖi so ɔte Yosef i kurɛ ame i Egipte.","When Herod died, behold, an angel of the Lord appeared to Joseph in a dream, saying, ""Rise, take the young child and his mother, and flee to Egypt, and stay there until I tell you; for Herod will seek the young child to destroy him.""",onesimus_31223989_Dec 12 output,,45.88776768345046,8.757447681401308,1.74140182847192
Why worry about clothes? Look how the wild flowers grow. They don't work hard to make their clothes.,“Be ɔso mito mimararã so i nnɛ miapia iso? Minyɔ ipo ame adziri kumɛgɔ asɛ amɔ. Aisɛ ata ɖɔti ɣee awe sikati.,Have you ever heard such a thing? I have never heard anything like it. This is a very strange thing indeed.,onesimus_31223989_Dec 12 output,,14.176345422704447,8.757447681401308,1.74140182847192
"You are a bunch of evil snakes, so how can you say anything good? Your words show what is in your hearts.",Mi ma lonyanyarĩ lɛ maɣɛ! Nda miabara fiɛ miawo ara sɛɛ ɔɣɛ gɔ miɖe maturi lalaa? Alasɔ nnɛ loyi ɔturi ɔtu ame i kanya sɛ kaɣɛ.,"My mother, I am going to the market. I want to buy some things for the family.  Alas, today is Thursday, the 24th of the month, and I don't have enough money.",onesimus_31223989_Dec 12 output,,18.483869600811236,8.757447681401308,1.74140182847192
"Someone may say, “Here is the Messiah!” or “There he is!” But don't believe it.","Ne ɔso si ɔrere ɔba ɔ̃aɣere mi sɔ, ‘Nyɔ, ɔɔnya Kristo i ngbe,’ ɣee ɔrere ɔɣere mi sɔ, ‘Ɔpia i mmɔ’ ne, midaafɔ miɖe.","Then the one who had been healed said to him, ‘Lord, thank you for healing me.’ And he went his way.",onesimus_31223989_Dec 12 output,,16.51747428432031,8.757447681401308,1.74140182847192
"Peter began to curse and swear, “I don't know that man!” Right then a rooster crowed,","Ne Petro ɔɣɛ sɔ, “Lokã sɔ ɔnukuare nto loɣɛ! Ɣaa si ɔkpadzɛ̃ me kutsue si iiɖe gbaã iɖe sɔ loiɣe ɔrɛrɛ̃ gɔmɔ!” Ɔluwɛ̃ ne, kɔkɔ ɔɖi kanya.","Peter said, ""Let us go up to the roof! I will pray there."" He went up, and the disciples followed him.",onesimus_31223989_Dec 12 output,,19.73057304079836,8.757447681401308,1.74140182847192
"After King Herod died, an angel from the Lord appeared in a dream to Joseph while he was still in Egypt.","Gɔ Herodes ɔkpi ne, Ɣaa kpabo ɔwɛ̃ ɔɖi so ɔte Yosef i kurɛ ame i Egipte.","When Herod heard this, he was afraid, and he went to Egypt with Joseph and his mother Mary.",john_AC86BE0F_output (5),,25.710678835996394,8.757447681401308,1.74140182847192
Why worry about clothes? Look how the wild flowers grow. They don't work hard to make their clothes.,“Be ɔso mito mimararã so i nnɛ miapia iso? Minyɔ ipo ame adziri kumɛgɔ asɛ amɔ. Aisɛ ata ɖɔti ɣee awe sikati.,"Are you not ashamed of yourself? I will not allow you to do this again. You have done something bad, so you must be punished.",john_AC86BE0F_output (5),,16.815919320474507,8.757447681401308,1.74140182847192
"You are a bunch of evil snakes, so how can you say anything good? Your words show what is in your hearts.",Mi ma lonyanyarĩ lɛ maɣɛ! Nda miabara fiɛ miawo ara sɛɛ ɔɣɛ gɔ miɖe maturi lalaa? Alasɔ nnɛ loyi ɔturi ɔtu ame i kanya sɛ kaɣɛ.,"My mother, I am very hungry! Please, I beg you, can you give me some food to eat? Alas, today is the 28th day of the month and I haven't eaten anything yet.",john_AC86BE0F_output (5),,22.89100827872976,8.757447681401308,1.74140182847192
"Someone may say, “Here is the Messiah!” or “There he is!” But don't believe it.","Ne ɔso si ɔrere ɔba ɔ̃aɣere mi sɔ, ‘Nyɔ, ɔɔnya Kristo i ngbe,’ ɣee ɔrere ɔɣere mi sɔ, ‘Ɔpia i mmɔ’ ne, midaafɔ miɖe.","And the Lord said to me, 'Go, preach the gospel of Christ,' and I said to the Lord, 'Lord, how can I preach when I am not able?'",john_AC86BE0F_output (5),,13.681480954771455,8.757447681401308,1.74140182847192
"Peter began to curse and swear, “I don't know that man!” Right then a rooster crowed,","Ne Petro ɔɣɛ sɔ, “Lokã sɔ ɔnukuare nto loɣɛ! Ɣaa si ɔkpadzɛ̃ me kutsue si iiɖe gbaã iɖe sɔ loiɣe ɔrɛrɛ̃ gɔmɔ!” Ɔluwɛ̃ ne, kɔkɔ ɔɖi kanya.","Peter said, “Let us go up to the housetop to pray! It is almost evening, and the day is almost done.” And they went up to the housetop.",john_AC86BE0F_output (5),,20.121837496667773,8.757447681401308,1.74140182847192
"After King Herod died, an angel from the Lord appeared in a dream to Joseph while he was still in Egypt.","Gɔ Herodes ɔkpi ne, Ɣaa kpabo ɔwɛ̃ ɔɖi so ɔte Yosef i kurɛ ame i Egipte.",,output_JA-4,,,8.757447681401308,1.74140182847192
Why worry about clothes? Look how the wild flowers grow. They don't work hard to make their clothes.,“Be ɔso mito mimararã so i nnɛ miapia iso? Minyɔ ipo ame adziri kumɛgɔ asɛ amɔ. Aisɛ ata ɖɔti ɣee awe sikati.,,output_JA-4,,,8.757447681401308,1.74140182847192
"You are a bunch of evil snakes, so how can you say anything good? Your words show what is in your hearts.",Mi ma lonyanyarĩ lɛ maɣɛ! Nda miabara fiɛ miawo ara sɛɛ ɔɣɛ gɔ miɖe maturi lalaa? Alasɔ nnɛ loyi ɔturi ɔtu ame i kanya sɛ kaɣɛ.,,output_JA-4,,,8.757447681401308,1.74140182847192
"Someone may say, “Here is the Messiah!” or “There he is!” But don't believe it.","Ne ɔso si ɔrere ɔba ɔ̃aɣere mi sɔ, ‘Nyɔ, ɔɔnya Kristo i ngbe,’ ɣee ɔrere ɔɣere mi sɔ, ‘Ɔpia i mmɔ’ ne, midaafɔ miɖe.",,output_JA-4,,,8.757447681401308,1.74140182847192
"Peter began to curse and swear, “I don't know that man!” Right then a rooster crowed,","Ne Petro ɔɣɛ sɔ, “Lokã sɔ ɔnukuare nto loɣɛ! Ɣaa si ɔkpadzɛ̃ me kutsue si iiɖe gbaã iɖe sɔ loiɣe ɔrɛrɛ̃ gɔmɔ!” Ɔluwɛ̃ ne, kɔkɔ ɔɖi kanya.",,output_JA-4,,,8.757447681401308,1.74140182847192
"After King Herod died, an angel from the Lord appeared in a dream to Joseph while he was still in Egypt.","Gɔ Herodes ɔkpi ne, Ɣaa kpabo ɔwɛ̃ ɔɖi so ɔte Yosef i kurɛ ame i Egipte.","When Herod heard this, he was afraid, and he went to Egypt with Joseph and his mother Mary.",onesimus_7C821E01_Dec 01 output,,25.710678835996394,8.757447681401308,1.74140182847192
Why worry about clothes? Look how the wild flowers grow. They don't work hard to make their clothes.,“Be ɔso mito mimararã so i nnɛ miapia iso? Minyɔ ipo ame adziri kumɛgɔ asɛ amɔ. Aisɛ ata ɖɔti ɣee awe sikati.,Are you saying that I should not eat? I will not eat anything today. I am very hungry.,onesimus_7C821E01_Dec 01 output,,12.92913178659637,8.757447681401308,1.74140182847192
"You are a bunch of evil snakes, so how can you say anything good? Your words show what is in your hearts.",Mi ma lonyanyarĩ lɛ maɣɛ! Nda miabara fiɛ miawo ara sɛɛ ɔɣɛ gɔ miɖe maturi lalaa? Alasɔ nnɛ loyi ɔturi ɔtu ame i kanya sɛ kaɣɛ.,"My mother, I am very happy! I have been waiting for this day for a long time.  Today is a special day, it is the 28th of the month, and I am very excited.",onesimus_7C821E01_Dec 01 output,,15.216947112100693,8.757447681401308,1.74140182847192
"Someone may say, “Here is the Messiah!” or “There he is!” But don't believe it.","Ne ɔso si ɔrere ɔba ɔ̃aɣere mi sɔ, ‘Nyɔ, ɔɔnya Kristo i ngbe,’ ɣee ɔrere ɔɣere mi sɔ, ‘Ɔpia i mmɔ’ ne, midaafɔ miɖe.","And the other said to him, 'Lord, have mercy on me, a sinner,' and the other said, 'God be merciful to me, a sinner,' and the tax collector went down to his house justified.",onesimus_7C821E01_Dec 01 output,,16.53780769421318,8.757447681401308,1.74140182847192
"Peter began to curse and swear, “I don't know that man!” Right then a rooster crowed,","Ne Petro ɔɣɛ sɔ, “Lokã sɔ ɔnukuare nto loɣɛ! Ɣaa si ɔkpadzɛ̃ me kutsue si iiɖe gbaã iɖe sɔ loiɣe ɔrɛrɛ̃ gɔmɔ!” Ɔluwɛ̃ ne, kɔkɔ ɔɖi kanya.","Then Peter spoke, “Let us go up to the housetop to pray at the ninth hour! And we will go up there and pray.” And they went up to the rooftop.",onesimus_7C821E01_Dec 01 output,,21.43978695365761,8.757447681401308,1.74140182847192
I am sure that finding it would make you happier than having the,"Fiɛ si ɔnya wũ ne, nto loɣere mi sɔ ɔ̃ana isoɣɔ i ɔwɛ̃ gɔ loyu ngbe iso ɔɖo kasiwɛ̃-kaiwɛ̃ ma loiyu.","If you see me, do not tell anyone that I have come to this place because I am afraid that they will come and arrest me.",output_jonathan,0.09200543,20.907925166173662,8.757447681401308,1.74140182847192
"Now they were more afraid than ever and said to each other, “Who is this? Even the wind and the waves obey him!”","Ifɔ̃ siare ɔmɔɛ̃ ma ne, mato makarɛ so sɔ, “Mme ɔturi igbã ɔɖe ngbe? Ndu gu ɔwiri to makã wũ atsue!”","If you see someone who is sick, do not laugh at them, but say to them, “May you get well soon!”",output_jonathan,0.12726115,15.217158683243548,8.757447681401308,1.74140182847192
"They told him, “He will be born in Bethlehem, just as the prophet wrote,","Ne maɣere wũ sɔ, “Maɣɛ sɔ maaɣe wũ i Betlehem ɔmagɛ̃ ame i Yudea ala Ɣaa kanyaɖidze ɔwɛ̃ ɔtsɛrɛ ɔsɛ sɔ,","And it came to pass in those days, that a decree went out from Caesar Augustus that all the world should be registered.",output_jonathan,0.25825495,17.863545405657792,8.757447681401308,1.74140182847192
"So please order the tomb to be carefully guarded for three days. If you don't, his disciples may come and steal his body. They will tell the people he has been raised to life, and this last lie will be worse than the first one.”",Ne ɔso boto bobie sɔ tã ɔle si madzuɛ̃ ɔ̃ ikpibiɔ kukaakɔ sɔ ɔ̃ marasuãdze iibasɛ maayu ɔ̃ kpise mafiniki maɣere maturi sɔ ɔta ɔbɔrɛ i makpise ame. Sila tsɔra dzɛgbe to sianyanyarĩ siɖo siɖeakatɔ̃.”,"When the sun rises, it illuminates the world with its bright light, and the birds sing sweetly, welcoming the new day.  The world is filled with beauty and joy, and everything is fresh and new.  Let us all rejoice in this wonderful day.",output_jonathan,0.13868082,24.42054709951301,8.757447681401308,1.74140182847192
Anyone who welcomes you welcomes me. And anyone who welcomes me also welcomes the one who sent me.,"“Ɔbiara gɔ loafɔ mi ne, mme iɖe ɔfɔ fiɛ ngɔ lofɔ me ne, ɔfɔ ngɔ lopia me katɔ̃me.","Everyone should love me and if they don't love me, they should at least respect me.",output_jonathan,0.28074932,16.477040571533898,8.757447681401308,1.74140182847192
"After King Herod died, an angel from the Lord appeared in a dream to Joseph while he was still in Egypt.","Gɔ Herodes ɔkpi ne, Ɣaa kpabo ɔwɛ̃ ɔɖi so ɔte Yosef i kurɛ ame i Egipte.",,output_JA-2,,,8.757447681401308,1.74140182847192
Why worry about clothes? Look how the wild flowers grow. They don't work hard to make their clothes.,“Be ɔso mito mimararã so i nnɛ miapia iso? Minyɔ ipo ame adziri kumɛgɔ asɛ amɔ. Aisɛ ata ɖɔti ɣee awe sikati.,,output_JA-2,,,8.757447681401308,1.74140182847192
"You are a bunch of evil snakes, so how can you say anything good? Your words show what is in your hearts.",Mi ma lonyanyarĩ lɛ maɣɛ! Nda miabara fiɛ miawo ara sɛɛ ɔɣɛ gɔ miɖe maturi lalaa? Alasɔ nnɛ loyi ɔturi ɔtu ame i kanya sɛ kaɣɛ.,,output_JA-2,,,8.757447681401308,1.74140182847192
"Someone may say, “Here is the Messiah!” or “There he is!” But don't believe it.","Ne ɔso si ɔrere ɔba ɔ̃aɣere mi sɔ, ‘Nyɔ, ɔɔnya Kristo i ngbe,’ ɣee ɔrere ɔɣere mi sɔ, ‘Ɔpia i mmɔ’ ne, midaafɔ miɖe.",,output_JA-2,,,8.757447681401308,1.74140182847192
"Peter began to curse and swear, “I don't know that man!” Right then a rooster crowed,","Ne Petro ɔɣɛ sɔ, “Lokã sɔ ɔnukuare nto loɣɛ! Ɣaa si ɔkpadzɛ̃ me kutsue si iiɖe gbaã iɖe sɔ loiɣe ɔrɛrɛ̃ gɔmɔ!” Ɔluwɛ̃ ne, kɔkɔ ɔɖi kanya.",,output_JA-2,,,8.757447681401308,1.74140182847192
"After King Herod died, an angel from the Lord appeared in a dream to Joseph while he was still in Egypt.","Gɔ Herodes ɔkpi ne, Ɣaa kpabo ɔwɛ̃ ɔɖi so ɔte Yosef i kurɛ ame i Egipte.","When Herod the king heard this, he was afraid, and he went to Egypt with Joseph and the young child.",gerhardt_8019BE0D_output_WsImHC,,26.889712468934007,8.757447681401308,1.74140182847192
Why worry about clothes? Look how the wild flowers grow. They don't work hard to make their clothes.,“Be ɔso mito mimararã so i nnɛ miapia iso? Minyɔ ipo ame adziri kumɛgɔ asɛ amɔ. Aisɛ ata ɖɔti ɣee awe sikati.,"Are you saying that you are not going to help me? I will not allow you to do that. If you do not want to help, then go away.",gerhardt_8019BE0D_output_WsImHC,,16.820830097957877,8.757447681401308,1.74140182847192
"You are a bunch of evil snakes, so how can you say anything good? Your words show what is in your hearts.",Mi ma lonyanyarĩ lɛ maɣɛ! Nda miabara fiɛ miawo ara sɛɛ ɔɣɛ gɔ miɖe maturi lalaa? Alasɔ nnɛ loyi ɔturi ɔtu ame i kanya sɛ kaɣɛ.,"My mother, I am very happy! I have never seen anything like this before. Alas, today is the day I will be leaving this place.",gerhardt_8019BE0D_output_WsImHC,,19.05928474318181,8.757447681401308,1.74140182847192
"Someone may say, “Here is the Messiah!” or “There he is!” But don't believe it.","Ne ɔso si ɔrere ɔba ɔ̃aɣere mi sɔ, ‘Nyɔ, ɔɔnya Kristo i ngbe,’ ɣee ɔrere ɔɣere mi sɔ, ‘Ɔpia i mmɔ’ ne, midaafɔ miɖe.","And the woman said to him, “My lord, if you had been here, my brother would not have died.”",gerhardt_8019BE0D_output_WsImHC,,16.60878929334392,8.757447681401308,1.74140182847192
"Peter began to curse and swear, “I don't know that man!” Right then a rooster crowed,","Ne Petro ɔɣɛ sɔ, “Lokã sɔ ɔnukuare nto loɣɛ! Ɣaa si ɔkpadzɛ̃ me kutsue si iiɖe gbaã iɖe sɔ loiɣe ɔrɛrɛ̃ gɔmɔ!” Ɔluwɛ̃ ne, kɔkɔ ɔɖi kanya.","Peter said, ""Let us go up to the housetop to pray! It is almost evening, and the day is ending."" And they went up.",gerhardt_8019BE0D_output_WsImHC,,19.463310725963552,8.757447681401308,1.74140182847192
"After King Herod died, an angel from the Lord appeared in a dream to Joseph while he was still in Egypt.","Gɔ Herodes ɔkpi ne, Ɣaa kpabo ɔwɛ̃ ɔɖi so ɔte Yosef i kurɛ ame i Egipte.","When Herod heard this, he was afraid, and he went to Egypt with Joseph and his mother Mary.",Dec 02 output,,25.710678835996394,8.757447681401308,1.74140182847192
Why worry about clothes? Look how the wild flowers grow. They don't work hard to make their clothes.,“Be ɔso mito mimararã so i nnɛ miapia iso? Minyɔ ipo ame adziri kumɛgɔ asɛ amɔ. Aisɛ ata ɖɔti ɣee awe sikati.,"Are you not ashamed of what you are doing? I will not allow you to continue like this. If you do not stop, I will punish you.",Dec 02 output,,17.092344918671472,8.757447681401308,1.74140182847192
"You are a bunch of evil snakes, so how can you say anything good? Your words show what is in your hearts.",Mi ma lonyanyarĩ lɛ maɣɛ! Nda miabara fiɛ miawo ara sɛɛ ɔɣɛ gɔ miɖe maturi lalaa? Alasɔ nnɛ loyi ɔturi ɔtu ame i kanya sɛ kaɣɛ.,"My mother, I am going to the market.  I want to buy some food for us.  Alas, today is Thursday, the 24th, and the market is closed.",Dec 02 output,,17.715149852298794,8.757447681401308,1.74140182847192
"Someone may say, “Here is the Messiah!” or “There he is!” But don't believe it.","Ne ɔso si ɔrere ɔba ɔ̃aɣere mi sɔ, ‘Nyɔ, ɔɔnya Kristo i ngbe,’ ɣee ɔrere ɔɣere mi sɔ, ‘Ɔpia i mmɔ’ ne, midaafɔ miɖe.","Then the people said to him, “Teacher, we know that you are a truthful man and that you teach the way of God in truth, for you do not care about anyone’s opinion.  We know that you are not swayed by people’s opinions.",Dec 02 output,,15.625004125202665,8.757447681401308,1.74140182847192
"Peter began to curse and swear, “I don't know that man!” Right then a rooster crowed,","Ne Petro ɔɣɛ sɔ, “Lokã sɔ ɔnukuare nto loɣɛ! Ɣaa si ɔkpadzɛ̃ me kutsue si iiɖe gbaã iɖe sɔ loiɣe ɔrɛrɛ̃ gɔmɔ!” Ɔluwɛ̃ ne, kɔkɔ ɔɖi kanya.","[Peter said, “You are a disgrace to the people! You are a disgrace to the people! You are a disgrace to the people! You are a disgrace to the people! You are a disgrace to the people! You are a disgrace to the people! You are a disgrace to the people! You are a disgrace to the people! You are a disgrace to the people! You are a disgrace to the people! You are a disgrace to the people! You are a disgrace to the people! You are a disgrace to the people! You are a disgrace to the people! You are a disgrace to the people! You are a disgrace to the people! You are a disgrace to the people! You are a disgrace to the people! You are a disgrace to the people! You are a disgrace to the people! You are a disgrace to the people! You are a disgrace to the people! You are a disgrace to the people! You are a disgrace to the people! You are a disgrace to the people! You are a disgrace to the people! You are a disgrace to the people! You are a disgrace to the people! You are a disgrace to the people! You are a disgrace to the people! You are a disgrace to the people! You are a disgrace to the people! You are a disgrace to the people! You are a disgrace to the people! You are a disgrace to the people! You are a disgrace to the people! You are a disgrace to the people! You are a disgrace to the people! You are a disgrace to the people! You are a disgrace to the people! You are a disgrace to the people! You are a disgrace to the people! You are a disgrace to the people! You are a disgrace to the people! You are a disgrace to the people! You are a disgrace to the people! You are a disgrace to the people! You are a disgrace to the people! You are a disgrace to the people! You are a disgrace to the people! You are a disgrace to the people! You are a disgrace to the people! You are a disgrace to the people! You are a disgrace to the people! You are a disgrace to the people! You are a disgrace to the people! You are a disgrace to the people! You are a disgrace to the people! You are a disgrace to the people! You are a disgrace to the people! You are a disgrace to the people! You are a disgrace to the people! You are a disgrace to the people! You are a disgrace to the people! You are a disgrace to the people! You are a disgrace to the people! You are a disgrace to the people! You are a disgrace to the people! You are a disgrace to the people! You are a disgrace to the people! You are a disgrace to the people! You are a disgrace to the people! You are a disgrace to the people! You are a disgrace to the people! You are a disgrace to the people! You are a disgrace to the people! You are a disgrace to the people! You are a disgrace to the people! You are a disgrace to the people! You are a disgrace to the people! You are a disgrace to the people! You are a disgrace to the people! You are a disgrace to the people! You are a disgrace to the people! You are a disgrace to the people! You are a disgrace to the people! You are a disgrace to the people! You are a disgrace to the people! You are a disgrace to the people! You are a disgrace to the people! You are a disgrace to the people! You are a disgrace to the people! You are a disgrace to the people! You are a disgrace to the people! You are a disgrace to the people! You are a disgrace to the people! You are a disgrace to the people! You are a disgrace to the people! You are a disgrace to the people! You are a disgrace to the people! You are a disgrace to the people! You are a disgrace to the people! You are a disgrace to the people! You are a disgrace to the people! You are a disgrace to the people! You are a disgrace to the people! You are a disgrace to the people! You are a disgrace to the people! You are a disgrace to the people! You are a disgrace to the people! You are a disgrace to the people! You are a disgrace to the people! You are a disgrace to the people! You are a disgrace to the people! You are a disgrace to the people! You are a disgrace to the people! You are a disgrace to the people! You are a disgrace to the people! You are a disgrace to the people! You are a disgrace to the people! You are a disgrace to the people! You are a disgrace to the people! You are a disgrace to the people! You are a disgrace to the people! You are a disgrace to the people! You are a disgrace to the people! You are a disgrace to the people! You are a disgrace to the people! You are a disgrace to the people! You are a disgrace to the people! You are a disgrace to the people! You are a disgrace to the people! You are a disgrace to the people! You are a disgrace to the people! You are a disgrace to the people! You are a disgrace to the people! You are a disgrace to the people! You are a disgrace to the people! You are a disgrace to the people! You are a disgrace to the people! You are a disgrace to the people! You are a disgrace to the people! You are a disgrace to the people! You are a disgrace to the people! You are a disgrace to the people! You are a disgrace to the people! You are a disgrace to the people! You are a disgrace to the people! You are a disgrace to the people! You are a disgrace to the people! You are a disgrace to the people! You are a disgrace to the people! You are a disgrace to the people! You are a disgrace to the people! You are a disgrace to the people! You are a disgrace to the people! You are a disgrace to the people! You are a disgrace to the people! You are a disgrace to the people! You are a disgrace to the people! You are a disgrace to the people! You are a disgrace to the people! You are a disgrace to the people! You are a disgrace to the people! You are a disgrace to the people! You are a disgrace to the people! You are a disgrace to the people! You are a disgrace to the people! You are a disgrace to the people! You are a disgrace to the people! You are a disgrace to the people! You are a disgrace to the people! You are a disgrace to the people! You are a disgrace to the people! You are a disgrace to the people! You are a disgrace to the people! You are a disgrace to the people! You are a disgrace to the people! You are a disgrace to the people! You are a disgrace to the people! You are a disgrace to the people! You are a disgrace to the people! You are a disgrace to the people! You are a disgrace to the people! You are a disgrace to the people! You are a disgrace to the people! You are a disgrace to the people! You are a disgrace to the people! You are a disgrace to the people! You are a disgrace to the people! You are a disgrace to the people! You are a disgrace to the people! You are a disgrace to the people! You are a disgrace to the people! You are a disgrace to the people! You are a disgrace to the people! You are a disgrace to the people! You are a disgrace to the people! You are a disgrace to the people! You are a disgrace to the people! You are a disgrace to the people! You are a disgrace to the people! You are a disgrace to the people! You are a disgrace to the people! You are a disgrace to the people! You are a disgrace to the people! You are a disgrace to the people! You are a disgrace to the people! You are a disgrace to the people! You are a disgrace to the people! You are a disgrace to the people! You are a disgrace to the people! You are a disgrace to the people! You are a disgrace to the people! You are a disgrace to the people! You are a disgrace to the people! You are a disgrace to the people! You are a disgrace to the people! You are a disgrace to the people! You are a disgrace to the people! You are a disgrace to the people! You are a disgrace to the people! You are a disgrace to the people! You are a disgrace to the people! You are a disgrace to the people! You are a disgrace to the people! You are a disgrace to the people! You are a disgrace to the people! You are a disgrace to the people! You are a disgrace to the people! You are a disgrace to the people! You are a disgrace to the people! You are a disgrace to the people! You are a disgrace to the people! You are a disgrace to the people! You are a disgrace to the people! You are a disgrace to the people! You are a disgrace to the people! You are a disgrace to the people! You are a disgrace to the people! You are a disgrace to the people! You are a disgrace to the people! You are a disgrace to the people! You are a disgrace to the people! You are a disgrace to the people! You are a disgrace to the people! You are a disgrace to the people! You are a disgrace to the people! You are a disgrace to the people! You are a disgrace to the people! You are a disgrace to the people! You are a disgrace to the people! You are a",Dec 02 output,,0.8801874550901003,8.757447681401308,1.74140182847192
"After King Herod died, an angel from the Lord appeared in a dream to Joseph while he was still in Egypt.","Gɔ Herodes ɔkpi ne, Ɣaa kpabo ɔwɛ̃ ɔɖi so ɔte Yosef i kurɛ ame i Egipte.","When Herod heard this, he was alarmed and summoned all the chief priests and scribes of the people, and inquired of them where the Christ was to be born. And they said to him, ""In Bethlehem of Judea, for so it is written by the prophet: 'And you, Bethlehem, in the land of Judah, are by no means least among the rulers of Judah; for from you shall come a ruler who is to shepherd my people Israel.'""",john_567A83BD_output (1),,19.483632874197657,8.757447681401308,1.74140182847192
Why worry about clothes? Look how the wild flowers grow. They don't work hard to make their clothes.,“Be ɔso mito mimararã so i nnɛ miapia iso? Minyɔ ipo ame adziri kumɛgɔ asɛ amɔ. Aisɛ ata ɖɔti ɣee awe sikati.,"Are you saying that I should not eat? I will not eat anything. If you say that I should not eat, I will not eat.",john_567A83BD_output (1),,12.9303511129503,8.757447681401308,1.74140182847192
"You are a bunch of evil snakes, so how can you say anything good? Your words show what is in your hearts.",Mi ma lonyanyarĩ lɛ maɣɛ! Nda miabara fiɛ miawo ara sɛɛ ɔɣɛ gɔ miɖe maturi lalaa? Alasɔ nnɛ loyi ɔturi ɔtu ame i kanya sɛ kaɣɛ.,"My mother, I am very happy!  Because I have been given a very beautiful gift. Alas, today is the day I will be leaving this place.",john_567A83BD_output (1),,14.441937035258123,8.757447681401308,1.74140182847192
"Someone may say, “Here is the Messiah!” or “There he is!” But don't believe it.","Ne ɔso si ɔrere ɔba ɔ̃aɣere mi sɔ, ‘Nyɔ, ɔɔnya Kristo i ngbe,’ ɣee ɔrere ɔɣere mi sɔ, ‘Ɔpia i mmɔ’ ne, midaafɔ miɖe.","And the Lord said to him, “Go, preach the gospel of the kingdom. Heal the sick, cast out demons.  Freely you have received, freely give.",john_567A83BD_output (1),,18.058744275332337,8.757447681401308,1.74140182847192
"Peter began to curse and swear, “I don't know that man!” Right then a rooster crowed,","Ne Petro ɔɣɛ sɔ, “Lokã sɔ ɔnukuare nto loɣɛ! Ɣaa si ɔkpadzɛ̃ me kutsue si iiɖe gbaã iɖe sɔ loiɣe ɔrɛrɛ̃ gɔmɔ!” Ɔluwɛ̃ ne, kɔkɔ ɔɖi kanya.","[Peter said, “Let us go up to the roof! There I will pray and I will ask for your help. I will ask for your help to be with me, to be with me, to be with me, to be with me, to be with me, to be with me, to be with me, to be with me, to be with me, to be with me, to be with me, to be with me, to be with me, to be with me, to be with me, to be with me, to be with me, to be with me, to be with me, to be with me, to be with me, to be with me, to be with me, to be with me, to be with me, to be with me, to be with me, to be with me, to be with me, to be with me, to be with me, to be with me, to be with me, to be with me, to be with me, to be with me, to be with me, to be with me, to be with me, to be with me, to be with me, to be with me, to be with me, to be with me, to be with me, to be with me, to be with me, to be with me, to be with me, to be with me, to be with me, to be with me, to be with me, to be with me, to be with me, to be with me, to be with me, to be with me, to be with me, to be with me, to be with me, to be with me, to be with me, to be with me, to be with me, to be with me, to be with me, to be with me, to be with me, to be with me, to be with me, to be with me, to be with me, to be with me, to be with me, to be with me, to be with me, to be with me, to be with me, to be with me, to be with me, to be with me, to be with me, to be with me, to be with me, to be with me, to be with me, to be with me, to be with me, to be with me, to be with me, to be with me, to be with me, to be with me, to be with me, to be with me, to be with me, to be with me, to be with me, to be with me, to be with me, to be with me, to be with me, to be with me, to be with me, to be with me, to be with me, to be with me, to be with me, to be with me, to be with me, to be with me, to be with me, to be with me, to be with me, to be with me, to be with me, to be with me, to be with me, to be with me, to be with me, to be with me, to be with me, to be with me, to be with me, to be with me, to be with me, to be with me, to be with me, to be with me, to be with me, to be with me, to be with me, to be with me, to be with me, to be with me, to be with me, to be with me, to be with me, to be with me, to be with me, to be with me, to be with me, to be with me, to be with me, to be with me, to be with me, to be with me, to be with me, to be with me, to be with me, to be with me, to be with me, to be with me, to be with me, to be with me, to be with me, to be with me, to be with me, to be with me, to be with me, to be with me, to be with me, to be with me, to be with me, to be with me, to be with me, to be with me, to be with me, to be with me, to be with me, to be with me, to be with me, to be with me, to be with me, to be with me, to be with me, to be with me, to be with me, to be with me, to be with me, to be with me, to be with me, to be with me, to be with me, to be with me, to be with me, to be with me, to be with me, to be with me, to be with me, to be with me, to be with me, to be with me, to be with me, to be with me, to be with me, to be with me, to be with me, to be with me, to be with me, to be with me, to be with me, to be with me, to be with me, to be with me, to be with me, to be with me, to be with me, to be with me, to be with me, to be with me, to be with me, to be with me, to be with me, to be with me, to be with me, to be with me, to be with me, to be with me, to be with me, to be with me, to be with me, to be with me, to be with me, to be with me, to be with me, to be with me, to be with me, to be with me, to be with me, to be with me, to be with me, to be with me, to be with me, to be with me, to be with me, to be with me, to be with me, to be with me, to be with me, to be with me, to be with me, to be with me, to be with me, to be with me, to be with me, to be with me, to be with me, to be with me, to be with me, to be with me, to be with me, to be with me, to be with me, to be with me, to be with me, to be with me, to be with me, to be with me, to be with me, to be with me, to be with me, to be with me, to be with me, to be with me, to be with me, to be with me, to be with me, to be with me, to be with me, to be with me, to be with me, to be with me, to be with me, to be with me, to be with me, to be with me, to be with me, to be with me, to be with me, to be with me, to be with me, to be with me, to be with me, to be with me, to be with me, to be with me, to be with me, to be with me, to be with me, to be with me, to be with me, to be with me, to be with me, to be with me, to be with me, to be with me, to be with me, to be with me, to be with me, to be with me, to be with me, to be with me, to be with me, to be with me, to be with me, to be with me, to be with me, to be with me, to be with me, to be with me, to be with me, to be with me, to be with me, to be with me, to be with me, to be with me, to be with me, to be with me, to be with me, to be with me, to be with me, to be with me, to be with me, to be with me, to be with me, to be with me, to be with me, to be with me, to be with me, to be with me, to be with me, to be with me, to be with me, to be with me, to be with me, to be with me, to be with me, to be with me, to be with me, to be with me, to be with me, to be with me, to be with me, to be with me, to be with me, to be with me, to be with me, to be with me, to be with me, to be with me, to be with me, to be with me, to be with me, to be with me, to be with me, to be with me, to be with me, to be with me, to be with me, to be with me, to be with me, to be with me, to be with me, to be with me, to be with me, to be with me, to be with me, to be with me, to be with me, to be with me, to be with me, to be with me, to be with me, to be with me, to be with me, to be with me, to be with me, to be with me, to be with me, to be with me, to be with me, to be with me, to be with me, to be with me, to be with me, to be with me, to be with me, to be with me, to be with me, to be with me, to be with me, to be with me, to be with me, to be with me, to be with me, to be with me, to be with",john_567A83BD_output (1),,1.4735046194191332,8.757447681401308,1.74140182847192
"After King Herod died, an angel from the Lord appeared in a dream to Joseph while he was still in Egypt.","Gɔ Herodes ɔkpi ne, Ɣaa kpabo ɔwɛ̃ ɔɖi so ɔte Yosef i kurɛ ame i Egipte.","When Herod heard this, he was afraid and went to Egypt with Joseph and the young child.",john_AA1B9A68_output (9),,25.275291063925774,8.757447681401308,1.74140182847192
Why worry about clothes? Look how the wild flowers grow. They don't work hard to make their clothes.,“Be ɔso mito mimararã so i nnɛ miapia iso? Minyɔ ipo ame adziri kumɛgɔ asɛ amɔ. Aisɛ ata ɖɔti ɣee awe sikati.,Do you know what I am saying? I will tell you the truth. Listen carefully to what I say.,john_AA1B9A68_output (9),,14.145993691175132,8.757447681401308,1.74140182847192
"You are a bunch of evil snakes, so how can you say anything good? Your words show what is in your hearts.",Mi ma lonyanyarĩ lɛ maɣɛ! Nda miabara fiɛ miawo ara sɛɛ ɔɣɛ gɔ miɖe maturi lalaa? Alasɔ nnɛ loyi ɔturi ɔtu ame i kanya sɛ kaɣɛ.,"My mother, I am so happy! I have never seen anything like this before. Alas, today is the day I will be married.",john_AA1B9A68_output (9),,19.561058346776917,8.757447681401308,1.74140182847192
"Someone may say, “Here is the Messiah!” or “There he is!” But don't believe it.","Ne ɔso si ɔrere ɔba ɔ̃aɣere mi sɔ, ‘Nyɔ, ɔɔnya Kristo i ngbe,’ ɣee ɔrere ɔɣere mi sɔ, ‘Ɔpia i mmɔ’ ne, midaafɔ miɖe.","And he said to them, ‘Son, I tell you, this is the Son of God.’ And they were filled with great fear.",john_AA1B9A68_output (9),,18.02933479022694,8.757447681401308,1.74140182847192
"Peter began to curse and swear, “I don't know that man!” Right then a rooster crowed,","Ne Petro ɔɣɛ sɔ, “Lokã sɔ ɔnukuare nto loɣɛ! Ɣaa si ɔkpadzɛ̃ me kutsue si iiɖe gbaã iɖe sɔ loiɣe ɔrɛrɛ̃ gɔmɔ!” Ɔluwɛ̃ ne, kɔkɔ ɔɖi kanya.","Peter said, “Let us go up to the housetop to pray! It is almost evening, and the day is almost done.” And they went up.",john_AA1B9A68_output (9),,20.824784314690746,8.757447681401308,1.74140182847192
"After King Herod died, an angel from the Lord appeared in a dream to Joseph while he was still in Egypt.","Gɔ Herodes ɔkpi ne, Ɣaa kpabo ɔwɛ̃ ɔɖi so ɔte Yosef i kurɛ ame i Egipte.","When Herod heard this, he was afraid, and he went to Egypt with Joseph and the child Jesus.",Dec 07 output,,25.512508029872986,8.757447681401308,1.74140182847192
Why worry about clothes? Look how the wild flowers grow. They don't work hard to make their clothes.,“Be ɔso mito mimararã so i nnɛ miapia iso? Minyɔ ipo ame adziri kumɛgɔ asɛ amɔ. Aisɛ ata ɖɔti ɣee awe sikati.,Have you ever seen such a thing before? I have never seen anything like it. It is very beautiful. It is a very good thing.,Dec 07 output,,13.217110328682283,8.757447681401308,1.74140182847192
"You are a bunch of evil snakes, so how can you say anything good? Your words show what is in your hearts.",Mi ma lonyanyarĩ lɛ maɣɛ! Nda miabara fiɛ miawo ara sɛɛ ɔɣɛ gɔ miɖe maturi lalaa? Alasɔ nnɛ loyi ɔturi ɔtu ame i kanya sɛ kaɣɛ.,"My mother, I am tired.  I have not eaten anything good today.  Alas, today is Thursday, the 24th, and I am very hungry.",Dec 07 output,,22.750227001707465,8.757447681401308,1.74140182847192
"Someone may say, “Here is the Messiah!” or “There he is!” But don't believe it.","Ne ɔso si ɔrere ɔba ɔ̃aɣere mi sɔ, ‘Nyɔ, ɔɔnya Kristo i ngbe,’ ɣee ɔrere ɔɣere mi sɔ, ‘Ɔpia i mmɔ’ ne, midaafɔ miɖe.","And he said to them, ‘Truly, I say to you, unless you are converted and become like little children, you will never enter the kingdom of heaven. Whoever humbles himself like this child is the greatest in the kingdom of heaven.",Dec 07 output,,17.683507738359122,8.757447681401308,1.74140182847192
"Peter began to curse and swear, “I don't know that man!” Right then a rooster crowed,","Ne Petro ɔɣɛ sɔ, “Lokã sɔ ɔnukuare nto loɣɛ! Ɣaa si ɔkpadzɛ̃ me kutsue si iiɖe gbaã iɖe sɔ loiɣe ɔrɛrɛ̃ gɔmɔ!” Ɔluwɛ̃ ne, kɔkɔ ɔɖi kanya.","Peter said, “Let us go up to the housetop to pray! It is almost evening, and the day is almost done.” And they went up to the housetop.",Dec 07 output,,20.121837496667773,8.757447681401308,1.74140182847192
"After King Herod died, an angel from the Lord appeared in a dream to Joseph while he was still in Egypt.","Gɔ Herodes ɔkpi ne, Ɣaa kpabo ɔwɛ̃ ɔɖi so ɔte Yosef i kurɛ ame i Egipte.","When Herod died, behold, an angel of the Lord appeared to Joseph in a dream, saying, ""Rise, take the young child and his mother, and flee to Egypt, and stay there until I tell you; for Herod will seek the young child to destroy him.""",Dec 10 output,,45.88776768345046,8.757447681401308,1.74140182847192
Why worry about clothes? Look how the wild flowers grow. They don't work hard to make their clothes.,“Be ɔso mito mimararã so i nnɛ miapia iso? Minyɔ ipo ame adziri kumɛgɔ asɛ amɔ. Aisɛ ata ɖɔti ɣee awe sikati.,"Are you saying that I should not eat? I will eat and be full.  If you say so, I will go and eat.",Dec 10 output,,11.962514623068774,8.757447681401308,1.74140182847192
"You are a bunch of evil snakes, so how can you say anything good? Your words show what is in your hearts.",Mi ma lonyanyarĩ lɛ maɣɛ! Nda miabara fiɛ miawo ara sɛɛ ɔɣɛ gɔ miɖe maturi lalaa? Alasɔ nnɛ loyi ɔturi ɔtu ame i kanya sɛ kaɣɛ.,"My mother, I am so happy!  Tell me, what is the matter that you are looking at me with such a serious face? Alas, today is the 28th of the month, and it is time to pay.",Dec 10 output,,21.219138732786156,8.757447681401308,1.74140182847192
"Someone may say, “Here is the Messiah!” or “There he is!” But don't believe it.","Ne ɔso si ɔrere ɔba ɔ̃aɣere mi sɔ, ‘Nyɔ, ɔɔnya Kristo i ngbe,’ ɣee ɔrere ɔɣere mi sɔ, ‘Ɔpia i mmɔ’ ne, midaafɔ miɖe.","And the people said to him, ‘Teacher, we know that you are a truthful man and that you teach the way of God in truth, for you do not care about anyone’s opinion.  We know that you do not seek personal gain.",Dec 10 output,,14.804223878720304,8.757447681401308,1.74140182847192
"Peter began to curse and swear, “I don't know that man!” Right then a rooster crowed,","Ne Petro ɔɣɛ sɔ, “Lokã sɔ ɔnukuare nto loɣɛ! Ɣaa si ɔkpadzɛ̃ me kutsue si iiɖe gbaã iɖe sɔ loiɣe ɔrɛrɛ̃ gɔmɔ!” Ɔluwɛ̃ ne, kɔkɔ ɔɖi kanya.","Peter said, ""Let us go up to the housetop to pray! It is almost evening, and the day is almost done."" And they went up to the housetop.",Dec 10 output,,19.47470277855149,8.757447681401308,1.74140182847192
"After King Herod died, an angel from the Lord appeared in a dream to Joseph while he was still in Egypt.","Gɔ Herodes ɔkpi ne, Ɣaa kpabo ɔwɛ̃ ɔɖi so ɔte Yosef i kurɛ ame i Egipte.","When Herod heard this, he was alarmed, and he sent out and had all the male children in Bethlehem and all the surrounding area, two years old and under, killed.",john_7781CD93_output (6),,25.022626923482004,8.757447681401308,1.74140182847192
Why worry about clothes? Look how the wild flowers grow. They don't work hard to make their clothes.,“Be ɔso mito mimararã so i nnɛ miapia iso? Minyɔ ipo ame adziri kumɛgɔ asɛ amɔ. Aisɛ ata ɖɔti ɣee awe sikati.,Have you ever seen anything like this before? I have never seen anything like this. This is a very strange thing.,john_7781CD93_output (6),,14.181069909877507,8.757447681401308,1.74140182847192
"You are a bunch of evil snakes, so how can you say anything good? Your words show what is in your hearts.",Mi ma lonyanyarĩ lɛ maɣɛ! Nda miabara fiɛ miawo ara sɛɛ ɔɣɛ gɔ miɖe maturi lalaa? Alasɔ nnɛ loyi ɔturi ɔtu ame i kanya sɛ kaɣɛ.,"My mother, I'm so happy! I've been waiting for this day for a long time.  Alas, today is the day we are going to celebrate your birthday.",john_7781CD93_output (6),,18.024575822472194,8.757447681401308,1.74140182847192
"Someone may say, “Here is the Messiah!” or “There he is!” But don't believe it.","Ne ɔso si ɔrere ɔba ɔ̃aɣere mi sɔ, ‘Nyɔ, ɔɔnya Kristo i ngbe,’ ɣee ɔrere ɔɣere mi sɔ, ‘Ɔpia i mmɔ’ ne, midaafɔ miɖe.","And he said to them, “My son, I tell you, this man is not dead, but asleep. And they laughed at him.",john_7781CD93_output (6),,15.553081818020878,8.757447681401308,1.74140182847192
"Peter began to curse and swear, “I don't know that man!” Right then a rooster crowed,","Ne Petro ɔɣɛ sɔ, “Lokã sɔ ɔnukuare nto loɣɛ! Ɣaa si ɔkpadzɛ̃ me kutsue si iiɖe gbaã iɖe sɔ loiɣe ɔrɛrɛ̃ gɔmɔ!” Ɔluwɛ̃ ne, kɔkɔ ɔɖi kanya.","Then Peter said, “Let us go up to Jerusalem!  There the Lord promised that he would pour out the Holy Spirit on all flesh.  And we will all be filled with the Holy Spirit!” And they went up to Jerusalem.",john_7781CD93_output (6),,19.743140316661385,8.757447681401308,1.74140182847192
"After King Herod died, an angel from the Lord appeared in a dream to Joseph while he was still in Egypt.","Gɔ Herodes ɔkpi ne, Ɣaa kpabo ɔwɛ̃ ɔɖi so ɔte Yosef i kurɛ ame i Egipte.","When Herod died, behold, an angel of the Lord appeared to Joseph in a dream, saying, ""Rise, take the young child and his mother, and flee to Egypt, and remain there until I tell you; for Herod will seek the young child to destroy him.""",gerhardt_25FFCBF7_output_DdErIM,,45.87013982387866,8.757447681401308,1.74140182847192
Why worry about clothes? Look how the wild flowers grow. They don't work hard to make their clothes.,“Be ɔso mito mimararã so i nnɛ miapia iso? Minyɔ ipo ame adziri kumɛgɔ asɛ amɔ. Aisɛ ata ɖɔti ɣee awe sikati.,"Are you saying that I should not eat? I will not eat anything.  If you say I should eat, I will eat.",gerhardt_25FFCBF7_output_DdErIM,,12.431057651523435,8.757447681401308,1.74140182847192
"You are a bunch of evil snakes, so how can you say anything good? Your words show what is in your hearts.",Mi ma lonyanyarĩ lɛ maɣɛ! Nda miabara fiɛ miawo ara sɛɛ ɔɣɛ gɔ miɖe maturi lalaa? Alasɔ nnɛ loyi ɔturi ɔtu ame i kanya sɛ kaɣɛ.,"My mother, I am tired! I have not eaten anything good today. Alas, today is Thursday, the 24th, and I am very hungry.",gerhardt_25FFCBF7_output_DdErIM,,22.750227001707465,8.757447681401308,1.74140182847192
"Someone may say, “Here is the Messiah!” or “There he is!” But don't believe it.","Ne ɔso si ɔrere ɔba ɔ̃aɣere mi sɔ, ‘Nyɔ, ɔɔnya Kristo i ngbe,’ ɣee ɔrere ɔɣere mi sɔ, ‘Ɔpia i mmɔ’ ne, midaafɔ miɖe.","Then the woman said to him, 'Sir, I have nothing to offer you except what I have.' Then the woman said to him, 'You are a prophet,' and immediately she went away.",gerhardt_25FFCBF7_output_DdErIM,,15.187554341474058,8.757447681401308,1.74140182847192
"Peter began to curse and swear, “I don't know that man!” Right then a rooster crowed,","Ne Petro ɔɣɛ sɔ, “Lokã sɔ ɔnukuare nto loɣɛ! Ɣaa si ɔkpadzɛ̃ me kutsue si iiɖe gbaã iɖe sɔ loiɣe ɔrɛrɛ̃ gɔmɔ!” Ɔluwɛ̃ ne, kɔkɔ ɔɖi kanya.","Then Peter said, “Let us go up to Jerusalem! There the apostles and the brothers will be glad to see you.”",gerhardt_25FFCBF7_output_DdErIM,,20.42045511861857,8.757447681401308,1.74140182847192
"After King Herod died, an angel from the Lord appeared in a dream to Joseph while he was still in Egypt.","Gɔ Herodes ɔkpi ne, Ɣaa kpabo ɔwɛ̃ ɔɖi so ɔte Yosef i kurɛ ame i Egipte.","When Herod the king heard this, he was afraid, and he went to Egypt with Joseph and the child Jesus.",output_mich003,,26.487606962813796,8.757447681401308,1.74140182847192
Why worry about clothes? Look how the wild flowers grow. They don't work hard to make their clothes.,“Be ɔso mito mimararã so i nnɛ miapia iso? Minyɔ ipo ame adziri kumɛgɔ asɛ amɔ. Aisɛ ata ɖɔti ɣee awe sikati.,Are you saying that you don't know how to do it? I will teach you how to do it. Listen carefully to what I say.,output_mich003,,18.600955772022953,8.757447681401308,1.74140182847192
"You are a bunch of evil snakes, so how can you say anything good? Your words show what is in your hearts.",Mi ma lonyanyarĩ lɛ maɣɛ! Nda miabara fiɛ miawo ara sɛɛ ɔɣɛ gɔ miɖe maturi lalaa? Alasɔ nnɛ loyi ɔturi ɔtu ame i kanya sɛ kaɣɛ.,"My mother, I am very happy!  I have been waiting for this day for a long time.  Alas, today is the day I will be leaving for school.",output_mich003,,16.381998228968335,8.757447681401308,1.74140182847192
"Someone may say, “Here is the Messiah!” or “There he is!” But don't believe it.","Ne ɔso si ɔrere ɔba ɔ̃aɣere mi sɔ, ‘Nyɔ, ɔɔnya Kristo i ngbe,’ ɣee ɔrere ɔɣere mi sɔ, ‘Ɔpia i mmɔ’ ne, midaafɔ miɖe.","And the man said to him, “Lord, have mercy on me, a sinner,” and the man said to him, “I tell you, your sins are forgiven,” and immediately he was made well.",output_mich003,,16.688858467758607,8.757447681401308,1.74140182847192
"Peter began to curse and swear, “I don't know that man!” Right then a rooster crowed,","Ne Petro ɔɣɛ sɔ, “Lokã sɔ ɔnukuare nto loɣɛ! Ɣaa si ɔkpadzɛ̃ me kutsue si iiɖe gbaã iɖe sɔ loiɣe ɔrɛrɛ̃ gɔmɔ!” Ɔluwɛ̃ ne, kɔkɔ ɔɖi kanya.","Peter said, “You are not going to be able to do this! I will not let you do this to my friend!” The Lord then, with a loud voice, rebuked him.",output_mich003,,20.113701695583558,8.757447681401308,1.74140182847192
"After King Herod died, an angel from the Lord appeared in a dream to Joseph while he was still in Egypt.","Gɔ Herodes ɔkpi ne, Ɣaa kpabo ɔwɛ̃ ɔɖi so ɔte Yosef i kurɛ ame i Egipte.",,output_JA-6,,,8.757447681401308,1.74140182847192
Why worry about clothes? Look how the wild flowers grow. They don't work hard to make their clothes.,“Be ɔso mito mimararã so i nnɛ miapia iso? Minyɔ ipo ame adziri kumɛgɔ asɛ amɔ. Aisɛ ata ɖɔti ɣee awe sikati.,,output_JA-6,,,8.757447681401308,1.74140182847192
"You are a bunch of evil snakes, so how can you say anything good? Your words show what is in your hearts.",Mi ma lonyanyarĩ lɛ maɣɛ! Nda miabara fiɛ miawo ara sɛɛ ɔɣɛ gɔ miɖe maturi lalaa? Alasɔ nnɛ loyi ɔturi ɔtu ame i kanya sɛ kaɣɛ.,,output_JA-6,,,8.757447681401308,1.74140182847192
"Someone may say, “Here is the Messiah!” or “There he is!” But don't believe it.","Ne ɔso si ɔrere ɔba ɔ̃aɣere mi sɔ, ‘Nyɔ, ɔɔnya Kristo i ngbe,’ ɣee ɔrere ɔɣere mi sɔ, ‘Ɔpia i mmɔ’ ne, midaafɔ miɖe.",,output_JA-6,,,8.757447681401308,1.74140182847192
"Peter began to curse and swear, “I don't know that man!” Right then a rooster crowed,","Ne Petro ɔɣɛ sɔ, “Lokã sɔ ɔnukuare nto loɣɛ! Ɣaa si ɔkpadzɛ̃ me kutsue si iiɖe gbaã iɖe sɔ loiɣe ɔrɛrɛ̃ gɔmɔ!” Ɔluwɛ̃ ne, kɔkɔ ɔɖi kanya.",,output_JA-6,,,8.757447681401308,1.74140182847192
"After King Herod died, an angel from the Lord appeared in a dream to Joseph while he was still in Egypt.","Gɔ Herodes ɔkpi ne, Ɣaa kpabo ɔwɛ̃ ɔɖi so ɔte Yosef i kurɛ ame i Egipte.","When Herod died, behold, an angel of the Lord appeared to Joseph in a dream, saying, ""Rise, take the young child and his mother, and flee to Egypt, and remain there until I tell you; for Herod will seek the young child to destroy him.""",Dec 03 output,,45.87013982387866,8.757447681401308,1.74140182847192
Why worry about clothes? Look how the wild flowers grow. They don't work hard to make their clothes.,“Be ɔso mito mimararã so i nnɛ miapia iso? Minyɔ ipo ame adziri kumɛgɔ asɛ amɔ. Aisɛ ata ɖɔti ɣee awe sikati.,Are you saying that you will not come again? I will wait for you at the place where we met. I will not go anywhere.,Dec 03 output,,16.21348040778399,8.757447681401308,1.74140182847192
"You are a bunch of evil snakes, so how can you say anything good? Your words show what is in your hearts.",Mi ma lonyanyarĩ lɛ maɣɛ! Nda miabara fiɛ miawo ara sɛɛ ɔɣɛ gɔ miɖe maturi lalaa? Alasɔ nnɛ loyi ɔturi ɔtu ame i kanya sɛ kaɣɛ.,"My mother, I am very hungry!  I have not eaten anything since yesterday.  Alas, today is Thursday, and I have no food.",Dec 03 output,,21.085637264274755,8.757447681401308,1.74140182847192
"Someone may say, “Here is the Messiah!” or “There he is!” But don't believe it.","Ne ɔso si ɔrere ɔba ɔ̃aɣere mi sɔ, ‘Nyɔ, ɔɔnya Kristo i ngbe,’ ɣee ɔrere ɔɣere mi sɔ, ‘Ɔpia i mmɔ’ ne, midaafɔ miɖe.","And the one who was speaking said to him, 'Lord, have mercy on me,' and the one who was speaking said to him, 'Your sins are forgiven,' and immediately he was healed.",Dec 03 output,,16.110008099114566,8.757447681401308,1.74140182847192
"Peter began to curse and swear, “I don't know that man!” Right then a rooster crowed,","Ne Petro ɔɣɛ sɔ, “Lokã sɔ ɔnukuare nto loɣɛ! Ɣaa si ɔkpadzɛ̃ me kutsue si iiɖe gbaã iɖe sɔ loiɣe ɔrɛrɛ̃ gɔmɔ!” Ɔluwɛ̃ ne, kɔkɔ ɔɖi kanya.","Peter said, ""Let us go up to the roof! I will pray there for you, and I will ask God to send you the Holy Spirit!"" Then Peter went up, and he prayed.",Dec 03 output,,19.864009933986534,8.757447681401308,1.74140182847192
"After King Herod died, an angel from the Lord appeared in a dream to Joseph while he was still in Egypt.","Gɔ Herodes ɔkpi ne, Ɣaa kpabo ɔwɛ̃ ɔɖi so ɔte Yosef i kurɛ ame i Egipte.","When Herod heard this, he was afraid, and he went to Joseph in a dream and said, ""Take the child and his mother and flee to Egypt, and stay there until I tell you. For Herod will search for the child to destroy him.""",Dec 09 output,,31.325556933616983,8.757447681401308,1.74140182847192
Why worry about clothes? Look how the wild flowers grow. They don't work hard to make their clothes.,“Be ɔso mito mimararã so i nnɛ miapia iso? Minyɔ ipo ame adziri kumɛgɔ asɛ amɔ. Aisɛ ata ɖɔti ɣee awe sikati.,Are you not ashamed of yourself? I will not allow you to do that. This is not the way to behave.,Dec 09 output,,17.861476216534733,8.757447681401308,1.74140182847192
"You are a bunch of evil snakes, so how can you say anything good? Your words show what is in your hearts.",Mi ma lonyanyarĩ lɛ maɣɛ! Nda miabara fiɛ miawo ara sɛɛ ɔɣɛ gɔ miɖe maturi lalaa? Alasɔ nnɛ loyi ɔturi ɔtu ame i kanya sɛ kaɣɛ.,"My mother, I am so happy! I have never seen such a beautiful thing before. Alas, today is the day I will be leaving. I will be going to the village to see my family.",Dec 09 output,,17.939970998514383,8.757447681401308,1.74140182847192
"Someone may say, “Here is the Messiah!” or “There he is!” But don't believe it.","Ne ɔso si ɔrere ɔba ɔ̃aɣere mi sɔ, ‘Nyɔ, ɔɔnya Kristo i ngbe,’ ɣee ɔrere ɔɣere mi sɔ, ‘Ɔpia i mmɔ’ ne, midaafɔ miɖe.","And the one who was speaking said to him, “My son, believe in the Lord Jesus,” and the one who was speaking said to him, “He will heal you,” and immediately he got up.",Dec 09 output,,22.907122354157508,8.757447681401308,1.74140182847192
"Peter began to curse and swear, “I don't know that man!” Right then a rooster crowed,","Ne Petro ɔɣɛ sɔ, “Lokã sɔ ɔnukuare nto loɣɛ! Ɣaa si ɔkpadzɛ̃ me kutsue si iiɖe gbaã iɖe sɔ loiɣe ɔrɛrɛ̃ gɔmɔ!” Ɔluwɛ̃ ne, kɔkɔ ɔɖi kanya.","Peter said, ""Let us go up to the housetop to pray! It is almost evening, and the day is almost done."" And they went up.",Dec 09 output,,20.155114126582195,8.757447681401308,1.74140182847192
Jesus answered: You are completely wrong! You don't know what the Scriptures teach. And you don't know anything about the power of God.,"Yesu ɔɣere ma sɔ, “Mmɔ miɣɛrɛ ne, alasɔ miiɣe Ɔko Sekelea ame atɔ̃me fiɛ miiɣe Ɣaa ɔle ana.","Jesus said to them, ""My kingdom is not of this world. If my kingdom were of this world, my servants would fight to prevent my arrest by the Jewish leaders. But now my kingdom is not from here.""",output_onesimus007,0.53227866,20.790073927466697,8.757447681401308,1.74140182847192
"When an evil spirit leaves a person, it travels through the desert, looking for a place to rest. But when the demon doesn't find a place,","“Si masa siwarã lalaa maɖi i ɔturi ame ne, sisɛ sikɛlɛ siawe siki sibie kawekɔ̃ i kakorekɔ̃. Si siina kukakɔi ne,","If the matter is serious, it is not good to be silent, but to speak out. If you are silent, you will be blamed.",output_onesimus007,0.109320775,16.84974699929919,8.757447681401308,1.74140182847192
"But because of the crowd, they could not get him to Jesus. So they made a hole in the roof above him and let the man down in front of everyone.","Maina ɔri mabo i iyo alasɔ maturi ɔɣede. Ne ɔso ne, masɛ maabusi isã makigu nyɛse masora wũ i ɔkala ame masɛ i Yesu katɔ̃.","The Lord is my shepherd, I shall not want. He makes me lie down in green pastures, He leads me beside quiet waters. He restores my soul. He leads me in paths of righteousness for His name's sake.",output_onesimus007,0.202434,19.62436646335604,8.757447681401308,1.74140182847192
"But he didn't have any money to pay what he owed. The king ordered him to be sold, along with his wife and children and all he owned, in order to pay the debt.","Gɔ ɔɖabo gɔmɔ na sikã ɔ̃atã kuso ɔso ne, igara ɔtã sɔ marɔdɛ̃ ɔ̃ gu ɔ̃ ɔre gu mabi lɛ masande gu ira biara nɛ ɔba si masu matã kuso.","If you go to the market to buy food, you should not go with an empty hand, because if you go with an empty hand, you will not be able to buy anything, and you will return home hungry.",output_onesimus007,0.17954603,19.96741823216838,8.757447681401308,1.74140182847192
"He did not tell them anything without using stories. But when he was alone with his disciples, he explained everything to them. A Storm (Matthew","Ɔ̃isɛ ɔɖe ma ika si iiɖe igbã ɔto ɔpɛ ma. Ɣɛɛ si ɔ̃ gu ɔ̃ marasuãdze ka masi ne, ɔsɛ ɔɖi wã karɔ̃ ɔte ma. Yesu Ɔtindza Awɛ.","The Lord has given me a song to sing. Look, I will sing it for you, I will sing it for you. Yes, I will sing it for you. Jesus is the Lord.",output_onesimus007,0.21357274,16.394569883564415,8.757447681401308,1.74140182847192
"After King Herod died, an angel from the Lord appeared in a dream to Joseph while he was still in Egypt.","Gɔ Herodes ɔkpi ne, Ɣaa kpabo ɔwɛ̃ ɔɖi so ɔte Yosef i kurɛ ame i Egipte.","When Herod heard this, he was afraid, and he went to Egypt with Joseph and the child Jesus.",john_1C6E69D4_output (8),,25.512508029872986,8.757447681401308,1.74140182847192
Why worry about clothes? Look how the wild flowers grow. They don't work hard to make their clothes.,“Be ɔso mito mimararã so i nnɛ miapia iso? Minyɔ ipo ame adziri kumɛgɔ asɛ amɔ. Aisɛ ata ɖɔti ɣee awe sikati.,"Are you saying that you don't know how to do it? I will teach you, come and learn. If you are stubborn, you will not succeed.",john_1C6E69D4_output (8),,19.397434995746014,8.757447681401308,1.74140182847192
"You are a bunch of evil snakes, so how can you say anything good? Your words show what is in your hearts.",Mi ma lonyanyarĩ lɛ maɣɛ! Nda miabara fiɛ miawo ara sɛɛ ɔɣɛ gɔ miɖe maturi lalaa? Alasɔ nnɛ loyi ɔturi ɔtu ame i kanya sɛ kaɣɛ.,"My mother, I am tired! I have not eaten anything good today. Alas, today is Thursday, the 24th, and I am hungry.",john_1C6E69D4_output (8),,22.77133637631519,8.757447681401308,1.74140182847192
"Someone may say, “Here is the Messiah!” or “There he is!” But don't believe it.","Ne ɔso si ɔrere ɔba ɔ̃aɣere mi sɔ, ‘Nyɔ, ɔɔnya Kristo i ngbe,’ ɣee ɔrere ɔɣere mi sɔ, ‘Ɔpia i mmɔ’ ne, midaafɔ miɖe.","Then the one who was speaking said to him, “My son, believe in the Lord Jesus Christ, and you will be saved,” and his soul was saved.",john_1C6E69D4_output (8),,23.92381018860348,8.757447681401308,1.74140182847192
"Peter began to curse and swear, “I don't know that man!” Right then a rooster crowed,","Ne Petro ɔɣɛ sɔ, “Lokã sɔ ɔnukuare nto loɣɛ! Ɣaa si ɔkpadzɛ̃ me kutsue si iiɖe gbaã iɖe sɔ loiɣe ɔrɛrɛ̃ gɔmɔ!” Ɔluwɛ̃ ne, kɔkɔ ɔɖi kanya.","Peter said, “You are the rock and on this rock I will build my church and the gates of hell shall not prevail against it!” Then Jesus went on, and he went ahead.",john_1C6E69D4_output (8),,24.41915400658773,8.757447681401308,1.74140182847192
"After King Herod died, an angel from the Lord appeared in a dream to Joseph while he was still in Egypt.","Gɔ Herodes ɔkpi ne, Ɣaa kpabo ɔwɛ̃ ɔɖi so ɔte Yosef i kurɛ ame i Egipte.","When Herod the king heard this, he was troubled, and he called for all the chief priests and scribes of the people, and inquired of them where the Christ was to be born. And they said to him, 'In Bethlehem of Judea, for so it is written by the prophet:'",output_johnayernor,,22.99704639348479,8.757447681401308,1.74140182847192
Why worry about clothes? Look how the wild flowers grow. They don't work hard to make their clothes.,“Be ɔso mito mimararã so i nnɛ miapia iso? Minyɔ ipo ame adziri kumɛgɔ asɛ amɔ. Aisɛ ata ɖɔti ɣee awe sikati.,"Are you saying that you don't know me? I am your friend, I will help you. If you are in trouble, come to me.",output_johnayernor,,16.879756636104805,8.757447681401308,1.74140182847192
"You are a bunch of evil snakes, so how can you say anything good? Your words show what is in your hearts.",Mi ma lonyanyarĩ lɛ maɣɛ! Nda miabara fiɛ miawo ara sɛɛ ɔɣɛ gɔ miɖe maturi lalaa? Alasɔ nnɛ loyi ɔturi ɔtu ame i kanya sɛ kaɣɛ.,"My mother, I am going to the farm! I will go and work there until I am tired. Alas, today is the day I will be able to harvest the fruits of my labor.",output_johnayernor,,17.541935223503213,8.757447681401308,1.74140182847192
"Someone may say, “Here is the Messiah!” or “There he is!” But don't believe it.","Ne ɔso si ɔrere ɔba ɔ̃aɣere mi sɔ, ‘Nyɔ, ɔɔnya Kristo i ngbe,’ ɣee ɔrere ɔɣere mi sɔ, ‘Ɔpia i mmɔ’ ne, midaafɔ miɖe.","And the people said to him, 'Teacher, we know that you are a righteous man, and you teach the way of God in truth, and you show no partiality to anyone. Teach us to pray, as John also taught his disciples.'",output_johnayernor,,15.52386878196279,8.757447681401308,1.74140182847192
"Peter began to curse and swear, “I don't know that man!” Right then a rooster crowed,","Ne Petro ɔɣɛ sɔ, “Lokã sɔ ɔnukuare nto loɣɛ! Ɣaa si ɔkpadzɛ̃ me kutsue si iiɖe gbaã iɖe sɔ loiɣe ɔrɛrɛ̃ gɔmɔ!” Ɔluwɛ̃ ne, kɔkɔ ɔɖi kanya.","Peter said, ""You are a wicked generation! You are not better than your ancestors. You are all corrupt to the core!""",output_johnayernor,,21.265804775907636,8.757447681401308,1.74140182847192
"After King Herod died, an angel from the Lord appeared in a dream to Joseph while he was still in Egypt.","Gɔ Herodes ɔkpi ne, Ɣaa kpabo ɔwɛ̃ ɔɖi so ɔte Yosef i kurɛ ame i Egipte.","When Herod heard this, he was afraid, and he went to Egypt with Joseph and his mother Mary.",Dec 11 output,,25.710678835996394,8.757447681401308,1.74140182847192
Why worry about clothes? Look how the wild flowers grow. They don't work hard to make their clothes.,“Be ɔso mito mimararã so i nnɛ miapia iso? Minyɔ ipo ame adziri kumɛgɔ asɛ amɔ. Aisɛ ata ɖɔti ɣee awe sikati.,"Are you saying that you don't know me? I know you very well. You are a liar, you are not truthful. You are a thief, you steal things.",Dec 11 output,,17.77614685130683,8.757447681401308,1.74140182847192
"You are a bunch of evil snakes, so how can you say anything good? Your words show what is in your hearts.",Mi ma lonyanyarĩ lɛ maɣɛ! Nda miabara fiɛ miawo ara sɛɛ ɔɣɛ gɔ miɖe maturi lalaa? Alasɔ nnɛ loyi ɔturi ɔtu ame i kanya sɛ kaɣɛ.,"My mother, I am very happy! I have never seen such a beautiful thing before. Alas, today is the day I will be married.",Dec 11 output,,16.128201606135665,8.757447681401308,1.74140182847192
"Someone may say, “Here is the Messiah!” or “There he is!” But don't believe it.","Ne ɔso si ɔrere ɔba ɔ̃aɣere mi sɔ, ‘Nyɔ, ɔɔnya Kristo i ngbe,’ ɣee ɔrere ɔɣere mi sɔ, ‘Ɔpia i mmɔ’ ne, midaafɔ miɖe.","Then the other man said to him, “Lord, remember me when you come into your kingdom,” and he said to him, “Truly I tell you, today you will be with me in paradise.”",Dec 11 output,,18.210181900831234,8.757447681401308,1.74140182847192
"Peter began to curse and swear, “I don't know that man!” Right then a rooster crowed,","Ne Petro ɔɣɛ sɔ, “Lokã sɔ ɔnukuare nto loɣɛ! Ɣaa si ɔkpadzɛ̃ me kutsue si iiɖe gbaã iɖe sɔ loiɣe ɔrɛrɛ̃ gɔmɔ!” Ɔluwɛ̃ ne, kɔkɔ ɔɖi kanya.","Then Peter said, ""Let us go up to Jerusalem! There is a feast of unleavened bread that we must keep."" And he arose and went away.",Dec 11 output,,22.56161562804812,8.757447681401308,1.74140182847192
"After King Herod died, an angel from the Lord appeared in a dream to Joseph while he was still in Egypt.","Gɔ Herodes ɔkpi ne, Ɣaa kpabo ɔwɛ̃ ɔɖi so ɔte Yosef i kurɛ ame i Egipte.","When Herod heard this, he was afraid, and he went to Egypt with Joseph and the child Jesus.",gerhardt_0445F08A_output_T9n53N,,25.512508029872986,8.757447681401308,1.74140182847192
Why worry about clothes? Look how the wild flowers grow. They don't work hard to make their clothes.,“Be ɔso mito mimararã so i nnɛ miapia iso? Minyɔ ipo ame adziri kumɛgɔ asɛ amɔ. Aisɛ ata ɖɔti ɣee awe sikati.,"Are you saying that you will not give me anything? I will not accept that. If you do not give me something, I will take it by force.",gerhardt_0445F08A_output_T9n53N,,16.082525791808926,8.757447681401308,1.74140182847192
"You are a bunch of evil snakes, so how can you say anything good? Your words show what is in your hearts.",Mi ma lonyanyarĩ lɛ maɣɛ! Nda miabara fiɛ miawo ara sɛɛ ɔɣɛ gɔ miɖe maturi lalaa? Alasɔ nnɛ loyi ɔturi ɔtu ame i kanya sɛ kaɣɛ.,"My mother, I am going to the farm! I want to go and see if the crops are growing well. Alas, today is the day I will be going to the farm.",gerhardt_0445F08A_output_T9n53N,,16.227071184205137,8.757447681401308,1.74140182847192
"Someone may say, “Here is the Messiah!” or “There he is!” But don't believe it.","Ne ɔso si ɔrere ɔba ɔ̃aɣere mi sɔ, ‘Nyɔ, ɔɔnya Kristo i ngbe,’ ɣee ɔrere ɔɣere mi sɔ, ‘Ɔpia i mmɔ’ ne, midaafɔ miɖe.","And he said to them, 'Truly, I say to you, unless you are born again, you cannot enter the kingdom of God.'  And they said to him, 'How can a man be born when he is old? Can he enter his mother's womb a second time?",gerhardt_0445F08A_output_T9n53N,,16.99441739775444,8.757447681401308,1.74140182847192
"Peter began to curse and swear, “I don't know that man!” Right then a rooster crowed,","Ne Petro ɔɣɛ sɔ, “Lokã sɔ ɔnukuare nto loɣɛ! Ɣaa si ɔkpadzɛ̃ me kutsue si iiɖe gbaã iɖe sɔ loiɣe ɔrɛrɛ̃ gɔmɔ!” Ɔluwɛ̃ ne, kɔkɔ ɔɖi kanya.","Peter said, ""Let us go up to the housetop to pray! It is almost evening, and the day is almost done."" And they went up.",gerhardt_0445F08A_output_T9n53N,,20.155114126582195,8.757447681401308,1.74140182847192
"After King Herod died, an angel from the Lord appeared in a dream to Joseph while he was still in Egypt.","Gɔ Herodes ɔkpi ne, Ɣaa kpabo ɔwɛ̃ ɔɖi so ɔte Yosef i kurɛ ame i Egipte.","When Herod the king heard this, he was afraid, and he went to Joseph in a dream and said, ""Get up, take the child and his mother, and flee to Egypt, and stay there until I tell you. For Herod will search for the child to destroy him.""",gerhardt_60BC0D18_output (8),,31.279752757795727,8.757447681401308,1.74140182847192
Why worry about clothes? Look how the wild flowers grow. They don't work hard to make their clothes.,“Be ɔso mito mimararã so i nnɛ miapia iso? Minyɔ ipo ame adziri kumɛgɔ asɛ amɔ. Aisɛ ata ɖɔti ɣee awe sikati.,"Are you saying that you don't know how to do it? I will teach you, listen carefully.  This is how you do it.",gerhardt_60BC0D18_output (8),,18.90028531448226,8.757447681401308,1.74140182847192
"You are a bunch of evil snakes, so how can you say anything good? Your words show what is in your hearts.",Mi ma lonyanyarĩ lɛ maɣɛ! Nda miabara fiɛ miawo ara sɛɛ ɔɣɛ gɔ miɖe maturi lalaa? Alasɔ nnɛ loyi ɔturi ɔtu ame i kanya sɛ kaɣɛ.,"My mother, I am going to the farm! I will not return until I have finished my work. Alas, today is the day I will be working in the fields.",gerhardt_60BC0D18_output (8),,16.871326436574215,8.757447681401308,1.74140182847192
"Someone may say, “Here is the Messiah!” or “There he is!” But don't believe it.","Ne ɔso si ɔrere ɔba ɔ̃aɣere mi sɔ, ‘Nyɔ, ɔɔnya Kristo i ngbe,’ ɣee ɔrere ɔɣere mi sɔ, ‘Ɔpia i mmɔ’ ne, midaafɔ miɖe.","And he said to them, 'My son, I know that you are a man of God,' and he said to them, 'He has healed my son,' and they rejoiced greatly.",gerhardt_60BC0D18_output (8),,15.493939547865335,8.757447681401308,1.74140182847192
"Peter began to curse and swear, “I don't know that man!” Right then a rooster crowed,","Ne Petro ɔɣɛ sɔ, “Lokã sɔ ɔnukuare nto loɣɛ! Ɣaa si ɔkpadzɛ̃ me kutsue si iiɖe gbaã iɖe sɔ loiɣe ɔrɛrɛ̃ gɔmɔ!” Ɔluwɛ̃ ne, kɔkɔ ɔɖi kanya.","Peter said, “You are the rock and on this rock I will build my church and the gates of hell shall not prevail against it!” Then Jesus went on, and he walked.",gerhardt_60BC0D18_output (8),,24.393081325118292,8.757447681401308,1.74140182847192
"After King Herod died, an angel from the Lord appeared in a dream to Joseph while he was still in Egypt.","Gɔ Herodes ɔkpi ne, Ɣaa kpabo ɔwɛ̃ ɔɖi so ɔte Yosef i kurɛ ame i Egipte.","When Herod died, behold, an angel of the Lord appeared to Joseph in a dream, saying, ""Rise, take the young child and his mother, and flee to Egypt, and stay there until I tell you; for Herod will seek the young child to destroy him.""",onesimus_BAB3F503_Dec 10 output,,45.88776768345046,8.757447681401308,1.74140182847192
Why worry about clothes? Look how the wild flowers grow. They don't work hard to make their clothes.,“Be ɔso mito mimararã so i nnɛ miapia iso? Minyɔ ipo ame adziri kumɛgɔ asɛ amɔ. Aisɛ ata ɖɔti ɣee awe sikati.,"Are you saying that I should not eat? I will eat and be full.  If you say so, I will go and eat.",onesimus_BAB3F503_Dec 10 output,,11.962514623068774,8.757447681401308,1.74140182847192
"You are a bunch of evil snakes, so how can you say anything good? Your words show what is in your hearts.",Mi ma lonyanyarĩ lɛ maɣɛ! Nda miabara fiɛ miawo ara sɛɛ ɔɣɛ gɔ miɖe maturi lalaa? Alasɔ nnɛ loyi ɔturi ɔtu ame i kanya sɛ kaɣɛ.,"My mother, I am so happy!  Tell me, what is the matter that you are looking at me with such a serious face? Alas, today is the 28th of the month, and it is time to pay.",onesimus_BAB3F503_Dec 10 output,,21.219138732786156,8.757447681401308,1.74140182847192
"Someone may say, “Here is the Messiah!” or “There he is!” But don't believe it.","Ne ɔso si ɔrere ɔba ɔ̃aɣere mi sɔ, ‘Nyɔ, ɔɔnya Kristo i ngbe,’ ɣee ɔrere ɔɣere mi sɔ, ‘Ɔpia i mmɔ’ ne, midaafɔ miɖe.","And the people said to him, ‘Teacher, we know that you are a truthful man and that you teach the way of God in truth, for you do not care about anyone’s opinion.  We know that you do not seek personal gain.",onesimus_BAB3F503_Dec 10 output,,14.804223878720304,8.757447681401308,1.74140182847192
"Peter began to curse and swear, “I don't know that man!” Right then a rooster crowed,","Ne Petro ɔɣɛ sɔ, “Lokã sɔ ɔnukuare nto loɣɛ! Ɣaa si ɔkpadzɛ̃ me kutsue si iiɖe gbaã iɖe sɔ loiɣe ɔrɛrɛ̃ gɔmɔ!” Ɔluwɛ̃ ne, kɔkɔ ɔɖi kanya.","Peter said, ""Let us go up to the housetop to pray! It is almost evening, and the day is almost done."" And they went up to the housetop.",onesimus_BAB3F503_Dec 10 output,,19.47470277855149,8.757447681401308,1.74140182847192
"After King Herod died, an angel from the Lord appeared in a dream to Joseph while he was still in Egypt.","Gɔ Herodes ɔkpi ne, Ɣaa kpabo ɔwɛ̃ ɔɖi so ɔte Yosef i kurɛ ame i Egipte.","When Herod the king heard this, he was afraid, and he went to Egypt with Joseph and the child Jesus.",onesimus_AE3F5661_Dec 08 output,,26.487606962813796,8.757447681401308,1.74140182847192
Why worry about clothes? Look how the wild flowers grow. They don't work hard to make their clothes.,“Be ɔso mito mimararã so i nnɛ miapia iso? Minyɔ ipo ame adziri kumɛgɔ asɛ amɔ. Aisɛ ata ɖɔti ɣee awe sikati.,Do you know where I went to? I went to the market to buy something. I bought a beautiful cloth.,onesimus_AE3F5661_Dec 08 output,,18.719858865484454,8.757447681401308,1.74140182847192
"You are a bunch of evil snakes, so how can you say anything good? Your words show what is in your hearts.",Mi ma lonyanyarĩ lɛ maɣɛ! Nda miabara fiɛ miawo ara sɛɛ ɔɣɛ gɔ miɖe maturi lalaa? Alasɔ nnɛ loyi ɔturi ɔtu ame i kanya sɛ kaɣɛ.,"My mother, I am very happy! I am very grateful for the food you have prepared for me. Alas, today is Thursday, the 24th of the month, and I have to go to work.",onesimus_AE3F5661_Dec 08 output,,15.936403108837366,8.757447681401308,1.74140182847192
"Someone may say, “Here is the Messiah!” or “There he is!” But don't believe it.","Ne ɔso si ɔrere ɔba ɔ̃aɣere mi sɔ, ‘Nyɔ, ɔɔnya Kristo i ngbe,’ ɣee ɔrere ɔɣere mi sɔ, ‘Ɔpia i mmɔ’ ne, midaafɔ miɖe.","Then the man said to him, ‘Lord, have mercy on me,’ and the man who was blind said, ‘I want to see,’ and he touched his eyes.",onesimus_AE3F5661_Dec 08 output,,16.785532496980476,8.757447681401308,1.74140182847192
"Peter began to curse and swear, “I don't know that man!” Right then a rooster crowed,","Ne Petro ɔɣɛ sɔ, “Lokã sɔ ɔnukuare nto loɣɛ! Ɣaa si ɔkpadzɛ̃ me kutsue si iiɖe gbaã iɖe sɔ loiɣe ɔrɛrɛ̃ gɔmɔ!” Ɔluwɛ̃ ne, kɔkɔ ɔɖi kanya.","Peter said, ""Let us go up to the roof! I will pray there for you, that the Lord may give you a sign of his grace!"" And he went up to the roof.",onesimus_AE3F5661_Dec 08 output,,20.67023921974117,8.757447681401308,1.74140182847192
"After King Herod died, an angel from the Lord appeared in a dream to Joseph while he was still in Egypt.","Gɔ Herodes ɔkpi ne, Ɣaa kpabo ɔwɛ̃ ɔɖi so ɔte Yosef i kurɛ ame i Egipte.","When Herod died, behold, an angel of the Lord appeared to Joseph in a dream, saying, ""Rise, take the young child and his mother, and flee to Egypt, and remain there until I tell you; for Herod will seek the young child to destroy him.""",onesimus_A84A9EF3_Dec 04 output,,45.87013982387866,8.757447681401308,1.74140182847192
Why worry about clothes? Look how the wild flowers grow. They don't work hard to make their clothes.,“Be ɔso mito mimararã so i nnɛ miapia iso? Minyɔ ipo ame adziri kumɛgɔ asɛ amɔ. Aisɛ ata ɖɔti ɣee awe sikati.,Do you know what I am saying? I am not saying anything bad. It is just that I am tired and I want to sleep.,onesimus_A84A9EF3_Dec 04 output,,10.86296405132726,8.757447681401308,1.74140182847192
"You are a bunch of evil snakes, so how can you say anything good? Your words show what is in your hearts.",Mi ma lonyanyarĩ lɛ maɣɛ! Nda miabara fiɛ miawo ara sɛɛ ɔɣɛ gɔ miɖe maturi lalaa? Alasɔ nnɛ loyi ɔturi ɔtu ame i kanya sɛ kaɣɛ.,"My mother, I am tired! I have not eaten anything today, is it not time to eat? Alas, today is Thursday, the 24th, and I am hungry.",onesimus_A84A9EF3_Dec 04 output,,19.502842333510827,8.757447681401308,1.74140182847192
"Someone may say, “Here is the Messiah!” or “There he is!” But don't believe it.","Ne ɔso si ɔrere ɔba ɔ̃aɣere mi sɔ, ‘Nyɔ, ɔɔnya Kristo i ngbe,’ ɣee ɔrere ɔɣere mi sɔ, ‘Ɔpia i mmɔ’ ne, midaafɔ miɖe.","And the man said to him, 'Lord, have mercy on me,' and the man said to him, 'Your sins are forgiven,' and immediately he was healed.",onesimus_A84A9EF3_Dec 04 output,,16.184641771095997,8.757447681401308,1.74140182847192
"Peter began to curse and swear, “I don't know that man!” Right then a rooster crowed,","Ne Petro ɔɣɛ sɔ, “Lokã sɔ ɔnukuare nto loɣɛ! Ɣaa si ɔkpadzɛ̃ me kutsue si iiɖe gbaã iɖe sɔ loiɣe ɔrɛrɛ̃ gɔmɔ!” Ɔluwɛ̃ ne, kɔkɔ ɔɖi kanya.","Peter said, ""Let us go up to the housetop to pray! It is almost evening, and the day is almost done."" And they went up.",onesimus_A84A9EF3_Dec 04 output,,20.155114126582195,8.757447681401308,1.74140182847192
"After King Herod died, an angel from the Lord appeared in a dream to Joseph while he was still in Egypt.","Gɔ Herodes ɔkpi ne, Ɣaa kpabo ɔwɛ̃ ɔɖi so ɔte Yosef i kurɛ ame i Egipte.","When Herod heard this, he was afraid, and he went to Joseph in a dream and said, ""Get up, take the child and his mother, and flee to Egypt, and stay there until I tell you. For Herod will search for the child to destroy him.""",gerhardt_34E1778F_output (7),,31.056890854968422,8.757447681401308,1.74140182847192
Why worry about clothes? Look how the wild flowers grow. They don't work hard to make their clothes.,“Be ɔso mito mimararã so i nnɛ miapia iso? Minyɔ ipo ame adziri kumɛgɔ asɛ amɔ. Aisɛ ata ɖɔti ɣee awe sikati.,"Are you saying that you will not help me? I have not done anything wrong. I am innocent. If you are angry, please calm down.",gerhardt_34E1778F_output (7),,15.883787954801996,8.757447681401308,1.74140182847192
"You are a bunch of evil snakes, so how can you say anything good? Your words show what is in your hearts.",Mi ma lonyanyarĩ lɛ maɣɛ! Nda miabara fiɛ miawo ara sɛɛ ɔɣɛ gɔ miɖe maturi lalaa? Alasɔ nnɛ loyi ɔturi ɔtu ame i kanya sɛ kaɣɛ.,"My mother, I am very tired! I have been working all day and I am very hungry. Alas, today is Thursday, the 24th, and I have no food to eat.",gerhardt_34E1778F_output (7),,17.266500685357126,8.757447681401308,1.74140182847192
"Someone may say, “Here is the Messiah!” or “There he is!” But don't believe it.","Ne ɔso si ɔrere ɔba ɔ̃aɣere mi sɔ, ‘Nyɔ, ɔɔnya Kristo i ngbe,’ ɣee ɔrere ɔɣere mi sɔ, ‘Ɔpia i mmɔ’ ne, midaafɔ miɖe.","And he said to the people, 'Truly, I tell you, this is the Son of Man, who is coming in the kingdom of God,' and he said to them, 'The kingdom of God is near.'",gerhardt_34E1778F_output (7),,17.42562387886816,8.757447681401308,1.74140182847192
"Peter began to curse and swear, “I don't know that man!” Right then a rooster crowed,","Ne Petro ɔɣɛ sɔ, “Lokã sɔ ɔnukuare nto loɣɛ! Ɣaa si ɔkpadzɛ̃ me kutsue si iiɖe gbaã iɖe sɔ loiɣe ɔrɛrɛ̃ gɔmɔ!” Ɔluwɛ̃ ne, kɔkɔ ɔɖi kanya.","Then Peter said, “Let us go up to Jerusalem! The Lord said, ‘You will receive power when the Holy Spirit comes on you; and you will be my witnesses in Jerusalem, and in all Judea and Samaria, and to the ends of the earth.’ ”  And with that, they all set out together.",gerhardt_34E1778F_output (7),,19.51973559739954,8.757447681401308,1.74140182847192
"After King Herod died, an angel from the Lord appeared in a dream to Joseph while he was still in Egypt.","Gɔ Herodes ɔkpi ne, Ɣaa kpabo ɔwɛ̃ ɔɖi so ɔte Yosef i kurɛ ame i Egipte.",,output_JA-5,,,8.757447681401308,1.74140182847192
Why worry about clothes? Look how the wild flowers grow. They don't work hard to make their clothes.,“Be ɔso mito mimararã so i nnɛ miapia iso? Minyɔ ipo ame adziri kumɛgɔ asɛ amɔ. Aisɛ ata ɖɔti ɣee awe sikati.,,output_JA-5,,,8.757447681401308,1.74140182847192
"You are a bunch of evil snakes, so how can you say anything good? Your words show what is in your hearts.",Mi ma lonyanyarĩ lɛ maɣɛ! Nda miabara fiɛ miawo ara sɛɛ ɔɣɛ gɔ miɖe maturi lalaa? Alasɔ nnɛ loyi ɔturi ɔtu ame i kanya sɛ kaɣɛ.,,output_JA-5,,,8.757447681401308,1.74140182847192
"Someone may say, “Here is the Messiah!” or “There he is!” But don't believe it.","Ne ɔso si ɔrere ɔba ɔ̃aɣere mi sɔ, ‘Nyɔ, ɔɔnya Kristo i ngbe,’ ɣee ɔrere ɔɣere mi sɔ, ‘Ɔpia i mmɔ’ ne, midaafɔ miɖe.",,output_JA-5,,,8.757447681401308,1.74140182847192
"Peter began to curse and swear, “I don't know that man!” Right then a rooster crowed,","Ne Petro ɔɣɛ sɔ, “Lokã sɔ ɔnukuare nto loɣɛ! Ɣaa si ɔkpadzɛ̃ me kutsue si iiɖe gbaã iɖe sɔ loiɣe ɔrɛrɛ̃ gɔmɔ!” Ɔluwɛ̃ ne, kɔkɔ ɔɖi kanya.",,output_JA-5,,,8.757447681401308,1.74140182847192
"After King Herod died, an angel from the Lord appeared in a dream to Joseph while he was still in Egypt.","Gɔ Herodes ɔkpi ne, Ɣaa kpabo ɔwɛ̃ ɔɖi so ɔte Yosef i kurɛ ame i Egipte.","When Herod the king heard this, he was afraid, and he sent and had all the children in Bethlehem and in all the surrounding area, who were two years old and under, killed.",john_86344B85_output (7),,25.474451728314673,8.757447681401308,1.74140182847192
Why worry about clothes? Look how the wild flowers grow. They don't work hard to make their clothes.,“Be ɔso mito mimararã so i nnɛ miapia iso? Minyɔ ipo ame adziri kumɛgɔ asɛ amɔ. Aisɛ ata ɖɔti ɣee awe sikati.,Are you not ashamed of what you are doing? I will not allow you to do this.  Stop this bad behavior.,john_86344B85_output (7),,16.688789897877136,8.757447681401308,1.74140182847192
"You are a bunch of evil snakes, so how can you say anything good? Your words show what is in your hearts.",Mi ma lonyanyarĩ lɛ maɣɛ! Nda miabara fiɛ miawo ara sɛɛ ɔɣɛ gɔ miɖe maturi lalaa? Alasɔ nnɛ loyi ɔturi ɔtu ame i kanya sɛ kaɣɛ.,"My mother, I am hungry! When will you bring me food? Alas, today is the 28th day of the month and I am very hungry.",john_86344B85_output (7),,16.46089112199946,8.757447681401308,1.74140182847192
"Someone may say, “Here is the Messiah!” or “There he is!” But don't believe it.","Ne ɔso si ɔrere ɔba ɔ̃aɣere mi sɔ, ‘Nyɔ, ɔɔnya Kristo i ngbe,’ ɣee ɔrere ɔɣere mi sɔ, ‘Ɔpia i mmɔ’ ne, midaafɔ miɖe.","Then the one who was speaking said to him, ‘Lord, have mercy on me,’ and the one who was speaking said to him, ‘Your sins are forgiven,’ and immediately he got up.",john_86344B85_output (7),,16.667383567832097,8.757447681401308,1.74140182847192
"Peter began to curse and swear, “I don't know that man!” Right then a rooster crowed,","Ne Petro ɔɣɛ sɔ, “Lokã sɔ ɔnukuare nto loɣɛ! Ɣaa si ɔkpadzɛ̃ me kutsue si iiɖe gbaã iɖe sɔ loiɣe ɔrɛrɛ̃ gɔmɔ!” Ɔluwɛ̃ ne, kɔkɔ ɔɖi kanya.","Peter said, “Let us go up to the roof! There I will pray and wait for you.” And he went up.",john_86344B85_output (7),,18.895008966450547,8.757447681401308,1.74140182847192
"After King Herod died, an angel from the Lord appeared in a dream to Joseph while he was still in Egypt.","Gɔ Herodes ɔkpi ne, Ɣaa kpabo ɔwɛ̃ ɔɖi so ɔte Yosef i kurɛ ame i Egipte.","When Herod heard this, he was afraid, and he went to Egypt with Joseph and his mother Mary.",Dec 05 output,,25.710678835996394,8.757447681401308,1.74140182847192
Why worry about clothes? Look how the wild flowers grow. They don't work hard to make their clothes.,“Be ɔso mito mimararã so i nnɛ miapia iso? Minyɔ ipo ame adziri kumɛgɔ asɛ amɔ. Aisɛ ata ɖɔti ɣee awe sikati.,"Are you not ashamed of yourself? I will not allow you to do this. I have warned you before, but you do not listen.",Dec 05 output,,17.011100065191176,8.757447681401308,1.74140182847192
"You are a bunch of evil snakes, so how can you say anything good? Your words show what is in your hearts.",Mi ma lonyanyarĩ lɛ maɣɛ! Nda miabara fiɛ miawo ara sɛɛ ɔɣɛ gɔ miɖe maturi lalaa? Alasɔ nnɛ loyi ɔturi ɔtu ame i kanya sɛ kaɣɛ.,"My mother, I am very happy! Because I have not eaten anything since yesterday, I am very hungry. Alas, today is Thursday, and I will not eat until tomorrow.",Dec 05 output,,21.55362547412248,8.757447681401308,1.74140182847192
"Someone may say, “Here is the Messiah!” or “There he is!” But don't believe it.","Ne ɔso si ɔrere ɔba ɔ̃aɣere mi sɔ, ‘Nyɔ, ɔɔnya Kristo i ngbe,’ ɣee ɔrere ɔɣere mi sɔ, ‘Ɔpia i mmɔ’ ne, midaafɔ miɖe.","Then the other said to him, “Lord, have mercy on me, a sinner,” and the other said, “God be merciful to me, a sinner,” and the tax collector went down to his house justified.",Dec 05 output,,17.96163989966605,8.757447681401308,1.74140182847192
"Peter began to curse and swear, “I don't know that man!” Right then a rooster crowed,","Ne Petro ɔɣɛ sɔ, “Lokã sɔ ɔnukuare nto loɣɛ! Ɣaa si ɔkpadzɛ̃ me kutsue si iiɖe gbaã iɖe sɔ loiɣe ɔrɛrɛ̃ gɔmɔ!” Ɔluwɛ̃ ne, kɔkɔ ɔɖi kanya.","Peter said, ""Let us go up to the housetop to pray! It is almost evening, and the day is almost done."" And they went up.",Dec 05 output,,20.155114126582195,8.757447681401308,1.74140182847192
"After King Herod died, an angel from the Lord appeared in a dream to Joseph while he was still in Egypt.","Gɔ Herodes ɔkpi ne, Ɣaa kpabo ɔwɛ̃ ɔɖi so ɔte Yosef i kurɛ ame i Egipte.","When Herod heard this, he was afraid, and he went to Egypt with Joseph and the child Jesus.",onesimus_C968674F_Dec 07 output,,25.512508029872986,8.757447681401308,1.74140182847192
Why worry about clothes? Look how the wild flowers grow. They don't work hard to make their clothes.,“Be ɔso mito mimararã so i nnɛ miapia iso? Minyɔ ipo ame adziri kumɛgɔ asɛ amɔ. Aisɛ ata ɖɔti ɣee awe sikati.,Have you ever seen such a thing before? I have never seen anything like it. It is very beautiful. It is a very good thing.,onesimus_C968674F_Dec 07 output,,13.217110328682283,8.757447681401308,1.74140182847192
"You are a bunch of evil snakes, so how can you say anything good? Your words show what is in your hearts.",Mi ma lonyanyarĩ lɛ maɣɛ! Nda miabara fiɛ miawo ara sɛɛ ɔɣɛ gɔ miɖe maturi lalaa? Alasɔ nnɛ loyi ɔturi ɔtu ame i kanya sɛ kaɣɛ.,"My mother, I am tired.  I have not eaten anything good today.  Alas, today is Thursday, the 24th, and I am very hungry.",onesimus_C968674F_Dec 07 output,,22.750227001707465,8.757447681401308,1.74140182847192
"Someone may say, “Here is the Messiah!” or “There he is!” But don't believe it.","Ne ɔso si ɔrere ɔba ɔ̃aɣere mi sɔ, ‘Nyɔ, ɔɔnya Kristo i ngbe,’ ɣee ɔrere ɔɣere mi sɔ, ‘Ɔpia i mmɔ’ ne, midaafɔ miɖe.","And he said to them, ‘Truly, I say to you, unless you are converted and become like little children, you will never enter the kingdom of heaven. Whoever humbles himself like this child is the greatest in the kingdom of heaven.",onesimus_C968674F_Dec 07 output,,17.683507738359122,8.757447681401308,1.74140182847192
"Peter began to curse and swear, “I don't know that man!” Right then a rooster crowed,","Ne Petro ɔɣɛ sɔ, “Lokã sɔ ɔnukuare nto loɣɛ! Ɣaa si ɔkpadzɛ̃ me kutsue si iiɖe gbaã iɖe sɔ loiɣe ɔrɛrɛ̃ gɔmɔ!” Ɔluwɛ̃ ne, kɔkɔ ɔɖi kanya.","Peter said, “Let us go up to the housetop to pray! It is almost evening, and the day is almost done.” And they went up to the housetop.",onesimus_C968674F_Dec 07 output,,20.121837496667773,8.757447681401308,1.74140182847192
"After King Herod died, an angel from the Lord appeared in a dream to Joseph while he was still in Egypt.","Gɔ Herodes ɔkpi ne, Ɣaa kpabo ɔwɛ̃ ɔɖi so ɔte Yosef i kurɛ ame i Egipte.","When Herod heard this, he was afraid, and he went to Egypt with Joseph and the child Jesus.",john_C52DEBBB_output (10),,25.512508029872986,8.757447681401308,1.74140182847192
Why worry about clothes? Look how the wild flowers grow. They don't work hard to make their clothes.,“Be ɔso mito mimararã so i nnɛ miapia iso? Minyɔ ipo ame adziri kumɛgɔ asɛ amɔ. Aisɛ ata ɖɔti ɣee awe sikati.,Why are you asking me such a question? I don't know anything about it. I've never heard of it before.,john_C52DEBBB_output (10),,18.66321810854806,8.757447681401308,1.74140182847192
"You are a bunch of evil snakes, so how can you say anything good? Your words show what is in your hearts.",Mi ma lonyanyarĩ lɛ maɣɛ! Nda miabara fiɛ miawo ara sɛɛ ɔɣɛ gɔ miɖe maturi lalaa? Alasɔ nnɛ loyi ɔturi ɔtu ame i kanya sɛ kaɣɛ.,"My mother, I am tired. I have not eaten anything good today. I am very hungry. Alas, today is Thursday, the 24th, and I have nothing to eat.",john_C52DEBBB_output (10),,22.757593609082534,8.757447681401308,1.74140182847192
"Someone may say, “Here is the Messiah!” or “There he is!” But don't believe it.","Ne ɔso si ɔrere ɔba ɔ̃aɣere mi sɔ, ‘Nyɔ, ɔɔnya Kristo i ngbe,’ ɣee ɔrere ɔɣere mi sɔ, ‘Ɔpia i mmɔ’ ne, midaafɔ miɖe.","And the Lord said to him, “Son, why do you doubt?,” and the Lord said to him again, “If you have faith, all things are possible.”",john_C52DEBBB_output (10),,15.628557081612149,8.757447681401308,1.74140182847192
"Peter began to curse and swear, “I don't know that man!” Right then a rooster crowed,","Ne Petro ɔɣɛ sɔ, “Lokã sɔ ɔnukuare nto loɣɛ! Ɣaa si ɔkpadzɛ̃ me kutsue si iiɖe gbaã iɖe sɔ loiɣe ɔrɛrɛ̃ gɔmɔ!” Ɔluwɛ̃ ne, kɔkɔ ɔɖi kanya.","Then Peter said, ""Let us go up to Jerusalem! The Lord promised that he would give us the Holy Spirit. We will be filled with the Holy Spirit and then we will go out and preach the gospel to all the world!""",john_C52DEBBB_output (10),,19.086253389089233,8.757447681401308,1.74140182847192
"After King Herod died, an angel from the Lord appeared in a dream to Joseph while he was still in Egypt.","Gɔ Herodes ɔkpi ne, Ɣaa kpabo ɔwɛ̃ ɔɖi so ɔte Yosef i kurɛ ame i Egipte.","When Herod heard this, he was afraid, and he went to Egypt with Joseph and the child Jesus.",gerhardt_62CB5CC1_output (4),,25.512508029872986,8.757447681401308,1.74140182847192
Why worry about clothes? Look how the wild flowers grow. They don't work hard to make their clothes.,“Be ɔso mito mimararã so i nnɛ miapia iso? Minyɔ ipo ame adziri kumɛgɔ asɛ amɔ. Aisɛ ata ɖɔti ɣee awe sikati.,Are you saying that you don't know how to do it? I will teach you how to do it.  Listen carefully to what I say.,gerhardt_62CB5CC1_output (4),,18.600955772022953,8.757447681401308,1.74140182847192
"You are a bunch of evil snakes, so how can you say anything good? Your words show what is in your hearts.",Mi ma lonyanyarĩ lɛ maɣɛ! Nda miabara fiɛ miawo ara sɛɛ ɔɣɛ gɔ miɖe maturi lalaa? Alasɔ nnɛ loyi ɔturi ɔtu ame i kanya sɛ kaɣɛ.,"My mother, I am tired! I have not eaten anything since morning. Is it not time for lunch? Alas, today is Thursday, the 24th, and I am hungry.",gerhardt_62CB5CC1_output (4),,21.308605141485284,8.757447681401308,1.74140182847192
"Someone may say, “Here is the Messiah!” or “There he is!” But don't believe it.","Ne ɔso si ɔrere ɔba ɔ̃aɣere mi sɔ, ‘Nyɔ, ɔɔnya Kristo i ngbe,’ ɣee ɔrere ɔɣere mi sɔ, ‘Ɔpia i mmɔ’ ne, midaafɔ miɖe.","And the people said to him, 'Teacher, we know that you are a righteous man, and you teach the way of God in truth, and you do not care about anyone's opinion.  Tell us, what should we do?'",gerhardt_62CB5CC1_output (4),,15.512741350402148,8.757447681401308,1.74140182847192
"Peter began to curse and swear, “I don't know that man!” Right then a rooster crowed,","Ne Petro ɔɣɛ sɔ, “Lokã sɔ ɔnukuare nto loɣɛ! Ɣaa si ɔkpadzɛ̃ me kutsue si iiɖe gbaã iɖe sɔ loiɣe ɔrɛrɛ̃ gɔmɔ!” Ɔluwɛ̃ ne, kɔkɔ ɔɖi kanya.","Peter said, “Let us go up to the housetop to pray! It is almost evening, and the day is almost done.” And they went up.",gerhardt_62CB5CC1_output (4),,20.824784314690746,8.757447681401308,1.74140182847192
"After King Herod died, an angel from the Lord appeared in a dream to Joseph while he was still in Egypt.","Gɔ Herodes ɔkpi ne, Ɣaa kpabo ɔwɛ̃ ɔɖi so ɔte Yosef i kurɛ ame i Egipte.","When Herod died, behold, an angel of the Lord appeared to Joseph in a dream, saying, ""Rise, take the young child and his mother, and flee to Egypt, and remain there until I tell you; for Herod will seek the young child to destroy him.""",Dec 04 output,,45.87013982387866,8.757447681401308,1.74140182847192
Why worry about clothes? Look how the wild flowers grow. They don't work hard to make their clothes.,“Be ɔso mito mimararã so i nnɛ miapia iso? Minyɔ ipo ame adziri kumɛgɔ asɛ amɔ. Aisɛ ata ɖɔti ɣee awe sikati.,Do you know what I am saying? I am not saying anything bad. It is just that I am tired and I want to sleep.,Dec 04 output,,10.86296405132726,8.757447681401308,1.74140182847192
"You are a bunch of evil snakes, so how can you say anything good? Your words show what is in your hearts.",Mi ma lonyanyarĩ lɛ maɣɛ! Nda miabara fiɛ miawo ara sɛɛ ɔɣɛ gɔ miɖe maturi lalaa? Alasɔ nnɛ loyi ɔturi ɔtu ame i kanya sɛ kaɣɛ.,"My mother, I am tired! I have not eaten anything today, is it not time to eat? Alas, today is Thursday, the 24th, and I am hungry.",Dec 04 output,,19.502842333510827,8.757447681401308,1.74140182847192
"Someone may say, “Here is the Messiah!” or “There he is!” But don't believe it.","Ne ɔso si ɔrere ɔba ɔ̃aɣere mi sɔ, ‘Nyɔ, ɔɔnya Kristo i ngbe,’ ɣee ɔrere ɔɣere mi sɔ, ‘Ɔpia i mmɔ’ ne, midaafɔ miɖe.","And the man said to him, 'Lord, have mercy on me,' and the man said to him, 'Your sins are forgiven,' and immediately he was healed.",Dec 04 output,,16.184641771095997,8.757447681401308,1.74140182847192
"Peter began to curse and swear, “I don't know that man!” Right then a rooster crowed,","Ne Petro ɔɣɛ sɔ, “Lokã sɔ ɔnukuare nto loɣɛ! Ɣaa si ɔkpadzɛ̃ me kutsue si iiɖe gbaã iɖe sɔ loiɣe ɔrɛrɛ̃ gɔmɔ!” Ɔluwɛ̃ ne, kɔkɔ ɔɖi kanya.","Peter said, ""Let us go up to the housetop to pray! It is almost evening, and the day is almost done."" And they went up.",Dec 04 output,,20.155114126582195,8.757447681401308,1.74140182847192
"After King Herod died, an angel from the Lord appeared in a dream to Joseph while he was still in Egypt.","Gɔ Herodes ɔkpi ne, Ɣaa kpabo ɔwɛ̃ ɔɖi so ɔte Yosef i kurɛ ame i Egipte.","When Herod heard this, he was afraid, and he sent and had all the children in Bethlehem and in all its district killed, from two years old and under, according to the time which he had ascertained from the wise men.",gerhardt_676E558A_output (6),,27.503964972020555,8.757447681401308,1.74140182847192
Why worry about clothes? Look how the wild flowers grow. They don't work hard to make their clothes.,“Be ɔso mito mimararã so i nnɛ miapia iso? Minyɔ ipo ame adziri kumɛgɔ asɛ amɔ. Aisɛ ata ɖɔti ɣee awe sikati.,"Are you saying that you will not come to see me again? I have done nothing wrong to you.  If you are angry, let us talk about it.",gerhardt_676E558A_output (6),,17.99828768009741,8.757447681401308,1.74140182847192
"You are a bunch of evil snakes, so how can you say anything good? Your words show what is in your hearts.",Mi ma lonyanyarĩ lɛ maɣɛ! Nda miabara fiɛ miawo ara sɛɛ ɔɣɛ gɔ miɖe maturi lalaa? Alasɔ nnɛ loyi ɔturi ɔtu ame i kanya sɛ kaɣɛ.,"My mother, I am very hungry!  I have not eaten anything since yesterday.  Alas, today is Thursday, and I have no food to eat.",gerhardt_676E558A_output (6),,21.225932603928975,8.757447681401308,1.74140182847192
"Someone may say, “Here is the Messiah!” or “There he is!” But don't believe it.","Ne ɔso si ɔrere ɔba ɔ̃aɣere mi sɔ, ‘Nyɔ, ɔɔnya Kristo i ngbe,’ ɣee ɔrere ɔɣere mi sɔ, ‘Ɔpia i mmɔ’ ne, midaafɔ miɖe.","And he said to them, “Truly, I tell you, unless you are converted and become like little children, you will never enter the kingdom of heaven. Whoever humbles himself like this child is the greatest in the kingdom of heaven.",gerhardt_676E558A_output (6),,17.9086006629444,8.757447681401308,1.74140182847192
"Peter began to curse and swear, “I don't know that man!” Right then a rooster crowed,","Ne Petro ɔɣɛ sɔ, “Lokã sɔ ɔnukuare nto loɣɛ! Ɣaa si ɔkpadzɛ̃ me kutsue si iiɖe gbaã iɖe sɔ loiɣe ɔrɛrɛ̃ gɔmɔ!” Ɔluwɛ̃ ne, kɔkɔ ɔɖi kanya.","Peter said, ""You are the salt of the earth, but if salt loses its flavor, with what can it be seasoned? It is no longer good for anything except to be thrown out and trampled underfoot.",gerhardt_676E558A_output (6),,21.068372513884356,8.757447681401308,1.74140182847192
"After King Herod died, an angel from the Lord appeared in a dream to Joseph while he was still in Egypt.","Gɔ Herodes ɔkpi ne, Ɣaa kpabo ɔwɛ̃ ɔɖi so ɔte Yosef i kurɛ ame i Egipte.","When Herod the king heard this, he was afraid, and he sent and had all the children in Bethlehem and in all its districts killed, from two years old and under, according to the time which he had ascertained from the wise men.",gerhardt_107423D8_output (9),,27.398553473575056,8.757447681401308,1.74140182847192
Why worry about clothes? Look how the wild flowers grow. They don't work hard to make their clothes.,“Be ɔso mito mimararã so i nnɛ miapia iso? Minyɔ ipo ame adziri kumɛgɔ asɛ amɔ. Aisɛ ata ɖɔti ɣee awe sikati.,Are you saying that you are not going to help me? I will not allow you to do that. You should know that I am not afraid of you.,gerhardt_107423D8_output (9),,17.09688367439411,8.757447681401308,1.74140182847192
"You are a bunch of evil snakes, so how can you say anything good? Your words show what is in your hearts.",Mi ma lonyanyarĩ lɛ maɣɛ! Nda miabara fiɛ miawo ara sɛɛ ɔɣɛ gɔ miɖe maturi lalaa? Alasɔ nnɛ loyi ɔturi ɔtu ame i kanya sɛ kaɣɛ.,"My mother, I am very tired! I have not eaten anything since yesterday. I am very hungry. Alas, today is Thursday, the 24th, and I have no food.",gerhardt_107423D8_output (9),,20.653953619408448,8.757447681401308,1.74140182847192
"Someone may say, “Here is the Messiah!” or “There he is!” But don't believe it.","Ne ɔso si ɔrere ɔba ɔ̃aɣere mi sɔ, ‘Nyɔ, ɔɔnya Kristo i ngbe,’ ɣee ɔrere ɔɣere mi sɔ, ‘Ɔpia i mmɔ’ ne, midaafɔ miɖe.","Then the other man said to him, ‘Lord, remember me when you come into your kingdom,’ and he said, ‘Truly I tell you, today you will be with me in paradise.’",gerhardt_107423D8_output (9),,17.146306191615686,8.757447681401308,1.74140182847192
"Peter began to curse and swear, “I don't know that man!” Right then a rooster crowed,","Ne Petro ɔɣɛ sɔ, “Lokã sɔ ɔnukuare nto loɣɛ! Ɣaa si ɔkpadzɛ̃ me kutsue si iiɖe gbaã iɖe sɔ loiɣe ɔrɛrɛ̃ gɔmɔ!” Ɔluwɛ̃ ne, kɔkɔ ɔɖi kanya.","Then Peter said, ""Let us go up to Jerusalem! For the Lord said, 'You will receive power when the Holy Spirit comes on you; and you will be my witnesses in Jerusalem, and in all Judea and Samaria, and to the ends of the earth.' "" And with that, they all set out together.",gerhardt_107423D8_output (9),,19.06413090009678,8.757447681401308,1.74140182847192
"After King Herod died, an angel from the Lord appeared in a dream to Joseph while he was still in Egypt.","Gɔ Herodes ɔkpi ne, Ɣaa kpabo ɔwɛ̃ ɔɖi so ɔte Yosef i kurɛ ame i Egipte.","When Herod heard this, he was disturbed and sent to kill all the male children in Bethlehem and its vicinity who were two years old and under, based on the time he had learned from the wise men.",gerhardt_E4F773B6_output (3),,25.083617692082115,8.757447681401308,1.74140182847192
Why worry about clothes? Look how the wild flowers grow. They don't work hard to make their clothes.,“Be ɔso mito mimararã so i nnɛ miapia iso? Minyɔ ipo ame adziri kumɛgɔ asɛ amɔ. Aisɛ ata ɖɔti ɣee awe sikati.,Do you know where I went to? I went to the market to buy something. I bought a cloth and a piece of meat.,gerhardt_E4F773B6_output (3),,18.64543319064631,8.757447681401308,1.74140182847192
"You are a bunch of evil snakes, so how can you say anything good? Your words show what is in your hearts.",Mi ma lonyanyarĩ lɛ maɣɛ! Nda miabara fiɛ miawo ara sɛɛ ɔɣɛ gɔ miɖe maturi lalaa? Alasɔ nnɛ loyi ɔturi ɔtu ame i kanya sɛ kaɣɛ.,"My mother, I am tired! I have not eaten anything today, I am very hungry. Alas, today is Thursday, the 24th, and I have nothing to eat.",gerhardt_E4F773B6_output (3),,18.902767385325344,8.757447681401308,1.74140182847192
"Someone may say, “Here is the Messiah!” or “There he is!” But don't believe it.","Ne ɔso si ɔrere ɔba ɔ̃aɣere mi sɔ, ‘Nyɔ, ɔɔnya Kristo i ngbe,’ ɣee ɔrere ɔɣere mi sɔ, ‘Ɔpia i mmɔ’ ne, midaafɔ miɖe.","Then he said to them, “My son, I am telling you, if you believe in Christ, you will be healed.” Then the man said to him, “I believe,” and he was healed.",gerhardt_E4F773B6_output (3),,22.51856690435556,8.757447681401308,1.74140182847192
"Peter began to curse and swear, “I don't know that man!” Right then a rooster crowed,","Ne Petro ɔɣɛ sɔ, “Lokã sɔ ɔnukuare nto loɣɛ! Ɣaa si ɔkpadzɛ̃ me kutsue si iiɖe gbaã iɖe sɔ loiɣe ɔrɛrɛ̃ gɔmɔ!” Ɔluwɛ̃ ne, kɔkɔ ɔɖi kanya.","Peter said, ""Let us go up to the housetop to pray! It is almost evening, and the day is almost done!"" And they went up.",gerhardt_E4F773B6_output (3),,20.155114126582195,8.757447681401308,1.74140182847192
"After King Herod died, an angel from the Lord appeared in a dream to Joseph while he was still in Egypt.","Gɔ Herodes ɔkpi ne, Ɣaa kpabo ɔwɛ̃ ɔɖi so ɔte Yosef i kurɛ ame i Egipte.","When Herod died, behold, an angel of the Lord appeared to Joseph in a dream, saying, ""Get up, take the young child and his mother, and flee to Egypt, and remain there until I tell you; for Herod will seek the young child to destroy him.""",john_B0DBB2CB_output (4),,45.781711547592664,8.757447681401308,1.74140182847192
Why worry about clothes? Look how the wild flowers grow. They don't work hard to make their clothes.,“Be ɔso mito mimararã so i nnɛ miapia iso? Minyɔ ipo ame adziri kumɛgɔ asɛ amɔ. Aisɛ ata ɖɔti ɣee awe sikati.,Have you ever seen something like this before? I have never seen anything like this. This thing is very strange.,john_B0DBB2CB_output (4),,14.771639510079446,8.757447681401308,1.74140182847192
"You are a bunch of evil snakes, so how can you say anything good? Your words show what is in your hearts.",Mi ma lonyanyarĩ lɛ maɣɛ! Nda miabara fiɛ miawo ara sɛɛ ɔɣɛ gɔ miɖe maturi lalaa? Alasɔ nnɛ loyi ɔturi ɔtu ame i kanya sɛ kaɣɛ.,"My mother, I am very happy! I have never seen such a beautiful thing before. Alas, today is the day I will be married.",john_B0DBB2CB_output (4),,16.128201606135665,8.757447681401308,1.74140182847192
"Someone may say, “Here is the Messiah!” or “There he is!” But don't believe it.","Ne ɔso si ɔrere ɔba ɔ̃aɣere mi sɔ, ‘Nyɔ, ɔɔnya Kristo i ngbe,’ ɣee ɔrere ɔɣere mi sɔ, ‘Ɔpia i mmɔ’ ne, midaafɔ miɖe.","And he said to them, “Truly, I say to you, unless you are converted and become like little children, you will never enter the kingdom of heaven. Whoever humbles himself like this child is the greatest in the kingdom of heaven.",john_B0DBB2CB_output (4),,18.2482858897936,8.757447681401308,1.74140182847192
"Peter began to curse and swear, “I don't know that man!” Right then a rooster crowed,","Ne Petro ɔɣɛ sɔ, “Lokã sɔ ɔnukuare nto loɣɛ! Ɣaa si ɔkpadzɛ̃ me kutsue si iiɖe gbaã iɖe sɔ loiɣe ɔrɛrɛ̃ gɔmɔ!” Ɔluwɛ̃ ne, kɔkɔ ɔɖi kanya.","Peter said, ""You are the rock and on this rock I will build my church and the gates of hell shall not prevail against it!""",john_B0DBB2CB_output (4),,22.42453460679691,8.757447681401308,1.74140182847192
"After King Herod died, an angel from the Lord appeared in a dream to Joseph while he was still in Egypt.","Gɔ Herodes ɔkpi ne, Ɣaa kpabo ɔwɛ̃ ɔɖi so ɔte Yosef i kurɛ ame i Egipte.","When Herod died, behold, an angel of the Lord appeared to Joseph in a dream, saying, ""Rise, take the young child and his mother, and flee to Egypt, and stay there until I tell you; for Herod will seek the young child to destroy him.""",gerhardt_E32D1C1E_output_mzX2S5,,45.88776768345046,8.757447681401308,1.74140182847192
Why worry about clothes? Look how the wild flowers grow. They don't work hard to make their clothes.,“Be ɔso mito mimararã so i nnɛ miapia iso? Minyɔ ipo ame adziri kumɛgɔ asɛ amɔ. Aisɛ ata ɖɔti ɣee awe sikati.,Are you saying that you will not come again? I will not go anywhere. I will wait for you here.,gerhardt_E32D1C1E_output_mzX2S5,,14.378418893776225,8.757447681401308,1.74140182847192
"You are a bunch of evil snakes, so how can you say anything good? Your words show what is in your hearts.",Mi ma lonyanyarĩ lɛ maɣɛ! Nda miabara fiɛ miawo ara sɛɛ ɔɣɛ gɔ miɖe maturi lalaa? Alasɔ nnɛ loyi ɔturi ɔtu ame i kanya sɛ kaɣɛ.,"My mother, I am tired of this life!  I am tired of being poor.  I want to be rich.  Alas, today is the 28th of the month and I have nothing.",gerhardt_E32D1C1E_output_mzX2S5,,17.01458804022491,8.757447681401308,1.74140182847192
"Someone may say, “Here is the Messiah!” or “There he is!” But don't believe it.","Ne ɔso si ɔrere ɔba ɔ̃aɣere mi sɔ, ‘Nyɔ, ɔɔnya Kristo i ngbe,’ ɣee ɔrere ɔɣere mi sɔ, ‘Ɔpia i mmɔ’ ne, midaafɔ miɖe.","And he said to them, “Truly, I say to you, unless you are born again, you cannot see the kingdom of God.”",gerhardt_E32D1C1E_output_mzX2S5,,16.067310451264483,8.757447681401308,1.74140182847192
"Peter began to curse and swear, “I don't know that man!” Right then a rooster crowed,","Ne Petro ɔɣɛ sɔ, “Lokã sɔ ɔnukuare nto loɣɛ! Ɣaa si ɔkpadzɛ̃ me kutsue si iiɖe gbaã iɖe sɔ loiɣe ɔrɛrɛ̃ gɔmɔ!” Ɔluwɛ̃ ne, kɔkɔ ɔɖi kanya.","Peter said, ""Let us go up to the housetop to pray! It is almost evening and the day is almost done."" And they went up.",gerhardt_E32D1C1E_output_mzX2S5,,20.44138672549729,8.757447681401308,1.74140182847192
"After King Herod died, an angel from the Lord appeared in a dream to Joseph while he was still in Egypt.","Gɔ Herodes ɔkpi ne, Ɣaa kpabo ɔwɛ̃ ɔɖi so ɔte Yosef i kurɛ ame i Egipte.","When Herod heard this, he was afraid, and he went to Egypt with Joseph and the child Jesus.",gerhardt_145C11AE_output (2),,25.512508029872986,8.757447681401308,1.74140182847192
Why worry about clothes? Look how the wild flowers grow. They don't work hard to make their clothes.,“Be ɔso mito mimararã so i nnɛ miapia iso? Minyɔ ipo ame adziri kumɛgɔ asɛ amɔ. Aisɛ ata ɖɔti ɣee awe sikati.,Are you saying that you will not give me what I asked for? I will not accept that. I will go and tell someone else.,gerhardt_145C11AE_output (2),,15.014894353601022,8.757447681401308,1.74140182847192
"You are a bunch of evil snakes, so how can you say anything good? Your words show what is in your hearts.",Mi ma lonyanyarĩ lɛ maɣɛ! Nda miabara fiɛ miawo ara sɛɛ ɔɣɛ gɔ miɖe maturi lalaa? Alasɔ nnɛ loyi ɔturi ɔtu ame i kanya sɛ kaɣɛ.,"My mother, I am very happy! Because I have not seen you for a long time, how are you doing? Alas, today is the 28th of this month, and I will come to see you.",gerhardt_145C11AE_output (2),,20.38592723182258,8.757447681401308,1.74140182847192
"Someone may say, “Here is the Messiah!” or “There he is!” But don't believe it.","Ne ɔso si ɔrere ɔba ɔ̃aɣere mi sɔ, ‘Nyɔ, ɔɔnya Kristo i ngbe,’ ɣee ɔrere ɔɣere mi sɔ, ‘Ɔpia i mmɔ’ ne, midaafɔ miɖe.","And the man said to him, 'Lord, have mercy on me,' and the man said to him, 'Be healed,' and he was healed immediately.",gerhardt_145C11AE_output (2),,15.987941469965051,8.757447681401308,1.74140182847192
"Peter began to curse and swear, “I don't know that man!” Right then a rooster crowed,","Ne Petro ɔɣɛ sɔ, “Lokã sɔ ɔnukuare nto loɣɛ! Ɣaa si ɔkpadzɛ̃ me kutsue si iiɖe gbaã iɖe sɔ loiɣe ɔrɛrɛ̃ gɔmɔ!” Ɔluwɛ̃ ne, kɔkɔ ɔɖi kanya.","Peter said, ""Let us go up to the roof! There I will pray and wait for you. It is almost time for the evening meal!"" Then he went up.",gerhardt_145C11AE_output (2),,20.104315035725634,8.757447681401308,1.74140182847192
"After King Herod died, an angel from the Lord appeared in a dream to Joseph while he was still in Egypt.","Gɔ Herodes ɔkpi ne, Ɣaa kpabo ɔwɛ̃ ɔɖi so ɔte Yosef i kurɛ ame i Egipte.","When Herod heard this, he was afraid, and he went to Joseph in a dream and said, ""Get up, take the child and his mother, and flee to Egypt, and stay there until I tell you. For Herod will search for the child to destroy him.""",gerhardt_087BEB88_output_loRIsq,,31.056890854968422,8.757447681401308,1.74140182847192
Why worry about clothes? Look how the wild flowers grow. They don't work hard to make their clothes.,“Be ɔso mito mimararã so i nnɛ miapia iso? Minyɔ ipo ame adziri kumɛgɔ asɛ amɔ. Aisɛ ata ɖɔti ɣee awe sikati.,Have you ever seen something like this before? I have never seen anything like this. It is very strange and unusual.,gerhardt_087BEB88_output_loRIsq,,13.87955776380716,8.757447681401308,1.74140182847192
"You are a bunch of evil snakes, so how can you say anything good? Your words show what is in your hearts.",Mi ma lonyanyarĩ lɛ maɣɛ! Nda miabara fiɛ miawo ara sɛɛ ɔɣɛ gɔ miɖe maturi lalaa? Alasɔ nnɛ loyi ɔturi ɔtu ame i kanya sɛ kaɣɛ.,"My mother, I am tired of this life! I have not eaten anything good for a long time. Alas, today is the day I will die.",gerhardt_087BEB88_output_loRIsq,,22.86014007072587,8.757447681401308,1.74140182847192
"Someone may say, “Here is the Messiah!” or “There he is!” But don't believe it.","Ne ɔso si ɔrere ɔba ɔ̃aɣere mi sɔ, ‘Nyɔ, ɔɔnya Kristo i ngbe,’ ɣee ɔrere ɔɣere mi sɔ, ‘Ɔpia i mmɔ’ ne, midaafɔ miɖe.","And he said to them, “You are wrong, for you do not know what you are saying. You say, ‘Christ is the Son of God,’ but you do not know what you are saying. You do not know where you are going.",gerhardt_087BEB88_output_loRIsq,,17.373643195775376,8.757447681401308,1.74140182847192
"Peter began to curse and swear, “I don't know that man!” Right then a rooster crowed,","Ne Petro ɔɣɛ sɔ, “Lokã sɔ ɔnukuare nto loɣɛ! Ɣaa si ɔkpadzɛ̃ me kutsue si iiɖe gbaã iɖe sɔ loiɣe ɔrɛrɛ̃ gɔmɔ!” Ɔluwɛ̃ ne, kɔkɔ ɔɖi kanya.","Peter said, “Let us go up to the upper room! There we will wait for the promise of the Father, which you heard from me. For John baptized with water, but in a few days you will be baptized with the Holy Spirit.” And with that, they went up to the upper room.",gerhardt_087BEB88_output_loRIsq,,18.287293951415226,8.757447681401308,1.74140182847192
"After King Herod died, an angel from the Lord appeared in a dream to Joseph while he was still in Egypt.","Gɔ Herodes ɔkpi ne, Ɣaa kpabo ɔwɛ̃ ɔɖi so ɔte Yosef i kurɛ ame i Egipte.","When Herod the king heard this, he was troubled, and he called for the wise men secretly and inquired of them the time when the star had appeared.",john_C904F397_output (2),,29.84622804763699,8.757447681401308,1.74140182847192
Why worry about clothes? Look how the wild flowers grow. They don't work hard to make their clothes.,“Be ɔso mito mimararã so i nnɛ miapia iso? Minyɔ ipo ame adziri kumɛgɔ asɛ amɔ. Aisɛ ata ɖɔti ɣee awe sikati.,"Are you saying that you are not going to help me? I will not allow you to do that.  If you do not want to help me, then go away.",john_C904F397_output (2),,16.93603418946072,8.757447681401308,1.74140182847192
"You are a bunch of evil snakes, so how can you say anything good? Your words show what is in your hearts.",Mi ma lonyanyarĩ lɛ maɣɛ! Nda miabara fiɛ miawo ara sɛɛ ɔɣɛ gɔ miɖe maturi lalaa? Alasɔ nnɛ loyi ɔturi ɔtu ame i kanya sɛ kaɣɛ.,"My mother, I am very hungry! When will you bring me food? I am very tired today, I have been working since morning.",john_C904F397_output (2),,16.9827274383202,8.757447681401308,1.74140182847192
"Someone may say, “Here is the Messiah!” or “There he is!” But don't believe it.","Ne ɔso si ɔrere ɔba ɔ̃aɣere mi sɔ, ‘Nyɔ, ɔɔnya Kristo i ngbe,’ ɣee ɔrere ɔɣere mi sɔ, ‘Ɔpia i mmɔ’ ne, midaafɔ miɖe.","And he said to them, “My God, my God, why have you forsaken me?” And at the ninth hour Jesus cried out with a loud voice, “Eli, Eli, lema sabachthani?” which means, “My God, my God, why have you forsaken me?”",john_C904F397_output (2),,14.846031456441047,8.757447681401308,1.74140182847192
"Peter began to curse and swear, “I don't know that man!” Right then a rooster crowed,","Ne Petro ɔɣɛ sɔ, “Lokã sɔ ɔnukuare nto loɣɛ! Ɣaa si ɔkpadzɛ̃ me kutsue si iiɖe gbaã iɖe sɔ loiɣe ɔrɛrɛ̃ gɔmɔ!” Ɔluwɛ̃ ne, kɔkɔ ɔɖi kanya.","Peter said, “Let us go up to the roof! I want to pray there.” And he went up there alone.",john_C904F397_output (2),,20.153683206513684,8.757447681401308,1.74140182847192
"After King Herod died, an angel from the Lord appeared in a dream to Joseph while he was still in Egypt.","Gɔ Herodes ɔkpi ne, Ɣaa kpabo ɔwɛ̃ ɔɖi so ɔte Yosef i kurɛ ame i Egipte.","When Herod heard this, he was afraid, and he went to Egypt with Joseph and his mother Mary.",onesimus_E33AE420_Dec 11 output,,25.710678835996394,8.757447681401308,1.74140182847192
Why worry about clothes? Look how the wild flowers grow. They don't work hard to make their clothes.,“Be ɔso mito mimararã so i nnɛ miapia iso? Minyɔ ipo ame adziri kumɛgɔ asɛ amɔ. Aisɛ ata ɖɔti ɣee awe sikati.,"Are you saying that you don't know me? I know you very well. You are a liar, you are not truthful. You are a thief, you steal things.",onesimus_E33AE420_Dec 11 output,,17.77614685130683,8.757447681401308,1.74140182847192
"You are a bunch of evil snakes, so how can you say anything good? Your words show what is in your hearts.",Mi ma lonyanyarĩ lɛ maɣɛ! Nda miabara fiɛ miawo ara sɛɛ ɔɣɛ gɔ miɖe maturi lalaa? Alasɔ nnɛ loyi ɔturi ɔtu ame i kanya sɛ kaɣɛ.,"My mother, I am very happy! I have never seen such a beautiful thing before. Alas, today is the day I will be married.",onesimus_E33AE420_Dec 11 output,,16.128201606135665,8.757447681401308,1.74140182847192
"Someone may say, “Here is the Messiah!” or “There he is!” But don't believe it.","Ne ɔso si ɔrere ɔba ɔ̃aɣere mi sɔ, ‘Nyɔ, ɔɔnya Kristo i ngbe,’ ɣee ɔrere ɔɣere mi sɔ, ‘Ɔpia i mmɔ’ ne, midaafɔ miɖe.","Then the other man said to him, “Lord, remember me when you come into your kingdom,” and he said to him, “Truly I tell you, today you will be with me in paradise.”",onesimus_E33AE420_Dec 11 output,,18.210181900831234,8.757447681401308,1.74140182847192
"Peter began to curse and swear, “I don't know that man!” Right then a rooster crowed,","Ne Petro ɔɣɛ sɔ, “Lokã sɔ ɔnukuare nto loɣɛ! Ɣaa si ɔkpadzɛ̃ me kutsue si iiɖe gbaã iɖe sɔ loiɣe ɔrɛrɛ̃ gɔmɔ!” Ɔluwɛ̃ ne, kɔkɔ ɔɖi kanya.","Then Peter said, ""Let us go up to Jerusalem! There is a feast of unleavened bread that we must keep."" And he arose and went away.",onesimus_E33AE420_Dec 11 output,,22.56161562804812,8.757447681401308,1.74140182847192
"After King Herod died, an angel from the Lord appeared in a dream to Joseph while he was still in Egypt.","Gɔ Herodes ɔkpi ne, Ɣaa kpabo ɔwɛ̃ ɔɖi so ɔte Yosef i kurɛ ame i Egipte.","When Herod heard this, he was afraid, and he went to Joseph in a dream and said, ""Take the child and his mother and flee to Egypt, and stay there until I tell you. For Herod will search for the child to destroy him.""",onesimus_48E85B7F_Dec 09 output,,31.325556933616983,8.757447681401308,1.74140182847192
Why worry about clothes? Look how the wild flowers grow. They don't work hard to make their clothes.,“Be ɔso mito mimararã so i nnɛ miapia iso? Minyɔ ipo ame adziri kumɛgɔ asɛ amɔ. Aisɛ ata ɖɔti ɣee awe sikati.,Are you not ashamed of yourself? I will not allow you to do that. This is not the way to behave.,onesimus_48E85B7F_Dec 09 output,,17.861476216534733,8.757447681401308,1.74140182847192
"You are a bunch of evil snakes, so how can you say anything good? Your words show what is in your hearts.",Mi ma lonyanyarĩ lɛ maɣɛ! Nda miabara fiɛ miawo ara sɛɛ ɔɣɛ gɔ miɖe maturi lalaa? Alasɔ nnɛ loyi ɔturi ɔtu ame i kanya sɛ kaɣɛ.,"My mother, I am so happy! I have never seen such a beautiful thing before. Alas, today is the day I will be leaving. I will be going to the village to see my family.",onesimus_48E85B7F_Dec 09 output,,17.939970998514383,8.757447681401308,1.74140182847192
"Someone may say, “Here is the Messiah!” or “There he is!” But don't believe it.","Ne ɔso si ɔrere ɔba ɔ̃aɣere mi sɔ, ‘Nyɔ, ɔɔnya Kristo i ngbe,’ ɣee ɔrere ɔɣere mi sɔ, ‘Ɔpia i mmɔ’ ne, midaafɔ miɖe.","And the one who was speaking said to him, “My son, believe in the Lord Jesus,” and the one who was speaking said to him, “He will heal you,” and immediately he got up.",onesimus_48E85B7F_Dec 09 output,,22.907122354157508,8.757447681401308,1.74140182847192
"Peter began to curse and swear, “I don't know that man!” Right then a rooster crowed,","Ne Petro ɔɣɛ sɔ, “Lokã sɔ ɔnukuare nto loɣɛ! Ɣaa si ɔkpadzɛ̃ me kutsue si iiɖe gbaã iɖe sɔ loiɣe ɔrɛrɛ̃ gɔmɔ!” Ɔluwɛ̃ ne, kɔkɔ ɔɖi kanya.","Peter said, ""Let us go up to the housetop to pray! It is almost evening, and the day is almost done."" And they went up.",onesimus_48E85B7F_Dec 09 output,,20.155114126582195,8.757447681401308,1.74140182847192
"After King Herod died, an angel from the Lord appeared in a dream to Joseph while he was still in Egypt.","Gɔ Herodes ɔkpi ne, Ɣaa kpabo ɔwɛ̃ ɔɖi so ɔte Yosef i kurɛ ame i Egipte.","When Herod heard this, he was afraid, and he went to Egypt with Joseph and his mother Mary.",Dec 01 output,,25.710678835996394,8.757447681401308,1.74140182847192
Why worry about clothes? Look how the wild flowers grow. They don't work hard to make their clothes.,“Be ɔso mito mimararã so i nnɛ miapia iso? Minyɔ ipo ame adziri kumɛgɔ asɛ amɔ. Aisɛ ata ɖɔti ɣee awe sikati.,Are you saying that I should not eat? I will not eat anything today. I am very hungry.,Dec 01 output,,12.92913178659637,8.757447681401308,1.74140182847192
"You are a bunch of evil snakes, so how can you say anything good? Your words show what is in your hearts.",Mi ma lonyanyarĩ lɛ maɣɛ! Nda miabara fiɛ miawo ara sɛɛ ɔɣɛ gɔ miɖe maturi lalaa? Alasɔ nnɛ loyi ɔturi ɔtu ame i kanya sɛ kaɣɛ.,"My mother, I am very happy! I have been waiting for this day for a long time.  Today is a special day, it is the 28th of the month, and I am very excited.",Dec 01 output,,15.216947112100693,8.757447681401308,1.74140182847192
"Someone may say, “Here is the Messiah!” or “There he is!” But don't believe it.","Ne ɔso si ɔrere ɔba ɔ̃aɣere mi sɔ, ‘Nyɔ, ɔɔnya Kristo i ngbe,’ ɣee ɔrere ɔɣere mi sɔ, ‘Ɔpia i mmɔ’ ne, midaafɔ miɖe.","And the other said to him, 'Lord, have mercy on me, a sinner,' and the other said, 'God be merciful to me, a sinner,' and the tax collector went down to his house justified.",Dec 01 output,,16.53780769421318,8.757447681401308,1.74140182847192
"Peter began to curse and swear, “I don't know that man!” Right then a rooster crowed,","Ne Petro ɔɣɛ sɔ, “Lokã sɔ ɔnukuare nto loɣɛ! Ɣaa si ɔkpadzɛ̃ me kutsue si iiɖe gbaã iɖe sɔ loiɣe ɔrɛrɛ̃ gɔmɔ!” Ɔluwɛ̃ ne, kɔkɔ ɔɖi kanya.","Then Peter spoke, “Let us go up to the housetop to pray at the ninth hour! And we will go up there and pray.” And they went up to the rooftop.",Dec 01 output,,21.43978695365761,8.757447681401308,1.74140182847192
"After King Herod died, an angel from the Lord appeared in a dream to Joseph while he was still in Egypt.","Gɔ Herodes ɔkpi ne, Ɣaa kpabo ɔwɛ̃ ɔɖi so ɔte Yosef i kurɛ ame i Egipte.","When Herod heard this, he was afraid, and he went to Egypt with Joseph and his young son.",gerhardt_80805CFE_output_7z6RFo,,25.220387648544378,8.757447681401308,1.74140182847192
Why worry about clothes? Look how the wild flowers grow. They don't work hard to make their clothes.,“Be ɔso mito mimararã so i nnɛ miapia iso? Minyɔ ipo ame adziri kumɛgɔ asɛ amɔ. Aisɛ ata ɖɔti ɣee awe sikati.,"Do you know what I am saying? I am saying that you should not be afraid. Do not be afraid, for I am with you.",gerhardt_80805CFE_output_7z6RFo,,13.220976644905177,8.757447681401308,1.74140182847192
"You are a bunch of evil snakes, so how can you say anything good? Your words show what is in your hearts.",Mi ma lonyanyarĩ lɛ maɣɛ! Nda miabara fiɛ miawo ara sɛɛ ɔɣɛ gɔ miɖe maturi lalaa? Alasɔ nnɛ loyi ɔturi ɔtu ame i kanya sɛ kaɣɛ.,"My mother, I am tired! I have not eaten anything today, and I am very hungry. Alas, today is Thursday, and I will not eat until tomorrow.",gerhardt_80805CFE_output_7z6RFo,,19.94017375498852,8.757447681401308,1.74140182847192
"Someone may say, “Here is the Messiah!” or “There he is!” But don't believe it.","Ne ɔso si ɔrere ɔba ɔ̃aɣere mi sɔ, ‘Nyɔ, ɔɔnya Kristo i ngbe,’ ɣee ɔrere ɔɣere mi sɔ, ‘Ɔpia i mmɔ’ ne, midaafɔ miɖe.","And he said to them, 'Son, I tell you, this is my beloved Son, in whom I am well pleased.' And immediately the spirit of the man left him.",gerhardt_80805CFE_output_7z6RFo,,17.42594807715001,8.757447681401308,1.74140182847192
"Peter began to curse and swear, “I don't know that man!” Right then a rooster crowed,","Ne Petro ɔɣɛ sɔ, “Lokã sɔ ɔnukuare nto loɣɛ! Ɣaa si ɔkpadzɛ̃ me kutsue si iiɖe gbaã iɖe sɔ loiɣe ɔrɛrɛ̃ gɔmɔ!” Ɔluwɛ̃ ne, kɔkɔ ɔɖi kanya.","Peter said, “Let us go up to the roof! I will pray there for you, and I will ask God to send you the Holy Spirit!” And he went up.",gerhardt_80805CFE_output_7z6RFo,,19.814498555200924,8.757447681401308,1.74140182847192
"After King Herod died, an angel from the Lord appeared in a dream to Joseph while he was still in Egypt.","Gɔ Herodes ɔkpi ne, Ɣaa kpabo ɔwɛ̃ ɔɖi so ɔte Yosef i kurɛ ame i Egipte.",,output_JA-3,,,8.757447681401308,1.74140182847192
Why worry about clothes? Look how the wild flowers grow. They don't work hard to make their clothes.,“Be ɔso mito mimararã so i nnɛ miapia iso? Minyɔ ipo ame adziri kumɛgɔ asɛ amɔ. Aisɛ ata ɖɔti ɣee awe sikati.,,output_JA-3,,,8.757447681401308,1.74140182847192
"You are a bunch of evil snakes, so how can you say anything good? Your words show what is in your hearts.",Mi ma lonyanyarĩ lɛ maɣɛ! Nda miabara fiɛ miawo ara sɛɛ ɔɣɛ gɔ miɖe maturi lalaa? Alasɔ nnɛ loyi ɔturi ɔtu ame i kanya sɛ kaɣɛ.,,output_JA-3,,,8.757447681401308,1.74140182847192
"Someone may say, “Here is the Messiah!” or “There he is!” But don't believe it.","Ne ɔso si ɔrere ɔba ɔ̃aɣere mi sɔ, ‘Nyɔ, ɔɔnya Kristo i ngbe,’ ɣee ɔrere ɔɣere mi sɔ, ‘Ɔpia i mmɔ’ ne, midaafɔ miɖe.",,output_JA-3,,,8.757447681401308,1.74140182847192
"Peter began to curse and swear, “I don't know that man!” Right then a rooster crowed,","Ne Petro ɔɣɛ sɔ, “Lokã sɔ ɔnukuare nto loɣɛ! Ɣaa si ɔkpadzɛ̃ me kutsue si iiɖe gbaã iɖe sɔ loiɣe ɔrɛrɛ̃ gɔmɔ!” Ɔluwɛ̃ ne, kɔkɔ ɔɖi kanya.",,output_JA-3,,,8.757447681401308,1.74140182847192
"After King Herod died, an angel from the Lord appeared in a dream to Joseph while he was still in Egypt.","Gɔ Herodes ɔkpi ne, Ɣaa kpabo ɔwɛ̃ ɔɖi so ɔte Yosef i kurɛ ame i Egipte.","When Herod saw this, he was afraid, and he sent and took the young child to Egypt.",Dec 06 output,,22.64885354427901,8.757447681401308,1.74140182847192
Why worry about clothes? Look how the wild flowers grow. They don't work hard to make their clothes.,“Be ɔso mito mimararã so i nnɛ miapia iso? Minyɔ ipo ame adziri kumɛgɔ asɛ amɔ. Aisɛ ata ɖɔti ɣee awe sikati.,Are you saying that you are not going to help me? I have done nothing wrong. You are just being stubborn. You are not listening to me.,Dec 06 output,,15.01234912150991,8.757447681401308,1.74140182847192
"You are a bunch of evil snakes, so how can you say anything good? Your words show what is in your hearts.",Mi ma lonyanyarĩ lɛ maɣɛ! Nda miabara fiɛ miawo ara sɛɛ ɔɣɛ gɔ miɖe maturi lalaa? Alasɔ nnɛ loyi ɔturi ɔtu ame i kanya sɛ kaɣɛ.,"My mother, I am tired. I have not eaten anything today, so I am hungry. Alas, today is Thursday, the 24th, and I am very hungry.",Dec 06 output,,19.357875420707575,8.757447681401308,1.74140182847192
"Someone may say, “Here is the Messiah!” or “There he is!” But don't believe it.","Ne ɔso si ɔrere ɔba ɔ̃aɣere mi sɔ, ‘Nyɔ, ɔɔnya Kristo i ngbe,’ ɣee ɔrere ɔɣere mi sɔ, ‘Ɔpia i mmɔ’ ne, midaafɔ miɖe.","And the woman said to him, “My lord, when did I see you hungry and feed you, or thirsty and give you drink? When did I see you a stranger and welcome you, or naked and clothe you? When did I see you sick or in prison and visit you?”",Dec 06 output,,14.157934535342676,8.757447681401308,1.74140182847192
"Peter began to curse and swear, “I don't know that man!” Right then a rooster crowed,","Ne Petro ɔɣɛ sɔ, “Lokã sɔ ɔnukuare nto loɣɛ! Ɣaa si ɔkpadzɛ̃ me kutsue si iiɖe gbaã iɖe sɔ loiɣe ɔrɛrɛ̃ gɔmɔ!” Ɔluwɛ̃ ne, kɔkɔ ɔɖi kanya.","Peter said, ""Let us go up to the housetop to pray! It is almost evening, and the day is almost done.""",Dec 06 output,,19.7824506742572,8.757447681401308,1.74140182847192
"After King Herod died, an angel from the Lord appeared in a dream to Joseph while he was still in Egypt.","Gɔ Herodes ɔkpi ne, Ɣaa kpabo ɔwɛ̃ ɔɖi so ɔte Yosef i kurɛ ame i Egipte.","When Herod heard this, he was afraid, and he went to Egypt with Joseph and his mother Mary.",onesimus_C6D92021_Dec 02 output,,25.710678835996394,8.757447681401308,1.74140182847192
Why worry about clothes? Look how the wild flowers grow. They don't work hard to make their clothes.,“Be ɔso mito mimararã so i nnɛ miapia iso? Minyɔ ipo ame adziri kumɛgɔ asɛ amɔ. Aisɛ ata ɖɔti ɣee awe sikati.,"Are you not ashamed of what you are doing? I will not allow you to continue like this. If you do not stop, I will punish you.",onesimus_C6D92021_Dec 02 output,,17.092344918671472,8.757447681401308,1.74140182847192
"You are a bunch of evil snakes, so how can you say anything good? Your words show what is in your hearts.",Mi ma lonyanyarĩ lɛ maɣɛ! Nda miabara fiɛ miawo ara sɛɛ ɔɣɛ gɔ miɖe maturi lalaa? Alasɔ nnɛ loyi ɔturi ɔtu ame i kanya sɛ kaɣɛ.,"My mother, I am going to the market.  I want to buy some food for us.  Alas, today is Thursday, the 24th, and the market is closed.",onesimus_C6D92021_Dec 02 output,,17.715149852298794,8.757447681401308,1.74140182847192
"Someone may say, “Here is the Messiah!” or “There he is!” But don't believe it.","Ne ɔso si ɔrere ɔba ɔ̃aɣere mi sɔ, ‘Nyɔ, ɔɔnya Kristo i ngbe,’ ɣee ɔrere ɔɣere mi sɔ, ‘Ɔpia i mmɔ’ ne, midaafɔ miɖe.","Then the people said to him, “Teacher, we know that you are a truthful man and that you teach the way of God in truth, for you do not care about anyone’s opinion.  We know that you are not swayed by people’s opinions.",onesimus_C6D92021_Dec 02 output,,15.625004125202665,8.757447681401308,1.74140182847192
"Peter began to curse and swear, “I don't know that man!” Right then a rooster crowed,","Ne Petro ɔɣɛ sɔ, “Lokã sɔ ɔnukuare nto loɣɛ! Ɣaa si ɔkpadzɛ̃ me kutsue si iiɖe gbaã iɖe sɔ loiɣe ɔrɛrɛ̃ gɔmɔ!” Ɔluwɛ̃ ne, kɔkɔ ɔɖi kanya.","[Peter said, “You are a disgrace to the people! You are a disgrace to the people! You are a disgrace to the people! You are a disgrace to the people! You are a disgrace to the people! You are a disgrace to the people! You are a disgrace to the people! You are a disgrace to the people! You are a disgrace to the people! You are a disgrace to the people! You are a disgrace to the people! You are a disgrace to the people! You are a disgrace to the people! You are a disgrace to the people! You are a disgrace to the people! You are a disgrace to the people! You are a disgrace to the people! You are a disgrace to the people! You are a disgrace to the people! You are a disgrace to the people! You are a disgrace to the people! You are a disgrace to the people! You are a disgrace to the people! You are a disgrace to the people! You are a disgrace to the people! You are a disgrace to the people! You are a disgrace to the people! You are a disgrace to the people! You are a disgrace to the people! You are a disgrace to the people! You are a disgrace to the people! You are a disgrace to the people! You are a disgrace to the people! You are a disgrace to the people! You are a disgrace to the people! You are a disgrace to the people! You are a disgrace to the people! You are a disgrace to the people! You are a disgrace to the people! You are a disgrace to the people! You are a disgrace to the people! You are a disgrace to the people! You are a disgrace to the people! You are a disgrace to the people! You are a disgrace to the people! You are a disgrace to the people! You are a disgrace to the people! You are a disgrace to the people! You are a disgrace to the people! You are a disgrace to the people! You are a disgrace to the people! You are a disgrace to the people! You are a disgrace to the people! You are a disgrace to the people! You are a disgrace to the people! You are a disgrace to the people! You are a disgrace to the people! You are a disgrace to the people! You are a disgrace to the people! You are a disgrace to the people! You are a disgrace to the people! You are a disgrace to the people! You are a disgrace to the people! You are a disgrace to the people! You are a disgrace to the people! You are a disgrace to the people! You are a disgrace to the people! You are a disgrace to the people! You are a disgrace to the people! You are a disgrace to the people! You are a disgrace to the people! You are a disgrace to the people! You are a disgrace to the people! You are a disgrace to the people! You are a disgrace to the people! You are a disgrace to the people! You are a disgrace to the people! You are a disgrace to the people! You are a disgrace to the people! You are a disgrace to the people! You are a disgrace to the people! You are a disgrace to the people! You are a disgrace to the people! You are a disgrace to the people! You are a disgrace to the people! You are a disgrace to the people! You are a disgrace to the people! You are a disgrace to the people! You are a disgrace to the people! You are a disgrace to the people! You are a disgrace to the people! You are a disgrace to the people! You are a disgrace to the people! You are a disgrace to the people! You are a disgrace to the people! You are a disgrace to the people! You are a disgrace to the people! You are a disgrace to the people! You are a disgrace to the people! You are a disgrace to the people! You are a disgrace to the people! You are a disgrace to the people! You are a disgrace to the people! You are a disgrace to the people! You are a disgrace to the people! You are a disgrace to the people! You are a disgrace to the people! You are a disgrace to the people! You are a disgrace to the people! You are a disgrace to the people! You are a disgrace to the people! You are a disgrace to the people! You are a disgrace to the people! You are a disgrace to the people! You are a disgrace to the people! You are a disgrace to the people! You are a disgrace to the people! You are a disgrace to the people! You are a disgrace to the people! You are a disgrace to the people! You are a disgrace to the people! You are a disgrace to the people! You are a disgrace to the people! You are a disgrace to the people! You are a disgrace to the people! You are a disgrace to the people! You are a disgrace to the people! You are a disgrace to the people! You are a disgrace to the people! You are a disgrace to the people! You are a disgrace to the people! You are a disgrace to the people! You are a disgrace to the people! You are a disgrace to the people! You are a disgrace to the people! You are a disgrace to the people! You are a disgrace to the people! You are a disgrace to the people! You are a disgrace to the people! You are a disgrace to the people! You are a disgrace to the people! You are a disgrace to the people! You are a disgrace to the people! You are a disgrace to the people! You are a disgrace to the people! You are a disgrace to the people! You are a disgrace to the people! You are a disgrace to the people! You are a disgrace to the people! You are a disgrace to the people! You are a disgrace to the people! You are a disgrace to the people! You are a disgrace to the people! You are a disgrace to the people! You are a disgrace to the people! You are a disgrace to the people! You are a disgrace to the people! You are a disgrace to the people! You are a disgrace to the people! You are a disgrace to the people! You are a disgrace to the people! You are a disgrace to the people! You are a disgrace to the people! You are a disgrace to the people! You are a disgrace to the people! You are a disgrace to the people! You are a disgrace to the people! You are a disgrace to the people! You are a disgrace to the people! You are a disgrace to the people! You are a disgrace to the people! You are a disgrace to the people! You are a disgrace to the people! You are a disgrace to the people! You are a disgrace to the people! You are a disgrace to the people! You are a disgrace to the people! You are a disgrace to the people! You are a disgrace to the people! You are a disgrace to the people! You are a disgrace to the people! You are a disgrace to the people! You are a disgrace to the people! You are a disgrace to the people! You are a disgrace to the people! You are a disgrace to the people! You are a disgrace to the people! You are a disgrace to the people! You are a disgrace to the people! You are a disgrace to the people! You are a disgrace to the people! You are a disgrace to the people! You are a disgrace to the people! You are a disgrace to the people! You are a disgrace to the people! You are a disgrace to the people! You are a disgrace to the people! You are a disgrace to the people! You are a disgrace to the people! You are a disgrace to the people! You are a disgrace to the people! You are a disgrace to the people! You are a disgrace to the people! You are a disgrace to the people! You are a disgrace to the people! You are a disgrace to the people! You are a disgrace to the people! You are a disgrace to the people! You are a disgrace to the people! You are a disgrace to the people! You are a disgrace to the people! You are a disgrace to the people! You are a disgrace to the people! You are a disgrace to the people! You are a disgrace to the people! You are a disgrace to the people! You are a disgrace to the people! You are a disgrace to the people! You are a disgrace to the people! You are a disgrace to the people! You are a disgrace to the people! You are a disgrace to the people! You are a disgrace to the people! You are a disgrace to the people! You are a disgrace to the people! You are a disgrace to the people! You are a disgrace to the people! You are a disgrace to the people! You are a disgrace to the people! You are a disgrace to the people! You are a disgrace to the people! You are a disgrace to the people! You are a disgrace to the people! You are a disgrace to the people! You are a disgrace to the people! You are a disgrace to the people! You are a disgrace to the people! You are a disgrace to the people! You are a disgrace to the people! You are a disgrace to the people! You are a disgrace to the people! You are a disgrace to the people! You are a disgrace to the people! You are a disgrace to the people! You are a disgrace to the people! You are a disgrace to the people! You are a disgrace to the people! You are a disgrace to the people! You are a disgrace to the people! You are a disgrace to the people! You are a disgrace to the people! You are a disgrace to the people! You are a",onesimus_C6D92021_Dec 02 output,,0.8801874550901003,8.757447681401308,1.74140182847192
"After King Herod died, an angel from the Lord appeared in a dream to Joseph while he was still in Egypt.","Gɔ Herodes ɔkpi ne, Ɣaa kpabo ɔwɛ̃ ɔɖi so ɔte Yosef i kurɛ ame i Egipte.","When Herod the king heard this, he was afraid, and he went to Egypt with Joseph and his mother and child.",Jan output 1 ,,27.225037288282376,8.757447681401308,1.74140182847192
Why worry about clothes? Look how the wild flowers grow. They don't work hard to make their clothes.,“Be ɔso mito mimararã so i nnɛ miapia iso? Minyɔ ipo ame adziri kumɛgɔ asɛ amɔ. Aisɛ ata ɖɔti ɣee awe sikati.,Are you saying that you will not help me? I will not go and beg anyone. I will not go and suffer. I will not go and be ashamed.,Jan output 1 ,,14.549145608982409,8.757447681401308,1.74140182847192
"You are a bunch of evil snakes, so how can you say anything good? Your words show what is in your hearts.",Mi ma lonyanyarĩ lɛ maɣɛ! Nda miabara fiɛ miawo ara sɛɛ ɔɣɛ gɔ miɖe maturi lalaa? Alasɔ nnɛ loyi ɔturi ɔtu ame i kanya sɛ kaɣɛ.,"My mother, I am very hungry! Can you please give me some food to eat? I am very hungry today, I have not eaten anything since yesterday.",Jan output 1 ,,22.088050579921042,8.757447681401308,1.74140182847192
"Someone may say, “Here is the Messiah!” or “There he is!” But don't believe it.","Ne ɔso si ɔrere ɔba ɔ̃aɣere mi sɔ, ‘Nyɔ, ɔɔnya Kristo i ngbe,’ ɣee ɔrere ɔɣere mi sɔ, ‘Ɔpia i mmɔ’ ne, midaafɔ miɖe.","And he said to them, “Truly, I say to you, unless you are born again, you cannot see the kingdom of God.”  He said to them again, “Truly, I say to you, unless one is born of water and the Spirit, he cannot enter the kingdom of God. What was born of flesh is flesh, and what was born of the Spirit is spirit.",Jan output 1 ,,15.477855907580363,8.757447681401308,1.74140182847192
"Peter began to curse and swear, “I don't know that man!” Right then a rooster crowed,","Ne Petro ɔɣɛ sɔ, “Lokã sɔ ɔnukuare nto loɣɛ! Ɣaa si ɔkpadzɛ̃ me kutsue si iiɖe gbaã iɖe sɔ loiɣe ɔrɛrɛ̃ gɔmɔ!” Ɔluwɛ̃ ne, kɔkɔ ɔɖi kanya.","Peter said, ""Let us go up to the roof! There I will pray and you will come with me."" And he went up to the roof.",Jan output 1 ,,18.52258171292499,8.757447681401308,1.74140182847192
"After King Herod died, an angel from the Lord appeared in a dream to Joseph while he was still in Egypt.","Gɔ Herodes ɔkpi ne, Ɣaa kpabo ɔwɛ̃ ɔɖi so ɔte Yosef i kurɛ ame i Egipte.","When Herod heard this, he was afraid, and he went to Egypt with Joseph and his mother Mary.",onesimus_5B146D14_Dec 05 output,,25.710678835996394,8.757447681401308,1.74140182847192
Why worry about clothes? Look how the wild flowers grow. They don't work hard to make their clothes.,“Be ɔso mito mimararã so i nnɛ miapia iso? Minyɔ ipo ame adziri kumɛgɔ asɛ amɔ. Aisɛ ata ɖɔti ɣee awe sikati.,"Are you not ashamed of yourself? I will not allow you to do this. I have warned you before, but you do not listen.",onesimus_5B146D14_Dec 05 output,,17.011100065191176,8.757447681401308,1.74140182847192
"You are a bunch of evil snakes, so how can you say anything good? Your words show what is in your hearts.",Mi ma lonyanyarĩ lɛ maɣɛ! Nda miabara fiɛ miawo ara sɛɛ ɔɣɛ gɔ miɖe maturi lalaa? Alasɔ nnɛ loyi ɔturi ɔtu ame i kanya sɛ kaɣɛ.,"My mother, I am very happy! Because I have not eaten anything since yesterday, I am very hungry. Alas, today is Thursday, and I will not eat until tomorrow.",onesimus_5B146D14_Dec 05 output,,21.55362547412248,8.757447681401308,1.74140182847192
"Someone may say, “Here is the Messiah!” or “There he is!” But don't believe it.","Ne ɔso si ɔrere ɔba ɔ̃aɣere mi sɔ, ‘Nyɔ, ɔɔnya Kristo i ngbe,’ ɣee ɔrere ɔɣere mi sɔ, ‘Ɔpia i mmɔ’ ne, midaafɔ miɖe.","Then the other said to him, “Lord, have mercy on me, a sinner,” and the other said, “God be merciful to me, a sinner,” and the tax collector went down to his house justified.",onesimus_5B146D14_Dec 05 output,,17.96163989966605,8.757447681401308,1.74140182847192
"Peter began to curse and swear, “I don't know that man!” Right then a rooster crowed,","Ne Petro ɔɣɛ sɔ, “Lokã sɔ ɔnukuare nto loɣɛ! Ɣaa si ɔkpadzɛ̃ me kutsue si iiɖe gbaã iɖe sɔ loiɣe ɔrɛrɛ̃ gɔmɔ!” Ɔluwɛ̃ ne, kɔkɔ ɔɖi kanya.","Peter said, ""Let us go up to the housetop to pray! It is almost evening, and the day is almost done."" And they went up.",onesimus_5B146D14_Dec 05 output,,20.155114126582195,8.757447681401308,1.74140182847192
"After King Herod died, an angel from the Lord appeared in a dream to Joseph while he was still in Egypt.","Gɔ Herodes ɔkpi ne, Ɣaa kpabo ɔwɛ̃ ɔɖi so ɔte Yosef i kurɛ ame i Egipte.","When Herod the king heard this, he was afraid, and he went to Egypt with Joseph and the young child.",gerhardt_428C0151_output_jQjr1f,,26.889712468934007,8.757447681401308,1.74140182847192
Why worry about clothes? Look how the wild flowers grow. They don't work hard to make their clothes.,“Be ɔso mito mimararã so i nnɛ miapia iso? Minyɔ ipo ame adziri kumɛgɔ asɛ amɔ. Aisɛ ata ɖɔti ɣee awe sikati.,"Are you saying that you will not give me anything? I will not accept this. You are a liar, you are not telling the truth.",gerhardt_428C0151_output_jQjr1f,,14.420439437979146,8.757447681401308,1.74140182847192
"You are a bunch of evil snakes, so how can you say anything good? Your words show what is in your hearts.",Mi ma lonyanyarĩ lɛ maɣɛ! Nda miabara fiɛ miawo ara sɛɛ ɔɣɛ gɔ miɖe maturi lalaa? Alasɔ nnɛ loyi ɔturi ɔtu ame i kanya sɛ kaɣɛ.,"My mother, I am very happy!  I have not seen you for a long time.  Alas, today is the day I will see you again.",gerhardt_428C0151_output_jQjr1f,,16.305355134837853,8.757447681401308,1.74140182847192
"Someone may say, “Here is the Messiah!” or “There he is!” But don't believe it.","Ne ɔso si ɔrere ɔba ɔ̃aɣere mi sɔ, ‘Nyɔ, ɔɔnya Kristo i ngbe,’ ɣee ɔrere ɔɣere mi sɔ, ‘Ɔpia i mmɔ’ ne, midaafɔ miɖe.","And the woman said to him, 'Lord, have mercy on me,' and the woman who had been healed said, 'My Lord, I am healed,' and she fell at his feet.",gerhardt_428C0151_output_jQjr1f,,15.696755069565626,8.757447681401308,1.74140182847192
"Peter began to curse and swear, “I don't know that man!” Right then a rooster crowed,","Ne Petro ɔɣɛ sɔ, “Lokã sɔ ɔnukuare nto loɣɛ! Ɣaa si ɔkpadzɛ̃ me kutsue si iiɖe gbaã iɖe sɔ loiɣe ɔrɛrɛ̃ gɔmɔ!” Ɔluwɛ̃ ne, kɔkɔ ɔɖi kanya.","Peter said, ""Let us go up to the roof! There I will pray and wait for you there."" And he went up.",gerhardt_428C0151_output_jQjr1f,,18.62765314443043,8.757447681401308,1.74140182847192
"After King Herod died, an angel from the Lord appeared in a dream to Joseph while he was still in Egypt.","Gɔ Herodes ɔkpi ne, Ɣaa kpabo ɔwɛ̃ ɔɖi so ɔte Yosef i kurɛ ame i Egipte.","When Herod heard this, he was afraid, and he went to Egypt with Joseph and the child Jesus.",gerhardt_E4DFEBFE_output_T8d1lo,,25.512508029872986,8.757447681401308,1.74140182847192
Why worry about clothes? Look how the wild flowers grow. They don't work hard to make their clothes.,“Be ɔso mito mimararã so i nnɛ miapia iso? Minyɔ ipo ame adziri kumɛgɔ asɛ amɔ. Aisɛ ata ɖɔti ɣee awe sikati.,"Are you saying that you will not come again? I will not go anywhere until you come. If you do not come, I will wait here.",gerhardt_E4DFEBFE_output_T8d1lo,,15.824129063893558,8.757447681401308,1.74140182847192
"You are a bunch of evil snakes, so how can you say anything good? Your words show what is in your hearts.",Mi ma lonyanyarĩ lɛ maɣɛ! Nda miabara fiɛ miawo ara sɛɛ ɔɣɛ gɔ miɖe maturi lalaa? Alasɔ nnɛ loyi ɔturi ɔtu ame i kanya sɛ kaɣɛ.,"My mother, I am tired! Is it not time for me to go and rest? Alas, today is Thursday, the 24th, and I have to work.",gerhardt_E4DFEBFE_output_T8d1lo,,15.304737289857616,8.757447681401308,1.74140182847192
"Someone may say, “Here is the Messiah!” or “There he is!” But don't believe it.","Ne ɔso si ɔrere ɔba ɔ̃aɣere mi sɔ, ‘Nyɔ, ɔɔnya Kristo i ngbe,’ ɣee ɔrere ɔɣere mi sɔ, ‘Ɔpia i mmɔ’ ne, midaafɔ miɖe.","And he said to them, “Truly, I say to you, unless you are converted and become like children, you will never enter the kingdom of heaven. Whoever humbles himself like this child is the greatest in the kingdom of heaven.",gerhardt_E4DFEBFE_output_T8d1lo,,18.307288721707753,8.757447681401308,1.74140182847192
"Peter began to curse and swear, “I don't know that man!” Right then a rooster crowed,","Ne Petro ɔɣɛ sɔ, “Lokã sɔ ɔnukuare nto loɣɛ! Ɣaa si ɔkpadzɛ̃ me kutsue si iiɖe gbaã iɖe sɔ loiɣe ɔrɛrɛ̃ gɔmɔ!” Ɔluwɛ̃ ne, kɔkɔ ɔɖi kanya.","Then Peter said, ""Let us go up to Jerusalem! There the Lord has promised that he will give us the Holy Spirit.  We will wait there for the promise of the Father, as he said."" And they all agreed.",gerhardt_E4DFEBFE_output_T8d1lo,,17.705419965824206,8.757447681401308,1.74140182847192
"After King Herod died, an angel from the Lord appeared in a dream to Joseph while he was still in Egypt.","Gɔ Herodes ɔkpi ne, Ɣaa kpabo ɔwɛ̃ ɔɖi so ɔte Yosef i kurɛ ame i Egipte.","When Herod the king heard this, he was afraid, and he went to Egypt with Joseph and his mother and child.",onesimus_4838858E_Jan output 1 ,,27.225037288282376,8.757447681401308,1.74140182847192
Why worry about clothes? Look how the wild flowers grow. They don't work hard to make their clothes.,“Be ɔso mito mimararã so i nnɛ miapia iso? Minyɔ ipo ame adziri kumɛgɔ asɛ amɔ. Aisɛ ata ɖɔti ɣee awe sikati.,Are you saying that you will not help me? I will not go and beg anyone. I will not go and suffer. I will not go and be ashamed.,onesimus_4838858E_Jan output 1 ,,14.549145608982409,8.757447681401308,1.74140182847192
"You are a bunch of evil snakes, so how can you say anything good? Your words show what is in your hearts.",Mi ma lonyanyarĩ lɛ maɣɛ! Nda miabara fiɛ miawo ara sɛɛ ɔɣɛ gɔ miɖe maturi lalaa? Alasɔ nnɛ loyi ɔturi ɔtu ame i kanya sɛ kaɣɛ.,"My mother, I am very hungry! Can you please give me some food to eat? I am very hungry today, I have not eaten anything since yesterday.",onesimus_4838858E_Jan output 1 ,,22.088050579921042,8.757447681401308,1.74140182847192
"Someone may say, “Here is the Messiah!” or “There he is!” But don't believe it.","Ne ɔso si ɔrere ɔba ɔ̃aɣere mi sɔ, ‘Nyɔ, ɔɔnya Kristo i ngbe,’ ɣee ɔrere ɔɣere mi sɔ, ‘Ɔpia i mmɔ’ ne, midaafɔ miɖe.","And he said to them, “Truly, I say to you, unless you are born again, you cannot see the kingdom of God.”  He said to them again, “Truly, I say to you, unless one is born of water and the Spirit, he cannot enter the kingdom of God. What was born of flesh is flesh, and what was born of the Spirit is spirit.",onesimus_4838858E_Jan output 1 ,,15.477855907580363,8.757447681401308,1.74140182847192
"Peter began to curse and swear, “I don't know that man!” Right then a rooster crowed,","Ne Petro ɔɣɛ sɔ, “Lokã sɔ ɔnukuare nto loɣɛ! Ɣaa si ɔkpadzɛ̃ me kutsue si iiɖe gbaã iɖe sɔ loiɣe ɔrɛrɛ̃ gɔmɔ!” Ɔluwɛ̃ ne, kɔkɔ ɔɖi kanya.","Peter said, ""Let us go up to the roof! There I will pray and you will come with me."" And he went up to the roof.",onesimus_4838858E_Jan output 1 ,,18.52258171292499,8.757447681401308,1.74140182847192
"After King Herod died, an angel from the Lord appeared in a dream to Joseph while he was still in Egypt.","Gɔ Herodes ɔkpi ne, Ɣaa kpabo ɔwɛ̃ ɔɖi so ɔte Yosef i kurɛ ame i Egipte.","When Herod heard this, he was afraid and went to Egypt with Joseph and the young child.",gerhardt_2F3FAF10_output (1),,25.275291063925774,8.757447681401308,1.74140182847192
Why worry about clothes? Look how the wild flowers grow. They don't work hard to make their clothes.,“Be ɔso mito mimararã so i nnɛ miapia iso? Minyɔ ipo ame adziri kumɛgɔ asɛ amɔ. Aisɛ ata ɖɔti ɣee awe sikati.,Have you ever seen something like this before? I have never seen anything like this. This is a very strange thing.,gerhardt_2F3FAF10_output (1),,14.736807887046547,8.757447681401308,1.74140182847192
"You are a bunch of evil snakes, so how can you say anything good? Your words show what is in your hearts.",Mi ma lonyanyarĩ lɛ maɣɛ! Nda miabara fiɛ miawo ara sɛɛ ɔɣɛ gɔ miɖe maturi lalaa? Alasɔ nnɛ loyi ɔturi ɔtu ame i kanya sɛ kaɣɛ.,"My mother, I am tired of this place!  I want to go back home, where it is peaceful. Alas, today is the 28th day of the month, and we are going to leave.",gerhardt_2F3FAF10_output (1),,17.096294669718095,8.757447681401308,1.74140182847192
"Someone may say, “Here is the Messiah!” or “There he is!” But don't believe it.","Ne ɔso si ɔrere ɔba ɔ̃aɣere mi sɔ, ‘Nyɔ, ɔɔnya Kristo i ngbe,’ ɣee ɔrere ɔɣere mi sɔ, ‘Ɔpia i mmɔ’ ne, midaafɔ miɖe.","And he said to them, “Truly, I say to you, unless you are converted and become like little children, you will never enter the kingdom of heaven. Whoever humbles himself like this child is the greatest in the kingdom of heaven.",gerhardt_2F3FAF10_output (1),,18.2482858897936,8.757447681401308,1.74140182847192
"Peter began to curse and swear, “I don't know that man!” Right then a rooster crowed,","Ne Petro ɔɣɛ sɔ, “Lokã sɔ ɔnukuare nto loɣɛ! Ɣaa si ɔkpadzɛ̃ me kutsue si iiɖe gbaã iɖe sɔ loiɣe ɔrɛrɛ̃ gɔmɔ!” Ɔluwɛ̃ ne, kɔkɔ ɔɖi kanya.","Then Peter spoke, “Let us go up to Jerusalem! For the promise was made to us and to our children and to all nations.” And with that, he went up to Jerusalem.",gerhardt_2F3FAF10_output (1),,21.704432529621517,8.757447681401308,1.74140182847192
"After King Herod died, an angel from the Lord appeared in a dream to Joseph while he was still in Egypt.","Gɔ Herodes ɔkpi ne, Ɣaa kpabo ɔwɛ̃ ɔɖi so ɔte Yosef i kurɛ ame i Egipte.","When Herod saw this, he was afraid, and he sent and took the young child to Egypt.",onesimus_778C5456_Dec 06 output,,22.64885354427901,8.757447681401308,1.74140182847192
Why worry about clothes? Look how the wild flowers grow. They don't work hard to make their clothes.,“Be ɔso mito mimararã so i nnɛ miapia iso? Minyɔ ipo ame adziri kumɛgɔ asɛ amɔ. Aisɛ ata ɖɔti ɣee awe sikati.,Are you saying that you are not going to help me? I have done nothing wrong. You are just being stubborn. You are not listening to me.,onesimus_778C5456_Dec 06 output,,15.01234912150991,8.757447681401308,1.74140182847192
"You are a bunch of evil snakes, so how can you say anything good? Your words show what is in your hearts.",Mi ma lonyanyarĩ lɛ maɣɛ! Nda miabara fiɛ miawo ara sɛɛ ɔɣɛ gɔ miɖe maturi lalaa? Alasɔ nnɛ loyi ɔturi ɔtu ame i kanya sɛ kaɣɛ.,"My mother, I am tired. I have not eaten anything today, so I am hungry. Alas, today is Thursday, the 24th, and I am very hungry.",onesimus_778C5456_Dec 06 output,,19.357875420707575,8.757447681401308,1.74140182847192
"Someone may say, “Here is the Messiah!” or “There he is!” But don't believe it.","Ne ɔso si ɔrere ɔba ɔ̃aɣere mi sɔ, ‘Nyɔ, ɔɔnya Kristo i ngbe,’ ɣee ɔrere ɔɣere mi sɔ, ‘Ɔpia i mmɔ’ ne, midaafɔ miɖe.","And the woman said to him, “My lord, when did I see you hungry and feed you, or thirsty and give you drink? When did I see you a stranger and welcome you, or naked and clothe you? When did I see you sick or in prison and visit you?”",onesimus_778C5456_Dec 06 output,,14.157934535342676,8.757447681401308,1.74140182847192
"Peter began to curse and swear, “I don't know that man!” Right then a rooster crowed,","Ne Petro ɔɣɛ sɔ, “Lokã sɔ ɔnukuare nto loɣɛ! Ɣaa si ɔkpadzɛ̃ me kutsue si iiɖe gbaã iɖe sɔ loiɣe ɔrɛrɛ̃ gɔmɔ!” Ɔluwɛ̃ ne, kɔkɔ ɔɖi kanya.","Peter said, ""Let us go up to the housetop to pray! It is almost evening, and the day is almost done.""",onesimus_778C5456_Dec 06 output,,19.7824506742572,8.757447681401308,1.74140182847192
"After King Herod died, an angel from the Lord appeared in a dream to Joseph while he was still in Egypt.","Gɔ Herodes ɔkpi ne, Ɣaa kpabo ɔwɛ̃ ɔɖi so ɔte Yosef i kurɛ ame i Egipte.","When Herod heard this, he was afraid, and he sent and had all the children in Bethlehem and in all its vicinity killed, from two years old and under, according to the time which he had ascertained from the wise men.",gerhardt_E3C23636_output_AHjhdB,,27.339274589727253,8.757447681401308,1.74140182847192
Why worry about clothes? Look how the wild flowers grow. They don't work hard to make their clothes.,“Be ɔso mito mimararã so i nnɛ miapia iso? Minyɔ ipo ame adziri kumɛgɔ asɛ amɔ. Aisɛ ata ɖɔti ɣee awe sikati.,Are you saying that you don't know how to do it? I will teach you how to do it. Listen carefully to what I am saying.,gerhardt_E3C23636_output_AHjhdB,,18.57690073127502,8.757447681401308,1.74140182847192
"You are a bunch of evil snakes, so how can you say anything good? Your words show what is in your hearts.",Mi ma lonyanyarĩ lɛ maɣɛ! Nda miabara fiɛ miawo ara sɛɛ ɔɣɛ gɔ miɖe maturi lalaa? Alasɔ nnɛ loyi ɔturi ɔtu ame i kanya sɛ kaɣɛ.,"My mother, I am tired! I have not eaten anything good today. Alas, today is Thursday, the 24th, and I am very hungry.",gerhardt_E3C23636_output_AHjhdB,,22.750227001707465,8.757447681401308,1.74140182847192
"Someone may say, “Here is the Messiah!” or “There he is!” But don't believe it.","Ne ɔso si ɔrere ɔba ɔ̃aɣere mi sɔ, ‘Nyɔ, ɔɔnya Kristo i ngbe,’ ɣee ɔrere ɔɣere mi sɔ, ‘Ɔpia i mmɔ’ ne, midaafɔ miɖe.","Then the other said to him, “Lord, teach us to pray, just as John taught his disciples.” And he said to them, “When you pray, say: Father, hallowed be your name. Your kingdom come. Your will be done, on earth as it is in heaven.”",gerhardt_E3C23636_output_AHjhdB,,17.886603089276576,8.757447681401308,1.74140182847192
"Peter began to curse and swear, “I don't know that man!” Right then a rooster crowed,","Ne Petro ɔɣɛ sɔ, “Lokã sɔ ɔnukuare nto loɣɛ! Ɣaa si ɔkpadzɛ̃ me kutsue si iiɖe gbaã iɖe sɔ loiɣe ɔrɛrɛ̃ gɔmɔ!” Ɔluwɛ̃ ne, kɔkɔ ɔɖi kanya.","Peter said, “Let us go up to the roof! I will pray there for you, that God may give you a sign.” And he went up to the roof.",gerhardt_E3C23636_output_AHjhdB,,20.762915209046085,8.757447681401308,1.74140182847192
"After King Herod died, an angel from the Lord appeared in a dream to Joseph while he was still in Egypt.","Gɔ Herodes ɔkpi ne, Ɣaa kpabo ɔwɛ̃ ɔɖi so ɔte Yosef i kurɛ ame i Egipte.","When Herod died, behold, an angel of the Lord appeared to Joseph in a dream, saying, ""Rise, take the young child and his mother, and flee to Egypt, and stay there until I tell you; for Herod will seek the young child to destroy him.""",Dec 12 output,,45.88776768345046,8.757447681401308,1.74140182847192
Why worry about clothes? Look how the wild flowers grow. They don't work hard to make their clothes.,“Be ɔso mito mimararã so i nnɛ miapia iso? Minyɔ ipo ame adziri kumɛgɔ asɛ amɔ. Aisɛ ata ɖɔti ɣee awe sikati.,Have you ever heard such a thing? I have never heard anything like it. This is a very strange thing indeed.,Dec 12 output,,14.176345422704447,8.757447681401308,1.74140182847192
"You are a bunch of evil snakes, so how can you say anything good? Your words show what is in your hearts.",Mi ma lonyanyarĩ lɛ maɣɛ! Nda miabara fiɛ miawo ara sɛɛ ɔɣɛ gɔ miɖe maturi lalaa? Alasɔ nnɛ loyi ɔturi ɔtu ame i kanya sɛ kaɣɛ.,"My mother, I am going to the market. I want to buy some things for the family.  Alas, today is Thursday, the 24th of the month, and I don't have enough money.",Dec 12 output,,18.483869600811236,8.757447681401308,1.74140182847192
"Someone may say, “Here is the Messiah!” or “There he is!” But don't believe it.","Ne ɔso si ɔrere ɔba ɔ̃aɣere mi sɔ, ‘Nyɔ, ɔɔnya Kristo i ngbe,’ ɣee ɔrere ɔɣere mi sɔ, ‘Ɔpia i mmɔ’ ne, midaafɔ miɖe.","Then the one who had been healed said to him, ‘Lord, thank you for healing me.’ And he went his way.",Dec 12 output,,16.51747428432031,8.757447681401308,1.74140182847192
"Peter began to curse and swear, “I don't know that man!” Right then a rooster crowed,","Ne Petro ɔɣɛ sɔ, “Lokã sɔ ɔnukuare nto loɣɛ! Ɣaa si ɔkpadzɛ̃ me kutsue si iiɖe gbaã iɖe sɔ loiɣe ɔrɛrɛ̃ gɔmɔ!” Ɔluwɛ̃ ne, kɔkɔ ɔɖi kanya.","Peter said, ""Let us go up to the roof! I will pray there."" He went up, and the disciples followed him.",Dec 12 output,,19.73057304079836,8.757447681401308,1.74140182847192
"After King Herod died, an angel from the Lord appeared in a dream to Joseph while he was still in Egypt.","Gɔ Herodes ɔkpi ne, Ɣaa kpabo ɔwɛ̃ ɔɖi so ɔte Yosef i kurɛ ame i Egipte.","When Herod died, behold, an angel of the Lord appeared to Joseph in a dream, saying, ""Rise, take the young child and his mother, and flee to Egypt, and remain there until I tell you; for Herod will seek the young child to destroy him.""",onesimus_CF2838B3_Dec 03 output,,45.87013982387866,8.757447681401308,1.74140182847192
Why worry about clothes? Look how the wild flowers grow. They don't work hard to make their clothes.,“Be ɔso mito mimararã so i nnɛ miapia iso? Minyɔ ipo ame adziri kumɛgɔ asɛ amɔ. Aisɛ ata ɖɔti ɣee awe sikati.,Are you saying that you will not come again? I will wait for you at the place where we met. I will not go anywhere.,onesimus_CF2838B3_Dec 03 output,,16.21348040778399,8.757447681401308,1.74140182847192
"You are a bunch of evil snakes, so how can you say anything good? Your words show what is in your hearts.",Mi ma lonyanyarĩ lɛ maɣɛ! Nda miabara fiɛ miawo ara sɛɛ ɔɣɛ gɔ miɖe maturi lalaa? Alasɔ nnɛ loyi ɔturi ɔtu ame i kanya sɛ kaɣɛ.,"My mother, I am very hungry!  I have not eaten anything since yesterday.  Alas, today is Thursday, and I have no food.",onesimus_CF2838B3_Dec 03 output,,21.085637264274755,8.757447681401308,1.74140182847192
"Someone may say, “Here is the Messiah!” or “There he is!” But don't believe it.","Ne ɔso si ɔrere ɔba ɔ̃aɣere mi sɔ, ‘Nyɔ, ɔɔnya Kristo i ngbe,’ ɣee ɔrere ɔɣere mi sɔ, ‘Ɔpia i mmɔ’ ne, midaafɔ miɖe.","And the one who was speaking said to him, 'Lord, have mercy on me,' and the one who was speaking said to him, 'Your sins are forgiven,' and immediately he was healed.",onesimus_CF2838B3_Dec 03 output,,16.110008099114566,8.757447681401308,1.74140182847192
"Peter began to curse and swear, “I don't know that man!” Right then a rooster crowed,","Ne Petro ɔɣɛ sɔ, “Lokã sɔ ɔnukuare nto loɣɛ! Ɣaa si ɔkpadzɛ̃ me kutsue si iiɖe gbaã iɖe sɔ loiɣe ɔrɛrɛ̃ gɔmɔ!” Ɔluwɛ̃ ne, kɔkɔ ɔɖi kanya.","Peter said, ""Let us go up to the roof! I will pray there for you, and I will ask God to send you the Holy Spirit!"" Then Peter went up, and he prayed.",onesimus_CF2838B3_Dec 03 output,,19.864009933986534,8.757447681401308,1.74140182847192
"After King Herod died, an angel from the Lord appeared in a dream to Joseph while he was still in Egypt.","Gɔ Herodes ɔkpi ne, Ɣaa kpabo ɔwɛ̃ ɔɖi so ɔte Yosef i kurɛ ame i Egipte.","When Herod heard this, he was afraid, and he went to Joseph in a dream and said, ""Get up, take the child and his mother, and flee to Egypt, and stay there until I tell you. For Herod will search for the child to destroy him.""",john_BA3F5F9A_output (3),,31.056890854968422,8.757447681401308,1.74140182847192
Why worry about clothes? Look how the wild flowers grow. They don't work hard to make their clothes.,“Be ɔso mito mimararã so i nnɛ miapia iso? Minyɔ ipo ame adziri kumɛgɔ asɛ amɔ. Aisɛ ata ɖɔti ɣee awe sikati.,Are you saying that you are not going to help me? I will not accept that.  I will go and find someone else.,john_BA3F5F9A_output (3),,14.664886287200876,8.757447681401308,1.74140182847192
"You are a bunch of evil snakes, so how can you say anything good? Your words show what is in your hearts.",Mi ma lonyanyarĩ lɛ maɣɛ! Nda miabara fiɛ miawo ara sɛɛ ɔɣɛ gɔ miɖe maturi lalaa? Alasɔ nnɛ loyi ɔturi ɔtu ame i kanya sɛ kaɣɛ.,"My mother, I am going to the market. Is it true that there is a lot of food there? Alas, today is the 28th day of the month and it is market day.",john_BA3F5F9A_output (3),,16.581090417937286,8.757447681401308,1.74140182847192
"Someone may say, “Here is the Messiah!” or “There he is!” But don't believe it.","Ne ɔso si ɔrere ɔba ɔ̃aɣere mi sɔ, ‘Nyɔ, ɔɔnya Kristo i ngbe,’ ɣee ɔrere ɔɣere mi sɔ, ‘Ɔpia i mmɔ’ ne, midaafɔ miɖe.","And the one who was speaking said to him, 'My son, believe in the Lord Jesus,' and the one who was speaking said to him, 'He will heal you,' and immediately he got up.",john_BA3F5F9A_output (3),,21.190221195252303,8.757447681401308,1.74140182847192
"Peter began to curse and swear, “I don't know that man!” Right then a rooster crowed,","Ne Petro ɔɣɛ sɔ, “Lokã sɔ ɔnukuare nto loɣɛ! Ɣaa si ɔkpadzɛ̃ me kutsue si iiɖe gbaã iɖe sɔ loiɣe ɔrɛrɛ̃ gɔmɔ!” Ɔluwɛ̃ ne, kɔkɔ ɔɖi kanya.","Peter said, ""Let us go up to the roof! I will pray there."" He went up to the roof alone.",john_BA3F5F9A_output (3),,17.564405817037564,8.757447681401308,1.74140182847192
