ref,text,translated,source_zip_file,similarity_score,chrf_sentence,corpus_bleu,corpus_chrf
So God created humans to be like himself; he made men and women.,Ala ka Wina'am da maal ninsaal nwɛnɛ o mɛŋi an si'em la. Dau nɛ pu'a ka o da maal.,"Ala and Winaam know your wealth, but they do not desire it for themselves. However, you have your own wealth.",Dec 08 output,,16.884796400014547,4.818705793464987,6.168831168831169
"years old, he had three sons and named them Shem, Ham, and Japheth.",") la, o da du'a Sem nɛ Ham nɛ Jafet.","These are the sons of Shem, Ham, and Japheth.",Dec 08 output,,46.93904210394129,4.818705793464987,6.168831168831169
"and asked, “Hagar, where have you come from, and where are you going?” She answered, “I'm running away from Sarai, my owner.”","Ka maliak la yɛl o ye, “Haga onɛ an Sarai yammʋga, fʋ yi yaanɛ na, ka wa'ae yaanɛ?” Ka o gandig ye, “M zɔtnɛ yiti m zugdaan Sarai san'an.”","Then the man said to him, ""Take Sarai to your tent, so that she may be a wife to you? But do you know?"" Then he replied, ""I know that is why I gave Sarai to you.""",Dec 08 output,,19.15749646718325,4.818705793464987,6.168831168831169
and they had a son.,ka o tʋk pʋʋgʋ du'a biribiŋ.,The dog is barking.,Dec 08 output,,9.945642159572508,4.818705793464987,6.168831168831169
"Jacob said, “Now tell me your name.” “Don't you know who I am?” he asked. And he blessed Jacob.","Ka Jakob yɛl ye, “M sɔsidif nɛ, yɛlimi fʋ yʋ'ʋr!” Ka o lɛbis ye, “Ka bɔ ka fʋ bu'osidi m yʋ'ʋrɛ?” Ka niŋ o zug bareka anina.","Then Jacob said, “I have suffered all these days for you!” And he replied, “What have you done for me, serving me with your strength?” And now you should take a rest.",Dec 08 output,,27.459575526733655,4.818705793464987,6.168831168831169
So God created humans to be like himself; he made men and women.,Ala ka Wina'am da maal ninsaal nwɛnɛ o mɛŋi an si'em la. Dau nɛ pu'a ka o da maal.,"Ala and Wina’am took our money, and they know to ask for it back. Now their problem is the money.",onesimus_31223989_Dec 12 output,,16.098638125581104,4.818705793464987,6.168831168831169
"years old, he had three sons and named them Shem, Ham, and Japheth.",") la, o da du'a Sem nɛ Ham nɛ Jafet.","These are the sons of Shem, Ham, and Japheth.",onesimus_31223989_Dec 12 output,,46.93904210394129,4.818705793464987,6.168831168831169
"and asked, “Hagar, where have you come from, and where are you going?” She answered, “I'm running away from Sarai, my owner.”","Ka maliak la yɛl o ye, “Haga onɛ an Sarai yammʋga, fʋ yi yaanɛ na, ka wa'ae yaanɛ?” Ka o gandig ye, “M zɔtnɛ yiti m zugdaan Sarai san'an.”","Then the man said to him, ""Take Sarai to your tent, so that she may be a wife to you? But do you know?"" Then he replied, ""I know that is why I gave Sarai to you.""",onesimus_31223989_Dec 12 output,,19.15749646718325,4.818705793464987,6.168831168831169
and they had a son.,ka o tʋk pʋʋgʋ du'a biribiŋ.,The dog is barking.,onesimus_31223989_Dec 12 output,,9.945642159572508,4.818705793464987,6.168831168831169
"Jacob said, “Now tell me your name.” “Don't you know who I am?” he asked. And he blessed Jacob.","Ka Jakob yɛl ye, “M sɔsidif nɛ, yɛlimi fʋ yʋ'ʋr!” Ka o lɛbis ye, “Ka bɔ ka fʋ bu'osidi m yʋ'ʋrɛ?” Ka niŋ o zug bareka anina.","Then Jacob said, “I have suffered all these days for you!” And he replied, “What have you done for me, serving me with your strength?” And now you should take a rest.",onesimus_31223989_Dec 12 output,,27.459575526733655,4.818705793464987,6.168831168831169
So God created humans to be like himself; he made men and women.,Ala ka Wina'am da maal ninsaal nwɛnɛ o mɛŋi an si'em la. Dau nɛ pu'a ka o da maal.,"The matter that Wina'am knows, we must do it at the right time. Come, you are prepared to know it.",john_AC86BE0F_output (5),,17.546358167527195,4.818705793464987,6.168831168831169
"years old, he had three sons and named them Shem, Ham, and Japheth.",") la, o da du'a Sem nɛ Ham nɛ Jafet.","To you, the prayer of Shem, Ham, and Japheth.",john_AC86BE0F_output (5),,40.60654660728504,4.818705793464987,6.168831168831169
"and asked, “Hagar, where have you come from, and where are you going?” She answered, “I'm running away from Sarai, my owner.”","Ka maliak la yɛl o ye, “Haga onɛ an Sarai yammʋga, fʋ yi yaanɛ na, ka wa'ae yaanɛ?” Ka o gandig ye, “M zɔtnɛ yiti m zugdaan Sarai san'an.”","""Then the man said to him, 'The matter concerning Sarai's wife, what is this? Is she your wife?' He replied, 'I said that she is my wife, Sarai.'""",john_AC86BE0F_output (5),,18.635101548952996,4.818705793464987,6.168831168831169
and they had a son.,ka o tʋk pʋʋgʋ du'a biribiŋ.,You have taken your story.,john_AC86BE0F_output (5),,11.244949779228739,4.818705793464987,6.168831168831169
"Jacob said, “Now tell me your name.” “Don't you know who I am?” he asked. And he blessed Jacob.","Ka Jakob yɛl ye, “M sɔsidif nɛ, yɛlimi fʋ yʋ'ʋr!” Ka o lɛbis ye, “Ka bɔ ka fʋ bu'osidi m yʋ'ʋrɛ?” Ka niŋ o zug bareka anina.",,john_AC86BE0F_output (5),,,4.818705793464987,6.168831168831169
So God created humans to be like himself; he made men and women.,Ala ka Wina'am da maal ninsaal nwɛnɛ o mɛŋi an si'em la. Dau nɛ pu'a ka o da maal.,"Ala and Winaam know that their wealth is in their heart, they take care of it. However, their wealth is not theirs.",output_JA-4,,13.84821731775052,4.818705793464987,6.168831168831169
"years old, he had three sons and named them Shem, Ham, and Japheth.",") la, o da du'a Sem nɛ Ham nɛ Jafet.","The sons of Shem, Ham, and Japheth.",output_JA-4,,43.433958649317404,4.818705793464987,6.168831168831169
"and asked, “Hagar, where have you come from, and where are you going?” She answered, “I'm running away from Sarai, my owner.”","Ka maliak la yɛl o ye, “Haga onɛ an Sarai yammʋga, fʋ yi yaanɛ na, ka wa'ae yaanɛ?” Ka o gandig ye, “M zɔtnɛ yiti m zugdaan Sarai san'an.”","Then the man said to him, ""Why did you say that Sarai is your sister? So that I might take her as my wife, but why did you do this?"" He replied, ""I thought that she is my sister Sarai.""",output_JA-4,,18.320180508533337,4.818705793464987,6.168831168831169
and they had a son.,ka o tʋk pʋʋgʋ du'a biribiŋ.,"When you come, the helping hand is there.",output_JA-4,,17.30725711160147,4.818705793464987,6.168831168831169
"Jacob said, “Now tell me your name.” “Don't you know who I am?” he asked. And he blessed Jacob.","Ka Jakob yɛl ye, “M sɔsidif nɛ, yɛlimi fʋ yʋ'ʋr!” Ka o lɛbis ye, “Ka bɔ ka fʋ bu'osidi m yʋ'ʋrɛ?” Ka niŋ o zug bareka anina.","And Jacob said, “I have suffered all these days for you!” Then he replied, “What have you done for me?” And then he blessed them all.",output_JA-4,,31.42351015726539,4.818705793464987,6.168831168831169
So God created humans to be like himself; he made men and women.,Ala ka Wina'am da maal ninsaal nwɛnɛ o mɛŋi an si'em la. Dau nɛ pu'a ka o da maal.,"Ala and Wina’am took our money, and they know to ask for it back. Now their problem is the money.",onesimus_7C821E01_Dec 01 output,,16.098638125581104,4.818705793464987,6.168831168831169
"years old, he had three sons and named them Shem, Ham, and Japheth.",") la, o da du'a Sem nɛ Ham nɛ Jafet.","These are the sons of Shem, Ham, and Japheth.",onesimus_7C821E01_Dec 01 output,,46.93904210394129,4.818705793464987,6.168831168831169
"and asked, “Hagar, where have you come from, and where are you going?” She answered, “I'm running away from Sarai, my owner.”","Ka maliak la yɛl o ye, “Haga onɛ an Sarai yammʋga, fʋ yi yaanɛ na, ka wa'ae yaanɛ?” Ka o gandig ye, “M zɔtnɛ yiti m zugdaan Sarai san'an.”","""And when he saw her, he said, 'What has Sarai done to you, that you are angry with her?' He answered, 'I have given her to Sarai as my wife.'""",onesimus_7C821E01_Dec 01 output,,27.638716942909276,4.818705793464987,6.168831168831169
and they had a son.,ka o tʋk pʋʋgʋ du'a biribiŋ.,The dog is barking.,onesimus_7C821E01_Dec 01 output,,9.945642159572508,4.818705793464987,6.168831168831169
"Jacob said, “Now tell me your name.” “Don't you know who I am?” he asked. And he blessed Jacob.","Ka Jakob yɛl ye, “M sɔsidif nɛ, yɛlimi fʋ yʋ'ʋr!” Ka o lɛbis ye, “Ka bɔ ka fʋ bu'osidi m yʋ'ʋrɛ?” Ka niŋ o zug bareka anina.","And Jacob said, “I have suffered all these days for you!” And he replied, “What have you done for me, serving me with your strength?” And now you must rest yourself.",onesimus_7C821E01_Dec 01 output,,28.63030464126907,4.818705793464987,6.168831168831169
"and he told her: “Your two sons will become two separate nations. The younger of the two will be stronger, and the older son will be his servant.”","Ka Zugsɔb yɛl o ye, “Buudi ayi' bɛɛ fʋ pʋʋgin la, Nidiba ayi' ka fʋ ye fʋ du'a. Fʋ ya'a du'a ba, ba na pʋdig kɔn'ɔb-kɔn'ɔb. Ka yinne la na mɔr paŋi gat o tiraan, ka kpɛɛm la na lieb o pitʋ la tʋmtʋm.”","Zugsɔb said, ""Buudi has much wisdom, Nidiba uses it to make a sharp tool. The tool becomes very sharp. When used on stone, it carves deeply, and when applied to wood, it splits it easily.""",output_jonathan,0.23856483,21.676394878753698,4.818705793464987,6.168831168831169
"was full of tar pits, and when the troops from Sodom and Gomorrah started running away, some of them fell into the pits. Others escaped to the hill country.","Sidim Bɔn'ɔg kanɛ ka ba da tʋ'ʋs tanp la da pɛ'ɛl nɛ bʋmbu'azulima ka kotaal bɛ li pʋʋgin, ka Sodom nɛ Gomora na'anam la da zɔt la, ba nidib sieba da lu nɛ bʋmbu'ad la ni, ka banɛ kpɛlim la zɔɔ dʋ zuoya la zug.","The people of Sidim Bɔn'ɔg were destroyed because they practiced evil and refused to repent, just like Sodom and Gomorrah, so that no one would remember their name, and their community was completely wiped out.",output_jonathan,0.4315867,31.01280252094865,4.818705793464987,6.168831168831169
"Sarah was so frightened that she lied and said, “I didn't laugh.” “Yes, you did!” he answered. Abraham Prays for Sodom","Dabiem da kpɛn' Sara ka o ki'is ye on pʋ la'aa, amaa ka o ye, “Asida, fʋ la'aya!”","On the day when Sara went, she tried to go on the blocked path, but she said, 'Alas, the path is blocked!'",output_jonathan,0.3014533,18.812789699106773,4.818705793464987,6.168831168831169
he told everyone that his wife Sarah was his sister. So King Abimelech of Gerar had Sarah brought to him.,Ka Abraham yɛl nidib la ye Sara anɛ o taʋn. Ka Abimelek onɛ an Gera Na'ab la tʋm nɔk Sara.,"Then Abraham took his wife Sarah and gave her as a gift. Then Abimelek, the king of Gera Na'ab, took her.",output_jonathan,0.7526108,32.40236850891336,4.818705793464987,6.168831168831169
Lot went outside and shut the door behind him.,Ka Lot yii ba san'an ka yɔ' za'anɔɔr la lɛbis,"In Lot, there was a time when they went to za'anɔɔr for lɛbis.",output_jonathan,0.26613796,19.221672432724226,4.818705793464987,6.168831168831169
So God created humans to be like himself; he made men and women.,Ala ka Wina'am da maal ninsaal nwɛnɛ o mɛŋi an si'em la. Dau nɛ pu'a ka o da maal.,"Ala and Wina'am took our money, and they know to ask for it back. Now their problem is the money they have.",output_JA-2,,16.22551573496056,4.818705793464987,6.168831168831169
"years old, he had three sons and named them Shem, Ham, and Japheth.",") la, o da du'a Sem nɛ Ham nɛ Jafet.","These are the sons of Shem, Ham, and Japheth.",output_JA-2,,46.93904210394129,4.818705793464987,6.168831168831169
"and asked, “Hagar, where have you come from, and where are you going?” She answered, “I'm running away from Sarai, my owner.”","Ka maliak la yɛl o ye, “Haga onɛ an Sarai yammʋga, fʋ yi yaanɛ na, ka wa'ae yaanɛ?” Ka o gandig ye, “M zɔtnɛ yiti m zugdaan Sarai san'an.”","And the man said to him, ""Why did you take Sarai and say she is your sister?"" And he said, ""Because I thought, 'She is my sister, so I took Sarai.'""",output_JA-2,,17.403820979607477,4.818705793464987,6.168831168831169
and they had a son.,ka o tʋk pʋʋgʋ du'a biribiŋ.,"Come, you took the puppy to your home.",output_JA-2,,9.378444215887555,4.818705793464987,6.168831168831169
"Jacob said, “Now tell me your name.” “Don't you know who I am?” he asked. And he blessed Jacob.","Ka Jakob yɛl ye, “M sɔsidif nɛ, yɛlimi fʋ yʋ'ʋr!” Ka o lɛbis ye, “Ka bɔ ka fʋ bu'osidi m yʋ'ʋrɛ?” Ka niŋ o zug bareka anina.","And Jacob said, “I have suffered so much these many years!” And he replied, “Is it possible that I have been patient for so long?” Then he went to the field to work.",output_JA-2,,26.435221809820874,4.818705793464987,6.168831168831169
So God created humans to be like himself; he made men and women.,Ala ka Wina'am da maal ninsaal nwɛnɛ o mɛŋi an si'em la. Dau nɛ pu'a ka o da maal.,"Ala and Wina’am took our money, and they know to ask for it back. Now their problem is the money.",gerhardt_8019BE0D_output_WsImHC,,16.098638125581104,4.818705793464987,6.168831168831169
"years old, he had three sons and named them Shem, Ham, and Japheth.",") la, o da du'a Sem nɛ Ham nɛ Jafet.","These are the names of Shem, Ham, and Japheth.",gerhardt_8019BE0D_output_WsImHC,,46.379076384132304,4.818705793464987,6.168831168831169
"and asked, “Hagar, where have you come from, and where are you going?” She answered, “I'm running away from Sarai, my owner.”","Ka maliak la yɛl o ye, “Haga onɛ an Sarai yammʋga, fʋ yi yaanɛ na, ka wa'ae yaanɛ?” Ka o gandig ye, “M zɔtnɛ yiti m zugdaan Sarai san'an.”","Then he said to him, “Take this to Sarai, so that she may see it, and let her know.” So he replied, “I took it and brought it to Sarai myself.”",gerhardt_8019BE0D_output_WsImHC,,20.787084537035703,4.818705793464987,6.168831168831169
and they had a son.,ka o tʋk pʋʋgʋ du'a biribiŋ.,He took his hand and shook it.,gerhardt_8019BE0D_output_WsImHC,,18.243348188813783,4.818705793464987,6.168831168831169
"Jacob said, “Now tell me your name.” “Don't you know who I am?” he asked. And he blessed Jacob.","Ka Jakob yɛl ye, “M sɔsidif nɛ, yɛlimi fʋ yʋ'ʋr!” Ka o lɛbis ye, “Ka bɔ ka fʋ bu'osidi m yʋ'ʋrɛ?” Ka niŋ o zug bareka anina.","Then Jacob said, ""I have suffered all these days for you!"" And he replied, ""What have you done for me by serving me with your strength?"" And then he presented a gift.",gerhardt_8019BE0D_output_WsImHC,,24.403579950713585,4.818705793464987,6.168831168831169
So God created humans to be like himself; he made men and women.,Ala ka Wina'am da maal ninsaal nwɛnɛ o mɛŋi an si'em la. Dau nɛ pu'a ka o da maal.,"Ala and Winaam know your wealth, but they don’t want it. However, you have your own wealth.",Dec 02 output,,12.704536383882441,4.818705793464987,6.168831168831169
"years old, he had three sons and named them Shem, Ham, and Japheth.",") la, o da du'a Sem nɛ Ham nɛ Jafet.","These are the sons of Shem, Ham, and Japheth.",Dec 02 output,,46.93904210394129,4.818705793464987,6.168831168831169
"and asked, “Hagar, where have you come from, and where are you going?” She answered, “I'm running away from Sarai, my owner.”","Ka maliak la yɛl o ye, “Haga onɛ an Sarai yammʋga, fʋ yi yaanɛ na, ka wa'ae yaanɛ?” Ka o gandig ye, “M zɔtnɛ yiti m zugdaan Sarai san'an.”","Then the man said to him, ""Take Sarai as your wife, so that she may be your wife, or what is your problem?"" He answered, ""I have taken her as Sarai's sister.""",Dec 02 output,,25.24462199046875,4.818705793464987,6.168831168831169
and they had a son.,ka o tʋk pʋʋgʋ du'a biribiŋ.,Your hand comes to help.,Dec 02 output,,16.051989415829855,4.818705793464987,6.168831168831169
"Jacob said, “Now tell me your name.” “Don't you know who I am?” he asked. And he blessed Jacob.","Ka Jakob yɛl ye, “M sɔsidif nɛ, yɛlimi fʋ yʋ'ʋr!” Ka o lɛbis ye, “Ka bɔ ka fʋ bu'osidi m yʋ'ʋrɛ?” Ka niŋ o zug bareka anina.","Then Jacob said, “I have suffered all these days for you!” And he replied, “What have you done for me, serving me with your strength?” And now you should take a rest.",Dec 02 output,,27.459575526733655,4.818705793464987,6.168831168831169
So God created humans to be like himself; he made men and women.,Ala ka Wina'am da maal ninsaal nwɛnɛ o mɛŋi an si'em la. Dau nɛ pu'a ka o da maal.,"Ala and Wina’am took our money, and they know to ask for it back. Now their problem is the money.",john_567A83BD_output (1),,16.098638125581104,4.818705793464987,6.168831168831169
"years old, he had three sons and named them Shem, Ham, and Japheth.",") la, o da du'a Sem nɛ Ham nɛ Jafet.","These are the sons of Shem, Ham, and Japheth.",john_567A83BD_output (1),,46.93904210394129,4.818705793464987,6.168831168831169
"and asked, “Hagar, where have you come from, and where are you going?” She answered, “I'm running away from Sarai, my owner.”","Ka maliak la yɛl o ye, “Haga onɛ an Sarai yammʋga, fʋ yi yaanɛ na, ka wa'ae yaanɛ?” Ka o gandig ye, “M zɔtnɛ yiti m zugdaan Sarai san'an.”","He said to him, ""Tell me, does Sarai have a wife? Is it good, or is there another reason?"" Then he answered, ""I have taken Sarai's wife as my own.""",john_567A83BD_output (1),,26.8208320413016,4.818705793464987,6.168831168831169
and they had a son.,ka o tʋk pʋʋgʋ du'a biribiŋ.,May your helping hand come to assist you.,john_567A83BD_output (1),,18.087385602644968,4.818705793464987,6.168831168831169
"Jacob said, “Now tell me your name.” “Don't you know who I am?” he asked. And he blessed Jacob.","Ka Jakob yɛl ye, “M sɔsidif nɛ, yɛlimi fʋ yʋ'ʋr!” Ka o lɛbis ye, “Ka bɔ ka fʋ bu'osidi m yʋ'ʋrɛ?” Ka niŋ o zug bareka anina.","Then Jacob said, “I have suffered all these days for you!” And he replied, “What have you done for me, serving me with your strength?” And now you should take a rest.",john_567A83BD_output (1),,27.459575526733655,4.818705793464987,6.168831168831169
So God created humans to be like himself; he made men and women.,Ala ka Wina'am da maal ninsaal nwɛnɛ o mɛŋi an si'em la. Dau nɛ pu'a ka o da maal.,"Ala and Winaam know your wealth, but they don’t want it. However, you have your own wealth.",john_AA1B9A68_output (9),,12.704536383882441,4.818705793464987,6.168831168831169
"years old, he had three sons and named them Shem, Ham, and Japheth.",") la, o da du'a Sem nɛ Ham nɛ Jafet.","These are the sons of Shem, Ham, and Japheth.",john_AA1B9A68_output (9),,46.93904210394129,4.818705793464987,6.168831168831169
"and asked, “Hagar, where have you come from, and where are you going?” She answered, “I'm running away from Sarai, my owner.”","Ka maliak la yɛl o ye, “Haga onɛ an Sarai yammʋga, fʋ yi yaanɛ na, ka wa'ae yaanɛ?” Ka o gandig ye, “M zɔtnɛ yiti m zugdaan Sarai san'an.”","Then the man said to him, ""Take Sarai to your tent, so that she may be a wife to you? But do you know?"" Then he replied, ""I know that is why I gave Sarai to you.""",john_AA1B9A68_output (9),,19.15749646718325,4.818705793464987,6.168831168831169
and they had a son.,ka o tʋk pʋʋgʋ du'a biribiŋ.,The dog is barking.,john_AA1B9A68_output (9),,9.945642159572508,4.818705793464987,6.168831168831169
"Jacob said, “Now tell me your name.” “Don't you know who I am?” he asked. And he blessed Jacob.","Ka Jakob yɛl ye, “M sɔsidif nɛ, yɛlimi fʋ yʋ'ʋr!” Ka o lɛbis ye, “Ka bɔ ka fʋ bu'osidi m yʋ'ʋrɛ?” Ka niŋ o zug bareka anina.","Then Jacob said, “I had a dream, you will see the end!” And they asked, “Who will judge us at the end?” And he went to the riverbank.",john_AA1B9A68_output (9),,27.585540567217535,4.818705793464987,6.168831168831169
So God created humans to be like himself; he made men and women.,Ala ka Wina'am da maal ninsaal nwɛnɛ o mɛŋi an si'em la. Dau nɛ pu'a ka o da maal.,"Ala and Winaam know our wealth, but they see what we do. They take our wealth.",Dec 07 output,,14.829737939538266,4.818705793464987,6.168831168831169
"years old, he had three sons and named them Shem, Ham, and Japheth.",") la, o da du'a Sem nɛ Ham nɛ Jafet.","Thus, he gave a blessing to Shem, Ham, and Japheth.",Dec 07 output,,41.39328833077296,4.818705793464987,6.168831168831169
"and asked, “Hagar, where have you come from, and where are you going?” She answered, “I'm running away from Sarai, my owner.”","Ka maliak la yɛl o ye, “Haga onɛ an Sarai yammʋga, fʋ yi yaanɛ na, ka wa'ae yaanɛ?” Ka o gandig ye, “M zɔtnɛ yiti m zugdaan Sarai san'an.”","And the man said to him, ""Take Sarai with you, is this your custom, or is this your way?"" And he replied, ""I have decided to take Sarai with me.""",Dec 07 output,,19.374812862437356,4.818705793464987,6.168831168831169
and they had a son.,ka o tʋk pʋʋgʋ du'a biribiŋ.,You go the way of the hand path.,Dec 07 output,,19.19693047808947,4.818705793464987,6.168831168831169
"Jacob said, “Now tell me your name.” “Don't you know who I am?” he asked. And he blessed Jacob.","Ka Jakob yɛl ye, “M sɔsidif nɛ, yɛlimi fʋ yʋ'ʋr!” Ka o lɛbis ye, “Ka bɔ ka fʋ bu'osidi m yʋ'ʋrɛ?” Ka niŋ o zug bareka anina.","Then Jacob said, “I had a dream, you will see the end!” And they asked, “Who will judge us at the end?” And he went to the riverbank.",Dec 07 output,,27.585540567217535,4.818705793464987,6.168831168831169
So God created humans to be like himself; he made men and women.,Ala ka Wina'am da maal ninsaal nwɛnɛ o mɛŋi an si'em la. Dau nɛ pu'a ka o da maal.,"Ala and Winaam know your wealth, but they don’t want it. However, you have your own wealth.",Dec 10 output,,12.704536383882441,4.818705793464987,6.168831168831169
"years old, he had three sons and named them Shem, Ham, and Japheth.",") la, o da du'a Sem nɛ Ham nɛ Jafet.","From the descendants of Shem, Ham, and Japheth.",Dec 10 output,,43.3470345398318,4.818705793464987,6.168831168831169
"and asked, “Hagar, where have you come from, and where are you going?” She answered, “I'm running away from Sarai, my owner.”","Ka maliak la yɛl o ye, “Haga onɛ an Sarai yammʋga, fʋ yi yaanɛ na, ka wa'ae yaanɛ?” Ka o gandig ye, “M zɔtnɛ yiti m zugdaan Sarai san'an.”","""Then the man said to him, 'The matter concerning Sarai's wife, what is this? Is she your wife?' He replied, 'I said that she is my wife, Sarai.'""",Dec 10 output,,18.635101548952996,4.818705793464987,6.168831168831169
and they had a son.,ka o tʋk pʋʋgʋ du'a biribiŋ.,You have taken your story.,Dec 10 output,,11.244949779228739,4.818705793464987,6.168831168831169
"Jacob said, “Now tell me your name.” “Don't you know who I am?” he asked. And he blessed Jacob.","Ka Jakob yɛl ye, “M sɔsidif nɛ, yɛlimi fʋ yʋ'ʋr!” Ka o lɛbis ye, “Ka bɔ ka fʋ bu'osidi m yʋ'ʋrɛ?” Ka niŋ o zug bareka anina.","Then Jakob said, “I have finished my work, it is done!” And he replied, “What if I haven’t finished my work?” Then he went to the market.",Dec 10 output,,20.512924338610002,4.818705793464987,6.168831168831169
So God created humans to be like himself; he made men and women.,Ala ka Wina'am da maal ninsaal nwɛnɛ o mɛŋi an si'em la. Dau nɛ pu'a ka o da maal.,"Ala and Wina’am took our money, and they know to ask for it back. Now their problem is the money.",john_7781CD93_output (6),,16.098638125581104,4.818705793464987,6.168831168831169
"years old, he had three sons and named them Shem, Ham, and Japheth.",") la, o da du'a Sem nɛ Ham nɛ Jafet.","These are the sons of Shem, Ham, and Japheth.",john_7781CD93_output (6),,46.93904210394129,4.818705793464987,6.168831168831169
"and asked, “Hagar, where have you come from, and where are you going?” She answered, “I'm running away from Sarai, my owner.”","Ka maliak la yɛl o ye, “Haga onɛ an Sarai yammʋga, fʋ yi yaanɛ na, ka wa'ae yaanɛ?” Ka o gandig ye, “M zɔtnɛ yiti m zugdaan Sarai san'an.”","And the man said to him, ""What has Sarai done to you that you have taken her? But where is your wife?"" He replied, ""I gave her to Sarai as my wife.""",john_7781CD93_output (6),,21.548141037195272,4.818705793464987,6.168831168831169
and they had a son.,ka o tʋk pʋʋgʋ du'a biribiŋ.,You have come to stay at my place.,john_7781CD93_output (6),,10.594996522716663,4.818705793464987,6.168831168831169
"Jacob said, “Now tell me your name.” “Don't you know who I am?” he asked. And he blessed Jacob.","Ka Jakob yɛl ye, “M sɔsidif nɛ, yɛlimi fʋ yʋ'ʋr!” Ka o lɛbis ye, “Ka bɔ ka fʋ bu'osidi m yʋ'ʋrɛ?” Ka niŋ o zug bareka anina.","Then Jacob said, “I have suffered so much, my life is hard, you know!” And he replied, “Is it because you have caused my suffering?” Then he turned away and left.",john_7781CD93_output (6),,29.241252527459476,4.818705793464987,6.168831168831169
So God created humans to be like himself; he made men and women.,Ala ka Wina'am da maal ninsaal nwɛnɛ o mɛŋi an si'em la. Dau nɛ pu'a ka o da maal.,"Ala and Wina’am took our money, and they know to ask for it back. Now their problem is the money.",gerhardt_25FFCBF7_output_DdErIM,,16.098638125581104,4.818705793464987,6.168831168831169
"years old, he had three sons and named them Shem, Ham, and Japheth.",") la, o da du'a Sem nɛ Ham nɛ Jafet.","These are the sons of Shem, Ham, and Japheth.",gerhardt_25FFCBF7_output_DdErIM,,46.93904210394129,4.818705793464987,6.168831168831169
"and asked, “Hagar, where have you come from, and where are you going?” She answered, “I'm running away from Sarai, my owner.”","Ka maliak la yɛl o ye, “Haga onɛ an Sarai yammʋga, fʋ yi yaanɛ na, ka wa'ae yaanɛ?” Ka o gandig ye, “M zɔtnɛ yiti m zugdaan Sarai san'an.”","And the man said to him, “What has Sarai done to you that you are angry with her?” And he answered, “I have given her to Sarai as my wife.”",gerhardt_25FFCBF7_output_DdErIM,,28.677931959713604,4.818705793464987,6.168831168831169
and they had a son.,ka o tʋk pʋʋgʋ du'a biribiŋ.,Your hand comes to help.,gerhardt_25FFCBF7_output_DdErIM,,16.051989415829855,4.818705793464987,6.168831168831169
"Jacob said, “Now tell me your name.” “Don't you know who I am?” he asked. And he blessed Jacob.","Ka Jakob yɛl ye, “M sɔsidif nɛ, yɛlimi fʋ yʋ'ʋr!” Ka o lɛbis ye, “Ka bɔ ka fʋ bu'osidi m yʋ'ʋrɛ?” Ka niŋ o zug bareka anina.","Then Jacob said, “I have suffered all these days for you!” And he replied, “What have you done for me, serving me with your strength?” And now you should take a rest.",gerhardt_25FFCBF7_output_DdErIM,,27.459575526733655,4.818705793464987,6.168831168831169
So God created humans to be like himself; he made men and women.,Ala ka Wina'am da maal ninsaal nwɛnɛ o mɛŋi an si'em la. Dau nɛ pu'a ka o da maal.,"Ala and Wina’am took our money, and they know to ask for it back. Now their problem is the money.",output_mich003,,16.098638125581104,4.818705793464987,6.168831168831169
"years old, he had three sons and named them Shem, Ham, and Japheth.",") la, o da du'a Sem nɛ Ham nɛ Jafet.","These are the sons of Shem, Ham, and Japheth.",output_mich003,,46.93904210394129,4.818705793464987,6.168831168831169
"and asked, “Hagar, where have you come from, and where are you going?” She answered, “I'm running away from Sarai, my owner.”","Ka maliak la yɛl o ye, “Haga onɛ an Sarai yammʋga, fʋ yi yaanɛ na, ka wa'ae yaanɛ?” Ka o gandig ye, “M zɔtnɛ yiti m zugdaan Sarai san'an.”","And the Lord said to Abram, 'Why did Sarai say, “Did I not submit you to my husband, and you have wronged me?” And Abram said, “I gave her to you as a wife.”",output_mich003,,21.727026806328837,4.818705793464987,6.168831168831169
and they had a son.,ka o tʋk pʋʋgʋ du'a biribiŋ.,Your hand comes to help.,output_mich003,,16.051989415829855,4.818705793464987,6.168831168831169
"Jacob said, “Now tell me your name.” “Don't you know who I am?” he asked. And he blessed Jacob.","Ka Jakob yɛl ye, “M sɔsidif nɛ, yɛlimi fʋ yʋ'ʋr!” Ka o lɛbis ye, “Ka bɔ ka fʋ bu'osidi m yʋ'ʋrɛ?” Ka niŋ o zug bareka anina.","Then Jacob said, “I have suffered all these days for you!” And he replied, “What have you done for me, serving me with your strength?” And now you should take a rest.",output_mich003,,27.459575526733655,4.818705793464987,6.168831168831169
So God created humans to be like himself; he made men and women.,Ala ka Wina'am da maal ninsaal nwɛnɛ o mɛŋi an si'em la. Dau nɛ pu'a ka o da maal.,"Ala and Winaam know your wealth, but they don’t want it. However, you have your own wealth.",output_JA-6,,12.704536383882441,4.818705793464987,6.168831168831169
"years old, he had three sons and named them Shem, Ham, and Japheth.",") la, o da du'a Sem nɛ Ham nɛ Jafet.","These are the sons of Shem, Ham, and Japheth.",output_JA-6,,46.93904210394129,4.818705793464987,6.168831168831169
"and asked, “Hagar, where have you come from, and where are you going?” She answered, “I'm running away from Sarai, my owner.”","Ka maliak la yɛl o ye, “Haga onɛ an Sarai yammʋga, fʋ yi yaanɛ na, ka wa'ae yaanɛ?” Ka o gandig ye, “M zɔtnɛ yiti m zugdaan Sarai san'an.”","Then the man said to him, ""Take Sarai to your tent, so that she may be a wife to you? But do you know?"" Then he replied, ""I know that is why I gave Sarai to you.""",output_JA-6,,19.15749646718325,4.818705793464987,6.168831168831169
and they had a son.,ka o tʋk pʋʋgʋ du'a biribiŋ.,The dog is barking.,output_JA-6,,9.945642159572508,4.818705793464987,6.168831168831169
"Jacob said, “Now tell me your name.” “Don't you know who I am?” he asked. And he blessed Jacob.","Ka Jakob yɛl ye, “M sɔsidif nɛ, yɛlimi fʋ yʋ'ʋr!” Ka o lɛbis ye, “Ka bɔ ka fʋ bu'osidi m yʋ'ʋrɛ?” Ka niŋ o zug bareka anina.","Then Jacob said, “I had a dream, you will see the end!” And they asked, “Who will judge us at the end?” And he went to the riverbank.",output_JA-6,,27.585540567217535,4.818705793464987,6.168831168831169
So God created humans to be like himself; he made men and women.,Ala ka Wina'am da maal ninsaal nwɛnɛ o mɛŋi an si'em la. Dau nɛ pu'a ka o da maal.,"Ala and Wina’am took our money, and they know to ask for it back. Now their problem is the money.",Dec 03 output,,16.098638125581104,4.818705793464987,6.168831168831169
"years old, he had three sons and named them Shem, Ham, and Japheth.",") la, o da du'a Sem nɛ Ham nɛ Jafet.","These are the sons of Shem, Ham, and Japheth.",Dec 03 output,,46.93904210394129,4.818705793464987,6.168831168831169
"and asked, “Hagar, where have you come from, and where are you going?” She answered, “I'm running away from Sarai, my owner.”","Ka maliak la yɛl o ye, “Haga onɛ an Sarai yammʋga, fʋ yi yaanɛ na, ka wa'ae yaanɛ?” Ka o gandig ye, “M zɔtnɛ yiti m zugdaan Sarai san'an.”","And the man said to him, “What has Sarai done to you that you are angry with her?” And he answered, “I have given her to Sarai as my wife.”",Dec 03 output,,28.677931959713604,4.818705793464987,6.168831168831169
and they had a son.,ka o tʋk pʋʋgʋ du'a biribiŋ.,Your hand comes to help.,Dec 03 output,,16.051989415829855,4.818705793464987,6.168831168831169
"Jacob said, “Now tell me your name.” “Don't you know who I am?” he asked. And he blessed Jacob.","Ka Jakob yɛl ye, “M sɔsidif nɛ, yɛlimi fʋ yʋ'ʋr!” Ka o lɛbis ye, “Ka bɔ ka fʋ bu'osidi m yʋ'ʋrɛ?” Ka niŋ o zug bareka anina.","Then Jacob said, “I have suffered all these days for you!” And he replied, “What have you done for me, serving me with your strength?” And now you should take a rest.",Dec 03 output,,27.459575526733655,4.818705793464987,6.168831168831169
So God created humans to be like himself; he made men and women.,Ala ka Wina'am da maal ninsaal nwɛnɛ o mɛŋi an si'em la. Dau nɛ pu'a ka o da maal.,The thing that Wina'am knows is good; we should do it at the right time. Come and do the good thing that you know.,Dec 09 output,,15.405106277034248,4.818705793464987,6.168831168831169
"years old, he had three sons and named them Shem, Ham, and Japheth.",") la, o da du'a Sem nɛ Ham nɛ Jafet.","Thus, these are the descendants of Shem, Ham, and Japheth.",Dec 09 output,,45.59655322088458,4.818705793464987,6.168831168831169
"and asked, “Hagar, where have you come from, and where are you going?” She answered, “I'm running away from Sarai, my owner.”","Ka maliak la yɛl o ye, “Haga onɛ an Sarai yammʋga, fʋ yi yaanɛ na, ka wa'ae yaanɛ?” Ka o gandig ye, “M zɔtnɛ yiti m zugdaan Sarai san'an.”","Ka maliak la yɛl o ye, “Haga onɛ an Sarai yammʋga, fʋ yi yaanɛ na, ka wa'ae yaanɛ?” Ka o gandig ye, “M zɔtnɛ yiti m zugdaan Sarai san'an.”",Dec 09 output,,16.90747774151356,4.818705793464987,6.168831168831169
and they had a son.,ka o tʋk pʋʋgʋ du'a biribiŋ.,The dog is barking at the person.,Dec 09 output,,20.98410135092162,4.818705793464987,6.168831168831169
"Jacob said, “Now tell me your name.” “Don't you know who I am?” he asked. And he blessed Jacob.","Ka Jakob yɛl ye, “M sɔsidif nɛ, yɛlimi fʋ yʋ'ʋr!” Ka o lɛbis ye, “Ka bɔ ka fʋ bu'osidi m yʋ'ʋrɛ?” Ka niŋ o zug bareka anina.","And Jacob said, “I realize that, so I will go!” And they asked, “Is it because you have decided to go?” And then he went to the market immediately.",Dec 09 output,,28.511121860571663,4.818705793464987,6.168831168831169
"Shechem was the most respected person in his family, and he was so in love with Dinah that he hurried off to get everything done.","Dasaŋ la da pʋ gu'usɛ ka kpɛn' baŋʋ tɔ'ɔtɔ bɔzugɔ, o ya'am da kpɛn' Daina nɛ hali. O mɛ da anɛ onɛ ka o yidim wʋsa tisid o na'asi.","Dasaŋ, who had a special item, went to Daina's house because of the tɔ'ɔtɔ bɔzugɔ event. He declared that he wanted to do something for his people.",output_onesimus007,0.23050475,24.346332438622845,4.818705793464987,6.168831168831169
"The water under the earth started gushing out everywhere, the sky opened like windows, and rain poured down for",Ka saa ni teŋgbauŋ la ni dabpisnaasi yʋ'ʋŋ nɛ nintaŋ wʋsa.,Translation here,output_onesimus007,0.05093665,5.205458133711616,4.818705793464987,6.168831168831169
"Abraham separated seven female lambs from his flock of sheep,",Ka Abraham yis pɛsa'as ayɔpɔi o pɛ'ɛs la ni zi'eli ba kɔn'.,Abraham was the one who came and brought (something) to zi'eli there.,output_onesimus007,0.45240256,19.779093145948764,4.818705793464987,6.168831168831169
"Mishma, Dumah, Massa,",nɛ Misima nɛ Duma nɛ Masa,"Of Misima, of Duma, of Masa",output_onesimus007,0.66878736,28.35082788693394,4.818705793464987,6.168831168831169
and they had a son.,Ka Lea tʋmtʋm pu'ak Zilipa du'a biribiŋi tis Jakob.,"Lea, the sound of Zilipa's coming here is Jakob.",output_onesimus007,0.08918433,15.270626859096797,4.818705793464987,6.168831168831169
So God created humans to be like himself; he made men and women.,Ala ka Wina'am da maal ninsaal nwɛnɛ o mɛŋi an si'em la. Dau nɛ pu'a ka o da maal.,"Ala and Winaam know your wealth, but they don’t want it. However, you have your own wealth.",john_1C6E69D4_output (8),,12.704536383882441,4.818705793464987,6.168831168831169
"years old, he had three sons and named them Shem, Ham, and Japheth.",") la, o da du'a Sem nɛ Ham nɛ Jafet.","These are the sons of Shem, Ham, and Japheth.",john_1C6E69D4_output (8),,46.93904210394129,4.818705793464987,6.168831168831169
"and asked, “Hagar, where have you come from, and where are you going?” She answered, “I'm running away from Sarai, my owner.”","Ka maliak la yɛl o ye, “Haga onɛ an Sarai yammʋga, fʋ yi yaanɛ na, ka wa'ae yaanɛ?” Ka o gandig ye, “M zɔtnɛ yiti m zugdaan Sarai san'an.”","Then the man said to him, ""Take Sarai to your tent, so that she may be a wife to you? But do you know?"" Then he replied, ""I know that is why I gave Sarai to you.""",john_1C6E69D4_output (8),,19.15749646718325,4.818705793464987,6.168831168831169
and they had a son.,ka o tʋk pʋʋgʋ du'a biribiŋ.,The dog is barking.,john_1C6E69D4_output (8),,9.945642159572508,4.818705793464987,6.168831168831169
"Jacob said, “Now tell me your name.” “Don't you know who I am?” he asked. And he blessed Jacob.","Ka Jakob yɛl ye, “M sɔsidif nɛ, yɛlimi fʋ yʋ'ʋr!” Ka o lɛbis ye, “Ka bɔ ka fʋ bu'osidi m yʋ'ʋrɛ?” Ka niŋ o zug bareka anina.","Then Jacob said, “I had a dream, you will see the end!” And they asked, “Who will judge us at the end?” And he went to the riverbank.",john_1C6E69D4_output (8),,27.585540567217535,4.818705793464987,6.168831168831169
So God created humans to be like himself; he made men and women.,Ala ka Wina'am da maal ninsaal nwɛnɛ o mɛŋi an si'em la. Dau nɛ pu'a ka o da maal.,"Ala and Winaam know your wealth, but they don’t want it. However, you have your own wealth.",output_johnayernor,,12.704536383882441,4.818705793464987,6.168831168831169
"years old, he had three sons and named them Shem, Ham, and Japheth.",") la, o da du'a Sem nɛ Ham nɛ Jafet.","These are the sons of Shem, Ham, and Japheth.",output_johnayernor,,46.93904210394129,4.818705793464987,6.168831168831169
"and asked, “Hagar, where have you come from, and where are you going?” She answered, “I'm running away from Sarai, my owner.”","Ka maliak la yɛl o ye, “Haga onɛ an Sarai yammʋga, fʋ yi yaanɛ na, ka wa'ae yaanɛ?” Ka o gandig ye, “M zɔtnɛ yiti m zugdaan Sarai san'an.”","Then the man said to him, ""Take Sarai to your tent, so that she may be a wife to you? But do you know?"" Then he replied, ""I know that is why I gave Sarai to you.""",output_johnayernor,,19.15749646718325,4.818705793464987,6.168831168831169
and they had a son.,ka o tʋk pʋʋgʋ du'a biribiŋ.,The dog is barking.,output_johnayernor,,9.945642159572508,4.818705793464987,6.168831168831169
"Jacob said, “Now tell me your name.” “Don't you know who I am?” he asked. And he blessed Jacob.","Ka Jakob yɛl ye, “M sɔsidif nɛ, yɛlimi fʋ yʋ'ʋr!” Ka o lɛbis ye, “Ka bɔ ka fʋ bu'osidi m yʋ'ʋrɛ?” Ka niŋ o zug bareka anina.","Then Jacob said, “I had a dream, you will see the end!” And they asked, “Who will judge us at the end?” And he went to the riverbank.",output_johnayernor,,27.585540567217535,4.818705793464987,6.168831168831169
So God created humans to be like himself; he made men and women.,Ala ka Wina'am da maal ninsaal nwɛnɛ o mɛŋi an si'em la. Dau nɛ pu'a ka o da maal.,"Ala and Winaam know your wealth, but they do not want it. However, you have your own wealth.",Dec 11 output,,12.704536383882441,4.818705793464987,6.168831168831169
"years old, he had three sons and named them Shem, Ham, and Japheth.",") la, o da du'a Sem nɛ Ham nɛ Jafet.","These are the sons of Shem, Ham, and Japheth.",Dec 11 output,,46.93904210394129,4.818705793464987,6.168831168831169
"and asked, “Hagar, where have you come from, and where are you going?” She answered, “I'm running away from Sarai, my owner.”","Ka maliak la yɛl o ye, “Haga onɛ an Sarai yammʋga, fʋ yi yaanɛ na, ka wa'ae yaanɛ?” Ka o gandig ye, “M zɔtnɛ yiti m zugdaan Sarai san'an.”","""And the man said to him, 'What has Sarai done to you that you are angry with her?' He replied, 'I have given her to Sarai as my wife.'""",Dec 11 output,,20.791641392822914,4.818705793464987,6.168831168831169
and they had a son.,ka o tʋk pʋʋgʋ du'a biribiŋ.,You have taken your story.,Dec 11 output,,11.244949779228739,4.818705793464987,6.168831168831169
"Jacob said, “Now tell me your name.” “Don't you know who I am?” he asked. And he blessed Jacob.","Ka Jakob yɛl ye, “M sɔsidif nɛ, yɛlimi fʋ yʋ'ʋr!” Ka o lɛbis ye, “Ka bɔ ka fʋ bu'osidi m yʋ'ʋrɛ?” Ka niŋ o zug bareka anina.",,Dec 11 output,,,4.818705793464987,6.168831168831169
So God created humans to be like himself; he made men and women.,Ala ka Wina'am da maal ninsaal nwɛnɛ o mɛŋi an si'em la. Dau nɛ pu'a ka o da maal.,"Ala and Wina'am took our money, but we know they did it. Now, they have taken the money that was ours.",gerhardt_0445F08A_output_T9n53N,,15.295825345045014,4.818705793464987,6.168831168831169
"years old, he had three sons and named them Shem, Ham, and Japheth.",") la, o da du'a Sem nɛ Ham nɛ Jafet.","These are the sons of Shem, Ham, and Japheth.",gerhardt_0445F08A_output_T9n53N,,46.93904210394129,4.818705793464987,6.168831168831169
"and asked, “Hagar, where have you come from, and where are you going?” She answered, “I'm running away from Sarai, my owner.”","Ka maliak la yɛl o ye, “Haga onɛ an Sarai yammʋga, fʋ yi yaanɛ na, ka wa'ae yaanɛ?” Ka o gandig ye, “M zɔtnɛ yiti m zugdaan Sarai san'an.”","Then the man said, “Go and tell Sarai to bring the food, is there enough, or is there not enough?” So he replied, “I will send my daughter Sarai right away.”",gerhardt_0445F08A_output_T9n53N,,23.78815911962142,4.818705793464987,6.168831168831169
and they had a son.,ka o tʋk pʋʋgʋ du'a biribiŋ.,The dog barked at the pig.,gerhardt_0445F08A_output_T9n53N,,14.751747263084237,4.818705793464987,6.168831168831169
"Jacob said, “Now tell me your name.” “Don't you know who I am?” he asked. And he blessed Jacob.","Ka Jakob yɛl ye, “M sɔsidif nɛ, yɛlimi fʋ yʋ'ʋr!” Ka o lɛbis ye, “Ka bɔ ka fʋ bu'osidi m yʋ'ʋrɛ?” Ka niŋ o zug bareka anina.","Then Jacob said, 'I have suffered all these days for you!' And he replied, 'What, have I served you for nothing?' And so he blessed your father.",gerhardt_0445F08A_output_T9n53N,,29.06865530324389,4.818705793464987,6.168831168831169
So God created humans to be like himself; he made men and women.,Ala ka Wina'am da maal ninsaal nwɛnɛ o mɛŋi an si'em la. Dau nɛ pu'a ka o da maal.,"Ala and Wina’am took our money, and they know to ask for it back. Their problem is the money.",gerhardt_60BC0D18_output (8),,16.270088722405625,4.818705793464987,6.168831168831169
"years old, he had three sons and named them Shem, Ham, and Japheth.",") la, o da du'a Sem nɛ Ham nɛ Jafet.","These are the sons of Shem, Ham, and Japheth.",gerhardt_60BC0D18_output (8),,46.93904210394129,4.818705793464987,6.168831168831169
"and asked, “Hagar, where have you come from, and where are you going?” She answered, “I'm running away from Sarai, my owner.”","Ka maliak la yɛl o ye, “Haga onɛ an Sarai yammʋga, fʋ yi yaanɛ na, ka wa'ae yaanɛ?” Ka o gandig ye, “M zɔtnɛ yiti m zugdaan Sarai san'an.”","And the man said, “Let me take Sarai to her husband, for this is good, or what is the reason?” Then he answered, “I wanted to marry Sarai because I desired her.”",gerhardt_60BC0D18_output (8),,28.852754747411748,4.818705793464987,6.168831168831169
and they had a son.,ka o tʋk pʋʋgʋ du'a biribiŋ.,"""You must take the medicine for the headache.""",gerhardt_60BC0D18_output (8),,16.365248225070786,4.818705793464987,6.168831168831169
"Jacob said, “Now tell me your name.” “Don't you know who I am?” he asked. And he blessed Jacob.","Ka Jakob yɛl ye, “M sɔsidif nɛ, yɛlimi fʋ yʋ'ʋr!” Ka o lɛbis ye, “Ka bɔ ka fʋ bu'osidi m yʋ'ʋrɛ?” Ka niŋ o zug bareka anina.","And Jacob said, 'I have sinned against you, I have seen your face today!' And he replied, 'Is it because you have seen my face that you have found favor with me?' So then he blessed them and their descendants.",gerhardt_60BC0D18_output (8),,28.52012138871991,4.818705793464987,6.168831168831169
So God created humans to be like himself; he made men and women.,Ala ka Wina'am da maal ninsaal nwɛnɛ o mɛŋi an si'em la. Dau nɛ pu'a ka o da maal.,"Ala and Winaam know your wealth, but they don’t want it. However, you have your own wealth.",onesimus_BAB3F503_Dec 10 output,,12.704536383882441,4.818705793464987,6.168831168831169
"years old, he had three sons and named them Shem, Ham, and Japheth.",") la, o da du'a Sem nɛ Ham nɛ Jafet.","From the descendants of Shem, Ham, and Japheth.",onesimus_BAB3F503_Dec 10 output,,43.3470345398318,4.818705793464987,6.168831168831169
"and asked, “Hagar, where have you come from, and where are you going?” She answered, “I'm running away from Sarai, my owner.”","Ka maliak la yɛl o ye, “Haga onɛ an Sarai yammʋga, fʋ yi yaanɛ na, ka wa'ae yaanɛ?” Ka o gandig ye, “M zɔtnɛ yiti m zugdaan Sarai san'an.”","""Then the man said to him, 'The matter concerning Sarai's wife, what is this? Is she your wife?' He replied, 'I said that she is my wife, Sarai.'""",onesimus_BAB3F503_Dec 10 output,,18.635101548952996,4.818705793464987,6.168831168831169
and they had a son.,ka o tʋk pʋʋgʋ du'a biribiŋ.,You have taken your story.,onesimus_BAB3F503_Dec 10 output,,11.244949779228739,4.818705793464987,6.168831168831169
"Jacob said, “Now tell me your name.” “Don't you know who I am?” he asked. And he blessed Jacob.","Ka Jakob yɛl ye, “M sɔsidif nɛ, yɛlimi fʋ yʋ'ʋr!” Ka o lɛbis ye, “Ka bɔ ka fʋ bu'osidi m yʋ'ʋrɛ?” Ka niŋ o zug bareka anina.","Then Jakob said, “I have finished my work, it is done!” And he replied, “What if I haven’t finished my work?” Then he went to the market.",onesimus_BAB3F503_Dec 10 output,,20.512924338610002,4.818705793464987,6.168831168831169
So God created humans to be like himself; he made men and women.,Ala ka Wina'am da maal ninsaal nwɛnɛ o mɛŋi an si'em la. Dau nɛ pu'a ka o da maal.,"Ala and Winaam know your wealth, but they do not desire it for themselves. However, you have your own wealth.",onesimus_AE3F5661_Dec 08 output,,16.884796400014547,4.818705793464987,6.168831168831169
"years old, he had three sons and named them Shem, Ham, and Japheth.",") la, o da du'a Sem nɛ Ham nɛ Jafet.","These are the sons of Shem, Ham, and Japheth.",onesimus_AE3F5661_Dec 08 output,,46.93904210394129,4.818705793464987,6.168831168831169
"and asked, “Hagar, where have you come from, and where are you going?” She answered, “I'm running away from Sarai, my owner.”","Ka maliak la yɛl o ye, “Haga onɛ an Sarai yammʋga, fʋ yi yaanɛ na, ka wa'ae yaanɛ?” Ka o gandig ye, “M zɔtnɛ yiti m zugdaan Sarai san'an.”","Then the man said to him, ""Take Sarai to your tent, so that she may be a wife to you? But do you know?"" Then he replied, ""I know that is why I gave Sarai to you.""",onesimus_AE3F5661_Dec 08 output,,19.15749646718325,4.818705793464987,6.168831168831169
and they had a son.,ka o tʋk pʋʋgʋ du'a biribiŋ.,The dog is barking.,onesimus_AE3F5661_Dec 08 output,,9.945642159572508,4.818705793464987,6.168831168831169
"Jacob said, “Now tell me your name.” “Don't you know who I am?” he asked. And he blessed Jacob.","Ka Jakob yɛl ye, “M sɔsidif nɛ, yɛlimi fʋ yʋ'ʋr!” Ka o lɛbis ye, “Ka bɔ ka fʋ bu'osidi m yʋ'ʋrɛ?” Ka niŋ o zug bareka anina.","Then Jacob said, “I have suffered all these days for you!” And he replied, “What have you done for me, serving me with your strength?” And now you should take a rest.",onesimus_AE3F5661_Dec 08 output,,27.459575526733655,4.818705793464987,6.168831168831169
So God created humans to be like himself; he made men and women.,Ala ka Wina'am da maal ninsaal nwɛnɛ o mɛŋi an si'em la. Dau nɛ pu'a ka o da maal.,,onesimus_A84A9EF3_Dec 04 output,,,4.818705793464987,6.168831168831169
"years old, he had three sons and named them Shem, Ham, and Japheth.",") la, o da du'a Sem nɛ Ham nɛ Jafet.","These are the sons of Shem, Ham, and Japheth.",onesimus_A84A9EF3_Dec 04 output,,46.93904210394129,4.818705793464987,6.168831168831169
"and asked, “Hagar, where have you come from, and where are you going?” She answered, “I'm running away from Sarai, my owner.”","Ka maliak la yɛl o ye, “Haga onɛ an Sarai yammʋga, fʋ yi yaanɛ na, ka wa'ae yaanɛ?” Ka o gandig ye, “M zɔtnɛ yiti m zugdaan Sarai san'an.”","Then the man said to him, ""Take Sarai to your tent, so that she may be a wife to you? But do you know?"" Then he replied, ""I know that is why I gave Sarai to you.""",onesimus_A84A9EF3_Dec 04 output,,19.15749646718325,4.818705793464987,6.168831168831169
and they had a son.,ka o tʋk pʋʋgʋ du'a biribiŋ.,The dog is barking.,onesimus_A84A9EF3_Dec 04 output,,9.945642159572508,4.818705793464987,6.168831168831169
"Jacob said, “Now tell me your name.” “Don't you know who I am?” he asked. And he blessed Jacob.","Ka Jakob yɛl ye, “M sɔsidif nɛ, yɛlimi fʋ yʋ'ʋr!” Ka o lɛbis ye, “Ka bɔ ka fʋ bu'osidi m yʋ'ʋrɛ?” Ka niŋ o zug bareka anina.","Then Jacob said, “I had a dream, you will see the end!” And they asked, “Who will judge us at the end?” And he went to the riverbank.",onesimus_A84A9EF3_Dec 04 output,,27.585540567217535,4.818705793464987,6.168831168831169
So God created humans to be like himself; he made men and women.,Ala ka Wina'am da maal ninsaal nwɛnɛ o mɛŋi an si'em la. Dau nɛ pu'a ka o da maal.,"The thing that Wina'am knows, we should do it at the right time. Come, you are ready to know it.",gerhardt_34E1778F_output (7),,15.873432355962366,4.818705793464987,6.168831168831169
"years old, he had three sons and named them Shem, Ham, and Japheth.",") la, o da du'a Sem nɛ Ham nɛ Jafet.","These are the sons of Shem, Ham, and Japheth.",gerhardt_34E1778F_output (7),,46.93904210394129,4.818705793464987,6.168831168831169
"and asked, “Hagar, where have you come from, and where are you going?” She answered, “I'm running away from Sarai, my owner.”","Ka maliak la yɛl o ye, “Haga onɛ an Sarai yammʋga, fʋ yi yaanɛ na, ka wa'ae yaanɛ?” Ka o gandig ye, “M zɔtnɛ yiti m zugdaan Sarai san'an.”","And the man said to him, “Take Sarai your wife, so that you may have her as your wife?” And he replied, “I will indeed give Sarai, my wife, to you.”",gerhardt_34E1778F_output (7),,25.32842877131763,4.818705793464987,6.168831168831169
and they had a son.,ka o tʋk pʋʋgʋ du'a biribiŋ.,You have taken your story.,gerhardt_34E1778F_output (7),,11.244949779228739,4.818705793464987,6.168831168831169
"Jacob said, “Now tell me your name.” “Don't you know who I am?” he asked. And he blessed Jacob.","Ka Jakob yɛl ye, “M sɔsidif nɛ, yɛlimi fʋ yʋ'ʋr!” Ka o lɛbis ye, “Ka bɔ ka fʋ bu'osidi m yʋ'ʋrɛ?” Ka niŋ o zug bareka anina.","Jakob said, ""I have realized that today I must go!"" And he replied, ""Should I go that way?"" Then he went to the market.",gerhardt_34E1778F_output (7),,19.595800328665636,4.818705793464987,6.168831168831169
So God created humans to be like himself; he made men and women.,Ala ka Wina'am da maal ninsaal nwɛnɛ o mɛŋi an si'em la. Dau nɛ pu'a ka o da maal.,"Ala and Wina'am took our money, and they know to ask for it back. Now they have a problem with the money.",output_JA-5,,15.766355074434003,4.818705793464987,6.168831168831169
"years old, he had three sons and named them Shem, Ham, and Japheth.",") la, o da du'a Sem nɛ Ham nɛ Jafet.","These are the sons of Shem, Ham, and Japheth.",output_JA-5,,46.93904210394129,4.818705793464987,6.168831168831169
"and asked, “Hagar, where have you come from, and where are you going?” She answered, “I'm running away from Sarai, my owner.”","Ka maliak la yɛl o ye, “Haga onɛ an Sarai yammʋga, fʋ yi yaanɛ na, ka wa'ae yaanɛ?” Ka o gandig ye, “M zɔtnɛ yiti m zugdaan Sarai san'an.”","And the man said to him, “What has Sarai done to you that you are angry with her?” And he answered, “I have given her to Sarai as my wife.”",output_JA-5,,28.677931959713604,4.818705793464987,6.168831168831169
and they had a son.,ka o tʋk pʋʋgʋ du'a biribiŋ.,Your hand comes to help.,output_JA-5,,16.051989415829855,4.818705793464987,6.168831168831169
"Jacob said, “Now tell me your name.” “Don't you know who I am?” he asked. And he blessed Jacob.","Ka Jakob yɛl ye, “M sɔsidif nɛ, yɛlimi fʋ yʋ'ʋr!” Ka o lɛbis ye, “Ka bɔ ka fʋ bu'osidi m yʋ'ʋrɛ?” Ka niŋ o zug bareka anina.","Then Jacob said, ""I have had a dream, and because of it, I am afraid!"" And they asked him, ""Why are you so afraid of it?"" And then he told them the whole story.",output_JA-5,,25.43099516562194,4.818705793464987,6.168831168831169
So God created humans to be like himself; he made men and women.,Ala ka Wina'am da maal ninsaal nwɛnɛ o mɛŋi an si'em la. Dau nɛ pu'a ka o da maal.,"The thing that Wina’am knows, we should do it at the right time. Come, you are ready to know that.",john_86344B85_output (7),,15.762226749140277,4.818705793464987,6.168831168831169
"years old, he had three sons and named them Shem, Ham, and Japheth.",") la, o da du'a Sem nɛ Ham nɛ Jafet.","These are the sons of Shem, Ham, and Japheth.",john_86344B85_output (7),,46.93904210394129,4.818705793464987,6.168831168831169
"and asked, “Hagar, where have you come from, and where are you going?” She answered, “I'm running away from Sarai, my owner.”","Ka maliak la yɛl o ye, “Haga onɛ an Sarai yammʋga, fʋ yi yaanɛ na, ka wa'ae yaanɛ?” Ka o gandig ye, “M zɔtnɛ yiti m zugdaan Sarai san'an.”","The man said to him, ""Take her to be Sarai's wife, so that you may have a son, but why would you want her?"" He replied, ""I know that I took Sarai as my wife.""",john_86344B85_output (7),,20.629279795693428,4.818705793464987,6.168831168831169
and they had a son.,ka o tʋk pʋʋgʋ du'a biribiŋ.,The dog barked loudly at the stranger.,john_86344B85_output (7),,16.5728385597304,4.818705793464987,6.168831168831169
"Jacob said, “Now tell me your name.” “Don't you know who I am?” he asked. And he blessed Jacob.","Ka Jakob yɛl ye, “M sɔsidif nɛ, yɛlimi fʋ yʋ'ʋr!” Ka o lɛbis ye, “Ka bɔ ka fʋ bu'osidi m yʋ'ʋrɛ?” Ka niŋ o zug bareka anina.","Then Jacob said, ""I have suffered all these days for you!"" And he replied, ""What have you done for me?"" And then he did a great thing.",john_86344B85_output (7),,24.187896021256687,4.818705793464987,6.168831168831169
So God created humans to be like himself; he made men and women.,Ala ka Wina'am da maal ninsaal nwɛnɛ o mɛŋi an si'em la. Dau nɛ pu'a ka o da maal.,"Therefore, regarding Winaam's matter that we knew, he mentioned it in the morning. Now, he carried out that task.",Dec 05 output,,16.319990928999857,4.818705793464987,6.168831168831169
"years old, he had three sons and named them Shem, Ham, and Japheth.",") la, o da du'a Sem nɛ Ham nɛ Jafet.","To you, the prayer of Shem, Ham, and Japheth.",Dec 05 output,,40.60654660728504,4.818705793464987,6.168831168831169
"and asked, “Hagar, where have you come from, and where are you going?” She answered, “I'm running away from Sarai, my owner.”","Ka maliak la yɛl o ye, “Haga onɛ an Sarai yammʋga, fʋ yi yaanɛ na, ka wa'ae yaanɛ?” Ka o gandig ye, “M zɔtnɛ yiti m zugdaan Sarai san'an.”","And the man said to him, “What has Sarai done to you that you are angry with her?” And he answered, “I have given her to Sarai as my wife.”",Dec 05 output,,28.677931959713604,4.818705793464987,6.168831168831169
and they had a son.,ka o tʋk pʋʋgʋ du'a biribiŋ.,Come and take the prayer offering.,Dec 05 output,,20.49209882859025,4.818705793464987,6.168831168831169
"Jacob said, “Now tell me your name.” “Don't you know who I am?” he asked. And he blessed Jacob.","Ka Jakob yɛl ye, “M sɔsidif nɛ, yɛlimi fʋ yʋ'ʋr!” Ka o lɛbis ye, “Ka bɔ ka fʋ bu'osidi m yʋ'ʋrɛ?” Ka niŋ o zug bareka anina.",,Dec 05 output,,,4.818705793464987,6.168831168831169
So God created humans to be like himself; he made men and women.,Ala ka Wina'am da maal ninsaal nwɛnɛ o mɛŋi an si'em la. Dau nɛ pu'a ka o da maal.,"Ala and Winaam know our wealth, but they see what we do. They take our wealth.",onesimus_C968674F_Dec 07 output,,14.829737939538266,4.818705793464987,6.168831168831169
"years old, he had three sons and named them Shem, Ham, and Japheth.",") la, o da du'a Sem nɛ Ham nɛ Jafet.","Thus, he gave a blessing to Shem, Ham, and Japheth.",onesimus_C968674F_Dec 07 output,,41.39328833077296,4.818705793464987,6.168831168831169
"and asked, “Hagar, where have you come from, and where are you going?” She answered, “I'm running away from Sarai, my owner.”","Ka maliak la yɛl o ye, “Haga onɛ an Sarai yammʋga, fʋ yi yaanɛ na, ka wa'ae yaanɛ?” Ka o gandig ye, “M zɔtnɛ yiti m zugdaan Sarai san'an.”","And the man said to him, ""Take Sarai with you, is this your custom, or is this your way?"" And he replied, ""I have decided to take Sarai with me.""",onesimus_C968674F_Dec 07 output,,19.374812862437356,4.818705793464987,6.168831168831169
and they had a son.,ka o tʋk pʋʋgʋ du'a biribiŋ.,You go the way of the hand path.,onesimus_C968674F_Dec 07 output,,19.19693047808947,4.818705793464987,6.168831168831169
"Jacob said, “Now tell me your name.” “Don't you know who I am?” he asked. And he blessed Jacob.","Ka Jakob yɛl ye, “M sɔsidif nɛ, yɛlimi fʋ yʋ'ʋr!” Ka o lɛbis ye, “Ka bɔ ka fʋ bu'osidi m yʋ'ʋrɛ?” Ka niŋ o zug bareka anina.","Then Jacob said, “I had a dream, you will see the end!” And they asked, “Who will judge us at the end?” And he went to the riverbank.",onesimus_C968674F_Dec 07 output,,27.585540567217535,4.818705793464987,6.168831168831169
So God created humans to be like himself; he made men and women.,Ala ka Wina'am da maal ninsaal nwɛnɛ o mɛŋi an si'em la. Dau nɛ pu'a ka o da maal.,"Ala and Wina’am took our money, and they know to ask for it back. Now their problem is the money.",john_C52DEBBB_output (10),,16.098638125581104,4.818705793464987,6.168831168831169
"years old, he had three sons and named them Shem, Ham, and Japheth.",") la, o da du'a Sem nɛ Ham nɛ Jafet.","These are the sons of Shem, Ham, and Japheth.",john_C52DEBBB_output (10),,46.93904210394129,4.818705793464987,6.168831168831169
"and asked, “Hagar, where have you come from, and where are you going?” She answered, “I'm running away from Sarai, my owner.”","Ka maliak la yɛl o ye, “Haga onɛ an Sarai yammʋga, fʋ yi yaanɛ na, ka wa'ae yaanɛ?” Ka o gandig ye, “M zɔtnɛ yiti m zugdaan Sarai san'an.”","Then the man said to him, ""Take Sarai as your wife, for this is your reward, is your kindness lacking?"" And he answered, ""I will indeed take Sarai as my wife because she is my relative.""",john_C52DEBBB_output (10),,25.649736228274474,4.818705793464987,6.168831168831169
and they had a son.,ka o tʋk pʋʋgʋ du'a biribiŋ.,"Come, follow the path with your hand extended.",john_C52DEBBB_output (10),,17.251883757079245,4.818705793464987,6.168831168831169
"Jacob said, “Now tell me your name.” “Don't you know who I am?” he asked. And he blessed Jacob.","Ka Jakob yɛl ye, “M sɔsidif nɛ, yɛlimi fʋ yʋ'ʋr!” Ka o lɛbis ye, “Ka bɔ ka fʋ bu'osidi m yʋ'ʋrɛ?” Ka niŋ o zug bareka anina.","Then Jacob said, ""I have endured all these days for you!"" And he replied, ""What have you done for my strength?"" And then he took the blessing.",john_C52DEBBB_output (10),,27.96571620574936,4.818705793464987,6.168831168831169
So God created humans to be like himself; he made men and women.,Ala ka Wina'am da maal ninsaal nwɛnɛ o mɛŋi an si'em la. Dau nɛ pu'a ka o da maal.,"Ala and Wina’am took our money, and they know to ask for it back. Now their problem is the money.",gerhardt_62CB5CC1_output (4),,16.098638125581104,4.818705793464987,6.168831168831169
"years old, he had three sons and named them Shem, Ham, and Japheth.",") la, o da du'a Sem nɛ Ham nɛ Jafet.","These are the sons of Shem, Ham, and Japheth.",gerhardt_62CB5CC1_output (4),,46.93904210394129,4.818705793464987,6.168831168831169
"and asked, “Hagar, where have you come from, and where are you going?” She answered, “I'm running away from Sarai, my owner.”","Ka maliak la yɛl o ye, “Haga onɛ an Sarai yammʋga, fʋ yi yaanɛ na, ka wa'ae yaanɛ?” Ka o gandig ye, “M zɔtnɛ yiti m zugdaan Sarai san'an.”","And the man said to him, “What has Sarai done to you that you are angry with her?” And he answered, “I have given her to Sarai as my wife.”",gerhardt_62CB5CC1_output (4),,28.677931959713604,4.818705793464987,6.168831168831169
and they had a son.,ka o tʋk pʋʋgʋ du'a biribiŋ.,Your hand comes to help.,gerhardt_62CB5CC1_output (4),,16.051989415829855,4.818705793464987,6.168831168831169
"Jacob said, “Now tell me your name.” “Don't you know who I am?” he asked. And he blessed Jacob.","Ka Jakob yɛl ye, “M sɔsidif nɛ, yɛlimi fʋ yʋ'ʋr!” Ka o lɛbis ye, “Ka bɔ ka fʋ bu'osidi m yʋ'ʋrɛ?” Ka niŋ o zug bareka anina.","Then Jacob said, “I have suffered all these days for you!” And he replied, “What have you done for me, serving me with your strength?” And now you should take a rest.",gerhardt_62CB5CC1_output (4),,27.459575526733655,4.818705793464987,6.168831168831169
So God created humans to be like himself; he made men and women.,Ala ka Wina'am da maal ninsaal nwɛnɛ o mɛŋi an si'em la. Dau nɛ pu'a ka o da maal.,,Dec 04 output,,,4.818705793464987,6.168831168831169
"years old, he had three sons and named them Shem, Ham, and Japheth.",") la, o da du'a Sem nɛ Ham nɛ Jafet.","These are the sons of Shem, Ham, and Japheth.",Dec 04 output,,46.93904210394129,4.818705793464987,6.168831168831169
"and asked, “Hagar, where have you come from, and where are you going?” She answered, “I'm running away from Sarai, my owner.”","Ka maliak la yɛl o ye, “Haga onɛ an Sarai yammʋga, fʋ yi yaanɛ na, ka wa'ae yaanɛ?” Ka o gandig ye, “M zɔtnɛ yiti m zugdaan Sarai san'an.”","Then the man said to him, ""Take Sarai to your tent, so that she may be a wife to you? But do you know?"" Then he replied, ""I know that is why I gave Sarai to you.""",Dec 04 output,,19.15749646718325,4.818705793464987,6.168831168831169
and they had a son.,ka o tʋk pʋʋgʋ du'a biribiŋ.,The dog is barking.,Dec 04 output,,9.945642159572508,4.818705793464987,6.168831168831169
"Jacob said, “Now tell me your name.” “Don't you know who I am?” he asked. And he blessed Jacob.","Ka Jakob yɛl ye, “M sɔsidif nɛ, yɛlimi fʋ yʋ'ʋr!” Ka o lɛbis ye, “Ka bɔ ka fʋ bu'osidi m yʋ'ʋrɛ?” Ka niŋ o zug bareka anina.","Then Jacob said, “I had a dream, you will see the end!” And they asked, “Who will judge us at the end?” And he went to the riverbank.",Dec 04 output,,27.585540567217535,4.818705793464987,6.168831168831169
So God created humans to be like himself; he made men and women.,Ala ka Wina'am da maal ninsaal nwɛnɛ o mɛŋi an si'em la. Dau nɛ pu'a ka o da maal.,"The matter that Winaam knows, I have not yet mentioned. Therefore, that is the thing.",gerhardt_676E558A_output (6),,16.847583432497963,4.818705793464987,6.168831168831169
"years old, he had three sons and named them Shem, Ham, and Japheth.",") la, o da du'a Sem nɛ Ham nɛ Jafet.","These are the sons of Shem, Ham, and Japheth.",gerhardt_676E558A_output (6),,46.93904210394129,4.818705793464987,6.168831168831169
"and asked, “Hagar, where have you come from, and where are you going?” She answered, “I'm running away from Sarai, my owner.”","Ka maliak la yɛl o ye, “Haga onɛ an Sarai yammʋga, fʋ yi yaanɛ na, ka wa'ae yaanɛ?” Ka o gandig ye, “M zɔtnɛ yiti m zugdaan Sarai san'an.”","And the man said to him, “Take Sarai as your wife, so that she may be a mother to you; is this not good?” He replied, “I have done as you said, and I took Sarai as my wife.”",gerhardt_676E558A_output (6),,23.278039549369936,4.818705793464987,6.168831168831169
and they had a son.,ka o tʋk pʋʋgʋ du'a biribiŋ.,You have taken your story.,gerhardt_676E558A_output (6),,11.244949779228739,4.818705793464987,6.168831168831169
"Jacob said, “Now tell me your name.” “Don't you know who I am?” he asked. And he blessed Jacob.","Ka Jakob yɛl ye, “M sɔsidif nɛ, yɛlimi fʋ yʋ'ʋr!” Ka o lɛbis ye, “Ka bɔ ka fʋ bu'osidi m yʋ'ʋrɛ?” Ka niŋ o zug bareka anina.",Translation here,gerhardt_676E558A_output (6),,3.8781445289623564,4.818705793464987,6.168831168831169
So God created humans to be like himself; he made men and women.,Ala ka Wina'am da maal ninsaal nwɛnɛ o mɛŋi an si'em la. Dau nɛ pu'a ka o da maal.,"Ala and Winaam know your wealth, but they don’t want it. However, you have your own wealth.",gerhardt_107423D8_output (9),,12.704536383882441,4.818705793464987,6.168831168831169
"years old, he had three sons and named them Shem, Ham, and Japheth.",") la, o da du'a Sem nɛ Ham nɛ Jafet.","These are the sons of Shem, Ham, and Japheth.",gerhardt_107423D8_output (9),,46.93904210394129,4.818705793464987,6.168831168831169
"and asked, “Hagar, where have you come from, and where are you going?” She answered, “I'm running away from Sarai, my owner.”","Ka maliak la yɛl o ye, “Haga onɛ an Sarai yammʋga, fʋ yi yaanɛ na, ka wa'ae yaanɛ?” Ka o gandig ye, “M zɔtnɛ yiti m zugdaan Sarai san'an.”","Then the man said to him, ""Take Sarai to your tent, so that she may be a wife to you? But do you know?"" Then he replied, ""I know that is why I gave Sarai to you.""",gerhardt_107423D8_output (9),,19.15749646718325,4.818705793464987,6.168831168831169
and they had a son.,ka o tʋk pʋʋgʋ du'a biribiŋ.,"Come here, the water is boiling.",gerhardt_107423D8_output (9),,11.73657132454024,4.818705793464987,6.168831168831169
"Jacob said, “Now tell me your name.” “Don't you know who I am?” he asked. And he blessed Jacob.","Ka Jakob yɛl ye, “M sɔsidif nɛ, yɛlimi fʋ yʋ'ʋr!” Ka o lɛbis ye, “Ka bɔ ka fʋ bu'osidi m yʋ'ʋrɛ?” Ka niŋ o zug bareka anina.","Then Jacob said, “I had a dream; you will see the end!” And they replied, “But has the end not yet come?” And then he went to the village.",gerhardt_107423D8_output (9),,24.651671587644078,4.818705793464987,6.168831168831169
So God created humans to be like himself; he made men and women.,Ala ka Wina'am da maal ninsaal nwɛnɛ o mɛŋi an si'em la. Dau nɛ pu'a ka o da maal.,"Ala and Wina'am took our money, and they know to ask for it back. Now their problem is the money.",gerhardt_E4F773B6_output (3),,16.098638125581104,4.818705793464987,6.168831168831169
"years old, he had three sons and named them Shem, Ham, and Japheth.",") la, o da du'a Sem nɛ Ham nɛ Jafet.","These are the sons of Shem, Ham, and Japheth.",gerhardt_E4F773B6_output (3),,46.93904210394129,4.818705793464987,6.168831168831169
"and asked, “Hagar, where have you come from, and where are you going?” She answered, “I'm running away from Sarai, my owner.”","Ka maliak la yɛl o ye, “Haga onɛ an Sarai yammʋga, fʋ yi yaanɛ na, ka wa'ae yaanɛ?” Ka o gandig ye, “M zɔtnɛ yiti m zugdaan Sarai san'an.”",Translation here,gerhardt_E4F773B6_output (3),,4.288459997227015,4.818705793464987,6.168831168831169
and they had a son.,ka o tʋk pʋʋgʋ du'a biribiŋ.,The dog is barking.,gerhardt_E4F773B6_output (3),,9.945642159572508,4.818705793464987,6.168831168831169
"Jacob said, “Now tell me your name.” “Don't you know who I am?” he asked. And he blessed Jacob.","Ka Jakob yɛl ye, “M sɔsidif nɛ, yɛlimi fʋ yʋ'ʋr!” Ka o lɛbis ye, “Ka bɔ ka fʋ bu'osidi m yʋ'ʋrɛ?” Ka niŋ o zug bareka anina.","And Jacob said, “I have sinned against you, my eyes are closed and I will not see!” And he replied, “Is it because your eyes are closed that you do not see me?” And then he turned away from him.",gerhardt_E4F773B6_output (3),,27.56031321414021,4.818705793464987,6.168831168831169
So God created humans to be like himself; he made men and women.,Ala ka Wina'am da maal ninsaal nwɛnɛ o mɛŋi an si'em la. Dau nɛ pu'a ka o da maal.,"The matter that Wina'am knows, we must do it at the right time. Come, you are prepared to know it.",john_B0DBB2CB_output (4),,17.546358167527195,4.818705793464987,6.168831168831169
"years old, he had three sons and named them Shem, Ham, and Japheth.",") la, o da du'a Sem nɛ Ham nɛ Jafet.","To you, the prayer of Shem, Ham, and Japheth.",john_B0DBB2CB_output (4),,40.60654660728504,4.818705793464987,6.168831168831169
"and asked, “Hagar, where have you come from, and where are you going?” She answered, “I'm running away from Sarai, my owner.”","Ka maliak la yɛl o ye, “Haga onɛ an Sarai yammʋga, fʋ yi yaanɛ na, ka wa'ae yaanɛ?” Ka o gandig ye, “M zɔtnɛ yiti m zugdaan Sarai san'an.”","""And when he spoke to him, saying, 'What has Sarai done to you, that you have brought this evil upon her?' He said, 'I have given her to Sarai as my wife.'""",john_B0DBB2CB_output (4),,20.759742771890277,4.818705793464987,6.168831168831169
and they had a son.,ka o tʋk pʋʋgʋ du'a biribiŋ.,You have taken your story.,john_B0DBB2CB_output (4),,11.244949779228739,4.818705793464987,6.168831168831169
"Jacob said, “Now tell me your name.” “Don't you know who I am?” he asked. And he blessed Jacob.","Ka Jakob yɛl ye, “M sɔsidif nɛ, yɛlimi fʋ yʋ'ʋr!” Ka o lɛbis ye, “Ka bɔ ka fʋ bu'osidi m yʋ'ʋrɛ?” Ka niŋ o zug bareka anina.","And Jacob said, 'I have suffered greatly; you will know it!' And you replied, 'Are you trying to test me?' And then you took another approach.",john_B0DBB2CB_output (4),,26.446852724076948,4.818705793464987,6.168831168831169
So God created humans to be like himself; he made men and women.,Ala ka Wina'am da maal ninsaal nwɛnɛ o mɛŋi an si'em la. Dau nɛ pu'a ka o da maal.,"Ala and Wina'am took our money, and they know to ask for it back. Now they have a problem with the money.",gerhardt_E32D1C1E_output_mzX2S5,,15.766355074434003,4.818705793464987,6.168831168831169
"years old, he had three sons and named them Shem, Ham, and Japheth.",") la, o da du'a Sem nɛ Ham nɛ Jafet.","Thus, you know the descendants of Sem, Ham, and Jafet.",gerhardt_E32D1C1E_output_mzX2S5,,29.15713832400983,4.818705793464987,6.168831168831169
"and asked, “Hagar, where have you come from, and where are you going?” She answered, “I'm running away from Sarai, my owner.”","Ka maliak la yɛl o ye, “Haga onɛ an Sarai yammʋga, fʋ yi yaanɛ na, ka wa'ae yaanɛ?” Ka o gandig ye, “M zɔtnɛ yiti m zugdaan Sarai san'an.”",Translation here,gerhardt_E32D1C1E_output_mzX2S5,,4.288459997227015,4.818705793464987,6.168831168831169
and they had a son.,ka o tʋk pʋʋgʋ du'a biribiŋ.,"He took the pügü of his hand, biribiŋ.",gerhardt_E32D1C1E_output_mzX2S5,,16.062677989498457,4.818705793464987,6.168831168831169
"Jacob said, “Now tell me your name.” “Don't you know who I am?” he asked. And he blessed Jacob.","Ka Jakob yɛl ye, “M sɔsidif nɛ, yɛlimi fʋ yʋ'ʋr!” Ka o lɛbis ye, “Ka bɔ ka fʋ bu'osidi m yʋ'ʋrɛ?” Ka niŋ o zug bareka anina.",,gerhardt_E32D1C1E_output_mzX2S5,,,4.818705793464987,6.168831168831169
So God created humans to be like himself; he made men and women.,Ala ka Wina'am da maal ninsaal nwɛnɛ o mɛŋi an si'em la. Dau nɛ pu'a ka o da maal.,"Ala and Wina’am took our money, and they know to ask for it back. Now their problem is the money.",gerhardt_145C11AE_output (2),,16.098638125581104,4.818705793464987,6.168831168831169
"years old, he had three sons and named them Shem, Ham, and Japheth.",") la, o da du'a Sem nɛ Ham nɛ Jafet.","These are the sons of Shem, Ham, and Japheth.",gerhardt_145C11AE_output (2),,46.93904210394129,4.818705793464987,6.168831168831169
"and asked, “Hagar, where have you come from, and where are you going?” She answered, “I'm running away from Sarai, my owner.”","Ka maliak la yɛl o ye, “Haga onɛ an Sarai yammʋga, fʋ yi yaanɛ na, ka wa'ae yaanɛ?” Ka o gandig ye, “M zɔtnɛ yiti m zugdaan Sarai san'an.”","And the man said to him, “What has Sarai done to you that you are angry with her?” And he answered, “I have given her to Sarai as my wife.”",gerhardt_145C11AE_output (2),,28.677931959713604,4.818705793464987,6.168831168831169
and they had a son.,ka o tʋk pʋʋgʋ du'a biribiŋ.,Your hand comes to help.,gerhardt_145C11AE_output (2),,16.051989415829855,4.818705793464987,6.168831168831169
"Jacob said, “Now tell me your name.” “Don't you know who I am?” he asked. And he blessed Jacob.","Ka Jakob yɛl ye, “M sɔsidif nɛ, yɛlimi fʋ yʋ'ʋr!” Ka o lɛbis ye, “Ka bɔ ka fʋ bu'osidi m yʋ'ʋrɛ?” Ka niŋ o zug bareka anina.","Then Jacob said, “I had a dream, you will see the end!” And they asked, “Who will judge us at the end?” And he went to the riverbank.",gerhardt_145C11AE_output (2),,27.585540567217535,4.818705793464987,6.168831168831169
So God created humans to be like himself; he made men and women.,Ala ka Wina'am da maal ninsaal nwɛnɛ o mɛŋi an si'em la. Dau nɛ pu'a ka o da maal.,"Ala and Wina’am took our money, and they know to ask for it back. Now their problem is the money.",gerhardt_087BEB88_output_loRIsq,,16.098638125581104,4.818705793464987,6.168831168831169
"years old, he had three sons and named them Shem, Ham, and Japheth.",") la, o da du'a Sem nɛ Ham nɛ Jafet.","These are the sons of Shem, Ham, and Japheth.",gerhardt_087BEB88_output_loRIsq,,46.93904210394129,4.818705793464987,6.168831168831169
"and asked, “Hagar, where have you come from, and where are you going?” She answered, “I'm running away from Sarai, my owner.”","Ka maliak la yɛl o ye, “Haga onɛ an Sarai yammʋga, fʋ yi yaanɛ na, ka wa'ae yaanɛ?” Ka o gandig ye, “M zɔtnɛ yiti m zugdaan Sarai san'an.”","And the man said to him, “What has Sarai done to you that you are angry with her?” And he answered, “I have given her to Sarai as my wife.”",gerhardt_087BEB88_output_loRIsq,,28.677931959713604,4.818705793464987,6.168831168831169
and they had a son.,ka o tʋk pʋʋgʋ du'a biribiŋ.,May your hand come to help you.,gerhardt_087BEB88_output_loRIsq,,16.06316949659486,4.818705793464987,6.168831168831169
"Jacob said, “Now tell me your name.” “Don't you know who I am?” he asked. And he blessed Jacob.","Ka Jakob yɛl ye, “M sɔsidif nɛ, yɛlimi fʋ yʋ'ʋr!” Ka o lɛbis ye, “Ka bɔ ka fʋ bu'osidi m yʋ'ʋrɛ?” Ka niŋ o zug bareka anina.","Then Jacob said, ""I have had a dream; you will see the end!"" And they asked, ""Are you talking about understanding my end?"" Then he went to the fields.",gerhardt_087BEB88_output_loRIsq,,24.35807993608012,4.818705793464987,6.168831168831169
So God created humans to be like himself; he made men and women.,Ala ka Wina'am da maal ninsaal nwɛnɛ o mɛŋi an si'em la. Dau nɛ pu'a ka o da maal.,"Ala and Wina’am took our money, and they know to ask for it back. Now their problem is the money.",john_C904F397_output (2),,16.098638125581104,4.818705793464987,6.168831168831169
"years old, he had three sons and named them Shem, Ham, and Japheth.",") la, o da du'a Sem nɛ Ham nɛ Jafet.","These are the sons of Shem, Ham, and Japheth.",john_C904F397_output (2),,46.93904210394129,4.818705793464987,6.168831168831169
"and asked, “Hagar, where have you come from, and where are you going?” She answered, “I'm running away from Sarai, my owner.”","Ka maliak la yɛl o ye, “Haga onɛ an Sarai yammʋga, fʋ yi yaanɛ na, ka wa'ae yaanɛ?” Ka o gandig ye, “M zɔtnɛ yiti m zugdaan Sarai san'an.”","Then the Lord said to Abram, ""Take your wife Sarai with you, and go to the land I will show you."" Abram replied, ""I will go, and I will take my wife Sarai with me.""",john_C904F397_output (2),,19.477245316255104,4.818705793464987,6.168831168831169
and they had a son.,ka o tʋk pʋʋgʋ du'a biribiŋ.,Your hand comes to help.,john_C904F397_output (2),,16.051989415829855,4.818705793464987,6.168831168831169
"Jacob said, “Now tell me your name.” “Don't you know who I am?” he asked. And he blessed Jacob.","Ka Jakob yɛl ye, “M sɔsidif nɛ, yɛlimi fʋ yʋ'ʋr!” Ka o lɛbis ye, “Ka bɔ ka fʋ bu'osidi m yʋ'ʋrɛ?” Ka niŋ o zug bareka anina.","Then Jacob said, “I have suffered all these days for you!” And he replied, “What have you been doing for me?” So he went to the field.",john_C904F397_output (2),,27.032633094789293,4.818705793464987,6.168831168831169
So God created humans to be like himself; he made men and women.,Ala ka Wina'am da maal ninsaal nwɛnɛ o mɛŋi an si'em la. Dau nɛ pu'a ka o da maal.,"Ala and Winaam know your wealth, but they do not want it. However, you have your own wealth.",onesimus_E33AE420_Dec 11 output,,12.704536383882441,4.818705793464987,6.168831168831169
"years old, he had three sons and named them Shem, Ham, and Japheth.",") la, o da du'a Sem nɛ Ham nɛ Jafet.","These are the sons of Shem, Ham, and Japheth.",onesimus_E33AE420_Dec 11 output,,46.93904210394129,4.818705793464987,6.168831168831169
"and asked, “Hagar, where have you come from, and where are you going?” She answered, “I'm running away from Sarai, my owner.”","Ka maliak la yɛl o ye, “Haga onɛ an Sarai yammʋga, fʋ yi yaanɛ na, ka wa'ae yaanɛ?” Ka o gandig ye, “M zɔtnɛ yiti m zugdaan Sarai san'an.”","""And the man said to him, 'What has Sarai done to you that you are angry with her?' He replied, 'I have given her to Sarai as my wife.'""",onesimus_E33AE420_Dec 11 output,,20.791641392822914,4.818705793464987,6.168831168831169
and they had a son.,ka o tʋk pʋʋgʋ du'a biribiŋ.,You have taken your story.,onesimus_E33AE420_Dec 11 output,,11.244949779228739,4.818705793464987,6.168831168831169
"Jacob said, “Now tell me your name.” “Don't you know who I am?” he asked. And he blessed Jacob.","Ka Jakob yɛl ye, “M sɔsidif nɛ, yɛlimi fʋ yʋ'ʋr!” Ka o lɛbis ye, “Ka bɔ ka fʋ bu'osidi m yʋ'ʋrɛ?” Ka niŋ o zug bareka anina.",,onesimus_E33AE420_Dec 11 output,,,4.818705793464987,6.168831168831169
So God created humans to be like himself; he made men and women.,Ala ka Wina'am da maal ninsaal nwɛnɛ o mɛŋi an si'em la. Dau nɛ pu'a ka o da maal.,The thing that Wina'am knows is good; we should do it at the right time. Come and do the good thing that you know.,onesimus_48E85B7F_Dec 09 output,,15.405106277034248,4.818705793464987,6.168831168831169
"years old, he had three sons and named them Shem, Ham, and Japheth.",") la, o da du'a Sem nɛ Ham nɛ Jafet.","Thus, these are the descendants of Shem, Ham, and Japheth.",onesimus_48E85B7F_Dec 09 output,,45.59655322088458,4.818705793464987,6.168831168831169
"and asked, “Hagar, where have you come from, and where are you going?” She answered, “I'm running away from Sarai, my owner.”","Ka maliak la yɛl o ye, “Haga onɛ an Sarai yammʋga, fʋ yi yaanɛ na, ka wa'ae yaanɛ?” Ka o gandig ye, “M zɔtnɛ yiti m zugdaan Sarai san'an.”","Ka maliak la yɛl o ye, “Haga onɛ an Sarai yammʋga, fʋ yi yaanɛ na, ka wa'ae yaanɛ?” Ka o gandig ye, “M zɔtnɛ yiti m zugdaan Sarai san'an.”",onesimus_48E85B7F_Dec 09 output,,16.90747774151356,4.818705793464987,6.168831168831169
and they had a son.,ka o tʋk pʋʋgʋ du'a biribiŋ.,The dog is barking at the person.,onesimus_48E85B7F_Dec 09 output,,20.98410135092162,4.818705793464987,6.168831168831169
"Jacob said, “Now tell me your name.” “Don't you know who I am?” he asked. And he blessed Jacob.","Ka Jakob yɛl ye, “M sɔsidif nɛ, yɛlimi fʋ yʋ'ʋr!” Ka o lɛbis ye, “Ka bɔ ka fʋ bu'osidi m yʋ'ʋrɛ?” Ka niŋ o zug bareka anina.","And Jacob said, “I realize that, so I will go!” And they asked, “Is it because you have decided to go?” And then he went to the market immediately.",onesimus_48E85B7F_Dec 09 output,,28.511121860571663,4.818705793464987,6.168831168831169
So God created humans to be like himself; he made men and women.,Ala ka Wina'am da maal ninsaal nwɛnɛ o mɛŋi an si'em la. Dau nɛ pu'a ka o da maal.,"Ala and Wina’am took our money, and they know to ask for it back. Now their problem is the money.",Dec 01 output,,16.098638125581104,4.818705793464987,6.168831168831169
"years old, he had three sons and named them Shem, Ham, and Japheth.",") la, o da du'a Sem nɛ Ham nɛ Jafet.","These are the sons of Shem, Ham, and Japheth.",Dec 01 output,,46.93904210394129,4.818705793464987,6.168831168831169
"and asked, “Hagar, where have you come from, and where are you going?” She answered, “I'm running away from Sarai, my owner.”","Ka maliak la yɛl o ye, “Haga onɛ an Sarai yammʋga, fʋ yi yaanɛ na, ka wa'ae yaanɛ?” Ka o gandig ye, “M zɔtnɛ yiti m zugdaan Sarai san'an.”","""And when he saw her, he said, 'What has Sarai done to you, that you are angry with her?' He answered, 'I have given her to Sarai as my wife.'""",Dec 01 output,,27.638716942909276,4.818705793464987,6.168831168831169
and they had a son.,ka o tʋk pʋʋgʋ du'a biribiŋ.,The dog is barking.,Dec 01 output,,9.945642159572508,4.818705793464987,6.168831168831169
"Jacob said, “Now tell me your name.” “Don't you know who I am?” he asked. And he blessed Jacob.","Ka Jakob yɛl ye, “M sɔsidif nɛ, yɛlimi fʋ yʋ'ʋr!” Ka o lɛbis ye, “Ka bɔ ka fʋ bu'osidi m yʋ'ʋrɛ?” Ka niŋ o zug bareka anina.","And Jacob said, “I have suffered all these days for you!” And he replied, “What have you done for me, serving me with your strength?” And now you must rest yourself.",Dec 01 output,,28.63030464126907,4.818705793464987,6.168831168831169
So God created humans to be like himself; he made men and women.,Ala ka Wina'am da maal ninsaal nwɛnɛ o mɛŋi an si'em la. Dau nɛ pu'a ka o da maal.,"Ala and Wina’am asked for money, and they provided them with assistance. Now they have received the money.",gerhardt_80805CFE_output_7z6RFo,,16.917093360941944,4.818705793464987,6.168831168831169
"years old, he had three sons and named them Shem, Ham, and Japheth.",") la, o da du'a Sem nɛ Ham nɛ Jafet.","These are the generations of Shem, Ham, and Japheth.",gerhardt_80805CFE_output_7z6RFo,,45.23128464674049,4.818705793464987,6.168831168831169
"and asked, “Hagar, where have you come from, and where are you going?” She answered, “I'm running away from Sarai, my owner.”","Ka maliak la yɛl o ye, “Haga onɛ an Sarai yammʋga, fʋ yi yaanɛ na, ka wa'ae yaanɛ?” Ka o gandig ye, “M zɔtnɛ yiti m zugdaan Sarai san'an.”","""Then the man said to him, 'The matter concerning Sarai's wife, what is this? Is she your wife?' He replied, 'I said that she is my wife, Sarai.'""",gerhardt_80805CFE_output_7z6RFo,,18.635101548952996,4.818705793464987,6.168831168831169
and they had a son.,ka o tʋk pʋʋgʋ du'a biribiŋ.,You have taken your story.,gerhardt_80805CFE_output_7z6RFo,,11.244949779228739,4.818705793464987,6.168831168831169
"Jacob said, “Now tell me your name.” “Don't you know who I am?” he asked. And he blessed Jacob.","Ka Jakob yɛl ye, “M sɔsidif nɛ, yɛlimi fʋ yʋ'ʋr!” Ka o lɛbis ye, “Ka bɔ ka fʋ bu'osidi m yʋ'ʋrɛ?” Ka niŋ o zug bareka anina.",,gerhardt_80805CFE_output_7z6RFo,,,4.818705793464987,6.168831168831169
So God created humans to be like himself; he made men and women.,Ala ka Wina'am da maal ninsaal nwɛnɛ o mɛŋi an si'em la. Dau nɛ pu'a ka o da maal.,Ala and Wina’am took the money we had. They asked us about it. Now their problem is the money they have.,output_JA-3,,17.208217164416123,4.818705793464987,6.168831168831169
"years old, he had three sons and named them Shem, Ham, and Japheth.",") la, o da du'a Sem nɛ Ham nɛ Jafet.","These are the sons of Shem, Ham, and Japheth.",output_JA-3,,46.93904210394129,4.818705793464987,6.168831168831169
"and asked, “Hagar, where have you come from, and where are you going?” She answered, “I'm running away from Sarai, my owner.”","Ka maliak la yɛl o ye, “Haga onɛ an Sarai yammʋga, fʋ yi yaanɛ na, ka wa'ae yaanɛ?” Ka o gandig ye, “M zɔtnɛ yiti m zugdaan Sarai san'an.”","And the man said to him, “What has Sarai done to you that you are angry with her?” And he answered, “I have given her to Sarai as my wife.”",output_JA-3,,28.677931959713604,4.818705793464987,6.168831168831169
and they had a son.,ka o tʋk pʋʋgʋ du'a biribiŋ.,Your hand comes to help.,output_JA-3,,16.051989415829855,4.818705793464987,6.168831168831169
"Jacob said, “Now tell me your name.” “Don't you know who I am?” he asked. And he blessed Jacob.","Ka Jakob yɛl ye, “M sɔsidif nɛ, yɛlimi fʋ yʋ'ʋr!” Ka o lɛbis ye, “Ka bɔ ka fʋ bu'osidi m yʋ'ʋrɛ?” Ka niŋ o zug bareka anina.","And Jacob said, “I have suffered all these days for you!” And he replied, “What have you done for me, serving me with your strength?” Then he took a rest for himself.",output_JA-3,,27.479907051991788,4.818705793464987,6.168831168831169
So God created humans to be like himself; he made men and women.,Ala ka Wina'am da maal ninsaal nwɛnɛ o mɛŋi an si'em la. Dau nɛ pu'a ka o da maal.,"Father Wina'am, we have done the right thing in this time. Therefore, this is given to the one who knows.",Dec 06 output,,14.231215012637877,4.818705793464987,6.168831168831169
"years old, he had three sons and named them Shem, Ham, and Japheth.",") la, o da du'a Sem nɛ Ham nɛ Jafet.","Thus, these are the names of Shem, Ham, and Japheth.",Dec 06 output,,47.050987017194736,4.818705793464987,6.168831168831169
"and asked, “Hagar, where have you come from, and where are you going?” She answered, “I'm running away from Sarai, my owner.”","Ka maliak la yɛl o ye, “Haga onɛ an Sarai yammʋga, fʋ yi yaanɛ na, ka wa'ae yaanɛ?” Ka o gandig ye, “M zɔtnɛ yiti m zugdaan Sarai san'an.”","""Then the man said to him, 'The matter concerning Sarai's wife, what is this? Is she your wife?' He replied, 'I said that she is my wife, Sarai.'""",Dec 06 output,,18.635101548952996,4.818705793464987,6.168831168831169
and they had a son.,ka o tʋk pʋʋgʋ du'a biribiŋ.,You went to the field for your work.,Dec 06 output,,10.530886766490283,4.818705793464987,6.168831168831169
"Jacob said, “Now tell me your name.” “Don't you know who I am?” he asked. And he blessed Jacob.","Ka Jakob yɛl ye, “M sɔsidif nɛ, yɛlimi fʋ yʋ'ʋr!” Ka o lɛbis ye, “Ka bɔ ka fʋ bu'osidi m yʋ'ʋrɛ?” Ka niŋ o zug bareka anina.",,Dec 06 output,,,4.818705793464987,6.168831168831169
So God created humans to be like himself; he made men and women.,Ala ka Wina'am da maal ninsaal nwɛnɛ o mɛŋi an si'em la. Dau nɛ pu'a ka o da maal.,"Ala and Winaam know your wealth, but they don’t want it. However, you have your own wealth.",onesimus_C6D92021_Dec 02 output,,12.704536383882441,4.818705793464987,6.168831168831169
"years old, he had three sons and named them Shem, Ham, and Japheth.",") la, o da du'a Sem nɛ Ham nɛ Jafet.","These are the sons of Shem, Ham, and Japheth.",onesimus_C6D92021_Dec 02 output,,46.93904210394129,4.818705793464987,6.168831168831169
"and asked, “Hagar, where have you come from, and where are you going?” She answered, “I'm running away from Sarai, my owner.”","Ka maliak la yɛl o ye, “Haga onɛ an Sarai yammʋga, fʋ yi yaanɛ na, ka wa'ae yaanɛ?” Ka o gandig ye, “M zɔtnɛ yiti m zugdaan Sarai san'an.”","Then the man said to him, ""Take Sarai as your wife, so that she may be your wife, or what is your problem?"" He answered, ""I have taken her as Sarai's sister.""",onesimus_C6D92021_Dec 02 output,,25.24462199046875,4.818705793464987,6.168831168831169
and they had a son.,ka o tʋk pʋʋgʋ du'a biribiŋ.,Your hand comes to help.,onesimus_C6D92021_Dec 02 output,,16.051989415829855,4.818705793464987,6.168831168831169
"Jacob said, “Now tell me your name.” “Don't you know who I am?” he asked. And he blessed Jacob.","Ka Jakob yɛl ye, “M sɔsidif nɛ, yɛlimi fʋ yʋ'ʋr!” Ka o lɛbis ye, “Ka bɔ ka fʋ bu'osidi m yʋ'ʋrɛ?” Ka niŋ o zug bareka anina.","Then Jacob said, “I have suffered all these days for you!” And he replied, “What have you done for me, serving me with your strength?” And now you should take a rest.",onesimus_C6D92021_Dec 02 output,,27.459575526733655,4.818705793464987,6.168831168831169
So God created humans to be like himself; he made men and women.,Ala ka Wina'am da maal ninsaal nwɛnɛ o mɛŋi an si'em la. Dau nɛ pu'a ka o da maal.,"Ala and Winaam know your wealth, but they don’t want it. However, you have your own wealth.",Jan output 1 ,,12.704536383882441,4.818705793464987,6.168831168831169
"years old, he had three sons and named them Shem, Ham, and Japheth.",") la, o da du'a Sem nɛ Ham nɛ Jafet.","These are the sons of Shem, Ham, and Japheth.",Jan output 1 ,,46.93904210394129,4.818705793464987,6.168831168831169
"and asked, “Hagar, where have you come from, and where are you going?” She answered, “I'm running away from Sarai, my owner.”","Ka maliak la yɛl o ye, “Haga onɛ an Sarai yammʋga, fʋ yi yaanɛ na, ka wa'ae yaanɛ?” Ka o gandig ye, “M zɔtnɛ yiti m zugdaan Sarai san'an.”","Then the man said to him, ""Take Sarai to your tent, so that she may be a wife to you? But do you know?"" Then he replied, ""I know that is why I gave Sarai to you.""",Jan output 1 ,,19.15749646718325,4.818705793464987,6.168831168831169
and they had a son.,ka o tʋk pʋʋgʋ du'a biribiŋ.,The dog is barking.,Jan output 1 ,,9.945642159572508,4.818705793464987,6.168831168831169
"Jacob said, “Now tell me your name.” “Don't you know who I am?” he asked. And he blessed Jacob.","Ka Jakob yɛl ye, “M sɔsidif nɛ, yɛlimi fʋ yʋ'ʋr!” Ka o lɛbis ye, “Ka bɔ ka fʋ bu'osidi m yʋ'ʋrɛ?” Ka niŋ o zug bareka anina.","Then Jacob said, “I had a dream, you will see the end!” And they asked, “Who will judge us at the end?” And he went to the riverbank.",Jan output 1 ,,27.585540567217535,4.818705793464987,6.168831168831169
So God created humans to be like himself; he made men and women.,Ala ka Wina'am da maal ninsaal nwɛnɛ o mɛŋi an si'em la. Dau nɛ pu'a ka o da maal.,"Therefore, regarding Winaam's matter that we knew, he mentioned it in the morning. Now, he carried out that task.",onesimus_5B146D14_Dec 05 output,,16.319990928999857,4.818705793464987,6.168831168831169
"years old, he had three sons and named them Shem, Ham, and Japheth.",") la, o da du'a Sem nɛ Ham nɛ Jafet.","To you, the prayer of Shem, Ham, and Japheth.",onesimus_5B146D14_Dec 05 output,,40.60654660728504,4.818705793464987,6.168831168831169
"and asked, “Hagar, where have you come from, and where are you going?” She answered, “I'm running away from Sarai, my owner.”","Ka maliak la yɛl o ye, “Haga onɛ an Sarai yammʋga, fʋ yi yaanɛ na, ka wa'ae yaanɛ?” Ka o gandig ye, “M zɔtnɛ yiti m zugdaan Sarai san'an.”","And the man said to him, “What has Sarai done to you that you are angry with her?” And he answered, “I have given her to Sarai as my wife.”",onesimus_5B146D14_Dec 05 output,,28.677931959713604,4.818705793464987,6.168831168831169
and they had a son.,ka o tʋk pʋʋgʋ du'a biribiŋ.,Come and take the prayer offering.,onesimus_5B146D14_Dec 05 output,,20.49209882859025,4.818705793464987,6.168831168831169
"Jacob said, “Now tell me your name.” “Don't you know who I am?” he asked. And he blessed Jacob.","Ka Jakob yɛl ye, “M sɔsidif nɛ, yɛlimi fʋ yʋ'ʋr!” Ka o lɛbis ye, “Ka bɔ ka fʋ bu'osidi m yʋ'ʋrɛ?” Ka niŋ o zug bareka anina.",,onesimus_5B146D14_Dec 05 output,,,4.818705793464987,6.168831168831169
So God created humans to be like himself; he made men and women.,Ala ka Wina'am da maal ninsaal nwɛnɛ o mɛŋi an si'em la. Dau nɛ pu'a ka o da maal.,"The thing that Wina'am knows, we should do it at the right time. Come, since you are prepared to know it.",gerhardt_428C0151_output_jQjr1f,,15.707182393770244,4.818705793464987,6.168831168831169
"years old, he had three sons and named them Shem, Ham, and Japheth.",") la, o da du'a Sem nɛ Ham nɛ Jafet.","To you, the prayer of Shem, Ham, and Japheth.",gerhardt_428C0151_output_jQjr1f,,40.60654660728504,4.818705793464987,6.168831168831169
"and asked, “Hagar, where have you come from, and where are you going?” She answered, “I'm running away from Sarai, my owner.”","Ka maliak la yɛl o ye, “Haga onɛ an Sarai yammʋga, fʋ yi yaanɛ na, ka wa'ae yaanɛ?” Ka o gandig ye, “M zɔtnɛ yiti m zugdaan Sarai san'an.”","""Then the man said to him, 'The matter concerning Sarai's wife, what is this? Is she your wife?' He replied, 'I said that she is my wife, Sarai.'""",gerhardt_428C0151_output_jQjr1f,,18.635101548952996,4.818705793464987,6.168831168831169
and they had a son.,ka o tʋk pʋʋgʋ du'a biribiŋ.,You have taken your story.,gerhardt_428C0151_output_jQjr1f,,11.244949779228739,4.818705793464987,6.168831168831169
"Jacob said, “Now tell me your name.” “Don't you know who I am?” he asked. And he blessed Jacob.","Ka Jakob yɛl ye, “M sɔsidif nɛ, yɛlimi fʋ yʋ'ʋr!” Ka o lɛbis ye, “Ka bɔ ka fʋ bu'osidi m yʋ'ʋrɛ?” Ka niŋ o zug bareka anina.","Then Jacob said, ""I have suffered, you will know it!"" And he replied, ""What if I have not seen your face?"" And now he is walking away.",gerhardt_428C0151_output_jQjr1f,,26.210845840323838,4.818705793464987,6.168831168831169
So God created humans to be like himself; he made men and women.,Ala ka Wina'am da maal ninsaal nwɛnɛ o mɛŋi an si'em la. Dau nɛ pu'a ka o da maal.,"Ala and Wina'am took our money, and they know to ask for it back. Now their problem is the money they have.",gerhardt_E4DFEBFE_output_T8d1lo,,16.22551573496056,4.818705793464987,6.168831168831169
"years old, he had three sons and named them Shem, Ham, and Japheth.",") la, o da du'a Sem nɛ Ham nɛ Jafet.","These are the sons of Shem, Ham, and Japheth.",gerhardt_E4DFEBFE_output_T8d1lo,,46.93904210394129,4.818705793464987,6.168831168831169
"and asked, “Hagar, where have you come from, and where are you going?” She answered, “I'm running away from Sarai, my owner.”","Ka maliak la yɛl o ye, “Haga onɛ an Sarai yammʋga, fʋ yi yaanɛ na, ka wa'ae yaanɛ?” Ka o gandig ye, “M zɔtnɛ yiti m zugdaan Sarai san'an.”","Then the man spoke, saying, “Take Sarai to your tent, so that she may be a wife to you? Do you know her?” And he replied, “I know that I took Sarai to her.”",gerhardt_E4DFEBFE_output_T8d1lo,,22.406679991642765,4.818705793464987,6.168831168831169
and they had a son.,ka o tʋk pʋʋgʋ du'a biribiŋ.,Come and ask for help.,gerhardt_E4DFEBFE_output_T8d1lo,,17.774381599200673,4.818705793464987,6.168831168831169
"Jacob said, “Now tell me your name.” “Don't you know who I am?” he asked. And he blessed Jacob.","Ka Jakob yɛl ye, “M sɔsidif nɛ, yɛlimi fʋ yʋ'ʋr!” Ka o lɛbis ye, “Ka bɔ ka fʋ bu'osidi m yʋ'ʋrɛ?” Ka niŋ o zug bareka anina.","Then Jacob said, “I am distressed, I can’t take it anymore!” And you replied, “Why do you want me to stay?” So you must endure with me.",gerhardt_E4DFEBFE_output_T8d1lo,,28.180561227510175,4.818705793464987,6.168831168831169
So God created humans to be like himself; he made men and women.,Ala ka Wina'am da maal ninsaal nwɛnɛ o mɛŋi an si'em la. Dau nɛ pu'a ka o da maal.,"Ala and Winaam know your wealth, but they don’t want it. However, you have your own wealth.",onesimus_4838858E_Jan output 1 ,,12.704536383882441,4.818705793464987,6.168831168831169
"years old, he had three sons and named them Shem, Ham, and Japheth.",") la, o da du'a Sem nɛ Ham nɛ Jafet.","These are the sons of Shem, Ham, and Japheth.",onesimus_4838858E_Jan output 1 ,,46.93904210394129,4.818705793464987,6.168831168831169
"and asked, “Hagar, where have you come from, and where are you going?” She answered, “I'm running away from Sarai, my owner.”","Ka maliak la yɛl o ye, “Haga onɛ an Sarai yammʋga, fʋ yi yaanɛ na, ka wa'ae yaanɛ?” Ka o gandig ye, “M zɔtnɛ yiti m zugdaan Sarai san'an.”","Then the man said to him, ""Take Sarai to your tent, so that she may be a wife to you? But do you know?"" Then he replied, ""I know that is why I gave Sarai to you.""",onesimus_4838858E_Jan output 1 ,,19.15749646718325,4.818705793464987,6.168831168831169
and they had a son.,ka o tʋk pʋʋgʋ du'a biribiŋ.,The dog is barking.,onesimus_4838858E_Jan output 1 ,,9.945642159572508,4.818705793464987,6.168831168831169
"Jacob said, “Now tell me your name.” “Don't you know who I am?” he asked. And he blessed Jacob.","Ka Jakob yɛl ye, “M sɔsidif nɛ, yɛlimi fʋ yʋ'ʋr!” Ka o lɛbis ye, “Ka bɔ ka fʋ bu'osidi m yʋ'ʋrɛ?” Ka niŋ o zug bareka anina.","Then Jacob said, “I had a dream, you will see the end!” And they asked, “Who will judge us at the end?” And he went to the riverbank.",onesimus_4838858E_Jan output 1 ,,27.585540567217535,4.818705793464987,6.168831168831169
So God created humans to be like himself; he made men and women.,Ala ka Wina'am da maal ninsaal nwɛnɛ o mɛŋi an si'em la. Dau nɛ pu'a ka o da maal.,"Ala and Wina’am took our money, and they know to ask for it back. Now their problem is the money.",gerhardt_2F3FAF10_output (1),,16.098638125581104,4.818705793464987,6.168831168831169
"years old, he had three sons and named them Shem, Ham, and Japheth.",") la, o da du'a Sem nɛ Ham nɛ Jafet.","These are the sons of Shem, Ham, and Japheth.",gerhardt_2F3FAF10_output (1),,46.93904210394129,4.818705793464987,6.168831168831169
"and asked, “Hagar, where have you come from, and where are you going?” She answered, “I'm running away from Sarai, my owner.”","Ka maliak la yɛl o ye, “Haga onɛ an Sarai yammʋga, fʋ yi yaanɛ na, ka wa'ae yaanɛ?” Ka o gandig ye, “M zɔtnɛ yiti m zugdaan Sarai san'an.”","And the man said to him, ""The matter concerning Sarai, my wife, why did I say I took her as my sister?"" And he replied, ""I said this because I took Sarai as my sister.""",gerhardt_2F3FAF10_output (1),,21.827516357343974,4.818705793464987,6.168831168831169
and they had a son.,ka o tʋk pʋʋgʋ du'a biribiŋ.,The dog is barking.,gerhardt_2F3FAF10_output (1),,9.945642159572508,4.818705793464987,6.168831168831169
"Jacob said, “Now tell me your name.” “Don't you know who I am?” he asked. And he blessed Jacob.","Ka Jakob yɛl ye, “M sɔsidif nɛ, yɛlimi fʋ yʋ'ʋr!” Ka o lɛbis ye, “Ka bɔ ka fʋ bu'osidi m yʋ'ʋrɛ?” Ka niŋ o zug bareka anina.","Then Jacob said, “I had a dream, you will see the end!” And they asked, “Who will judge us at the end?” And he went to the riverbank.",gerhardt_2F3FAF10_output (1),,27.585540567217535,4.818705793464987,6.168831168831169
So God created humans to be like himself; he made men and women.,Ala ka Wina'am da maal ninsaal nwɛnɛ o mɛŋi an si'em la. Dau nɛ pu'a ka o da maal.,"Father Wina'am, we have done the right thing in this time. Therefore, this is given to the one who knows.",onesimus_778C5456_Dec 06 output,,14.231215012637877,4.818705793464987,6.168831168831169
"years old, he had three sons and named them Shem, Ham, and Japheth.",") la, o da du'a Sem nɛ Ham nɛ Jafet.","Thus, these are the names of Shem, Ham, and Japheth.",onesimus_778C5456_Dec 06 output,,47.050987017194736,4.818705793464987,6.168831168831169
"and asked, “Hagar, where have you come from, and where are you going?” She answered, “I'm running away from Sarai, my owner.”","Ka maliak la yɛl o ye, “Haga onɛ an Sarai yammʋga, fʋ yi yaanɛ na, ka wa'ae yaanɛ?” Ka o gandig ye, “M zɔtnɛ yiti m zugdaan Sarai san'an.”","""Then the man said to him, 'The matter concerning Sarai's wife, what is this? Is she your wife?' He replied, 'I said that she is my wife, Sarai.'""",onesimus_778C5456_Dec 06 output,,18.635101548952996,4.818705793464987,6.168831168831169
and they had a son.,ka o tʋk pʋʋgʋ du'a biribiŋ.,You went to the field for your work.,onesimus_778C5456_Dec 06 output,,10.530886766490283,4.818705793464987,6.168831168831169
"Jacob said, “Now tell me your name.” “Don't you know who I am?” he asked. And he blessed Jacob.","Ka Jakob yɛl ye, “M sɔsidif nɛ, yɛlimi fʋ yʋ'ʋr!” Ka o lɛbis ye, “Ka bɔ ka fʋ bu'osidi m yʋ'ʋrɛ?” Ka niŋ o zug bareka anina.",,onesimus_778C5456_Dec 06 output,,,4.818705793464987,6.168831168831169
So God created humans to be like himself; he made men and women.,Ala ka Wina'am da maal ninsaal nwɛnɛ o mɛŋi an si'em la. Dau nɛ pu'a ka o da maal.,"Ala and Winaam know your wealth, but they don’t want it. However, you have your own wealth.",gerhardt_E3C23636_output_AHjhdB,,12.704536383882441,4.818705793464987,6.168831168831169
"years old, he had three sons and named them Shem, Ham, and Japheth.",") la, o da du'a Sem nɛ Ham nɛ Jafet.","These are the sons of Shem, Ham, and Japheth.",gerhardt_E3C23636_output_AHjhdB,,46.93904210394129,4.818705793464987,6.168831168831169
"and asked, “Hagar, where have you come from, and where are you going?” She answered, “I'm running away from Sarai, my owner.”","Ka maliak la yɛl o ye, “Haga onɛ an Sarai yammʋga, fʋ yi yaanɛ na, ka wa'ae yaanɛ?” Ka o gandig ye, “M zɔtnɛ yiti m zugdaan Sarai san'an.”","Then the man said to him, ""Take Sarai to your tent, so that she may be a wife to you? But do you know?"" Then he replied, ""I know that is why I gave Sarai to you.""",gerhardt_E3C23636_output_AHjhdB,,19.15749646718325,4.818705793464987,6.168831168831169
and they had a son.,ka o tʋk pʋʋgʋ du'a biribiŋ.,The dog is barking.,gerhardt_E3C23636_output_AHjhdB,,9.945642159572508,4.818705793464987,6.168831168831169
"Jacob said, “Now tell me your name.” “Don't you know who I am?” he asked. And he blessed Jacob.","Ka Jakob yɛl ye, “M sɔsidif nɛ, yɛlimi fʋ yʋ'ʋr!” Ka o lɛbis ye, “Ka bɔ ka fʋ bu'osidi m yʋ'ʋrɛ?” Ka niŋ o zug bareka anina.","Then Jacob said, “I had a dream, you will see the end!” And they asked, “Who will judge us at the end?” And he went to the riverbank.",gerhardt_E3C23636_output_AHjhdB,,27.585540567217535,4.818705793464987,6.168831168831169
So God created humans to be like himself; he made men and women.,Ala ka Wina'am da maal ninsaal nwɛnɛ o mɛŋi an si'em la. Dau nɛ pu'a ka o da maal.,"Ala and Wina’am took our money, and they know to ask for it back. Now their problem is the money.",Dec 12 output,,16.098638125581104,4.818705793464987,6.168831168831169
"years old, he had three sons and named them Shem, Ham, and Japheth.",") la, o da du'a Sem nɛ Ham nɛ Jafet.","These are the sons of Shem, Ham, and Japheth.",Dec 12 output,,46.93904210394129,4.818705793464987,6.168831168831169
"and asked, “Hagar, where have you come from, and where are you going?” She answered, “I'm running away from Sarai, my owner.”","Ka maliak la yɛl o ye, “Haga onɛ an Sarai yammʋga, fʋ yi yaanɛ na, ka wa'ae yaanɛ?” Ka o gandig ye, “M zɔtnɛ yiti m zugdaan Sarai san'an.”","Then the man said to him, ""Take Sarai to your tent, so that she may be a wife to you? But do you know?"" Then he replied, ""I know that is why I gave Sarai to you.""",Dec 12 output,,19.15749646718325,4.818705793464987,6.168831168831169
and they had a son.,ka o tʋk pʋʋgʋ du'a biribiŋ.,The dog is barking.,Dec 12 output,,9.945642159572508,4.818705793464987,6.168831168831169
"Jacob said, “Now tell me your name.” “Don't you know who I am?” he asked. And he blessed Jacob.","Ka Jakob yɛl ye, “M sɔsidif nɛ, yɛlimi fʋ yʋ'ʋr!” Ka o lɛbis ye, “Ka bɔ ka fʋ bu'osidi m yʋ'ʋrɛ?” Ka niŋ o zug bareka anina.","Then Jacob said, “I have suffered all these days for you!” And he replied, “What have you done for me, serving me with your strength?” And now you should take a rest.",Dec 12 output,,27.459575526733655,4.818705793464987,6.168831168831169
So God created humans to be like himself; he made men and women.,Ala ka Wina'am da maal ninsaal nwɛnɛ o mɛŋi an si'em la. Dau nɛ pu'a ka o da maal.,"Ala and Wina’am took our money, and they know to ask for it back. Now their problem is the money.",onesimus_CF2838B3_Dec 03 output,,16.098638125581104,4.818705793464987,6.168831168831169
"years old, he had three sons and named them Shem, Ham, and Japheth.",") la, o da du'a Sem nɛ Ham nɛ Jafet.","These are the sons of Shem, Ham, and Japheth.",onesimus_CF2838B3_Dec 03 output,,46.93904210394129,4.818705793464987,6.168831168831169
"and asked, “Hagar, where have you come from, and where are you going?” She answered, “I'm running away from Sarai, my owner.”","Ka maliak la yɛl o ye, “Haga onɛ an Sarai yammʋga, fʋ yi yaanɛ na, ka wa'ae yaanɛ?” Ka o gandig ye, “M zɔtnɛ yiti m zugdaan Sarai san'an.”","And the man said to him, “What has Sarai done to you that you are angry with her?” And he answered, “I have given her to Sarai as my wife.”",onesimus_CF2838B3_Dec 03 output,,28.677931959713604,4.818705793464987,6.168831168831169
and they had a son.,ka o tʋk pʋʋgʋ du'a biribiŋ.,Your hand comes to help.,onesimus_CF2838B3_Dec 03 output,,16.051989415829855,4.818705793464987,6.168831168831169
"Jacob said, “Now tell me your name.” “Don't you know who I am?” he asked. And he blessed Jacob.","Ka Jakob yɛl ye, “M sɔsidif nɛ, yɛlimi fʋ yʋ'ʋr!” Ka o lɛbis ye, “Ka bɔ ka fʋ bu'osidi m yʋ'ʋrɛ?” Ka niŋ o zug bareka anina.","Then Jacob said, “I have suffered all these days for you!” And he replied, “What have you done for me, serving me with your strength?” And now you should take a rest.",onesimus_CF2838B3_Dec 03 output,,27.459575526733655,4.818705793464987,6.168831168831169
So God created humans to be like himself; he made men and women.,Ala ka Wina'am da maal ninsaal nwɛnɛ o mɛŋi an si'em la. Dau nɛ pu'a ka o da maal.,"The matter that Wina'am knows, we must do it at the right time. Come, you are prepared to know it.",john_BA3F5F9A_output (3),,17.546358167527195,4.818705793464987,6.168831168831169
"years old, he had three sons and named them Shem, Ham, and Japheth.",") la, o da du'a Sem nɛ Ham nɛ Jafet.","To you, the prayer of Shem, Ham, and Japheth.",john_BA3F5F9A_output (3),,40.60654660728504,4.818705793464987,6.168831168831169
"and asked, “Hagar, where have you come from, and where are you going?” She answered, “I'm running away from Sarai, my owner.”","Ka maliak la yɛl o ye, “Haga onɛ an Sarai yammʋga, fʋ yi yaanɛ na, ka wa'ae yaanɛ?” Ka o gandig ye, “M zɔtnɛ yiti m zugdaan Sarai san'an.”","Then the man said to him, ""Take this son of Sarai with you, for this matter, why did you do it? Or why did you act like this?"" And he replied, ""I did it because I feared Sarai's anger.""",john_BA3F5F9A_output (3),,21.131985476563887,4.818705793464987,6.168831168831169
and they had a son.,ka o tʋk pʋʋgʋ du'a biribiŋ.,subject,john_BA3F5F9A_output (3),,3.731343283582089,4.818705793464987,6.168831168831169
"Jacob said, “Now tell me your name.” “Don't you know who I am?” he asked. And he blessed Jacob.","Ka Jakob yɛl ye, “M sɔsidif nɛ, yɛlimi fʋ yʋ'ʋr!” Ka o lɛbis ye, “Ka bɔ ka fʋ bu'osidi m yʋ'ʋrɛ?” Ka niŋ o zug bareka anina.",,john_BA3F5F9A_output (3),,,4.818705793464987,6.168831168831169
