Model,Similarity Score (%),Raw Score
kimi-k2-instruct-0905,46.35%,46.34555950909092
deepseek-v3.1,46.03%,46.034941976666666
llama-3.1-405b-instruct,40.74%,40.742773633333336
qwen3-235b-a22b,35.71%,35.70675308333333
llama-4-maverick-17b-128e-instruct,35.22%,35.224448862
llama-3.3-70b-instruct,31.77%,31.768492866666666
qwen3-32b,31.48%,31.479402775999997
gemma2-9b-it,29.20%,29.202667648000002
gemma-2-27b-it,25.23%,25.233078
gpt-oss-120b,12.77%,12.768127122000001
