Model,Similarity Score (%),Raw Score
llama-3.1-405b-instruct,54.58%,54.5794648
kimi-k2-instruct-0905,50.12%,50.12113419666666
llama-3.3-70b-instruct,40.95%,40.9522196
llama-4-maverick-17b-128e-instruct,35.22%,35.224448862
qwen3-235b-a22b,32.88%,32.8765377
deepseek-v3.1,32.26%,32.26467746
qwen3-32b,31.48%,31.479402775999997
gemma2-9b-it,29.20%,29.202667648000002
gpt-oss-120b,12.77%,12.768127122000001
