Model,Similarity Score (%),Raw Score
kimi-k2-instruct-0905,50.25%,50.252923476
llama-4-maverick-17b-128e-instruct,35.22%,35.224448862
qwen3-32b,31.48%,31.479402775999997
gemma2-9b-it,29.20%,29.202667648000002
gpt-oss-120b,12.77%,12.768127122000001
