Model,Similarity Score (%),Raw Score
deepseek-v3.1,48.57%,48.568888252
kimi-k2-instruct-0905,45.48%,45.48396566
llama-3.1-405b-instruct,41.80%,41.804027319999996
qwen3-235b-a22b,35.89%,35.885591059999996
llama-4-maverick-17b-128e-instruct,35.22%,35.224448862
llama-3.3-70b-instruct,31.72%,31.722183720000004
qwen3-32b,31.48%,31.479402775999997
gemma2-9b-it,29.20%,29.202667648000002
gpt-oss-120b,12.77%,12.768127122000001
