Model,Similarity Score (%),Raw Score
kimi-k2-instruct-0905,45.97%,45.97424619499999
llama-4-maverick-17b-128e-instruct,32.32%,32.3160532275
qwen3-32b,31.03%,31.029308320000005
gemma2-9b-it,30.12%,30.11970901
gpt-oss-120b,9.68%,9.6798827025
