Model,Similarity Score (%),Raw Score
kimi-k2-instruct-0905,47.23%,47.23369359750001
llama-3.1-405b-instruct,46.51%,46.50928446666667
deepseek-v3.1,43.09%,43.090349020000005
llama-4-maverick-17b-128e-instruct,35.22%,35.224448862
qwen3-235b-a22b,35.06%,35.06371536666667
qwen3-32b,31.48%,31.479402775999997
llama-3.3-70b-instruct,31.27%,31.272301466666658
gemma2-9b-it,29.20%,29.202667648000002
gpt-oss-120b,12.77%,12.768127122000001
