Model,Similarity Score (%),Raw Score
kimi-k2-instruct-0905,48.31%,48.30719326444445
deepseek-v3.1,48.24%,48.241566315
llama-3.1-405b-instruct,42.69%,42.69315890000001
qwen3-235b-a22b,35.87%,35.869635775000006
llama-4-maverick-17b-128e-instruct,35.22%,35.224448862
qwen3-32b,31.48%,31.479402775999997
llama-3.3-70b-instruct,30.86%,30.856919350000002
gemma2-9b-it,29.20%,29.202667648000002
gpt-oss-120b,12.77%,12.768127122000001
