{
  "language_pair": "hag-eng",
  "timestamp": "2025-11-07T13:48:51.398569",
  "models": {
    "llama-3.3-70b-instruct": 31.764500345752033,
    "seed-oss-36b-instruct": 34.75476172508138,
    "gpt-oss-120b": 14.760031709541515,
    "qwen3-32b": 31.479402775999997,
    "qwq-32b": 23.235625945958457,
    "llama-3.1-405b-instruct": 37.06120617730072,
    "mistral-medium-3-instruct": 24.17889152459559,
    "qwen3-235b-a22b": 37.352016513780754,
    "gemma2-9b-it": 29.202667648,
    "mistral-7b-instruct-v0.3": 27.617255,
    "llama-4-maverick-17b-128e-instruct": 33.323270250360984,
    "gemma-2-9b-it": 27.152122733927914,
    "deepseek-v3.1": 45.50942113268087,
    "palmyra-med-70b": 37.4093343,
    "kimi-k2-instruct-0905": 47.13687432448371,
    "gemma-2-27b-it": 27.057114144765166
  },
  "average_score": 31.812156015764316,
  "best_model": "kimi-k2-instruct-0905",
  "best_score": 47.13687432448371
}