{
  "language_pair": "hag-eng",
  "timestamp": "2025-09-25T07:32:40.712000",
  "models": {
    "gpt-oss-120b": 10.194676840000001,
    "qwen3-32b": 27.635807199999995,
    "gemma2-9b-it": 31.922663799999995,
    "llama-4-maverick-17b-128e-instruct": 25.904668400000002,
    "kimi-k2-instruct-0905": 57.058044800000005
  },
  "average_score": 30.543172207999998,
  "best_model": "kimi-k2-instruct-0905",
  "best_score": 57.058044800000005
}