{
  "language_pair": "hag-eng",
  "timestamp": "2025-10-18T17:12:00.777778",
  "models": {
    "llama-3.3-70b-instruct": 30.856919350000002,
    "gpt-oss-120b": 12.768127122000001,
    "qwen3-32b": 31.479402775999997,
    "llama-3.1-405b-instruct": 42.69315890000001,
    "qwen3-235b-a22b": 35.869635775000006,
    "gemma2-9b-it": 29.202667648000002,
    "llama-4-maverick-17b-128e-instruct": 35.224448862,
    "deepseek-v3.1": 48.241566315,
    "kimi-k2-instruct-0905": 48.30719326444445
  },
  "average_score": 34.96034666804938,
  "best_model": "kimi-k2-instruct-0905",
  "best_score": 48.30719326444445
}