{
  "language_pair": "hag-eng",
  "timestamp": "2026-01-16T14:45:15.067776",
  "models": {
    "llama-3.3-70b-instruct": 33.84610223242753,
    "seed-oss-36b-instruct": 24.880368173567707,
    "gpt-oss-120b": 23.327391932126893,
    "qwen3-32b": 31.479402775999997,
    "qwq-32b": 24.038266460263205,
    "gemini": 53.38139343261719,
    "llama-3.1-405b-instruct": 42.454376671032605,
    "chatgpt": 38.5093994140625,
    "mistral-medium-3-instruct": 29.82705898913706,
    "qwen3-235b-a22b": 43.79488493375623,
    "gemma2-9b-it": 29.202667648,
    "mistral-7b-instruct-v0.3": 27.617255,
    "llama-4-maverick-17b-128e-instruct": 48.42326871834559,
    "gemma-2-9b-it": 21.61132096666841,
    "claude": 45.44742965698242,
    "deepseek-v3.1": 58.04682140367754,
    "palmyra-med-70b": 37.4093343,
    "kimi-k2-instruct-0905": 51.73154202626689,
    "gemma-2-27b-it": 32.04203741007813
  },
  "average_score": 36.68791169184262,
  "best_model": "deepseek-v3.1",
  "best_score": 58.04682140367754
}