{
  "language_pair": "hag-eng",
  "timestamp": "2026-01-16T11:13:54.518657",
  "models": {
    "llama-3.3-70b-instruct": 33.84610223242753,
    "seed-oss-36b-instruct": 24.878057556938245,
    "gpt-oss-120b": 23.32749964122616,
    "qwen3-32b": 31.479402775999997,
    "qwq-32b": 24.038266460263205,
    "gemini": 53.38140869140625,
    "llama-3.1-405b-instruct": 42.45306751115942,
    "chatgpt": 38.51044464111328,
    "mistral-medium-3-instruct": 29.82694939227911,
    "qwen3-235b-a22b": 43.794774362820995,
    "gemma2-9b-it": 29.202667648,
    "mistral-7b-instruct-v0.3": 27.617255,
    "llama-4-maverick-17b-128e-instruct": 48.42176079095589,
    "gemma-2-9b-it": 21.611113656037247,
    "claude": 45.44572067260742,
    "deepseek-v3.1": 58.03928488873188,
    "palmyra-med-70b": 37.4093343,
    "kimi-k2-instruct-0905": 51.732234857770266,
    "gemma-2-27b-it": 32.04459564143188
  },
  "average_score": 36.68736530111414,
  "best_model": "deepseek-v3.1",
  "best_score": 58.03928488873188
}