{
  "language_pair": "hag-eng",
  "timestamp": "2026-01-28T14:52:41.990461",
  "models": {
    "bleu": {
      "llama-3.3-70b-instruct": 2.791372649407882,
      "claude-sonnet-4-5": 6.483676969984963,
      "seed-oss-36b-instruct": 3.0923042501628553,
      "gpt-oss-120b": 4.0087940579577825,
      "qwen3-32b": 2.6087553012277613,
      "qwq-32b": 2.7040292262686743,
      "llama-3.1-405b-instruct": 4.2469129712332885,
      "mistral-medium-3-instruct": 2.566645425804776,
      "qwen3-235b-a22b": 5.4502016263273845,
      "gemini-2.5-flash": 7.419764200252558,
      "gemma2-9b-it": 3.230917127195158,
      "mistral-7b-instruct-v0.3": 2.4321064793632146,
      "llama-4-maverick-17b-128e-instruct": 4.367120549985396,
      "gemma-2-9b-it": 2.735698483979497,
      "deepseek-v3.1": 6.168254495744581,
      "palmyra-med-70b": 3.850273258751988,
      "kimi-k2-instruct-0905": 6.507611901816393,
      "gpt-4.1": 5.1926890932724765,
      "gemma-2-27b-it": 3.715903244536512
    },
    "chrf": {
      "llama-3.3-70b-instruct": 19.868326429636294,
      "claude-sonnet-4-5": 26.564597337249495,
      "seed-oss-36b-instruct": 21.87928954598837,
      "gpt-oss-120b": 20.970874535624844,
      "qwen3-32b": 18.151765800461927,
      "qwq-32b": 19.675846576394502,
      "llama-3.1-405b-instruct": 24.972582906482263,
      "mistral-medium-3-instruct": 20.09111102925539,
      "qwen3-235b-a22b": 25.161939430509147,
      "gemini-2.5-flash": 28.00841122144487,
      "gemma2-9b-it": 19.002782585364102,
      "mistral-7b-instruct-v0.3": 20.25065827595838,
      "llama-4-maverick-17b-128e-instruct": 26.78904927571226,
      "gemma-2-9b-it": 17.65804180153179,
      "deepseek-v3.1": 27.731888956210796,
      "palmyra-med-70b": 22.133872095944195,
      "kimi-k2-instruct-0905": 27.049977260055144,
      "gpt-4.1": 23.78850333527148,
      "gemma-2-27b-it": 19.716181609813994
    },
    "average": {
      "llama-3.3-70b-instruct": 11.329849539522089,
      "claude-sonnet-4-5": 16.52413715361723,
      "seed-oss-36b-instruct": 12.485796898075613,
      "gpt-oss-120b": 12.489834296791313,
      "qwen3-32b": 10.380260550844843,
      "qwq-32b": 11.18993790133159,
      "llama-3.1-405b-instruct": 14.609747938857776,
      "mistral-medium-3-instruct": 11.328878227530085,
      "qwen3-235b-a22b": 15.306070528418267,
      "gemini-2.5-flash": 17.714087710848712,
      "gemma2-9b-it": 11.11684985627963,
      "mistral-7b-instruct-v0.3": 11.341382377660796,
      "llama-4-maverick-17b-128e-instruct": 15.578084912848828,
      "gemma-2-9b-it": 10.196870142755644,
      "deepseek-v3.1": 16.950071725977686,
      "palmyra-med-70b": 12.99207267734809,
      "kimi-k2-instruct-0905": 16.77879458093577,
      "gpt-4.1": 14.490596214271978,
      "gemma-2-27b-it": 11.716042427175251
    }
  },
  "best_model": "gemini-2.5-flash",
  "best_model_scores": {
    "BLEU": 7.419764200252558,
    "chrF": 28.00841122144487,
    "Average": 17.714087710848712
  }
}