{
  "language_pair": "hag-eng",
  "timestamp": "2026-01-19T11:10:34.059012",
  "models": {
    "llama-3.3-70b-instruct": 34.34383902996323,
    "claude-sonnet-4-5": 45.42255163192749,
    "seed-oss-36b-instruct": 25.281664434431704,
    "gpt-oss-120b": 23.675415066651993,
    "qwen3-32b": 32.51335570833333,
    "qwq-32b": 24.69360926704531,
    "llama-3.1-405b-instruct": 43.07863393365808,
    "mistral-medium-3-instruct": 30.307916010816378,
    "qwen3-235b-a22b": 44.68844672661855,
    "gemini-2.5-flash": 53.70404815673828,
    "gemma2-9b-it": 29.202667648,
    "mistral-7b-instruct-v0.3": 27.617255,
    "llama-4-maverick-17b-128e-instruct": 49.145275294365675,
    "gemma-2-9b-it": 23.883091560473417,
    "deepseek-v3.1": 58.89169079012868,
    "palmyra-med-70b": 37.4093343,
    "kimi-k2-instruct-0905": 52.44072838964041,
    "gpt-4.1": 38.60709762573242,
    "gemma-2-27b-it": 33.618630750622444
  },
  "average_score": 37.29080270132354,
  "best_model": "deepseek-v3.1",
  "best_score": 58.89169079012868
}