Model,Similarity Score (%),Raw Score
kimi-k2-instruct-0905,63.63%,63.62531017999999
deepseek-v3.1,61.97%,61.971891504
llama-3.3-70b-instruct,56.25%,56.25330714399999
gpt-oss-120b,55.79%,55.791104999999995
gemma2-9b-it,48.46%,48.46443088
llama-3.1-405b-instruct,45.88%,45.883381199999995
qwen3-235b-a22b,44.50%,44.50255532
llama-4-maverick-17b-128e-instruct,40.79%,40.7889615792
qwen3-32b,36.63%,36.629928488000004
