Model,Similarity Score (%),Raw Score
kimi-k2-instruct-0905,61.84%,61.837655479999995
gpt-oss-120b,55.79%,55.791104999999995
gemma2-9b-it,48.46%,48.46443088
llama-4-maverick-17b-128e-instruct,40.79%,40.788961579200006
qwen3-32b,36.63%,36.629928488
