Model,Similarity Score (%),Raw Score
llama-3.3-70b-instruct,63.56%,63.55982723999999
kimi-k2-instruct-0905,60.86%,60.863913724999996
deepseek-v3.1,60.34%,60.340742840000004
gpt-oss-120b,55.79%,55.791104999999995
gemma2-9b-it,48.46%,48.46443088
llama-3.1-405b-instruct,47.67%,47.66613560000001
qwen3-235b-a22b,43.50%,43.49947393333334
llama-4-maverick-17b-128e-instruct,40.79%,40.7889615792
qwen3-32b,36.63%,36.629928488000004
