Model,Similarity Score (%),Raw Score
llama-3.3-70b-instruct,70.23%,70.231067
kimi-k2-instruct-0905,61.96%,61.96096036666666
gpt-oss-120b,55.79%,55.791104999999995
deepseek-v3.1,52.41%,52.4113202
gemma2-9b-it,48.46%,48.46443088
qwen3-235b-a22b,46.34%,46.3388978
llama-3.1-405b-instruct,44.25%,44.246988
llama-4-maverick-17b-128e-instruct,40.79%,40.788961579200006
qwen3-32b,36.63%,36.629928488
