Model,Similarity Score (%),Raw Score
kimi-k2-instruct-0905,58.76%,58.76135415
gpt-oss-120b,55.42%,55.418535599999984
gemma2-9b-it,50.61%,50.60712595
llama-4-maverick-17b-128e-instruct,41.12%,41.11695777400001
qwen3-32b,37.82%,37.82343131
