Model,Similarity Score (%),Raw Score
kimi-k2-instruct-0905,64.02%,64.01664836363638
deepseek-v3.1,60.82%,60.82159685566666
gpt-oss-120b,55.79%,55.791104999999995
llama-3.3-70b-instruct,54.46%,54.455289453333336
gemma2-9b-it,48.46%,48.46443088
llama-3.1-405b-instruct,48.15%,48.15083393333334
qwen3-235b-a22b,44.16%,44.15588066666666
llama-4-maverick-17b-128e-instruct,40.79%,40.7889615792
qwen3-32b,36.63%,36.629928488000004
gemma-2-27b-it,33.59%,33.5901406
