Model,Similarity Score (%),Raw Score
kimi-k2-instruct-0905,62.36%,62.364670422222225
deepseek-v3.1,60.50%,60.498105079999995
llama-3.3-70b-instruct,57.74%,57.742278979999995
gpt-oss-120b,55.79%,55.791104999999995
gemma2-9b-it,48.46%,48.46443088
qwen3-235b-a22b,47.02%,47.01518420000001
llama-3.1-405b-instruct,43.57%,43.57360490000001
llama-4-maverick-17b-128e-instruct,40.79%,40.7889615792
qwen3-32b,36.63%,36.629928488000004
