{
  "language_pair": "abr-eng",
  "timestamp": "2026-01-16T14:45:11.394770",
  "models": {
    "gemma-2-27b-it": 38.50015431230159,
    "qwen3-32b": 36.629928488,
    "kimi-k2-instruct-0905": 55.993383222517124,
    "palmyra-med-70b": 30.730751,
    "qwen3-235b-a22b": 42.76262733057216,
    "gemma2-9b-it": 48.46443088,
    "qwq-32b": 33.57317376927923,
    "mistral-medium-3-instruct": 46.05658100322581,
    "seed-oss-36b-instruct": 35.78427958482941,
    "mistral-7b-instruct-v0.3": 24.987489449999998,
    "gemma-2-9b-it": 39.98900336386089,
    "llama-3.3-70b-instruct": 36.260178407908434,
    "llama-4-maverick-17b-128e-instruct": 45.3826054630933,
    "gemini": 69.7601318359375,
    "llama-3.1-405b-instruct": 44.59151714264705,
    "chatgpt": 66.58352661132812,
    "claude": 67.919677734375,
    "deepseek-v3.1": 62.63487816033456,
    "gpt-oss-120b": 59.40862543134329
  },
  "average_score": 46.6322601679765,
  "best_model": "gemini",
  "best_score": 69.7601318359375
}