{
  "language_pair": "abr-eng",
  "timestamp": "2026-01-29T11:30:58.187979",
  "models": {
    "bleu": {
      "gemma-2-27b-it": 17.625328548379716,
      "qwen3-32b": 5.634670284470625,
      "kimi-k2-instruct-0905": 33.03164318013809,
      "palmyra-med-70b": 5.798874494994039,
      "qwen3-235b-a22b": 21.897593220582774,
      "gemma2-9b-it": 7.82257987613693,
      "qwq-32b": 9.136248401161414,
      "mistral-medium-3-instruct": 4.821042715448803,
      "seed-oss-36b-instruct": 24.795364698947967,
      "mistral-7b-instruct-v0.3": 3.5568900481394596,
      "gemma-2-9b-it": 6.696176801196345,
      "llama-3.3-70b-instruct": 27.568673181924442,
      "llama-4-maverick-17b-128e-instruct": 13.650604313545333,
      "llama-3.1-405b-instruct": 5.556729327656367,
      "gpt-4.1": 12.311976512636308,
      "deepseek-v3.1": 12.605968092174914,
      "claude-sonnet-4-5": 10.657284485555579,
      "gemini-2.5-flash": 12.311976512636308,
      "gpt-oss-120b": 22.7049500496993
    },
    "chrf": {
      "gemma-2-27b-it": 26.084468025393196,
      "qwen3-32b": 22.38218405704051,
      "kimi-k2-instruct-0905": 34.68380724305438,
      "palmyra-med-70b": 19.50143756706202,
      "qwen3-235b-a22b": 24.214047291940144,
      "gemma2-9b-it": 24.72077944871937,
      "qwq-32b": 21.278493177418035,
      "mistral-medium-3-instruct": 30.726868115690507,
      "seed-oss-36b-instruct": 22.702676380259575,
      "mistral-7b-instruct-v0.3": 19.604063767786446,
      "gemma-2-9b-it": 22.09528465959304,
      "llama-3.3-70b-instruct": 24.785977831902315,
      "llama-4-maverick-17b-128e-instruct": 27.85615271347505,
      "llama-3.1-405b-instruct": 24.202317829413353,
      "gpt-4.1": 37.886624073775046,
      "deepseek-v3.1": 36.22089808013235,
      "claude-sonnet-4-5": 39.53050197566299,
      "gemini-2.5-flash": 38.887063437589156,
      "gpt-oss-120b": 31.99690647964263
    },
    "average": {
      "gemma-2-27b-it": 21.854898286886456,
      "qwen3-32b": 14.008427170755567,
      "kimi-k2-instruct-0905": 33.85772521159623,
      "palmyra-med-70b": 12.650156031028029,
      "qwen3-235b-a22b": 23.05582025626146,
      "gemma2-9b-it": 16.27167966242815,
      "qwq-32b": 15.207370789289724,
      "mistral-medium-3-instruct": 17.773955415569656,
      "seed-oss-36b-instruct": 23.74902053960377,
      "mistral-7b-instruct-v0.3": 11.580476907962954,
      "gemma-2-9b-it": 14.395730730394693,
      "llama-3.3-70b-instruct": 26.177325506913377,
      "llama-4-maverick-17b-128e-instruct": 20.753378513510192,
      "llama-3.1-405b-instruct": 14.87952357853486,
      "gpt-4.1": 25.099300293205676,
      "deepseek-v3.1": 24.41343308615363,
      "claude-sonnet-4-5": 25.093893230609286,
      "gemini-2.5-flash": 25.59951997511273,
      "gpt-oss-120b": 27.350928264670962
    }
  },
  "best_model": "kimi-k2-instruct-0905",
  "best_model_scores": {
    "BLEU": 33.03164318013809,
    "chrF": 34.68380724305438,
    "Average": 33.85772521159623
  }
}