{
  "language_pair": "abr-eng",
  "timestamp": "2026-01-28T14:52:20.820656",
  "models": {
    "bleu": {
      "gemma-2-27b-it": 4.223841439542072,
      "qwen3-32b": 3.928109332622551,
      "kimi-k2-instruct-0905": 8.260053569003444,
      "palmyra-med-70b": 2.3981960503848603,
      "qwen3-235b-a22b": 3.7453506310889706,
      "gemma2-9b-it": 5.165707413557056,
      "qwq-32b": 3.227311628164156,
      "mistral-medium-3-instruct": 6.042113775035864,
      "seed-oss-36b-instruct": 3.5110044779732648,
      "mistral-7b-instruct-v0.3": 1.6692421770782169,
      "gemma-2-9b-it": 2.6968984479510194,
      "llama-3.3-70b-instruct": 4.705003762565822,
      "llama-4-maverick-17b-128e-instruct": 4.920418637083303,
      "llama-3.1-405b-instruct": 4.828026448846151,
      "gpt-4.1": 13.939430306207772,
      "deepseek-v3.1": 8.054969801612831,
      "claude-sonnet-4-5": 14.394123928695887,
      "gemini-2.5-flash": 13.821255701292733,
      "gpt-oss-120b": 6.345035334041688
    },
    "chrf": {
      "gemma-2-27b-it": 26.084468025393196,
      "qwen3-32b": 22.38218405704051,
      "kimi-k2-instruct-0905": 34.68380724305438,
      "palmyra-med-70b": 19.50143756706202,
      "qwen3-235b-a22b": 24.214047291940144,
      "gemma2-9b-it": 24.72077944871937,
      "qwq-32b": 21.278493177418035,
      "mistral-medium-3-instruct": 30.726868115690507,
      "seed-oss-36b-instruct": 22.702676380259575,
      "mistral-7b-instruct-v0.3": 19.604063767786446,
      "gemma-2-9b-it": 22.09528465959304,
      "llama-3.3-70b-instruct": 24.785977831902315,
      "llama-4-maverick-17b-128e-instruct": 27.85615271347505,
      "llama-3.1-405b-instruct": 24.202317829413353,
      "gpt-4.1": 37.886624073775046,
      "deepseek-v3.1": 36.22089808013235,
      "claude-sonnet-4-5": 39.53050197566299,
      "gemini-2.5-flash": 38.887063437589156,
      "gpt-oss-120b": 31.99690647964263
    },
    "average": {
      "gemma-2-27b-it": 15.154154732467639,
      "qwen3-32b": 13.155146694831533,
      "kimi-k2-instruct-0905": 21.47193040602891,
      "palmyra-med-70b": 10.94981680872344,
      "qwen3-235b-a22b": 13.97969896151456,
      "gemma2-9b-it": 14.94324343113821,
      "qwq-32b": 12.252902402791094,
      "mistral-medium-3-instruct": 18.384490945363183,
      "seed-oss-36b-instruct": 13.106840429116422,
      "mistral-7b-instruct-v0.3": 10.63665297243233,
      "gemma-2-9b-it": 12.39609155377203,
      "llama-3.3-70b-instruct": 14.74549079723407,
      "llama-4-maverick-17b-128e-instruct": 16.388285675279175,
      "llama-3.1-405b-instruct": 14.51517213912975,
      "gpt-4.1": 25.913027189991407,
      "deepseek-v3.1": 22.137933940872593,
      "claude-sonnet-4-5": 26.962312952179435,
      "gemini-2.5-flash": 26.354159569440945,
      "gpt-oss-120b": 19.17097090684216
    }
  },
  "best_model": "claude-sonnet-4-5",
  "best_model_scores": {
    "BLEU": 14.394123928695887,
    "chrF": 39.53050197566299,
    "Average": 26.962312952179435
  }
}