{
  "language_pair": "abr-eng",
  "timestamp": "2026-01-12T13:35:14.933846",
  "models": {
    "gemma-2-27b-it": 39.7630504335805,
    "qwen3-32b": 36.629928488,
    "kimi-k2-instruct-0905": 56.182382000815224,
    "palmyra-med-70b": 30.730751,
    "qwen3-235b-a22b": 42.82607198764648,
    "gemma2-9b-it": 48.46443088,
    "qwq-32b": 34.094257749595904,
    "mistral-medium-3-instruct": 46.296179868211205,
    "seed-oss-36b-instruct": 35.70310655949707,
    "mistral-7b-instruct-v0.3": 24.987489449999998,
    "gemma-2-9b-it": 42.81509876018319,
    "llama-3.3-70b-instruct": 36.36401046408813,
    "llama-4-maverick-17b-128e-instruct": 45.1786457653135,
    "llama-3.1-405b-instruct": 44.619812342480465,
    "deepseek-v3.1": 62.32644021698632,
    "gpt-oss-120b": 59.53019552321428
  },
  "average_score": 42.90699071810077,
  "best_model": "deepseek-v3.1",
  "best_score": 62.32644021698632
}