{
  "language_pair": "abr-eng",
  "timestamp": "2025-10-23T06:59:08.260422",
  "models": {
    "gemma-2-27b-it": 33.5901406,
    "qwen3-32b": 36.629928488000004,
    "kimi-k2-instruct-0905": 64.01664836363638,
    "qwen3-235b-a22b": 44.15588066666666,
    "gemma2-9b-it": 48.46443088,
    "llama-3.3-70b-instruct": 54.455289453333336,
    "llama-4-maverick-17b-128e-instruct": 40.7889615792,
    "llama-3.1-405b-instruct": 48.15083393333334,
    "deepseek-v3.1": 60.82159685566666,
    "gpt-oss-120b": 55.791104999999995
  },
  "average_score": 48.68648158198364,
  "best_model": "kimi-k2-instruct-0905",
  "best_score": 64.01664836363638
}