{
  "language_pair": "biv-eng",
  "timestamp": "2026-01-29T11:31:11.831230",
  "models": {
    "bleu": {
      "gemini-2.5-flash": 40.30240443066597,
      "llama-4-maverick-17b-128e-instruct": 7.994607499472017,
      "qwen3-235b-a22b": 6.964541799727335,
      "palmyra-med-70b": 4.109037038632824,
      "deepseek-v3.1": 6.327087675326759,
      "llama-3.1-405b-instruct": 8.532121375289428,
      "gemma2-9b-it": 13.597796343834903,
      "mistral-medium-3-instruct": 7.598178082164727,
      "claude-sonnet-4-5": 44.672599136357924,
      "mistral-7b-instruct-v0.3": 4.085209105092391,
      "gemma-2-9b-it": 9.883767213684743,
      "gemma-2-27b-it": 9.094793996067798,
      "qwen3-32b": 9.257716846039994,
      "qwq-32b": 6.26792496731575,
      "gpt-4.1": 43.853011187098424,
      "seed-oss-36b-instruct": 5.7783239927083425,
      "gpt-oss-120b": 8.847487574766278,
      "llama-3.3-70b-instruct": 6.682063801556247,
      "kimi-k2-instruct-0905": 11.913791918421273
    },
    "chrf": {
      "gemini-2.5-flash": 25.364066371622958,
      "llama-4-maverick-17b-128e-instruct": 20.31997186739422,
      "qwen3-235b-a22b": 19.40704626292678,
      "palmyra-med-70b": 20.10878458898191,
      "deepseek-v3.1": 22.47121778726159,
      "llama-3.1-405b-instruct": 22.65058456585023,
      "gemma2-9b-it": 20.30078981497013,
      "mistral-medium-3-instruct": 19.60342579933444,
      "claude-sonnet-4-5": 24.579208592319706,
      "mistral-7b-instruct-v0.3": 19.180830611247913,
      "gemma-2-9b-it": 17.493493133281646,
      "gemma-2-27b-it": 20.999416160441235,
      "qwen3-32b": 19.925920135068957,
      "qwq-32b": 20.919858406291134,
      "gpt-4.1": 22.591825665594467,
      "seed-oss-36b-instruct": 21.511935942960335,
      "gpt-oss-120b": 16.8718613959407,
      "llama-3.3-70b-instruct": 19.787981130964344,
      "kimi-k2-instruct-0905": 22.12658783640487
    },
    "average": {
      "gemini-2.5-flash": 32.833235401144464,
      "llama-4-maverick-17b-128e-instruct": 14.157289683433119,
      "qwen3-235b-a22b": 13.185794031327058,
      "palmyra-med-70b": 12.108910813807366,
      "deepseek-v3.1": 14.399152731294175,
      "llama-3.1-405b-instruct": 15.59135297056983,
      "gemma2-9b-it": 16.949293079402516,
      "mistral-medium-3-instruct": 13.600801940749584,
      "claude-sonnet-4-5": 34.62590386433882,
      "mistral-7b-instruct-v0.3": 11.633019858170151,
      "gemma-2-9b-it": 13.688630173483194,
      "gemma-2-27b-it": 15.047105078254518,
      "qwen3-32b": 14.591818490554475,
      "qwq-32b": 13.593891686803442,
      "gpt-4.1": 33.222418426346444,
      "seed-oss-36b-instruct": 13.64512996783434,
      "gpt-oss-120b": 12.85967448535349,
      "llama-3.3-70b-instruct": 13.235022466260295,
      "kimi-k2-instruct-0905": 17.02018987741307
    }
  },
  "best_model": "claude-sonnet-4-5",
  "best_model_scores": {
    "BLEU": 44.672599136357924,
    "chrF": 24.579208592319706,
    "Average": 34.62590386433882
  }
}