Model,Similarity Score (%),Raw Score
deepseek-v3.1,72.11%,72.10664365
llama-3.1-405b-instruct,62.16%,62.1588036
kimi-k2-instruct-0905,60.74%,60.7372864
gpt-oss-120b,57.26%,57.25713576
llama-4-maverick-17b-128e-instruct,54.50%,54.496233624
qwen3-235b-a22b,53.50%,53.497002550000005
llama-3.3-70b-instruct,50.05%,50.045332399999985
gemma2-9b-it,48.94%,48.93934916
qwen3-32b,43.27%,43.265985635999996
