Model,Similarity Score (%),Raw Score
deepseek-v3.1,74.76%,74.759921
kimi-k2-instruct-0905,62.91%,62.9116801
llama-3.1-405b-instruct,61.00%,61.004718359999984
gpt-oss-120b,57.26%,57.25713576
llama-4-maverick-17b-128e-instruct,54.50%,54.496233624
qwen3-235b-a22b,52.48%,52.48345679999999
llama-3.3-70b-instruct,49.22%,49.21618472
gemma2-9b-it,48.94%,48.93934916
qwen3-32b,43.27%,43.265985635999996
