Model,Similarity Score (%),Raw Score
deepseek-v3.1,71.08%,71.0795214
llama-3.1-405b-instruct,63.37%,63.374385
qwen3-235b-a22b,59.28%,59.27903859999999
kimi-k2-instruct-0905,58.30%,58.29602876666667
gpt-oss-120b,57.26%,57.25713576
llama-4-maverick-17b-128e-instruct,54.50%,54.496233624
gemma2-9b-it,48.94%,48.93934916
llama-3.3-70b-instruct,44.03%,44.0328294
qwen3-32b,43.27%,43.265985635999996
