Model,Similarity Score (%),Raw Score
kimi-k2-instruct-0905,59.60%,59.59888049999999
gpt-oss-120b,57.77%,57.768595499999996
llama-4-maverick-17b-128e-instruct,53.85%,53.84773663
gemma2-9b-it,52.95%,52.95125985
qwen3-32b,45.65%,45.650435
