Model,Similarity Score (%),Raw Score
deepseek-v3.1,73.37%,73.37089966666667
llama-3.1-405b-instruct,67.14%,67.13675053333333
kimi-k2-instruct-0905,60.35%,60.35468395000001
gpt-oss-120b,57.26%,57.25713576
llama-4-maverick-17b-128e-instruct,54.50%,54.496233624
llama-3.3-70b-instruct,53.24%,53.24343273333334
qwen3-235b-a22b,51.56%,51.55965906666666
gemma2-9b-it,48.94%,48.93934916
qwen3-32b,43.27%,43.265985635999996
