Model,Similarity Score (%),Raw Score
deepseek-v3.1,71.60%,71.60378773333332
kimi-k2-instruct-0905,63.12%,63.11705405454546
llama-3.1-405b-instruct,60.14%,60.14177493333332
gpt-oss-120b,57.26%,57.25713576
llama-4-maverick-17b-128e-instruct,54.50%,54.496233624
qwen3-235b-a22b,52.94%,52.94410536666666
gemma-2-27b-it,50.82%,50.8174578
llama-3.3-70b-instruct,49.38%,49.38149986666667
gemma2-9b-it,48.94%,48.93934916
qwen3-32b,43.27%,43.265985635999996
