{
  "language_pair": "fat-eng",
  "timestamp": "2026-01-16T11:13:50.705416",
  "models": {
    "gemma2-9b-it": 48.93934916,
    "chatgpt": 69.383544921875,
    "kimi-k2-instruct-0905": 60.2111565765411,
    "deepseek-v3.1": 68.52232978915441,
    "claude": 69.2152099609375,
    "llama-3.3-70b-instruct": 53.79114818586282,
    "qwen3-32b": 43.265985635999996,
    "palmyra-med-70b": 46.87445009999999,
    "llama-3.1-405b-instruct": 52.06361921369486,
    "qwen3-235b-a22b": 49.5134681665308,
    "llama-4-maverick-17b-128e-instruct": 62.143117543022385,
    "qwq-32b": 36.717760864000496,
    "seed-oss-36b-instruct": 39.86672451663993,
    "gemini": 69.690673828125,
    "mistral-7b-instruct-v0.3": 32.9714903,
    "mistral-medium-3-instruct": 55.6421445686508,
    "gpt-oss-120b": 58.201720334888066,
    "gemma-2-9b-it": 48.88132366048387,
    "gemma-2-27b-it": 50.58424551160715
  },
  "average_score": 53.49891909673759,
  "best_model": "gemini",
  "best_score": 69.690673828125
}