{
  "language_pair": "fat-eng",
  "timestamp": "2025-10-18T17:11:57.324389",
  "models": {
    "gemma2-9b-it": 48.93934916,
    "kimi-k2-instruct-0905": 60.7372864,
    "deepseek-v3.1": 72.10664365,
    "llama-3.3-70b-instruct": 50.045332399999985,
    "qwen3-32b": 43.265985635999996,
    "llama-3.1-405b-instruct": 62.1588036,
    "qwen3-235b-a22b": 53.497002550000005,
    "llama-4-maverick-17b-128e-instruct": 54.496233624,
    "gpt-oss-120b": 57.25713576
  },
  "average_score": 55.83375253111111,
  "best_model": "deepseek-v3.1",
  "best_score": 72.10664365
}