{
  "language_pair": "fat-eng",
  "timestamp": "2025-10-24T14:23:36.630981",
  "models": {
    "gemma2-9b-it": 48.93934916,
    "kimi-k2-instruct-0905": 63.11705405454546,
    "deepseek-v3.1": 71.60378773333332,
    "llama-3.3-70b-instruct": 49.38149986666667,
    "qwen3-32b": 43.265985635999996,
    "llama-3.1-405b-instruct": 60.14177493333332,
    "qwen3-235b-a22b": 52.94410536666666,
    "llama-4-maverick-17b-128e-instruct": 54.496233624,
    "gpt-oss-120b": 57.25713576,
    "gemma-2-27b-it": 50.8174578
  },
  "average_score": 55.196438393454535,
  "best_model": "deepseek-v3.1",
  "best_score": 71.60378773333332
}