{
  "language_pair": "fat-eng",
  "timestamp": "2025-10-09T07:08:34.953446",
  "models": {
    "gemma2-9b-it": 48.93934916,
    "kimi-k2-instruct-0905": 58.754284919999996,
    "qwen3-32b": 43.265985635999996,
    "llama-4-maverick-17b-128e-instruct": 54.496233624,
    "gpt-oss-120b": 57.25713576
  },
  "average_score": 52.54259781999999,
  "best_model": "kimi-k2-instruct-0905",
  "best_score": 58.754284919999996
}