{
  "language_pair": "fat-eng",
  "timestamp": "2026-01-16T14:45:11.665071",
  "models": {
    "gemma2-9b-it": 48.93934916,
    "chatgpt": 69.383544921875,
    "kimi-k2-instruct-0905": 60.211223464383565,
    "deepseek-v3.1": 68.52157582545956,
    "claude": 69.2127685546875,
    "llama-3.3-70b-instruct": 53.79163287680952,
    "qwen3-32b": 43.265985635999996,
    "palmyra-med-70b": 46.87445009999999,
    "llama-3.1-405b-instruct": 52.06322428033088,
    "qwen3-235b-a22b": 49.512795895244565,
    "llama-4-maverick-17b-128e-instruct": 62.14275315402985,
    "qwq-32b": 36.717760864000496,
    "seed-oss-36b-instruct": 39.86524511043449,
    "gemini": 69.690673828125,
    "mistral-7b-instruct-v0.3": 32.9714903,
    "mistral-medium-3-instruct": 55.6421445686508,
    "gpt-oss-120b": 58.20121019029851,
    "gemma-2-9b-it": 48.881993078326616,
    "gemma-2-27b-it": 50.58296667976191
  },
  "average_score": 53.49856781517991,
  "best_model": "gemini",
  "best_score": 69.690673828125
}