{
  "language_pair": "fat-eng",
  "timestamp": "2025-11-07T13:48:46.742882",
  "models": {
    "gemma2-9b-it": 48.93934916,
    "kimi-k2-instruct-0905": 63.44479302463739,
    "deepseek-v3.1": 70.11946223391232,
    "llama-3.3-70b-instruct": 50.16221646568214,
    "qwen3-32b": 43.265985635999996,
    "palmyra-med-70b": 46.87445009999999,
    "llama-3.1-405b-instruct": 59.67945406644738,
    "qwen3-235b-a22b": 52.209153131589424,
    "llama-4-maverick-17b-128e-instruct": 59.22297930336956,
    "qwq-32b": 44.54525509488633,
    "seed-oss-36b-instruct": 44.776975035157015,
    "mistral-7b-instruct-v0.3": 32.9714903,
    "mistral-medium-3-instruct": 58.43745236164957,
    "gpt-oss-120b": 57.65543262072372,
    "gemma-2-9b-it": 40.4948198975446,
    "gemma-2-27b-it": 49.87772618460064
  },
  "average_score": 51.417312163512506,
  "best_model": "deepseek-v3.1",
  "best_score": 70.11946223391232
}