{
  "language_pair": "fat-eng",
  "timestamp": "2025-10-17T06:38:40.156022",
  "models": {
    "gemma2-9b-it": 48.93934916,
    "kimi-k2-instruct-0905": 58.29602876666667,
    "deepseek-v3.1": 71.0795214,
    "llama-3.3-70b-instruct": 44.0328294,
    "qwen3-32b": 43.265985635999996,
    "llama-3.1-405b-instruct": 63.374385,
    "qwen3-235b-a22b": 59.27903859999999,
    "llama-4-maverick-17b-128e-instruct": 54.496233624,
    "gpt-oss-120b": 57.25713576
  },
  "average_score": 55.55783414962963,
  "best_model": "deepseek-v3.1",
  "best_score": 71.0795214
}