{
  "language_pair": "fat-eng",
  "timestamp": "2025-09-24T14:06:29.850204",
  "models": {
    "gemma2-9b-it": 43.643467400000006,
    "kimi-k2-instruct-0905": 52.350894200000006,
    "qwen3-32b": 52.93881359999999,
    "llama-4-maverick-17b-128e-instruct": 40.31703772,
    "gpt-oss-120b": 56.024552400000005
  },
  "average_score": 49.054953064,
  "best_model": "gpt-oss-120b",
  "best_score": 56.024552400000005
}