{
  "language_pair": "fat-eng",
  "timestamp": "2026-01-28T14:52:22.330505",
  "models": {
    "bleu": {
      "gemma2-9b-it": 6.464673005040504,
      "kimi-k2-instruct-0905": 12.682045316095781,
      "deepseek-v3.1": 12.140606404992235,
      "llama-3.3-70b-instruct": 6.728210152090853,
      "qwen3-32b": 3.7716163497830983,
      "gemini-2.5-flash": 10.701977904643666,
      "palmyra-med-70b": 3.607789772026224,
      "claude-sonnet-4-5": 10.372870483004641,
      "llama-3.1-405b-instruct": 5.206614068368171,
      "qwen3-235b-a22b": 6.29769043648945,
      "llama-4-maverick-17b-128e-instruct": 9.323438815981564,
      "qwq-32b": 4.038403595809345,
      "gpt-4.1": 11.509014800291698,
      "seed-oss-36b-instruct": 4.127318001101719,
      "mistral-7b-instruct-v0.3": 2.9241831929931097,
      "mistral-medium-3-instruct": 10.849930953714667,
      "gpt-oss-120b": 10.074349656530934,
      "gemma-2-9b-it": 4.141786155272822,
      "gemma-2-27b-it": 4.5317922352412765
    },
    "chrf": {
      "gemma2-9b-it": 25.726852739233546,
      "kimi-k2-instruct-0905": 33.00372440585131,
      "deepseek-v3.1": 37.21076050394225,
      "llama-3.3-70b-instruct": 31.29044755058143,
      "qwen3-32b": 22.875693069137522,
      "gemini-2.5-flash": 36.40380158131182,
      "palmyra-med-70b": 26.316656620302126,
      "claude-sonnet-4-5": 35.720684745712944,
      "llama-3.1-405b-instruct": 28.740738598156618,
      "qwen3-235b-a22b": 27.606725573656735,
      "llama-4-maverick-17b-128e-instruct": 34.725797207523414,
      "qwq-32b": 21.80303039408672,
      "gpt-4.1": 36.785965552461995,
      "seed-oss-36b-instruct": 23.189750395759752,
      "mistral-7b-instruct-v0.3": 24.59025540773003,
      "mistral-medium-3-instruct": 34.05950912860811,
      "gpt-oss-120b": 31.95604997656448,
      "gemma-2-9b-it": 22.238773176051694,
      "gemma-2-27b-it": 24.31822612080005
    },
    "average": {
      "gemma2-9b-it": 16.095762872137026,
      "kimi-k2-instruct-0905": 22.84288486097354,
      "deepseek-v3.1": 24.675683454467237,
      "llama-3.3-70b-instruct": 19.009328851336143,
      "qwen3-32b": 13.323654709460309,
      "gemini-2.5-flash": 23.552889742977744,
      "palmyra-med-70b": 14.962223196164175,
      "claude-sonnet-4-5": 23.0467776143588,
      "llama-3.1-405b-instruct": 16.973676333262397,
      "qwen3-235b-a22b": 16.952208005073093,
      "llama-4-maverick-17b-128e-instruct": 22.024618011752487,
      "qwq-32b": 12.920716994948032,
      "gpt-4.1": 24.14749017637685,
      "seed-oss-36b-instruct": 13.658534198430736,
      "mistral-7b-instruct-v0.3": 13.75721930036157,
      "mistral-medium-3-instruct": 22.454720041161394,
      "gpt-oss-120b": 21.01519981654771,
      "gemma-2-9b-it": 13.190279665662262,
      "gemma-2-27b-it": 14.425009178020659
    }
  },
  "best_model": "deepseek-v3.1",
  "best_model_scores": {
    "BLEU": 12.140606404992235,
    "chrF": 37.21076050394225,
    "Average": 24.675683454467237
  }
}