Model,Similarity Score (%),Raw Score
deepseek-v3.1,57.57%,57.573135799999996
llama-3.1-405b-instruct,49.57%,49.5707164
kimi-k2-instruct-0905,40.12%,40.12472178000001
qwen3-235b-a22b,34.15%,34.1535702
qwen3-32b,32.91%,32.911440999999996
llama-4-maverick-17b-128e-instruct,32.06%,32.05958928
llama-3.3-70b-instruct,26.39%,26.38655008
gemma2-9b-it,26.28%,26.283741267999993
gpt-oss-120b,21.93%,21.93008494
