Model,Similarity Score (%),Raw Score
deepseek-v3.1,42.99%,42.99123917199999
kimi-k2-instruct-0905,40.32%,40.319906688
llama-3.3-70b-instruct,38.11%,38.112609336000006
llama-3.1-405b-instruct,36.48%,36.48137816
qwen3-235b-a22b,35.61%,35.613620139999995
qwen3-32b,32.91%,32.911441
llama-4-maverick-17b-128e-instruct,32.06%,32.05958928
gemma2-9b-it,26.28%,26.283741267999993
gpt-oss-120b,21.93%,21.93008494
