Model,Similarity Score (%),Raw Score
kimi-k2-instruct-0905,42.88%,42.87733896999999
qwen3-32b,34.80%,34.80146270000001
llama-4-maverick-17b-128e-instruct,31.89%,31.890097199999996
gemma2-9b-it,26.96%,26.963776385000003
gpt-oss-120b,19.35%,19.34876473
