Model,Similarity Score (%),Raw Score
kimi-k2-instruct-0905,40.91%,40.905152136
qwen3-32b,32.91%,32.911440999999996
llama-4-maverick-17b-128e-instruct,32.06%,32.05958928
gemma2-9b-it,26.28%,26.283741267999993
gpt-oss-120b,21.93%,21.93008494
