Model,Similarity Score (%),Raw Score
kimi-k2-instruct-0905,47.45%,47.446237599999996
qwen3-32b,45.24%,45.241423000000005
llama-4-maverick-17b-128e-instruct,35.88%,35.8754704
gemma2-9b-it,18.87%,18.867272460000002
gpt-oss-120b,12.30%,12.295662520000002
