{
  "language_pair": "bwu-eng",
  "timestamp": "2026-01-16T11:13:52.142240",
  "models": {
    "llama-3.1-405b-instruct": 27.15255457093984,
    "mistral-7b-instruct-v0.3": 34.4031352,
    "qwen3-235b-a22b": 35.04309686681468,
    "gemma-2-9b-it": 30.099243892332407,
    "llama-3.3-70b-instruct": 32.33832790590361,
    "claude": 44.541839599609375,
    "chatgpt": 0.0,
    "qwen3-32b": 32.911440999999996,
    "gemma-2-27b-it": 30.2167986032218,
    "qwq-32b": 36.11242486291331,
    "llama-4-maverick-17b-128e-instruct": 38.63939274155317,
    "gpt-oss-120b": 28.434553715265437,
    "deepseek-v3.1": 37.29334107156296,
    "mistral-medium-3-instruct": 31.249505502729335,
    "palmyra-med-70b": 35.33633597,
    "gemini": 46.51611328125,
    "seed-oss-36b-instruct": 34.612115278166186,
    "gemma2-9b-it": 26.283741267999993,
    "kimi-k2-instruct-0905": 37.68112426321061
  },
  "average_score": 32.571846610182774,
  "best_model": "gemini",
  "best_score": 46.51611328125
}