{
  "language_pair": "bwu-eng",
  "timestamp": "2026-01-28T14:52:29.675506",
  "models": {
    "bleu": {
      "llama-3.1-405b-instruct": 2.7319929308606192,
      "gemini-2.5-flash": 5.40643749176438,
      "mistral-7b-instruct-v0.3": 3.0373762534395037,
      "gpt-4.1": 4.465740902038363,
      "qwen3-235b-a22b": 2.829480441689626,
      "gemma-2-9b-it": 3.145737613549761,
      "llama-3.3-70b-instruct": 2.8042209986882254,
      "claude-sonnet-4-5": 5.641677968178217,
      "qwen3-32b": 2.4754013007650237,
      "gemma-2-27b-it": 3.1191795085588003,
      "qwq-32b": 2.9393840421281956,
      "llama-4-maverick-17b-128e-instruct": 3.25641559347827,
      "gpt-oss-120b": 2.9167182261049636,
      "deepseek-v3.1": 3.44179961997142,
      "mistral-medium-3-instruct": 2.541653147897622,
      "palmyra-med-70b": 2.255942668244994,
      "seed-oss-36b-instruct": 2.4334395106737245,
      "gemma2-9b-it": 2.522333922000831,
      "kimi-k2-instruct-0905": 2.957419626194833
    },
    "chrf": {
      "llama-3.1-405b-instruct": 19.116433716728224,
      "gemini-2.5-flash": 26.4165072858003,
      "mistral-7b-instruct-v0.3": 21.800891245854572,
      "gpt-4.1": 23.909516103427652,
      "qwen3-235b-a22b": 19.29317241395808,
      "gemma-2-9b-it": 18.203945225652213,
      "llama-3.3-70b-instruct": 19.52871007066109,
      "claude-sonnet-4-5": 27.187157768981095,
      "qwen3-32b": 19.68501554599835,
      "gemma-2-27b-it": 18.905444084942058,
      "qwq-32b": 19.886992676937282,
      "llama-4-maverick-17b-128e-instruct": 21.275920442657444,
      "gpt-oss-120b": 17.165401065549297,
      "deepseek-v3.1": 20.213385671492194,
      "mistral-medium-3-instruct": 18.323458988864743,
      "palmyra-med-70b": 20.608695039419427,
      "seed-oss-36b-instruct": 19.51150214258619,
      "gemma2-9b-it": 18.149230193297953,
      "kimi-k2-instruct-0905": 20.172573191278495
    },
    "average": {
      "llama-3.1-405b-instruct": 10.92421332379442,
      "gemini-2.5-flash": 15.91147238878234,
      "mistral-7b-instruct-v0.3": 12.419133749647036,
      "gpt-4.1": 14.187628502733007,
      "qwen3-235b-a22b": 11.061326427823852,
      "gemma-2-9b-it": 10.674841419600986,
      "llama-3.3-70b-instruct": 11.166465534674657,
      "claude-sonnet-4-5": 16.414417868579655,
      "qwen3-32b": 11.080208423381686,
      "gemma-2-27b-it": 11.01231179675043,
      "qwq-32b": 11.41318835953274,
      "llama-4-maverick-17b-128e-instruct": 12.266168018067857,
      "gpt-oss-120b": 10.041059645827131,
      "deepseek-v3.1": 11.827592645731807,
      "mistral-medium-3-instruct": 10.432556068381182,
      "palmyra-med-70b": 11.43231885383221,
      "seed-oss-36b-instruct": 10.972470826629959,
      "gemma2-9b-it": 10.335782057649391,
      "kimi-k2-instruct-0905": 11.564996408736665
    }
  },
  "best_model": "claude-sonnet-4-5",
  "best_model_scores": {
    "BLEU": 5.641677968178217,
    "chrF": 27.187157768981095,
    "Average": 16.414417868579655
  }
}