{
  "language_pair": "bwu-eng",
  "timestamp": "2025-09-25T07:32:39.237644",
  "models": {
    "qwen3-32b": 45.241423000000005,
    "llama-4-maverick-17b-128e-instruct": 35.8754704,
    "gpt-oss-120b": 12.295662520000002,
    "gemma2-9b-it": 18.867272460000002,
    "kimi-k2-instruct-0905": 47.446237599999996
  },
  "average_score": 31.945213196000005,
  "best_model": "kimi-k2-instruct-0905",
  "best_score": 47.446237599999996
}