{
  "language_pair": "bwu-eng",
  "timestamp": "2026-01-12T13:35:16.929422",
  "models": {
    "llama-3.1-405b-instruct": 27.241322401179247,
    "mistral-7b-instruct-v0.3": 34.4031352,
    "qwen3-235b-a22b": 34.983288990479124,
    "gemma-2-9b-it": 32.81293433857085,
    "llama-3.3-70b-instruct": 32.24628489484985,
    "qwen3-32b": 32.911440999999996,
    "gemma-2-27b-it": 31.209122256373227,
    "qwq-32b": 36.214411584416084,
    "llama-4-maverick-17b-128e-instruct": 38.5995854602629,
    "gpt-oss-120b": 28.64162217954693,
    "deepseek-v3.1": 37.43356591026416,
    "mistral-medium-3-instruct": 31.212845044067887,
    "palmyra-med-70b": 35.33633597,
    "seed-oss-36b-instruct": 34.54962845793986,
    "gemma2-9b-it": 26.283741267999993,
    "kimi-k2-instruct-0905": 37.530995611462856
  },
  "average_score": 33.22564128546331,
  "best_model": "llama-4-maverick-17b-128e-instruct",
  "best_score": 38.5995854602629
}