{
  "language_pair": "bwu-eng",
  "timestamp": "2025-10-18T17:11:58.633919",
  "models": {
    "llama-3.1-405b-instruct": 36.5498237,
    "qwen3-235b-a22b": 37.086861475,
    "llama-3.3-70b-instruct": 38.13865252000001,
    "qwen3-32b": 32.911441,
    "llama-4-maverick-17b-128e-instruct": 32.05958928,
    "gpt-oss-120b": 21.93008494,
    "deepseek-v3.1": 39.468182765,
    "gemma2-9b-it": 26.283741267999993,
    "kimi-k2-instruct-0905": 40.80319852000001
  },
  "average_score": 33.914619496444445,
  "best_model": "kimi-k2-instruct-0905",
  "best_score": 40.80319852000001
}