{
  "language_pair": "bwu-eng",
  "timestamp": "2026-01-14T12:27:14.965984",
  "models": {
    "llama-3.1-405b-instruct": 27.153209801293706,
    "mistral-7b-instruct-v0.3": 34.4031352,
    "qwen3-235b-a22b": 35.043034036506775,
    "gemma-2-9b-it": 30.099165137292083,
    "llama-3.3-70b-instruct": 32.33856127561868,
    "qwen3-32b": 32.911440999999996,
    "gemma-2-27b-it": 30.218431051448487,
    "qwq-32b": 36.11211968713206,
    "llama-4-maverick-17b-128e-instruct": 38.63914677898321,
    "gpt-oss-120b": 28.43450133434776,
    "deepseek-v3.1": 37.29287433213281,
    "mistral-medium-3-instruct": 31.249269237608363,
    "palmyra-med-70b": 35.33633597,
    "seed-oss-36b-instruct": 34.61212266145121,
    "gemma2-9b-it": 26.283741267999993,
    "kimi-k2-instruct-0905": 37.67939772077697
  },
  "average_score": 32.987905405787004,
  "best_model": "llama-4-maverick-17b-128e-instruct",
  "best_score": 38.63914677898321
}