{
  "language_pair": "kus-eng",
  "timestamp": "2026-01-29T11:31:11.223559",
  "models": {
    "bleu": {
      "seed-oss-36b-instruct": 2.865219607346697,
      "palmyra-med-70b": 11.6539074539151,
      "gemma2-9b-it": 5.40720504024078,
      "qwen3-235b-a22b": 7.908296848436197,
      "llama-3.3-70b-instruct": 5.291907393644995,
      "gemini-2.5-flash": 12.740810460323601,
      "llama-3.1-405b-instruct": 12.062940248564933,
      "qwen3-32b": 7.126955677090929,
      "gemma-2-27b-it": 6.809398432036521,
      "qwq-32b": 4.818705793464987,
      "mistral-7b-instruct-v0.3": 9.042713792226897,
      "kimi-k2-instruct-0905": 7.1726671857230535,
      "mistral-medium-3-instruct": 3.759223836863586,
      "claude-sonnet-4-5": 19.554016376461806,
      "llama-4-maverick-17b-128e-instruct": 5.7783239927083425,
      "gpt-4.1": 17.92725955004355,
      "gemma-2-9b-it": 5.577144216540393,
      "gpt-oss-120b": 4.348949343910558,
      "deepseek-v3.1": 9.571879004652777
    },
    "chrf": {
      "seed-oss-36b-instruct": 23.8783052747616,
      "palmyra-med-70b": 24.039170067814787,
      "gemma2-9b-it": 23.28055652155837,
      "qwen3-235b-a22b": 25.897997572035283,
      "llama-3.3-70b-instruct": 29.892605358530144,
      "gemini-2.5-flash": 30.087214779342435,
      "llama-3.1-405b-instruct": 28.46744160342023,
      "qwen3-32b": 20.939212209109385,
      "gemma-2-27b-it": 22.43948441210267,
      "qwq-32b": 23.409871247830974,
      "mistral-7b-instruct-v0.3": 18.203480987531215,
      "kimi-k2-instruct-0905": 29.88810100083292,
      "mistral-medium-3-instruct": 27.38254089031736,
      "claude-sonnet-4-5": 32.19858419039646,
      "llama-4-maverick-17b-128e-instruct": 27.58467932988729,
      "gpt-4.1": 27.860491611803713,
      "gemma-2-9b-it": 21.446831197552413,
      "gpt-oss-120b": 24.133176526790226,
      "deepseek-v3.1": 25.156807889016193
    },
    "average": {
      "seed-oss-36b-instruct": 13.371762441054148,
      "palmyra-med-70b": 17.846538760864945,
      "gemma2-9b-it": 14.343880780899575,
      "qwen3-235b-a22b": 16.90314721023574,
      "llama-3.3-70b-instruct": 17.59225637608757,
      "gemini-2.5-flash": 21.414012619833017,
      "llama-3.1-405b-instruct": 20.26519092599258,
      "qwen3-32b": 14.033083943100157,
      "gemma-2-27b-it": 14.624441422069594,
      "qwq-32b": 14.11428852064798,
      "mistral-7b-instruct-v0.3": 13.623097389879057,
      "kimi-k2-instruct-0905": 18.530384093277988,
      "mistral-medium-3-instruct": 15.570882363590474,
      "claude-sonnet-4-5": 25.87630028342913,
      "llama-4-maverick-17b-128e-instruct": 16.681501661297816,
      "gpt-4.1": 22.893875580923634,
      "gemma-2-9b-it": 13.511987707046403,
      "gpt-oss-120b": 14.241062935350392,
      "deepseek-v3.1": 17.364343446834486
    }
  },
  "best_model": "claude-sonnet-4-5",
  "best_model_scores": {
    "BLEU": 19.554016376461806,
    "chrF": 32.19858419039646,
    "Average": 25.87630028342913
  }
}