ref,text,translated,source_zip_file,similarity_score,chrf_sentence,corpus_bleu,corpus_chrf
So God created humans to be like himself; he made men and women.,"Dila Wen yaa nye nuru ase wadek la, wadek ale ka diila ate wa nye wa, nidoa ale nipok ate wa nye.","When the sun is about to set, the men and women return home, the men to their houses and the women to theirs.",Dec 08 output,,26.94774873609067,11.371681934875244,4.318751741432155
Noah did everything God told him to do.,Nowa yaa nye dii meena ti Wen weeni wa la.,The sun is shining brightly because Wen is in a good mood today.,Dec 08 output,,18.326818053128473,11.371681934875244,4.318751741432155
"But God answered: No! You and Sarah will have a son. His name will be Isaac, and I will make an everlasting promise to him and his descendants.","Wen yaa weeni Abrayam ayen, m siak ya, alege fi powa Saara ale biak nidoabili ate fi te wa yuei ayen Aizik. M le basi ate mi ale wa nɔiyeŋka a zaani ate ka chim nɔiyeŋ kaai ale kaa kpeglim a te wa ŋaaŋbisaŋa ale bo wa ŋaaŋ cheen la.","When Abraham was old and advanced in age, Sarah his wife gave him no child. He said to his servant that he should take another wife so that she might bear him a child called Isaac. He entrusted his servant with a lot of wealth and instructed him not to take a local woman as a wife for his son but to go to his family house to choose.",Dec 08 output,,25.016683090582536,11.371681934875244,4.318751741432155
Jacob cut branches from some poplar trees and from some almond and evergreen trees. He peeled off part of the bark and made the branches look spotted and speckled.,"Jekob yaa pai niak tiib ale almond tiib ale dapeelita tiib naŋ yɔgsisa ate ba che la a po, a yaa pai daataŋa ate wa poa ate ŋa peenti la a dueni peelim.","Jacob took a few almonds and some peeled and pounded ones and put them in the containers that he had with him, and he took some parched grains and put them in a bag and tied it around his waist.",Dec 08 output,,28.628007332662364,11.371681934875244,4.318751741432155
"As Jacob was on his way back home, some of God's angels came and met him.","Jekob mɛ yaa lɔ wa suik po a cheŋ, ate Wen maarɔma yaa tu wa suik.","When Jacob had eaten enough, he said that he was full, that is, when he had eaten Wen's food, he was full.",Dec 08 output,,16.96152701546229,11.371681934875244,4.318751741432155
So God created humans to be like himself; he made men and women.,"Dila Wen yaa nye nuru ase wadek la, wadek ale ka diila ate wa nye wa, nidoa ale nipok ate wa nye.","When the sun sets people go home, when it is time to go home people go.",onesimus_31223989_Dec 12 output,,14.284005394841484,11.371681934875244,4.318751741432155
Noah did everything God told him to do.,Nowa yaa nye dii meena ti Wen weeni wa la.,"The sun is already high, let's go to Wen.",onesimus_31223989_Dec 12 output,,10.902744748315495,11.371681934875244,4.318751741432155
"But God answered: No! You and Sarah will have a son. His name will be Isaac, and I will make an everlasting promise to him and his descendants.","Wen yaa weeni Abrayam ayen, m siak ya, alege fi powa Saara ale biak nidoabili ate fi te wa yuei ayen Aizik. M le basi ate mi ale wa nɔiyeŋka a zaani ate ka chim nɔiyeŋ kaai ale kaa kpeglim a te wa ŋaaŋbisaŋa ale bo wa ŋaaŋ cheen la.","When the time Abraham's wife was delivered, I was there, and she was so happy that Sarah's breasts were full of milk again that she breastfed Isaac. I was there and saw that my friend was very happy and was singing and dancing and was very pleased that she had given birth to a white baby boy.",onesimus_31223989_Dec 12 output,,23.29991040061313,11.371681934875244,4.318751741432155
Jacob cut branches from some poplar trees and from some almond and evergreen trees. He peeled off part of the bark and made the branches look spotted and speckled.,"Jekob yaa pai niak tiib ale almond tiib ale dapeelita tiib naŋ yɔgsisa ate ba che la a po, a yaa pai daataŋa ate wa poa ate ŋa peenti la a dueni peelim.","Jacob took a little of the fat and some almonds and the fat of the dapeelita animal and some of the fat of the yɔgsisa animal and put it on the fire, he took some of the daataŋa plant and some of the poa plant and some of the peenti plant and rubbed it on his sick body.",onesimus_31223989_Dec 12 output,,28.524854678217558,11.371681934875244,4.318751741432155
"As Jacob was on his way back home, some of God's angels came and met him.","Jekob mɛ yaa lɔ wa suik po a cheŋ, ate Wen maarɔma yaa tu wa suik.","When Jacob had eaten enough, he drank wine, for Laban had given him wine to drink.",onesimus_31223989_Dec 12 output,,17.165127119169522,11.371681934875244,4.318751741432155
So God created humans to be like himself; he made men and women.,"Dila Wen yaa nye nuru ase wadek la, wadek ale ka diila ate wa nye wa, nidoa ale nipok ate wa nye.","When the sun sets people go home, when it is time to go home people go",john_AC86BE0F_output (5),,14.021770013727828,11.371681934875244,4.318751741432155
Noah did everything God told him to do.,Nowa yaa nye dii meena ti Wen weeni wa la.,The sun is shining brightly today because the Lord is with us.,john_AC86BE0F_output (5),,15.552998275384283,11.371681934875244,4.318751741432155
"But God answered: No! You and Sarah will have a son. His name will be Isaac, and I will make an everlasting promise to him and his descendants.","Wen yaa weeni Abrayam ayen, m siak ya, alege fi powa Saara ale biak nidoabili ate fi te wa yuei ayen Aizik. M le basi ate mi ale wa nɔiyeŋka a zaani ate ka chim nɔiyeŋ kaai ale kaa kpeglim a te wa ŋaaŋbisaŋa ale bo wa ŋaaŋ cheen la.","When the time Abraham's wife Sarah was promised a child by God arrived, God appeared to him again and said, ""I will return to you at the same time next year, and Sarah will have a son."" Abraham was very old by then and Sarah was past childbearing age.",john_AC86BE0F_output (5),,36.89352683863174,11.371681934875244,4.318751741432155
Jacob cut branches from some poplar trees and from some almond and evergreen trees. He peeled off part of the bark and made the branches look spotted and speckled.,"Jekob yaa pai niak tiib ale almond tiib ale dapeelita tiib naŋ yɔgsisa ate ba che la a po, a yaa pai daataŋa ate wa poa ate ŋa peenti la a dueni peelim.","Jacob took a little of the fat and some almonds and the fat of the dapeelita and put it in a pot, and when it was cooked, he took some of the broth and put it in a calabash to give to his sick friend.",john_AC86BE0F_output (5),,28.966374914774395,11.371681934875244,4.318751741432155
"As Jacob was on his way back home, some of God's angels came and met him.","Jekob mɛ yaa lɔ wa suik po a cheŋ, ate Wen maarɔma yaa tu wa suik.","Jacob was not able to carry the load on his back, so when Wen came he took the load from him.",john_AC86BE0F_output (5),,30.35852822608977,11.371681934875244,4.318751741432155
So God created humans to be like himself; he made men and women.,"Dila Wen yaa nye nuru ase wadek la, wadek ale ka diila ate wa nye wa, nidoa ale nipok ate wa nye.","When the sun sets people go home, when it is time to go home people go.",output_JA-4,,14.284005394841484,11.371681934875244,4.318751741432155
Noah did everything God told him to do.,Nowa yaa nye dii meena ti Wen weeni wa la.,"The sun is already high, let's go to Wen's place to dance.",output_JA-4,,12.942095436161521,11.371681934875244,4.318751741432155
"But God answered: No! You and Sarah will have a son. His name will be Isaac, and I will make an everlasting promise to him and his descendants.","Wen yaa weeni Abrayam ayen, m siak ya, alege fi powa Saara ale biak nidoabili ate fi te wa yuei ayen Aizik. M le basi ate mi ale wa nɔiyeŋka a zaani ate ka chim nɔiyeŋ kaai ale kaa kpeglim a te wa ŋaaŋbisaŋa ale bo wa ŋaaŋ cheen la.","When the time Abraham's wife Sarah was promised a child by God arrived, God appeared to Abraham again and said, ""I will return to you next year and Sarah will have a son."" Abraham was very old by then and Sarah was past childbearing age.",output_JA-4,,35.00913704704723,11.371681934875244,4.318751741432155
Jacob cut branches from some poplar trees and from some almond and evergreen trees. He peeled off part of the bark and made the branches look spotted and speckled.,"Jekob yaa pai niak tiib ale almond tiib ale dapeelita tiib naŋ yɔgsisa ate ba che la a po, a yaa pai daataŋa ate wa poa ate ŋa peenti la a dueni peelim.","Jacob took the peeled and skinned almonds and pounded them until they were crushed, then he took the flour and mixed it with water and made it into a stiff dough to prepare some food.",output_JA-4,,29.744939176586637,11.371681934875244,4.318751741432155
"As Jacob was on his way back home, some of God's angels came and met him.","Jekob mɛ yaa lɔ wa suik po a cheŋ, ate Wen maarɔma yaa tu wa suik.","Jacob then took a knife and slaughtered the pig, and then Wen helped him cut up the pig.",output_JA-4,,16.405372162346964,11.371681934875244,4.318751741432155
So God created humans to be like himself; he made men and women.,"Dila Wen yaa nye nuru ase wadek la, wadek ale ka diila ate wa nye wa, nidoa ale nipok ate wa nye.","When the sun sets, people go to their homes, each person goes to their own home, and each family goes to their own house.",onesimus_7C821E01_Dec 01 output,,15.881714157015125,11.371681934875244,4.318751741432155
Noah did everything God told him to do.,Nowa yaa nye dii meena ti Wen weeni wa la.,"The sun is already high, let's go to Wen's place to eat.",onesimus_7C821E01_Dec 01 output,,11.603723668285348,11.371681934875244,4.318751741432155
"But God answered: No! You and Sarah will have a son. His name will be Isaac, and I will make an everlasting promise to him and his descendants.","Wen yaa weeni Abrayam ayen, m siak ya, alege fi powa Saara ale biak nidoabili ate fi te wa yuei ayen Aizik. M le basi ate mi ale wa nɔiyeŋka a zaani ate ka chim nɔiyeŋ kaai ale kaa kpeglim a te wa ŋaaŋbisaŋa ale bo wa ŋaaŋ cheen la.","When the Lord appeared to Abraham, he circumcised him, and he circumcised every male in his household as God had commanded him so that Isaac would be born. He did this so that the covenant of circumcision would be in their flesh and not be forgotten, and so that it would be a sign to them and a sign to their descendants forever.",onesimus_7C821E01_Dec 01 output,,25.90697314097718,11.371681934875244,4.318751741432155
Jacob cut branches from some poplar trees and from some almond and evergreen trees. He peeled off part of the bark and made the branches look spotted and speckled.,"Jekob yaa pai niak tiib ale almond tiib ale dapeelita tiib naŋ yɔgsisa ate ba che la a po, a yaa pai daataŋa ate wa poa ate ŋa peenti la a dueni peelim.","Jacob took the peeled and skinned almonds and pounded them until they were fine, then he mixed them with flour and added some water to knead it into dough.",onesimus_7C821E01_Dec 01 output,,25.432182696768567,11.371681934875244,4.318751741432155
"As Jacob was on his way back home, some of God's angels came and met him.","Jekob mɛ yaa lɔ wa suik po a cheŋ, ate Wen maarɔma yaa tu wa suik.","Jacob was not able to carry the load on his head, so Wen helped him carry the load.",onesimus_7C821E01_Dec 01 output,,25.65124782363839,11.371681934875244,4.318751741432155
"Esau already had several wives, but he now realized how much his father hated the Canaanite women.","Iisɔ ale jam miŋ Keenan nipooma ale jam a nye ate wa kowa Aizik sui a jam a puuri diila,",They went to Keenan's village and when they got there they said that Aizik's people had come to their village to fight,output_jonathan,0.19771123,18.92692043440464,11.371681934875244,4.318751741432155
"“I'm really lucky,” Leah said, and she named the boy Gad.","Ate Leya yaa weeni ayen, <<Ka boan zumasuk ale nna!>> Ate wa te biika yuei ayen Gad.","Then Leya said to them, <<Do not be afraid!>> Then he told them a story about Gad.",output_jonathan,0.45823628,20.261376350998837,11.371681934875244,4.318751741432155
"Then God put winged creatures at the entrance to the garden and a flaming, flashing sword to guard the way to the life-giving tree.","Wa le yiak wa nueri la, wa yaa basi ate ŋanvuta a za Eden Talimu kori geŋ ale gebi kpieŋ a yuk ayen suik kan boro a taam nyuvuri tiimu jigini.","And God saw that it was good, and he separated the upper waters from the lower waters on the second day of creation.",output_jonathan,0.36338714,20.063161438008684,11.371681934875244,4.318751741432155
"and Sarai said to Abram, “The Lord has not given me any children. Sleep with my slave, and if she has a child, it will be mine.” Abram agreed,","Wa yaa weeni wa chorɔwa Abram ayen, <<Naawen a kasi mu kama ale bisa biam. Be goa ale m dɔkliewa ate m nya dɔkdem a nyini wa jigi.>> Abram yaa siak wa powa Sarai ale weeni diila.","And the Lord appeared to Abram and said, ""I will give your reward very greatly. Behold, I will give you a son and he will be very great."" And Abram believed the word of the Lord and Sarai his wife did not believe.",output_jonathan,0.76409215,31.946790449713536,11.371681934875244,4.318751741432155
"Esau would take the meat of wild animals to his father Isaac, so Isaac loved him more, but Jacob was his mother's favorite son.","Aizik ale jaa yaali gɔi lanta la, a yaali Iisɔ alege Aribeka a yaali Jekob.","Isaac begat Jacob, Jacob begat Israel, and Israel begat Joseph, and Joseph begat Judah",output_jonathan,0.50062245,15.10589913212601,11.371681934875244,4.318751741432155
So God created humans to be like himself; he made men and women.,"Dila Wen yaa nye nuru ase wadek la, wadek ale ka diila ate wa nye wa, nidoa ale nipok ate wa nye.","When the sun sets people go home, when it is time to go home people go",output_JA-2,,14.021770013727828,11.371681934875244,4.318751741432155
Noah did everything God told him to do.,Nowa yaa nye dii meena ti Wen weeni wa la.,The sun is shining brightly because Wen is coming today.,output_JA-2,,13.966268900485437,11.371681934875244,4.318751741432155
"But God answered: No! You and Sarah will have a son. His name will be Isaac, and I will make an everlasting promise to him and his descendants.","Wen yaa weeni Abrayam ayen, m siak ya, alege fi powa Saara ale biak nidoabili ate fi te wa yuei ayen Aizik. M le basi ate mi ale wa nɔiyeŋka a zaani ate ka chim nɔiyeŋ kaai ale kaa kpeglim a te wa ŋaaŋbisaŋa ale bo wa ŋaaŋ cheen la.","When the time came for Abraham's wife to give birth, God visited her, and as He had said, Sarah gave birth to a son whom they named Isaac. God kept His promise and gave them a child in their old age, at the very time He had promised.",output_JA-2,,25.688572935626613,11.371681934875244,4.318751741432155
Jacob cut branches from some poplar trees and from some almond and evergreen trees. He peeled off part of the bark and made the branches look spotted and speckled.,"Jekob yaa pai niak tiib ale almond tiib ale dapeelita tiib naŋ yɔgsisa ate ba che la a po, a yaa pai daataŋa ate wa poa ate ŋa peenti la a dueni peelim.","Jacob took the peeled and skinned almonds and pounded them until they were fine, then he mixed them with flour and added some water to knead the dough until it was smooth.",output_JA-2,,26.047932924596207,11.371681934875244,4.318751741432155
"As Jacob was on his way back home, some of God's angels came and met him.","Jekob mɛ yaa lɔ wa suik po a cheŋ, ate Wen maarɔma yaa tu wa suik.","Jacob was not able to eat his food raw, because the Lord had not yet given him cooked food.",output_JA-2,,24.443671912667277,11.371681934875244,4.318751741432155
So God created humans to be like himself; he made men and women.,"Dila Wen yaa nye nuru ase wadek la, wadek ale ka diila ate wa nye wa, nidoa ale nipok ate wa nye.","When the sun sets people go home, when it is time to go home people go.",gerhardt_8019BE0D_output_WsImHC,,14.284005394841484,11.371681934875244,4.318751741432155
Noah did everything God told him to do.,Nowa yaa nye dii meena ti Wen weeni wa la.,The sun is shining brightly today because the Lord is good to us.,gerhardt_8019BE0D_output_WsImHC,,20.117977610813504,11.371681934875244,4.318751741432155
"But God answered: No! You and Sarah will have a son. His name will be Isaac, and I will make an everlasting promise to him and his descendants.","Wen yaa weeni Abrayam ayen, m siak ya, alege fi powa Saara ale biak nidoabili ate fi te wa yuei ayen Aizik. M le basi ate mi ale wa nɔiyeŋka a zaani ate ka chim nɔiyeŋ kaai ale kaa kpeglim a te wa ŋaaŋbisaŋa ale bo wa ŋaaŋ cheen la.","When the time came for Abraham's wife to give birth, God visited her, as He had said, and Sarah bore a son, just as He had promised. She named him Isaac. God was with Isaac, and when Isaac was weaned, Abraham gave a great feast.",gerhardt_8019BE0D_output_WsImHC,,29.73187513856174,11.371681934875244,4.318751741432155
Jacob cut branches from some poplar trees and from some almond and evergreen trees. He peeled off part of the bark and made the branches look spotted and speckled.,"Jekob yaa pai niak tiib ale almond tiib ale dapeelita tiib naŋ yɔgsisa ate ba che la a po, a yaa pai daataŋa ate wa poa ate ŋa peenti la a dueni peelim.","Jacob took a little of the fat and some almonds and fat of the dapeelita and some fat of the yɔgsisa and put them on the fire, he took some of the fat and put it in a pot and added some peels to make it very clear.",gerhardt_8019BE0D_output_WsImHC,,30.88209683946489,11.371681934875244,4.318751741432155
"As Jacob was on his way back home, some of God's angels came and met him.","Jekob mɛ yaa lɔ wa suik po a cheŋ, ate Wen maarɔma yaa tu wa suik.","Jacob was not able to carry the load on his head, so when Wen came he helped him carry the load.",gerhardt_8019BE0D_output_WsImHC,,26.737485759806145,11.371681934875244,4.318751741432155
So God created humans to be like himself; he made men and women.,"Dila Wen yaa nye nuru ase wadek la, wadek ale ka diila ate wa nye wa, nidoa ale nipok ate wa nye.","When the sun is about to set, the men and women return to their respective houses, the men to their men’s house and the women to their women’s house.",Dec 02 output,,24.8657520957658,11.371681934875244,4.318751741432155
Noah did everything God told him to do.,Nowa yaa nye dii meena ti Wen weeni wa la.,The sun is shining brightly because today is Wen's day.,Dec 02 output,,13.568540257276906,11.371681934875244,4.318751741432155
"But God answered: No! You and Sarah will have a son. His name will be Isaac, and I will make an everlasting promise to him and his descendants.","Wen yaa weeni Abrayam ayen, m siak ya, alege fi powa Saara ale biak nidoabili ate fi te wa yuei ayen Aizik. M le basi ate mi ale wa nɔiyeŋka a zaani ate ka chim nɔiyeŋ kaai ale kaa kpeglim a te wa ŋaaŋbisaŋa ale bo wa ŋaaŋ cheen la.","When the time came for Abraham's wife to give birth, God visited her, as He had promised, and Sara bore a son whom they named Isaac. God fulfilled His promise and gave them a child in their old age, at the very time that He had announced.",Dec 02 output,,28.673509304787537,11.371681934875244,4.318751741432155
Jacob cut branches from some poplar trees and from some almond and evergreen trees. He peeled off part of the bark and made the branches look spotted and speckled.,"Jekob yaa pai niak tiib ale almond tiib ale dapeelita tiib naŋ yɔgsisa ate ba che la a po, a yaa pai daataŋa ate wa poa ate ŋa peenti la a dueni peelim.","Jacob took the peeled and skinned almonds and pounded them very well, then he put them in a pot and added water to it and boiled it until it became very smooth.",Dec 02 output,,26.60873220205423,11.371681934875244,4.318751741432155
"As Jacob was on his way back home, some of God's angels came and met him.","Jekob mɛ yaa lɔ wa suik po a cheŋ, ate Wen maarɔma yaa tu wa suik.","When Jacob had eaten a little food, God made him eat a lot of food.",Dec 02 output,,17.43247766076483,11.371681934875244,4.318751741432155
So God created humans to be like himself; he made men and women.,"Dila Wen yaa nye nuru ase wadek la, wadek ale ka diila ate wa nye wa, nidoa ale nipok ate wa nye.","When the sun sets, the men return to their village, and the women return to theirs.",john_567A83BD_output (1),,18.651041635003356,11.371681934875244,4.318751741432155
Noah did everything God told him to do.,Nowa yaa nye dii meena ti Wen weeni wa la.,"The sun is already high, let's go to Wen.",john_567A83BD_output (1),,10.902744748315495,11.371681934875244,4.318751741432155
"But God answered: No! You and Sarah will have a son. His name will be Isaac, and I will make an everlasting promise to him and his descendants.","Wen yaa weeni Abrayam ayen, m siak ya, alege fi powa Saara ale biak nidoabili ate fi te wa yuei ayen Aizik. M le basi ate mi ale wa nɔiyeŋka a zaani ate ka chim nɔiyeŋ kaai ale kaa kpeglim a te wa ŋaaŋbisaŋa ale bo wa ŋaaŋ cheen la.","When the time came for Abraham's wife to give birth, God visited her, as He had said, and Sarah bore a son, just as He had promised. The child was named Isaac, and when he was weaned, Abraham held a great feast.",john_567A83BD_output (1),,30.526387758527868,11.371681934875244,4.318751741432155
Jacob cut branches from some poplar trees and from some almond and evergreen trees. He peeled off part of the bark and made the branches look spotted and speckled.,"Jekob yaa pai niak tiib ale almond tiib ale dapeelita tiib naŋ yɔgsisa ate ba che la a po, a yaa pai daataŋa ate wa poa ate ŋa peenti la a dueni peelim.","Jacob took the peeled and skinned almonds and pounded them until they were fine, then he mixed them with flour and added some water to knead it into dough.",john_567A83BD_output (1),,25.432182696768567,11.371681934875244,4.318751741432155
"As Jacob was on his way back home, some of God's angels came and met him.","Jekob mɛ yaa lɔ wa suik po a cheŋ, ate Wen maarɔma yaa tu wa suik.","When Jacob had already eaten our sago with fish, then Wen was angry with us for eating his sago.",john_567A83BD_output (1),,18.72801309404395,11.371681934875244,4.318751741432155
the Lord helped him and was good to him. He even made the jailer like Joseph so much that,Naawen a jam bo ale wa kama. Ate wa sak nyemagsika ale te wa ŋmanteka waai ale a nya ligrɔma zuk la jigi.,I'm going to eat some food. If you want to eat with me then you should quickly come so that we can eat together.,output_mich001,-0.09433815,18.212974793206996,11.371681934875244,4.318751741432155
Laban named the pile of rocks Jegar Sahadutha. But Jacob named it Galeed.,Laban yaa wi jigini ayen Jegar Sayaduta ate Jekob a wi ku ayen Galeed.,"Then Laban said to Jacob, ""This heap of stones will be a witness between you and me,"" so they called it Galeed.",output_mich001,0.7796114,30.0644979276662,11.371681934875244,4.318751741432155
"Then Isaac said, “Son, come over here and kiss me.”","Wa kowa Aizik yaa weeni wa ayen, <<Jam dela, m biiga, a puusi mu.>>","Isaac's mother said, ""My child, I am tired, give me a push.""",output_mich001,0.6224844,22.73125380200622,11.371681934875244,4.318751741432155
Now listen carefully and do what I say. Go to the home of my brother Laban in Haran,"Yɔgyɔgla de, m biiga, nye dii ate mi a weeni la. Chali nwuli a cheŋ mi toawa Laban jigi Yaran.","My grandfather, I have a dream that I saw a ladder reaching up to heaven, with angels of God ascending and descending on it, and at the top of it was the Lord standing.",output_mich001,0.12754904,21.08000186963841,11.371681934875244,4.318751741432155
"he went to the Hittites and said,","Abrayam yaa yiti wa powa tɛŋ a biisi ale Yit demma. Wa weeni ayen,","Abrayam saw his wife's cow and wanted to take it, but it was with the children. He was very angry,",output_mich001,0.35846683,20.32697934581878,11.371681934875244,4.318751741432155
So God created humans to be like himself; he made men and women.,"Dila Wen yaa nye nuru ase wadek la, wadek ale ka diila ate wa nye wa, nidoa ale nipok ate wa nye.","When the sun sets people go home, when it is time to go home people go.",john_AA1B9A68_output (9),,14.284005394841484,11.371681934875244,4.318751741432155
Noah did everything God told him to do.,Nowa yaa nye dii meena ti Wen weeni wa la.,The sun is already shining brightly because the Lord has risen.,john_AA1B9A68_output (9),,12.55035203502676,11.371681934875244,4.318751741432155
"But God answered: No! You and Sarah will have a son. His name will be Isaac, and I will make an everlasting promise to him and his descendants.","Wen yaa weeni Abrayam ayen, m siak ya, alege fi powa Saara ale biak nidoabili ate fi te wa yuei ayen Aizik. M le basi ate mi ale wa nɔiyeŋka a zaani ate ka chim nɔiyeŋ kaai ale kaa kpeglim a te wa ŋaaŋbisaŋa ale bo wa ŋaaŋ cheen la.","When Abraham was old and advanced in age, the Lord said to him, ""Take a young virgin who has not known man, and let her be for my servant Isaac; I will go and she will be his wife."" So he took a young girl who had not known man and gave her to Isaac, and she became his wife and he loved her.",john_AA1B9A68_output (9),,29.44644663797819,11.371681934875244,4.318751741432155
Jacob cut branches from some poplar trees and from some almond and evergreen trees. He peeled off part of the bark and made the branches look spotted and speckled.,"Jekob yaa pai niak tiib ale almond tiib ale dapeelita tiib naŋ yɔgsisa ate ba che la a po, a yaa pai daataŋa ate wa poa ate ŋa peenti la a dueni peelim.","Jacob took the peeled and skinned almonds and pounded them until they were fine, then he mixed them with flour and added some water to knead it into dough.",john_AA1B9A68_output (9),,25.432182696768567,11.371681934875244,4.318751741432155
"As Jacob was on his way back home, some of God's angels came and met him.","Jekob mɛ yaa lɔ wa suik po a cheŋ, ate Wen maarɔma yaa tu wa suik.","James also said that we should fast and pray, so that the Lord will also give us strength.",john_AA1B9A68_output (9),,16.762771376632855,11.371681934875244,4.318751741432155
So God created humans to be like himself; he made men and women.,"Dila Wen yaa nye nuru ase wadek la, wadek ale ka diila ate wa nye wa, nidoa ale nipok ate wa nye.","When the sun sets people go home, when it is time to go home people go.",Dec 07 output,,14.284005394841484,11.371681934875244,4.318751741432155
Noah did everything God told him to do.,Nowa yaa nye dii meena ti Wen weeni wa la.,"The sun is already high, let's go to Wen's place to eat.",Dec 07 output,,11.603723668285348,11.371681934875244,4.318751741432155
"But God answered: No! You and Sarah will have a son. His name will be Isaac, and I will make an everlasting promise to him and his descendants.","Wen yaa weeni Abrayam ayen, m siak ya, alege fi powa Saara ale biak nidoabili ate fi te wa yuei ayen Aizik. M le basi ate mi ale wa nɔiyeŋka a zaani ate ka chim nɔiyeŋ kaai ale kaa kpeglim a te wa ŋaaŋbisaŋa ale bo wa ŋaaŋ cheen la.","When Abraham was old and advanced in age, his wife Sarai was still barren, but God visited her and she gave birth to Isaac. He grew, and his parents circumcised him according to the law, and later they gave him a companion to be with him always.",Dec 07 output,,28.331133625866528,11.371681934875244,4.318751741432155
Jacob cut branches from some poplar trees and from some almond and evergreen trees. He peeled off part of the bark and made the branches look spotted and speckled.,"Jekob yaa pai niak tiib ale almond tiib ale dapeelita tiib naŋ yɔgsisa ate ba che la a po, a yaa pai daataŋa ate wa poa ate ŋa peenti la a dueni peelim.","Jacob took the peeled and skinned almonds and pounded them until they were fine, then he mixed them with flour and added some water to knead the dough until it was smooth.",Dec 07 output,,26.047932924596207,11.371681934875244,4.318751741432155
"As Jacob was on his way back home, some of God's angels came and met him.","Jekob mɛ yaa lɔ wa suik po a cheŋ, ate Wen maarɔma yaa tu wa suik.","James also said that we should fast and pray, so that God will also help us to fast.",Dec 07 output,,17.682428662643492,11.371681934875244,4.318751741432155
So God created humans to be like himself; he made men and women.,"Dila Wen yaa nye nuru ase wadek la, wadek ale ka diila ate wa nye wa, nidoa ale nipok ate wa nye.","When the sun sets people go home, when it is time to go home people go.",Dec 10 output,,14.284005394841484,11.371681934875244,4.318751741432155
Noah did everything God told him to do.,Nowa yaa nye dii meena ti Wen weeni wa la.,"The sun is already high, let's go to Wen.",Dec 10 output,,10.902744748315495,11.371681934875244,4.318751741432155
"But God answered: No! You and Sarah will have a son. His name will be Isaac, and I will make an everlasting promise to him and his descendants.","Wen yaa weeni Abrayam ayen, m siak ya, alege fi powa Saara ale biak nidoabili ate fi te wa yuei ayen Aizik. M le basi ate mi ale wa nɔiyeŋka a zaani ate ka chim nɔiyeŋ kaai ale kaa kpeglim a te wa ŋaaŋbisaŋa ale bo wa ŋaaŋ cheen la.","When the time came for Abraham's wife to give birth, God visited her, as He had said, and Sarah bore a son as He had promised. The child was named Isaac, and Abraham circumcised him on the eighth day, as God had commanded.",Dec 10 output,,29.659589363161555,11.371681934875244,4.318751741432155
Jacob cut branches from some poplar trees and from some almond and evergreen trees. He peeled off part of the bark and made the branches look spotted and speckled.,"Jekob yaa pai niak tiib ale almond tiib ale dapeelita tiib naŋ yɔgsisa ate ba che la a po, a yaa pai daataŋa ate wa poa ate ŋa peenti la a dueni peelim.","Jacob took a little of the fat and a little almond and a little of the fat of the ram that was sacrificed to make his hand fat, and he took the fat of the ram and rubbed it on the mouth of the drum and they say it made the drum sound very loud.",Dec 10 output,,26.912531927346727,11.371681934875244,4.318751741432155
"As Jacob was on his way back home, some of God's angels came and met him.","Jekob mɛ yaa lɔ wa suik po a cheŋ, ate Wen maarɔma yaa tu wa suik.","Jacob was not able to carry the load on his own, so when he came Wen helped him carry the load.",Dec 10 output,,26.826251425597775,11.371681934875244,4.318751741432155
So God created humans to be like himself; he made men and women.,"Dila Wen yaa nye nuru ase wadek la, wadek ale ka diila ate wa nye wa, nidoa ale nipok ate wa nye.","When the sun is about to set, the men and women return home, the men to their houses and the women to theirs.",john_7781CD93_output (6),,26.94774873609067,11.371681934875244,4.318751741432155
Noah did everything God told him to do.,Nowa yaa nye dii meena ti Wen weeni wa la.,"The sun is already high, let's go to Wen.",john_7781CD93_output (6),,10.902744748315495,11.371681934875244,4.318751741432155
"But God answered: No! You and Sarah will have a son. His name will be Isaac, and I will make an everlasting promise to him and his descendants.","Wen yaa weeni Abrayam ayen, m siak ya, alege fi powa Saara ale biak nidoabili ate fi te wa yuei ayen Aizik. M le basi ate mi ale wa nɔiyeŋka a zaani ate ka chim nɔiyeŋ kaai ale kaa kpeglim a te wa ŋaaŋbisaŋa ale bo wa ŋaaŋ cheen la.","When the time came for Abraham's wife to give birth, God visited her as He had promised and Sarah bore a son whom they named Isaac. God tested Abraham's faith by asking him to sacrifice Isaac, but just before he killed him, God provided a ram to sacrifice instead.",john_7781CD93_output (6),,27.553022860634673,11.371681934875244,4.318751741432155
Jacob cut branches from some poplar trees and from some almond and evergreen trees. He peeled off part of the bark and made the branches look spotted and speckled.,"Jekob yaa pai niak tiib ale almond tiib ale dapeelita tiib naŋ yɔgsisa ate ba che la a po, a yaa pai daataŋa ate wa poa ate ŋa peenti la a dueni peelim.","Jacob took a few almonds and some roasted grains and put them in a pot, and he took some dough, kneaded it and cooked it in a pot of stew.",john_7781CD93_output (6),,23.390742095609635,11.371681934875244,4.318751741432155
"As Jacob was on his way back home, some of God's angels came and met him.","Jekob mɛ yaa lɔ wa suik po a cheŋ, ate Wen maarɔma yaa tu wa suik.","Jacob was not able to carry the load on his head, so Wen his brother carried the load for him.",john_7781CD93_output (6),,26.26972898400306,11.371681934875244,4.318751741432155
So God created humans to be like himself; he made men and women.,"Dila Wen yaa nye nuru ase wadek la, wadek ale ka diila ate wa nye wa, nidoa ale nipok ate wa nye.","When the sun sets people go home, when it is time to go home people go.",gerhardt_25FFCBF7_output_DdErIM,,14.284005394841484,11.371681934875244,4.318751741432155
Noah did everything God told him to do.,Nowa yaa nye dii meena ti Wen weeni wa la.,"The sun is already high, let's go to Wen's place to eat.",gerhardt_25FFCBF7_output_DdErIM,,11.603723668285348,11.371681934875244,4.318751741432155
"But God answered: No! You and Sarah will have a son. His name will be Isaac, and I will make an everlasting promise to him and his descendants.","Wen yaa weeni Abrayam ayen, m siak ya, alege fi powa Saara ale biak nidoabili ate fi te wa yuei ayen Aizik. M le basi ate mi ale wa nɔiyeŋka a zaani ate ka chim nɔiyeŋ kaai ale kaa kpeglim a te wa ŋaaŋbisaŋa ale bo wa ŋaaŋ cheen la.","When the time came for Abraham's wife to give birth, God visited her, as He had said, and Sarah bore a son as He had promised. The child was named Isaac, and when he was weaned, Abraham gave a big feast.",gerhardt_25FFCBF7_output_DdErIM,,31.145033400627316,11.371681934875244,4.318751741432155
Jacob cut branches from some poplar trees and from some almond and evergreen trees. He peeled off part of the bark and made the branches look spotted and speckled.,"Jekob yaa pai niak tiib ale almond tiib ale dapeelita tiib naŋ yɔgsisa ate ba che la a po, a yaa pai daataŋa ate wa poa ate ŋa peenti la a dueni peelim.","Jacob took a little of the fat and some almonds and fat of the dapeelita animal and tied them together so that when he comes, he will take the dataŋa and come and anoint his body with it and be very shiny.",gerhardt_25FFCBF7_output_DdErIM,,28.62930720307826,11.371681934875244,4.318751741432155
"As Jacob was on his way back home, some of God's angels came and met him.","Jekob mɛ yaa lɔ wa suik po a cheŋ, ate Wen maarɔma yaa tu wa suik.","James also said that we should not eat pork, because the Lord had already told us not to eat pork.",gerhardt_25FFCBF7_output_DdErIM,,15.071341737042463,11.371681934875244,4.318751741432155
So God created humans to be like himself; he made men and women.,"Dila Wen yaa nye nuru ase wadek la, wadek ale ka diila ate wa nye wa, nidoa ale nipok ate wa nye.","When the sun sets people go home, when it is time to go home people go.",output_mich003,,14.284005394841484,11.371681934875244,4.318751741432155
Noah did everything God told him to do.,Nowa yaa nye dii meena ti Wen weeni wa la.,"The sun is already high, let's go to Wen now.",output_mich003,,11.210821739679847,11.371681934875244,4.318751741432155
"But God answered: No! You and Sarah will have a son. His name will be Isaac, and I will make an everlasting promise to him and his descendants.","Wen yaa weeni Abrayam ayen, m siak ya, alege fi powa Saara ale biak nidoabili ate fi te wa yuei ayen Aizik. M le basi ate mi ale wa nɔiyeŋka a zaani ate ka chim nɔiyeŋ kaai ale kaa kpeglim a te wa ŋaaŋbisaŋa ale bo wa ŋaaŋ cheen la.","When the time came for Abraham's wife to give birth, God visited her, as He had said, and Sarah bore a son as He had promised. The child was named Isaac, and when he was weaned, Abraham gave a big feast.",output_mich003,,31.145033400627316,11.371681934875244,4.318751741432155
Jacob cut branches from some poplar trees and from some almond and evergreen trees. He peeled off part of the bark and made the branches look spotted and speckled.,"Jekob yaa pai niak tiib ale almond tiib ale dapeelita tiib naŋ yɔgsisa ate ba che la a po, a yaa pai daataŋa ate wa poa ate ŋa peenti la a dueni peelim.","Jacob took a little of the almond wood and peeled it into white streaks, some white, some peeled white, and some with patterns of white on it.",output_mich003,,25.493863251297654,11.371681934875244,4.318751741432155
"As Jacob was on his way back home, some of God's angels came and met him.","Jekob mɛ yaa lɔ wa suik po a cheŋ, ate Wen maarɔma yaa tu wa suik.","Jacob then took a knife and slaughtered the pig, because God had given him a lot of pigs.",output_mich003,,19.942220883806254,11.371681934875244,4.318751741432155
So God created humans to be like himself; he made men and women.,"Dila Wen yaa nye nuru ase wadek la, wadek ale ka diila ate wa nye wa, nidoa ale nipok ate wa nye.","When the sun sets people go home, when it is time to go home people go.",output_JA-6,,14.284005394841484,11.371681934875244,4.318751741432155
Noah did everything God told him to do.,Nowa yaa nye dii meena ti Wen weeni wa la.,The sun is shining brightly because Wen is coming today.,output_JA-6,,13.966268900485437,11.371681934875244,4.318751741432155
"But God answered: No! You and Sarah will have a son. His name will be Isaac, and I will make an everlasting promise to him and his descendants.","Wen yaa weeni Abrayam ayen, m siak ya, alege fi powa Saara ale biak nidoabili ate fi te wa yuei ayen Aizik. M le basi ate mi ale wa nɔiyeŋka a zaani ate ka chim nɔiyeŋ kaai ale kaa kpeglim a te wa ŋaaŋbisaŋa ale bo wa ŋaaŋ cheen la.","When the Lord appeared to Abraham, he said to him, I will surely bless you, and your wife Sarah will be the mother of nations and will bear a son in her old age and he will be called Isaac. He was very kind to him and made a covenant with him and gave him a lot of livestock and other riches.",output_JA-6,,31.807918658963853,11.371681934875244,4.318751741432155
Jacob cut branches from some poplar trees and from some almond and evergreen trees. He peeled off part of the bark and made the branches look spotted and speckled.,"Jekob yaa pai niak tiib ale almond tiib ale dapeelita tiib naŋ yɔgsisa ate ba che la a po, a yaa pai daataŋa ate wa poa ate ŋa peenti la a dueni peelim.","Jacob took a little of the fat and some almonds and fat of the dapeelita animal and some of the fat of the yɔgsisa animal and put it on the head of his father, he took some clothes and put them on him and anointed him with ointment to make him shine.",output_JA-6,,28.971054972038456,11.371681934875244,4.318751741432155
"As Jacob was on his way back home, some of God's angels came and met him.","Jekob mɛ yaa lɔ wa suik po a cheŋ, ate Wen maarɔma yaa tu wa suik.","When Jacob had eaten the food they gave him, he felt refreshed and said that he was ready to continue the journey.",output_JA-6,,18.371981172059392,11.371681934875244,4.318751741432155
So God created humans to be like himself; he made men and women.,"Dila Wen yaa nye nuru ase wadek la, wadek ale ka diila ate wa nye wa, nidoa ale nipok ate wa nye.","When the sun sets, people return home, and when they get home, they eat and rest.",Dec 03 output,,17.18580352662218,11.371681934875244,4.318751741432155
Noah did everything God told him to do.,Nowa yaa nye dii meena ti Wen weeni wa la.,"The sun is already high, let's go to Wen village.",Dec 03 output,,11.439168541680548,11.371681934875244,4.318751741432155
"But God answered: No! You and Sarah will have a son. His name will be Isaac, and I will make an everlasting promise to him and his descendants.","Wen yaa weeni Abrayam ayen, m siak ya, alege fi powa Saara ale biak nidoabili ate fi te wa yuei ayen Aizik. M le basi ate mi ale wa nɔiyeŋka a zaani ate ka chim nɔiyeŋ kaai ale kaa kpeglim a te wa ŋaaŋbisaŋa ale bo wa ŋaaŋ cheen la.","When Abraham was old and advanced in age, Sarah his wife gave him no child. He said to his servant that he should take another wife so that she could bear him a child called Isaac. He entrusted his servant with the task of going to his hometown to get a wife for him so that she could bear him a child to inherit his wealth and to be his heir.",Dec 03 output,,24.32009759664178,11.371681934875244,4.318751741432155
Jacob cut branches from some poplar trees and from some almond and evergreen trees. He peeled off part of the bark and made the branches look spotted and speckled.,"Jekob yaa pai niak tiib ale almond tiib ale dapeelita tiib naŋ yɔgsisa ate ba che la a po, a yaa pai daataŋa ate wa poa ate ŋa peenti la a dueni peelim.","Jacob took the peeled and skinned almonds and pounded them until they were fine, then he mixed them with flour and added some water to knead the dough until it was smooth.",Dec 03 output,,26.047932924596207,11.371681934875244,4.318751741432155
"As Jacob was on his way back home, some of God's angels came and met him.","Jekob mɛ yaa lɔ wa suik po a cheŋ, ate Wen maarɔma yaa tu wa suik.","Jacob then took a knife and circumcised him, so that their relationship might be right with God",Dec 03 output,,20.573670979757672,11.371681934875244,4.318751741432155
So God created humans to be like himself; he made men and women.,"Dila Wen yaa nye nuru ase wadek la, wadek ale ka diila ate wa nye wa, nidoa ale nipok ate wa nye.","When the sun sets people go home, when it is home they eat and drink.",Dec 09 output,,16.90467007378011,11.371681934875244,4.318751741432155
Noah did everything God told him to do.,Nowa yaa nye dii meena ti Wen weeni wa la.,"The sun is already high, let's go to Wen now.",Dec 09 output,,11.210821739679847,11.371681934875244,4.318751741432155
"But God answered: No! You and Sarah will have a son. His name will be Isaac, and I will make an everlasting promise to him and his descendants.","Wen yaa weeni Abrayam ayen, m siak ya, alege fi powa Saara ale biak nidoabili ate fi te wa yuei ayen Aizik. M le basi ate mi ale wa nɔiyeŋka a zaani ate ka chim nɔiyeŋ kaai ale kaa kpeglim a te wa ŋaaŋbisaŋa ale bo wa ŋaaŋ cheen la.","When Abraham was old and advanced in age, the Lord said to him, ""Take a young virgin who has not known man, and let her be for my servant Isaac; I will make her a great nation and a multitude of nations, and she will be blessed and become a source of blessing to many nations.""",Dec 09 output,,29.139226782678247,11.371681934875244,4.318751741432155
Jacob cut branches from some poplar trees and from some almond and evergreen trees. He peeled off part of the bark and made the branches look spotted and speckled.,"Jekob yaa pai niak tiib ale almond tiib ale dapeelita tiib naŋ yɔgsisa ate ba che la a po, a yaa pai daataŋa ate wa poa ate ŋa peenti la a dueni peelim.","Jacob took the peeled and skinned almonds and pounded them until they were fine, then he mixed them with flour and added some water to knead the dough until it was smooth.",Dec 09 output,,26.047932924596207,11.371681934875244,4.318751741432155
"As Jacob was on his way back home, some of God's angels came and met him.","Jekob mɛ yaa lɔ wa suik po a cheŋ, ate Wen maarɔma yaa tu wa suik.","James also went to the garden to dig sweet potatoes, and when Wen came he also went to dig sweet potatoes.",Dec 09 output,,17.139068032122193,11.371681934875244,4.318751741432155
"I will give you a lot of descendants, and they will become great nations. Some of them will even be kings.",M le basi ate biam jam fi jigi. Tɛŋsa ale nyini fi jigi ate nalima mɛ a nyini fi jigi.,You are not the only one who knows how to dance. The chief also knows how to dance and his wives also know how to dance.,output_onesimus007,0.18085869,17.158894179144593,11.371681934875244,4.318751741432155
"Jacob went closer. His father touched him and said, “You sound like Jacob, but your hands feel hairy like Esau's.”","Jekob yaa forisi paari wa kowa Aizik, ate wa tiri wa a weeni ayen, <<Lueluku a nye ase ka Jekob lueluk la, alege nisimaŋa a nye ase Iisɔ nisima la.>>","Luek said to Jacob, ""If Jacob is happy, I will be happy, but if Isaac is happy, I will be happy too.""",output_onesimus007,0.53914785,18.096757045551932,11.371681934875244,4.318751741432155
"That evening when Jacob came in from the fields, Leah told him, “You're sleeping with me tonight. I hired you with my son's love flowers.” They slept together that night,","Junɔinni ate Jekob a nyini talim a cheena la, Leya yaa cheŋ ga tu wa suik. Wa yaa weeni wa ayen, <<Fi magsi fi goa ale mu kama dii nyiŋla m pai ka m biika ŋanvaata a tuni fi nyiŋ.>> Ate wa sum goa ale wa yok kula.","The Lord said to Jacob again in a dream, ""Get up, go down to Egypt; I will go down with you and I will also surely bring you back.",output_onesimus007,0.53338253,15.824806389402196,11.371681934875244,4.318751741432155
"About this time Abimelech and his army commander Phicol said to Abraham, “God blesses everything you do!","Dila po Abimelek ale wa tugurik tɔŋdɔma kpagni Fikol yaa weeni Abrayam ayen, <<Wen a bo le fu kama wari meena ate fi a nye la po.","And Abimelech said to Abraham, <<Behold, my land is before you; dwell where it pleases you.",output_onesimus007,0.5198182,32.14322934143291,11.371681934875244,4.318751741432155
The two men met with the other leaders of their city and told them:,Ate Ayaamo ale wa biika a jam cheŋ tɛŋka nansuiŋku ayen ba biisi a sak tɛŋka nidoama.,"The Ayaamo bird lays its eggs in the bush and hatches them, while its children go to hunt in the forest and bring back food.",output_onesimus007,0.025787186,21.255341303914633,11.371681934875244,4.318751741432155
So God created humans to be like himself; he made men and women.,"Dila Wen yaa nye nuru ase wadek la, wadek ale ka diila ate wa nye wa, nidoa ale nipok ate wa nye.","When the sun is about to set, the men and women return home, the men to their houses and the women to theirs.",john_1C6E69D4_output (8),,26.94774873609067,11.371681934875244,4.318751741432155
Noah did everything God told him to do.,Nowa yaa nye dii meena ti Wen weeni wa la.,"The sun is already high, let's go to Wen's place to eat.",john_1C6E69D4_output (8),,11.603723668285348,11.371681934875244,4.318751741432155
"But God answered: No! You and Sarah will have a son. His name will be Isaac, and I will make an everlasting promise to him and his descendants.","Wen yaa weeni Abrayam ayen, m siak ya, alege fi powa Saara ale biak nidoabili ate fi te wa yuei ayen Aizik. M le basi ate mi ale wa nɔiyeŋka a zaani ate ka chim nɔiyeŋ kaai ale kaa kpeglim a te wa ŋaaŋbisaŋa ale bo wa ŋaaŋ cheen la.","When the time came for Abraham's wife to give birth, God visited her, as He had promised, and Sarah bore a son, Isaac. After his birth, Abraham circumcised him as God had commanded, and so he was circumcised on the eighth day.",john_1C6E69D4_output (8),,27.31722667300017,11.371681934875244,4.318751741432155
Jacob cut branches from some poplar trees and from some almond and evergreen trees. He peeled off part of the bark and made the branches look spotted and speckled.,"Jekob yaa pai niak tiib ale almond tiib ale dapeelita tiib naŋ yɔgsisa ate ba che la a po, a yaa pai daataŋa ate wa poa ate ŋa peenti la a dueni peelim.","Jacob took a little of the fat and a little almond fat and the fat of the dapeeli and rubbed it on his face so that they would not see him, he took some clay and applied it to his face and also painted his body white.",john_1C6E69D4_output (8),,25.710140742894595,11.371681934875244,4.318751741432155
"As Jacob was on his way back home, some of God's angels came and met him.","Jekob mɛ yaa lɔ wa suik po a cheŋ, ate Wen maarɔma yaa tu wa suik.","Jacob was not able to eat our food anymore, because God had not given him the power to eat our food.",john_1C6E69D4_output (8),,23.338624619262937,11.371681934875244,4.318751741432155
So God created humans to be like himself; he made men and women.,"Dila Wen yaa nye nuru ase wadek la, wadek ale ka diila ate wa nye wa, nidoa ale nipok ate wa nye.","When the sun sets people go home, when they reach home they eat and drink.",output_johnayernor,,17.538001642320246,11.371681934875244,4.318751741432155
Noah did everything God told him to do.,Nowa yaa nye dii meena ti Wen weeni wa la.,"The sun is already high, let's go to Wen.",output_johnayernor,,10.902744748315495,11.371681934875244,4.318751741432155
"But God answered: No! You and Sarah will have a son. His name will be Isaac, and I will make an everlasting promise to him and his descendants.","Wen yaa weeni Abrayam ayen, m siak ya, alege fi powa Saara ale biak nidoabili ate fi te wa yuei ayen Aizik. M le basi ate mi ale wa nɔiyeŋka a zaani ate ka chim nɔiyeŋ kaai ale kaa kpeglim a te wa ŋaaŋbisaŋa ale bo wa ŋaaŋ cheen la.","When the time came for Abraham's wife to give birth, God visited her, as He had said, and Sarah bore a son, Isaac. God did as He had promised and gave them a male child, and they named him Isaac and circumcised him on the eighth day.",output_johnayernor,,27.743601191201655,11.371681934875244,4.318751741432155
Jacob cut branches from some poplar trees and from some almond and evergreen trees. He peeled off part of the bark and made the branches look spotted and speckled.,"Jekob yaa pai niak tiib ale almond tiib ale dapeelita tiib naŋ yɔgsisa ate ba che la a po, a yaa pai daataŋa ate wa poa ate ŋa peenti la a dueni peelim.","Jacob took the peeled and skinned almonds and pounded them into flour, then mixed it with water and made a paste, and applied it to her husband's body until it was smooth.",output_johnayernor,,27.676240277933385,11.371681934875244,4.318751741432155
"As Jacob was on his way back home, some of God's angels came and met him.","Jekob mɛ yaa lɔ wa suik po a cheŋ, ate Wen maarɔma yaa tu wa suik.","When Jacob had already gone to buy salt, then Wen followed him to buy salt.",output_johnayernor,,16.926477556812188,11.371681934875244,4.318751741432155
So God created humans to be like himself; he made men and women.,"Dila Wen yaa nye nuru ase wadek la, wadek ale ka diila ate wa nye wa, nidoa ale nipok ate wa nye.","When the sun sets people go home, when it is time to go home people go.",Dec 11 output,,14.284005394841484,11.371681934875244,4.318751741432155
Noah did everything God told him to do.,Nowa yaa nye dii meena ti Wen weeni wa la.,The sun is shining brightly today because the Lord is with us.,Dec 11 output,,15.552998275384283,11.371681934875244,4.318751741432155
"But God answered: No! You and Sarah will have a son. His name will be Isaac, and I will make an everlasting promise to him and his descendants.","Wen yaa weeni Abrayam ayen, m siak ya, alege fi powa Saara ale biak nidoabili ate fi te wa yuei ayen Aizik. M le basi ate mi ale wa nɔiyeŋka a zaani ate ka chim nɔiyeŋ kaai ale kaa kpeglim a te wa ŋaaŋbisaŋa ale bo wa ŋaaŋ cheen la.","When the time Abraham's wife was to give birth was near, God said to him, he will give you a son through Sarah and you will name him Isaac. He said further that he will establish his covenant with him and his descendants after him as an everlasting covenant.",Dec 11 output,,41.05024985206187,11.371681934875244,4.318751741432155
Jacob cut branches from some poplar trees and from some almond and evergreen trees. He peeled off part of the bark and made the branches look spotted and speckled.,"Jekob yaa pai niak tiib ale almond tiib ale dapeelita tiib naŋ yɔgsisa ate ba che la a po, a yaa pai daataŋa ate wa poa ate ŋa peenti la a dueni peelim.","Jacob took a little of the fat and some almonds and fat of the dapeeli and some fat of the yɔgsisa and put it on the fire, he took some of the daataŋa and put it in water and added some peenti to make it very white.",Dec 11 output,,30.5617258414986,11.371681934875244,4.318751741432155
"As Jacob was on his way back home, some of God's angels came and met him.","Jekob mɛ yaa lɔ wa suik po a cheŋ, ate Wen maarɔma yaa tu wa suik.","Jacob then took a knife and slaughtered the pig, and Wen helped him to butcher the pig.",Dec 11 output,,16.95542761117772,11.371681934875244,4.318751741432155
So God created humans to be like himself; he made men and women.,"Dila Wen yaa nye nuru ase wadek la, wadek ale ka diila ate wa nye wa, nidoa ale nipok ate wa nye.","When the sun sets, people return to their villages, and the men and women go to their respective houses.",gerhardt_0445F08A_output_T9n53N,,27.046710126678025,11.371681934875244,4.318751741432155
Noah did everything God told him to do.,Nowa yaa nye dii meena ti Wen weeni wa la.,The sun is shining brightly because today is Wen's day.,gerhardt_0445F08A_output_T9n53N,,13.568540257276906,11.371681934875244,4.318751741432155
"But God answered: No! You and Sarah will have a son. His name will be Isaac, and I will make an everlasting promise to him and his descendants.","Wen yaa weeni Abrayam ayen, m siak ya, alege fi powa Saara ale biak nidoabili ate fi te wa yuei ayen Aizik. M le basi ate mi ale wa nɔiyeŋka a zaani ate ka chim nɔiyeŋ kaai ale kaa kpeglim a te wa ŋaaŋbisaŋa ale bo wa ŋaaŋ cheen la.","When the time Abraham's wife Sarah was promised a child, Isaac, had come, she said that it was not she who had given birth, but her servant had done so, and she was angry with her servant and humiliated her greatly.",gerhardt_0445F08A_output_T9n53N,,26.267815630169512,11.371681934875244,4.318751741432155
Jacob cut branches from some poplar trees and from some almond and evergreen trees. He peeled off part of the bark and made the branches look spotted and speckled.,"Jekob yaa pai niak tiib ale almond tiib ale dapeelita tiib naŋ yɔgsisa ate ba che la a po, a yaa pai daataŋa ate wa poa ate ŋa peenti la a dueni peelim.","Jacob took a few almonds and some peeled and pounded ones and put them in the containers that he had brought, and he took the money and put it in his sack to bring home.",gerhardt_0445F08A_output_T9n53N,,27.115777009848234,11.371681934875244,4.318751741432155
"As Jacob was on his way back home, some of God's angels came and met him.","Jekob mɛ yaa lɔ wa suik po a cheŋ, ate Wen maarɔma yaa tu wa suik.","When Jacob had eaten enough, he drank some more, for Esau had sold him his birthright.",gerhardt_0445F08A_output_T9n53N,,20.283605209519227,11.371681934875244,4.318751741432155
So God created humans to be like himself; he made men and women.,"Dila Wen yaa nye nuru ase wadek la, wadek ale ka diila ate wa nye wa, nidoa ale nipok ate wa nye.","When the sun was still shining brightly, the men were still working, and the women were still pounding.",gerhardt_60BC0D18_output (8),,18.057389836357025,11.371681934875244,4.318751741432155
Noah did everything God told him to do.,Nowa yaa nye dii meena ti Wen weeni wa la.,"The sun is already high, let's go to Wen's place to eat.",gerhardt_60BC0D18_output (8),,11.603723668285348,11.371681934875244,4.318751741432155
"But God answered: No! You and Sarah will have a son. His name will be Isaac, and I will make an everlasting promise to him and his descendants.","Wen yaa weeni Abrayam ayen, m siak ya, alege fi powa Saara ale biak nidoabili ate fi te wa yuei ayen Aizik. M le basi ate mi ale wa nɔiyeŋka a zaani ate ka chim nɔiyeŋ kaai ale kaa kpeglim a te wa ŋaaŋbisaŋa ale bo wa ŋaaŋ cheen la.","When the time came for Abraham's wife to give birth, God visited her, as He had promised, and Sara bore a son whom they named Isaac. God fulfilled His promise and gave them a child in their old age, at the very time that He had indicated, and they were very happy.",gerhardt_60BC0D18_output (8),,28.03010630671886,11.371681934875244,4.318751741432155
Jacob cut branches from some poplar trees and from some almond and evergreen trees. He peeled off part of the bark and made the branches look spotted and speckled.,"Jekob yaa pai niak tiib ale almond tiib ale dapeelita tiib naŋ yɔgsisa ate ba che la a po, a yaa pai daataŋa ate wa poa ate ŋa peenti la a dueni peelim.","Jacob took the peeled and skinned almonds and pounded them until they were fine, then he mixed them with flour and added some water to knead it until it was smooth dough.",gerhardt_60BC0D18_output (8),,25.83928717636439,11.371681934875244,4.318751741432155
"As Jacob was on his way back home, some of God's angels came and met him.","Jekob mɛ yaa lɔ wa suik po a cheŋ, ate Wen maarɔma yaa tu wa suik.","When Jacob had already gone to buy salt, then Wen followed him to buy salt.",gerhardt_60BC0D18_output (8),,16.926477556812188,11.371681934875244,4.318751741432155
So God created humans to be like himself; he made men and women.,"Dila Wen yaa nye nuru ase wadek la, wadek ale ka diila ate wa nye wa, nidoa ale nipok ate wa nye.","When the sun sets people go home, when it is time to go home people go.",onesimus_BAB3F503_Dec 10 output,,14.284005394841484,11.371681934875244,4.318751741432155
Noah did everything God told him to do.,Nowa yaa nye dii meena ti Wen weeni wa la.,"The sun is already high, let's go to Wen.",onesimus_BAB3F503_Dec 10 output,,10.902744748315495,11.371681934875244,4.318751741432155
"But God answered: No! You and Sarah will have a son. His name will be Isaac, and I will make an everlasting promise to him and his descendants.","Wen yaa weeni Abrayam ayen, m siak ya, alege fi powa Saara ale biak nidoabili ate fi te wa yuei ayen Aizik. M le basi ate mi ale wa nɔiyeŋka a zaani ate ka chim nɔiyeŋ kaai ale kaa kpeglim a te wa ŋaaŋbisaŋa ale bo wa ŋaaŋ cheen la.","When the time came for Abraham's wife to give birth, God visited her, as He had said, and Sarah bore a son as He had promised. The child was named Isaac, and Abraham circumcised him on the eighth day, as God had commanded.",onesimus_BAB3F503_Dec 10 output,,29.659589363161555,11.371681934875244,4.318751741432155
Jacob cut branches from some poplar trees and from some almond and evergreen trees. He peeled off part of the bark and made the branches look spotted and speckled.,"Jekob yaa pai niak tiib ale almond tiib ale dapeelita tiib naŋ yɔgsisa ate ba che la a po, a yaa pai daataŋa ate wa poa ate ŋa peenti la a dueni peelim.","Jacob took a little of the fat and a little almond and a little of the fat of the ram that was sacrificed to make his hand fat, and he took the fat of the ram and rubbed it on the mouth of the drum and they say it made the drum sound very loud.",onesimus_BAB3F503_Dec 10 output,,26.912531927346727,11.371681934875244,4.318751741432155
"As Jacob was on his way back home, some of God's angels came and met him.","Jekob mɛ yaa lɔ wa suik po a cheŋ, ate Wen maarɔma yaa tu wa suik.","Jacob was not able to carry the load on his own, so when he came Wen helped him carry the load.",onesimus_BAB3F503_Dec 10 output,,26.826251425597775,11.371681934875244,4.318751741432155
So God created humans to be like himself; he made men and women.,"Dila Wen yaa nye nuru ase wadek la, wadek ale ka diila ate wa nye wa, nidoa ale nipok ate wa nye.","When the sun is about to set, the men and women return home, the men to their houses and the women to theirs.",onesimus_AE3F5661_Dec 08 output,,26.94774873609067,11.371681934875244,4.318751741432155
Noah did everything God told him to do.,Nowa yaa nye dii meena ti Wen weeni wa la.,The sun is shining brightly because Wen is in a good mood today.,onesimus_AE3F5661_Dec 08 output,,18.326818053128473,11.371681934875244,4.318751741432155
"But God answered: No! You and Sarah will have a son. His name will be Isaac, and I will make an everlasting promise to him and his descendants.","Wen yaa weeni Abrayam ayen, m siak ya, alege fi powa Saara ale biak nidoabili ate fi te wa yuei ayen Aizik. M le basi ate mi ale wa nɔiyeŋka a zaani ate ka chim nɔiyeŋ kaai ale kaa kpeglim a te wa ŋaaŋbisaŋa ale bo wa ŋaaŋ cheen la.","When Abraham was old and advanced in age, Sarah his wife gave him no child. He said to his servant that he should take another wife so that she might bear him a child called Isaac. He entrusted his servant with a lot of wealth and instructed him not to take a local woman as a wife for his son but to go to his family house to choose.",onesimus_AE3F5661_Dec 08 output,,25.016683090582536,11.371681934875244,4.318751741432155
Jacob cut branches from some poplar trees and from some almond and evergreen trees. He peeled off part of the bark and made the branches look spotted and speckled.,"Jekob yaa pai niak tiib ale almond tiib ale dapeelita tiib naŋ yɔgsisa ate ba che la a po, a yaa pai daataŋa ate wa poa ate ŋa peenti la a dueni peelim.","Jacob took a few almonds and some peeled and pounded ones and put them in the containers that he had with him, and he took some parched grains and put them in a bag and tied it around his waist.",onesimus_AE3F5661_Dec 08 output,,28.628007332662364,11.371681934875244,4.318751741432155
"As Jacob was on his way back home, some of God's angels came and met him.","Jekob mɛ yaa lɔ wa suik po a cheŋ, ate Wen maarɔma yaa tu wa suik.","When Jacob had eaten enough, he said that he was full, that is, when he had eaten Wen's food, he was full.",onesimus_AE3F5661_Dec 08 output,,16.96152701546229,11.371681934875244,4.318751741432155
So God created humans to be like himself; he made men and women.,"Dila Wen yaa nye nuru ase wadek la, wadek ale ka diila ate wa nye wa, nidoa ale nipok ate wa nye.","When the sun sets people go home, when they have gone home they eat and drink.",onesimus_A84A9EF3_Dec 04 output,,16.71566521319341,11.371681934875244,4.318751741432155
Noah did everything God told him to do.,Nowa yaa nye dii meena ti Wen weeni wa la.,The sun is shining brightly today because the Lord is with us.,onesimus_A84A9EF3_Dec 04 output,,15.552998275384283,11.371681934875244,4.318751741432155
"But God answered: No! You and Sarah will have a son. His name will be Isaac, and I will make an everlasting promise to him and his descendants.","Wen yaa weeni Abrayam ayen, m siak ya, alege fi powa Saara ale biak nidoabili ate fi te wa yuei ayen Aizik. M le basi ate mi ale wa nɔiyeŋka a zaani ate ka chim nɔiyeŋ kaai ale kaa kpeglim a te wa ŋaaŋbisaŋa ale bo wa ŋaaŋ cheen la.","When the time came for Abraham's wife to give birth, God visited her, as He had said, and Sarah bore a son, just as He had promised. The child was named Isaac, and when he was weaned, Abraham held a great feast.",onesimus_A84A9EF3_Dec 04 output,,30.526387758527868,11.371681934875244,4.318751741432155
Jacob cut branches from some poplar trees and from some almond and evergreen trees. He peeled off part of the bark and made the branches look spotted and speckled.,"Jekob yaa pai niak tiib ale almond tiib ale dapeelita tiib naŋ yɔgsisa ate ba che la a po, a yaa pai daataŋa ate wa poa ate ŋa peenti la a dueni peelim.","Jacob took the peeled and skinned almonds and pounded them until they were fine, then he mixed them with flour and added some water to knead it into dough.",onesimus_A84A9EF3_Dec 04 output,,25.432182696768567,11.371681934875244,4.318751741432155
"As Jacob was on his way back home, some of God's angels came and met him.","Jekob mɛ yaa lɔ wa suik po a cheŋ, ate Wen maarɔma yaa tu wa suik.","Jacob did not want to eat our food raw, so Wen prepared it for us to eat.",onesimus_A84A9EF3_Dec 04 output,,15.13934969981694,11.371681934875244,4.318751741432155
So God created humans to be like himself; he made men and women.,"Dila Wen yaa nye nuru ase wadek la, wadek ale ka diila ate wa nye wa, nidoa ale nipok ate wa nye.","When the sun sets people go home, when it is time to go home people go.",gerhardt_34E1778F_output (7),,14.284005394841484,11.371681934875244,4.318751741432155
Noah did everything God told him to do.,Nowa yaa nye dii meena ti Wen weeni wa la.,"The sun is already high, let's go to Wen now.",gerhardt_34E1778F_output (7),,11.210821739679847,11.371681934875244,4.318751741432155
"But God answered: No! You and Sarah will have a son. His name will be Isaac, and I will make an everlasting promise to him and his descendants.","Wen yaa weeni Abrayam ayen, m siak ya, alege fi powa Saara ale biak nidoabili ate fi te wa yuei ayen Aizik. M le basi ate mi ale wa nɔiyeŋka a zaani ate ka chim nɔiyeŋ kaai ale kaa kpeglim a te wa ŋaaŋbisaŋa ale bo wa ŋaaŋ cheen la.","When Abraham was very old, his wife Sarah was beyond the age of childbearing, and God said to him that she will give birth to a son Isaac. And he circumcised him on the eighth day as God had commanded him to circumcise every male child on the eighth day.",gerhardt_34E1778F_output (7),,26.702591729470853,11.371681934875244,4.318751741432155
Jacob cut branches from some poplar trees and from some almond and evergreen trees. He peeled off part of the bark and made the branches look spotted and speckled.,"Jekob yaa pai niak tiib ale almond tiib ale dapeelita tiib naŋ yɔgsisa ate ba che la a po, a yaa pai daataŋa ate wa poa ate ŋa peenti la a dueni peelim.","Jacob took a few almonds and some roasted grains and put them in his bag to give to his father, and he took some bread and wine to give to him to eat and drink.",gerhardt_34E1778F_output (7),,24.044002991645762,11.371681934875244,4.318751741432155
"As Jacob was on his way back home, some of God's angels came and met him.","Jekob mɛ yaa lɔ wa suik po a cheŋ, ate Wen maarɔma yaa tu wa suik.","Jacob then took a knife and circumcised him, so that their covenant might be valid",gerhardt_34E1778F_output (7),,19.085574419229285,11.371681934875244,4.318751741432155
We have to do only one thing before they will agree to stay here and become one nation with us. Our men will have to be circumcised just like theirs.,"Alege nuruma ale siak a kali ale ti ase ka tama a nin nye ba le a weeni dii ayen, ti nidoama a gebi ba yoaŋa ase ba ale gebi diila.","When the man had already received the woman to be his wife, then he should not have another woman, because he has already received her to be his wife.",output-onesimus_003,0.15764597,20.56411632269592,11.371681934875244,4.318751741432155
"But Jacob went to Succoth, where he built a house for himself and set up shelters for his animals. That's why the place is called Succoth. Jacob Arrives at Shechem","Alege Iisɔ a jam cheŋ ka Sukkot, wa yaa sɛ yeri dula a te wadek ale nye goom jigi a te wa duŋsaŋa. Dila ale soa ate ba a wi jigini ayen Sukkot.","During Sukkot, they bring out the sacred writings and read them, then afterwards they go to their homes and put the writings in a box and carry them.",output-onesimus_003,0.29263583,17.151734723652254,11.371681934875244,4.318751741432155
"When the messengers returned, they told Jacob, “We went to your brother Esau, and now he is heading this way with","Tintomdɔma de ale ŋman cheŋ Jekob jigi la, ba weeni wa kama ayen. Ti cheŋ fi suoku Iisɔ jigi kama ate wa cheena ale nuruba kobsinaansi ayen ba tu fu suik.","The devil's agents are those who do not accept Jacob's covenant, they do not want to be reconciled. They do not accept Jesus' covenant which was given to bring forgiveness, they do not want to be forgiven.",output-onesimus_003,0.34937143,22.622627709252775,11.371681934875244,4.318751741432155
Dishan's sons were Uz and Aran.,Disan nidoabilisaŋa jam le nna. Uz ale Aran.,My two parents are still alive.,output-onesimus_003,0.14069486,9.64102564102564,11.371681934875244,4.318751741432155
"Reuben heard this and tried to protect Joseph from them. “Let's not kill him,” he said.","Aruben ale wom nna la, wa yaa pii nyiŋ ayen wa vari wa ba nisima po a basi. Wa weeni ayen, <<Ni kan te ti ko wa.>>","The old man stood up and said, ""You people are very good at making trouble. You are always coming to my house to disturb me.""",output-onesimus_003,0.3744432,17.43361813144703,11.371681934875244,4.318751741432155
So God created humans to be like himself; he made men and women.,"Dila Wen yaa nye nuru ase wadek la, wadek ale ka diila ate wa nye wa, nidoa ale nipok ate wa nye.","When the sun sets people go home, when it is time to go home people go.",output_JA-5,,14.284005394841484,11.371681934875244,4.318751741432155
Noah did everything God told him to do.,Nowa yaa nye dii meena ti Wen weeni wa la.,"The sun is already high, let's go to Wen.",output_JA-5,,10.902744748315495,11.371681934875244,4.318751741432155
"But God answered: No! You and Sarah will have a son. His name will be Isaac, and I will make an everlasting promise to him and his descendants.","Wen yaa weeni Abrayam ayen, m siak ya, alege fi powa Saara ale biak nidoabili ate fi te wa yuei ayen Aizik. M le basi ate mi ale wa nɔiyeŋka a zaani ate ka chim nɔiyeŋ kaai ale kaa kpeglim a te wa ŋaaŋbisaŋa ale bo wa ŋaaŋ cheen la.","When the time came for Abraham's wife to give birth, God visited her, as He had said, and Sarah bore a son, just as He had promised. The child was named Isaac, and when he was weaned, Abraham held a great feast.",output_JA-5,,30.526387758527868,11.371681934875244,4.318751741432155
Jacob cut branches from some poplar trees and from some almond and evergreen trees. He peeled off part of the bark and made the branches look spotted and speckled.,"Jekob yaa pai niak tiib ale almond tiib ale dapeelita tiib naŋ yɔgsisa ate ba che la a po, a yaa pai daataŋa ate wa poa ate ŋa peenti la a dueni peelim.","Jacob took a few almonds and some peeled almonds and put them in a pot, and he took some ashes and put them on the pot's mouth and covered it tightly.",output_JA-5,,28.00007315638578,11.371681934875244,4.318751741432155
"As Jacob was on his way back home, some of God's angels came and met him.","Jekob mɛ yaa lɔ wa suik po a cheŋ, ate Wen maarɔma yaa tu wa suik.","Jacob then took a knife and slaughtered the pig, and then Wen helped him butcher the pig.",output_JA-5,,16.569822245320793,11.371681934875244,4.318751741432155
So God created humans to be like himself; he made men and women.,"Dila Wen yaa nye nuru ase wadek la, wadek ale ka diila ate wa nye wa, nidoa ale nipok ate wa nye.","When the sun sets people go home, when it is time to go home people go.",john_86344B85_output (7),,14.284005394841484,11.371681934875244,4.318751741432155
Noah did everything God told him to do.,Nowa yaa nye dii meena ti Wen weeni wa la.,"The sun is already high, let's go to Wen.",john_86344B85_output (7),,10.902744748315495,11.371681934875244,4.318751741432155
"But God answered: No! You and Sarah will have a son. His name will be Isaac, and I will make an everlasting promise to him and his descendants.","Wen yaa weeni Abrayam ayen, m siak ya, alege fi powa Saara ale biak nidoabili ate fi te wa yuei ayen Aizik. M le basi ate mi ale wa nɔiyeŋka a zaani ate ka chim nɔiyeŋ kaai ale kaa kpeglim a te wa ŋaaŋbisaŋa ale bo wa ŋaaŋ cheen la.","When the time came for Abraham's wife to give birth, God visited her, as He had said, and Sarah bore a son, just as He had promised, Isaac. God did as He had said: He blessed them and gave them many descendants, so many that they could not be counted, just as the sand on the seashore.",john_86344B85_output (7),,30.71072534854473,11.371681934875244,4.318751741432155
Jacob cut branches from some poplar trees and from some almond and evergreen trees. He peeled off part of the bark and made the branches look spotted and speckled.,"Jekob yaa pai niak tiib ale almond tiib ale dapeelita tiib naŋ yɔgsisa ate ba che la a po, a yaa pai daataŋa ate wa poa ate ŋa peenti la a dueni peelim.","Jacob took the peeled and skinned almonds and pounded them until they were well crushed, then he put them in a pot and boiled them until they were very soft and mushy.",john_86344B85_output (7),,26.456249436143608,11.371681934875244,4.318751741432155
"As Jacob was on his way back home, some of God's angels came and met him.","Jekob mɛ yaa lɔ wa suik po a cheŋ, ate Wen maarɔma yaa tu wa suik.","Jacob was not able to eat the food again, because God had not given him the strength to eat the food again.",john_86344B85_output (7),,22.100862634032282,11.371681934875244,4.318751741432155
So God created humans to be like himself; he made men and women.,"Dila Wen yaa nye nuru ase wadek la, wadek ale ka diila ate wa nye wa, nidoa ale nipok ate wa nye.","When the sun sets people go home, when it is time to go home people go",Dec 05 output,,14.021770013727828,11.371681934875244,4.318751741432155
Noah did everything God told him to do.,Nowa yaa nye dii meena ti Wen weeni wa la.,"The sun is already high, let's go to Wen now.",Dec 05 output,,11.210821739679847,11.371681934875244,4.318751741432155
"But God answered: No! You and Sarah will have a son. His name will be Isaac, and I will make an everlasting promise to him and his descendants.","Wen yaa weeni Abrayam ayen, m siak ya, alege fi powa Saara ale biak nidoabili ate fi te wa yuei ayen Aizik. M le basi ate mi ale wa nɔiyeŋka a zaani ate ka chim nɔiyeŋ kaai ale kaa kpeglim a te wa ŋaaŋbisaŋa ale bo wa ŋaaŋ cheen la.","When the time came for Abraham's wife to give birth, God visited her, as He had said, and Sarah bore a son as He had promised. The child grew and was weaned, and Abraham gave a great feast on the day Isaac was weaned.",Dec 05 output,,28.58004862706331,11.371681934875244,4.318751741432155
Jacob cut branches from some poplar trees and from some almond and evergreen trees. He peeled off part of the bark and made the branches look spotted and speckled.,"Jekob yaa pai niak tiib ale almond tiib ale dapeelita tiib naŋ yɔgsisa ate ba che la a po, a yaa pai daataŋa ate wa poa ate ŋa peenti la a dueni peelim.","Jacob took a little of the fat, and some almond fat, and some fat from the dapeeli tree and mixed it together to make a charm to put on his leg, he took some clay and made a figurine and painted it white to make it look beautiful.",Dec 05 output,,31.481626355938953,11.371681934875244,4.318751741432155
"As Jacob was on his way back home, some of God's angels came and met him.","Jekob mɛ yaa lɔ wa suik po a cheŋ, ate Wen maarɔma yaa tu wa suik.","Jacob then took his knife and cut his hair, for the Lord had told him to cut his hair.",Dec 05 output,,17.9793337925337,11.371681934875244,4.318751741432155
So God created humans to be like himself; he made men and women.,"Dila Wen yaa nye nuru ase wadek la, wadek ale ka diila ate wa nye wa, nidoa ale nipok ate wa nye.","When the sun sets people go home, when it is time to go home people go.",onesimus_C968674F_Dec 07 output,,14.284005394841484,11.371681934875244,4.318751741432155
Noah did everything God told him to do.,Nowa yaa nye dii meena ti Wen weeni wa la.,"The sun is already high, let's go to Wen's place to eat.",onesimus_C968674F_Dec 07 output,,11.603723668285348,11.371681934875244,4.318751741432155
"But God answered: No! You and Sarah will have a son. His name will be Isaac, and I will make an everlasting promise to him and his descendants.","Wen yaa weeni Abrayam ayen, m siak ya, alege fi powa Saara ale biak nidoabili ate fi te wa yuei ayen Aizik. M le basi ate mi ale wa nɔiyeŋka a zaani ate ka chim nɔiyeŋ kaai ale kaa kpeglim a te wa ŋaaŋbisaŋa ale bo wa ŋaaŋ cheen la.","When Abraham was old and advanced in age, his wife Sarai was still barren, but God visited her and she gave birth to Isaac. He grew, and his parents circumcised him according to the law, and later they gave him a companion to be with him always.",onesimus_C968674F_Dec 07 output,,28.331133625866528,11.371681934875244,4.318751741432155
Jacob cut branches from some poplar trees and from some almond and evergreen trees. He peeled off part of the bark and made the branches look spotted and speckled.,"Jekob yaa pai niak tiib ale almond tiib ale dapeelita tiib naŋ yɔgsisa ate ba che la a po, a yaa pai daataŋa ate wa poa ate ŋa peenti la a dueni peelim.","Jacob took the peeled and skinned almonds and pounded them until they were fine, then he mixed them with flour and added some water to knead the dough until it was smooth.",onesimus_C968674F_Dec 07 output,,26.047932924596207,11.371681934875244,4.318751741432155
"As Jacob was on his way back home, some of God's angels came and met him.","Jekob mɛ yaa lɔ wa suik po a cheŋ, ate Wen maarɔma yaa tu wa suik.","James also said that we should fast and pray, so that God will also help us to fast.",onesimus_C968674F_Dec 07 output,,17.682428662643492,11.371681934875244,4.318751741432155
So God created humans to be like himself; he made men and women.,"Dila Wen yaa nye nuru ase wadek la, wadek ale ka diila ate wa nye wa, nidoa ale nipok ate wa nye.","When the sun sets people go home, the home they are going to is their own, the wife they are going to is their own wife.",john_C52DEBBB_output (10),,13.2615213793712,11.371681934875244,4.318751741432155
Noah did everything God told him to do.,Nowa yaa nye dii meena ti Wen weeni wa la.,"The sun is already high, let's go to Wen.",john_C52DEBBB_output (10),,10.902744748315495,11.371681934875244,4.318751741432155
"But God answered: No! You and Sarah will have a son. His name will be Isaac, and I will make an everlasting promise to him and his descendants.","Wen yaa weeni Abrayam ayen, m siak ya, alege fi powa Saara ale biak nidoabili ate fi te wa yuei ayen Aizik. M le basi ate mi ale wa nɔiyeŋka a zaani ate ka chim nɔiyeŋ kaai ale kaa kpeglim a te wa ŋaaŋbisaŋa ale bo wa ŋaaŋ cheen la.","When the time came for Abraham's wife to give birth, God visited her as He had promised and Sarah bore a son whom they named Isaac. God tested Abraham's faith by asking him to sacrifice Isaac on an altar as a burnt offering.",john_C52DEBBB_output (10),,27.31229429249742,11.371681934875244,4.318751741432155
Jacob cut branches from some poplar trees and from some almond and evergreen trees. He peeled off part of the bark and made the branches look spotted and speckled.,"Jekob yaa pai niak tiib ale almond tiib ale dapeelita tiib naŋ yɔgsisa ate ba che la a po, a yaa pai daataŋa ate wa poa ate ŋa peenti la a dueni peelim.","Jacob took a little of the fat and a little almond fat and the fat of the dapeelita and rubbed it on the door so that when he returned, he took the blood and smeared it on the door posts and on the lintel.",john_C52DEBBB_output (10),,26.530501137164368,11.371681934875244,4.318751741432155
"As Jacob was on his way back home, some of God's angels came and met him.","Jekob mɛ yaa lɔ wa suik po a cheŋ, ate Wen maarɔma yaa tu wa suik.","Jacob was not able to carry the load on his back, so Wen helped him carry the load.",john_C52DEBBB_output (10),,27.37288737724296,11.371681934875244,4.318751741432155
"“Don't hurt the boy or harm him in any way!” the angel said. “Now I know that you truly obey God, because you were willing to offer him your only son.”","Wa yaa weeni Abrayam ayen, <<Kan pai nisa a tiri biika, kan nye wa jaaboa. Yɔgyɔgla de mi seba ayen fi a chali Wen kama, dii nyiŋla fi an peri fi bi yeŋka mi te ka.","And Abraham said, ""My lord, if I have found favour in your sight, do not pass by your servant. Let a little water be brought and wash your feet, and rest yourselves under the tree.""",output_datgerhardt,0.4905524,19.4835420660847,11.371681934875244,4.318751741432155
"The first one is the Pishon River that flows through the land of Havilah,","Dii ale dɛ niŋ la yuei ale Pison, di chali va ka Yavila tɛŋka po a taam. Ligmɔniŋ ale jam bo du la.","The man went to the garden of Eden, he passed through the land of Havilah to the east. There are gold and precious stones there.",output_datgerhardt,0.33080792,43.607081774432814,11.371681934875244,4.318751741432155
"When I see the rainbow in the sky, I will always remember the promise that I have made to every living creature.","Diipo meena nagoritommu dan nyini chiŋmaaŋa po nyini, m le nya bu a teeri nɔiyeŋ kaai ale kan ta nuerika a bo Wen ale ŋanvuta tɔgatɔga tɛŋka zuk la.>>","The people here are very happy and their lives are good, they are not hungry and they have enough food to eat, and also they have received help from Wen and the government through various development programs.",output_datgerhardt,0.06594886,21.850564173626054,11.371681934875244,4.318751741432155
"Jacob loved Joseph more than he did any of his other sons, because Joseph was born when Jacob was very old. Jacob had even given Joseph a fancy coat",Izirali jam yaali Josefi a gaam wa nidoabili sinsila kama dii nyiŋla wa jam biak wa ka wa kpaŋsa po. Wa yaa nye garuk kuui ale nala a te wa.,"The Israelites journeyed from there and encamped at Joseph's tomb, where their ancestors had been buried; and Israel's people did not celebrate a festival like this one since the day that Joshua circumcised them.",output_datgerhardt,0.35308507,22.751317462974246,11.371681934875244,4.318751741432155
"the third was Basemath, who was Ishmael's daughter and Nebaioth's sister.","Wanyi mɛ jam le Basemat, Ismael lie ale chim Nebaiot toa.","Wanyi and I went to Basemat, Ismael was there with Nebaiot's children.",output_datgerhardt,0.546268,30.0529645887752,11.371681934875244,4.318751741432155
So God created humans to be like himself; he made men and women.,"Dila Wen yaa nye nuru ase wadek la, wadek ale ka diila ate wa nye wa, nidoa ale nipok ate wa nye.","When the sun sets people go home, when it is time to go home people go.",gerhardt_62CB5CC1_output (4),,14.284005394841484,11.371681934875244,4.318751741432155
Noah did everything God told him to do.,Nowa yaa nye dii meena ti Wen weeni wa la.,The sun is already shining brightly because the Lord has risen.,gerhardt_62CB5CC1_output (4),,12.55035203502676,11.371681934875244,4.318751741432155
"But God answered: No! You and Sarah will have a son. His name will be Isaac, and I will make an everlasting promise to him and his descendants.","Wen yaa weeni Abrayam ayen, m siak ya, alege fi powa Saara ale biak nidoabili ate fi te wa yuei ayen Aizik. M le basi ate mi ale wa nɔiyeŋka a zaani ate ka chim nɔiyeŋ kaai ale kaa kpeglim a te wa ŋaaŋbisaŋa ale bo wa ŋaaŋ cheen la.","When Abraham was old and advanced in age, God blessed him, and his wife Sarah was still barren and had no child at all, and God said he will give him a son named Isaac. God continued to say that he will be a father to many nations and that through him many peoples will be blessed.",gerhardt_62CB5CC1_output (4),,29.732253075209847,11.371681934875244,4.318751741432155
Jacob cut branches from some poplar trees and from some almond and evergreen trees. He peeled off part of the bark and made the branches look spotted and speckled.,"Jekob yaa pai niak tiib ale almond tiib ale dapeelita tiib naŋ yɔgsisa ate ba che la a po, a yaa pai daataŋa ate wa poa ate ŋa peenti la a dueni peelim.","Jacob took a little of the peeled almond branches and put them in the water to attract the speckled ones, so that they would breed in front of him, and he put the branches in front of the drinking troughs for the animals to mate.",gerhardt_62CB5CC1_output (4),,38.06711397829948,11.371681934875244,4.318751741432155
"As Jacob was on his way back home, some of God's angels came and met him.","Jekob mɛ yaa lɔ wa suik po a cheŋ, ate Wen maarɔma yaa tu wa suik.","Jacob then took a knife and circumcised him, so that their covenant might be fulfilled.",gerhardt_62CB5CC1_output (4),,18.76943313207999,11.371681934875244,4.318751741432155
So God created humans to be like himself; he made men and women.,"Dila Wen yaa nye nuru ase wadek la, wadek ale ka diila ate wa nye wa, nidoa ale nipok ate wa nye.","When the sun sets people go home, when they have gone home they eat and drink.",Dec 04 output,,16.71566521319341,11.371681934875244,4.318751741432155
Noah did everything God told him to do.,Nowa yaa nye dii meena ti Wen weeni wa la.,The sun is shining brightly today because the Lord is with us.,Dec 04 output,,15.552998275384283,11.371681934875244,4.318751741432155
"But God answered: No! You and Sarah will have a son. His name will be Isaac, and I will make an everlasting promise to him and his descendants.","Wen yaa weeni Abrayam ayen, m siak ya, alege fi powa Saara ale biak nidoabili ate fi te wa yuei ayen Aizik. M le basi ate mi ale wa nɔiyeŋka a zaani ate ka chim nɔiyeŋ kaai ale kaa kpeglim a te wa ŋaaŋbisaŋa ale bo wa ŋaaŋ cheen la.","When the time came for Abraham's wife to give birth, God visited her, as He had said, and Sarah bore a son, just as He had promised. The child was named Isaac, and when he was weaned, Abraham held a great feast.",Dec 04 output,,30.526387758527868,11.371681934875244,4.318751741432155
Jacob cut branches from some poplar trees and from some almond and evergreen trees. He peeled off part of the bark and made the branches look spotted and speckled.,"Jekob yaa pai niak tiib ale almond tiib ale dapeelita tiib naŋ yɔgsisa ate ba che la a po, a yaa pai daataŋa ate wa poa ate ŋa peenti la a dueni peelim.","Jacob took the peeled and skinned almonds and pounded them until they were fine, then he mixed them with flour and added some water to knead it into dough.",Dec 04 output,,25.432182696768567,11.371681934875244,4.318751741432155
"As Jacob was on his way back home, some of God's angels came and met him.","Jekob mɛ yaa lɔ wa suik po a cheŋ, ate Wen maarɔma yaa tu wa suik.","Jacob did not want to eat our food raw, so Wen prepared it for us to eat.",Dec 04 output,,15.13934969981694,11.371681934875244,4.318751741432155
So God created humans to be like himself; he made men and women.,"Dila Wen yaa nye nuru ase wadek la, wadek ale ka diila ate wa nye wa, nidoa ale nipok ate wa nye.","When the sun sets, people go to their homes, and each person goes to their own spouse.",gerhardt_676E558A_output (6),,15.38723269566521,11.371681934875244,4.318751741432155
Noah did everything God told him to do.,Nowa yaa nye dii meena ti Wen weeni wa la.,"The sun is already high, let's go to Wen now.",gerhardt_676E558A_output (6),,11.210821739679847,11.371681934875244,4.318751741432155
"But God answered: No! You and Sarah will have a son. His name will be Isaac, and I will make an everlasting promise to him and his descendants.","Wen yaa weeni Abrayam ayen, m siak ya, alege fi powa Saara ale biak nidoabili ate fi te wa yuei ayen Aizik. M le basi ate mi ale wa nɔiyeŋka a zaani ate ka chim nɔiyeŋ kaai ale kaa kpeglim a te wa ŋaaŋbisaŋa ale bo wa ŋaaŋ cheen la.","When the time came for Abraham's wife to give birth, God visited her, as He had promised, and Sara bore a son whom they named Isaac. God tested Abraham's faith by asking him to sacrifice Isaac, but just as he was about to kill him, God stopped him.",gerhardt_676E558A_output (6),,27.923262103363243,11.371681934875244,4.318751741432155
Jacob cut branches from some poplar trees and from some almond and evergreen trees. He peeled off part of the bark and made the branches look spotted and speckled.,"Jekob yaa pai niak tiib ale almond tiib ale dapeelita tiib naŋ yɔgsisa ate ba che la a po, a yaa pai daataŋa ate wa poa ate ŋa peenti la a dueni peelim.","Jacob took the peeled and skinned almonds and put them in a container, then he took a pot and poured water into it and put the peeled almonds inside to soften them.",gerhardt_676E558A_output (6),,26.566635924695646,11.371681934875244,4.318751741432155
"As Jacob was on his way back home, some of God's angels came and met him.","Jekob mɛ yaa lɔ wa suik po a cheŋ, ate Wen maarɔma yaa tu wa suik.","When Jacob had already gone to buy salt, then Wen followed him to buy salt.",gerhardt_676E558A_output (6),,16.926477556812188,11.371681934875244,4.318751741432155
So God created humans to be like himself; he made men and women.,"Dila Wen yaa nye nuru ase wadek la, wadek ale ka diila ate wa nye wa, nidoa ale nipok ate wa nye.","When the sun sets, people return home, and when they get home, they eat and rest.",gerhardt_107423D8_output (9),,17.18580352662218,11.371681934875244,4.318751741432155
Noah did everything God told him to do.,Nowa yaa nye dii meena ti Wen weeni wa la.,"The sun is already high, let's go to Wen now.",gerhardt_107423D8_output (9),,11.210821739679847,11.371681934875244,4.318751741432155
"But God answered: No! You and Sarah will have a son. His name will be Isaac, and I will make an everlasting promise to him and his descendants.","Wen yaa weeni Abrayam ayen, m siak ya, alege fi powa Saara ale biak nidoabili ate fi te wa yuei ayen Aizik. M le basi ate mi ale wa nɔiyeŋka a zaani ate ka chim nɔiyeŋ kaai ale kaa kpeglim a te wa ŋaaŋbisaŋa ale bo wa ŋaaŋ cheen la.","When the time came for Abraham's wife to give birth, God visited her, as He had said, and Sarah bore a son as He had promised. The child was named Isaac, and Abraham circumcised him on the eighth day, as God had commanded.",gerhardt_107423D8_output (9),,29.659589363161555,11.371681934875244,4.318751741432155
Jacob cut branches from some poplar trees and from some almond and evergreen trees. He peeled off part of the bark and made the branches look spotted and speckled.,"Jekob yaa pai niak tiib ale almond tiib ale dapeelita tiib naŋ yɔgsisa ate ba che la a po, a yaa pai daataŋa ate wa poa ate ŋa peenti la a dueni peelim.","Jacob took the peeled and skinned and dried almond sticks and put them in the drinking water for the sheep so that they would give birth to spotted, speckled, and striped young",gerhardt_107423D8_output (9),,30.57131403686842,11.371681934875244,4.318751741432155
"As Jacob was on his way back home, some of God's angels came and met him.","Jekob mɛ yaa lɔ wa suik po a cheŋ, ate Wen maarɔma yaa tu wa suik.","Jacob was not able to carry the load on his head, so when Wen came he helped him carry the load.",gerhardt_107423D8_output (9),,26.737485759806145,11.371681934875244,4.318751741432155
So God created humans to be like himself; he made men and women.,"Dila Wen yaa nye nuru ase wadek la, wadek ale ka diila ate wa nye wa, nidoa ale nipok ate wa nye.","When the sun sets people go home, when it is time to go home people go",gerhardt_E4F773B6_output (3),,14.021770013727828,11.371681934875244,4.318751741432155
Noah did everything God told him to do.,Nowa yaa nye dii meena ti Wen weeni wa la.,"The sun is already high, let's go to Wen's place to eat.",gerhardt_E4F773B6_output (3),,11.603723668285348,11.371681934875244,4.318751741432155
"But God answered: No! You and Sarah will have a son. His name will be Isaac, and I will make an everlasting promise to him and his descendants.","Wen yaa weeni Abrayam ayen, m siak ya, alege fi powa Saara ale biak nidoabili ate fi te wa yuei ayen Aizik. M le basi ate mi ale wa nɔiyeŋka a zaani ate ka chim nɔiyeŋ kaai ale kaa kpeglim a te wa ŋaaŋbisaŋa ale bo wa ŋaaŋ cheen la.","When the time came for Abraham's wife to give birth, God visited her, as He had said, and Sarah bore a son, just as He had promised, Isaac. God did as He had said: He blessed them and gave them many descendants, so many that they could not be counted, just as the sand on the seashore.",gerhardt_E4F773B6_output (3),,30.71072534854473,11.371681934875244,4.318751741432155
Jacob cut branches from some poplar trees and from some almond and evergreen trees. He peeled off part of the bark and made the branches look spotted and speckled.,"Jekob yaa pai niak tiib ale almond tiib ale dapeelita tiib naŋ yɔgsisa ate ba che la a po, a yaa pai daataŋa ate wa poa ate ŋa peenti la a dueni peelim.","Jacob took a little of the fat and some almonds and fat of the dapeelita animal and some of the fat of the yɔgsisa animal and put it on the fire, he took some of the fat and put it in a pot and added some peels to make it very smooth.",gerhardt_E4F773B6_output (3),,29.731643302855254,11.371681934875244,4.318751741432155
"As Jacob was on his way back home, some of God's angels came and met him.","Jekob mɛ yaa lɔ wa suik po a cheŋ, ate Wen maarɔma yaa tu wa suik.","James also ate our sago with fish, so God will also give us sago to eat.",gerhardt_E4F773B6_output (3),,16.24971339367926,11.371681934875244,4.318751741432155
So God created humans to be like himself; he made men and women.,"Dila Wen yaa nye nuru ase wadek la, wadek ale ka diila ate wa nye wa, nidoa ale nipok ate wa nye.","When the sun sets people go home, when it is time to go home people go.",john_B0DBB2CB_output (4),,14.284005394841484,11.371681934875244,4.318751741432155
Noah did everything God told him to do.,Nowa yaa nye dii meena ti Wen weeni wa la.,"The sun is already high, let's go to Wen now.",john_B0DBB2CB_output (4),,11.210821739679847,11.371681934875244,4.318751741432155
"But God answered: No! You and Sarah will have a son. His name will be Isaac, and I will make an everlasting promise to him and his descendants.","Wen yaa weeni Abrayam ayen, m siak ya, alege fi powa Saara ale biak nidoabili ate fi te wa yuei ayen Aizik. M le basi ate mi ale wa nɔiyeŋka a zaani ate ka chim nɔiyeŋ kaai ale kaa kpeglim a te wa ŋaaŋbisaŋa ale bo wa ŋaaŋ cheen la.","When the time came for Abraham's wife to give birth, God visited her, as He had promised, and Sara bore a son whom they named Isaac. God fulfilled His promise and gave them a son in their old age, at the very time He had announced.",john_B0DBB2CB_output (4),,28.810055427632282,11.371681934875244,4.318751741432155
Jacob cut branches from some poplar trees and from some almond and evergreen trees. He peeled off part of the bark and made the branches look spotted and speckled.,"Jekob yaa pai niak tiib ale almond tiib ale dapeelita tiib naŋ yɔgsisa ate ba che la a po, a yaa pai daataŋa ate wa poa ate ŋa peenti la a dueni peelim.","Jacob took the peeled and skinned almonds and pounded them into flour, then mixed it with water to make a paste, and applied it to her wound to heal it.",john_B0DBB2CB_output (4),,25.20300890116803,11.371681934875244,4.318751741432155
"As Jacob was on his way back home, some of God's angels came and met him.","Jekob mɛ yaa lɔ wa suik po a cheŋ, ate Wen maarɔma yaa tu wa suik.","Jacob was not able to eat the food again, because the Lord had not given him the strength to eat the food again.",john_B0DBB2CB_output (4),,21.30019630172569,11.371681934875244,4.318751741432155
So God created humans to be like himself; he made men and women.,"Dila Wen yaa nye nuru ase wadek la, wadek ale ka diila ate wa nye wa, nidoa ale nipok ate wa nye.","When the sun sets people go home, when they get home they eat and drink.",gerhardt_E32D1C1E_output_mzX2S5,,16.399462897727837,11.371681934875244,4.318751741432155
Noah did everything God told him to do.,Nowa yaa nye dii meena ti Wen weeni wa la.,The sun is shining brightly today because the Lord is with us.,gerhardt_E32D1C1E_output_mzX2S5,,15.552998275384283,11.371681934875244,4.318751741432155
"But God answered: No! You and Sarah will have a son. His name will be Isaac, and I will make an everlasting promise to him and his descendants.","Wen yaa weeni Abrayam ayen, m siak ya, alege fi powa Saara ale biak nidoabili ate fi te wa yuei ayen Aizik. M le basi ate mi ale wa nɔiyeŋka a zaani ate ka chim nɔiyeŋ kaai ale kaa kpeglim a te wa ŋaaŋbisaŋa ale bo wa ŋaaŋ cheen la.","When Abraham was old and advanced in age, Sarah was barren and had no child. She gave her Egyptian servant Hagar to Abraham to be his wife so that she might bear him a child. And he slept with Hagar and she conceived and when she saw that she had conceived, she looked down on her mistress.",gerhardt_E32D1C1E_output_mzX2S5,,23.03282252335019,11.371681934875244,4.318751741432155
Jacob cut branches from some poplar trees and from some almond and evergreen trees. He peeled off part of the bark and made the branches look spotted and speckled.,"Jekob yaa pai niak tiib ale almond tiib ale dapeelita tiib naŋ yɔgsisa ate ba che la a po, a yaa pai daataŋa ate wa poa ate ŋa peenti la a dueni peelim.","Jacob took the peeled and skinned almonds and pounded them until they were fine flour, then he mixed it with water and made it into a paste to feed his children.",gerhardt_E32D1C1E_output_mzX2S5,,27.05141732057485,11.371681934875244,4.318751741432155
"As Jacob was on his way back home, some of God's angels came and met him.","Jekob mɛ yaa lɔ wa suik po a cheŋ, ate Wen maarɔma yaa tu wa suik.","Jacob did not want to eat our food anymore, so Wen persuaded him to eat our food.",gerhardt_E32D1C1E_output_mzX2S5,,17.58714923009956,11.371681934875244,4.318751741432155
So God created humans to be like himself; he made men and women.,"Dila Wen yaa nye nuru ase wadek la, wadek ale ka diila ate wa nye wa, nidoa ale nipok ate wa nye.","When the sun sets, the men return to their houses, and the women return to their rooms.",gerhardt_145C11AE_output (2),,18.45338968723955,11.371681934875244,4.318751741432155
Noah did everything God told him to do.,Nowa yaa nye dii meena ti Wen weeni wa la.,"The sun is already high, let's go to Wen's place.",gerhardt_145C11AE_output (2),,10.447104984681847,11.371681934875244,4.318751741432155
"But God answered: No! You and Sarah will have a son. His name will be Isaac, and I will make an everlasting promise to him and his descendants.","Wen yaa weeni Abrayam ayen, m siak ya, alege fi powa Saara ale biak nidoabili ate fi te wa yuei ayen Aizik. M le basi ate mi ale wa nɔiyeŋka a zaani ate ka chim nɔiyeŋ kaai ale kaa kpeglim a te wa ŋaaŋbisaŋa ale bo wa ŋaaŋ cheen la.","When the Lord appeared to Abraham, he circumcised him, and he circumcised every male in his household as God had commanded him so that Isaac would be born. He did this so that the covenant of circumcision that God had given to Abraham would be fulfilled in his descendants and so that they would be God's special people.",gerhardt_145C11AE_output (2),,27.612237522739385,11.371681934875244,4.318751741432155
Jacob cut branches from some poplar trees and from some almond and evergreen trees. He peeled off part of the bark and made the branches look spotted and speckled.,"Jekob yaa pai niak tiib ale almond tiib ale dapeelita tiib naŋ yɔgsisa ate ba che la a po, a yaa pai daataŋa ate wa poa ate ŋa peenti la a dueni peelim.","Jacob took the peeled and skinned almonds and pounded them until they were fine flour, then he mixed it with water and made it into a paste to feed his children.",gerhardt_145C11AE_output (2),,27.05141732057485,11.371681934875244,4.318751741432155
"As Jacob was on his way back home, some of God's angels came and met him.","Jekob mɛ yaa lɔ wa suik po a cheŋ, ate Wen maarɔma yaa tu wa suik.","When Jacob had eaten the food they gave him, he became strong again, for the Lord had given him strength.",gerhardt_145C11AE_output (2),,18.789024732175044,11.371681934875244,4.318751741432155
So God created humans to be like himself; he made men and women.,"Dila Wen yaa nye nuru ase wadek la, wadek ale ka diila ate wa nye wa, nidoa ale nipok ate wa nye.","When the sun sets, the people of the village go home, and the men and women go to their respective houses.",gerhardt_087BEB88_output_loRIsq,,27.613619938535848,11.371681934875244,4.318751741432155
Noah did everything God told him to do.,Nowa yaa nye dii meena ti Wen weeni wa la.,"The sun is already high, let's go to Wen's place to eat.",gerhardt_087BEB88_output_loRIsq,,11.603723668285348,11.371681934875244,4.318751741432155
"But God answered: No! You and Sarah will have a son. His name will be Isaac, and I will make an everlasting promise to him and his descendants.","Wen yaa weeni Abrayam ayen, m siak ya, alege fi powa Saara ale biak nidoabili ate fi te wa yuei ayen Aizik. M le basi ate mi ale wa nɔiyeŋka a zaani ate ka chim nɔiyeŋ kaai ale kaa kpeglim a te wa ŋaaŋbisaŋa ale bo wa ŋaaŋ cheen la.","When the time Abraham's wife Sarah was promised was fulfilled, she gave birth to Isaac. He grew and was weaned, and Abraham gave a big feast on the day Isaac was weaned.",gerhardt_087BEB88_output_loRIsq,,26.503122597106028,11.371681934875244,4.318751741432155
Jacob cut branches from some poplar trees and from some almond and evergreen trees. He peeled off part of the bark and made the branches look spotted and speckled.,"Jekob yaa pai niak tiib ale almond tiib ale dapeelita tiib naŋ yɔgsisa ate ba che la a po, a yaa pai daataŋa ate wa poa ate ŋa peenti la a dueni peelim.","Jacob took a little of the fat and some almonds and fat of the dapeelita animal and some of the fat of the yɔgsisa animal and put it on the fire, he took some of the daataŋa plant and some of its leaves and painted his face with white clay.",gerhardt_087BEB88_output_loRIsq,,28.939823243135137,11.371681934875244,4.318751741432155
"As Jacob was on his way back home, some of God's angels came and met him.","Jekob mɛ yaa lɔ wa suik po a cheŋ, ate Wen maarɔma yaa tu wa suik.","Jacob was not able to carry the load on his head, so when Wen came he helped him carry the load.",gerhardt_087BEB88_output_loRIsq,,26.737485759806145,11.371681934875244,4.318751741432155
"and Potiphar's wife soon noticed him. She asked him to make love to her,",ku ale ga nye maga la wa kpagni powa nina yaa jam dua Josefi zuk ate wa weeni ayen <<Jam goa ale mu!>>,"The dog and the cat are fighting, but suddenly they heard Josefi shouting ""Stop it!""",output_mich002,0.2624944,15.858850793115042,11.371681934875244,4.318751741432155
"The snake was sneakier than any of the other wild animals that the Lord God had made. One day it came to the woman and asked, “Did God tell you not to eat fruit from any tree in the garden?”","Duŋsaŋa meena ate Naawen dii ale ka Wen la jam nye la po, waamu ale jam seba a gaam si meena. Bu yaa weeni nipowa ayen, <<Wen sum weeni kama ayen, <Ni kan dɛ tiisaŋa ale bo talimu po la yɔnaŋa?> >>","The big men of Naawen said to Wen that the bird had come to them and they asked him what it had said, but he hadn't told them. They asked him, ""Wen, what did the bird say to you, did it tell you where it had come from?""",output_mich002,0.43874836,28.096912380914713,11.371681934875244,4.318751741432155
"When Joseph came to his brothers, they pulled off his fancy coat","Josefi ale jam wa suataŋa jigi la, ba yaa yeeri wa garuk naliŋka ate wa jo la.",Josefi already knew that he was going to be given a spear to carry.,output_mich002,0.22091347,16.092894694977076,11.371681934875244,4.318751741432155
"Jacob said, “Now tell me your name.” “Don't you know who I am?” he asked. And he blessed Jacob.","Jekob yaa weeni wa ayen, <<Mi a saalim fu, wi fu yuei a sak mu.>> Alege wa tulisi wa ayen, <<Ka boan nyiŋ ate fi a bek mi yuei ya?>> Ate wa yaa niak wa dula.","Jakob saw his brother, ""My soul is bound up in his soul."" His brother's heart was stirred, ""Is it right that you should love him more than me?"" He was very angry.",output_mich002,0.4291271,17.161442022203858,11.371681934875244,4.318751741432155
"The Lord said to the man, “You listened to your wife and ate the fruit I told you not to eat. And so, the ground will be under a curse because of what you did. As long as you live, you will have to struggle to grow enough food.","Alege a weeni nidoawa ayen, <<Fi le wom fi powa nɔi a siak dɛ tiimu ate m weeni ayen fi kan dɛ bu yɔnni la, fi nyiŋ m ka basi tɛŋka zuk. Fi le kasim a cheri ka wulum abe fi nya ŋandiinta a dɛ fi boka meena po.","My child was very ill, and I was told that if I didn't take her to hospital immediately my child would die. I packed my bag and ran to the hospital with her, but on getting there I had no money to pay for the treatment.",output_mich002,0.13150905,20.092121268668524,11.371681934875244,4.318751741432155
So God created humans to be like himself; he made men and women.,"Dila Wen yaa nye nuru ase wadek la, wadek ale ka diila ate wa nye wa, nidoa ale nipok ate wa nye.","When the sun sets people go home, when it is time to go home people go.",john_C904F397_output (2),,14.284005394841484,11.371681934875244,4.318751741432155
Noah did everything God told him to do.,Nowa yaa nye dii meena ti Wen weeni wa la.,"The sun is already high, let's go to Wen.",john_C904F397_output (2),,10.902744748315495,11.371681934875244,4.318751741432155
"But God answered: No! You and Sarah will have a son. His name will be Isaac, and I will make an everlasting promise to him and his descendants.","Wen yaa weeni Abrayam ayen, m siak ya, alege fi powa Saara ale biak nidoabili ate fi te wa yuei ayen Aizik. M le basi ate mi ale wa nɔiyeŋka a zaani ate ka chim nɔiyeŋ kaai ale kaa kpeglim a te wa ŋaaŋbisaŋa ale bo wa ŋaaŋ cheen la.","When Abraham was old and advanced in age, the Lord said to him, ""Take a young virgin who has not known man, and let her be for my servant Isaac; I will go and she will be a helper for him."" But the servant did not want to take a girl from another family; he said he wanted a girl from his master's family.",john_C904F397_output (2),,26.962487683069515,11.371681934875244,4.318751741432155
Jacob cut branches from some poplar trees and from some almond and evergreen trees. He peeled off part of the bark and made the branches look spotted and speckled.,"Jekob yaa pai niak tiib ale almond tiib ale dapeelita tiib naŋ yɔgsisa ate ba che la a po, a yaa pai daataŋa ate wa poa ate ŋa peenti la a dueni peelim.","Jacob took the peeled and skinned almonds and pounded them until they were crushed, then he mixed them with water and squeezed out the oil.",john_C904F397_output (2),,23.980620426609782,11.371681934875244,4.318751741432155
"As Jacob was on his way back home, some of God's angels came and met him.","Jekob mɛ yaa lɔ wa suik po a cheŋ, ate Wen maarɔma yaa tu wa suik.","James also went to the garden to dig sweet potatoes, and when Wen came he also went to dig sweet potatoes.",john_C904F397_output (2),,17.139068032122193,11.371681934875244,4.318751741432155
So God created humans to be like himself; he made men and women.,"Dila Wen yaa nye nuru ase wadek la, wadek ale ka diila ate wa nye wa, nidoa ale nipok ate wa nye.","When the sun sets people go home, when it is time to go home people go.",onesimus_E33AE420_Dec 11 output,,14.284005394841484,11.371681934875244,4.318751741432155
Noah did everything God told him to do.,Nowa yaa nye dii meena ti Wen weeni wa la.,The sun is shining brightly today because the Lord is with us.,onesimus_E33AE420_Dec 11 output,,15.552998275384283,11.371681934875244,4.318751741432155
"But God answered: No! You and Sarah will have a son. His name will be Isaac, and I will make an everlasting promise to him and his descendants.","Wen yaa weeni Abrayam ayen, m siak ya, alege fi powa Saara ale biak nidoabili ate fi te wa yuei ayen Aizik. M le basi ate mi ale wa nɔiyeŋka a zaani ate ka chim nɔiyeŋ kaai ale kaa kpeglim a te wa ŋaaŋbisaŋa ale bo wa ŋaaŋ cheen la.","When the time Abraham's wife was to give birth was near, God said to him, he will give you a son through Sarah and you will name him Isaac. He said further that he will establish his covenant with him and his descendants after him as an everlasting covenant.",onesimus_E33AE420_Dec 11 output,,41.05024985206187,11.371681934875244,4.318751741432155
Jacob cut branches from some poplar trees and from some almond and evergreen trees. He peeled off part of the bark and made the branches look spotted and speckled.,"Jekob yaa pai niak tiib ale almond tiib ale dapeelita tiib naŋ yɔgsisa ate ba che la a po, a yaa pai daataŋa ate wa poa ate ŋa peenti la a dueni peelim.","Jacob took a little of the fat and some almonds and fat of the dapeeli and some fat of the yɔgsisa and put it on the fire, he took some of the daataŋa and put it in water and added some peenti to make it very white.",onesimus_E33AE420_Dec 11 output,,30.5617258414986,11.371681934875244,4.318751741432155
"As Jacob was on his way back home, some of God's angels came and met him.","Jekob mɛ yaa lɔ wa suik po a cheŋ, ate Wen maarɔma yaa tu wa suik.","Jacob then took a knife and slaughtered the pig, and Wen helped him to butcher the pig.",onesimus_E33AE420_Dec 11 output,,16.95542761117772,11.371681934875244,4.318751741432155
So God created humans to be like himself; he made men and women.,"Dila Wen yaa nye nuru ase wadek la, wadek ale ka diila ate wa nye wa, nidoa ale nipok ate wa nye.","When the sun sets people go home, when it is home they eat and drink.",onesimus_48E85B7F_Dec 09 output,,16.90467007378011,11.371681934875244,4.318751741432155
Noah did everything God told him to do.,Nowa yaa nye dii meena ti Wen weeni wa la.,"The sun is already high, let's go to Wen now.",onesimus_48E85B7F_Dec 09 output,,11.210821739679847,11.371681934875244,4.318751741432155
"But God answered: No! You and Sarah will have a son. His name will be Isaac, and I will make an everlasting promise to him and his descendants.","Wen yaa weeni Abrayam ayen, m siak ya, alege fi powa Saara ale biak nidoabili ate fi te wa yuei ayen Aizik. M le basi ate mi ale wa nɔiyeŋka a zaani ate ka chim nɔiyeŋ kaai ale kaa kpeglim a te wa ŋaaŋbisaŋa ale bo wa ŋaaŋ cheen la.","When Abraham was old and advanced in age, the Lord said to him, ""Take a young virgin who has not known man, and let her be for my servant Isaac; I will make her a great nation and a multitude of nations, and she will be blessed and become a source of blessing to many nations.""",onesimus_48E85B7F_Dec 09 output,,29.139226782678247,11.371681934875244,4.318751741432155
Jacob cut branches from some poplar trees and from some almond and evergreen trees. He peeled off part of the bark and made the branches look spotted and speckled.,"Jekob yaa pai niak tiib ale almond tiib ale dapeelita tiib naŋ yɔgsisa ate ba che la a po, a yaa pai daataŋa ate wa poa ate ŋa peenti la a dueni peelim.","Jacob took the peeled and skinned almonds and pounded them until they were fine, then he mixed them with flour and added some water to knead the dough until it was smooth.",onesimus_48E85B7F_Dec 09 output,,26.047932924596207,11.371681934875244,4.318751741432155
"As Jacob was on his way back home, some of God's angels came and met him.","Jekob mɛ yaa lɔ wa suik po a cheŋ, ate Wen maarɔma yaa tu wa suik.","James also went to the garden to dig sweet potatoes, and when Wen came he also went to dig sweet potatoes.",onesimus_48E85B7F_Dec 09 output,,17.139068032122193,11.371681934875244,4.318751741432155
So God created humans to be like himself; he made men and women.,"Dila Wen yaa nye nuru ase wadek la, wadek ale ka diila ate wa nye wa, nidoa ale nipok ate wa nye.","When the sun sets, people go to their homes, each person goes to their own home, and each family goes to their own house.",Dec 01 output,,15.881714157015125,11.371681934875244,4.318751741432155
Noah did everything God told him to do.,Nowa yaa nye dii meena ti Wen weeni wa la.,"The sun is already high, let's go to Wen's place to eat.",Dec 01 output,,11.603723668285348,11.371681934875244,4.318751741432155
"But God answered: No! You and Sarah will have a son. His name will be Isaac, and I will make an everlasting promise to him and his descendants.","Wen yaa weeni Abrayam ayen, m siak ya, alege fi powa Saara ale biak nidoabili ate fi te wa yuei ayen Aizik. M le basi ate mi ale wa nɔiyeŋka a zaani ate ka chim nɔiyeŋ kaai ale kaa kpeglim a te wa ŋaaŋbisaŋa ale bo wa ŋaaŋ cheen la.","When the Lord appeared to Abraham, he circumcised him, and he circumcised every male in his household as God had commanded him so that Isaac would be born. He did this so that the covenant of circumcision would be in their flesh and not be forgotten, and so that it would be a sign to them and a sign to their descendants forever.",Dec 01 output,,25.90697314097718,11.371681934875244,4.318751741432155
Jacob cut branches from some poplar trees and from some almond and evergreen trees. He peeled off part of the bark and made the branches look spotted and speckled.,"Jekob yaa pai niak tiib ale almond tiib ale dapeelita tiib naŋ yɔgsisa ate ba che la a po, a yaa pai daataŋa ate wa poa ate ŋa peenti la a dueni peelim.","Jacob took the peeled and skinned almonds and pounded them until they were fine, then he mixed them with flour and added some water to knead it into dough.",Dec 01 output,,25.432182696768567,11.371681934875244,4.318751741432155
"As Jacob was on his way back home, some of God's angels came and met him.","Jekob mɛ yaa lɔ wa suik po a cheŋ, ate Wen maarɔma yaa tu wa suik.","Jacob was not able to carry the load on his head, so Wen helped him carry the load.",Dec 01 output,,25.65124782363839,11.371681934875244,4.318751741432155
So God created humans to be like himself; he made men and women.,"Dila Wen yaa nye nuru ase wadek la, wadek ale ka diila ate wa nye wa, nidoa ale nipok ate wa nye.","When the sun sets people go home, when they reach home they eat and drink.",gerhardt_80805CFE_output_7z6RFo,,17.538001642320246,11.371681934875244,4.318751741432155
Noah did everything God told him to do.,Nowa yaa nye dii meena ti Wen weeni wa la.,"The sun is already high, let's go to Wen.",gerhardt_80805CFE_output_7z6RFo,,10.902744748315495,11.371681934875244,4.318751741432155
"But God answered: No! You and Sarah will have a son. His name will be Isaac, and I will make an everlasting promise to him and his descendants.","Wen yaa weeni Abrayam ayen, m siak ya, alege fi powa Saara ale biak nidoabili ate fi te wa yuei ayen Aizik. M le basi ate mi ale wa nɔiyeŋka a zaani ate ka chim nɔiyeŋ kaai ale kaa kpeglim a te wa ŋaaŋbisaŋa ale bo wa ŋaaŋ cheen la.","When the time Abraham's wife Sarah was unable to give birth had passed, God visited her as He had said and she gave birth to Isaac. God was kind to her as He had promised and did more than she had asked or imagined.",gerhardt_80805CFE_output_7z6RFo,,25.329494401513735,11.371681934875244,4.318751741432155
Jacob cut branches from some poplar trees and from some almond and evergreen trees. He peeled off part of the bark and made the branches look spotted and speckled.,"Jekob yaa pai niak tiib ale almond tiib ale dapeelita tiib naŋ yɔgsisa ate ba che la a po, a yaa pai daataŋa ate wa poa ate ŋa peenti la a dueni peelim.","Jacob took the peeled and skinned almonds and pounded them until they were fine, then he mixed them with flour and added some water to knead it into dough.",gerhardt_80805CFE_output_7z6RFo,,25.432182696768567,11.371681934875244,4.318751741432155
"As Jacob was on his way back home, some of God's angels came and met him.","Jekob mɛ yaa lɔ wa suik po a cheŋ, ate Wen maarɔma yaa tu wa suik.","Jacob then took a knife and slaughtered the pig, and Wen helped him to cut up the pig.",gerhardt_80805CFE_output_7z6RFo,,16.79246460792557,11.371681934875244,4.318751741432155
So God created humans to be like himself; he made men and women.,"Dila Wen yaa nye nuru ase wadek la, wadek ale ka diila ate wa nye wa, nidoa ale nipok ate wa nye.","When the sun sets people go home, the home they go to is their own, the wife they marry is their own.",output_JA-3,,14.25002927314957,11.371681934875244,4.318751741432155
Noah did everything God told him to do.,Nowa yaa nye dii meena ti Wen weeni wa la.,"The sun is already high, let's go to Wen's place.",output_JA-3,,10.447104984681847,11.371681934875244,4.318751741432155
"But God answered: No! You and Sarah will have a son. His name will be Isaac, and I will make an everlasting promise to him and his descendants.","Wen yaa weeni Abrayam ayen, m siak ya, alege fi powa Saara ale biak nidoabili ate fi te wa yuei ayen Aizik. M le basi ate mi ale wa nɔiyeŋka a zaani ate ka chim nɔiyeŋ kaai ale kaa kpeglim a te wa ŋaaŋbisaŋa ale bo wa ŋaaŋ cheen la.","When the time came for Abraham's wife to give birth, God visited her, as He had promised, and Sarah bore a son whom they named Isaac. God kept His promise to Abraham and Sarah, and they were blessed with a child in their old age.",output_JA-3,,29.404256923293147,11.371681934875244,4.318751741432155
Jacob cut branches from some poplar trees and from some almond and evergreen trees. He peeled off part of the bark and made the branches look spotted and speckled.,"Jekob yaa pai niak tiib ale almond tiib ale dapeelita tiib naŋ yɔgsisa ate ba che la a po, a yaa pai daataŋa ate wa poa ate ŋa peenti la a dueni peelim.","Jacob took the peeled and skinned almonds and pounded them until they were fine, then he mixed them with flour and added some water to knead the dough until it was smooth.",output_JA-3,,26.047932924596207,11.371681934875244,4.318751741432155
"As Jacob was on his way back home, some of God's angels came and met him.","Jekob mɛ yaa lɔ wa suik po a cheŋ, ate Wen maarɔma yaa tu wa suik.","When Jacob saw that there was grain in Egypt, he said to his sons, “Why are you just sitting there looking at one another?""",output_JA-3,,17.726269470718023,11.371681934875244,4.318751741432155
So God created humans to be like himself; he made men and women.,"Dila Wen yaa nye nuru ase wadek la, wadek ale ka diila ate wa nye wa, nidoa ale nipok ate wa nye.","When the sun sets, the men go to their houses, and the women go to their gardens.",Dec 06 output,,18.858669421644386,11.371681934875244,4.318751741432155
Noah did everything God told him to do.,Nowa yaa nye dii meena ti Wen weeni wa la.,The sun is shining brightly today because the Lord is with us.,Dec 06 output,,15.552998275384283,11.371681934875244,4.318751741432155
"But God answered: No! You and Sarah will have a son. His name will be Isaac, and I will make an everlasting promise to him and his descendants.","Wen yaa weeni Abrayam ayen, m siak ya, alege fi powa Saara ale biak nidoabili ate fi te wa yuei ayen Aizik. M le basi ate mi ale wa nɔiyeŋka a zaani ate ka chim nɔiyeŋ kaai ale kaa kpeglim a te wa ŋaaŋbisaŋa ale bo wa ŋaaŋ cheen la.","When Abraham was old and advanced in age, God blessed him and his wife Sarah, and she gave birth to Isaac. He circumcised him when he was eight days old, just as God had commanded him to do, and Isaac became a joyful man.",Dec 06 output,,27.981007242777856,11.371681934875244,4.318751741432155
Jacob cut branches from some poplar trees and from some almond and evergreen trees. He peeled off part of the bark and made the branches look spotted and speckled.,"Jekob yaa pai niak tiib ale almond tiib ale dapeelita tiib naŋ yɔgsisa ate ba che la a po, a yaa pai daataŋa ate wa poa ate ŋa peenti la a dueni peelim.",Jacob took a little of the peeled almond branches and put them in the water that he was watering the sheep with so that they would be fertile when they drank.,Dec 06 output,,26.805484581017424,11.371681934875244,4.318751741432155
"As Jacob was on his way back home, some of God's angels came and met him.","Jekob mɛ yaa lɔ wa suik po a cheŋ, ate Wen maarɔma yaa tu wa suik.","Jacob then took his knife and cut a piece, so that the Lord first showed him how to cut meat.",Dec 06 output,,21.21818191228856,11.371681934875244,4.318751741432155
So God created humans to be like himself; he made men and women.,"Dila Wen yaa nye nuru ase wadek la, wadek ale ka diila ate wa nye wa, nidoa ale nipok ate wa nye.","When the sun is about to set, the men and women return to their respective houses, the men to their men’s house and the women to their women’s house.",onesimus_C6D92021_Dec 02 output,,24.8657520957658,11.371681934875244,4.318751741432155
Noah did everything God told him to do.,Nowa yaa nye dii meena ti Wen weeni wa la.,The sun is shining brightly because today is Wen's day.,onesimus_C6D92021_Dec 02 output,,13.568540257276906,11.371681934875244,4.318751741432155
"But God answered: No! You and Sarah will have a son. His name will be Isaac, and I will make an everlasting promise to him and his descendants.","Wen yaa weeni Abrayam ayen, m siak ya, alege fi powa Saara ale biak nidoabili ate fi te wa yuei ayen Aizik. M le basi ate mi ale wa nɔiyeŋka a zaani ate ka chim nɔiyeŋ kaai ale kaa kpeglim a te wa ŋaaŋbisaŋa ale bo wa ŋaaŋ cheen la.","When the time came for Abraham's wife to give birth, God visited her, as He had promised, and Sara bore a son whom they named Isaac. God fulfilled His promise and gave them a child in their old age, at the very time that He had announced.",onesimus_C6D92021_Dec 02 output,,28.673509304787537,11.371681934875244,4.318751741432155
Jacob cut branches from some poplar trees and from some almond and evergreen trees. He peeled off part of the bark and made the branches look spotted and speckled.,"Jekob yaa pai niak tiib ale almond tiib ale dapeelita tiib naŋ yɔgsisa ate ba che la a po, a yaa pai daataŋa ate wa poa ate ŋa peenti la a dueni peelim.","Jacob took the peeled and skinned almonds and pounded them very well, then he put them in a pot and added water to it and boiled it until it became very smooth.",onesimus_C6D92021_Dec 02 output,,26.60873220205423,11.371681934875244,4.318751741432155
"As Jacob was on his way back home, some of God's angels came and met him.","Jekob mɛ yaa lɔ wa suik po a cheŋ, ate Wen maarɔma yaa tu wa suik.","When Jacob had eaten a little food, God made him eat a lot of food.",onesimus_C6D92021_Dec 02 output,,17.43247766076483,11.371681934875244,4.318751741432155
So God created humans to be like himself; he made men and women.,"Dila Wen yaa nye nuru ase wadek la, wadek ale ka diila ate wa nye wa, nidoa ale nipok ate wa nye.","When the sun sets people go home, when it is time to go home people go.",Jan output 1 ,,14.284005394841484,11.371681934875244,4.318751741432155
Noah did everything God told him to do.,Nowa yaa nye dii meena ti Wen weeni wa la.,"The sun is already high, let's go to Wen.",Jan output 1 ,,10.902744748315495,11.371681934875244,4.318751741432155
"But God answered: No! You and Sarah will have a son. His name will be Isaac, and I will make an everlasting promise to him and his descendants.","Wen yaa weeni Abrayam ayen, m siak ya, alege fi powa Saara ale biak nidoabili ate fi te wa yuei ayen Aizik. M le basi ate mi ale wa nɔiyeŋka a zaani ate ka chim nɔiyeŋ kaai ale kaa kpeglim a te wa ŋaaŋbisaŋa ale bo wa ŋaaŋ cheen la.","When Abraham was old and advanced in age, Sarah gave him a Hagar her female slave to be his wife so that she would bear him a child named Isaac. She gave (Hagar) to him to be his wife and she conceived and bore a son and he called his name Ishmael.",Jan output 1 ,,28.177124804736902,11.371681934875244,4.318751741432155
Jacob cut branches from some poplar trees and from some almond and evergreen trees. He peeled off part of the bark and made the branches look spotted and speckled.,"Jekob yaa pai niak tiib ale almond tiib ale dapeelita tiib naŋ yɔgsisa ate ba che la a po, a yaa pai daataŋa ate wa poa ate ŋa peenti la a dueni peelim.","Jacob took the peeled and skinned almonds and pounded them until they were well crushed, then he took the flour and mixed it with water and made it into a stiff paste.",Jan output 1 ,,27.720909877626866,11.371681934875244,4.318751741432155
"As Jacob was on his way back home, some of God's angels came and met him.","Jekob mɛ yaa lɔ wa suik po a cheŋ, ate Wen maarɔma yaa tu wa suik.","Jacob was not able to carry the load on his head, so when Wen came he helped him carry the load.",Jan output 1 ,,26.737485759806145,11.371681934875244,4.318751741432155
So God created humans to be like himself; he made men and women.,"Dila Wen yaa nye nuru ase wadek la, wadek ale ka diila ate wa nye wa, nidoa ale nipok ate wa nye.","When the sun sets people go home, when it is time to go home people go",onesimus_5B146D14_Dec 05 output,,14.021770013727828,11.371681934875244,4.318751741432155
Noah did everything God told him to do.,Nowa yaa nye dii meena ti Wen weeni wa la.,"The sun is already high, let's go to Wen now.",onesimus_5B146D14_Dec 05 output,,11.210821739679847,11.371681934875244,4.318751741432155
"But God answered: No! You and Sarah will have a son. His name will be Isaac, and I will make an everlasting promise to him and his descendants.","Wen yaa weeni Abrayam ayen, m siak ya, alege fi powa Saara ale biak nidoabili ate fi te wa yuei ayen Aizik. M le basi ate mi ale wa nɔiyeŋka a zaani ate ka chim nɔiyeŋ kaai ale kaa kpeglim a te wa ŋaaŋbisaŋa ale bo wa ŋaaŋ cheen la.","When the time came for Abraham's wife to give birth, God visited her, as He had said, and Sarah bore a son as He had promised. The child grew and was weaned, and Abraham gave a great feast on the day Isaac was weaned.",onesimus_5B146D14_Dec 05 output,,28.58004862706331,11.371681934875244,4.318751741432155
Jacob cut branches from some poplar trees and from some almond and evergreen trees. He peeled off part of the bark and made the branches look spotted and speckled.,"Jekob yaa pai niak tiib ale almond tiib ale dapeelita tiib naŋ yɔgsisa ate ba che la a po, a yaa pai daataŋa ate wa poa ate ŋa peenti la a dueni peelim.","Jacob took a little of the fat, and some almond fat, and some fat from the dapeeli tree and mixed it together to make a charm to put on his leg, he took some clay and made a figurine and painted it white to make it look beautiful.",onesimus_5B146D14_Dec 05 output,,31.481626355938953,11.371681934875244,4.318751741432155
"As Jacob was on his way back home, some of God's angels came and met him.","Jekob mɛ yaa lɔ wa suik po a cheŋ, ate Wen maarɔma yaa tu wa suik.","Jacob then took his knife and cut his hair, for the Lord had told him to cut his hair.",onesimus_5B146D14_Dec 05 output,,17.9793337925337,11.371681934875244,4.318751741432155
So God created humans to be like himself; he made men and women.,"Dila Wen yaa nye nuru ase wadek la, wadek ale ka diila ate wa nye wa, nidoa ale nipok ate wa nye.","When the sun sets people go home, when it is time to go home people go.",gerhardt_428C0151_output_jQjr1f,,14.284005394841484,11.371681934875244,4.318751741432155
Noah did everything God told him to do.,Nowa yaa nye dii meena ti Wen weeni wa la.,"The sun is already high, let's go to Wen's place to eat.",gerhardt_428C0151_output_jQjr1f,,11.603723668285348,11.371681934875244,4.318751741432155
"But God answered: No! You and Sarah will have a son. His name will be Isaac, and I will make an everlasting promise to him and his descendants.","Wen yaa weeni Abrayam ayen, m siak ya, alege fi powa Saara ale biak nidoabili ate fi te wa yuei ayen Aizik. M le basi ate mi ale wa nɔiyeŋka a zaani ate ka chim nɔiyeŋ kaai ale kaa kpeglim a te wa ŋaaŋbisaŋa ale bo wa ŋaaŋ cheen la.","When the time Abraham's wife Sarah was barren came to an end, God visited her and she gave birth to Isaac. And it came to pass that the child grew and was weaned and Abraham made a big feast on the day that Isaac was weaned.",gerhardt_428C0151_output_jQjr1f,,24.110337401346175,11.371681934875244,4.318751741432155
Jacob cut branches from some poplar trees and from some almond and evergreen trees. He peeled off part of the bark and made the branches look spotted and speckled.,"Jekob yaa pai niak tiib ale almond tiib ale dapeelita tiib naŋ yɔgsisa ate ba che la a po, a yaa pai daataŋa ate wa poa ate ŋa peenti la a dueni peelim.","Jacob took the peeled and skinned almonds and pounded them very well until they were fine flour, then he mixed it with water and made it into a paste and applied it to her wound.",gerhardt_428C0151_output_jQjr1f,,27.512158812855738,11.371681934875244,4.318751741432155
"As Jacob was on his way back home, some of God's angels came and met him.","Jekob mɛ yaa lɔ wa suik po a cheŋ, ate Wen maarɔma yaa tu wa suik.","Jacob then took a knife and slaughtered the pig, and Wen helped him to butcher the pig.",gerhardt_428C0151_output_jQjr1f,,16.95542761117772,11.371681934875244,4.318751741432155
So God created humans to be like himself; he made men and women.,"Dila Wen yaa nye nuru ase wadek la, wadek ale ka diila ate wa nye wa, nidoa ale nipok ate wa nye.","When the sun sets people go to their gardens, the gardens which they have made for themselves, the men and the women.",gerhardt_E4DFEBFE_output_T8d1lo,,28.5341125707618,11.371681934875244,4.318751741432155
Noah did everything God told him to do.,Nowa yaa nye dii meena ti Wen weeni wa la.,"The sun is already high, let's go to Wen.",gerhardt_E4DFEBFE_output_T8d1lo,,10.902744748315495,11.371681934875244,4.318751741432155
"But God answered: No! You and Sarah will have a son. His name will be Isaac, and I will make an everlasting promise to him and his descendants.","Wen yaa weeni Abrayam ayen, m siak ya, alege fi powa Saara ale biak nidoabili ate fi te wa yuei ayen Aizik. M le basi ate mi ale wa nɔiyeŋka a zaani ate ka chim nɔiyeŋ kaai ale kaa kpeglim a te wa ŋaaŋbisaŋa ale bo wa ŋaaŋ cheen la.","When the Lord appeared to Abraham, he (Abraham) said, he gave him a promise that Sarah his wife would give birth to a child whom they would name Isaac. He (the Lord) continued that He would establish His covenant with him (Isaac) as an everlasting covenant for his descendants after him.",gerhardt_E4DFEBFE_output_T8d1lo,,36.06554300973515,11.371681934875244,4.318751741432155
Jacob cut branches from some poplar trees and from some almond and evergreen trees. He peeled off part of the bark and made the branches look spotted and speckled.,"Jekob yaa pai niak tiib ale almond tiib ale dapeelita tiib naŋ yɔgsisa ate ba che la a po, a yaa pai daataŋa ate wa poa ate ŋa peenti la a dueni peelim.",Jacob took a little of the fat and some almonds and the fat of the dapeeli tree and some of the fat of the yɔgsi tree and put it on his back and he took a walking stick and walked and came and painted it on a big rock.,gerhardt_E4DFEBFE_output_T8d1lo,,29.569289259857268,11.371681934875244,4.318751741432155
"As Jacob was on his way back home, some of God's angels came and met him.","Jekob mɛ yaa lɔ wa suik po a cheŋ, ate Wen maarɔma yaa tu wa suik.","Jacob was not able to carry the load on his head, so Wen helped him carry the load.",gerhardt_E4DFEBFE_output_T8d1lo,,25.65124782363839,11.371681934875244,4.318751741432155
So God created humans to be like himself; he made men and women.,"Dila Wen yaa nye nuru ase wadek la, wadek ale ka diila ate wa nye wa, nidoa ale nipok ate wa nye.","When the sun sets people go home, when it is time to go home people go.",onesimus_4838858E_Jan output 1 ,,14.284005394841484,11.371681934875244,4.318751741432155
Noah did everything God told him to do.,Nowa yaa nye dii meena ti Wen weeni wa la.,"The sun is already high, let's go to Wen.",onesimus_4838858E_Jan output 1 ,,10.902744748315495,11.371681934875244,4.318751741432155
"But God answered: No! You and Sarah will have a son. His name will be Isaac, and I will make an everlasting promise to him and his descendants.","Wen yaa weeni Abrayam ayen, m siak ya, alege fi powa Saara ale biak nidoabili ate fi te wa yuei ayen Aizik. M le basi ate mi ale wa nɔiyeŋka a zaani ate ka chim nɔiyeŋ kaai ale kaa kpeglim a te wa ŋaaŋbisaŋa ale bo wa ŋaaŋ cheen la.","When Abraham was old and advanced in age, Sarah gave him a Hagar her female slave to be his wife so that she would bear him a child named Isaac. She gave (Hagar) to him to be his wife and she conceived and bore a son and he called his name Ishmael.",onesimus_4838858E_Jan output 1 ,,28.177124804736902,11.371681934875244,4.318751741432155
Jacob cut branches from some poplar trees and from some almond and evergreen trees. He peeled off part of the bark and made the branches look spotted and speckled.,"Jekob yaa pai niak tiib ale almond tiib ale dapeelita tiib naŋ yɔgsisa ate ba che la a po, a yaa pai daataŋa ate wa poa ate ŋa peenti la a dueni peelim.","Jacob took the peeled and skinned almonds and pounded them until they were well crushed, then he took the flour and mixed it with water and made it into a stiff paste.",onesimus_4838858E_Jan output 1 ,,27.720909877626866,11.371681934875244,4.318751741432155
"As Jacob was on his way back home, some of God's angels came and met him.","Jekob mɛ yaa lɔ wa suik po a cheŋ, ate Wen maarɔma yaa tu wa suik.","Jacob was not able to carry the load on his head, so when Wen came he helped him carry the load.",onesimus_4838858E_Jan output 1 ,,26.737485759806145,11.371681934875244,4.318751741432155
So God created humans to be like himself; he made men and women.,"Dila Wen yaa nye nuru ase wadek la, wadek ale ka diila ate wa nye wa, nidoa ale nipok ate wa nye.","When the sun sets people go home, when it is time to go home people go.",gerhardt_2F3FAF10_output (1),,14.284005394841484,11.371681934875244,4.318751741432155
Noah did everything God told him to do.,Nowa yaa nye dii meena ti Wen weeni wa la.,"The sun is already high, let's go to Wen.",gerhardt_2F3FAF10_output (1),,10.902744748315495,11.371681934875244,4.318751741432155
"But God answered: No! You and Sarah will have a son. His name will be Isaac, and I will make an everlasting promise to him and his descendants.","Wen yaa weeni Abrayam ayen, m siak ya, alege fi powa Saara ale biak nidoabili ate fi te wa yuei ayen Aizik. M le basi ate mi ale wa nɔiyeŋka a zaani ate ka chim nɔiyeŋ kaai ale kaa kpeglim a te wa ŋaaŋbisaŋa ale bo wa ŋaaŋ cheen la.","When the time came for Abraham's wife to give birth, God visited her, as He had said, and Sarah bore a son, just as He had promised, and Abraham named him Isaac. God tested Abraham's faith by asking him to sacrifice Isaac, but just as he was about to kill him, God stopped him.",gerhardt_2F3FAF10_output (1),,27.60148642618535,11.371681934875244,4.318751741432155
Jacob cut branches from some poplar trees and from some almond and evergreen trees. He peeled off part of the bark and made the branches look spotted and speckled.,"Jekob yaa pai niak tiib ale almond tiib ale dapeelita tiib naŋ yɔgsisa ate ba che la a po, a yaa pai daataŋa ate wa poa ate ŋa peenti la a dueni peelim.","Jacob took the peeled and skinned almonds and pounded them until they were well crushed, then he put them in a pot and cooked them until they were very soft and mushy.",gerhardt_2F3FAF10_output (1),,26.45347988741082,11.371681934875244,4.318751741432155
"As Jacob was on his way back home, some of God's angels came and met him.","Jekob mɛ yaa lɔ wa suik po a cheŋ, ate Wen maarɔma yaa tu wa suik.","When Jacob had eaten the food, he was satisfied, and Isaac blessed him.",gerhardt_2F3FAF10_output (1),,20.556459991734148,11.371681934875244,4.318751741432155
So God created humans to be like himself; he made men and women.,"Dila Wen yaa nye nuru ase wadek la, wadek ale ka diila ate wa nye wa, nidoa ale nipok ate wa nye.","When the sun sets, the men go to their houses, and the women go to their gardens.",onesimus_778C5456_Dec 06 output,,18.858669421644386,11.371681934875244,4.318751741432155
Noah did everything God told him to do.,Nowa yaa nye dii meena ti Wen weeni wa la.,The sun is shining brightly today because the Lord is with us.,onesimus_778C5456_Dec 06 output,,15.552998275384283,11.371681934875244,4.318751741432155
"But God answered: No! You and Sarah will have a son. His name will be Isaac, and I will make an everlasting promise to him and his descendants.","Wen yaa weeni Abrayam ayen, m siak ya, alege fi powa Saara ale biak nidoabili ate fi te wa yuei ayen Aizik. M le basi ate mi ale wa nɔiyeŋka a zaani ate ka chim nɔiyeŋ kaai ale kaa kpeglim a te wa ŋaaŋbisaŋa ale bo wa ŋaaŋ cheen la.","When Abraham was old and advanced in age, God blessed him and his wife Sarah, and she gave birth to Isaac. He circumcised him when he was eight days old, just as God had commanded him to do, and Isaac became a joyful man.",onesimus_778C5456_Dec 06 output,,27.981007242777856,11.371681934875244,4.318751741432155
Jacob cut branches from some poplar trees and from some almond and evergreen trees. He peeled off part of the bark and made the branches look spotted and speckled.,"Jekob yaa pai niak tiib ale almond tiib ale dapeelita tiib naŋ yɔgsisa ate ba che la a po, a yaa pai daataŋa ate wa poa ate ŋa peenti la a dueni peelim.",Jacob took a little of the peeled almond branches and put them in the water that he was watering the sheep with so that they would be fertile when they drank.,onesimus_778C5456_Dec 06 output,,26.805484581017424,11.371681934875244,4.318751741432155
"As Jacob was on his way back home, some of God's angels came and met him.","Jekob mɛ yaa lɔ wa suik po a cheŋ, ate Wen maarɔma yaa tu wa suik.","Jacob then took his knife and cut a piece, so that the Lord first showed him how to cut meat.",onesimus_778C5456_Dec 06 output,,21.21818191228856,11.371681934875244,4.318751741432155
So God created humans to be like himself; he made men and women.,"Dila Wen yaa nye nuru ase wadek la, wadek ale ka diila ate wa nye wa, nidoa ale nipok ate wa nye.","When the sun sets people go home, when it is time to go home people go.",gerhardt_E3C23636_output_AHjhdB,,14.284005394841484,11.371681934875244,4.318751741432155
Noah did everything God told him to do.,Nowa yaa nye dii meena ti Wen weeni wa la.,"The sun is already high, let's go to Wen.",gerhardt_E3C23636_output_AHjhdB,,10.902744748315495,11.371681934875244,4.318751741432155
"But God answered: No! You and Sarah will have a son. His name will be Isaac, and I will make an everlasting promise to him and his descendants.","Wen yaa weeni Abrayam ayen, m siak ya, alege fi powa Saara ale biak nidoabili ate fi te wa yuei ayen Aizik. M le basi ate mi ale wa nɔiyeŋka a zaani ate ka chim nɔiyeŋ kaai ale kaa kpeglim a te wa ŋaaŋbisaŋa ale bo wa ŋaaŋ cheen la.","When the time Abraham's wife Sarah was promised a child by God arrived, God appeared to him again and said, ""I will return to you next year and Sarah will have a son."" God also said that he would establish his covenant with the child Sarah will bear, Isaac, and with his descendants forever.",gerhardt_E3C23636_output_AHjhdB,,45.340727531847236,11.371681934875244,4.318751741432155
Jacob cut branches from some poplar trees and from some almond and evergreen trees. He peeled off part of the bark and made the branches look spotted and speckled.,"Jekob yaa pai niak tiib ale almond tiib ale dapeelita tiib naŋ yɔgsisa ate ba che la a po, a yaa pai daataŋa ate wa poa ate ŋa peenti la a dueni peelim.","Jacob took the peeled and skinned almonds and pounded them until they were fine, then he mixed them with flour and added some water to knead the dough until it was smooth.",gerhardt_E3C23636_output_AHjhdB,,26.047932924596207,11.371681934875244,4.318751741432155
"As Jacob was on his way back home, some of God's angels came and met him.","Jekob mɛ yaa lɔ wa suik po a cheŋ, ate Wen maarɔma yaa tu wa suik.","Jacob was not able to carry the load on his head, so when Wen came he helped him carry the load.",gerhardt_E3C23636_output_AHjhdB,,26.737485759806145,11.371681934875244,4.318751741432155
So God created humans to be like himself; he made men and women.,"Dila Wen yaa nye nuru ase wadek la, wadek ale ka diila ate wa nye wa, nidoa ale nipok ate wa nye.","When the sun sets people go home, when it is time to go home people go.",Dec 12 output,,14.284005394841484,11.371681934875244,4.318751741432155
Noah did everything God told him to do.,Nowa yaa nye dii meena ti Wen weeni wa la.,"The sun is already high, let's go to Wen.",Dec 12 output,,10.902744748315495,11.371681934875244,4.318751741432155
"But God answered: No! You and Sarah will have a son. His name will be Isaac, and I will make an everlasting promise to him and his descendants.","Wen yaa weeni Abrayam ayen, m siak ya, alege fi powa Saara ale biak nidoabili ate fi te wa yuei ayen Aizik. M le basi ate mi ale wa nɔiyeŋka a zaani ate ka chim nɔiyeŋ kaai ale kaa kpeglim a te wa ŋaaŋbisaŋa ale bo wa ŋaaŋ cheen la.","When the time Abraham's wife was delivered, I was there, and she was so happy that Sarah's breasts were full of milk again that she breastfed Isaac. I was there and saw that my friend was very happy and was singing and dancing and was very pleased that she had given birth to a white baby boy.",Dec 12 output,,23.29991040061313,11.371681934875244,4.318751741432155
Jacob cut branches from some poplar trees and from some almond and evergreen trees. He peeled off part of the bark and made the branches look spotted and speckled.,"Jekob yaa pai niak tiib ale almond tiib ale dapeelita tiib naŋ yɔgsisa ate ba che la a po, a yaa pai daataŋa ate wa poa ate ŋa peenti la a dueni peelim.","Jacob took a little of the fat and some almonds and the fat of the dapeelita animal and some of the fat of the yɔgsisa animal and put it on the fire, he took some of the daataŋa plant and some of the poa plant and some of the peenti plant and rubbed it on his sick body.",Dec 12 output,,28.524854678217558,11.371681934875244,4.318751741432155
"As Jacob was on his way back home, some of God's angels came and met him.","Jekob mɛ yaa lɔ wa suik po a cheŋ, ate Wen maarɔma yaa tu wa suik.","When Jacob had eaten enough, he drank wine, for Laban had given him wine to drink.",Dec 12 output,,17.165127119169522,11.371681934875244,4.318751741432155
"Since Jacob was in love with Rachel, he answered, “If you will let me marry Rachel, I'll work seven years for you.”","Jekob a jam ta yaalika ale ka Arekel ate wa yaa weeni ayen, <<Mi ale tom bena ŋayopɔi a te fu a magsi chaab ale fi lie baaŋka Arekel nyiŋ.>>","Then Jacob called his sons and said, ""Gather around and I will tell you what will happen to you in the days to come.""",nsanku_output_kcn,0.43863073,19.62669244599059,11.371681934875244,4.318751741432155
"Abraham replied, “I want you to accept these seven lambs as proof that I dug this well.”","Wa yaa tulisi ayen, <<Siak a tuesi pasaa ŋayopɔiwa de mi nisa po ate ku chim seerɔ ayen ka mi ale tu vinni de.>>","He said to us, ""If you want to pass through here you must give me something to eat and also a bottle of wine.""",nsanku_output_kcn,0.35459232,19.658245470881987,11.371681934875244,4.318751741432155
"God said, “I command lights to appear in the sky and to separate day from night and to show the time for seasons, special days, and years.","Wen yaa ŋman weeni ayen, <<Basi ate ŋan nyaksinta a bo wenzukku a gaari yok ale kantueŋ. Ŋan bala mɛ ale ba gaari wenkarik ale yoei ale daa ale bena.","When you want to make a good marriage, ""First you must prepare a place for the groom to rest and also food for him to eat. You must prepare areca nut and betel leaves for him to chew and also a good place to sleep.""",nsanku_output_kcn,0.17736721,21.49248312471734,11.371681934875244,4.318751741432155
"“Sir, the whole field, including the cave, is yours. With my own people as witnesses, I freely give it to you as a burial place for your dead.”","Wa weeni ayen, <<Aaya, m nyɔnɔ. Wom mi m pai talimu a te fu, ale pai vɔrumu ale bo talimu po la a te fu. M pai a te fu m nuruma niŋ. Gu fi kpiewa.>>","My child, come, I am calling you. If you are not listening to me, then you are not listening to anyone. I am calling you, you are not listening to me. I am calling you with my voice. Go and listen.",nsanku_output_kcn,0.17097852,19.408165782635056,11.371681934875244,4.318751741432155
"At the end of the week of celebration, Laban let Jacob marry Rachel, and he gave her his servant woman Bilhah. Jacob loved Rachel more than he did Leah, but he had to work another seven years for Laban.","Jekob yaa jam ŋman duak ale Arekel, ate wa jam ta yaalika ale Arekel a gaam Leya. Ate wa jam tom bena ŋayopɔi ŋman gum du a te Laban.","Jacob sent a messenger ahead of him to his brother Esau in the land of Seir, in the territory of Edom. He instructed him, saying, 'This is what you shall say to my lord Esau: 'Your servant Jacob says this: I have sojourned with Laban and stayed on until now.'",nsanku_output_kcn,0.4953091,25.719979282259832,11.371681934875244,4.318751741432155
So God created humans to be like himself; he made men and women.,"Dila Wen yaa nye nuru ase wadek la, wadek ale ka diila ate wa nye wa, nidoa ale nipok ate wa nye.","When the sun sets, people return home, and when they get home, they eat and rest.",onesimus_CF2838B3_Dec 03 output,,17.18580352662218,11.371681934875244,4.318751741432155
Noah did everything God told him to do.,Nowa yaa nye dii meena ti Wen weeni wa la.,"The sun is already high, let's go to Wen village.",onesimus_CF2838B3_Dec 03 output,,11.439168541680548,11.371681934875244,4.318751741432155
"But God answered: No! You and Sarah will have a son. His name will be Isaac, and I will make an everlasting promise to him and his descendants.","Wen yaa weeni Abrayam ayen, m siak ya, alege fi powa Saara ale biak nidoabili ate fi te wa yuei ayen Aizik. M le basi ate mi ale wa nɔiyeŋka a zaani ate ka chim nɔiyeŋ kaai ale kaa kpeglim a te wa ŋaaŋbisaŋa ale bo wa ŋaaŋ cheen la.","When Abraham was old and advanced in age, Sarah his wife gave him no child. He said to his servant that he should take another wife so that she could bear him a child called Isaac. He entrusted his servant with the task of going to his hometown to get a wife for him so that she could bear him a child to inherit his wealth and to be his heir.",onesimus_CF2838B3_Dec 03 output,,24.32009759664178,11.371681934875244,4.318751741432155
Jacob cut branches from some poplar trees and from some almond and evergreen trees. He peeled off part of the bark and made the branches look spotted and speckled.,"Jekob yaa pai niak tiib ale almond tiib ale dapeelita tiib naŋ yɔgsisa ate ba che la a po, a yaa pai daataŋa ate wa poa ate ŋa peenti la a dueni peelim.","Jacob took the peeled and skinned almonds and pounded them until they were fine, then he mixed them with flour and added some water to knead the dough until it was smooth.",onesimus_CF2838B3_Dec 03 output,,26.047932924596207,11.371681934875244,4.318751741432155
"As Jacob was on his way back home, some of God's angels came and met him.","Jekob mɛ yaa lɔ wa suik po a cheŋ, ate Wen maarɔma yaa tu wa suik.","Jacob then took a knife and circumcised him, so that their relationship might be right with God",onesimus_CF2838B3_Dec 03 output,,20.573670979757672,11.371681934875244,4.318751741432155
So God created humans to be like himself; he made men and women.,"Dila Wen yaa nye nuru ase wadek la, wadek ale ka diila ate wa nye wa, nidoa ale nipok ate wa nye.","When the sun sets people go home, when it is time to go home people go.",john_BA3F5F9A_output (3),,14.284005394841484,11.371681934875244,4.318751741432155
Noah did everything God told him to do.,Nowa yaa nye dii meena ti Wen weeni wa la.,"The sun is already high, let's go to Wen.",john_BA3F5F9A_output (3),,10.902744748315495,11.371681934875244,4.318751741432155
"But God answered: No! You and Sarah will have a son. His name will be Isaac, and I will make an everlasting promise to him and his descendants.","Wen yaa weeni Abrayam ayen, m siak ya, alege fi powa Saara ale biak nidoabili ate fi te wa yuei ayen Aizik. M le basi ate mi ale wa nɔiyeŋka a zaani ate ka chim nɔiyeŋ kaai ale kaa kpeglim a te wa ŋaaŋbisaŋa ale bo wa ŋaaŋ cheen la.","When the time came for Abraham's wife to give birth, God visited her, as He had said, and Sarah bore a son, just as He had promised. The child was named Isaac, and when he was weaned, Abraham gave a great feast.",john_BA3F5F9A_output (3),,30.92915293972028,11.371681934875244,4.318751741432155
Jacob cut branches from some poplar trees and from some almond and evergreen trees. He peeled off part of the bark and made the branches look spotted and speckled.,"Jekob yaa pai niak tiib ale almond tiib ale dapeelita tiib naŋ yɔgsisa ate ba che la a po, a yaa pai daataŋa ate wa poa ate ŋa peenti la a dueni peelim.","Jacob took a little of the fat, and some almond fat and some fat of the dapeelita, and mixed it all together and put it in a pot, he took some flour and mixed it with water and made it into a paste to seal the pot.",john_BA3F5F9A_output (3),,30.382717101699246,11.371681934875244,4.318751741432155
"As Jacob was on his way back home, some of God's angels came and met him.","Jekob mɛ yaa lɔ wa suik po a cheŋ, ate Wen maarɔma yaa tu wa suik.","Jacob was not able to carry the load on his head, so Wen helped him carry the load.",john_BA3F5F9A_output (3),,25.65124782363839,11.371681934875244,4.318751741432155
