ref,text,translated,source_zip_file,similarity_score,chrf_sentence,corpus_bleu,corpus_chrf
So God created humans to be like himself; he made men and women.,"Dila Wen yaa nye nuru ase wadek la, wadek ale ka diila ate wa nye wa, nidoa ale nipok ate wa nye.","I am going to the river to bathe, I will return when I am done bathing.",Dec 08 output,,13.6283170185861,8.657107714332325,4.5540796963946875
Noah did everything God told him to do.,Nowa yaa nye dii meena ti Wen weeni wa la.,Nowa is going to the market to buy meat.,Dec 08 output,,14.198028673835125,8.657107714332325,4.5540796963946875
"But God answered: No! You and Sarah will have a son. His name will be Isaac, and I will make an everlasting promise to him and his descendants.","Wen yaa weeni Abrayam ayen, m siak ya, alege fi powa Saara ale biak nidoabili ate fi te wa yuei ayen Aizik. M le basi ate mi ale wa nɔiyeŋka a zaani ate ka chim nɔiyeŋ kaai ale kaa kpeglim a te wa ŋaaŋbisaŋa ale bo wa ŋaaŋ cheen la.","When Abraham was old, his wife Sarah was also old. God had promised Abraham that Sarah would have a son, and she did have a son named Isaac. But Sarah was afraid that she would die before Isaac grew up, so she asked Abraham to make a promise to her. She said, ""Please promise me that you will find a wife for Isaac from among my own people.""",Dec 08 output,,29.492619952505116,8.657107714332325,4.5540796963946875
Jacob cut branches from some poplar trees and from some almond and evergreen trees. He peeled off part of the bark and made the branches look spotted and speckled.,"Jekob yaa pai niak tiib ale almond tiib ale dapeelita tiib naŋ yɔgsisa ate ba che la a po, a yaa pai daataŋa ate wa poa ate ŋa peenti la a dueni peelim.","Jacob went to the market to buy almonds, dates, and dried mangoes. He also bought some meat and vegetables.",Dec 08 output,,21.07317980757285,8.657107714332325,4.5540796963946875
"As Jacob was on his way back home, some of God's angels came and met him.","Jekob mɛ yaa lɔ wa suik po a cheŋ, ate Wen maarɔma yaa tu wa suik.","Jacob is going to the market to buy salt, but Wen is already there buying salt.",Dec 08 output,,15.61260248360418,8.657107714332325,4.5540796963946875
So God created humans to be like himself; he made men and women.,"Dila Wen yaa nye nuru ase wadek la, wadek ale ka diila ate wa nye wa, nidoa ale nipok ate wa nye.","The one who is called Wen, he is not good, he is bad, he does not want to listen to us, he does not want to help us.",onesimus_31223989_Dec 12 output,,15.214012667672726,8.657107714332325,4.5540796963946875
Noah did everything God told him to do.,Nowa yaa nye dii meena ti Wen weeni wa la.,Nowa is going to give meena to Wen weeni.,onesimus_31223989_Dec 12 output,,13.07377541151504,8.657107714332325,4.5540796963946875
"But God answered: No! You and Sarah will have a son. His name will be Isaac, and I will make an everlasting promise to him and his descendants.","Wen yaa weeni Abrayam ayen, m siak ya, alege fi powa Saara ale biak nidoabili ate fi te wa yuei ayen Aizik. M le basi ate mi ale wa nɔiyeŋka a zaani ate ka chim nɔiyeŋ kaai ale kaa kpeglim a te wa ŋaaŋbisaŋa ale bo wa ŋaaŋ cheen la.","When Abraham was old, his wife Sarah was also old. God had promised Abraham that Sarah would have a son, and she did give birth to Isaac. But Sarah was afraid that Isaac would be killed because he was the only son. So she told Abraham to take Isaac and go to a place where no one knew them.",onesimus_31223989_Dec 12 output,,28.236845599834588,8.657107714332325,4.5540796963946875
Jacob cut branches from some poplar trees and from some almond and evergreen trees. He peeled off part of the bark and made the branches look spotted and speckled.,"Jekob yaa pai niak tiib ale almond tiib ale dapeelita tiib naŋ yɔgsisa ate ba che la a po, a yaa pai daataŋa ate wa poa ate ŋa peenti la a dueni peelim.","Jacob went to the market to buy almonds, dates, and dried figs. He bought a lot of dates and figs, and a little bit of almonds.",onesimus_31223989_Dec 12 output,,21.825388872567423,8.657107714332325,4.5540796963946875
"As Jacob was on his way back home, some of God's angels came and met him.","Jekob mɛ yaa lɔ wa suik po a cheŋ, ate Wen maarɔma yaa tu wa suik.","Jacob is going to the farm to get some food, but Wen is going to the farm too.",onesimus_31223989_Dec 12 output,,16.961749378117986,8.657107714332325,4.5540796963946875
So God created humans to be like himself; he made men and women.,"Dila Wen yaa nye nuru ase wadek la, wadek ale ka diila ate wa nye wa, nidoa ale nipok ate wa nye.","I am telling you the truth, the truth is that I am not lying to you, I am telling you the truth.",john_AC86BE0F_output (5),,12.41517100589278,8.657107714332325,4.5540796963946875
Noah did everything God told him to do.,Nowa yaa nye dii meena ti Wen weeni wa la.,Nowa is going to give meena to Wen weeni's mother.,john_AC86BE0F_output (5),,15.437317781721404,8.657107714332325,4.5540796963946875
"But God answered: No! You and Sarah will have a son. His name will be Isaac, and I will make an everlasting promise to him and his descendants.","Wen yaa weeni Abrayam ayen, m siak ya, alege fi powa Saara ale biak nidoabili ate fi te wa yuei ayen Aizik. M le basi ate mi ale wa nɔiyeŋka a zaani ate ka chim nɔiyeŋ kaai ale kaa kpeglim a te wa ŋaaŋbisaŋa ale bo wa ŋaaŋ cheen la.","When Abraham was old, his wife Sarah was also old. God had promised Sarah that she would have a child, but she was too old to have children. God kept his promise and Sarah had a son named Isaac. God blessed Isaac and made him a great nation.",john_AC86BE0F_output (5),,30.131271957977663,8.657107714332325,4.5540796963946875
Jacob cut branches from some poplar trees and from some almond and evergreen trees. He peeled off part of the bark and made the branches look spotted and speckled.,"Jekob yaa pai niak tiib ale almond tiib ale dapeelita tiib naŋ yɔgsisa ate ba che la a po, a yaa pai daataŋa ate wa poa ate ŋa peenti la a dueni peelim.","Jacob went to the market to buy almonds, dates, and dried apricots. He wanted to make a special dish for his family.",john_AC86BE0F_output (5),,19.803889635507165,8.657107714332325,4.5540796963946875
"As Jacob was on his way back home, some of God's angels came and met him.","Jekob mɛ yaa lɔ wa suik po a cheŋ, ate Wen maarɔma yaa tu wa suik.","Jacob is going to the farm to plant corn, but Wen is going to the farm to harvest corn.",john_AC86BE0F_output (5),,15.06488479071665,8.657107714332325,4.5540796963946875
So God created humans to be like himself; he made men and women.,"Dila Wen yaa nye nuru ase wadek la, wadek ale ka diila ate wa nye wa, nidoa ale nipok ate wa nye.","The sun is setting, the birds are returning to their nests, and the children are coming home.",output_JA-4,,15.884071816181475,8.657107714332325,4.5540796963946875
Noah did everything God told him to do.,Nowa yaa nye dii meena ti Wen weeni wa la.,Nowa is going to give meena to Wen weeni's mother.,output_JA-4,,15.437317781721404,8.657107714332325,4.5540796963946875
"But God answered: No! You and Sarah will have a son. His name will be Isaac, and I will make an everlasting promise to him and his descendants.","Wen yaa weeni Abrayam ayen, m siak ya, alege fi powa Saara ale biak nidoabili ate fi te wa yuei ayen Aizik. M le basi ate mi ale wa nɔiyeŋka a zaani ate ka chim nɔiyeŋ kaai ale kaa kpeglim a te wa ŋaaŋbisaŋa ale bo wa ŋaaŋ cheen la.","When Abraham was old, his wife Sarah was also old. God had promised Abraham that Sarah would have a son, and she did give birth to Isaac. But Sarah was afraid that Isaac might be killed because he was the only son, so she told Abraham to take Hagar, her Egyptian servant, as a wife so that she could have children and they could inherit Abraham's property.",output_JA-4,,26.594733098864115,8.657107714332325,4.5540796963946875
Jacob cut branches from some poplar trees and from some almond and evergreen trees. He peeled off part of the bark and made the branches look spotted and speckled.,"Jekob yaa pai niak tiib ale almond tiib ale dapeelita tiib naŋ yɔgsisa ate ba che la a po, a yaa pai daataŋa ate wa poa ate ŋa peenti la a dueni peelim.","Jacob went to the market to buy almonds, dates, and dried apricots. He wanted to make a cake for his friend's birthday.",output_JA-4,,19.83661967141264,8.657107714332325,4.5540796963946875
"As Jacob was on his way back home, some of God's angels came and met him.","Jekob mɛ yaa lɔ wa suik po a cheŋ, ate Wen maarɔma yaa tu wa suik.","Jacob is going to the farm to plant corn, but Wen is going to the farm to harvest corn.",output_JA-4,,15.06488479071665,8.657107714332325,4.5540796963946875
So God created humans to be like himself; he made men and women.,"Dila Wen yaa nye nuru ase wadek la, wadek ale ka diila ate wa nye wa, nidoa ale nipok ate wa nye.","I am telling you the truth, the truth is that I am not lying to you, I am telling you the truth.",onesimus_7C821E01_Dec 01 output,,12.41517100589278,8.657107714332325,4.5540796963946875
Noah did everything God told him to do.,Nowa yaa nye dii meena ti Wen weeni wa la.,Nowa is going to the market to buy fish.,onesimus_7C821E01_Dec 01 output,,15.239695340501793,8.657107714332325,4.5540796963946875
"But God answered: No! You and Sarah will have a son. His name will be Isaac, and I will make an everlasting promise to him and his descendants.","Wen yaa weeni Abrayam ayen, m siak ya, alege fi powa Saara ale biak nidoabili ate fi te wa yuei ayen Aizik. M le basi ate mi ale wa nɔiyeŋka a zaani ate ka chim nɔiyeŋ kaai ale kaa kpeglim a te wa ŋaaŋbisaŋa ale bo wa ŋaaŋ cheen la.","When Abraham was old, his wife Sarah was also old. God had promised Abraham that Sarah would have a son, and she did give birth to Isaac. But Sarah was afraid that Isaac would be killed because he was the only son. So she told Abraham to take Isaac and go to a place where no one knew them, and there they would be safe.",onesimus_7C821E01_Dec 01 output,,27.98777275130583,8.657107714332325,4.5540796963946875
Jacob cut branches from some poplar trees and from some almond and evergreen trees. He peeled off part of the bark and made the branches look spotted and speckled.,"Jekob yaa pai niak tiib ale almond tiib ale dapeelita tiib naŋ yɔgsisa ate ba che la a po, a yaa pai daataŋa ate wa poa ate ŋa peenti la a dueni peelim.","Jacob went to buy almonds, dates, and figs. He wanted to make a cake for his friend, but he didn't have enough money.",onesimus_7C821E01_Dec 01 output,,19.275813512367698,8.657107714332325,4.5540796963946875
"As Jacob was on his way back home, some of God's angels came and met him.","Jekob mɛ yaa lɔ wa suik po a cheŋ, ate Wen maarɔma yaa tu wa suik.","Jacob is going to the farm to plant corn, but Wen wants to go to the farm too.",onesimus_7C821E01_Dec 01 output,,15.205005073046129,8.657107714332325,4.5540796963946875
"So they called the place Beersheba, because they made a treaty there.","Ate ba yaa wi dula ayen Beerseba, dii nyiŋla nuruba baye ale pɛ dula jigini.","He went to Beersheba, and the Lord appeared to him by the well of the oaks.",output_jonathan,0.4225398,29.18351257881358,8.657107714332325,4.5540796963946875
"After Jacob came back to the land of Canaan, God appeared to him again. This time he gave Jacob a new name and blessed him by saying: I am God All-Powerful, and from now on your name will be Israel instead of Jacob. You will have many children. Your descendants will become nations, and some of the men in your family will even be kings.","Ate Wen yaa weeni wa ayen, <<Mi le Wen Dii Ale A Niak La. Be biak a piisi. Fi ka tɛŋ kpieŋ ale tɛŋsa ate nuruba a sueri si po, ate nalima ale nyini fi nyiŋ po a nyini.","The old woman said to her daughter, ""Go and fetch me some water. I want to drink. If you see a big snake near the water, don't be afraid. Just go and fetch the water.""",output_jonathan,0.092537865,14.04182939663745,8.657107714332325,4.5540796963946875
"Oholibamah, Elah, Pinon,",Oyolibama ale Elaya ale Pinon ale,"Oyolibama, Elaya, and Pinon",output_jonathan,0.71173775,43.24038664838624,8.657107714332325,4.5540796963946875
I ask the Lord my God to bless Shem and make Canaan his slave.,"Wa ŋman weeni ayen, <<Niauŋ a bo Naawen jigi, Sɛm Wenni. Keenan ale chim ka Sɛm yɔma.","The man said, ""I saw Naawen's daughter, Sɛm Wenni. Keenan also saw Sɛm yesterday.""",output_jonathan,0.2434851,17.46891865790435,8.657107714332325,4.5540796963946875
"The first one is the Pishon River that flows through the land of Havilah,","Dii ale dɛ niŋ la yuei ale Pison, di chali va ka Yavila tɛŋka po a taam. Ligmɔniŋ ale jam bo du la.",The people of the village went to the market to buy fish. They returned home in the evening.,output_jonathan,0.16013591,19.172075395125425,8.657107714332325,4.5540796963946875
So God created humans to be like himself; he made men and women.,"Dila Wen yaa nye nuru ase wadek la, wadek ale ka diila ate wa nye wa, nidoa ale nipok ate wa nye.",,output_JA-2,,,8.657107714332325,4.5540796963946875
Noah did everything God told him to do.,Nowa yaa nye dii meena ti Wen weeni wa la.,,output_JA-2,,,8.657107714332325,4.5540796963946875
"But God answered: No! You and Sarah will have a son. His name will be Isaac, and I will make an everlasting promise to him and his descendants.","Wen yaa weeni Abrayam ayen, m siak ya, alege fi powa Saara ale biak nidoabili ate fi te wa yuei ayen Aizik. M le basi ate mi ale wa nɔiyeŋka a zaani ate ka chim nɔiyeŋ kaai ale kaa kpeglim a te wa ŋaaŋbisaŋa ale bo wa ŋaaŋ cheen la.",,output_JA-2,,,8.657107714332325,4.5540796963946875
Jacob cut branches from some poplar trees and from some almond and evergreen trees. He peeled off part of the bark and made the branches look spotted and speckled.,"Jekob yaa pai niak tiib ale almond tiib ale dapeelita tiib naŋ yɔgsisa ate ba che la a po, a yaa pai daataŋa ate wa poa ate ŋa peenti la a dueni peelim.",,output_JA-2,,,8.657107714332325,4.5540796963946875
"As Jacob was on his way back home, some of God's angels came and met him.","Jekob mɛ yaa lɔ wa suik po a cheŋ, ate Wen maarɔma yaa tu wa suik.",,output_JA-2,,,8.657107714332325,4.5540796963946875
So God created humans to be like himself; he made men and women.,"Dila Wen yaa nye nuru ase wadek la, wadek ale ka diila ate wa nye wa, nidoa ale nipok ate wa nye.","I will go to the river to bathe, then I will come back home, and then I will eat.",gerhardt_8019BE0D_output_WsImHC,,16.414165227642602,8.657107714332325,4.5540796963946875
Noah did everything God told him to do.,Nowa yaa nye dii meena ti Wen weeni wa la.,Nowa is going to the market to buy meat.,gerhardt_8019BE0D_output_WsImHC,,14.198028673835125,8.657107714332325,4.5540796963946875
"But God answered: No! You and Sarah will have a son. His name will be Isaac, and I will make an everlasting promise to him and his descendants.","Wen yaa weeni Abrayam ayen, m siak ya, alege fi powa Saara ale biak nidoabili ate fi te wa yuei ayen Aizik. M le basi ate mi ale wa nɔiyeŋka a zaani ate ka chim nɔiyeŋ kaai ale kaa kpeglim a te wa ŋaaŋbisaŋa ale bo wa ŋaaŋ cheen la.","When Abraham was old, he and Sarah his wife were barren. But God visited Sarah, and she conceived and bore a son for Abraham in his old age, Isaac. And Abraham circumcised his son Isaac when he was eight days old, as God had commanded him.",gerhardt_8019BE0D_output_WsImHC,,27.69141959304948,8.657107714332325,4.5540796963946875
Jacob cut branches from some poplar trees and from some almond and evergreen trees. He peeled off part of the bark and made the branches look spotted and speckled.,"Jekob yaa pai niak tiib ale almond tiib ale dapeelita tiib naŋ yɔgsisa ate ba che la a po, a yaa pai daataŋa ate wa poa ate ŋa peenti la a dueni peelim.","Jacob went to the market to buy almonds, dates, and dried mangoes. He also wanted to buy some fish, but they were too expensive.",gerhardt_8019BE0D_output_WsImHC,,21.97217426795009,8.657107714332325,4.5540796963946875
"As Jacob was on his way back home, some of God's angels came and met him.","Jekob mɛ yaa lɔ wa suik po a cheŋ, ate Wen maarɔma yaa tu wa suik.","Jacob is going to the farm to plant corn, but Wen wants to go to the farm too.",gerhardt_8019BE0D_output_WsImHC,,15.205005073046129,8.657107714332325,4.5540796963946875
So God created humans to be like himself; he made men and women.,"Dila Wen yaa nye nuru ase wadek la, wadek ale ka diila ate wa nye wa, nidoa ale nipok ate wa nye.","I am going to tell you a story, a story that happened to me, listen carefully to what I am going to say.",Dec 02 output,,15.310953391052607,8.657107714332325,4.5540796963946875
Noah did everything God told him to do.,Nowa yaa nye dii meena ti Wen weeni wa la.,Nowa is going to the market to buy meat.,Dec 02 output,,14.198028673835125,8.657107714332325,4.5540796963946875
"But God answered: No! You and Sarah will have a son. His name will be Isaac, and I will make an everlasting promise to him and his descendants.","Wen yaa weeni Abrayam ayen, m siak ya, alege fi powa Saara ale biak nidoabili ate fi te wa yuei ayen Aizik. M le basi ate mi ale wa nɔiyeŋka a zaani ate ka chim nɔiyeŋ kaai ale kaa kpeglim a te wa ŋaaŋbisaŋa ale bo wa ŋaaŋ cheen la.","When Abraham was old, his wife Sarah was also old. God had stopped her from having children. But God said to Abraham, ""Sarah will have a son, and you will name him Isaac."" Abraham believed God, and Sarah became pregnant and gave birth to a son. Abraham circumcised his son Isaac when he was eight days old, as God had commanded him.",Dec 02 output,,33.3110166424546,8.657107714332325,4.5540796963946875
Jacob cut branches from some poplar trees and from some almond and evergreen trees. He peeled off part of the bark and made the branches look spotted and speckled.,"Jekob yaa pai niak tiib ale almond tiib ale dapeelita tiib naŋ yɔgsisa ate ba che la a po, a yaa pai daataŋa ate wa poa ate ŋa peenti la a dueni peelim.","Jacob went to buy almonds, dates, and figs. He also bought some bread and cheese, and he ate them all.",Dec 02 output,,21.422175970416703,8.657107714332325,4.5540796963946875
"As Jacob was on his way back home, some of God's angels came and met him.","Jekob mɛ yaa lɔ wa suik po a cheŋ, ate Wen maarɔma yaa tu wa suik.","Jacob is going to the market to buy some sugar, but Wen is also going to the market.",Dec 02 output,,18.294676816497297,8.657107714332325,4.5540796963946875
So God created humans to be like himself; he made men and women.,"Dila Wen yaa nye nuru ase wadek la, wadek ale ka diila ate wa nye wa, nidoa ale nipok ate wa nye.","I am telling you the truth, the truth is that I will not go, I will stay here with you.",john_567A83BD_output (1),,11.518003229324693,8.657107714332325,4.5540796963946875
Noah did everything God told him to do.,Nowa yaa nye dii meena ti Wen weeni wa la.,Nowa is going to bring meena to Wen weeni's house.,john_567A83BD_output (1),,12.926726691505069,8.657107714332325,4.5540796963946875
"But God answered: No! You and Sarah will have a son. His name will be Isaac, and I will make an everlasting promise to him and his descendants.","Wen yaa weeni Abrayam ayen, m siak ya, alege fi powa Saara ale biak nidoabili ate fi te wa yuei ayen Aizik. M le basi ate mi ale wa nɔiyeŋka a zaani ate ka chim nɔiyeŋ kaai ale kaa kpeglim a te wa ŋaaŋbisaŋa ale bo wa ŋaaŋ cheen la.","When Abraham was old, his wife Sarah was also old. God had promised them a son, but Sarah was barren. So God blessed Sarah, and she conceived and bore a son for Abraham in his old age. Abraham named his son Isaac. God blessed Isaac, and he grew and became strong. He became a great hunter and a skilled archer.",john_567A83BD_output (1),,29.25062026820863,8.657107714332325,4.5540796963946875
Jacob cut branches from some poplar trees and from some almond and evergreen trees. He peeled off part of the bark and made the branches look spotted and speckled.,"Jekob yaa pai niak tiib ale almond tiib ale dapeelita tiib naŋ yɔgsisa ate ba che la a po, a yaa pai daataŋa ate wa poa ate ŋa peenti la a dueni peelim.","Jacob went to the market to buy almonds, dates, and dried mangoes. He bought a lot of dates and a little bit of dried mangoes, but he didn't buy any almonds.",john_567A83BD_output (1),,23.50615609332248,8.657107714332325,4.5540796963946875
"As Jacob was on his way back home, some of God's angels came and met him.","Jekob mɛ yaa lɔ wa suik po a cheŋ, ate Wen maarɔma yaa tu wa suik.","Jacob is going to the market to buy some sugar, but Wen wants to go to the market too.",john_567A83BD_output (1),,17.672818702453412,8.657107714332325,4.5540796963946875
So God created humans to be like himself; he made men and women.,"Dila Wen yaa nye nuru ase wadek la, wadek ale ka diila ate wa nye wa, nidoa ale nipok ate wa nye.","I am going to the farm to work, I will come back when I am done, don't wait for me.",john_AA1B9A68_output (9),,14.451371754950399,8.657107714332325,4.5540796963946875
Noah did everything God told him to do.,Nowa yaa nye dii meena ti Wen weeni wa la.,Nowa is going to give meena to Wen weeni.,john_AA1B9A68_output (9),,13.07377541151504,8.657107714332325,4.5540796963946875
"But God answered: No! You and Sarah will have a son. His name will be Isaac, and I will make an everlasting promise to him and his descendants.","Wen yaa weeni Abrayam ayen, m siak ya, alege fi powa Saara ale biak nidoabili ate fi te wa yuei ayen Aizik. M le basi ate mi ale wa nɔiyeŋka a zaani ate ka chim nɔiyeŋ kaai ale kaa kpeglim a te wa ŋaaŋbisaŋa ale bo wa ŋaaŋ cheen la.","When Abraham was old, his wife Sarah was also old. God had stopped Sarah from having children, but God promised Abraham that Sarah would have a son, and she would name him Isaac. God blessed Sarah, and she became pregnant and gave birth to a son, and Abraham named him Isaac. Abraham circumcised his son Isaac when he was eight days old, as God had commanded him.",john_AA1B9A68_output (9),,27.5824432245544,8.657107714332325,4.5540796963946875
Jacob cut branches from some poplar trees and from some almond and evergreen trees. He peeled off part of the bark and made the branches look spotted and speckled.,"Jekob yaa pai niak tiib ale almond tiib ale dapeelita tiib naŋ yɔgsisa ate ba che la a po, a yaa pai daataŋa ate wa poa ate ŋa peenti la a dueni peelim.","Jacob went to buy some almonds, some dates, and some figs. He wanted to make a cake for his friend, but he didn't have enough money.",john_AA1B9A68_output (9),,23.882118477828254,8.657107714332325,4.5540796963946875
"As Jacob was on his way back home, some of God's angels came and met him.","Jekob mɛ yaa lɔ wa suik po a cheŋ, ate Wen maarɔma yaa tu wa suik.","Jacob went to the farm to plant corn, but Wen went to the farm to harvest corn.",john_AA1B9A68_output (9),,15.723116636200901,8.657107714332325,4.5540796963946875
So God created humans to be like himself; he made men and women.,"Dila Wen yaa nye nuru ase wadek la, wadek ale ka diila ate wa nye wa, nidoa ale nipok ate wa nye.","I am going to tell you a story, a story that happened to me, listen carefully.",Dec 07 output,,15.16058556743097,8.657107714332325,4.5540796963946875
Noah did everything God told him to do.,Nowa yaa nye dii meena ti Wen weeni wa la.,Nowa is going to buy some meat at the market.,Dec 07 output,,13.324280743681841,8.657107714332325,4.5540796963946875
"But God answered: No! You and Sarah will have a son. His name will be Isaac, and I will make an everlasting promise to him and his descendants.","Wen yaa weeni Abrayam ayen, m siak ya, alege fi powa Saara ale biak nidoabili ate fi te wa yuei ayen Aizik. M le basi ate mi ale wa nɔiyeŋka a zaani ate ka chim nɔiyeŋ kaai ale kaa kpeglim a te wa ŋaaŋbisaŋa ale bo wa ŋaaŋ cheen la.","When Abraham was old, his wife Sarah was also old. God had promised them a son, but Sarah was unable to have children. So God performed a miracle and Sarah became pregnant and gave birth to Isaac. I will tell you about the miracle that God performed for them.",Dec 07 output,,29.37103632798126,8.657107714332325,4.5540796963946875
Jacob cut branches from some poplar trees and from some almond and evergreen trees. He peeled off part of the bark and made the branches look spotted and speckled.,"Jekob yaa pai niak tiib ale almond tiib ale dapeelita tiib naŋ yɔgsisa ate ba che la a po, a yaa pai daataŋa ate wa poa ate ŋa peenti la a dueni peelim.","Jacob went to the market to buy almonds, dates, and dried figs. He also bought some spices and a pot.",Dec 07 output,,20.647605480973986,8.657107714332325,4.5540796963946875
"As Jacob was on his way back home, some of God's angels came and met him.","Jekob mɛ yaa lɔ wa suik po a cheŋ, ate Wen maarɔma yaa tu wa suik.","Jacob is going to the farm to plant corn, but Wen is going to the farm to harvest corn.",Dec 07 output,,15.06488479071665,8.657107714332325,4.5540796963946875
So God created humans to be like himself; he made men and women.,"Dila Wen yaa nye nuru ase wadek la, wadek ale ka diila ate wa nye wa, nidoa ale nipok ate wa nye.","I am telling you the truth, the truth is that I am not lying to you, I am telling you the truth.",Dec 10 output,,12.41517100589278,8.657107714332325,4.5540796963946875
Noah did everything God told him to do.,Nowa yaa nye dii meena ti Wen weeni wa la.,Nowa is going to give meena to Wen weeni.,Dec 10 output,,13.07377541151504,8.657107714332325,4.5540796963946875
"But God answered: No! You and Sarah will have a son. His name will be Isaac, and I will make an everlasting promise to him and his descendants.","Wen yaa weeni Abrayam ayen, m siak ya, alege fi powa Saara ale biak nidoabili ate fi te wa yuei ayen Aizik. M le basi ate mi ale wa nɔiyeŋka a zaani ate ka chim nɔiyeŋ kaai ale kaa kpeglim a te wa ŋaaŋbisaŋa ale bo wa ŋaaŋ cheen la.","When Abraham was old, he and Sarah his wife were barren. But God visited Sarah and she conceived and bore a son for Abraham in his old age, Isaac. And Abraham circumcised his son Isaac when he was eight days old, as God had commanded him.",Dec 10 output,,27.475286939500343,8.657107714332325,4.5540796963946875
Jacob cut branches from some poplar trees and from some almond and evergreen trees. He peeled off part of the bark and made the branches look spotted and speckled.,"Jekob yaa pai niak tiib ale almond tiib ale dapeelita tiib naŋ yɔgsisa ate ba che la a po, a yaa pai daataŋa ate wa poa ate ŋa peenti la a dueni peelim.","Jacob went to buy almonds, dates, and dried apricots. He wanted to make a special dish for his family to eat.",Dec 10 output,,18.394560082731385,8.657107714332325,4.5540796963946875
"As Jacob was on his way back home, some of God's angels came and met him.","Jekob mɛ yaa lɔ wa suik po a cheŋ, ate Wen maarɔma yaa tu wa suik.","Jacob is going to the market to buy fish, but Wen wants to go to the market too.",Dec 10 output,,15.94846412303243,8.657107714332325,4.5540796963946875
So God created humans to be like himself; he made men and women.,"Dila Wen yaa nye nuru ase wadek la, wadek ale ka diila ate wa nye wa, nidoa ale nipok ate wa nye.","I am going to tell you a story, a story that happened to me, listen carefully to what I am going to say.",john_7781CD93_output (6),,15.310953391052607,8.657107714332325,4.5540796963946875
Noah did everything God told him to do.,Nowa yaa nye dii meena ti Wen weeni wa la.,Nowa is going to give meena to Wen weeni's mother.,john_7781CD93_output (6),,15.437317781721404,8.657107714332325,4.5540796963946875
"But God answered: No! You and Sarah will have a son. His name will be Isaac, and I will make an everlasting promise to him and his descendants.","Wen yaa weeni Abrayam ayen, m siak ya, alege fi powa Saara ale biak nidoabili ate fi te wa yuei ayen Aizik. M le basi ate mi ale wa nɔiyeŋka a zaani ate ka chim nɔiyeŋ kaai ale kaa kpeglim a te wa ŋaaŋbisaŋa ale bo wa ŋaaŋ cheen la.","When Abraham was old, his wife Sarah was barren. But God gave Sarah strength, and she conceived and bore a son, Isaac. And Abraham circumcised him on the eighth day, as God had commanded him.",john_7781CD93_output (6),,27.030103418564984,8.657107714332325,4.5540796963946875
Jacob cut branches from some poplar trees and from some almond and evergreen trees. He peeled off part of the bark and made the branches look spotted and speckled.,"Jekob yaa pai niak tiib ale almond tiib ale dapeelita tiib naŋ yɔgsisa ate ba che la a po, a yaa pai daataŋa ate wa poa ate ŋa peenti la a dueni peelim.","Jacob went to buy almonds, dates, and dried figs. He wanted to make a cake for his mother because she was sick.",john_7781CD93_output (6),,18.62541015029964,8.657107714332325,4.5540796963946875
"As Jacob was on his way back home, some of God's angels came and met him.","Jekob mɛ yaa lɔ wa suik po a cheŋ, ate Wen maarɔma yaa tu wa suik.","Jacob is going to the farm to plant corn, but Wen wants to go to the farm too.",john_7781CD93_output (6),,15.205005073046129,8.657107714332325,4.5540796963946875
So God created humans to be like himself; he made men and women.,"Dila Wen yaa nye nuru ase wadek la, wadek ale ka diila ate wa nye wa, nidoa ale nipok ate wa nye.","I am going to the farm to work, I will come back home when I finish, and then we will eat together.",gerhardt_25FFCBF7_output_DdErIM,,16.993700566416198,8.657107714332325,4.5540796963946875
Noah did everything God told him to do.,Nowa yaa nye dii meena ti Wen weeni wa la.,Nowa is going to give meena to Wen weeni's mother.,gerhardt_25FFCBF7_output_DdErIM,,15.437317781721404,8.657107714332325,4.5540796963946875
"But God answered: No! You and Sarah will have a son. His name will be Isaac, and I will make an everlasting promise to him and his descendants.","Wen yaa weeni Abrayam ayen, m siak ya, alege fi powa Saara ale biak nidoabili ate fi te wa yuei ayen Aizik. M le basi ate mi ale wa nɔiyeŋka a zaani ate ka chim nɔiyeŋ kaai ale kaa kpeglim a te wa ŋaaŋbisaŋa ale bo wa ŋaaŋ cheen la.","When Abraham was old, his wife Sarah was also old. God had promised Abraham that Sarah would have a son, and she did have a son when she was very old. Abraham named him Isaac. Abraham circumcised Isaac when he was eight days old, as God had commanded him.",gerhardt_25FFCBF7_output_DdErIM,,27.541734080782387,8.657107714332325,4.5540796963946875
Jacob cut branches from some poplar trees and from some almond and evergreen trees. He peeled off part of the bark and made the branches look spotted and speckled.,"Jekob yaa pai niak tiib ale almond tiib ale dapeelita tiib naŋ yɔgsisa ate ba che la a po, a yaa pai daataŋa ate wa poa ate ŋa peenti la a dueni peelim.","Jacob went to the market to buy almonds, dates, and dried figs. He also bought some meat and some onions.",gerhardt_25FFCBF7_output_DdErIM,,20.237609245636097,8.657107714332325,4.5540796963946875
"As Jacob was on his way back home, some of God's angels came and met him.","Jekob mɛ yaa lɔ wa suik po a cheŋ, ate Wen maarɔma yaa tu wa suik.","Jacob went to the market to buy some salt, but Wen also went to the market to buy salt.",gerhardt_25FFCBF7_output_DdErIM,,18.7897687812178,8.657107714332325,4.5540796963946875
So God created humans to be like himself; he made men and women.,"Dila Wen yaa nye nuru ase wadek la, wadek ale ka diila ate wa nye wa, nidoa ale nipok ate wa nye.","I am telling you the truth, the truth is that I am going to die, I am going to die and leave you behind.",output_mich003,,16.527776841887725,8.657107714332325,4.5540796963946875
Noah did everything God told him to do.,Nowa yaa nye dii meena ti Wen weeni wa la.,Nowa is going to give meena to Wen weeni.,output_mich003,,13.07377541151504,8.657107714332325,4.5540796963946875
"But God answered: No! You and Sarah will have a son. His name will be Isaac, and I will make an everlasting promise to him and his descendants.","Wen yaa weeni Abrayam ayen, m siak ya, alege fi powa Saara ale biak nidoabili ate fi te wa yuei ayen Aizik. M le basi ate mi ale wa nɔiyeŋka a zaani ate ka chim nɔiyeŋ kaai ale kaa kpeglim a te wa ŋaaŋbisaŋa ale bo wa ŋaaŋ cheen la.","When Abraham was old, his wife Sarah was barren and unable to conceive. But God was faithful to his promise and gave them a son, Isaac. He was born when Abraham was a hundred years old and Sarah ninety.",output_mich003,,30.9240618821005,8.657107714332325,4.5540796963946875
Jacob cut branches from some poplar trees and from some almond and evergreen trees. He peeled off part of the bark and made the branches look spotted and speckled.,"Jekob yaa pai niak tiib ale almond tiib ale dapeelita tiib naŋ yɔgsisa ate ba che la a po, a yaa pai daataŋa ate wa poa ate ŋa peenti la a dueni peelim.","Jacob went to the store to buy almonds, dates, and raisins. He also bought some bread and cheese.",output_mich003,,20.573575159783243,8.657107714332325,4.5540796963946875
"As Jacob was on his way back home, some of God's angels came and met him.","Jekob mɛ yaa lɔ wa suik po a cheŋ, ate Wen maarɔma yaa tu wa suik.","Jacob is going to the market to buy sugar, but Wen wants to go to the market too.",output_mich003,,15.61260248360418,8.657107714332325,4.5540796963946875
So God created humans to be like himself; he made men and women.,"Dila Wen yaa nye nuru ase wadek la, wadek ale ka diila ate wa nye wa, nidoa ale nipok ate wa nye.","I am going to the market to buy food, I will buy rice and fish for us to eat.",output_JA-6,,17.328971951330264,8.657107714332325,4.5540796963946875
Noah did everything God told him to do.,Nowa yaa nye dii meena ti Wen weeni wa la.,Nowa is going to bring meena to Wen weeni's house.,output_JA-6,,12.926726691505069,8.657107714332325,4.5540796963946875
"But God answered: No! You and Sarah will have a son. His name will be Isaac, and I will make an everlasting promise to him and his descendants.","Wen yaa weeni Abrayam ayen, m siak ya, alege fi powa Saara ale biak nidoabili ate fi te wa yuei ayen Aizik. M le basi ate mi ale wa nɔiyeŋka a zaani ate ka chim nɔiyeŋ kaai ale kaa kpeglim a te wa ŋaaŋbisaŋa ale bo wa ŋaaŋ cheen la.","When Abraham was old, his wife Sarah was also old. God had promised Sarah that she would have a child, but she was too old to have a baby. God kept his promise and Sarah gave birth to a son named Isaac. Abraham was very happy and he named the baby Isaac. He circumcised Isaac when he was eight days old, just as God had commanded him to do.",output_JA-6,,27.25991987345201,8.657107714332325,4.5540796963946875
Jacob cut branches from some poplar trees and from some almond and evergreen trees. He peeled off part of the bark and made the branches look spotted and speckled.,"Jekob yaa pai niak tiib ale almond tiib ale dapeelita tiib naŋ yɔgsisa ate ba che la a po, a yaa pai daataŋa ate wa poa ate ŋa peenti la a dueni peelim.","Jacob went to buy almonds, dates, and dried figs. He also bought some meat and bread.",output_JA-6,,17.33641082208123,8.657107714332325,4.5540796963946875
"As Jacob was on his way back home, some of God's angels came and met him.","Jekob mɛ yaa lɔ wa suik po a cheŋ, ate Wen maarɔma yaa tu wa suik.","Jacob went to the market to buy fish, but Wen also went to the market to buy fish.",output_JA-6,,17.313848260259874,8.657107714332325,4.5540796963946875
So God created humans to be like himself; he made men and women.,"Dila Wen yaa nye nuru ase wadek la, wadek ale ka diila ate wa nye wa, nidoa ale nipok ate wa nye.","I am going to the farm to work, I will come back when I finish, don't worry about me.",Dec 03 output,,14.293151363244668,8.657107714332325,4.5540796963946875
Noah did everything God told him to do.,Nowa yaa nye dii meena ti Wen weeni wa la.,Nowa is going to bring meena to Wen weeni's house.,Dec 03 output,,12.926726691505069,8.657107714332325,4.5540796963946875
"But God answered: No! You and Sarah will have a son. His name will be Isaac, and I will make an everlasting promise to him and his descendants.","Wen yaa weeni Abrayam ayen, m siak ya, alege fi powa Saara ale biak nidoabili ate fi te wa yuei ayen Aizik. M le basi ate mi ale wa nɔiyeŋka a zaani ate ka chim nɔiyeŋ kaai ale kaa kpeglim a te wa ŋaaŋbisaŋa ale bo wa ŋaaŋ cheen la.","When Abraham was old, his wife Sarah was barren and unable to conceive. But God promised him that Sarah would bear a son, and she did give birth to Isaac. He circumcised him on the eighth day, as God had commanded him.",Dec 03 output,,28.42744432656506,8.657107714332325,4.5540796963946875
Jacob cut branches from some poplar trees and from some almond and evergreen trees. He peeled off part of the bark and made the branches look spotted and speckled.,"Jekob yaa pai niak tiib ale almond tiib ale dapeelita tiib naŋ yɔgsisa ate ba che la a po, a yaa pai daataŋa ate wa poa ate ŋa peenti la a dueni peelim.","Jacob went to buy almonds, dates, and dried apricots. He wanted to make a cake, but he didn't have enough flour.",Dec 03 output,,18.96698338147979,8.657107714332325,4.5540796963946875
"As Jacob was on his way back home, some of God's angels came and met him.","Jekob mɛ yaa lɔ wa suik po a cheŋ, ate Wen maarɔma yaa tu wa suik.","Jacob is going to the farm to get some food, but Wen is also going to the farm.",Dec 03 output,,18.907162736439524,8.657107714332325,4.5540796963946875
So God created humans to be like himself; he made men and women.,"Dila Wen yaa nye nuru ase wadek la, wadek ale ka diila ate wa nye wa, nidoa ale nipok ate wa nye.","I am telling you the truth, the truth is that I will not go, I will stay here with you.",Dec 09 output,,11.518003229324693,8.657107714332325,4.5540796963946875
Noah did everything God told him to do.,Nowa yaa nye dii meena ti Wen weeni wa la.,Nowa is going to give meena to Wen weeni.,Dec 09 output,,13.07377541151504,8.657107714332325,4.5540796963946875
"But God answered: No! You and Sarah will have a son. His name will be Isaac, and I will make an everlasting promise to him and his descendants.","Wen yaa weeni Abrayam ayen, m siak ya, alege fi powa Saara ale biak nidoabili ate fi te wa yuei ayen Aizik. M le basi ate mi ale wa nɔiyeŋka a zaani ate ka chim nɔiyeŋ kaai ale kaa kpeglim a te wa ŋaaŋbisaŋa ale bo wa ŋaaŋ cheen la.","When Abraham was old, the Lord blessed Sarah his wife, and she conceived and bore a son to Abraham in his old age, Isaac. And Abraham circumcised his son Isaac when he was eight days old, as God had commanded him.",Dec 09 output,,25.007631543086006,8.657107714332325,4.5540796963946875
Jacob cut branches from some poplar trees and from some almond and evergreen trees. He peeled off part of the bark and made the branches look spotted and speckled.,"Jekob yaa pai niak tiib ale almond tiib ale dapeelita tiib naŋ yɔgsisa ate ba che la a po, a yaa pai daataŋa ate wa poa ate ŋa peenti la a dueni peelim.","Jacob went to the market to buy almonds, dates, and dried apricots. He also bought some bread and cheese.",Dec 09 output,,21.5416496959062,8.657107714332325,4.5540796963946875
"As Jacob was on his way back home, some of God's angels came and met him.","Jekob mɛ yaa lɔ wa suik po a cheŋ, ate Wen maarɔma yaa tu wa suik.","Jacob is going to the market to buy food, but Wen is going to the market to sell food.",Dec 09 output,,15.680468980271975,8.657107714332325,4.5540796963946875
Why don't you start letting your families marry into our families and ours marry into yours?,"Ni te ate ti a faari chaab lieba. Ni pai ni liema a te ti, abe tama mɛ a pai ti liema a te ni.","You are the one who will make the good food. You will give it to me, and I will give it to my father.",output_onesimus007,0.28316852,13.86516541582859,8.657107714332325,4.5540796963946875
"the Hittites, the Perizzites, the Rephaites,","ale Yit demma ale Perizzi demma ale Arefa demma,","They are the children of Yit, they are the children of Perizzi, they are the children of Arefa",output_onesimus007,0.42865917,24.219487469270877,8.657107714332325,4.5540796963946875
"and Abimelech asked, “Why have you done this?”","ate Abimelek a bek Abrayam ayen, <<Pasaa ŋayopɔiwa de ate fi gaari la kiri ale boa?>>","Abimelek asked Abraham, ""Why did you say that Sarah was your sister?""",output_onesimus007,0.52496046,29.64381715169585,8.657107714332325,4.5540796963946875
"Ishmael had settled in the land east of his brothers, and his sons settled everywhere from Havilah to Shur, east of Egypt on the way to Asshur. Ishmael was","Wa ŋaaŋbisaŋa a jam kali ka Yavila tɛŋka a ga paari Sur, a moata Ejipiti banni, ase fi nin tuak Assur geŋka. Ba jam ta ka nyeka tuem ale ba suataŋa ba boka po meena.","The people of Yavila were strong and they went to war against Sur, and they conquered Egypt, and they became like Assur, who was strong. They were strong and they were many, and they were like the locusts that cover the land.",output_onesimus007,0.4165756,25.18443802405324,8.657107714332325,4.5540796963946875
"After Jacob had spent the night there, he chose some animals as gifts for Esau:","Wa bo ka dula yokku meena, ate wa le ta ŋan baai la, wa yaa yeeri ŋa po ate ku chim tiirim a ta cheŋ ga te wa suoku Iisɔ.","If you want to live long, don't eat too much, and always be thankful to God.",output_onesimus007,0.045503654,12.514591609459188,8.657107714332325,4.5540796963946875
So God created humans to be like himself; he made men and women.,"Dila Wen yaa nye nuru ase wadek la, wadek ale ka diila ate wa nye wa, nidoa ale nipok ate wa nye.","I am going to the market to buy some food, and then I will come back home.",john_1C6E69D4_output (8),,19.268213913852517,8.657107714332325,4.5540796963946875
Noah did everything God told him to do.,Nowa yaa nye dii meena ti Wen weeni wa la.,Nowa is going to give meena to Wen weeni's mother.,john_1C6E69D4_output (8),,15.437317781721404,8.657107714332325,4.5540796963946875
"But God answered: No! You and Sarah will have a son. His name will be Isaac, and I will make an everlasting promise to him and his descendants.","Wen yaa weeni Abrayam ayen, m siak ya, alege fi powa Saara ale biak nidoabili ate fi te wa yuei ayen Aizik. M le basi ate mi ale wa nɔiyeŋka a zaani ate ka chim nɔiyeŋ kaai ale kaa kpeglim a te wa ŋaaŋbisaŋa ale bo wa ŋaaŋ cheen la.","When Abraham was old, his wife Sarah was also old. God had blessed Sarah and she conceived and bore a son for Abraham in his old age, Isaac. He circumcised him on the eighth day, as God had commanded him.",john_1C6E69D4_output (8),,24.935754241167174,8.657107714332325,4.5540796963946875
Jacob cut branches from some poplar trees and from some almond and evergreen trees. He peeled off part of the bark and made the branches look spotted and speckled.,"Jekob yaa pai niak tiib ale almond tiib ale dapeelita tiib naŋ yɔgsisa ate ba che la a po, a yaa pai daataŋa ate wa poa ate ŋa peenti la a dueni peelim.","Jacob went to the market to buy almonds, dates, and dried figs. He wanted to make a cake for his friend, but he didn't have enough money.",john_1C6E69D4_output (8),,21.1082903642643,8.657107714332325,4.5540796963946875
"As Jacob was on his way back home, some of God's angels came and met him.","Jekob mɛ yaa lɔ wa suik po a cheŋ, ate Wen maarɔma yaa tu wa suik.","Jacob is going to the farm to plant corn, but Wen is going to the farm to harvest corn.",john_1C6E69D4_output (8),,15.06488479071665,8.657107714332325,4.5540796963946875
So God created humans to be like himself; he made men and women.,"Dila Wen yaa nye nuru ase wadek la, wadek ale ka diila ate wa nye wa, nidoa ale nipok ate wa nye.","I am going to the farm to work, I will come back when I am done, don't wait for me.",output_johnayernor,,14.451371754950399,8.657107714332325,4.5540796963946875
Noah did everything God told him to do.,Nowa yaa nye dii meena ti Wen weeni wa la.,Nowa is going to the market with her mother.,output_johnayernor,,14.864650690676012,8.657107714332325,4.5540796963946875
"But God answered: No! You and Sarah will have a son. His name will be Isaac, and I will make an everlasting promise to him and his descendants.","Wen yaa weeni Abrayam ayen, m siak ya, alege fi powa Saara ale biak nidoabili ate fi te wa yuei ayen Aizik. M le basi ate mi ale wa nɔiyeŋka a zaani ate ka chim nɔiyeŋ kaai ale kaa kpeglim a te wa ŋaaŋbisaŋa ale bo wa ŋaaŋ cheen la.","When Abraham was old, his wife Sarah was barren. But God was faithful to his promise and gave them a son, Isaac. I will bless you and make your descendants as numerous as the stars in the sky and as the sand on the seashore.",output_johnayernor,,37.00133360784517,8.657107714332325,4.5540796963946875
Jacob cut branches from some poplar trees and from some almond and evergreen trees. He peeled off part of the bark and made the branches look spotted and speckled.,"Jekob yaa pai niak tiib ale almond tiib ale dapeelita tiib naŋ yɔgsisa ate ba che la a po, a yaa pai daataŋa ate wa poa ate ŋa peenti la a dueni peelim.","Jacob went to buy some almonds, some dates, and some figs. He went to the market and bought them all. He then went home.",output_johnayernor,,22.956029524811036,8.657107714332325,4.5540796963946875
"As Jacob was on his way back home, some of God's angels came and met him.","Jekob mɛ yaa lɔ wa suik po a cheŋ, ate Wen maarɔma yaa tu wa suik.","Jacob is going to the market to buy fish, but Wen is going to the market to buy meat.",output_johnayernor,,16.02169568185238,8.657107714332325,4.5540796963946875
So God created humans to be like himself; he made men and women.,"Dila Wen yaa nye nuru ase wadek la, wadek ale ka diila ate wa nye wa, nidoa ale nipok ate wa nye.","I am going to the river to bathe, bathe and then I will come back home, I will eat and then I will sleep.",Dec 11 output,,17.060678217337415,8.657107714332325,4.5540796963946875
Noah did everything God told him to do.,Nowa yaa nye dii meena ti Wen weeni wa la.,"Nowa, you should go and see the doctor.",Dec 11 output,,14.684139784946238,8.657107714332325,4.5540796963946875
"But God answered: No! You and Sarah will have a son. His name will be Isaac, and I will make an everlasting promise to him and his descendants.","Wen yaa weeni Abrayam ayen, m siak ya, alege fi powa Saara ale biak nidoabili ate fi te wa yuei ayen Aizik. M le basi ate mi ale wa nɔiyeŋka a zaani ate ka chim nɔiyeŋ kaai ale kaa kpeglim a te wa ŋaaŋbisaŋa ale bo wa ŋaaŋ cheen la.","When Abraham was old, his wife Sarah was also old. God had promised Abraham that Sarah would have a son, and she did have a son named Isaac. But Sarah was afraid that she would die before Isaac grew up, so she asked Abraham to swear to her that he would marry her maid Hagar and have a son with her. Abraham agreed to do this.",Dec 11 output,,27.448482317976424,8.657107714332325,4.5540796963946875
Jacob cut branches from some poplar trees and from some almond and evergreen trees. He peeled off part of the bark and made the branches look spotted and speckled.,"Jekob yaa pai niak tiib ale almond tiib ale dapeelita tiib naŋ yɔgsisa ate ba che la a po, a yaa pai daataŋa ate wa poa ate ŋa peenti la a dueni peelim.","Jacob went to buy almonds, dates, and dried apricots. He wanted to make a cake for his friend's birthday.",Dec 11 output,,18.050533725506863,8.657107714332325,4.5540796963946875
"As Jacob was on his way back home, some of God's angels came and met him.","Jekob mɛ yaa lɔ wa suik po a cheŋ, ate Wen maarɔma yaa tu wa suik.","Jacob is going to the market to buy fish, but Wen is going to the market to buy meat.",Dec 11 output,,16.02169568185238,8.657107714332325,4.5540796963946875
So God created humans to be like himself; he made men and women.,"Dila Wen yaa nye nuru ase wadek la, wadek ale ka diila ate wa nye wa, nidoa ale nipok ate wa nye.","I am going to tell you a story, a story that happened to me, and I will tell you the truth.",gerhardt_0445F08A_output_T9n53N,,15.635856700864876,8.657107714332325,4.5540796963946875
Noah did everything God told him to do.,Nowa yaa nye dii meena ti Wen weeni wa la.,Nowa is going to give meena to Wen weeni.,gerhardt_0445F08A_output_T9n53N,,13.07377541151504,8.657107714332325,4.5540796963946875
"But God answered: No! You and Sarah will have a son. His name will be Isaac, and I will make an everlasting promise to him and his descendants.","Wen yaa weeni Abrayam ayen, m siak ya, alege fi powa Saara ale biak nidoabili ate fi te wa yuei ayen Aizik. M le basi ate mi ale wa nɔiyeŋka a zaani ate ka chim nɔiyeŋ kaai ale kaa kpeglim a te wa ŋaaŋbisaŋa ale bo wa ŋaaŋ cheen la.","When Abraham was old, his wife Sarah was also old. God had promised Abraham that Sarah would have a son, and she did give birth to Isaac. But because Sarah was old, she was afraid that she would die before Isaac grew up. So she asked Abraham to take another wife, so that she could have children who would take care of Isaac when she died.",gerhardt_0445F08A_output_T9n53N,,25.711587609253193,8.657107714332325,4.5540796963946875
Jacob cut branches from some poplar trees and from some almond and evergreen trees. He peeled off part of the bark and made the branches look spotted and speckled.,"Jekob yaa pai niak tiib ale almond tiib ale dapeelita tiib naŋ yɔgsisa ate ba che la a po, a yaa pai daataŋa ate wa poa ate ŋa peenti la a dueni peelim.","Jacob went to buy almonds, dates, and dried figs. He also bought some bread and cheese, and then went home.",gerhardt_0445F08A_output_T9n53N,,21.37548122999851,8.657107714332325,4.5540796963946875
"As Jacob was on his way back home, some of God's angels came and met him.","Jekob mɛ yaa lɔ wa suik po a cheŋ, ate Wen maarɔma yaa tu wa suik.","Jacob is going to the farm to work, but Wen is going to the market to buy things.",gerhardt_0445F08A_output_T9n53N,,15.336077644979998,8.657107714332325,4.5540796963946875
So God created humans to be like himself; he made men and women.,"Dila Wen yaa nye nuru ase wadek la, wadek ale ka diila ate wa nye wa, nidoa ale nipok ate wa nye.","I am going to the farm to work, I will come back when I am done, I will bring some food for you.",gerhardt_60BC0D18_output (8),,14.828970649578935,8.657107714332325,4.5540796963946875
Noah did everything God told him to do.,Nowa yaa nye dii meena ti Wen weeni wa la.,Nowa is going to the market to buy meat.,gerhardt_60BC0D18_output (8),,14.198028673835125,8.657107714332325,4.5540796963946875
"But God answered: No! You and Sarah will have a son. His name will be Isaac, and I will make an everlasting promise to him and his descendants.","Wen yaa weeni Abrayam ayen, m siak ya, alege fi powa Saara ale biak nidoabili ate fi te wa yuei ayen Aizik. M le basi ate mi ale wa nɔiyeŋka a zaani ate ka chim nɔiyeŋ kaai ale kaa kpeglim a te wa ŋaaŋbisaŋa ale bo wa ŋaaŋ cheen la.","When Abraham was old, his wife Sarah was barren. But God was faithful to his promise and gave them a son, Isaac. I will bless you and make you numerous, and your descendants will be as many as the stars in the sky and the sand on the seashore.",gerhardt_60BC0D18_output (8),,38.3316276920971,8.657107714332325,4.5540796963946875
Jacob cut branches from some poplar trees and from some almond and evergreen trees. He peeled off part of the bark and made the branches look spotted and speckled.,"Jekob yaa pai niak tiib ale almond tiib ale dapeelita tiib naŋ yɔgsisa ate ba che la a po, a yaa pai daataŋa ate wa poa ate ŋa peenti la a dueni peelim.","Jacob went to the market to buy almonds, dates, and dried apricots. He also bought some bread and cheese.",gerhardt_60BC0D18_output (8),,21.5416496959062,8.657107714332325,4.5540796963946875
"As Jacob was on his way back home, some of God's angels came and met him.","Jekob mɛ yaa lɔ wa suik po a cheŋ, ate Wen maarɔma yaa tu wa suik.","Jacob went to the farm to harvest corn, but Wen went to the farm to harvest cassava.",gerhardt_60BC0D18_output (8),,17.133957546530667,8.657107714332325,4.5540796963946875
So God created humans to be like himself; he made men and women.,"Dila Wen yaa nye nuru ase wadek la, wadek ale ka diila ate wa nye wa, nidoa ale nipok ate wa nye.","I am telling you the truth, the truth is that I am not lying to you, I am telling you the truth.",onesimus_BAB3F503_Dec 10 output,,12.41517100589278,8.657107714332325,4.5540796963946875
Noah did everything God told him to do.,Nowa yaa nye dii meena ti Wen weeni wa la.,Nowa is going to give meena to Wen weeni.,onesimus_BAB3F503_Dec 10 output,,13.07377541151504,8.657107714332325,4.5540796963946875
"But God answered: No! You and Sarah will have a son. His name will be Isaac, and I will make an everlasting promise to him and his descendants.","Wen yaa weeni Abrayam ayen, m siak ya, alege fi powa Saara ale biak nidoabili ate fi te wa yuei ayen Aizik. M le basi ate mi ale wa nɔiyeŋka a zaani ate ka chim nɔiyeŋ kaai ale kaa kpeglim a te wa ŋaaŋbisaŋa ale bo wa ŋaaŋ cheen la.","When Abraham was old, he and Sarah his wife were barren. But God visited Sarah and she conceived and bore a son for Abraham in his old age, Isaac. And Abraham circumcised his son Isaac when he was eight days old, as God had commanded him.",onesimus_BAB3F503_Dec 10 output,,27.475286939500343,8.657107714332325,4.5540796963946875
Jacob cut branches from some poplar trees and from some almond and evergreen trees. He peeled off part of the bark and made the branches look spotted and speckled.,"Jekob yaa pai niak tiib ale almond tiib ale dapeelita tiib naŋ yɔgsisa ate ba che la a po, a yaa pai daataŋa ate wa poa ate ŋa peenti la a dueni peelim.","Jacob went to buy almonds, dates, and dried apricots. He wanted to make a special dish for his family to eat.",onesimus_BAB3F503_Dec 10 output,,18.394560082731385,8.657107714332325,4.5540796963946875
"As Jacob was on his way back home, some of God's angels came and met him.","Jekob mɛ yaa lɔ wa suik po a cheŋ, ate Wen maarɔma yaa tu wa suik.","Jacob is going to the market to buy fish, but Wen wants to go to the market too.",onesimus_BAB3F503_Dec 10 output,,15.94846412303243,8.657107714332325,4.5540796963946875
So God created humans to be like himself; he made men and women.,"Dila Wen yaa nye nuru ase wadek la, wadek ale ka diila ate wa nye wa, nidoa ale nipok ate wa nye.","I am going to the river to bathe, I will return when I am done bathing.",onesimus_AE3F5661_Dec 08 output,,13.6283170185861,8.657107714332325,4.5540796963946875
Noah did everything God told him to do.,Nowa yaa nye dii meena ti Wen weeni wa la.,Nowa is going to the market to buy meat.,onesimus_AE3F5661_Dec 08 output,,14.198028673835125,8.657107714332325,4.5540796963946875
"But God answered: No! You and Sarah will have a son. His name will be Isaac, and I will make an everlasting promise to him and his descendants.","Wen yaa weeni Abrayam ayen, m siak ya, alege fi powa Saara ale biak nidoabili ate fi te wa yuei ayen Aizik. M le basi ate mi ale wa nɔiyeŋka a zaani ate ka chim nɔiyeŋ kaai ale kaa kpeglim a te wa ŋaaŋbisaŋa ale bo wa ŋaaŋ cheen la.","When Abraham was old, his wife Sarah was also old. God had promised Abraham that Sarah would have a son, and she did have a son named Isaac. But Sarah was afraid that she would die before Isaac grew up, so she asked Abraham to make a promise to her. She said, ""Please promise me that you will find a wife for Isaac from among my own people.""",onesimus_AE3F5661_Dec 08 output,,29.492619952505116,8.657107714332325,4.5540796963946875
Jacob cut branches from some poplar trees and from some almond and evergreen trees. He peeled off part of the bark and made the branches look spotted and speckled.,"Jekob yaa pai niak tiib ale almond tiib ale dapeelita tiib naŋ yɔgsisa ate ba che la a po, a yaa pai daataŋa ate wa poa ate ŋa peenti la a dueni peelim.","Jacob went to the market to buy almonds, dates, and dried mangoes. He also bought some meat and vegetables.",onesimus_AE3F5661_Dec 08 output,,21.07317980757285,8.657107714332325,4.5540796963946875
"As Jacob was on his way back home, some of God's angels came and met him.","Jekob mɛ yaa lɔ wa suik po a cheŋ, ate Wen maarɔma yaa tu wa suik.","Jacob is going to the market to buy salt, but Wen is already there buying salt.",onesimus_AE3F5661_Dec 08 output,,15.61260248360418,8.657107714332325,4.5540796963946875
So God created humans to be like himself; he made men and women.,"Dila Wen yaa nye nuru ase wadek la, wadek ale ka diila ate wa nye wa, nidoa ale nipok ate wa nye.","I am going to the market to buy some food, and I will bring some back for you.",onesimus_A84A9EF3_Dec 04 output,,17.496723933664306,8.657107714332325,4.5540796963946875
Noah did everything God told him to do.,Nowa yaa nye dii meena ti Wen weeni wa la.,Nowa is going to give meena to Wen weeni's mother.,onesimus_A84A9EF3_Dec 04 output,,15.437317781721404,8.657107714332325,4.5540796963946875
"But God answered: No! You and Sarah will have a son. His name will be Isaac, and I will make an everlasting promise to him and his descendants.","Wen yaa weeni Abrayam ayen, m siak ya, alege fi powa Saara ale biak nidoabili ate fi te wa yuei ayen Aizik. M le basi ate mi ale wa nɔiyeŋka a zaani ate ka chim nɔiyeŋ kaai ale kaa kpeglim a te wa ŋaaŋbisaŋa ale bo wa ŋaaŋ cheen la.","When Abraham was old, his wife Sarah was barren. But God was faithful to his promise and gave them a son, Isaac. I will bless those who bless you, and whoever curses you I will curse; and all peoples on earth will be blessed through you.",onesimus_A84A9EF3_Dec 04 output,,32.80986745180242,8.657107714332325,4.5540796963946875
Jacob cut branches from some poplar trees and from some almond and evergreen trees. He peeled off part of the bark and made the branches look spotted and speckled.,"Jekob yaa pai niak tiib ale almond tiib ale dapeelita tiib naŋ yɔgsisa ate ba che la a po, a yaa pai daataŋa ate wa poa ate ŋa peenti la a dueni peelim.","Jacob went to buy some almonds, some dates, and some figs. He wanted to make a cake, but he didn't have enough flour.",onesimus_A84A9EF3_Dec 04 output,,22.62684411829304,8.657107714332325,4.5540796963946875
"As Jacob was on his way back home, some of God's angels came and met him.","Jekob mɛ yaa lɔ wa suik po a cheŋ, ate Wen maarɔma yaa tu wa suik.","Jacob is going to the market to buy some sugar, but Wen is also going to the market.",onesimus_A84A9EF3_Dec 04 output,,18.294676816497297,8.657107714332325,4.5540796963946875
So God created humans to be like himself; he made men and women.,"Dila Wen yaa nye nuru ase wadek la, wadek ale ka diila ate wa nye wa, nidoa ale nipok ate wa nye.","I am going to the farm to work, I will come back when I am finished, don't wait for me.",gerhardt_34E1778F_output (7),,15.152547158516958,8.657107714332325,4.5540796963946875
Noah did everything God told him to do.,Nowa yaa nye dii meena ti Wen weeni wa la.,Nowa is going to give meena to Wen weeni.,gerhardt_34E1778F_output (7),,13.07377541151504,8.657107714332325,4.5540796963946875
"But God answered: No! You and Sarah will have a son. His name will be Isaac, and I will make an everlasting promise to him and his descendants.","Wen yaa weeni Abrayam ayen, m siak ya, alege fi powa Saara ale biak nidoabili ate fi te wa yuei ayen Aizik. M le basi ate mi ale wa nɔiyeŋka a zaani ate ka chim nɔiyeŋ kaai ale kaa kpeglim a te wa ŋaaŋbisaŋa ale bo wa ŋaaŋ cheen la.","When Abraham was old, his wife Sarah was barren. But God gave Sarah the power to conceive, and she bore a son for Abraham in his old age, Isaac. And Abraham circumcised his son Isaac when he was eight days old, as God had commanded him.",gerhardt_34E1778F_output (7),,26.511012586734473,8.657107714332325,4.5540796963946875
Jacob cut branches from some poplar trees and from some almond and evergreen trees. He peeled off part of the bark and made the branches look spotted and speckled.,"Jekob yaa pai niak tiib ale almond tiib ale dapeelita tiib naŋ yɔgsisa ate ba che la a po, a yaa pai daataŋa ate wa poa ate ŋa peenti la a dueni peelim.","Jacob went to the garden to pick almonds, and he picked some dates and figs. He also went to the river to wash his hands and feet, and then he went home.",gerhardt_34E1778F_output (7),,25.47140162127667,8.657107714332325,4.5540796963946875
"As Jacob was on his way back home, some of God's angels came and met him.","Jekob mɛ yaa lɔ wa suik po a cheŋ, ate Wen maarɔma yaa tu wa suik.","Jacob is going to the farm to harvest corn, but Wen is going to the farm to harvest beans.",gerhardt_34E1778F_output (7),,16.025463970958846,8.657107714332325,4.5540796963946875
So God created humans to be like himself; he made men and women.,"Dila Wen yaa nye nuru ase wadek la, wadek ale ka diila ate wa nye wa, nidoa ale nipok ate wa nye.","I am going to the market to buy some food, so that I can cook and eat.",output_JA-5,,17.99957243274885,8.657107714332325,4.5540796963946875
Noah did everything God told him to do.,Nowa yaa nye dii meena ti Wen weeni wa la.,Nowa is going to the market to buy some meat.,output_JA-5,,14.356520514702947,8.657107714332325,4.5540796963946875
"But God answered: No! You and Sarah will have a son. His name will be Isaac, and I will make an everlasting promise to him and his descendants.","Wen yaa weeni Abrayam ayen, m siak ya, alege fi powa Saara ale biak nidoabili ate fi te wa yuei ayen Aizik. M le basi ate mi ale wa nɔiyeŋka a zaani ate ka chim nɔiyeŋ kaai ale kaa kpeglim a te wa ŋaaŋbisaŋa ale bo wa ŋaaŋ cheen la.","When Abraham was old, his wife Sarah was also old. God had promised Abraham that Sarah would have a son, and she did have a son named Isaac. But Sarah was afraid that Isaac would be killed because he was the only son and heir. So she told Abraham to take Isaac to Mount Moriah and sacrifice him as a burnt offering to God.",output_JA-5,,29.03793584301888,8.657107714332325,4.5540796963946875
Jacob cut branches from some poplar trees and from some almond and evergreen trees. He peeled off part of the bark and made the branches look spotted and speckled.,"Jekob yaa pai niak tiib ale almond tiib ale dapeelita tiib naŋ yɔgsisa ate ba che la a po, a yaa pai daataŋa ate wa poa ate ŋa peenti la a dueni peelim.","Jacob went to buy almonds, dates, and dried apricots. He also bought some bread and cheese.",output_JA-5,,19.347556346604208,8.657107714332325,4.5540796963946875
"As Jacob was on his way back home, some of God's angels came and met him.","Jekob mɛ yaa lɔ wa suik po a cheŋ, ate Wen maarɔma yaa tu wa suik.","Jacob went to the farm to plant corn, but Wen went to the farm to harvest corn.",output_JA-5,,15.723116636200901,8.657107714332325,4.5540796963946875
So God created humans to be like himself; he made men and women.,"Dila Wen yaa nye nuru ase wadek la, wadek ale ka diila ate wa nye wa, nidoa ale nipok ate wa nye.","I am going to the market, I will buy some things for you, and I will bring them back to you.",john_86344B85_output (7),,16.787177644303625,8.657107714332325,4.5540796963946875
Noah did everything God told him to do.,Nowa yaa nye dii meena ti Wen weeni wa la.,Nowa is going to the market to buy fish.,john_86344B85_output (7),,15.239695340501793,8.657107714332325,4.5540796963946875
"But God answered: No! You and Sarah will have a son. His name will be Isaac, and I will make an everlasting promise to him and his descendants.","Wen yaa weeni Abrayam ayen, m siak ya, alege fi powa Saara ale biak nidoabili ate fi te wa yuei ayen Aizik. M le basi ate mi ale wa nɔiyeŋka a zaani ate ka chim nɔiyeŋ kaai ale kaa kpeglim a te wa ŋaaŋbisaŋa ale bo wa ŋaaŋ cheen la.","When Abraham was old, he and Sarah his wife were barren. But God visited Sarah and she conceived and bore a son for Abraham in his old age, Isaac. And Abraham circumcised his son Isaac when he was eight days old, as God had commanded him.",john_86344B85_output (7),,27.475286939500343,8.657107714332325,4.5540796963946875
Jacob cut branches from some poplar trees and from some almond and evergreen trees. He peeled off part of the bark and made the branches look spotted and speckled.,"Jekob yaa pai niak tiib ale almond tiib ale dapeelita tiib naŋ yɔgsisa ate ba che la a po, a yaa pai daataŋa ate wa poa ate ŋa peenti la a dueni peelim.","Jacob went to buy almonds, dates, and dried apricots. He wanted to make a cake for his friend's birthday.",john_86344B85_output (7),,18.050533725506863,8.657107714332325,4.5540796963946875
"As Jacob was on his way back home, some of God's angels came and met him.","Jekob mɛ yaa lɔ wa suik po a cheŋ, ate Wen maarɔma yaa tu wa suik.","Jacob went to the market to buy fish, but Wen also went to the market to buy fish.",john_86344B85_output (7),,17.313848260259874,8.657107714332325,4.5540796963946875
So God created humans to be like himself; he made men and women.,"Dila Wen yaa nye nuru ase wadek la, wadek ale ka diila ate wa nye wa, nidoa ale nipok ate wa nye.","I am going to the river to bathe, I will come back when I am done bathing.",Dec 05 output,,14.796801749044558,8.657107714332325,4.5540796963946875
Noah did everything God told him to do.,Nowa yaa nye dii meena ti Wen weeni wa la.,Nowa is going to give meena to Wen weeni.,Dec 05 output,,13.07377541151504,8.657107714332325,4.5540796963946875
"But God answered: No! You and Sarah will have a son. His name will be Isaac, and I will make an everlasting promise to him and his descendants.","Wen yaa weeni Abrayam ayen, m siak ya, alege fi powa Saara ale biak nidoabili ate fi te wa yuei ayen Aizik. M le basi ate mi ale wa nɔiyeŋka a zaani ate ka chim nɔiyeŋ kaai ale kaa kpeglim a te wa ŋaaŋbisaŋa ale bo wa ŋaaŋ cheen la.","When Abraham was old, he and Sarah his wife were barren. But God visited Sarah and she conceived and bore a son for Abraham in his old age, Isaac. And Abraham circumcised his son Isaac when he was eight days old, as God had commanded him.",Dec 05 output,,27.475286939500343,8.657107714332325,4.5540796963946875
Jacob cut branches from some poplar trees and from some almond and evergreen trees. He peeled off part of the bark and made the branches look spotted and speckled.,"Jekob yaa pai niak tiib ale almond tiib ale dapeelita tiib naŋ yɔgsisa ate ba che la a po, a yaa pai daataŋa ate wa poa ate ŋa peenti la a dueni peelim.","Jacob went to the market to buy almonds, dates, and dried apricots. He bought a lot of dates and a little bit of almonds and apricots.",Dec 05 output,,21.960306367393397,8.657107714332325,4.5540796963946875
"As Jacob was on his way back home, some of God's angels came and met him.","Jekob mɛ yaa lɔ wa suik po a cheŋ, ate Wen maarɔma yaa tu wa suik.","Jacob is going to the market to buy some salt, but Wen is also going to the market.",Dec 05 output,,18.356689064364186,8.657107714332325,4.5540796963946875
So God created humans to be like himself; he made men and women.,"Dila Wen yaa nye nuru ase wadek la, wadek ale ka diila ate wa nye wa, nidoa ale nipok ate wa nye.","I am going to tell you a story, a story that happened to me, listen carefully.",onesimus_C968674F_Dec 07 output,,15.16058556743097,8.657107714332325,4.5540796963946875
Noah did everything God told him to do.,Nowa yaa nye dii meena ti Wen weeni wa la.,Nowa is going to buy some meat at the market.,onesimus_C968674F_Dec 07 output,,13.324280743681841,8.657107714332325,4.5540796963946875
"But God answered: No! You and Sarah will have a son. His name will be Isaac, and I will make an everlasting promise to him and his descendants.","Wen yaa weeni Abrayam ayen, m siak ya, alege fi powa Saara ale biak nidoabili ate fi te wa yuei ayen Aizik. M le basi ate mi ale wa nɔiyeŋka a zaani ate ka chim nɔiyeŋ kaai ale kaa kpeglim a te wa ŋaaŋbisaŋa ale bo wa ŋaaŋ cheen la.","When Abraham was old, his wife Sarah was also old. God had promised them a son, but Sarah was unable to have children. So God performed a miracle and Sarah became pregnant and gave birth to Isaac. I will tell you about the miracle that God performed for them.",onesimus_C968674F_Dec 07 output,,29.37103632798126,8.657107714332325,4.5540796963946875
Jacob cut branches from some poplar trees and from some almond and evergreen trees. He peeled off part of the bark and made the branches look spotted and speckled.,"Jekob yaa pai niak tiib ale almond tiib ale dapeelita tiib naŋ yɔgsisa ate ba che la a po, a yaa pai daataŋa ate wa poa ate ŋa peenti la a dueni peelim.","Jacob went to the market to buy almonds, dates, and dried figs. He also bought some spices and a pot.",onesimus_C968674F_Dec 07 output,,20.647605480973986,8.657107714332325,4.5540796963946875
"As Jacob was on his way back home, some of God's angels came and met him.","Jekob mɛ yaa lɔ wa suik po a cheŋ, ate Wen maarɔma yaa tu wa suik.","Jacob is going to the farm to plant corn, but Wen is going to the farm to harvest corn.",onesimus_C968674F_Dec 07 output,,15.06488479071665,8.657107714332325,4.5540796963946875
So God created humans to be like himself; he made men and women.,"Dila Wen yaa nye nuru ase wadek la, wadek ale ka diila ate wa nye wa, nidoa ale nipok ate wa nye.","I am going to the farm to harvest cassava, I will bring some for you, don't worry.",john_C52DEBBB_output (10),,12.819169923368017,8.657107714332325,4.5540796963946875
Noah did everything God told him to do.,Nowa yaa nye dii meena ti Wen weeni wa la.,Nowa is going to the market to buy some fish.,john_C52DEBBB_output (10),,15.372780860387024,8.657107714332325,4.5540796963946875
"But God answered: No! You and Sarah will have a son. His name will be Isaac, and I will make an everlasting promise to him and his descendants.","Wen yaa weeni Abrayam ayen, m siak ya, alege fi powa Saara ale biak nidoabili ate fi te wa yuei ayen Aizik. M le basi ate mi ale wa nɔiyeŋka a zaani ate ka chim nɔiyeŋ kaai ale kaa kpeglim a te wa ŋaaŋbisaŋa ale bo wa ŋaaŋ cheen la.","When Abraham was old, his wife Sarah was also old. God had stopped Sarah from having children, but God promised Abraham that Sarah would have a son, and she would name him Isaac. God kept his promise, and Sarah became pregnant and gave birth to a son, and Abraham named him Isaac. He circumcised him on the eighth day, just as God had commanded him.",john_C52DEBBB_output (10),,28.936172492650115,8.657107714332325,4.5540796963946875
Jacob cut branches from some poplar trees and from some almond and evergreen trees. He peeled off part of the bark and made the branches look spotted and speckled.,"Jekob yaa pai niak tiib ale almond tiib ale dapeelita tiib naŋ yɔgsisa ate ba che la a po, a yaa pai daataŋa ate wa poa ate ŋa peenti la a dueni peelim.","Jacob went to the market to buy almonds, dates, and dried mangoes. He wanted to make a special dish for his family.",john_C52DEBBB_output (10),,20.635628502700285,8.657107714332325,4.5540796963946875
"As Jacob was on his way back home, some of God's angels came and met him.","Jekob mɛ yaa lɔ wa suik po a cheŋ, ate Wen maarɔma yaa tu wa suik.","Jacob is going to the farm to harvest corn, but Wen is going to the farm to harvest cassava.",john_C52DEBBB_output (10),,16.732194415935712,8.657107714332325,4.5540796963946875
So God created humans to be like himself; he made men and women.,"Dila Wen yaa nye nuru ase wadek la, wadek ale ka diila ate wa nye wa, nidoa ale nipok ate wa nye.","I want to tell you something important, something that will benefit you, something that will help you.",gerhardt_62CB5CC1_output (4),,15.956604868834976,8.657107714332325,4.5540796963946875
Noah did everything God told him to do.,Nowa yaa nye dii meena ti Wen weeni wa la.,Nowa is going to the market to buy fish.,gerhardt_62CB5CC1_output (4),,15.239695340501793,8.657107714332325,4.5540796963946875
"But God answered: No! You and Sarah will have a son. His name will be Isaac, and I will make an everlasting promise to him and his descendants.","Wen yaa weeni Abrayam ayen, m siak ya, alege fi powa Saara ale biak nidoabili ate fi te wa yuei ayen Aizik. M le basi ate mi ale wa nɔiyeŋka a zaani ate ka chim nɔiyeŋ kaai ale kaa kpeglim a te wa ŋaaŋbisaŋa ale bo wa ŋaaŋ cheen la.","When Abraham was old, he and Sarah his wife were barren. But God was faithful to his promise and Sarah conceived and bore a son, Isaac. He circumcised him on the eighth day, as God had commanded him.",gerhardt_62CB5CC1_output (4),,31.431640239954,8.657107714332325,4.5540796963946875
Jacob cut branches from some poplar trees and from some almond and evergreen trees. He peeled off part of the bark and made the branches look spotted and speckled.,"Jekob yaa pai niak tiib ale almond tiib ale dapeelita tiib naŋ yɔgsisa ate ba che la a po, a yaa pai daataŋa ate wa poa ate ŋa peenti la a dueni peelim.","Jacob went to buy almonds, dates, and dried figs. He also bought some bread and cheese.",gerhardt_62CB5CC1_output (4),,18.655692688963228,8.657107714332325,4.5540796963946875
"As Jacob was on his way back home, some of God's angels came and met him.","Jekob mɛ yaa lɔ wa suik po a cheŋ, ate Wen maarɔma yaa tu wa suik.","Jacob is going to the farm to plant corn, but Wen wants to go to the farm too.",gerhardt_62CB5CC1_output (4),,15.205005073046129,8.657107714332325,4.5540796963946875
So God created humans to be like himself; he made men and women.,"Dila Wen yaa nye nuru ase wadek la, wadek ale ka diila ate wa nye wa, nidoa ale nipok ate wa nye.","I am going to the market to buy some food, and I will bring some back for you.",Dec 04 output,,17.496723933664306,8.657107714332325,4.5540796963946875
Noah did everything God told him to do.,Nowa yaa nye dii meena ti Wen weeni wa la.,Nowa is going to give meena to Wen weeni's mother.,Dec 04 output,,15.437317781721404,8.657107714332325,4.5540796963946875
"But God answered: No! You and Sarah will have a son. His name will be Isaac, and I will make an everlasting promise to him and his descendants.","Wen yaa weeni Abrayam ayen, m siak ya, alege fi powa Saara ale biak nidoabili ate fi te wa yuei ayen Aizik. M le basi ate mi ale wa nɔiyeŋka a zaani ate ka chim nɔiyeŋ kaai ale kaa kpeglim a te wa ŋaaŋbisaŋa ale bo wa ŋaaŋ cheen la.","When Abraham was old, his wife Sarah was barren. But God was faithful to his promise and gave them a son, Isaac. I will bless those who bless you, and whoever curses you I will curse; and all peoples on earth will be blessed through you.",Dec 04 output,,32.80986745180242,8.657107714332325,4.5540796963946875
Jacob cut branches from some poplar trees and from some almond and evergreen trees. He peeled off part of the bark and made the branches look spotted and speckled.,"Jekob yaa pai niak tiib ale almond tiib ale dapeelita tiib naŋ yɔgsisa ate ba che la a po, a yaa pai daataŋa ate wa poa ate ŋa peenti la a dueni peelim.","Jacob went to buy some almonds, some dates, and some figs. He wanted to make a cake, but he didn't have enough flour.",Dec 04 output,,22.62684411829304,8.657107714332325,4.5540796963946875
"As Jacob was on his way back home, some of God's angels came and met him.","Jekob mɛ yaa lɔ wa suik po a cheŋ, ate Wen maarɔma yaa tu wa suik.","Jacob is going to the market to buy some sugar, but Wen is also going to the market.",Dec 04 output,,18.294676816497297,8.657107714332325,4.5540796963946875
So God created humans to be like himself; he made men and women.,"Dila Wen yaa nye nuru ase wadek la, wadek ale ka diila ate wa nye wa, nidoa ale nipok ate wa nye.","I am telling you the truth, the truth is that I am not lying to you, I am telling you the truth.",gerhardt_676E558A_output (6),,12.41517100589278,8.657107714332325,4.5540796963946875
Noah did everything God told him to do.,Nowa yaa nye dii meena ti Wen weeni wa la.,Nowa is going to the market to buy meat.,gerhardt_676E558A_output (6),,14.198028673835125,8.657107714332325,4.5540796963946875
"But God answered: No! You and Sarah will have a son. His name will be Isaac, and I will make an everlasting promise to him and his descendants.","Wen yaa weeni Abrayam ayen, m siak ya, alege fi powa Saara ale biak nidoabili ate fi te wa yuei ayen Aizik. M le basi ate mi ale wa nɔiyeŋka a zaani ate ka chim nɔiyeŋ kaai ale kaa kpeglim a te wa ŋaaŋbisaŋa ale bo wa ŋaaŋ cheen la.","When Abraham was old, his wife Sarah was barren. But God was faithful to his promise and gave them a son, Isaac. I will bless you and make your descendants as numerous as the stars in the sky and as the sand on the seashore.",gerhardt_676E558A_output (6),,37.00133360784517,8.657107714332325,4.5540796963946875
Jacob cut branches from some poplar trees and from some almond and evergreen trees. He peeled off part of the bark and made the branches look spotted and speckled.,"Jekob yaa pai niak tiib ale almond tiib ale dapeelita tiib naŋ yɔgsisa ate ba che la a po, a yaa pai daataŋa ate wa poa ate ŋa peenti la a dueni peelim.","Jacob went to the market to buy almonds, dates, and dried mangoes. He bought a lot of them, and he was happy because he wanted to make a delicious meal for his family.",gerhardt_676E558A_output (6),,25.219949558207045,8.657107714332325,4.5540796963946875
"As Jacob was on his way back home, some of God's angels came and met him.","Jekob mɛ yaa lɔ wa suik po a cheŋ, ate Wen maarɔma yaa tu wa suik.","Jacob is going to the farm to plant corn, but Wen is going to the farm to harvest corn.",gerhardt_676E558A_output (6),,15.06488479071665,8.657107714332325,4.5540796963946875
So God created humans to be like himself; he made men and women.,"Dila Wen yaa nye nuru ase wadek la, wadek ale ka diila ate wa nye wa, nidoa ale nipok ate wa nye.","I am telling you the truth, the truth is that I am not lying to you, I am telling you the truth.",gerhardt_107423D8_output (9),,12.41517100589278,8.657107714332325,4.5540796963946875
Noah did everything God told him to do.,Nowa yaa nye dii meena ti Wen weeni wa la.,Nowa is going to give meena to Wen weeni.,gerhardt_107423D8_output (9),,13.07377541151504,8.657107714332325,4.5540796963946875
"But God answered: No! You and Sarah will have a son. His name will be Isaac, and I will make an everlasting promise to him and his descendants.","Wen yaa weeni Abrayam ayen, m siak ya, alege fi powa Saara ale biak nidoabili ate fi te wa yuei ayen Aizik. M le basi ate mi ale wa nɔiyeŋka a zaani ate ka chim nɔiyeŋ kaai ale kaa kpeglim a te wa ŋaaŋbisaŋa ale bo wa ŋaaŋ cheen la.","When Abraham was old, his wife Sarah was also old. God had stopped Sarah from having children, but God said to Abraham, ""Sarah will have a son, and you will name him Isaac."" Abraham believed God, and Sarah became pregnant and gave birth to a son, Isaac. Abraham circumcised his son Isaac when he was eight days old, as God had commanded him.",gerhardt_107423D8_output (9),,31.69508843755197,8.657107714332325,4.5540796963946875
Jacob cut branches from some poplar trees and from some almond and evergreen trees. He peeled off part of the bark and made the branches look spotted and speckled.,"Jekob yaa pai niak tiib ale almond tiib ale dapeelita tiib naŋ yɔgsisa ate ba che la a po, a yaa pai daataŋa ate wa poa ate ŋa peenti la a dueni peelim.","Jacob went to buy almonds, dates, and dried figs. He also bought some bread and cheese, and he took them home to eat.",gerhardt_107423D8_output (9),,22.587028216751694,8.657107714332325,4.5540796963946875
"As Jacob was on his way back home, some of God's angels came and met him.","Jekob mɛ yaa lɔ wa suik po a cheŋ, ate Wen maarɔma yaa tu wa suik.","Jacob went to the river to fish, but Wen also went to the river to fish.",gerhardt_107423D8_output (9),,16.068932052311872,8.657107714332325,4.5540796963946875
So God created humans to be like himself; he made men and women.,"Dila Wen yaa nye nuru ase wadek la, wadek ale ka diila ate wa nye wa, nidoa ale nipok ate wa nye.","I am going to the market now, I will buy some food there, and bring it back home.",gerhardt_E4F773B6_output (3),,18.209506554426497,8.657107714332325,4.5540796963946875
Noah did everything God told him to do.,Nowa yaa nye dii meena ti Wen weeni wa la.,Nowa is going to buy meat from Wen.,gerhardt_E4F773B6_output (3),,12.393678100533153,8.657107714332325,4.5540796963946875
"But God answered: No! You and Sarah will have a son. His name will be Isaac, and I will make an everlasting promise to him and his descendants.","Wen yaa weeni Abrayam ayen, m siak ya, alege fi powa Saara ale biak nidoabili ate fi te wa yuei ayen Aizik. M le basi ate mi ale wa nɔiyeŋka a zaani ate ka chim nɔiyeŋ kaai ale kaa kpeglim a te wa ŋaaŋbisaŋa ale bo wa ŋaaŋ cheen la.","When Abraham was old, his wife Sarah was also old. God had promised Abraham that Sarah would have a son, and she did give birth to Isaac. But Sarah was afraid that she would be laughed at because she was old and had a baby. So she told Abraham to say that Isaac was his son from another woman.",gerhardt_E4F773B6_output (3),,27.146065309528122,8.657107714332325,4.5540796963946875
Jacob cut branches from some poplar trees and from some almond and evergreen trees. He peeled off part of the bark and made the branches look spotted and speckled.,"Jekob yaa pai niak tiib ale almond tiib ale dapeelita tiib naŋ yɔgsisa ate ba che la a po, a yaa pai daataŋa ate wa poa ate ŋa peenti la a dueni peelim.","Jacob went to buy almonds, dates, and figs, and he came back home with them.",gerhardt_E4F773B6_output (3),,15.618845353967215,8.657107714332325,4.5540796963946875
"As Jacob was on his way back home, some of God's angels came and met him.","Jekob mɛ yaa lɔ wa suik po a cheŋ, ate Wen maarɔma yaa tu wa suik.","Jacob is going to the farm to harvest corn, but Wen is going to the farm to harvest peanuts.",gerhardt_E4F773B6_output (3),,15.91987869412313,8.657107714332325,4.5540796963946875
So God created humans to be like himself; he made men and women.,"Dila Wen yaa nye nuru ase wadek la, wadek ale ka diila ate wa nye wa, nidoa ale nipok ate wa nye.","I am going to the farm to work, I will come back when I finish, don't worry about me.",john_B0DBB2CB_output (4),,14.293151363244668,8.657107714332325,4.5540796963946875
Noah did everything God told him to do.,Nowa yaa nye dii meena ti Wen weeni wa la.,Nowa is going to give meena to Wen weeni today.,john_B0DBB2CB_output (4),,15.735768569189284,8.657107714332325,4.5540796963946875
"But God answered: No! You and Sarah will have a son. His name will be Isaac, and I will make an everlasting promise to him and his descendants.","Wen yaa weeni Abrayam ayen, m siak ya, alege fi powa Saara ale biak nidoabili ate fi te wa yuei ayen Aizik. M le basi ate mi ale wa nɔiyeŋka a zaani ate ka chim nɔiyeŋ kaai ale kaa kpeglim a te wa ŋaaŋbisaŋa ale bo wa ŋaaŋ cheen la.","When Abraham was old, God blessed Sarah his wife, and she conceived and bore a son to Abraham in his old age, Isaac. And Abraham circumcised his son Isaac when he was eight days old, as God had commanded him.",john_B0DBB2CB_output (4),,25.034984880625426,8.657107714332325,4.5540796963946875
Jacob cut branches from some poplar trees and from some almond and evergreen trees. He peeled off part of the bark and made the branches look spotted and speckled.,"Jekob yaa pai niak tiib ale almond tiib ale dapeelita tiib naŋ yɔgsisa ate ba che la a po, a yaa pai daataŋa ate wa poa ate ŋa peenti la a dueni peelim.","Jacob went to buy some almonds, some dates, and some figs. He also bought some bread and some cheese.",john_B0DBB2CB_output (4),,22.678359788065652,8.657107714332325,4.5540796963946875
"As Jacob was on his way back home, some of God's angels came and met him.","Jekob mɛ yaa lɔ wa suik po a cheŋ, ate Wen maarɔma yaa tu wa suik.","Jacob is going to the market to buy food, but Wen is going to the market to sell food.",john_B0DBB2CB_output (4),,15.680468980271975,8.657107714332325,4.5540796963946875
So God created humans to be like himself; he made men and women.,"Dila Wen yaa nye nuru ase wadek la, wadek ale ka diila ate wa nye wa, nidoa ale nipok ate wa nye.","I am going to the market to buy some food, and then I will come back home.",gerhardt_E32D1C1E_output_mzX2S5,,19.268213913852517,8.657107714332325,4.5540796963946875
Noah did everything God told him to do.,Nowa yaa nye dii meena ti Wen weeni wa la.,Nowa is going to the market to buy fish.,gerhardt_E32D1C1E_output_mzX2S5,,15.239695340501793,8.657107714332325,4.5540796963946875
"But God answered: No! You and Sarah will have a son. His name will be Isaac, and I will make an everlasting promise to him and his descendants.","Wen yaa weeni Abrayam ayen, m siak ya, alege fi powa Saara ale biak nidoabili ate fi te wa yuei ayen Aizik. M le basi ate mi ale wa nɔiyeŋka a zaani ate ka chim nɔiyeŋ kaai ale kaa kpeglim a te wa ŋaaŋbisaŋa ale bo wa ŋaaŋ cheen la.","When Abraham was old, his wife Sarah was also old. God had promised Abraham that Sarah would have a son, and she did give birth to Isaac. But because Sarah was old, she was afraid that she would die before Isaac grew up. So she asked Abraham to swear to her that he would marry her servant Hagar and have children with her, so that Isaac would have someone to take care of him when she died.",gerhardt_E32D1C1E_output_mzX2S5,,26.284538246492172,8.657107714332325,4.5540796963946875
Jacob cut branches from some poplar trees and from some almond and evergreen trees. He peeled off part of the bark and made the branches look spotted and speckled.,"Jekob yaa pai niak tiib ale almond tiib ale dapeelita tiib naŋ yɔgsisa ate ba che la a po, a yaa pai daataŋa ate wa poa ate ŋa peenti la a dueni peelim.","Jacob went to the market to buy almonds, dates, and dried apricots. He also bought some bread and cheese.",gerhardt_E32D1C1E_output_mzX2S5,,21.5416496959062,8.657107714332325,4.5540796963946875
"As Jacob was on his way back home, some of God's angels came and met him.","Jekob mɛ yaa lɔ wa suik po a cheŋ, ate Wen maarɔma yaa tu wa suik.","Jacob is going to the farm to get some food, but Wen is going to the farm to get some water.",gerhardt_E32D1C1E_output_mzX2S5,,18.836246736500385,8.657107714332325,4.5540796963946875
So God created humans to be like himself; he made men and women.,"Dila Wen yaa nye nuru ase wadek la, wadek ale ka diila ate wa nye wa, nidoa ale nipok ate wa nye.","I am going to the market to buy some food, I will buy rice and fish for us to eat.",gerhardt_145C11AE_output (2),,18.63162018507959,8.657107714332325,4.5540796963946875
Noah did everything God told him to do.,Nowa yaa nye dii meena ti Wen weeni wa la.,Nowa is going to give meena to Wen weeni.,gerhardt_145C11AE_output (2),,13.07377541151504,8.657107714332325,4.5540796963946875
"But God answered: No! You and Sarah will have a son. His name will be Isaac, and I will make an everlasting promise to him and his descendants.","Wen yaa weeni Abrayam ayen, m siak ya, alege fi powa Saara ale biak nidoabili ate fi te wa yuei ayen Aizik. M le basi ate mi ale wa nɔiyeŋka a zaani ate ka chim nɔiyeŋ kaai ale kaa kpeglim a te wa ŋaaŋbisaŋa ale bo wa ŋaaŋ cheen la.","When Abraham was old, his wife Sarah was also old. God had promised Abraham that Sarah would have a son, and she did have a son when she was very old. This son was Isaac. Abraham loved Isaac very much. He was careful to teach Isaac about God and to show him how to live a good life.",gerhardt_145C11AE_output (2),,28.295962823789537,8.657107714332325,4.5540796963946875
Jacob cut branches from some poplar trees and from some almond and evergreen trees. He peeled off part of the bark and made the branches look spotted and speckled.,"Jekob yaa pai niak tiib ale almond tiib ale dapeelita tiib naŋ yɔgsisa ate ba che la a po, a yaa pai daataŋa ate wa poa ate ŋa peenti la a dueni peelim.","Jacob went to the market to buy almonds, dates, and dried figs. He bought a lot of dates and figs, but only a few almonds.",gerhardt_145C11AE_output (2),,20.779350412783717,8.657107714332325,4.5540796963946875
"As Jacob was on his way back home, some of God's angels came and met him.","Jekob mɛ yaa lɔ wa suik po a cheŋ, ate Wen maarɔma yaa tu wa suik.","Jacob is going to the market to buy salt, but Wen is also going to the market.",gerhardt_145C11AE_output (2),,16.291517939083104,8.657107714332325,4.5540796963946875
So God created humans to be like himself; he made men and women.,"Dila Wen yaa nye nuru ase wadek la, wadek ale ka diila ate wa nye wa, nidoa ale nipok ate wa nye.","I want to tell you something important, something that will help you, something that will benefit you.",gerhardt_087BEB88_output_loRIsq,,15.956604868834976,8.657107714332325,4.5540796963946875
Noah did everything God told him to do.,Nowa yaa nye dii meena ti Wen weeni wa la.,Nowa is going to give meena to Wen weeni.,gerhardt_087BEB88_output_loRIsq,,13.07377541151504,8.657107714332325,4.5540796963946875
"But God answered: No! You and Sarah will have a son. His name will be Isaac, and I will make an everlasting promise to him and his descendants.","Wen yaa weeni Abrayam ayen, m siak ya, alege fi powa Saara ale biak nidoabili ate fi te wa yuei ayen Aizik. M le basi ate mi ale wa nɔiyeŋka a zaani ate ka chim nɔiyeŋ kaai ale kaa kpeglim a te wa ŋaaŋbisaŋa ale bo wa ŋaaŋ cheen la.","When Abraham was old, his wife Sarah was also old. God had promised Sarah that she would have a child, but she was too old to have children. God kept his promise and Sarah gave birth to a son named Isaac. God blessed Isaac and gave him many descendants.",gerhardt_087BEB88_output_loRIsq,,34.47449156250463,8.657107714332325,4.5540796963946875
Jacob cut branches from some poplar trees and from some almond and evergreen trees. He peeled off part of the bark and made the branches look spotted and speckled.,"Jekob yaa pai niak tiib ale almond tiib ale dapeelita tiib naŋ yɔgsisa ate ba che la a po, a yaa pai daataŋa ate wa poa ate ŋa peenti la a dueni peelim.","Jacob went to the market to buy almonds, dates, and dried apricots. He also bought some bread and cheese.",gerhardt_087BEB88_output_loRIsq,,21.5416496959062,8.657107714332325,4.5540796963946875
"As Jacob was on his way back home, some of God's angels came and met him.","Jekob mɛ yaa lɔ wa suik po a cheŋ, ate Wen maarɔma yaa tu wa suik.","Jacob is going to the market to buy some food, but Wen is going to the market to buy some clothes.",gerhardt_087BEB88_output_loRIsq,,18.99668157387842,8.657107714332325,4.5540796963946875
So God created humans to be like himself; he made men and women.,"Dila Wen yaa nye nuru ase wadek la, wadek ale ka diila ate wa nye wa, nidoa ale nipok ate wa nye.","Dila Wen, you are the one who will bring us light, the light that will guide us, the light that will show us the way.",john_C904F397_output (2),,12.786976828729646,8.657107714332325,4.5540796963946875
Noah did everything God told him to do.,Nowa yaa nye dii meena ti Wen weeni wa la.,Nowa is going to the market to buy meat.,john_C904F397_output (2),,14.198028673835125,8.657107714332325,4.5540796963946875
"But God answered: No! You and Sarah will have a son. His name will be Isaac, and I will make an everlasting promise to him and his descendants.","Wen yaa weeni Abrayam ayen, m siak ya, alege fi powa Saara ale biak nidoabili ate fi te wa yuei ayen Aizik. M le basi ate mi ale wa nɔiyeŋka a zaani ate ka chim nɔiyeŋ kaai ale kaa kpeglim a te wa ŋaaŋbisaŋa ale bo wa ŋaaŋ cheen la.","When Abraham was old, the Lord appeared to him and said, ""Do not be afraid, Sarah your wife will bear you a son, and you will call his name Isaac. I will establish my covenant with him as an everlasting covenant for his descendants after him.""",john_C904F397_output (2),,43.85967612935346,8.657107714332325,4.5540796963946875
Jacob cut branches from some poplar trees and from some almond and evergreen trees. He peeled off part of the bark and made the branches look spotted and speckled.,"Jekob yaa pai niak tiib ale almond tiib ale dapeelita tiib naŋ yɔgsisa ate ba che la a po, a yaa pai daataŋa ate wa poa ate ŋa peenti la a dueni peelim.","Jacob went to buy almonds, dates, and dried figs. He also bought some bread and cheese.",john_C904F397_output (2),,18.655692688963228,8.657107714332325,4.5540796963946875
"As Jacob was on his way back home, some of God's angels came and met him.","Jekob mɛ yaa lɔ wa suik po a cheŋ, ate Wen maarɔma yaa tu wa suik.","Jacob is going to the farm to plant corn, but Wen is going to the farm to harvest corn.",john_C904F397_output (2),,15.06488479071665,8.657107714332325,4.5540796963946875
So God created humans to be like himself; he made men and women.,"Dila Wen yaa nye nuru ase wadek la, wadek ale ka diila ate wa nye wa, nidoa ale nipok ate wa nye.","I am going to the river to bathe, bathe and then I will come back home, I will eat and then I will sleep.",onesimus_E33AE420_Dec 11 output,,17.060678217337415,8.657107714332325,4.5540796963946875
Noah did everything God told him to do.,Nowa yaa nye dii meena ti Wen weeni wa la.,"Nowa, you should go and see the doctor.",onesimus_E33AE420_Dec 11 output,,14.684139784946238,8.657107714332325,4.5540796963946875
"But God answered: No! You and Sarah will have a son. His name will be Isaac, and I will make an everlasting promise to him and his descendants.","Wen yaa weeni Abrayam ayen, m siak ya, alege fi powa Saara ale biak nidoabili ate fi te wa yuei ayen Aizik. M le basi ate mi ale wa nɔiyeŋka a zaani ate ka chim nɔiyeŋ kaai ale kaa kpeglim a te wa ŋaaŋbisaŋa ale bo wa ŋaaŋ cheen la.","When Abraham was old, his wife Sarah was also old. God had promised Abraham that Sarah would have a son, and she did have a son named Isaac. But Sarah was afraid that she would die before Isaac grew up, so she asked Abraham to swear to her that he would marry her maid Hagar and have a son with her. Abraham agreed to do this.",onesimus_E33AE420_Dec 11 output,,27.448482317976424,8.657107714332325,4.5540796963946875
Jacob cut branches from some poplar trees and from some almond and evergreen trees. He peeled off part of the bark and made the branches look spotted and speckled.,"Jekob yaa pai niak tiib ale almond tiib ale dapeelita tiib naŋ yɔgsisa ate ba che la a po, a yaa pai daataŋa ate wa poa ate ŋa peenti la a dueni peelim.","Jacob went to buy almonds, dates, and dried apricots. He wanted to make a cake for his friend's birthday.",onesimus_E33AE420_Dec 11 output,,18.050533725506863,8.657107714332325,4.5540796963946875
"As Jacob was on his way back home, some of God's angels came and met him.","Jekob mɛ yaa lɔ wa suik po a cheŋ, ate Wen maarɔma yaa tu wa suik.","Jacob is going to the market to buy fish, but Wen is going to the market to buy meat.",onesimus_E33AE420_Dec 11 output,,16.02169568185238,8.657107714332325,4.5540796963946875
So God created humans to be like himself; he made men and women.,"Dila Wen yaa nye nuru ase wadek la, wadek ale ka diila ate wa nye wa, nidoa ale nipok ate wa nye.","I am telling you the truth, the truth is that I will not go, I will stay here with you.",onesimus_48E85B7F_Dec 09 output,,11.518003229324693,8.657107714332325,4.5540796963946875
Noah did everything God told him to do.,Nowa yaa nye dii meena ti Wen weeni wa la.,Nowa is going to give meena to Wen weeni.,onesimus_48E85B7F_Dec 09 output,,13.07377541151504,8.657107714332325,4.5540796963946875
"But God answered: No! You and Sarah will have a son. His name will be Isaac, and I will make an everlasting promise to him and his descendants.","Wen yaa weeni Abrayam ayen, m siak ya, alege fi powa Saara ale biak nidoabili ate fi te wa yuei ayen Aizik. M le basi ate mi ale wa nɔiyeŋka a zaani ate ka chim nɔiyeŋ kaai ale kaa kpeglim a te wa ŋaaŋbisaŋa ale bo wa ŋaaŋ cheen la.","When Abraham was old, the Lord blessed Sarah his wife, and she conceived and bore a son to Abraham in his old age, Isaac. And Abraham circumcised his son Isaac when he was eight days old, as God had commanded him.",onesimus_48E85B7F_Dec 09 output,,25.007631543086006,8.657107714332325,4.5540796963946875
Jacob cut branches from some poplar trees and from some almond and evergreen trees. He peeled off part of the bark and made the branches look spotted and speckled.,"Jekob yaa pai niak tiib ale almond tiib ale dapeelita tiib naŋ yɔgsisa ate ba che la a po, a yaa pai daataŋa ate wa poa ate ŋa peenti la a dueni peelim.","Jacob went to the market to buy almonds, dates, and dried apricots. He also bought some bread and cheese.",onesimus_48E85B7F_Dec 09 output,,21.5416496959062,8.657107714332325,4.5540796963946875
"As Jacob was on his way back home, some of God's angels came and met him.","Jekob mɛ yaa lɔ wa suik po a cheŋ, ate Wen maarɔma yaa tu wa suik.","Jacob is going to the market to buy food, but Wen is going to the market to sell food.",onesimus_48E85B7F_Dec 09 output,,15.680468980271975,8.657107714332325,4.5540796963946875
So God created humans to be like himself; he made men and women.,"Dila Wen yaa nye nuru ase wadek la, wadek ale ka diila ate wa nye wa, nidoa ale nipok ate wa nye.","I am telling you the truth, the truth is that I am not lying to you, I am telling you the truth.",Dec 01 output,,12.41517100589278,8.657107714332325,4.5540796963946875
Noah did everything God told him to do.,Nowa yaa nye dii meena ti Wen weeni wa la.,Nowa is going to the market to buy fish.,Dec 01 output,,15.239695340501793,8.657107714332325,4.5540796963946875
"But God answered: No! You and Sarah will have a son. His name will be Isaac, and I will make an everlasting promise to him and his descendants.","Wen yaa weeni Abrayam ayen, m siak ya, alege fi powa Saara ale biak nidoabili ate fi te wa yuei ayen Aizik. M le basi ate mi ale wa nɔiyeŋka a zaani ate ka chim nɔiyeŋ kaai ale kaa kpeglim a te wa ŋaaŋbisaŋa ale bo wa ŋaaŋ cheen la.","When Abraham was old, his wife Sarah was also old. God had promised Abraham that Sarah would have a son, and she did give birth to Isaac. But Sarah was afraid that Isaac would be killed because he was the only son. So she told Abraham to take Isaac and go to a place where no one knew them, and there they would be safe.",Dec 01 output,,27.98777275130583,8.657107714332325,4.5540796963946875
Jacob cut branches from some poplar trees and from some almond and evergreen trees. He peeled off part of the bark and made the branches look spotted and speckled.,"Jekob yaa pai niak tiib ale almond tiib ale dapeelita tiib naŋ yɔgsisa ate ba che la a po, a yaa pai daataŋa ate wa poa ate ŋa peenti la a dueni peelim.","Jacob went to buy almonds, dates, and figs. He wanted to make a cake for his friend, but he didn't have enough money.",Dec 01 output,,19.275813512367698,8.657107714332325,4.5540796963946875
"As Jacob was on his way back home, some of God's angels came and met him.","Jekob mɛ yaa lɔ wa suik po a cheŋ, ate Wen maarɔma yaa tu wa suik.","Jacob is going to the farm to plant corn, but Wen wants to go to the farm too.",Dec 01 output,,15.205005073046129,8.657107714332325,4.5540796963946875
So God created humans to be like himself; he made men and women.,"Dila Wen yaa nye nuru ase wadek la, wadek ale ka diila ate wa nye wa, nidoa ale nipok ate wa nye.","I am telling you the truth, the truth is that I am not lying to you, I am telling you the truth.",gerhardt_80805CFE_output_7z6RFo,,12.41517100589278,8.657107714332325,4.5540796963946875
Noah did everything God told him to do.,Nowa yaa nye dii meena ti Wen weeni wa la.,"Nowa, you should go and see the woman who lives over there.",gerhardt_80805CFE_output_7z6RFo,,15.7505324846759,8.657107714332325,4.5540796963946875
"But God answered: No! You and Sarah will have a son. His name will be Isaac, and I will make an everlasting promise to him and his descendants.","Wen yaa weeni Abrayam ayen, m siak ya, alege fi powa Saara ale biak nidoabili ate fi te wa yuei ayen Aizik. M le basi ate mi ale wa nɔiyeŋka a zaani ate ka chim nɔiyeŋ kaai ale kaa kpeglim a te wa ŋaaŋbisaŋa ale bo wa ŋaaŋ cheen la.","When Abraham was old, his wife Sarah was barren and unable to conceive. But God promised Abraham that Sarah would bear him a son, and she did give birth to Isaac. I will bless her and also give you many descendants, as numerous as the stars in the sky and as countless as the sand on the seashore.",gerhardt_80805CFE_output_7z6RFo,,33.68640676545095,8.657107714332325,4.5540796963946875
Jacob cut branches from some poplar trees and from some almond and evergreen trees. He peeled off part of the bark and made the branches look spotted and speckled.,"Jekob yaa pai niak tiib ale almond tiib ale dapeelita tiib naŋ yɔgsisa ate ba che la a po, a yaa pai daataŋa ate wa poa ate ŋa peenti la a dueni peelim.","Jacob went to the market to buy almonds, dates, and dried figs. He wanted to make a cake for his friend, but he didn't have enough money.",gerhardt_80805CFE_output_7z6RFo,,21.1082903642643,8.657107714332325,4.5540796963946875
"As Jacob was on his way back home, some of God's angels came and met him.","Jekob mɛ yaa lɔ wa suik po a cheŋ, ate Wen maarɔma yaa tu wa suik.","Jacob is going to the market to buy salt, but Wen is also going to the market.",gerhardt_80805CFE_output_7z6RFo,,16.291517939083104,8.657107714332325,4.5540796963946875
So God created humans to be like himself; he made men and women.,"Dila Wen yaa nye nuru ase wadek la, wadek ale ka diila ate wa nye wa, nidoa ale nipok ate wa nye.",,output_JA-3,,,8.657107714332325,4.5540796963946875
Noah did everything God told him to do.,Nowa yaa nye dii meena ti Wen weeni wa la.,,output_JA-3,,,8.657107714332325,4.5540796963946875
"But God answered: No! You and Sarah will have a son. His name will be Isaac, and I will make an everlasting promise to him and his descendants.","Wen yaa weeni Abrayam ayen, m siak ya, alege fi powa Saara ale biak nidoabili ate fi te wa yuei ayen Aizik. M le basi ate mi ale wa nɔiyeŋka a zaani ate ka chim nɔiyeŋ kaai ale kaa kpeglim a te wa ŋaaŋbisaŋa ale bo wa ŋaaŋ cheen la.",,output_JA-3,,,8.657107714332325,4.5540796963946875
Jacob cut branches from some poplar trees and from some almond and evergreen trees. He peeled off part of the bark and made the branches look spotted and speckled.,"Jekob yaa pai niak tiib ale almond tiib ale dapeelita tiib naŋ yɔgsisa ate ba che la a po, a yaa pai daataŋa ate wa poa ate ŋa peenti la a dueni peelim.",,output_JA-3,,,8.657107714332325,4.5540796963946875
"As Jacob was on his way back home, some of God's angels came and met him.","Jekob mɛ yaa lɔ wa suik po a cheŋ, ate Wen maarɔma yaa tu wa suik.",,output_JA-3,,,8.657107714332325,4.5540796963946875
So God created humans to be like himself; he made men and women.,"Dila Wen yaa nye nuru ase wadek la, wadek ale ka diila ate wa nye wa, nidoa ale nipok ate wa nye.","The sun is setting, the birds are returning to their nests, and the children are coming home from playing.",Dec 06 output,,16.698011690263577,8.657107714332325,4.5540796963946875
Noah did everything God told him to do.,Nowa yaa nye dii meena ti Wen weeni wa la.,Nowa is going to the market to buy fish.,Dec 06 output,,15.239695340501793,8.657107714332325,4.5540796963946875
"But God answered: No! You and Sarah will have a son. His name will be Isaac, and I will make an everlasting promise to him and his descendants.","Wen yaa weeni Abrayam ayen, m siak ya, alege fi powa Saara ale biak nidoabili ate fi te wa yuei ayen Aizik. M le basi ate mi ale wa nɔiyeŋka a zaani ate ka chim nɔiyeŋ kaai ale kaa kpeglim a te wa ŋaaŋbisaŋa ale bo wa ŋaaŋ cheen la.","When Abraham was old, his wife Sarah was also old. God had promised Abraham that Sarah would have a son, and she did give birth to Isaac. I will bless her and also give her many descendants, so that her descendants will be as numerous as the stars in the sky and as the sand on the seashore.",Dec 06 output,,34.60390621198973,8.657107714332325,4.5540796963946875
Jacob cut branches from some poplar trees and from some almond and evergreen trees. He peeled off part of the bark and made the branches look spotted and speckled.,"Jekob yaa pai niak tiib ale almond tiib ale dapeelita tiib naŋ yɔgsisa ate ba che la a po, a yaa pai daataŋa ate wa poa ate ŋa peenti la a dueni peelim.","Jacob went to the market to buy almonds, dates, and dried figs. He bought a lot of dates and figs, but only a little bit of almonds.",Dec 06 output,,21.16825220568567,8.657107714332325,4.5540796963946875
"As Jacob was on his way back home, some of God's angels came and met him.","Jekob mɛ yaa lɔ wa suik po a cheŋ, ate Wen maarɔma yaa tu wa suik.","Jacob is going to the farm to plant corn, but Wen is going to the farm to harvest corn.",Dec 06 output,,15.06488479071665,8.657107714332325,4.5540796963946875
So God created humans to be like himself; he made men and women.,"Dila Wen yaa nye nuru ase wadek la, wadek ale ka diila ate wa nye wa, nidoa ale nipok ate wa nye.","I am going to tell you a story, a story that happened to me, listen carefully to what I am going to say.",onesimus_C6D92021_Dec 02 output,,15.310953391052607,8.657107714332325,4.5540796963946875
Noah did everything God told him to do.,Nowa yaa nye dii meena ti Wen weeni wa la.,Nowa is going to the market to buy meat.,onesimus_C6D92021_Dec 02 output,,14.198028673835125,8.657107714332325,4.5540796963946875
"But God answered: No! You and Sarah will have a son. His name will be Isaac, and I will make an everlasting promise to him and his descendants.","Wen yaa weeni Abrayam ayen, m siak ya, alege fi powa Saara ale biak nidoabili ate fi te wa yuei ayen Aizik. M le basi ate mi ale wa nɔiyeŋka a zaani ate ka chim nɔiyeŋ kaai ale kaa kpeglim a te wa ŋaaŋbisaŋa ale bo wa ŋaaŋ cheen la.","When Abraham was old, his wife Sarah was also old. God had stopped her from having children. But God said to Abraham, ""Sarah will have a son, and you will name him Isaac."" Abraham believed God, and Sarah became pregnant and gave birth to a son. Abraham circumcised his son Isaac when he was eight days old, as God had commanded him.",onesimus_C6D92021_Dec 02 output,,33.3110166424546,8.657107714332325,4.5540796963946875
Jacob cut branches from some poplar trees and from some almond and evergreen trees. He peeled off part of the bark and made the branches look spotted and speckled.,"Jekob yaa pai niak tiib ale almond tiib ale dapeelita tiib naŋ yɔgsisa ate ba che la a po, a yaa pai daataŋa ate wa poa ate ŋa peenti la a dueni peelim.","Jacob went to buy almonds, dates, and figs. He also bought some bread and cheese, and he ate them all.",onesimus_C6D92021_Dec 02 output,,21.422175970416703,8.657107714332325,4.5540796963946875
"As Jacob was on his way back home, some of God's angels came and met him.","Jekob mɛ yaa lɔ wa suik po a cheŋ, ate Wen maarɔma yaa tu wa suik.","Jacob is going to the market to buy some sugar, but Wen is also going to the market.",onesimus_C6D92021_Dec 02 output,,18.294676816497297,8.657107714332325,4.5540796963946875
So God created humans to be like himself; he made men and women.,"Dila Wen yaa nye nuru ase wadek la, wadek ale ka diila ate wa nye wa, nidoa ale nipok ate wa nye.","I am going to the market to buy some food, I will come back soon.",Jan output 1 ,,16.550403501198545,8.657107714332325,4.5540796963946875
Noah did everything God told him to do.,Nowa yaa nye dii meena ti Wen weeni wa la.,Nowa is going to the market to buy fish.,Jan output 1 ,,15.239695340501793,8.657107714332325,4.5540796963946875
"But God answered: No! You and Sarah will have a son. His name will be Isaac, and I will make an everlasting promise to him and his descendants.","Wen yaa weeni Abrayam ayen, m siak ya, alege fi powa Saara ale biak nidoabili ate fi te wa yuei ayen Aizik. M le basi ate mi ale wa nɔiyeŋka a zaani ate ka chim nɔiyeŋ kaai ale kaa kpeglim a te wa ŋaaŋbisaŋa ale bo wa ŋaaŋ cheen la.","When Abraham was old, the Lord appeared to him and said, ""I will bless Sarah, and she will bear you a son, and you shall call his name Isaac. I will establish my covenant with him as an everlasting covenant for his descendants after him.""",Jan output 1 ,,44.38598350875322,8.657107714332325,4.5540796963946875
Jacob cut branches from some poplar trees and from some almond and evergreen trees. He peeled off part of the bark and made the branches look spotted and speckled.,"Jekob yaa pai niak tiib ale almond tiib ale dapeelita tiib naŋ yɔgsisa ate ba che la a po, a yaa pai daataŋa ate wa poa ate ŋa peenti la a dueni peelim.","Jacob went to the market to buy almonds, dates, and dried apricots. He wanted to make a special dessert for his family.",Jan output 1 ,,20.628639704567625,8.657107714332325,4.5540796963946875
"As Jacob was on his way back home, some of God's angels came and met him.","Jekob mɛ yaa lɔ wa suik po a cheŋ, ate Wen maarɔma yaa tu wa suik.","Jacob is going to the farm to get some food, but Wen is going to the market to get some food.",Jan output 1 ,,18.496053080136505,8.657107714332325,4.5540796963946875
So God created humans to be like himself; he made men and women.,"Dila Wen yaa nye nuru ase wadek la, wadek ale ka diila ate wa nye wa, nidoa ale nipok ate wa nye.","I am going to the river to bathe, I will come back when I am done bathing.",onesimus_5B146D14_Dec 05 output,,14.796801749044558,8.657107714332325,4.5540796963946875
Noah did everything God told him to do.,Nowa yaa nye dii meena ti Wen weeni wa la.,Nowa is going to give meena to Wen weeni.,onesimus_5B146D14_Dec 05 output,,13.07377541151504,8.657107714332325,4.5540796963946875
"But God answered: No! You and Sarah will have a son. His name will be Isaac, and I will make an everlasting promise to him and his descendants.","Wen yaa weeni Abrayam ayen, m siak ya, alege fi powa Saara ale biak nidoabili ate fi te wa yuei ayen Aizik. M le basi ate mi ale wa nɔiyeŋka a zaani ate ka chim nɔiyeŋ kaai ale kaa kpeglim a te wa ŋaaŋbisaŋa ale bo wa ŋaaŋ cheen la.","When Abraham was old, he and Sarah his wife were barren. But God visited Sarah and she conceived and bore a son for Abraham in his old age, Isaac. And Abraham circumcised his son Isaac when he was eight days old, as God had commanded him.",onesimus_5B146D14_Dec 05 output,,27.475286939500343,8.657107714332325,4.5540796963946875
Jacob cut branches from some poplar trees and from some almond and evergreen trees. He peeled off part of the bark and made the branches look spotted and speckled.,"Jekob yaa pai niak tiib ale almond tiib ale dapeelita tiib naŋ yɔgsisa ate ba che la a po, a yaa pai daataŋa ate wa poa ate ŋa peenti la a dueni peelim.","Jacob went to the market to buy almonds, dates, and dried apricots. He bought a lot of dates and a little bit of almonds and apricots.",onesimus_5B146D14_Dec 05 output,,21.960306367393397,8.657107714332325,4.5540796963946875
"As Jacob was on his way back home, some of God's angels came and met him.","Jekob mɛ yaa lɔ wa suik po a cheŋ, ate Wen maarɔma yaa tu wa suik.","Jacob is going to the market to buy some salt, but Wen is also going to the market.",onesimus_5B146D14_Dec 05 output,,18.356689064364186,8.657107714332325,4.5540796963946875
Jacob also told the men in charge of the second and third herds and those who followed to say the same thing when they met Esau.,"Wa ŋman weeni waai ale pai a saŋ buyewa la, ale waai ale a saari butawa, ale baai meena ale a vi duŋsaŋa ba beŋ beŋka la. Ate wa weeni ba ayen ni magsi ni weeni Iisɔ ka wa yeŋ ase nama nin tu wa suik.","He went to the market to buy some food, he bought some rice, some beans, and some fish. Then he came back home and cooked the food for his family to eat.",output_eliasd,0.1969164,21.945496769489832,8.657107714332325,4.5540796963946875
"Abram returned after he had defeated King Chedorlaomer and the other kings. Then the king of Sodom went to meet Abram in Shaveh Valley, which is also known as King's Valley.","Abram ale nak Chedorlaomer ale nalimaŋa ale nye nɔiyeŋka ale wa a dɛ la, Sodom naawa a yaa nyini ayen wa tu wa Saveya Viaka po. Viaka jam ka Naawa Viak le la.","Abram heard that Chedorlaomer had taken Lot, his nephew, and all his possessions, and had gone as far as Sodom and Gomorrah. Now Sodom and Gomorrah were allied with each other.",output_eliasd,0.6236259,26.54083773378263,8.657107714332325,4.5540796963946875
"Ham entered the tent and saw him naked, then went back outside and told his brothers.",Keenan kowa Yɛm yaa nya wa kowa chaboalaŋa a yaa weeni wa suataŋa bayewa ale bo peelim la.,"Keenan, the one who is called Yɛm, wants to go and see the one who is called Chaboalaŋa, who is said to be a great healer.",output_eliasd,0.1599877,20.918804756120185,8.657107714332325,4.5540796963946875
"Then God put winged creatures at the entrance to the garden and a flaming, flashing sword to guard the way to the life-giving tree.","Wa le yiak wa nueri la, wa yaa basi ate ŋanvuta a za Eden Talimu kori geŋ ale gebi kpieŋ a yuk ayen suik kan boro a taam nyuvuri tiimu jigini.","They went to the place where they were born, and they said, ""Let us go back to the garden of Eden, where we were before we were separated from each other.""",output_eliasd,0.43122375,25.526821006394474,8.657107714332325,4.5540796963946875
"“My son,” Isaac answered, “I have made Jacob the ruler over you and your brothers, and all of you will be his servants. I have also promised him all the grain and grapes that he needs. There's nothing left that I can do for you.”","Aizik yaa tulisi ayen, <<Mi basi ate wa chim ka kpagi fi zuk ale basi ate wa mabisaŋa meena a chim wa tomteerɔba, ale niak wa ale kpari ŋanta ale da paalik ayen ba maari wa. M baga a nye ka boa a te fu, m biiga?>>","Aizik said, ""I am going to tell you something. If you see a woman who is beautiful and has a good body, and she is wearing a short skirt, don't look at her. If you look at her, you will be tempted to have sex with her. I am telling you this because I care about you.""",output_eliasd,0.2563965,25.780146187198312,8.657107714332325,4.5540796963946875
So God created humans to be like himself; he made men and women.,"Dila Wen yaa nye nuru ase wadek la, wadek ale ka diila ate wa nye wa, nidoa ale nipok ate wa nye.","I am telling you the truth, the truth is that I am not lying to you, I am telling you the truth.",gerhardt_428C0151_output_jQjr1f,,12.41517100589278,8.657107714332325,4.5540796963946875
Noah did everything God told him to do.,Nowa yaa nye dii meena ti Wen weeni wa la.,Nowa is going to give meena to Wen weeni.,gerhardt_428C0151_output_jQjr1f,,13.07377541151504,8.657107714332325,4.5540796963946875
"But God answered: No! You and Sarah will have a son. His name will be Isaac, and I will make an everlasting promise to him and his descendants.","Wen yaa weeni Abrayam ayen, m siak ya, alege fi powa Saara ale biak nidoabili ate fi te wa yuei ayen Aizik. M le basi ate mi ale wa nɔiyeŋka a zaani ate ka chim nɔiyeŋ kaai ale kaa kpeglim a te wa ŋaaŋbisaŋa ale bo wa ŋaaŋ cheen la.","When Abraham was old, his wife Sarah was also old. God had promised Abraham that Sarah would have a son, and she did have a son, Isaac. But Sarah was afraid that Isaac would be killed, so she told Abraham to take Isaac and go to a different land. Abraham listened to his wife and took Isaac to the land of the Philistines.",gerhardt_428C0151_output_jQjr1f,,29.34277344156645,8.657107714332325,4.5540796963946875
Jacob cut branches from some poplar trees and from some almond and evergreen trees. He peeled off part of the bark and made the branches look spotted and speckled.,"Jekob yaa pai niak tiib ale almond tiib ale dapeelita tiib naŋ yɔgsisa ate ba che la a po, a yaa pai daataŋa ate wa poa ate ŋa peenti la a dueni peelim.","Jacob went to buy almonds, dates, and figs. He bought a lot of almonds, a few dates, and a little bit of figs.",gerhardt_428C0151_output_jQjr1f,,18.295614842825465,8.657107714332325,4.5540796963946875
"As Jacob was on his way back home, some of God's angels came and met him.","Jekob mɛ yaa lɔ wa suik po a cheŋ, ate Wen maarɔma yaa tu wa suik.","Jacob went to the market to buy salt, but Wen also went to the market to buy salt.",gerhardt_428C0151_output_jQjr1f,,16.75268085902035,8.657107714332325,4.5540796963946875
So God created humans to be like himself; he made men and women.,"Dila Wen yaa nye nuru ase wadek la, wadek ale ka diila ate wa nye wa, nidoa ale nipok ate wa nye.","The sun is setting, the birds are returning to their nests, and the children are coming home from playing.",gerhardt_E4DFEBFE_output_T8d1lo,,16.698011690263577,8.657107714332325,4.5540796963946875
Noah did everything God told him to do.,Nowa yaa nye dii meena ti Wen weeni wa la.,Nowa is going to the market to buy meat.,gerhardt_E4DFEBFE_output_T8d1lo,,14.198028673835125,8.657107714332325,4.5540796963946875
"But God answered: No! You and Sarah will have a son. His name will be Isaac, and I will make an everlasting promise to him and his descendants.","Wen yaa weeni Abrayam ayen, m siak ya, alege fi powa Saara ale biak nidoabili ate fi te wa yuei ayen Aizik. M le basi ate mi ale wa nɔiyeŋka a zaani ate ka chim nɔiyeŋ kaai ale kaa kpeglim a te wa ŋaaŋbisaŋa ale bo wa ŋaaŋ cheen la.","When Abraham was old, his wife Sarah was also old. God had promised Abraham that Sarah would have a son, and she did have a son when she was very old. Abraham named him Isaac. God blessed Isaac and made him very successful. He gave him many flocks and herds and servants, and he made him a very wealthy man.",gerhardt_E4DFEBFE_output_T8d1lo,,29.010934416866885,8.657107714332325,4.5540796963946875
Jacob cut branches from some poplar trees and from some almond and evergreen trees. He peeled off part of the bark and made the branches look spotted and speckled.,"Jekob yaa pai niak tiib ale almond tiib ale dapeelita tiib naŋ yɔgsisa ate ba che la a po, a yaa pai daataŋa ate wa poa ate ŋa peenti la a dueni peelim.","Jacob went to buy almonds, dates, and dried figs. He also bought some bread and cheese.",gerhardt_E4DFEBFE_output_T8d1lo,,18.655692688963228,8.657107714332325,4.5540796963946875
"As Jacob was on his way back home, some of God's angels came and met him.","Jekob mɛ yaa lɔ wa suik po a cheŋ, ate Wen maarɔma yaa tu wa suik.","Jacob is going to the market to buy fish, but Wen wants to go to the market too.",gerhardt_E4DFEBFE_output_T8d1lo,,15.94846412303243,8.657107714332325,4.5540796963946875
So God created humans to be like himself; he made men and women.,"Dila Wen yaa nye nuru ase wadek la, wadek ale ka diila ate wa nye wa, nidoa ale nipok ate wa nye.","I am going to the market to buy some food, I will come back soon.",onesimus_4838858E_Jan output 1 ,,16.550403501198545,8.657107714332325,4.5540796963946875
Noah did everything God told him to do.,Nowa yaa nye dii meena ti Wen weeni wa la.,Nowa is going to the market to buy fish.,onesimus_4838858E_Jan output 1 ,,15.239695340501793,8.657107714332325,4.5540796963946875
"But God answered: No! You and Sarah will have a son. His name will be Isaac, and I will make an everlasting promise to him and his descendants.","Wen yaa weeni Abrayam ayen, m siak ya, alege fi powa Saara ale biak nidoabili ate fi te wa yuei ayen Aizik. M le basi ate mi ale wa nɔiyeŋka a zaani ate ka chim nɔiyeŋ kaai ale kaa kpeglim a te wa ŋaaŋbisaŋa ale bo wa ŋaaŋ cheen la.","When Abraham was old, the Lord appeared to him and said, ""I will bless Sarah, and she will bear you a son, and you shall call his name Isaac. I will establish my covenant with him as an everlasting covenant for his descendants after him.""",onesimus_4838858E_Jan output 1 ,,44.38598350875322,8.657107714332325,4.5540796963946875
Jacob cut branches from some poplar trees and from some almond and evergreen trees. He peeled off part of the bark and made the branches look spotted and speckled.,"Jekob yaa pai niak tiib ale almond tiib ale dapeelita tiib naŋ yɔgsisa ate ba che la a po, a yaa pai daataŋa ate wa poa ate ŋa peenti la a dueni peelim.","Jacob went to the market to buy almonds, dates, and dried apricots. He wanted to make a special dessert for his family.",onesimus_4838858E_Jan output 1 ,,20.628639704567625,8.657107714332325,4.5540796963946875
"As Jacob was on his way back home, some of God's angels came and met him.","Jekob mɛ yaa lɔ wa suik po a cheŋ, ate Wen maarɔma yaa tu wa suik.","Jacob is going to the farm to get some food, but Wen is going to the market to get some food.",onesimus_4838858E_Jan output 1 ,,18.496053080136505,8.657107714332325,4.5540796963946875
So God created humans to be like himself; he made men and women.,"Dila Wen yaa nye nuru ase wadek la, wadek ale ka diila ate wa nye wa, nidoa ale nipok ate wa nye.","I am going to tell you a story, a story that happened to me, listen carefully to what I am going to say.",gerhardt_2F3FAF10_output (1),,15.310953391052607,8.657107714332325,4.5540796963946875
Noah did everything God told him to do.,Nowa yaa nye dii meena ti Wen weeni wa la.,Nowa is going to the market to buy meat.,gerhardt_2F3FAF10_output (1),,14.198028673835125,8.657107714332325,4.5540796963946875
"But God answered: No! You and Sarah will have a son. His name will be Isaac, and I will make an everlasting promise to him and his descendants.","Wen yaa weeni Abrayam ayen, m siak ya, alege fi powa Saara ale biak nidoabili ate fi te wa yuei ayen Aizik. M le basi ate mi ale wa nɔiyeŋka a zaani ate ka chim nɔiyeŋ kaai ale kaa kpeglim a te wa ŋaaŋbisaŋa ale bo wa ŋaaŋ cheen la.","When Abraham was old, his wife Sarah was also old. God had promised Sarah that she would have a child, but she was too old to have a child. God kept his promise and Sarah had a son named Isaac. God blessed Isaac and gave him many descendants.",gerhardt_2F3FAF10_output (1),,34.7491315739737,8.657107714332325,4.5540796963946875
Jacob cut branches from some poplar trees and from some almond and evergreen trees. He peeled off part of the bark and made the branches look spotted and speckled.,"Jekob yaa pai niak tiib ale almond tiib ale dapeelita tiib naŋ yɔgsisa ate ba che la a po, a yaa pai daataŋa ate wa poa ate ŋa peenti la a dueni peelim.","Jacob went to buy almonds, dates, and dried figs. He wanted to make a cake, but he didn't have enough flour.",gerhardt_2F3FAF10_output (1),,18.1564400383359,8.657107714332325,4.5540796963946875
"As Jacob was on his way back home, some of God's angels came and met him.","Jekob mɛ yaa lɔ wa suik po a cheŋ, ate Wen maarɔma yaa tu wa suik.","Jacob is going to buy some fish, but Wen wants to buy some too.",gerhardt_2F3FAF10_output (1),,18.254450177454373,8.657107714332325,4.5540796963946875
So God created humans to be like himself; he made men and women.,"Dila Wen yaa nye nuru ase wadek la, wadek ale ka diila ate wa nye wa, nidoa ale nipok ate wa nye.","The sun is setting, the birds are returning to their nests, and the children are coming home from playing.",onesimus_778C5456_Dec 06 output,,16.698011690263577,8.657107714332325,4.5540796963946875
Noah did everything God told him to do.,Nowa yaa nye dii meena ti Wen weeni wa la.,Nowa is going to the market to buy fish.,onesimus_778C5456_Dec 06 output,,15.239695340501793,8.657107714332325,4.5540796963946875
"But God answered: No! You and Sarah will have a son. His name will be Isaac, and I will make an everlasting promise to him and his descendants.","Wen yaa weeni Abrayam ayen, m siak ya, alege fi powa Saara ale biak nidoabili ate fi te wa yuei ayen Aizik. M le basi ate mi ale wa nɔiyeŋka a zaani ate ka chim nɔiyeŋ kaai ale kaa kpeglim a te wa ŋaaŋbisaŋa ale bo wa ŋaaŋ cheen la.","When Abraham was old, his wife Sarah was also old. God had promised Abraham that Sarah would have a son, and she did give birth to Isaac. I will bless her and also give her many descendants, so that her descendants will be as numerous as the stars in the sky and as the sand on the seashore.",onesimus_778C5456_Dec 06 output,,34.60390621198973,8.657107714332325,4.5540796963946875
Jacob cut branches from some poplar trees and from some almond and evergreen trees. He peeled off part of the bark and made the branches look spotted and speckled.,"Jekob yaa pai niak tiib ale almond tiib ale dapeelita tiib naŋ yɔgsisa ate ba che la a po, a yaa pai daataŋa ate wa poa ate ŋa peenti la a dueni peelim.","Jacob went to the market to buy almonds, dates, and dried figs. He bought a lot of dates and figs, but only a little bit of almonds.",onesimus_778C5456_Dec 06 output,,21.16825220568567,8.657107714332325,4.5540796963946875
"As Jacob was on his way back home, some of God's angels came and met him.","Jekob mɛ yaa lɔ wa suik po a cheŋ, ate Wen maarɔma yaa tu wa suik.","Jacob is going to the farm to plant corn, but Wen is going to the farm to harvest corn.",onesimus_778C5456_Dec 06 output,,15.06488479071665,8.657107714332325,4.5540796963946875
So God created humans to be like himself; he made men and women.,"Dila Wen yaa nye nuru ase wadek la, wadek ale ka diila ate wa nye wa, nidoa ale nipok ate wa nye.","I am going to the farm to work, I will come back when I finish, I will bring some food for you.",gerhardt_E3C23636_output_AHjhdB,,14.237953933447248,8.657107714332325,4.5540796963946875
Noah did everything God told him to do.,Nowa yaa nye dii meena ti Wen weeni wa la.,Nowa is going to the market to buy some fish.,gerhardt_E3C23636_output_AHjhdB,,15.372780860387024,8.657107714332325,4.5540796963946875
"But God answered: No! You and Sarah will have a son. His name will be Isaac, and I will make an everlasting promise to him and his descendants.","Wen yaa weeni Abrayam ayen, m siak ya, alege fi powa Saara ale biak nidoabili ate fi te wa yuei ayen Aizik. M le basi ate mi ale wa nɔiyeŋka a zaani ate ka chim nɔiyeŋ kaai ale kaa kpeglim a te wa ŋaaŋbisaŋa ale bo wa ŋaaŋ cheen la.","When Abraham was old, his wife Sarah was also old. God had promised Abraham that Sarah would have a son, and she did have a son when she was very old. Abraham named him Isaac. God blessed Abraham in many ways, and he gave him many possessions, including flocks of sheep and goats, and many servants.",gerhardt_E3C23636_output_AHjhdB,,28.825588538202517,8.657107714332325,4.5540796963946875
Jacob cut branches from some poplar trees and from some almond and evergreen trees. He peeled off part of the bark and made the branches look spotted and speckled.,"Jekob yaa pai niak tiib ale almond tiib ale dapeelita tiib naŋ yɔgsisa ate ba che la a po, a yaa pai daataŋa ate wa poa ate ŋa peenti la a dueni peelim.","Jacob went to buy almonds, dates, and dried figs. He wanted to make a cake for his mother, who was sick.",gerhardt_E3C23636_output_AHjhdB,,17.466863825806897,8.657107714332325,4.5540796963946875
"As Jacob was on his way back home, some of God's angels came and met him.","Jekob mɛ yaa lɔ wa suik po a cheŋ, ate Wen maarɔma yaa tu wa suik.","Jacob is going to the farm to plant corn, but Wen is going to the farm to harvest corn.",gerhardt_E3C23636_output_AHjhdB,,15.06488479071665,8.657107714332325,4.5540796963946875
So God created humans to be like himself; he made men and women.,"Dila Wen yaa nye nuru ase wadek la, wadek ale ka diila ate wa nye wa, nidoa ale nipok ate wa nye.","The one who is called Wen, he is not good, he is bad, he does not want to listen to us, he does not want to help us.",Dec 12 output,,15.214012667672726,8.657107714332325,4.5540796963946875
Noah did everything God told him to do.,Nowa yaa nye dii meena ti Wen weeni wa la.,Nowa is going to give meena to Wen weeni.,Dec 12 output,,13.07377541151504,8.657107714332325,4.5540796963946875
"But God answered: No! You and Sarah will have a son. His name will be Isaac, and I will make an everlasting promise to him and his descendants.","Wen yaa weeni Abrayam ayen, m siak ya, alege fi powa Saara ale biak nidoabili ate fi te wa yuei ayen Aizik. M le basi ate mi ale wa nɔiyeŋka a zaani ate ka chim nɔiyeŋ kaai ale kaa kpeglim a te wa ŋaaŋbisaŋa ale bo wa ŋaaŋ cheen la.","When Abraham was old, his wife Sarah was also old. God had promised Abraham that Sarah would have a son, and she did give birth to Isaac. But Sarah was afraid that Isaac would be killed because he was the only son. So she told Abraham to take Isaac and go to a place where no one knew them.",Dec 12 output,,28.236845599834588,8.657107714332325,4.5540796963946875
Jacob cut branches from some poplar trees and from some almond and evergreen trees. He peeled off part of the bark and made the branches look spotted and speckled.,"Jekob yaa pai niak tiib ale almond tiib ale dapeelita tiib naŋ yɔgsisa ate ba che la a po, a yaa pai daataŋa ate wa poa ate ŋa peenti la a dueni peelim.","Jacob went to the market to buy almonds, dates, and dried figs. He bought a lot of dates and figs, and a little bit of almonds.",Dec 12 output,,21.825388872567423,8.657107714332325,4.5540796963946875
"As Jacob was on his way back home, some of God's angels came and met him.","Jekob mɛ yaa lɔ wa suik po a cheŋ, ate Wen maarɔma yaa tu wa suik.","Jacob is going to the farm to get some food, but Wen is going to the farm too.",Dec 12 output,,16.961749378117986,8.657107714332325,4.5540796963946875
So God created humans to be like himself; he made men and women.,"Dila Wen yaa nye nuru ase wadek la, wadek ale ka diila ate wa nye wa, nidoa ale nipok ate wa nye.","I am going to the farm to work, I will come back when I finish, don't worry about me.",onesimus_CF2838B3_Dec 03 output,,14.293151363244668,8.657107714332325,4.5540796963946875
Noah did everything God told him to do.,Nowa yaa nye dii meena ti Wen weeni wa la.,Nowa is going to bring meena to Wen weeni's house.,onesimus_CF2838B3_Dec 03 output,,12.926726691505069,8.657107714332325,4.5540796963946875
"But God answered: No! You and Sarah will have a son. His name will be Isaac, and I will make an everlasting promise to him and his descendants.","Wen yaa weeni Abrayam ayen, m siak ya, alege fi powa Saara ale biak nidoabili ate fi te wa yuei ayen Aizik. M le basi ate mi ale wa nɔiyeŋka a zaani ate ka chim nɔiyeŋ kaai ale kaa kpeglim a te wa ŋaaŋbisaŋa ale bo wa ŋaaŋ cheen la.","When Abraham was old, his wife Sarah was barren and unable to conceive. But God promised him that Sarah would bear a son, and she did give birth to Isaac. He circumcised him on the eighth day, as God had commanded him.",onesimus_CF2838B3_Dec 03 output,,28.42744432656506,8.657107714332325,4.5540796963946875
Jacob cut branches from some poplar trees and from some almond and evergreen trees. He peeled off part of the bark and made the branches look spotted and speckled.,"Jekob yaa pai niak tiib ale almond tiib ale dapeelita tiib naŋ yɔgsisa ate ba che la a po, a yaa pai daataŋa ate wa poa ate ŋa peenti la a dueni peelim.","Jacob went to buy almonds, dates, and dried apricots. He wanted to make a cake, but he didn't have enough flour.",onesimus_CF2838B3_Dec 03 output,,18.96698338147979,8.657107714332325,4.5540796963946875
"As Jacob was on his way back home, some of God's angels came and met him.","Jekob mɛ yaa lɔ wa suik po a cheŋ, ate Wen maarɔma yaa tu wa suik.","Jacob is going to the farm to get some food, but Wen is also going to the farm.",onesimus_CF2838B3_Dec 03 output,,18.907162736439524,8.657107714332325,4.5540796963946875
So God created humans to be like himself; he made men and women.,"Dila Wen yaa nye nuru ase wadek la, wadek ale ka diila ate wa nye wa, nidoa ale nipok ate wa nye.","I am going to the farm to work, I will come back when I finish, I will bring some food for you.",john_BA3F5F9A_output (3),,14.237953933447248,8.657107714332325,4.5540796963946875
Noah did everything God told him to do.,Nowa yaa nye dii meena ti Wen weeni wa la.,Nowa is going to give meena to Wen weeni's mother.,john_BA3F5F9A_output (3),,15.437317781721404,8.657107714332325,4.5540796963946875
"But God answered: No! You and Sarah will have a son. His name will be Isaac, and I will make an everlasting promise to him and his descendants.","Wen yaa weeni Abrayam ayen, m siak ya, alege fi powa Saara ale biak nidoabili ate fi te wa yuei ayen Aizik. M le basi ate mi ale wa nɔiyeŋka a zaani ate ka chim nɔiyeŋ kaai ale kaa kpeglim a te wa ŋaaŋbisaŋa ale bo wa ŋaaŋ cheen la.","When Abraham was old, his wife Sarah was also old. God had promised them a son, but Sarah was barren and unable to conceive. So, Abraham took Hagar, Sarah's maidservant, as a wife. Hagar conceived and bore a son named Ishmael. But God had a plan for Abraham and Sarah to have a son of their own, Isaac.",john_BA3F5F9A_output (3),,30.587843986788005,8.657107714332325,4.5540796963946875
Jacob cut branches from some poplar trees and from some almond and evergreen trees. He peeled off part of the bark and made the branches look spotted and speckled.,"Jekob yaa pai niak tiib ale almond tiib ale dapeelita tiib naŋ yɔgsisa ate ba che la a po, a yaa pai daataŋa ate wa poa ate ŋa peenti la a dueni peelim.","Jacob went to the market to buy almonds, dates, and dried mangoes. He bought a lot of them, and he went home to eat them with his family.",john_BA3F5F9A_output (3),,22.207036828639016,8.657107714332325,4.5540796963946875
"As Jacob was on his way back home, some of God's angels came and met him.","Jekob mɛ yaa lɔ wa suik po a cheŋ, ate Wen maarɔma yaa tu wa suik.","Jacob went to the farm to work, but Wen stayed home to cook.",john_BA3F5F9A_output (3),,18.13623805279743,8.657107714332325,4.5540796963946875
