{
  "language_pair": "mzw-eng",
  "timestamp": "2026-01-19T12:02:39.952328",
  "models": {
    "gemma-2-27b-it": 18.787345704026,
    "gemma-2-9b-it": 22.07127816528131,
    "mistral-7b-instruct-v0.3": 29.567168749999993,
    "seed-oss-36b-instruct": 21.855230874107452,
    "llama-3.3-70b-instruct": 20.08856419298064,
    "palmyra-med-70b": 35.11857856,
    "gemma2-9b-it": 29.436979140000002,
    "kimi-k2-instruct-0905": 23.581350631323637,
    "gpt-4.1": 39.05337778727214,
    "qwen3-235b-a22b": 22.106887791006745,
    "mistral-medium-3-instruct": 16.17812533253358,
    "gpt-oss-120b": 17.22100241912472,
    "llama-3.1-405b-instruct": 17.46034433500552,
    "qwq-32b": 18.3216046572203,
    "claude-sonnet-4-5": 42.05341466267903,
    "llama-4-maverick-17b-128e-instruct": 22.93526732676688,
    "deepseek-v3.1": 23.781172748593104,
    "gemini-2.5-flash": 42.57254123687744,
    "qwen3-32b": 37.871368333333336
  },
  "average_score": 26.31903171832273,
  "best_model": "gemini-2.5-flash",
  "best_score": 42.57254123687744
}