ref,text,translated,source_zip_file,similarity_score,chrf_sentence,corpus_bleu,corpus_chrf
So God created humans to be like himself; he made men and women.,"Ní Unimbɔti náań unil ki nántiǹ u-ba, u náań-u ki nántiǹ úǹ Unimbɔti u-ba ní. U nìn náań uninja nì unimpu ní.","Unimboti is the one who created the sky and the earth, and he is the one who created all the people on the earth. He is the one who created all the animals and the trees.",Dec 08 output,,17.958692156728034,3.2210808545375818,3.60082304526749
"Take into the boat with you a male and a female of every kind of animal and bird, as well as a male and a female of every reptile. I don't want them to be destroyed.","Á dāá lēē unoon kamaa buluku uja nì usal, nì kuwaŋkuluu kamaa buluku uja nì usal, nì kun kamaa pée fù kitiŋ puee buluku uja nì usal, bi-kɔkɔ ń dāá dāan̄ a-cee kí ŋmátí.","If you see a snake in the house, or a snake in the yard, or a snake in the bush near the house, do not try to kill it.",Dec 08 output,,17.02768965223103,3.2210808545375818,3.60082304526749
"After saying this, he rushed off to his herd of cattle and picked out one of the best calves, which his servant quickly prepared.","Abraam tùkū u-nimpuu mimmee, ní ki sáǹ ki cūtìi kɔ́ u-nacaŋkpuŋkun, ki cúú dinajapɔmbil din bí màlmalee ki tīī u-tɔntɔnliu ní úǹ kūū-dì ki ŋɔ́fì malaa malaa.","When Abraham was old, and the Lord had blessed him in all things, he said to his servant, the oldest of his household, who had charge of all that he had, ""Put your hand under my thigh.""",Dec 08 output,,26.989786429007818,3.2210808545375818,3.60082304526749
"When the stronger sheep were mating near the drinking place, Jacob made sure that the spotted branches were there.","Ŋyunti ŋun ní tiwaŋkuti tin yáàyee yaa làá jɔ̄m̀ tɔbee, ní Jaakɔb ń yòon̄ní ndɔsɔmu mun u cùkūee kí ŋá tiwan tin poon tiwaŋkuti nyùee kí túĺ ti-nimbiin, ní tì jɔ́ḿ tɔb ndɔsɔmu mun u cùkūee cee.","When the time came for Rebekah to give birth, the twins were struggling within her. She said, ""Why is this happening to me?"" So she went to inquire of the Lord.",Dec 08 output,,25.16299157846721,3.2210808545375818,3.60082304526749
"When Jacob saw them, he said, “This is God's camp.” So he named the place Mahanaim.",Ní Jaakɔb mun nín nìkì u-saŋŋu. U cée ní Unimbɔti tuuŋyi cílìń u-pu nsanni.,Jacob's child did not eat. He said that Unimboti's food was too bitter for him to swallow.,Dec 08 output,,17.528104229283084,3.2210808545375818,3.60082304526749
So God created humans to be like himself; he made men and women.,"Ní Unimbɔti náań unil ki nántiǹ u-ba, u náań-u ki nántiǹ úǹ Unimbɔti u-ba ní. U nìn náań uninja nì unimpu ní.","If Unimboti had not given you to me, you would not have given me to Unimboti. You are the one who gave me a child and a wife.",onesimus_31223989_Dec 12 output,,17.801612484710763,3.2210808545375818,3.60082304526749
"Take into the boat with you a male and a female of every kind of animal and bird, as well as a male and a female of every reptile. I don't want them to be destroyed.","Á dāá lēē unoon kamaa buluku uja nì usal, nì kuwaŋkuluu kamaa buluku uja nì usal, nì kun kamaa pée fù kitiŋ puee buluku uja nì usal, bi-kɔkɔ ń dāá dāan̄ a-cee kí ŋmátí.","If you see a snake in the grass, if you see a snake in the grass, if you see a snake in the grass, you will be very afraid.",onesimus_31223989_Dec 12 output,,16.621024755426653,3.2210808545375818,3.60082304526749
"After saying this, he rushed off to his herd of cattle and picked out one of the best calves, which his servant quickly prepared.","Abraam tùkū u-nimpuu mimmee, ní ki sáǹ ki cūtìi kɔ́ u-nacaŋkpuŋkun, ki cúú dinajapɔmbil din bí màlmalee ki tīī u-tɔntɔnliu ní úǹ kūū-dì ki ŋɔ́fì malaa malaa.","When Abraham was old, and the Lord had blessed him in all things, he said to his eldest servant, ""Put your hand under my thigh, and I will make you swear by the Lord, the God of heaven and the God of earth, that you will not take a wife for my son from the daughters of the Canaanites among whom I dwell.",onesimus_31223989_Dec 12 output,,24.304184074502718,3.2210808545375818,3.60082304526749
"When the stronger sheep were mating near the drinking place, Jacob made sure that the spotted branches were there.","Ŋyunti ŋun ní tiwaŋkuti tin yáàyee yaa làá jɔ̄m̀ tɔbee, ní Jaakɔb ń yòon̄ní ndɔsɔmu mun u cùkūee kí ŋá tiwan tin poon tiwaŋkuti nyùee kí túĺ ti-nimbiin, ní tì jɔ́ḿ tɔb ndɔsɔmu mun u cùkūee cee.","And God said to Jacob, ""Arise, go up to Bethel and dwell there. Make an altar there to the God who appeared to you when you fled from the face of your brother Esau.""",onesimus_31223989_Dec 12 output,,25.55695469622417,3.2210808545375818,3.60082304526749
"When Jacob saw them, he said, “This is God's camp.” So he named the place Mahanaim.",Ní Jaakɔb mun nín nìkì u-saŋŋu. U cée ní Unimbɔti tuuŋyi cílìń u-pu nsanni.,Jacob's mother told him to go. He saw Unimboti sitting on a rock.,onesimus_31223989_Dec 12 output,,15.543354743332321,3.2210808545375818,3.60082304526749
So God created humans to be like himself; he made men and women.,"Ní Unimbɔti náań unil ki nántiǹ u-ba, u náań-u ki nántiǹ úǹ Unimbɔti u-ba ní. U nìn náań uninja nì unimpu ní.","If Unimboti had not been a man, he would not have been a man, and if he had not been a man, Unimboti would not have been a man. He was not a man but a spirit.",john_AC86BE0F_output (5),,16.496244631212363,3.2210808545375818,3.60082304526749
"Take into the boat with you a male and a female of every kind of animal and bird, as well as a male and a female of every reptile. I don't want them to be destroyed.","Á dāá lēē unoon kamaa buluku uja nì usal, nì kuwaŋkuluu kamaa buluku uja nì usal, nì kun kamaa pée fù kitiŋ puee buluku uja nì usal, bi-kɔkɔ ń dāá dāan̄ a-cee kí ŋmátí.","If you see a snake in the house, if you see a snake in the house, if you see a snake in the house, you will be very afraid.",john_AC86BE0F_output (5),,16.621024755426653,3.2210808545375818,3.60082304526749
"After saying this, he rushed off to his herd of cattle and picked out one of the best calves, which his servant quickly prepared.","Abraam tùkū u-nimpuu mimmee, ní ki sáǹ ki cūtìi kɔ́ u-nacaŋkpuŋkun, ki cúú dinajapɔmbil din bí màlmalee ki tīī u-tɔntɔnliu ní úǹ kūū-dì ki ŋɔ́fì malaa malaa.","When Abraham was old, and the Lord had blessed him in every way, he said to the chief servant of his household, who was in charge of all that he owned, ""Place your hand under my thigh, and I will make you swear by the Lord, the God of heaven and the God of earth, that you will not take a wife for my son from the daughters of the Canaanites among whom I am living.",john_AC86BE0F_output (5),,23.121400309147894,3.2210808545375818,3.60082304526749
"When the stronger sheep were mating near the drinking place, Jacob made sure that the spotted branches were there.","Ŋyunti ŋun ní tiwaŋkuti tin yáàyee yaa làá jɔ̄m̀ tɔbee, ní Jaakɔb ń yòon̄ní ndɔsɔmu mun u cùkūee kí ŋá tiwan tin poon tiwaŋkuti nyùee kí túĺ ti-nimbiin, ní tì jɔ́ḿ tɔb ndɔsɔmu mun u cùkūee cee.","When the woman saw that she had conceived, she said to Jacob, ""Give me children, or I shall die."" Then Jacob's anger was kindled against Rachel, and he said, ""Am I in the place of God, who has withheld from you the fruit of the womb?""",john_AC86BE0F_output (5),,26.381584969990644,3.2210808545375818,3.60082304526749
"When Jacob saw them, he said, “This is God's camp.” So he named the place Mahanaim.",Ní Jaakɔb mun nín nìkì u-saŋŋu. U cée ní Unimbɔti tuuŋyi cílìń u-pu nsanni.,Jacob's son was not there. He said that Unimboti had gone to the farm to harvest groundnuts.,john_AC86BE0F_output (5),,18.873624237893267,3.2210808545375818,3.60082304526749
So God created humans to be like himself; he made men and women.,"Ní Unimbɔti náań unil ki nántiǹ u-ba, u náań-u ki nántiǹ úǹ Unimbɔti u-ba ní. U nìn náań uninja nì unimpu ní.","If Unimboti had not come and seen me, I would not have come and seen Unimboti. I would have come and seen my mother.",output_JA-4,,18.084826071266757,3.2210808545375818,3.60082304526749
"Take into the boat with you a male and a female of every kind of animal and bird, as well as a male and a female of every reptile. I don't want them to be destroyed.","Á dāá lēē unoon kamaa buluku uja nì usal, nì kuwaŋkuluu kamaa buluku uja nì usal, nì kun kamaa pée fù kitiŋ puee buluku uja nì usal, bi-kɔkɔ ń dāá dāan̄ a-cee kí ŋmátí.","They said that the child is the one who will carry the load, the child is the one who will carry the load, the child is the one who will carry the load to the market, but the load is too heavy for the child.",output_JA-4,,17.134032062752453,3.2210808545375818,3.60082304526749
"After saying this, he rushed off to his herd of cattle and picked out one of the best calves, which his servant quickly prepared.","Abraam tùkū u-nimpuu mimmee, ní ki sáǹ ki cūtìi kɔ́ u-nacaŋkpuŋkun, ki cúú dinajapɔmbil din bí màlmalee ki tīī u-tɔntɔnliu ní úǹ kūū-dì ki ŋɔ́fì malaa malaa.","When Abraham was old, and the Lord had blessed him in all things, he said to his eldest servant, ""Put your hand under my thigh, and I will make you swear by the Lord, the God of heaven and the God of earth, that you will not take a wife for my son from the daughters of the Canaanites among whom I dwell.""",output_JA-4,,24.267511677786853,3.2210808545375818,3.60082304526749
"When the stronger sheep were mating near the drinking place, Jacob made sure that the spotted branches were there.","Ŋyunti ŋun ní tiwaŋkuti tin yáàyee yaa làá jɔ̄m̀ tɔbee, ní Jaakɔb ń yòon̄ní ndɔsɔmu mun u cùkūee kí ŋá tiwan tin poon tiwaŋkuti nyùee kí túĺ ti-nimbiin, ní tì jɔ́ḿ tɔb ndɔsɔmu mun u cùkūee cee.","When the evening came, Jacob took a stone and placed it under his head, and he lay down in that place to sleep. He took one of the stones of that place and put it under his head, and he lay down in that place to sleep.",output_JA-4,,27.6864065052271,3.2210808545375818,3.60082304526749
"When Jacob saw them, he said, “This is God's camp.” So he named the place Mahanaim.",Ní Jaakɔb mun nín nìkì u-saŋŋu. U cée ní Unimbɔti tuuŋyi cílìń u-pu nsanni.,Jacob's son went to the farm. He saw Unimboti's children playing in the sand.,output_JA-4,,20.05023873556116,3.2210808545375818,3.60082304526749
So God created humans to be like himself; he made men and women.,"Ní Unimbɔti náań unil ki nántiǹ u-ba, u náań-u ki nántiǹ úǹ Unimbɔti u-ba ní. U nìn náań uninja nì unimpu ní.","If Unimboti had not come, he would not have seen his father, and his father would not have seen Unimboti. He would not have seen his mother and his siblings.",onesimus_7C821E01_Dec 01 output,,16.19633463735984,3.2210808545375818,3.60082304526749
"Take into the boat with you a male and a female of every kind of animal and bird, as well as a male and a female of every reptile. I don't want them to be destroyed.","Á dāá lēē unoon kamaa buluku uja nì usal, nì kuwaŋkuluu kamaa buluku uja nì usal, nì kun kamaa pée fù kitiŋ puee buluku uja nì usal, bi-kɔkɔ ń dāá dāan̄ a-cee kí ŋmátí.","It is very good to know how to speak this language, to know how to speak this language, and to know how to write this language, but it is even better to know how to think in this language.",onesimus_7C821E01_Dec 01 output,,16.347987078935976,3.2210808545375818,3.60082304526749
"After saying this, he rushed off to his herd of cattle and picked out one of the best calves, which his servant quickly prepared.","Abraam tùkū u-nimpuu mimmee, ní ki sáǹ ki cūtìi kɔ́ u-nacaŋkpuŋkun, ki cúú dinajapɔmbil din bí màlmalee ki tīī u-tɔntɔnliu ní úǹ kūū-dì ki ŋɔ́fì malaa malaa.","When Abraham saw the ram, he went and took it and offered it as a burnt offering in place of his son. So Abraham called the name of that place, ""The Lord will provide.""",onesimus_7C821E01_Dec 01 output,,22.622909270120882,3.2210808545375818,3.60082304526749
"When the stronger sheep were mating near the drinking place, Jacob made sure that the spotted branches were there.","Ŋyunti ŋun ní tiwaŋkuti tin yáàyee yaa làá jɔ̄m̀ tɔbee, ní Jaakɔb ń yòon̄ní ndɔsɔmu mun u cùkūee kí ŋá tiwan tin poon tiwaŋkuti nyùee kí túĺ ti-nimbiin, ní tì jɔ́ḿ tɔb ndɔsɔmu mun u cùkūee cee.","When the days of mourning for Isaac were over, Jacob called his son Joseph and said to him, ""If I have found favor in your eyes, put your hand under my thigh and promise to deal with me in kindness and faithfulness. Do not bury me in Egypt.",onesimus_7C821E01_Dec 01 output,,25.469188721002222,3.2210808545375818,3.60082304526749
"When Jacob saw them, he said, “This is God's camp.” So he named the place Mahanaim.",Ní Jaakɔb mun nín nìkì u-saŋŋu. U cée ní Unimbɔti tuuŋyi cílìń u-pu nsanni.,Jacob's son went to the farm. He saw Unimboti's children playing in the sand.,onesimus_7C821E01_Dec 01 output,,20.05023873556116,3.2210808545375818,3.60082304526749
"But the servant asked, “What if the young woman I choose refuses to leave home and come here with me? Should I send Isaac there to look for a wife?”","Ní u-tɔntɔnliuee kíí-u yii: «An yaa yíì, unimpu kaa làá dāá kíí kí nóoń-mi kí dāan̄ kitiŋ kin poon ti bí nee. Mimmee ḿ dāá gíiǹ a-jipɔɔn a-tiŋki kin poon a yíkìńeeee?»","And he asked them this: ""Why are you afraid, you of little faith? He got up, rebuked the winds and the sea, and there was a great calm. What kind of man is this that even the winds and the sea obey him?""",output_jonathan,0.4017927,24.20690237472597,3.2210808545375818,3.60082304526749
Now listen carefully and do what I say. Go to the home of my brother Laban in Haran,"An puee m-biki, á pīlifì m nín làá sāŋkì-si puee! Yīkìí sāǹ kí nīn cá m-niija Laaban cee, Kaaran tiŋkin.","When the child was born, he was given the name Laaban, which means ""the one who is strong.""",output_jonathan,0.11405171,16.86973896638641,3.2210808545375818,3.60082304526749
"Hagar thought, “Have I really seen God and lived to tell about it?” So from then on she called him, “The God Who Sees Me.”","Ní Agaar yíiń ti-Dindaan un sòon̄ nì uee yii: «Ata Eel-Rooyi», taapu di sá yii <A sá Unimbɔti un wāĺ-mee.> Di sá u lī u-ban yii: «Unimbɔti un wāĺ-mee ní m lafun ká nee.»","Eel-Rooyi said to him: ""Unimbɔti is the one who will eat you."" He replied to him: ""Unimbɔti will eat me if I don't run away.""",output_jonathan,0.16455103,14.759859232538863,3.2210808545375818,3.60082304526749
"Please accept these as gifts I brought to you. God has been good to me, and I have everything I need.” Jacob kept insisting until Esau agreed.","Míǹ puee m gbāam̀-si, fōō tiwan tin m tīī-si nee, kun puee Unimbɔti bīiǹ m-boon ní báà tiba kaa lóò-mi.» U páb́ Eesayuu mimmee ní u dāa fōō.","When I saw him, he was already standing there, and when he saw me, he said, ""Unimbɔti, come and let's go to the river."" He called Eesayuu and they went together.",output_jonathan,0.3165765,19.404145146917045,3.2210808545375818,3.60082304526749
"A young Hebrew, who was a servant of the captain of the guard, was there with us at the time. When we told him our dreams, he explained what each of them meant,","Ti nì ueebrunaacimpɔɔn ubɔ nìn bí sarkan niin, u sá ujanjakpil yumbuu. Úǹ ní ti nìn kàan̄ ti-damintiiti ki tùkū ní u lēē báà ŋma damintiiku taapu nín sá puee ki tùkū-u.","If you are a true believer and you are in a difficult situation, you will be patient. Even if you are in a situation where you are being tested, you will not be afraid because you know that the test will pass and you will be at peace.",output_jonathan,0.19657807,21.068847468943915,3.2210808545375818,3.60082304526749
So God created humans to be like himself; he made men and women.,"Ní Unimbɔti náań unil ki nántiǹ u-ba, u náań-u ki nántiǹ úǹ Unimbɔti u-ba ní. U nìn náań uninja nì unimpu ní.","If Unimboti had not given you the thing, you would not have given it to Unimboti. You have given it to someone else.",output_JA-2,,14.965914471635328,3.2210808545375818,3.60082304526749
"Take into the boat with you a male and a female of every kind of animal and bird, as well as a male and a female of every reptile. I don't want them to be destroyed.","Á dāá lēē unoon kamaa buluku uja nì usal, nì kuwaŋkuluu kamaa buluku uja nì usal, nì kun kamaa pée fù kitiŋ puee buluku uja nì usal, bi-kɔkɔ ń dāá dāan̄ a-cee kí ŋmátí.","If you have not yet seen the face of the one you love, and you have not yet heard the voice of the one you love, and you have not yet touched the hand of the one you love, then you have not yet truly loved.",output_JA-2,,16.697595990757215,3.2210808545375818,3.60082304526749
"After saying this, he rushed off to his herd of cattle and picked out one of the best calves, which his servant quickly prepared.","Abraam tùkū u-nimpuu mimmee, ní ki sáǹ ki cūtìi kɔ́ u-nacaŋkpuŋkun, ki cúú dinajapɔmbil din bí màlmalee ki tīī u-tɔntɔnliu ní úǹ kūū-dì ki ŋɔ́fì malaa malaa.","When Abraham was old, he called his eldest servant and said to him, ""Put your hand under my thigh and swear by the Lord, the God of heaven and earth, that you will not take a wife for my son from the daughters of the Canaanites among whom I live.",output_JA-2,,24.442984138181913,3.2210808545375818,3.60082304526749
"When the stronger sheep were mating near the drinking place, Jacob made sure that the spotted branches were there.","Ŋyunti ŋun ní tiwaŋkuti tin yáàyee yaa làá jɔ̄m̀ tɔbee, ní Jaakɔb ń yòon̄ní ndɔsɔmu mun u cùkūee kí ŋá tiwan tin poon tiwaŋkuti nyùee kí túĺ ti-nimbiin, ní tì jɔ́ḿ tɔb ndɔsɔmu mun u cùkūee cee.","When the time came for the firstborn to be married, Jacob told his brother to go and ask the firstborn's wife to bring the dowry, and the brother went to the firstborn's wife and told her.",output_JA-2,,26.44204592939628,3.2210808545375818,3.60082304526749
"When Jacob saw them, he said, “This is God's camp.” So he named the place Mahanaim.",Ní Jaakɔb mun nín nìkì u-saŋŋu. U cée ní Unimbɔti tuuŋyi cílìń u-pu nsanni.,Jacob is the one who gave me this message. He said that Unimboti will come to collect the money tomorrow.,output_JA-2,,20.4727006232517,3.2210808545375818,3.60082304526749
So God created humans to be like himself; he made men and women.,"Ní Unimbɔti náań unil ki nántiǹ u-ba, u náań-u ki nántiǹ úǹ Unimbɔti u-ba ní. U nìn náań uninja nì unimpu ní.","If Unimboti had not given you to me, you would not have given me to Unimboti. You are the one who gave me life and strength.",gerhardt_8019BE0D_output_WsImHC,,18.304331897888666,3.2210808545375818,3.60082304526749
"Take into the boat with you a male and a female of every kind of animal and bird, as well as a male and a female of every reptile. I don't want them to be destroyed.","Á dāá lēē unoon kamaa buluku uja nì usal, nì kuwaŋkuluu kamaa buluku uja nì usal, nì kun kamaa pée fù kitiŋ puee buluku uja nì usal, bi-kɔkɔ ń dāá dāan̄ a-cee kí ŋmátí.","If you see a snake in the bush, if you see a snake in the bush, if you see a snake in the bush, you will run away quickly.",gerhardt_8019BE0D_output_WsImHC,,14.458654993558367,3.2210808545375818,3.60082304526749
"After saying this, he rushed off to his herd of cattle and picked out one of the best calves, which his servant quickly prepared.","Abraam tùkū u-nimpuu mimmee, ní ki sáǹ ki cūtìi kɔ́ u-nacaŋkpuŋkun, ki cúú dinajapɔmbil din bí màlmalee ki tīī u-tɔntɔnliu ní úǹ kūū-dì ki ŋɔ́fì malaa malaa.","When Abraham was old, and the Lord had blessed him in all things, he said to the servant who was oldest in his house, who ruled over all that he had, ""Put your hand under my thigh.""",gerhardt_8019BE0D_output_WsImHC,,24.176304648168955,3.2210808545375818,3.60082304526749
"When the stronger sheep were mating near the drinking place, Jacob made sure that the spotted branches were there.","Ŋyunti ŋun ní tiwaŋkuti tin yáàyee yaa làá jɔ̄m̀ tɔbee, ní Jaakɔb ń yòon̄ní ndɔsɔmu mun u cùkūee kí ŋá tiwan tin poon tiwaŋkuti nyùee kí túĺ ti-nimbiin, ní tì jɔ́ḿ tɔb ndɔsɔmu mun u cùkūee cee.","When the woman saw that she had not been invited to the feast, and Jacob had taken the portion of food and given it to the other guests, and they had eaten the portion of food.",gerhardt_8019BE0D_output_WsImHC,,25.118656228681406,3.2210808545375818,3.60082304526749
"When Jacob saw them, he said, “This is God's camp.” So he named the place Mahanaim.",Ní Jaakɔb mun nín nìkì u-saŋŋu. U cée ní Unimbɔti tuuŋyi cílìń u-pu nsanni.,Jacob did not want to go. He said that Unimboti had already taken his share.,gerhardt_8019BE0D_output_WsImHC,,18.41456548767149,3.2210808545375818,3.60082304526749
So God created humans to be like himself; he made men and women.,"Ní Unimbɔti náań unil ki nántiǹ u-ba, u náań-u ki nántiǹ úǹ Unimbɔti u-ba ní. U nìn náań uninja nì unimpu ní.",The Unimboti people are those who have the same language and customs. They are the ones who speak the same language and have the same customs as the Unimboti people. They are the ones who have the same origin and ancestors.,Dec 02 output,,14.99705905941302,3.2210808545375818,3.60082304526749
"Take into the boat with you a male and a female of every kind of animal and bird, as well as a male and a female of every reptile. I don't want them to be destroyed.","Á dāá lēē unoon kamaa buluku uja nì usal, nì kuwaŋkuluu kamaa buluku uja nì usal, nì kun kamaa pée fù kitiŋ puee buluku uja nì usal, bi-kɔkɔ ń dāá dāan̄ a-cee kí ŋmátí.","The day they saw the hyena that was sick, and the lion that was sick, and the dog that was sick, they said, ""Let's go and see what is happening.""",Dec 02 output,,15.641157812880516,3.2210808545375818,3.60082304526749
"After saying this, he rushed off to his herd of cattle and picked out one of the best calves, which his servant quickly prepared.","Abraam tùkū u-nimpuu mimmee, ní ki sáǹ ki cūtìi kɔ́ u-nacaŋkpuŋkun, ki cúú dinajapɔmbil din bí màlmalee ki tīī u-tɔntɔnliu ní úǹ kūū-dì ki ŋɔ́fì malaa malaa.","When Abraham was old, he called his eldest servant and said to him, ""Put your hand under my thigh and swear by the Lord, the God of heaven and the God of earth, that you will not take a wife for my son from the daughters of the Canaanites among whom I dwell.",Dec 02 output,,24.492679853287996,3.2210808545375818,3.60082304526749
"When the stronger sheep were mating near the drinking place, Jacob made sure that the spotted branches were there.","Ŋyunti ŋun ní tiwaŋkuti tin yáàyee yaa làá jɔ̄m̀ tɔbee, ní Jaakɔb ń yòon̄ní ndɔsɔmu mun u cùkūee kí ŋá tiwan tin poon tiwaŋkuti nyùee kí túĺ ti-nimbiin, ní tì jɔ́ḿ tɔb ndɔsɔmu mun u cùkūee cee.","When the time came for Rebekah to give birth, the twins were struggling within her. She said, ""Why is this happening to me?"" So she went to ask the Lord about it.",Dec 02 output,,24.950347280395597,3.2210808545375818,3.60082304526749
"When Jacob saw them, he said, “This is God's camp.” So he named the place Mahanaim.",Ní Jaakɔb mun nín nìkì u-saŋŋu. U cée ní Unimbɔti tuuŋyi cílìń u-pu nsanni.,Jacob's son also went to the farm. He saw that Unimboti had harvested his yams and taken them.,Dec 02 output,,23.654038004938467,3.2210808545375818,3.60082304526749
So God created humans to be like himself; he made men and women.,"Ní Unimbɔti náań unil ki nántiǹ u-ba, u náań-u ki nántiǹ úǹ Unimbɔti u-ba ní. U nìn náań uninja nì unimpu ní.","If Unimboti had not come and told me, I would not have known that Unimboti had come. I would not have known anything about it.",john_567A83BD_output (1),,16.22212711448522,3.2210808545375818,3.60082304526749
"Take into the boat with you a male and a female of every kind of animal and bird, as well as a male and a female of every reptile. I don't want them to be destroyed.","Á dāá lēē unoon kamaa buluku uja nì usal, nì kuwaŋkuluu kamaa buluku uja nì usal, nì kun kamaa pée fù kitiŋ puee buluku uja nì usal, bi-kɔkɔ ń dāá dāan̄ a-cee kí ŋmátí.","If you see a snake that is big, and you see a big snake, and you see a snake that is very big, you will run away very quickly.",john_567A83BD_output (1),,15.157735216990572,3.2210808545375818,3.60082304526749
"After saying this, he rushed off to his herd of cattle and picked out one of the best calves, which his servant quickly prepared.","Abraam tùkū u-nimpuu mimmee, ní ki sáǹ ki cūtìi kɔ́ u-nacaŋkpuŋkun, ki cúú dinajapɔmbil din bí màlmalee ki tīī u-tɔntɔnliu ní úǹ kūū-dì ki ŋɔ́fì malaa malaa.","When Abraham was old, he commanded his servant to go to his relatives to find a wife for his son Isaac, and not to take a wife from the Canaanites among whom they lived.",john_567A83BD_output (1),,26.408412515198133,3.2210808545375818,3.60082304526749
"When the stronger sheep were mating near the drinking place, Jacob made sure that the spotted branches were there.","Ŋyunti ŋun ní tiwaŋkuti tin yáàyee yaa làá jɔ̄m̀ tɔbee, ní Jaakɔb ń yòon̄ní ndɔsɔmu mun u cùkūee kí ŋá tiwan tin poon tiwaŋkuti nyùee kí túĺ ti-nimbiin, ní tì jɔ́ḿ tɔb ndɔsɔmu mun u cùkūee cee.","The woman saw that Leah was hated, so Jacob loved Rachel more than Leah. So she gave birth to another son for Jacob, and Leah said, ""Now my husband will love me because I have borne him three sons."" Therefore, she named him Levi.",john_567A83BD_output (1),,22.79792321324512,3.2210808545375818,3.60082304526749
"When Jacob saw them, he said, “This is God's camp.” So he named the place Mahanaim.",Ní Jaakɔb mun nín nìkì u-saŋŋu. U cée ní Unimbɔti tuuŋyi cílìń u-pu nsanni.,Jacob's child is the one who will save. He will come and defeat Unimboti with a sharp sword.,john_567A83BD_output (1),,18.139728240295312,3.2210808545375818,3.60082304526749
So God created humans to be like himself; he made men and women.,"Ní Unimbɔti náań unil ki nántiǹ u-ba, u náań-u ki nántiǹ úǹ Unimbɔti u-ba ní. U nìn náań uninja nì unimpu ní.","If Unimboti had not given you the thing, you would not have given it to Unimboti. You have given me a small thing.",john_AA1B9A68_output (9),,14.218492977054245,3.2210808545375818,3.60082304526749
"Take into the boat with you a male and a female of every kind of animal and bird, as well as a male and a female of every reptile. I don't want them to be destroyed.","Á dāá lēē unoon kamaa buluku uja nì usal, nì kuwaŋkuluu kamaa buluku uja nì usal, nì kun kamaa pée fù kitiŋ puee buluku uja nì usal, bi-kɔkɔ ń dāá dāan̄ a-cee kí ŋmátí.","If you see a snake in the grass, and you see a snake in the grass, and you see a snake in the grass, then you will know that the snake is in the grass.",john_AA1B9A68_output (9),,17.084128290448174,3.2210808545375818,3.60082304526749
"After saying this, he rushed off to his herd of cattle and picked out one of the best calves, which his servant quickly prepared.","Abraam tùkū u-nimpuu mimmee, ní ki sáǹ ki cūtìi kɔ́ u-nacaŋkpuŋkun, ki cúú dinajapɔmbil din bí màlmalee ki tīī u-tɔntɔnliu ní úǹ kūū-dì ki ŋɔ́fì malaa malaa.","When Abraham was old, and the Lord had blessed him in all things, he said to his eldest servant, ""Put your hand under my thigh, and I will make you swear by the Lord, the God of heaven and the God of earth, that you will not take a wife for my son from the daughters of the Canaanites among whom I dwell.",john_AA1B9A68_output (9),,24.304184074502718,3.2210808545375818,3.60082304526749
"When the stronger sheep were mating near the drinking place, Jacob made sure that the spotted branches were there.","Ŋyunti ŋun ní tiwaŋkuti tin yáàyee yaa làá jɔ̄m̀ tɔbee, ní Jaakɔb ń yòon̄ní ndɔsɔmu mun u cùkūee kí ŋá tiwan tin poon tiwaŋkuti nyùee kí túĺ ti-nimbiin, ní tì jɔ́ḿ tɔb ndɔsɔmu mun u cùkūee cee.","When the days of mourning for Joseph were over, Jacob said to his family, ""If you want to bury me with my ancestors, carry me out of Egypt and bury me where they are buried."" And they said, ""We will do as you say.""",john_AA1B9A68_output (9),,26.81245257059644,3.2210808545375818,3.60082304526749
"When Jacob saw them, he said, “This is God's camp.” So he named the place Mahanaim.",Ní Jaakɔb mun nín nìkì u-saŋŋu. U cée ní Unimbɔti tuuŋyi cílìń u-pu nsanni.,Jacob's son was very strong. He went to Unimboti to look for a job.,john_AA1B9A68_output (9),,10.829725663544506,3.2210808545375818,3.60082304526749
So God created humans to be like himself; he made men and women.,"Ní Unimbɔti náań unil ki nántiǹ u-ba, u náań-u ki nántiǹ úǹ Unimbɔti u-ba ní. U nìn náań uninja nì unimpu ní.","The Unimbɔti people are those who have the same language, and those who have the same language are the Unimbɔti people. They are the ones who have the same customs.",Dec 07 output,,15.135414094976435,3.2210808545375818,3.60082304526749
"Take into the boat with you a male and a female of every kind of animal and bird, as well as a male and a female of every reptile. I don't want them to be destroyed.","Á dāá lēē unoon kamaa buluku uja nì usal, nì kuwaŋkuluu kamaa buluku uja nì usal, nì kun kamaa pée fù kitiŋ puee buluku uja nì usal, bi-kɔkɔ ń dāá dāan̄ a-cee kí ŋmátí.","And he said to them, ""You will not eat of the fruit of this tree, nor will you touch it, nor will you even come near this tree, lest you die.""",Dec 07 output,,16.810332419570635,3.2210808545375818,3.60082304526749
"After saying this, he rushed off to his herd of cattle and picked out one of the best calves, which his servant quickly prepared.","Abraam tùkū u-nimpuu mimmee, ní ki sáǹ ki cūtìi kɔ́ u-nacaŋkpuŋkun, ki cúú dinajapɔmbil din bí màlmalee ki tīī u-tɔntɔnliu ní úǹ kūū-dì ki ŋɔ́fì malaa malaa.","When Abraham was old, and the Lord had blessed him in every way, he said to the chief servant of his household, who was in charge of all he owned, ""Place your hand under my thigh and swear by the Lord, the God of heaven and the God of earth, that you will not take a wife for my son from the daughters of the Canaanites among whom I am living.",Dec 07 output,,23.569022665488344,3.2210808545375818,3.60082304526749
"When the stronger sheep were mating near the drinking place, Jacob made sure that the spotted branches were there.","Ŋyunti ŋun ní tiwaŋkuti tin yáàyee yaa làá jɔ̄m̀ tɔbee, ní Jaakɔb ń yòon̄ní ndɔsɔmu mun u cùkūee kí ŋá tiwan tin poon tiwaŋkuti nyùee kí túĺ ti-nimbiin, ní tì jɔ́ḿ tɔb ndɔsɔmu mun u cùkūee cee.","The woman went and told her father Jacob, ""This man spoke to me in a rude manner and insulted me."" Then her father Jacob became very angry and scolded the man severely.",Dec 07 output,,24.1249794964405,3.2210808545375818,3.60082304526749
"When Jacob saw them, he said, “This is God's camp.” So he named the place Mahanaim.",Ní Jaakɔb mun nín nìkì u-saŋŋu. U cée ní Unimbɔti tuuŋyi cílìń u-pu nsanni.,Jacob's mother told him to go to the farm. He saw that Unimboti had harvested a lot of yams and put them in the barn.,Dec 07 output,,22.133690024579792,3.2210808545375818,3.60082304526749
So God created humans to be like himself; he made men and women.,"Ní Unimbɔti náań unil ki nántiǹ u-ba, u náań-u ki nántiǹ úǹ Unimbɔti u-ba ní. U nìn náań uninja nì unimpu ní.","If you are a child of Unimboti and you are not a child of a person, you are a child of Unimboti. You are not a child of a person and a thing.",Dec 10 output,,14.806595678558354,3.2210808545375818,3.60082304526749
"Take into the boat with you a male and a female of every kind of animal and bird, as well as a male and a female of every reptile. I don't want them to be destroyed.","Á dāá lēē unoon kamaa buluku uja nì usal, nì kuwaŋkuluu kamaa buluku uja nì usal, nì kun kamaa pée fù kitiŋ puee buluku uja nì usal, bi-kɔkɔ ń dāá dāan̄ a-cee kí ŋmátí.","If you see a snake on the path, if you see a snake on the path, if you see a snake crossing the path, do not step on it, let it go.",Dec 10 output,,14.96206530888312,3.2210808545375818,3.60082304526749
"After saying this, he rushed off to his herd of cattle and picked out one of the best calves, which his servant quickly prepared.","Abraam tùkū u-nimpuu mimmee, ní ki sáǹ ki cūtìi kɔ́ u-nacaŋkpuŋkun, ki cúú dinajapɔmbil din bí màlmalee ki tīī u-tɔntɔnliu ní úǹ kūū-dì ki ŋɔ́fì malaa malaa.","When Abraham was old and advanced in years, the Lord had blessed him in every way. He said to his servant, the oldest of his household who was in charge of all he owned, ""Put your hand under my thigh.""",Dec 10 output,,26.377245213491573,3.2210808545375818,3.60082304526749
"When the stronger sheep were mating near the drinking place, Jacob made sure that the spotted branches were there.","Ŋyunti ŋun ní tiwaŋkuti tin yáàyee yaa làá jɔ̄m̀ tɔbee, ní Jaakɔb ń yòon̄ní ndɔsɔmu mun u cùkūee kí ŋá tiwan tin poon tiwaŋkuti nyùee kí túĺ ti-nimbiin, ní tì jɔ́ḿ tɔb ndɔsɔmu mun u cùkūee cee.","When the days of mourning for Joseph were over, Jacob's sons said to one another, ""If Joseph still bears a grudge against us and pays us back for all the wrong we did to him, how can we survive?""",Dec 10 output,,27.034068399667433,3.2210808545375818,3.60082304526749
"When Jacob saw them, he said, “This is God's camp.” So he named the place Mahanaim.",Ní Jaakɔb mun nín nìkì u-saŋŋu. U cée ní Unimbɔti tuuŋyi cílìń u-pu nsanni.,Jacob's mother did not give birth to him. He was born from Unimboti's womb and came out through the navel.,Dec 10 output,,19.210532402663947,3.2210808545375818,3.60082304526749
So God created humans to be like himself; he made men and women.,"Ní Unimbɔti náań unil ki nántiǹ u-ba, u náań-u ki nántiǹ úǹ Unimbɔti u-ba ní. U nìn náań uninja nì unimpu ní.","Unimbɔti is the one who gives you life and takes it away, and he is the one who gives life and takes it away from Unimbɔti. He is the one who gives you breath and water.",john_7781CD93_output (6),,16.682820817354816,3.2210808545375818,3.60082304526749
"Take into the boat with you a male and a female of every kind of animal and bird, as well as a male and a female of every reptile. I don't want them to be destroyed.","Á dāá lēē unoon kamaa buluku uja nì usal, nì kuwaŋkuluu kamaa buluku uja nì usal, nì kun kamaa pée fù kitiŋ puee buluku uja nì usal, bi-kɔkɔ ń dāá dāan̄ a-cee kí ŋmátí.","The one who can make the sky dark and the one who can make the sky bright, and the one who can make the rain fall from the sky, it is only God who can do all these things.",john_7781CD93_output (6),,18.299433226114093,3.2210808545375818,3.60082304526749
"After saying this, he rushed off to his herd of cattle and picked out one of the best calves, which his servant quickly prepared.","Abraam tùkū u-nimpuu mimmee, ní ki sáǹ ki cūtìi kɔ́ u-nacaŋkpuŋkun, ki cúú dinajapɔmbil din bí màlmalee ki tīī u-tɔntɔnliu ní úǹ kūū-dì ki ŋɔ́fì malaa malaa.","When Abraham saw them, he ran from the tent door to meet them and bowed down to the ground. He said, ""My lord, if I have found favor in your sight, do not pass by your servant.""",john_7781CD93_output (6),,21.06399495569017,3.2210808545375818,3.60082304526749
"When the stronger sheep were mating near the drinking place, Jacob made sure that the spotted branches were there.","Ŋyunti ŋun ní tiwaŋkuti tin yáàyee yaa làá jɔ̄m̀ tɔbee, ní Jaakɔb ń yòon̄ní ndɔsɔmu mun u cùkūee kí ŋá tiwan tin poon tiwaŋkuti nyùee kí túĺ ti-nimbiin, ní tì jɔ́ḿ tɔb ndɔsɔmu mun u cùkūee cee.","And the Lord said to Jacob, ""Return to the land of your fathers and to your relatives, and I will be with you.""",john_7781CD93_output (6),,17.19401093162638,3.2210808545375818,3.60082304526749
"When Jacob saw them, he said, “This is God's camp.” So he named the place Mahanaim.",Ní Jaakɔb mun nín nìkì u-saŋŋu. U cée ní Unimbɔti tuuŋyi cílìń u-pu nsanni.,Jacob's mother told him to go and fetch water. He went and saw Unimboti sitting on a stone near the river.,john_7781CD93_output (6),,18.3000502694176,3.2210808545375818,3.60082304526749
So God created humans to be like himself; he made men and women.,"Ní Unimbɔti náań unil ki nántiǹ u-ba, u náań-u ki nántiǹ úǹ Unimbɔti u-ba ní. U nìn náań uninja nì unimpu ní.","Unimbɔti is the one who gives you life and takes it away, and you cannot give life to Unimbɔti. You cannot give what you do not have.",gerhardt_25FFCBF7_output_DdErIM,,15.412562299921206,3.2210808545375818,3.60082304526749
"Take into the boat with you a male and a female of every kind of animal and bird, as well as a male and a female of every reptile. I don't want them to be destroyed.","Á dāá lēē unoon kamaa buluku uja nì usal, nì kuwaŋkuluu kamaa buluku uja nì usal, nì kun kamaa pée fù kitiŋ puee buluku uja nì usal, bi-kɔkɔ ń dāá dāan̄ a-cee kí ŋmátí.","And then they went to the place where the hyena was, and they found the hyena where it was, and they saw that the hyena had eaten the meat where it was, and the children were very happy.",gerhardt_25FFCBF7_output_DdErIM,,19.90012620992115,3.2210808545375818,3.60082304526749
"After saying this, he rushed off to his herd of cattle and picked out one of the best calves, which his servant quickly prepared.","Abraam tùkū u-nimpuu mimmee, ní ki sáǹ ki cūtìi kɔ́ u-nacaŋkpuŋkun, ki cúú dinajapɔmbil din bí màlmalee ki tīī u-tɔntɔnliu ní úǹ kūū-dì ki ŋɔ́fì malaa malaa.","When Abraham was old, and the Lord had blessed him in all things, he said to his eldest servant, ""Put your hand under my thigh, and I will make you swear by the Lord, the God of heaven and earth, that you will not take a wife for my son from the daughters of the Canaanites among whom I dwell.",gerhardt_25FFCBF7_output_DdErIM,,24.217768244281494,3.2210808545375818,3.60082304526749
"When the stronger sheep were mating near the drinking place, Jacob made sure that the spotted branches were there.","Ŋyunti ŋun ní tiwaŋkuti tin yáàyee yaa làá jɔ̄m̀ tɔbee, ní Jaakɔb ń yòon̄ní ndɔsɔmu mun u cùkūee kí ŋá tiwan tin poon tiwaŋkuti nyùee kí túĺ ti-nimbiin, ní tì jɔ́ḿ tɔb ndɔsɔmu mun u cùkūee cee.","When the days of mourning for Joseph were over, Jacob called his sons and said, ""Gather around so I can tell you what will happen to you in the days to come.""",gerhardt_25FFCBF7_output_DdErIM,,25.01231641923529,3.2210808545375818,3.60082304526749
"When Jacob saw them, he said, “This is God's camp.” So he named the place Mahanaim.",Ní Jaakɔb mun nín nìkì u-saŋŋu. U cée ní Unimbɔti tuuŋyi cílìń u-pu nsanni.,Jacob's son was very sick. He went to Unimboti to find medicine for him.,gerhardt_25FFCBF7_output_DdErIM,,14.727869604887674,3.2210808545375818,3.60082304526749
So God created humans to be like himself; he made men and women.,"Ní Unimbɔti náań unil ki nántiǹ u-ba, u náań-u ki nántiǹ úǹ Unimbɔti u-ba ní. U nìn náań uninja nì unimpu ní.","If Unimboti had not come, he would not have seen his father, and his father would not have seen Unimboti. He would not have seen his mother and his siblings.",output_mich003,,16.19633463735984,3.2210808545375818,3.60082304526749
"Take into the boat with you a male and a female of every kind of animal and bird, as well as a male and a female of every reptile. I don't want them to be destroyed.","Á dāá lēē unoon kamaa buluku uja nì usal, nì kuwaŋkuluu kamaa buluku uja nì usal, nì kun kamaa pée fù kitiŋ puee buluku uja nì usal, bi-kɔkɔ ń dāá dāan̄ a-cee kí ŋmátí.","The one who has a lot of money and is not generous, and the one who has a lot of knowledge and is not generous, and the one who has a lot of children and is not generous, their wealth will not benefit them in the end.",output_mich003,,21.06000681123712,3.2210808545375818,3.60082304526749
"After saying this, he rushed off to his herd of cattle and picked out one of the best calves, which his servant quickly prepared.","Abraam tùkū u-nimpuu mimmee, ní ki sáǹ ki cūtìi kɔ́ u-nacaŋkpuŋkun, ki cúú dinajapɔmbil din bí màlmalee ki tīī u-tɔntɔnliu ní úǹ kūū-dì ki ŋɔ́fì malaa malaa.","When Abraham was old, and the Lord had blessed him in all things, he said to his servant, the oldest of his household, who had charge of all that he had, ""Put your hand under my thigh.""",output_mich003,,26.989786429007818,3.2210808545375818,3.60082304526749
"When the stronger sheep were mating near the drinking place, Jacob made sure that the spotted branches were there.","Ŋyunti ŋun ní tiwaŋkuti tin yáàyee yaa làá jɔ̄m̀ tɔbee, ní Jaakɔb ń yòon̄ní ndɔsɔmu mun u cùkūee kí ŋá tiwan tin poon tiwaŋkuti nyùee kí túĺ ti-nimbiin, ní tì jɔ́ḿ tɔb ndɔsɔmu mun u cùkūee cee.","When the young man saw that Leah was the firstborn, and Jacob did not love her as much as Rachel, he gave Leah a maidservant named Zilpah to be her servant.",output_mich003,,24.0368049874567,3.2210808545375818,3.60082304526749
"When Jacob saw them, he said, “This is God's camp.” So he named the place Mahanaim.",Ní Jaakɔb mun nín nìkì u-saŋŋu. U cée ní Unimbɔti tuuŋyi cílìń u-pu nsanni.,Jacob is the one who built this house. He said that Unimboti helped him with the work.,output_mich003,,19.713853131795055,3.2210808545375818,3.60082304526749
So God created humans to be like himself; he made men and women.,"Ní Unimbɔti náań unil ki nántiǹ u-ba, u náań-u ki nántiǹ úǹ Unimbɔti u-ba ní. U nìn náań uninja nì unimpu ní.","If Unimboti had not come and seen, he would not have come and seen Unimboti. He would have come and seen another person.",output_JA-6,,19.19108615870423,3.2210808545375818,3.60082304526749
"Take into the boat with you a male and a female of every kind of animal and bird, as well as a male and a female of every reptile. I don't want them to be destroyed.","Á dāá lēē unoon kamaa buluku uja nì usal, nì kuwaŋkuluu kamaa buluku uja nì usal, nì kun kamaa pée fù kitiŋ puee buluku uja nì usal, bi-kɔkɔ ń dāá dāan̄ a-cee kí ŋmátí.","And they took a big stone and put it there, and a big stone and put it there, and a small stone and put it on top of the big stone they had put there, and then they went to the house to eat.",output_JA-6,,20.5866730915841,3.2210808545375818,3.60082304526749
"After saying this, he rushed off to his herd of cattle and picked out one of the best calves, which his servant quickly prepared.","Abraam tùkū u-nimpuu mimmee, ní ki sáǹ ki cūtìi kɔ́ u-nacaŋkpuŋkun, ki cúú dinajapɔmbil din bí màlmalee ki tīī u-tɔntɔnliu ní úǹ kūū-dì ki ŋɔ́fì malaa malaa.","When Abraham was old, he told his servant to put his hand under his thigh, and he made him swear by the Lord, the God of heaven and earth, that he would not take a wife for his son from the daughters of the Canaanites.",output_JA-6,,26.410741854963426,3.2210808545375818,3.60082304526749
"When the stronger sheep were mating near the drinking place, Jacob made sure that the spotted branches were there.","Ŋyunti ŋun ní tiwaŋkuti tin yáàyee yaa làá jɔ̄m̀ tɔbee, ní Jaakɔb ń yòon̄ní ndɔsɔmu mun u cùkūee kí ŋá tiwan tin poon tiwaŋkuti nyùee kí túĺ ti-nimbiin, ní tì jɔ́ḿ tɔb ndɔsɔmu mun u cùkūee cee.","The woman saw that Leah was hated, so Jacob loved Rachel more than Leah. That is why he worked for Laban for another seven years.",output_JA-6,,21.630749764460973,3.2210808545375818,3.60082304526749
"When Jacob saw them, he said, “This is God's camp.” So he named the place Mahanaim.",Ní Jaakɔb mun nín nìkì u-saŋŋu. U cée ní Unimbɔti tuuŋyi cílìń u-pu nsanni.,Jacob's child did not go to school. He went to Unimboti to sell his father's things.,output_JA-6,,16.017578807192468,3.2210808545375818,3.60082304526749
So God created humans to be like himself; he made men and women.,"Ní Unimbɔti náań unil ki nántiǹ u-ba, u náań-u ki nántiǹ úǹ Unimbɔti u-ba ní. U nìn náań uninja nì unimpu ní.","If Unimboti had not come, he would not have seen his father, and his father would not have seen Unimboti. He would not have seen his mother and his siblings.",Dec 03 output,,16.19633463735984,3.2210808545375818,3.60082304526749
"Take into the boat with you a male and a female of every kind of animal and bird, as well as a male and a female of every reptile. I don't want them to be destroyed.","Á dāá lēē unoon kamaa buluku uja nì usal, nì kuwaŋkuluu kamaa buluku uja nì usal, nì kun kamaa pée fù kitiŋ puee buluku uja nì usal, bi-kɔkɔ ń dāá dāan̄ a-cee kí ŋmátí.","If you see a snake in the bush, if you see a snake in the bush, if you see a snake in the bush, you will run away quickly.",Dec 03 output,,14.458654993558367,3.2210808545375818,3.60082304526749
"After saying this, he rushed off to his herd of cattle and picked out one of the best calves, which his servant quickly prepared.","Abraam tùkū u-nimpuu mimmee, ní ki sáǹ ki cūtìi kɔ́ u-nacaŋkpuŋkun, ki cúú dinajapɔmbil din bí màlmalee ki tīī u-tɔntɔnliu ní úǹ kūū-dì ki ŋɔ́fì malaa malaa.","When Abraham was ninety-nine years old, the Lord appeared to him and said, ""I am God Almighty; walk before me faithfully and be blameless. Then I will make my covenant between me and you and will greatly increase your numbers.""",Dec 03 output,,19.682263784622336,3.2210808545375818,3.60082304526749
"When the stronger sheep were mating near the drinking place, Jacob made sure that the spotted branches were there.","Ŋyunti ŋun ní tiwaŋkuti tin yáàyee yaa làá jɔ̄m̀ tɔbee, ní Jaakɔb ń yòon̄ní ndɔsɔmu mun u cùkūee kí ŋá tiwan tin poon tiwaŋkuti nyùee kí túĺ ti-nimbiin, ní tì jɔ́ḿ tɔb ndɔsɔmu mun u cùkūee cee.","The woman said to the angel, ""I have not known a man,"" and Jacob did not lie to her, but the angel knew that Jacob had not lied to her and that she had not known a man.",Dec 03 output,,20.509888393193325,3.2210808545375818,3.60082304526749
"When Jacob saw them, he said, “This is God's camp.” So he named the place Mahanaim.",Ní Jaakɔb mun nín nìkì u-saŋŋu. U cée ní Unimbɔti tuuŋyi cílìń u-pu nsanni.,Jacob did not want to go. He said that Unimboti had already taken his place.,Dec 03 output,,20.98720263486483,3.2210808545375818,3.60082304526749
So God created humans to be like himself; he made men and women.,"Ní Unimbɔti náań unil ki nántiǹ u-ba, u náań-u ki nántiǹ úǹ Unimbɔti u-ba ní. U nìn náań uninja nì unimpu ní.","If you are not a child of Unimbɔti, you are not a child of anyone. You are not a child of a person or of a thing.",Dec 09 output,,12.463493320382522,3.2210808545375818,3.60082304526749
"Take into the boat with you a male and a female of every kind of animal and bird, as well as a male and a female of every reptile. I don't want them to be destroyed.","Á dāá lēē unoon kamaa buluku uja nì usal, nì kuwaŋkuluu kamaa buluku uja nì usal, nì kun kamaa pée fù kitiŋ puee buluku uja nì usal, bi-kɔkɔ ń dāá dāan̄ a-cee kí ŋmátí.","They say that if you see a snake in the morning, and you see a snake in the afternoon, and you see a snake in the evening, then you will surely die that day.",Dec 09 output,,19.497741797785746,3.2210808545375818,3.60082304526749
"After saying this, he rushed off to his herd of cattle and picked out one of the best calves, which his servant quickly prepared.","Abraam tùkū u-nimpuu mimmee, ní ki sáǹ ki cūtìi kɔ́ u-nacaŋkpuŋkun, ki cúú dinajapɔmbil din bí màlmalee ki tīī u-tɔntɔnliu ní úǹ kūū-dì ki ŋɔ́fì malaa malaa.","When Abraham was old, he gave all he had to Isaac. He also gave gifts to the sons of his concubines and sent them away from his son Isaac, while he was still living, to the east, to the land of the east.",Dec 09 output,,21.182765945990887,3.2210808545375818,3.60082304526749
"When the stronger sheep were mating near the drinking place, Jacob made sure that the spotted branches were there.","Ŋyunti ŋun ní tiwaŋkuti tin yáàyee yaa làá jɔ̄m̀ tɔbee, ní Jaakɔb ń yòon̄ní ndɔsɔmu mun u cùkūee kí ŋá tiwan tin poon tiwaŋkuti nyùee kí túĺ ti-nimbiin, ní tì jɔ́ḿ tɔb ndɔsɔmu mun u cùkūee cee.","And when the days of her purification were fulfilled, according to the law of Moses, they brought him up to Jerusalem, to present him to the Lord; as it is written in the law of the Lord, Every male that openeth the womb shall be called holy to the Lord; and to offer a sacrifice according to that which is said in the law of the Lord, A pair of turtledoves, or two young pigeons.",Dec 09 output,,22.830796125319104,3.2210808545375818,3.60082304526749
"When Jacob saw them, he said, “This is God's camp.” So he named the place Mahanaim.",Ní Jaakɔb mun nín nìkì u-saŋŋu. U cée ní Unimbɔti tuuŋyi cílìń u-pu nsanni.,Jacob's mother did not want him to go. He said that Unimboti's children had gone to the farm.,Dec 09 output,,20.570917373420208,3.2210808545375818,3.60082304526749
"Abimelech said to the Lord, “Don't kill me! I haven't slept with Sarah. Didn't they say they were brother and sister? I am completely innocent.”","Abraam u-ba di tùkū-mi yii u-niisal dee, ní unimpu u-ba mun lī yii Abraam sá u-niija. An puee tin man ŋá nee, m ŋá nì nlandɔkɔmɔnti ní, maa yīntì.»","When Abraham was about to sacrifice him, he said to him, ""Father,"" and he said, ""Here I am, my son."" Then he said, ""The fire and the wood are here, but where is the lamb for the burnt offering?""",output_onesimus007,0.4296289,20.673845125784666,3.2210808545375818,3.60082304526749
"“No, you won't!” the snake replied.","Niinee ní ukoobu bí unimpu yii: «Kaa sá míǹ, naa làá kpú.","This is the story of the tortoise and the leopard: ""Let me go, or I will kill you.""",output_onesimus007,0.3483042,15.423717814802329,3.2210808545375818,3.60082304526749
"But he would not put out the branches when the weaker animals were mating. So Jacob got all of the healthy animals, and Laban got what was left.","Ama tiwaŋkuti tin sá ŋkaŋkalimuee yaa bāańee, waa yōontí ndɔsɔmuee ti-nimbiin tí jɔ̄m̀ tɔb. Ŋkaŋkalimu gbantee, Laaban yati dee, ní úǹ yati sá tin yáàyee. Jaakɔb sáǹ Laaban","But Laban said to him, ""If I have found favor in your eyes, please stay. I have learned by divination that the Lord has blessed me because of you."" Jacob stayed with Laban",output_onesimus007,0.53286576,20.965333822526638,3.2210808545375818,3.60082304526749
"Please rescue me from my brother. I am afraid he will come and attack not only me, but my wives and children as well.","M pátì kí fōō tiŋan tin a ŋá-mi nee nì tibulcin tin a dàkā man a-tɔntɔnliu nee, kun puee ŋkpandɔ baba ní m nìn ŋúb́ ki dūtì Jɔɔdan buŋŋu nee. Ama díǹ pu nee, m yākatì m-nib nì m-waŋkuti akiti ali ní nee.","I have come to baptize you with water for repentance, but the one who comes after me is more powerful than I am, and I am not worthy to carry his sandals. He will baptize you with the Holy Spirit and with fire.",output_onesimus007,0.27814823,24.200869543809798,3.2210808545375818,3.60082304526749
"After searching through everything I have, did you find anything of yours? If so, put it here, where your relatives and mine can see it. Then we can decide what to do.","A nín kpēē m-wanti kɔkɔee, a ká a-wanti tiba bí poonaaa? A yaa ká, á nyāntiń-tì man nib nì si mun nib nimbiin bí sòoǹ kí tīī-ti.","If a person does not want to eat, can you force them to eat? No, because a person's heart is like a bird—if you try to catch it, it will fly away.",output_onesimus007,-0.008464049,19.040942967100236,3.2210808545375818,3.60082304526749
So God created humans to be like himself; he made men and women.,"Ní Unimbɔti náań unil ki nántiǹ u-ba, u náań-u ki nántiǹ úǹ Unimbɔti u-ba ní. U nìn náań uninja nì unimpu ní.","If Unimboti had not given you the thing, you would not have given it to Unimboti. You would have given it to someone else.",john_1C6E69D4_output (8),,15.268499362406631,3.2210808545375818,3.60082304526749
"Take into the boat with you a male and a female of every kind of animal and bird, as well as a male and a female of every reptile. I don't want them to be destroyed.","Á dāá lēē unoon kamaa buluku uja nì usal, nì kuwaŋkuluu kamaa buluku uja nì usal, nì kun kamaa pée fù kitiŋ puee buluku uja nì usal, bi-kɔkɔ ń dāá dāan̄ a-cee kí ŋmátí.","The day they came to see the child in the house, and the elders came to see the child in the house, and the people came to see the child in the house, the cock crowed at dawn.",john_1C6E69D4_output (8),,16.505805692705223,3.2210808545375818,3.60082304526749
"After saying this, he rushed off to his herd of cattle and picked out one of the best calves, which his servant quickly prepared.","Abraam tùkū u-nimpuu mimmee, ní ki sáǹ ki cūtìi kɔ́ u-nacaŋkpuŋkun, ki cúú dinajapɔmbil din bí màlmalee ki tīī u-tɔntɔnliu ní úǹ kūū-dì ki ŋɔ́fì malaa malaa.","When Abraham was ninety-nine years old, the Lord appeared to him and said, ""I am God Almighty; walk before me faithfully and be blameless. Then I will make my covenant between me and you and will greatly increase your numbers.""",john_1C6E69D4_output (8),,19.682263784622336,3.2210808545375818,3.60082304526749
"When the stronger sheep were mating near the drinking place, Jacob made sure that the spotted branches were there.","Ŋyunti ŋun ní tiwaŋkuti tin yáàyee yaa làá jɔ̄m̀ tɔbee, ní Jaakɔb ń yòon̄ní ndɔsɔmu mun u cùkūee kí ŋá tiwan tin poon tiwaŋkuti nyùee kí túĺ ti-nimbiin, ní tì jɔ́ḿ tɔb ndɔsɔmu mun u cùkūee cee.","When the sun was setting, Jacob took a stone and placed it under his head, and he lay down in that place to sleep. He took one of the stones of that place and put it under his head, and he lay down in that place to sleep.",john_1C6E69D4_output (8),,28.043817947724513,3.2210808545375818,3.60082304526749
"When Jacob saw them, he said, “This is God's camp.” So he named the place Mahanaim.",Ní Jaakɔb mun nín nìkì u-saŋŋu. U cée ní Unimbɔti tuuŋyi cílìń u-pu nsanni.,Jacob's son was very sick. He went to Unimboti to find medicine to heal him.,john_1C6E69D4_output (8),,16.35621438248426,3.2210808545375818,3.60082304526749
So God created humans to be like himself; he made men and women.,"Ní Unimbɔti náań unil ki nántiǹ u-ba, u náań-u ki nántiǹ úǹ Unimbɔti u-ba ní. U nìn náań uninja nì unimpu ní.","If Unimboti had not come, he would not have seen his father, and his father would not have seen Unimboti. He would not have seen his mother and his siblings.",output_johnayernor,,16.19633463735984,3.2210808545375818,3.60082304526749
"Take into the boat with you a male and a female of every kind of animal and bird, as well as a male and a female of every reptile. I don't want them to be destroyed.","Á dāá lēē unoon kamaa buluku uja nì usal, nì kuwaŋkuluu kamaa buluku uja nì usal, nì kun kamaa pée fù kitiŋ puee buluku uja nì usal, bi-kɔkɔ ń dāá dāan̄ a-cee kí ŋmátí.","The sun rose and shone on the land and the people, and it shone on the land and the people, and it shone on the trees and the animals of the land and the people, and the birds sang as the sun rose in the sky.",output_johnayernor,,22.446804533787752,3.2210808545375818,3.60082304526749
"After saying this, he rushed off to his herd of cattle and picked out one of the best calves, which his servant quickly prepared.","Abraam tùkū u-nimpuu mimmee, ní ki sáǹ ki cūtìi kɔ́ u-nacaŋkpuŋkun, ki cúú dinajapɔmbil din bí màlmalee ki tīī u-tɔntɔnliu ní úǹ kūū-dì ki ŋɔ́fì malaa malaa.","When Abraham was old, he called his eldest servant and said to him, ""Put your hand under my thigh and swear by the Lord, the God of heaven and earth, that you will not take a wife for my son from the daughters of the Canaanites among whom I live.",output_johnayernor,,24.442984138181913,3.2210808545375818,3.60082304526749
"When the stronger sheep were mating near the drinking place, Jacob made sure that the spotted branches were there.","Ŋyunti ŋun ní tiwaŋkuti tin yáàyee yaa làá jɔ̄m̀ tɔbee, ní Jaakɔb ń yòon̄ní ndɔsɔmu mun u cùkūee kí ŋá tiwan tin poon tiwaŋkuti nyùee kí túĺ ti-nimbiin, ní tì jɔ́ḿ tɔb ndɔsɔmu mun u cùkūee cee.","When the boy and the girl were playing, Jacob came and took the ball from them, and the boy took the ball from the girl and ran away, and they started playing with the ball.",output_johnayernor,,25.55317815956528,3.2210808545375818,3.60082304526749
"When Jacob saw them, he said, “This is God's camp.” So he named the place Mahanaim.",Ní Jaakɔb mun nín nìkì u-saŋŋu. U cée ní Unimbɔti tuuŋyi cílìń u-pu nsanni.,Jacob's mother told him to go. He went to Unimboti to look for his missing goat.,output_johnayernor,,14.46709975575375,3.2210808545375818,3.60082304526749
So God created humans to be like himself; he made men and women.,"Ní Unimbɔti náań unil ki nántiǹ u-ba, u náań-u ki nántiǹ úǹ Unimbɔti u-ba ní. U nìn náań uninja nì unimpu ní.","If Unimboti had not come to the village, the village would not have been as it is now. It is because of him that the village has become prosperous.",Dec 11 output,,16.138668083540356,3.2210808545375818,3.60082304526749
"Take into the boat with you a male and a female of every kind of animal and bird, as well as a male and a female of every reptile. I don't want them to be destroyed.","Á dāá lēē unoon kamaa buluku uja nì usal, nì kuwaŋkuluu kamaa buluku uja nì usal, nì kun kamaa pée fù kitiŋ puee buluku uja nì usal, bi-kɔkɔ ń dāá dāan̄ a-cee kí ŋmátí.","The one who has a lot of money and the one who has a lot of goats and the one who has a lot of children, all of them will die and leave their wealth behind.",Dec 11 output,,20.3577418686965,3.2210808545375818,3.60082304526749
"After saying this, he rushed off to his herd of cattle and picked out one of the best calves, which his servant quickly prepared.","Abraam tùkū u-nimpuu mimmee, ní ki sáǹ ki cūtìi kɔ́ u-nacaŋkpuŋkun, ki cúú dinajapɔmbil din bí màlmalee ki tīī u-tɔntɔnliu ní úǹ kūū-dì ki ŋɔ́fì malaa malaa.","When Abraham was old, and the Lord had blessed him in every way, he said to the chief servant of his household, who was in charge of all he owned, ""Place your hand under my thigh, and I will make you swear by the Lord, the God of heaven and the God of earth, that you will not take a wife for my son from the daughters of the Canaanites among whom I am living.",Dec 11 output,,23.252397700811024,3.2210808545375818,3.60082304526749
"When the stronger sheep were mating near the drinking place, Jacob made sure that the spotted branches were there.","Ŋyunti ŋun ní tiwaŋkuti tin yáàyee yaa làá jɔ̄m̀ tɔbee, ní Jaakɔb ń yòon̄ní ndɔsɔmu mun u cùkūee kí ŋá tiwan tin poon tiwaŋkuti nyùee kí túĺ ti-nimbiin, ní tì jɔ́ḿ tɔb ndɔsɔmu mun u cùkūee cee.","When the people saw that Jacob had given his son a lot of food, they also gave their children to Jacob to eat, and he ate all the food.",Dec 11 output,,23.282489897760588,3.2210808545375818,3.60082304526749
"When Jacob saw them, he said, “This is God's camp.” So he named the place Mahanaim.",Ní Jaakɔb mun nín nìkì u-saŋŋu. U cée ní Unimbɔti tuuŋyi cílìń u-pu nsanni.,Jacob's mother told him to go to the farm. He saw Unimboti carrying a basket on her head.,Dec 11 output,,18.56298167596288,3.2210808545375818,3.60082304526749
So God created humans to be like himself; he made men and women.,"Ní Unimbɔti náań unil ki nántiǹ u-ba, u náań-u ki nántiǹ úǹ Unimbɔti u-ba ní. U nìn náań uninja nì unimpu ní.","If Unimboti had not come, you would not have come to the house, and Unimboti would not have come to the house either. You would not have come to the house with your friend.",gerhardt_0445F08A_output_T9n53N,,15.189723663027118,3.2210808545375818,3.60082304526749
"Take into the boat with you a male and a female of every kind of animal and bird, as well as a male and a female of every reptile. I don't want them to be destroyed.","Á dāá lēē unoon kamaa buluku uja nì usal, nì kuwaŋkuluu kamaa buluku uja nì usal, nì kun kamaa pée fù kitiŋ puee buluku uja nì usal, bi-kɔkɔ ń dāá dāan̄ a-cee kí ŋmátí.","If you see a snake in the house, if you see a snake in the house, if you see a snake in the house, you will run away quickly.",gerhardt_0445F08A_output_T9n53N,,14.381299687882764,3.2210808545375818,3.60082304526749
"After saying this, he rushed off to his herd of cattle and picked out one of the best calves, which his servant quickly prepared.","Abraam tùkū u-nimpuu mimmee, ní ki sáǹ ki cūtìi kɔ́ u-nacaŋkpuŋkun, ki cúú dinajapɔmbil din bí màlmalee ki tīī u-tɔntɔnliu ní úǹ kūū-dì ki ŋɔ́fì malaa malaa.","When Abraham was old, and the Lord had blessed him in every way, he said to the chief servant of his household, who was in charge of all that he owned, ""Place your hand under my thigh, and I will make you swear by the Lord, the God of heaven and the God of earth, that you will not take a wife for my son from the daughters of the Canaanites among whom I am living.",gerhardt_0445F08A_output_T9n53N,,23.121400309147894,3.2210808545375818,3.60082304526749
"When the stronger sheep were mating near the drinking place, Jacob made sure that the spotted branches were there.","Ŋyunti ŋun ní tiwaŋkuti tin yáàyee yaa làá jɔ̄m̀ tɔbee, ní Jaakɔb ń yòon̄ní ndɔsɔmu mun u cùkūee kí ŋá tiwan tin poon tiwaŋkuti nyùee kí túĺ ti-nimbiin, ní tì jɔ́ḿ tɔb ndɔsɔmu mun u cùkūee cee.","When the time came for Rebekah to give birth, the twins were struggling within her. So she asked the Lord, ""Why is this happening to me?"" And the Lord told her, ""The sons in your womb will become two nations. From the very beginning, the two nations will be rivals. One nation will be stronger than the other, and your older son will serve your younger son.""",gerhardt_0445F08A_output_T9n53N,,25.353236662232053,3.2210808545375818,3.60082304526749
"When Jacob saw them, he said, “This is God's camp.” So he named the place Mahanaim.",Ní Jaakɔb mun nín nìkì u-saŋŋu. U cée ní Unimbɔti tuuŋyi cílìń u-pu nsanni.,Jacob is the one who built this house. He said that Unimboti will come and sit on the chair.,gerhardt_0445F08A_output_T9n53N,,20.935498762551337,3.2210808545375818,3.60082304526749
So God created humans to be like himself; he made men and women.,"Ní Unimbɔti náań unil ki nántiǹ u-ba, u náań-u ki nántiǹ úǹ Unimbɔti u-ba ní. U nìn náań uninja nì unimpu ní.","If Unimboti had not come, he would not have come to the house, and if he had not come to the house, Unimboti would not have come. He did not come because of the rain.",gerhardt_60BC0D18_output (8),,16.001245447324685,3.2210808545375818,3.60082304526749
"Take into the boat with you a male and a female of every kind of animal and bird, as well as a male and a female of every reptile. I don't want them to be destroyed.","Á dāá lēē unoon kamaa buluku uja nì usal, nì kuwaŋkuluu kamaa buluku uja nì usal, nì kun kamaa pée fù kitiŋ puee buluku uja nì usal, bi-kɔkɔ ń dāá dāan̄ a-cee kí ŋmátí.","And then he took a knife and cut the snake into pieces, and cut the snake into pieces, and cut the snake into pieces with the knife, and the snake died and fell to the ground.",gerhardt_60BC0D18_output (8),,20.581166180465726,3.2210808545375818,3.60082304526749
"After saying this, he rushed off to his herd of cattle and picked out one of the best calves, which his servant quickly prepared.","Abraam tùkū u-nimpuu mimmee, ní ki sáǹ ki cūtìi kɔ́ u-nacaŋkpuŋkun, ki cúú dinajapɔmbil din bí màlmalee ki tīī u-tɔntɔnliu ní úǹ kūū-dì ki ŋɔ́fì malaa malaa.","When Abraham was old, and the Lord had blessed him in all things, he said to his eldest servant, ""Put your hand under my thigh, and I will make you swear by the Lord, the God of heaven and the God of the earth.""",gerhardt_60BC0D18_output (8),,24.949541994203106,3.2210808545375818,3.60082304526749
"When the stronger sheep were mating near the drinking place, Jacob made sure that the spotted branches were there.","Ŋyunti ŋun ní tiwaŋkuti tin yáàyee yaa làá jɔ̄m̀ tɔbee, ní Jaakɔb ń yòon̄ní ndɔsɔmu mun u cùkūee kí ŋá tiwan tin poon tiwaŋkuti nyùee kí túĺ ti-nimbiin, ní tì jɔ́ḿ tɔb ndɔsɔmu mun u cùkūee cee.","When the boys came to the house, Jacob took a stone and put it under his head and lay down in that place to sleep. He then took the stone that he had put under his head and set it up as a pillar and poured oil on top of it.",gerhardt_60BC0D18_output (8),,29.159859773320097,3.2210808545375818,3.60082304526749
"When Jacob saw them, he said, “This is God's camp.” So he named the place Mahanaim.",Ní Jaakɔb mun nín nìkì u-saŋŋu. U cée ní Unimbɔti tuuŋyi cílìń u-pu nsanni.,Jacob's child is the one who will save. He said that Unimboti will bring the thing to the village.,gerhardt_60BC0D18_output (8),,20.338069393888205,3.2210808545375818,3.60082304526749
So God created humans to be like himself; he made men and women.,"Ní Unimbɔti náań unil ki nántiǹ u-ba, u náań-u ki nántiǹ úǹ Unimbɔti u-ba ní. U nìn náań uninja nì unimpu ní.","If you are a child of Unimboti and you are not a child of a person, you are a child of Unimboti. You are not a child of a person and a thing.",onesimus_BAB3F503_Dec 10 output,,14.806595678558354,3.2210808545375818,3.60082304526749
"Take into the boat with you a male and a female of every kind of animal and bird, as well as a male and a female of every reptile. I don't want them to be destroyed.","Á dāá lēē unoon kamaa buluku uja nì usal, nì kuwaŋkuluu kamaa buluku uja nì usal, nì kun kamaa pée fù kitiŋ puee buluku uja nì usal, bi-kɔkɔ ń dāá dāan̄ a-cee kí ŋmátí.","If you see a snake on the path, if you see a snake on the path, if you see a snake crossing the path, do not step on it, let it go.",onesimus_BAB3F503_Dec 10 output,,14.96206530888312,3.2210808545375818,3.60082304526749
"After saying this, he rushed off to his herd of cattle and picked out one of the best calves, which his servant quickly prepared.","Abraam tùkū u-nimpuu mimmee, ní ki sáǹ ki cūtìi kɔ́ u-nacaŋkpuŋkun, ki cúú dinajapɔmbil din bí màlmalee ki tīī u-tɔntɔnliu ní úǹ kūū-dì ki ŋɔ́fì malaa malaa.","When Abraham was old and advanced in years, the Lord had blessed him in every way. He said to his servant, the oldest of his household who was in charge of all he owned, ""Put your hand under my thigh.""",onesimus_BAB3F503_Dec 10 output,,26.377245213491573,3.2210808545375818,3.60082304526749
"When the stronger sheep were mating near the drinking place, Jacob made sure that the spotted branches were there.","Ŋyunti ŋun ní tiwaŋkuti tin yáàyee yaa làá jɔ̄m̀ tɔbee, ní Jaakɔb ń yòon̄ní ndɔsɔmu mun u cùkūee kí ŋá tiwan tin poon tiwaŋkuti nyùee kí túĺ ti-nimbiin, ní tì jɔ́ḿ tɔb ndɔsɔmu mun u cùkūee cee.","When the days of mourning for Joseph were over, Jacob's sons said to one another, ""If Joseph still bears a grudge against us and pays us back for all the wrong we did to him, how can we survive?""",onesimus_BAB3F503_Dec 10 output,,27.034068399667433,3.2210808545375818,3.60082304526749
"When Jacob saw them, he said, “This is God's camp.” So he named the place Mahanaim.",Ní Jaakɔb mun nín nìkì u-saŋŋu. U cée ní Unimbɔti tuuŋyi cílìń u-pu nsanni.,Jacob's mother did not give birth to him. He was born from Unimboti's womb and came out through the navel.,onesimus_BAB3F503_Dec 10 output,,19.210532402663947,3.2210808545375818,3.60082304526749
So God created humans to be like himself; he made men and women.,"Ní Unimbɔti náań unil ki nántiǹ u-ba, u náań-u ki nántiǹ úǹ Unimbɔti u-ba ní. U nìn náań uninja nì unimpu ní.","Unimboti is the one who created the sky and the earth, and he is the one who created all the people on the earth. He is the one who created all the animals and the trees.",onesimus_AE3F5661_Dec 08 output,,17.958692156728034,3.2210808545375818,3.60082304526749
"Take into the boat with you a male and a female of every kind of animal and bird, as well as a male and a female of every reptile. I don't want them to be destroyed.","Á dāá lēē unoon kamaa buluku uja nì usal, nì kuwaŋkuluu kamaa buluku uja nì usal, nì kun kamaa pée fù kitiŋ puee buluku uja nì usal, bi-kɔkɔ ń dāá dāan̄ a-cee kí ŋmátí.","If you see a snake in the house, or a snake in the yard, or a snake in the bush near the house, do not try to kill it.",onesimus_AE3F5661_Dec 08 output,,17.02768965223103,3.2210808545375818,3.60082304526749
"After saying this, he rushed off to his herd of cattle and picked out one of the best calves, which his servant quickly prepared.","Abraam tùkū u-nimpuu mimmee, ní ki sáǹ ki cūtìi kɔ́ u-nacaŋkpuŋkun, ki cúú dinajapɔmbil din bí màlmalee ki tīī u-tɔntɔnliu ní úǹ kūū-dì ki ŋɔ́fì malaa malaa.","When Abraham was old, and the Lord had blessed him in all things, he said to his servant, the oldest of his household, who had charge of all that he had, ""Put your hand under my thigh.""",onesimus_AE3F5661_Dec 08 output,,26.989786429007818,3.2210808545375818,3.60082304526749
"When the stronger sheep were mating near the drinking place, Jacob made sure that the spotted branches were there.","Ŋyunti ŋun ní tiwaŋkuti tin yáàyee yaa làá jɔ̄m̀ tɔbee, ní Jaakɔb ń yòon̄ní ndɔsɔmu mun u cùkūee kí ŋá tiwan tin poon tiwaŋkuti nyùee kí túĺ ti-nimbiin, ní tì jɔ́ḿ tɔb ndɔsɔmu mun u cùkūee cee.","When the time came for Rebekah to give birth, the twins were struggling within her. She said, ""Why is this happening to me?"" So she went to inquire of the Lord.",onesimus_AE3F5661_Dec 08 output,,25.16299157846721,3.2210808545375818,3.60082304526749
"When Jacob saw them, he said, “This is God's camp.” So he named the place Mahanaim.",Ní Jaakɔb mun nín nìkì u-saŋŋu. U cée ní Unimbɔti tuuŋyi cílìń u-pu nsanni.,Jacob's child did not eat. He said that Unimboti's food was too bitter for him to swallow.,onesimus_AE3F5661_Dec 08 output,,17.528104229283084,3.2210808545375818,3.60082304526749
So God created humans to be like himself; he made men and women.,"Ní Unimbɔti náań unil ki nántiǹ u-ba, u náań-u ki nántiǹ úǹ Unimbɔti u-ba ní. U nìn náań uninja nì unimpu ní.","If Unimboti had not come to the village, he would not have seen his father, and his father would not have seen Unimboti. He would not have found his mother and his siblings.",onesimus_A84A9EF3_Dec 04 output,,15.832563294666974,3.2210808545375818,3.60082304526749
"Take into the boat with you a male and a female of every kind of animal and bird, as well as a male and a female of every reptile. I don't want them to be destroyed.","Á dāá lēē unoon kamaa buluku uja nì usal, nì kuwaŋkuluu kamaa buluku uja nì usal, nì kun kamaa pée fù kitiŋ puee buluku uja nì usal, bi-kɔkɔ ń dāá dāan̄ a-cee kí ŋmátí.","And they went and gathered together all the kings who were there, and all the governors who were there, and all the great men of the city who were there, and they all came to the king's house.",onesimus_A84A9EF3_Dec 04 output,,19.703742932876658,3.2210808545375818,3.60082304526749
"After saying this, he rushed off to his herd of cattle and picked out one of the best calves, which his servant quickly prepared.","Abraam tùkū u-nimpuu mimmee, ní ki sáǹ ki cūtìi kɔ́ u-nacaŋkpuŋkun, ki cúú dinajapɔmbil din bí màlmalee ki tīī u-tɔntɔnliu ní úǹ kūū-dì ki ŋɔ́fì malaa malaa.","When Abraham was old, and the Lord had blessed him in all things, he said to his eldest servant, ""Put your hand under my thigh, and I will make you swear by the Lord, the God of heaven and the God of the earth, that you will not take a wife for my son from the daughters of the Canaanites among whom I dwell.""",onesimus_A84A9EF3_Dec 04 output,,24.283468850076808,3.2210808545375818,3.60082304526749
"When the stronger sheep were mating near the drinking place, Jacob made sure that the spotted branches were there.","Ŋyunti ŋun ní tiwaŋkuti tin yáàyee yaa làá jɔ̄m̀ tɔbee, ní Jaakɔb ń yòon̄ní ndɔsɔmu mun u cùkūee kí ŋá tiwan tin poon tiwaŋkuti nyùee kí túĺ ti-nimbiin, ní tì jɔ́ḿ tɔb ndɔsɔmu mun u cùkūee cee.","When the days of mourning for Joseph were over, Jacob's sons said to one another, ""If Joseph is still angry with us and wants to pay us back for all the suffering we caused him,"" so they sent a message to Joseph saying.",onesimus_A84A9EF3_Dec 04 output,,27.850001074163078,3.2210808545375818,3.60082304526749
"When Jacob saw them, he said, “This is God's camp.” So he named the place Mahanaim.",Ní Jaakɔb mun nín nìkì u-saŋŋu. U cée ní Unimbɔti tuuŋyi cílìń u-pu nsanni.,Jacob's son went to the market. He saw Unimboti selling fish in the sun.,onesimus_A84A9EF3_Dec 04 output,,17.815511871078385,3.2210808545375818,3.60082304526749
So God created humans to be like himself; he made men and women.,"Ní Unimbɔti náań unil ki nántiǹ u-ba, u náań-u ki nántiǹ úǹ Unimbɔti u-ba ní. U nìn náań uninja nì unimpu ní.","If Unimboti had not given you the thing, you would not have given it to Unimboti. You would have given it to someone else.",gerhardt_34E1778F_output (7),,15.268499362406631,3.2210808545375818,3.60082304526749
"Take into the boat with you a male and a female of every kind of animal and bird, as well as a male and a female of every reptile. I don't want them to be destroyed.","Á dāá lēē unoon kamaa buluku uja nì usal, nì kuwaŋkuluu kamaa buluku uja nì usal, nì kun kamaa pée fù kitiŋ puee buluku uja nì usal, bi-kɔkɔ ń dāá dāan̄ a-cee kí ŋmátí.","And he went and took the same stone and put it under his head, and he took the same stone and made it his pillow, and he took the same stone and placed it under his head, and he lay down in that place to sleep.",gerhardt_34E1778F_output (7),,20.38631803513363,3.2210808545375818,3.60082304526749
"After saying this, he rushed off to his herd of cattle and picked out one of the best calves, which his servant quickly prepared.","Abraam tùkū u-nimpuu mimmee, ní ki sáǹ ki cūtìi kɔ́ u-nacaŋkpuŋkun, ki cúú dinajapɔmbil din bí màlmalee ki tīī u-tɔntɔnliu ní úǹ kūū-dì ki ŋɔ́fì malaa malaa.","When Abraham was old, he called his eldest servant and said to him, ""Put your hand under my thigh and swear by the Lord, the God of heaven and earth, that you will not take a wife for my son from the daughters of the Canaanites among whom I live.",gerhardt_34E1778F_output (7),,24.442984138181913,3.2210808545375818,3.60082304526749
"When the stronger sheep were mating near the drinking place, Jacob made sure that the spotted branches were there.","Ŋyunti ŋun ní tiwaŋkuti tin yáàyee yaa làá jɔ̄m̀ tɔbee, ní Jaakɔb ń yòon̄ní ndɔsɔmu mun u cùkūee kí ŋá tiwan tin poon tiwaŋkuti nyùee kí túĺ ti-nimbiin, ní tì jɔ́ḿ tɔb ndɔsɔmu mun u cùkūee cee.","When the sun had set and darkness came, Jacob took a stone and placed it under his head and lay down to sleep in that place. And he took one of the stones of that place and put it under his head and lay down to sleep in that place.",gerhardt_34E1778F_output (7),,27.947710411758663,3.2210808545375818,3.60082304526749
"When Jacob saw them, he said, “This is God's camp.” So he named the place Mahanaim.",Ní Jaakɔb mun nín nìkì u-saŋŋu. U cée ní Unimbɔti tuuŋyi cílìń u-pu nsanni.,Jacob saw that the water was not good. He told Unimboti to go and fetch clean water.,gerhardt_34E1778F_output (7),,20.978311320991303,3.2210808545375818,3.60082304526749
So God created humans to be like himself; he made men and women.,"Ní Unimbɔti náań unil ki nántiǹ u-ba, u náań-u ki nántiǹ úǹ Unimbɔti u-ba ní. U nìn náań uninja nì unimpu ní.","If Unimboti had not come and seen, he would not have known that it was Unimboti who had come. He would not have known that it was his brother.",output_JA-5,,16.899885631450488,3.2210808545375818,3.60082304526749
"Take into the boat with you a male and a female of every kind of animal and bird, as well as a male and a female of every reptile. I don't want them to be destroyed.","Á dāá lēē unoon kamaa buluku uja nì usal, nì kuwaŋkuluu kamaa buluku uja nì usal, nì kun kamaa pée fù kitiŋ puee buluku uja nì usal, bi-kɔkɔ ń dāá dāan̄ a-cee kí ŋmátí.","The one who is not a child of the earth, not a child of the sky, not a child of the water, will not be able to enter the sacred place.",output_JA-5,,16.333781836506013,3.2210808545375818,3.60082304526749
"After saying this, he rushed off to his herd of cattle and picked out one of the best calves, which his servant quickly prepared.","Abraam tùkū u-nimpuu mimmee, ní ki sáǹ ki cūtìi kɔ́ u-nacaŋkpuŋkun, ki cúú dinajapɔmbil din bí màlmalee ki tīī u-tɔntɔnliu ní úǹ kūū-dì ki ŋɔ́fì malaa malaa.","When Abraham was old, he blessed his son Isaac and gave him all his possessions, and Isaac lived near Beer-lahai-roi.",output_JA-5,,17.312703252654334,3.2210808545375818,3.60082304526749
"When the stronger sheep were mating near the drinking place, Jacob made sure that the spotted branches were there.","Ŋyunti ŋun ní tiwaŋkuti tin yáàyee yaa làá jɔ̄m̀ tɔbee, ní Jaakɔb ń yòon̄ní ndɔsɔmu mun u cùkūee kí ŋá tiwan tin poon tiwaŋkuti nyùee kí túĺ ti-nimbiin, ní tì jɔ́ḿ tɔb ndɔsɔmu mun u cùkūee cee.","Then God said to Jacob, ""Go back to the land of your fathers and to your relatives, and I will be with you."" So Jacob sent word to Rachel and Leah to come out to the field where his flocks were.",output_JA-5,,22.762835815485694,3.2210808545375818,3.60082304526749
"When Jacob saw them, he said, “This is God's camp.” So he named the place Mahanaim.",Ní Jaakɔb mun nín nìkì u-saŋŋu. U cée ní Unimbɔti tuuŋyi cílìń u-pu nsanni.,Jacob's son also went to hunt. He saw Unimboti's children playing in the sand.,output_JA-5,,18.98969896606522,3.2210808545375818,3.60082304526749
So God created humans to be like himself; he made men and women.,"Ní Unimbɔti náań unil ki nántiǹ u-ba, u náań-u ki nántiǹ úǹ Unimbɔti u-ba ní. U nìn náań uninja nì unimpu ní.","If Unimboti had not given birth to a child, she would not have been a mother, and if she had not been a mother, Unimboti would not have had a child. She is the one who gave birth to a child and became a mother.",john_86344B85_output (7),,15.215270772118691,3.2210808545375818,3.60082304526749
"Take into the boat with you a male and a female of every kind of animal and bird, as well as a male and a female of every reptile. I don't want them to be destroyed.","Á dāá lēē unoon kamaa buluku uja nì usal, nì kuwaŋkuluu kamaa buluku uja nì usal, nì kun kamaa pée fù kitiŋ puee buluku uja nì usal, bi-kɔkɔ ń dāá dāan̄ a-cee kí ŋmátí.","When the sun rises, the birds sing, the trees sway, and the wind blows through the leaves of the trees, the little child wakes up and starts the day with joy.",john_86344B85_output (7),,18.853066626205113,3.2210808545375818,3.60082304526749
"After saying this, he rushed off to his herd of cattle and picked out one of the best calves, which his servant quickly prepared.","Abraam tùkū u-nimpuu mimmee, ní ki sáǹ ki cūtìi kɔ́ u-nacaŋkpuŋkun, ki cúú dinajapɔmbil din bí màlmalee ki tīī u-tɔntɔnliu ní úǹ kūū-dì ki ŋɔ́fì malaa malaa.","When Abraham was old and advanced in years, and the Lord had blessed him in all things, he said to the servant who was oldest in his house, who ruled over all that he had, ""Put your hand under my thigh.""",john_86344B85_output (7),,24.288092613385157,3.2210808545375818,3.60082304526749
"When the stronger sheep were mating near the drinking place, Jacob made sure that the spotted branches were there.","Ŋyunti ŋun ní tiwaŋkuti tin yáàyee yaa làá jɔ̄m̀ tɔbee, ní Jaakɔb ń yòon̄ní ndɔsɔmu mun u cùkūee kí ŋá tiwan tin poon tiwaŋkuti nyùee kí túĺ ti-nimbiin, ní tì jɔ́ḿ tɔb ndɔsɔmu mun u cùkūee cee.","When the days of mourning for Joseph were over, Jacob’s sons said to one another, “If Joseph is holding a grudge against us, he will certainly pay us back for all the suffering we caused him.”",john_86344B85_output (7),,27.494627062606135,3.2210808545375818,3.60082304526749
"When Jacob saw them, he said, “This is God's camp.” So he named the place Mahanaim.",Ní Jaakɔb mun nín nìkì u-saŋŋu. U cée ní Unimbɔti tuuŋyi cílìń u-pu nsanni.,Jacob's son did not listen. He went to Unimboti to buy a new bicycle.,john_86344B85_output (7),,13.319478915576324,3.2210808545375818,3.60082304526749
So God created humans to be like himself; he made men and women.,"Ní Unimbɔti náań unil ki nántiǹ u-ba, u náań-u ki nántiǹ úǹ Unimbɔti u-ba ní. U nìn náań uninja nì unimpu ní.","The Unimboti said, ""I am the one who is with you, and you are the one who is with me, Unimboti."" He is the one who is with the people.",Dec 05 output,,13.351131269198879,3.2210808545375818,3.60082304526749
"Take into the boat with you a male and a female of every kind of animal and bird, as well as a male and a female of every reptile. I don't want them to be destroyed.","Á dāá lēē unoon kamaa buluku uja nì usal, nì kuwaŋkuluu kamaa buluku uja nì usal, nì kun kamaa pée fù kitiŋ puee buluku uja nì usal, bi-kɔkɔ ń dāá dāan̄ a-cee kí ŋmátí.","If you see a snake that is long, and a very long snake, and a snake that is as long as a tree, you will run away very quickly.",Dec 05 output,,16.928465939488486,3.2210808545375818,3.60082304526749
"After saying this, he rushed off to his herd of cattle and picked out one of the best calves, which his servant quickly prepared.","Abraam tùkū u-nimpuu mimmee, ní ki sáǹ ki cūtìi kɔ́ u-nacaŋkpuŋkun, ki cúú dinajapɔmbil din bí màlmalee ki tīī u-tɔntɔnliu ní úǹ kūū-dì ki ŋɔ́fì malaa malaa.","When Abraham was old, and the Lord had blessed him in all things, he said to his eldest servant, ""Put your hand under my thigh, and I will make you swear by the Lord, the God of heaven and the God of the earth, that you will not take a wife for my son from the daughters of the Canaanites among whom I dwell.",Dec 05 output,,24.319999938122468,3.2210808545375818,3.60082304526749
"When the stronger sheep were mating near the drinking place, Jacob made sure that the spotted branches were there.","Ŋyunti ŋun ní tiwaŋkuti tin yáàyee yaa làá jɔ̄m̀ tɔbee, ní Jaakɔb ń yòon̄ní ndɔsɔmu mun u cùkūee kí ŋá tiwan tin poon tiwaŋkuti nyùee kí túĺ ti-nimbiin, ní tì jɔ́ḿ tɔb ndɔsɔmu mun u cùkūee cee.","When the people saw that Jacob had given his son a goat, they also gave their children goats and sheep, and they gave them to their sons.",Dec 05 output,,26.16137764317471,3.2210808545375818,3.60082304526749
"When Jacob saw them, he said, “This is God's camp.” So he named the place Mahanaim.",Ní Jaakɔb mun nín nìkì u-saŋŋu. U cée ní Unimbɔti tuuŋyi cílìń u-pu nsanni.,Jacob's child is the one who will save. He will bring Unimboti back to life and give him strength.,Dec 05 output,,16.696509735251297,3.2210808545375818,3.60082304526749
So God created humans to be like himself; he made men and women.,"Ní Unimbɔti náań unil ki nántiǹ u-ba, u náań-u ki nántiǹ úǹ Unimbɔti u-ba ní. U nìn náań uninja nì unimpu ní.","The Unimbɔti people are those who have the same language, and those who have the same language are the Unimbɔti people. They are the ones who have the same customs.",onesimus_C968674F_Dec 07 output,,15.135414094976435,3.2210808545375818,3.60082304526749
"Take into the boat with you a male and a female of every kind of animal and bird, as well as a male and a female of every reptile. I don't want them to be destroyed.","Á dāá lēē unoon kamaa buluku uja nì usal, nì kuwaŋkuluu kamaa buluku uja nì usal, nì kun kamaa pée fù kitiŋ puee buluku uja nì usal, bi-kɔkɔ ń dāá dāan̄ a-cee kí ŋmátí.","And he said to them, ""You will not eat of the fruit of this tree, nor will you touch it, nor will you even come near this tree, lest you die.""",onesimus_C968674F_Dec 07 output,,16.810332419570635,3.2210808545375818,3.60082304526749
"After saying this, he rushed off to his herd of cattle and picked out one of the best calves, which his servant quickly prepared.","Abraam tùkū u-nimpuu mimmee, ní ki sáǹ ki cūtìi kɔ́ u-nacaŋkpuŋkun, ki cúú dinajapɔmbil din bí màlmalee ki tīī u-tɔntɔnliu ní úǹ kūū-dì ki ŋɔ́fì malaa malaa.","When Abraham was old, and the Lord had blessed him in every way, he said to the chief servant of his household, who was in charge of all he owned, ""Place your hand under my thigh and swear by the Lord, the God of heaven and the God of earth, that you will not take a wife for my son from the daughters of the Canaanites among whom I am living.",onesimus_C968674F_Dec 07 output,,23.569022665488344,3.2210808545375818,3.60082304526749
"When the stronger sheep were mating near the drinking place, Jacob made sure that the spotted branches were there.","Ŋyunti ŋun ní tiwaŋkuti tin yáàyee yaa làá jɔ̄m̀ tɔbee, ní Jaakɔb ń yòon̄ní ndɔsɔmu mun u cùkūee kí ŋá tiwan tin poon tiwaŋkuti nyùee kí túĺ ti-nimbiin, ní tì jɔ́ḿ tɔb ndɔsɔmu mun u cùkūee cee.","The woman went and told her father Jacob, ""This man spoke to me in a rude manner and insulted me."" Then her father Jacob became very angry and scolded the man severely.",onesimus_C968674F_Dec 07 output,,24.1249794964405,3.2210808545375818,3.60082304526749
"When Jacob saw them, he said, “This is God's camp.” So he named the place Mahanaim.",Ní Jaakɔb mun nín nìkì u-saŋŋu. U cée ní Unimbɔti tuuŋyi cílìń u-pu nsanni.,Jacob's mother told him to go to the farm. He saw that Unimboti had harvested a lot of yams and put them in the barn.,onesimus_C968674F_Dec 07 output,,22.133690024579792,3.2210808545375818,3.60082304526749
So God created humans to be like himself; he made men and women.,"Ní Unimbɔti náań unil ki nántiǹ u-ba, u náań-u ki nántiǹ úǹ Unimbɔti u-ba ní. U nìn náań uninja nì unimpu ní.","If Unimboti had not gone to the farm, he would not have seen the child, and if he had not seen the child, Unimboti would not have gone to the farm. He did not go to the farm because of the rain.",john_C52DEBBB_output (10),,14.829123128604268,3.2210808545375818,3.60082304526749
"Take into the boat with you a male and a female of every kind of animal and bird, as well as a male and a female of every reptile. I don't want them to be destroyed.","Á dāá lēē unoon kamaa buluku uja nì usal, nì kuwaŋkuluu kamaa buluku uja nì usal, nì kun kamaa pée fù kitiŋ puee buluku uja nì usal, bi-kɔkɔ ń dāá dāan̄ a-cee kí ŋmátí.","And then they took the child and put him in the water, and they took the child and put him in the water, and they took the child and put him in the water, but the crocodile did not eat him.",john_C52DEBBB_output (10),,17.240644684402845,3.2210808545375818,3.60082304526749
"After saying this, he rushed off to his herd of cattle and picked out one of the best calves, which his servant quickly prepared.","Abraam tùkū u-nimpuu mimmee, ní ki sáǹ ki cūtìi kɔ́ u-nacaŋkpuŋkun, ki cúú dinajapɔmbil din bí màlmalee ki tīī u-tɔntɔnliu ní úǹ kūū-dì ki ŋɔ́fì malaa malaa.","When Abraham was old, and the Lord had blessed him in all things, he said to his servant, the oldest of his household, who had charge of all that he had, ""Put your hand under my thigh.""",john_C52DEBBB_output (10),,26.989786429007818,3.2210808545375818,3.60082304526749
"When the stronger sheep were mating near the drinking place, Jacob made sure that the spotted branches were there.","Ŋyunti ŋun ní tiwaŋkuti tin yáàyee yaa làá jɔ̄m̀ tɔbee, ní Jaakɔb ń yòon̄ní ndɔsɔmu mun u cùkūee kí ŋá tiwan tin poon tiwaŋkuti nyùee kí túĺ ti-nimbiin, ní tì jɔ́ḿ tɔb ndɔsɔmu mun u cùkūee cee.","The people saw that Jacob's children were grazing their father's flocks, and they said to one another, ""Let us take the flocks of Jacob's children and drive them away.""",john_C52DEBBB_output (10),,25.766500843498957,3.2210808545375818,3.60082304526749
"When Jacob saw them, he said, “This is God's camp.” So he named the place Mahanaim.",Ní Jaakɔb mun nín nìkì u-saŋŋu. U cée ní Unimbɔti tuuŋyi cílìń u-pu nsanni.,Jacob's mother did not allow him. He said that Unimboti had already given him permission to go.,john_C52DEBBB_output (10),,20.3862497855057,3.2210808545375818,3.60082304526749
So God created humans to be like himself; he made men and women.,"Ní Unimbɔti náań unil ki nántiǹ u-ba, u náań-u ki nántiǹ úǹ Unimbɔti u-ba ní. U nìn náań uninja nì unimpu ní.","Unimbɔti is a person who is not a child, and a child is not Unimbɔti. A child is not a person who has a wife.",gerhardt_62CB5CC1_output (4),,12.25963268924498,3.2210808545375818,3.60082304526749
"Take into the boat with you a male and a female of every kind of animal and bird, as well as a male and a female of every reptile. I don't want them to be destroyed.","Á dāá lēē unoon kamaa buluku uja nì usal, nì kuwaŋkuluu kamaa buluku uja nì usal, nì kun kamaa pée fù kitiŋ puee buluku uja nì usal, bi-kɔkɔ ń dāá dāan̄ a-cee kí ŋmátí.","If you see a snake in the house, and you see a snake in the yard, and you see a snake in the bush near the house, then you will know that the snake is your friend.",gerhardt_62CB5CC1_output (4),,19.154465967208143,3.2210808545375818,3.60082304526749
"After saying this, he rushed off to his herd of cattle and picked out one of the best calves, which his servant quickly prepared.","Abraam tùkū u-nimpuu mimmee, ní ki sáǹ ki cūtìi kɔ́ u-nacaŋkpuŋkun, ki cúú dinajapɔmbil din bí màlmalee ki tīī u-tɔntɔnliu ní úǹ kūū-dì ki ŋɔ́fì malaa malaa.","When Abraham was old, and the Lord had blessed him in all things, he said to his servant, the eldest of his house, who ruled over all that he had, ""Put your hand under my thigh, and I will make you swear by the Lord, the God of heaven and the God of the earth, that you will not take a wife for my son from the daughters of the Canaanites, among whom I dwell.",gerhardt_62CB5CC1_output (4),,25.929033049838036,3.2210808545375818,3.60082304526749
"When the stronger sheep were mating near the drinking place, Jacob made sure that the spotted branches were there.","Ŋyunti ŋun ní tiwaŋkuti tin yáàyee yaa làá jɔ̄m̀ tɔbee, ní Jaakɔb ń yòon̄ní ndɔsɔmu mun u cùkūee kí ŋá tiwan tin poon tiwaŋkuti nyùee kí túĺ ti-nimbiin, ní tì jɔ́ḿ tɔb ndɔsɔmu mun u cùkūee cee.","When the time came for Rebekah to give birth, the twins were struggling within her. So she went to ask the Lord about it. ""Why is this happening to me?"" she asked. The Lord told her, ""The sons in your womb will become two nations. From the very beginning, the two nations will be rivals. One nation will be stronger than the other. And your older son will serve your younger son.""",gerhardt_62CB5CC1_output (4),,24.968579702561573,3.2210808545375818,3.60082304526749
"When Jacob saw them, he said, “This is God's camp.” So he named the place Mahanaim.",Ní Jaakɔb mun nín nìkì u-saŋŋu. U cée ní Unimbɔti tuuŋyi cílìń u-pu nsanni.,Jacob is the one who has sent me. He said that Unimboti should come and meet him at the river.,gerhardt_62CB5CC1_output (4),,21.587842810415157,3.2210808545375818,3.60082304526749
So God created humans to be like himself; he made men and women.,"Ní Unimbɔti náań unil ki nántiǹ u-ba, u náań-u ki nántiǹ úǹ Unimbɔti u-ba ní. U nìn náań uninja nì unimpu ní.","If Unimboti had not come to the village, he would not have seen his father, and his father would not have seen Unimboti. He would not have found his mother and his siblings.",Dec 04 output,,15.832563294666974,3.2210808545375818,3.60082304526749
"Take into the boat with you a male and a female of every kind of animal and bird, as well as a male and a female of every reptile. I don't want them to be destroyed.","Á dāá lēē unoon kamaa buluku uja nì usal, nì kuwaŋkuluu kamaa buluku uja nì usal, nì kun kamaa pée fù kitiŋ puee buluku uja nì usal, bi-kɔkɔ ń dāá dāan̄ a-cee kí ŋmátí.","And they went and gathered together all the kings who were there, and all the governors who were there, and all the great men of the city who were there, and they all came to the king's house.",Dec 04 output,,19.703742932876658,3.2210808545375818,3.60082304526749
"After saying this, he rushed off to his herd of cattle and picked out one of the best calves, which his servant quickly prepared.","Abraam tùkū u-nimpuu mimmee, ní ki sáǹ ki cūtìi kɔ́ u-nacaŋkpuŋkun, ki cúú dinajapɔmbil din bí màlmalee ki tīī u-tɔntɔnliu ní úǹ kūū-dì ki ŋɔ́fì malaa malaa.","When Abraham was old, and the Lord had blessed him in all things, he said to his eldest servant, ""Put your hand under my thigh, and I will make you swear by the Lord, the God of heaven and the God of the earth, that you will not take a wife for my son from the daughters of the Canaanites among whom I dwell.""",Dec 04 output,,24.283468850076808,3.2210808545375818,3.60082304526749
"When the stronger sheep were mating near the drinking place, Jacob made sure that the spotted branches were there.","Ŋyunti ŋun ní tiwaŋkuti tin yáàyee yaa làá jɔ̄m̀ tɔbee, ní Jaakɔb ń yòon̄ní ndɔsɔmu mun u cùkūee kí ŋá tiwan tin poon tiwaŋkuti nyùee kí túĺ ti-nimbiin, ní tì jɔ́ḿ tɔb ndɔsɔmu mun u cùkūee cee.","When the days of mourning for Joseph were over, Jacob's sons said to one another, ""If Joseph is still angry with us and wants to pay us back for all the suffering we caused him,"" so they sent a message to Joseph saying.",Dec 04 output,,27.850001074163078,3.2210808545375818,3.60082304526749
"When Jacob saw them, he said, “This is God's camp.” So he named the place Mahanaim.",Ní Jaakɔb mun nín nìkì u-saŋŋu. U cée ní Unimbɔti tuuŋyi cílìń u-pu nsanni.,Jacob's son went to the market. He saw Unimboti selling fish in the sun.,Dec 04 output,,17.815511871078385,3.2210808545375818,3.60082304526749
So God created humans to be like himself; he made men and women.,"Ní Unimbɔti náań unil ki nántiǹ u-ba, u náań-u ki nántiǹ úǹ Unimbɔti u-ba ní. U nìn náań uninja nì unimpu ní.","If Unimboti had not given birth to a child, she would not have given birth to a child of Unimboti. She would have given birth to a child of someone else.",gerhardt_676E558A_output (6),,15.415645113829443,3.2210808545375818,3.60082304526749
"Take into the boat with you a male and a female of every kind of animal and bird, as well as a male and a female of every reptile. I don't want them to be destroyed.","Á dāá lēē unoon kamaa buluku uja nì usal, nì kuwaŋkuluu kamaa buluku uja nì usal, nì kun kamaa pée fù kitiŋ puee buluku uja nì usal, bi-kɔkɔ ń dāá dāan̄ a-cee kí ŋmátí.","And then the hyena said to the hare, ""You are a liar,"" and the hare said to the hyena, ""You are a liar,"" and the hare said to the hyena, ""You are a liar,"" and then the hyena went and told the chief.",gerhardt_676E558A_output (6),,17.80688885200161,3.2210808545375818,3.60082304526749
"After saying this, he rushed off to his herd of cattle and picked out one of the best calves, which his servant quickly prepared.","Abraam tùkū u-nimpuu mimmee, ní ki sáǹ ki cūtìi kɔ́ u-nacaŋkpuŋkun, ki cúú dinajapɔmbil din bí màlmalee ki tīī u-tɔntɔnliu ní úǹ kūū-dì ki ŋɔ́fì malaa malaa.","When Abraham was old, and the Lord had blessed him in all things, he said to his eldest servant, ""Put your hand under my thigh, and I will make you swear by the Lord, the God of heaven and the God of the earth, that you will not take a wife for my son from the daughters of the Canaanites among whom I dwell.""",gerhardt_676E558A_output (6),,24.283468850076808,3.2210808545375818,3.60082304526749
"When the stronger sheep were mating near the drinking place, Jacob made sure that the spotted branches were there.","Ŋyunti ŋun ní tiwaŋkuti tin yáàyee yaa làá jɔ̄m̀ tɔbee, ní Jaakɔb ń yòon̄ní ndɔsɔmu mun u cùkūee kí ŋá tiwan tin poon tiwaŋkuti nyùee kí túĺ ti-nimbiin, ní tì jɔ́ḿ tɔb ndɔsɔmu mun u cùkūee cee.","The woman said to the angel, ""I have not known a man,"" and Jacob did not lie with her until she bore a son, and he called his name Reuben, for she said, ""The Lord has seen my affliction.""",gerhardt_676E558A_output (6),,19.637461928830092,3.2210808545375818,3.60082304526749
"When Jacob saw them, he said, “This is God's camp.” So he named the place Mahanaim.",Ní Jaakɔb mun nín nìkì u-saŋŋu. U cée ní Unimbɔti tuuŋyi cílìń u-pu nsanni.,Jacob's son went to the farm. He saw Unimboti's children playing near the river.,gerhardt_676E558A_output (6),,18.86141751573368,3.2210808545375818,3.60082304526749
So God created humans to be like himself; he made men and women.,"Ní Unimbɔti náań unil ki nántiǹ u-ba, u náań-u ki nántiǹ úǹ Unimbɔti u-ba ní. U nìn náań uninja nì unimpu ní.","If Unimboti had not given birth to a child, she would not have been a mother, and if she had not been a mother, Unimboti would not have been a mother. She would not have given birth to a child and would not have been a mother.",gerhardt_107423D8_output (9),,15.343421846554492,3.2210808545375818,3.60082304526749
"Take into the boat with you a male and a female of every kind of animal and bird, as well as a male and a female of every reptile. I don't want them to be destroyed.","Á dāá lēē unoon kamaa buluku uja nì usal, nì kuwaŋkuluu kamaa buluku uja nì usal, nì kun kamaa pée fù kitiŋ puee buluku uja nì usal, bi-kɔkɔ ń dāá dāan̄ a-cee kí ŋmátí.","When the moon is full, the animals gather in the forest to dance, and the birds sing in the forest to dance, and the fish swim in the river to dance, and the children play in the moonlight.",gerhardt_107423D8_output (9),,21.806316079651868,3.2210808545375818,3.60082304526749
"After saying this, he rushed off to his herd of cattle and picked out one of the best calves, which his servant quickly prepared.","Abraam tùkū u-nimpuu mimmee, ní ki sáǹ ki cūtìi kɔ́ u-nacaŋkpuŋkun, ki cúú dinajapɔmbil din bí màlmalee ki tīī u-tɔntɔnliu ní úǹ kūū-dì ki ŋɔ́fì malaa malaa.","When Abraham saw them, he ran from the tent door to meet them, and bowed himself to the earth, and said, ""My lord, if now I have found favor in your sight, please do not pass by your servant.""",gerhardt_107423D8_output (9),,22.473229129795065,3.2210808545375818,3.60082304526749
"When the stronger sheep were mating near the drinking place, Jacob made sure that the spotted branches were there.","Ŋyunti ŋun ní tiwaŋkuti tin yáàyee yaa làá jɔ̄m̀ tɔbee, ní Jaakɔb ń yòon̄ní ndɔsɔmu mun u cùkūee kí ŋá tiwan tin poon tiwaŋkuti nyùee kí túĺ ti-nimbiin, ní tì jɔ́ḿ tɔb ndɔsɔmu mun u cùkūee cee.","When the people saw that Jacob had come to the village, they all came out to greet him, and he greeted them all, and they all went into the village together.",gerhardt_107423D8_output (9),,26.31980207628888,3.2210808545375818,3.60082304526749
"When Jacob saw them, he said, “This is God's camp.” So he named the place Mahanaim.",Ní Jaakɔb mun nín nìkì u-saŋŋu. U cée ní Unimbɔti tuuŋyi cílìń u-pu nsanni.,Jacob's son did not want to go. He said that Unimboti had already taken his share.,gerhardt_107423D8_output (9),,19.12690015817283,3.2210808545375818,3.60082304526749
So God created humans to be like himself; he made men and women.,"Ní Unimbɔti náań unil ki nántiǹ u-ba, u náań-u ki nántiǹ úǹ Unimbɔti u-ba ní. U nìn náań uninja nì unimpu ní.","If Unimboti had not come to see you, you would not have come to see Unimboti either. You have not come to see my child.",gerhardt_E4F773B6_output (3),,16.291444120067496,3.2210808545375818,3.60082304526749
"Take into the boat with you a male and a female of every kind of animal and bird, as well as a male and a female of every reptile. I don't want them to be destroyed.","Á dāá lēē unoon kamaa buluku uja nì usal, nì kuwaŋkuluu kamaa buluku uja nì usal, nì kun kamaa pée fù kitiŋ puee buluku uja nì usal, bi-kɔkɔ ń dāá dāan̄ a-cee kí ŋmátí.","The one who has a child and does not teach them, and the one who has a child and does not advise them, and the one who has a child and does not show them the right path, they have all failed in their duty.",gerhardt_E4F773B6_output (3),,20.753096271631634,3.2210808545375818,3.60082304526749
"After saying this, he rushed off to his herd of cattle and picked out one of the best calves, which his servant quickly prepared.","Abraam tùkū u-nimpuu mimmee, ní ki sáǹ ki cūtìi kɔ́ u-nacaŋkpuŋkun, ki cúú dinajapɔmbil din bí màlmalee ki tīī u-tɔntɔnliu ní úǹ kūū-dì ki ŋɔ́fì malaa malaa.","When Abraham was old, and the Lord had blessed him in all things, he said to his eldest servant, ""Put your hand under my thigh, and I will make you swear by the Lord, the God of heaven and the God of the earth, that you will not take a wife for my son from the daughters of the Canaanites among whom I dwell.""",gerhardt_E4F773B6_output (3),,24.283468850076808,3.2210808545375818,3.60082304526749
"When the stronger sheep were mating near the drinking place, Jacob made sure that the spotted branches were there.","Ŋyunti ŋun ní tiwaŋkuti tin yáàyee yaa làá jɔ̄m̀ tɔbee, ní Jaakɔb ń yòon̄ní ndɔsɔmu mun u cùkūee kí ŋá tiwan tin poon tiwaŋkuti nyùee kí túĺ ti-nimbiin, ní tì jɔ́ḿ tɔb ndɔsɔmu mun u cùkūee cee.","When the days of mourning for Isaac were over, Jacob called his son Joseph and said to him, ""If I have found favor in your eyes, place your hand under my thigh and promise me that you will not bury me in Egypt.""",gerhardt_E4F773B6_output (3),,26.45243928141005,3.2210808545375818,3.60082304526749
"When Jacob saw them, he said, “This is God's camp.” So he named the place Mahanaim.",Ní Jaakɔb mun nín nìkì u-saŋŋu. U cée ní Unimbɔti tuuŋyi cílìń u-pu nsanni.,Jacob's child did not eat. He said that Unimboti's food is too salty for him.,gerhardt_E4F773B6_output (3),,18.37793644578161,3.2210808545375818,3.60082304526749
So God created humans to be like himself; he made men and women.,"Ní Unimbɔti náań unil ki nántiǹ u-ba, u náań-u ki nántiǹ úǹ Unimbɔti u-ba ní. U nìn náań uninja nì unimpu ní.","If Unimboti had not given birth to you, you would not have given birth to Unimboti. You are the child of your mother.",john_B0DBB2CB_output (4),,13.242885406588844,3.2210808545375818,3.60082304526749
"Take into the boat with you a male and a female of every kind of animal and bird, as well as a male and a female of every reptile. I don't want them to be destroyed.","Á dāá lēē unoon kamaa buluku uja nì usal, nì kuwaŋkuluu kamaa buluku uja nì usal, nì kun kamaa pée fù kitiŋ puee buluku uja nì usal, bi-kɔkɔ ń dāá dāan̄ a-cee kí ŋmátí.","And he said to them, ""You are the ones who justify yourselves before men, but God knows your hearts. For what is highly esteemed among men is detestable in God's sight.",john_B0DBB2CB_output (4),,18.934678079285604,3.2210808545375818,3.60082304526749
"After saying this, he rushed off to his herd of cattle and picked out one of the best calves, which his servant quickly prepared.","Abraam tùkū u-nimpuu mimmee, ní ki sáǹ ki cūtìi kɔ́ u-nacaŋkpuŋkun, ki cúú dinajapɔmbil din bí màlmalee ki tīī u-tɔntɔnliu ní úǹ kūū-dì ki ŋɔ́fì malaa malaa.","When Abraham was ninety-nine years old, the Lord appeared to him and said, ""I am God Almighty; walk before me faithfully and be blameless. Then I will make my covenant between me and you and will greatly increase your numbers.""",john_B0DBB2CB_output (4),,19.682263784622336,3.2210808545375818,3.60082304526749
"When the stronger sheep were mating near the drinking place, Jacob made sure that the spotted branches were there.","Ŋyunti ŋun ní tiwaŋkuti tin yáàyee yaa làá jɔ̄m̀ tɔbee, ní Jaakɔb ń yòon̄ní ndɔsɔmu mun u cùkūee kí ŋá tiwan tin poon tiwaŋkuti nyùee kí túĺ ti-nimbiin, ní tì jɔ́ḿ tɔb ndɔsɔmu mun u cùkūee cee.","The woman said to the man, ""I will go and get water,"" and Jacob went to the well and found the woman there, and he said to her, ""Give me water to drink,"" and she said to the man, ""I will go and get water.""",john_B0DBB2CB_output (4),,24.630673913086326,3.2210808545375818,3.60082304526749
"When Jacob saw them, he said, “This is God's camp.” So he named the place Mahanaim.",Ní Jaakɔb mun nín nìkì u-saŋŋu. U cée ní Unimbɔti tuuŋyi cílìń u-pu nsanni.,Jacob is the one who gave you the message. He said that Unimboti will come to the house tomorrow.,john_B0DBB2CB_output (4),,20.162964451082185,3.2210808545375818,3.60082304526749
So God created humans to be like himself; he made men and women.,"Ní Unimbɔti náań unil ki nántiǹ u-ba, u náań-u ki nántiǹ úǹ Unimbɔti u-ba ní. U nìn náań uninja nì unimpu ní.","If you love someone, you should tell them, and if someone loves you, they should tell you. You should not love in silence.",gerhardt_E32D1C1E_output_mzX2S5,,14.961864974960587,3.2210808545375818,3.60082304526749
"Take into the boat with you a male and a female of every kind of animal and bird, as well as a male and a female of every reptile. I don't want them to be destroyed.","Á dāá lēē unoon kamaa buluku uja nì usal, nì kuwaŋkuluu kamaa buluku uja nì usal, nì kun kamaa pée fù kitiŋ puee buluku uja nì usal, bi-kɔkɔ ń dāá dāan̄ a-cee kí ŋmátí.","The one who is not afraid of the buluku that is in the water, and is not afraid of the buluku that is on land, and is not afraid of the buluku that is in the air, that person will not be harmed by anything.",gerhardt_E32D1C1E_output_mzX2S5,,19.735019011075405,3.2210808545375818,3.60082304526749
"After saying this, he rushed off to his herd of cattle and picked out one of the best calves, which his servant quickly prepared.","Abraam tùkū u-nimpuu mimmee, ní ki sáǹ ki cūtìi kɔ́ u-nacaŋkpuŋkun, ki cúú dinajapɔmbil din bí màlmalee ki tīī u-tɔntɔnliu ní úǹ kūū-dì ki ŋɔ́fì malaa malaa.","When Abraham was old, and the Lord had blessed him in all things, he said to his eldest servant, ""Put your hand under my thigh, and I will make you swear by the Lord, the God of heaven and the God of the earth, that you will not take a wife for my son from the daughters of the Canaanites among whom I dwell.",gerhardt_E32D1C1E_output_mzX2S5,,24.319999938122468,3.2210808545375818,3.60082304526749
"When the stronger sheep were mating near the drinking place, Jacob made sure that the spotted branches were there.","Ŋyunti ŋun ní tiwaŋkuti tin yáàyee yaa làá jɔ̄m̀ tɔbee, ní Jaakɔb ń yòon̄ní ndɔsɔmu mun u cùkūee kí ŋá tiwan tin poon tiwaŋkuti nyùee kí túĺ ti-nimbiin, ní tì jɔ́ḿ tɔb ndɔsɔmu mun u cùkūee cee.","When the time came for Rebekah to give birth, the twins were struggling within her. So she went to ask the Lord about it. ""Why is this happening to me?"" she asked. The Lord answered her, ""The sons in your womb will become two nations. From the very beginning, the two nations will be rivals. One nation will be stronger than the other. And your older son will serve your younger son.""",gerhardt_E32D1C1E_output_mzX2S5,,25.42979875886361,3.2210808545375818,3.60082304526749
"When Jacob saw them, he said, “This is God's camp.” So he named the place Mahanaim.",Ní Jaakɔb mun nín nìkì u-saŋŋu. U cée ní Unimbɔti tuuŋyi cílìń u-pu nsanni.,Jacob's son was not there. He said that Unimboti had gone to the farm to harvest groundnuts.,gerhardt_E32D1C1E_output_mzX2S5,,18.873624237893267,3.2210808545375818,3.60082304526749
So God created humans to be like himself; he made men and women.,"Ní Unimbɔti náań unil ki nántiǹ u-ba, u náań-u ki nántiǹ úǹ Unimbɔti u-ba ní. U nìn náań uninja nì unimpu ní.","If Unimboti had not come to see me, I would not have come to see Unimboti either. I came to see my friend.",gerhardt_145C11AE_output (2),,17.208217164416123,3.2210808545375818,3.60082304526749
"Take into the boat with you a male and a female of every kind of animal and bird, as well as a male and a female of every reptile. I don't want them to be destroyed.","Á dāá lēē unoon kamaa buluku uja nì usal, nì kuwaŋkuluu kamaa buluku uja nì usal, nì kun kamaa pée fù kitiŋ puee buluku uja nì usal, bi-kɔkɔ ń dāá dāan̄ a-cee kí ŋmátí.","And then he saw a very big snake, and a very big snake, and a very big snake that was lying there, and he was very afraid.",gerhardt_145C11AE_output (2),,17.80537863628779,3.2210808545375818,3.60082304526749
"After saying this, he rushed off to his herd of cattle and picked out one of the best calves, which his servant quickly prepared.","Abraam tùkū u-nimpuu mimmee, ní ki sáǹ ki cūtìi kɔ́ u-nacaŋkpuŋkun, ki cúú dinajapɔmbil din bí màlmalee ki tīī u-tɔntɔnliu ní úǹ kūū-dì ki ŋɔ́fì malaa malaa.","When Abraham was old, and the Lord had blessed him in all things, he said to his eldest servant, ""Put your hand under my thigh, and I will make you swear by the Lord, the God of heaven and the God of the earth, that you will not take a wife for my son from the daughters of the Canaanites, among whom I dwell.",gerhardt_145C11AE_output (2),,24.535045920221012,3.2210808545375818,3.60082304526749
"When the stronger sheep were mating near the drinking place, Jacob made sure that the spotted branches were there.","Ŋyunti ŋun ní tiwaŋkuti tin yáàyee yaa làá jɔ̄m̀ tɔbee, ní Jaakɔb ń yòon̄ní ndɔsɔmu mun u cùkūee kí ŋá tiwan tin poon tiwaŋkuti nyùee kí túĺ ti-nimbiin, ní tì jɔ́ḿ tɔb ndɔsɔmu mun u cùkūee cee.","When the days of mourning for Jacob were over, Joseph spoke to Pharaoh's household and said, ""If I have found favor in your eyes, please speak to Pharaoh for me. Tell him, 'My father made me swear an oath.'""",gerhardt_145C11AE_output (2),,26.739236510138696,3.2210808545375818,3.60082304526749
"When Jacob saw them, he said, “This is God's camp.” So he named the place Mahanaim.",Ní Jaakɔb mun nín nìkì u-saŋŋu. U cée ní Unimbɔti tuuŋyi cílìń u-pu nsanni.,Jacob's son did not listen. He went to Unimboti to look for work.,gerhardt_145C11AE_output (2),,11.901012337340967,3.2210808545375818,3.60082304526749
So God created humans to be like himself; he made men and women.,"Ní Unimbɔti náań unil ki nántiǹ u-ba, u náań-u ki nántiǹ úǹ Unimbɔti u-ba ní. U nìn náań uninja nì unimpu ní.","If Unimboti had not come and taken the child, the child would not have taken Unimboti. He came and took the child and the goat.",gerhardt_087BEB88_output_loRIsq,,17.790525210761864,3.2210808545375818,3.60082304526749
"Take into the boat with you a male and a female of every kind of animal and bird, as well as a male and a female of every reptile. I don't want them to be destroyed.","Á dāá lēē unoon kamaa buluku uja nì usal, nì kuwaŋkuluu kamaa buluku uja nì usal, nì kun kamaa pée fù kitiŋ puee buluku uja nì usal, bi-kɔkɔ ń dāá dāan̄ a-cee kí ŋmátí.","And then he took the hyena's tail and threw it, and he took the hyena's leg and threw it, and he took the hyena's head and threw it into the fire, and the hyena fell down and died.",gerhardt_087BEB88_output_loRIsq,,20.71465371733059,3.2210808545375818,3.60082304526749
"After saying this, he rushed off to his herd of cattle and picked out one of the best calves, which his servant quickly prepared.","Abraam tùkū u-nimpuu mimmee, ní ki sáǹ ki cūtìi kɔ́ u-nacaŋkpuŋkun, ki cúú dinajapɔmbil din bí màlmalee ki tīī u-tɔntɔnliu ní úǹ kūū-dì ki ŋɔ́fì malaa malaa.","When Abraham was ninety-nine years old, the Lord appeared to him and said, ""I am God Almighty; walk before me faithfully and be blameless.""",gerhardt_087BEB88_output_loRIsq,,17.65782297401047,3.2210808545375818,3.60082304526749
"When the stronger sheep were mating near the drinking place, Jacob made sure that the spotted branches were there.","Ŋyunti ŋun ní tiwaŋkuti tin yáàyee yaa làá jɔ̄m̀ tɔbee, ní Jaakɔb ń yòon̄ní ndɔsɔmu mun u cùkūee kí ŋá tiwan tin poon tiwaŋkuti nyùee kí túĺ ti-nimbiin, ní tì jɔ́ḿ tɔb ndɔsɔmu mun u cùkūee cee.","When the time came for Rebekah to give birth, the twins were struggling within her. So she asked the Lord, ""Why is this happening to me?"" And the Lord told her, ""The sons in your womb will become two rival nations. One will be stronger than the other, and the older will serve the younger.""",gerhardt_087BEB88_output_loRIsq,,27.253768485547436,3.2210808545375818,3.60082304526749
"When Jacob saw them, he said, “This is God's camp.” So he named the place Mahanaim.",Ní Jaakɔb mun nín nìkì u-saŋŋu. U cée ní Unimbɔti tuuŋyi cílìń u-pu nsanni.,Jacob's child is the one who will rule. He will be the one to bring Unimboti's people together.,gerhardt_087BEB88_output_loRIsq,,15.605727576426235,3.2210808545375818,3.60082304526749
So God created humans to be like himself; he made men and women.,"Ní Unimbɔti náań unil ki nántiǹ u-ba, u náań-u ki nántiǹ úǹ Unimbɔti u-ba ní. U nìn náań uninja nì unimpu ní.","Unimbɔti said that he is going to the farm, and he said that Unimbɔti is going to the farm too. He is going to the farm with his friend.",john_C904F397_output (2),,13.75992276377388,3.2210808545375818,3.60082304526749
"Take into the boat with you a male and a female of every kind of animal and bird, as well as a male and a female of every reptile. I don't want them to be destroyed.","Á dāá lēē unoon kamaa buluku uja nì usal, nì kuwaŋkuluu kamaa buluku uja nì usal, nì kun kamaa pée fù kitiŋ puee buluku uja nì usal, bi-kɔkɔ ń dāá dāan̄ a-cee kí ŋmátí.","If you want to know the truth about this matter, and you want to know the truth about this matter, and you want to know the truth about this matter, then you must listen carefully to what I say.",john_C904F397_output (2),,16.94488826120286,3.2210808545375818,3.60082304526749
"After saying this, he rushed off to his herd of cattle and picked out one of the best calves, which his servant quickly prepared.","Abraam tùkū u-nimpuu mimmee, ní ki sáǹ ki cūtìi kɔ́ u-nacaŋkpuŋkun, ki cúú dinajapɔmbil din bí màlmalee ki tīī u-tɔntɔnliu ní úǹ kūū-dì ki ŋɔ́fì malaa malaa.","When Abraham was about to sacrifice his son, he tied his hands and feet, laid him on the altar, and took the knife to slaughter him, but God called him from heaven and stopped him.",john_C904F397_output (2),,21.721907802722413,3.2210808545375818,3.60082304526749
"When the stronger sheep were mating near the drinking place, Jacob made sure that the spotted branches were there.","Ŋyunti ŋun ní tiwaŋkuti tin yáàyee yaa làá jɔ̄m̀ tɔbee, ní Jaakɔb ń yòon̄ní ndɔsɔmu mun u cùkūee kí ŋá tiwan tin poon tiwaŋkuti nyùee kí túĺ ti-nimbiin, ní tì jɔ́ḿ tɔb ndɔsɔmu mun u cùkūee cee.","When the people saw that Jacob had given his son a goat, they also gave their children goats and sheep, and they gave the goats to their sons.",john_C904F397_output (2),,25.782753548535815,3.2210808545375818,3.60082304526749
"When Jacob saw them, he said, “This is God's camp.” So he named the place Mahanaim.",Ní Jaakɔb mun nín nìkì u-saŋŋu. U cée ní Unimbɔti tuuŋyi cílìń u-pu nsanni.,Jacob's mother did not want him to go. She said that Unimboti would kill him with a knife.,john_C904F397_output (2),,19.57086908104998,3.2210808545375818,3.60082304526749
So God created humans to be like himself; he made men and women.,"Ní Unimbɔti náań unil ki nántiǹ u-ba, u náań-u ki nántiǹ úǹ Unimbɔti u-ba ní. U nìn náań uninja nì unimpu ní.","If Unimboti had not come to the village, the village would not have been as it is now. It is because of him that the village has become prosperous.",onesimus_E33AE420_Dec 11 output,,16.138668083540356,3.2210808545375818,3.60082304526749
"Take into the boat with you a male and a female of every kind of animal and bird, as well as a male and a female of every reptile. I don't want them to be destroyed.","Á dāá lēē unoon kamaa buluku uja nì usal, nì kuwaŋkuluu kamaa buluku uja nì usal, nì kun kamaa pée fù kitiŋ puee buluku uja nì usal, bi-kɔkɔ ń dāá dāan̄ a-cee kí ŋmátí.","The one who has a lot of money and the one who has a lot of goats and the one who has a lot of children, all of them will die and leave their wealth behind.",onesimus_E33AE420_Dec 11 output,,20.3577418686965,3.2210808545375818,3.60082304526749
"After saying this, he rushed off to his herd of cattle and picked out one of the best calves, which his servant quickly prepared.","Abraam tùkū u-nimpuu mimmee, ní ki sáǹ ki cūtìi kɔ́ u-nacaŋkpuŋkun, ki cúú dinajapɔmbil din bí màlmalee ki tīī u-tɔntɔnliu ní úǹ kūū-dì ki ŋɔ́fì malaa malaa.","When Abraham was old, and the Lord had blessed him in every way, he said to the chief servant of his household, who was in charge of all he owned, ""Place your hand under my thigh, and I will make you swear by the Lord, the God of heaven and the God of earth, that you will not take a wife for my son from the daughters of the Canaanites among whom I am living.",onesimus_E33AE420_Dec 11 output,,23.252397700811024,3.2210808545375818,3.60082304526749
"When the stronger sheep were mating near the drinking place, Jacob made sure that the spotted branches were there.","Ŋyunti ŋun ní tiwaŋkuti tin yáàyee yaa làá jɔ̄m̀ tɔbee, ní Jaakɔb ń yòon̄ní ndɔsɔmu mun u cùkūee kí ŋá tiwan tin poon tiwaŋkuti nyùee kí túĺ ti-nimbiin, ní tì jɔ́ḿ tɔb ndɔsɔmu mun u cùkūee cee.","When the people saw that Jacob had given his son a lot of food, they also gave their children to Jacob to eat, and he ate all the food.",onesimus_E33AE420_Dec 11 output,,23.282489897760588,3.2210808545375818,3.60082304526749
"When Jacob saw them, he said, “This is God's camp.” So he named the place Mahanaim.",Ní Jaakɔb mun nín nìkì u-saŋŋu. U cée ní Unimbɔti tuuŋyi cílìń u-pu nsanni.,Jacob's mother told him to go to the farm. He saw Unimboti carrying a basket on her head.,onesimus_E33AE420_Dec 11 output,,18.56298167596288,3.2210808545375818,3.60082304526749
So God created humans to be like himself; he made men and women.,"Ní Unimbɔti náań unil ki nántiǹ u-ba, u náań-u ki nántiǹ úǹ Unimbɔti u-ba ní. U nìn náań uninja nì unimpu ní.","If you are not a child of Unimbɔti, you are not a child of anyone. You are not a child of a person or of a thing.",onesimus_48E85B7F_Dec 09 output,,12.463493320382522,3.2210808545375818,3.60082304526749
"Take into the boat with you a male and a female of every kind of animal and bird, as well as a male and a female of every reptile. I don't want them to be destroyed.","Á dāá lēē unoon kamaa buluku uja nì usal, nì kuwaŋkuluu kamaa buluku uja nì usal, nì kun kamaa pée fù kitiŋ puee buluku uja nì usal, bi-kɔkɔ ń dāá dāan̄ a-cee kí ŋmátí.","They say that if you see a snake in the morning, and you see a snake in the afternoon, and you see a snake in the evening, then you will surely die that day.",onesimus_48E85B7F_Dec 09 output,,19.497741797785746,3.2210808545375818,3.60082304526749
"After saying this, he rushed off to his herd of cattle and picked out one of the best calves, which his servant quickly prepared.","Abraam tùkū u-nimpuu mimmee, ní ki sáǹ ki cūtìi kɔ́ u-nacaŋkpuŋkun, ki cúú dinajapɔmbil din bí màlmalee ki tīī u-tɔntɔnliu ní úǹ kūū-dì ki ŋɔ́fì malaa malaa.","When Abraham was old, he gave all he had to Isaac. He also gave gifts to the sons of his concubines and sent them away from his son Isaac, while he was still living, to the east, to the land of the east.",onesimus_48E85B7F_Dec 09 output,,21.182765945990887,3.2210808545375818,3.60082304526749
"When the stronger sheep were mating near the drinking place, Jacob made sure that the spotted branches were there.","Ŋyunti ŋun ní tiwaŋkuti tin yáàyee yaa làá jɔ̄m̀ tɔbee, ní Jaakɔb ń yòon̄ní ndɔsɔmu mun u cùkūee kí ŋá tiwan tin poon tiwaŋkuti nyùee kí túĺ ti-nimbiin, ní tì jɔ́ḿ tɔb ndɔsɔmu mun u cùkūee cee.","And when the days of her purification were fulfilled, according to the law of Moses, they brought him up to Jerusalem, to present him to the Lord; as it is written in the law of the Lord, Every male that openeth the womb shall be called holy to the Lord; and to offer a sacrifice according to that which is said in the law of the Lord, A pair of turtledoves, or two young pigeons.",onesimus_48E85B7F_Dec 09 output,,22.830796125319104,3.2210808545375818,3.60082304526749
"When Jacob saw them, he said, “This is God's camp.” So he named the place Mahanaim.",Ní Jaakɔb mun nín nìkì u-saŋŋu. U cée ní Unimbɔti tuuŋyi cílìń u-pu nsanni.,Jacob's mother did not want him to go. He said that Unimboti's children had gone to the farm.,onesimus_48E85B7F_Dec 09 output,,20.570917373420208,3.2210808545375818,3.60082304526749
So God created humans to be like himself; he made men and women.,"Ní Unimbɔti náań unil ki nántiǹ u-ba, u náań-u ki nántiǹ úǹ Unimbɔti u-ba ní. U nìn náań uninja nì unimpu ní.","If Unimboti had not come, he would not have seen his father, and his father would not have seen Unimboti. He would not have seen his mother and his siblings.",Dec 01 output,,16.19633463735984,3.2210808545375818,3.60082304526749
"Take into the boat with you a male and a female of every kind of animal and bird, as well as a male and a female of every reptile. I don't want them to be destroyed.","Á dāá lēē unoon kamaa buluku uja nì usal, nì kuwaŋkuluu kamaa buluku uja nì usal, nì kun kamaa pée fù kitiŋ puee buluku uja nì usal, bi-kɔkɔ ń dāá dāan̄ a-cee kí ŋmátí.","It is very good to know how to speak this language, to know how to speak this language, and to know how to write this language, but it is even better to know how to think in this language.",Dec 01 output,,16.347987078935976,3.2210808545375818,3.60082304526749
"After saying this, he rushed off to his herd of cattle and picked out one of the best calves, which his servant quickly prepared.","Abraam tùkū u-nimpuu mimmee, ní ki sáǹ ki cūtìi kɔ́ u-nacaŋkpuŋkun, ki cúú dinajapɔmbil din bí màlmalee ki tīī u-tɔntɔnliu ní úǹ kūū-dì ki ŋɔ́fì malaa malaa.","When Abraham saw the ram, he went and took it and offered it as a burnt offering in place of his son. So Abraham called the name of that place, ""The Lord will provide.""",Dec 01 output,,22.622909270120882,3.2210808545375818,3.60082304526749
"When the stronger sheep were mating near the drinking place, Jacob made sure that the spotted branches were there.","Ŋyunti ŋun ní tiwaŋkuti tin yáàyee yaa làá jɔ̄m̀ tɔbee, ní Jaakɔb ń yòon̄ní ndɔsɔmu mun u cùkūee kí ŋá tiwan tin poon tiwaŋkuti nyùee kí túĺ ti-nimbiin, ní tì jɔ́ḿ tɔb ndɔsɔmu mun u cùkūee cee.","When the days of mourning for Isaac were over, Jacob called his son Joseph and said to him, ""If I have found favor in your eyes, put your hand under my thigh and promise to deal with me in kindness and faithfulness. Do not bury me in Egypt.",Dec 01 output,,25.469188721002222,3.2210808545375818,3.60082304526749
"When Jacob saw them, he said, “This is God's camp.” So he named the place Mahanaim.",Ní Jaakɔb mun nín nìkì u-saŋŋu. U cée ní Unimbɔti tuuŋyi cílìń u-pu nsanni.,Jacob's son went to the farm. He saw Unimboti's children playing in the sand.,Dec 01 output,,20.05023873556116,3.2210808545375818,3.60082304526749
So God created humans to be like himself; he made men and women.,"Ní Unimbɔti náań unil ki nántiǹ u-ba, u náań-u ki nántiǹ úǹ Unimbɔti u-ba ní. U nìn náań uninja nì unimpu ní.","Unimbɔti is a person who is not afraid of anything, and nothing is afraid of Unimbɔti. He is not afraid of any animal or thing.",gerhardt_80805CFE_output_7z6RFo,,11.55719288494492,3.2210808545375818,3.60082304526749
"Take into the boat with you a male and a female of every kind of animal and bird, as well as a male and a female of every reptile. I don't want them to be destroyed.","Á dāá lēē unoon kamaa buluku uja nì usal, nì kuwaŋkuluu kamaa buluku uja nì usal, nì kun kamaa pée fù kitiŋ puee buluku uja nì usal, bi-kɔkɔ ń dāá dāan̄ a-cee kí ŋmátí.","If you see a snake in the house, or a snake in the yard, or a snake in the grass near the house, do not try to kill it.",gerhardt_80805CFE_output_7z6RFo,,16.583679323142462,3.2210808545375818,3.60082304526749
"After saying this, he rushed off to his herd of cattle and picked out one of the best calves, which his servant quickly prepared.","Abraam tùkū u-nimpuu mimmee, ní ki sáǹ ki cūtìi kɔ́ u-nacaŋkpuŋkun, ki cúú dinajapɔmbil din bí màlmalee ki tīī u-tɔntɔnliu ní úǹ kūū-dì ki ŋɔ́fì malaa malaa.","When Abraham was old, and the Lord had blessed him in all things, he said to his servant, the eldest of his house, who ruled over all that he had, ""Put your hand under my thigh.""",gerhardt_80805CFE_output_7z6RFo,,27.426177115228423,3.2210808545375818,3.60082304526749
"When the stronger sheep were mating near the drinking place, Jacob made sure that the spotted branches were there.","Ŋyunti ŋun ní tiwaŋkuti tin yáàyee yaa làá jɔ̄m̀ tɔbee, ní Jaakɔb ń yòon̄ní ndɔsɔmu mun u cùkūee kí ŋá tiwan tin poon tiwaŋkuti nyùee kí túĺ ti-nimbiin, ní tì jɔ́ḿ tɔb ndɔsɔmu mun u cùkūee cee.","When the people saw that Jacob had blessed the younger son, they were surprised and asked, ""Why did you bless the younger son and not the older one?"" and he said to them, ""The younger son will be blessed.""",gerhardt_80805CFE_output_7z6RFo,,28.668844244677196,3.2210808545375818,3.60082304526749
"When Jacob saw them, he said, “This is God's camp.” So he named the place Mahanaim.",Ní Jaakɔb mun nín nìkì u-saŋŋu. U cée ní Unimbɔti tuuŋyi cílìń u-pu nsanni.,Jacob is the one who told me. He said that Unimboti will come to his house tomorrow.,gerhardt_80805CFE_output_7z6RFo,,19.084785477180123,3.2210808545375818,3.60082304526749
So God created humans to be like himself; he made men and women.,"Ní Unimbɔti náań unil ki nántiǹ u-ba, u náań-u ki nántiǹ úǹ Unimbɔti u-ba ní. U nìn náań uninja nì unimpu ní.","If Unimboti had not given you, you would not have given Unimboti. You have given me a little of what you have.",output_JA-3,,13.511282885617149,3.2210808545375818,3.60082304526749
"Take into the boat with you a male and a female of every kind of animal and bird, as well as a male and a female of every reptile. I don't want them to be destroyed.","Á dāá lēē unoon kamaa buluku uja nì usal, nì kuwaŋkuluu kamaa buluku uja nì usal, nì kun kamaa pée fù kitiŋ puee buluku uja nì usal, bi-kɔkɔ ń dāá dāan̄ a-cee kí ŋmátí.","And then he said, ""If you want to eat this bread, and you want to drink this bread, and you want to hold this bread in your hand, you must first go and wash your hands.""",output_JA-3,,18.292282167717396,3.2210808545375818,3.60082304526749
"After saying this, he rushed off to his herd of cattle and picked out one of the best calves, which his servant quickly prepared.","Abraam tùkū u-nimpuu mimmee, ní ki sáǹ ki cūtìi kɔ́ u-nacaŋkpuŋkun, ki cúú dinajapɔmbil din bí màlmalee ki tīī u-tɔntɔnliu ní úǹ kūū-dì ki ŋɔ́fì malaa malaa.","When Abraham saw the ram, he went and took it and offered it up as a burnt offering instead of his son. So Abraham called that place ""The Lord will provide.""",output_JA-3,,22.3324909105609,3.2210808545375818,3.60082304526749
"When the stronger sheep were mating near the drinking place, Jacob made sure that the spotted branches were there.","Ŋyunti ŋun ní tiwaŋkuti tin yáàyee yaa làá jɔ̄m̀ tɔbee, ní Jaakɔb ń yòon̄ní ndɔsɔmu mun u cùkūee kí ŋá tiwan tin poon tiwaŋkuti nyùee kí túĺ ti-nimbiin, ní tì jɔ́ḿ tɔb ndɔsɔmu mun u cùkūee cee.","When the days of mourning for Jacob were over, Joseph spoke to Pharaoh's household and said, ""If I have found favor in your eyes, please speak to Pharaoh for me. Tell him, 'My father made me swear an oath.'""",output_JA-3,,26.739236510138696,3.2210808545375818,3.60082304526749
"When Jacob saw them, he said, “This is God's camp.” So he named the place Mahanaim.",Ní Jaakɔb mun nín nìkì u-saŋŋu. U cée ní Unimbɔti tuuŋyi cílìń u-pu nsanni.,Jacob said that he would go. He saw that Unimboti had already arrived at the place.,output_JA-3,,28.529304768330228,3.2210808545375818,3.60082304526749
So God created humans to be like himself; he made men and women.,"Ní Unimbɔti náań unil ki nántiǹ u-ba, u náań-u ki nántiǹ úǹ Unimbɔti u-ba ní. U nìn náań uninja nì unimpu ní.","If Unimboti had not come, he would not have seen his father, and his father would not have seen Unimboti. He would not have seen his mother and his siblings.",Dec 06 output,,16.19633463735984,3.2210808545375818,3.60082304526749
"Take into the boat with you a male and a female of every kind of animal and bird, as well as a male and a female of every reptile. I don't want them to be destroyed.","Á dāá lēē unoon kamaa buluku uja nì usal, nì kuwaŋkuluu kamaa buluku uja nì usal, nì kun kamaa pée fù kitiŋ puee buluku uja nì usal, bi-kɔkɔ ń dāá dāan̄ a-cee kí ŋmátí.","And then they took the child and put it in the water, and they took the child and put it in the water, and they took the child and put it in the water, but the child did not die.",Dec 06 output,,15.981720523016527,3.2210808545375818,3.60082304526749
"After saying this, he rushed off to his herd of cattle and picked out one of the best calves, which his servant quickly prepared.","Abraam tùkū u-nimpuu mimmee, ní ki sáǹ ki cūtìi kɔ́ u-nacaŋkpuŋkun, ki cúú dinajapɔmbil din bí màlmalee ki tīī u-tɔntɔnliu ní úǹ kūū-dì ki ŋɔ́fì malaa malaa.","When Abraham was old, and well advanced in age, the Lord had blessed him in all things. And he said to his servant, the oldest of his house, who ruled over all that he had, ""Put your hand under my thigh, and I will make you swear by the Lord, the God of heaven and the God of the earth, that you will not take a wife for my son from the daughters of the Canaanites, among whom I dwell.",Dec 06 output,,24.82898650475673,3.2210808545375818,3.60082304526749
"When the stronger sheep were mating near the drinking place, Jacob made sure that the spotted branches were there.","Ŋyunti ŋun ní tiwaŋkuti tin yáàyee yaa làá jɔ̄m̀ tɔbee, ní Jaakɔb ń yòon̄ní ndɔsɔmu mun u cùkūee kí ŋá tiwan tin poon tiwaŋkuti nyùee kí túĺ ti-nimbiin, ní tì jɔ́ḿ tɔb ndɔsɔmu mun u cùkūee cee.","When the young man heard that Jacob had come to the well, he ran to meet him and told him that the young woman had gone to draw water and would return soon, and he went to the well to meet the young woman.",Dec 06 output,,26.336759588824833,3.2210808545375818,3.60082304526749
"When Jacob saw them, he said, “This is God's camp.” So he named the place Mahanaim.",Ní Jaakɔb mun nín nìkì u-saŋŋu. U cée ní Unimbɔti tuuŋyi cílìń u-pu nsanni.,Jacob was the one who gave the name to Unimboti's child.,Dec 06 output,,19.160182055244483,3.2210808545375818,3.60082304526749
So God created humans to be like himself; he made men and women.,"Ní Unimbɔti náań unil ki nántiǹ u-ba, u náań-u ki nántiǹ úǹ Unimbɔti u-ba ní. U nìn náań uninja nì unimpu ní.",The Unimboti people are those who have the same language and customs. They are the ones who speak the same language and have the same customs as the Unimboti people. They are the ones who have the same origin and ancestors.,onesimus_C6D92021_Dec 02 output,,14.99705905941302,3.2210808545375818,3.60082304526749
"Take into the boat with you a male and a female of every kind of animal and bird, as well as a male and a female of every reptile. I don't want them to be destroyed.","Á dāá lēē unoon kamaa buluku uja nì usal, nì kuwaŋkuluu kamaa buluku uja nì usal, nì kun kamaa pée fù kitiŋ puee buluku uja nì usal, bi-kɔkɔ ń dāá dāan̄ a-cee kí ŋmátí.","The day they saw the hyena that was sick, and the lion that was sick, and the dog that was sick, they said, ""Let's go and see what is happening.""",onesimus_C6D92021_Dec 02 output,,15.641157812880516,3.2210808545375818,3.60082304526749
"After saying this, he rushed off to his herd of cattle and picked out one of the best calves, which his servant quickly prepared.","Abraam tùkū u-nimpuu mimmee, ní ki sáǹ ki cūtìi kɔ́ u-nacaŋkpuŋkun, ki cúú dinajapɔmbil din bí màlmalee ki tīī u-tɔntɔnliu ní úǹ kūū-dì ki ŋɔ́fì malaa malaa.","When Abraham was old, he called his eldest servant and said to him, ""Put your hand under my thigh and swear by the Lord, the God of heaven and the God of earth, that you will not take a wife for my son from the daughters of the Canaanites among whom I dwell.",onesimus_C6D92021_Dec 02 output,,24.492679853287996,3.2210808545375818,3.60082304526749
"When the stronger sheep were mating near the drinking place, Jacob made sure that the spotted branches were there.","Ŋyunti ŋun ní tiwaŋkuti tin yáàyee yaa làá jɔ̄m̀ tɔbee, ní Jaakɔb ń yòon̄ní ndɔsɔmu mun u cùkūee kí ŋá tiwan tin poon tiwaŋkuti nyùee kí túĺ ti-nimbiin, ní tì jɔ́ḿ tɔb ndɔsɔmu mun u cùkūee cee.","When the time came for Rebekah to give birth, the twins were struggling within her. She said, ""Why is this happening to me?"" So she went to ask the Lord about it.",onesimus_C6D92021_Dec 02 output,,24.950347280395597,3.2210808545375818,3.60082304526749
"When Jacob saw them, he said, “This is God's camp.” So he named the place Mahanaim.",Ní Jaakɔb mun nín nìkì u-saŋŋu. U cée ní Unimbɔti tuuŋyi cílìń u-pu nsanni.,Jacob's son also went to the farm. He saw that Unimboti had harvested his yams and taken them.,onesimus_C6D92021_Dec 02 output,,23.654038004938467,3.2210808545375818,3.60082304526749
So God created humans to be like himself; he made men and women.,"Ní Unimbɔti náań unil ki nántiǹ u-ba, u náań-u ki nántiǹ úǹ Unimbɔti u-ba ní. U nìn náań uninja nì unimpu ní.","If Unimboti had not come and seen them, they would not have seen Unimboti. They would have come and seen the house.",Jan output 1 ,,18.59527909694015,3.2210808545375818,3.60082304526749
"Take into the boat with you a male and a female of every kind of animal and bird, as well as a male and a female of every reptile. I don't want them to be destroyed.","Á dāá lēē unoon kamaa buluku uja nì usal, nì kuwaŋkuluu kamaa buluku uja nì usal, nì kun kamaa pée fù kitiŋ puee buluku uja nì usal, bi-kɔkɔ ń dāá dāan̄ a-cee kí ŋmátí.","The one who has a lot of money is not the richest, the one who has a lot of cattle is not the richest, the one who has a lot of wives is not the richest, but the one who has a lot of children is the richest.",Jan output 1 ,,16.464344745705738,3.2210808545375818,3.60082304526749
"After saying this, he rushed off to his herd of cattle and picked out one of the best calves, which his servant quickly prepared.","Abraam tùkū u-nimpuu mimmee, ní ki sáǹ ki cūtìi kɔ́ u-nacaŋkpuŋkun, ki cúú dinajapɔmbil din bí màlmalee ki tīī u-tɔntɔnliu ní úǹ kūū-dì ki ŋɔ́fì malaa malaa.","When Abraham was about to sacrifice his son, God stopped him and provided a ram to be sacrificed instead, and Abraham took the ram and sacrificed it in place of his son, and God blessed him abundantly.",Jan output 1 ,,22.019865569667058,3.2210808545375818,3.60082304526749
"When the stronger sheep were mating near the drinking place, Jacob made sure that the spotted branches were there.","Ŋyunti ŋun ní tiwaŋkuti tin yáàyee yaa làá jɔ̄m̀ tɔbee, ní Jaakɔb ń yòon̄ní ndɔsɔmu mun u cùkūee kí ŋá tiwan tin poon tiwaŋkuti nyùee kí túĺ ti-nimbiin, ní tì jɔ́ḿ tɔb ndɔsɔmu mun u cùkūee cee.","When the evening came, Jacob took a stone and placed it under his head and lay down in that place to sleep. He had a dream, and behold, there was a ladder set up on the earth, and the top of it reached to heaven.",Jan output 1 ,,31.71055489586693,3.2210808545375818,3.60082304526749
"When Jacob saw them, he said, “This is God's camp.” So he named the place Mahanaim.",Ní Jaakɔb mun nín nìkì u-saŋŋu. U cée ní Unimbɔti tuuŋyi cílìń u-pu nsanni.,Jacob's mother did not want him to go. He said that Unimboti's people would kill him if he went.,Jan output 1 ,,19.482267146459513,3.2210808545375818,3.60082304526749
So God created humans to be like himself; he made men and women.,"Ní Unimbɔti náań unil ki nántiǹ u-ba, u náań-u ki nántiǹ úǹ Unimbɔti u-ba ní. U nìn náań uninja nì unimpu ní.","The Unimboti said, ""I am the one who is with you, and you are the one who is with me, Unimboti."" He is the one who is with the people.",onesimus_5B146D14_Dec 05 output,,13.351131269198879,3.2210808545375818,3.60082304526749
"Take into the boat with you a male and a female of every kind of animal and bird, as well as a male and a female of every reptile. I don't want them to be destroyed.","Á dāá lēē unoon kamaa buluku uja nì usal, nì kuwaŋkuluu kamaa buluku uja nì usal, nì kun kamaa pée fù kitiŋ puee buluku uja nì usal, bi-kɔkɔ ń dāá dāan̄ a-cee kí ŋmátí.","If you see a snake that is long, and a very long snake, and a snake that is as long as a tree, you will run away very quickly.",onesimus_5B146D14_Dec 05 output,,16.928465939488486,3.2210808545375818,3.60082304526749
"After saying this, he rushed off to his herd of cattle and picked out one of the best calves, which his servant quickly prepared.","Abraam tùkū u-nimpuu mimmee, ní ki sáǹ ki cūtìi kɔ́ u-nacaŋkpuŋkun, ki cúú dinajapɔmbil din bí màlmalee ki tīī u-tɔntɔnliu ní úǹ kūū-dì ki ŋɔ́fì malaa malaa.","When Abraham was old, and the Lord had blessed him in all things, he said to his eldest servant, ""Put your hand under my thigh, and I will make you swear by the Lord, the God of heaven and the God of the earth, that you will not take a wife for my son from the daughters of the Canaanites among whom I dwell.",onesimus_5B146D14_Dec 05 output,,24.319999938122468,3.2210808545375818,3.60082304526749
"When the stronger sheep were mating near the drinking place, Jacob made sure that the spotted branches were there.","Ŋyunti ŋun ní tiwaŋkuti tin yáàyee yaa làá jɔ̄m̀ tɔbee, ní Jaakɔb ń yòon̄ní ndɔsɔmu mun u cùkūee kí ŋá tiwan tin poon tiwaŋkuti nyùee kí túĺ ti-nimbiin, ní tì jɔ́ḿ tɔb ndɔsɔmu mun u cùkūee cee.","When the people saw that Jacob had given his son a goat, they also gave their children goats and sheep, and they gave them to their sons.",onesimus_5B146D14_Dec 05 output,,26.16137764317471,3.2210808545375818,3.60082304526749
"When Jacob saw them, he said, “This is God's camp.” So he named the place Mahanaim.",Ní Jaakɔb mun nín nìkì u-saŋŋu. U cée ní Unimbɔti tuuŋyi cílìń u-pu nsanni.,Jacob's child is the one who will save. He will bring Unimboti back to life and give him strength.,onesimus_5B146D14_Dec 05 output,,16.696509735251297,3.2210808545375818,3.60082304526749
So God created humans to be like himself; he made men and women.,"Ní Unimbɔti náań unil ki nántiǹ u-ba, u náań-u ki nántiǹ úǹ Unimbɔti u-ba ní. U nìn náań uninja nì unimpu ní.",Unimbɔti is the one who gives you life and also takes it away. He is the one who gives and takes away life in Unimbɔti. He is the one who gives life and also death.,gerhardt_428C0151_output_jQjr1f,,14.359387612713265,3.2210808545375818,3.60082304526749
"Take into the boat with you a male and a female of every kind of animal and bird, as well as a male and a female of every reptile. I don't want them to be destroyed.","Á dāá lēē unoon kamaa buluku uja nì usal, nì kuwaŋkuluu kamaa buluku uja nì usal, nì kun kamaa pée fù kitiŋ puee buluku uja nì usal, bi-kɔkɔ ń dāá dāan̄ a-cee kí ŋmátí.","They say that the white man came and took the land, and the white man came and took the land, and the white man came and took the land, but the chicken has not yet laid an egg.",gerhardt_428C0151_output_jQjr1f,,19.92714740891374,3.2210808545375818,3.60082304526749
"After saying this, he rushed off to his herd of cattle and picked out one of the best calves, which his servant quickly prepared.","Abraam tùkū u-nimpuu mimmee, ní ki sáǹ ki cūtìi kɔ́ u-nacaŋkpuŋkun, ki cúú dinajapɔmbil din bí màlmalee ki tīī u-tɔntɔnliu ní úǹ kūū-dì ki ŋɔ́fì malaa malaa.","When Abraham was old, and the Lord had blessed him in every way, he said to the chief servant of his household, who was in charge of all he owned, ""Place your hand under my thigh, and I will make you swear by the Lord, the God of heaven and the God of earth, that you will not take a wife for my son from the daughters of the Canaanites among whom I am living.",gerhardt_428C0151_output_jQjr1f,,23.252397700811024,3.2210808545375818,3.60082304526749
"When the stronger sheep were mating near the drinking place, Jacob made sure that the spotted branches were there.","Ŋyunti ŋun ní tiwaŋkuti tin yáàyee yaa làá jɔ̄m̀ tɔbee, ní Jaakɔb ń yòon̄ní ndɔsɔmu mun u cùkūee kí ŋá tiwan tin poon tiwaŋkuti nyùee kí túĺ ti-nimbiin, ní tì jɔ́ḿ tɔb ndɔsɔmu mun u cùkūee cee.","When the days of mourning for Jacob were over, Joseph spoke to Pharaoh's household and said, ""If I have found favor in your eyes, please speak to Pharaoh for me.""",gerhardt_428C0151_output_jQjr1f,,23.399276685778347,3.2210808545375818,3.60082304526749
"When Jacob saw them, he said, “This is God's camp.” So he named the place Mahanaim.",Ní Jaakɔb mun nín nìkì u-saŋŋu. U cée ní Unimbɔti tuuŋyi cílìń u-pu nsanni.,Jacob's child is not here. He went to Unimboti to buy some salt.,gerhardt_428C0151_output_jQjr1f,,15.840850759988687,3.2210808545375818,3.60082304526749
So God created humans to be like himself; he made men and women.,"Ní Unimbɔti náań unil ki nántiǹ u-ba, u náań-u ki nántiǹ úǹ Unimbɔti u-ba ní. U nìn náań uninja nì unimpu ní.","If you are a child of Unimboti and you are not a child of someone else, then you are a child of Unimboti. You are not a child of someone else and a child of Unimboti.",gerhardt_E4DFEBFE_output_T8d1lo,,16.30565517734667,3.2210808545375818,3.60082304526749
"Take into the boat with you a male and a female of every kind of animal and bird, as well as a male and a female of every reptile. I don't want them to be destroyed.","Á dāá lēē unoon kamaa buluku uja nì usal, nì kuwaŋkuluu kamaa buluku uja nì usal, nì kun kamaa pée fù kitiŋ puee buluku uja nì usal, bi-kɔkɔ ń dāá dāan̄ a-cee kí ŋmátí.","And he said to them, ""Take heed and beware of covetousness, for one's life does not consist in the abundance of the things he possesses.""",gerhardt_E4DFEBFE_output_T8d1lo,,19.577803230646367,3.2210808545375818,3.60082304526749
"After saying this, he rushed off to his herd of cattle and picked out one of the best calves, which his servant quickly prepared.","Abraam tùkū u-nimpuu mimmee, ní ki sáǹ ki cūtìi kɔ́ u-nacaŋkpuŋkun, ki cúú dinajapɔmbil din bí màlmalee ki tīī u-tɔntɔnliu ní úǹ kūū-dì ki ŋɔ́fì malaa malaa.","When Abraham was old, he blessed Isaac and said to him, ""Do not marry a Canaanite woman. Go to my homeland and my relatives, and take a wife for my son Isaac there.""",gerhardt_E4DFEBFE_output_T8d1lo,,18.92999181051697,3.2210808545375818,3.60082304526749
"When the stronger sheep were mating near the drinking place, Jacob made sure that the spotted branches were there.","Ŋyunti ŋun ní tiwaŋkuti tin yáàyee yaa làá jɔ̄m̀ tɔbee, ní Jaakɔb ń yòon̄ní ndɔsɔmu mun u cùkūee kí ŋá tiwan tin poon tiwaŋkuti nyùee kí túĺ ti-nimbiin, ní tì jɔ́ḿ tɔb ndɔsɔmu mun u cùkūee cee.","When the days of mourning for Jacob were over, Joseph spoke to Pharaoh's household and said, ""If I have found favor in your eyes, please speak to Pharaoh for me. Tell him, 'My father made me swear an oath.'""",gerhardt_E4DFEBFE_output_T8d1lo,,26.739236510138696,3.2210808545375818,3.60082304526749
"When Jacob saw them, he said, “This is God's camp.” So he named the place Mahanaim.",Ní Jaakɔb mun nín nìkì u-saŋŋu. U cée ní Unimbɔti tuuŋyi cílìń u-pu nsanni.,Jacob did not want to go. He said that Unimboti had already taken his place.,gerhardt_E4DFEBFE_output_T8d1lo,,20.98720263486483,3.2210808545375818,3.60082304526749
So God created humans to be like himself; he made men and women.,"Ní Unimbɔti náań unil ki nántiǹ u-ba, u náań-u ki nántiǹ úǹ Unimbɔti u-ba ní. U nìn náań uninja nì unimpu ní.","If Unimboti had not come and seen them, they would not have seen Unimboti. They would have come and seen the house.",onesimus_4838858E_Jan output 1 ,,18.59527909694015,3.2210808545375818,3.60082304526749
"Take into the boat with you a male and a female of every kind of animal and bird, as well as a male and a female of every reptile. I don't want them to be destroyed.","Á dāá lēē unoon kamaa buluku uja nì usal, nì kuwaŋkuluu kamaa buluku uja nì usal, nì kun kamaa pée fù kitiŋ puee buluku uja nì usal, bi-kɔkɔ ń dāá dāan̄ a-cee kí ŋmátí.","The one who has a lot of money is not the richest, the one who has a lot of cattle is not the richest, the one who has a lot of wives is not the richest, but the one who has a lot of children is the richest.",onesimus_4838858E_Jan output 1 ,,16.464344745705738,3.2210808545375818,3.60082304526749
"After saying this, he rushed off to his herd of cattle and picked out one of the best calves, which his servant quickly prepared.","Abraam tùkū u-nimpuu mimmee, ní ki sáǹ ki cūtìi kɔ́ u-nacaŋkpuŋkun, ki cúú dinajapɔmbil din bí màlmalee ki tīī u-tɔntɔnliu ní úǹ kūū-dì ki ŋɔ́fì malaa malaa.","When Abraham was about to sacrifice his son, God stopped him and provided a ram to be sacrificed instead, and Abraham took the ram and sacrificed it in place of his son, and God blessed him abundantly.",onesimus_4838858E_Jan output 1 ,,22.019865569667058,3.2210808545375818,3.60082304526749
"When the stronger sheep were mating near the drinking place, Jacob made sure that the spotted branches were there.","Ŋyunti ŋun ní tiwaŋkuti tin yáàyee yaa làá jɔ̄m̀ tɔbee, ní Jaakɔb ń yòon̄ní ndɔsɔmu mun u cùkūee kí ŋá tiwan tin poon tiwaŋkuti nyùee kí túĺ ti-nimbiin, ní tì jɔ́ḿ tɔb ndɔsɔmu mun u cùkūee cee.","When the evening came, Jacob took a stone and placed it under his head and lay down in that place to sleep. He had a dream, and behold, there was a ladder set up on the earth, and the top of it reached to heaven.",onesimus_4838858E_Jan output 1 ,,31.71055489586693,3.2210808545375818,3.60082304526749
"When Jacob saw them, he said, “This is God's camp.” So he named the place Mahanaim.",Ní Jaakɔb mun nín nìkì u-saŋŋu. U cée ní Unimbɔti tuuŋyi cílìń u-pu nsanni.,Jacob's mother did not want him to go. He said that Unimboti's people would kill him if he went.,onesimus_4838858E_Jan output 1 ,,19.482267146459513,3.2210808545375818,3.60082304526749
So God created humans to be like himself; he made men and women.,"Ní Unimbɔti náań unil ki nántiǹ u-ba, u náań-u ki nántiǹ úǹ Unimbɔti u-ba ní. U nìn náań uninja nì unimpu ní.","Unimbɔti said to his child, ""If you go, I will go with you."" He said to his child, ""I will go with you to Unimbɔti."" He said to his child, ""I will go with you to the water.""",gerhardt_2F3FAF10_output (1),,10.92992782709973,3.2210808545375818,3.60082304526749
"Take into the boat with you a male and a female of every kind of animal and bird, as well as a male and a female of every reptile. I don't want them to be destroyed.","Á dāá lēē unoon kamaa buluku uja nì usal, nì kuwaŋkuluu kamaa buluku uja nì usal, nì kun kamaa pée fù kitiŋ puee buluku uja nì usal, bi-kɔkɔ ń dāá dāan̄ a-cee kí ŋmátí.","If you want to see the snake that is in the grass, and you want to see the snake that is in the grass, and you want to see the snake that is in the grass, then you must be very careful.",gerhardt_2F3FAF10_output (1),,19.281385303085973,3.2210808545375818,3.60082304526749
"After saying this, he rushed off to his herd of cattle and picked out one of the best calves, which his servant quickly prepared.","Abraam tùkū u-nimpuu mimmee, ní ki sáǹ ki cūtìi kɔ́ u-nacaŋkpuŋkun, ki cúú dinajapɔmbil din bí màlmalee ki tīī u-tɔntɔnliu ní úǹ kūū-dì ki ŋɔ́fì malaa malaa.","When Abraham was old, and the Lord had blessed him in all things, he said to his eldest servant, ""Put your hand under my thigh, and I will make you swear by the Lord, the God of heaven and the God of the earth, that you will not take a wife for my son from the daughters of the Canaanites among whom I dwell.",gerhardt_2F3FAF10_output (1),,24.319999938122468,3.2210808545375818,3.60082304526749
"When the stronger sheep were mating near the drinking place, Jacob made sure that the spotted branches were there.","Ŋyunti ŋun ní tiwaŋkuti tin yáàyee yaa làá jɔ̄m̀ tɔbee, ní Jaakɔb ń yòon̄ní ndɔsɔmu mun u cùkūee kí ŋá tiwan tin poon tiwaŋkuti nyùee kí túĺ ti-nimbiin, ní tì jɔ́ḿ tɔb ndɔsɔmu mun u cùkūee cee.","When the boys returned from the field, and Jacob saw that his brother had harvested and his own field was still unharvested, he became very angry with his brother.",gerhardt_2F3FAF10_output (1),,25.727814085914076,3.2210808545375818,3.60082304526749
"When Jacob saw them, he said, “This is God's camp.” So he named the place Mahanaim.",Ní Jaakɔb mun nín nìkì u-saŋŋu. U cée ní Unimbɔti tuuŋyi cílìń u-pu nsanni.,Jacob's mother told him to go to the farm. He saw Unimboti carrying a load on his head.,gerhardt_2F3FAF10_output (1),,18.67979604393799,3.2210808545375818,3.60082304526749
So God created humans to be like himself; he made men and women.,"Ní Unimbɔti náań unil ki nántiǹ u-ba, u náań-u ki nántiǹ úǹ Unimbɔti u-ba ní. U nìn náań uninja nì unimpu ní.","If Unimboti had not come, he would not have seen his father, and his father would not have seen Unimboti. He would not have seen his mother and his siblings.",onesimus_778C5456_Dec 06 output,,16.19633463735984,3.2210808545375818,3.60082304526749
"Take into the boat with you a male and a female of every kind of animal and bird, as well as a male and a female of every reptile. I don't want them to be destroyed.","Á dāá lēē unoon kamaa buluku uja nì usal, nì kuwaŋkuluu kamaa buluku uja nì usal, nì kun kamaa pée fù kitiŋ puee buluku uja nì usal, bi-kɔkɔ ń dāá dāan̄ a-cee kí ŋmátí.","And then they took the child and put it in the water, and they took the child and put it in the water, and they took the child and put it in the water, but the child did not die.",onesimus_778C5456_Dec 06 output,,15.981720523016527,3.2210808545375818,3.60082304526749
"After saying this, he rushed off to his herd of cattle and picked out one of the best calves, which his servant quickly prepared.","Abraam tùkū u-nimpuu mimmee, ní ki sáǹ ki cūtìi kɔ́ u-nacaŋkpuŋkun, ki cúú dinajapɔmbil din bí màlmalee ki tīī u-tɔntɔnliu ní úǹ kūū-dì ki ŋɔ́fì malaa malaa.","When Abraham was old, and well advanced in age, the Lord had blessed him in all things. And he said to his servant, the oldest of his house, who ruled over all that he had, ""Put your hand under my thigh, and I will make you swear by the Lord, the God of heaven and the God of the earth, that you will not take a wife for my son from the daughters of the Canaanites, among whom I dwell.",onesimus_778C5456_Dec 06 output,,24.82898650475673,3.2210808545375818,3.60082304526749
"When the stronger sheep were mating near the drinking place, Jacob made sure that the spotted branches were there.","Ŋyunti ŋun ní tiwaŋkuti tin yáàyee yaa làá jɔ̄m̀ tɔbee, ní Jaakɔb ń yòon̄ní ndɔsɔmu mun u cùkūee kí ŋá tiwan tin poon tiwaŋkuti nyùee kí túĺ ti-nimbiin, ní tì jɔ́ḿ tɔb ndɔsɔmu mun u cùkūee cee.","When the young man heard that Jacob had come to the well, he ran to meet him and told him that the young woman had gone to draw water and would return soon, and he went to the well to meet the young woman.",onesimus_778C5456_Dec 06 output,,26.336759588824833,3.2210808545375818,3.60082304526749
"When Jacob saw them, he said, “This is God's camp.” So he named the place Mahanaim.",Ní Jaakɔb mun nín nìkì u-saŋŋu. U cée ní Unimbɔti tuuŋyi cílìń u-pu nsanni.,Jacob was the one who gave the name to Unimboti's child.,onesimus_778C5456_Dec 06 output,,19.160182055244483,3.2210808545375818,3.60082304526749
So God created humans to be like himself; he made men and women.,"Ní Unimbɔti náań unil ki nántiǹ u-ba, u náań-u ki nántiǹ úǹ Unimbɔti u-ba ní. U nìn náań uninja nì unimpu ní.","If Unimboti had not come to the village, the village would not have been as it is today. It is because of his arrival that the village has become prosperous.",gerhardt_E3C23636_output_AHjhdB,,16.20771383138603,3.2210808545375818,3.60082304526749
"Take into the boat with you a male and a female of every kind of animal and bird, as well as a male and a female of every reptile. I don't want them to be destroyed.","Á dāá lēē unoon kamaa buluku uja nì usal, nì kuwaŋkuluu kamaa buluku uja nì usal, nì kun kamaa pée fù kitiŋ puee buluku uja nì usal, bi-kɔkɔ ń dāá dāan̄ a-cee kí ŋmátí.","The one who is not a child of the earth, not a child of the sky, not a child of the water, that person is truly a stranger.",gerhardt_E3C23636_output_AHjhdB,,14.511718130415701,3.2210808545375818,3.60082304526749
"After saying this, he rushed off to his herd of cattle and picked out one of the best calves, which his servant quickly prepared.","Abraam tùkū u-nimpuu mimmee, ní ki sáǹ ki cūtìi kɔ́ u-nacaŋkpuŋkun, ki cúú dinajapɔmbil din bí màlmalee ki tīī u-tɔntɔnliu ní úǹ kūū-dì ki ŋɔ́fì malaa malaa.","When Abraham was old, and the Lord had blessed him in all things, he said to his eldest servant, ""Put your hand under my thigh, and I will make you swear by the Lord, the God of heaven and the God of the earth, that you will not take a wife for my son from the daughters of the Canaanites among whom I dwell.",gerhardt_E3C23636_output_AHjhdB,,24.319999938122468,3.2210808545375818,3.60082304526749
"When the stronger sheep were mating near the drinking place, Jacob made sure that the spotted branches were there.","Ŋyunti ŋun ní tiwaŋkuti tin yáàyee yaa làá jɔ̄m̀ tɔbee, ní Jaakɔb ń yòon̄ní ndɔsɔmu mun u cùkūee kí ŋá tiwan tin poon tiwaŋkuti nyùee kí túĺ ti-nimbiin, ní tì jɔ́ḿ tɔb ndɔsɔmu mun u cùkūee cee.","When the days of mourning for Jacob were over, Joseph spoke to Pharaoh’s household and said, “If I have found favor in your eyes, please speak to Pharaoh for me. Tell him, ‘My father made me swear an oath.’""",gerhardt_E3C23636_output_AHjhdB,,26.739236510138696,3.2210808545375818,3.60082304526749
"When Jacob saw them, he said, “This is God's camp.” So he named the place Mahanaim.",Ní Jaakɔb mun nín nìkì u-saŋŋu. U cée ní Unimbɔti tuuŋyi cílìń u-pu nsanni.,Jacob's mother told him to go to the farm. He saw that Unimboti had already harvested his groundnuts.,gerhardt_E3C23636_output_AHjhdB,,20.799347272204294,3.2210808545375818,3.60082304526749
So God created humans to be like himself; he made men and women.,"Ní Unimbɔti náań unil ki nántiǹ u-ba, u náań-u ki nántiǹ úǹ Unimbɔti u-ba ní. U nìn náań uninja nì unimpu ní.","If Unimboti had not given you to me, you would not have given me to Unimboti. You are the one who gave me a child and a wife.",Dec 12 output,,17.801612484710763,3.2210808545375818,3.60082304526749
"Take into the boat with you a male and a female of every kind of animal and bird, as well as a male and a female of every reptile. I don't want them to be destroyed.","Á dāá lēē unoon kamaa buluku uja nì usal, nì kuwaŋkuluu kamaa buluku uja nì usal, nì kun kamaa pée fù kitiŋ puee buluku uja nì usal, bi-kɔkɔ ń dāá dāan̄ a-cee kí ŋmátí.","If you see a snake in the grass, if you see a snake in the grass, if you see a snake in the grass, you will be very afraid.",Dec 12 output,,16.621024755426653,3.2210808545375818,3.60082304526749
"After saying this, he rushed off to his herd of cattle and picked out one of the best calves, which his servant quickly prepared.","Abraam tùkū u-nimpuu mimmee, ní ki sáǹ ki cūtìi kɔ́ u-nacaŋkpuŋkun, ki cúú dinajapɔmbil din bí màlmalee ki tīī u-tɔntɔnliu ní úǹ kūū-dì ki ŋɔ́fì malaa malaa.","When Abraham was old, and the Lord had blessed him in all things, he said to his eldest servant, ""Put your hand under my thigh, and I will make you swear by the Lord, the God of heaven and the God of earth, that you will not take a wife for my son from the daughters of the Canaanites among whom I dwell.",Dec 12 output,,24.304184074502718,3.2210808545375818,3.60082304526749
"When the stronger sheep were mating near the drinking place, Jacob made sure that the spotted branches were there.","Ŋyunti ŋun ní tiwaŋkuti tin yáàyee yaa làá jɔ̄m̀ tɔbee, ní Jaakɔb ń yòon̄ní ndɔsɔmu mun u cùkūee kí ŋá tiwan tin poon tiwaŋkuti nyùee kí túĺ ti-nimbiin, ní tì jɔ́ḿ tɔb ndɔsɔmu mun u cùkūee cee.","And God said to Jacob, ""Arise, go up to Bethel and dwell there. Make an altar there to the God who appeared to you when you fled from the face of your brother Esau.""",Dec 12 output,,25.55695469622417,3.2210808545375818,3.60082304526749
"When Jacob saw them, he said, “This is God's camp.” So he named the place Mahanaim.",Ní Jaakɔb mun nín nìkì u-saŋŋu. U cée ní Unimbɔti tuuŋyi cílìń u-pu nsanni.,Jacob's mother told him to go. He saw Unimboti sitting on a rock.,Dec 12 output,,15.543354743332321,3.2210808545375818,3.60082304526749
So God created humans to be like himself; he made men and women.,"Ní Unimbɔti náań unil ki nántiǹ u-ba, u náań-u ki nántiǹ úǹ Unimbɔti u-ba ní. U nìn náań uninja nì unimpu ní.","If Unimboti had not come, he would not have seen his father, and his father would not have seen Unimboti. He would not have seen his mother and his siblings.",onesimus_CF2838B3_Dec 03 output,,16.19633463735984,3.2210808545375818,3.60082304526749
"Take into the boat with you a male and a female of every kind of animal and bird, as well as a male and a female of every reptile. I don't want them to be destroyed.","Á dāá lēē unoon kamaa buluku uja nì usal, nì kuwaŋkuluu kamaa buluku uja nì usal, nì kun kamaa pée fù kitiŋ puee buluku uja nì usal, bi-kɔkɔ ń dāá dāan̄ a-cee kí ŋmátí.","If you see a snake in the bush, if you see a snake in the bush, if you see a snake in the bush, you will run away quickly.",onesimus_CF2838B3_Dec 03 output,,14.458654993558367,3.2210808545375818,3.60082304526749
"After saying this, he rushed off to his herd of cattle and picked out one of the best calves, which his servant quickly prepared.","Abraam tùkū u-nimpuu mimmee, ní ki sáǹ ki cūtìi kɔ́ u-nacaŋkpuŋkun, ki cúú dinajapɔmbil din bí màlmalee ki tīī u-tɔntɔnliu ní úǹ kūū-dì ki ŋɔ́fì malaa malaa.","When Abraham was ninety-nine years old, the Lord appeared to him and said, ""I am God Almighty; walk before me faithfully and be blameless. Then I will make my covenant between me and you and will greatly increase your numbers.""",onesimus_CF2838B3_Dec 03 output,,19.682263784622336,3.2210808545375818,3.60082304526749
"When the stronger sheep were mating near the drinking place, Jacob made sure that the spotted branches were there.","Ŋyunti ŋun ní tiwaŋkuti tin yáàyee yaa làá jɔ̄m̀ tɔbee, ní Jaakɔb ń yòon̄ní ndɔsɔmu mun u cùkūee kí ŋá tiwan tin poon tiwaŋkuti nyùee kí túĺ ti-nimbiin, ní tì jɔ́ḿ tɔb ndɔsɔmu mun u cùkūee cee.","The woman said to the angel, ""I have not known a man,"" and Jacob did not lie to her, but the angel knew that Jacob had not lied to her and that she had not known a man.",onesimus_CF2838B3_Dec 03 output,,20.509888393193325,3.2210808545375818,3.60082304526749
"When Jacob saw them, he said, “This is God's camp.” So he named the place Mahanaim.",Ní Jaakɔb mun nín nìkì u-saŋŋu. U cée ní Unimbɔti tuuŋyi cílìń u-pu nsanni.,Jacob did not want to go. He said that Unimboti had already taken his place.,onesimus_CF2838B3_Dec 03 output,,20.98720263486483,3.2210808545375818,3.60082304526749
So God created humans to be like himself; he made men and women.,"Ní Unimbɔti náań unil ki nántiǹ u-ba, u náań-u ki nántiǹ úǹ Unimbɔti u-ba ní. U nìn náań uninja nì unimpu ní.",The Unimboti people are those who live in the land of Unimboti. They are the ones who possess the land of Unimboti. They are the true inhabitants of this land.,john_BA3F5F9A_output (3),,14.355551731391305,3.2210808545375818,3.60082304526749
"Take into the boat with you a male and a female of every kind of animal and bird, as well as a male and a female of every reptile. I don't want them to be destroyed.","Á dāá lēē unoon kamaa buluku uja nì usal, nì kuwaŋkuluu kamaa buluku uja nì usal, nì kun kamaa pée fù kitiŋ puee buluku uja nì usal, bi-kɔkɔ ń dāá dāan̄ a-cee kí ŋmátí.","And then he said, ""If you want to eat this food, and you want to drink this drink, and you want to take this money, then you must first give me your soul.""",john_BA3F5F9A_output (3),,18.087016345567147,3.2210808545375818,3.60082304526749
"After saying this, he rushed off to his herd of cattle and picked out one of the best calves, which his servant quickly prepared.","Abraam tùkū u-nimpuu mimmee, ní ki sáǹ ki cūtìi kɔ́ u-nacaŋkpuŋkun, ki cúú dinajapɔmbil din bí màlmalee ki tīī u-tɔntɔnliu ní úǹ kūū-dì ki ŋɔ́fì malaa malaa.","When Abraham was old, and the Lord had blessed him in all things, he said to his eldest servant, ""Put your hand under my thigh, and I will make you swear by the Lord, the God of heaven and the God of the earth, that you will not take a wife for my son from the daughters of the Canaanites among whom I dwell.",john_BA3F5F9A_output (3),,24.319999938122468,3.2210808545375818,3.60082304526749
"When the stronger sheep were mating near the drinking place, Jacob made sure that the spotted branches were there.","Ŋyunti ŋun ní tiwaŋkuti tin yáàyee yaa làá jɔ̄m̀ tɔbee, ní Jaakɔb ń yòon̄ní ndɔsɔmu mun u cùkūee kí ŋá tiwan tin poon tiwaŋkuti nyùee kí túĺ ti-nimbiin, ní tì jɔ́ḿ tɔb ndɔsɔmu mun u cùkūee cee.","The woman saw that the tree was good for food, and Jacob also saw that the tree was pleasant to the eyes and desirable for wisdom, and he took its fruit and ate.",john_BA3F5F9A_output (3),,23.40288132126164,3.2210808545375818,3.60082304526749
"When Jacob saw them, he said, “This is God's camp.” So he named the place Mahanaim.",Ní Jaakɔb mun nín nìkì u-saŋŋu. U cée ní Unimbɔti tuuŋyi cílìń u-pu nsanni.,Jacob is the one who sent me. He said that Unimboti should come and take the child from me.,john_BA3F5F9A_output (3),,20.986084890035492,3.2210808545375818,3.60082304526749
