Model,Similarity Score (%),Raw Score
gemma2-9b-it,42.42%,42.4230824
kimi-k2-instruct-0905,40.76%,40.764892
qwen3-32b,31.25%,31.250335300000003
llama-4-maverick-17b-128e-instruct,31.00%,31.001019600000003
gpt-oss-120b,10.62%,10.620956639999998
