Model,Similarity Score (%),Raw Score
qwen3-235b-a22b,47.06%,47.05678024600001
kimi-k2-instruct-0905,45.41%,45.40952960555556
deepseek-v3.1,41.80%,41.79962619999999
llama-3.3-70b-instruct,41.29%,41.2857293215
gemma2-9b-it,40.55%,40.548332024
llama-4-maverick-17b-128e-instruct,39.60%,39.602576748000004
llama-3.1-405b-instruct,39.07%,39.066447875
qwen3-32b,34.73%,34.729629082399995
gpt-oss-120b,31.33%,31.327694160000004
