Model,Similarity Score (%),Raw Score
kimi-k2-instruct-0905,45.76%,45.76266715625
llama-3.3-70b-instruct,44.95%,44.94853432866666
qwen3-235b-a22b,44.53%,44.52720246133333
gemma2-9b-it,40.55%,40.548332024
llama-3.1-405b-instruct,39.66%,39.660840500000006
llama-4-maverick-17b-128e-instruct,39.60%,39.602576748000004
deepseek-v3.1,37.65%,37.64605833333333
qwen3-32b,34.73%,34.729629082399995
gpt-oss-120b,31.33%,31.327694160000004
