Model,Similarity Score (%),Raw Score
deepseek-v3.1,50.84%,50.8423304
llama-3.3-70b-instruct,47.56%,47.56224588600001
kimi-k2-instruct-0905,44.91%,44.91041747166667
qwen3-235b-a22b,43.17%,43.171395184000005
gemma2-9b-it,40.55%,40.548332024
llama-4-maverick-17b-128e-instruct,39.60%,39.602576748
llama-3.1-405b-instruct,38.92%,38.915136700000005
qwen3-32b,34.73%,34.729629082399995
gpt-oss-120b,31.33%,31.327694160000004
