Model,Similarity Score (%),Raw Score
kimi-k2-instruct-0905,45.80%,45.798879686
gemma2-9b-it,40.55%,40.548332024
llama-4-maverick-17b-128e-instruct,39.60%,39.602576748
qwen3-32b,34.73%,34.729629082399995
gpt-oss-120b,31.33%,31.327694160000004
