Model,Similarity Score (%),Raw Score
kimi-k2-instruct-0905,45.22%,45.216281605
qwen3-235b-a22b,42.71%,42.7072187568
llama-3.3-70b-instruct,41.44%,41.4422786572
llama-3.1-405b-instruct,40.77%,40.766835539999995
gemma2-9b-it,40.55%,40.548332024
llama-4-maverick-17b-128e-instruct,39.60%,39.602576748000004
deepseek-v3.1,38.67%,38.665099239999996
qwen3-32b,34.73%,34.729629082399995
gpt-oss-120b,31.33%,31.327694160000004
