Model,Similarity Score (%),Raw Score
kimi-k2-instruct-0905,45.83%,45.832996707499994
gemma2-9b-it,44.39%,44.394940115
llama-4-maverick-17b-128e-instruct,42.10%,42.098624234999996
gpt-oss-120b,33.34%,33.3366205
qwen3-32b,33.11%,33.108883233
