{
  "language_pair": "sil-eng",
  "timestamp": "2025-10-24T14:23:37.027066",
  "models": {
    "kimi-k2-instruct-0905": 45.216281605,
    "llama-3.3-70b-instruct": 41.4422786572,
    "llama-4-maverick-17b-128e-instruct": 39.602576748000004,
    "qwen3-235b-a22b": 42.7072187568,
    "gpt-oss-120b": 31.327694160000004,
    "llama-3.1-405b-instruct": 40.766835539999995,
    "gemma2-9b-it": 40.548332024,
    "qwen3-32b": 34.729629082399995,
    "deepseek-v3.1": 38.665099239999996
  },
  "average_score": 39.44510509037778,
  "best_model": "kimi-k2-instruct-0905",
  "best_score": 45.216281605
}