{
  "language_pair": "sil-eng",
  "timestamp": "2026-01-29T11:31:00.580912",
  "models": {
    "bleu": {
      "kimi-k2-instruct-0905": 7.128143622915,
      "llama-3.3-70b-instruct": 3.3904171493338366,
      "llama-4-maverick-17b-128e-instruct": 4.121595972758672,
      "qwen3-235b-a22b": 5.410416402992539,
      "qwq-32b": 4.2334599404591655,
      "gemini-2.5-flash": 10.447655558341625,
      "gpt-oss-120b": 7.144846455259341,
      "gpt-4.1": 14.036652078033967,
      "palmyra-med-70b": 4.818705793464987,
      "llama-3.1-405b-instruct": 6.301174143805815,
      "claude-sonnet-4-5": 8.818239281751483,
      "gemma2-9b-it": 6.187211469508654,
      "qwen3-32b": 5.113818794967396,
      "mistral-medium-3-instruct": 2.922188263486253,
      "gemma-2-9b-it": 4.744188024111083,
      "mistral-7b-instruct-v0.3": 3.121786996909528,
      "deepseek-v3.1": 7.423447100714543,
      "seed-oss-36b-instruct": 6.134227411504095,
      "gemma-2-27b-it": 4.500731941285453
    },
    "chrf": {
      "kimi-k2-instruct-0905": 22.121342239455142,
      "llama-3.3-70b-instruct": 22.635809464489604,
      "llama-4-maverick-17b-128e-instruct": 24.05717912659967,
      "qwen3-235b-a22b": 20.902922521145666,
      "qwq-32b": 18.850415973626646,
      "gemini-2.5-flash": 27.589550603236088,
      "gpt-oss-120b": 17.241564845810785,
      "gpt-4.1": 25.85583236688873,
      "palmyra-med-70b": 21.42251232244732,
      "llama-3.1-405b-instruct": 18.105889773091512,
      "claude-sonnet-4-5": 28.20421517662219,
      "gemma2-9b-it": 21.770229833186107,
      "qwen3-32b": 20.758635682665673,
      "mistral-medium-3-instruct": 18.31739537869492,
      "gemma-2-9b-it": 16.27049704029224,
      "mistral-7b-instruct-v0.3": 20.262229615653187,
      "deepseek-v3.1": 21.35531462553013,
      "seed-oss-36b-instruct": 21.241020171510915,
      "gemma-2-27b-it": 19.883577774347316
    },
    "average": {
      "kimi-k2-instruct-0905": 14.624742931185072,
      "llama-3.3-70b-instruct": 13.01311330691172,
      "llama-4-maverick-17b-128e-instruct": 14.089387549679172,
      "qwen3-235b-a22b": 13.156669462069102,
      "qwq-32b": 11.541937957042906,
      "gemini-2.5-flash": 19.018603080788857,
      "gpt-oss-120b": 12.193205650535063,
      "gpt-4.1": 19.94624222246135,
      "palmyra-med-70b": 13.120609057956154,
      "llama-3.1-405b-instruct": 12.203531958448664,
      "claude-sonnet-4-5": 18.511227229186836,
      "gemma2-9b-it": 13.97872065134738,
      "qwen3-32b": 12.936227238816535,
      "mistral-medium-3-instruct": 10.619791821090585,
      "gemma-2-9b-it": 10.507342532201662,
      "mistral-7b-instruct-v0.3": 11.692008306281357,
      "deepseek-v3.1": 14.389380863122337,
      "seed-oss-36b-instruct": 13.687623791507505,
      "gemma-2-27b-it": 12.192154857816384
    }
  },
  "best_model": "gpt-4.1",
  "best_model_scores": {
    "BLEU": 14.036652078033967,
    "chrF": 25.85583236688873,
    "Average": 19.94624222246135
  }
}