{
  "language_pair": "sil-eng",
  "timestamp": "2026-01-28T14:52:23.727798",
  "models": {
    "bleu": {
      "kimi-k2-instruct-0905": 4.657736168417957,
      "llama-3.3-70b-instruct": 5.802857882527044,
      "llama-4-maverick-17b-128e-instruct": 7.266819354435347,
      "qwen3-235b-a22b": 4.9217115663844115,
      "qwq-32b": 3.9498801976379214,
      "gemini-2.5-flash": 6.62518940076124,
      "gpt-oss-120b": 3.1356253327000485,
      "gpt-4.1": 6.259874927171114,
      "palmyra-med-70b": 2.6190741171015945,
      "llama-3.1-405b-instruct": 2.40070199302655,
      "claude-sonnet-4-5": 6.995740584256696,
      "gemma2-9b-it": 4.041573282429618,
      "qwen3-32b": 2.6049832823156174,
      "mistral-medium-3-instruct": 2.920834238334764,
      "gemma-2-9b-it": 2.8351193875894114,
      "mistral-7b-instruct-v0.3": 2.8603676731923287,
      "deepseek-v3.1": 3.3981710937258147,
      "seed-oss-36b-instruct": 4.76067056644418,
      "gemma-2-27b-it": 5.151676526563641
    },
    "chrf": {
      "kimi-k2-instruct-0905": 22.121342239455142,
      "llama-3.3-70b-instruct": 22.635809464489604,
      "llama-4-maverick-17b-128e-instruct": 24.05717912659967,
      "qwen3-235b-a22b": 20.902922521145666,
      "qwq-32b": 18.850415973626646,
      "gemini-2.5-flash": 27.589550603236088,
      "gpt-oss-120b": 17.241564845810785,
      "gpt-4.1": 25.85583236688873,
      "palmyra-med-70b": 21.42251232244732,
      "llama-3.1-405b-instruct": 18.105889773091512,
      "claude-sonnet-4-5": 28.20421517662219,
      "gemma2-9b-it": 21.770229833186107,
      "qwen3-32b": 20.758635682665673,
      "mistral-medium-3-instruct": 18.31739537869492,
      "gemma-2-9b-it": 16.27049704029224,
      "mistral-7b-instruct-v0.3": 20.262229615653187,
      "deepseek-v3.1": 21.35531462553013,
      "seed-oss-36b-instruct": 21.241020171510915,
      "gemma-2-27b-it": 19.883577774347316
    },
    "average": {
      "kimi-k2-instruct-0905": 13.38953920393655,
      "llama-3.3-70b-instruct": 14.219333673508325,
      "llama-4-maverick-17b-128e-instruct": 15.661999240517506,
      "qwen3-235b-a22b": 12.912317043765038,
      "qwq-32b": 11.400148085632285,
      "gemini-2.5-flash": 17.107370001998664,
      "gpt-oss-120b": 10.188595089255417,
      "gpt-4.1": 16.057853647029923,
      "palmyra-med-70b": 12.02079321977446,
      "llama-3.1-405b-instruct": 10.253295883059032,
      "claude-sonnet-4-5": 17.599977880439443,
      "gemma2-9b-it": 12.905901557807862,
      "qwen3-32b": 11.681809482490644,
      "mistral-medium-3-instruct": 10.619114808514842,
      "gemma-2-9b-it": 9.552808213940827,
      "mistral-7b-instruct-v0.3": 11.561298644422758,
      "deepseek-v3.1": 12.376742859627974,
      "seed-oss-36b-instruct": 13.000845368977545,
      "gemma-2-27b-it": 12.517627150455482
    }
  },
  "best_model": "claude-sonnet-4-5",
  "best_model_scores": {
    "BLEU": 6.995740584256696,
    "chrF": 28.20421517662219,
    "Average": 17.599977880439443
  }
}