{
  "language_pair": "sil-eng",
  "timestamp": "2026-01-16T11:13:50.945100",
  "models": {
    "kimi-k2-instruct-0905": 47.2691109135595,
    "llama-3.3-70b-instruct": 41.58315457816039,
    "llama-4-maverick-17b-128e-instruct": 48.35149283183823,
    "qwen3-235b-a22b": 39.32357773131414,
    "qwq-32b": 36.35412764310516,
    "claude": 53.387786865234375,
    "gpt-oss-120b": 33.19039132453125,
    "palmyra-med-70b": 37.3174244,
    "llama-3.1-405b-instruct": 31.00505793694853,
    "chatgpt": 0.0,
    "gemma2-9b-it": 40.548332024,
    "qwen3-32b": 34.729629082399995,
    "mistral-medium-3-instruct": 34.44603225074405,
    "gemma-2-9b-it": 29.947613406682787,
    "mistral-7b-instruct-v0.3": 34.62870453000001,
    "deepseek-v3.1": 47.304981409834554,
    "seed-oss-36b-instruct": 35.809040212340186,
    "gemma-2-27b-it": 40.52343149872619,
    "gemini": 54.97113037109374
  },
  "average_score": 37.931106263711214,
  "best_model": "gemini",
  "best_score": 54.97113037109374
}