{
  "language_pair": "sil-eng",
  "timestamp": "2025-11-07T13:48:47.075377",
  "models": {
    "kimi-k2-instruct-0905": 45.732733201551405,
    "llama-3.3-70b-instruct": 40.45817926305998,
    "llama-4-maverick-17b-128e-instruct": 40.84723135851114,
    "qwen3-235b-a22b": 42.17154784722226,
    "qwq-32b": 39.22703978372829,
    "gpt-oss-120b": 30.45249945544234,
    "palmyra-med-70b": 37.3174244,
    "llama-3.1-405b-instruct": 35.94450160002403,
    "gemma2-9b-it": 40.548332024,
    "qwen3-32b": 34.729629082399995,
    "mistral-medium-3-instruct": 38.696612716973625,
    "gemma-2-9b-it": 36.428853669365594,
    "mistral-7b-instruct-v0.3": 34.62870453000001,
    "deepseek-v3.1": 42.89083746997242,
    "seed-oss-36b-instruct": 36.02249817833066,
    "gemma-2-27b-it": 32.40279543133538
  },
  "average_score": 38.03121375074482,
  "best_model": "kimi-k2-instruct-0905",
  "best_score": 45.732733201551405
}