{
  "language_pair": "sil-eng",
  "timestamp": "2026-01-19T11:10:28.447477",
  "models": {
    "kimi-k2-instruct-0905": 47.92552461765408,
    "llama-3.3-70b-instruct": 42.84395300050994,
    "llama-4-maverick-17b-128e-instruct": 49.075561871305965,
    "qwen3-235b-a22b": 40.15115258696488,
    "qwq-32b": 37.42336669143178,
    "gemini-2.5-flash": 53.80997721354167,
    "gpt-oss-120b": 34.55890609108924,
    "gpt-4.1": 44.13435504833858,
    "palmyra-med-70b": 37.3174244,
    "llama-3.1-405b-instruct": 31.94216374090909,
    "claude-sonnet-4-5": 51.44299189249675,
    "gemma2-9b-it": 40.548332024,
    "qwen3-32b": 34.729629082399995,
    "mistral-medium-3-instruct": 35.00030411353327,
    "gemma-2-9b-it": 33.69116317473354,
    "mistral-7b-instruct-v0.3": 34.62870453000001,
    "deepseek-v3.1": 48.44430895745483,
    "seed-oss-36b-instruct": 36.38814171561539,
    "gemma-2-27b-it": 43.270865546309324
  },
  "average_score": 40.9119382262257,
  "best_model": "gemini-2.5-flash",
  "best_score": 53.80997721354167
}