{
  "language_pair": "sil-eng",
  "timestamp": "2026-01-14T12:27:13.943840",
  "models": {
    "kimi-k2-instruct-0905": 47.269913567669086,
    "llama-3.3-70b-instruct": 41.58296608723667,
    "llama-4-maverick-17b-128e-instruct": 48.35116970454043,
    "qwen3-235b-a22b": 39.323218700983254,
    "qwq-32b": 36.35412764310516,
    "gpt-oss-120b": 33.1907037931161,
    "palmyra-med-70b": 37.3174244,
    "llama-3.1-405b-instruct": 30.997374687867644,
    "gemma2-9b-it": 40.548332024,
    "qwen3-32b": 34.729629082399995,
    "mistral-medium-3-instruct": 34.44716333875868,
    "gemma-2-9b-it": 29.94770302179316,
    "mistral-7b-instruct-v0.3": 34.62870453000001,
    "deepseek-v3.1": 47.30733305850184,
    "seed-oss-36b-instruct": 35.80760637057431,
    "gemma-2-27b-it": 40.5237027660873
  },
  "average_score": 38.27044204853961,
  "best_model": "llama-4-maverick-17b-128e-instruct",
  "best_score": 48.35116970454043
}