{
  "language_pair": "sil-eng",
  "timestamp": "2026-01-12T13:35:15.539953",
  "models": {
    "kimi-k2-instruct-0905": 47.08513081644072,
    "llama-3.3-70b-instruct": 41.52620976851538,
    "llama-4-maverick-17b-128e-instruct": 48.17791494398809,
    "qwen3-235b-a22b": 38.98946594566694,
    "qwq-32b": 36.116648412446125,
    "gpt-oss-120b": 33.268859024635105,
    "palmyra-med-70b": 37.3174244,
    "llama-3.1-405b-instruct": 30.877769938392856,
    "gemma2-9b-it": 40.548332024,
    "qwen3-32b": 34.729629082399995,
    "mistral-medium-3-instruct": 34.689666664870686,
    "gemma-2-9b-it": 32.59685329828799,
    "mistral-7b-instruct-v0.3": 34.62870453000001,
    "deepseek-v3.1": 47.15020795401786,
    "seed-oss-36b-instruct": 35.7536948866807,
    "gemma-2-27b-it": 41.765812110146555
  },
  "average_score": 38.45139523753056,
  "best_model": "llama-4-maverick-17b-128e-instruct",
  "best_score": 48.17791494398809
}