{
  "language_pair": "sil-eng",
  "timestamp": "2026-01-16T14:45:11.932115",
  "models": {
    "kimi-k2-instruct-0905": 47.2689102500321,
    "llama-3.3-70b-instruct": 41.5841778146034,
    "llama-4-maverick-17b-128e-instruct": 48.351349219705874,
    "qwen3-235b-a22b": 39.323398216148696,
    "qwq-32b": 36.35412764310516,
    "claude": 53.386199951171875,
    "gpt-oss-120b": 33.19042554460967,
    "palmyra-med-70b": 37.3174244,
    "llama-3.1-405b-instruct": 30.99945706378676,
    "chatgpt": 45.21228790283203,
    "gemma2-9b-it": 40.548332024,
    "qwen3-32b": 34.729629082399995,
    "mistral-medium-3-instruct": 34.44634953667535,
    "gemma-2-9b-it": 29.94770059976315,
    "mistral-7b-instruct-v0.3": 34.62870453000001,
    "deepseek-v3.1": 47.30742281608456,
    "seed-oss-36b-instruct": 35.80529575394485,
    "gemma-2-27b-it": 40.52440031073016,
    "gemini": 54.97149658203126
  },
  "average_score": 40.31037311798026,
  "best_model": "gemini",
  "best_score": 54.97149658203126
}