Model,Similarity Score (%),Raw Score
kimi-k2-instruct-0905,43.84%,43.8379154
llama-4-maverick-17b-128e-instruct,36.62%,36.622128200000006
qwen3-32b,31.37%,31.370662420000002
gemma2-9b-it,28.84%,28.837329770000007
gpt-oss-120b,27.92%,27.92142885461
