Model,Similarity Score (%),Raw Score
llama-3.1-405b-instruct,40.86%,40.8607146
kimi-k2-instruct-0905,40.52%,40.517458909999995
llama-4-maverick-17b-128e-instruct,34.80%,34.80134967984
deepseek-v3.1,34.49%,34.48668560000001
qwen3-32b,31.92%,31.92247776
gemma2-9b-it,29.16%,29.155112576000004
llama-3.3-70b-instruct,29.09%,29.091564099999996
gpt-oss-120b,28.54%,28.542783683688
qwen3-235b-a22b,27.86%,27.8577454
