Model,Similarity Score (%),Raw Score
deepseek-v3.1,46.20%,46.20428727
kimi-k2-instruct-0905,38.34%,38.34354425272728
llama-4-maverick-17b-128e-instruct,34.80%,34.801349679839994
llama-3.3-70b-instruct,34.21%,34.207371563333325
llama-3.1-405b-instruct,34.16%,34.15564054333333
gemma-2-27b-it,34.15%,34.1497469
qwen3-235b-a22b,33.51%,33.511785736666674
qwen3-32b,31.92%,31.922477760000007
gemma2-9b-it,29.16%,29.155112576000004
gpt-oss-120b,28.54%,28.542783683687993
