Model,Similarity Score (%),Raw Score
llama-4-maverick-17b-128e-instruct,42.95%,42.95302920000001
kimi-k2-instruct-0905,42.22%,42.218744599999994
qwen3-32b,32.10%,32.103149200000004
gemma2-9b-it,28.80%,28.798565879999998
gpt-oss-120b,20.17%,20.169779679999998
