Model,Similarity Score (%),Raw Score
deepseek-v3.1,43.12%,43.124317724
kimi-k2-instruct-0905,39.49%,39.492029398
llama-4-maverick-17b-128e-instruct,34.80%,34.801349679839994
llama-3.1-405b-instruct,34.37%,34.369539704
qwen3-235b-a22b,33.37%,33.368485164
llama-3.3-70b-instruct,32.99%,32.991775075999996
qwen3-32b,31.92%,31.922477760000007
gemma2-9b-it,29.16%,29.155112576000004
gpt-oss-120b,28.54%,28.542783683687993
