Model,Similarity Score (%),Raw Score
deepseek-v3.1,42.16%,42.15853306666667
kimi-k2-instruct-0905,38.09%,38.0934792475
llama-4-maverick-17b-128e-instruct,34.80%,34.801349679839994
llama-3.3-70b-instruct,33.53%,33.53270656666666
llama-3.1-405b-instruct,33.03%,33.033223773333326
qwen3-235b-a22b,32.19%,32.18635704
qwen3-32b,31.92%,31.922477760000007
gemma2-9b-it,29.16%,29.155112576000004
gpt-oss-120b,28.54%,28.542783683687993
