Model,Similarity Score (%),Raw Score
kimi-k2-instruct-0905,42.82%,42.815228784
llama-4-maverick-17b-128e-instruct,34.80%,34.80134967984
qwen3-32b,31.92%,31.92247776
gemma2-9b-it,29.16%,29.155112576000004
gpt-oss-120b,28.54%,28.542783683688
