Model,Similarity Score (%),Raw Score
deepseek-v3.1,42.26%,42.26190425
kimi-k2-instruct-0905,38.84%,38.84027559777778
llama-4-maverick-17b-128e-instruct,34.80%,34.801349679839994
qwen3-235b-a22b,34.23%,34.23156403
llama-3.1-405b-instruct,32.85%,32.85150708
qwen3-32b,31.92%,31.922477760000007
llama-3.3-70b-instruct,31.58%,31.576635394999997
gemma2-9b-it,29.16%,29.155112576000004
gpt-oss-120b,28.54%,28.542783683687993
