{
  "language_pair": "ada-eng",
  "timestamp": "2026-01-28T14:52:19.955151",
  "models": {
    "bleu": {
      "llama-3.1-405b-instruct": 2.6232627821299266,
      "claude-sonnet-4-5": 5.694517461120858,
      "seed-oss-36b-instruct": 2.165922787754872,
      "llama-3.3-70b-instruct": 2.849016442000183,
      "gemma2-9b-it": 2.5073596708447674,
      "gemma-2-27b-it": 2.806396224470594,
      "gpt-oss-120b": 2.6747979761544394,
      "qwen3-32b": 2.9462883683843044,
      "gemma-2-9b-it": 2.5297193171333556,
      "llama-4-maverick-17b-128e-instruct": 5.365968323358873,
      "kimi-k2-instruct-0905": 3.7808935945355313,
      "mistral-medium-3-instruct": 12.581695790695827,
      "qwen3-235b-a22b": 4.4204319679991135,
      "gpt-4.1": 5.249297041398301,
      "qwq-32b": 2.400382348999027,
      "deepseek-v3.1": 9.890340182292759,
      "mistral-7b-instruct-v0.3": 2.3016829715703,
      "gemini-2.5-flash": 15.026801565292429,
      "palmyra-med-70b": 2.333121413710996
    },
    "chrf": {
      "llama-3.1-405b-instruct": 21.07836257537697,
      "claude-sonnet-4-5": 25.461714466566658,
      "seed-oss-36b-instruct": 21.504885678991478,
      "llama-3.3-70b-instruct": 21.068551847969097,
      "gemma2-9b-it": 18.430937206353533,
      "gemma-2-27b-it": 19.58464131849156,
      "gpt-oss-120b": 18.86643509299298,
      "qwen3-32b": 18.630015931647872,
      "gemma-2-9b-it": 18.597505220240297,
      "llama-4-maverick-17b-128e-instruct": 23.76014531687313,
      "kimi-k2-instruct-0905": 22.507057550607716,
      "mistral-medium-3-instruct": 28.93994750869079,
      "qwen3-235b-a22b": 22.657481620773147,
      "gpt-4.1": 23.73765552453304,
      "qwq-32b": 19.148294377605016,
      "deepseek-v3.1": 28.844290682936894,
      "mistral-7b-instruct-v0.3": 18.865796662852972,
      "gemini-2.5-flash": 40.04667322059368,
      "palmyra-med-70b": 21.57582964727436
    },
    "average": {
      "llama-3.1-405b-instruct": 11.85081267875345,
      "claude-sonnet-4-5": 15.578115963843757,
      "seed-oss-36b-instruct": 11.835404233373174,
      "llama-3.3-70b-instruct": 11.958784144984639,
      "gemma2-9b-it": 10.469148438599152,
      "gemma-2-27b-it": 11.195518771481078,
      "gpt-oss-120b": 10.77061653457371,
      "qwen3-32b": 10.78815215001609,
      "gemma-2-9b-it": 10.563612268686825,
      "llama-4-maverick-17b-128e-instruct": 14.563056820115996,
      "kimi-k2-instruct-0905": 13.143975572571625,
      "mistral-medium-3-instruct": 20.760821649693305,
      "qwen3-235b-a22b": 13.53895679438613,
      "gpt-4.1": 14.49347628296567,
      "qwq-32b": 10.774338363302022,
      "deepseek-v3.1": 19.367315432614827,
      "mistral-7b-instruct-v0.3": 10.583739817211637,
      "gemini-2.5-flash": 27.536737392943056,
      "palmyra-med-70b": 11.95447553049268
    }
  },
  "best_model": "gemini-2.5-flash",
  "best_model_scores": {
    "BLEU": 15.026801565292429,
    "chrF": 40.04667322059368,
    "Average": 27.536737392943056
  }
}