{
  "language_pair": "ada-eng",
  "timestamp": "2026-01-14T12:27:13.373778",
  "models": {
    "llama-3.1-405b-instruct": 25.9012089285478,
    "seed-oss-36b-instruct": 24.871945041336943,
    "llama-3.3-70b-instruct": 23.40031631477924,
    "gemma2-9b-it": 29.155112576000004,
    "gemma-2-27b-it": 21.784970041221598,
    "gpt-oss-120b": 29.40918688556127,
    "qwen3-32b": 31.92247776,
    "gemma-2-9b-it": 22.543759875663433,
    "llama-4-maverick-17b-128e-instruct": 35.35732931564804,
    "kimi-k2-instruct-0905": 33.54205612182611,
    "mistral-medium-3-instruct": 37.73387500967435,
    "qwen3-235b-a22b": 33.73122075287311,
    "qwq-32b": 27.76610450600547,
    "deepseek-v3.1": 46.65952253240866,
    "mistral-7b-instruct-v0.3": 22.502516,
    "palmyra-med-70b": 32.877581899999996
  },
  "average_score": 29.947448972596625,
  "best_model": "deepseek-v3.1",
  "best_score": 46.65952253240866
}