{
  "language_pair": "ada-eng",
  "timestamp": "2026-01-29T11:30:57.604819",
  "models": {
    "bleu": {
      "llama-3.1-405b-instruct": 13.845698552080462,
      "claude-sonnet-4-5": 15.301723174902115,
      "seed-oss-36b-instruct": 3.1432730486700122,
      "llama-3.3-70b-instruct": 9.952403622156014,
      "gemma2-9b-it": 8.33204375411226,
      "gemma-2-27b-it": 7.017959326575411,
      "gpt-oss-120b": 5.703761423217784,
      "qwen3-32b": 7.158561577277536,
      "gemma-2-9b-it": 4.877222892313431,
      "llama-4-maverick-17b-128e-instruct": 6.680779845473329,
      "kimi-k2-instruct-0905": 32.63211392187703,
      "mistral-medium-3-instruct": 51.655374105581984,
      "qwen3-235b-a22b": 11.055858618756822,
      "gpt-4.1": 14.817181525563353,
      "qwq-32b": 7.049803675192859,
      "deepseek-v3.1": 27.41389106139485,
      "mistral-7b-instruct-v0.3": 4.936060248238293,
      "gemini-2.5-flash": 65.8322923122664,
      "palmyra-med-70b": 10.203198615804727
    },
    "chrf": {
      "llama-3.1-405b-instruct": 21.07836257537697,
      "claude-sonnet-4-5": 25.461714466566658,
      "seed-oss-36b-instruct": 21.504885678991478,
      "llama-3.3-70b-instruct": 21.068551847969097,
      "gemma2-9b-it": 18.430937206353533,
      "gemma-2-27b-it": 19.58464131849156,
      "gpt-oss-120b": 18.86643509299298,
      "qwen3-32b": 18.630015931647872,
      "gemma-2-9b-it": 18.597505220240297,
      "llama-4-maverick-17b-128e-instruct": 23.76014531687313,
      "kimi-k2-instruct-0905": 22.507057550607716,
      "mistral-medium-3-instruct": 28.93994750869079,
      "qwen3-235b-a22b": 22.657481620773147,
      "gpt-4.1": 23.73765552453304,
      "qwq-32b": 19.148294377605016,
      "deepseek-v3.1": 28.844290682936894,
      "mistral-7b-instruct-v0.3": 18.865796662852972,
      "gemini-2.5-flash": 40.04667322059368,
      "palmyra-med-70b": 21.57582964727436
    },
    "average": {
      "llama-3.1-405b-instruct": 17.462030563728717,
      "claude-sonnet-4-5": 20.381718820734385,
      "seed-oss-36b-instruct": 12.324079363830744,
      "llama-3.3-70b-instruct": 15.510477735062555,
      "gemma2-9b-it": 13.381490480232896,
      "gemma-2-27b-it": 13.301300322533486,
      "gpt-oss-120b": 12.285098258105382,
      "qwen3-32b": 12.894288754462703,
      "gemma-2-9b-it": 11.737364056276864,
      "llama-4-maverick-17b-128e-instruct": 15.220462581173228,
      "kimi-k2-instruct-0905": 27.569585736242374,
      "mistral-medium-3-instruct": 40.29766080713639,
      "qwen3-235b-a22b": 16.856670119764985,
      "gpt-4.1": 19.277418525048198,
      "qwq-32b": 13.099049026398937,
      "deepseek-v3.1": 28.12909087216587,
      "mistral-7b-instruct-v0.3": 11.900928455545632,
      "gemini-2.5-flash": 52.93948276643005,
      "palmyra-med-70b": 15.889514131539544
    }
  },
  "best_model": "gemini-2.5-flash",
  "best_model_scores": {
    "BLEU": 65.8322923122664,
    "chrF": 40.04667322059368,
    "Average": 52.93948276643005
  }
}