{
  "language_pair": "ada-eng",
  "timestamp": "2026-01-16T14:45:11.281102",
  "models": {
    "claude": 43.12953186035156,
    "llama-3.1-405b-instruct": 25.90140639522978,
    "seed-oss-36b-instruct": 24.871324845394405,
    "llama-3.3-70b-instruct": 23.40147026070209,
    "gemma2-9b-it": 29.155112576000004,
    "gemma-2-27b-it": 21.78458380312345,
    "gpt-oss-120b": 29.409395982213628,
    "chatgpt": 38.24839287996292,
    "qwen3-32b": 31.92247776,
    "gemma-2-9b-it": 22.543562988062625,
    "llama-4-maverick-17b-128e-instruct": 35.358067203357926,
    "kimi-k2-instruct-0905": 33.54232197487185,
    "mistral-medium-3-instruct": 37.73345800788858,
    "qwen3-235b-a22b": 33.730434252054515,
    "gemini": 69.44189453125,
    "qwq-32b": 27.76610450600547,
    "deepseek-v3.1": 46.658840374779984,
    "mistral-7b-instruct-v0.3": 22.502516,
    "palmyra-med-70b": 32.877581899999996
  },
  "average_score": 33.15676200532888,
  "best_model": "gemini",
  "best_score": 69.44189453125
}