{
  "language_pair": "ada-eng",
  "timestamp": "2026-01-12T13:35:14.785142",
  "models": {
    "llama-3.1-405b-instruct": 26.01872223072266,
    "seed-oss-36b-instruct": 24.87418286401199,
    "llama-3.3-70b-instruct": 23.5103089428819,
    "gemma2-9b-it": 29.155112576000004,
    "gemma-2-27b-it": 22.383380097768597,
    "gpt-oss-120b": 29.50243004839545,
    "qwen3-32b": 31.92247776,
    "gemma-2-9b-it": 24.630511126580515,
    "llama-4-maverick-17b-128e-instruct": 35.242791936972665,
    "kimi-k2-instruct-0905": 33.27147591521768,
    "mistral-medium-3-instruct": 37.66850841083109,
    "qwen3-235b-a22b": 33.608854117798764,
    "qwq-32b": 27.807644638625995,
    "deepseek-v3.1": 46.57041749251068,
    "mistral-7b-instruct-v0.3": 22.502516,
    "palmyra-med-70b": 32.877581899999996
  },
  "average_score": 30.09668225364487,
  "best_model": "deepseek-v3.1",
  "best_score": 46.57041749251068
}