{
  "language_pair": "ada-eng",
  "timestamp": "2026-01-16T11:13:50.300593",
  "models": {
    "claude": 43.13140869140625,
    "llama-3.1-405b-instruct": 25.90162181342831,
    "seed-oss-36b-instruct": 24.87184659753654,
    "llama-3.3-70b-instruct": 23.40076005382882,
    "gemma2-9b-it": 29.155112576000004,
    "gemma-2-27b-it": 21.784611656468563,
    "gpt-oss-120b": 29.40813271959301,
    "chatgpt": 0.0,
    "qwen3-32b": 31.92247776,
    "gemma-2-9b-it": 22.54368112062311,
    "llama-4-maverick-17b-128e-instruct": 35.35884836226068,
    "kimi-k2-instruct-0905": 33.54215945831711,
    "mistral-medium-3-instruct": 37.73318021178931,
    "qwen3-235b-a22b": 33.731036749828526,
    "gemini": 69.4400634765625,
    "qwq-32b": 27.76610450600547,
    "deepseek-v3.1": 46.65815541222685,
    "mistral-7b-instruct-v0.3": 22.502516,
    "palmyra-med-70b": 32.877581899999996
  },
  "average_score": 31.14364731925658,
  "best_model": "gemini",
  "best_score": 69.4400634765625
}