{
  "language_pair": "ada-eng",
  "timestamp": "2025-10-18T06:37:06.643224",
  "models": {
    "llama-3.1-405b-instruct": 33.033223773333326,
    "llama-3.3-70b-instruct": 33.53270656666666,
    "gemma2-9b-it": 29.155112576000004,
    "gpt-oss-120b": 28.542783683687993,
    "qwen3-32b": 31.922477760000007,
    "llama-4-maverick-17b-128e-instruct": 34.801349679839994,
    "kimi-k2-instruct-0905": 38.0934792475,
    "qwen3-235b-a22b": 32.18635704,
    "deepseek-v3.1": 42.15853306666667
  },
  "average_score": 33.714002599299405,
  "best_model": "deepseek-v3.1",
  "best_score": 42.15853306666667
}