{
  "language_pair": "ada-eng",
  "timestamp": "2025-11-07T13:48:46.214085",
  "models": {
    "llama-3.1-405b-instruct": 34.45498134470975,
    "seed-oss-36b-instruct": 25.389599855057586,
    "llama-3.3-70b-instruct": 31.315942536682023,
    "gemma2-9b-it": 29.155112576000004,
    "gemma-2-27b-it": 24.512801467053986,
    "gpt-oss-120b": 28.199038104338364,
    "qwen3-32b": 31.92247776,
    "gemma-2-9b-it": 22.87561659396867,
    "llama-4-maverick-17b-128e-instruct": 32.60790722063092,
    "kimi-k2-instruct-0905": 39.71709868405512,
    "mistral-medium-3-instruct": 32.566066113454795,
    "qwen3-235b-a22b": 31.402320668483174,
    "qwq-32b": 32.63270142627306,
    "deepseek-v3.1": 46.949713058603635,
    "mistral-7b-instruct-v0.3": 22.502516,
    "palmyra-med-70b": 32.877581899999996
  },
  "average_score": 31.19259220683194,
  "best_model": "deepseek-v3.1",
  "best_score": 46.949713058603635
}