{
  "language_pair": "ada-eng",
  "timestamp": "2025-09-25T08:09:02.230248",
  "models": {
    "gemma2-9b-it": 28.798565879999998,
    "gpt-oss-120b": 20.169779679999998,
    "qwen3-32b": 32.103149200000004,
    "llama-4-maverick-17b-128e-instruct": 42.9530292,
    "kimi-k2-instruct-0905": 42.2187446
  },
  "average_score": 33.24865371200001,
  "best_model": "llama-4-maverick-17b-128e-instruct",
  "best_score": 42.9530292
}