{
  "language_pair": "ada-eng",
  "timestamp": "2026-01-19T11:10:27.446109",
  "models": {
    "llama-3.1-405b-instruct": 25.901496152812502,
    "claude-sonnet-4-5": 42.024757385253906,
    "seed-oss-36b-instruct": 24.871171026956272,
    "llama-3.3-70b-instruct": 23.400984447785618,
    "gemma2-9b-it": 29.155112576000004,
    "gemma-2-27b-it": 22.49889178345587,
    "gpt-oss-120b": 29.48147444517585,
    "qwen3-32b": 31.92247776,
    "gemma-2-9b-it": 24.521230136031217,
    "llama-4-maverick-17b-128e-instruct": 35.35889846574715,
    "kimi-k2-instruct-0905": 33.54228226021539,
    "mistral-medium-3-instruct": 37.73345062460355,
    "qwen3-235b-a22b": 33.730748403594035,
    "gpt-4.1": 36.545151154200234,
    "qwq-32b": 27.76610450600547,
    "deepseek-v3.1": 46.6593789202763,
    "mistral-7b-instruct-v0.3": 22.502516,
    "gemini-2.5-flash": 70.73226928710938,
    "palmyra-med-70b": 32.877581899999996
  },
  "average_score": 33.22241985448541,
  "best_model": "gemini-2.5-flash",
  "best_score": 70.73226928710938
}