{
  "language_pair": "ada-eng",
  "timestamp": "2025-10-09T07:08:30.476387",
  "models": {
    "gemma2-9b-it": 29.155112576000004,
    "gpt-oss-120b": 28.542783683688,
    "qwen3-32b": 31.92247776,
    "llama-4-maverick-17b-128e-instruct": 34.80134967984,
    "kimi-k2-instruct-0905": 42.815228784
  },
  "average_score": 33.4473904967056,
  "best_model": "kimi-k2-instruct-0905",
  "best_score": 42.815228784
}