{
  "language_pair": "ada-eng",
  "timestamp": "2025-10-17T06:38:35.615881",
  "models": {
    "llama-3.1-405b-instruct": 40.8607146,
    "llama-3.3-70b-instruct": 29.091564099999996,
    "gemma2-9b-it": 29.155112576000004,
    "gpt-oss-120b": 28.542783683688,
    "qwen3-32b": 31.92247776,
    "llama-4-maverick-17b-128e-instruct": 34.80134967984,
    "kimi-k2-instruct-0905": 40.517458909999995,
    "qwen3-235b-a22b": 27.8577454,
    "deepseek-v3.1": 34.48668560000001
  },
  "average_score": 33.02621025661422,
  "best_model": "llama-3.1-405b-instruct",
  "best_score": 40.8607146
}