{
  "language_pair": "ada-eng",
  "timestamp": "2025-10-18T17:11:56.965214",
  "models": {
    "llama-3.1-405b-instruct": 32.85150708,
    "llama-3.3-70b-instruct": 31.576635394999997,
    "gemma2-9b-it": 29.155112576000004,
    "gpt-oss-120b": 28.542783683687993,
    "qwen3-32b": 31.922477760000007,
    "llama-4-maverick-17b-128e-instruct": 34.801349679839994,
    "kimi-k2-instruct-0905": 38.84027559777778,
    "qwen3-235b-a22b": 34.23156403,
    "deepseek-v3.1": 42.26190425
  },
  "average_score": 33.79817889470064,
  "best_model": "deepseek-v3.1",
  "best_score": 42.26190425
}