{
  "language_pair": "ada-eng",
  "timestamp": "2025-10-20T10:24:53.986151",
  "models": {
    "llama-3.1-405b-instruct": 34.369539704,
    "llama-3.3-70b-instruct": 32.991775075999996,
    "gemma2-9b-it": 29.155112576000004,
    "gpt-oss-120b": 28.542783683687993,
    "qwen3-32b": 31.922477760000007,
    "llama-4-maverick-17b-128e-instruct": 34.801349679839994,
    "kimi-k2-instruct-0905": 39.492029398,
    "qwen3-235b-a22b": 33.368485164,
    "deepseek-v3.1": 43.124317724
  },
  "average_score": 34.196430085058665,
  "best_model": "deepseek-v3.1",
  "best_score": 43.124317724
}