{
  "language_pair": "bov-eng",
  "timestamp": "2026-01-29T11:31:15.857719",
  "models": {
    "bleu": {
      "gemma-2-27b-it": 7.121098473465853,
      "qwen3-235b-a22b": 5.226249020969955,
      "gemini-2.5-flash": 8.493098745313148,
      "gpt-oss-120b": 10.924856017658641,
      "seed-oss-36b-instruct": 3.9016631127179093,
      "palmyra-med-70b": 7.632640472788976,
      "llama-3.1-405b-instruct": 7.523696863505038,
      "mistral-7b-instruct-v0.3": 4.207993129078362,
      "llama-3.3-70b-instruct": 10.730640280461275,
      "gpt-4.1": 8.947088590364231,
      "mistral-medium-3-instruct": 4.466216597703003,
      "deepseek-v3.1": 8.903927232500966,
      "claude-sonnet-4-5": 7.655122720591221,
      "qwen3-32b": 0.0,
      "llama-4-maverick-17b-128e-instruct": 5.92856440614134,
      "gemma2-9b-it": 3.978062972279233,
      "kimi-k2-instruct-0905": 8.240556987983819,
      "gemma-2-9b-it": 4.217959647417267,
      "qwq-32b": 6.601618238283769
    },
    "chrf": {
      "gemma-2-27b-it": 17.637873942335464,
      "qwen3-235b-a22b": 19.05328938087477,
      "gemini-2.5-flash": 26.112726672153542,
      "gpt-oss-120b": 17.691813675348513,
      "seed-oss-36b-instruct": 20.55924720893972,
      "palmyra-med-70b": 22.974963557810703,
      "llama-3.1-405b-instruct": 20.169340049212458,
      "mistral-7b-instruct-v0.3": 18.476229562582297,
      "llama-3.3-70b-instruct": 20.558711079596044,
      "gpt-4.1": 24.721415848778616,
      "mistral-medium-3-instruct": 19.18052660978552,
      "deepseek-v3.1": 18.955965344222264,
      "claude-sonnet-4-5": 24.984568197111354,
      "qwen3-32b": 22.006870928554253,
      "llama-4-maverick-17b-128e-instruct": 20.256691317065094,
      "gemma2-9b-it": 23.53864026125939,
      "kimi-k2-instruct-0905": 19.96672867799107,
      "gemma-2-9b-it": 17.867455184691472,
      "qwq-32b": 18.7567809053848
    },
    "average": {
      "gemma-2-27b-it": 12.379486207900658,
      "qwen3-235b-a22b": 12.139769200922363,
      "gemini-2.5-flash": 17.302912708733345,
      "gpt-oss-120b": 14.308334846503577,
      "seed-oss-36b-instruct": 12.230455160828814,
      "palmyra-med-70b": 15.30380201529984,
      "llama-3.1-405b-instruct": 13.846518456358748,
      "mistral-7b-instruct-v0.3": 11.342111345830329,
      "llama-3.3-70b-instruct": 15.644675680028659,
      "gpt-4.1": 16.834252219571425,
      "mistral-medium-3-instruct": 11.823371603744262,
      "deepseek-v3.1": 13.929946288361615,
      "claude-sonnet-4-5": 16.319845458851287,
      "qwen3-32b": 11.003435464277127,
      "llama-4-maverick-17b-128e-instruct": 13.092627861603217,
      "gemma2-9b-it": 13.75835161676931,
      "kimi-k2-instruct-0905": 14.103642832987445,
      "gemma-2-9b-it": 11.04270741605437,
      "qwq-32b": 12.679199571834285
    }
  },
  "best_model": "gemini-2.5-flash",
  "best_model_scores": {
    "BLEU": 8.493098745313148,
    "chrF": 26.112726672153542,
    "Average": 17.302912708733345
  }
}