Model,Similarity Score (%),Raw Score
qwen3-32b,40.50%,40.503009719999994
llama-4-maverick-17b-128e-instruct,39.34%,39.337788884000005
qwen3-235b-a22b,38.43%,38.42798320133333
llama-3.3-70b-instruct,34.71%,34.70595146666666
gpt-oss-120b,30.27%,30.269715247199997
kimi-k2-instruct-0905,29.06%,29.060042935000002
gemma2-9b-it,28.81%,28.8149111088
llama-3.1-405b-instruct,25.95%,25.954100245333333
deepseek-v3.1,25.75%,25.74981606666667
