Model,Similarity Score (%),Raw Score
gemma-2-27b-it,40.80%,40.8022998
qwen3-32b,40.50%,40.503009719999994
llama-4-maverick-17b-128e-instruct,39.34%,39.337788884000005
qwen3-235b-a22b,34.29%,34.28601296400001
llama-3.3-70b-instruct,33.71%,33.70697429333334
gpt-oss-120b,30.27%,30.269715247199997
kimi-k2-instruct-0905,28.99%,28.989696812727274
gemma2-9b-it,28.81%,28.8149111088
llama-3.1-405b-instruct,26.57%,26.573240219333332
deepseek-v3.1,24.86%,24.85562404
