Model,Similarity Score (%),Raw Score
qwen3-32b,40.50%,40.503009719999994
llama-4-maverick-17b-128e-instruct,39.34%,39.337788884000005
llama-3.3-70b-instruct,33.72%,33.720071104
qwen3-235b-a22b,31.87%,31.870118556799998
gpt-oss-120b,30.27%,30.269715247199997
gemma2-9b-it,28.81%,28.8149111088
kimi-k2-instruct-0905,28.74%,28.744033878000003
deepseek-v3.1,25.61%,25.607310392
llama-3.1-405b-instruct,24.90%,24.9004720632
