Model,Similarity Score (%),Raw Score
qwen3-32b,40.50%,40.503009719999994
llama-4-maverick-17b-128e-instruct,39.34%,39.337788884000005
llama-3.3-70b-instruct,34.86%,34.86048283499999
qwen3-235b-a22b,33.07%,33.073153895999994
gpt-oss-120b,30.27%,30.269715247199997
kimi-k2-instruct-0905,29.29%,29.28881573111111
gemma2-9b-it,28.81%,28.8149111088
llama-3.1-405b-instruct,26.62%,26.622647354
deepseek-v3.1,25.83%,25.828715499999998
