Model,Similarity Score (%),Raw Score
qwen3-32b,40.50%,40.50300972
llama-4-maverick-17b-128e-instruct,39.34%,39.337788884
gpt-oss-120b,30.27%,30.269715247199997
gemma2-9b-it,28.81%,28.8149111088
kimi-k2-instruct-0905,27.31%,27.308713312800002
