Model,Similarity Score (%),Raw Score
qwen3-32b,39.86%,39.85519825
llama-4-maverick-17b-128e-instruct,37.96%,37.956379005
gpt-oss-120b,31.32%,31.3163007175
gemma2-9b-it,31.06%,31.064575186
kimi-k2-instruct-0905,29.18%,29.184196899999996
