{
  "language_pair": "akp-eng",
  "timestamp": "2026-01-16T11:13:52.252680",
  "models": {
    "llama-4-maverick-17b-128e-instruct": 38.80450422467351,
    "gemma-2-9b-it": 31.054290680679813,
    "chatgpt": 0.0,
    "gpt-oss-120b": 34.80139130348741,
    "mistral-medium-3-instruct": 41.229289507523866,
    "gemma2-9b-it": 28.8149111088,
    "mistral-7b-instruct-v0.3": 31.821853799999992,
    "qwen3-32b": 40.50300972,
    "palmyra-med-70b": 29.9242165,
    "seed-oss-36b-instruct": 34.145077166157776,
    "claude": 39.694374084472656,
    "gemini": 40.606689453125,
    "qwq-32b": 31.858485179178427,
    "llama-3.3-70b-instruct": 39.172536216655004,
    "llama-3.1-405b-instruct": 35.736665771965534,
    "qwen3-235b-a22b": 38.17068499427585,
    "kimi-k2-instruct-0905": 46.68961392608077,
    "deepseek-v3.1": 43.38002883328441,
    "gemma-2-27b-it": 35.442396238581814
  },
  "average_score": 34.834211510996944,
  "best_model": "kimi-k2-instruct-0905",
  "best_score": 46.68961392608077
}