{
  "language_pair": "akp-eng",
  "timestamp": "2026-01-19T12:02:41.711847",
  "models": {
    "llama-4-maverick-17b-128e-instruct": 38.80458621219683,
    "gemma-2-9b-it": 33.778340558782205,
    "gpt-oss-120b": 35.01506420311421,
    "mistral-medium-3-instruct": 41.22968405181767,
    "claude-sonnet-4-5": 39.6892953713735,
    "gemma2-9b-it": 28.8149111088,
    "mistral-7b-instruct-v0.3": 31.821853799999992,
    "qwen3-32b": 40.50300972,
    "palmyra-med-70b": 29.9242165,
    "seed-oss-36b-instruct": 34.1460079215269,
    "qwq-32b": 31.858485179178427,
    "llama-3.3-70b-instruct": 39.1727281260804,
    "llama-3.1-405b-instruct": 35.74088437835341,
    "gemini-2.5-flash": 39.78329594930013,
    "qwen3-235b-a22b": 39.567173469676185,
    "kimi-k2-instruct-0905": 46.69014641601415,
    "gpt-4.1": 35.51454289754232,
    "deepseek-v3.1": 43.38097409282744,
    "gemma-2-27b-it": 36.60427770350146
  },
  "average_score": 36.94944619263606,
  "best_model": "kimi-k2-instruct-0905",
  "best_score": 46.69014641601415
}