{
  "language_pair": "akp-eng",
  "timestamp": "2026-01-29T11:31:06.150598",
  "models": {
    "bleu": {
      "llama-4-maverick-17b-128e-instruct": 46.84107769081641,
      "gemma-2-9b-it": 8.757447681401308,
      "gpt-oss-120b": 11.044795567078948,
      "mistral-medium-3-instruct": 66.22378619568181,
      "claude-sonnet-4-5": 13.763495471936647,
      "gemma2-9b-it": 20.863090032224182,
      "mistral-7b-instruct-v0.3": 3.7726698069117846,
      "qwen3-32b": 17.57208841022317,
      "palmyra-med-70b": 6.75592966010896,
      "seed-oss-36b-instruct": 7.490400116254651,
      "qwq-32b": 7.298485184427173,
      "llama-3.3-70b-instruct": 70.00700175052519,
      "llama-3.1-405b-instruct": 69.01374299426456,
      "gemini-2.5-flash": 16.954555291875742,
      "qwen3-235b-a22b": 19.014488240052472,
      "kimi-k2-instruct-0905": 43.34366012758322,
      "gpt-4.1": 16.753520397573755,
      "deepseek-v3.1": 70.00700175052519,
      "gemma-2-27b-it": 20.53471463644057
    },
    "chrf": {
      "llama-4-maverick-17b-128e-instruct": 25.73252622642462,
      "gemma-2-9b-it": 18.562359919260096,
      "gpt-oss-120b": 19.600668262830418,
      "mistral-medium-3-instruct": 27.96207919255915,
      "claude-sonnet-4-5": 24.07896828367207,
      "gemma2-9b-it": 19.77648569519202,
      "mistral-7b-instruct-v0.3": 16.906693939714465,
      "qwen3-32b": 23.990295584624015,
      "palmyra-med-70b": 21.748967758895212,
      "seed-oss-36b-instruct": 20.886315973990737,
      "qwq-32b": 20.689367626259212,
      "llama-3.3-70b-instruct": 27.035281519231642,
      "llama-3.1-405b-instruct": 27.36672392769834,
      "gemini-2.5-flash": 24.49057129938786,
      "qwen3-235b-a22b": 21.15618175880844,
      "kimi-k2-instruct-0905": 30.819356093765048,
      "gpt-4.1": 22.7964568723665,
      "deepseek-v3.1": 27.4307061902497,
      "gemma-2-27b-it": 20.855810524134267
    },
    "average": {
      "llama-4-maverick-17b-128e-instruct": 36.286801958620515,
      "gemma-2-9b-it": 13.659903800330703,
      "gpt-oss-120b": 15.322731914954684,
      "mistral-medium-3-instruct": 47.09293269412048,
      "claude-sonnet-4-5": 18.92123187780436,
      "gemma2-9b-it": 20.3197878637081,
      "mistral-7b-instruct-v0.3": 10.339681873313125,
      "qwen3-32b": 20.78119199742359,
      "palmyra-med-70b": 14.252448709502087,
      "seed-oss-36b-instruct": 14.188358045122694,
      "qwq-32b": 13.993926405343192,
      "llama-3.3-70b-instruct": 48.52114163487842,
      "llama-3.1-405b-instruct": 48.19023346098145,
      "gemini-2.5-flash": 20.7225632956318,
      "qwen3-235b-a22b": 20.085334999430458,
      "kimi-k2-instruct-0905": 37.081508110674136,
      "gpt-4.1": 19.77498863497013,
      "deepseek-v3.1": 48.71885397038744,
      "gemma-2-27b-it": 20.69526258028742
    }
  },
  "best_model": "deepseek-v3.1",
  "best_model_scores": {
    "BLEU": 70.00700175052519,
    "chrF": 27.4307061902497,
    "Average": 48.71885397038744
  }
}