{
  "language_pair": "akp-eng",
  "timestamp": "2025-09-25T08:30:54.587654",
  "models": {
    "llama-4-maverick-17b-128e-instruct": 56.8816279,
    "gpt-oss-120b": 51.9308354,
    "gemma2-9b-it": 30.232938812000004,
    "qwen3-32b": 47.2046474,
    "kimi-k2-instruct-0905": 37.2973456
  },
  "average_score": 44.709479022400004,
  "best_model": "llama-4-maverick-17b-128e-instruct",
  "best_score": 56.8816279
}