{
  "language_pair": "akp-eng",
  "timestamp": "2025-10-09T07:08:52.794732",
  "models": {
    "llama-4-maverick-17b-128e-instruct": 39.337788884,
    "gpt-oss-120b": 30.269715247199997,
    "gemma2-9b-it": 28.8149111088,
    "qwen3-32b": 40.50300972,
    "kimi-k2-instruct-0905": 27.308713312800002
  },
  "average_score": 33.24682765455999,
  "best_model": "qwen3-32b",
  "best_score": 40.50300972
}