{
  "language_pair": "akp-eng",
  "timestamp": "2026-01-14T12:27:15.071157",
  "models": {
    "llama-4-maverick-17b-128e-instruct": 38.80480484559235,
    "gemma-2-9b-it": 31.053872294528094,
    "gpt-oss-120b": 34.80294906643051,
    "mistral-medium-3-instruct": 41.22958560801727,
    "gemma2-9b-it": 28.8149111088,
    "mistral-7b-instruct-v0.3": 31.821853799999992,
    "qwen3-32b": 40.50300972,
    "palmyra-med-70b": 29.9242165,
    "seed-oss-36b-instruct": 34.14514561536275,
    "qwq-32b": 31.858485179178427,
    "llama-3.3-70b-instruct": 39.172536216655004,
    "llama-3.1-405b-instruct": 35.74129726323392,
    "qwen3-235b-a22b": 38.17068499427585,
    "kimi-k2-instruct-0905": 46.6899415719966,
    "deepseek-v3.1": 43.38043498634622,
    "gemma-2-27b-it": 35.440818058965036
  },
  "average_score": 36.34715917683637,
  "best_model": "kimi-k2-instruct-0905",
  "best_score": 46.6899415719966
}