{
  "language_pair": "akp-eng",
  "timestamp": "2026-01-28T14:52:30.330894",
  "models": {
    "bleu": {
      "llama-4-maverick-17b-128e-instruct": 6.939214732597217,
      "gemma-2-9b-it": 2.1914321080844936,
      "gpt-oss-120b": 3.1408055845915523,
      "mistral-medium-3-instruct": 9.960619631601954,
      "claude-sonnet-4-5": 4.57331042036124,
      "gemma2-9b-it": 3.2190694824244543,
      "mistral-7b-instruct-v0.3": 2.0025582350706,
      "qwen3-32b": 3.327523267319965,
      "palmyra-med-70b": 2.097017046017702,
      "seed-oss-36b-instruct": 2.5123206121043262,
      "qwq-32b": 2.203464391285714,
      "llama-3.3-70b-instruct": 9.222857155352528,
      "llama-3.1-405b-instruct": 10.312024409055454,
      "gemini-2.5-flash": 5.255848198895314,
      "qwen3-235b-a22b": 3.8115869502656925,
      "kimi-k2-instruct-0905": 10.243817598997538,
      "gpt-4.1": 4.407035067067577,
      "deepseek-v3.1": 10.536177773041619,
      "gemma-2-27b-it": 3.0057102432648115
    },
    "chrf": {
      "llama-4-maverick-17b-128e-instruct": 25.73252622642462,
      "gemma-2-9b-it": 18.562359919260096,
      "gpt-oss-120b": 19.600668262830418,
      "mistral-medium-3-instruct": 27.96207919255915,
      "claude-sonnet-4-5": 24.07896828367207,
      "gemma2-9b-it": 19.77648569519202,
      "mistral-7b-instruct-v0.3": 16.906693939714465,
      "qwen3-32b": 23.990295584624015,
      "palmyra-med-70b": 21.748967758895212,
      "seed-oss-36b-instruct": 20.886315973990737,
      "qwq-32b": 20.689367626259212,
      "llama-3.3-70b-instruct": 27.035281519231642,
      "llama-3.1-405b-instruct": 27.36672392769834,
      "gemini-2.5-flash": 24.49057129938786,
      "qwen3-235b-a22b": 21.15618175880844,
      "kimi-k2-instruct-0905": 30.819356093765048,
      "gpt-4.1": 22.7964568723665,
      "deepseek-v3.1": 27.4307061902497,
      "gemma-2-27b-it": 20.855810524134267
    },
    "average": {
      "llama-4-maverick-17b-128e-instruct": 16.33587047951092,
      "gemma-2-9b-it": 10.376896013672294,
      "gpt-oss-120b": 11.370736923710986,
      "mistral-medium-3-instruct": 18.96134941208055,
      "claude-sonnet-4-5": 14.326139352016654,
      "gemma2-9b-it": 11.49777758880824,
      "mistral-7b-instruct-v0.3": 9.454626087392532,
      "qwen3-32b": 13.65890942597199,
      "palmyra-med-70b": 11.922992402456456,
      "seed-oss-36b-instruct": 11.699318293047533,
      "qwq-32b": 11.446416008772463,
      "llama-3.3-70b-instruct": 18.129069337292083,
      "llama-3.1-405b-instruct": 18.839374168376896,
      "gemini-2.5-flash": 14.873209749141585,
      "qwen3-235b-a22b": 12.483884354537068,
      "kimi-k2-instruct-0905": 20.53158684638129,
      "gpt-4.1": 13.601745969717037,
      "deepseek-v3.1": 18.983441981645658,
      "gemma-2-27b-it": 11.930760383699539
    }
  },
  "best_model": "kimi-k2-instruct-0905",
  "best_model_scores": {
    "BLEU": 10.243817598997538,
    "chrF": 30.819356093765048,
    "Average": 20.53158684638129
  }
}