{
  "language_pair": "akp-eng",
  "timestamp": "2026-01-12T13:35:17.101244",
  "models": {
    "llama-4-maverick-17b-128e-instruct": 38.839824193117565,
    "gemma-2-9b-it": 33.78536030500741,
    "gpt-oss-120b": 34.87116900033581,
    "mistral-medium-3-instruct": 41.21324646765221,
    "gemma2-9b-it": 28.8149111088,
    "mistral-7b-instruct-v0.3": 31.821853799999992,
    "qwen3-32b": 40.50300972,
    "palmyra-med-70b": 29.9242165,
    "seed-oss-36b-instruct": 34.014937186142916,
    "qwq-32b": 32.16990410418373,
    "llama-3.3-70b-instruct": 39.02691982078904,
    "llama-3.1-405b-instruct": 35.69089954045874,
    "qwen3-235b-a22b": 38.12795407804742,
    "kimi-k2-instruct-0905": 46.540940169835395,
    "deepseek-v3.1": 43.38622098780457,
    "gemma-2-27b-it": 36.4806930967239
  },
  "average_score": 36.57575375493117,
  "best_model": "kimi-k2-instruct-0905",
  "best_score": 46.540940169835395
}