Model,Similarity Score (%),Raw Score
llama-4-maverick-17b-128e-instruct,33.60%,33.603319496000005
gemma2-9b-it,33.42%,33.416160044
qwen3-32b,29.15%,29.153631488000002
kimi-k2-instruct-0905,28.99%,28.986380553200004
gpt-oss-120b,19.23%,19.2327519
