Model,Similarity Score (%),Raw Score
deepseek-v3.1,37.27%,37.26968297500001
llama-4-maverick-17b-128e-instruct,33.60%,33.603319496
qwen3-235b-a22b,33.47%,33.472618694999994
gemma2-9b-it,33.42%,33.416160044
llama-3.1-405b-instruct,32.31%,32.306355135000004
kimi-k2-instruct-0905,30.46%,30.45899740955555
qwen3-32b,29.15%,29.15363148799999
llama-3.3-70b-instruct,24.79%,24.786017364999996
gpt-oss-120b,19.23%,19.2327519
