Model,Similarity Score (%),Raw Score
gemma2-9b-it,34.44%,34.435658125
llama-4-maverick-17b-128e-instruct,30.62%,30.61650797
qwen3-32b,28.22%,28.21567801
kimi-k2-instruct-0905,27.85%,27.846993434999995
gpt-oss-120b,20.77%,20.766725975
