Model,Similarity Score (%),Raw Score
deepseek-v3.1,35.10%,35.09545822
llama-3.1-405b-instruct,33.83%,33.833965772000006
llama-4-maverick-17b-128e-instruct,33.60%,33.603319496
gemma2-9b-it,33.42%,33.416160044
kimi-k2-instruct-0905,32.19%,32.1877818686
qwen3-235b-a22b,31.46%,31.464097196
qwen3-32b,29.15%,29.15363148799999
llama-3.3-70b-instruct,24.56%,24.555769211999998
gpt-oss-120b,19.23%,19.2327519
