Model,Similarity Score (%),Raw Score
deepseek-v3.1,40.04%,40.043354920000006
llama-3.1-405b-instruct,36.26%,36.25950811333335
qwen3-235b-a22b,34.77%,34.76757439333333
llama-4-maverick-17b-128e-instruct,33.60%,33.603319496
gemma2-9b-it,33.42%,33.416160044
kimi-k2-instruct-0905,30.63%,30.634354460749996
qwen3-32b,29.15%,29.15363148799999
llama-3.3-70b-instruct,20.07%,20.07331172
gpt-oss-120b,19.23%,19.2327519
