Model,Similarity Score (%),Raw Score
llama-4-maverick-17b-128e-instruct,33.60%,33.603319496000005
gemma2-9b-it,33.42%,33.416160044
qwen3-32b,29.15%,29.153631488000002
kimi-k2-instruct-0905,29.07%,29.067756960999997
deepseek-v3.1,27.01%,27.01180596
llama-3.1-405b-instruct,26.38%,26.37585968
qwen3-235b-a22b,25.88%,25.878369599999996
gpt-oss-120b,19.23%,19.2327519
llama-3.3-70b-instruct,12.82%,12.815398240000004
