{
  "language_pair": "tcd-eng",
  "timestamp": "2025-09-24T14:06:30.887064",
  "models": {
    "gemma2-9b-it": 43.088655,
    "kimi-k2-instruct-0905": 46.1779709,
    "llama-4-maverick-17b-128e-instruct": 36.30687339999999,
    "gpt-oss-120b": 10.28777792,
    "qwen3-32b": 32.463440000000006
  },
  "average_score": 33.664943444,
  "best_model": "kimi-k2-instruct-0905",
  "best_score": 46.1779709
}