{
  "language_pair": "tcd-eng",
  "timestamp": "2025-10-18T17:12:01.722374",
  "models": {
    "gemma2-9b-it": 33.416160044,
    "kimi-k2-instruct-0905": 30.45899740955555,
    "llama-3.1-405b-instruct": 32.306355135000004,
    "llama-4-maverick-17b-128e-instruct": 33.603319496,
    "gpt-oss-120b": 19.2327519,
    "qwen3-235b-a22b": 33.472618694999994,
    "llama-3.3-70b-instruct": 24.786017364999996,
    "qwen3-32b": 29.15363148799999,
    "deepseek-v3.1": 37.26968297500001
  },
  "average_score": 30.411059389728393,
  "best_model": "deepseek-v3.1",
  "best_score": 37.26968297500001
}