{
  "language_pair": "tcd-eng",
  "timestamp": "2025-10-18T06:38:23.494215",
  "models": {
    "gemma2-9b-it": 33.416160044,
    "kimi-k2-instruct-0905": 30.634354460749996,
    "llama-3.1-405b-instruct": 36.25950811333335,
    "llama-4-maverick-17b-128e-instruct": 33.603319496,
    "gpt-oss-120b": 19.2327519,
    "qwen3-235b-a22b": 34.76757439333333,
    "llama-3.3-70b-instruct": 20.07331172,
    "qwen3-32b": 29.15363148799999,
    "deepseek-v3.1": 40.043354920000006
  },
  "average_score": 30.79821850393519,
  "best_model": "deepseek-v3.1",
  "best_score": 40.043354920000006
}