{
  "language_pair": "tcd-eng",
  "timestamp": "2025-10-09T07:09:31.693727",
  "models": {
    "gemma2-9b-it": 33.416160044,
    "kimi-k2-instruct-0905": 28.986380553200004,
    "llama-4-maverick-17b-128e-instruct": 33.603319496000005,
    "gpt-oss-120b": 19.2327519,
    "qwen3-32b": 29.153631488000002
  },
  "average_score": 28.878448696240003,
  "best_model": "llama-4-maverick-17b-128e-instruct",
  "best_score": 33.603319496000005
}