{
  "language_pair": "tcd-eng",
  "timestamp": "2026-01-12T13:35:22.359121",
  "models": {
    "mistral-7b-instruct-v0.3": 28.0994234,
    "gemma2-9b-it": 33.416160044,
    "mistral-medium-3-instruct": 26.35721498126431,
    "seed-oss-36b-instruct": 33.96589976230334,
    "kimi-k2-instruct-0905": 37.093063094230004,
    "qwq-32b": 28.274369256891163,
    "gemma-2-27b-it": 31.348323924672012,
    "llama-3.1-405b-instruct": 32.013071208738836,
    "llama-4-maverick-17b-128e-instruct": 31.375668499560543,
    "gpt-oss-120b": 20.42639193837162,
    "qwen3-235b-a22b": 34.49636915779203,
    "gemma-2-9b-it": 34.74297853645882,
    "llama-3.3-70b-instruct": 28.685430354862508,
    "qwen3-32b": 29.153631488,
    "palmyra-med-70b": 40.827470999999996,
    "deepseek-v3.1": 34.93005428676835
  },
  "average_score": 31.575345058369596,
  "best_model": "palmyra-med-70b",
  "best_score": 40.827470999999996
}