{
  "language_pair": "tcd-eng",
  "timestamp": "2026-01-28T14:52:47.180042",
  "models": {
    "bleu": {
      "mistral-7b-instruct-v0.3": 2.0142010812943494,
      "gemma2-9b-it": 3.3522566688687165,
      "mistral-medium-3-instruct": 2.0608732768351103,
      "seed-oss-36b-instruct": 1.8578250005852448,
      "kimi-k2-instruct-0905": 2.9416678881250573,
      "qwq-32b": 2.251009470489321,
      "gemma-2-27b-it": 2.3748357923343315,
      "llama-3.1-405b-instruct": 2.5481135916480953,
      "llama-4-maverick-17b-128e-instruct": 2.3520251303965396,
      "gpt-oss-120b": 1.82270056085723,
      "qwen3-235b-a22b": 2.1650158961169557,
      "gemma-2-9b-it": 2.058868924564814,
      "claude-sonnet-4-5": 5.247317112688504,
      "llama-3.3-70b-instruct": 2.7296773129949554,
      "gpt-4.1": 4.479974669198808,
      "qwen3-32b": 2.8472115469415225,
      "palmyra-med-70b": 3.070165166579913,
      "gemini-2.5-flash": 4.783326850870994,
      "deepseek-v3.1": 2.6218257046797584
    },
    "chrf": {
      "mistral-7b-instruct-v0.3": 20.038105277855053,
      "gemma2-9b-it": 20.819458555940752,
      "mistral-medium-3-instruct": 21.403946462321066,
      "seed-oss-36b-instruct": 22.893164401676263,
      "kimi-k2-instruct-0905": 21.845621933335053,
      "qwq-32b": 21.357543221109193,
      "gemma-2-27b-it": 19.54270147366452,
      "llama-3.1-405b-instruct": 22.76973520121726,
      "llama-4-maverick-17b-128e-instruct": 23.224044974715735,
      "gpt-oss-120b": 17.639918214477113,
      "qwen3-235b-a22b": 21.235584588038073,
      "gemma-2-9b-it": 19.487209719212967,
      "claude-sonnet-4-5": 25.127503399401167,
      "llama-3.3-70b-instruct": 21.552713359612227,
      "gpt-4.1": 23.304191307983327,
      "qwen3-32b": 20.603510415040006,
      "palmyra-med-70b": 22.838238732976745,
      "gemini-2.5-flash": 24.13206041531952,
      "deepseek-v3.1": 22.56460351859122
    },
    "average": {
      "mistral-7b-instruct-v0.3": 11.026153179574699,
      "gemma2-9b-it": 12.085857612404732,
      "mistral-medium-3-instruct": 11.73240986957809,
      "seed-oss-36b-instruct": 12.375494701130755,
      "kimi-k2-instruct-0905": 12.393644910730053,
      "qwq-32b": 11.80427634579926,
      "gemma-2-27b-it": 10.958768632999424,
      "llama-3.1-405b-instruct": 12.658924396432678,
      "llama-4-maverick-17b-128e-instruct": 12.788035052556134,
      "gpt-oss-120b": 9.731309387667173,
      "qwen3-235b-a22b": 11.700300242077514,
      "gemma-2-9b-it": 10.773039321888891,
      "claude-sonnet-4-5": 15.187410256044835,
      "llama-3.3-70b-instruct": 12.141195336303591,
      "gpt-4.1": 13.892082988591063,
      "qwen3-32b": 11.725360980990763,
      "palmyra-med-70b": 12.954201949778328,
      "gemini-2.5-flash": 14.457693633095253,
      "deepseek-v3.1": 12.593214611635489
    }
  },
  "best_model": "claude-sonnet-4-5",
  "best_model_scores": {
    "BLEU": 5.247317112688504,
    "chrF": 25.127503399401167,
    "Average": 15.187410256044835
  }
}