{
  "language_pair": "tcd-eng",
  "timestamp": "2026-01-14T12:27:17.849224",
  "models": {
    "mistral-7b-instruct-v0.3": 28.0994234,
    "gemma2-9b-it": 33.416160044,
    "mistral-medium-3-instruct": 26.269749948096866,
    "seed-oss-36b-instruct": 33.512673513187,
    "kimi-k2-instruct-0905": 37.072906356216876,
    "qwq-32b": 28.607896033377976,
    "gemma-2-27b-it": 30.311456805076887,
    "llama-3.1-405b-instruct": 31.967623988513328,
    "llama-4-maverick-17b-128e-instruct": 31.19521726262566,
    "gpt-oss-120b": 20.53864975886776,
    "qwen3-235b-a22b": 34.53655020654986,
    "gemma-2-9b-it": 32.030193704076176,
    "llama-3.3-70b-instruct": 28.744783831290064,
    "qwen3-32b": 29.153631488,
    "palmyra-med-70b": 40.827470999999996,
    "deepseek-v3.1": 35.0011602014591
  },
  "average_score": 31.330346721333598,
  "best_model": "palmyra-med-70b",
  "best_score": 40.827470999999996
}