{
  "language_pair": "tcd-eng",
  "timestamp": "2025-10-23T06:59:12.133976",
  "models": {
    "gemma2-9b-it": 33.416160044,
    "kimi-k2-instruct-0905": 32.1877818686,
    "llama-3.1-405b-instruct": 33.833965772000006,
    "llama-4-maverick-17b-128e-instruct": 33.603319496,
    "gpt-oss-120b": 19.2327519,
    "qwen3-235b-a22b": 31.464097196,
    "llama-3.3-70b-instruct": 24.555769211999998,
    "qwen3-32b": 29.15363148799999,
    "deepseek-v3.1": 35.09545822
  },
  "average_score": 30.28254835517778,
  "best_model": "deepseek-v3.1",
  "best_score": 35.09545822
}