Model,Similarity Score (%),Raw Score
qwen3-32b,37.10%,37.10044542400001
kimi-k2-instruct-0905,35.14%,35.139134225
gemma2-9b-it,31.69%,31.685239615
llama-4-maverick-17b-128e-instruct,28.03%,28.032207355
gpt-oss-120b,26.73%,26.732896813499995
