Model,Similarity Score (%),Raw Score
deepseek-v3.1,43.74%,43.74313226666666
qwen3-32b,37.06%,37.059595899200005
kimi-k2-instruct-0905,34.16%,34.1555258375
gemma2-9b-it,32.27%,32.271799972
llama-3.1-405b-instruct,31.39%,31.390327733333333
qwen3-235b-a22b,30.47%,30.4682599
llama-4-maverick-17b-128e-instruct,28.39%,28.391939924000003
gpt-oss-120b,25.46%,25.4646044108
llama-3.3-70b-instruct,22.67%,22.66679818666666
