Model,Similarity Score (%),Raw Score
qwen3-32b,37.06%,37.059595899200005
kimi-k2-instruct-0905,35.98%,35.983613180000006
gemma2-9b-it,32.27%,32.271799972
llama-4-maverick-17b-128e-instruct,28.39%,28.391939924
gpt-oss-120b,25.46%,25.4646044108
