Model,Similarity Score (%),Raw Score
deepseek-v3.1,37.96%,37.959240863999995
qwen3-32b,37.06%,37.059595899200005
kimi-k2-instruct-0905,34.12%,34.115129236
llama-3.1-405b-instruct,32.80%,32.79942612000001
gemma2-9b-it,32.27%,32.271799972
qwen3-235b-a22b,28.72%,28.718981059999997
llama-4-maverick-17b-128e-instruct,28.39%,28.391939924000003
llama-3.3-70b-instruct,27.18%,27.184959212
gpt-oss-120b,25.46%,25.4646044108
