Model,Similarity Score (%),Raw Score
qwen3-32b,37.06%,37.059595899200005
deepseek-v3.1,36.04%,36.04282291999999
gemma-2-27b-it,33.67%,33.6692628
kimi-k2-instruct-0905,33.46%,33.46423988727273
llama-3.1-405b-instruct,32.34%,32.33669676666667
gemma2-9b-it,32.27%,32.271799972
qwen3-235b-a22b,29.50%,29.49911958333334
llama-4-maverick-17b-128e-instruct,28.39%,28.391939924000003
llama-3.3-70b-instruct,27.23%,27.227363943333327
gpt-oss-120b,25.46%,25.4646044108
