Model,Similarity Score (%),Raw Score
deepseek-v3.1,40.61%,40.606430280000005
qwen3-32b,37.06%,37.059595899200005
kimi-k2-instruct-0905,33.76%,33.76276572888888
llama-3.1-405b-instruct,32.47%,32.471829500000005
gemma2-9b-it,32.27%,32.271799972
llama-4-maverick-17b-128e-instruct,28.39%,28.391939924000003
qwen3-235b-a22b,27.64%,27.637198975
gpt-oss-120b,25.46%,25.4646044108
llama-3.3-70b-instruct,23.27%,23.27112439
