Model,Similarity Score (%),Raw Score
deepseek-v3.1,47.63%,47.6255668
qwen3-32b,37.06%,37.059595899200005
kimi-k2-instruct-0905,36.40%,36.397212149999994
gemma2-9b-it,32.27%,32.271799972
llama-3.1-405b-instruct,30.14%,30.1399358
llama-4-maverick-17b-128e-instruct,28.39%,28.391939924
qwen3-235b-a22b,27.51%,27.505917599999997
gpt-oss-120b,25.46%,25.4646044108
llama-3.3-70b-instruct,18.54%,18.5434498
