{
  "language_pair": "dga-eng",
  "timestamp": "2025-10-05T08:22:22.289512",
  "models": {
    "llama-4-maverick-17b-128e-instruct": 28.032207355,
    "qwen3-32b": 37.10044542400001,
    "gpt-oss-120b": 26.732896813499995,
    "gemma2-9b-it": 31.685239615,
    "kimi-k2-instruct-0905": 35.139134225
  },
  "average_score": 31.7379846865,
  "best_model": "qwen3-32b",
  "best_score": 37.10044542400001
}