{
  "language_pair": "dga-eng",
  "timestamp": "2026-01-14T12:27:17.234151",
  "models": {
    "mistral-7b-instruct-v0.3": 24.51409825,
    "qwen3-235b-a22b": 26.309217319292276,
    "llama-4-maverick-17b-128e-instruct": 30.181983092807833,
    "gemma-2-9b-it": 19.383211703458294,
    "gemma-2-27b-it": 21.039469553742556,
    "qwen3-32b": 37.059595899200005,
    "gpt-oss-120b": 21.81874155393607,
    "mistral-medium-3-instruct": 23.279167086187204,
    "seed-oss-36b-instruct": 20.869602008394885,
    "llama-3.1-405b-instruct": 27.336403285554056,
    "deepseek-v3.1": 25.974375648589444,
    "qwq-32b": 17.33941281895161,
    "llama-3.3-70b-instruct": 22.991249613738223,
    "gemma2-9b-it": 32.271799972,
    "palmyra-med-70b": 22.8640985,
    "kimi-k2-instruct-0905": 28.043402411240365
  },
  "average_score": 25.0797392948183,
  "best_model": "qwen3-32b",
  "best_score": 37.059595899200005
}