{
  "language_pair": "dga-eng",
  "timestamp": "2025-09-25T08:31:28.983837",
  "models": {
    "llama-4-maverick-17b-128e-instruct": 27.1289702,
    "qwen3-32b": 35.761749576,
    "gpt-oss-120b": 20.05327002,
    "gemma2-9b-it": 25.753329200000003,
    "kimi-k2-instruct-0905": 28.72738226
  },
  "average_score": 27.484940251199998,
  "best_model": "qwen3-32b",
  "best_score": 35.761749576
}