{
  "language_pair": "dga-eng",
  "timestamp": "2026-01-28T14:52:43.280843",
  "models": {
    "bleu": {
      "mistral-7b-instruct-v0.3": 2.2618622984996923,
      "qwen3-235b-a22b": 2.40150297004257,
      "llama-4-maverick-17b-128e-instruct": 2.357610288399016,
      "gemma-2-9b-it": 1.5536251988239618,
      "claude-sonnet-4-5": 4.8122154651409454,
      "gemma-2-27b-it": 2.4744142617836555,
      "qwen3-32b": 2.949406876585962,
      "gpt-oss-120b": 2.5146961943738693,
      "mistral-medium-3-instruct": 2.736510113998765,
      "gpt-4.1": 4.803256460953832,
      "seed-oss-36b-instruct": 2.174120985283586,
      "llama-3.1-405b-instruct": 2.172071267208925,
      "deepseek-v3.1": 2.5079917129013705,
      "qwq-32b": 1.9455566507666162,
      "llama-3.3-70b-instruct": 1.8055821906739538,
      "gemini-2.5-flash": 7.993298323310084,
      "gemma2-9b-it": 2.3590325767994695,
      "palmyra-med-70b": 3.7528756251748066,
      "kimi-k2-instruct-0905": 3.597332628856643
    },
    "chrf": {
      "mistral-7b-instruct-v0.3": 18.306612120518313,
      "qwen3-235b-a22b": 20.38421564393703,
      "llama-4-maverick-17b-128e-instruct": 22.501316980851588,
      "gemma-2-9b-it": 14.985493534367189,
      "claude-sonnet-4-5": 25.082717373205256,
      "gemma-2-27b-it": 19.202670544765486,
      "qwen3-32b": 21.833675109172418,
      "gpt-oss-120b": 18.793310908835213,
      "mistral-medium-3-instruct": 21.531783106370405,
      "gpt-4.1": 24.081448621069114,
      "seed-oss-36b-instruct": 20.629648868586052,
      "llama-3.1-405b-instruct": 20.744833022128997,
      "deepseek-v3.1": 21.065343443685755,
      "qwq-32b": 17.27356389636664,
      "llama-3.3-70b-instruct": 20.5072009764548,
      "gemini-2.5-flash": 30.291950263354945,
      "gemma2-9b-it": 19.81495669037803,
      "palmyra-med-70b": 22.285987092723538,
      "kimi-k2-instruct-0905": 22.023847396099253
    },
    "average": {
      "mistral-7b-instruct-v0.3": 10.284237209509001,
      "qwen3-235b-a22b": 11.392859306989797,
      "llama-4-maverick-17b-128e-instruct": 12.429463634625302,
      "gemma-2-9b-it": 8.269559366595576,
      "claude-sonnet-4-5": 14.9474664191731,
      "gemma-2-27b-it": 10.838542403274571,
      "qwen3-32b": 12.391540992879191,
      "gpt-oss-120b": 10.654003551604541,
      "mistral-medium-3-instruct": 12.134146610184583,
      "gpt-4.1": 14.442352541011475,
      "seed-oss-36b-instruct": 11.40188492693482,
      "llama-3.1-405b-instruct": 11.458452144668959,
      "deepseek-v3.1": 11.786667578293562,
      "qwq-32b": 9.609560273566627,
      "llama-3.3-70b-instruct": 11.156391583564377,
      "gemini-2.5-flash": 19.142624293332513,
      "gemma2-9b-it": 11.086994633588747,
      "palmyra-med-70b": 13.019431358949172,
      "kimi-k2-instruct-0905": 12.810590012477949
    }
  },
  "best_model": "gemini-2.5-flash",
  "best_model_scores": {
    "BLEU": 7.993298323310084,
    "chrF": 30.291950263354945,
    "Average": 19.142624293332513
  }
}