{
  "language_pair": "dga-eng",
  "timestamp": "2025-11-07T13:48:51.657529",
  "models": {
    "mistral-7b-instruct-v0.3": 24.51409825,
    "qwen3-235b-a22b": 31.044641928249682,
    "llama-4-maverick-17b-128e-instruct": 33.06096044911297,
    "gemma-2-9b-it": 26.157592145684504,
    "gemma-2-27b-it": 31.25303263812421,
    "qwen3-32b": 37.059595899200005,
    "gpt-oss-120b": 26.591813066628532,
    "mistral-medium-3-instruct": 29.219654486841073,
    "seed-oss-36b-instruct": 22.48695046087575,
    "llama-3.1-405b-instruct": 32.11657223594556,
    "deepseek-v3.1": 36.22973044093258,
    "qwq-32b": 25.96246146076215,
    "llama-3.3-70b-instruct": 27.411931213822548,
    "gemma2-9b-it": 32.271799972,
    "palmyra-med-70b": 22.8640985,
    "kimi-k2-instruct-0905": 33.27384712596423
  },
  "average_score": 29.469923767133984,
  "best_model": "qwen3-32b",
  "best_score": 37.059595899200005
}