{
  "language_pair": "dga-eng",
  "timestamp": "2026-01-29T11:31:17.563008",
  "models": {
    "bleu": {
      "mistral-7b-instruct-v0.3": 2.650569807248719,
      "qwen3-235b-a22b": 2.9235459524224097,
      "llama-4-maverick-17b-128e-instruct": 8.214528602945162,
      "gemma-2-9b-it": 2.705315504899177,
      "claude-sonnet-4-5": 17.798185213207663,
      "gemma-2-27b-it": 3.5689481241136556,
      "qwen3-32b": 4.359970845202385,
      "gpt-oss-120b": 5.546385070864082,
      "mistral-medium-3-instruct": 3.7095737431423905,
      "gpt-4.1": 9.727145467584462,
      "seed-oss-36b-instruct": 1.3165098360944842,
      "llama-3.1-405b-instruct": 8.272578739609001,
      "deepseek-v3.1": 6.086877407549214,
      "qwq-32b": 4.066870399856363,
      "llama-3.3-70b-instruct": 5.52167715431954,
      "gemini-2.5-flash": 29.287875728747775,
      "gemma2-9b-it": 12.798580850556064,
      "palmyra-med-70b": 4.886496082151865,
      "kimi-k2-instruct-0905": 7.298194967325294
    },
    "chrf": {
      "mistral-7b-instruct-v0.3": 18.306612120518313,
      "qwen3-235b-a22b": 20.38421564393703,
      "llama-4-maverick-17b-128e-instruct": 22.501316980851588,
      "gemma-2-9b-it": 14.985493534367189,
      "claude-sonnet-4-5": 25.082717373205256,
      "gemma-2-27b-it": 19.202670544765486,
      "qwen3-32b": 21.833675109172418,
      "gpt-oss-120b": 18.793310908835213,
      "mistral-medium-3-instruct": 21.531783106370405,
      "gpt-4.1": 24.081448621069114,
      "seed-oss-36b-instruct": 20.629648868586052,
      "llama-3.1-405b-instruct": 20.744833022128997,
      "deepseek-v3.1": 21.065343443685755,
      "qwq-32b": 17.27356389636664,
      "llama-3.3-70b-instruct": 20.5072009764548,
      "gemini-2.5-flash": 30.291950263354945,
      "gemma2-9b-it": 19.81495669037803,
      "palmyra-med-70b": 22.285987092723538,
      "kimi-k2-instruct-0905": 22.023847396099253
    },
    "average": {
      "mistral-7b-instruct-v0.3": 10.478590963883516,
      "qwen3-235b-a22b": 11.653880798179719,
      "llama-4-maverick-17b-128e-instruct": 15.357922791898375,
      "gemma-2-9b-it": 8.845404519633183,
      "claude-sonnet-4-5": 21.440451293206458,
      "gemma-2-27b-it": 11.385809334439571,
      "qwen3-32b": 13.0968229771874,
      "gpt-oss-120b": 12.169847989849647,
      "mistral-medium-3-instruct": 12.620678424756397,
      "gpt-4.1": 16.90429704432679,
      "seed-oss-36b-instruct": 10.973079352340267,
      "llama-3.1-405b-instruct": 14.508705880868998,
      "deepseek-v3.1": 13.576110425617484,
      "qwq-32b": 10.670217148111501,
      "llama-3.3-70b-instruct": 13.01443906538717,
      "gemini-2.5-flash": 29.78991299605136,
      "gemma2-9b-it": 16.306768770467045,
      "palmyra-med-70b": 13.586241587437701,
      "kimi-k2-instruct-0905": 14.661021181712274
    }
  },
  "best_model": "gemini-2.5-flash",
  "best_model_scores": {
    "BLEU": 29.287875728747775,
    "chrF": 30.291950263354945,
    "Average": 29.78991299605136
  }
}