{
  "language_pair": "dga-eng",
  "timestamp": "2026-01-12T13:35:21.375731",
  "models": {
    "mistral-7b-instruct-v0.3": 24.51409825,
    "qwen3-235b-a22b": 26.422953344375,
    "llama-4-maverick-17b-128e-instruct": 30.110322678825028,
    "gemma-2-9b-it": 21.04005117910089,
    "gemma-2-27b-it": 21.883500601679025,
    "qwen3-32b": 37.059595899200005,
    "gpt-oss-120b": 21.896055589785266,
    "mistral-medium-3-instruct": 23.416437238776794,
    "seed-oss-36b-instruct": 20.93278420915916,
    "llama-3.1-405b-instruct": 27.262271582865903,
    "deepseek-v3.1": 25.85321769962433,
    "qwq-32b": 17.402632358728447,
    "llama-3.3-70b-instruct": 23.025149311696165,
    "gemma2-9b-it": 32.271799972,
    "palmyra-med-70b": 22.8640985,
    "kimi-k2-instruct-0905": 28.028134153257188
  },
  "average_score": 25.248943910567075,
  "best_model": "qwen3-32b",
  "best_score": 37.059595899200005
}