{
  "language_pair": "avn-eng",
  "timestamp": "2026-01-29T11:30:57.016313",
  "models": {
    "bleu": {
      "qwen3-32b": 7.984434410510546,
      "kimi-k2-instruct-0905": 5.695389012765513,
      "deepseek-v3.1": 8.423555525647696,
      "gpt-oss-120b": 0.0,
      "gemma2-9b-it": 3.5064437900203678,
      "qwq-32b": 6.423094863383858,
      "claude-sonnet-4-5": 41.08793867568656,
      "mistral-medium-3-instruct": 14.367696612929734,
      "llama-4-maverick-17b-128e-instruct": 4.776020403411885,
      "gemini-2.5-flash": 35.67959457224729,
      "seed-oss-36b-instruct": 4.435573423038057,
      "gemma-2-9b-it": 4.2812704196691245,
      "llama-3.3-70b-instruct": 11.081273786524347,
      "gpt-4.1": 42.986289305077335,
      "llama-3.1-405b-instruct": 25.965358893403383,
      "palmyra-med-70b": 1.7256245272235644,
      "qwen3-235b-a22b": 9.107438368292145,
      "gemma-2-27b-it": 3.1532084489909096,
      "mistral-7b-instruct-v0.3": 4.4319132474541565
    },
    "chrf": {
      "qwen3-32b": 20.425529466451025,
      "kimi-k2-instruct-0905": 22.520207266902297,
      "deepseek-v3.1": 19.5306224989689,
      "gpt-oss-120b": 15.29493310427603,
      "gemma2-9b-it": 19.104123020358944,
      "qwq-32b": 19.807508809125583,
      "claude-sonnet-4-5": 25.052427247114466,
      "mistral-medium-3-instruct": 25.85829922234932,
      "llama-4-maverick-17b-128e-instruct": 20.08558908498294,
      "gemini-2.5-flash": 24.163549646358284,
      "seed-oss-36b-instruct": 24.300719641551723,
      "gemma-2-9b-it": 19.58247682877565,
      "llama-3.3-70b-instruct": 22.493892394978378,
      "gpt-4.1": 24.90950182407531,
      "llama-3.1-405b-instruct": 24.589640499918097,
      "palmyra-med-70b": 25.292616626635784,
      "qwen3-235b-a22b": 22.896781039384447,
      "gemma-2-27b-it": 19.811277947806996,
      "mistral-7b-instruct-v0.3": 19.50183030424656
    },
    "average": {
      "qwen3-32b": 14.204981938480785,
      "kimi-k2-instruct-0905": 14.107798139833905,
      "deepseek-v3.1": 13.977089012308298,
      "gpt-oss-120b": 7.647466552138015,
      "gemma2-9b-it": 11.305283405189655,
      "qwq-32b": 13.11530183625472,
      "claude-sonnet-4-5": 33.07018296140051,
      "mistral-medium-3-instruct": 20.112997917639525,
      "llama-4-maverick-17b-128e-instruct": 12.430804744197411,
      "gemini-2.5-flash": 29.921572109302787,
      "seed-oss-36b-instruct": 14.36814653229489,
      "gemma-2-9b-it": 11.931873624222387,
      "llama-3.3-70b-instruct": 16.78758309075136,
      "gpt-4.1": 33.94789556457632,
      "llama-3.1-405b-instruct": 25.27749969666074,
      "palmyra-med-70b": 13.509120576929675,
      "qwen3-235b-a22b": 16.002109703838297,
      "gemma-2-27b-it": 11.482243198398953,
      "mistral-7b-instruct-v0.3": 11.966871775850358
    }
  },
  "best_model": "gpt-4.1",
  "best_model_scores": {
    "BLEU": 42.986289305077335,
    "chrF": 24.90950182407531,
    "Average": 33.94789556457632
  }
}