Model,Similarity Score (%),Raw Score
gemma2-9b-it,33.11%,33.11297865000001
kimi-k2-instruct-0905,31.71%,31.706947077000002
llama-4-maverick-17b-128e-instruct,27.45%,27.453979300000007
qwen3-32b,24.33%,24.334919645
gpt-oss-120b,20.13%,20.131873895
