Model,Similarity Score (%),Raw Score
llama-4-maverick-17b-128e-instruct,40.61%,40.606853
gemma2-9b-it,37.73%,37.73005559999999
qwen3-32b,30.61%,30.6113676
kimi-k2-instruct-0905,24.01%,24.014459514000002
gpt-oss-120b,22.62%,22.61661978
