Model,Similarity Score (%),Raw Score
llama-3.1-405b-instruct,37.91%,37.90592254999999
deepseek-v3.1,35.66%,35.65793001499999
qwen3-235b-a22b,34.02%,34.016441165
gemma2-9b-it,31.90%,31.89571844
kimi-k2-instruct-0905,28.50%,28.496825776444446
llama-4-maverick-17b-128e-instruct,25.96%,25.961392280000002
llama-3.3-70b-instruct,25.82%,25.819670315
qwen3-32b,24.73%,24.725678115999997
gpt-oss-120b,19.83%,19.833131624
