Model,Similarity Score (%),Raw Score
llama-3.1-405b-instruct,35.14%,35.13678957999999
deepseek-v3.1,32.37%,32.37348235333332
gemma2-9b-it,31.90%,31.89571844
qwen3-235b-a22b,29.33%,29.327727050000004
kimi-k2-instruct-0905,29.11%,29.111683008
llama-3.3-70b-instruct,26.15%,26.151331906666663
llama-4-maverick-17b-128e-instruct,25.96%,25.961392280000002
qwen3-32b,24.73%,24.725678115999997
gemma-2-27b-it,23.28%,23.28163526
gpt-oss-120b,19.83%,19.833131624
