Model,Similarity Score (%),Raw Score
gemma2-9b-it,31.90%,31.89571844
kimi-k2-instruct-0905,30.90%,30.904239941599997
llama-4-maverick-17b-128e-instruct,25.96%,25.961392280000002
qwen3-32b,24.73%,24.725678116
gpt-oss-120b,19.83%,19.833131624
