Model,Similarity Score (%),Raw Score
llama-3.1-405b-instruct,39.11%,39.1106228
deepseek-v3.1,38.33%,38.3298398
gemma2-9b-it,31.90%,31.89571844
llama-3.3-70b-instruct,30.68%,30.67633676
qwen3-235b-a22b,29.55%,29.55379522
kimi-k2-instruct-0905,28.92%,28.916546323499997
llama-4-maverick-17b-128e-instruct,25.96%,25.961392280000002
qwen3-32b,24.73%,24.725678115999997
gpt-oss-120b,19.83%,19.833131624
