Model,Similarity Score (%),Raw Score
llama-3.1-405b-instruct,37.23%,37.227265775999996
deepseek-v3.1,33.44%,33.439837852
gemma2-9b-it,31.90%,31.89571844
qwen3-235b-a22b,29.78%,29.779028543999996
kimi-k2-instruct-0905,28.92%,28.919971428799997
llama-4-maverick-17b-128e-instruct,25.96%,25.961392280000002
qwen3-32b,24.73%,24.725678115999997
llama-3.3-70b-instruct,23.82%,23.822418048
gpt-oss-120b,19.83%,19.833131624
