{
  "language_pair": "kma-eng",
  "timestamp": "2026-01-28T14:52:26.438846",
  "models": {
    "bleu": {
      "palmyra-med-70b": 2.361999925481548,
      "llama-3.3-70b-instruct": 4.5665886998647265,
      "gpt-oss-120b": 2.86568569303764,
      "mistral-medium-3-instruct": 2.94139985047938,
      "gemma-2-9b-it": 3.372376829227696,
      "qwen3-235b-a22b": 3.0286313918010834,
      "llama-3.1-405b-instruct": 2.9380778950687705,
      "llama-4-maverick-17b-128e-instruct": 3.3820744508307135,
      "gemini-2.5-flash": 5.206123352905321,
      "mistral-7b-instruct-v0.3": 1.7268169773883826,
      "kimi-k2-instruct-0905": 4.399786887431043,
      "gemma2-9b-it": 2.319975397838292,
      "qwen3-32b": 2.3411885399541035,
      "gpt-4.1": 3.720737211894058,
      "seed-oss-36b-instruct": 2.4665038383205564,
      "claude-sonnet-4-5": 5.006557743652494,
      "deepseek-v3.1": 4.016121767753138,
      "qwq-32b": 2.683090335231815,
      "gemma-2-27b-it": 3.196520198925701
    },
    "chrf": {
      "palmyra-med-70b": 22.725359731035276,
      "llama-3.3-70b-instruct": 24.066239179270358,
      "gpt-oss-120b": 16.656240544010384,
      "mistral-medium-3-instruct": 21.30179597701355,
      "gemma-2-9b-it": 20.503128225904835,
      "qwen3-235b-a22b": 21.417431134898735,
      "llama-3.1-405b-instruct": 20.496859749424477,
      "llama-4-maverick-17b-128e-instruct": 20.590935458875393,
      "gemini-2.5-flash": 25.2119186888133,
      "mistral-7b-instruct-v0.3": 16.53480823582489,
      "kimi-k2-instruct-0905": 23.033010756145313,
      "gemma2-9b-it": 19.985296822547603,
      "qwen3-32b": 19.7262494819794,
      "gpt-4.1": 19.745702245176133,
      "seed-oss-36b-instruct": 20.02058661193236,
      "claude-sonnet-4-5": 24.569914182574074,
      "deepseek-v3.1": 22.73865063934903,
      "qwq-32b": 17.676654239451253,
      "gemma-2-27b-it": 19.654989055262522
    },
    "average": {
      "palmyra-med-70b": 12.54367982825841,
      "llama-3.3-70b-instruct": 14.316413939567543,
      "gpt-oss-120b": 9.760963118524012,
      "mistral-medium-3-instruct": 12.121597913746465,
      "gemma-2-9b-it": 11.937752527566266,
      "qwen3-235b-a22b": 12.22303126334991,
      "llama-3.1-405b-instruct": 11.717468822246623,
      "llama-4-maverick-17b-128e-instruct": 11.986504954853055,
      "gemini-2.5-flash": 15.209021020859312,
      "mistral-7b-instruct-v0.3": 9.130812606606638,
      "kimi-k2-instruct-0905": 13.716398821788177,
      "gemma2-9b-it": 11.152636110192947,
      "qwen3-32b": 11.033719010966756,
      "gpt-4.1": 11.733219728535095,
      "seed-oss-36b-instruct": 11.243545225126455,
      "claude-sonnet-4-5": 14.788235963113282,
      "deepseek-v3.1": 13.377386203551085,
      "qwq-32b": 10.179872287341531,
      "gemma-2-27b-it": 11.425754627094111
    }
  },
  "best_model": "gemini-2.5-flash",
  "best_model_scores": {
    "BLEU": 5.206123352905321,
    "chrF": 25.2119186888133,
    "Average": 15.209021020859312
  }
}