{
  "language_pair": "kma-eng",
  "timestamp": "2026-01-12T13:35:16.138419",
  "models": {
    "palmyra-med-70b": 24.543315699999997,
    "llama-3.3-70b-instruct": 34.34005523486679,
    "gpt-oss-120b": 18.681514182154636,
    "mistral-medium-3-instruct": 30.671510157136446,
    "gemma-2-9b-it": 29.447188314740707,
    "qwen3-235b-a22b": 35.03748913236633,
    "llama-3.1-405b-instruct": 28.681839917543943,
    "llama-4-maverick-17b-128e-instruct": 27.16488466449808,
    "mistral-7b-instruct-v0.3": 14.61737937,
    "kimi-k2-instruct-0905": 33.97495177634896,
    "gemma2-9b-it": 31.89571844,
    "qwen3-32b": 24.725678116,
    "seed-oss-36b-instruct": 31.432124439385774,
    "deepseek-v3.1": 34.37454149110057,
    "qwq-32b": 26.535819520959052,
    "gemma-2-27b-it": 26.22672331233647
  },
  "average_score": 28.271920860589862,
  "best_model": "qwen3-235b-a22b",
  "best_score": 35.03748913236633
}