{
  "language_pair": "kma-eng",
  "timestamp": "2026-01-16T11:13:51.516246",
  "models": {
    "palmyra-med-70b": 24.543315699999997,
    "llama-3.3-70b-instruct": 34.287361208258844,
    "gpt-oss-120b": 18.73303984402516,
    "mistral-medium-3-instruct": 30.73434679281652,
    "gemma-2-9b-it": 27.084792397369174,
    "claude": 35.54601287841797,
    "qwen3-235b-a22b": 35.110271861769874,
    "llama-3.1-405b-instruct": 28.620891771544116,
    "llama-4-maverick-17b-128e-instruct": 27.175079807217816,
    "chatgpt": 13.71123456954956,
    "mistral-7b-instruct-v0.3": 14.61737937,
    "gemini": 40.50756072998047,
    "kimi-k2-instruct-0905": 34.05742095399219,
    "gemma2-9b-it": 31.89571844,
    "qwen3-32b": 24.725678116,
    "seed-oss-36b-instruct": 31.520804379630796,
    "deepseek-v3.1": 34.17310839098261,
    "qwq-32b": 26.48998756440272,
    "gemma-2-27b-it": 25.545306873521735
  },
  "average_score": 28.37259534997261,
  "best_model": "gemini",
  "best_score": 40.50756072998047
}