{
  "language_pair": "kma-eng",
  "timestamp": "2026-01-14T12:27:14.404421",
  "models": {
    "palmyra-med-70b": 24.543315699999997,
    "llama-3.3-70b-instruct": 34.28696178701574,
    "gpt-oss-120b": 18.73284013340361,
    "mistral-medium-3-instruct": 30.73441808766259,
    "gemma-2-9b-it": 27.084792397369174,
    "qwen3-235b-a22b": 35.11024044661592,
    "llama-3.1-405b-instruct": 28.621636759480694,
    "llama-4-maverick-17b-128e-instruct": 27.175309827769357,
    "mistral-7b-instruct-v0.3": 14.61737937,
    "kimi-k2-instruct-0905": 34.05742095399219,
    "gemma2-9b-it": 31.89571844,
    "qwen3-32b": 24.725678116,
    "seed-oss-36b-instruct": 31.520245711063506,
    "deepseek-v3.1": 34.17045911137437,
    "qwq-32b": 26.48998756440272,
    "gemma-2-27b-it": 25.5449707033252
  },
  "average_score": 28.081960944342192,
  "best_model": "qwen3-235b-a22b",
  "best_score": 35.11024044661592
}