{
  "language_pair": "kma-eng",
  "timestamp": "2025-10-23T06:59:09.033548",
  "models": {
    "llama-3.3-70b-instruct": 26.151331906666663,
    "gpt-oss-120b": 19.833131624,
    "qwen3-235b-a22b": 29.327727050000004,
    "llama-3.1-405b-instruct": 35.13678957999999,
    "llama-4-maverick-17b-128e-instruct": 25.961392280000002,
    "kimi-k2-instruct-0905": 29.111683008,
    "gemma2-9b-it": 31.89571844,
    "qwen3-32b": 24.725678115999997,
    "deepseek-v3.1": 32.37348235333332,
    "gemma-2-27b-it": 23.28163526
  },
  "average_score": 27.7798569618,
  "best_model": "llama-3.1-405b-instruct",
  "best_score": 35.13678957999999
}