{
  "language_pair": "kma-eng",
  "timestamp": "2025-10-20T10:24:54.914331",
  "models": {
    "llama-3.3-70b-instruct": 23.822418048,
    "gpt-oss-120b": 19.833131624,
    "qwen3-235b-a22b": 29.779028543999996,
    "llama-3.1-405b-instruct": 37.227265775999996,
    "llama-4-maverick-17b-128e-instruct": 25.961392280000002,
    "kimi-k2-instruct-0905": 28.919971428799997,
    "gemma2-9b-it": 31.89571844,
    "qwen3-32b": 24.725678115999997,
    "deepseek-v3.1": 33.439837852
  },
  "average_score": 28.40049356764444,
  "best_model": "llama-3.1-405b-instruct",
  "best_score": 37.227265775999996
}