{
  "language_pair": "kma-eng",
  "timestamp": "2025-10-18T06:37:23.238909",
  "models": {
    "llama-3.3-70b-instruct": 30.67633676,
    "gpt-oss-120b": 19.833131624,
    "qwen3-235b-a22b": 29.55379522,
    "llama-3.1-405b-instruct": 39.1106228,
    "llama-4-maverick-17b-128e-instruct": 25.961392280000002,
    "kimi-k2-instruct-0905": 28.916546323499997,
    "gemma2-9b-it": 31.89571844,
    "qwen3-32b": 24.725678115999997,
    "deepseek-v3.1": 38.3298398
  },
  "average_score": 29.88922904038889,
  "best_model": "llama-3.1-405b-instruct",
  "best_score": 39.1106228
}