{
  "language_pair": "kma-eng",
  "timestamp": "2025-10-09T07:08:43.853259",
  "models": {
    "gpt-oss-120b": 19.833131624,
    "llama-4-maverick-17b-128e-instruct": 25.961392280000002,
    "kimi-k2-instruct-0905": 30.904239941599997,
    "gemma2-9b-it": 31.89571844,
    "qwen3-32b": 24.725678116
  },
  "average_score": 26.66403208032,
  "best_model": "gemma2-9b-it",
  "best_score": 31.89571844
}