{
  "language_pair": "kma-eng",
  "timestamp": "2025-10-05T08:21:44.085764",
  "models": {
    "gpt-oss-120b": 20.131873895,
    "llama-4-maverick-17b-128e-instruct": 27.453979300000007,
    "kimi-k2-instruct-0905": 31.706947077000002,
    "gemma2-9b-it": 33.11297865000001,
    "qwen3-32b": 24.334919645
  },
  "average_score": 27.34813971340001,
  "best_model": "gemma2-9b-it",
  "best_score": 33.11297865000001
}