{
  "language_pair": "kma-eng",
  "timestamp": "2026-01-16T14:45:12.415185",
  "models": {
    "palmyra-med-70b": 24.543315699999997,
    "llama-3.3-70b-instruct": 34.287545211303424,
    "gpt-oss-120b": 18.732864255753963,
    "mistral-medium-3-instruct": 30.735112116455433,
    "gemma-2-9b-it": 27.084259550766994,
    "claude": 35.54534149169922,
    "qwen3-235b-a22b": 35.11006149243537,
    "llama-3.1-405b-instruct": 28.62239969893382,
    "llama-4-maverick-17b-128e-instruct": 27.174230325378968,
    "chatgpt": 13.709631443023682,
    "mistral-7b-instruct-v0.3": 14.61737937,
    "gemini": 40.5067138671875,
    "kimi-k2-instruct-0905": 34.05742095399219,
    "gemma2-9b-it": 31.89571844,
    "qwen3-32b": 24.725678116,
    "seed-oss-36b-instruct": 31.521998010710682,
    "deepseek-v3.1": 34.170844140102915,
    "qwq-32b": 26.48998756440272,
    "gemma-2-27b-it": 25.54565734883301
  },
  "average_score": 28.372429426156838,
  "best_model": "gemini",
  "best_score": 40.5067138671875
}