ref,text,translated,source_zip_file,similarity_score,chrf_sentence,corpus_bleu,corpus_chrf
"So the Lord's promise came true, just as the prophet Jeremiah had said,","Naa die yiye mɩŋ a yi Ŋmɩŋ naazʋa Jerimaya die dɩ balla wudiekemba wo dɩ yi wusie. Die ʋ baarɩ,","We come and see the works we do, these from Jeremiah, who are called servants that they serve. And they are",Dec 08 output,,24.63194257446226,2.7482884396693366,5.3475935828877015
But I tell you that Solomon with all his wealth wasn't as well clothed as one of them.,"Ama n balɩ nɩ, halɩ naaŋ Solomoni aŋaŋ ʋ nyiŋyeeki vɩɩna mana die ka yeegi jayeekiŋ ka vɩɩna a tʋgɩ tɩɩwutehe gie.","Ama and our children, the story of the one named Solomon, and their journey with many people who went and found treasure that people guard secretly there.",Dec 08 output,,24.833833747849415,2.7482884396693366,5.3475935828877015
"Some Pharisees and teachers of the Law of Moses said, “Teacher, we want you to show us a sign from heaven.”","Womi mɩraha dɩdagɩrɩba bataŋ aŋaŋ Farasisi bataŋ die dɩ balɩ Yisa dɩ, “Dɩdagɩrʋ tɩ yaala fʋ yiwo mamachi wɩɩŋ aŋ tɩ ye.”","Our people of the council and the French, and Yisa's people died; they said, ""What the council spoke from their mouths, we will listen and do.""",Dec 08 output,,21.624167119529893,2.7482884396693366,5.3475935828877015
So be on your guard! You don't know when your Lord will come.,Die wɩa nɩ gbara dama nɩ zɩ daa dieke manɩŋ nɩ Yɔmʋtieŋ dɩ bala n keŋ.,Those people carry their load and go to the market in Yomvtieŋ that sells every day.,Dec 08 output,,11.985981280050302,2.7482884396693366,5.3475935828877015
Then they sat down to guard him.,die ba sʋʋŋ kalɩ a gbarɩ wa.,We carry the house here,Dec 08 output,,11.692530578873619,2.7482884396693366,5.3475935828877015
"So the Lord's promise came true, just as the prophet Jeremiah had said,","Naa die yiye mɩŋ a yi Ŋmɩŋ naazʋa Jerimaya die dɩ balla wudiekemba wo dɩ yi wusie. Die ʋ baarɩ,",We say that the story about Jeremiah is that he did deeds so that they might see. That is why,onesimus_31223989_Dec 12 output,,25.473488336854995,2.7482884396693366,5.3475935828877015
But I tell you that Solomon with all his wealth wasn't as well clothed as one of them.,"Ama n balɩ nɩ, halɩ naaŋ Solomoni aŋaŋ ʋ nyiŋyeeki vɩɩna mana die ka yeegi jayeekiŋ ka vɩɩna a tʋgɩ tɩɩwutehe gie.","Ama and our children, the story of the man named Solomon is that those people traveled far and found treasure which they carried back.",onesimus_31223989_Dec 12 output,,24.650154413802248,2.7482884396693366,5.3475935828877015
"Some Pharisees and teachers of the Law of Moses said, “Teacher, we want you to show us a sign from heaven.”","Womi mɩraha dɩdagɩrɩba bataŋ aŋaŋ Farasisi bataŋ die dɩ balɩ Yisa dɩ, “Dɩdagɩrʋ tɩ yaala fʋ yiwo mamachi wɩɩŋ aŋ tɩ ye.”","The people heard the messenger from France, from the king to the people, Yisa said: ""O Messenger, go tell the people that peace is with us.""",onesimus_31223989_Dec 12 output,,21.17888870552289,2.7482884396693366,5.3475935828877015
So be on your guard! You don't know when your Lord will come.,Die wɩa nɩ gbara dama nɩ zɩ daa dieke manɩŋ nɩ Yɔmʋtieŋ dɩ bala n keŋ.,The people who carry loads and go to the market in Yɔmʋtieŋ village are selling.,onesimus_31223989_Dec 12 output,,12.136278877421434,2.7482884396693366,5.3475935828877015
Then they sat down to guard him.,die ba sʋʋŋ kalɩ a gbarɩ wa.,The people reside in the house and take us,onesimus_31223989_Dec 12 output,,17.84098169482634,2.7482884396693366,5.3475935828877015
"So the Lord's promise came true, just as the prophet Jeremiah had said,","Naa die yiye mɩŋ a yi Ŋmɩŋ naazʋa Jerimaya die dɩ balla wudiekemba wo dɩ yi wusie. Die ʋ baarɩ,","We the people who are the leader from Jeremiah, the one who prays for us to do good. And now praise.",john_AC86BE0F_output (5),,26.8117254858064,2.7482884396693366,5.3475935828877015
But I tell you that Solomon with all his wealth wasn't as well clothed as one of them.,"Ama n balɩ nɩ, halɩ naaŋ Solomoni aŋaŋ ʋ nyiŋyeeki vɩɩna mana die ka yeegi jayeekiŋ ka vɩɩna a tʋgɩ tɩɩwutehe gie.","Ama and the people, they tell the story of Solomon, saying that from the wisdom of the people, he came to the land where he ruled the people well.",john_AC86BE0F_output (5),,26.982889531565423,2.7482884396693366,5.3475935828877015
"Some Pharisees and teachers of the Law of Moses said, “Teacher, we want you to show us a sign from heaven.”","Womi mɩraha dɩdagɩrɩba bataŋ aŋaŋ Farasisi bataŋ die dɩ balɩ Yisa dɩ, “Dɩdagɩrʋ tɩ yaala fʋ yiwo mamachi wɩɩŋ aŋ tɩ ye.”","Our Diddagiriba people and the French said to Yisa, ""You Diddagirvu must know the important matter that we are facing.""",john_AC86BE0F_output (5),,17.768288153305413,2.7482884396693366,5.3475935828877015
So be on your guard! You don't know when your Lord will come.,Die wɩa nɩ gbara dama nɩ zɩ daa dieke manɩŋ nɩ Yɔmʋtieŋ dɩ bala n keŋ.,The people who carry goods go to sell all in Yomtieŋ market and the people do not,john_AC86BE0F_output (5),,14.442914360684664,2.7482884396693366,5.3475935828877015
Then they sat down to guard him.,die ba sʋʋŋ kalɩ a gbarɩ wa.,The market people take these here,john_AC86BE0F_output (5),,14.116665981937487,2.7482884396693366,5.3475935828877015
"So the Lord's promise came true, just as the prophet Jeremiah had said,","Naa die yiye mɩŋ a yi Ŋmɩŋ naazʋa Jerimaya die dɩ balla wudiekemba wo dɩ yi wusie. Die ʋ baarɩ,",We are the people from the village near Jeremiah; this place is a market where people come every day to see. This is why.,output_JA-4,,24.56837643787015,2.7482884396693366,5.3475935828877015
But I tell you that Solomon with all his wealth wasn't as well clothed as one of them.,"Ama n balɩ nɩ, halɩ naaŋ Solomoni aŋaŋ ʋ nyiŋyeeki vɩɩna mana die ka yeegi jayeekiŋ ka vɩɩna a tʋgɩ tɩɩwutehe gie.","Ama and our people, the story of Solomon is that the children and many others went to the place of the journey, and they have already started preparing.",output_JA-4,,25.89389623152694,2.7482884396693366,5.3475935828877015
"Some Pharisees and teachers of the Law of Moses said, “Teacher, we want you to show us a sign from heaven.”","Womi mɩraha dɩdagɩrɩba bataŋ aŋaŋ Farasisi bataŋ die dɩ balɩ Yisa dɩ, “Dɩdagɩrʋ tɩ yaala fʋ yiwo mamachi wɩɩŋ aŋ tɩ ye.”","Our people, Diddagiriba and the French died among the people; Yisa said, ""Diddagiriba came from the market to trade and we saw him.""",output_JA-4,,19.784486037632647,2.7482884396693366,5.3475935828877015
So be on your guard! You don't know when your Lord will come.,Die wɩa nɩ gbara dama nɩ zɩ daa dieke manɩŋ nɩ Yɔmʋtieŋ dɩ bala n keŋ.,"The people carry goods to sell at the market every day in Yɔmʋtieŋ, and those people live there.",output_JA-4,,11.240196508618865,2.7482884396693366,5.3475935828877015
Then they sat down to guard him.,die ba sʋʋŋ kalɩ a gbarɩ wa.,They are eating food and bringing it to us.,output_JA-4,,18.212920188003608,2.7482884396693366,5.3475935828877015
"So the Lord's promise came true, just as the prophet Jeremiah had said,","Naa die yiye mɩŋ a yi Ŋmɩŋ naazʋa Jerimaya die dɩ balla wudiekemba wo dɩ yi wusie. Die ʋ baarɩ,","We come to our people saying that concerning Jeremiah, the matter is that those who pray for forgiveness for those they have harmed come. And thus.",onesimus_7C821E01_Dec 01 output,,23.585975001615363,2.7482884396693366,5.3475935828877015
But I tell you that Solomon with all his wealth wasn't as well clothed as one of them.,"Ama n balɩ nɩ, halɩ naaŋ Solomoni aŋaŋ ʋ nyiŋyeeki vɩɩna mana die ka yeegi jayeekiŋ ka vɩɩna a tʋgɩ tɩɩwutehe gie.","Ama and her people, the story about Solomon is that his wisdom and the great knowledge of the people, which they saw his power, all the people served him humbly.",onesimus_7C821E01_Dec 01 output,,27.942033007984556,2.7482884396693366,5.3475935828877015
"Some Pharisees and teachers of the Law of Moses said, “Teacher, we want you to show us a sign from heaven.”","Womi mɩraha dɩdagɩrɩba bataŋ aŋaŋ Farasisi bataŋ die dɩ balɩ Yisa dɩ, “Dɩdagɩrʋ tɩ yaala fʋ yiwo mamachi wɩɩŋ aŋ tɩ ye.”","People heard that Didadiriba and the French said to the boy Yisa, ""Didadirvu, you should not enter the house and the market as your father said.""",onesimus_7C821E01_Dec 01 output,,20.957226428928614,2.7482884396693366,5.3475935828877015
So be on your guard! You don't know when your Lord will come.,Die wɩa nɩ gbara dama nɩ zɩ daa dieke manɩŋ nɩ Yɔmʋtieŋ dɩ bala n keŋ.,The people carry the load going to the market women in Yɔmʋtieŋ who sell.,onesimus_7C821E01_Dec 01 output,,13.085950087357775,2.7482884396693366,5.3475935828877015
Then they sat down to guard him.,die ba sʋʋŋ kalɩ a gbarɩ wa.,The two children bring the mother here,onesimus_7C821E01_Dec 01 output,,16.781771968802367,2.7482884396693366,5.3475935828877015
"It is useless for you to worship me, when you teach rules made up by humans.”",Dɩ yi wo yɔrɩ ba jɩama mɩŋ dama ba daga vuota ba gbaŋ gbaŋ ba mɩra sɩba a yiwo manɩŋ n mɩra.’ ”,"I declare this matter: listen to me, come from the village, clap clap, the chief of the people who works among the people.",output_jonathan,0.2715196,17.10742709160419,2.7482884396693366,5.3475935828877015
"Yes, Father, this is what pleased you.",dama die fʋ tʋma fʋ tʋʋma a yie fʋ nansɩŋ.,The people say that this and these go to the market.,output_jonathan,0.13638781,20.462217905814033,2.7482884396693366,5.3475935828877015
"Then Jesus said to the officer, “You may go home now. Your faith has made it happen.” Right then his servant was healed. Jesus Heals Many People (Mark","Die Yisa die dɩ yiŋŋi a balɩ a yɩ Romanisisi sojasisi jakʋʋrɩ, “Kulime ta ka nan yi sɩba fʋ yine yada dɩ ka nan yi die wo.” Ta ʋ tʋntʋntʋ wa die dɩ seŋ ye gbaamɩŋ lele womi. Yisa die dɩ gbaanna vuosi pam dene (Maki","The Yisa and those people who serve and are Roman Catholic soldiers, the group said, “Hear, you should we are swords from your taking those who we are kill us.” You and trample with those people their burdens day and night on us. Yisa said those people do not carry their food and land (Maki)",output_jonathan,0.34062004,23.960604987572523,2.7482884396693366,5.3475935828877015
The kingdom of heaven is like what happened when a king gave a wedding banquet for his son.,“Ŋmɩŋ naarɩ sɩɩ sɩba naaŋ wʋnyɩ die dɩ wʋnsɩna hɔgʋhaalʋ banwʋla dɩ ʋ yɩ ʋ bʋa.,"Our cattle and sheep that we have—these are the household owners who sell at the market and buy food, and they live.",output_jonathan,0.1329215,16.911935605880686,2.7482884396693366,5.3475935828877015
But this is just the beginning of troubles.,Wɩaha gie mana nan dɩ sɩɩ sɩba maarɩŋ yʋagɩŋ piiliŋ.,Wala and my people from that house sell at the market every day.,output_jonathan,-0.024976747,13.786692475085685,2.7482884396693366,5.3475935828877015
"So the Lord's promise came true, just as the prophet Jeremiah had said,","Naa die yiye mɩŋ a yi Ŋmɩŋ naazʋa Jerimaya die dɩ balla wudiekemba wo dɩ yi wusie. Die ʋ baarɩ,",We are the people who do what the people near Jeremiah's house do; they come together to do work. That has now ended.,output_JA-2,,24.28711277450461,2.7482884396693366,5.3475935828877015
But I tell you that Solomon with all his wealth wasn't as well clothed as one of them.,"Ama n balɩ nɩ, halɩ naaŋ Solomoni aŋaŋ ʋ nyiŋyeeki vɩɩna mana die ka yeegi jayeekiŋ ka vɩɩna a tʋgɩ tɩɩwutehe gie.","Ama and our children, the story of Solomon and his people: the land which they say they live happily in, and the land which the good truly rule.",output_JA-2,,21.832458856163246,2.7482884396693366,5.3475935828877015
"Some Pharisees and teachers of the Law of Moses said, “Teacher, we want you to show us a sign from heaven.”","Womi mɩraha dɩdagɩrɩba bataŋ aŋaŋ Farasisi bataŋ die dɩ balɩ Yisa dɩ, “Dɩdagɩrʋ tɩ yaala fʋ yiwo mamachi wɩɩŋ aŋ tɩ ye.”","People heard from Diddagiriba and from French in that place, and with Yisa's people, they said, ""Diddagirvu said that you should come to the market every day and that is so.""",output_JA-2,,23.018496288384647,2.7482884396693366,5.3475935828877015
So be on your guard! You don't know when your Lord will come.,Die wɩa nɩ gbara dama nɩ zɩ daa dieke manɩŋ nɩ Yɔmʋtieŋ dɩ bala n keŋ.,The people who carry the load that go sell in every market in Yɔmʋtieŋ and they come.,output_JA-2,,14.934806522439043,2.7482884396693366,5.3475935828877015
Then they sat down to guard him.,die ba sʋʋŋ kalɩ a gbarɩ wa.,They come to the market and take food for us,output_JA-2,,18.281800843960934,2.7482884396693366,5.3475935828877015
"So the Lord's promise came true, just as the prophet Jeremiah had said,","Naa die yiye mɩŋ a yi Ŋmɩŋ naazʋa Jerimaya die dɩ balla wudiekemba wo dɩ yi wusie. Die ʋ baarɩ,",The people say that the story about Jeremiah is that he did deeds which he performed well. That is why,gerhardt_8019BE0D_output_WsImHC,,26.835365476694435,2.7482884396693366,5.3475935828877015
But I tell you that Solomon with all his wealth wasn't as well clothed as one of them.,"Ama n balɩ nɩ, halɩ naaŋ Solomoni aŋaŋ ʋ nyiŋyeeki vɩɩna mana die ka yeegi jayeekiŋ ka vɩɩna a tʋgɩ tɩɩwutehe gie.","Ama and her people, the story about Solomon is that the wise people who have it say it is excellent, and the people listen carefully thus.",gerhardt_8019BE0D_output_WsImHC,,25.78951807808469,2.7482884396693366,5.3475935828877015
"Some Pharisees and teachers of the Law of Moses said, “Teacher, we want you to show us a sign from heaven.”","Womi mɩraha dɩdagɩrɩba bataŋ aŋaŋ Farasisi bataŋ die dɩ balɩ Yisa dɩ, “Dɩdagɩrʋ tɩ yaala fʋ yiwo mamachi wɩɩŋ aŋ tɩ ye.”","The people heard from Diddagiriba and from French, from the book to the boy Yisa, saying: ""Diddagirvu said that come, listen to all and they said.""",gerhardt_8019BE0D_output_WsImHC,,20.14876241813489,2.7482884396693366,5.3475935828877015
So be on your guard! You don't know when your Lord will come.,Die wɩa nɩ gbara dama nɩ zɩ daa dieke manɩŋ nɩ Yɔmʋtieŋ dɩ bala n keŋ.,Traders say that the people who carry loads go to the market village in Yɔmʋtieŋ.,gerhardt_8019BE0D_output_WsImHC,,11.773084815516238,2.7482884396693366,5.3475935828877015
Then they sat down to guard him.,die ba sʋʋŋ kalɩ a gbarɩ wa.,The people live here and protect us.,gerhardt_8019BE0D_output_WsImHC,,13.182186464785694,2.7482884396693366,5.3475935828877015
"So the Lord's promise came true, just as the prophet Jeremiah had said,","Naa die yiye mɩŋ a yi Ŋmɩŋ naazʋa Jerimaya die dɩ balla wudiekemba wo dɩ yi wusie. Die ʋ baarɩ,","We, the people who come, say the story about Jeremiah, who prays to God that they might listen. That is the end.",Dec 02 output,,27.215573201835262,2.7482884396693366,5.3475935828877015
But I tell you that Solomon with all his wealth wasn't as well clothed as one of them.,"Ama n balɩ nɩ, halɩ naaŋ Solomoni aŋaŋ ʋ nyiŋyeeki vɩɩna mana die ka yeegi jayeekiŋ ka vɩɩna a tʋgɩ tɩɩwutehe gie.","Ama and our children, the story of the one called Solomon is that he ruled his people's land, and it was said that he truly ruled the land with wisdom and justice.",Dec 02 output,,27.687064303667714,2.7482884396693366,5.3475935828877015
"Some Pharisees and teachers of the Law of Moses said, “Teacher, we want you to show us a sign from heaven.”","Womi mɩraha dɩdagɩrɩba bataŋ aŋaŋ Farasisi bataŋ die dɩ balɩ Yisa dɩ, “Dɩdagɩrʋ tɩ yaala fʋ yiwo mamachi wɩɩŋ aŋ tɩ ye.”","The people were told by Diddagirliba from the French of the dead to Balī, Yisa said, ""Diddagirlı, come with us to help our people so that we may live.""",Dec 02 output,,21.733038602372652,2.7482884396693366,5.3475935828877015
So be on your guard! You don't know when your Lord will come.,Die wɩa nɩ gbara dama nɩ zɩ daa dieke manɩŋ nɩ Yɔmʋtieŋ dɩ bala n keŋ.,The people who carry loads come to all the markets in Yomvtieŋ with traders here.,Dec 02 output,,14.05349965077394,2.7482884396693366,5.3475935828877015
Then they sat down to guard him.,die ba sʋʋŋ kalɩ a gbarɩ wa.,The people come and take houses here,Dec 02 output,,13.182186464785694,2.7482884396693366,5.3475935828877015
"So the Lord's promise came true, just as the prophet Jeremiah had said,","Naa die yiye mɩŋ a yi Ŋmɩŋ naazʋa Jerimaya die dɩ balla wudiekemba wo dɩ yi wusie. Die ʋ baarɩ,","We, the people who come here, this area near Jeremiah—they say the problem that happens here. This is important.",john_567A83BD_output (1),,26.467400165531174,2.7482884396693366,5.3475935828877015
But I tell you that Solomon with all his wealth wasn't as well clothed as one of them.,"Ama n balɩ nɩ, halɩ naaŋ Solomoni aŋaŋ ʋ nyiŋyeeki vɩɩna mana die ka yeegi jayeekiŋ ka vɩɩna a tʋgɩ tɩɩwutehe gie.","Ama, our child, the story of Solomon is that they say his wisdom and the people—so they say he taught good things which the people still practice wholeheartedly.",john_567A83BD_output (1),,24.643606957673757,2.7482884396693366,5.3475935828877015
"Some Pharisees and teachers of the Law of Moses said, “Teacher, we want you to show us a sign from heaven.”","Womi mɩraha dɩdagɩrɩba bataŋ aŋaŋ Farasisi bataŋ die dɩ balɩ Yisa dɩ, “Dɩdagɩrʋ tɩ yaala fʋ yiwo mamachi wɩɩŋ aŋ tɩ ye.”","They heard that from the French, Diddagiriba said to Yisa, ""Diddagirru, you should go and bring water from the well so that we may drink.""",john_567A83BD_output (1),,20.681851987958787,2.7482884396693366,5.3475935828877015
So be on your guard! You don't know when your Lord will come.,Die wɩa nɩ gbara dama nɩ zɩ daa dieke manɩŋ nɩ Yɔmʋtieŋ dɩ bala n keŋ.,The people who take this go and bring two yams from Yɔmʋtieŋ market to sell.,john_567A83BD_output (1),,11.666212761239438,2.7482884396693366,5.3475935828877015
Then they sat down to guard him.,die ba sʋʋŋ kalɩ a gbarɩ wa.,The village people are building a house for us.,john_567A83BD_output (1),,12.345049835849636,2.7482884396693366,5.3475935828877015
"So the Lord's promise came true, just as the prophet Jeremiah had said,","Naa die yiye mɩŋ a yi Ŋmɩŋ naazʋa Jerimaya die dɩ balla wudiekemba wo dɩ yi wusie. Die ʋ baarɩ,","We come and see the things we do for Jeremiah, those who are called servants that they may serve. Indeed we say.",john_AA1B9A68_output (9),,24.32589941809012,2.7482884396693366,5.3475935828877015
But I tell you that Solomon with all his wealth wasn't as well clothed as one of them.,"Ama n balɩ nɩ, halɩ naaŋ Solomoni aŋaŋ ʋ nyiŋyeeki vɩɩna mana die ka yeegi jayeekiŋ ka vɩɩna a tʋgɩ tɩɩwutehe gie.","Ama and our children, the story of the one named Solomon is that those people traveled far and found treasure which those people carried back with them.",john_AA1B9A68_output (9),,26.242785585366907,2.7482884396693366,5.3475935828877015
"Some Pharisees and teachers of the Law of Moses said, “Teacher, we want you to show us a sign from heaven.”","Womi mɩraha dɩdagɩrɩba bataŋ aŋaŋ Farasisi bataŋ die dɩ balɩ Yisa dɩ, “Dɩdagɩrʋ tɩ yaala fʋ yiwo mamachi wɩɩŋ aŋ tɩ ye.”","People heard from Diddagiriba in the French region, from the king to the people, Yisa said: ""Diddagirvu said that you should listen well, and that is true.""",john_AA1B9A68_output (9),,21.927752903107606,2.7482884396693366,5.3475935828877015
So be on your guard! You don't know when your Lord will come.,Die wɩa nɩ gbara dama nɩ zɩ daa dieke manɩŋ nɩ Yɔmʋtieŋ dɩ bala n keŋ.,The people who carry loads go to the women's market in Yɔmʋtieŋ and sell with them.,john_AA1B9A68_output (9),,14.277933137689795,2.7482884396693366,5.3475935828877015
Then they sat down to guard him.,die ba sʋʋŋ kalɩ a gbarɩ wa.,They carry us to the house when we come,john_AA1B9A68_output (9),,18.906060655915628,2.7482884396693366,5.3475935828877015
"So the Lord's promise came true, just as the prophet Jeremiah had said,","Naa die yiye mɩŋ a yi Ŋmɩŋ naazʋa Jerimaya die dɩ balla wudiekemba wo dɩ yi wusie. Die ʋ baarɩ,",We say that the story about Jeremiah among the people is that he did the wonderful deeds he performed. That is so.,Dec 07 output,,26.777971735175743,2.7482884396693366,5.3475935828877015
But I tell you that Solomon with all his wealth wasn't as well clothed as one of them.,"Ama n balɩ nɩ, halɩ naaŋ Solomoni aŋaŋ ʋ nyiŋyeeki vɩɩna mana die ka yeegi jayeekiŋ ka vɩɩna a tʋgɩ tɩɩwutehe gie.","Ama and our children, the story of the man named Solomon says that those people went on a journey so that they might see all the world, teaching the people the way.",Dec 07 output,,27.020915570707448,2.7482884396693366,5.3475935828877015
"Some Pharisees and teachers of the Law of Moses said, “Teacher, we want you to show us a sign from heaven.”","Womi mɩraha dɩdagɩrɩba bataŋ aŋaŋ Farasisi bataŋ die dɩ balɩ Yisa dɩ, “Dɩdagɩrʋ tɩ yaala fʋ yiwo mamachi wɩɩŋ aŋ tɩ ye.”","It is said that from Diddagirliba in French, from the king to the people Yisa said, ""Diddagirlu said that you should listen well and they said.""",Dec 07 output,,21.759723104792407,2.7482884396693366,5.3475935828877015
So be on your guard! You don't know when your Lord will come.,Die wɩa nɩ gbara dama nɩ zɩ daa dieke manɩŋ nɩ Yɔmʋtieŋ dɩ bala n keŋ.,"Those who carry market goods and go to their young people in Yɔmʋtieŋ to trade, always",Dec 07 output,,14.092848457919787,2.7482884396693366,5.3475935828877015
Then they sat down to guard him.,die ba sʋʋŋ kalɩ a gbarɩ wa.,The people take this food here,Dec 07 output,,14.42246265362661,2.7482884396693366,5.3475935828877015
"So the Lord's promise came true, just as the prophet Jeremiah had said,","Naa die yiye mɩŋ a yi Ŋmɩŋ naazʋa Jerimaya die dɩ balla wudiekemba wo dɩ yi wusie. Die ʋ baarɩ,","Our people come who are the chief from Jeremiah, the one who prays for us that they do service. This is significant.",Dec 10 output,,26.05692685942141,2.7482884396693366,5.3475935828877015
But I tell you that Solomon with all his wealth wasn't as well clothed as one of them.,"Ama n balɩ nɩ, halɩ naaŋ Solomoni aŋaŋ ʋ nyiŋyeeki vɩɩna mana die ka yeegi jayeekiŋ ka vɩɩna a tʋgɩ tɩɩwutehe gie.","Ama and her people, the story of Solomon they tell, and their many journeys where they found treasures which they carry back.",Dec 10 output,,22.829750736392953,2.7482884396693366,5.3475935828877015
"Some Pharisees and teachers of the Law of Moses said, “Teacher, we want you to show us a sign from heaven.”","Womi mɩraha dɩdagɩrɩba bataŋ aŋaŋ Farasisi bataŋ die dɩ balɩ Yisa dɩ, “Dɩdagɩrʋ tɩ yaala fʋ yiwo mamachi wɩɩŋ aŋ tɩ ye.”","Our people from Diddagiriba and French, and those people, Yisa said, ""Diddagirvu, those who come to your market every day will...""",Dec 10 output,,21.250177140106985,2.7482884396693366,5.3475935828877015
So be on your guard! You don't know when your Lord will come.,Die wɩa nɩ gbara dama nɩ zɩ daa dieke manɩŋ nɩ Yɔmʋtieŋ dɩ bala n keŋ.,The people who carry loads and go to the market in Yɔmʋtieŋ sell there now.,Dec 10 output,,13.683283468262724,2.7482884396693366,5.3475935828877015
Then they sat down to guard him.,die ba sʋʋŋ kalɩ a gbarɩ wa.,The small ones take us,Dec 10 output,,10.365425827825613,2.7482884396693366,5.3475935828877015
"So the Lord's promise came true, just as the prophet Jeremiah had said,","Naa die yiye mɩŋ a yi Ŋmɩŋ naazʋa Jerimaya die dɩ balla wudiekemba wo dɩ yi wusie. Die ʋ baarɩ,","We the people that we bring the word from Jeremiah, the one who prays for us, that he speaks the truth. And that is so.",john_7781CD93_output (6),,28.142149606371408,2.7482884396693366,5.3475935828877015
But I tell you that Solomon with all his wealth wasn't as well clothed as one of them.,"Ama n balɩ nɩ, halɩ naaŋ Solomoni aŋaŋ ʋ nyiŋyeeki vɩɩna mana die ka yeegi jayeekiŋ ka vɩɩna a tʋgɩ tɩɩwutehe gie.","Ama and our children, the story of Solomon says that those people traveled far and found treasure which those people guard carefully there.",john_7781CD93_output (6),,22.920377414854755,2.7482884396693366,5.3475935828877015
"Some Pharisees and teachers of the Law of Moses said, “Teacher, we want you to show us a sign from heaven.”","Womi mɩraha dɩdagɩrɩba bataŋ aŋaŋ Farasisi bataŋ die dɩ balɩ Yisa dɩ, “Dɩdagɩrʋ tɩ yaala fʋ yiwo mamachi wɩɩŋ aŋ tɩ ye.”","People heard from Diddagiriba in the French area that they said to Bali Yisa, ""Diddagirvu said that you should go to the market to buy food so that they live.""",john_7781CD93_output (6),,19.817068931109976,2.7482884396693366,5.3475935828877015
So be on your guard! You don't know when your Lord will come.,Die wɩa nɩ gbara dama nɩ zɩ daa dieke manɩŋ nɩ Yɔmʋtieŋ dɩ bala n keŋ.,The people who carry goods go to Chief Dieke in Yɔmʋtieŋ and trade every day.,john_7781CD93_output (6),,11.608350826406845,2.7482884396693366,5.3475935828877015
Then they sat down to guard him.,die ba sʋʋŋ kalɩ a gbarɩ wa.,The village chief takes our people.,john_7781CD93_output (6),,12.560295712820082,2.7482884396693366,5.3475935828877015
"So the Lord's promise came true, just as the prophet Jeremiah had said,","Naa die yiye mɩŋ a yi Ŋmɩŋ naazʋa Jerimaya die dɩ balla wudiekemba wo dɩ yi wusie. Die ʋ baarɩ,","Our people who come tell the story about Jeremiah, that he prays to God and is listened to. That is the end.",gerhardt_25FFCBF7_output_DdErIM,,28.37051574437723,2.7482884396693366,5.3475935828877015
But I tell you that Solomon with all his wealth wasn't as well clothed as one of them.,"Ama n balɩ nɩ, halɩ naaŋ Solomoni aŋaŋ ʋ nyiŋyeeki vɩɩna mana die ka yeegi jayeekiŋ ka vɩɩna a tʋgɩ tɩɩwutehe gie.","Among Ama's people, it is said about Solomon that his wisdom and the nation were intended so that they might receive blessing, and the people live peacefully forever.",gerhardt_25FFCBF7_output_DdErIM,,26.61262493316736,2.7482884396693366,5.3475935828877015
"Some Pharisees and teachers of the Law of Moses said, “Teacher, we want you to show us a sign from heaven.”","Womi mɩraha dɩdagɩrɩba bataŋ aŋaŋ Farasisi bataŋ die dɩ balɩ Yisa dɩ, “Dɩdagɩrʋ tɩ yaala fʋ yiwo mamachi wɩɩŋ aŋ tɩ ye.”","People heard from Diddagirliba and the French, from the king to the people Yisa said, ""Diddagirlu, you should know these important words that all say.""",gerhardt_25FFCBF7_output_DdErIM,,22.429443946725197,2.7482884396693366,5.3475935828877015
So be on your guard! You don't know when your Lord will come.,Die wɩa nɩ gbara dama nɩ zɩ daa dieke manɩŋ nɩ Yɔmʋtieŋ dɩ bala n keŋ.,These are the people who carry the message sent to the chief's village in Yɔmʋtieŋ and they speak now.,gerhardt_25FFCBF7_output_DdErIM,,14.097651535332817,2.7482884396693366,5.3475935828877015
Then they sat down to guard him.,die ba sʋʋŋ kalɩ a gbarɩ wa.,They carry us from the two houses,gerhardt_25FFCBF7_output_DdErIM,,16.848622214158702,2.7482884396693366,5.3475935828877015
"So the Lord's promise came true, just as the prophet Jeremiah had said,","Naa die yiye mɩŋ a yi Ŋmɩŋ naazʋa Jerimaya die dɩ balla wudiekemba wo dɩ yi wusie. Die ʋ baarɩ,",We say that the story about Jeremiah is that he did the work which they did not see. That is why,output_mich003,,25.022423682070244,2.7482884396693366,5.3475935828877015
But I tell you that Solomon with all his wealth wasn't as well clothed as one of them.,"Ama n balɩ nɩ, halɩ naaŋ Solomoni aŋaŋ ʋ nyiŋyeeki vɩɩna mana die ka yeegi jayeekiŋ ka vɩɩna a tʋgɩ tɩɩwutehe gie.","Ama and our children, this land of Solomon, the crop fields that they cause to grow well are the ones they truly cultivate.",output_mich003,,25.929148846703132,2.7482884396693366,5.3475935828877015
"Some Pharisees and teachers of the Law of Moses said, “Teacher, we want you to show us a sign from heaven.”","Womi mɩraha dɩdagɩrɩba bataŋ aŋaŋ Farasisi bataŋ die dɩ balɩ Yisa dɩ, “Dɩdagɩrʋ tɩ yaala fʋ yiwo mamachi wɩɩŋ aŋ tɩ ye.”","The people heard from the messenger, from the French, and from the king's people; Yisa said, ""Messenger, go to the market to buy what they need.""",output_mich003,,21.50133406922198,2.7482884396693366,5.3475935828877015
So be on your guard! You don't know when your Lord will come.,Die wɩa nɩ gbara dama nɩ zɩ daa dieke manɩŋ nɩ Yɔmʋtieŋ dɩ bala n keŋ.,The people who take this and go to the chief in Yɔmʋtieŋ say no.,output_mich003,,9.811958505945501,2.7482884396693366,5.3475935828877015
Then they sat down to guard him.,die ba sʋʋŋ kalɩ a gbarɩ wa.,The village people take us,output_mich003,,10.03233753191705,2.7482884396693366,5.3475935828877015
"So the Lord's promise came true, just as the prophet Jeremiah had said,","Naa die yiye mɩŋ a yi Ŋmɩŋ naazʋa Jerimaya die dɩ balla wudiekemba wo dɩ yi wusie. Die ʋ baarɩ,",We say that the story about Jeremiah is that he did wonders which he performed. That is why.,output_JA-6,,26.725392434911065,2.7482884396693366,5.3475935828877015
But I tell you that Solomon with all his wealth wasn't as well clothed as one of them.,"Ama n balɩ nɩ, halɩ naaŋ Solomoni aŋaŋ ʋ nyiŋyeeki vɩɩna mana die ka yeegi jayeekiŋ ka vɩɩna a tʋgɩ tɩɩwutehe gie.","Ama and our children, the story of Solomon is that those traveling people who went far found treasure which those people carried back with them.",output_JA-6,,25.33343574567261,2.7482884396693366,5.3475935828877015
"Some Pharisees and teachers of the Law of Moses said, “Teacher, we want you to show us a sign from heaven.”","Womi mɩraha dɩdagɩrɩba bataŋ aŋaŋ Farasisi bataŋ die dɩ balɩ Yisa dɩ, “Dɩdagɩrʋ tɩ yaala fʋ yiwo mamachi wɩɩŋ aŋ tɩ ye.”","People heard from Diddagiriba and from the French in that place, to King Yisa, saying: ""Diddagirvu said that for the people to listen well, that is what it is.""",output_JA-6,,19.538224407128546,2.7482884396693366,5.3475935828877015
So be on your guard! You don't know when your Lord will come.,Die wɩa nɩ gbara dama nɩ zɩ daa dieke manɩŋ nɩ Yɔmʋtieŋ dɩ bala n keŋ.,The people who carry the load go to the market in Yɔmʋtieŋ to sell their goods.,output_JA-6,,12.217201820162787,2.7482884396693366,5.3475935828877015
Then they sat down to guard him.,die ba sʋʋŋ kalɩ a gbarɩ wa.,The people and they come to bring us,output_JA-6,,19.827397487737468,2.7482884396693366,5.3475935828877015
"So the Lord's promise came true, just as the prophet Jeremiah had said,","Naa die yiye mɩŋ a yi Ŋmɩŋ naazʋa Jerimaya die dɩ balla wudiekemba wo dɩ yi wusie. Die ʋ baarɩ,","Our people who have come, we are the ruler from Jeremiah; that which we pray for help that they do evil—stop that and.",Dec 03 output,,24.71061539657653,2.7482884396693366,5.3475935828877015
But I tell you that Solomon with all his wealth wasn't as well clothed as one of them.,"Ama n balɩ nɩ, halɩ naaŋ Solomoni aŋaŋ ʋ nyiŋyeeki vɩɩna mana die ka yeegi jayeekiŋ ka vɩɩna a tʋgɩ tɩɩwutehe gie.","Ama and her people here, the tale of Solomon recounts that the sages and the community thus heard the royal utterances which the people always practice steadfastly.",Dec 03 output,,22.9689495611532,2.7482884396693366,5.3475935828877015
"Some Pharisees and teachers of the Law of Moses said, “Teacher, we want you to show us a sign from heaven.”","Womi mɩraha dɩdagɩrɩba bataŋ aŋaŋ Farasisi bataŋ die dɩ balɩ Yisa dɩ, “Dɩdagɩrʋ tɩ yaala fʋ yiwo mamachi wɩɩŋ aŋ tɩ ye.”","The people heard from the messenger and from the French, from the king to the people Yisa, the messenger said, ""Prepare weapons and we will go.""",Dec 03 output,,22.453578425075257,2.7482884396693366,5.3475935828877015
So be on your guard! You don't know when your Lord will come.,Die wɩa nɩ gbara dama nɩ zɩ daa dieke manɩŋ nɩ Yɔmʋtieŋ dɩ bala n keŋ.,The people who carry the load and go to the market chief in Yɔmʋtieŋ with many come.,Dec 03 output,,15.629392634115174,2.7482884396693366,5.3475935828877015
Then they sat down to guard him.,die ba sʋʋŋ kalɩ a gbarɩ wa.,The people say the chief takes us.,Dec 03 output,,15.404147539636561,2.7482884396693366,5.3475935828877015
"So the Lord's promise came true, just as the prophet Jeremiah had said,","Naa die yiye mɩŋ a yi Ŋmɩŋ naazʋa Jerimaya die dɩ balla wudiekemba wo dɩ yi wusie. Die ʋ baarɩ,","We, the people who have come, are the leaders from Jeremiah; those who pray for help do evil. That is the end.",Dec 09 output,,26.826516183576025,2.7482884396693366,5.3475935828877015
But I tell you that Solomon with all his wealth wasn't as well clothed as one of them.,"Ama n balɩ nɩ, halɩ naaŋ Solomoni aŋaŋ ʋ nyiŋyeeki vɩɩna mana die ka yeegi jayeekiŋ ka vɩɩna a tʋgɩ tɩɩwutehe gie.","Ama and our children, the story about Solomon says that the wise people who have what they call great are those who listen to their teachings.",Dec 09 output,,25.320347830156326,2.7482884396693366,5.3475935828877015
"Some Pharisees and teachers of the Law of Moses said, “Teacher, we want you to show us a sign from heaven.”","Womi mɩraha dɩdagɩrɩba bataŋ aŋaŋ Farasisi bataŋ die dɩ balɩ Yisa dɩ, “Dɩdagɩrʋ tɩ yaala fʋ yiwo mamachi wɩɩŋ aŋ tɩ ye.”","Our people from Diddagiriba and French from the dead, among the people Yisa said, ""Diddagirvu said that to the people, listen, we will do.""",Dec 09 output,,20.78805791289133,2.7482884396693366,5.3475935828877015
So be on your guard! You don't know when your Lord will come.,Die wɩa nɩ gbara dama nɩ zɩ daa dieke manɩŋ nɩ Yɔmʋtieŋ dɩ bala n keŋ.,Those who take this go to the chief in Yomvtieŋ and do not say.,Dec 09 output,,11.919919156983443,2.7482884396693366,5.3475935828877015
Then they sat down to guard him.,die ba sʋʋŋ kalɩ a gbarɩ wa.,The village chief brings the people here,Dec 09 output,,12.889121118790822,2.7482884396693366,5.3475935828877015
Jesus went to every town and village. He taught in their synagogues and preached the good news about God's kingdom. Jesus also healed every kind of disease and sickness.,"Yisa die dɩ dɩa ga tɩgɩkpɩɩma aŋaŋ tɩŋkpaŋŋɩsɩ mana mana, a die a ga Ŋmɩŋ jɩamɩŋ juone me a daga Ŋmɩŋ naarɩ wʋvɩɩna a yɩa vuosi ta gbaama yʋagɩtɩ yiri yiri mana.","Yisa, these small children are always talking and listening repeatedly; and this one goes to the village market every day, taking the young ones from the village to make them work on the chief's farm again and again.",output_onesimus007,0.16201934,24.798837730619038,2.7482884396693366,5.3475935828877015
"Out of your heart come evil thoughts, murder, unfaithfulness in marriage, vulgar deeds, stealing, telling lies, and insulting others.","Dama vuota sʋŋ ma sʋŋanyilibɩatɩ dɩ nyɩna, sɩba vuota kʋʋla, daakpana aŋaŋ hɔgʋkpana yaalɩŋ, aŋaŋ gaarɩŋ aŋaŋ ŋmɩnchɩbɩsɩ aŋaŋ kʋagaarɩŋ.","The empty dam and the empty gathering of the people, the empty herd in the pen, the chief and the householder weep, and there is hunger, no food, and thirst.",output_onesimus007,0.2568341,18.78567542990534,2.7482884396693366,5.3475935828877015
"They made a crown out of thorn branches and placed it on his head, and they put a stick in his right hand. The soldiers knelt down and pretended to worship him. They made fun of him and shouted, “Hey, you king of the Jews!”","ta die a nagɩ haŋgɔɔsɩ a wʋnsɩ sibubiŋ a nagɩ ka a bubi wo ta a nagɩ daaŋgbanɩŋ a yɩ ʋ nuudiigiŋ me, ta die a wa gbirigi ʋ nɩŋŋa a vʋarɩ wa fala, die a baarɩ dɩ, “Juu vuosi naaŋ wa, tɩ waasa fʋ!”","Then he said the story he told to the people at the gathering, which has two parts, then he went to the village and stayed there, then he shouted, ""Listen, O people, hear my words!""",output_onesimus007,0.36235714,21.14187411871652,2.7482884396693366,5.3475935828877015
But you must always act like your Father in heaven.,Die wɩa nɩ bemme vɩɩnɩŋ sɩba nɩ Chɔɔŋ Nabidie Ŋmɩŋ dɩ benne die wo arɩzanna ma.,"The people who live in the village under Chɔɔŋ Nabidie and on the riverbank, those who cross here.",output_onesimus007,-0.031663433,15.571250569864766,2.7482884396693366,5.3475935828877015
"Jesus left and went into one of their synagogues,",Yisa die nyɩŋ mi a ga juu ba Ŋmɩŋ jɩamɩŋ juoŋ kaanɩ ma.,"Bring my food from above, and the people always eat at home.",output_onesimus007,0.13729045,15.77265569916602,2.7482884396693366,5.3475935828877015
"So the Lord's promise came true, just as the prophet Jeremiah had said,","Naa die yiye mɩŋ a yi Ŋmɩŋ naazʋa Jerimaya die dɩ balla wudiekemba wo dɩ yi wusie. Die ʋ baarɩ,","We come so that we go to the town near Jeremiah, which is where they build the market place for trading. And this we pray.",john_1C6E69D4_output (8),,25.07508414592536,2.7482884396693366,5.3475935828877015
But I tell you that Solomon with all his wealth wasn't as well clothed as one of them.,"Ama n balɩ nɩ, halɩ naaŋ Solomoni aŋaŋ ʋ nyiŋyeeki vɩɩna mana die ka yeegi jayeekiŋ ka vɩɩna a tʋgɩ tɩɩwutehe gie.","Ama and our children, the story of Solomon and his wisdom—so the people said that he displayed great excellence, so that all the people were truly amazed.",john_1C6E69D4_output (8),,27.329545526030465,2.7482884396693366,5.3475935828877015
"Some Pharisees and teachers of the Law of Moses said, “Teacher, we want you to show us a sign from heaven.”","Womi mɩraha dɩdagɩrɩba bataŋ aŋaŋ Farasisi bataŋ die dɩ balɩ Yisa dɩ, “Dɩdagɩrʋ tɩ yaala fʋ yiwo mamachi wɩɩŋ aŋ tɩ ye.”","The people heard from Didagiri in their French, from Die to Bali Yisa, saying, ""Didagiri said that you should come with us to the market here that we will.""",john_1C6E69D4_output (8),,21.66276749537409,2.7482884396693366,5.3475935828877015
So be on your guard! You don't know when your Lord will come.,Die wɩa nɩ gbara dama nɩ zɩ daa dieke manɩŋ nɩ Yɔmʋtieŋ dɩ bala n keŋ.,These people take this from here and go to their village in Yɔmʋtieŋ with the help they can.,john_1C6E69D4_output (8),,10.809097225153394,2.7482884396693366,5.3475935828877015
Then they sat down to guard him.,die ba sʋʋŋ kalɩ a gbarɩ wa.,They take us to the village house,john_1C6E69D4_output (8),,17.4847545826016,2.7482884396693366,5.3475935828877015
"So the Lord's promise came true, just as the prophet Jeremiah had said,","Naa die yiye mɩŋ a yi Ŋmɩŋ naazʋa Jerimaya die dɩ balla wudiekemba wo dɩ yi wusie. Die ʋ baarɩ,",We have come with this message from Jeremiah: this prayer that they give us a response. And this is so.,output_johnayernor,,24.06026161071323,2.7482884396693366,5.3475935828877015
But I tell you that Solomon with all his wealth wasn't as well clothed as one of them.,"Ama n balɩ nɩ, halɩ naaŋ Solomoni aŋaŋ ʋ nyiŋyeeki vɩɩna mana die ka yeegi jayeekiŋ ka vɩɩna a tʋgɩ tɩɩwutehe gie.","Ama and our children, the story of the one called Solomon is that their journey with many people led them to find treasure that people guard secretly there.",output_johnayernor,,26.863256428311328,2.7482884396693366,5.3475935828877015
"Some Pharisees and teachers of the Law of Moses said, “Teacher, we want you to show us a sign from heaven.”","Womi mɩraha dɩdagɩrɩba bataŋ aŋaŋ Farasisi bataŋ die dɩ balɩ Yisa dɩ, “Dɩdagɩrʋ tɩ yaala fʋ yiwo mamachi wɩɩŋ aŋ tɩ ye.”","The people heard from Diddagiriba from the French from the king to the boy Yisa, ""Diddagirvu said that come to the market, people, and we heard.""",output_johnayernor,,19.331414265067835,2.7482884396693366,5.3475935828877015
So be on your guard! You don't know when your Lord will come.,Die wɩa nɩ gbara dama nɩ zɩ daa dieke manɩŋ nɩ Yɔmʋtieŋ dɩ bala n keŋ.,The people from the market go and sell goods in Yɔmʋtieŋ every day.,output_johnayernor,,11.321922258530911,2.7482884396693366,5.3475935828877015
Then they sat down to guard him.,die ba sʋʋŋ kalɩ a gbarɩ wa.,The people take the village chief here.,output_johnayernor,,13.593071061068866,2.7482884396693366,5.3475935828877015
"So the Lord's promise came true, just as the prophet Jeremiah had said,","Naa die yiye mɩŋ a yi Ŋmɩŋ naazʋa Jerimaya die dɩ balla wudiekemba wo dɩ yi wusie. Die ʋ baarɩ,","We are the people who come and live in the village called Jeremiah; that his house where they live there, and it is good.",Dec 11 output,,24.31887289650326,2.7482884396693366,5.3475935828877015
But I tell you that Solomon with all his wealth wasn't as well clothed as one of them.,"Ama n balɩ nɩ, halɩ naaŋ Solomoni aŋaŋ ʋ nyiŋyeeki vɩɩna mana die ka yeegi jayeekiŋ ka vɩɩna a tʋgɩ tɩɩwutehe gie.","Ama and our children, the story of the one named Solomon is that those people traveled far and found treasure which those people carried back.",Dec 11 output,,23.963678049426925,2.7482884396693366,5.3475935828877015
"Some Pharisees and teachers of the Law of Moses said, “Teacher, we want you to show us a sign from heaven.”","Womi mɩraha dɩdagɩrɩba bataŋ aŋaŋ Farasisi bataŋ die dɩ balɩ Yisa dɩ, “Dɩdagɩrʋ tɩ yaala fʋ yiwo mamachi wɩɩŋ aŋ tɩ ye.”","They were told that from the French Diddagiriba, they said to the boy Yisa, ""Diddagirl, you should take care of the sheep that are in the pen.""",Dec 11 output,,20.9241757726112,2.7482884396693366,5.3475935828877015
So be on your guard! You don't know when your Lord will come.,Die wɩa nɩ gbara dama nɩ zɩ daa dieke manɩŋ nɩ Yɔmʋtieŋ dɩ bala n keŋ.,Those people who carry goods and go to the market sell with traders every day in Yɔmʋtieŋ,Dec 11 output,,12.426791860954758,2.7482884396693366,5.3475935828877015
Then they sat down to guard him.,die ba sʋʋŋ kalɩ a gbarɩ wa.,The village people bring the chief here.,Dec 11 output,,12.889121118790822,2.7482884396693366,5.3475935828877015
"So the Lord's promise came true, just as the prophet Jeremiah had said,","Naa die yiye mɩŋ a yi Ŋmɩŋ naazʋa Jerimaya die dɩ balla wudiekemba wo dɩ yi wusie. Die ʋ baarɩ,","We say that the story about Jeremiah, which he prayed for help that they worshiped, that then ended.",gerhardt_0445F08A_output_T9n53N,,26.047922214814328,2.7482884396693366,5.3475935828877015
But I tell you that Solomon with all his wealth wasn't as well clothed as one of them.,"Ama n balɩ nɩ, halɩ naaŋ Solomoni aŋaŋ ʋ nyiŋyeeki vɩɩna mana die ka yeegi jayeekiŋ ka vɩɩna a tʋgɩ tɩɩwutehe gie.","Ama and the people, it is told of Solomon that his wisdom and the people—truly, those who heard were amazed at all the works he performed.",gerhardt_0445F08A_output_T9n53N,,25.560154630975664,2.7482884396693366,5.3475935828877015
"Some Pharisees and teachers of the Law of Moses said, “Teacher, we want you to show us a sign from heaven.”","Womi mɩraha dɩdagɩrɩba bataŋ aŋaŋ Farasisi bataŋ die dɩ balɩ Yisa dɩ, “Dɩdagɩrʋ tɩ yaala fʋ yiwo mamachi wɩɩŋ aŋ tɩ ye.”","People heard from Diddagiriba in French from the king to the people, Yisa, saying, ""Diddagiriba told you to listen to all, and they will.""",gerhardt_0445F08A_output_T9n53N,,19.381489186502694,2.7482884396693366,5.3475935828877015
So be on your guard! You don't know when your Lord will come.,Die wɩa nɩ gbara dama nɩ zɩ daa dieke manɩŋ nɩ Yɔmʋtieŋ dɩ bala n keŋ.,The people from the village go to their chief in Yɔmʋtieŋ and say.,gerhardt_0445F08A_output_T9n53N,,10.047904110317647,2.7482884396693366,5.3475935828877015
Then they sat down to guard him.,die ba sʋʋŋ kalɩ a gbarɩ wa.,The people come and carry us to the house,gerhardt_0445F08A_output_T9n53N,,16.657482432551202,2.7482884396693366,5.3475935828877015
"So the Lord's promise came true, just as the prophet Jeremiah had said,","Naa die yiye mɩŋ a yi Ŋmɩŋ naazʋa Jerimaya die dɩ balla wudiekemba wo dɩ yi wusie. Die ʋ baarɩ,",We bring this message to the people from Jeremiah the prophet; listen to the words that they say. This and end.,gerhardt_60BC0D18_output (8),,34.15446424204253,2.7482884396693366,5.3475935828877015
But I tell you that Solomon with all his wealth wasn't as well clothed as one of them.,"Ama n balɩ nɩ, halɩ naaŋ Solomoni aŋaŋ ʋ nyiŋyeeki vɩɩna mana die ka yeegi jayeekiŋ ka vɩɩna a tʋgɩ tɩɩwutehe gie.","Ama and our people, the story about Solomon says that the wise people who have their treasures and the people who seek them everywhere indeed.",gerhardt_60BC0D18_output (8),,23.7610972496587,2.7482884396693366,5.3475935828877015
"Some Pharisees and teachers of the Law of Moses said, “Teacher, we want you to show us a sign from heaven.”","Womi mɩraha dɩdagɩrɩba bataŋ aŋaŋ Farasisi bataŋ die dɩ balɩ Yisa dɩ, “Dɩdagɩrʋ tɩ yaala fʋ yiwo mamachi wɩɩŋ aŋ tɩ ye.”","They say that from Diddagiriba and from the French there, to King Yisa, it was said: ""Diddagirivu told the people, listen well, that is how it is.""",gerhardt_60BC0D18_output (8),,21.45915841702462,2.7482884396693366,5.3475935828877015
So be on your guard! You don't know when your Lord will come.,Die wɩa nɩ gbara dama nɩ zɩ daa dieke manɩŋ nɩ Yɔmʋtieŋ dɩ bala n keŋ.,The people who carry the load and go to that market in Yɔmʋtieŋ sell their goods.,gerhardt_60BC0D18_output (8),,12.44171736068952,2.7482884396693366,5.3475935828877015
Then they sat down to guard him.,die ba sʋʋŋ kalɩ a gbarɩ wa.,We carry the people of the house here.,gerhardt_60BC0D18_output (8),,12.490059174576041,2.7482884396693366,5.3475935828877015
"So the Lord's promise came true, just as the prophet Jeremiah had said,","Naa die yiye mɩŋ a yi Ŋmɩŋ naazʋa Jerimaya die dɩ balla wudiekemba wo dɩ yi wusie. Die ʋ baarɩ,","Our people come who are the chief from Jeremiah, the one who prays for us that they do service. This is significant.",onesimus_BAB3F503_Dec 10 output,,26.05692685942141,2.7482884396693366,5.3475935828877015
But I tell you that Solomon with all his wealth wasn't as well clothed as one of them.,"Ama n balɩ nɩ, halɩ naaŋ Solomoni aŋaŋ ʋ nyiŋyeeki vɩɩna mana die ka yeegi jayeekiŋ ka vɩɩna a tʋgɩ tɩɩwutehe gie.","Ama and her people, the story of Solomon they tell, and their many journeys where they found treasures which they carry back.",onesimus_BAB3F503_Dec 10 output,,22.829750736392953,2.7482884396693366,5.3475935828877015
"Some Pharisees and teachers of the Law of Moses said, “Teacher, we want you to show us a sign from heaven.”","Womi mɩraha dɩdagɩrɩba bataŋ aŋaŋ Farasisi bataŋ die dɩ balɩ Yisa dɩ, “Dɩdagɩrʋ tɩ yaala fʋ yiwo mamachi wɩɩŋ aŋ tɩ ye.”","Our people from Diddagiriba and French, and those people, Yisa said, ""Diddagirvu, those who come to your market every day will...""",onesimus_BAB3F503_Dec 10 output,,21.250177140106985,2.7482884396693366,5.3475935828877015
So be on your guard! You don't know when your Lord will come.,Die wɩa nɩ gbara dama nɩ zɩ daa dieke manɩŋ nɩ Yɔmʋtieŋ dɩ bala n keŋ.,The people who carry loads and go to the market in Yɔmʋtieŋ sell there now.,onesimus_BAB3F503_Dec 10 output,,13.683283468262724,2.7482884396693366,5.3475935828877015
Then they sat down to guard him.,die ba sʋʋŋ kalɩ a gbarɩ wa.,The small ones take us,onesimus_BAB3F503_Dec 10 output,,10.365425827825613,2.7482884396693366,5.3475935828877015
"So the Lord's promise came true, just as the prophet Jeremiah had said,","Naa die yiye mɩŋ a yi Ŋmɩŋ naazʋa Jerimaya die dɩ balla wudiekemba wo dɩ yi wusie. Die ʋ baarɩ,","We come and see the works we do, these from Jeremiah, who are called servants that they serve. And they are",onesimus_AE3F5661_Dec 08 output,,24.63194257446226,2.7482884396693366,5.3475935828877015
But I tell you that Solomon with all his wealth wasn't as well clothed as one of them.,"Ama n balɩ nɩ, halɩ naaŋ Solomoni aŋaŋ ʋ nyiŋyeeki vɩɩna mana die ka yeegi jayeekiŋ ka vɩɩna a tʋgɩ tɩɩwutehe gie.","Ama and our children, the story of the one named Solomon, and their journey with many people who went and found treasure that people guard secretly there.",onesimus_AE3F5661_Dec 08 output,,24.833833747849415,2.7482884396693366,5.3475935828877015
"Some Pharisees and teachers of the Law of Moses said, “Teacher, we want you to show us a sign from heaven.”","Womi mɩraha dɩdagɩrɩba bataŋ aŋaŋ Farasisi bataŋ die dɩ balɩ Yisa dɩ, “Dɩdagɩrʋ tɩ yaala fʋ yiwo mamachi wɩɩŋ aŋ tɩ ye.”","Our people of the council and the French, and Yisa's people died; they said, ""What the council spoke from their mouths, we will listen and do.""",onesimus_AE3F5661_Dec 08 output,,21.624167119529893,2.7482884396693366,5.3475935828877015
So be on your guard! You don't know when your Lord will come.,Die wɩa nɩ gbara dama nɩ zɩ daa dieke manɩŋ nɩ Yɔmʋtieŋ dɩ bala n keŋ.,Those people carry their load and go to the market in Yomvtieŋ that sells every day.,onesimus_AE3F5661_Dec 08 output,,11.985981280050302,2.7482884396693366,5.3475935828877015
Then they sat down to guard him.,die ba sʋʋŋ kalɩ a gbarɩ wa.,We carry the house here,onesimus_AE3F5661_Dec 08 output,,11.692530578873619,2.7482884396693366,5.3475935828877015
"So the Lord's promise came true, just as the prophet Jeremiah had said,","Naa die yiye mɩŋ a yi Ŋmɩŋ naazʋa Jerimaya die dɩ balla wudiekemba wo dɩ yi wusie. Die ʋ baarɩ,","We the people who are the leader from Jeremiah, the one who prays for us that he does the work. And that is sufficient.",onesimus_A84A9EF3_Dec 04 output,,27.012868764672344,2.7482884396693366,5.3475935828877015
But I tell you that Solomon with all his wealth wasn't as well clothed as one of them.,"Ama n balɩ nɩ, halɩ naaŋ Solomoni aŋaŋ ʋ nyiŋyeeki vɩɩna mana die ka yeegi jayeekiŋ ka vɩɩna a tʋgɩ tɩɩwutehe gie.","Ama and our children, regarding King Solomon, the many prayers of the people were said that he answered joyfully, so the people heard faithfully thus.",onesimus_A84A9EF3_Dec 04 output,,26.016573612354392,2.7482884396693366,5.3475935828877015
"Some Pharisees and teachers of the Law of Moses said, “Teacher, we want you to show us a sign from heaven.”","Womi mɩraha dɩdagɩrɩba bataŋ aŋaŋ Farasisi bataŋ die dɩ balɩ Yisa dɩ, “Dɩdagɩrʋ tɩ yaala fʋ yiwo mamachi wɩɩŋ aŋ tɩ ye.”","They say they heard from Diddagiriba in France, from the king's boy Yisa, who said, ""Diddagiriba, come to our home, so they went.""",onesimus_A84A9EF3_Dec 04 output,,20.405692710526942,2.7482884396693366,5.3475935828877015
So be on your guard! You don't know when your Lord will come.,Die wɩa nɩ gbara dama nɩ zɩ daa dieke manɩŋ nɩ Yɔmʋtieŋ dɩ bala n keŋ.,Those people carry the load and go to the market in Yɔmʋtieŋ to sell their goods.,onesimus_A84A9EF3_Dec 04 output,,12.117461865439857,2.7482884396693366,5.3475935828877015
Then they sat down to guard him.,die ba sʋʋŋ kalɩ a gbarɩ wa.,We build houses and they take us here,onesimus_A84A9EF3_Dec 04 output,,17.11442586527424,2.7482884396693366,5.3475935828877015
"So the Lord's promise came true, just as the prophet Jeremiah had said,","Naa die yiye mɩŋ a yi Ŋmɩŋ naazʋa Jerimaya die dɩ balla wudiekemba wo dɩ yi wusie. Die ʋ baarɩ,",We say that the story about Jeremiah is that he did good deeds which he performed well. That is why,gerhardt_34E1778F_output (7),,26.29922685345055,2.7482884396693366,5.3475935828877015
But I tell you that Solomon with all his wealth wasn't as well clothed as one of them.,"Ama n balɩ nɩ, halɩ naaŋ Solomoni aŋaŋ ʋ nyiŋyeeki vɩɩna mana die ka yeegi jayeekiŋ ka vɩɩna a tʋgɩ tɩɩwutehe gie.","Ama and our children, the story about Solomon says that the wise people who have it, so they speak great things, and the people who listen carefully thus.",gerhardt_34E1778F_output (7),,25.100823808605792,2.7482884396693366,5.3475935828877015
"Some Pharisees and teachers of the Law of Moses said, “Teacher, we want you to show us a sign from heaven.”","Womi mɩraha dɩdagɩrɩba bataŋ aŋaŋ Farasisi bataŋ die dɩ balɩ Yisa dɩ, “Dɩdagɩrʋ tɩ yaala fʋ yiwo mamachi wɩɩŋ aŋ tɩ ye.”","People were told by Diddagiriba and the French, from the book, Yisa said, ""Diddagirvu, come listen to all these words they said.""",gerhardt_34E1778F_output (7),,21.70542348431868,2.7482884396693366,5.3475935828877015
So be on your guard! You don't know when your Lord will come.,Die wɩa nɩ gbara dama nɩ zɩ daa dieke manɩŋ nɩ Yɔmʋtieŋ dɩ bala n keŋ.,The people who carry the load and go to the market headman from Yɔmʋtieŋ are selling with them.,gerhardt_34E1778F_output (7),,12.509179750929578,2.7482884396693366,5.3475935828877015
Then they sat down to guard him.,die ba sʋʋŋ kalɩ a gbarɩ wa.,The people of the market take food and bring here,gerhardt_34E1778F_output (7),,16.394410424960668,2.7482884396693366,5.3475935828877015
"So the Lord's promise came true, just as the prophet Jeremiah had said,","Naa die yiye mɩŋ a yi Ŋmɩŋ naazʋa Jerimaya die dɩ balla wudiekemba wo dɩ yi wusie. Die ʋ baarɩ,",They say that the story about Jeremiah is that he did the work well. That is why.,output_JA-5,,24.007322082072026,2.7482884396693366,5.3475935828877015
But I tell you that Solomon with all his wealth wasn't as well clothed as one of them.,"Ama n balɩ nɩ, halɩ naaŋ Solomoni aŋaŋ ʋ nyiŋyeeki vɩɩna mana die ka yeegi jayeekiŋ ka vɩɩna a tʋgɩ tɩɩwutehe gie.","Ama and our people, the story about Solomon is that he gave his wisdom to the people so that they might live well, and so that the people might always know the truth.",output_JA-5,,26.954048799193124,2.7482884396693366,5.3475935828877015
"Some Pharisees and teachers of the Law of Moses said, “Teacher, we want you to show us a sign from heaven.”","Womi mɩraha dɩdagɩrɩba bataŋ aŋaŋ Farasisi bataŋ die dɩ balɩ Yisa dɩ, “Dɩdagɩrʋ tɩ yaala fʋ yiwo mamachi wɩɩŋ aŋ tɩ ye.”","The people of Diddagiriba and the French from the king to Chief Yisa were told, ""Diddagiriba said, 'Do not fight among yourselves, and that you should not...'""",output_JA-5,,22.147843341839565,2.7482884396693366,5.3475935828877015
So be on your guard! You don't know when your Lord will come.,Die wɩa nɩ gbara dama nɩ zɩ daa dieke manɩŋ nɩ Yɔmʋtieŋ dɩ bala n keŋ.,The people who carry loads go to the market of Chief Yɔmʋtieŋ and the people sell.,output_JA-5,,11.120698669897985,2.7482884396693366,5.3475935828877015
Then they sat down to guard him.,die ba sʋʋŋ kalɩ a gbarɩ wa.,The people here bring us.,output_JA-5,,12.169138827637541,2.7482884396693366,5.3475935828877015
"So the Lord's promise came true, just as the prophet Jeremiah had said,","Naa die yiye mɩŋ a yi Ŋmɩŋ naazʋa Jerimaya die dɩ balla wudiekemba wo dɩ yi wusie. Die ʋ baarɩ,","We, the people who come from the village of Jeremiah, the one who prays every day and they work. Now listen!",john_86344B85_output (7),,24.816214837899373,2.7482884396693366,5.3475935828877015
But I tell you that Solomon with all his wealth wasn't as well clothed as one of them.,"Ama n balɩ nɩ, halɩ naaŋ Solomoni aŋaŋ ʋ nyiŋyeeki vɩɩna mana die ka yeegi jayeekiŋ ka vɩɩna a tʋgɩ tɩɩwutehe gie.","Ama and our children, the story of the one named Solomon, and their journey with many people who went and saw treasure that is guarded well by people there.",john_86344B85_output (7),,26.716468249941798,2.7482884396693366,5.3475935828877015
"Some Pharisees and teachers of the Law of Moses said, “Teacher, we want you to show us a sign from heaven.”","Womi mɩraha dɩdagɩrɩba bataŋ aŋaŋ Farasisi bataŋ die dɩ balɩ Yisa dɩ, “Dɩdagɩrʋ tɩ yaala fʋ yiwo mamachi wɩɩŋ aŋ tɩ ye.”","People heard from Diddagiriba in French territory, from the king to the people, Yisa said, ""Diddagirvu said that you should listen well and that is true.""",john_86344B85_output (7),,22.515189509501766,2.7482884396693366,5.3475935828877015
So be on your guard! You don't know when your Lord will come.,Die wɩa nɩ gbara dama nɩ zɩ daa dieke manɩŋ nɩ Yɔmʋtieŋ dɩ bala n keŋ.,The people who take this and go to their village in Yɔmʋtieŋ with all they have.,john_86344B85_output (7),,10.59278506467205,2.7482884396693366,5.3475935828877015
Then they sat down to guard him.,die ba sʋʋŋ kalɩ a gbarɩ wa.,These people come to build houses here.,john_86344B85_output (7),,13.54515219528205,2.7482884396693366,5.3475935828877015
"So the Lord's promise came true, just as the prophet Jeremiah had said,","Naa die yiye mɩŋ a yi Ŋmɩŋ naazʋa Jerimaya die dɩ balla wudiekemba wo dɩ yi wusie. Die ʋ baarɩ,","Our people who have come, that the word from Jeremiah—he who prays for us and speaks the truth. And praise.",Dec 05 output,,30.31525834558593,2.7482884396693366,5.3475935828877015
But I tell you that Solomon with all his wealth wasn't as well clothed as one of them.,"Ama n balɩ nɩ, halɩ naaŋ Solomoni aŋaŋ ʋ nyiŋyeeki vɩɩna mana die ka yeegi jayeekiŋ ka vɩɩna a tʋgɩ tɩɩwutehe gie.","Ama and our children, tell Solomon and the people that the many stories of the people which are well listened to, that the people always teach thus.",Dec 05 output,,28.614127058009466,2.7482884396693366,5.3475935828877015
"Some Pharisees and teachers of the Law of Moses said, “Teacher, we want you to show us a sign from heaven.”","Womi mɩraha dɩdagɩrɩba bataŋ aŋaŋ Farasisi bataŋ die dɩ balɩ Yisa dɩ, “Dɩdagɩrʋ tɩ yaala fʋ yiwo mamachi wɩɩŋ aŋ tɩ ye.”","They say that people heard from Diddagiriba in French territory, from the king's boy Yisa, he said: ""Diddagirvu said, come here and listen to our words so that you may know.""",Dec 05 output,,23.182542831403264,2.7482884396693366,5.3475935828877015
So be on your guard! You don't know when your Lord will come.,Die wɩa nɩ gbara dama nɩ zɩ daa dieke manɩŋ nɩ Yɔmʋtieŋ dɩ bala n keŋ.,The people who carry the load they take to the market vendor in Yɔmʋtieŋ and buy daily.,Dec 05 output,,13.156281190965155,2.7482884396693366,5.3475935828877015
Then they sat down to guard him.,die ba sʋʋŋ kalɩ a gbarɩ wa.,The people live here and protect us.,Dec 05 output,,13.182186464785694,2.7482884396693366,5.3475935828877015
"So the Lord's promise came true, just as the prophet Jeremiah had said,","Naa die yiye mɩŋ a yi Ŋmɩŋ naazʋa Jerimaya die dɩ balla wudiekemba wo dɩ yi wusie. Die ʋ baarɩ,",We say that the story about Jeremiah among the people is that he did the wonderful deeds he performed. That is so.,onesimus_C968674F_Dec 07 output,,26.777971735175743,2.7482884396693366,5.3475935828877015
But I tell you that Solomon with all his wealth wasn't as well clothed as one of them.,"Ama n balɩ nɩ, halɩ naaŋ Solomoni aŋaŋ ʋ nyiŋyeeki vɩɩna mana die ka yeegi jayeekiŋ ka vɩɩna a tʋgɩ tɩɩwutehe gie.","Ama and our children, the story of the man named Solomon says that those people went on a journey so that they might see all the world, teaching the people the way.",onesimus_C968674F_Dec 07 output,,27.020915570707448,2.7482884396693366,5.3475935828877015
"Some Pharisees and teachers of the Law of Moses said, “Teacher, we want you to show us a sign from heaven.”","Womi mɩraha dɩdagɩrɩba bataŋ aŋaŋ Farasisi bataŋ die dɩ balɩ Yisa dɩ, “Dɩdagɩrʋ tɩ yaala fʋ yiwo mamachi wɩɩŋ aŋ tɩ ye.”","It is said that from Diddagirliba in French, from the king to the people Yisa said, ""Diddagirlu said that you should listen well and they said.""",onesimus_C968674F_Dec 07 output,,21.759723104792407,2.7482884396693366,5.3475935828877015
So be on your guard! You don't know when your Lord will come.,Die wɩa nɩ gbara dama nɩ zɩ daa dieke manɩŋ nɩ Yɔmʋtieŋ dɩ bala n keŋ.,"Those who carry market goods and go to their young people in Yɔmʋtieŋ to trade, always",onesimus_C968674F_Dec 07 output,,14.092848457919787,2.7482884396693366,5.3475935828877015
Then they sat down to guard him.,die ba sʋʋŋ kalɩ a gbarɩ wa.,The people take this food here,onesimus_C968674F_Dec 07 output,,14.42246265362661,2.7482884396693366,5.3475935828877015
"So the Lord's promise came true, just as the prophet Jeremiah had said,","Naa die yiye mɩŋ a yi Ŋmɩŋ naazʋa Jerimaya die dɩ balla wudiekemba wo dɩ yi wusie. Die ʋ baarɩ,","We come and see the work that we do for Jeremiah, who are called servants that they might serve. And they did",john_C52DEBBB_output (10),,24.550549978552024,2.7482884396693366,5.3475935828877015
But I tell you that Solomon with all his wealth wasn't as well clothed as one of them.,"Ama n balɩ nɩ, halɩ naaŋ Solomoni aŋaŋ ʋ nyiŋyeeki vɩɩna mana die ka yeegi jayeekiŋ ka vɩɩna a tʋgɩ tɩɩwutehe gie.","Ama and our child, the story of Solomon says that the wise people who teach good things, those people always listen truly.",john_C52DEBBB_output (10),,24.79372387351197,2.7482884396693366,5.3475935828877015
"Some Pharisees and teachers of the Law of Moses said, “Teacher, we want you to show us a sign from heaven.”","Womi mɩraha dɩdagɩrɩba bataŋ aŋaŋ Farasisi bataŋ die dɩ balɩ Yisa dɩ, “Dɩdagɩrʋ tɩ yaala fʋ yiwo mamachi wɩɩŋ aŋ tɩ ye.”","The people heard the teacher say to French and then said to the boy Yisa, ""Teacher, you should read the book every day so that you learn.""",john_C52DEBBB_output (10),,28.27052615242221,2.7482884396693366,5.3475935828877015
So be on your guard! You don't know when your Lord will come.,Die wɩa nɩ gbara dama nɩ zɩ daa dieke manɩŋ nɩ Yɔmʋtieŋ dɩ bala n keŋ.,Traders say that the people who carry the load go to the market village in Yɔmʋtieŋ.,john_C52DEBBB_output (10),,11.683855463494114,2.7482884396693366,5.3475935828877015
Then they sat down to guard him.,die ba sʋʋŋ kalɩ a gbarɩ wa.,They take us to the chief's house,john_C52DEBBB_output (10),,16.87386555771392,2.7482884396693366,5.3475935828877015
"So the Lord's promise came true, just as the prophet Jeremiah had said,","Naa die yiye mɩŋ a yi Ŋmɩŋ naazʋa Jerimaya die dɩ balla wudiekemba wo dɩ yi wusie. Die ʋ baarɩ,","We, the people who are coming, say that the matter concerning Jeremiah is that they pray for forgiveness for those who do evil. That and ends.",gerhardt_62CB5CC1_output (4),,24.89303917394108,2.7482884396693366,5.3475935828877015
But I tell you that Solomon with all his wealth wasn't as well clothed as one of them.,"Ama n balɩ nɩ, halɩ naaŋ Solomoni aŋaŋ ʋ nyiŋyeeki vɩɩna mana die ka yeegi jayeekiŋ ka vɩɩna a tʋgɩ tɩɩwutehe gie.","Our people, the story about Solomon is that his wisdom and the people—therefore they heard that they saw his deeds, which the people indeed highly praised.",gerhardt_62CB5CC1_output (4),,24.089688705871286,2.7482884396693366,5.3475935828877015
"Some Pharisees and teachers of the Law of Moses said, “Teacher, we want you to show us a sign from heaven.”","Womi mɩraha dɩdagɩrɩba bataŋ aŋaŋ Farasisi bataŋ die dɩ balɩ Yisa dɩ, “Dɩdagɩrʋ tɩ yaala fʋ yiwo mamachi wɩɩŋ aŋ tɩ ye.”","People heard from Diddagiriba and the French, from their king Yisa, saying: ""Diddagirvu said that to us people, listen well and they said.""",gerhardt_62CB5CC1_output (4),,20.00430108044358,2.7482884396693366,5.3475935828877015
So be on your guard! You don't know when your Lord will come.,Die wɩa nɩ gbara dama nɩ zɩ daa dieke manɩŋ nɩ Yɔmʋtieŋ dɩ bala n keŋ.,Those people who take this and go to their leaders in Yomvetieŋ live here.,gerhardt_62CB5CC1_output (4),,11.063249945095533,2.7482884396693366,5.3475935828877015
Then they sat down to guard him.,die ba sʋʋŋ kalɩ a gbarɩ wa.,The people dwell in the land and protect it.,gerhardt_62CB5CC1_output (4),,17.581239124095728,2.7482884396693366,5.3475935828877015
"So the Lord's promise came true, just as the prophet Jeremiah had said,","Naa die yiye mɩŋ a yi Ŋmɩŋ naazʋa Jerimaya die dɩ balla wudiekemba wo dɩ yi wusie. Die ʋ baarɩ,","We the people who are the leader from Jeremiah, the one who prays for us that he does the work. And that is sufficient.",Dec 04 output,,27.012868764672344,2.7482884396693366,5.3475935828877015
But I tell you that Solomon with all his wealth wasn't as well clothed as one of them.,"Ama n balɩ nɩ, halɩ naaŋ Solomoni aŋaŋ ʋ nyiŋyeeki vɩɩna mana die ka yeegi jayeekiŋ ka vɩɩna a tʋgɩ tɩɩwutehe gie.","Ama and our children, regarding King Solomon, the many prayers of the people were said that he answered joyfully, so the people heard faithfully thus.",Dec 04 output,,26.016573612354392,2.7482884396693366,5.3475935828877015
"Some Pharisees and teachers of the Law of Moses said, “Teacher, we want you to show us a sign from heaven.”","Womi mɩraha dɩdagɩrɩba bataŋ aŋaŋ Farasisi bataŋ die dɩ balɩ Yisa dɩ, “Dɩdagɩrʋ tɩ yaala fʋ yiwo mamachi wɩɩŋ aŋ tɩ ye.”","They say they heard from Diddagiriba in France, from the king's boy Yisa, who said, ""Diddagiriba, come to our home, so they went.""",Dec 04 output,,20.405692710526942,2.7482884396693366,5.3475935828877015
So be on your guard! You don't know when your Lord will come.,Die wɩa nɩ gbara dama nɩ zɩ daa dieke manɩŋ nɩ Yɔmʋtieŋ dɩ bala n keŋ.,Those people carry the load and go to the market in Yɔmʋtieŋ to sell their goods.,Dec 04 output,,12.117461865439857,2.7482884396693366,5.3475935828877015
Then they sat down to guard him.,die ba sʋʋŋ kalɩ a gbarɩ wa.,We build houses and they take us here,Dec 04 output,,17.11442586527424,2.7482884396693366,5.3475935828877015
"So the Lord's promise came true, just as the prophet Jeremiah had said,","Naa die yiye mɩŋ a yi Ŋmɩŋ naazʋa Jerimaya die dɩ balla wudiekemba wo dɩ yi wusie. Die ʋ baarɩ,","We, the coming people, say the story about Jeremiah, who prays to God and speaks the truth. That is the end.",gerhardt_676E558A_output (6),,29.82750388045031,2.7482884396693366,5.3475935828877015
But I tell you that Solomon with all his wealth wasn't as well clothed as one of them.,"Ama n balɩ nɩ, halɩ naaŋ Solomoni aŋaŋ ʋ nyiŋyeeki vɩɩna mana die ka yeegi jayeekiŋ ka vɩɩna a tʋgɩ tɩɩwutehe gie.","Ama and her people, the story about Solomon says that with his wisdom the people truly seek that he guides them, so he always walks the right path.",gerhardt_676E558A_output (6),,27.074782284127924,2.7482884396693366,5.3475935828877015
"Some Pharisees and teachers of the Law of Moses said, “Teacher, we want you to show us a sign from heaven.”","Womi mɩraha dɩdagɩrɩba bataŋ aŋaŋ Farasisi bataŋ die dɩ balɩ Yisa dɩ, “Dɩdagɩrʋ tɩ yaala fʋ yiwo mamachi wɩɩŋ aŋ tɩ ye.”","They say they heard from Diddagiriba in the French land, and the Yisa people said, ""Diddagirvu that they come to help us always so that we may live.""",gerhardt_676E558A_output (6),,22.311211437097704,2.7482884396693366,5.3475935828877015
So be on your guard! You don't know when your Lord will come.,Die wɩa nɩ gbara dama nɩ zɩ daa dieke manɩŋ nɩ Yɔmʋtieŋ dɩ bala n keŋ.,The people who carry loads and go to Dieke's market in Yɔmʋtieŋ sell their goods.,gerhardt_676E558A_output (6),,12.711124759580416,2.7482884396693366,5.3475935828877015
Then they sat down to guard him.,die ba sʋʋŋ kalɩ a gbarɩ wa.,They bring these cassava bags here,gerhardt_676E558A_output (6),,15.337290953374636,2.7482884396693366,5.3475935828877015
"So the Lord's promise came true, just as the prophet Jeremiah had said,","Naa die yiye mɩŋ a yi Ŋmɩŋ naazʋa Jerimaya die dɩ balla wudiekemba wo dɩ yi wusie. Die ʋ baarɩ,","People say that the story about Jeremiah, the good work he did and performed well, ended.",gerhardt_107423D8_output (9),,24.900307602791088,2.7482884396693366,5.3475935828877015
But I tell you that Solomon with all his wealth wasn't as well clothed as one of them.,"Ama n balɩ nɩ, halɩ naaŋ Solomoni aŋaŋ ʋ nyiŋyeeki vɩɩna mana die ka yeegi jayeekiŋ ka vɩɩna a tʋgɩ tɩɩwutehe gie.","Ama, our people, it is said about Solomon that his wisdom and the people were so great that they praised him, and the people served him faithfully always.",gerhardt_107423D8_output (9),,26.36769983896406,2.7482884396693366,5.3475935828877015
"Some Pharisees and teachers of the Law of Moses said, “Teacher, we want you to show us a sign from heaven.”","Womi mɩraha dɩdagɩrɩba bataŋ aŋaŋ Farasisi bataŋ die dɩ balɩ Yisa dɩ, “Dɩdagɩrʋ tɩ yaala fʋ yiwo mamachi wɩɩŋ aŋ tɩ ye.”","It is said that from Diddagiriba among the French, from the king to the people, Yisa said, ""Diddagirvu said to you, listen well, for that is the case.""",gerhardt_107423D8_output (9),,21.32021108089505,2.7482884396693366,5.3475935828877015
So be on your guard! You don't know when your Lord will come.,Die wɩa nɩ gbara dama nɩ zɩ daa dieke manɩŋ nɩ Yɔmʋtieŋ dɩ bala n keŋ.,Those who take this and go to see the chief in Yɔmʋtieŋ live here.,gerhardt_107423D8_output (9),,8.722047030563123,2.7482884396693366,5.3475935828877015
Then they sat down to guard him.,die ba sʋʋŋ kalɩ a gbarɩ wa.,We carry the people of the village market here.,gerhardt_107423D8_output (9),,13.53167800197527,2.7482884396693366,5.3475935828877015
"So the Lord's promise came true, just as the prophet Jeremiah had said,","Naa die yiye mɩŋ a yi Ŋmɩŋ naazʋa Jerimaya die dɩ balla wudiekemba wo dɩ yi wusie. Die ʋ baarɩ,","We come and see the things we do for Jeremiah, who are called servants that they might serve. Indeed we say",gerhardt_E4F773B6_output (3),,25.151996624958507,2.7482884396693366,5.3475935828877015
But I tell you that Solomon with all his wealth wasn't as well clothed as one of them.,"Ama n balɩ nɩ, halɩ naaŋ Solomoni aŋaŋ ʋ nyiŋyeeki vɩɩna mana die ka yeegi jayeekiŋ ka vɩɩna a tʋgɩ tɩɩwutehe gie.","Ama and our children, the story about Solomon tells that the wise people who possess what is said to be great teach with wisdom indeed.",gerhardt_E4F773B6_output (3),,26.607702266579192,2.7482884396693366,5.3475935828877015
"Some Pharisees and teachers of the Law of Moses said, “Teacher, we want you to show us a sign from heaven.”","Womi mɩraha dɩdagɩrɩba bataŋ aŋaŋ Farasisi bataŋ die dɩ balɩ Yisa dɩ, “Dɩdagɩrʋ tɩ yaala fʋ yiwo mamachi wɩɩŋ aŋ tɩ ye.”","The people heard from Diddagiriba and from the French book that Yisa said, ""Diddagirvu, come to do all the work and it will be done.""",gerhardt_E4F773B6_output (3),,20.184567433684325,2.7482884396693366,5.3475935828877015
So be on your guard! You don't know when your Lord will come.,Die wɩa nɩ gbara dama nɩ zɩ daa dieke manɩŋ nɩ Yɔmʋtieŋ dɩ bala n keŋ.,Those who carry loads that they take to the market in Yɔmʋtieŋ want to sell.,gerhardt_E4F773B6_output (3),,10.684452128631063,2.7482884396693366,5.3475935828877015
Then they sat down to guard him.,die ba sʋʋŋ kalɩ a gbarɩ wa.,The sky and earth carry us,gerhardt_E4F773B6_output (3),,12.835806506746723,2.7482884396693366,5.3475935828877015
"So the Lord's promise came true, just as the prophet Jeremiah had said,","Naa die yiye mɩŋ a yi Ŋmɩŋ naazʋa Jerimaya die dɩ balla wudiekemba wo dɩ yi wusie. Die ʋ baarɩ,","We, these people who have brought our message from Jeremiah the prophet, keep saying that they should listen. This is important.",john_B0DBB2CB_output (4),,31.420262133238865,2.7482884396693366,5.3475935828877015
But I tell you that Solomon with all his wealth wasn't as well clothed as one of them.,"Ama n balɩ nɩ, halɩ naaŋ Solomoni aŋaŋ ʋ nyiŋyeeki vɩɩna mana die ka yeegi jayeekiŋ ka vɩɩna a tʋgɩ tɩɩwutehe gie.","Ama and our children, the story of the one named Solomon exists, and their journey with many people went such that they found treasure which people guard carefully.",john_B0DBB2CB_output (4),,25.101001881343464,2.7482884396693366,5.3475935828877015
"Some Pharisees and teachers of the Law of Moses said, “Teacher, we want you to show us a sign from heaven.”","Womi mɩraha dɩdagɩrɩba bataŋ aŋaŋ Farasisi bataŋ die dɩ balɩ Yisa dɩ, “Dɩdagɩrʋ tɩ yaala fʋ yiwo mamachi wɩɩŋ aŋ tɩ ye.”","Our people Diddagiriba and the French died, and Yisa said to the people, ""Diddagirvu said that they inflicted much suffering on them, and that is why...""",john_B0DBB2CB_output (4),,18.64717748965076,2.7482884396693366,5.3475935828877015
So be on your guard! You don't know when your Lord will come.,Die wɩa nɩ gbara dama nɩ zɩ daa dieke manɩŋ nɩ Yɔmʋtieŋ dɩ bala n keŋ.,The people who carry the market go and live in the chief's village in Yɔmʋtieŋ with help.,john_B0DBB2CB_output (4),,11.515263328072761,2.7482884396693366,5.3475935828877015
Then they sat down to guard him.,die ba sʋʋŋ kalɩ a gbarɩ wa.,The people of the village bring the chief here.,john_B0DBB2CB_output (4),,13.596677420787614,2.7482884396693366,5.3475935828877015
"So the Lord's promise came true, just as the prophet Jeremiah had said,","Naa die yiye mɩŋ a yi Ŋmɩŋ naazʋa Jerimaya die dɩ balla wudiekemba wo dɩ yi wusie. Die ʋ baarɩ,",We people say that the matter about Jeremiah is that he prays to the Lord whom they worship. And listen.,gerhardt_E32D1C1E_output_mzX2S5,,33.195390150285235,2.7482884396693366,5.3475935828877015
But I tell you that Solomon with all his wealth wasn't as well clothed as one of them.,"Ama n balɩ nɩ, halɩ naaŋ Solomoni aŋaŋ ʋ nyiŋyeeki vɩɩna mana die ka yeegi jayeekiŋ ka vɩɩna a tʋgɩ tɩɩwutehe gie.","Ama and our people, the story about Solomon states that the wise people who possess and teach the lessons, and the people who listen faithfully thus.",gerhardt_E32D1C1E_output_mzX2S5,,25.496846488859603,2.7482884396693366,5.3475935828877015
"Some Pharisees and teachers of the Law of Moses said, “Teacher, we want you to show us a sign from heaven.”","Womi mɩraha dɩdagɩrɩba bataŋ aŋaŋ Farasisi bataŋ die dɩ balɩ Yisa dɩ, “Dɩdagɩrʋ tɩ yaala fʋ yiwo mamachi wɩɩŋ aŋ tɩ ye.”","People heard that Diddagirliba and the French said to the boy Yisa, ""Diddagirliba comes from the market to buy things; we will take them.""",gerhardt_E32D1C1E_output_mzX2S5,,19.371305694138915,2.7482884396693366,5.3475935828877015
So be on your guard! You don't know when your Lord will come.,Die wɩa nɩ gbara dama nɩ zɩ daa dieke manɩŋ nɩ Yɔmʋtieŋ dɩ bala n keŋ.,The people who carry their loads and go to the main market in Yomvtieŋ sell their goods.,gerhardt_E32D1C1E_output_mzX2S5,,13.417956606463157,2.7482884396693366,5.3475935828877015
Then they sat down to guard him.,die ba sʋʋŋ kalɩ a gbarɩ wa.,The market people come to take us.,gerhardt_E32D1C1E_output_mzX2S5,,13.408748060140951,2.7482884396693366,5.3475935828877015
"So the Lord's promise came true, just as the prophet Jeremiah had said,","Naa die yiye mɩŋ a yi Ŋmɩŋ naazʋa Jerimaya die dɩ balla wudiekemba wo dɩ yi wusie. Die ʋ baarɩ,","We come and see the work we do for Jeremiah, those who are called servants that they might serve. Indeed we say",gerhardt_145C11AE_output (2),,24.137979420140503,2.7482884396693366,5.3475935828877015
But I tell you that Solomon with all his wealth wasn't as well clothed as one of them.,"Ama n balɩ nɩ, halɩ naaŋ Solomoni aŋaŋ ʋ nyiŋyeeki vɩɩna mana die ka yeegi jayeekiŋ ka vɩɩna a tʋgɩ tɩɩwutehe gie.","Ama and our children, the land of King Solomon, and the people of the land who dwell in that good peace, and the land they till diligently always.",gerhardt_145C11AE_output (2),,25.856935046605695,2.7482884396693366,5.3475935828877015
"Some Pharisees and teachers of the Law of Moses said, “Teacher, we want you to show us a sign from heaven.”","Womi mɩraha dɩdagɩrɩba bataŋ aŋaŋ Farasisi bataŋ die dɩ balɩ Yisa dɩ, “Dɩdagɩrʋ tɩ yaala fʋ yiwo mamachi wɩɩŋ aŋ tɩ ye.”","People say that from Diddagiriba, from the French, from the dead, King Yisa said, ""Diddagirī came from there to see his chief, and he said.""",gerhardt_145C11AE_output (2),,21.33463150329827,2.7482884396693366,5.3475935828877015
So be on your guard! You don't know when your Lord will come.,Die wɩa nɩ gbara dama nɩ zɩ daa dieke manɩŋ nɩ Yɔmʋtieŋ dɩ bala n keŋ.,Those who carry the load and go to this market in Yɔmʋtieŋ do it with force.,gerhardt_145C11AE_output (2),,13.015209684804846,2.7482884396693366,5.3475935828877015
Then they sat down to guard him.,die ba sʋʋŋ kalɩ a gbarɩ wa.,The people live here and take us.,gerhardt_145C11AE_output (2),,12.850950722698883,2.7482884396693366,5.3475935828877015
"So the Lord's promise came true, just as the prophet Jeremiah had said,","Naa die yiye mɩŋ a yi Ŋmɩŋ naazʋa Jerimaya die dɩ balla wudiekemba wo dɩ yi wusie. Die ʋ baarɩ,","We come to show you the things we do for Jeremiah, those who are called servants that they may serve. And they said",gerhardt_087BEB88_output_loRIsq,,26.503016361526267,2.7482884396693366,5.3475935828877015
But I tell you that Solomon with all his wealth wasn't as well clothed as one of them.,"Ama n balɩ nɩ, halɩ naaŋ Solomoni aŋaŋ ʋ nyiŋyeeki vɩɩna mana die ka yeegi jayeekiŋ ka vɩɩna a tʋgɩ tɩɩwutehe gie.","Ama and our children, this King Solomon, and the many prayers of the people said that they bring supplication that the people may truly listen thus.",gerhardt_087BEB88_output_loRIsq,,24.302734577747444,2.7482884396693366,5.3475935828877015
"Some Pharisees and teachers of the Law of Moses said, “Teacher, we want you to show us a sign from heaven.”","Womi mɩraha dɩdagɩrɩba bataŋ aŋaŋ Farasisi bataŋ die dɩ balɩ Yisa dɩ, “Dɩdagɩrʋ tɩ yaala fʋ yiwo mamachi wɩɩŋ aŋ tɩ ye.”","We heard from the French story in the book, to the boy Yisa, saying: ""The story says, listen to the people so that you may know.""",gerhardt_087BEB88_output_loRIsq,,18.89868041863351,2.7482884396693366,5.3475935828877015
So be on your guard! You don't know when your Lord will come.,Die wɩa nɩ gbara dama nɩ zɩ daa dieke manɩŋ nɩ Yɔmʋtieŋ dɩ bala n keŋ.,The people who carry market goods go to their young people in Yɔmʋtieŋ to trade and always,gerhardt_087BEB88_output_loRIsq,,13.935727281196197,2.7482884396693366,5.3475935828877015
Then they sat down to guard him.,die ba sʋʋŋ kalɩ a gbarɩ wa.,They say good words that we hear here,gerhardt_087BEB88_output_loRIsq,,23.09574543785133,2.7482884396693366,5.3475935828877015
"So the Lord's promise came true, just as the prophet Jeremiah had said,","Naa die yiye mɩŋ a yi Ŋmɩŋ naazʋa Jerimaya die dɩ balla wudiekemba wo dɩ yi wusie. Die ʋ baarɩ,",They say that our people's story about Jeremiah is that he did things he was accustomed to do. That is why,john_C904F397_output (2),,26.576827968192063,2.7482884396693366,5.3475935828877015
But I tell you that Solomon with all his wealth wasn't as well clothed as one of them.,"Ama n balɩ nɩ, halɩ naaŋ Solomoni aŋaŋ ʋ nyiŋyeeki vɩɩna mana die ka yeegi jayeekiŋ ka vɩɩna a tʋgɩ tɩɩwutehe gie.","Ama and her people, they say of Solomon that in his wise reign, he gave judgments such that his people were truly satisfied.",john_C904F397_output (2),,23.190462902695653,2.7482884396693366,5.3475935828877015
"Some Pharisees and teachers of the Law of Moses said, “Teacher, we want you to show us a sign from heaven.”","Womi mɩraha dɩdagɩrɩba bataŋ aŋaŋ Farasisi bataŋ die dɩ balɩ Yisa dɩ, “Dɩdagɩrʋ tɩ yaala fʋ yiwo mamachi wɩɩŋ aŋ tɩ ye.”","They say that Diddagiriba and the French died, and Yisa said to Balī: ""Diddagirru, the trader who came from the market, was killed.""",john_C904F397_output (2),,19.03609572654703,2.7482884396693366,5.3475935828877015
So be on your guard! You don't know when your Lord will come.,Die wɩa nɩ gbara dama nɩ zɩ daa dieke manɩŋ nɩ Yɔmʋtieŋ dɩ bala n keŋ.,The people who carry market go to their youths in Yɔmʋtieŋ with trade and always.,john_C904F397_output (2),,13.363510880490907,2.7482884396693366,5.3475935828877015
Then they sat down to guard him.,die ba sʋʋŋ kalɩ a gbarɩ wa.,The people sleep in the house and they come,john_C904F397_output (2),,19.05067888248585,2.7482884396693366,5.3475935828877015
"So the Lord's promise came true, just as the prophet Jeremiah had said,","Naa die yiye mɩŋ a yi Ŋmɩŋ naazʋa Jerimaya die dɩ balla wudiekemba wo dɩ yi wusie. Die ʋ baarɩ,","We are the people who come and live in the village called Jeremiah; that his house where they live there, and it is good.",onesimus_E33AE420_Dec 11 output,,24.31887289650326,2.7482884396693366,5.3475935828877015
But I tell you that Solomon with all his wealth wasn't as well clothed as one of them.,"Ama n balɩ nɩ, halɩ naaŋ Solomoni aŋaŋ ʋ nyiŋyeeki vɩɩna mana die ka yeegi jayeekiŋ ka vɩɩna a tʋgɩ tɩɩwutehe gie.","Ama and our children, the story of the one named Solomon is that those people traveled far and found treasure which those people carried back.",onesimus_E33AE420_Dec 11 output,,23.963678049426925,2.7482884396693366,5.3475935828877015
"Some Pharisees and teachers of the Law of Moses said, “Teacher, we want you to show us a sign from heaven.”","Womi mɩraha dɩdagɩrɩba bataŋ aŋaŋ Farasisi bataŋ die dɩ balɩ Yisa dɩ, “Dɩdagɩrʋ tɩ yaala fʋ yiwo mamachi wɩɩŋ aŋ tɩ ye.”","They were told that from the French Diddagiriba, they said to the boy Yisa, ""Diddagirl, you should take care of the sheep that are in the pen.""",onesimus_E33AE420_Dec 11 output,,20.9241757726112,2.7482884396693366,5.3475935828877015
So be on your guard! You don't know when your Lord will come.,Die wɩa nɩ gbara dama nɩ zɩ daa dieke manɩŋ nɩ Yɔmʋtieŋ dɩ bala n keŋ.,Those people who carry goods and go to the market sell with traders every day in Yɔmʋtieŋ,onesimus_E33AE420_Dec 11 output,,12.426791860954758,2.7482884396693366,5.3475935828877015
Then they sat down to guard him.,die ba sʋʋŋ kalɩ a gbarɩ wa.,The village people bring the chief here.,onesimus_E33AE420_Dec 11 output,,12.889121118790822,2.7482884396693366,5.3475935828877015
"So the Lord's promise came true, just as the prophet Jeremiah had said,","Naa die yiye mɩŋ a yi Ŋmɩŋ naazʋa Jerimaya die dɩ balla wudiekemba wo dɩ yi wusie. Die ʋ baarɩ,","We, the people who have come, are the leaders from Jeremiah; those who pray for help do evil. That is the end.",onesimus_48E85B7F_Dec 09 output,,26.826516183576025,2.7482884396693366,5.3475935828877015
But I tell you that Solomon with all his wealth wasn't as well clothed as one of them.,"Ama n balɩ nɩ, halɩ naaŋ Solomoni aŋaŋ ʋ nyiŋyeeki vɩɩna mana die ka yeegi jayeekiŋ ka vɩɩna a tʋgɩ tɩɩwutehe gie.","Ama and our children, the story about Solomon says that the wise people who have what they call great are those who listen to their teachings.",onesimus_48E85B7F_Dec 09 output,,25.320347830156326,2.7482884396693366,5.3475935828877015
"Some Pharisees and teachers of the Law of Moses said, “Teacher, we want you to show us a sign from heaven.”","Womi mɩraha dɩdagɩrɩba bataŋ aŋaŋ Farasisi bataŋ die dɩ balɩ Yisa dɩ, “Dɩdagɩrʋ tɩ yaala fʋ yiwo mamachi wɩɩŋ aŋ tɩ ye.”","Our people from Diddagiriba and French from the dead, among the people Yisa said, ""Diddagirvu said that to the people, listen, we will do.""",onesimus_48E85B7F_Dec 09 output,,20.78805791289133,2.7482884396693366,5.3475935828877015
So be on your guard! You don't know when your Lord will come.,Die wɩa nɩ gbara dama nɩ zɩ daa dieke manɩŋ nɩ Yɔmʋtieŋ dɩ bala n keŋ.,Those who take this go to the chief in Yomvtieŋ and do not say.,onesimus_48E85B7F_Dec 09 output,,11.919919156983443,2.7482884396693366,5.3475935828877015
Then they sat down to guard him.,die ba sʋʋŋ kalɩ a gbarɩ wa.,The village chief brings the people here,onesimus_48E85B7F_Dec 09 output,,12.889121118790822,2.7482884396693366,5.3475935828877015
"So the Lord's promise came true, just as the prophet Jeremiah had said,","Naa die yiye mɩŋ a yi Ŋmɩŋ naazʋa Jerimaya die dɩ balla wudiekemba wo dɩ yi wusie. Die ʋ baarɩ,","We come to our people saying that concerning Jeremiah, the matter is that those who pray for forgiveness for those they have harmed come. And thus.",Dec 01 output,,23.585975001615363,2.7482884396693366,5.3475935828877015
But I tell you that Solomon with all his wealth wasn't as well clothed as one of them.,"Ama n balɩ nɩ, halɩ naaŋ Solomoni aŋaŋ ʋ nyiŋyeeki vɩɩna mana die ka yeegi jayeekiŋ ka vɩɩna a tʋgɩ tɩɩwutehe gie.","Ama and her people, the story about Solomon is that his wisdom and the great knowledge of the people, which they saw his power, all the people served him humbly.",Dec 01 output,,27.942033007984556,2.7482884396693366,5.3475935828877015
"Some Pharisees and teachers of the Law of Moses said, “Teacher, we want you to show us a sign from heaven.”","Womi mɩraha dɩdagɩrɩba bataŋ aŋaŋ Farasisi bataŋ die dɩ balɩ Yisa dɩ, “Dɩdagɩrʋ tɩ yaala fʋ yiwo mamachi wɩɩŋ aŋ tɩ ye.”","People heard that Didadiriba and the French said to the boy Yisa, ""Didadirvu, you should not enter the house and the market as your father said.""",Dec 01 output,,20.957226428928614,2.7482884396693366,5.3475935828877015
So be on your guard! You don't know when your Lord will come.,Die wɩa nɩ gbara dama nɩ zɩ daa dieke manɩŋ nɩ Yɔmʋtieŋ dɩ bala n keŋ.,The people carry the load going to the market women in Yɔmʋtieŋ who sell.,Dec 01 output,,13.085950087357775,2.7482884396693366,5.3475935828877015
Then they sat down to guard him.,die ba sʋʋŋ kalɩ a gbarɩ wa.,The two children bring the mother here,Dec 01 output,,16.781771968802367,2.7482884396693366,5.3475935828877015
"So the Lord's promise came true, just as the prophet Jeremiah had said,","Naa die yiye mɩŋ a yi Ŋmɩŋ naazʋa Jerimaya die dɩ balla wudiekemba wo dɩ yi wusie. Die ʋ baarɩ,",We say that the story about Jeremiah is that he did the wonder which he performed. That is why,gerhardt_80805CFE_output_7z6RFo,,26.37109147240675,2.7482884396693366,5.3475935828877015
But I tell you that Solomon with all his wealth wasn't as well clothed as one of them.,"Ama n balɩ nɩ, halɩ naaŋ Solomoni aŋaŋ ʋ nyiŋyeeki vɩɩna mana die ka yeegi jayeekiŋ ka vɩɩna a tʋgɩ tɩɩwutehe gie.","Ama and her people, it is said about Solomon that the people knew his wisdom, so that he might guide them to rule well.",gerhardt_80805CFE_output_7z6RFo,,28.622111987473247,2.7482884396693366,5.3475935828877015
"Some Pharisees and teachers of the Law of Moses said, “Teacher, we want you to show us a sign from heaven.”","Womi mɩraha dɩdagɩrɩba bataŋ aŋaŋ Farasisi bataŋ die dɩ balɩ Yisa dɩ, “Dɩdagɩrʋ tɩ yaala fʋ yiwo mamachi wɩɩŋ aŋ tɩ ye.”","People say that Diddagiriba heard from the French, from the king to the people, Yisa said: ""Diddagirru said that we should work for our sake.""",gerhardt_80805CFE_output_7z6RFo,,20.859056867561257,2.7482884396693366,5.3475935828877015
So be on your guard! You don't know when your Lord will come.,Die wɩa nɩ gbara dama nɩ zɩ daa dieke manɩŋ nɩ Yɔmʋtieŋ dɩ bala n keŋ.,The people who carry the load and go to the market chief from Yɔmʋtieŋ are selling with them.,gerhardt_80805CFE_output_7z6RFo,,11.98871017941384,2.7482884396693366,5.3475935828877015
Then they sat down to guard him.,die ba sʋʋŋ kalɩ a gbarɩ wa.,The village people build houses here,gerhardt_80805CFE_output_7z6RFo,,12.490059174576041,2.7482884396693366,5.3475935828877015
"So the Lord's promise came true, just as the prophet Jeremiah had said,","Naa die yiye mɩŋ a yi Ŋmɩŋ naazʋa Jerimaya die dɩ balla wudiekemba wo dɩ yi wusie. Die ʋ baarɩ,",Our people who come this way are building houses in the place called Jeremiah where they will live. This is here.,output_JA-3,,24.694411202627766,2.7482884396693366,5.3475935828877015
But I tell you that Solomon with all his wealth wasn't as well clothed as one of them.,"Ama n balɩ nɩ, halɩ naaŋ Solomoni aŋaŋ ʋ nyiŋyeeki vɩɩna mana die ka yeegi jayeekiŋ ka vɩɩna a tʋgɩ tɩɩwutehe gie.","Ama and our people, the story of Solomon tells of the youth and those who do not know how to teach the path, as the elders said.",output_JA-3,,27.727449420088185,2.7482884396693366,5.3475935828877015
"Some Pharisees and teachers of the Law of Moses said, “Teacher, we want you to show us a sign from heaven.”","Womi mɩraha dɩdagɩrɩba bataŋ aŋaŋ Farasisi bataŋ die dɩ balɩ Yisa dɩ, “Dɩdagɩrʋ tɩ yaala fʋ yiwo mamachi wɩɩŋ aŋ tɩ ye.”","People heard that Diddagiriba and the French then said to Yisa, ""Diddagirru said that he will come with all the goods we will take.""",output_JA-3,,18.33641198499468,2.7482884396693366,5.3475935828877015
So be on your guard! You don't know when your Lord will come.,Die wɩa nɩ gbara dama nɩ zɩ daa dieke manɩŋ nɩ Yɔmʋtieŋ dɩ bala n keŋ.,The people who carry the load they go to sell in the Yomtieŋ market have come now.,output_JA-3,,15.716723467942009,2.7482884396693366,5.3475935828877015
Then they sat down to guard him.,die ba sʋʋŋ kalɩ a gbarɩ wa.,They take us to the people's house,output_JA-3,,15.455896682006026,2.7482884396693366,5.3475935828877015
"So the Lord's promise came true, just as the prophet Jeremiah had said,","Naa die yiye mɩŋ a yi Ŋmɩŋ naazʋa Jerimaya die dɩ balla wudiekemba wo dɩ yi wusie. Die ʋ baarɩ,","Our people say that the story about Jeremiah, the miracle that he performed which he did—therefore.",Dec 06 output,,26.750330553752562,2.7482884396693366,5.3475935828877015
But I tell you that Solomon with all his wealth wasn't as well clothed as one of them.,"Ama n balɩ nɩ, halɩ naaŋ Solomoni aŋaŋ ʋ nyiŋyeeki vɩɩna mana die ka yeegi jayeekiŋ ka vɩɩna a tʋgɩ tɩɩwutehe gie.","Ama and her people, the story about Solomon says that his great wisdom, which he gave to the people, is what those who seek always ask for.",Dec 06 output,,25.161090901212475,2.7482884396693366,5.3475935828877015
"Some Pharisees and teachers of the Law of Moses said, “Teacher, we want you to show us a sign from heaven.”","Womi mɩraha dɩdagɩrɩba bataŋ aŋaŋ Farasisi bataŋ die dɩ balɩ Yisa dɩ, “Dɩdagɩrʋ tɩ yaala fʋ yiwo mamachi wɩɩŋ aŋ tɩ ye.”","People heard that Diddagiriba from the French of the king told the boy Yisa, saying, ""Diddagirvu said, come here take your water so that you may live.""",Dec 06 output,,23.974650214385367,2.7482884396693366,5.3475935828877015
So be on your guard! You don't know when your Lord will come.,Die wɩa nɩ gbara dama nɩ zɩ daa dieke manɩŋ nɩ Yɔmʋtieŋ dɩ bala n keŋ.,Those who carry the load go to the market in Yɔmʋtieŋ to sell here.,Dec 06 output,,11.367347848509093,2.7482884396693366,5.3475935828877015
Then they sat down to guard him.,die ba sʋʋŋ kalɩ a gbarɩ wa.,The people say they bring the chief here.,Dec 06 output,,17.282514613879396,2.7482884396693366,5.3475935828877015
"So the Lord's promise came true, just as the prophet Jeremiah had said,","Naa die yiye mɩŋ a yi Ŋmɩŋ naazʋa Jerimaya die dɩ balla wudiekemba wo dɩ yi wusie. Die ʋ baarɩ,","We, the people who come, say the story about Jeremiah, who prays to God that they might listen. That is the end.",onesimus_C6D92021_Dec 02 output,,27.215573201835262,2.7482884396693366,5.3475935828877015
But I tell you that Solomon with all his wealth wasn't as well clothed as one of them.,"Ama n balɩ nɩ, halɩ naaŋ Solomoni aŋaŋ ʋ nyiŋyeeki vɩɩna mana die ka yeegi jayeekiŋ ka vɩɩna a tʋgɩ tɩɩwutehe gie.","Ama and our children, the story of the one called Solomon is that he ruled his people's land, and it was said that he truly ruled the land with wisdom and justice.",onesimus_C6D92021_Dec 02 output,,27.687064303667714,2.7482884396693366,5.3475935828877015
"Some Pharisees and teachers of the Law of Moses said, “Teacher, we want you to show us a sign from heaven.”","Womi mɩraha dɩdagɩrɩba bataŋ aŋaŋ Farasisi bataŋ die dɩ balɩ Yisa dɩ, “Dɩdagɩrʋ tɩ yaala fʋ yiwo mamachi wɩɩŋ aŋ tɩ ye.”","The people were told by Diddagirliba from the French of the dead to Balī, Yisa said, ""Diddagirlı, come with us to help our people so that we may live.""",onesimus_C6D92021_Dec 02 output,,21.733038602372652,2.7482884396693366,5.3475935828877015
So be on your guard! You don't know when your Lord will come.,Die wɩa nɩ gbara dama nɩ zɩ daa dieke manɩŋ nɩ Yɔmʋtieŋ dɩ bala n keŋ.,The people who carry loads come to all the markets in Yomvtieŋ with traders here.,onesimus_C6D92021_Dec 02 output,,14.05349965077394,2.7482884396693366,5.3475935828877015
Then they sat down to guard him.,die ba sʋʋŋ kalɩ a gbarɩ wa.,The people come and take houses here,onesimus_C6D92021_Dec 02 output,,13.182186464785694,2.7482884396693366,5.3475935828877015
"So the Lord's promise came true, just as the prophet Jeremiah had said,","Naa die yiye mɩŋ a yi Ŋmɩŋ naazʋa Jerimaya die dɩ balla wudiekemba wo dɩ yi wusie. Die ʋ baarɩ,","We, the people who come, tell the story about Jeremiah, the one who prays to God that hears. And that is the end.",Jan output 1 ,,26.443130388575526,2.7482884396693366,5.3475935828877015
But I tell you that Solomon with all his wealth wasn't as well clothed as one of them.,"Ama n balɩ nɩ, halɩ naaŋ Solomoni aŋaŋ ʋ nyiŋyeeki vɩɩna mana die ka yeegi jayeekiŋ ka vɩɩna a tʋgɩ tɩɩwutehe gie.","Ama, our people, the story about Solomon says that he was wise, and because he taught the community, his words were truly preserved.",Jan output 1 ,,26.021125293383466,2.7482884396693366,5.3475935828877015
"Some Pharisees and teachers of the Law of Moses said, “Teacher, we want you to show us a sign from heaven.”","Womi mɩraha dɩdagɩrɩba bataŋ aŋaŋ Farasisi bataŋ die dɩ balɩ Yisa dɩ, “Dɩdagɩrʋ tɩ yaala fʋ yiwo mamachi wɩɩŋ aŋ tɩ ye.”","The people heard from Diddagiriba from the French from the king to the people Yisa, ""Diddagirvu says to you, listen well, that is true.""",Jan output 1 ,,18.517868871479337,2.7482884396693366,5.3475935828877015
So be on your guard! You don't know when your Lord will come.,Die wɩa nɩ gbara dama nɩ zɩ daa dieke manɩŋ nɩ Yɔmʋtieŋ dɩ bala n keŋ.,"The people from the market they go to, those women from Yɔmʋtieŋ who sell goods.",Jan output 1 ,,12.784789354377669,2.7482884396693366,5.3475935828877015
Then they sat down to guard him.,die ba sʋʋŋ kalɩ a gbarɩ wa.,The people come to the market and carry us,Jan output 1 ,,16.535023300902857,2.7482884396693366,5.3475935828877015
"So the Lord's promise came true, just as the prophet Jeremiah had said,","Naa die yiye mɩŋ a yi Ŋmɩŋ naazʋa Jerimaya die dɩ balla wudiekemba wo dɩ yi wusie. Die ʋ baarɩ,","Our people who have come, that the word from Jeremiah—he who prays for us and speaks the truth. And praise.",onesimus_5B146D14_Dec 05 output,,30.31525834558593,2.7482884396693366,5.3475935828877015
But I tell you that Solomon with all his wealth wasn't as well clothed as one of them.,"Ama n balɩ nɩ, halɩ naaŋ Solomoni aŋaŋ ʋ nyiŋyeeki vɩɩna mana die ka yeegi jayeekiŋ ka vɩɩna a tʋgɩ tɩɩwutehe gie.","Ama and our children, tell Solomon and the people that the many stories of the people which are well listened to, that the people always teach thus.",onesimus_5B146D14_Dec 05 output,,28.614127058009466,2.7482884396693366,5.3475935828877015
"Some Pharisees and teachers of the Law of Moses said, “Teacher, we want you to show us a sign from heaven.”","Womi mɩraha dɩdagɩrɩba bataŋ aŋaŋ Farasisi bataŋ die dɩ balɩ Yisa dɩ, “Dɩdagɩrʋ tɩ yaala fʋ yiwo mamachi wɩɩŋ aŋ tɩ ye.”","They say that people heard from Diddagiriba in French territory, from the king's boy Yisa, he said: ""Diddagirvu said, come here and listen to our words so that you may know.""",onesimus_5B146D14_Dec 05 output,,23.182542831403264,2.7482884396693366,5.3475935828877015
So be on your guard! You don't know when your Lord will come.,Die wɩa nɩ gbara dama nɩ zɩ daa dieke manɩŋ nɩ Yɔmʋtieŋ dɩ bala n keŋ.,The people who carry the load they take to the market vendor in Yɔmʋtieŋ and buy daily.,onesimus_5B146D14_Dec 05 output,,13.156281190965155,2.7482884396693366,5.3475935828877015
Then they sat down to guard him.,die ba sʋʋŋ kalɩ a gbarɩ wa.,The people live here and protect us.,onesimus_5B146D14_Dec 05 output,,13.182186464785694,2.7482884396693366,5.3475935828877015
"So the Lord's promise came true, just as the prophet Jeremiah had said,","Naa die yiye mɩŋ a yi Ŋmɩŋ naazʋa Jerimaya die dɩ balla wudiekemba wo dɩ yi wusie. Die ʋ baarɩ,","We who have come to bring us the message from Jeremiah, those fighting the enemies who are killing. Those are the ones.",gerhardt_428C0151_output_jQjr1f,,24.330484558993508,2.7482884396693366,5.3475935828877015
But I tell you that Solomon with all his wealth wasn't as well clothed as one of them.,"Ama n balɩ nɩ, halɩ naaŋ Solomoni aŋaŋ ʋ nyiŋyeeki vɩɩna mana die ka yeegi jayeekiŋ ka vɩɩna a tʋgɩ tɩɩwutehe gie.","Ama, our child, tell Solomon these: the many stories about children, which are told every day, that children listen to happily.",gerhardt_428C0151_output_jQjr1f,,24.424984270228002,2.7482884396693366,5.3475935828877015
"Some Pharisees and teachers of the Law of Moses said, “Teacher, we want you to show us a sign from heaven.”","Womi mɩraha dɩdagɩrɩba bataŋ aŋaŋ Farasisi bataŋ die dɩ balɩ Yisa dɩ, “Dɩdagɩrʋ tɩ yaala fʋ yiwo mamachi wɩɩŋ aŋ tɩ ye.”","The people of Diddagiriba and the French, from the king to the people, Yisa said, ""Diddagirvu, listen well to what they say, and they did.""",gerhardt_428C0151_output_jQjr1f,,20.10339682314951,2.7482884396693366,5.3475935828877015
So be on your guard! You don't know when your Lord will come.,Die wɩa nɩ gbara dama nɩ zɩ daa dieke manɩŋ nɩ Yɔmʋtieŋ dɩ bala n keŋ.,Those who carry loads and go to the main market in Yomtieŋ sell their goods.,gerhardt_428C0151_output_jQjr1f,,13.610581554779348,2.7482884396693366,5.3475935828877015
Then they sat down to guard him.,die ba sʋʋŋ kalɩ a gbarɩ wa.,They bring the village people here,gerhardt_428C0151_output_jQjr1f,,14.059681939624763,2.7482884396693366,5.3475935828877015
"So the Lord's promise came true, just as the prophet Jeremiah had said,","Naa die yiye mɩŋ a yi Ŋmɩŋ naazʋa Jerimaya die dɩ balla wudiekemba wo dɩ yi wusie. Die ʋ baarɩ,","We say that the matter concerning Jeremiah is that he prays for help, and those who hear him obey. That is the end.",gerhardt_E4DFEBFE_output_T8d1lo,,25.233814125683462,2.7482884396693366,5.3475935828877015
But I tell you that Solomon with all his wealth wasn't as well clothed as one of them.,"Ama n balɩ nɩ, halɩ naaŋ Solomoni aŋaŋ ʋ nyiŋyeeki vɩɩna mana die ka yeegi jayeekiŋ ka vɩɩna a tʋgɩ tɩɩwutehe gie.","Ama and our people, the story about Solomon tells that his wisdom and the people who heard were indeed amazed at all his deeds.",gerhardt_E4DFEBFE_output_T8d1lo,,29.610063050471318,2.7482884396693366,5.3475935828877015
"Some Pharisees and teachers of the Law of Moses said, “Teacher, we want you to show us a sign from heaven.”","Womi mɩraha dɩdagɩrɩba bataŋ aŋaŋ Farasisi bataŋ die dɩ balɩ Yisa dɩ, “Dɩdagɩrʋ tɩ yaala fʋ yiwo mamachi wɩɩŋ aŋ tɩ ye.”","People heard that Dīdagarība and the French then said to the boy Yisa, ""Dīdagar came from the market and bought things, and they gave him.""",gerhardt_E4DFEBFE_output_T8d1lo,,18.82541004902914,2.7482884396693366,5.3475935828877015
So be on your guard! You don't know when your Lord will come.,Die wɩa nɩ gbara dama nɩ zɩ daa dieke manɩŋ nɩ Yɔmʋtieŋ dɩ bala n keŋ.,The people who take this and go to their chief in Yɔmʋtieŋ do not say,gerhardt_E4DFEBFE_output_T8d1lo,,11.342447696999333,2.7482884396693366,5.3475935828877015
Then they sat down to guard him.,die ba sʋʋŋ kalɩ a gbarɩ wa.,The village people are building houses here.,gerhardt_E4DFEBFE_output_T8d1lo,,13.627910577898653,2.7482884396693366,5.3475935828877015
"So the Lord's promise came true, just as the prophet Jeremiah had said,","Naa die yiye mɩŋ a yi Ŋmɩŋ naazʋa Jerimaya die dɩ balla wudiekemba wo dɩ yi wusie. Die ʋ baarɩ,","We, the people who come, tell the story about Jeremiah, the one who prays to God that hears. And that is the end.",onesimus_4838858E_Jan output 1 ,,26.443130388575526,2.7482884396693366,5.3475935828877015
But I tell you that Solomon with all his wealth wasn't as well clothed as one of them.,"Ama n balɩ nɩ, halɩ naaŋ Solomoni aŋaŋ ʋ nyiŋyeeki vɩɩna mana die ka yeegi jayeekiŋ ka vɩɩna a tʋgɩ tɩɩwutehe gie.","Ama, our people, the story about Solomon says that he was wise, and because he taught the community, his words were truly preserved.",onesimus_4838858E_Jan output 1 ,,26.021125293383466,2.7482884396693366,5.3475935828877015
"Some Pharisees and teachers of the Law of Moses said, “Teacher, we want you to show us a sign from heaven.”","Womi mɩraha dɩdagɩrɩba bataŋ aŋaŋ Farasisi bataŋ die dɩ balɩ Yisa dɩ, “Dɩdagɩrʋ tɩ yaala fʋ yiwo mamachi wɩɩŋ aŋ tɩ ye.”","The people heard from Diddagiriba from the French from the king to the people Yisa, ""Diddagirvu says to you, listen well, that is true.""",onesimus_4838858E_Jan output 1 ,,18.517868871479337,2.7482884396693366,5.3475935828877015
So be on your guard! You don't know when your Lord will come.,Die wɩa nɩ gbara dama nɩ zɩ daa dieke manɩŋ nɩ Yɔmʋtieŋ dɩ bala n keŋ.,"The people from the market they go to, those women from Yɔmʋtieŋ who sell goods.",onesimus_4838858E_Jan output 1 ,,12.784789354377669,2.7482884396693366,5.3475935828877015
Then they sat down to guard him.,die ba sʋʋŋ kalɩ a gbarɩ wa.,The people come to the market and carry us,onesimus_4838858E_Jan output 1 ,,16.535023300902857,2.7482884396693366,5.3475935828877015
"So the Lord's promise came true, just as the prophet Jeremiah had said,","Naa die yiye mɩŋ a yi Ŋmɩŋ naazʋa Jerimaya die dɩ balla wudiekemba wo dɩ yi wusie. Die ʋ baarɩ,",We say the matter concerning Jeremiah is that the people come to ask for forgiveness from those they worship. And listen.,gerhardt_2F3FAF10_output (1),,25.60904312843037,2.7482884396693366,5.3475935828877015
But I tell you that Solomon with all his wealth wasn't as well clothed as one of them.,"Ama n balɩ nɩ, halɩ naaŋ Solomoni aŋaŋ ʋ nyiŋyeeki vɩɩna mana die ka yeegi jayeekiŋ ka vɩɩna a tʋgɩ tɩɩwutehe gie.","Ama and our children, the tale of Solomon and the wise people, which they narrate so that the people pay attention to their teachings verily.",gerhardt_2F3FAF10_output (1),,23.578666782111608,2.7482884396693366,5.3475935828877015
"Some Pharisees and teachers of the Law of Moses said, “Teacher, we want you to show us a sign from heaven.”","Womi mɩraha dɩdagɩrɩba bataŋ aŋaŋ Farasisi bataŋ die dɩ balɩ Yisa dɩ, “Dɩdagɩrʋ tɩ yaala fʋ yiwo mamachi wɩɩŋ aŋ tɩ ye.”","They say that Didagiriba from the French died, and Yisa said to Balī, ""Didagiriba said that he came with a message to kill, so that they would kill him.""",gerhardt_2F3FAF10_output (1),,19.137419444361225,2.7482884396693366,5.3475935828877015
So be on your guard! You don't know when your Lord will come.,Die wɩa nɩ gbara dama nɩ zɩ daa dieke manɩŋ nɩ Yɔmʋtieŋ dɩ bala n keŋ.,The people who carry loads and go to those markets in Yomvtieŋ sell their goods.,gerhardt_2F3FAF10_output (1),,13.72636060526168,2.7482884396693366,5.3475935828877015
Then they sat down to guard him.,die ba sʋʋŋ kalɩ a gbarɩ wa.,The people say take us to the king.,gerhardt_2F3FAF10_output (1),,17.29808737744065,2.7482884396693366,5.3475935828877015
"So the Lord's promise came true, just as the prophet Jeremiah had said,","Naa die yiye mɩŋ a yi Ŋmɩŋ naazʋa Jerimaya die dɩ balla wudiekemba wo dɩ yi wusie. Die ʋ baarɩ,","Our people say that the story about Jeremiah, the miracle that he performed which he did—therefore.",onesimus_778C5456_Dec 06 output,,26.750330553752562,2.7482884396693366,5.3475935828877015
But I tell you that Solomon with all his wealth wasn't as well clothed as one of them.,"Ama n balɩ nɩ, halɩ naaŋ Solomoni aŋaŋ ʋ nyiŋyeeki vɩɩna mana die ka yeegi jayeekiŋ ka vɩɩna a tʋgɩ tɩɩwutehe gie.","Ama and her people, the story about Solomon says that his great wisdom, which he gave to the people, is what those who seek always ask for.",onesimus_778C5456_Dec 06 output,,25.161090901212475,2.7482884396693366,5.3475935828877015
"Some Pharisees and teachers of the Law of Moses said, “Teacher, we want you to show us a sign from heaven.”","Womi mɩraha dɩdagɩrɩba bataŋ aŋaŋ Farasisi bataŋ die dɩ balɩ Yisa dɩ, “Dɩdagɩrʋ tɩ yaala fʋ yiwo mamachi wɩɩŋ aŋ tɩ ye.”","People heard that Diddagiriba from the French of the king told the boy Yisa, saying, ""Diddagirvu said, come here take your water so that you may live.""",onesimus_778C5456_Dec 06 output,,23.974650214385367,2.7482884396693366,5.3475935828877015
So be on your guard! You don't know when your Lord will come.,Die wɩa nɩ gbara dama nɩ zɩ daa dieke manɩŋ nɩ Yɔmʋtieŋ dɩ bala n keŋ.,Those who carry the load go to the market in Yɔmʋtieŋ to sell here.,onesimus_778C5456_Dec 06 output,,11.367347848509093,2.7482884396693366,5.3475935828877015
Then they sat down to guard him.,die ba sʋʋŋ kalɩ a gbarɩ wa.,The people say they bring the chief here.,onesimus_778C5456_Dec 06 output,,17.282514613879396,2.7482884396693366,5.3475935828877015
"So the Lord's promise came true, just as the prophet Jeremiah had said,","Naa die yiye mɩŋ a yi Ŋmɩŋ naazʋa Jerimaya die dɩ balla wudiekemba wo dɩ yi wusie. Die ʋ baarɩ,","We, the people who come, tell the story about Jeremiah, the one who prays to God who hears him. And that is the end.",gerhardt_E3C23636_output_AHjhdB,,26.786171203420224,2.7482884396693366,5.3475935828877015
But I tell you that Solomon with all his wealth wasn't as well clothed as one of them.,"Ama n balɩ nɩ, halɩ naaŋ Solomoni aŋaŋ ʋ nyiŋyeeki vɩɩna mana die ka yeegi jayeekiŋ ka vɩɩna a tʋgɩ tɩɩwutehe gie.","Ama and her people, the story about Solomon says that with his wisdom the people said that he judged the people with his righteousness always.",gerhardt_E3C23636_output_AHjhdB,,26.13167454652733,2.7482884396693366,5.3475935828877015
"Some Pharisees and teachers of the Law of Moses said, “Teacher, we want you to show us a sign from heaven.”","Womi mɩraha dɩdagɩrɩba bataŋ aŋaŋ Farasisi bataŋ die dɩ balɩ Yisa dɩ, “Dɩdagɩrʋ tɩ yaala fʋ yiwo mamachi wɩɩŋ aŋ tɩ ye.”","People heard from Diddagiriba and from French from the book to the boy Yisa, saying, ""Diddagirvu said that he told the people to listen well and they said.""",gerhardt_E3C23636_output_AHjhdB,,19.8458270350474,2.7482884396693366,5.3475935828877015
So be on your guard! You don't know when your Lord will come.,Die wɩa nɩ gbara dama nɩ zɩ daa dieke manɩŋ nɩ Yɔmʋtieŋ dɩ bala n keŋ.,"These are the people who carry loads and go to the market in Yɔmʋtieŋ village, the sellers.",gerhardt_E3C23636_output_AHjhdB,,11.424103704661338,2.7482884396693366,5.3475935828877015
Then they sat down to guard him.,die ba sʋʋŋ kalɩ a gbarɩ wa.,The chief's people take us to the house.,gerhardt_E3C23636_output_AHjhdB,,14.832660840059583,2.7482884396693366,5.3475935828877015
"So the Lord's promise came true, just as the prophet Jeremiah had said,","Naa die yiye mɩŋ a yi Ŋmɩŋ naazʋa Jerimaya die dɩ balla wudiekemba wo dɩ yi wusie. Die ʋ baarɩ,",We say that the story about Jeremiah is that he did deeds so that they might see. That is why,Dec 12 output,,25.473488336854995,2.7482884396693366,5.3475935828877015
But I tell you that Solomon with all his wealth wasn't as well clothed as one of them.,"Ama n balɩ nɩ, halɩ naaŋ Solomoni aŋaŋ ʋ nyiŋyeeki vɩɩna mana die ka yeegi jayeekiŋ ka vɩɩna a tʋgɩ tɩɩwutehe gie.","Ama and our children, the story of the man named Solomon is that those people traveled far and found treasure which they carried back.",Dec 12 output,,24.650154413802248,2.7482884396693366,5.3475935828877015
"Some Pharisees and teachers of the Law of Moses said, “Teacher, we want you to show us a sign from heaven.”","Womi mɩraha dɩdagɩrɩba bataŋ aŋaŋ Farasisi bataŋ die dɩ balɩ Yisa dɩ, “Dɩdagɩrʋ tɩ yaala fʋ yiwo mamachi wɩɩŋ aŋ tɩ ye.”","The people heard the messenger from France, from the king to the people, Yisa said: ""O Messenger, go tell the people that peace is with us.""",Dec 12 output,,21.17888870552289,2.7482884396693366,5.3475935828877015
So be on your guard! You don't know when your Lord will come.,Die wɩa nɩ gbara dama nɩ zɩ daa dieke manɩŋ nɩ Yɔmʋtieŋ dɩ bala n keŋ.,The people who carry loads and go to the market in Yɔmʋtieŋ village are selling.,Dec 12 output,,12.136278877421434,2.7482884396693366,5.3475935828877015
Then they sat down to guard him.,die ba sʋʋŋ kalɩ a gbarɩ wa.,The people reside in the house and take us,Dec 12 output,,17.84098169482634,2.7482884396693366,5.3475935828877015
"So the Lord's promise came true, just as the prophet Jeremiah had said,","Naa die yiye mɩŋ a yi Ŋmɩŋ naazʋa Jerimaya die dɩ balla wudiekemba wo dɩ yi wusie. Die ʋ baarɩ,","Our people who have come, we are the ruler from Jeremiah; that which we pray for help that they do evil—stop that and.",onesimus_CF2838B3_Dec 03 output,,24.71061539657653,2.7482884396693366,5.3475935828877015
But I tell you that Solomon with all his wealth wasn't as well clothed as one of them.,"Ama n balɩ nɩ, halɩ naaŋ Solomoni aŋaŋ ʋ nyiŋyeeki vɩɩna mana die ka yeegi jayeekiŋ ka vɩɩna a tʋgɩ tɩɩwutehe gie.","Ama and her people here, the tale of Solomon recounts that the sages and the community thus heard the royal utterances which the people always practice steadfastly.",onesimus_CF2838B3_Dec 03 output,,22.9689495611532,2.7482884396693366,5.3475935828877015
"Some Pharisees and teachers of the Law of Moses said, “Teacher, we want you to show us a sign from heaven.”","Womi mɩraha dɩdagɩrɩba bataŋ aŋaŋ Farasisi bataŋ die dɩ balɩ Yisa dɩ, “Dɩdagɩrʋ tɩ yaala fʋ yiwo mamachi wɩɩŋ aŋ tɩ ye.”","The people heard from the messenger and from the French, from the king to the people Yisa, the messenger said, ""Prepare weapons and we will go.""",onesimus_CF2838B3_Dec 03 output,,22.453578425075257,2.7482884396693366,5.3475935828877015
So be on your guard! You don't know when your Lord will come.,Die wɩa nɩ gbara dama nɩ zɩ daa dieke manɩŋ nɩ Yɔmʋtieŋ dɩ bala n keŋ.,The people who carry the load and go to the market chief in Yɔmʋtieŋ with many come.,onesimus_CF2838B3_Dec 03 output,,15.629392634115174,2.7482884396693366,5.3475935828877015
Then they sat down to guard him.,die ba sʋʋŋ kalɩ a gbarɩ wa.,The people say the chief takes us.,onesimus_CF2838B3_Dec 03 output,,15.404147539636561,2.7482884396693366,5.3475935828877015
"So the Lord's promise came true, just as the prophet Jeremiah had said,","Naa die yiye mɩŋ a yi Ŋmɩŋ naazʋa Jerimaya die dɩ balla wudiekemba wo dɩ yi wusie. Die ʋ baarɩ,","Come and see the works we do for Jeremiah, those who are called servants so that they may know. Indeed we say.",john_BA3F5F9A_output (3),,23.69658282311758,2.7482884396693366,5.3475935828877015
But I tell you that Solomon with all his wealth wasn't as well clothed as one of them.,"Ama n balɩ nɩ, halɩ naaŋ Solomoni aŋaŋ ʋ nyiŋyeeki vɩɩna mana die ka yeegi jayeekiŋ ka vɩɩna a tʋgɩ tɩɩwutehe gie.","Ama and our children, the story about Solomon says that the people with much wisdom are those who seek for that which he truly gives.",john_BA3F5F9A_output (3),,25.20085586688017,2.7482884396693366,5.3475935828877015
"Some Pharisees and teachers of the Law of Moses said, “Teacher, we want you to show us a sign from heaven.”","Womi mɩraha dɩdagɩrɩba bataŋ aŋaŋ Farasisi bataŋ die dɩ balɩ Yisa dɩ, “Dɩdagɩrʋ tɩ yaala fʋ yiwo mamachi wɩɩŋ aŋ tɩ ye.”","The people heard from Diddagiriba and from French in the book to the boy Yisa, ""Diddagiriba said to them, these are all stories that they listened to.""",john_BA3F5F9A_output (3),,19.478277755662777,2.7482884396693366,5.3475935828877015
So be on your guard! You don't know when your Lord will come.,Die wɩa nɩ gbara dama nɩ zɩ daa dieke manɩŋ nɩ Yɔmʋtieŋ dɩ bala n keŋ.,The people who carry the load and go to the market town in Yɔmʋtieŋ sell with traders.,john_BA3F5F9A_output (3),,13.199919877086169,2.7482884396693366,5.3475935828877015
Then they sat down to guard him.,die ba sʋʋŋ kalɩ a gbarɩ wa.,The people who live here take us,john_BA3F5F9A_output (3),,12.30982905982906,2.7482884396693366,5.3475935828877015
