Model,Similarity Score (%),Raw Score
deepseek-v3.1,32.96%,32.95506848
kimi-k2-instruct-0905,30.57%,30.57114362799999
qwen3-235b-a22b,28.61%,28.607656330000005
gemma2-9b-it,28.52%,28.523501964000005
llama-4-maverick-17b-128e-instruct,28.18%,28.177789223999998
llama-3.3-70b-instruct,27.22%,27.224831700000003
qwen3-32b,22.87%,22.870321856000004
llama-3.1-405b-instruct,21.27%,21.266540164500004
gpt-oss-120b,19.40%,19.397427136
