Model,Similarity Score (%),Raw Score
llama-3.3-70b-instruct,39.02%,39.021779
qwen3-235b-a22b,33.91%,33.90777512
kimi-k2-instruct-0905,32.10%,32.10372274199999
gemma2-9b-it,28.52%,28.523501964000005
llama-4-maverick-17b-128e-instruct,28.18%,28.177789223999998
llama-3.1-405b-instruct,23.35%,23.34891932
qwen3-32b,22.87%,22.870321856
deepseek-v3.1,22.25%,22.252102200000003
gpt-oss-120b,19.40%,19.397427135999997
