Model,Similarity Score (%),Raw Score
kimi-k2-instruct-0905,32.66%,32.660291585
llama-4-maverick-17b-128e-instruct,28.66%,28.659896380000006
gemma2-9b-it,27.69%,27.686043965
qwen3-32b,25.81%,25.807860424999994
gpt-oss-120b,22.80%,22.80163392
