Model,Similarity Score (%),Raw Score
deepseek-v3.1,33.01%,33.005556399999996
kimi-k2-instruct-0905,31.18%,31.1810526915
qwen3-235b-a22b,29.91%,29.912414666666663
gemma2-9b-it,28.52%,28.523501964000005
llama-4-maverick-17b-128e-instruct,28.18%,28.177789223999998
llama-3.3-70b-instruct,27.93%,27.925029599999995
qwen3-32b,22.87%,22.870321856000004
llama-3.1-405b-instruct,19.63%,19.628337686
gpt-oss-120b,19.40%,19.397427136
