Model,Similarity Score (%),Raw Score
llama-3.3-70b-instruct,32.94%,32.93635604
kimi-k2-instruct-0905,32.46%,32.4594806652
qwen3-235b-a22b,31.77%,31.767619343999996
deepseek-v3.1,31.69%,31.690353787999996
gemma2-9b-it,28.52%,28.523501964000005
llama-4-maverick-17b-128e-instruct,28.18%,28.177789223999998
llama-3.1-405b-instruct,24.67%,24.6744676816
qwen3-32b,22.87%,22.870321856000004
gpt-oss-120b,19.40%,19.397427136
