Model,Similarity Score (%),Raw Score
kimi-k2-instruct-0905,33.67%,33.66517922290909
deepseek-v3.1,31.19%,31.19215265666666
llama-3.3-70b-instruct,31.06%,31.058849633333335
gemma-2-27b-it,30.58%,30.576777999999997
gemma2-9b-it,28.52%,28.523501964000005
llama-4-maverick-17b-128e-instruct,28.18%,28.177789223999998
qwen3-235b-a22b,28.17%,28.173846796666663
llama-3.1-405b-instruct,24.91%,24.910819578
qwen3-32b,22.87%,22.870321856000004
gpt-oss-120b,19.40%,19.397427136
