Model,Similarity Score (%),Raw Score
kimi-k2-instruct-0905,34.34%,34.337593827999996
gemma2-9b-it,28.52%,28.523501964000005
llama-4-maverick-17b-128e-instruct,28.18%,28.177789223999998
qwen3-32b,22.87%,22.870321856
gpt-oss-120b,19.40%,19.397427135999997
