{
  "language_pair": "bib-eng",
  "timestamp": "2026-01-16T11:13:52.387206",
  "models": {
    "qwen3-235b-a22b": 35.921615314106155,
    "gemma-2-9b-it": 32.58284147569053,
    "mistral-medium-3-instruct": 38.16110722903352,
    "qwen3-32b": 22.870321855999997,
    "gpt-oss-120b": 26.10026053837686,
    "deepseek-v3.1": 40.855322502840075,
    "gemma-2-27b-it": 27.388911758663507,
    "gemma2-9b-it": 28.523501964000005,
    "palmyra-med-70b": 21.1241497,
    "gemini": 36.022265911102295,
    "chatgpt": 0.0,
    "claude": 35.19095516204834,
    "llama-4-maverick-17b-128e-instruct": 36.10756302805037,
    "qwq-32b": 33.710639598422375,
    "llama-3.3-70b-instruct": 32.49133454556525,
    "kimi-k2-instruct-0905": 40.144230276220014,
    "seed-oss-36b-instruct": 33.19841251509577,
    "llama-3.1-405b-instruct": 30.316520178159927,
    "mistral-7b-instruct-v0.3": 15.526344860000002
  },
  "average_score": 29.801910442809213,
  "best_model": "deepseek-v3.1",
  "best_score": 40.855322502840075
}