{
  "language_pair": "bib-eng",
  "timestamp": "2026-01-12T13:35:17.230663",
  "models": {
    "qwen3-235b-a22b": 35.28628604968017,
    "gemma-2-9b-it": 35.503864718457706,
    "mistral-medium-3-instruct": 37.84315491997037,
    "qwen3-32b": 22.870321855999997,
    "gpt-oss-120b": 26.10911225844742,
    "deepseek-v3.1": 40.508313240322266,
    "gemma-2-27b-it": 28.22919164728549,
    "gemma2-9b-it": 28.523501964000005,
    "palmyra-med-70b": 21.1241497,
    "llama-4-maverick-17b-128e-instruct": 35.77001463647817,
    "qwq-32b": 33.86410668650054,
    "llama-3.3-70b-instruct": 32.59479113886719,
    "kimi-k2-instruct-0905": 40.0834094288949,
    "seed-oss-36b-instruct": 33.02581052596983,
    "llama-3.1-405b-instruct": 30.319498947839847,
    "mistral-7b-instruct-v0.3": 15.526344860000002
  },
  "average_score": 31.073867036169617,
  "best_model": "deepseek-v3.1",
  "best_score": 40.508313240322266
}