{
  "language_pair": "bib-eng",
  "timestamp": "2025-10-23T06:59:09.754288",
  "models": {
    "qwen3-235b-a22b": 28.173846796666663,
    "qwen3-32b": 22.870321856000004,
    "gpt-oss-120b": 19.397427136,
    "deepseek-v3.1": 31.19215265666666,
    "gemma-2-27b-it": 30.576777999999997,
    "gemma2-9b-it": 28.523501964000005,
    "llama-4-maverick-17b-128e-instruct": 28.177789223999998,
    "llama-3.3-70b-instruct": 31.058849633333335,
    "kimi-k2-instruct-0905": 33.66517922290909,
    "llama-3.1-405b-instruct": 24.910819578
  },
  "average_score": 27.854666606757576,
  "best_model": "kimi-k2-instruct-0905",
  "best_score": 33.66517922290909
}