{
  "language_pair": "bib-eng",
  "timestamp": "2026-01-28T14:52:30.993213",
  "models": {
    "bleu": {
      "gpt-4.1": 3.1106634427922852,
      "qwen3-235b-a22b": 2.4058384868407447,
      "gemma-2-9b-it": 2.5063301142520475,
      "mistral-medium-3-instruct": 7.159309403552441,
      "claude-sonnet-4-5": 4.668296857993602,
      "qwen3-32b": 1.8395065702302171,
      "gpt-oss-120b": 2.431709435254855,
      "deepseek-v3.1": 3.118980785678483,
      "gemma-2-27b-it": 1.7550974337442564,
      "gemma2-9b-it": 4.394107685200214,
      "palmyra-med-70b": 3.388987820218575,
      "llama-4-maverick-17b-128e-instruct": 3.188225101293199,
      "qwq-32b": 2.4711842376290254,
      "llama-3.3-70b-instruct": 1.9479355685851387,
      "kimi-k2-instruct-0905": 4.17265357994538,
      "seed-oss-36b-instruct": 1.6257109997516614,
      "llama-3.1-405b-instruct": 3.139446684664293,
      "mistral-7b-instruct-v0.3": 1.8184419810379953,
      "gemini-2.5-flash": 4.917491808359177
    },
    "chrf": {
      "gpt-4.1": 20.739144664390746,
      "qwen3-235b-a22b": 22.26351256491028,
      "gemma-2-9b-it": 19.72587192260592,
      "mistral-medium-3-instruct": 26.76041838562588,
      "claude-sonnet-4-5": 23.77804086281191,
      "qwen3-32b": 17.985315241203114,
      "gpt-oss-120b": 19.070092985515338,
      "deepseek-v3.1": 23.252630566598715,
      "gemma-2-27b-it": 19.457112071935665,
      "gemma2-9b-it": 20.791184416636963,
      "palmyra-med-70b": 19.162497634092936,
      "llama-4-maverick-17b-128e-instruct": 22.87763743845568,
      "qwq-32b": 22.35647253286184,
      "llama-3.3-70b-instruct": 21.791824366841368,
      "kimi-k2-instruct-0905": 24.171878819040728,
      "seed-oss-36b-instruct": 22.22381622024818,
      "llama-3.1-405b-instruct": 23.990144070234408,
      "mistral-7b-instruct-v0.3": 19.932072179755288,
      "gemini-2.5-flash": 23.445620450909537
    },
    "average": {
      "gpt-4.1": 11.924904053591517,
      "qwen3-235b-a22b": 12.33467552587551,
      "gemma-2-9b-it": 11.116101018428983,
      "mistral-medium-3-instruct": 16.95986389458916,
      "claude-sonnet-4-5": 14.223168860402753,
      "qwen3-32b": 9.912410905716666,
      "gpt-oss-120b": 10.750901210385095,
      "deepseek-v3.1": 13.185805676138598,
      "gemma-2-27b-it": 10.60610475283996,
      "gemma2-9b-it": 12.592646050918585,
      "palmyra-med-70b": 11.275742727155755,
      "llama-4-maverick-17b-128e-instruct": 13.03293126987444,
      "qwq-32b": 12.413828385245433,
      "llama-3.3-70b-instruct": 11.869879967713254,
      "kimi-k2-instruct-0905": 14.172266199493054,
      "seed-oss-36b-instruct": 11.924763609999921,
      "llama-3.1-405b-instruct": 13.564795377449348,
      "mistral-7b-instruct-v0.3": 10.87525708039664,
      "gemini-2.5-flash": 14.181556129634355
    }
  },
  "best_model": "mistral-medium-3-instruct",
  "best_model_scores": {
    "BLEU": 7.159309403552441,
    "chrF": 26.76041838562588,
    "Average": 16.95986389458916
  }
}