{
  "language_pair": "bib-eng",
  "timestamp": "2025-09-25T19:54:26.969246",
  "models": {
    "qwen3-32b": 27.112328459999997,
    "gpt-oss-120b": 10.23742918,
    "gemma2-9b-it": 34.55649732,
    "llama-4-maverick-17b-128e-instruct": 37.333037399999995,
    "kimi-k2-instruct-0905": 28.865240000000004
  },
  "average_score": 27.620906471999994,
  "best_model": "llama-4-maverick-17b-128e-instruct",
  "best_score": 37.333037399999995
}