{
  "language_pair": "bib-eng",
  "timestamp": "2025-10-09T07:08:54.283732",
  "models": {
    "qwen3-32b": 22.870321856,
    "gpt-oss-120b": 19.397427135999997,
    "gemma2-9b-it": 28.523501964000005,
    "llama-4-maverick-17b-128e-instruct": 28.177789223999998,
    "kimi-k2-instruct-0905": 34.337593827999996
  },
  "average_score": 26.6613268016,
  "best_model": "kimi-k2-instruct-0905",
  "best_score": 34.337593827999996
}