Model,Similarity Score (%),Raw Score
qwen3-235b-a22b,32.82%,32.81621789999999
llama-3.3-70b-instruct,30.64%,30.6355700075
deepseek-v3.1,30.06%,30.063639319999997
qwen3-32b,30.03%,30.026065708
llama-3.1-405b-instruct,28.69%,28.693429692000006
llama-4-maverick-17b-128e-instruct,28.10%,28.096694779999996
kimi-k2-instruct-0905,28.08%,28.083436535555556
gemma2-9b-it,19.06%,19.062045618
gpt-oss-120b,14.65%,14.648376888
