Model,Similarity Score (%),Raw Score
kimi-k2-instruct-0905,31.81%,31.807847310000003
qwen3-32b,30.03%,30.031319985
llama-4-maverick-17b-128e-instruct,27.55%,27.549809125000003
gemma2-9b-it,20.61%,20.6077259525
gpt-oss-120b,15.05%,15.0490811
