Model,Similarity Score (%),Raw Score
qwen3-235b-a22b,35.06%,35.0616559
llama-3.3-70b-instruct,34.47%,34.468997800000004
qwen3-32b,30.03%,30.026065708
kimi-k2-instruct-0905,28.88%,28.87622096333333
deepseek-v3.1,28.20%,28.204044
llama-4-maverick-17b-128e-instruct,28.10%,28.096694779999996
llama-3.1-405b-instruct,27.01%,27.005299368000003
gemma2-9b-it,19.06%,19.062045617999996
gpt-oss-120b,14.65%,14.648376888
