Model,Similarity Score (%),Raw Score
kimi-k2-instruct-0905,30.89%,30.893901048
qwen3-32b,30.03%,30.026065708
llama-4-maverick-17b-128e-instruct,28.10%,28.096694779999996
gemma2-9b-it,19.06%,19.062045617999996
gpt-oss-120b,14.65%,14.648376888
