Model,Similarity Score (%),Raw Score
qwen3-235b-a22b,33.27%,33.26801516666666
llama-3.3-70b-instruct,30.97%,30.96814572666667
llama-3.1-405b-instruct,30.88%,30.88350992266667
qwen3-32b,30.03%,30.026065708
kimi-k2-instruct-0905,28.94%,28.943985027500002
llama-4-maverick-17b-128e-instruct,28.10%,28.096694779999996
deepseek-v3.1,27.97%,27.97153442666666
gemma2-9b-it,19.06%,19.062045618
gpt-oss-120b,14.65%,14.648376888
