Model,Similarity Score (%),Raw Score
qwen3-235b-a22b,33.43%,33.428432736
llama-3.3-70b-instruct,30.80%,30.796483886000004
llama-3.1-405b-instruct,30.39%,30.390572553600002
deepseek-v3.1,30.05%,30.045302216000003
qwen3-32b,30.03%,30.026065708
llama-4-maverick-17b-128e-instruct,28.10%,28.096694779999996
kimi-k2-instruct-0905,27.45%,27.454346388
gemma2-9b-it,19.06%,19.062045618
gpt-oss-120b,14.65%,14.648376888
