Model,Similarity Score (%),Raw Score
qwen3-235b-a22b,33.50%,33.500970546666665
llama-3.3-70b-instruct,30.76%,30.762833355
llama-3.1-405b-instruct,30.06%,30.064767761333332
qwen3-32b,30.03%,30.026065708
llama-4-maverick-17b-128e-instruct,28.10%,28.096694779999996
deepseek-v3.1,27.30%,27.298261800000002
kimi-k2-instruct-0905,26.37%,26.37028287090909
gemma-2-27b-it,20.38%,20.3778426
gemma2-9b-it,19.06%,19.062045618
gpt-oss-120b,14.65%,14.648376888
