{
  "language_pair": "bim-eng",
  "timestamp": "2025-10-09T07:08:49.812472",
  "models": {
    "gpt-oss-120b": 14.648376888,
    "kimi-k2-instruct-0905": 30.893901048,
    "qwen3-32b": 30.026065708,
    "llama-4-maverick-17b-128e-instruct": 28.096694779999996,
    "gemma2-9b-it": 19.062045617999996
  },
  "average_score": 24.5454168084,
  "best_model": "kimi-k2-instruct-0905",
  "best_score": 30.893901048
}