{
  "language_pair": "bim-eng",
  "timestamp": "2025-11-07T13:48:48.377015",
  "models": {
    "mistral-medium-3-instruct": 34.827020969267366,
    "seed-oss-36b-instruct": 27.601333095649466,
    "qwen3-235b-a22b": 32.66833764746463,
    "gpt-oss-120b": 15.736378979000252,
    "kimi-k2-instruct-0905": 27.08333212850932,
    "palmyra-med-70b": 26.729853200000004,
    "llama-3.3-70b-instruct": 29.876131497872194,
    "llama-3.1-405b-instruct": 28.844836528827404,
    "qwq-32b": 31.984619158754125,
    "qwen3-32b": 30.026065708,
    "llama-4-maverick-17b-128e-instruct": 29.493827104135516,
    "gemma2-9b-it": 19.062045618,
    "deepseek-v3.1": 28.528352932638946,
    "gemma-2-9b-it": 23.56686279991061,
    "mistral-7b-instruct-v0.3": 22.974313300000002,
    "gemma-2-27b-it": 21.8556969161269
  },
  "average_score": 26.928687974009797,
  "best_model": "mistral-medium-3-instruct",
  "best_score": 34.827020969267366
}