{
  "language_pair": "bim-eng",
  "timestamp": "2026-01-12T13:35:16.766221",
  "models": {
    "mistral-medium-3-instruct": 23.64072094735789,
    "seed-oss-36b-instruct": 24.02933420467066,
    "qwen3-235b-a22b": 25.216517638091013,
    "gpt-oss-120b": 11.897534833075863,
    "kimi-k2-instruct-0905": 24.09777725837919,
    "palmyra-med-70b": 26.729853200000004,
    "llama-3.3-70b-instruct": 25.4475552530101,
    "llama-3.1-405b-instruct": 19.518461402141906,
    "qwq-32b": 22.089311151450534,
    "qwen3-32b": 30.026065708,
    "llama-4-maverick-17b-128e-instruct": 25.70780861106126,
    "gemma2-9b-it": 19.062045618,
    "deepseek-v3.1": 25.756419101707685,
    "gemma-2-9b-it": 21.404942562260914,
    "mistral-7b-instruct-v0.3": 22.974313300000002,
    "gemma-2-27b-it": 21.136145093652736
  },
  "average_score": 23.045925367678734,
  "best_model": "qwen3-32b",
  "best_score": 30.026065708
}