{
  "language_pair": "bim-eng",
  "timestamp": "2026-01-29T11:31:05.050912",
  "models": {
    "bleu": {
      "mistral-medium-3-instruct": 7.674991016582547,
      "gemini-2.5-flash": 22.975352932193953,
      "seed-oss-36b-instruct": 8.367099771944059,
      "qwen3-235b-a22b": 8.685338257513335,
      "gpt-oss-120b": 0.0,
      "gpt-4.1": 10.258362990042718,
      "kimi-k2-instruct-0905": 8.163004722408521,
      "palmyra-med-70b": 3.6570159134143823,
      "llama-3.3-70b-instruct": 4.601046431380969,
      "llama-3.1-405b-instruct": 5.052078334011363,
      "claude-sonnet-4-5": 29.463262418044927,
      "qwq-32b": 3.0649323455071027,
      "qwen3-32b": 3.3073817730640855,
      "llama-4-maverick-17b-128e-instruct": 4.063051764751551,
      "gemma2-9b-it": 7.77536842701581,
      "deepseek-v3.1": 4.608177475231873,
      "gemma-2-9b-it": 2.840136784448514,
      "mistral-7b-instruct-v0.3": 4.449945957170704,
      "gemma-2-27b-it": 2.541908217243929
    },
    "chrf": {
      "mistral-medium-3-instruct": 20.8525258146926,
      "gemini-2.5-flash": 26.994958609403625,
      "seed-oss-36b-instruct": 21.42206708626254,
      "qwen3-235b-a22b": 21.388170721731395,
      "gpt-oss-120b": 13.447132424280035,
      "gpt-4.1": 21.709282842096346,
      "kimi-k2-instruct-0905": 20.84828159802649,
      "palmyra-med-70b": 20.503239818148206,
      "llama-3.3-70b-instruct": 21.33236142465335,
      "llama-3.1-405b-instruct": 21.268303793557955,
      "claude-sonnet-4-5": 24.4252136171079,
      "qwq-32b": 21.432658464019944,
      "qwen3-32b": 21.262601685133795,
      "llama-4-maverick-17b-128e-instruct": 22.527589458987755,
      "gemma2-9b-it": 18.28944164507517,
      "deepseek-v3.1": 21.162679906854958,
      "gemma-2-9b-it": 17.751821001259632,
      "mistral-7b-instruct-v0.3": 16.997975757355903,
      "gemma-2-27b-it": 20.200563311037296
    },
    "average": {
      "mistral-medium-3-instruct": 14.263758415637575,
      "gemini-2.5-flash": 24.98515577079879,
      "seed-oss-36b-instruct": 14.8945834291033,
      "qwen3-235b-a22b": 15.036754489622364,
      "gpt-oss-120b": 6.7235662121400175,
      "gpt-4.1": 15.983822916069531,
      "kimi-k2-instruct-0905": 14.505643160217506,
      "palmyra-med-70b": 12.080127865781295,
      "llama-3.3-70b-instruct": 12.966703928017159,
      "llama-3.1-405b-instruct": 13.160191063784659,
      "claude-sonnet-4-5": 26.944238017576414,
      "qwq-32b": 12.248795404763523,
      "qwen3-32b": 12.284991729098941,
      "llama-4-maverick-17b-128e-instruct": 13.295320611869652,
      "gemma2-9b-it": 13.032405036045489,
      "deepseek-v3.1": 12.885428691043415,
      "gemma-2-9b-it": 10.295978892854073,
      "mistral-7b-instruct-v0.3": 10.723960857263304,
      "gemma-2-27b-it": 11.371235764140613
    }
  },
  "best_model": "claude-sonnet-4-5",
  "best_model_scores": {
    "BLEU": 29.463262418044927,
    "chrF": 24.4252136171079,
    "Average": 26.944238017576414
  }
}