{
  "language_pair": "bim-eng",
  "timestamp": "2026-01-28T14:52:29.046088",
  "models": {
    "bleu": {
      "mistral-medium-3-instruct": 1.7057608417769745,
      "gemini-2.5-flash": 5.85279371888403,
      "seed-oss-36b-instruct": 2.0564250451448243,
      "qwen3-235b-a22b": 2.415892120463684,
      "gpt-oss-120b": 1.2946460844061558,
      "gpt-4.1": 3.4909172968701387,
      "kimi-k2-instruct-0905": 2.310334178736968,
      "palmyra-med-70b": 3.1535567966325564,
      "llama-3.3-70b-instruct": 2.2083366777315465,
      "llama-3.1-405b-instruct": 1.7403887861903784,
      "claude-sonnet-4-5": 4.344750503582723,
      "qwq-32b": 2.132604328332374,
      "qwen3-32b": 3.66441041589069,
      "llama-4-maverick-17b-128e-instruct": 3.1686381069392757,
      "gemma2-9b-it": 2.434289978743146,
      "deepseek-v3.1": 2.1261776094591807,
      "gemma-2-9b-it": 1.8749087548663907,
      "mistral-7b-instruct-v0.3": 2.11097263967767,
      "gemma-2-27b-it": 2.0045068658580583
    },
    "chrf": {
      "mistral-medium-3-instruct": 20.8525258146926,
      "gemini-2.5-flash": 26.994958609403625,
      "seed-oss-36b-instruct": 21.42206708626254,
      "qwen3-235b-a22b": 21.388170721731395,
      "gpt-oss-120b": 13.447132424280035,
      "gpt-4.1": 21.709282842096346,
      "kimi-k2-instruct-0905": 20.84828159802649,
      "palmyra-med-70b": 20.503239818148206,
      "llama-3.3-70b-instruct": 21.33236142465335,
      "llama-3.1-405b-instruct": 21.268303793557955,
      "claude-sonnet-4-5": 24.4252136171079,
      "qwq-32b": 21.432658464019944,
      "qwen3-32b": 21.262601685133795,
      "llama-4-maverick-17b-128e-instruct": 22.527589458987755,
      "gemma2-9b-it": 18.28944164507517,
      "deepseek-v3.1": 21.162679906854958,
      "gemma-2-9b-it": 17.751821001259632,
      "mistral-7b-instruct-v0.3": 16.997975757355903,
      "gemma-2-27b-it": 20.200563311037296
    },
    "average": {
      "mistral-medium-3-instruct": 11.279143328234785,
      "gemini-2.5-flash": 16.423876164143827,
      "seed-oss-36b-instruct": 11.739246065703682,
      "qwen3-235b-a22b": 11.902031421097542,
      "gpt-oss-120b": 7.370889254343095,
      "gpt-4.1": 12.600100069483242,
      "kimi-k2-instruct-0905": 11.57930788838173,
      "palmyra-med-70b": 11.82839830739038,
      "llama-3.3-70b-instruct": 11.770349051192449,
      "llama-3.1-405b-instruct": 11.504346289874167,
      "claude-sonnet-4-5": 14.38498206034531,
      "qwq-32b": 11.782631396176159,
      "qwen3-32b": 12.463506050512244,
      "llama-4-maverick-17b-128e-instruct": 12.848113782963518,
      "gemma2-9b-it": 10.361865811909158,
      "deepseek-v3.1": 11.644428758157067,
      "gemma-2-9b-it": 9.813364878063014,
      "mistral-7b-instruct-v0.3": 9.554474198516784,
      "gemma-2-27b-it": 11.102535088447679
    }
  },
  "best_model": "gemini-2.5-flash",
  "best_model_scores": {
    "BLEU": 5.85279371888403,
    "chrF": 26.994958609403625,
    "Average": 16.423876164143827
  }
}