{
  "language_pair": "bim-eng",
  "timestamp": "2026-01-16T11:13:52.008379",
  "models": {
    "mistral-medium-3-instruct": 23.813220781966354,
    "gemini": 46.582550048828125,
    "seed-oss-36b-instruct": 23.882906241475553,
    "qwen3-235b-a22b": 25.08157825088853,
    "gpt-oss-120b": 11.843354631723194,
    "claude": 38.859275817871094,
    "kimi-k2-instruct-0905": 24.05057582028628,
    "chatgpt": 0.0,
    "palmyra-med-70b": 26.729853200000004,
    "llama-3.3-70b-instruct": 25.346019472889907,
    "llama-3.1-405b-instruct": 19.523995507823585,
    "qwq-32b": 22.313138727014554,
    "qwen3-32b": 30.026065708,
    "llama-4-maverick-17b-128e-instruct": 25.688457783593517,
    "gemma2-9b-it": 19.062045618,
    "deepseek-v3.1": 25.856230492080005,
    "gemma-2-9b-it": 19.639134638164695,
    "mistral-7b-instruct-v0.3": 22.974313300000002,
    "gemma-2-27b-it": 20.51116601528589
  },
  "average_score": 23.778099055573225,
  "best_model": "gemini",
  "best_score": 46.582550048828125
}