Model,Similarity Score (%),Raw Score
gemma2-9b-it,35.26%,35.25887702
gpt-oss-120b,34.59%,34.585887673
llama-4-maverick-17b-128e-instruct,33.54%,33.537544415000006
qwen3-32b,33.46%,33.462511035000006
kimi-k2-instruct-0905,33.21%,33.206560125
