Model,Similarity Score (%),Raw Score
gemma2-9b-it,38.18%,38.176675416
kimi-k2-instruct-0905,37.45%,37.451835912499995
llama-3.3-70b-instruct,36.84%,36.83728273333333
deepseek-v3.1,36.30%,36.298290133333325
gpt-oss-120b,36.29%,36.2874214184
qwen3-235b-a22b,35.44%,35.43641760933333
qwen3-32b,33.60%,33.603917188000004
llama-4-maverick-17b-128e-instruct,31.53%,31.529478692
llama-3.1-405b-instruct,28.05%,28.048464613333334
