Model,Similarity Score (%),Raw Score
deepseek-v3.1,48.58%,48.581803
llama-3.3-70b-instruct,38.89%,38.891883
gemma2-9b-it,38.18%,38.17667541600001
kimi-k2-instruct-0905,37.14%,37.13568581666667
gpt-oss-120b,36.29%,36.2874214184
qwen3-32b,33.60%,33.603917188000004
llama-4-maverick-17b-128e-instruct,31.53%,31.529478691999994
llama-3.1-405b-instruct,30.10%,30.101169399999993
qwen3-235b-a22b,25.04%,25.036389599999996
