Model,Similarity Score (%),Raw Score
llama-3.3-70b-instruct,39.90%,39.896595
gemma2-9b-it,38.18%,38.176675416
kimi-k2-instruct-0905,38.12%,38.124079566666666
deepseek-v3.1,37.54%,37.53648865
gpt-oss-120b,36.29%,36.2874214184
qwen3-235b-a22b,34.43%,34.427844007
qwen3-32b,33.60%,33.603917188000004
llama-4-maverick-17b-128e-instruct,31.53%,31.529478692
llama-3.1-405b-instruct,28.73%,28.733011465000008
