Model,Similarity Score (%),Raw Score
llama-3.3-70b-instruct,39.76%,39.76085043999999
deepseek-v3.1,38.58%,38.578302199999996
gemma2-9b-it,38.18%,38.176675416
kimi-k2-instruct-0905,37.84%,37.838599130000006
gpt-oss-120b,36.29%,36.2874214184
qwen3-32b,33.60%,33.603917188000004
llama-3.1-405b-instruct,33.10%,33.103232252
qwen3-235b-a22b,32.30%,32.2951672456
llama-4-maverick-17b-128e-instruct,31.53%,31.529478692
