Model,Similarity Score (%),Raw Score
gemma2-9b-it,38.18%,38.17667541600001
gpt-oss-120b,36.29%,36.2874214184
kimi-k2-instruct-0905,36.09%,36.0896975
qwen3-32b,33.60%,33.603917188000004
llama-4-maverick-17b-128e-instruct,31.53%,31.529478691999994
