{
  "language_pair": "ncu-eng",
  "timestamp": "2026-01-16T11:13:54.178161",
  "models": {
    "gpt-oss-120b": 20.06854594582551,
    "palmyra-med-70b": 31.593387405,
    "gemini": 56.25918579101562,
    "qwen3-235b-a22b": 39.57939830556457,
    "qwq-32b": 35.66878902003658,
    "gemma2-9b-it": 38.176675416,
    "claude": 44.310882568359375,
    "kimi-k2-instruct-0905": 45.43362275663527,
    "gemma-2-27b-it": 27.014772144047615,
    "mistral-7b-instruct-v0.3": 28.26844745,
    "llama-3.3-70b-instruct": 38.36668721730814,
    "llama-3.1-405b-instruct": 45.352736563970595,
    "gemma-2-9b-it": 31.952680330078127,
    "chatgpt": 41.06231689453125,
    "qwen3-32b": 33.603917188,
    "mistral-medium-3-instruct": 42.062704456961185,
    "seed-oss-36b-instruct": 26.999368971642095,
    "deepseek-v3.1": 40.38420986262752,
    "llama-4-maverick-17b-128e-instruct": 39.0634654430239
  },
  "average_score": 37.11693651213828,
  "best_model": "gemini",
  "best_score": 56.25918579101562
}