{
  "language_pair": "ncu-eng",
  "timestamp": "2025-10-09T07:09:15.422345",
  "models": {
    "gpt-oss-120b": 36.2874214184,
    "gemma2-9b-it": 38.17667541600001,
    "kimi-k2-instruct-0905": 36.0896975,
    "qwen3-32b": 33.603917188000004,
    "llama-4-maverick-17b-128e-instruct": 31.529478691999994
  },
  "average_score": 35.13743804288,
  "best_model": "gemma2-9b-it",
  "best_score": 38.17667541600001
}