{
  "language_pair": "ncu-eng",
  "timestamp": "2026-01-28T14:52:40.040858",
  "models": {
    "bleu": {
      "gpt-4.1": 4.805478893937673,
      "gpt-oss-120b": 2.73746322791903,
      "palmyra-med-70b": 2.347105629721578,
      "gemini-2.5-flash": 7.906750405444961,
      "qwen3-235b-a22b": 4.711347047500932,
      "qwq-32b": 2.696410617614213,
      "gemma2-9b-it": 8.009723106343323,
      "kimi-k2-instruct-0905": 10.442109481015613,
      "gemma-2-27b-it": 2.5413246445685247,
      "mistral-7b-instruct-v0.3": 2.5078168612570195,
      "llama-3.3-70b-instruct": 3.7273875423771106,
      "llama-3.1-405b-instruct": 7.249761064716305,
      "gemma-2-9b-it": 2.635260120733931,
      "qwen3-32b": 2.5635293720144317,
      "mistral-medium-3-instruct": 9.287658682288289,
      "seed-oss-36b-instruct": 2.5892242416405367,
      "deepseek-v3.1": 10.270428338878162,
      "llama-4-maverick-17b-128e-instruct": 4.184428665699138,
      "claude-sonnet-4-5": 5.140055245172043
    },
    "chrf": {
      "gpt-4.1": 26.228284253605047,
      "gpt-oss-120b": 18.472500332633466,
      "palmyra-med-70b": 21.133730686489535,
      "gemini-2.5-flash": 32.24721833836754,
      "qwen3-235b-a22b": 24.843247965266208,
      "qwq-32b": 20.618932000339058,
      "gemma2-9b-it": 26.30508220039269,
      "kimi-k2-instruct-0905": 28.31033090769603,
      "gemma-2-27b-it": 20.743294258283864,
      "mistral-7b-instruct-v0.3": 21.41900732692863,
      "llama-3.3-70b-instruct": 25.288057130127154,
      "llama-3.1-405b-instruct": 29.891890285728014,
      "gemma-2-9b-it": 21.827045440812434,
      "qwen3-32b": 22.097389316494315,
      "mistral-medium-3-instruct": 27.507992672778727,
      "seed-oss-36b-instruct": 20.546121784030383,
      "deepseek-v3.1": 27.791075308348304,
      "llama-4-maverick-17b-128e-instruct": 22.85684480699662,
      "claude-sonnet-4-5": 27.808894360768583
    },
    "average": {
      "gpt-4.1": 15.51688157377136,
      "gpt-oss-120b": 10.604981780276248,
      "palmyra-med-70b": 11.740418158105555,
      "gemini-2.5-flash": 20.076984371906253,
      "qwen3-235b-a22b": 14.777297506383569,
      "qwq-32b": 11.657671308976635,
      "gemma2-9b-it": 17.15740265336801,
      "kimi-k2-instruct-0905": 19.37622019435582,
      "gemma-2-27b-it": 11.642309451426197,
      "mistral-7b-instruct-v0.3": 11.963412094092826,
      "llama-3.3-70b-instruct": 14.507722336252131,
      "llama-3.1-405b-instruct": 18.57082567522216,
      "gemma-2-9b-it": 12.231152780773183,
      "qwen3-32b": 12.33045934425437,
      "mistral-medium-3-instruct": 18.397825677533508,
      "seed-oss-36b-instruct": 11.56767301283546,
      "deepseek-v3.1": 19.030751823613233,
      "llama-4-maverick-17b-128e-instruct": 13.52063673634788,
      "claude-sonnet-4-5": 16.474474802970313
    }
  },
  "best_model": "gemini-2.5-flash",
  "best_model_scores": {
    "BLEU": 7.906750405444961,
    "chrF": 32.24721833836754,
    "Average": 20.076984371906253
  }
}