{
  "language_pair": "ncu-eng",
  "timestamp": "2025-09-25T08:31:20.037385",
  "models": {
    "gpt-oss-120b": 27.926532692,
    "gemma2-9b-it": 31.320446280000002,
    "kimi-k2-instruct-0905": 30.81327079999999,
    "qwen3-32b": 36.536290799999996,
    "llama-4-maverick-17b-128e-instruct": 36.32953574
  },
  "average_score": 32.58521526239999,
  "best_model": "qwen3-32b",
  "best_score": 36.536290799999996
}