{
  "language_pair": "ncu-eng",
  "timestamp": "2026-01-14T12:27:16.691421",
  "models": {
    "gpt-oss-120b": 20.068602465053377,
    "palmyra-med-70b": 31.593387405,
    "qwen3-235b-a22b": 39.579086397964616,
    "qwq-32b": 35.66878902003658,
    "gemma2-9b-it": 38.176675416,
    "kimi-k2-instruct-0905": 45.43431671800086,
    "gemma-2-27b-it": 27.012742482899306,
    "mistral-7b-instruct-v0.3": 28.26844745,
    "llama-3.3-70b-instruct": 38.366958733995865,
    "llama-3.1-405b-instruct": 45.3533110125,
    "gemma-2-9b-it": 31.952833069345626,
    "qwen3-32b": 33.603917188,
    "mistral-medium-3-instruct": 42.05756188174262,
    "seed-oss-36b-instruct": 26.99941211405165,
    "deepseek-v3.1": 40.3670235294761,
    "llama-4-maverick-17b-128e-instruct": 39.06132921255515
  },
  "average_score": 35.22277463103886,
  "best_model": "kimi-k2-instruct-0905",
  "best_score": 45.43431671800086
}