{
  "language_pair": "ncu-eng",
  "timestamp": "2025-10-17T06:39:21.375416",
  "models": {
    "gpt-oss-120b": 36.2874214184,
    "qwen3-235b-a22b": 25.036389599999996,
    "gemma2-9b-it": 38.17667541600001,
    "kimi-k2-instruct-0905": 37.13568581666667,
    "llama-3.3-70b-instruct": 38.891883,
    "llama-3.1-405b-instruct": 30.101169399999993,
    "qwen3-32b": 33.603917188000004,
    "deepseek-v3.1": 48.581803,
    "llama-4-maverick-17b-128e-instruct": 31.529478691999994
  },
  "average_score": 35.482713725674074,
  "best_model": "deepseek-v3.1",
  "best_score": 48.581803
}