{
  "language_pair": "ncu-eng",
  "timestamp": "2026-01-12T13:35:19.974280",
  "models": {
    "gpt-oss-120b": 20.10024306268412,
    "palmyra-med-70b": 31.593387405,
    "qwen3-235b-a22b": 39.37238673135342,
    "qwq-32b": 35.43259053846646,
    "gemma2-9b-it": 38.176675416,
    "kimi-k2-instruct-0905": 45.23799823793658,
    "gemma-2-27b-it": 28.221029546181303,
    "mistral-7b-instruct-v0.3": 28.26844745,
    "llama-3.3-70b-instruct": 38.30499837147507,
    "llama-3.1-405b-instruct": 45.151471856746035,
    "gemma-2-9b-it": 34.76536561664871,
    "qwen3-32b": 33.603917188,
    "mistral-medium-3-instruct": 41.78481941364123,
    "seed-oss-36b-instruct": 26.63413031487532,
    "deepseek-v3.1": 40.206052089603176,
    "llama-4-maverick-17b-128e-instruct": 38.83625876935516
  },
  "average_score": 35.35561075049791,
  "best_model": "kimi-k2-instruct-0905",
  "best_score": 45.23799823793658
}