{
  "language_pair": "ncu-eng",
  "timestamp": "2026-01-19T11:10:33.502155",
  "models": {
    "gpt-4.1": 41.08006032307942,
    "gpt-oss-120b": 20.67584352913647,
    "palmyra-med-70b": 31.593387405,
    "gemini-2.5-flash": 55.332590738932296,
    "qwen3-235b-a22b": 41.240374933555884,
    "qwq-32b": 37.32780246282898,
    "gemma2-9b-it": 38.176675416,
    "kimi-k2-instruct-0905": 46.71425978356074,
    "gemma-2-27b-it": 28.844451065227755,
    "mistral-7b-instruct-v0.3": 28.26844745,
    "llama-3.3-70b-instruct": 39.529954509434184,
    "llama-3.1-405b-instruct": 46.727653770454545,
    "gemma-2-9b-it": 35.947403651933946,
    "qwen3-32b": 33.603917188,
    "mistral-medium-3-instruct": 43.43667844062148,
    "seed-oss-36b-instruct": 27.885639473413885,
    "deepseek-v3.1": 41.60077211180871,
    "llama-4-maverick-17b-128e-instruct": 40.24498735985796,
    "claude-sonnet-4-5": 43.902697245279946
  },
  "average_score": 38.007031413585594,
  "best_model": "gemini-2.5-flash",
  "best_score": 55.332590738932296
}