{
  "language_pair": "ncu-eng",
  "timestamp": "2025-10-18T06:38:02.049170",
  "models": {
    "gpt-oss-120b": 36.2874214184,
    "qwen3-235b-a22b": 35.43641760933333,
    "gemma2-9b-it": 38.176675416,
    "kimi-k2-instruct-0905": 37.451835912499995,
    "llama-3.3-70b-instruct": 36.83728273333333,
    "llama-3.1-405b-instruct": 28.048464613333334,
    "qwen3-32b": 33.603917188000004,
    "deepseek-v3.1": 36.298290133333325,
    "llama-4-maverick-17b-128e-instruct": 31.529478692
  },
  "average_score": 34.85219819069259,
  "best_model": "gemma2-9b-it",
  "best_score": 38.176675416
}