{
  "language_pair": "snw-eng",
  "timestamp": "2026-01-29T11:31:19.559402",
  "models": {
    "bleu": {
      "qwen3-32b": 5.92023639713359,
      "claude-sonnet-4-5": 12.238716124611255,
      "palmyra-med-70b": 3.258594706811098,
      "kimi-k2-instruct-0905": 7.141262595772796,
      "seed-oss-36b-instruct": 3.499025840724869,
      "gpt-oss-120b": 4.957416267006459,
      "deepseek-v3.1": 9.092617426809154,
      "gemini-2.5-flash": 12.45699390802689,
      "gemma-2-27b-it": 3.2791633018592723,
      "gpt-4.1": 7.454480401697922,
      "mistral-medium-3-instruct": 3.5216127571771385,
      "llama-3.3-70b-instruct": 9.71872356213425,
      "qwq-32b": 11.82305320477246,
      "gemma2-9b-it": 10.132393619864414,
      "qwen3-235b-a22b": 7.342763430800037,
      "mistral-7b-instruct-v0.3": 3.1084673251781596,
      "gemma-2-9b-it": 10.986406937498575,
      "llama-4-maverick-17b-128e-instruct": 10.320877265405302,
      "llama-3.1-405b-instruct": 5.776420619188755
    },
    "chrf": {
      "qwen3-32b": 21.862307475189805,
      "claude-sonnet-4-5": 24.32155072020862,
      "palmyra-med-70b": 21.359717374616217,
      "kimi-k2-instruct-0905": 28.598200522512705,
      "seed-oss-36b-instruct": 24.72700450995685,
      "gpt-oss-120b": 17.676017229198962,
      "deepseek-v3.1": 22.405735232547503,
      "gemini-2.5-flash": 24.83819019093386,
      "gemma-2-27b-it": 21.108467824222537,
      "gpt-4.1": 23.84566859763363,
      "mistral-medium-3-instruct": 23.90411345930695,
      "llama-3.3-70b-instruct": 21.371515808207814,
      "qwq-32b": 24.658894541095865,
      "gemma2-9b-it": 24.264623562923784,
      "qwen3-235b-a22b": 23.860176351009525,
      "mistral-7b-instruct-v0.3": 19.04789308990258,
      "gemma-2-9b-it": 18.475973934472908,
      "llama-4-maverick-17b-128e-instruct": 23.04342532796721,
      "llama-3.1-405b-instruct": 20.443708632599275
    },
    "average": {
      "qwen3-32b": 13.891271936161697,
      "claude-sonnet-4-5": 18.28013342240994,
      "palmyra-med-70b": 12.309156040713658,
      "kimi-k2-instruct-0905": 17.86973155914275,
      "seed-oss-36b-instruct": 14.113015175340859,
      "gpt-oss-120b": 11.31671674810271,
      "deepseek-v3.1": 15.749176329678328,
      "gemini-2.5-flash": 18.647592049480377,
      "gemma-2-27b-it": 12.193815563040904,
      "gpt-4.1": 15.650074499665775,
      "mistral-medium-3-instruct": 13.712863108242043,
      "llama-3.3-70b-instruct": 15.54511968517103,
      "qwq-32b": 18.240973872934163,
      "gemma2-9b-it": 17.1985085913941,
      "qwen3-235b-a22b": 15.60146989090478,
      "mistral-7b-instruct-v0.3": 11.07818020754037,
      "gemma-2-9b-it": 14.731190435985742,
      "llama-4-maverick-17b-128e-instruct": 16.682151296686257,
      "llama-3.1-405b-instruct": 13.110064625894015
    }
  },
  "best_model": "gemini-2.5-flash",
  "best_model_scores": {
    "BLEU": 12.45699390802689,
    "chrF": 24.83819019093386,
    "Average": 18.647592049480377
  }
}