Model,Similarity Score (%),Raw Score
deepseek-v3.1,37.25%,37.25045494666667
qwen3-32b,35.19%,35.187339720000004
kimi-k2-instruct-0905,34.87%,34.8701026675
llama-3.3-70b-instruct,33.06%,33.06313503333333
qwen3-235b-a22b,31.66%,31.65597175333333
llama-4-maverick-17b-128e-instruct,28.78%,28.775061200000003
llama-3.1-405b-instruct,27.91%,27.908030279999995
gpt-oss-120b,26.36%,26.362069319200003
gemma2-9b-it,21.10%,21.099981292
