Model,Similarity Score (%),Raw Score
kimi-k2-instruct-0905,35.97%,35.9691541488889
qwen3-32b,35.19%,35.187339720000004
deepseek-v3.1,33.27%,33.270072569999996
llama-3.3-70b-instruct,32.32%,32.320816325
qwen3-235b-a22b,30.15%,30.152103580000002
llama-3.1-405b-instruct,28.95%,28.950033135
llama-4-maverick-17b-128e-instruct,28.78%,28.775061200000003
gpt-oss-120b,26.36%,26.362069319200003
gemma2-9b-it,21.10%,21.099981292
