Model,Similarity Score (%),Raw Score
qwen3-32b,34.10%,34.096842450000004
kimi-k2-instruct-0905,33.70%,33.69701688500001
llama-4-maverick-17b-128e-instruct,31.81%,31.812517900000003
gpt-oss-120b,23.25%,23.252221949
gemma2-9b-it,21.24%,21.236409315000003
