Model,Similarity Score (%),Raw Score
qwen3-32b,35.19%,35.187339720000004
kimi-k2-instruct-0905,34.11%,34.113367348000004
llama-4-maverick-17b-128e-instruct,28.78%,28.775061200000003
gpt-oss-120b,26.36%,26.3620693192
gemma2-9b-it,21.10%,21.099981292
