Model,Similarity Score (%),Raw Score
deepseek-v3.1,45.91%,45.9147992
llama-3.3-70b-instruct,40.99%,40.9930698
qwen3-32b,35.19%,35.187339720000004
kimi-k2-instruct-0905,33.76%,33.76264448999999
llama-3.1-405b-instruct,32.47%,32.4738826
llama-4-maverick-17b-128e-instruct,28.78%,28.775061200000003
gpt-oss-120b,26.36%,26.3620693192
qwen3-235b-a22b,25.60%,25.601644200000006
gemma2-9b-it,21.10%,21.099981292
