Model,Similarity Score (%),Raw Score
kimi-k2-instruct-0905,37.10%,37.10240357400001
qwen3-32b,35.19%,35.187339720000004
llama-3.3-70b-instruct,33.25%,33.2457013
deepseek-v3.1,31.08%,31.075019296
qwen3-235b-a22b,30.24%,30.24391314
llama-3.1-405b-instruct,29.33%,29.330242268000006
llama-4-maverick-17b-128e-instruct,28.78%,28.775061200000003
gpt-oss-120b,26.36%,26.362069319200003
gemma2-9b-it,21.10%,21.099981292
