{
  "language_pair": "sig-eng",
  "timestamp": "2026-01-14T12:27:17.136845",
  "models": {
    "gemma-2-27b-it": 27.46850754357278,
    "palmyra-med-70b": 38.7826666,
    "llama-4-maverick-17b-128e-instruct": 30.93933893210018,
    "llama-3.1-405b-instruct": 29.97204511326287,
    "deepseek-v3.1": 30.69028436183364,
    "gemma-2-9b-it": 25.191103623730406,
    "qwen3-32b": 35.18733972,
    "mistral-medium-3-instruct": 26.99849459328621,
    "kimi-k2-instruct-0905": 31.198351095081335,
    "qwq-32b": 27.535472698978175,
    "qwen3-235b-a22b": 29.16808734882583,
    "seed-oss-36b-instruct": 25.898234298090276,
    "mistral-7b-instruct-v0.3": 20.502648519999997,
    "gemma2-9b-it": 21.099981292,
    "gpt-oss-120b": 26.592791626216457,
    "llama-3.3-70b-instruct": 29.94200769292739
  },
  "average_score": 28.572959691244098,
  "best_model": "palmyra-med-70b",
  "best_score": 38.7826666
}