{
  "language_pair": "sig-eng",
  "timestamp": "2026-01-12T13:35:21.213048",
  "models": {
    "gemma-2-27b-it": 28.098769340163106,
    "palmyra-med-70b": 38.7826666,
    "llama-4-maverick-17b-128e-instruct": 31.08499075396825,
    "llama-3.1-405b-instruct": 30.056806413174602,
    "deepseek-v3.1": 31.028533539236115,
    "gemma-2-9b-it": 27.335516180194237,
    "qwen3-32b": 35.18733972,
    "mistral-medium-3-instruct": 27.033515279028826,
    "kimi-k2-instruct-0905": 31.19735381806526,
    "qwq-32b": 27.72056278213362,
    "qwen3-235b-a22b": 29.39154356202629,
    "seed-oss-36b-instruct": 25.84733661163793,
    "mistral-7b-instruct-v0.3": 20.502648519999997,
    "gemma2-9b-it": 21.099981292,
    "gpt-oss-120b": 26.51906163220337,
    "llama-3.3-70b-instruct": 30.125257776443448
  },
  "average_score": 28.81324273876719,
  "best_model": "palmyra-med-70b",
  "best_score": 38.7826666
}