{
  "language_pair": "sig-eng",
  "timestamp": "2026-01-28T14:52:42.629026",
  "models": {
    "bleu": {
      "gpt-4.1": 4.179740002402829,
      "gemma-2-27b-it": 2.8749288316884813,
      "palmyra-med-70b": 2.1307104942218555,
      "llama-4-maverick-17b-128e-instruct": 2.789406477419067,
      "llama-3.1-405b-instruct": 2.194785757407925,
      "deepseek-v3.1": 3.482779727097217,
      "gemma-2-9b-it": 2.7451344469451207,
      "gemini-2.5-flash": 6.3355476585493005,
      "qwen3-32b": 2.2121787926523546,
      "mistral-medium-3-instruct": 2.2180761621651244,
      "kimi-k2-instruct-0905": 2.6816195357982364,
      "qwq-32b": 2.763231778147335,
      "qwen3-235b-a22b": 2.684606927040478,
      "seed-oss-36b-instruct": 2.2161853003335845,
      "mistral-7b-instruct-v0.3": 1.8923880116486458,
      "gemma2-9b-it": 2.261279295603157,
      "claude-sonnet-4-5": 5.21277041773897,
      "gpt-oss-120b": 2.693543116444168,
      "llama-3.3-70b-instruct": 2.2731545311082053
    },
    "chrf": {
      "gpt-4.1": 24.323837881882657,
      "gemma-2-27b-it": 18.123891758317566,
      "palmyra-med-70b": 21.782886938729824,
      "llama-4-maverick-17b-128e-instruct": 19.333134278181902,
      "llama-3.1-405b-instruct": 19.264401768059937,
      "deepseek-v3.1": 20.275447068901325,
      "gemma-2-9b-it": 16.963182108932973,
      "gemini-2.5-flash": 27.816040498555,
      "qwen3-32b": 20.94356702260517,
      "mistral-medium-3-instruct": 17.26491288150103,
      "kimi-k2-instruct-0905": 18.81344862724654,
      "qwq-32b": 18.000003356843,
      "qwen3-235b-a22b": 17.910931783242514,
      "seed-oss-36b-instruct": 18.689152728916902,
      "mistral-7b-instruct-v0.3": 19.696450059202444,
      "gemma2-9b-it": 16.715140690517686,
      "claude-sonnet-4-5": 26.084289368011927,
      "gpt-oss-120b": 16.580268297733365,
      "llama-3.3-70b-instruct": 16.625286019332073
    },
    "average": {
      "gpt-4.1": 14.251788942142745,
      "gemma-2-27b-it": 10.499410295003024,
      "palmyra-med-70b": 11.95679871647584,
      "llama-4-maverick-17b-128e-instruct": 11.061270377800485,
      "llama-3.1-405b-instruct": 10.729593762733932,
      "deepseek-v3.1": 11.879113397999271,
      "gemma-2-9b-it": 9.854158277939046,
      "gemini-2.5-flash": 17.07579407855215,
      "qwen3-32b": 11.577872907628764,
      "mistral-medium-3-instruct": 9.741494521833078,
      "kimi-k2-instruct-0905": 10.747534081522389,
      "qwq-32b": 10.381617567495168,
      "qwen3-235b-a22b": 10.297769355141495,
      "seed-oss-36b-instruct": 10.452669014625243,
      "mistral-7b-instruct-v0.3": 10.794419035425545,
      "gemma2-9b-it": 9.488209993060421,
      "claude-sonnet-4-5": 15.64852989287545,
      "gpt-oss-120b": 9.636905707088767,
      "llama-3.3-70b-instruct": 9.449220275220139
    }
  },
  "best_model": "gemini-2.5-flash",
  "best_model_scores": {
    "BLEU": 6.3355476585493005,
    "chrF": 27.816040498555,
    "Average": 17.07579407855215
  }
}