{
  "language_pair": "sig-eng",
  "timestamp": "2026-01-29T11:31:16.967098",
  "models": {
    "bleu": {
      "gpt-4.1": 44.59245757344275,
      "gemma-2-27b-it": 3.3073817730640855,
      "palmyra-med-70b": 3.1876202279142682,
      "llama-4-maverick-17b-128e-instruct": 10.07470807853229,
      "llama-3.1-405b-instruct": 9.611620285180416,
      "deepseek-v3.1": 8.339775806898658,
      "gemma-2-9b-it": 7.223943354597204,
      "gemini-2.5-flash": 30.839236477933014,
      "qwen3-32b": 16.00703030791068,
      "mistral-medium-3-instruct": 6.423094863383858,
      "kimi-k2-instruct-0905": 16.871203907150655,
      "qwq-32b": 3.8461875130248733,
      "qwen3-235b-a22b": 7.658412276041004,
      "seed-oss-36b-instruct": 7.00452395445262,
      "mistral-7b-instruct-v0.3": 7.200062223352653,
      "gemma2-9b-it": 2.313323747289043,
      "claude-sonnet-4-5": 48.362473726532365,
      "gpt-oss-120b": 0.0,
      "llama-3.3-70b-instruct": 6.423094863383858
    },
    "chrf": {
      "gpt-4.1": 24.323837881882657,
      "gemma-2-27b-it": 18.123891758317566,
      "palmyra-med-70b": 21.782886938729824,
      "llama-4-maverick-17b-128e-instruct": 19.333134278181902,
      "llama-3.1-405b-instruct": 19.264401768059937,
      "deepseek-v3.1": 20.275447068901325,
      "gemma-2-9b-it": 16.963182108932973,
      "gemini-2.5-flash": 27.816040498555,
      "qwen3-32b": 20.94356702260517,
      "mistral-medium-3-instruct": 17.26491288150103,
      "kimi-k2-instruct-0905": 18.81344862724654,
      "qwq-32b": 18.000003356843,
      "qwen3-235b-a22b": 17.910931783242514,
      "seed-oss-36b-instruct": 18.689152728916902,
      "mistral-7b-instruct-v0.3": 19.696450059202444,
      "gemma2-9b-it": 16.715140690517686,
      "claude-sonnet-4-5": 26.084289368011927,
      "gpt-oss-120b": 16.580268297733365,
      "llama-3.3-70b-instruct": 16.625286019332073
    },
    "average": {
      "gpt-4.1": 34.458147727662706,
      "gemma-2-27b-it": 10.715636765690826,
      "palmyra-med-70b": 12.485253583322047,
      "llama-4-maverick-17b-128e-instruct": 14.703921178357096,
      "llama-3.1-405b-instruct": 14.438011026620178,
      "deepseek-v3.1": 14.307611437899991,
      "gemma-2-9b-it": 12.093562731765088,
      "gemini-2.5-flash": 29.327638488244006,
      "qwen3-32b": 18.475298665257924,
      "mistral-medium-3-instruct": 11.844003872442443,
      "kimi-k2-instruct-0905": 17.842326267198597,
      "qwq-32b": 10.923095434933936,
      "qwen3-235b-a22b": 12.784672029641758,
      "seed-oss-36b-instruct": 12.84683834168476,
      "mistral-7b-instruct-v0.3": 13.448256141277549,
      "gemma2-9b-it": 9.514232218903365,
      "claude-sonnet-4-5": 37.22338154727215,
      "gpt-oss-120b": 8.290134148866683,
      "llama-3.3-70b-instruct": 11.524190441357966
    }
  },
  "best_model": "claude-sonnet-4-5",
  "best_model_scores": {
    "BLEU": 48.362473726532365,
    "chrF": 26.084289368011927,
    "Average": 37.22338154727215
  }
}