{
  "language_pair": "sig-eng",
  "timestamp": "2026-01-16T11:13:54.629115",
  "models": {
    "gemini": 48.31746292114258,
    "gemma-2-27b-it": 27.46881756341405,
    "palmyra-med-70b": 38.7826666,
    "llama-4-maverick-17b-128e-instruct": 30.938943998736207,
    "llama-3.1-405b-instruct": 29.97197330719669,
    "deepseek-v3.1": 30.693731053010108,
    "gemma-2-9b-it": 25.191103623730406,
    "qwen3-32b": 35.18733972,
    "mistral-medium-3-instruct": 26.99869562177703,
    "kimi-k2-instruct-0905": 31.198083804992105,
    "qwq-32b": 27.535472698978175,
    "qwen3-235b-a22b": 29.16819505792509,
    "seed-oss-36b-instruct": 25.897420496006944,
    "mistral-7b-instruct-v0.3": 20.502648519999997,
    "gemma2-9b-it": 21.099981292,
    "claude": 42.24877166748047,
    "gpt-oss-120b": 26.59275123530423,
    "chatgpt": 0.0,
    "llama-3.3-70b-instruct": 29.94200769292739
  },
  "average_score": 28.828214046032713,
  "best_model": "gemini",
  "best_score": 48.31746292114258
}