{
  "language_pair": "sig-eng",
  "timestamp": "2026-01-16T14:45:15.164522",
  "models": {
    "gemini": 48.31746292114258,
    "gemma-2-27b-it": 27.46850754357278,
    "palmyra-med-70b": 38.7826666,
    "llama-4-maverick-17b-128e-instruct": 30.939572301815254,
    "llama-3.1-405b-instruct": 29.97204511326287,
    "deepseek-v3.1": 30.693820810592833,
    "gemma-2-9b-it": 25.191103623730406,
    "qwen3-32b": 35.18733972,
    "mistral-medium-3-instruct": 26.998417088325894,
    "kimi-k2-instruct-0905": 31.198384539002568,
    "qwq-32b": 27.535472698978175,
    "qwen3-235b-a22b": 29.16801554275965,
    "seed-oss-36b-instruct": 25.898902778373017,
    "mistral-7b-instruct-v0.3": 20.502648519999997,
    "gemma2-9b-it": 21.099981292,
    "claude": 42.249473571777344,
    "gpt-oss-120b": 26.59271982015028,
    "chatgpt": 37.46717834472656,
    "llama-3.3-70b-instruct": 29.94200769292739
  },
  "average_score": 30.800301080165138,
  "best_model": "gemini",
  "best_score": 48.31746292114258
}