ref,text,translated,source_zip_file,similarity_score,chrf_sentence,corpus_bleu,corpus_chrf
"The angel said, “Get up and take the child and his mother back to Israel. The people who wanted to kill him are now dead.”","“Vaa ir 'mɔɔ a bie nɩ a wʊ ma na fʊ chiin a Isɩral wɛr pɔ, a bala na dɔ̃ɔ bʊɔrɔ a bie kʊfʊ kpi naa.”","We are the ones who have gone to Israel, and we will return to our land.",Dec 08 output,,20.08280496761993,8.847487574766278,5.831798649478208
Everyone who asks will receive. Everyone who searches will find. And the door will be opened for everyone who knocks.,"Nɩrɛ 'lɔ na sʊɔr na nyɛ naa, ka a 'lɔ mɩ na yɔbɔ nyɛ, ka a pãn mɩ yuo kʊ a nɩrɛ 'lɔ na kpoor.","If you do not eat the food, you will become hungry, and you will go to the market to buy food.",Dec 08 output,,15.862702806155038,8.847487574766278,5.831798649478208
Many prophets and good people were eager to see what you see and to hear what you hear. But I tell you they did not see or hear. Jesus Explains the Story about the Farmer (Mark,"Yelmãɛ lɛ n 'yɛrɛ kʊrɔ yɩ ɩka Nãaŋmɩn 'yɛ'yɛrbɛ yɔɔ nɩ nɩtorsɩ yɔɔ ta bʊɔrɔ na ɩka ba nyɛ bon 'lɔ yɩn nyɛ tɩchɛ baa nyɛ ɛ, na ba ta wõ bon 'lɔ yɩn wõ tɩchɛ baa tʊ̃ɔ wõ ɛ.","We are not going to the farm today because the rain is heavy, so we will stay at home.",Dec 08 output,,13.10338374741673,8.847487574766278,5.831798649478208
"Everyone who has something will be given more, and they will have more than enough. But everything will be taken from those who don't have anything.","Nɩrɛ 'lɔ jaa na tara yɔɔ, ban kʊ wʊn yɔɔ pʊɔ ka ba tara yɔɔ tɩchɛ a nɩrɛ 'lɔ na ba tara bon jaa ɛ, a bãlãa 'lɔ wʊn tara gba ban faan yin a wʊ sɛ̃.","If you go to the market, you will buy some things, then you will return home and eat dinner, and the family will be happy.",Dec 08 output,,27.543399106788502,8.847487574766278,5.831798649478208
So the chief priests met with the leaders and decided to bribe the soldiers with a lot of money.,"A bɔɔrlo nãa nɩ a wʊ nɩbɛrɛ na wa lɔ̃ɔ taa, ba guor taa de libiyɔɔ kʊ a sojasɩ",The man went home and told his family that he would return tomorrow.,Dec 08 output,,15.939241913445882,8.847487574766278,5.831798649478208
"The angel said, “Get up and take the child and his mother back to Israel. The people who wanted to kill him are now dead.”","“Vaa ir 'mɔɔ a bie nɩ a wʊ ma na fʊ chiin a Isɩral wɛr pɔ, a bala na dɔ̃ɔ bʊɔrɔ a bie kʊfʊ kpi naa.”","We are going to the house of the chief of Israel, and we will bring the gifts that we have prepared.",onesimus_31223989_Dec 12 output,,22.26718504545219,8.847487574766278,5.831798649478208
Everyone who asks will receive. Everyone who searches will find. And the door will be opened for everyone who knocks.,"Nɩrɛ 'lɔ na sʊɔr na nyɛ naa, ka a 'lɔ mɩ na yɔbɔ nyɛ, ka a pãn mɩ yuo kʊ a nɩrɛ 'lɔ na kpoor.","When you come to the house and you see me, you will give me the food, and then I will take you home.",onesimus_31223989_Dec 12 output,,17.134904410904966,8.847487574766278,5.831798649478208
Many prophets and good people were eager to see what you see and to hear what you hear. But I tell you they did not see or hear. Jesus Explains the Story about the Farmer (Mark,"Yelmãɛ lɛ n 'yɛrɛ kʊrɔ yɩ ɩka Nãaŋmɩn 'yɛ'yɛrbɛ yɔɔ nɩ nɩtorsɩ yɔɔ ta bʊɔrɔ na ɩka ba nyɛ bon 'lɔ yɩn nyɛ tɩchɛ baa nyɛ ɛ, na ba ta wõ bon 'lɔ yɩn wõ tɩchɛ baa tʊ̃ɔ wõ ɛ.","We do not have any more work to do, so we will stop here.",onesimus_31223989_Dec 12 output,,9.774803406696735,8.847487574766278,5.831798649478208
"Everyone who has something will be given more, and they will have more than enough. But everything will be taken from those who don't have anything.","Nɩrɛ 'lɔ jaa na tara yɔɔ, ban kʊ wʊn yɔɔ pʊɔ ka ba tara yɔɔ tɩchɛ a nɩrɛ 'lɔ na ba tara bon jaa ɛ, a bãlãa 'lɔ wʊn tara gba ban faan yin a wʊ sɛ̃.","The speaker says that if someone goes to the place, they will find what they need there, and that they should go there to get what they are looking for.",onesimus_31223989_Dec 12 output,,25.54617514144788,8.847487574766278,5.831798649478208
So the chief priests met with the leaders and decided to bribe the soldiers with a lot of money.,"A bɔɔrlo nãa nɩ a wʊ nɩbɛrɛ na wa lɔ̃ɔ taa, ba guor taa de libiyɔɔ kʊ a sojasɩ",Translation not available,onesimus_31223989_Dec 12 output,,5.487765141581036,8.847487574766278,5.831798649478208
"The angel said, “Get up and take the child and his mother back to Israel. The people who wanted to kill him are now dead.”","“Vaa ir 'mɔɔ a bie nɩ a wʊ ma na fʊ chiin a Isɩral wɛr pɔ, a bala na dɔ̃ɔ bʊɔrɔ a bie kʊfʊ kpi naa.”","When I was a child, I went to Israel, and there I learned many things.",john_AC86BE0F_output (5),,21.280631886396954,8.847487574766278,5.831798649478208
Everyone who asks will receive. Everyone who searches will find. And the door will be opened for everyone who knocks.,"Nɩrɛ 'lɔ na sʊɔr na nyɛ naa, ka a 'lɔ mɩ na yɔbɔ nyɛ, ka a pãn mɩ yuo kʊ a nɩrɛ 'lɔ na kpoor.","We will not go back to the market again, because we already went there yesterday.",john_AC86BE0F_output (5),,13.86642547119358,8.847487574766278,5.831798649478208
Many prophets and good people were eager to see what you see and to hear what you hear. But I tell you they did not see or hear. Jesus Explains the Story about the Farmer (Mark,"Yelmãɛ lɛ n 'yɛrɛ kʊrɔ yɩ ɩka Nãaŋmɩn 'yɛ'yɛrbɛ yɔɔ nɩ nɩtorsɩ yɔɔ ta bʊɔrɔ na ɩka ba nyɛ bon 'lɔ yɩn nyɛ tɩchɛ baa nyɛ ɛ, na ba ta wõ bon 'lɔ yɩn wõ tɩchɛ baa tʊ̃ɔ wõ ɛ.","We must honor our ancestors and the elders, and we must not forget them, and we must also respect the younger ones.",john_AC86BE0F_output (5),,17.17234136917218,8.847487574766278,5.831798649478208
"Everyone who has something will be given more, and they will have more than enough. But everything will be taken from those who don't have anything.","Nɩrɛ 'lɔ jaa na tara yɔɔ, ban kʊ wʊn yɔɔ pʊɔ ka ba tara yɔɔ tɩchɛ a nɩrɛ 'lɔ na ba tara bon jaa ɛ, a bãlãa 'lɔ wʊn tara gba ban faan yin a wʊ sɛ̃.","If you do not work, you will not have anything; but if you work, you will obtain what you need.",john_AC86BE0F_output (5),,20.77250810566115,8.847487574766278,5.831798649478208
So the chief priests met with the leaders and decided to bribe the soldiers with a lot of money.,"A bɔɔrlo nãa nɩ a wʊ nɩbɛrɛ na wa lɔ̃ɔ taa, ba guor taa de libiyɔɔ kʊ a sojasɩ","If you go there and see the river, you will find the fish in the water.",john_AC86BE0F_output (5),,16.87374173021567,8.847487574766278,5.831798649478208
"The angel said, “Get up and take the child and his mother back to Israel. The people who wanted to kill him are now dead.”","“Vaa ir 'mɔɔ a bie nɩ a wʊ ma na fʊ chiin a Isɩral wɛr pɔ, a bala na dɔ̃ɔ bʊɔrɔ a bie kʊfʊ kpi naa.”","When I arrived at the place called Israel, I saw that the people there were very generous and gave me many gifts.",output_JA-4,,24.35738557335346,8.847487574766278,5.831798649478208
Everyone who asks will receive. Everyone who searches will find. And the door will be opened for everyone who knocks.,"Nɩrɛ 'lɔ na sʊɔr na nyɛ naa, ka a 'lɔ mɩ na yɔbɔ nyɛ, ka a pãn mɩ yuo kʊ a nɩrɛ 'lɔ na kpoor.","When the rain falls on the ground, we go to the river, and we bring back water for the children.",output_JA-4,,14.98107127346173,8.847487574766278,5.831798649478208
Many prophets and good people were eager to see what you see and to hear what you hear. But I tell you they did not see or hear. Jesus Explains the Story about the Farmer (Mark,"Yelmãɛ lɛ n 'yɛrɛ kʊrɔ yɩ ɩka Nãaŋmɩn 'yɛ'yɛrbɛ yɔɔ nɩ nɩtorsɩ yɔɔ ta bʊɔrɔ na ɩka ba nyɛ bon 'lɔ yɩn nyɛ tɩchɛ baa nyɛ ɛ, na ba ta wõ bon 'lɔ yɩn wõ tɩchɛ baa tʊ̃ɔ wõ ɛ.","We are not going to the farm today because the rain has made the fields too muddy, so we will stay at home and rest.",output_JA-4,,16.57395363935808,8.847487574766278,5.831798649478208
"Everyone who has something will be given more, and they will have more than enough. But everything will be taken from those who don't have anything.","Nɩrɛ 'lɔ jaa na tara yɔɔ, ban kʊ wʊn yɔɔ pʊɔ ka ba tara yɔɔ tɩchɛ a nɩrɛ 'lɔ na ba tara bon jaa ɛ, a bãlãa 'lɔ wʊn tara gba ban faan yin a wʊ sɛ̃.","If you go to the market, you will buy some things, then you will return home and eat. The people are happy.",output_JA-4,,21.228488926421942,8.847487574766278,5.831798649478208
So the chief priests met with the leaders and decided to bribe the soldiers with a lot of money.,"A bɔɔrlo nãa nɩ a wʊ nɩbɛrɛ na wa lɔ̃ɔ taa, ba guor taa de libiyɔɔ kʊ a sojasɩ",Translation not available,output_JA-4,,5.487765141581036,8.847487574766278,5.831798649478208
"The angel said, “Get up and take the child and his mother back to Israel. The people who wanted to kill him are now dead.”","“Vaa ir 'mɔɔ a bie nɩ a wʊ ma na fʊ chiin a Isɩral wɛr pɔ, a bala na dɔ̃ɔ bʊɔrɔ a bie kʊfʊ kpi naa.”","We are going to the house of the Lord in Israel, and we will bring back the blessings for the people.",onesimus_7C821E01_Dec 01 output,,25.133129980933116,8.847487574766278,5.831798649478208
Everyone who asks will receive. Everyone who searches will find. And the door will be opened for everyone who knocks.,"Nɩrɛ 'lɔ na sʊɔr na nyɛ naa, ka a 'lɔ mɩ na yɔbɔ nyɛ, ka a pãn mɩ yuo kʊ a nɩrɛ 'lɔ na kpoor.","If you go to the market and buy something, then you will eat it, and you will be happy because you went to the market.",onesimus_7C821E01_Dec 01 output,,16.3997269904263,8.847487574766278,5.831798649478208
Many prophets and good people were eager to see what you see and to hear what you hear. But I tell you they did not see or hear. Jesus Explains the Story about the Farmer (Mark,"Yelmãɛ lɛ n 'yɛrɛ kʊrɔ yɩ ɩka Nãaŋmɩn 'yɛ'yɛrbɛ yɔɔ nɩ nɩtorsɩ yɔɔ ta bʊɔrɔ na ɩka ba nyɛ bon 'lɔ yɩn nyɛ tɩchɛ baa nyɛ ɛ, na ba ta wõ bon 'lɔ yɩn wõ tɩchɛ baa tʊ̃ɔ wõ ɛ.","If we do not work together, we will not achieve anything; but if we unite, we will succeed.",onesimus_7C821E01_Dec 01 output,,11.003851856878253,8.847487574766278,5.831798649478208
"Everyone who has something will be given more, and they will have more than enough. But everything will be taken from those who don't have anything.","Nɩrɛ 'lɔ jaa na tara yɔɔ, ban kʊ wʊn yɔɔ pʊɔ ka ba tara yɔɔ tɩchɛ a nɩrɛ 'lɔ na ba tara bon jaa ɛ, a bãlãa 'lɔ wʊn tara gba ban faan yin a wʊ sɛ̃.","If you do not work, you will not have anything; but if you work, you will obtain food and be satisfied.",onesimus_7C821E01_Dec 01 output,,21.391370053775077,8.847487574766278,5.831798649478208
So the chief priests met with the leaders and decided to bribe the soldiers with a lot of money.,"A bɔɔrlo nãa nɩ a wʊ nɩbɛrɛ na wa lɔ̃ɔ taa, ba guor taa de libiyɔɔ kʊ a sojasɩ","When the rain falls and the river overflows, the people go to the market.",onesimus_7C821E01_Dec 01 output,,17.823388629664073,8.847487574766278,5.831798649478208
"The field is the world, and the good seeds are the people who belong to the kingdom. The weeds are those who belong to the evil one,",A pʊɔ lɛ ɩ a wɛr. A bʊ̃bivɩɛl lɛ a Nãaŋmɩn nãalʊ̃ʊ bibiir. A mɔɩ lɛ a bala na ɩ a dɛɛr sʊɔ bibiir.,"The speaker says they are at home, that they will go to Naanmin tomorrow early in the morning, and that they will eat rice and some other food.",output_jonathan,0.09368067,22.988078808313624,8.847487574766278,5.831798649478208
"Jesus replied, “How then could the Spirit lead David to call the Messiah his Lord? David said,","Ka a Yesu sʊʊr ba, “Ŋmɩnɛ lɛ ka a nãa David a Nãaŋmɩn Sɩɛ na dɔ̃ɔ kpɛ, a wʊ bʊɔl wʊ ɩka, ‘N Soro’? Bojũu wʊ 'yɛr naa ɩka,","When Jesus said, “We must go to David and his people, for they are in trouble, and they will say, ‘What is happening?’ Let them be told, ‘It is the work of the Lord.’”",output_jonathan,0.6883909,25.267164934396696,8.847487574766278,5.831798649478208
"They sent some of their followers and some of Herod's followers to say to him, “Teacher, we know that you are honest. You teach the truth about what God wants people to do. And you treat everyone with the same respect, no matter who they are.","Be lɛ ba tʊ̃ a ba poturbo nɩ a nɩbɛ bamɩne na yi a Nãa Hɛrɔd sɛ̃, na ba 'yɛr, “Wiwile, sɩ bɔ̃ɔ naa ɩka fʊ ɩn yelmãɛ sʊɔ, na fʊ wile Nãaŋmɩn sɔr nɩ yelmãɛ, bojũu faa kaara lɛ nɩbɛ na 'yɛrɛ bɩɩ oor ɛ.","We have come here to the village of Poturbo, where the chief Naa Herod lives, and we say, “Listen, if you want to go to the forest, you must first go to the place called Yelmãɛ, and then go to Naaŋmɩn’s house in Yelmãɛ; after that you can return and tell us what you have seen.”",output_jonathan,0.29154414,25.306133531976933,8.847487574766278,5.831798649478208
"If the follower refuses to listen to them, report the matter to the church. Anyone who refuses to listen to the church must be treated like an unbeliever or a tax collector. Allowing and Not Allowing","'Lɔ wa tɔr a nɩbɛ bala niem, 'yɛr kʊ a pupuorbiir, ka 'lɔ wa chɛnɛ tɔr na waa tu a ba nɛɛ ɛ, fʊ maal wʊ fɩka a lɛ fʊn na maal a nɩyuo, bɩɩ a lõpodier kaar.","The translation could not be provided because the source text is in Southern Birifor, a language for which I do not have sufficient linguistic data to produce an accurate English rendering.",output_jonathan,0.13158602,20.40774272294117,8.847487574766278,5.831798649478208
"Finally, the owner sent his own son to the renters, because he thought they would respect him.","A baaraa lɛ wʊ tʊ̃ a wʊ mãɛ bie a ba sɛ̃ na wʊ 'yɛr, ‘Ban 'yɔ̃ɔ naa a n bie.’","When you go there and you see a person, you will say, “We are not here.”",output_jonathan,0.06668585,20.30780483680989,8.847487574766278,5.831798649478208
"The angel said, “Get up and take the child and his mother back to Israel. The people who wanted to kill him are now dead.”","“Vaa ir 'mɔɔ a bie nɩ a wʊ ma na fʊ chiin a Isɩral wɛr pɔ, a bala na dɔ̃ɔ bʊɔrɔ a bie kʊfʊ kpi naa.”",We are the ones who have been sent to Israel to bring back the promised blessings.,output_JA-2,,21.484379338284658,8.847487574766278,5.831798649478208
Everyone who asks will receive. Everyone who searches will find. And the door will be opened for everyone who knocks.,"Nɩrɛ 'lɔ na sʊɔr na nyɛ naa, ka a 'lɔ mɩ na yɔbɔ nyɛ, ka a pãn mɩ yuo kʊ a nɩrɛ 'lɔ na kpoor.","We will go to the farm tomorrow, and we will work there because we need to farm.",output_JA-2,,15.438576252427955,8.847487574766278,5.831798649478208
Many prophets and good people were eager to see what you see and to hear what you hear. But I tell you they did not see or hear. Jesus Explains the Story about the Farmer (Mark,"Yelmãɛ lɛ n 'yɛrɛ kʊrɔ yɩ ɩka Nãaŋmɩn 'yɛ'yɛrbɛ yɔɔ nɩ nɩtorsɩ yɔɔ ta bʊɔrɔ na ɩka ba nyɛ bon 'lɔ yɩn nyɛ tɩchɛ baa nyɛ ɛ, na ba ta wõ bon 'lɔ yɩn wõ tɩchɛ baa tʊ̃ɔ wõ ɛ.","We are not the ones who speak about the past, but we are the ones who work for the future, and we will continue to work for the future.",output_JA-2,,19.60479698846006,8.847487574766278,5.831798649478208
"Everyone who has something will be given more, and they will have more than enough. But everything will be taken from those who don't have anything.","Nɩrɛ 'lɔ jaa na tara yɔɔ, ban kʊ wʊn yɔɔ pʊɔ ka ba tara yɔɔ tɩchɛ a nɩrɛ 'lɔ na ba tara bon jaa ɛ, a bãlãa 'lɔ wʊn tara gba ban faan yin a wʊ sɛ̃.","The sun rises over the hills, bringing light to the village; when the night falls, the stars guide the people home, and the river flows gently, nourishing the land.",output_JA-2,,23.763176027308877,8.847487574766278,5.831798649478208
So the chief priests met with the leaders and decided to bribe the soldiers with a lot of money.,"A bɔɔrlo nãa nɩ a wʊ nɩbɛrɛ na wa lɔ̃ɔ taa, ba guor taa de libiyɔɔ kʊ a sojasɩ","We will go to the farm tomorrow, and we will harvest the crops.",output_JA-2,,16.192876093088714,8.847487574766278,5.831798649478208
"The angel said, “Get up and take the child and his mother back to Israel. The people who wanted to kill him are now dead.”","“Vaa ir 'mɔɔ a bie nɩ a wʊ ma na fʊ chiin a Isɩral wɛr pɔ, a bala na dɔ̃ɔ bʊɔrɔ a bie kʊfʊ kpi naa.”","We are going to Israel to pray, and after that we will return home.",gerhardt_8019BE0D_output_WsImHC,,17.76048725578267,8.847487574766278,5.831798649478208
Everyone who asks will receive. Everyone who searches will find. And the door will be opened for everyone who knocks.,"Nɩrɛ 'lɔ na sʊɔr na nyɛ naa, ka a 'lɔ mɩ na yɔbɔ nyɛ, ka a pãn mɩ yuo kʊ a nɩrɛ 'lɔ na kpoor.","If you go to the place and see me, I will give you something, and you will bring me back to that place.",gerhardt_8019BE0D_output_WsImHC,,15.773199551652734,8.847487574766278,5.831798649478208
Many prophets and good people were eager to see what you see and to hear what you hear. But I tell you they did not see or hear. Jesus Explains the Story about the Farmer (Mark,"Yelmãɛ lɛ n 'yɛrɛ kʊrɔ yɩ ɩka Nãaŋmɩn 'yɛ'yɛrbɛ yɔɔ nɩ nɩtorsɩ yɔɔ ta bʊɔrɔ na ɩka ba nyɛ bon 'lɔ yɩn nyɛ tɩchɛ baa nyɛ ɛ, na ba ta wõ bon 'lɔ yɩn wõ tɩchɛ baa tʊ̃ɔ wõ ɛ.",We do not have any more information about this matter.,gerhardt_8019BE0D_output_WsImHC,,10.89417255696514,8.847487574766278,5.831798649478208
"Everyone who has something will be given more, and they will have more than enough. But everything will be taken from those who don't have anything.","Nɩrɛ 'lɔ jaa na tara yɔɔ, ban kʊ wʊn yɔɔ pʊɔ ka ba tara yɔɔ tɩchɛ a nɩrɛ 'lɔ na ba tara bon jaa ɛ, a bãlãa 'lɔ wʊn tara gba ban faan yin a wʊ sɛ̃.","When the rain falls, the river overflows, and the people must move to higher ground.",gerhardt_8019BE0D_output_WsImHC,,15.968632302213543,8.847487574766278,5.831798649478208
So the chief priests met with the leaders and decided to bribe the soldiers with a lot of money.,"A bɔɔrlo nãa nɩ a wʊ nɩbɛrɛ na wa lɔ̃ɔ taa, ba guor taa de libiyɔɔ kʊ a sojasɩ",Translation not available,gerhardt_8019BE0D_output_WsImHC,,5.487765141581036,8.847487574766278,5.831798649478208
"The angel said, “Get up and take the child and his mother back to Israel. The people who wanted to kill him are now dead.”","“Vaa ir 'mɔɔ a bie nɩ a wʊ ma na fʊ chiin a Isɩral wɛr pɔ, a bala na dɔ̃ɔ bʊɔrɔ a bie kʊfʊ kpi naa.”","We are the ones who have gone to Israel, but we will soon return to our land.",Dec 02 output,,19.713235901441774,8.847487574766278,5.831798649478208
Everyone who asks will receive. Everyone who searches will find. And the door will be opened for everyone who knocks.,"Nɩrɛ 'lɔ na sʊɔr na nyɛ naa, ka a 'lɔ mɩ na yɔbɔ nyɛ, ka a pãn mɩ yuo kʊ a nɩrɛ 'lɔ na kpoor.","When you come to the house and you see me, you will greet me, and then you will sit down and we will talk together.",Dec 02 output,,18.924576423796772,8.847487574766278,5.831798649478208
Many prophets and good people were eager to see what you see and to hear what you hear. But I tell you they did not see or hear. Jesus Explains the Story about the Farmer (Mark,"Yelmãɛ lɛ n 'yɛrɛ kʊrɔ yɩ ɩka Nãaŋmɩn 'yɛ'yɛrbɛ yɔɔ nɩ nɩtorsɩ yɔɔ ta bʊɔrɔ na ɩka ba nyɛ bon 'lɔ yɩn nyɛ tɩchɛ baa nyɛ ɛ, na ba ta wõ bon 'lɔ yɩn wõ tɩchɛ baa tʊ̃ɔ wõ ɛ.","We do not have any more work to do, so we will rest now.",Dec 02 output,,8.403134685195997,8.847487574766278,5.831798649478208
"Everyone who has something will be given more, and they will have more than enough. But everything will be taken from those who don't have anything.","Nɩrɛ 'lɔ jaa na tara yɔɔ, ban kʊ wʊn yɔɔ pʊɔ ka ba tara yɔɔ tɩchɛ a nɩrɛ 'lɔ na ba tara bon jaa ɛ, a bãlãa 'lɔ wʊn tara gba ban faan yin a wʊ sɛ̃.","If you go to the market, you will find many things, and you will also see the beautiful fabrics and the lively atmosphere.",Dec 02 output,,23.275331458396128,8.847487574766278,5.831798649478208
So the chief priests met with the leaders and decided to bribe the soldiers with a lot of money.,"A bɔɔrlo nãa nɩ a wʊ nɩbɛrɛ na wa lɔ̃ɔ taa, ba guor taa de libiyɔɔ kʊ a sojasɩ","We will go tomorrow if the rain stops, and then we will eat together.",Dec 02 output,,17.556027800972686,8.847487574766278,5.831798649478208
"The angel said, “Get up and take the child and his mother back to Israel. The people who wanted to kill him are now dead.”","“Vaa ir 'mɔɔ a bie nɩ a wʊ ma na fʊ chiin a Isɩral wɛr pɔ, a bala na dɔ̃ɔ bʊɔrɔ a bie kʊfʊ kpi naa.”","If you go to the market and buy something for Israel, you will not be able to return home.",john_567A83BD_output (1),,18.47361847568287,8.847487574766278,5.831798649478208
Everyone who asks will receive. Everyone who searches will find. And the door will be opened for everyone who knocks.,"Nɩrɛ 'lɔ na sʊɔr na nyɛ naa, ka a 'lɔ mɩ na yɔbɔ nyɛ, ka a pãn mɩ yuo kʊ a nɩrɛ 'lɔ na kpoor.","If you go to the farm and take the harvest, and you bring it to me, you will be praised.",john_567A83BD_output (1),,14.752798496783267,8.847487574766278,5.831798649478208
Many prophets and good people were eager to see what you see and to hear what you hear. But I tell you they did not see or hear. Jesus Explains the Story about the Farmer (Mark,"Yelmãɛ lɛ n 'yɛrɛ kʊrɔ yɩ ɩka Nãaŋmɩn 'yɛ'yɛrbɛ yɔɔ nɩ nɩtorsɩ yɔɔ ta bʊɔrɔ na ɩka ba nyɛ bon 'lɔ yɩn nyɛ tɩchɛ baa nyɛ ɛ, na ba ta wõ bon 'lɔ yɩn wõ tɩchɛ baa tʊ̃ɔ wõ ɛ.","The people of the village gathered together at the riverbank, sharing food and stories, and they promised to help each other in times of need, just as they had done before.",john_567A83BD_output (1),,24.442654674887212,8.847487574766278,5.831798649478208
"Everyone who has something will be given more, and they will have more than enough. But everything will be taken from those who don't have anything.","Nɩrɛ 'lɔ jaa na tara yɔɔ, ban kʊ wʊn yɔɔ pʊɔ ka ba tara yɔɔ tɩchɛ a nɩrɛ 'lɔ na ba tara bon jaa ɛ, a bãlãa 'lɔ wʊn tara gba ban faan yin a wʊ sɛ̃.","If you go to the farm today, you will see the crops that have been planted, and you will also see the animals that are grazing peacefully.",john_567A83BD_output (1),,21.221725508920162,8.847487574766278,5.831798649478208
So the chief priests met with the leaders and decided to bribe the soldiers with a lot of money.,"A bɔɔrlo nãa nɩ a wʊ nɩbɛrɛ na wa lɔ̃ɔ taa, ba guor taa de libiyɔɔ kʊ a sojasɩ",Translation not available,john_567A83BD_output (1),,5.487765141581036,8.847487574766278,5.831798649478208
"Some of them live a long way from here. If I send them away hungry, they might faint on their way home.”","Maa mɩ bar ba ka ba kulo nɩ a kɔ̃, ban tɩ lon sɔr pɔ, bojũu bamɩne yin tɛɛr.”",Translation not available: the text appears to be in an unfamiliar language.,output_mich001,0.18494767,12.427462854683014,8.847487574766278,5.831798649478208
"They said to the soldiers, “Tell everyone that Jesus' disciples came during the night and stole his body while you were asleep.","tɩ na ba 'yɛr kʊ ba, “Yɩ 'yɛr ɩka, ‘A wʊ poturbo lɛ wa ju a wʊ ãgãn a sɔ̃ɔ 'lɔ sɩn chɛnɛ gã guro.’",Translation not available,output_mich001,0.07363367,5.984749401404722,8.847487574766278,5.831798649478208
"The young man said, “I have obeyed all of these. What else must I do?”","Ka a daba 'yɛr kʊ wʊ, “N tu naa anyãna a jaa, bo lɛ chɛ ma?”",Unable to translate the given text.,output_mich001,0.2984105,10.913352976256354,8.847487574766278,5.831798649478208
Then he told them goodbye and went up on the side of a mountain to pray.,"Wʊn wa bar ba wa baar, wʊ do naa a tɔ̃ɔ ju ɩka wʊ tɩ puor.",Translation not available,output_mich001,0.040984802,8.001947042474622,8.847487574766278,5.831798649478208
"Peter began to curse and swear, “I don't know that man!” Right then a rooster crowed,","Be lɛ ka a Pita pɔrɔ 'yɔ̃ɔnɔ̃ a wʊ mãɛ tɩ mɩ pɔrɔ kʊrɔ ba 'yɛrɛ ɩka, “N ba bɔ̃ɔ a daba nyãna ɛ.” Ka a nɔraa mɩ tɔ̃ɔ kõ.","When Peter said that we must go back home again, he said, “I will not go to the farm tomorrow.” Then he left.",output_mich001,0.6089708,22.196950462900936,8.847487574766278,5.831798649478208
"The angel said, “Get up and take the child and his mother back to Israel. The people who wanted to kill him are now dead.”","“Vaa ir 'mɔɔ a bie nɩ a wʊ ma na fʊ chiin a Isɩral wɛr pɔ, a bala na dɔ̃ɔ bʊɔrɔ a bie kʊfʊ kpi naa.”","We are going to Israel to bring the children there, and we will bring the food for them.",john_AA1B9A68_output (9),,24.44354841643174,8.847487574766278,5.831798649478208
Everyone who asks will receive. Everyone who searches will find. And the door will be opened for everyone who knocks.,"Nɩrɛ 'lɔ na sʊɔr na nyɛ naa, ka a 'lɔ mɩ na yɔbɔ nyɛ, ka a pãn mɩ yuo kʊ a nɩrɛ 'lɔ na kpoor.","If you go to the farm and work there, then you will be successful, and you will return home after you have worked.",john_AA1B9A68_output (9),,21.882268141769753,8.847487574766278,5.831798649478208
Many prophets and good people were eager to see what you see and to hear what you hear. But I tell you they did not see or hear. Jesus Explains the Story about the Farmer (Mark,"Yelmãɛ lɛ n 'yɛrɛ kʊrɔ yɩ ɩka Nãaŋmɩn 'yɛ'yɛrbɛ yɔɔ nɩ nɩtorsɩ yɔɔ ta bʊɔrɔ na ɩka ba nyɛ bon 'lɔ yɩn nyɛ tɩchɛ baa nyɛ ɛ, na ba ta wõ bon 'lɔ yɩn wõ tɩchɛ baa tʊ̃ɔ wõ ɛ.","We must work together and support each other, otherwise we will not succeed.",john_AA1B9A68_output (9),,13.190405919481387,8.847487574766278,5.831798649478208
"Everyone who has something will be given more, and they will have more than enough. But everything will be taken from those who don't have anything.","Nɩrɛ 'lɔ jaa na tara yɔɔ, ban kʊ wʊn yɔɔ pʊɔ ka ba tara yɔɔ tɩchɛ a nɩrɛ 'lɔ na ba tara bon jaa ɛ, a bãlãa 'lɔ wʊn tara gba ban faan yin a wʊ sɛ̃.","The sun rises and sets each day, but the moon shines at night; both are needed for the world to be complete, just as day and night together bring balance.",john_AA1B9A68_output (9),,18.832245925887182,8.847487574766278,5.831798649478208
So the chief priests met with the leaders and decided to bribe the soldiers with a lot of money.,"A bɔɔrlo nãa nɩ a wʊ nɩbɛrɛ na wa lɔ̃ɔ taa, ba guor taa de libiyɔɔ kʊ a sojasɩ","When you go there and you see the river, you will find the fish.",john_AA1B9A68_output (9),,15.26488879352354,8.847487574766278,5.831798649478208
"The angel said, “Get up and take the child and his mother back to Israel. The people who wanted to kill him are now dead.”","“Vaa ir 'mɔɔ a bie nɩ a wʊ ma na fʊ chiin a Isɩral wɛr pɔ, a bala na dɔ̃ɔ bʊɔrɔ a bie kʊfʊ kpi naa.”","We are the ones who have come to Israel, because we have been called there.",Dec 07 output,,19.903498355213955,8.847487574766278,5.831798649478208
Everyone who asks will receive. Everyone who searches will find. And the door will be opened for everyone who knocks.,"Nɩrɛ 'lɔ na sʊɔr na nyɛ naa, ka a 'lɔ mɩ na yɔbɔ nyɛ, ka a pãn mɩ yuo kʊ a nɩrɛ 'lɔ na kpoor.","When you go to the farm and you see it, you bring it back to the house.",Dec 07 output,,10.289460337600897,8.847487574766278,5.831798649478208
Many prophets and good people were eager to see what you see and to hear what you hear. But I tell you they did not see or hear. Jesus Explains the Story about the Farmer (Mark,"Yelmãɛ lɛ n 'yɛrɛ kʊrɔ yɩ ɩka Nãaŋmɩn 'yɛ'yɛrbɛ yɔɔ nɩ nɩtorsɩ yɔɔ ta bʊɔrɔ na ɩka ba nyɛ bon 'lɔ yɩn nyɛ tɩchɛ baa nyɛ ɛ, na ba ta wõ bon 'lɔ yɩn wõ tɩchɛ baa tʊ̃ɔ wõ ɛ.","We are not the ones who speak about the past, but we are the ones who work for the future, and we will continue to work for the future.",Dec 07 output,,19.60479698846006,8.847487574766278,5.831798649478208
"Everyone who has something will be given more, and they will have more than enough. But everything will be taken from those who don't have anything.","Nɩrɛ 'lɔ jaa na tara yɔɔ, ban kʊ wʊn yɔɔ pʊɔ ka ba tara yɔɔ tɩchɛ a nɩrɛ 'lɔ na ba tara bon jaa ɛ, a bãlãa 'lɔ wʊn tara gba ban faan yin a wʊ sɛ̃.","If you go to the farm and work hard, you will reap a good harvest; but if you neglect it, the crops will fail and you will suffer.",Dec 07 output,,17.154859184512656,8.847487574766278,5.831798649478208
So the chief priests met with the leaders and decided to bribe the soldiers with a lot of money.,"A bɔɔrlo nãa nɩ a wʊ nɩbɛrɛ na wa lɔ̃ɔ taa, ba guor taa de libiyɔɔ kʊ a sojasɩ",Translation not available,Dec 07 output,,5.487765141581036,8.847487574766278,5.831798649478208
"The angel said, “Get up and take the child and his mother back to Israel. The people who wanted to kill him are now dead.”","“Vaa ir 'mɔɔ a bie nɩ a wʊ ma na fʊ chiin a Isɩral wɛr pɔ, a bala na dɔ̃ɔ bʊɔrɔ a bie kʊfʊ kpi naa.”",We are the ones who have come to Israel to seek refuge and find a new home.,Dec 10 output,,20.55131510965776,8.847487574766278,5.831798649478208
Everyone who asks will receive. Everyone who searches will find. And the door will be opened for everyone who knocks.,"Nɩrɛ 'lɔ na sʊɔr na nyɛ naa, ka a 'lɔ mɩ na yɔbɔ nyɛ, ka a pãn mɩ yuo kʊ a nɩrɛ 'lɔ na kpoor.","If you go to the market and buy something, give it to me and I will give you what you need.",Dec 10 output,,13.382128660047629,8.847487574766278,5.831798649478208
Many prophets and good people were eager to see what you see and to hear what you hear. But I tell you they did not see or hear. Jesus Explains the Story about the Farmer (Mark,"Yelmãɛ lɛ n 'yɛrɛ kʊrɔ yɩ ɩka Nãaŋmɩn 'yɛ'yɛrbɛ yɔɔ nɩ nɩtorsɩ yɔɔ ta bʊɔrɔ na ɩka ba nyɛ bon 'lɔ yɩn nyɛ tɩchɛ baa nyɛ ɛ, na ba ta wõ bon 'lɔ yɩn wõ tɩchɛ baa tʊ̃ɔ wõ ɛ.",We are not sure what this text says.,Dec 10 output,,8.065864426843069,8.847487574766278,5.831798649478208
"Everyone who has something will be given more, and they will have more than enough. But everything will be taken from those who don't have anything.","Nɩrɛ 'lɔ jaa na tara yɔɔ, ban kʊ wʊn yɔɔ pʊɔ ka ba tara yɔɔ tɩchɛ a nɩrɛ 'lɔ na ba tara bon jaa ɛ, a bãlãa 'lɔ wʊn tara gba ban faan yin a wʊ sɛ̃.","If you go there tomorrow, you will find that the people are gathering, and the chief will speak about the matters that concern us all.",Dec 10 output,,22.143546999230455,8.847487574766278,5.831798649478208
So the chief priests met with the leaders and decided to bribe the soldiers with a lot of money.,"A bɔɔrlo nãa nɩ a wʊ nɩbɛrɛ na wa lɔ̃ɔ taa, ba guor taa de libiyɔɔ kʊ a sojasɩ","We will go there tomorrow if the rain stops, and then we will eat together.",Dec 10 output,,18.898397109695193,8.847487574766278,5.831798649478208
"The angel said, “Get up and take the child and his mother back to Israel. The people who wanted to kill him are now dead.”","“Vaa ir 'mɔɔ a bie nɩ a wʊ ma na fʊ chiin a Isɩral wɛr pɔ, a bala na dɔ̃ɔ bʊɔrɔ a bie kʊfʊ kpi naa.”","We are going to Israel to worship, and we will return home after the ceremony.",john_7781CD93_output (6),,20.31302208593893,8.847487574766278,5.831798649478208
Everyone who asks will receive. Everyone who searches will find. And the door will be opened for everyone who knocks.,"Nɩrɛ 'lɔ na sʊɔr na nyɛ naa, ka a 'lɔ mɩ na yɔbɔ nyɛ, ka a pãn mɩ yuo kʊ a nɩrɛ 'lɔ na kpoor.","When the rain falls on the ground, the river rises, and the fish swim in the water.",john_7781CD93_output (6),,14.792702238273755,8.847487574766278,5.831798649478208
Many prophets and good people were eager to see what you see and to hear what you hear. But I tell you they did not see or hear. Jesus Explains the Story about the Farmer (Mark,"Yelmãɛ lɛ n 'yɛrɛ kʊrɔ yɩ ɩka Nãaŋmɩn 'yɛ'yɛrbɛ yɔɔ nɩ nɩtorsɩ yɔɔ ta bʊɔrɔ na ɩka ba nyɛ bon 'lɔ yɩn nyɛ tɩchɛ baa nyɛ ɛ, na ba ta wõ bon 'lɔ yɩn wõ tɩchɛ baa tʊ̃ɔ wõ ɛ.",Translation not available,john_7781CD93_output (6),,4.41441449556834,8.847487574766278,5.831798649478208
"Everyone who has something will be given more, and they will have more than enough. But everything will be taken from those who don't have anything.","Nɩrɛ 'lɔ jaa na tara yɔɔ, ban kʊ wʊn yɔɔ pʊɔ ka ba tara yɔɔ tɩchɛ a nɩrɛ 'lɔ na ba tara bon jaa ɛ, a bãlãa 'lɔ wʊn tara gba ban faan yin a wʊ sɛ̃.","We will go there tomorrow, and if you also go, we will meet at the place we agreed on, then we will stay together until the end.",john_7781CD93_output (6),,20.861381401076027,8.847487574766278,5.831798649478208
So the chief priests met with the leaders and decided to bribe the soldiers with a lot of money.,"A bɔɔrlo nãa nɩ a wʊ nɩbɛrɛ na wa lɔ̃ɔ taa, ba guor taa de libiyɔɔ kʊ a sojasɩ","The one who does not obey his parents will become a thief, and will bring shame upon the family.",john_7781CD93_output (6),,21.077025313867424,8.847487574766278,5.831798649478208
"The angel said, “Get up and take the child and his mother back to Israel. The people who wanted to kill him are now dead.”","“Vaa ir 'mɔɔ a bie nɩ a wʊ ma na fʊ chiin a Isɩral wɛr pɔ, a bala na dɔ̃ɔ bʊɔrɔ a bie kʊfʊ kpi naa.”","We are the ones who have gone to Israel, but we will return to our own land.",gerhardt_25FFCBF7_output_DdErIM,,19.572983214195258,8.847487574766278,5.831798649478208
Everyone who asks will receive. Everyone who searches will find. And the door will be opened for everyone who knocks.,"Nɩrɛ 'lɔ na sʊɔr na nyɛ naa, ka a 'lɔ mɩ na yɔbɔ nyɛ, ka a pãn mɩ yuo kʊ a nɩrɛ 'lɔ na kpoor.","If you come and see me, and you tell me what you need, I will give you what you want.",gerhardt_25FFCBF7_output_DdErIM,,12.431208135234684,8.847487574766278,5.831798649478208
Many prophets and good people were eager to see what you see and to hear what you hear. But I tell you they did not see or hear. Jesus Explains the Story about the Farmer (Mark,"Yelmãɛ lɛ n 'yɛrɛ kʊrɔ yɩ ɩka Nãaŋmɩn 'yɛ'yɛrbɛ yɔɔ nɩ nɩtorsɩ yɔɔ ta bʊɔrɔ na ɩka ba nyɛ bon 'lɔ yɩn nyɛ tɩchɛ baa nyɛ ɛ, na ba ta wõ bon 'lɔ yɩn wõ tɩchɛ baa tʊ̃ɔ wõ ɛ.","We are not able to understand the words that were spoken, and we do not know what they mean.",gerhardt_25FFCBF7_output_DdErIM,,16.28367554463083,8.847487574766278,5.831798649478208
"Everyone who has something will be given more, and they will have more than enough. But everything will be taken from those who don't have anything.","Nɩrɛ 'lɔ jaa na tara yɔɔ, ban kʊ wʊn yɔɔ pʊɔ ka ba tara yɔɔ tɩchɛ a nɩrɛ 'lɔ na ba tara bon jaa ɛ, a bãlãa 'lɔ wʊn tara gba ban faan yin a wʊ sɛ̃.","If you go there tomorrow, you will find that the river is full, and the people will be waiting for you there.",gerhardt_25FFCBF7_output_DdErIM,,22.15876008028946,8.847487574766278,5.831798649478208
So the chief priests met with the leaders and decided to bribe the soldiers with a lot of money.,"A bɔɔrlo nãa nɩ a wʊ nɩbɛrɛ na wa lɔ̃ɔ taa, ba guor taa de libiyɔɔ kʊ a sojasɩ",Unable to translate,gerhardt_25FFCBF7_output_DdErIM,,5.338800956166043,8.847487574766278,5.831798649478208
"The angel said, “Get up and take the child and his mother back to Israel. The people who wanted to kill him are now dead.”","“Vaa ir 'mɔɔ a bie nɩ a wʊ ma na fʊ chiin a Isɩral wɛr pɔ, a bala na dɔ̃ɔ bʊɔrɔ a bie kʊfʊ kpi naa.”","We are going to Israel to buy food for the people, and we will bring it back tomorrow.",output_mich003,,24.77879780296781,8.847487574766278,5.831798649478208
Everyone who asks will receive. Everyone who searches will find. And the door will be opened for everyone who knocks.,"Nɩrɛ 'lɔ na sʊɔr na nyɛ naa, ka a 'lɔ mɩ na yɔbɔ nyɛ, ka a pãn mɩ yuo kʊ a nɩrɛ 'lɔ na kpoor.","If you come to my house, you will eat, and you will stay until you go back home.",output_mich003,,11.968334799212164,8.847487574766278,5.831798649478208
Many prophets and good people were eager to see what you see and to hear what you hear. But I tell you they did not see or hear. Jesus Explains the Story about the Farmer (Mark,"Yelmãɛ lɛ n 'yɛrɛ kʊrɔ yɩ ɩka Nãaŋmɩn 'yɛ'yɛrbɛ yɔɔ nɩ nɩtorsɩ yɔɔ ta bʊɔrɔ na ɩka ba nyɛ bon 'lɔ yɩn nyɛ tɩchɛ baa nyɛ ɛ, na ba ta wõ bon 'lɔ yɩn wõ tɩchɛ baa tʊ̃ɔ wõ ɛ.","We are not going to the farm today because the rain has made the fields too muddy, so we will stay home and rest.",output_mich003,,16.113177644436163,8.847487574766278,5.831798649478208
"Everyone who has something will be given more, and they will have more than enough. But everything will be taken from those who don't have anything.","Nɩrɛ 'lɔ jaa na tara yɔɔ, ban kʊ wʊn yɔɔ pʊɔ ka ba tara yɔɔ tɩchɛ a nɩrɛ 'lɔ na ba tara bon jaa ɛ, a bãlãa 'lɔ wʊn tara gba ban faan yin a wʊ sɛ̃.","If you go there, you will find that the people are friendly, and you will also see that the land is beautiful and the community welcomes you warmly.",output_mich003,,21.87279650489424,8.847487574766278,5.831798649478208
So the chief priests met with the leaders and decided to bribe the soldiers with a lot of money.,"A bɔɔrlo nãa nɩ a wʊ nɩbɛrɛ na wa lɔ̃ɔ taa, ba guor taa de libiyɔɔ kʊ a sojasɩ","We will go tomorrow if it does not rain, and then we will stay at the village.",output_mich003,,15.224315988620384,8.847487574766278,5.831798649478208
"The angel said, “Get up and take the child and his mother back to Israel. The people who wanted to kill him are now dead.”","“Vaa ir 'mɔɔ a bie nɩ a wʊ ma na fʊ chiin a Isɩral wɛr pɔ, a bala na dɔ̃ɔ bʊɔrɔ a bie kʊfʊ kpi naa.”","We are going to the land of Israel, and we will bring the people together there.",output_JA-6,,24.745359583625504,8.847487574766278,5.831798649478208
Everyone who asks will receive. Everyone who searches will find. And the door will be opened for everyone who knocks.,"Nɩrɛ 'lɔ na sʊɔr na nyɛ naa, ka a 'lɔ mɩ na yɔbɔ nyɛ, ka a pãn mɩ yuo kʊ a nɩrɛ 'lɔ na kpoor.","When you go to the forest and you bring back firewood, and you give it to me, I will be grateful.",output_JA-6,,17.189572631196288,8.847487574766278,5.831798649478208
Many prophets and good people were eager to see what you see and to hear what you hear. But I tell you they did not see or hear. Jesus Explains the Story about the Farmer (Mark,"Yelmãɛ lɛ n 'yɛrɛ kʊrɔ yɩ ɩka Nãaŋmɩn 'yɛ'yɛrbɛ yɔɔ nɩ nɩtorsɩ yɔɔ ta bʊɔrɔ na ɩka ba nyɛ bon 'lɔ yɩn nyɛ tɩchɛ baa nyɛ ɛ, na ba ta wõ bon 'lɔ yɩn wõ tɩchɛ baa tʊ̃ɔ wõ ɛ.","We are not able to understand what you are saying, so we cannot respond properly.",output_JA-6,,15.416797885482081,8.847487574766278,5.831798649478208
"Everyone who has something will be given more, and they will have more than enough. But everything will be taken from those who don't have anything.","Nɩrɛ 'lɔ jaa na tara yɔɔ, ban kʊ wʊn yɔɔ pʊɔ ka ba tara yɔɔ tɩchɛ a nɩrɛ 'lɔ na ba tara bon jaa ɛ, a bãlãa 'lɔ wʊn tara gba ban faan yin a wʊ sɛ̃.","If you go to the farm, you will find the crops ready, and when you return home you will share the harvest with everyone, so that the whole community can enjoy the bounty together.",output_JA-6,,27.747715135647784,8.847487574766278,5.831798649478208
So the chief priests met with the leaders and decided to bribe the soldiers with a lot of money.,"A bɔɔrlo nãa nɩ a wʊ nɩbɛrɛ na wa lɔ̃ɔ taa, ba guor taa de libiyɔɔ kʊ a sojasɩ",Translation not available,output_JA-6,,5.487765141581036,8.847487574766278,5.831798649478208
"The angel said, “Get up and take the child and his mother back to Israel. The people who wanted to kill him are now dead.”","“Vaa ir 'mɔɔ a bie nɩ a wʊ ma na fʊ chiin a Isɩral wɛr pɔ, a bala na dɔ̃ɔ bʊɔrɔ a bie kʊfʊ kpi naa.”","We are the ones who have been sent to Israel, and we will stay there forever.",Dec 03 output,,20.232434048275827,8.847487574766278,5.831798649478208
Everyone who asks will receive. Everyone who searches will find. And the door will be opened for everyone who knocks.,"Nɩrɛ 'lɔ na sʊɔr na nyɛ naa, ka a 'lɔ mɩ na yɔbɔ nyɛ, ka a pãn mɩ yuo kʊ a nɩrɛ 'lɔ na kpoor.","We will go to the farm tomorrow, we will eat there, and we will return after we have gone to the farm.",Dec 03 output,,18.291590802282176,8.847487574766278,5.831798649478208
Many prophets and good people were eager to see what you see and to hear what you hear. But I tell you they did not see or hear. Jesus Explains the Story about the Farmer (Mark,"Yelmãɛ lɛ n 'yɛrɛ kʊrɔ yɩ ɩka Nãaŋmɩn 'yɛ'yɛrbɛ yɔɔ nɩ nɩtorsɩ yɔɔ ta bʊɔrɔ na ɩka ba nyɛ bon 'lɔ yɩn nyɛ tɩchɛ baa nyɛ ɛ, na ba ta wõ bon 'lɔ yɩn wõ tɩchɛ baa tʊ̃ɔ wõ ɛ.","If we do not respect the elders, the children will not respect us, and if we do not respect the children, the elders will not respect us.",Dec 03 output,,14.728338692936951,8.847487574766278,5.831798649478208
"Everyone who has something will be given more, and they will have more than enough. But everything will be taken from those who don't have anything.","Nɩrɛ 'lɔ jaa na tara yɔɔ, ban kʊ wʊn yɔɔ pʊɔ ka ba tara yɔɔ tɩchɛ a nɩrɛ 'lɔ na ba tara bon jaa ɛ, a bãlãa 'lɔ wʊn tara gba ban faan yin a wʊ sɛ̃.","The speaker says that they went to the market and bought some food, then returned home and prepared a meal for the family, sharing it with everyone.",Dec 03 output,,24.323023925698138,8.847487574766278,5.831798649478208
So the chief priests met with the leaders and decided to bribe the soldiers with a lot of money.,"A bɔɔrlo nãa nɩ a wʊ nɩbɛrɛ na wa lɔ̃ɔ taa, ba guor taa de libiyɔɔ kʊ a sojasɩ",Translation unavailable,Dec 03 output,,4.751938569551443,8.847487574766278,5.831798649478208
"The angel said, “Get up and take the child and his mother back to Israel. The people who wanted to kill him are now dead.”","“Vaa ir 'mɔɔ a bie nɩ a wʊ ma na fʊ chiin a Isɩral wɛr pɔ, a bala na dɔ̃ɔ bʊɔrɔ a bie kʊfʊ kpi naa.”",We are the ones who have been sent to Israel to bring back the promised blessings.,Dec 09 output,,21.484379338284658,8.847487574766278,5.831798649478208
Everyone who asks will receive. Everyone who searches will find. And the door will be opened for everyone who knocks.,"Nɩrɛ 'lɔ na sʊɔr na nyɛ naa, ka a 'lɔ mɩ na yɔbɔ nyɛ, ka a pãn mɩ yuo kʊ a nɩrɛ 'lɔ na kpoor.","The one who is in the house is not here, but if he comes back soon, we will all be happy.",Dec 09 output,,18.592951998364487,8.847487574766278,5.831798649478208
Many prophets and good people were eager to see what you see and to hear what you hear. But I tell you they did not see or hear. Jesus Explains the Story about the Farmer (Mark,"Yelmãɛ lɛ n 'yɛrɛ kʊrɔ yɩ ɩka Nãaŋmɩn 'yɛ'yɛrbɛ yɔɔ nɩ nɩtorsɩ yɔɔ ta bʊɔrɔ na ɩka ba nyɛ bon 'lɔ yɩn nyɛ tɩchɛ baa nyɛ ɛ, na ba ta wõ bon 'lɔ yɩn wõ tɩchɛ baa tʊ̃ɔ wõ ɛ.","We are not able to understand the words that are being spoken, because they are spoken in a language that we do not know.",Dec 09 output,,17.564818882011465,8.847487574766278,5.831798649478208
"Everyone who has something will be given more, and they will have more than enough. But everything will be taken from those who don't have anything.","Nɩrɛ 'lɔ jaa na tara yɔɔ, ban kʊ wʊn yɔɔ pʊɔ ka ba tara yɔɔ tɩchɛ a nɩrɛ 'lɔ na ba tara bon jaa ɛ, a bãlãa 'lɔ wʊn tara gba ban faan yin a wʊ sɛ̃.","When the rain falls, the river overflows, and the fish become angry; the people then gather together to pray for peace.",Dec 09 output,,19.429542977580493,8.847487574766278,5.831798649478208
So the chief priests met with the leaders and decided to bribe the soldiers with a lot of money.,"A bɔɔrlo nãa nɩ a wʊ nɩbɛrɛ na wa lɔ̃ɔ taa, ba guor taa de libiyɔɔ kʊ a sojasɩ","The farmer went to the market, bought some yams, and then cooked them for dinner.",Dec 09 output,,18.142331495147797,8.847487574766278,5.831798649478208
"While the women were on their way, some soldiers who had been guarding the tomb went into the city. They told the chief priests everything that had happened.","A pɔbɔ na wa chiine, a sojasɩ bamɩne na dɔ̃ɔ guro a yaa kpɛ̃n a tẽkpɛ̃ɛ pɔ, tɩ 'yɛr kʊ a Juu nɩbɛ bɔɔrlo nɩbɛrɛ a lɛ jaa na ɩ.","We will meet again tomorrow at the market, and then we will go to the river together.",output_onesimus007,0.12666538,17.22082601748924,8.847487574766278,5.831798649478208
"But they said, “We must not do it during Passover, because the people will riot.” At Bethany (Mark","Tɩchɛ ka ba 'yɛr, a ta ɩ a Gõl Bar Difʊ sɔ̃ɔ ɛ, ka jɛɛr taa ɩrɛ wa ir a chara pɔ ɛ.","If you want to eat, you must first go to the market, then you can get food there.",output_onesimus007,0.16689226,17.06329410235856,8.847487574766278,5.831798649478208
"A good tree produces good fruit, and a bad tree produces bad fruit. You can tell what a tree is like by the fruit it produces.","“Ala ɩ tɩɛ vɩɛlɛ na wʊ ma wɔ̃n wɔ̃vɩɛl, ala ɩ tɩɛ ɩn tɩdɛɛr wʊ ma wɔ̃n wɔ̃dɛbɛ. Tɩɛ jaa a wʊ wɔ̃mɔ̃ lɛ ba ma de bɔ̃ɔn wʊ.","If you want to be successful, you must work hard; if you want to be happy, you must work hard. This is what we call true effort.",output_onesimus007,0.28882605,16.353889307270027,8.847487574766278,5.831798649478208
This made the king so furious that he sent an army to kill those murderers and burn down their city.,A nãa suur ir naa ka wʊ tʊ̃ a wʊ sojasɩ ɩka ba tɩ kʊ a nɩkʊrbɔ bala tɩ chʊm a ba tẽe.,I'm going to the farm to fetch some water for the children.,output_onesimus007,0.015591823,14.416651293523348,8.847487574766278,5.831798649478208
"The next time Jesus taught beside Lake Galilee, a big crowd gathered. It was so large that he had to sit in a boat out on the lake, while the people stood on the shore.","Sɔ̃ɔ kɔ̃ɔ go, Yesu piel wile a man nɛɛ. A nɩyɔyɔɔ na wa lɔ̃ɔ jũu, wʊ kpɛ naa a gboro pɔ jãnɛ, tɩchɛ ka a nɩbɛ ara kɔɔ a kʊ̃ɔ nɛɛ.","When he went, Jesus was with the man. He told him to stay there, and he gave him a piece of bread, and he said that he would be with him forever.",output_onesimus007,0.5747216,22.56227303638459,8.847487574766278,5.831798649478208
"The angel said, “Get up and take the child and his mother back to Israel. The people who wanted to kill him are now dead.”","“Vaa ir 'mɔɔ a bie nɩ a wʊ ma na fʊ chiin a Isɩral wɛr pɔ, a bala na dɔ̃ɔ bʊɔrɔ a bie kʊfʊ kpi naa.”","We are the ones who have come from the land of Israel, and we will return to our homeland.",john_1C6E69D4_output (8),,20.27746611108584,8.847487574766278,5.831798649478208
Everyone who asks will receive. Everyone who searches will find. And the door will be opened for everyone who knocks.,"Nɩrɛ 'lɔ na sʊɔr na nyɛ naa, ka a 'lɔ mɩ na yɔbɔ nyɛ, ka a pãn mɩ yuo kʊ a nɩrɛ 'lɔ na kpoor.","When you come to my house, you will eat, and then you will go back to your own house.",john_1C6E69D4_output (8),,14.990574342675005,8.847487574766278,5.831798649478208
Many prophets and good people were eager to see what you see and to hear what you hear. But I tell you they did not see or hear. Jesus Explains the Story about the Farmer (Mark,"Yelmãɛ lɛ n 'yɛrɛ kʊrɔ yɩ ɩka Nãaŋmɩn 'yɛ'yɛrbɛ yɔɔ nɩ nɩtorsɩ yɔɔ ta bʊɔrɔ na ɩka ba nyɛ bon 'lɔ yɩn nyɛ tɩchɛ baa nyɛ ɛ, na ba ta wõ bon 'lɔ yɩn wõ tɩchɛ baa tʊ̃ɔ wõ ɛ.","We are not able to understand the words you have spoken, so we cannot answer your question.",john_1C6E69D4_output (8),,14.534645086061856,8.847487574766278,5.831798649478208
"Everyone who has something will be given more, and they will have more than enough. But everything will be taken from those who don't have anything.","Nɩrɛ 'lɔ jaa na tara yɔɔ, ban kʊ wʊn yɔɔ pʊɔ ka ba tara yɔɔ tɩchɛ a nɩrɛ 'lɔ na ba tara bon jaa ɛ, a bãlãa 'lɔ wʊn tara gba ban faan yin a wʊ sɛ̃.","We will go to the river tomorrow, and if we find fish we will catch them together.",john_1C6E69D4_output (8),,15.311840160377468,8.847487574766278,5.831798649478208
So the chief priests met with the leaders and decided to bribe the soldiers with a lot of money.,"A bɔɔrlo nãa nɩ a wʊ nɩbɛrɛ na wa lɔ̃ɔ taa, ba guor taa de libiyɔɔ kʊ a sojasɩ","We will go together tomorrow to the river, and bring the food for the ceremony",john_1C6E69D4_output (8),,19.220168100405306,8.847487574766278,5.831798649478208
"The angel said, “Get up and take the child and his mother back to Israel. The people who wanted to kill him are now dead.”","“Vaa ir 'mɔɔ a bie nɩ a wʊ ma na fʊ chiin a Isɩral wɛr pɔ, a bala na dɔ̃ɔ bʊɔrɔ a bie kʊfʊ kpi naa.”",When we go to Israel we must first pray for the people and ask for their protection.,output_johnayernor,,22.407175923081223,8.847487574766278,5.831798649478208
Everyone who asks will receive. Everyone who searches will find. And the door will be opened for everyone who knocks.,"Nɩrɛ 'lɔ na sʊɔr na nyɛ naa, ka a 'lɔ mɩ na yɔbɔ nyɛ, ka a pãn mɩ yuo kʊ a nɩrɛ 'lɔ na kpoor.","When you go to the farm and you see me, you will give me the goat.",output_johnayernor,,10.780727528262515,8.847487574766278,5.831798649478208
Many prophets and good people were eager to see what you see and to hear what you hear. But I tell you they did not see or hear. Jesus Explains the Story about the Farmer (Mark,"Yelmãɛ lɛ n 'yɛrɛ kʊrɔ yɩ ɩka Nãaŋmɩn 'yɛ'yɛrbɛ yɔɔ nɩ nɩtorsɩ yɔɔ ta bʊɔrɔ na ɩka ba nyɛ bon 'lɔ yɩn nyɛ tɩchɛ baa nyɛ ɛ, na ba ta wõ bon 'lɔ yɩn wõ tɩchɛ baa tʊ̃ɔ wõ ɛ.","We are not able to understand the words spoken by the elders because they are in a language that we do not know, and we cannot repeat them in our own language.",output_johnayernor,,20.545091230366165,8.847487574766278,5.831798649478208
"Everyone who has something will be given more, and they will have more than enough. But everything will be taken from those who don't have anything.","Nɩrɛ 'lɔ jaa na tara yɔɔ, ban kʊ wʊn yɔɔ pʊɔ ka ba tara yɔɔ tɩchɛ a nɩrɛ 'lɔ na ba tara bon jaa ɛ, a bãlãa 'lɔ wʊn tara gba ban faan yin a wʊ sɛ̃.",Translation not available,output_johnayernor,,4.540305588647312,8.847487574766278,5.831798649478208
So the chief priests met with the leaders and decided to bribe the soldiers with a lot of money.,"A bɔɔrlo nãa nɩ a wʊ nɩbɛrɛ na wa lɔ̃ɔ taa, ba guor taa de libiyɔɔ kʊ a sojasɩ","We will go there and you will see the river, then we will stay at the chief’s house.",output_johnayernor,,22.71963257775871,8.847487574766278,5.831798649478208
"The angel said, “Get up and take the child and his mother back to Israel. The people who wanted to kill him are now dead.”","“Vaa ir 'mɔɔ a bie nɩ a wʊ ma na fʊ chiin a Isɩral wɛr pɔ, a bala na dɔ̃ɔ bʊɔrɔ a bie kʊfʊ kpi naa.”","We are the ones who have been given the land of Israel, and we will continue to protect it.",Dec 11 output,,21.48793578699987,8.847487574766278,5.831798649478208
Everyone who asks will receive. Everyone who searches will find. And the door will be opened for everyone who knocks.,"Nɩrɛ 'lɔ na sʊɔr na nyɛ naa, ka a 'lɔ mɩ na yɔbɔ nyɛ, ka a pãn mɩ yuo kʊ a nɩrɛ 'lɔ na kpoor.","If you do this and that, then you will be fine.",Dec 11 output,,12.179156758239913,8.847487574766278,5.831798649478208
Many prophets and good people were eager to see what you see and to hear what you hear. But I tell you they did not see or hear. Jesus Explains the Story about the Farmer (Mark,"Yelmãɛ lɛ n 'yɛrɛ kʊrɔ yɩ ɩka Nãaŋmɩn 'yɛ'yɛrbɛ yɔɔ nɩ nɩtorsɩ yɔɔ ta bʊɔrɔ na ɩka ba nyɛ bon 'lɔ yɩn nyɛ tɩchɛ baa nyɛ ɛ, na ba ta wõ bon 'lɔ yɩn wõ tɩchɛ baa tʊ̃ɔ wõ ɛ.","We do not have any more work to do, so we will rest here for a while, and later we will continue our tasks again.",Dec 11 output,,15.370245919301656,8.847487574766278,5.831798649478208
"Everyone who has something will be given more, and they will have more than enough. But everything will be taken from those who don't have anything.","Nɩrɛ 'lɔ jaa na tara yɔɔ, ban kʊ wʊn yɔɔ pʊɔ ka ba tara yɔɔ tɩchɛ a nɩrɛ 'lɔ na ba tara bon jaa ɛ, a bãlãa 'lɔ wʊn tara gba ban faan yin a wʊ sɛ̃.","If you do not work, you will not have anything; but if you work, you will get food and be satisfied.",Dec 11 output,,21.065208200850037,8.847487574766278,5.831798649478208
So the chief priests met with the leaders and decided to bribe the soldiers with a lot of money.,"A bɔɔrlo nãa nɩ a wʊ nɩbɛrɛ na wa lɔ̃ɔ taa, ba guor taa de libiyɔɔ kʊ a sojasɩ","When you go there and hear the drums, the people will dance together",Dec 11 output,,17.329759801260156,8.847487574766278,5.831798649478208
"The angel said, “Get up and take the child and his mother back to Israel. The people who wanted to kill him are now dead.”","“Vaa ir 'mɔɔ a bie nɩ a wʊ ma na fʊ chiin a Isɩral wɛr pɔ, a bala na dɔ̃ɔ bʊɔrɔ a bie kʊfʊ kpi naa.”","We are the ones who have been sent to Israel, and we will return to our homeland.",gerhardt_0445F08A_output_T9n53N,,21.372360714000642,8.847487574766278,5.831798649478208
Everyone who asks will receive. Everyone who searches will find. And the door will be opened for everyone who knocks.,"Nɩrɛ 'lɔ na sʊɔr na nyɛ naa, ka a 'lɔ mɩ na yɔbɔ nyɛ, ka a pãn mɩ yuo kʊ a nɩrɛ 'lɔ na kpoor.","If you have finished the work, then give it to me, and I will reward you for completing the task.",gerhardt_0445F08A_output_T9n53N,,18.763831871784014,8.847487574766278,5.831798649478208
Many prophets and good people were eager to see what you see and to hear what you hear. But I tell you they did not see or hear. Jesus Explains the Story about the Farmer (Mark,"Yelmãɛ lɛ n 'yɛrɛ kʊrɔ yɩ ɩka Nãaŋmɩn 'yɛ'yɛrbɛ yɔɔ nɩ nɩtorsɩ yɔɔ ta bʊɔrɔ na ɩka ba nyɛ bon 'lɔ yɩn nyɛ tɩchɛ baa nyɛ ɛ, na ba ta wõ bon 'lɔ yɩn wõ tɩchɛ baa tʊ̃ɔ wõ ɛ.","We are not going to the farm today because the rain is heavy, so we will stay at home.",gerhardt_0445F08A_output_T9n53N,,13.10338374741673,8.847487574766278,5.831798649478208
"Everyone who has something will be given more, and they will have more than enough. But everything will be taken from those who don't have anything.","Nɩrɛ 'lɔ jaa na tara yɔɔ, ban kʊ wʊn yɔɔ pʊɔ ka ba tara yɔɔ tɩchɛ a nɩrɛ 'lɔ na ba tara bon jaa ɛ, a bãlãa 'lɔ wʊn tara gba ban faan yin a wʊ sɛ̃.","We will go there tomorrow, and we will see that the people are gathering there; then we will stay together and help each other.",gerhardt_0445F08A_output_T9n53N,,20.93922581045476,8.847487574766278,5.831798649478208
So the chief priests met with the leaders and decided to bribe the soldiers with a lot of money.,"A bɔɔrlo nãa nɩ a wʊ nɩbɛrɛ na wa lɔ̃ɔ taa, ba guor taa de libiyɔɔ kʊ a sojasɩ",Translation not available,gerhardt_0445F08A_output_T9n53N,,5.487765141581036,8.847487574766278,5.831798649478208
"The angel said, “Get up and take the child and his mother back to Israel. The people who wanted to kill him are now dead.”","“Vaa ir 'mɔɔ a bie nɩ a wʊ ma na fʊ chiin a Isɩral wɛr pɔ, a bala na dɔ̃ɔ bʊɔrɔ a bie kʊfʊ kpi naa.”","When I was a child, I went to Israel, and there I saw many beautiful things.",gerhardt_60BC0D18_output (8),,21.0365750002135,8.847487574766278,5.831798649478208
Everyone who asks will receive. Everyone who searches will find. And the door will be opened for everyone who knocks.,"Nɩrɛ 'lɔ na sʊɔr na nyɛ naa, ka a 'lɔ mɩ na yɔbɔ nyɛ, ka a pãn mɩ yuo kʊ a nɩrɛ 'lɔ na kpoor.","When you come to the house and you see me, you will give me the food that you have brought.",gerhardt_60BC0D18_output (8),,13.897898942763142,8.847487574766278,5.831798649478208
Many prophets and good people were eager to see what you see and to hear what you hear. But I tell you they did not see or hear. Jesus Explains the Story about the Farmer (Mark,"Yelmãɛ lɛ n 'yɛrɛ kʊrɔ yɩ ɩka Nãaŋmɩn 'yɛ'yɛrbɛ yɔɔ nɩ nɩtorsɩ yɔɔ ta bʊɔrɔ na ɩka ba nyɛ bon 'lɔ yɩn nyɛ tɩchɛ baa nyɛ ɛ, na ba ta wõ bon 'lɔ yɩn wõ tɩchɛ baa tʊ̃ɔ wõ ɛ.","We do not have any more work to do, and we will continue to work together until we finish.",gerhardt_60BC0D18_output (8),,11.96199846849693,8.847487574766278,5.831798649478208
"Everyone who has something will be given more, and they will have more than enough. But everything will be taken from those who don't have anything.","Nɩrɛ 'lɔ jaa na tara yɔɔ, ban kʊ wʊn yɔɔ pʊɔ ka ba tara yɔɔ tɩchɛ a nɩrɛ 'lɔ na ba tara bon jaa ɛ, a bãlãa 'lɔ wʊn tara gba ban faan yin a wʊ sɛ̃.",Translation not available,gerhardt_60BC0D18_output (8),,4.540305588647312,8.847487574766278,5.831798649478208
So the chief priests met with the leaders and decided to bribe the soldiers with a lot of money.,"A bɔɔrlo nãa nɩ a wʊ nɩbɛrɛ na wa lɔ̃ɔ taa, ba guor taa de libiyɔɔ kʊ a sojasɩ",Unable to translate the provided Southern Birifor text due to insufficient linguistic resources.,gerhardt_60BC0D18_output (8),,19.895011165943224,8.847487574766278,5.831798649478208
"The angel said, “Get up and take the child and his mother back to Israel. The people who wanted to kill him are now dead.”","“Vaa ir 'mɔɔ a bie nɩ a wʊ ma na fʊ chiin a Isɩral wɛr pɔ, a bala na dɔ̃ɔ bʊɔrɔ a bie kʊfʊ kpi naa.”",We are the ones who have come to Israel to seek refuge and find a new home.,onesimus_BAB3F503_Dec 10 output,,20.55131510965776,8.847487574766278,5.831798649478208
Everyone who asks will receive. Everyone who searches will find. And the door will be opened for everyone who knocks.,"Nɩrɛ 'lɔ na sʊɔr na nyɛ naa, ka a 'lɔ mɩ na yɔbɔ nyɛ, ka a pãn mɩ yuo kʊ a nɩrɛ 'lɔ na kpoor.","If you go to the market and buy something, give it to me and I will give you what you need.",onesimus_BAB3F503_Dec 10 output,,13.382128660047629,8.847487574766278,5.831798649478208
Many prophets and good people were eager to see what you see and to hear what you hear. But I tell you they did not see or hear. Jesus Explains the Story about the Farmer (Mark,"Yelmãɛ lɛ n 'yɛrɛ kʊrɔ yɩ ɩka Nãaŋmɩn 'yɛ'yɛrbɛ yɔɔ nɩ nɩtorsɩ yɔɔ ta bʊɔrɔ na ɩka ba nyɛ bon 'lɔ yɩn nyɛ tɩchɛ baa nyɛ ɛ, na ba ta wõ bon 'lɔ yɩn wõ tɩchɛ baa tʊ̃ɔ wõ ɛ.",We are not sure what this text says.,onesimus_BAB3F503_Dec 10 output,,8.065864426843069,8.847487574766278,5.831798649478208
"Everyone who has something will be given more, and they will have more than enough. But everything will be taken from those who don't have anything.","Nɩrɛ 'lɔ jaa na tara yɔɔ, ban kʊ wʊn yɔɔ pʊɔ ka ba tara yɔɔ tɩchɛ a nɩrɛ 'lɔ na ba tara bon jaa ɛ, a bãlãa 'lɔ wʊn tara gba ban faan yin a wʊ sɛ̃.","If you go there tomorrow, you will find that the people are gathering, and the chief will speak about the matters that concern us all.",onesimus_BAB3F503_Dec 10 output,,22.143546999230455,8.847487574766278,5.831798649478208
So the chief priests met with the leaders and decided to bribe the soldiers with a lot of money.,"A bɔɔrlo nãa nɩ a wʊ nɩbɛrɛ na wa lɔ̃ɔ taa, ba guor taa de libiyɔɔ kʊ a sojasɩ","We will go there tomorrow if the rain stops, and then we will eat together.",onesimus_BAB3F503_Dec 10 output,,18.898397109695193,8.847487574766278,5.831798649478208
"The angel said, “Get up and take the child and his mother back to Israel. The people who wanted to kill him are now dead.”","“Vaa ir 'mɔɔ a bie nɩ a wʊ ma na fʊ chiin a Isɩral wɛr pɔ, a bala na dɔ̃ɔ bʊɔrɔ a bie kʊfʊ kpi naa.”","We are the ones who have gone to Israel, and we will return to our land.",onesimus_AE3F5661_Dec 08 output,,20.08280496761993,8.847487574766278,5.831798649478208
Everyone who asks will receive. Everyone who searches will find. And the door will be opened for everyone who knocks.,"Nɩrɛ 'lɔ na sʊɔr na nyɛ naa, ka a 'lɔ mɩ na yɔbɔ nyɛ, ka a pãn mɩ yuo kʊ a nɩrɛ 'lɔ na kpoor.","If you do not eat the food, you will become hungry, and you will go to the market to buy food.",onesimus_AE3F5661_Dec 08 output,,15.862702806155038,8.847487574766278,5.831798649478208
Many prophets and good people were eager to see what you see and to hear what you hear. But I tell you they did not see or hear. Jesus Explains the Story about the Farmer (Mark,"Yelmãɛ lɛ n 'yɛrɛ kʊrɔ yɩ ɩka Nãaŋmɩn 'yɛ'yɛrbɛ yɔɔ nɩ nɩtorsɩ yɔɔ ta bʊɔrɔ na ɩka ba nyɛ bon 'lɔ yɩn nyɛ tɩchɛ baa nyɛ ɛ, na ba ta wõ bon 'lɔ yɩn wõ tɩchɛ baa tʊ̃ɔ wõ ɛ.","We are not going to the farm today because the rain is heavy, so we will stay at home.",onesimus_AE3F5661_Dec 08 output,,13.10338374741673,8.847487574766278,5.831798649478208
"Everyone who has something will be given more, and they will have more than enough. But everything will be taken from those who don't have anything.","Nɩrɛ 'lɔ jaa na tara yɔɔ, ban kʊ wʊn yɔɔ pʊɔ ka ba tara yɔɔ tɩchɛ a nɩrɛ 'lɔ na ba tara bon jaa ɛ, a bãlãa 'lɔ wʊn tara gba ban faan yin a wʊ sɛ̃.","If you go to the market, you will buy some things, then you will return home and eat dinner, and the family will be happy.",onesimus_AE3F5661_Dec 08 output,,27.543399106788502,8.847487574766278,5.831798649478208
So the chief priests met with the leaders and decided to bribe the soldiers with a lot of money.,"A bɔɔrlo nãa nɩ a wʊ nɩbɛrɛ na wa lɔ̃ɔ taa, ba guor taa de libiyɔɔ kʊ a sojasɩ",The man went home and told his family that he would return tomorrow.,onesimus_AE3F5661_Dec 08 output,,15.939241913445882,8.847487574766278,5.831798649478208
"The angel said, “Get up and take the child and his mother back to Israel. The people who wanted to kill him are now dead.”","“Vaa ir 'mɔɔ a bie nɩ a wʊ ma na fʊ chiin a Isɩral wɛr pɔ, a bala na dɔ̃ɔ bʊɔrɔ a bie kʊfʊ kpi naa.”","We are the ones who have been taken to Israel, and we will return to our land.",onesimus_A84A9EF3_Dec 04 output,,21.900864770941528,8.847487574766278,5.831798649478208
Everyone who asks will receive. Everyone who searches will find. And the door will be opened for everyone who knocks.,"Nɩrɛ 'lɔ na sʊɔr na nyɛ naa, ka a 'lɔ mɩ na yɔbɔ nyɛ, ka a pãn mɩ yuo kʊ a nɩrɛ 'lɔ na kpoor.","If you go to the market and you buy something, then give it to me, I will take it and bring it back to you.",onesimus_A84A9EF3_Dec 04 output,,12.861427357120181,8.847487574766278,5.831798649478208
Many prophets and good people were eager to see what you see and to hear what you hear. But I tell you they did not see or hear. Jesus Explains the Story about the Farmer (Mark,"Yelmãɛ lɛ n 'yɛrɛ kʊrɔ yɩ ɩka Nãaŋmɩn 'yɛ'yɛrbɛ yɔɔ nɩ nɩtorsɩ yɔɔ ta bʊɔrɔ na ɩka ba nyɛ bon 'lɔ yɩn nyɛ tɩchɛ baa nyɛ ɛ, na ba ta wõ bon 'lɔ yɩn wõ tɩchɛ baa tʊ̃ɔ wõ ɛ.","We do not have any more work to do, so we will go home now.",onesimus_A84A9EF3_Dec 04 output,,8.65024567553445,8.847487574766278,5.831798649478208
"Everyone who has something will be given more, and they will have more than enough. But everything will be taken from those who don't have anything.","Nɩrɛ 'lɔ jaa na tara yɔɔ, ban kʊ wʊn yɔɔ pʊɔ ka ba tara yɔɔ tɩchɛ a nɩrɛ 'lɔ na ba tara bon jaa ɛ, a bãlãa 'lɔ wʊn tara gba ban faan yin a wʊ sɛ̃.","If you go to the market, you will buy fish, and then you will return home, and the market will be closed.",onesimus_A84A9EF3_Dec 04 output,,22.19276019464114,8.847487574766278,5.831798649478208
So the chief priests met with the leaders and decided to bribe the soldiers with a lot of money.,"A bɔɔrlo nãa nɩ a wʊ nɩbɛrɛ na wa lɔ̃ɔ taa, ba guor taa de libiyɔɔ kʊ a sojasɩ","If you go there and see the river, you will find the market at the foot of the hill.",onesimus_A84A9EF3_Dec 04 output,,19.987460771920247,8.847487574766278,5.831798649478208
"The angel said, “Get up and take the child and his mother back to Israel. The people who wanted to kill him are now dead.”","“Vaa ir 'mɔɔ a bie nɩ a wʊ ma na fʊ chiin a Isɩral wɛr pɔ, a bala na dɔ̃ɔ bʊɔrɔ a bie kʊfʊ kpi naa.”","We are the ones who have been sent to Israel, and we will stay there forever.",gerhardt_34E1778F_output (7),,20.232434048275827,8.847487574766278,5.831798649478208
Everyone who asks will receive. Everyone who searches will find. And the door will be opened for everyone who knocks.,"Nɩrɛ 'lɔ na sʊɔr na nyɛ naa, ka a 'lɔ mɩ na yɔbɔ nyɛ, ka a pãn mɩ yuo kʊ a nɩrɛ 'lɔ na kpoor.","If you go to the farm and you see the crops, and you bring me the harvest, I will give you the reward.",gerhardt_34E1778F_output (7),,15.426622453446202,8.847487574766278,5.831798649478208
Many prophets and good people were eager to see what you see and to hear what you hear. But I tell you they did not see or hear. Jesus Explains the Story about the Farmer (Mark,"Yelmãɛ lɛ n 'yɛrɛ kʊrɔ yɩ ɩka Nãaŋmɩn 'yɛ'yɛrbɛ yɔɔ nɩ nɩtorsɩ yɔɔ ta bʊɔrɔ na ɩka ba nyɛ bon 'lɔ yɩn nyɛ tɩchɛ baa nyɛ ɛ, na ba ta wõ bon 'lɔ yɩn wõ tɩchɛ baa tʊ̃ɔ wõ ɛ.","We are not going to the farm today because the rain has made the fields too muddy, so we will stay at home and wait for the weather to improve.",gerhardt_34E1778F_output (7),,19.739926909705037,8.847487574766278,5.831798649478208
"Everyone who has something will be given more, and they will have more than enough. But everything will be taken from those who don't have anything.","Nɩrɛ 'lɔ jaa na tara yɔɔ, ban kʊ wʊn yɔɔ pʊɔ ka ba tara yɔɔ tɩchɛ a nɩrɛ 'lɔ na ba tara bon jaa ɛ, a bãlãa 'lɔ wʊn tara gba ban faan yin a wʊ sɛ̃.","We will go there tomorrow, and when we arrive we will see that the place is already prepared; then we will stay together until the night ends.",gerhardt_34E1778F_output (7),,21.21031384357264,8.847487574766278,5.831798649478208
So the chief priests met with the leaders and decided to bribe the soldiers with a lot of money.,"A bɔɔrlo nãa nɩ a wʊ nɩbɛrɛ na wa lɔ̃ɔ taa, ba guor taa de libiyɔɔ kʊ a sojasɩ",Translation not available,gerhardt_34E1778F_output (7),,5.487765141581036,8.847487574766278,5.831798649478208
"But we don't want to cause trouble. So go cast a line into the lake and pull out the first fish you hook. Open its mouth, and you will find a coin. Use it to pay your taxes and mine.”","Tɩchɛ saa bʊɔrɔ ɩka sɩ sɔ̃ɔ a nɩbɛ banyãna pʊɔ ɛ, yɩ chen a man pɔ tɩ lɔb a jãpãɩ, yin wa ir a jãdɔ̃ɔ 'lɔ yɩ yuo a nɛɛ, yɩn nyɛn libir, yɩ de ya a sɩ lõpoo. De a jãm 'lɔ fʊn dɔ̃ɔ nie nyɔɔ, fʊ̃ʊ wa haa a wʊ nɛɛ fʊn nyɛn libibir, de a 'lɔ yab a sɩ lõpoo.”","This morning, when the sun rose brightly, the children went to the river. There they saw a large tree by the water. An old man told them to be careful, warning them about the crocodile that lives in the water. They thanked the old man, returned home, and kept his warning in mind.",output-onesimus_003,0.29121906,21.748067430772664,8.847487574766278,5.831798649478208
"The disciples had forgotten to bring any bread, and they had only one loaf with them in the boat.","A wʊ poturbo ĩin naa ba tara paanʊ̃ɔ ɛ, tɩ tara bʊ̃'yen tɛɛ a gboro pɔ.",I am unable to translate the given text due to insufficient knowledge of Southern Birifor.,output-onesimus_003,0.121253274,17.50641818755931,8.847487574766278,5.831798649478208
"When Jesus finished speaking, the crowds were surprised at his teaching.","Yesu na wa 'yɛr a 'yɛrbie anyãna baar nɛɛ 'maan a nɩyɔɔ nɩ a wʊ wiilfʊ,",Jesus is the Lord who died for our sins and gave us life.,output-onesimus_003,0.3575685,16.08829706649299,8.847487574766278,5.831798649478208
"The men in the boat worshiped Jesus and said, “You really are the Son of God!” Jesus Heals Sick People in Gennesaret (Mark","A bala na be a gboro pɔ gbur dumo puor wʊ tɩ 'yɛrɛ, “Yelmãɛ, fʊ̃ʊ lɛ ɩ a Nãaŋmɩn Bie.”","I’m sorry, I can’t translate that text.",output-onesimus_003,0.12006216,5.789507609767682,8.847487574766278,5.831798649478208
so much he swore to give her whatever she wanted.,"yɔɔ jaa ka wʊ 'yɔ̃ɔ nɛɛ kʊ a pɔɔbile, “Sʊɔr ma bon jaa fʊn bʊɔrɔ ɩn kʊ fʊ naa.”","They said that you have a problem, “Sure, I will go to the river and fetch water.”",output-onesimus_003,0.18087482,21.605460914666477,8.847487574766278,5.831798649478208
"The angel said, “Get up and take the child and his mother back to Israel. The people who wanted to kill him are now dead.”","“Vaa ir 'mɔɔ a bie nɩ a wʊ ma na fʊ chiin a Isɩral wɛr pɔ, a bala na dɔ̃ɔ bʊɔrɔ a bie kʊfʊ kpi naa.”","We are the ones who have been given the land of Israel, and we will protect it forever.",output_JA-5,,20.181612864136774,8.847487574766278,5.831798649478208
Everyone who asks will receive. Everyone who searches will find. And the door will be opened for everyone who knocks.,"Nɩrɛ 'lɔ na sʊɔr na nyɛ naa, ka a 'lɔ mɩ na yɔbɔ nyɛ, ka a pãn mɩ yuo kʊ a nɩrɛ 'lɔ na kpoor.","When you come to my house and see me, you give me food, and I will stay until you go back home.",output_JA-5,,14.01087187235425,8.847487574766278,5.831798649478208
Many prophets and good people were eager to see what you see and to hear what you hear. But I tell you they did not see or hear. Jesus Explains the Story about the Farmer (Mark,"Yelmãɛ lɛ n 'yɛrɛ kʊrɔ yɩ ɩka Nãaŋmɩn 'yɛ'yɛrbɛ yɔɔ nɩ nɩtorsɩ yɔɔ ta bʊɔrɔ na ɩka ba nyɛ bon 'lɔ yɩn nyɛ tɩchɛ baa nyɛ ɛ, na ba ta wõ bon 'lɔ yɩn wõ tɩchɛ baa tʊ̃ɔ wõ ɛ.","We do not have any more work to do, so we will rest here for now.",output_JA-5,,10.08489222869189,8.847487574766278,5.831798649478208
"Everyone who has something will be given more, and they will have more than enough. But everything will be taken from those who don't have anything.","Nɩrɛ 'lɔ jaa na tara yɔɔ, ban kʊ wʊn yɔɔ pʊɔ ka ba tara yɔɔ tɩchɛ a nɩrɛ 'lɔ na ba tara bon jaa ɛ, a bãlãa 'lɔ wʊn tara gba ban faan yin a wʊ sɛ̃.","The one who does not work will not eat, but the one who works hard will have plenty to eat, and the lazy person will always be hungry.",output_JA-5,,27.392776544528136,8.847487574766278,5.831798649478208
So the chief priests met with the leaders and decided to bribe the soldiers with a lot of money.,"A bɔɔrlo nãa nɩ a wʊ nɩbɛrɛ na wa lɔ̃ɔ taa, ba guor taa de libiyɔɔ kʊ a sojasɩ","When the rain falls and the river overflows, the fields become flooded and the crops are lost.",output_JA-5,,21.07155125576178,8.847487574766278,5.831798649478208
"The angel said, “Get up and take the child and his mother back to Israel. The people who wanted to kill him are now dead.”","“Vaa ir 'mɔɔ a bie nɩ a wʊ ma na fʊ chiin a Isɩral wɛr pɔ, a bala na dɔ̃ɔ bʊɔrɔ a bie kʊfʊ kpi naa.”","We are going to the house of the chief in Israel, and we will stay there until we finish the work.",john_86344B85_output (7),,22.73284549847345,8.847487574766278,5.831798649478208
Everyone who asks will receive. Everyone who searches will find. And the door will be opened for everyone who knocks.,"Nɩrɛ 'lɔ na sʊɔr na nyɛ naa, ka a 'lɔ mɩ na yɔbɔ nyɛ, ka a pãn mɩ yuo kʊ a nɩrɛ 'lɔ na kpoor.","When you come to the house and you see me, you should greet me, and then you will stay with me for a while.",john_86344B85_output (7),,16.55225767559876,8.847487574766278,5.831798649478208
Many prophets and good people were eager to see what you see and to hear what you hear. But I tell you they did not see or hear. Jesus Explains the Story about the Farmer (Mark,"Yelmãɛ lɛ n 'yɛrɛ kʊrɔ yɩ ɩka Nãaŋmɩn 'yɛ'yɛrbɛ yɔɔ nɩ nɩtorsɩ yɔɔ ta bʊɔrɔ na ɩka ba nyɛ bon 'lɔ yɩn nyɛ tɩchɛ baa nyɛ ɛ, na ba ta wõ bon 'lɔ yɩn wõ tɩchɛ baa tʊ̃ɔ wõ ɛ.","We are not able to go to Naaŋmɩn because the road is blocked, and we cannot find a way to pass through the forest; therefore we must stay here until the path is cleared.",john_86344B85_output (7),,20.05751928343269,8.847487574766278,5.831798649478208
"Everyone who has something will be given more, and they will have more than enough. But everything will be taken from those who don't have anything.","Nɩrɛ 'lɔ jaa na tara yɔɔ, ban kʊ wʊn yɔɔ pʊɔ ka ba tara yɔɔ tɩchɛ a nɩrɛ 'lɔ na ba tara bon jaa ɛ, a bãlãa 'lɔ wʊn tara gba ban faan yin a wʊ sɛ̃.","If you do not work, you will not have anything; but if you work, you will get food and be satisfied.",john_86344B85_output (7),,21.065208200850037,8.847487574766278,5.831798649478208
So the chief priests met with the leaders and decided to bribe the soldiers with a lot of money.,"A bɔɔrlo nãa nɩ a wʊ nɩbɛrɛ na wa lɔ̃ɔ taa, ba guor taa de libiyɔɔ kʊ a sojasɩ","We will go tomorrow if the rain stops, then we will eat together at the market.",john_86344B85_output (7),,17.83578735802504,8.847487574766278,5.831798649478208
"The angel said, “Get up and take the child and his mother back to Israel. The people who wanted to kill him are now dead.”","“Vaa ir 'mɔɔ a bie nɩ a wʊ ma na fʊ chiin a Isɩral wɛr pɔ, a bala na dɔ̃ɔ bʊɔrɔ a bie kʊfʊ kpi naa.”","We are going to the place where the Israelites live, and we will bring the things we have bought there.",Dec 05 output,,21.528003604183702,8.847487574766278,5.831798649478208
Everyone who asks will receive. Everyone who searches will find. And the door will be opened for everyone who knocks.,"Nɩrɛ 'lɔ na sʊɔr na nyɛ naa, ka a 'lɔ mɩ na yɔbɔ nyɛ, ka a pãn mɩ yuo kʊ a nɩrɛ 'lɔ na kpoor.","We will go to the farm tomorrow, work there, and then return home after we have gone to the farm.",Dec 05 output,,15.340630720868706,8.847487574766278,5.831798649478208
Many prophets and good people were eager to see what you see and to hear what you hear. But I tell you they did not see or hear. Jesus Explains the Story about the Farmer (Mark,"Yelmãɛ lɛ n 'yɛrɛ kʊrɔ yɩ ɩka Nãaŋmɩn 'yɛ'yɛrbɛ yɔɔ nɩ nɩtorsɩ yɔɔ ta bʊɔrɔ na ɩka ba nyɛ bon 'lɔ yɩn nyɛ tɩchɛ baa nyɛ ɛ, na ba ta wõ bon 'lɔ yɩn wõ tɩchɛ baa tʊ̃ɔ wõ ɛ.",Translation not available,Dec 05 output,,4.41441449556834,8.847487574766278,5.831798649478208
"Everyone who has something will be given more, and they will have more than enough. But everything will be taken from those who don't have anything.","Nɩrɛ 'lɔ jaa na tara yɔɔ, ban kʊ wʊn yɔɔ pʊɔ ka ba tara yɔɔ tɩchɛ a nɩrɛ 'lɔ na ba tara bon jaa ɛ, a bãlãa 'lɔ wʊn tara gba ban faan yin a wʊ sɛ̃.","If you go to the forest and find a tree, you must cut it down; if you do not, the forest will grow wild and you will be left without shelter.",Dec 05 output,,19.17394276554293,8.847487574766278,5.831798649478208
So the chief priests met with the leaders and decided to bribe the soldiers with a lot of money.,"A bɔɔrlo nãa nɩ a wʊ nɩbɛrɛ na wa lɔ̃ɔ taa, ba guor taa de libiyɔɔ kʊ a sojasɩ","If you go there and see the river, you will find the market at the foot of the hill.",Dec 05 output,,19.987460771920247,8.847487574766278,5.831798649478208
"The angel said, “Get up and take the child and his mother back to Israel. The people who wanted to kill him are now dead.”","“Vaa ir 'mɔɔ a bie nɩ a wʊ ma na fʊ chiin a Isɩral wɛr pɔ, a bala na dɔ̃ɔ bʊɔrɔ a bie kʊfʊ kpi naa.”","We are the ones who have come to Israel, because we have been called there.",onesimus_C968674F_Dec 07 output,,19.903498355213955,8.847487574766278,5.831798649478208
Everyone who asks will receive. Everyone who searches will find. And the door will be opened for everyone who knocks.,"Nɩrɛ 'lɔ na sʊɔr na nyɛ naa, ka a 'lɔ mɩ na yɔbɔ nyɛ, ka a pãn mɩ yuo kʊ a nɩrɛ 'lɔ na kpoor.","When you go to the farm and you see it, you bring it back to the house.",onesimus_C968674F_Dec 07 output,,10.289460337600897,8.847487574766278,5.831798649478208
Many prophets and good people were eager to see what you see and to hear what you hear. But I tell you they did not see or hear. Jesus Explains the Story about the Farmer (Mark,"Yelmãɛ lɛ n 'yɛrɛ kʊrɔ yɩ ɩka Nãaŋmɩn 'yɛ'yɛrbɛ yɔɔ nɩ nɩtorsɩ yɔɔ ta bʊɔrɔ na ɩka ba nyɛ bon 'lɔ yɩn nyɛ tɩchɛ baa nyɛ ɛ, na ba ta wõ bon 'lɔ yɩn wõ tɩchɛ baa tʊ̃ɔ wõ ɛ.","We are not the ones who speak about the past, but we are the ones who work for the future, and we will continue to work for the future.",onesimus_C968674F_Dec 07 output,,19.60479698846006,8.847487574766278,5.831798649478208
"Everyone who has something will be given more, and they will have more than enough. But everything will be taken from those who don't have anything.","Nɩrɛ 'lɔ jaa na tara yɔɔ, ban kʊ wʊn yɔɔ pʊɔ ka ba tara yɔɔ tɩchɛ a nɩrɛ 'lɔ na ba tara bon jaa ɛ, a bãlãa 'lɔ wʊn tara gba ban faan yin a wʊ sɛ̃.","If you go to the farm and work hard, you will reap a good harvest; but if you neglect it, the crops will fail and you will suffer.",onesimus_C968674F_Dec 07 output,,17.154859184512656,8.847487574766278,5.831798649478208
So the chief priests met with the leaders and decided to bribe the soldiers with a lot of money.,"A bɔɔrlo nãa nɩ a wʊ nɩbɛrɛ na wa lɔ̃ɔ taa, ba guor taa de libiyɔɔ kʊ a sojasɩ",Translation not available,onesimus_C968674F_Dec 07 output,,5.487765141581036,8.847487574766278,5.831798649478208
"The angel said, “Get up and take the child and his mother back to Israel. The people who wanted to kill him are now dead.”","“Vaa ir 'mɔɔ a bie nɩ a wʊ ma na fʊ chiin a Isɩral wɛr pɔ, a bala na dɔ̃ɔ bʊɔrɔ a bie kʊfʊ kpi naa.”",We are the ones who have been sent to Israel to bring back the promised blessings.,john_C52DEBBB_output (10),,21.484379338284658,8.847487574766278,5.831798649478208
Everyone who asks will receive. Everyone who searches will find. And the door will be opened for everyone who knocks.,"Nɩrɛ 'lɔ na sʊɔr na nyɛ naa, ka a 'lɔ mɩ na yɔbɔ nyɛ, ka a pãn mɩ yuo kʊ a nɩrɛ 'lɔ na kpoor.","If you come to my house and bring food, I will give you money.",john_C52DEBBB_output (10),,11.212216125833057,8.847487574766278,5.831798649478208
Many prophets and good people were eager to see what you see and to hear what you hear. But I tell you they did not see or hear. Jesus Explains the Story about the Farmer (Mark,"Yelmãɛ lɛ n 'yɛrɛ kʊrɔ yɩ ɩka Nãaŋmɩn 'yɛ'yɛrbɛ yɔɔ nɩ nɩtorsɩ yɔɔ ta bʊɔrɔ na ɩka ba nyɛ bon 'lɔ yɩn nyɛ tɩchɛ baa nyɛ ɛ, na ba ta wõ bon 'lɔ yɩn wõ tɩchɛ baa tʊ̃ɔ wõ ɛ.","We are all gathered here today to celebrate the birth of our beloved child, and we ask everyone present to join us in offering prayers and blessings for a happy and prosperous life.",john_C52DEBBB_output (10),,20.39700163769992,8.847487574766278,5.831798649478208
"Everyone who has something will be given more, and they will have more than enough. But everything will be taken from those who don't have anything.","Nɩrɛ 'lɔ jaa na tara yɔɔ, ban kʊ wʊn yɔɔ pʊɔ ka ba tara yɔɔ tɩchɛ a nɩrɛ 'lɔ na ba tara bon jaa ɛ, a bãlãa 'lɔ wʊn tara gba ban faan yin a wʊ sɛ̃.","If you go to the farm and work there, you will harvest the crops and bring them home; then you will share the food with your family and they will be satisfied.",john_C52DEBBB_output (10),,28.205662974835484,8.847487574766278,5.831798649478208
So the chief priests met with the leaders and decided to bribe the soldiers with a lot of money.,"A bɔɔrlo nãa nɩ a wʊ nɩbɛrɛ na wa lɔ̃ɔ taa, ba guor taa de libiyɔɔ kʊ a sojasɩ",Translation not available,john_C52DEBBB_output (10),,5.487765141581036,8.847487574766278,5.831798649478208
The kingdom of heaven is like what happens when a net is thrown into a lake and catches all kinds of fish.,"“A Nãaŋmɩn nãalʊ̃ʊ lɛ nyɛntãan fɩka lɔyaar ban lɔb 'yɔ̃ɔ man pɔ, kʊ nyɔɔr jãdẽdẽme.",Unable to translate,output_datgerhardt,-0.06807012,5.39547059770311,8.847487574766278,5.831798649478208
"While Peter was still speaking, the shadow of a bright cloud passed over them. From the cloud a voice said, “This is my own dear Son, and I am pleased with him. Listen to what he says!”","Wʊn chɛnɛ 'yɛrɛ ka a julõjupɩla wa pɔɔ ba naa, ka Nãaŋmɩn kɔkɔr 'yɛr be a julõjuur pɔ, “Nyã lɛ a n Binʊ̃nãa, a n pʊɔ pɛl wʊ naa, yɩ chɛlɛ a wʊ 'yɛr.”","When the child was about to go to the river, Nãaŋmɩn the elder said to him, “If you do not listen, you will be taken away, and the child will die.”",output_datgerhardt,0.5374721,21.362907346402014,8.847487574766278,5.831798649478208
And a family that fights won't last long either.,"Yir nɩbɛ mɩ ir jɛɛrɛ taa, a yir 'lɔ nɩbɛ kʊ̃ tʊ̃ɔ 'mataa kpɛ ɛ.",Unable to translate,output_datgerhardt,0.002867504,8.031231046982326,8.847487574766278,5.831798649478208
"A man with leprosy came to Jesus and knelt down. He begged, “You have the power to make me well, if only you wanted to.”","Ka a daba ãsʊɔ mɩ na ɩ kɔ̃kɔ̃mɔ̃ wa gbur dumo sʊɔr wʊ, “Fʊ̃ʊ sɔɔ, sãa ma.”",I am unable to translate the provided text.,output_datgerhardt,0.143897,11.805958364115858,8.847487574766278,5.831798649478208
"They answered, “Lord, we want to see!”","Ka ba 'yɛr kʊ wʊ, “Sɩ Soro, sɩ bʊɔrɔ na ɩka sɩ nyɛrɛ.”","When he/she said to you, “Sì Soro, you are strong and good.”",output_datgerhardt,0.2563686,14.206469165659005,8.847487574766278,5.831798649478208
"The angel said, “Get up and take the child and his mother back to Israel. The people who wanted to kill him are now dead.”","“Vaa ir 'mɔɔ a bie nɩ a wʊ ma na fʊ chiin a Isɩral wɛr pɔ, a bala na dɔ̃ɔ bʊɔrɔ a bie kʊfʊ kpi naa.”","When I was a child, I went to Israel, and there I saw many beautiful things.",gerhardt_62CB5CC1_output (4),,21.0365750002135,8.847487574766278,5.831798649478208
Everyone who asks will receive. Everyone who searches will find. And the door will be opened for everyone who knocks.,"Nɩrɛ 'lɔ na sʊɔr na nyɛ naa, ka a 'lɔ mɩ na yɔbɔ nyɛ, ka a pãn mɩ yuo kʊ a nɩrɛ 'lɔ na kpoor.","The one who is in the house says that if you come and bring the food, then I will give you the money.",gerhardt_62CB5CC1_output (4),,18.004485529478185,8.847487574766278,5.831798649478208
Many prophets and good people were eager to see what you see and to hear what you hear. But I tell you they did not see or hear. Jesus Explains the Story about the Farmer (Mark,"Yelmãɛ lɛ n 'yɛrɛ kʊrɔ yɩ ɩka Nãaŋmɩn 'yɛ'yɛrbɛ yɔɔ nɩ nɩtorsɩ yɔɔ ta bʊɔrɔ na ɩka ba nyɛ bon 'lɔ yɩn nyɛ tɩchɛ baa nyɛ ɛ, na ba ta wõ bon 'lɔ yɩn wõ tɩchɛ baa tʊ̃ɔ wõ ɛ.","We do not have any more work to do, and we will stop here for now.",gerhardt_62CB5CC1_output (4),,10.751506898689135,8.847487574766278,5.831798649478208
"Everyone who has something will be given more, and they will have more than enough. But everything will be taken from those who don't have anything.","Nɩrɛ 'lɔ jaa na tara yɔɔ, ban kʊ wʊn yɔɔ pʊɔ ka ba tara yɔɔ tɩchɛ a nɩrɛ 'lɔ na ba tara bon jaa ɛ, a bãlãa 'lɔ wʊn tara gba ban faan yin a wʊ sɛ̃.","The sun rises in the east and sets in the west, bringing light to the world; when the night falls, the stars appear, guiding those who travel in darkness.",gerhardt_62CB5CC1_output (4),,21.28961665241676,8.847487574766278,5.831798649478208
So the chief priests met with the leaders and decided to bribe the soldiers with a lot of money.,"A bɔɔrlo nãa nɩ a wʊ nɩbɛrɛ na wa lɔ̃ɔ taa, ba guor taa de libiyɔɔ kʊ a sojasɩ",Translation not available,gerhardt_62CB5CC1_output (4),,5.487765141581036,8.847487574766278,5.831798649478208
"The angel said, “Get up and take the child and his mother back to Israel. The people who wanted to kill him are now dead.”","“Vaa ir 'mɔɔ a bie nɩ a wʊ ma na fʊ chiin a Isɩral wɛr pɔ, a bala na dɔ̃ɔ bʊɔrɔ a bie kʊfʊ kpi naa.”","We are the ones who have been taken to Israel, and we will return to our land.",Dec 04 output,,21.900864770941528,8.847487574766278,5.831798649478208
Everyone who asks will receive. Everyone who searches will find. And the door will be opened for everyone who knocks.,"Nɩrɛ 'lɔ na sʊɔr na nyɛ naa, ka a 'lɔ mɩ na yɔbɔ nyɛ, ka a pãn mɩ yuo kʊ a nɩrɛ 'lɔ na kpoor.","If you go to the market and you buy something, then give it to me, I will take it and bring it back to you.",Dec 04 output,,12.861427357120181,8.847487574766278,5.831798649478208
Many prophets and good people were eager to see what you see and to hear what you hear. But I tell you they did not see or hear. Jesus Explains the Story about the Farmer (Mark,"Yelmãɛ lɛ n 'yɛrɛ kʊrɔ yɩ ɩka Nãaŋmɩn 'yɛ'yɛrbɛ yɔɔ nɩ nɩtorsɩ yɔɔ ta bʊɔrɔ na ɩka ba nyɛ bon 'lɔ yɩn nyɛ tɩchɛ baa nyɛ ɛ, na ba ta wõ bon 'lɔ yɩn wõ tɩchɛ baa tʊ̃ɔ wõ ɛ.","We do not have any more work to do, so we will go home now.",Dec 04 output,,8.65024567553445,8.847487574766278,5.831798649478208
"Everyone who has something will be given more, and they will have more than enough. But everything will be taken from those who don't have anything.","Nɩrɛ 'lɔ jaa na tara yɔɔ, ban kʊ wʊn yɔɔ pʊɔ ka ba tara yɔɔ tɩchɛ a nɩrɛ 'lɔ na ba tara bon jaa ɛ, a bãlãa 'lɔ wʊn tara gba ban faan yin a wʊ sɛ̃.","If you go to the market, you will buy fish, and then you will return home, and the market will be closed.",Dec 04 output,,22.19276019464114,8.847487574766278,5.831798649478208
So the chief priests met with the leaders and decided to bribe the soldiers with a lot of money.,"A bɔɔrlo nãa nɩ a wʊ nɩbɛrɛ na wa lɔ̃ɔ taa, ba guor taa de libiyɔɔ kʊ a sojasɩ","If you go there and see the river, you will find the market at the foot of the hill.",Dec 04 output,,19.987460771920247,8.847487574766278,5.831798649478208
"The angel said, “Get up and take the child and his mother back to Israel. The people who wanted to kill him are now dead.”","“Vaa ir 'mɔɔ a bie nɩ a wʊ ma na fʊ chiin a Isɩral wɛr pɔ, a bala na dɔ̃ɔ bʊɔrɔ a bie kʊfʊ kpi naa.”","We are going to the house of the chief in Israel, and we will bring the things we need.",gerhardt_676E558A_output (6),,21.724926075725556,8.847487574766278,5.831798649478208
Everyone who asks will receive. Everyone who searches will find. And the door will be opened for everyone who knocks.,"Nɩrɛ 'lɔ na sʊɔr na nyɛ naa, ka a 'lɔ mɩ na yɔbɔ nyɛ, ka a pãn mɩ yuo kʊ a nɩrɛ 'lɔ na kpoor.","When you come back tomorrow, I will give you the food, and you will eat it with me.",gerhardt_676E558A_output (6),,14.820897929396706,8.847487574766278,5.831798649478208
Many prophets and good people were eager to see what you see and to hear what you hear. But I tell you they did not see or hear. Jesus Explains the Story about the Farmer (Mark,"Yelmãɛ lɛ n 'yɛrɛ kʊrɔ yɩ ɩka Nãaŋmɩn 'yɛ'yɛrbɛ yɔɔ nɩ nɩtorsɩ yɔɔ ta bʊɔrɔ na ɩka ba nyɛ bon 'lɔ yɩn nyɛ tɩchɛ baa nyɛ ɛ, na ba ta wõ bon 'lɔ yɩn wõ tɩchɛ baa tʊ̃ɔ wõ ɛ.","We do not have any more work to do here, so we will stop now.",gerhardt_676E558A_output (6),,9.720864479766107,8.847487574766278,5.831798649478208
"Everyone who has something will be given more, and they will have more than enough. But everything will be taken from those who don't have anything.","Nɩrɛ 'lɔ jaa na tara yɔɔ, ban kʊ wʊn yɔɔ pʊɔ ka ba tara yɔɔ tɩchɛ a nɩrɛ 'lɔ na ba tara bon jaa ɛ, a bãlãa 'lɔ wʊn tara gba ban faan yin a wʊ sɛ̃.",Translation not available,gerhardt_676E558A_output (6),,4.540305588647312,8.847487574766278,5.831798649478208
So the chief priests met with the leaders and decided to bribe the soldiers with a lot of money.,"A bɔɔrlo nãa nɩ a wʊ nɩbɛrɛ na wa lɔ̃ɔ taa, ba guor taa de libiyɔɔ kʊ a sojasɩ","When you go there and you see the people, you must greet them politely.",gerhardt_676E558A_output (6),,16.3314337791913,8.847487574766278,5.831798649478208
"The angel said, “Get up and take the child and his mother back to Israel. The people who wanted to kill him are now dead.”","“Vaa ir 'mɔɔ a bie nɩ a wʊ ma na fʊ chiin a Isɩral wɛr pɔ, a bala na dɔ̃ɔ bʊɔrɔ a bie kʊfʊ kpi naa.”","When I was a child, I went to Israel, and there I learned many things that helped me in life.",gerhardt_107423D8_output (9),,24.03474243501594,8.847487574766278,5.831798649478208
Everyone who asks will receive. Everyone who searches will find. And the door will be opened for everyone who knocks.,"Nɩrɛ 'lɔ na sʊɔr na nyɛ naa, ka a 'lɔ mɩ na yɔbɔ nyɛ, ka a pãn mɩ yuo kʊ a nɩrɛ 'lɔ na kpoor.","I'll go to the farm tomorrow, work there, and then return home after I go to the farm.",gerhardt_107423D8_output (9),,11.994702279515908,8.847487574766278,5.831798649478208
Many prophets and good people were eager to see what you see and to hear what you hear. But I tell you they did not see or hear. Jesus Explains the Story about the Farmer (Mark,"Yelmãɛ lɛ n 'yɛrɛ kʊrɔ yɩ ɩka Nãaŋmɩn 'yɛ'yɛrbɛ yɔɔ nɩ nɩtorsɩ yɔɔ ta bʊɔrɔ na ɩka ba nyɛ bon 'lɔ yɩn nyɛ tɩchɛ baa nyɛ ɛ, na ba ta wõ bon 'lɔ yɩn wõ tɩchɛ baa tʊ̃ɔ wõ ɛ.","We are not able to go to the river today because the water is too dirty, and we cannot fetch water for the children.",gerhardt_107423D8_output (9),,16.54863445933024,8.847487574766278,5.831798649478208
"Everyone who has something will be given more, and they will have more than enough. But everything will be taken from those who don't have anything.","Nɩrɛ 'lɔ jaa na tara yɔɔ, ban kʊ wʊn yɔɔ pʊɔ ka ba tara yɔɔ tɩchɛ a nɩrɛ 'lɔ na ba tara bon jaa ɛ, a bãlãa 'lɔ wʊn tara gba ban faan yin a wʊ sɛ̃.","If you do not work, you will not have anything; but if you work, you will get food and be satisfied.",gerhardt_107423D8_output (9),,21.065208200850037,8.847487574766278,5.831798649478208
So the chief priests met with the leaders and decided to bribe the soldiers with a lot of money.,"A bɔɔrlo nãa nɩ a wʊ nɩbɛrɛ na wa lɔ̃ɔ taa, ba guor taa de libiyɔɔ kʊ a sojasɩ","If you go there and you see the river, you will find the fish and the water.",gerhardt_107423D8_output (9),,17.13905214070239,8.847487574766278,5.831798649478208
"The angel said, “Get up and take the child and his mother back to Israel. The people who wanted to kill him are now dead.”","“Vaa ir 'mɔɔ a bie nɩ a wʊ ma na fʊ chiin a Isɩral wɛr pɔ, a bala na dɔ̃ɔ bʊɔrɔ a bie kʊfʊ kpi naa.”","We are going to the house of the Lord, and we will pray for the people of Israel.",gerhardt_E4F773B6_output (3),,22.599785454788037,8.847487574766278,5.831798649478208
Everyone who asks will receive. Everyone who searches will find. And the door will be opened for everyone who knocks.,"Nɩrɛ 'lɔ na sʊɔr na nyɛ naa, ka a 'lɔ mɩ na yɔbɔ nyɛ, ka a pãn mɩ yuo kʊ a nɩrɛ 'lɔ na kpoor.","The one who is here is the one who is there, and if he/she is with me, I will give him/her the thing that is here.",gerhardt_E4F773B6_output (3),,19.594537546273074,8.847487574766278,5.831798649478208
Many prophets and good people were eager to see what you see and to hear what you hear. But I tell you they did not see or hear. Jesus Explains the Story about the Farmer (Mark,"Yelmãɛ lɛ n 'yɛrɛ kʊrɔ yɩ ɩka Nãaŋmɩn 'yɛ'yɛrbɛ yɔɔ nɩ nɩtorsɩ yɔɔ ta bʊɔrɔ na ɩka ba nyɛ bon 'lɔ yɩn nyɛ tɩchɛ baa nyɛ ɛ, na ba ta wõ bon 'lɔ yɩn wõ tɩchɛ baa tʊ̃ɔ wõ ɛ.","We are not able to understand the words that are being spoken, and we cannot make sense of them.",gerhardt_E4F773B6_output (3),,14.595177079875302,8.847487574766278,5.831798649478208
"Everyone who has something will be given more, and they will have more than enough. But everything will be taken from those who don't have anything.","Nɩrɛ 'lɔ jaa na tara yɔɔ, ban kʊ wʊn yɔɔ pʊɔ ka ba tara yɔɔ tɩchɛ a nɩrɛ 'lɔ na ba tara bon jaa ɛ, a bãlãa 'lɔ wʊn tara gba ban faan yin a wʊ sɛ̃.","We will go to the farm tomorrow, and after we finish the work we will rest together.",gerhardt_E4F773B6_output (3),,15.102641150181443,8.847487574766278,5.831798649478208
So the chief priests met with the leaders and decided to bribe the soldiers with a lot of money.,"A bɔɔrlo nãa nɩ a wʊ nɩbɛrɛ na wa lɔ̃ɔ taa, ba guor taa de libiyɔɔ kʊ a sojasɩ","When I finish this work, I will go home and rest.",gerhardt_E4F773B6_output (3),,11.220723230417278,8.847487574766278,5.831798649478208
"The angel said, “Get up and take the child and his mother back to Israel. The people who wanted to kill him are now dead.”","“Vaa ir 'mɔɔ a bie nɩ a wʊ ma na fʊ chiin a Isɩral wɛr pɔ, a bala na dɔ̃ɔ bʊɔrɔ a bie kʊfʊ kpi naa.”","When I was a child, I went to Israel, and there I saw many beautiful things.",john_B0DBB2CB_output (4),,21.0365750002135,8.847487574766278,5.831798649478208
Everyone who asks will receive. Everyone who searches will find. And the door will be opened for everyone who knocks.,"Nɩrɛ 'lɔ na sʊɔr na nyɛ naa, ka a 'lɔ mɩ na yɔbɔ nyɛ, ka a pãn mɩ yuo kʊ a nɩrɛ 'lɔ na kpoor.","If you go to the farm and you work there, then you will reap what you have sown.",john_B0DBB2CB_output (4),,14.57847015767959,8.847487574766278,5.831798649478208
Many prophets and good people were eager to see what you see and to hear what you hear. But I tell you they did not see or hear. Jesus Explains the Story about the Farmer (Mark,"Yelmãɛ lɛ n 'yɛrɛ kʊrɔ yɩ ɩka Nãaŋmɩn 'yɛ'yɛrbɛ yɔɔ nɩ nɩtorsɩ yɔɔ ta bʊɔrɔ na ɩka ba nyɛ bon 'lɔ yɩn nyɛ tɩchɛ baa nyɛ ɛ, na ba ta wõ bon 'lɔ yɩn wõ tɩchɛ baa tʊ̃ɔ wõ ɛ.","We do not have any more work to do, so we will rest now.",john_B0DBB2CB_output (4),,8.403134685195997,8.847487574766278,5.831798649478208
"Everyone who has something will be given more, and they will have more than enough. But everything will be taken from those who don't have anything.","Nɩrɛ 'lɔ jaa na tara yɔɔ, ban kʊ wʊn yɔɔ pʊɔ ka ba tara yɔɔ tɩchɛ a nɩrɛ 'lɔ na ba tara bon jaa ɛ, a bãlãa 'lɔ wʊn tara gba ban faan yin a wʊ sɛ̃.","If you go to the farm and work hard, you will reap a good harvest; but if you neglect it, you will have nothing to eat.",john_B0DBB2CB_output (4),,20.916168967763827,8.847487574766278,5.831798649478208
So the chief priests met with the leaders and decided to bribe the soldiers with a lot of money.,"A bɔɔrlo nãa nɩ a wʊ nɩbɛrɛ na wa lɔ̃ɔ taa, ba guor taa de libiyɔɔ kʊ a sojasɩ",Translation not available,john_B0DBB2CB_output (4),,5.487765141581036,8.847487574766278,5.831798649478208
"The angel said, “Get up and take the child and his mother back to Israel. The people who wanted to kill him are now dead.”","“Vaa ir 'mɔɔ a bie nɩ a wʊ ma na fʊ chiin a Isɩral wɛr pɔ, a bala na dɔ̃ɔ bʊɔrɔ a bie kʊfʊ kpi naa.”","We are going to Israel, and we will stay there for a while.",gerhardt_E32D1C1E_output_mzX2S5,,17.683048490827222,8.847487574766278,5.831798649478208
Everyone who asks will receive. Everyone who searches will find. And the door will be opened for everyone who knocks.,"Nɩrɛ 'lɔ na sʊɔr na nyɛ naa, ka a 'lɔ mɩ na yɔbɔ nyɛ, ka a pãn mɩ yuo kʊ a nɩrɛ 'lɔ na kpoor.","If you go to the farm and work there, then you will reap the harvest, and you will not be hungry again.",gerhardt_E32D1C1E_output_mzX2S5,,17.70814681068605,8.847487574766278,5.831798649478208
Many prophets and good people were eager to see what you see and to hear what you hear. But I tell you they did not see or hear. Jesus Explains the Story about the Farmer (Mark,"Yelmãɛ lɛ n 'yɛrɛ kʊrɔ yɩ ɩka Nãaŋmɩn 'yɛ'yɛrbɛ yɔɔ nɩ nɩtorsɩ yɔɔ ta bʊɔrɔ na ɩka ba nyɛ bon 'lɔ yɩn nyɛ tɩchɛ baa nyɛ ɛ, na ba ta wõ bon 'lɔ yɩn wõ tɩchɛ baa tʊ̃ɔ wõ ɛ.","We are not going to the farm today because the rain has made the fields too muddy, so we will stay at home and rest.",gerhardt_E32D1C1E_output_mzX2S5,,16.57395363935808,8.847487574766278,5.831798649478208
"Everyone who has something will be given more, and they will have more than enough. But everything will be taken from those who don't have anything.","Nɩrɛ 'lɔ jaa na tara yɔɔ, ban kʊ wʊn yɔɔ pʊɔ ka ba tara yɔɔ tɩchɛ a nɩrɛ 'lɔ na ba tara bon jaa ɛ, a bãlãa 'lɔ wʊn tara gba ban faan yin a wʊ sɛ̃.","We will go to the market tomorrow, and if you also go, we will meet there; otherwise, we will wait for you at the house.",gerhardt_E32D1C1E_output_mzX2S5,,19.363599836307934,8.847487574766278,5.831798649478208
So the chief priests met with the leaders and decided to bribe the soldiers with a lot of money.,"A bɔɔrlo nãa nɩ a wʊ nɩbɛrɛ na wa lɔ̃ɔ taa, ba guor taa de libiyɔɔ kʊ a sojasɩ","When you go there and see the river, you will find the fish swimming in it.",gerhardt_E32D1C1E_output_mzX2S5,,17.372307756421893,8.847487574766278,5.831798649478208
"The angel said, “Get up and take the child and his mother back to Israel. The people who wanted to kill him are now dead.”","“Vaa ir 'mɔɔ a bie nɩ a wʊ ma na fʊ chiin a Isɩral wɛr pɔ, a bala na dɔ̃ɔ bʊɔrɔ a bie kʊfʊ kpi naa.”","We are the ones who have been taken to Israel, and we will return to our land.",gerhardt_145C11AE_output (2),,21.900864770941528,8.847487574766278,5.831798649478208
Everyone who asks will receive. Everyone who searches will find. And the door will be opened for everyone who knocks.,"Nɩrɛ 'lɔ na sʊɔr na nyɛ naa, ka a 'lɔ mɩ na yɔbɔ nyɛ, ka a pãn mɩ yuo kʊ a nɩrɛ 'lɔ na kpoor.","When you go to the farm and you bring the harvest, give it to me and I will share it with the whole village.",gerhardt_145C11AE_output (2),,16.511435522307778,8.847487574766278,5.831798649478208
Many prophets and good people were eager to see what you see and to hear what you hear. But I tell you they did not see or hear. Jesus Explains the Story about the Farmer (Mark,"Yelmãɛ lɛ n 'yɛrɛ kʊrɔ yɩ ɩka Nãaŋmɩn 'yɛ'yɛrbɛ yɔɔ nɩ nɩtorsɩ yɔɔ ta bʊɔrɔ na ɩka ba nyɛ bon 'lɔ yɩn nyɛ tɩchɛ baa nyɛ ɛ, na ba ta wõ bon 'lɔ yɩn wõ tɩchɛ baa tʊ̃ɔ wõ ɛ.","We do not have any more work to do, so we will stop here.",gerhardt_145C11AE_output (2),,9.774803406696735,8.847487574766278,5.831798649478208
"Everyone who has something will be given more, and they will have more than enough. But everything will be taken from those who don't have anything.","Nɩrɛ 'lɔ jaa na tara yɔɔ, ban kʊ wʊn yɔɔ pʊɔ ka ba tara yɔɔ tɩchɛ a nɩrɛ 'lɔ na ba tara bon jaa ɛ, a bãlãa 'lɔ wʊn tara gba ban faan yin a wʊ sɛ̃.","If you go to the farm and work there, you will harvest the crops; after you finish harvesting, you will return home and share the food with your family.",gerhardt_145C11AE_output (2),,22.579537693653116,8.847487574766278,5.831798649478208
So the chief priests met with the leaders and decided to bribe the soldiers with a lot of money.,"A bɔɔrlo nãa nɩ a wʊ nɩbɛrɛ na wa lɔ̃ɔ taa, ba guor taa de libiyɔɔ kʊ a sojasɩ","When the rain falls and you have no shelter, you must go to the market to buy food.",gerhardt_145C11AE_output (2),,17.541484332348602,8.847487574766278,5.831798649478208
"The angel said, “Get up and take the child and his mother back to Israel. The people who wanted to kill him are now dead.”","“Vaa ir 'mɔɔ a bie nɩ a wʊ ma na fʊ chiin a Isɩral wɛr pɔ, a bala na dɔ̃ɔ bʊɔrɔ a bie kʊfʊ kpi naa.”",We are going to Israel where the people are gathering for the celebration.,gerhardt_087BEB88_output_loRIsq,,23.658622475290358,8.847487574766278,5.831798649478208
Everyone who asks will receive. Everyone who searches will find. And the door will be opened for everyone who knocks.,"Nɩrɛ 'lɔ na sʊɔr na nyɛ naa, ka a 'lɔ mɩ na yɔbɔ nyɛ, ka a pãn mɩ yuo kʊ a nɩrɛ 'lɔ na kpoor.","If you go to the farm and work there, then you will reap what you have sown.",gerhardt_087BEB88_output_loRIsq,,14.491633910129522,8.847487574766278,5.831798649478208
Many prophets and good people were eager to see what you see and to hear what you hear. But I tell you they did not see or hear. Jesus Explains the Story about the Farmer (Mark,"Yelmãɛ lɛ n 'yɛrɛ kʊrɔ yɩ ɩka Nãaŋmɩn 'yɛ'yɛrbɛ yɔɔ nɩ nɩtorsɩ yɔɔ ta bʊɔrɔ na ɩka ba nyɛ bon 'lɔ yɩn nyɛ tɩchɛ baa nyɛ ɛ, na ba ta wõ bon 'lɔ yɩn wõ tɩchɛ baa tʊ̃ɔ wõ ɛ.",We are not able to understand the meaning of this text.,gerhardt_087BEB88_output_loRIsq,,10.308290032788534,8.847487574766278,5.831798649478208
"Everyone who has something will be given more, and they will have more than enough. But everything will be taken from those who don't have anything.","Nɩrɛ 'lɔ jaa na tara yɔɔ, ban kʊ wʊn yɔɔ pʊɔ ka ba tara yɔɔ tɩchɛ a nɩrɛ 'lɔ na ba tara bon jaa ɛ, a bãlãa 'lɔ wʊn tara gba ban faan yin a wʊ sɛ̃.","If you go to the forest without a knife, you won’t be able to cut the wood; therefore, bring a knife before you go.",gerhardt_087BEB88_output_loRIsq,,15.613044751253216,8.847487574766278,5.831798649478208
So the chief priests met with the leaders and decided to bribe the soldiers with a lot of money.,"A bɔɔrlo nãa nɩ a wʊ nɩbɛrɛ na wa lɔ̃ɔ taa, ba guor taa de libiyɔɔ kʊ a sojasɩ","The farmer went to the market, bought some yams, and then returned home.",gerhardt_087BEB88_output_loRIsq,,16.227304243641623,8.847487574766278,5.831798649478208
"Jesus knew what they were thinking and asked, “Why are you talking about not having any bread? Don't you understand? Are your minds still closed?","Yesu na bɔ̃ɔn a lɛ ban 'yɛrɛ, wʊ sʊʊr ba naa, “Bãa 'yɔ̃ɔ lɛ yɩ 'yɛrɛ ɩka yaa tara paanʊ̃ɔ ɛ? Yaa bɔ̃ɔ a par sɛrɛ ɛ? A yɩ nyãa kpɛ̃mɛ na mɩ?","Jesus said to them, “Do you want to follow me? Will you go with me? Or what will you do?”",output_mich002,0.57906866,14.824181365302277,8.847487574766278,5.831798649478208
Jesus answered: The friends of a bridegroom don't go without eating while he is still with them.,"A Yesu 'yɛr kʊ ba, “Ŋmɩnɛ lɛ an ɩ ka nɩbɛ be a pɔɔ paalaa sɩrɛ jie tɩ tʊ̃ɔ kɔ̃ gal? Wʊn chɛnɛ be a ba sɛ̃, ba kʊ̃ tʊ̃ɔ ɛ.","And Jesus said, “Who among you will go and bring the good news to the people? He who goes will be blessed.”",output_mich002,0.3558016,21.493593518719972,8.847487574766278,5.831798649478208
Anyone who swears by the altar also swears by everything on it.,"A lɛ jũu, nɩrɛ 'lɔ jaa na pɔn a Nãaŋmɩn bɔɔr lofʊ jie, pɔn wʊ naa nɩ bon jaa na dɔɔl a wʊ ju.","I am happy, because we will go to Nãaŋmɩn tomorrow, and then we will also go to the market later.",output_mich002,0.038039207,17.009847740155536,8.847487574766278,5.831798649478208
God will be as hard on you as you are on others! He will treat you exactly as you treat them.,"Nãaŋmɩn na tɔɔr a yɩ 'yɛr nɩtãa lɛ yɩn tɔɔr a yɩ tɔ sʊɔ 'yɛr. Lɛ fʊn man tɩr, lɛ mɩ lɛ ban man kʊ fʊ.","I'll go to your house today and you will also go to the market today. The small child is here, the big child is there.",output_mich002,0.04051806,21.52767095046769,8.847487574766278,5.831798649478208
Why worry about clothes? Look how the wild flowers grow. They don't work hard to make their clothes.,"“Ka bo lɛ vɛ̃ ka yɩ tɩɛrɛ a bʊ̃sursɩ 'yɔ̃ɔ? Yɩ kaa nyɛ a mɔpuul lɛ an ma nʊ̃ɔ, ba maa tʊ̃ ɛ, bɩɩ wob fuu su ɛ,","I’m sorry, I can’t translate that text.",output_mich002,0.101906046,8.039116496042572,8.847487574766278,5.831798649478208
"The angel said, “Get up and take the child and his mother back to Israel. The people who wanted to kill him are now dead.”","“Vaa ir 'mɔɔ a bie nɩ a wʊ ma na fʊ chiin a Isɩral wɛr pɔ, a bala na dɔ̃ɔ bʊɔrɔ a bie kʊfʊ kpi naa.”",We are going to Israel because the people there have given us a great gift.,john_C904F397_output (2),,22.779356995628383,8.847487574766278,5.831798649478208
Everyone who asks will receive. Everyone who searches will find. And the door will be opened for everyone who knocks.,"Nɩrɛ 'lɔ na sʊɔr na nyɛ naa, ka a 'lɔ mɩ na yɔbɔ nyɛ, ka a pãn mɩ yuo kʊ a nɩrɛ 'lɔ na kpoor.","If you do not bring the food, I will go and fetch it for you.",john_C904F397_output (2),,11.459987137117626,8.847487574766278,5.831798649478208
Many prophets and good people were eager to see what you see and to hear what you hear. But I tell you they did not see or hear. Jesus Explains the Story about the Farmer (Mark,"Yelmãɛ lɛ n 'yɛrɛ kʊrɔ yɩ ɩka Nãaŋmɩn 'yɛ'yɛrbɛ yɔɔ nɩ nɩtorsɩ yɔɔ ta bʊɔrɔ na ɩka ba nyɛ bon 'lɔ yɩn nyɛ tɩchɛ baa nyɛ ɛ, na ba ta wõ bon 'lɔ yɩn wõ tɩchɛ baa tʊ̃ɔ wõ ɛ.","We do not have any more work to do, so we will stop here.",john_C904F397_output (2),,9.774803406696735,8.847487574766278,5.831798649478208
"Everyone who has something will be given more, and they will have more than enough. But everything will be taken from those who don't have anything.","Nɩrɛ 'lɔ jaa na tara yɔɔ, ban kʊ wʊn yɔɔ pʊɔ ka ba tara yɔɔ tɩchɛ a nɩrɛ 'lɔ na ba tara bon jaa ɛ, a bãlãa 'lɔ wʊn tara gba ban faan yin a wʊ sɛ̃.","If you do not take action, you will not achieve anything; but when you work hard, you will reap the benefits and find success.",john_C904F397_output (2),,23.157125010555582,8.847487574766278,5.831798649478208
So the chief priests met with the leaders and decided to bribe the soldiers with a lot of money.,"A bɔɔrlo nãa nɩ a wʊ nɩbɛrɛ na wa lɔ̃ɔ taa, ba guor taa de libiyɔɔ kʊ a sojasɩ","We will go there tomorrow if the road is clear, and then we will stay until evening",john_C904F397_output (2),,17.69963815330749,8.847487574766278,5.831798649478208
"The angel said, “Get up and take the child and his mother back to Israel. The people who wanted to kill him are now dead.”","“Vaa ir 'mɔɔ a bie nɩ a wʊ ma na fʊ chiin a Isɩral wɛr pɔ, a bala na dɔ̃ɔ bʊɔrɔ a bie kʊfʊ kpi naa.”","We are the ones who have been given the land of Israel, and we will continue to protect it.",onesimus_E33AE420_Dec 11 output,,21.48793578699987,8.847487574766278,5.831798649478208
Everyone who asks will receive. Everyone who searches will find. And the door will be opened for everyone who knocks.,"Nɩrɛ 'lɔ na sʊɔr na nyɛ naa, ka a 'lɔ mɩ na yɔbɔ nyɛ, ka a pãn mɩ yuo kʊ a nɩrɛ 'lɔ na kpoor.","If you do this and that, then you will be fine.",onesimus_E33AE420_Dec 11 output,,12.179156758239913,8.847487574766278,5.831798649478208
Many prophets and good people were eager to see what you see and to hear what you hear. But I tell you they did not see or hear. Jesus Explains the Story about the Farmer (Mark,"Yelmãɛ lɛ n 'yɛrɛ kʊrɔ yɩ ɩka Nãaŋmɩn 'yɛ'yɛrbɛ yɔɔ nɩ nɩtorsɩ yɔɔ ta bʊɔrɔ na ɩka ba nyɛ bon 'lɔ yɩn nyɛ tɩchɛ baa nyɛ ɛ, na ba ta wõ bon 'lɔ yɩn wõ tɩchɛ baa tʊ̃ɔ wõ ɛ.","We do not have any more work to do, so we will rest here for a while, and later we will continue our tasks again.",onesimus_E33AE420_Dec 11 output,,15.370245919301656,8.847487574766278,5.831798649478208
"Everyone who has something will be given more, and they will have more than enough. But everything will be taken from those who don't have anything.","Nɩrɛ 'lɔ jaa na tara yɔɔ, ban kʊ wʊn yɔɔ pʊɔ ka ba tara yɔɔ tɩchɛ a nɩrɛ 'lɔ na ba tara bon jaa ɛ, a bãlãa 'lɔ wʊn tara gba ban faan yin a wʊ sɛ̃.","If you do not work, you will not have anything; but if you work, you will get food and be satisfied.",onesimus_E33AE420_Dec 11 output,,21.065208200850037,8.847487574766278,5.831798649478208
So the chief priests met with the leaders and decided to bribe the soldiers with a lot of money.,"A bɔɔrlo nãa nɩ a wʊ nɩbɛrɛ na wa lɔ̃ɔ taa, ba guor taa de libiyɔɔ kʊ a sojasɩ","When you go there and hear the drums, the people will dance together",onesimus_E33AE420_Dec 11 output,,17.329759801260156,8.847487574766278,5.831798649478208
"The angel said, “Get up and take the child and his mother back to Israel. The people who wanted to kill him are now dead.”","“Vaa ir 'mɔɔ a bie nɩ a wʊ ma na fʊ chiin a Isɩral wɛr pɔ, a bala na dɔ̃ɔ bʊɔrɔ a bie kʊfʊ kpi naa.”",We are the ones who have been sent to Israel to bring back the promised blessings.,onesimus_48E85B7F_Dec 09 output,,21.484379338284658,8.847487574766278,5.831798649478208
Everyone who asks will receive. Everyone who searches will find. And the door will be opened for everyone who knocks.,"Nɩrɛ 'lɔ na sʊɔr na nyɛ naa, ka a 'lɔ mɩ na yɔbɔ nyɛ, ka a pãn mɩ yuo kʊ a nɩrɛ 'lɔ na kpoor.","The one who is in the house is not here, but if he comes back soon, we will all be happy.",onesimus_48E85B7F_Dec 09 output,,18.592951998364487,8.847487574766278,5.831798649478208
Many prophets and good people were eager to see what you see and to hear what you hear. But I tell you they did not see or hear. Jesus Explains the Story about the Farmer (Mark,"Yelmãɛ lɛ n 'yɛrɛ kʊrɔ yɩ ɩka Nãaŋmɩn 'yɛ'yɛrbɛ yɔɔ nɩ nɩtorsɩ yɔɔ ta bʊɔrɔ na ɩka ba nyɛ bon 'lɔ yɩn nyɛ tɩchɛ baa nyɛ ɛ, na ba ta wõ bon 'lɔ yɩn wõ tɩchɛ baa tʊ̃ɔ wõ ɛ.","We are not able to understand the words that are being spoken, because they are spoken in a language that we do not know.",onesimus_48E85B7F_Dec 09 output,,17.564818882011465,8.847487574766278,5.831798649478208
"Everyone who has something will be given more, and they will have more than enough. But everything will be taken from those who don't have anything.","Nɩrɛ 'lɔ jaa na tara yɔɔ, ban kʊ wʊn yɔɔ pʊɔ ka ba tara yɔɔ tɩchɛ a nɩrɛ 'lɔ na ba tara bon jaa ɛ, a bãlãa 'lɔ wʊn tara gba ban faan yin a wʊ sɛ̃.","When the rain falls, the river overflows, and the fish become angry; the people then gather together to pray for peace.",onesimus_48E85B7F_Dec 09 output,,19.429542977580493,8.847487574766278,5.831798649478208
So the chief priests met with the leaders and decided to bribe the soldiers with a lot of money.,"A bɔɔrlo nãa nɩ a wʊ nɩbɛrɛ na wa lɔ̃ɔ taa, ba guor taa de libiyɔɔ kʊ a sojasɩ","The farmer went to the market, bought some yams, and then cooked them for dinner.",onesimus_48E85B7F_Dec 09 output,,18.142331495147797,8.847487574766278,5.831798649478208
"The angel said, “Get up and take the child and his mother back to Israel. The people who wanted to kill him are now dead.”","“Vaa ir 'mɔɔ a bie nɩ a wʊ ma na fʊ chiin a Isɩral wɛr pɔ, a bala na dɔ̃ɔ bʊɔrɔ a bie kʊfʊ kpi naa.”","We are going to the house of the Lord in Israel, and we will bring back the blessings for the people.",Dec 01 output,,25.133129980933116,8.847487574766278,5.831798649478208
Everyone who asks will receive. Everyone who searches will find. And the door will be opened for everyone who knocks.,"Nɩrɛ 'lɔ na sʊɔr na nyɛ naa, ka a 'lɔ mɩ na yɔbɔ nyɛ, ka a pãn mɩ yuo kʊ a nɩrɛ 'lɔ na kpoor.","If you go to the market and buy something, then you will eat it, and you will be happy because you went to the market.",Dec 01 output,,16.3997269904263,8.847487574766278,5.831798649478208
Many prophets and good people were eager to see what you see and to hear what you hear. But I tell you they did not see or hear. Jesus Explains the Story about the Farmer (Mark,"Yelmãɛ lɛ n 'yɛrɛ kʊrɔ yɩ ɩka Nãaŋmɩn 'yɛ'yɛrbɛ yɔɔ nɩ nɩtorsɩ yɔɔ ta bʊɔrɔ na ɩka ba nyɛ bon 'lɔ yɩn nyɛ tɩchɛ baa nyɛ ɛ, na ba ta wõ bon 'lɔ yɩn wõ tɩchɛ baa tʊ̃ɔ wõ ɛ.","If we do not work together, we will not achieve anything; but if we unite, we will succeed.",Dec 01 output,,11.003851856878253,8.847487574766278,5.831798649478208
"Everyone who has something will be given more, and they will have more than enough. But everything will be taken from those who don't have anything.","Nɩrɛ 'lɔ jaa na tara yɔɔ, ban kʊ wʊn yɔɔ pʊɔ ka ba tara yɔɔ tɩchɛ a nɩrɛ 'lɔ na ba tara bon jaa ɛ, a bãlãa 'lɔ wʊn tara gba ban faan yin a wʊ sɛ̃.","If you do not work, you will not have anything; but if you work, you will obtain food and be satisfied.",Dec 01 output,,21.391370053775077,8.847487574766278,5.831798649478208
So the chief priests met with the leaders and decided to bribe the soldiers with a lot of money.,"A bɔɔrlo nãa nɩ a wʊ nɩbɛrɛ na wa lɔ̃ɔ taa, ba guor taa de libiyɔɔ kʊ a sojasɩ","When the rain falls and the river overflows, the people go to the market.",Dec 01 output,,17.823388629664073,8.847487574766278,5.831798649478208
"The angel said, “Get up and take the child and his mother back to Israel. The people who wanted to kill him are now dead.”","“Vaa ir 'mɔɔ a bie nɩ a wʊ ma na fʊ chiin a Isɩral wɛr pɔ, a bala na dɔ̃ɔ bʊɔrɔ a bie kʊfʊ kpi naa.”","We are going to the market to buy food for Israel, and then we will return home.",gerhardt_80805CFE_output_7z6RFo,,19.363247875249247,8.847487574766278,5.831798649478208
Everyone who asks will receive. Everyone who searches will find. And the door will be opened for everyone who knocks.,"Nɩrɛ 'lɔ na sʊɔr na nyɛ naa, ka a 'lɔ mɩ na yɔbɔ nyɛ, ka a pãn mɩ yuo kʊ a nɩrɛ 'lɔ na kpoor.","If you go to the farm and bring back the harvest, I will be grateful and we will share it together.",gerhardt_80805CFE_output_7z6RFo,,16.21993007035399,8.847487574766278,5.831798649478208
Many prophets and good people were eager to see what you see and to hear what you hear. But I tell you they did not see or hear. Jesus Explains the Story about the Farmer (Mark,"Yelmãɛ lɛ n 'yɛrɛ kʊrɔ yɩ ɩka Nãaŋmɩn 'yɛ'yɛrbɛ yɔɔ nɩ nɩtorsɩ yɔɔ ta bʊɔrɔ na ɩka ba nyɛ bon 'lɔ yɩn nyɛ tɩchɛ baa nyɛ ɛ, na ba ta wõ bon 'lɔ yɩn wõ tɩchɛ baa tʊ̃ɔ wõ ɛ.",We are not able to understand the meaning of this text.,gerhardt_80805CFE_output_7z6RFo,,10.308290032788534,8.847487574766278,5.831798649478208
"Everyone who has something will be given more, and they will have more than enough. But everything will be taken from those who don't have anything.","Nɩrɛ 'lɔ jaa na tara yɔɔ, ban kʊ wʊn yɔɔ pʊɔ ka ba tara yɔɔ tɩchɛ a nɩrɛ 'lɔ na ba tara bon jaa ɛ, a bãlãa 'lɔ wʊn tara gba ban faan yin a wʊ sɛ̃.","If you go to the market and buy something, you will bring it back home, and then you will sit down and eat it.",gerhardt_80805CFE_output_7z6RFo,,24.86654898722579,8.847487574766278,5.831798649478208
So the chief priests met with the leaders and decided to bribe the soldiers with a lot of money.,"A bɔɔrlo nãa nɩ a wʊ nɩbɛrɛ na wa lɔ̃ɔ taa, ba guor taa de libiyɔɔ kʊ a sojasɩ","When I go there, you will find me, and we will stay together forever",gerhardt_80805CFE_output_7z6RFo,,15.087745721785604,8.847487574766278,5.831798649478208
"The angel said, “Get up and take the child and his mother back to Israel. The people who wanted to kill him are now dead.”","“Vaa ir 'mɔɔ a bie nɩ a wʊ ma na fʊ chiin a Isɩral wɛr pɔ, a bala na dɔ̃ɔ bʊɔrɔ a bie kʊfʊ kpi naa.”",We are the ones who have been sent to Israel to bring back the promised blessings.,output_JA-3,,21.484379338284658,8.847487574766278,5.831798649478208
Everyone who asks will receive. Everyone who searches will find. And the door will be opened for everyone who knocks.,"Nɩrɛ 'lɔ na sʊɔr na nyɛ naa, ka a 'lɔ mɩ na yɔbɔ nyɛ, ka a pãn mɩ yuo kʊ a nɩrɛ 'lɔ na kpoor.","If you go to the farm and you work there, then you will reap what you have sown.",output_JA-3,,14.57847015767959,8.847487574766278,5.831798649478208
Many prophets and good people were eager to see what you see and to hear what you hear. But I tell you they did not see or hear. Jesus Explains the Story about the Farmer (Mark,"Yelmãɛ lɛ n 'yɛrɛ kʊrɔ yɩ ɩka Nãaŋmɩn 'yɛ'yɛrbɛ yɔɔ nɩ nɩtorsɩ yɔɔ ta bʊɔrɔ na ɩka ba nyɛ bon 'lɔ yɩn nyɛ tɩchɛ baa nyɛ ɛ, na ba ta wõ bon 'lɔ yɩn wõ tɩchɛ baa tʊ̃ɔ wõ ɛ.","We must honor our ancestors and follow their teachings, otherwise we will face trouble and misfortune.",output_JA-3,,15.292671995222307,8.847487574766278,5.831798649478208
"Everyone who has something will be given more, and they will have more than enough. But everything will be taken from those who don't have anything.","Nɩrɛ 'lɔ jaa na tara yɔɔ, ban kʊ wʊn yɔɔ pʊɔ ka ba tara yɔɔ tɩchɛ a nɩrɛ 'lɔ na ba tara bon jaa ɛ, a bãlãa 'lɔ wʊn tara gba ban faan yin a wʊ sɛ̃.","The sun rises in the east, but it also sets in the west; the day begins with light and ends with darkness, and we must walk the path between them.",output_JA-3,,18.127211210135634,8.847487574766278,5.831798649478208
So the chief priests met with the leaders and decided to bribe the soldiers with a lot of money.,"A bɔɔrlo nãa nɩ a wʊ nɩbɛrɛ na wa lɔ̃ɔ taa, ba guor taa de libiyɔɔ kʊ a sojasɩ","We will go there and you will stay there, but we will meet again tomorrow",output_JA-3,,15.363637753027767,8.847487574766278,5.831798649478208
"The angel said, “Get up and take the child and his mother back to Israel. The people who wanted to kill him are now dead.”","“Vaa ir 'mɔɔ a bie nɩ a wʊ ma na fʊ chiin a Isɩral wɛr pɔ, a bala na dɔ̃ɔ bʊɔrɔ a bie kʊfʊ kpi naa.”","We are going to the house of the chief of Israel, and we will bring the things we need.",Dec 06 output,,21.90569289395496,8.847487574766278,5.831798649478208
Everyone who asks will receive. Everyone who searches will find. And the door will be opened for everyone who knocks.,"Nɩrɛ 'lɔ na sʊɔr na nyɛ naa, ka a 'lɔ mɩ na yɔbɔ nyɛ, ka a pãn mɩ yuo kʊ a nɩrɛ 'lɔ na kpoor.","When the rain falls on the field, the crops grow, and we will harvest them together.",Dec 06 output,,13.976775898931532,8.847487574766278,5.831798649478208
Many prophets and good people were eager to see what you see and to hear what you hear. But I tell you they did not see or hear. Jesus Explains the Story about the Farmer (Mark,"Yelmãɛ lɛ n 'yɛrɛ kʊrɔ yɩ ɩka Nãaŋmɩn 'yɛ'yɛrbɛ yɔɔ nɩ nɩtorsɩ yɔɔ ta bʊɔrɔ na ɩka ba nyɛ bon 'lɔ yɩn nyɛ tɩchɛ baa nyɛ ɛ, na ba ta wõ bon 'lɔ yɩn wõ tɩchɛ baa tʊ̃ɔ wõ ɛ.","We cannot go to Naanmin because the road is blocked, so we will stay here until it is cleared.",Dec 06 output,,12.145357133022866,8.847487574766278,5.831798649478208
"Everyone who has something will be given more, and they will have more than enough. But everything will be taken from those who don't have anything.","Nɩrɛ 'lɔ jaa na tara yɔɔ, ban kʊ wʊn yɔɔ pʊɔ ka ba tara yɔɔ tɩchɛ a nɩrɛ 'lɔ na ba tara bon jaa ɛ, a bãlãa 'lɔ wʊn tara gba ban faan yin a wʊ sɛ̃.","If you go to the farm, you will find the yam, then you will bring it back home; the farm is far, but we will go together.",Dec 06 output,,20.569939797955325,8.847487574766278,5.831798649478208
So the chief priests met with the leaders and decided to bribe the soldiers with a lot of money.,"A bɔɔrlo nãa nɩ a wʊ nɩbɛrɛ na wa lɔ̃ɔ taa, ba guor taa de libiyɔɔ kʊ a sojasɩ",Translation not available,Dec 06 output,,5.487765141581036,8.847487574766278,5.831798649478208
"The angel said, “Get up and take the child and his mother back to Israel. The people who wanted to kill him are now dead.”","“Vaa ir 'mɔɔ a bie nɩ a wʊ ma na fʊ chiin a Isɩral wɛr pɔ, a bala na dɔ̃ɔ bʊɔrɔ a bie kʊfʊ kpi naa.”","We are the ones who have gone to Israel, but we will soon return to our land.",onesimus_C6D92021_Dec 02 output,,19.713235901441774,8.847487574766278,5.831798649478208
Everyone who asks will receive. Everyone who searches will find. And the door will be opened for everyone who knocks.,"Nɩrɛ 'lɔ na sʊɔr na nyɛ naa, ka a 'lɔ mɩ na yɔbɔ nyɛ, ka a pãn mɩ yuo kʊ a nɩrɛ 'lɔ na kpoor.","When you come to the house and you see me, you will greet me, and then you will sit down and we will talk together.",onesimus_C6D92021_Dec 02 output,,18.924576423796772,8.847487574766278,5.831798649478208
Many prophets and good people were eager to see what you see and to hear what you hear. But I tell you they did not see or hear. Jesus Explains the Story about the Farmer (Mark,"Yelmãɛ lɛ n 'yɛrɛ kʊrɔ yɩ ɩka Nãaŋmɩn 'yɛ'yɛrbɛ yɔɔ nɩ nɩtorsɩ yɔɔ ta bʊɔrɔ na ɩka ba nyɛ bon 'lɔ yɩn nyɛ tɩchɛ baa nyɛ ɛ, na ba ta wõ bon 'lɔ yɩn wõ tɩchɛ baa tʊ̃ɔ wõ ɛ.","We do not have any more work to do, so we will rest now.",onesimus_C6D92021_Dec 02 output,,8.403134685195997,8.847487574766278,5.831798649478208
"Everyone who has something will be given more, and they will have more than enough. But everything will be taken from those who don't have anything.","Nɩrɛ 'lɔ jaa na tara yɔɔ, ban kʊ wʊn yɔɔ pʊɔ ka ba tara yɔɔ tɩchɛ a nɩrɛ 'lɔ na ba tara bon jaa ɛ, a bãlãa 'lɔ wʊn tara gba ban faan yin a wʊ sɛ̃.","If you go to the market, you will find many things, and you will also see the beautiful fabrics and the lively atmosphere.",onesimus_C6D92021_Dec 02 output,,23.275331458396128,8.847487574766278,5.831798649478208
So the chief priests met with the leaders and decided to bribe the soldiers with a lot of money.,"A bɔɔrlo nãa nɩ a wʊ nɩbɛrɛ na wa lɔ̃ɔ taa, ba guor taa de libiyɔɔ kʊ a sojasɩ","We will go tomorrow if the rain stops, and then we will eat together.",onesimus_C6D92021_Dec 02 output,,17.556027800972686,8.847487574766278,5.831798649478208
"The angel said, “Get up and take the child and his mother back to Israel. The people who wanted to kill him are now dead.”","“Vaa ir 'mɔɔ a bie nɩ a wʊ ma na fʊ chiin a Isɩral wɛr pɔ, a bala na dɔ̃ɔ bʊɔrɔ a bie kʊfʊ kpi naa.”",We are going to Israel to bring food and water for the people there.,Jan output 1 ,,22.920674965405965,8.847487574766278,5.831798649478208
Everyone who asks will receive. Everyone who searches will find. And the door will be opened for everyone who knocks.,"Nɩrɛ 'lɔ na sʊɔr na nyɛ naa, ka a 'lɔ mɩ na yɔbɔ nyɛ, ka a pãn mɩ yuo kʊ a nɩrɛ 'lɔ na kpoor.","If you go to the farm and you work there, then you will reap what you have sown.",Jan output 1 ,,14.57847015767959,8.847487574766278,5.831798649478208
Many prophets and good people were eager to see what you see and to hear what you hear. But I tell you they did not see or hear. Jesus Explains the Story about the Farmer (Mark,"Yelmãɛ lɛ n 'yɛrɛ kʊrɔ yɩ ɩka Nãaŋmɩn 'yɛ'yɛrbɛ yɔɔ nɩ nɩtorsɩ yɔɔ ta bʊɔrɔ na ɩka ba nyɛ bon 'lɔ yɩn nyɛ tɩchɛ baa nyɛ ɛ, na ba ta wõ bon 'lɔ yɩn wõ tɩchɛ baa tʊ̃ɔ wõ ɛ.",Translation not available,Jan output 1 ,,4.41441449556834,8.847487574766278,5.831798649478208
"Everyone who has something will be given more, and they will have more than enough. But everything will be taken from those who don't have anything.","Nɩrɛ 'lɔ jaa na tara yɔɔ, ban kʊ wʊn yɔɔ pʊɔ ka ba tara yɔɔ tɩchɛ a nɩrɛ 'lɔ na ba tara bon jaa ɛ, a bãlãa 'lɔ wʊn tara gba ban faan yin a wʊ sɛ̃.","If you go to the market and buy something, you must also bring back a gift for the elders, otherwise they will be angry and you will not be welcomed.",Jan output 1 ,,27.89461059339174,8.847487574766278,5.831798649478208
So the chief priests met with the leaders and decided to bribe the soldiers with a lot of money.,"A bɔɔrlo nãa nɩ a wʊ nɩbɛrɛ na wa lɔ̃ɔ taa, ba guor taa de libiyɔɔ kʊ a sojasɩ","When you go there and see the water, you will find many fish.",Jan output 1 ,,13.945525198377764,8.847487574766278,5.831798649478208
"The angel said, “Get up and take the child and his mother back to Israel. The people who wanted to kill him are now dead.”","“Vaa ir 'mɔɔ a bie nɩ a wʊ ma na fʊ chiin a Isɩral wɛr pɔ, a bala na dɔ̃ɔ bʊɔrɔ a bie kʊfʊ kpi naa.”","We are going to the place where the Israelites live, and we will bring the things we have bought there.",onesimus_5B146D14_Dec 05 output,,21.528003604183702,8.847487574766278,5.831798649478208
Everyone who asks will receive. Everyone who searches will find. And the door will be opened for everyone who knocks.,"Nɩrɛ 'lɔ na sʊɔr na nyɛ naa, ka a 'lɔ mɩ na yɔbɔ nyɛ, ka a pãn mɩ yuo kʊ a nɩrɛ 'lɔ na kpoor.","We will go to the farm tomorrow, work there, and then return home after we have gone to the farm.",onesimus_5B146D14_Dec 05 output,,15.340630720868706,8.847487574766278,5.831798649478208
Many prophets and good people were eager to see what you see and to hear what you hear. But I tell you they did not see or hear. Jesus Explains the Story about the Farmer (Mark,"Yelmãɛ lɛ n 'yɛrɛ kʊrɔ yɩ ɩka Nãaŋmɩn 'yɛ'yɛrbɛ yɔɔ nɩ nɩtorsɩ yɔɔ ta bʊɔrɔ na ɩka ba nyɛ bon 'lɔ yɩn nyɛ tɩchɛ baa nyɛ ɛ, na ba ta wõ bon 'lɔ yɩn wõ tɩchɛ baa tʊ̃ɔ wõ ɛ.",Translation not available,onesimus_5B146D14_Dec 05 output,,4.41441449556834,8.847487574766278,5.831798649478208
"Everyone who has something will be given more, and they will have more than enough. But everything will be taken from those who don't have anything.","Nɩrɛ 'lɔ jaa na tara yɔɔ, ban kʊ wʊn yɔɔ pʊɔ ka ba tara yɔɔ tɩchɛ a nɩrɛ 'lɔ na ba tara bon jaa ɛ, a bãlãa 'lɔ wʊn tara gba ban faan yin a wʊ sɛ̃.","If you go to the forest and find a tree, you must cut it down; if you do not, the forest will grow wild and you will be left without shelter.",onesimus_5B146D14_Dec 05 output,,19.17394276554293,8.847487574766278,5.831798649478208
So the chief priests met with the leaders and decided to bribe the soldiers with a lot of money.,"A bɔɔrlo nãa nɩ a wʊ nɩbɛrɛ na wa lɔ̃ɔ taa, ba guor taa de libiyɔɔ kʊ a sojasɩ","If you go there and see the river, you will find the market at the foot of the hill.",onesimus_5B146D14_Dec 05 output,,19.987460771920247,8.847487574766278,5.831798649478208
"The angel said, “Get up and take the child and his mother back to Israel. The people who wanted to kill him are now dead.”","“Vaa ir 'mɔɔ a bie nɩ a wʊ ma na fʊ chiin a Isɩral wɛr pɔ, a bala na dɔ̃ɔ bʊɔrɔ a bie kʊfʊ kpi naa.”","We are the ones who have been sent to Israel, because we must go there.",gerhardt_428C0151_output_jQjr1f,,19.349325656759735,8.847487574766278,5.831798649478208
Everyone who asks will receive. Everyone who searches will find. And the door will be opened for everyone who knocks.,"Nɩrɛ 'lɔ na sʊɔr na nyɛ naa, ka a 'lɔ mɩ na yɔbɔ nyɛ, ka a pãn mɩ yuo kʊ a nɩrɛ 'lɔ na kpoor.","When I am at home, I will eat food, and I will give you the money that I have at home.",gerhardt_428C0151_output_jQjr1f,,13.55130562006851,8.847487574766278,5.831798649478208
Many prophets and good people were eager to see what you see and to hear what you hear. But I tell you they did not see or hear. Jesus Explains the Story about the Farmer (Mark,"Yelmãɛ lɛ n 'yɛrɛ kʊrɔ yɩ ɩka Nãaŋmɩn 'yɛ'yɛrbɛ yɔɔ nɩ nɩtorsɩ yɔɔ ta bʊɔrɔ na ɩka ba nyɛ bon 'lɔ yɩn nyɛ tɩchɛ baa nyɛ ɛ, na ba ta wõ bon 'lɔ yɩn wõ tɩchɛ baa tʊ̃ɔ wõ ɛ.","We do not have any more work to do, so we will stop here.",gerhardt_428C0151_output_jQjr1f,,9.774803406696735,8.847487574766278,5.831798649478208
"Everyone who has something will be given more, and they will have more than enough. But everything will be taken from those who don't have anything.","Nɩrɛ 'lɔ jaa na tara yɔɔ, ban kʊ wʊn yɔɔ pʊɔ ka ba tara yɔɔ tɩchɛ a nɩrɛ 'lɔ na ba tara bon jaa ɛ, a bãlãa 'lɔ wʊn tara gba ban faan yin a wʊ sɛ̃.","The sun rises in the east, and the moon follows it across the sky; when the sun sets in the west, the night embraces the land, and the stars awaken to guide the people.",gerhardt_428C0151_output_jQjr1f,,20.70226469587132,8.847487574766278,5.831798649478208
So the chief priests met with the leaders and decided to bribe the soldiers with a lot of money.,"A bɔɔrlo nãa nɩ a wʊ nɩbɛrɛ na wa lɔ̃ɔ taa, ba guor taa de libiyɔɔ kʊ a sojasɩ","We will go together and you will help me, then we will finish the work",gerhardt_428C0151_output_jQjr1f,,15.747909872329638,8.847487574766278,5.831798649478208
"The angel said, “Get up and take the child and his mother back to Israel. The people who wanted to kill him are now dead.”","“Vaa ir 'mɔɔ a bie nɩ a wʊ ma na fʊ chiin a Isɩral wɛr pɔ, a bala na dɔ̃ɔ bʊɔrɔ a bie kʊfʊ kpi naa.”","When I was a child, I went to Israel, and there I saw many beautiful things.",gerhardt_E4DFEBFE_output_T8d1lo,,21.0365750002135,8.847487574766278,5.831798649478208
Everyone who asks will receive. Everyone who searches will find. And the door will be opened for everyone who knocks.,"Nɩrɛ 'lɔ na sʊɔr na nyɛ naa, ka a 'lɔ mɩ na yɔbɔ nyɛ, ka a pãn mɩ yuo kʊ a nɩrɛ 'lɔ na kpoor.","The one who is in the house is not here, so I will go and bring him back.",gerhardt_E4DFEBFE_output_T8d1lo,,15.197164685180326,8.847487574766278,5.831798649478208
Many prophets and good people were eager to see what you see and to hear what you hear. But I tell you they did not see or hear. Jesus Explains the Story about the Farmer (Mark,"Yelmãɛ lɛ n 'yɛrɛ kʊrɔ yɩ ɩka Nãaŋmɩn 'yɛ'yɛrbɛ yɔɔ nɩ nɩtorsɩ yɔɔ ta bʊɔrɔ na ɩka ba nyɛ bon 'lɔ yɩn nyɛ tɩchɛ baa nyɛ ɛ, na ba ta wõ bon 'lɔ yɩn wõ tɩchɛ baa tʊ̃ɔ wõ ɛ.","We must work together to protect our land and our children, so that they can live in peace and prosperity.",gerhardt_E4DFEBFE_output_T8d1lo,,17.228777538120806,8.847487574766278,5.831798649478208
"Everyone who has something will be given more, and they will have more than enough. But everything will be taken from those who don't have anything.","Nɩrɛ 'lɔ jaa na tara yɔɔ, ban kʊ wʊn yɔɔ pʊɔ ka ba tara yɔɔ tɩchɛ a nɩrɛ 'lɔ na ba tara bon jaa ɛ, a bãlãa 'lɔ wʊn tara gba ban faan yin a wʊ sɛ̃.","If you go to the farm and see the crops, you must help them grow; when the rain comes you should protect the fields, and then you will reap a good harvest.",gerhardt_E4DFEBFE_output_T8d1lo,,20.669108194801357,8.847487574766278,5.831798649478208
So the chief priests met with the leaders and decided to bribe the soldiers with a lot of money.,"A bɔɔrlo nãa nɩ a wʊ nɩbɛrɛ na wa lɔ̃ɔ taa, ba guor taa de libiyɔɔ kʊ a sojasɩ",We will go to the market tomorrow and buy some food for the family.,gerhardt_E4DFEBFE_output_T8d1lo,,15.12267417030793,8.847487574766278,5.831798649478208
"The angel said, “Get up and take the child and his mother back to Israel. The people who wanted to kill him are now dead.”","“Vaa ir 'mɔɔ a bie nɩ a wʊ ma na fʊ chiin a Isɩral wɛr pɔ, a bala na dɔ̃ɔ bʊɔrɔ a bie kʊfʊ kpi naa.”",We are going to Israel to bring food and water for the people there.,onesimus_4838858E_Jan output 1 ,,22.920674965405965,8.847487574766278,5.831798649478208
Everyone who asks will receive. Everyone who searches will find. And the door will be opened for everyone who knocks.,"Nɩrɛ 'lɔ na sʊɔr na nyɛ naa, ka a 'lɔ mɩ na yɔbɔ nyɛ, ka a pãn mɩ yuo kʊ a nɩrɛ 'lɔ na kpoor.","If you go to the farm and you work there, then you will reap what you have sown.",onesimus_4838858E_Jan output 1 ,,14.57847015767959,8.847487574766278,5.831798649478208
Many prophets and good people were eager to see what you see and to hear what you hear. But I tell you they did not see or hear. Jesus Explains the Story about the Farmer (Mark,"Yelmãɛ lɛ n 'yɛrɛ kʊrɔ yɩ ɩka Nãaŋmɩn 'yɛ'yɛrbɛ yɔɔ nɩ nɩtorsɩ yɔɔ ta bʊɔrɔ na ɩka ba nyɛ bon 'lɔ yɩn nyɛ tɩchɛ baa nyɛ ɛ, na ba ta wõ bon 'lɔ yɩn wõ tɩchɛ baa tʊ̃ɔ wõ ɛ.",Translation not available,onesimus_4838858E_Jan output 1 ,,4.41441449556834,8.847487574766278,5.831798649478208
"Everyone who has something will be given more, and they will have more than enough. But everything will be taken from those who don't have anything.","Nɩrɛ 'lɔ jaa na tara yɔɔ, ban kʊ wʊn yɔɔ pʊɔ ka ba tara yɔɔ tɩchɛ a nɩrɛ 'lɔ na ba tara bon jaa ɛ, a bãlãa 'lɔ wʊn tara gba ban faan yin a wʊ sɛ̃.","If you go to the market and buy something, you must also bring back a gift for the elders, otherwise they will be angry and you will not be welcomed.",onesimus_4838858E_Jan output 1 ,,27.89461059339174,8.847487574766278,5.831798649478208
So the chief priests met with the leaders and decided to bribe the soldiers with a lot of money.,"A bɔɔrlo nãa nɩ a wʊ nɩbɛrɛ na wa lɔ̃ɔ taa, ba guor taa de libiyɔɔ kʊ a sojasɩ","When you go there and see the water, you will find many fish.",onesimus_4838858E_Jan output 1 ,,13.945525198377764,8.847487574766278,5.831798649478208
"The angel said, “Get up and take the child and his mother back to Israel. The people who wanted to kill him are now dead.”","“Vaa ir 'mɔɔ a bie nɩ a wʊ ma na fʊ chiin a Isɩral wɛr pɔ, a bala na dɔ̃ɔ bʊɔrɔ a bie kʊfʊ kpi naa.”","We are the ones who have been given the land of Israel, and we will continue to protect it.",gerhardt_2F3FAF10_output (1),,21.48793578699987,8.847487574766278,5.831798649478208
Everyone who asks will receive. Everyone who searches will find. And the door will be opened for everyone who knocks.,"Nɩrɛ 'lɔ na sʊɔr na nyɛ naa, ka a 'lɔ mɩ na yɔbɔ nyɛ, ka a pãn mɩ yuo kʊ a nɩrɛ 'lɔ na kpoor.","If you do not eat the food, you will die, and you will not be able to return to the place where you came from.",gerhardt_2F3FAF10_output (1),,17.17220986228076,8.847487574766278,5.831798649478208
Many prophets and good people were eager to see what you see and to hear what you hear. But I tell you they did not see or hear. Jesus Explains the Story about the Farmer (Mark,"Yelmãɛ lɛ n 'yɛrɛ kʊrɔ yɩ ɩka Nãaŋmɩn 'yɛ'yɛrbɛ yɔɔ nɩ nɩtorsɩ yɔɔ ta bʊɔrɔ na ɩka ba nyɛ bon 'lɔ yɩn nyɛ tɩchɛ baa nyɛ ɛ, na ba ta wõ bon 'lɔ yɩn wõ tɩchɛ baa tʊ̃ɔ wõ ɛ.","We are not able to understand the situation because we lack the necessary information, and therefore we cannot provide a proper response.",gerhardt_2F3FAF10_output (1),,20.051096505321706,8.847487574766278,5.831798649478208
"Everyone who has something will be given more, and they will have more than enough. But everything will be taken from those who don't have anything.","Nɩrɛ 'lɔ jaa na tara yɔɔ, ban kʊ wʊn yɔɔ pʊɔ ka ba tara yɔɔ tɩchɛ a nɩrɛ 'lɔ na ba tara bon jaa ɛ, a bãlãa 'lɔ wʊn tara gba ban faan yin a wʊ sɛ̃.","We will go there tomorrow, and we will bring back the things we need.",gerhardt_2F3FAF10_output (1),,17.020077949097217,8.847487574766278,5.831798649478208
So the chief priests met with the leaders and decided to bribe the soldiers with a lot of money.,"A bɔɔrlo nãa nɩ a wʊ nɩbɛrɛ na wa lɔ̃ɔ taa, ba guor taa de libiyɔɔ kʊ a sojasɩ","When the rain stops and the sun comes out, the children will go play in the fields.",gerhardt_2F3FAF10_output (1),,21.989174339710747,8.847487574766278,5.831798649478208
"The angel said, “Get up and take the child and his mother back to Israel. The people who wanted to kill him are now dead.”","“Vaa ir 'mɔɔ a bie nɩ a wʊ ma na fʊ chiin a Isɩral wɛr pɔ, a bala na dɔ̃ɔ bʊɔrɔ a bie kʊfʊ kpi naa.”","We are going to the house of the chief of Israel, and we will bring the things we need.",onesimus_778C5456_Dec 06 output,,21.90569289395496,8.847487574766278,5.831798649478208
Everyone who asks will receive. Everyone who searches will find. And the door will be opened for everyone who knocks.,"Nɩrɛ 'lɔ na sʊɔr na nyɛ naa, ka a 'lɔ mɩ na yɔbɔ nyɛ, ka a pãn mɩ yuo kʊ a nɩrɛ 'lɔ na kpoor.","When the rain falls on the field, the crops grow, and we will harvest them together.",onesimus_778C5456_Dec 06 output,,13.976775898931532,8.847487574766278,5.831798649478208
Many prophets and good people were eager to see what you see and to hear what you hear. But I tell you they did not see or hear. Jesus Explains the Story about the Farmer (Mark,"Yelmãɛ lɛ n 'yɛrɛ kʊrɔ yɩ ɩka Nãaŋmɩn 'yɛ'yɛrbɛ yɔɔ nɩ nɩtorsɩ yɔɔ ta bʊɔrɔ na ɩka ba nyɛ bon 'lɔ yɩn nyɛ tɩchɛ baa nyɛ ɛ, na ba ta wõ bon 'lɔ yɩn wõ tɩchɛ baa tʊ̃ɔ wõ ɛ.","We cannot go to Naanmin because the road is blocked, so we will stay here until it is cleared.",onesimus_778C5456_Dec 06 output,,12.145357133022866,8.847487574766278,5.831798649478208
"Everyone who has something will be given more, and they will have more than enough. But everything will be taken from those who don't have anything.","Nɩrɛ 'lɔ jaa na tara yɔɔ, ban kʊ wʊn yɔɔ pʊɔ ka ba tara yɔɔ tɩchɛ a nɩrɛ 'lɔ na ba tara bon jaa ɛ, a bãlãa 'lɔ wʊn tara gba ban faan yin a wʊ sɛ̃.","If you go to the farm, you will find the yam, then you will bring it back home; the farm is far, but we will go together.",onesimus_778C5456_Dec 06 output,,20.569939797955325,8.847487574766278,5.831798649478208
So the chief priests met with the leaders and decided to bribe the soldiers with a lot of money.,"A bɔɔrlo nãa nɩ a wʊ nɩbɛrɛ na wa lɔ̃ɔ taa, ba guor taa de libiyɔɔ kʊ a sojasɩ",Translation not available,onesimus_778C5456_Dec 06 output,,5.487765141581036,8.847487574766278,5.831798649478208
"The angel said, “Get up and take the child and his mother back to Israel. The people who wanted to kill him are now dead.”","“Vaa ir 'mɔɔ a bie nɩ a wʊ ma na fʊ chiin a Isɩral wɛr pɔ, a bala na dɔ̃ɔ bʊɔrɔ a bie kʊfʊ kpi naa.”","When I was a child I went to Israel, and I saw the beautiful land and its wonderful people.",gerhardt_E3C23636_output_AHjhdB,,24.48964015947337,8.847487574766278,5.831798649478208
Everyone who asks will receive. Everyone who searches will find. And the door will be opened for everyone who knocks.,"Nɩrɛ 'lɔ na sʊɔr na nyɛ naa, ka a 'lɔ mɩ na yɔbɔ nyɛ, ka a pãn mɩ yuo kʊ a nɩrɛ 'lɔ na kpoor.","If you go to the market and buy something, then you will eat it, and you will not forget that you went to the market.",gerhardt_E3C23636_output_AHjhdB,,15.190532275638652,8.847487574766278,5.831798649478208
Many prophets and good people were eager to see what you see and to hear what you hear. But I tell you they did not see or hear. Jesus Explains the Story about the Farmer (Mark,"Yelmãɛ lɛ n 'yɛrɛ kʊrɔ yɩ ɩka Nãaŋmɩn 'yɛ'yɛrbɛ yɔɔ nɩ nɩtorsɩ yɔɔ ta bʊɔrɔ na ɩka ba nyɛ bon 'lɔ yɩn nyɛ tɩchɛ baa nyɛ ɛ, na ba ta wõ bon 'lɔ yɩn wõ tɩchɛ baa tʊ̃ɔ wõ ɛ.","We are not going to the farm today because the rain is heavy and the road is flooded, so we will stay at home.",gerhardt_E3C23636_output_AHjhdB,,16.5786988843542,8.847487574766278,5.831798649478208
"Everyone who has something will be given more, and they will have more than enough. But everything will be taken from those who don't have anything.","Nɩrɛ 'lɔ jaa na tara yɔɔ, ban kʊ wʊn yɔɔ pʊɔ ka ba tara yɔɔ tɩchɛ a nɩrɛ 'lɔ na ba tara bon jaa ɛ, a bãlãa 'lɔ wʊn tara gba ban faan yin a wʊ sɛ̃.","We will go there tomorrow, and when we arrive we will see that the place is already prepared; then we will sit down together and share the food.",gerhardt_E3C23636_output_AHjhdB,,21.040801018269704,8.847487574766278,5.831798649478208
So the chief priests met with the leaders and decided to bribe the soldiers with a lot of money.,"A bɔɔrlo nãa nɩ a wʊ nɩbɛrɛ na wa lɔ̃ɔ taa, ba guor taa de libiyɔɔ kʊ a sojasɩ","If you go there and you see the river, you will find the fish.",gerhardt_E3C23636_output_AHjhdB,,14.888436125176693,8.847487574766278,5.831798649478208
"The angel said, “Get up and take the child and his mother back to Israel. The people who wanted to kill him are now dead.”","“Vaa ir 'mɔɔ a bie nɩ a wʊ ma na fʊ chiin a Isɩral wɛr pɔ, a bala na dɔ̃ɔ bʊɔrɔ a bie kʊfʊ kpi naa.”","We are going to the house of the chief of Israel, and we will bring the gifts that we have prepared.",Dec 12 output,,22.26718504545219,8.847487574766278,5.831798649478208
Everyone who asks will receive. Everyone who searches will find. And the door will be opened for everyone who knocks.,"Nɩrɛ 'lɔ na sʊɔr na nyɛ naa, ka a 'lɔ mɩ na yɔbɔ nyɛ, ka a pãn mɩ yuo kʊ a nɩrɛ 'lɔ na kpoor.","When you come to the house and you see me, you will give me the food, and then I will take you home.",Dec 12 output,,17.134904410904966,8.847487574766278,5.831798649478208
Many prophets and good people were eager to see what you see and to hear what you hear. But I tell you they did not see or hear. Jesus Explains the Story about the Farmer (Mark,"Yelmãɛ lɛ n 'yɛrɛ kʊrɔ yɩ ɩka Nãaŋmɩn 'yɛ'yɛrbɛ yɔɔ nɩ nɩtorsɩ yɔɔ ta bʊɔrɔ na ɩka ba nyɛ bon 'lɔ yɩn nyɛ tɩchɛ baa nyɛ ɛ, na ba ta wõ bon 'lɔ yɩn wõ tɩchɛ baa tʊ̃ɔ wõ ɛ.","We do not have any more work to do, so we will stop here.",Dec 12 output,,9.774803406696735,8.847487574766278,5.831798649478208
"Everyone who has something will be given more, and they will have more than enough. But everything will be taken from those who don't have anything.","Nɩrɛ 'lɔ jaa na tara yɔɔ, ban kʊ wʊn yɔɔ pʊɔ ka ba tara yɔɔ tɩchɛ a nɩrɛ 'lɔ na ba tara bon jaa ɛ, a bãlãa 'lɔ wʊn tara gba ban faan yin a wʊ sɛ̃.","The speaker says that if someone goes to the place, they will find what they need there, and that they should go there to get what they are looking for.",Dec 12 output,,25.54617514144788,8.847487574766278,5.831798649478208
So the chief priests met with the leaders and decided to bribe the soldiers with a lot of money.,"A bɔɔrlo nãa nɩ a wʊ nɩbɛrɛ na wa lɔ̃ɔ taa, ba guor taa de libiyɔɔ kʊ a sojasɩ",Translation not available,Dec 12 output,,5.487765141581036,8.847487574766278,5.831798649478208
"He sent other servants to say to the guests, “The banquet is ready! My cattle and prize calves have all been prepared. Everything is ready. Come to the banquet!”","“Wʊ lɛ tʊ̃n nɩyor ɩka ba tɩ 'yɛr a bala wʊn bʊɔl, ‘Nyɛ, n maal a pɔɔ paalaa bʊ̃diir baar, n kʊn a n nadar nɩ a napɔl ka yele jaa chɔɔr baar, yɩ wa a pɔɔ paalaa jie.’","He/she went to the village and said, “You have a big ball. No, I will give you a small one; but I will also give you a small one that is good for you, and that will be enough.”",nsanku_output_kcn,0.3494351,19.509705476667932,8.847487574766278,5.831798649478208
"Jesus walked on until he saw James and John, the sons of Zebedee. They were in a boat with their father, mending their nets. Jesus asked them to come with him.","Wʊn lɛ yɩ a be chiine, wʊ lɛ nyɛn yɛɛr ayi, Jemesɩ na ɩ Jebedee bidaba naa a wʊ yɛbɛ Jɔɔn ka ba be a gboro pɔ nɩ a ba sãa Jebedee, maala a ba lɔyaarsɩ ka wʊ bʊɔl ba.","When they arrived at the town, they were looking for something. James and Jude went together to John’s house in the village, found Jude there, and then they went to the market and bought food.",nsanku_output_kcn,0.5674604,28.52599832475631,8.847487574766278,5.831798649478208
"You won't see me again until you say, “Blessed is the one who comes in the name of the Lord.”","Yelmãɛ lɛ n 'yɛrɛ kʊrɔ yɩ ɩka yɩ kʊ̃ lɛ nyɛ ma go ɛ, wa tɩ tãn yɩn na 'yɛr ɩka, ‘Nãaŋmɩn wʊ sʊ̃ʊ a 'lɔ wʊn tʊ̃.’ ” (Yiel Gãn",Unable to translate the provided Southern Birifor text due to insufficient data.,nsanku_output_kcn,0.034097277,13.977855514770676,8.847487574766278,5.831798649478208
"He could see that the disciples were struggling hard, because they were rowing against the wind. Not long before morning, Jesus came toward them. He was walking on the water and was about to pass the boat.","Wʊ nyɛ naa a wʊ poturbo ka ba mɔ̃nɔ̃ a gboro faara bojũu a sɛsɛbɛ furo na tuoro ba. A wɛr na wa gbʊrɔ a chaarfʊ, wʊ yin chiine a kʊ̃ɔ ju waara a ba sɛ̃, ta bʊɔrɔ ɩka wʊ po ba.","I'm not going to the market today because I have work tomorrow. If you need anything, bring it to me, and then we will go together.",nsanku_output_kcn,0.09661978,19.061799972379927,8.847487574766278,5.831798649478208
"Large crowds came and brought many people who were paralyzed or blind or lame or unable to talk. They placed them, and many others, in front of Jesus, and he healed them all.","A nɩyɔɔ tara na a nɩbɛ gbɛɛ na kpi kpi, nɩ jɔ̃n, nɩ a gbɛrsɩ, nɩ a wõn 'matãan baalsɩ yɔɔ waan a wʊ sɛ̃. Ba wa bin ban a wʊ niem a wʊ sãa a ba jaa baalsɩ.","I'm very hungry and I will eat quickly; it's small, it's big, it's like a market where people go to look. But they won't go there because they're afraid of the snake.",nsanku_output_kcn,0.07719937,21.081649352723556,8.847487574766278,5.831798649478208
"The angel said, “Get up and take the child and his mother back to Israel. The people who wanted to kill him are now dead.”","“Vaa ir 'mɔɔ a bie nɩ a wʊ ma na fʊ chiin a Isɩral wɛr pɔ, a bala na dɔ̃ɔ bʊɔrɔ a bie kʊfʊ kpi naa.”","We are the ones who have been sent to Israel, and we will stay there forever.",onesimus_CF2838B3_Dec 03 output,,20.232434048275827,8.847487574766278,5.831798649478208
Everyone who asks will receive. Everyone who searches will find. And the door will be opened for everyone who knocks.,"Nɩrɛ 'lɔ na sʊɔr na nyɛ naa, ka a 'lɔ mɩ na yɔbɔ nyɛ, ka a pãn mɩ yuo kʊ a nɩrɛ 'lɔ na kpoor.","We will go to the farm tomorrow, we will eat there, and we will return after we have gone to the farm.",onesimus_CF2838B3_Dec 03 output,,18.291590802282176,8.847487574766278,5.831798649478208
Many prophets and good people were eager to see what you see and to hear what you hear. But I tell you they did not see or hear. Jesus Explains the Story about the Farmer (Mark,"Yelmãɛ lɛ n 'yɛrɛ kʊrɔ yɩ ɩka Nãaŋmɩn 'yɛ'yɛrbɛ yɔɔ nɩ nɩtorsɩ yɔɔ ta bʊɔrɔ na ɩka ba nyɛ bon 'lɔ yɩn nyɛ tɩchɛ baa nyɛ ɛ, na ba ta wõ bon 'lɔ yɩn wõ tɩchɛ baa tʊ̃ɔ wõ ɛ.","If we do not respect the elders, the children will not respect us, and if we do not respect the children, the elders will not respect us.",onesimus_CF2838B3_Dec 03 output,,14.728338692936951,8.847487574766278,5.831798649478208
"Everyone who has something will be given more, and they will have more than enough. But everything will be taken from those who don't have anything.","Nɩrɛ 'lɔ jaa na tara yɔɔ, ban kʊ wʊn yɔɔ pʊɔ ka ba tara yɔɔ tɩchɛ a nɩrɛ 'lɔ na ba tara bon jaa ɛ, a bãlãa 'lɔ wʊn tara gba ban faan yin a wʊ sɛ̃.","The speaker says that they went to the market and bought some food, then returned home and prepared a meal for the family, sharing it with everyone.",onesimus_CF2838B3_Dec 03 output,,24.323023925698138,8.847487574766278,5.831798649478208
So the chief priests met with the leaders and decided to bribe the soldiers with a lot of money.,"A bɔɔrlo nãa nɩ a wʊ nɩbɛrɛ na wa lɔ̃ɔ taa, ba guor taa de libiyɔɔ kʊ a sojasɩ",Translation unavailable,onesimus_CF2838B3_Dec 03 output,,4.751938569551443,8.847487574766278,5.831798649478208
"The angel said, “Get up and take the child and his mother back to Israel. The people who wanted to kill him are now dead.”","“Vaa ir 'mɔɔ a bie nɩ a wʊ ma na fʊ chiin a Isɩral wɛr pɔ, a bala na dɔ̃ɔ bʊɔrɔ a bie kʊfʊ kpi naa.”","We are the ones who have been taken to Israel, and we will return to our land.",john_BA3F5F9A_output (3),,21.900864770941528,8.847487574766278,5.831798649478208
Everyone who asks will receive. Everyone who searches will find. And the door will be opened for everyone who knocks.,"Nɩrɛ 'lɔ na sʊɔr na nyɛ naa, ka a 'lɔ mɩ na yɔbɔ nyɛ, ka a pãn mɩ yuo kʊ a nɩrɛ 'lɔ na kpoor.","When you go to the farm and you bring the harvest, give it to me and I will give you the money you need.",john_BA3F5F9A_output (3),,15.753796040728094,8.847487574766278,5.831798649478208
Many prophets and good people were eager to see what you see and to hear what you hear. But I tell you they did not see or hear. Jesus Explains the Story about the Farmer (Mark,"Yelmãɛ lɛ n 'yɛrɛ kʊrɔ yɩ ɩka Nãaŋmɩn 'yɛ'yɛrbɛ yɔɔ nɩ nɩtorsɩ yɔɔ ta bʊɔrɔ na ɩka ba nyɛ bon 'lɔ yɩn nyɛ tɩchɛ baa nyɛ ɛ, na ba ta wõ bon 'lɔ yɩn wõ tɩchɛ baa tʊ̃ɔ wõ ɛ.",We are not sure what the text says.,john_BA3F5F9A_output (3),,8.511633443500951,8.847487574766278,5.831798649478208
"Everyone who has something will be given more, and they will have more than enough. But everything will be taken from those who don't have anything.","Nɩrɛ 'lɔ jaa na tara yɔɔ, ban kʊ wʊn yɔɔ pʊɔ ka ba tara yɔɔ tɩchɛ a nɩrɛ 'lɔ na ba tara bon jaa ɛ, a bãlãa 'lɔ wʊn tara gba ban faan yin a wʊ sɛ̃.","If you do not come today, we will not be able to finish the work; but if you come tomorrow, we can complete it together.",john_BA3F5F9A_output (3),,16.78807730447168,8.847487574766278,5.831798649478208
So the chief priests met with the leaders and decided to bribe the soldiers with a lot of money.,"A bɔɔrlo nãa nɩ a wʊ nɩbɛrɛ na wa lɔ̃ɔ taa, ba guor taa de libiyɔɔ kʊ a sojasɩ","When the rain stops and the sun shines, we will go to the market to buy food.",john_BA3F5F9A_output (3),,19.59031307574855,8.847487574766278,5.831798649478208
