ref,text,translated,source_zip_file,similarity_score,chrf_sentence,corpus_bleu,corpus_chrf
"The angel said, “Get up and take the child and his mother back to Israel. The people who wanted to kill him are now dead.”","“Vaa ir 'mɔɔ a bie nɩ a wʊ ma na fʊ chiin a Isɩral wɛr pɔ, a bala na dɔ̃ɔ bʊɔrɔ a bie kʊfʊ kpi naa.”",And it came to pass when Israel was dwelling in the land that Reuben went and lay with Bilhah his father's concubine,Dec 08 output,,21.365712586234935,6.682063801556247,4.079135223332653
Everyone who asks will receive. Everyone who searches will find. And the door will be opened for everyone who knocks.,"Nɩrɛ 'lɔ na sʊɔr na nyɛ naa, ka a 'lɔ mɩ na yɔbɔ nyɛ, ka a pãn mɩ yuo kʊ a nɩrɛ 'lɔ na kpoor.","When the hunter goes to the farm and sees the elephant, he goes and tells the young men, and they come and help the hunter to tie the elephant.",Dec 08 output,,13.529228988058808,6.682063801556247,4.079135223332653
Many prophets and good people were eager to see what you see and to hear what you hear. But I tell you they did not see or hear. Jesus Explains the Story about the Farmer (Mark,"Yelmãɛ lɛ n 'yɛrɛ kʊrɔ yɩ ɩka Nãaŋmɩn 'yɛ'yɛrbɛ yɔɔ nɩ nɩtorsɩ yɔɔ ta bʊɔrɔ na ɩka ba nyɛ bon 'lɔ yɩn nyɛ tɩchɛ baa nyɛ ɛ, na ba ta wõ bon 'lɔ yɩn wõ tɩchɛ baa tʊ̃ɔ wõ ɛ.","The women went to the farm and the men also went to the farm, and when they arrived at the farm, the women were hoeing, and the men were also hoeing.",Dec 08 output,,17.75755240495284,6.682063801556247,4.079135223332653
"Everyone who has something will be given more, and they will have more than enough. But everything will be taken from those who don't have anything.","Nɩrɛ 'lɔ jaa na tara yɔɔ, ban kʊ wʊn yɔɔ pʊɔ ka ba tara yɔɔ tɩchɛ a nɩrɛ 'lɔ na ba tara bon jaa ɛ, a bãlãa 'lɔ wʊn tara gba ban faan yin a wʊ sɛ̃.","When the hunter goes to the farm, he does not go to the farm to harvest the farm, but the hunter goes to the farm to hunt animals, and the farmer goes to the farm to cultivate.",Dec 08 output,,17.614643555700265,6.682063801556247,4.079135223332653
So the chief priests met with the leaders and decided to bribe the soldiers with a lot of money.,"A bɔɔrlo nãa nɩ a wʊ nɩbɛrɛ na wa lɔ̃ɔ taa, ba guor taa de libiyɔɔ kʊ a sojasɩ","The hunter and his wife went to the farm, they found a big elephant that the young men had killed",Dec 08 output,,19.13445034497666,6.682063801556247,4.079135223332653
"The angel said, “Get up and take the child and his mother back to Israel. The people who wanted to kill him are now dead.”","“Vaa ir 'mɔɔ a bie nɩ a wʊ ma na fʊ chiin a Isɩral wɛr pɔ, a bala na dɔ̃ɔ bʊɔrɔ a bie kʊfʊ kpi naa.”",And it came to pass when Israel was dwelling in the land that the people began to commit fornication with the daughters of the Moabites.,onesimus_31223989_Dec 12 output,,25.860985349359773,6.682063801556247,4.079135223332653
Everyone who asks will receive. Everyone who searches will find. And the door will be opened for everyone who knocks.,"Nɩrɛ 'lɔ na sʊɔr na nyɛ naa, ka a 'lɔ mɩ na yɔbɔ nyɛ, ka a pãn mɩ yuo kʊ a nɩrɛ 'lɔ na kpoor.","When the sun rises and the day breaks, then the men go to their farms, and they return home when the sun sets.",onesimus_31223989_Dec 12 output,,15.377931055773422,6.682063801556247,4.079135223332653
Many prophets and good people were eager to see what you see and to hear what you hear. But I tell you they did not see or hear. Jesus Explains the Story about the Farmer (Mark,"Yelmãɛ lɛ n 'yɛrɛ kʊrɔ yɩ ɩka Nãaŋmɩn 'yɛ'yɛrbɛ yɔɔ nɩ nɩtorsɩ yɔɔ ta bʊɔrɔ na ɩka ba nyɛ bon 'lɔ yɩn nyɛ tɩchɛ baa nyɛ ɛ, na ba ta wõ bon 'lɔ yɩn wõ tɩchɛ baa tʊ̃ɔ wõ ɛ.","When the hunter goes to hunt, he first greets the Naaŋmɩn, the god of hunting, and if he is successful, he gives him some of the game, and if he is not successful, he also gives him some of the game, that is why.",onesimus_31223989_Dec 12 output,,17.222540408076018,6.682063801556247,4.079135223332653
"Everyone who has something will be given more, and they will have more than enough. But everything will be taken from those who don't have anything.","Nɩrɛ 'lɔ jaa na tara yɔɔ, ban kʊ wʊn yɔɔ pʊɔ ka ba tara yɔɔ tɩchɛ a nɩrɛ 'lɔ na ba tara bon jaa ɛ, a bãlãa 'lɔ wʊn tara gba ban faan yin a wʊ sɛ̃.","When the sun rises, people go to their farms, and when the sun sets, they return to their homes, and the men go to their rooms to sleep.",onesimus_31223989_Dec 12 output,,18.679079328983455,6.682063801556247,4.079135223332653
So the chief priests met with the leaders and decided to bribe the soldiers with a lot of money.,"A bɔɔrlo nãa nɩ a wʊ nɩbɛrɛ na wa lɔ̃ɔ taa, ba guor taa de libiyɔɔ kʊ a sojasɩ","The woman went to the farm with her child on her back, they met a hunter who was coming from the forest",onesimus_31223989_Dec 12 output,,19.590105252751812,6.682063801556247,4.079135223332653
"The angel said, “Get up and take the child and his mother back to Israel. The people who wanted to kill him are now dead.”","“Vaa ir 'mɔɔ a bie nɩ a wʊ ma na fʊ chiin a Isɩral wɛr pɔ, a bala na dɔ̃ɔ bʊɔrɔ a bie kʊfʊ kpi naa.”",And it came to pass when Israel was dwelling in the land that the people began to commit fornication with the daughters of the Moabites,john_AC86BE0F_output (5),,25.747201035587764,6.682063801556247,4.079135223332653
Everyone who asks will receive. Everyone who searches will find. And the door will be opened for everyone who knocks.,"Nɩrɛ 'lɔ na sʊɔr na nyɛ naa, ka a 'lɔ mɩ na yɔbɔ nyɛ, ka a pãn mɩ yuo kʊ a nɩrɛ 'lɔ na kpoor.","When the rain falls and the sun shines, and it rains every day, then the rain falls and makes the river full.",john_AC86BE0F_output (5),,16.951228574274786,6.682063801556247,4.079135223332653
Many prophets and good people were eager to see what you see and to hear what you hear. But I tell you they did not see or hear. Jesus Explains the Story about the Farmer (Mark,"Yelmãɛ lɛ n 'yɛrɛ kʊrɔ yɩ ɩka Nãaŋmɩn 'yɛ'yɛrbɛ yɔɔ nɩ nɩtorsɩ yɔɔ ta bʊɔrɔ na ɩka ba nyɛ bon 'lɔ yɩn nyɛ tɩchɛ baa nyɛ ɛ, na ba ta wõ bon 'lɔ yɩn wõ tɩchɛ baa tʊ̃ɔ wõ ɛ.","When the men have gone to hunt, the women stay at home to pound the millet, and when the men come back from hunting, they come back with meat, and when the women have finished pounding the millet, they finish and the men and women eat together.",john_AC86BE0F_output (5),,18.535668389112452,6.682063801556247,4.079135223332653
"Everyone who has something will be given more, and they will have more than enough. But everything will be taken from those who don't have anything.","Nɩrɛ 'lɔ jaa na tara yɔɔ, ban kʊ wʊn yɔɔ pʊɔ ka ba tara yɔɔ tɩchɛ a nɩrɛ 'lɔ na ba tara bon jaa ɛ, a bãlãa 'lɔ wʊn tara gba ban faan yin a wʊ sɛ̃.","When the hunter goes to the bush, the dogs go with him to the bush to catch the hunter's prey, and when the hunter returns with the prey, the dogs also return with him.",john_AC86BE0F_output (5),,17.195541973084314,6.682063801556247,4.079135223332653
So the chief priests met with the leaders and decided to bribe the soldiers with a lot of money.,"A bɔɔrlo nãa nɩ a wʊ nɩbɛrɛ na wa lɔ̃ɔ taa, ba guor taa de libiyɔɔ kʊ a sojasɩ","The man went to the farm with his wife to clear the field, but they found a large python there",john_AC86BE0F_output (5),,21.247293330068956,6.682063801556247,4.079135223332653
"The angel said, “Get up and take the child and his mother back to Israel. The people who wanted to kill him are now dead.”","“Vaa ir 'mɔɔ a bie nɩ a wʊ ma na fʊ chiin a Isɩral wɛr pɔ, a bala na dɔ̃ɔ bʊɔrɔ a bie kʊfʊ kpi naa.”","And it came to pass when Israel was strong, that they put the Canaanites to forced labor, but did not drive them out.",output_JA-4,,19.973449713007334,6.682063801556247,4.079135223332653
Everyone who asks will receive. Everyone who searches will find. And the door will be opened for everyone who knocks.,"Nɩrɛ 'lɔ na sʊɔr na nyɛ naa, ka a 'lɔ mɩ na yɔbɔ nyɛ, ka a pãn mɩ yuo kʊ a nɩrɛ 'lɔ na kpoor.","When the hunter goes to the farm and sees a bird, he goes and tells his friend, and they come together to the hunter's farm.",output_JA-4,,14.280359782164492,6.682063801556247,4.079135223332653
Many prophets and good people were eager to see what you see and to hear what you hear. But I tell you they did not see or hear. Jesus Explains the Story about the Farmer (Mark,"Yelmãɛ lɛ n 'yɛrɛ kʊrɔ yɩ ɩka Nãaŋmɩn 'yɛ'yɛrbɛ yɔɔ nɩ nɩtorsɩ yɔɔ ta bʊɔrɔ na ɩka ba nyɛ bon 'lɔ yɩn nyɛ tɩchɛ baa nyɛ ɛ, na ba ta wõ bon 'lɔ yɩn wõ tɩchɛ baa tʊ̃ɔ wõ ɛ.","When the hunter goes to hunt, he first asks Naaŋmɩn, the god of hunting, to give him a good hunt, and if he gives him a good hunt, he will give him a portion of the meat, and if he doesn't give him a good hunt, he won't give him any meat.",output_JA-4,,17.133818259953664,6.682063801556247,4.079135223332653
"Everyone who has something will be given more, and they will have more than enough. But everything will be taken from those who don't have anything.","Nɩrɛ 'lɔ jaa na tara yɔɔ, ban kʊ wʊn yɔɔ pʊɔ ka ba tara yɔɔ tɩchɛ a nɩrɛ 'lɔ na ba tara bon jaa ɛ, a bãlãa 'lɔ wʊn tara gba ban faan yin a wʊ sɛ̃.","When the hunter goes to the farm, the dogs also go to the farm to help the hunter catch the animals in the farm, and the hunter's wife also goes to the farm to fetch firewood and return home.",output_JA-4,,19.20717934298409,6.682063801556247,4.079135223332653
So the chief priests met with the leaders and decided to bribe the soldiers with a lot of money.,"A bɔɔrlo nãa nɩ a wʊ nɩbɛrɛ na wa lɔ̃ɔ taa, ba guor taa de libiyɔɔ kʊ a sojasɩ","The hunter and his companions went to hunt in the forest, they killed a big elephant yesterday",output_JA-4,,18.67890881048776,6.682063801556247,4.079135223332653
The Son of Man will soon come in the glory of his Father and with his angels to reward all people for what they have done.,A maa Nɩsaal Bie na waan naa Nãaŋmɩn tɩɩr nɩ a wʊ malakasɩ wa yab nɩrɛ jaa bon 'lɔ wʊn maal.,The child of Nisaal Bie and his mother Nangmin went to the farm and the child was very tired and lay down on the road,output-onesimus_004,0.23042695,22.296753646858654,6.682063801556247,4.079135223332653
"Judas walked right up to Jesus and said, “Hello, teacher.” Then Judas kissed him.","Ban wa tɩ ta, Judas pɔɔn chen tɩ 'yɛr, “Wiwile, n puor fʊ naa,” tɩ mʊʊr a Yesu kɔtɩr.","Then Judas, who was betraying him, said, ""Surely you don't mean me, Rabbi?"" Jesus told him, ""You have said so.""",output-onesimus_004,0.6570528,28.61793575025534,6.682063801556247,4.079135223332653
Your worst enemies will be in your own family.,Yir dẽme na lɩɛb ɩ dɔ̃dẽme.’ (Mika,"They will not give you anything, my child.",output-onesimus_004,0.17562374,15.363859125681003,6.682063801556247,4.079135223332653
"About that time Jesus came from Nazareth in Galilee, and John baptized him in the Jordan River.","A sɔ̃ɔ 'lɔ Yesu yi naa Najaretɩ na be a Galilee wɛr pɔ wa, ka a Jɔɔn so wʊ a Nãaŋmɩn kʊ̃ɔ a Jordan man pɔ.","And it came to pass in the days of Jesus when he was in Nazareth in Galilee, that John was baptizing in the Jordan river",output-onesimus_004,0.8122903,49.2183411936794,6.682063801556247,4.079135223332653
"went and asked for Jesus' body. Pilate gave orders for it to be given to Joseph,",Wʊ chen a Pilate sɛ̃ tɩ sʊɔr a Yesu ãgãn. Ka a Pilate bar sɔr ka ba yɔɔ a Yesu kʊ wʊ.,And Pilate asked him if he was the Jesus. Then Pilate took him and flogged Jesus.,output-onesimus_004,0.6904651,23.085529518239646,6.682063801556247,4.079135223332653
"The angel said, “Get up and take the child and his mother back to Israel. The people who wanted to kill him are now dead.”","“Vaa ir 'mɔɔ a bie nɩ a wʊ ma na fʊ chiin a Isɩral wɛr pɔ, a bala na dɔ̃ɔ bʊɔrɔ a bie kʊfʊ kpi naa.”","And it came to pass when Israel was strong and they had sown and had a lot to harvest, then the Midianites and the Amalekites and the sons of the east came up against them.",onesimus_7C821E01_Dec 01 output,,23.412640113313092,6.682063801556247,4.079135223332653
Everyone who asks will receive. Everyone who searches will find. And the door will be opened for everyone who knocks.,"Nɩrɛ 'lɔ na sʊɔr na nyɛ naa, ka a 'lɔ mɩ na yɔbɔ nyɛ, ka a pãn mɩ yuo kʊ a nɩrɛ 'lɔ na kpoor.","When the hunter goes to the farm and sees an animal, he goes and tells his friend, and then they come together to the hunter's farm.",onesimus_7C821E01_Dec 01 output,,13.912290217950519,6.682063801556247,4.079135223332653
Many prophets and good people were eager to see what you see and to hear what you hear. But I tell you they did not see or hear. Jesus Explains the Story about the Farmer (Mark,"Yelmãɛ lɛ n 'yɛrɛ kʊrɔ yɩ ɩka Nãaŋmɩn 'yɛ'yɛrbɛ yɔɔ nɩ nɩtorsɩ yɔɔ ta bʊɔrɔ na ɩka ba nyɛ bon 'lɔ yɩn nyɛ tɩchɛ baa nyɛ ɛ, na ba ta wõ bon 'lɔ yɩn wõ tɩchɛ baa tʊ̃ɔ wõ ɛ.","When the men have gone to hunt, the women stay at home to pound the millet, and when the men come back from hunting, they come back with meat, and when the women have finished pounding the millet, they cook it and the men eat it.",onesimus_7C821E01_Dec 01 output,,18.10076554284511,6.682063801556247,4.079135223332653
"Everyone who has something will be given more, and they will have more than enough. But everything will be taken from those who don't have anything.","Nɩrɛ 'lɔ jaa na tara yɔɔ, ban kʊ wʊn yɔɔ pʊɔ ka ba tara yɔɔ tɩchɛ a nɩrɛ 'lɔ na ba tara bon jaa ɛ, a bãlãa 'lɔ wʊn tara gba ban faan yin a wʊ sɛ̃.","When the sun rises, the men go to the farm to work, and when the sun sets, the men return from the farm, and the women go to fetch water in the evening.",onesimus_7C821E01_Dec 01 output,,23.04070498726424,6.682063801556247,4.079135223332653
So the chief priests met with the leaders and decided to bribe the soldiers with a lot of money.,"A bɔɔrlo nãa nɩ a wʊ nɩbɛrɛ na wa lɔ̃ɔ taa, ba guor taa de libiyɔɔ kʊ a sojasɩ","The hunter and his wife went to the farm, they met a lion and its cub there",onesimus_7C821E01_Dec 01 output,,18.769993183365287,6.682063801556247,4.079135223332653
"But we don't want to cause trouble. So go cast a line into the lake and pull out the first fish you hook. Open its mouth, and you will find a coin. Use it to pay your taxes and mine.”","Tɩchɛ saa bʊɔrɔ ɩka sɩ sɔ̃ɔ a nɩbɛ banyãna pʊɔ ɛ, yɩ chen a man pɔ tɩ lɔb a jãpãɩ, yin wa ir a jãdɔ̃ɔ 'lɔ yɩ yuo a nɛɛ, yɩn nyɛn libir, yɩ de ya a sɩ lõpoo. De a jãm 'lɔ fʊn dɔ̃ɔ nie nyɔɔ, fʊ̃ʊ wa haa a wʊ nɛɛ fʊn nyɛn libibir, de a 'lɔ yab a sɩ lõpoo.”","When a hunter goes to hunt, he first asks his wife if she has dreamed anything, if she says she has seen a lion, he will not go to hunt, because lions are fierce animals, he will stay at home, and will not go to the farm. If he goes to the farm and finds that his wife has not told him the truth, and he encounters a lion, he will be killed, and his wife will be taken to the chief’s palace.",output_jonathan,0.22278003,24.896386723881353,6.682063801556247,4.079135223332653
"Go to the people of all nations and make them my disciples. Baptize them in the name of the Father, the Son, and the Holy Spirit,","A lɛ jũu, yɩ yɔ a wɛr wʊ jaa na yɩ tɩ 'yɔ̃ɔ paalsɩ ka ba wa turo ma, na yɩ suoro ba a Nãaŋmɩn kʊ̃ɔ, a Sãa yuor, nɩ a Bie yuor, nɩ a Nãaŋmɩn Sɩɛ yuor 'yɔ̃ɔ,","And then they went, and they found a certain man who was from the village of the blacks, and they asked him about the Nangmin chief, the chief of the Sa, the chief of the Bie, and the chief of the Nangmin Sie,",output_jonathan,0.13322255,24.341023941761073,6.682063801556247,4.079135223332653
"Brothers and sisters will betray one another and have each other put to death. Parents will betray their own children, and children will turn against their parents and have them killed.","“Yɛbɛ na gar 'yɔ̃ɔ yɛbɛ ka ba kʊ wʊ, ka a sãa mɩ gar 'yɔ̃ɔ a wʊ bie. Bibiir kʊ lɛ wõnõ a ba sãamɩne toor ɛ, na ba vɛ̃ ka ba kʊ ba.","When we go to the farm, we go with our hoes, and we work on the farm with them. The women also go to the farm to weed with their hoes, and they work with them.",output_jonathan,0.16998027,17.319991736128575,6.682063801556247,4.079135223332653
"When the woman got back home, she found her child lying on the bed. The demon had gone. Jesus Heals a Man Who Was Deaf and Could Hardly Talk","Wʊ kul tɩ nyɛ a bie na gã a gado ju, tɩ a sɩdɛɛr yi.",They will eat the meat and then go to the farm to work.,output_jonathan,0.0946335,11.782900706684059,6.682063801556247,4.079135223332653
"Jesus called his disciples together and told them, “I feel sorry for these people. They have been with me for three days, and they don't have anything to eat. I don't want to send them away hungry. They might faint on their way home.”","Yesu bʊɔl a wʊ poturbo wa 'yɛr kʊ ba, “Nɩbaal kpɛ ma naa nɩ a nɩyɔɔ banyãna bojũu ba ben a n sɛ̃ ber ata tɩ ba di bon jaa ɛ, n ba bʊɔrɔ ɩka n vɛ̃ ka ba lɩɛb chiine kɔ̃ ɛ, amɩne ban wa lon sɔr pɔ.”","And Jesus said to his disciples, “If anyone wants to follow me, he must deny himself and take up his cross and follow me, for I have come to serve and not to be served, this is the meaning of my coming.”",output_jonathan,0.5329134,26.055891792536162,6.682063801556247,4.079135223332653
"The angel said, “Get up and take the child and his mother back to Israel. The people who wanted to kill him are now dead.”","“Vaa ir 'mɔɔ a bie nɩ a wʊ ma na fʊ chiin a Isɩral wɛr pɔ, a bala na dɔ̃ɔ bʊɔrɔ a bie kʊfʊ kpi naa.”",And it came to pass when Israel was dwelling in Shittim that the people began to commit fornication with the daughters of Moab,output_JA-2,,24.082294311677753,6.682063801556247,4.079135223332653
Everyone who asks will receive. Everyone who searches will find. And the door will be opened for everyone who knocks.,"Nɩrɛ 'lɔ na sʊɔr na nyɛ naa, ka a 'lɔ mɩ na yɔbɔ nyɛ, ka a pãn mɩ yuo kʊ a nɩrɛ 'lɔ na kpoor.","When the elephant and the buffalo and the cow went, and the elephant went and met a hyena, and it told the hyena that the elephant had gone to the farm.",output_JA-2,,12.532083156664505,6.682063801556247,4.079135223332653
Many prophets and good people were eager to see what you see and to hear what you hear. But I tell you they did not see or hear. Jesus Explains the Story about the Farmer (Mark,"Yelmãɛ lɛ n 'yɛrɛ kʊrɔ yɩ ɩka Nãaŋmɩn 'yɛ'yɛrbɛ yɔɔ nɩ nɩtorsɩ yɔɔ ta bʊɔrɔ na ɩka ba nyɛ bon 'lɔ yɩn nyɛ tɩchɛ baa nyɛ ɛ, na ba ta wõ bon 'lɔ yɩn wõ tɩchɛ baa tʊ̃ɔ wõ ɛ.","The women went to the farm and the men went to hunt, and when the women returned from the farm, they would cook and the men would come and eat, and when the men returned from hunting, they would cook and the women would come and eat.",output_JA-2,,18.36489698124525,6.682063801556247,4.079135223332653
"Everyone who has something will be given more, and they will have more than enough. But everything will be taken from those who don't have anything.","Nɩrɛ 'lɔ jaa na tara yɔɔ, ban kʊ wʊn yɔɔ pʊɔ ka ba tara yɔɔ tɩchɛ a nɩrɛ 'lɔ na ba tara bon jaa ɛ, a bãlãa 'lɔ wʊn tara gba ban faan yin a wʊ sɛ̃.","When the sun rises and the cock crows, all the animals wake up and start their daily activities, and the hunter also wakes up and prepares to go to the bush to hunt.",output_JA-2,,18.21714262200401,6.682063801556247,4.079135223332653
So the chief priests met with the leaders and decided to bribe the soldiers with a lot of money.,"A bɔɔrlo nãa nɩ a wʊ nɩbɛrɛ na wa lɔ̃ɔ taa, ba guor taa de libiyɔɔ kʊ a sojasɩ","The hunter and his companion went to hunt in the bush, they killed a big elephant yesterday",output_JA-2,,17.093307133566878,6.682063801556247,4.079135223332653
"The angel said, “Get up and take the child and his mother back to Israel. The people who wanted to kill him are now dead.”","“Vaa ir 'mɔɔ a bie nɩ a wʊ ma na fʊ chiin a Isɩral wɛr pɔ, a bala na dɔ̃ɔ bʊɔrɔ a bie kʊfʊ kpi naa.”","And it came to pass when the children of Israel had finished doing all that the Lord had commanded them, then they made the tabernacle",gerhardt_8019BE0D_output_WsImHC,,26.813491558882074,6.682063801556247,4.079135223332653
Everyone who asks will receive. Everyone who searches will find. And the door will be opened for everyone who knocks.,"Nɩrɛ 'lɔ na sʊɔr na nyɛ naa, ka a 'lɔ mɩ na yɔbɔ nyɛ, ka a pãn mɩ yuo kʊ a nɩrɛ 'lɔ na kpoor.","When the hunter goes to the farm and sees an animal, he goes and informs his friend, and they come together to the hunter's farm.",gerhardt_8019BE0D_output_WsImHC,,14.646027988933636,6.682063801556247,4.079135223332653
Many prophets and good people were eager to see what you see and to hear what you hear. But I tell you they did not see or hear. Jesus Explains the Story about the Farmer (Mark,"Yelmãɛ lɛ n 'yɛrɛ kʊrɔ yɩ ɩka Nãaŋmɩn 'yɛ'yɛrbɛ yɔɔ nɩ nɩtorsɩ yɔɔ ta bʊɔrɔ na ɩka ba nyɛ bon 'lɔ yɩn nyɛ tɩchɛ baa nyɛ ɛ, na ba ta wõ bon 'lɔ yɩn wõ tɩchɛ baa tʊ̃ɔ wõ ɛ.","When the women go to the farm, they go to the Nangmin shrine to pray for a good harvest, and when they come back, they come back with happiness, and when they go to the farm, they go with happiness and come back with happiness.",gerhardt_8019BE0D_output_WsImHC,,19.020585464797257,6.682063801556247,4.079135223332653
"Everyone who has something will be given more, and they will have more than enough. But everything will be taken from those who don't have anything.","Nɩrɛ 'lɔ jaa na tara yɔɔ, ban kʊ wʊn yɔɔ pʊɔ ka ba tara yɔɔ tɩchɛ a nɩrɛ 'lɔ na ba tara bon jaa ɛ, a bãlãa 'lɔ wʊn tara gba ban faan yin a wʊ sɛ̃.","When the men have gone to hunt, they go to the bush and when they have hunted and caught something, they bring it back to the men who have stayed at home, and the women will prepare it for them to eat.",gerhardt_8019BE0D_output_WsImHC,,30.024467814775385,6.682063801556247,4.079135223332653
So the chief priests met with the leaders and decided to bribe the soldiers with a lot of money.,"A bɔɔrlo nãa nɩ a wʊ nɩbɛrɛ na wa lɔ̃ɔ taa, ba guor taa de libiyɔɔ kʊ a sojasɩ","The woman went to the farm with her child, they met a hunter who was carrying a gun",gerhardt_8019BE0D_output_WsImHC,,16.653658836249498,6.682063801556247,4.079135223332653
"The angel said, “Get up and take the child and his mother back to Israel. The people who wanted to kill him are now dead.”","“Vaa ir 'mɔɔ a bie nɩ a wʊ ma na fʊ chiin a Isɩral wɛr pɔ, a bala na dɔ̃ɔ bʊɔrɔ a bie kʊfʊ kpi naa.”","And it came to pass when Israel was strong that they put the Canaanites to forced labor, but they did not drive them out completely.",Dec 02 output,,21.292715652033397,6.682063801556247,4.079135223332653
Everyone who asks will receive. Everyone who searches will find. And the door will be opened for everyone who knocks.,"Nɩrɛ 'lɔ na sʊɔr na nyɛ naa, ka a 'lɔ mɩ na yɔbɔ nyɛ, ka a pãn mɩ yuo kʊ a nɩrɛ 'lɔ na kpoor.","When the hunter goes to the farm and sees the elephant, he goes and informs the young men, and they come and kill the elephant with the hunter.",Dec 02 output,,15.485740048267187,6.682063801556247,4.079135223332653
Many prophets and good people were eager to see what you see and to hear what you hear. But I tell you they did not see or hear. Jesus Explains the Story about the Farmer (Mark,"Yelmãɛ lɛ n 'yɛrɛ kʊrɔ yɩ ɩka Nãaŋmɩn 'yɛ'yɛrbɛ yɔɔ nɩ nɩtorsɩ yɔɔ ta bʊɔrɔ na ɩka ba nyɛ bon 'lɔ yɩn nyɛ tɩchɛ baa nyɛ ɛ, na ba ta wõ bon 'lɔ yɩn wõ tɩchɛ baa tʊ̃ɔ wõ ɛ.","When the men go to hunt, they go to the bush and stay there for two or three days, and when they come back home, they come back with meat, and when they go to the bush and come back, they come back with meat",Dec 02 output,,18.04568249360757,6.682063801556247,4.079135223332653
"Everyone who has something will be given more, and they will have more than enough. But everything will be taken from those who don't have anything.","Nɩrɛ 'lɔ jaa na tara yɔɔ, ban kʊ wʊn yɔɔ pʊɔ ka ba tara yɔɔ tɩchɛ a nɩrɛ 'lɔ na ba tara bon jaa ɛ, a bãlãa 'lɔ wʊn tara gba ban faan yin a wʊ sɛ̃.","When the sun rises and the cock crows, all the animals wake up and start their daily activities, and the hunter also wakes up and prepares to go to the farm or the bush to hunt.",Dec 02 output,,19.145552458385833,6.682063801556247,4.079135223332653
So the chief priests met with the leaders and decided to bribe the soldiers with a lot of money.,"A bɔɔrlo nãa nɩ a wʊ nɩbɛrɛ na wa lɔ̃ɔ taa, ba guor taa de libiyɔɔ kʊ a sojasɩ","The hunter and his companions went to the bush to hunt, but they found only a small bird",Dec 02 output,,16.83770736120546,6.682063801556247,4.079135223332653
"The angel said, “Get up and take the child and his mother back to Israel. The people who wanted to kill him are now dead.”","“Vaa ir 'mɔɔ a bie nɩ a wʊ ma na fʊ chiin a Isɩral wɛr pɔ, a bala na dɔ̃ɔ bʊɔrɔ a bie kʊfʊ kpi naa.”",And it came to pass when the children of Israel had finished doing all that the Lord had commanded Moses,john_567A83BD_output (1),,25.064266241105486,6.682063801556247,4.079135223332653
Everyone who asks will receive. Everyone who searches will find. And the door will be opened for everyone who knocks.,"Nɩrɛ 'lɔ na sʊɔr na nyɛ naa, ka a 'lɔ mɩ na yɔbɔ nyɛ, ka a pãn mɩ yuo kʊ a nɩrɛ 'lɔ na kpoor.","When the hunter goes to the bush and sees an animal, he goes and tells his fellow, then they come together to go to the bush.",john_567A83BD_output (1),,13.071640264738328,6.682063801556247,4.079135223332653
Many prophets and good people were eager to see what you see and to hear what you hear. But I tell you they did not see or hear. Jesus Explains the Story about the Farmer (Mark,"Yelmãɛ lɛ n 'yɛrɛ kʊrɔ yɩ ɩka Nãaŋmɩn 'yɛ'yɛrbɛ yɔɔ nɩ nɩtorsɩ yɔɔ ta bʊɔrɔ na ɩka ba nyɛ bon 'lɔ yɩn nyɛ tɩchɛ baa nyɛ ɛ, na ba ta wõ bon 'lɔ yɩn wõ tɩchɛ baa tʊ̃ɔ wõ ɛ.","The women went to the farm and met the Nangmin people who were also going to the farm, and they said that if they found any animal, they would share it among themselves, and if they found none, they would also share the hunger among themselves.",john_567A83BD_output (1),,23.810633958754103,6.682063801556247,4.079135223332653
"Everyone who has something will be given more, and they will have more than enough. But everything will be taken from those who don't have anything.","Nɩrɛ 'lɔ jaa na tara yɔɔ, ban kʊ wʊn yɔɔ pʊɔ ka ba tara yɔɔ tɩchɛ a nɩrɛ 'lɔ na ba tara bon jaa ɛ, a bãlãa 'lɔ wʊn tara gba ban faan yin a wʊ sɛ̃.","When the hunter goes to the farm, the dogs also go to the farm to help the hunter catch the animals, and the hunter's wife also goes to the farm to harvest the crops and bring them back home.",john_567A83BD_output (1),,19.466602694286504,6.682063801556247,4.079135223332653
So the chief priests met with the leaders and decided to bribe the soldiers with a lot of money.,"A bɔɔrlo nãa nɩ a wʊ nɩbɛrɛ na wa lɔ̃ɔ taa, ba guor taa de libiyɔɔ kʊ a sojasɩ","The woman went to the farm with her child, they met a hunter who was carrying a gun",john_567A83BD_output (1),,16.653658836249498,6.682063801556247,4.079135223332653
"The angel said, “Get up and take the child and his mother back to Israel. The people who wanted to kill him are now dead.”","“Vaa ir 'mɔɔ a bie nɩ a wʊ ma na fʊ chiin a Isɩral wɛr pɔ, a bala na dɔ̃ɔ bʊɔrɔ a bie kʊfʊ kpi naa.”","And it shall be when the Lord has given you rest from all your enemies around, in the land which the Lord your God is giving you for an inheritance to possess it,",john_AA1B9A68_output (9),,19.067111341858993,6.682063801556247,4.079135223332653
Everyone who asks will receive. Everyone who searches will find. And the door will be opened for everyone who knocks.,"Nɩrɛ 'lɔ na sʊɔr na nyɛ naa, ka a 'lɔ mɩ na yɔbɔ nyɛ, ka a pãn mɩ yuo kʊ a nɩrɛ 'lɔ na kpoor.","When the hunter goes to the farm and sees an animal, he goes and informs his friend, and they come together to the hunter's farm.",john_AA1B9A68_output (9),,14.646027988933636,6.682063801556247,4.079135223332653
Many prophets and good people were eager to see what you see and to hear what you hear. But I tell you they did not see or hear. Jesus Explains the Story about the Farmer (Mark,"Yelmãɛ lɛ n 'yɛrɛ kʊrɔ yɩ ɩka Nãaŋmɩn 'yɛ'yɛrbɛ yɔɔ nɩ nɩtorsɩ yɔɔ ta bʊɔrɔ na ɩka ba nyɛ bon 'lɔ yɩn nyɛ tɩchɛ baa nyɛ ɛ, na ba ta wõ bon 'lɔ yɩn wõ tɩchɛ baa tʊ̃ɔ wõ ɛ.","When the men have gone to hunt, the women stay at home to pound the millet, and when the men come back from hunting, they come back with meat, and the women cook it for them to eat.",john_AA1B9A68_output (9),,17.593933882383247,6.682063801556247,4.079135223332653
"Everyone who has something will be given more, and they will have more than enough. But everything will be taken from those who don't have anything.","Nɩrɛ 'lɔ jaa na tara yɔɔ, ban kʊ wʊn yɔɔ pʊɔ ka ba tara yɔɔ tɩchɛ a nɩrɛ 'lɔ na ba tara bon jaa ɛ, a bãlãa 'lɔ wʊn tara gba ban faan yin a wʊ sɛ̃.","When the sun rises, the men go to their farms, and when the sun sets, the men return from their farms, and the women go to fetch water and firewood.",john_AA1B9A68_output (9),,21.69892102931172,6.682063801556247,4.079135223332653
So the chief priests met with the leaders and decided to bribe the soldiers with a lot of money.,"A bɔɔrlo nãa nɩ a wʊ nɩbɛrɛ na wa lɔ̃ɔ taa, ba guor taa de libiyɔɔ kʊ a sojasɩ","The woman went to the farm with her child, they met a hunter who was chasing an animal",john_AA1B9A68_output (9),,17.40227912308596,6.682063801556247,4.079135223332653
"The angel said, “Get up and take the child and his mother back to Israel. The people who wanted to kill him are now dead.”","“Vaa ir 'mɔɔ a bie nɩ a wʊ ma na fʊ chiin a Isɩral wɛr pɔ, a bala na dɔ̃ɔ bʊɔrɔ a bie kʊfʊ kpi naa.”",And it came to pass when Israel was dwelling in the land that the people began to commit fornication with the daughters of the Moabites,Dec 07 output,,25.747201035587764,6.682063801556247,4.079135223332653
Everyone who asks will receive. Everyone who searches will find. And the door will be opened for everyone who knocks.,"Nɩrɛ 'lɔ na sʊɔr na nyɛ naa, ka a 'lɔ mɩ na yɔbɔ nyɛ, ka a pãn mɩ yuo kʊ a nɩrɛ 'lɔ na kpoor.","When the hunter goes to the farm and sees the elephant, he goes and informs the young men, and they come and help the hunter to kill the elephant.",Dec 07 output,,15.424750773070212,6.682063801556247,4.079135223332653
Many prophets and good people were eager to see what you see and to hear what you hear. But I tell you they did not see or hear. Jesus Explains the Story about the Farmer (Mark,"Yelmãɛ lɛ n 'yɛrɛ kʊrɔ yɩ ɩka Nãaŋmɩn 'yɛ'yɛrbɛ yɔɔ nɩ nɩtorsɩ yɔɔ ta bʊɔrɔ na ɩka ba nyɛ bon 'lɔ yɩn nyɛ tɩchɛ baa nyɛ ɛ, na ba ta wõ bon 'lɔ yɩn wõ tɩchɛ baa tʊ̃ɔ wõ ɛ.","When the men have gone to the farm, the women gather at the Naaŋmin shrine, and they do not go to the farm, and when they go to the farm, they do not go to the shrine, and if they go to the shrine, they do not go to the farm.",Dec 07 output,,18.33124018585931,6.682063801556247,4.079135223332653
"Everyone who has something will be given more, and they will have more than enough. But everything will be taken from those who don't have anything.","Nɩrɛ 'lɔ jaa na tara yɔɔ, ban kʊ wʊn yɔɔ pʊɔ ka ba tara yɔɔ tɩchɛ a nɩrɛ 'lɔ na ba tara bon jaa ɛ, a bãlãa 'lɔ wʊn tara gba ban faan yin a wʊ sɛ̃.","When the sun rises, the men go to the farm to work, and when the sun sets, the men return from the farm, and the women go to fetch water in the evening.",Dec 07 output,,23.04070498726424,6.682063801556247,4.079135223332653
So the chief priests met with the leaders and decided to bribe the soldiers with a lot of money.,"A bɔɔrlo nãa nɩ a wʊ nɩbɛrɛ na wa lɔ̃ɔ taa, ba guor taa de libiyɔɔ kʊ a sojasɩ","The hunter and his companions went to hunt in the bush, they killed a big lion with a single shot",Dec 07 output,,18.710400868295604,6.682063801556247,4.079135223332653
"The angel said, “Get up and take the child and his mother back to Israel. The people who wanted to kill him are now dead.”","“Vaa ir 'mɔɔ a bie nɩ a wʊ ma na fʊ chiin a Isɩral wɛr pɔ, a bala na dɔ̃ɔ bʊɔrɔ a bie kʊfʊ kpi naa.”","And it came to pass when Israel was strong that they put the Canaanites to forced labor, but they did not drive them out completely.",Dec 10 output,,21.292715652033397,6.682063801556247,4.079135223332653
Everyone who asks will receive. Everyone who searches will find. And the door will be opened for everyone who knocks.,"Nɩrɛ 'lɔ na sʊɔr na nyɛ naa, ka a 'lɔ mɩ na yɔbɔ nyɛ, ka a pãn mɩ yuo kʊ a nɩrɛ 'lɔ na kpoor.","When the sun rises and the cock crows, then the dog will go and meet the sun at the hill.",Dec 10 output,,16.179393543691102,6.682063801556247,4.079135223332653
Many prophets and good people were eager to see what you see and to hear what you hear. But I tell you they did not see or hear. Jesus Explains the Story about the Farmer (Mark,"Yelmãɛ lɛ n 'yɛrɛ kʊrɔ yɩ ɩka Nãaŋmɩn 'yɛ'yɛrbɛ yɔɔ nɩ nɩtorsɩ yɔɔ ta bʊɔrɔ na ɩka ba nyɛ bon 'lɔ yɩn nyɛ tɩchɛ baa nyɛ ɛ, na ba ta wõ bon 'lɔ yɩn wõ tɩchɛ baa tʊ̃ɔ wõ ɛ.","When the men have gone to hunt, the women stay at home and pound the millet, and when the men come back from hunting, the women have already pounded the millet",Dec 10 output,,17.731104460646367,6.682063801556247,4.079135223332653
"Everyone who has something will be given more, and they will have more than enough. But everything will be taken from those who don't have anything.","Nɩrɛ 'lɔ jaa na tara yɔɔ, ban kʊ wʊn yɔɔ pʊɔ ka ba tara yɔɔ tɩchɛ a nɩrɛ 'lɔ na ba tara bon jaa ɛ, a bãlãa 'lɔ wʊn tara gba ban faan yin a wʊ sɛ̃.","When the men have gone to hunt, they give their wives the guns to keep until the men return from the hunt, and the wives take the guns and hide them so that the children will not play with them.",Dec 10 output,,27.499362060693354,6.682063801556247,4.079135223332653
So the chief priests met with the leaders and decided to bribe the soldiers with a lot of money.,"A bɔɔrlo nãa nɩ a wʊ nɩbɛrɛ na wa lɔ̃ɔ taa, ba guor taa de libiyɔɔ kʊ a sojasɩ","The dog and the cow went to the river to drink water, but the dog saw a big fish in the river",Dec 10 output,,18.55876344587232,6.682063801556247,4.079135223332653
They love the best seats at banquets and the front seats in the synagogues.,"Bala wa lɔ̃ɔ taa dire, a ji'yɔ̃ɔnsɩ jie lɛ ba ma nʊ̃ ɩka ba jãnɛ, nɩ a ba lɔ̃ɔfʊ jiir a jibɛrɛ jiir.","When the men have finished eating, they gather at the place where they drink beer, and the women gather at their own place to drink beer.",output-onesimus_005,0.19997263,21.53257180987369,6.682063801556247,4.079135223332653
On that day they will be told they are either innocent or guilty because of the things they have said. A Sign from Heaven (Mark,"A fʊ 'yɛrbie lɛ na wiil a lɛ fʊn be, naa wiil a fʊ sɔ̃ɔnaa.”","If you do good to someone and they do good to you, that is not friendship.",output-onesimus_005,0.057261344,12.638757358087929,6.682063801556247,4.079135223332653
Everyone who had seen what had happened told about the man and the pigs.,"A bala na nyɛ 'yɛr kʊ a nɩbɛ a lɛ na ɩ a daba na dɔ̃ɔ tara a sɩdɛbɛ nɩ a dor 'yɛr,",They will come and take the child and give it to the mother to put on her back and the child will hold the mother's breasts,output-onesimus_005,0.08791615,22.4459976152347,6.682063801556247,4.079135223332653
"When the king went in to meet the guests, he found that one of them wasn't wearing the right kind of clothes for the wedding.","“Tɩchɛ a nãa na wa kpɛ ɩka wʊ kaa a nɩbɛ, wʊ nyɛn daba ãsʊɔ na ba su a pɔɔbɩɛl fuu ɛ,","When the rain falls, it brings coldness, and the coldness brings sickness to the people, and they die from it",output-onesimus_005,0.21870698,21.953664087171674,6.682063801556247,4.079135223332653
"But John kept objecting and said, “I ought to be baptized by you. Why have you come to me?”","Jɔɔn ba ta bʊɔrɔ ɩka wʊ so wʊ ɛ, na wʊ 'yɛr fʊ̃ʊ lɛ sɛɛ ɩka fʊ so ma tɩchɛ ka fʊ lɛ wa a n sɛ̃ go?","If you are a hunter and you go to the bush, will you go with a gun or will you go with a bow and what will you use to bring the animal you killed home?",output-onesimus_005,0.054049477,18.282821750278465,6.682063801556247,4.079135223332653
"The angel said, “Get up and take the child and his mother back to Israel. The people who wanted to kill him are now dead.”","“Vaa ir 'mɔɔ a bie nɩ a wʊ ma na fʊ chiin a Isɩral wɛr pɔ, a bala na dɔ̃ɔ bʊɔrɔ a bie kʊfʊ kpi naa.”",And it came to pass when the children of Israel had finished all the work which the Lord had commanded Moses,john_7781CD93_output (6),,25.430455800730346,6.682063801556247,4.079135223332653
Everyone who asks will receive. Everyone who searches will find. And the door will be opened for everyone who knocks.,"Nɩrɛ 'lɔ na sʊɔr na nyɛ naa, ka a 'lɔ mɩ na yɔbɔ nyɛ, ka a pãn mɩ yuo kʊ a nɩrɛ 'lɔ na kpoor.","When the rain falls and the sun shines and the day breaks, then the rain falls and the thunder roars, and it makes a loud noise in the sky.",john_7781CD93_output (6),,16.8289894254202,6.682063801556247,4.079135223332653
Many prophets and good people were eager to see what you see and to hear what you hear. But I tell you they did not see or hear. Jesus Explains the Story about the Farmer (Mark,"Yelmãɛ lɛ n 'yɛrɛ kʊrɔ yɩ ɩka Nãaŋmɩn 'yɛ'yɛrbɛ yɔɔ nɩ nɩtorsɩ yɔɔ ta bʊɔrɔ na ɩka ba nyɛ bon 'lɔ yɩn nyɛ tɩchɛ baa nyɛ ɛ, na ba ta wõ bon 'lɔ yɩn wõ tɩchɛ baa tʊ̃ɔ wõ ɛ.","When the men go to the farm, the women stay at home and do the household chores, and when the women go to the farm, the men stay at home and do the household chores.",john_7781CD93_output (6),,18.28557559919319,6.682063801556247,4.079135223332653
"Everyone who has something will be given more, and they will have more than enough. But everything will be taken from those who don't have anything.","Nɩrɛ 'lɔ jaa na tara yɔɔ, ban kʊ wʊn yɔɔ pʊɔ ka ba tara yɔɔ tɩchɛ a nɩrɛ 'lɔ na ba tara bon jaa ɛ, a bãlãa 'lɔ wʊn tara gba ban faan yin a wʊ sɛ̃.","When the hunter goes to the farm, they will see the footprints of the animals that went to the farm the previous day, and the hunter will follow the footprints of the animals and go to where they are drinking water.",john_7781CD93_output (6),,25.028965702482054,6.682063801556247,4.079135223332653
So the chief priests met with the leaders and decided to bribe the soldiers with a lot of money.,"A bɔɔrlo nãa nɩ a wʊ nɩbɛrɛ na wa lɔ̃ɔ taa, ba guor taa de libiyɔɔ kʊ a sojasɩ","The elephant and the buffalo went to the river to drink water, then the elephant stepped on the buffalo",john_7781CD93_output (6),,19.639912250399473,6.682063801556247,4.079135223332653
"The angel said, “Get up and take the child and his mother back to Israel. The people who wanted to kill him are now dead.”","“Vaa ir 'mɔɔ a bie nɩ a wʊ ma na fʊ chiin a Isɩral wɛr pɔ, a bala na dɔ̃ɔ bʊɔrɔ a bie kʊfʊ kpi naa.”","And it came to pass when the children of Israel had finished doing all that the Lord had commanded them, then they made the tabernacle",gerhardt_25FFCBF7_output_DdErIM,,26.813491558882074,6.682063801556247,4.079135223332653
Everyone who asks will receive. Everyone who searches will find. And the door will be opened for everyone who knocks.,"Nɩrɛ 'lɔ na sʊɔr na nyɛ naa, ka a 'lɔ mɩ na yɔbɔ nyɛ, ka a pãn mɩ yuo kʊ a nɩrɛ 'lɔ na kpoor.","When the hunter goes to the farm and sees the elephant, he goes and tells the young men, and they come and kill the elephant with the hunter.",gerhardt_25FFCBF7_output_DdErIM,,14.717153909206134,6.682063801556247,4.079135223332653
Many prophets and good people were eager to see what you see and to hear what you hear. But I tell you they did not see or hear. Jesus Explains the Story about the Farmer (Mark,"Yelmãɛ lɛ n 'yɛrɛ kʊrɔ yɩ ɩka Nãaŋmɩn 'yɛ'yɛrbɛ yɔɔ nɩ nɩtorsɩ yɔɔ ta bʊɔrɔ na ɩka ba nyɛ bon 'lɔ yɩn nyɛ tɩchɛ baa nyɛ ɛ, na ba ta wõ bon 'lɔ yɩn wõ tɩchɛ baa tʊ̃ɔ wõ ɛ.","When the men have gone to the farm, the women stay at home and pound the millet, and when the women have gone to the farm, the men stay at home and pound the millet.",gerhardt_25FFCBF7_output_DdErIM,,18.040503156107977,6.682063801556247,4.079135223332653
"Everyone who has something will be given more, and they will have more than enough. But everything will be taken from those who don't have anything.","Nɩrɛ 'lɔ jaa na tara yɔɔ, ban kʊ wʊn yɔɔ pʊɔ ka ba tara yɔɔ tɩchɛ a nɩrɛ 'lɔ na ba tara bon jaa ɛ, a bãlãa 'lɔ wʊn tara gba ban faan yin a wʊ sɛ̃.","When the sun rises, they go to the farm, and when the sun sets, they return to the house, and the women go to fetch water to cook.",gerhardt_25FFCBF7_output_DdErIM,,19.44691720092807,6.682063801556247,4.079135223332653
So the chief priests met with the leaders and decided to bribe the soldiers with a lot of money.,"A bɔɔrlo nãa nɩ a wʊ nɩbɛrɛ na wa lɔ̃ɔ taa, ba guor taa de libiyɔɔ kʊ a sojasɩ","The woman went to the farm with her husband, they found a big snake in their way",gerhardt_25FFCBF7_output_DdErIM,,16.066056280178167,6.682063801556247,4.079135223332653
"The angel said, “Get up and take the child and his mother back to Israel. The people who wanted to kill him are now dead.”","“Vaa ir 'mɔɔ a bie nɩ a wʊ ma na fʊ chiin a Isɩral wɛr pɔ, a bala na dɔ̃ɔ bʊɔrɔ a bie kʊfʊ kpi naa.”",And it came to pass when Israel was dwelling in the land that the people began to commit fornication with the daughters of Moab,output_mich003,,25.609966440708977,6.682063801556247,4.079135223332653
Everyone who asks will receive. Everyone who searches will find. And the door will be opened for everyone who knocks.,"Nɩrɛ 'lɔ na sʊɔr na nyɛ naa, ka a 'lɔ mɩ na yɔbɔ nyɛ, ka a pãn mɩ yuo kʊ a nɩrɛ 'lɔ na kpoor.","When the elephant goes to the river to drink water, it first looks at the water, then it smells it before it drinks from the river.",output_mich003,,17.13477557427157,6.682063801556247,4.079135223332653
Many prophets and good people were eager to see what you see and to hear what you hear. But I tell you they did not see or hear. Jesus Explains the Story about the Farmer (Mark,"Yelmãɛ lɛ n 'yɛrɛ kʊrɔ yɩ ɩka Nãaŋmɩn 'yɛ'yɛrbɛ yɔɔ nɩ nɩtorsɩ yɔɔ ta bʊɔrɔ na ɩka ba nyɛ bon 'lɔ yɩn nyɛ tɩchɛ baa nyɛ ɛ, na ba ta wõ bon 'lɔ yɩn wõ tɩchɛ baa tʊ̃ɔ wõ ɛ.","When the men have finished their work, the women take over and do the rest of the work and when the women have finished their work, the men take over and do the rest of the work.",output_mich003,,16.44915584090812,6.682063801556247,4.079135223332653
"Everyone who has something will be given more, and they will have more than enough. But everything will be taken from those who don't have anything.","Nɩrɛ 'lɔ jaa na tara yɔɔ, ban kʊ wʊn yɔɔ pʊɔ ka ba tara yɔɔ tɩchɛ a nɩrɛ 'lɔ na ba tara bon jaa ɛ, a bãlãa 'lɔ wʊn tara gba ban faan yin a wʊ sɛ̃.","When the men have gone to the farm, they will go and clear the farm and make it clean so that when the men come back from the farm, they will be happy and they will give thanks.",output_mich003,,30.34290981580334,6.682063801556247,4.079135223332653
So the chief priests met with the leaders and decided to bribe the soldiers with a lot of money.,"A bɔɔrlo nãa nɩ a wʊ nɩbɛrɛ na wa lɔ̃ɔ taa, ba guor taa de libiyɔɔ kʊ a sojasɩ","The man went to the farm with his wife to clear the field, but they found a large rock in their way",output_mich003,,21.079949290475604,6.682063801556247,4.079135223332653
"The angel said, “Get up and take the child and his mother back to Israel. The people who wanted to kill him are now dead.”","“Vaa ir 'mɔɔ a bie nɩ a wʊ ma na fʊ chiin a Isɩral wɛr pɔ, a bala na dɔ̃ɔ bʊɔrɔ a bie kʊfʊ kpi naa.”","And it came to pass when Israel went out from Egypt, the house of Jacob from a people of strange language",output_JA-6,,21.165865463439385,6.682063801556247,4.079135223332653
Everyone who asks will receive. Everyone who searches will find. And the door will be opened for everyone who knocks.,"Nɩrɛ 'lɔ na sʊɔr na nyɛ naa, ka a 'lɔ mɩ na yɔbɔ nyɛ, ka a pãn mɩ yuo kʊ a nɩrɛ 'lɔ na kpoor.","When the hunter goes to the farm and sees the elephant, he goes and informs the young men, and they come and help the hunter to kill the elephant.",output_JA-6,,15.424750773070212,6.682063801556247,4.079135223332653
Many prophets and good people were eager to see what you see and to hear what you hear. But I tell you they did not see or hear. Jesus Explains the Story about the Farmer (Mark,"Yelmãɛ lɛ n 'yɛrɛ kʊrɔ yɩ ɩka Nãaŋmɩn 'yɛ'yɛrbɛ yɔɔ nɩ nɩtorsɩ yɔɔ ta bʊɔrɔ na ɩka ba nyɛ bon 'lɔ yɩn nyɛ tɩchɛ baa nyɛ ɛ, na ba ta wõ bon 'lɔ yɩn wõ tɩchɛ baa tʊ̃ɔ wõ ɛ.","When the hunter goes to the bush, the hunter says that the Nangmin hunter is very good at hunting and that is why when they go to hunt, they get a lot of game, and when they do not go to hunt, they do not get any game.",output_JA-6,,20.48700944656908,6.682063801556247,4.079135223332653
"Everyone who has something will be given more, and they will have more than enough. But everything will be taken from those who don't have anything.","Nɩrɛ 'lɔ jaa na tara yɔɔ, ban kʊ wʊn yɔɔ pʊɔ ka ba tara yɔɔ tɩchɛ a nɩrɛ 'lɔ na ba tara bon jaa ɛ, a bãlãa 'lɔ wʊn tara gba ban faan yin a wʊ sɛ̃.","When the hunter goes to the farm, he takes his gun and goes to the farm to hunt for animals, and when he returns from the farm, he brings back meat for his family to eat.",output_JA-6,,20.970144270092348,6.682063801556247,4.079135223332653
So the chief priests met with the leaders and decided to bribe the soldiers with a lot of money.,"A bɔɔrlo nãa nɩ a wʊ nɩbɛrɛ na wa lɔ̃ɔ taa, ba guor taa de libiyɔɔ kʊ a sojasɩ","The hunter and his companion went to hunt in the bush, they killed a big elephant yesterday",output_JA-6,,17.093307133566878,6.682063801556247,4.079135223332653
"The angel said, “Get up and take the child and his mother back to Israel. The people who wanted to kill him are now dead.”","“Vaa ir 'mɔɔ a bie nɩ a wʊ ma na fʊ chiin a Isɩral wɛr pɔ, a bala na dɔ̃ɔ bʊɔrɔ a bie kʊfʊ kpi naa.”",And it came to pass when the children of Israel had finished doing all that the Lord had commanded Moses,Dec 03 output,,25.064266241105486,6.682063801556247,4.079135223332653
Everyone who asks will receive. Everyone who searches will find. And the door will be opened for everyone who knocks.,"Nɩrɛ 'lɔ na sʊɔr na nyɛ naa, ka a 'lɔ mɩ na yɔbɔ nyɛ, ka a pãn mɩ yuo kʊ a nɩrɛ 'lɔ na kpoor.","When the hunter goes to the farm and sees the animal, he goes and tells the young men, and they come and help the hunter to catch the animal.",Dec 03 output,,14.411400168013595,6.682063801556247,4.079135223332653
Many prophets and good people were eager to see what you see and to hear what you hear. But I tell you they did not see or hear. Jesus Explains the Story about the Farmer (Mark,"Yelmãɛ lɛ n 'yɛrɛ kʊrɔ yɩ ɩka Nãaŋmɩn 'yɛ'yɛrbɛ yɔɔ nɩ nɩtorsɩ yɔɔ ta bʊɔrɔ na ɩka ba nyɛ bon 'lɔ yɩn nyɛ tɩchɛ baa nyɛ ɛ, na ba ta wõ bon 'lɔ yɩn wõ tɩchɛ baa tʊ̃ɔ wõ ɛ.","The women go to the farm to work and the men go to the farm to work and when they return from the farm they give their wives the food, and when their wives give them food they eat, and when they give their children food they eat.",Dec 03 output,,18.375906072579482,6.682063801556247,4.079135223332653
"Everyone who has something will be given more, and they will have more than enough. But everything will be taken from those who don't have anything.","Nɩrɛ 'lɔ jaa na tara yɔɔ, ban kʊ wʊn yɔɔ pʊɔ ka ba tara yɔɔ tɩchɛ a nɩrɛ 'lɔ na ba tara bon jaa ɛ, a bãlãa 'lɔ wʊn tara gba ban faan yin a wʊ sɛ̃.","When the men went hunting, they would go and hunt in the bush and bring back meat for the men to eat and the women would pound the fufu for them to eat.",Dec 03 output,,19.977634637447146,6.682063801556247,4.079135223332653
So the chief priests met with the leaders and decided to bribe the soldiers with a lot of money.,"A bɔɔrlo nãa nɩ a wʊ nɩbɛrɛ na wa lɔ̃ɔ taa, ba guor taa de libiyɔɔ kʊ a sojasɩ","The man went to the farm with his wife and they cleared a new place, they made a big fire and cooked their food",Dec 03 output,,22.01856475293366,6.682063801556247,4.079135223332653
"The angel said, “Get up and take the child and his mother back to Israel. The people who wanted to kill him are now dead.”","“Vaa ir 'mɔɔ a bie nɩ a wʊ ma na fʊ chiin a Isɩral wɛr pɔ, a bala na dɔ̃ɔ bʊɔrɔ a bie kʊfʊ kpi naa.”",And it came to pass when Israel was dwelling in the land that the people began to commit fornication with the daughters of Moab,Dec 09 output,,25.609966440708977,6.682063801556247,4.079135223332653
Everyone who asks will receive. Everyone who searches will find. And the door will be opened for everyone who knocks.,"Nɩrɛ 'lɔ na sʊɔr na nyɛ naa, ka a 'lɔ mɩ na yɔbɔ nyɛ, ka a pãn mɩ yuo kʊ a nɩrɛ 'lɔ na kpoor.","When the hunter goes to the farm and sees the elephant, he goes and tells the young men, and they come and kill the elephant at the farm.",Dec 09 output,,14.33356142917116,6.682063801556247,4.079135223332653
Many prophets and good people were eager to see what you see and to hear what you hear. But I tell you they did not see or hear. Jesus Explains the Story about the Farmer (Mark,"Yelmãɛ lɛ n 'yɛrɛ kʊrɔ yɩ ɩka Nãaŋmɩn 'yɛ'yɛrbɛ yɔɔ nɩ nɩtorsɩ yɔɔ ta bʊɔrɔ na ɩka ba nyɛ bon 'lɔ yɩn nyɛ tɩchɛ baa nyɛ ɛ, na ba ta wõ bon 'lɔ yɩn wõ tɩchɛ baa tʊ̃ɔ wõ ɛ.","When the elders gather at the Naaŋmin shrine, they offer sacrifices to the ancestors and they pray and say that if they have done something wrong, they should forgive them, and if they have done something wrong to them, they should also forgive them.",Dec 09 output,,20.27631023412539,6.682063801556247,4.079135223332653
"Everyone who has something will be given more, and they will have more than enough. But everything will be taken from those who don't have anything.","Nɩrɛ 'lɔ jaa na tara yɔɔ, ban kʊ wʊn yɔɔ pʊɔ ka ba tara yɔɔ tɩchɛ a nɩrɛ 'lɔ na ba tara bon jaa ɛ, a bãlãa 'lɔ wʊn tara gba ban faan yin a wʊ sɛ̃.","When the men went to hunt, they would go to the bush and hunt for animals, and when they returned from the hunt, the women would pound the fufu for them to eat.",Dec 09 output,,21.358067420174738,6.682063801556247,4.079135223332653
So the chief priests met with the leaders and decided to bribe the soldiers with a lot of money.,"A bɔɔrlo nãa nɩ a wʊ nɩbɛrɛ na wa lɔ̃ɔ taa, ba guor taa de libiyɔɔ kʊ a sojasɩ","The hunter and his companions went to hunt in the bush, they killed a big lion with a single shot",Dec 09 output,,18.710400868295604,6.682063801556247,4.079135223332653
But they left and talked about him to everyone in that part of the country. Jesus Heals a Man Who Could Not Talk,Tɩchɛ ba yin tɩ ŋme a wʊ yele yaar a tẽe 'lɔ̃nɔ̃ wʊ jaa.,They will come and take the child and throw it into the river and the child will die.,output_onesimus007,0.21612738,17.458903357981317,6.682063801556247,4.079135223332653
"The king will answer, “Whenever you did it for any of my people, no matter how unimportant they seemed, you did it for me.”","“A nãa na 'yɛr kʊ ba, ‘Yelmãɛ lɛ n 'yɛrɛ kʊrɔ yɩ, a lɛ yɩn dɔ̃ɔ maal kʊ a nɩba'yɔ̃ɔnsɩ bala na ɩ a n sofʊ, maa lɛ yɩ maal kʊ.’","If you want to go, ‘Tell your mother that you are going, and she will give you some food, but if you don't tell her and you go, she won't give you any food.'",output_onesimus007,0.17966232,21.416785363227543,6.682063801556247,4.079135223332653
"So they left the crowd, and his disciples started across the lake with him in the boat. Some other boats followed along.","Ba bar naa a nɩyɔyɔɔ bala tɩchɛ ka a wʊ poturbo tara wʊ, ka ba 'matãan a gborsɩ amɩne gɔ̃ɔnɔ̃.","They went to the farm and cleared the land so they could plant yams, and they made a fence around the farm.",output_onesimus007,0.31525344,19.67783472827894,6.682063801556247,4.079135223332653
"As he was doing this, one official was brought in who owed him","Wʊn wa tɩ piel guoro a libie yele ba nyɔɔn ãsʊɔ na di wʊ turo pie sãn waan a wʊ sɛ̃,","They went to the farm to work and when they arrived there, they found that the farm had been destroyed",output_onesimus007,0.24292742,12.704350523752908,6.682063801556247,4.079135223332653
"He sent other servants to say to the guests, “The banquet is ready! My cattle and prize calves have all been prepared. Everything is ready. Come to the banquet!”","“Wʊ lɛ tʊ̃n nɩyor ɩka ba tɩ 'yɛr a bala wʊn bʊɔl, ‘Nyɛ, n maal a pɔɔ paalaa bʊ̃diir baar, n kʊn a n nadar nɩ a napɔl ka yele jaa chɔɔr baar, yɩ wa a pɔɔ paalaa jie.’","They said that the hunter went to the farm, and when he got there, he found a hyena and a monitor lizard, and he said, 'I will kill the hyena and sell it, and with the money I will buy a goat and give it to my mother to cook and eat.'",output_onesimus007,0.39948535,19.421634238747107,6.682063801556247,4.079135223332653
"The angel said, “Get up and take the child and his mother back to Israel. The people who wanted to kill him are now dead.”","“Vaa ir 'mɔɔ a bie nɩ a wʊ ma na fʊ chiin a Isɩral wɛr pɔ, a bala na dɔ̃ɔ bʊɔrɔ a bie kʊfʊ kpi naa.”","And it shall be when the Lord has given you rest from all your enemies around, in the land which the Lord your God is giving you for an inheritance to possess it,",john_1C6E69D4_output (8),,19.067111341858993,6.682063801556247,4.079135223332653
Everyone who asks will receive. Everyone who searches will find. And the door will be opened for everyone who knocks.,"Nɩrɛ 'lɔ na sʊɔr na nyɛ naa, ka a 'lɔ mɩ na yɔbɔ nyɛ, ka a pãn mɩ yuo kʊ a nɩrɛ 'lɔ na kpoor.","When the hunter goes to the farm and sees the elephant, he goes and informs the young men, and they come and help the hunter to kill the elephant.",john_1C6E69D4_output (8),,15.424750773070212,6.682063801556247,4.079135223332653
Many prophets and good people were eager to see what you see and to hear what you hear. But I tell you they did not see or hear. Jesus Explains the Story about the Farmer (Mark,"Yelmãɛ lɛ n 'yɛrɛ kʊrɔ yɩ ɩka Nãaŋmɩn 'yɛ'yɛrbɛ yɔɔ nɩ nɩtorsɩ yɔɔ ta bʊɔrɔ na ɩka ba nyɛ bon 'lɔ yɩn nyɛ tɩchɛ baa nyɛ ɛ, na ba ta wõ bon 'lɔ yɩn wõ tɩchɛ baa tʊ̃ɔ wõ ɛ.","The women went to the farm and the men went to hunt, and when they went, they would leave the children with an old woman, and when they came back, they would leave the children with an old man.",john_1C6E69D4_output (8),,17.08885801821679,6.682063801556247,4.079135223332653
"Everyone who has something will be given more, and they will have more than enough. But everything will be taken from those who don't have anything.","Nɩrɛ 'lɔ jaa na tara yɔɔ, ban kʊ wʊn yɔɔ pʊɔ ka ba tara yɔɔ tɩchɛ a nɩrɛ 'lɔ na ba tara bon jaa ɛ, a bãlãa 'lɔ wʊn tara gba ban faan yin a wʊ sɛ̃.","When the men have gone to hunt, they go to the bush and hunt, and when they return from the hunt, they bring meat, and the women cook and they all eat together.",john_1C6E69D4_output (8),,24.91514592631276,6.682063801556247,4.079135223332653
So the chief priests met with the leaders and decided to bribe the soldiers with a lot of money.,"A bɔɔrlo nãa nɩ a wʊ nɩbɛrɛ na wa lɔ̃ɔ taa, ba guor taa de libiyɔɔ kʊ a sojasɩ","The hunter and his wife went to the farm, they found a big elephant and a python",john_1C6E69D4_output (8),,16.505999794968112,6.682063801556247,4.079135223332653
Even the hairs on your head are counted.,Nãaŋmɩn sɔr a yɩ jukɔɔl a jaa bɔ̃ɔ.,The elephant went to the farm and ate all the crops.,output-onesimus_001,0.009711994,18.427727844212573,6.682063801556247,4.079135223332653
"While Peter was still speaking, the shadow of a bright cloud passed over them. From the cloud a voice said, “This is my own dear Son, and I am pleased with him. Listen to what he says!”","Wʊn chɛnɛ 'yɛrɛ ka a julõjupɩla wa pɔɔ ba naa, ka Nãaŋmɩn kɔkɔr 'yɛr be a julõjuur pɔ, “Nyã lɛ a n Binʊ̃nãa, a n pʊɔ pɛl wʊ naa, yɩ chɛlɛ a wʊ 'yɛr.”","They said that when the elephant and the buffalo went to make a farm, the buffalo said to the elephant, “You are a Binʊ̃nãa, you have a big stomach, that is why you eat a lot.”",output-onesimus_001,0.15724175,19.05402577908047,6.682063801556247,4.079135223332653
Jesus answered: The friends of a bridegroom aren't sad while he is still with them. But the time will come when he will be taken from them. Then they will go without eating.,"Ka a Yesu sʊʊr ba, “Fʊn tʊ̃ɔ maal a bala ban bʊɔl a pɔɔ paalaa jie ka ba tara pʊsɔ̃ɔ a pɔɔ paalaa sɩrɛ na chɛnɛ be a ba sɛ̃ ɔ, ban tʊ̃ɔ naa? Sɔ̃ɔ waara naa ka a nɩbɛ na wa nyɔɔ ma chiin, a ber ala pɔ lɛ a n poturbo pʊɔ na sɔ̃ɔ ka ba gal kɔ̃.","And Jesus said to them, ""If two of you on earth agree about anything you ask for, it will be done for you by my Father in heaven, for where two or three come together in my name, I am there with them, but you, how many of you are gathered here in my name?",output-onesimus_001,0.33698502,26.519379140080524,6.682063801556247,4.079135223332653
"“I feel sorry for these people. They have been with me for three days, and they don't have anything to eat.","“A nɩbɛ banyã ɩrɛ naa nɩbaal, bojũu ber ata nɩ nyã ban be a n sɛ̃, baa lɛ tara bon na di ɛ.","They went to the farm, and when they arrived, they found that the yams had been uprooted, and they said that it was a certain man who had done it.",output-onesimus_001,0.30949876,25.50262696679478,6.682063801556247,4.079135223332653
"When the plants came up and began to mature, the farmer's servants could see the weeds.",A sɔ̃ɔ 'lɔ a chi na wa tɩ bulo ka a mɔɩ mɩ bul puro.,"If you go to the farm and you see a dog, don't go near it.",output-onesimus_001,0.20398897,15.552674083855736,6.682063801556247,4.079135223332653
"The angel said, “Get up and take the child and his mother back to Israel. The people who wanted to kill him are now dead.”","“Vaa ir 'mɔɔ a bie nɩ a wʊ ma na fʊ chiin a Isɩral wɛr pɔ, a bala na dɔ̃ɔ bʊɔrɔ a bie kʊfʊ kpi naa.”","And it shall be that when they come in, the elders of the city shall send and bring her out, and they shall deliver her into the hand of the man who is her husband, and he shall put her to death.",output_johnayernor,,21.635267483170917,6.682063801556247,4.079135223332653
Everyone who asks will receive. Everyone who searches will find. And the door will be opened for everyone who knocks.,"Nɩrɛ 'lɔ na sʊɔr na nyɛ naa, ka a 'lɔ mɩ na yɔbɔ nyɛ, ka a pãn mɩ yuo kʊ a nɩrɛ 'lɔ na kpoor.","When the man went to the farm and saw that, he went and told his wife, and she also went to see the man at the farm.",output_johnayernor,,12.661047605147882,6.682063801556247,4.079135223332653
Many prophets and good people were eager to see what you see and to hear what you hear. But I tell you they did not see or hear. Jesus Explains the Story about the Farmer (Mark,"Yelmãɛ lɛ n 'yɛrɛ kʊrɔ yɩ ɩka Nãaŋmɩn 'yɛ'yɛrbɛ yɔɔ nɩ nɩtorsɩ yɔɔ ta bʊɔrɔ na ɩka ba nyɛ bon 'lɔ yɩn nyɛ tɩchɛ baa nyɛ ɛ, na ba ta wõ bon 'lɔ yɩn wõ tɩchɛ baa tʊ̃ɔ wõ ɛ.","The women go to the farm to work and return home in the evening to cook and give their husbands food to eat, and if they do not cook and give them food to eat, they will be annoyed.",output_johnayernor,,18.930727263080534,6.682063801556247,4.079135223332653
"Everyone who has something will be given more, and they will have more than enough. But everything will be taken from those who don't have anything.","Nɩrɛ 'lɔ jaa na tara yɔɔ, ban kʊ wʊn yɔɔ pʊɔ ka ba tara yɔɔ tɩchɛ a nɩrɛ 'lɔ na ba tara bon jaa ɛ, a bãlãa 'lɔ wʊn tara gba ban faan yin a wʊ sɛ̃.","When the sun rises and the cock crows, all the animals wake up and start their daily activities, and the hunter also wakes up and prepares to go to the bush to hunt.",output_johnayernor,,18.21714262200401,6.682063801556247,4.079135223332653
So the chief priests met with the leaders and decided to bribe the soldiers with a lot of money.,"A bɔɔrlo nãa nɩ a wʊ nɩbɛrɛ na wa lɔ̃ɔ taa, ba guor taa de libiyɔɔ kʊ a sojasɩ","The women are going to the farm to work, they will meet the men who are also going to the farm",output_johnayernor,,16.92490515314075,6.682063801556247,4.079135223332653
"The angel said, “Get up and take the child and his mother back to Israel. The people who wanted to kill him are now dead.”","“Vaa ir 'mɔɔ a bie nɩ a wʊ ma na fʊ chiin a Isɩral wɛr pɔ, a bala na dɔ̃ɔ bʊɔrɔ a bie kʊfʊ kpi naa.”","And it came to pass when Israel was strong that they put the Canaanites to forced labor, but they did not drive them out completely.",Dec 11 output,,21.292715652033397,6.682063801556247,4.079135223332653
Everyone who asks will receive. Everyone who searches will find. And the door will be opened for everyone who knocks.,"Nɩrɛ 'lɔ na sʊɔr na nyɛ naa, ka a 'lɔ mɩ na yɔbɔ nyɛ, ka a pãn mɩ yuo kʊ a nɩrɛ 'lɔ na kpoor.","When the rain falls and the sun shines, the farmer goes to the farm, and he returns home with the rain and the sunshine.",Dec 11 output,,14.72501442049882,6.682063801556247,4.079135223332653
Many prophets and good people were eager to see what you see and to hear what you hear. But I tell you they did not see or hear. Jesus Explains the Story about the Farmer (Mark,"Yelmãɛ lɛ n 'yɛrɛ kʊrɔ yɩ ɩka Nãaŋmɩn 'yɛ'yɛrbɛ yɔɔ nɩ nɩtorsɩ yɔɔ ta bʊɔrɔ na ɩka ba nyɛ bon 'lɔ yɩn nyɛ tɩchɛ baa nyɛ ɛ, na ba ta wõ bon 'lɔ yɩn wõ tɩchɛ baa tʊ̃ɔ wõ ɛ.","The women are the ones who do the farm work and they are the ones who take care of the children, and if they are not at the farm, they stay at home and take care of the children, and if they are at the farm, they take the children along with them.",Dec 11 output,,19.05501289372783,6.682063801556247,4.079135223332653
"Everyone who has something will be given more, and they will have more than enough. But everything will be taken from those who don't have anything.","Nɩrɛ 'lɔ jaa na tara yɔɔ, ban kʊ wʊn yɔɔ pʊɔ ka ba tara yɔɔ tɩchɛ a nɩrɛ 'lɔ na ba tara bon jaa ɛ, a bãlãa 'lɔ wʊn tara gba ban faan yin a wʊ sɛ̃.","When the hunter goes to the farm, he tells his wife to prepare his farm food, and when the hunter returns from the farm, he gives his wife the game he has caught, and the wife cooks it for him to eat.",Dec 11 output,,23.186866350565804,6.682063801556247,4.079135223332653
So the chief priests met with the leaders and decided to bribe the soldiers with a lot of money.,"A bɔɔrlo nãa nɩ a wʊ nɩbɛrɛ na wa lɔ̃ɔ taa, ba guor taa de libiyɔɔ kʊ a sojasɩ","The woman took her child and went to the farm, they met a certain hunter there",Dec 11 output,,17.66750521476816,6.682063801556247,4.079135223332653
"The angel said, “Get up and take the child and his mother back to Israel. The people who wanted to kill him are now dead.”","“Vaa ir 'mɔɔ a bie nɩ a wʊ ma na fʊ chiin a Isɩral wɛr pɔ, a bala na dɔ̃ɔ bʊɔrɔ a bie kʊfʊ kpi naa.”","And it came to pass when Israel was strong that they put the Canaanites to forced labor, but they did not drive them out completely.",gerhardt_0445F08A_output_T9n53N,,21.292715652033397,6.682063801556247,4.079135223332653
Everyone who asks will receive. Everyone who searches will find. And the door will be opened for everyone who knocks.,"Nɩrɛ 'lɔ na sʊɔr na nyɛ naa, ka a 'lɔ mɩ na yɔbɔ nyɛ, ka a pãn mɩ yuo kʊ a nɩrɛ 'lɔ na kpoor.","When the hunter goes to the farm and sees the elephant, he goes and tells the elephant's news, and he comes and meets the hunter at the farm.",gerhardt_0445F08A_output_T9n53N,,12.717419730457255,6.682063801556247,4.079135223332653
Many prophets and good people were eager to see what you see and to hear what you hear. But I tell you they did not see or hear. Jesus Explains the Story about the Farmer (Mark,"Yelmãɛ lɛ n 'yɛrɛ kʊrɔ yɩ ɩka Nãaŋmɩn 'yɛ'yɛrbɛ yɔɔ nɩ nɩtorsɩ yɔɔ ta bʊɔrɔ na ɩka ba nyɛ bon 'lɔ yɩn nyɛ tɩchɛ baa nyɛ ɛ, na ba ta wõ bon 'lɔ yɩn wõ tɩchɛ baa tʊ̃ɔ wõ ɛ.","The women go to the farm to work and return home in the evening to cook and give their husbands food to eat, and when they give them food to eat, they also give their children food to eat.",gerhardt_0445F08A_output_T9n53N,,18.498513341879157,6.682063801556247,4.079135223332653
"Everyone who has something will be given more, and they will have more than enough. But everything will be taken from those who don't have anything.","Nɩrɛ 'lɔ jaa na tara yɔɔ, ban kʊ wʊn yɔɔ pʊɔ ka ba tara yɔɔ tɩchɛ a nɩrɛ 'lɔ na ba tara bon jaa ɛ, a bãlãa 'lɔ wʊn tara gba ban faan yin a wʊ sɛ̃.","When the sun rises and the cock crows, the women go to the farm to weed the farm of the sun and the farm of the moon, and the men go to the farm to work and to clear the bush.",gerhardt_0445F08A_output_T9n53N,,18.826507657776563,6.682063801556247,4.079135223332653
So the chief priests met with the leaders and decided to bribe the soldiers with a lot of money.,"A bɔɔrlo nãa nɩ a wʊ nɩbɛrɛ na wa lɔ̃ɔ taa, ba guor taa de libiyɔɔ kʊ a sojasɩ","The hunter and his companions went to the bush to hunt, they killed a big elephant yesterday",gerhardt_0445F08A_output_T9n53N,,18.792784898812428,6.682063801556247,4.079135223332653
"The angel said, “Get up and take the child and his mother back to Israel. The people who wanted to kill him are now dead.”","“Vaa ir 'mɔɔ a bie nɩ a wʊ ma na fʊ chiin a Isɩral wɛr pɔ, a bala na dɔ̃ɔ bʊɔrɔ a bie kʊfʊ kpi naa.”",And it came to pass when Israel was dwelling in Shittim that the people began to commit fornication with the daughters of Moab,gerhardt_60BC0D18_output (8),,24.082294311677753,6.682063801556247,4.079135223332653
Everyone who asks will receive. Everyone who searches will find. And the door will be opened for everyone who knocks.,"Nɩrɛ 'lɔ na sʊɔr na nyɛ naa, ka a 'lɔ mɩ na yɔbɔ nyɛ, ka a pãn mɩ yuo kʊ a nɩrɛ 'lɔ na kpoor.","When the hunter goes to the farm and sees the animal, he goes and informs the young men, and they come and help the hunter to catch the animal.",gerhardt_60BC0D18_output (8),,15.182740389683632,6.682063801556247,4.079135223332653
Many prophets and good people were eager to see what you see and to hear what you hear. But I tell you they did not see or hear. Jesus Explains the Story about the Farmer (Mark,"Yelmãɛ lɛ n 'yɛrɛ kʊrɔ yɩ ɩka Nãaŋmɩn 'yɛ'yɛrbɛ yɔɔ nɩ nɩtorsɩ yɔɔ ta bʊɔrɔ na ɩka ba nyɛ bon 'lɔ yɩn nyɛ tɩchɛ baa nyɛ ɛ, na ba ta wõ bon 'lɔ yɩn wõ tɩchɛ baa tʊ̃ɔ wõ ɛ.","When the women have finished pounding the fufu, they take it to the chief's house and if they have a daughter who is grown, she will pound the fufu, and if they have a son who is grown, he will pound the fufu",gerhardt_60BC0D18_output (8),,18.66578576418925,6.682063801556247,4.079135223332653
"Everyone who has something will be given more, and they will have more than enough. But everything will be taken from those who don't have anything.","Nɩrɛ 'lɔ jaa na tara yɔɔ, ban kʊ wʊn yɔɔ pʊɔ ka ba tara yɔɔ tɩchɛ a nɩrɛ 'lɔ na ba tara bon jaa ɛ, a bãlãa 'lɔ wʊn tara gba ban faan yin a wʊ sɛ̃.","When the men have gone to hunt, they go to the bush and hunt the animals that the men have gone to hunt, and the women stay at home and pound the millet that they will eat.",gerhardt_60BC0D18_output (8),,25.539282523195066,6.682063801556247,4.079135223332653
So the chief priests met with the leaders and decided to bribe the soldiers with a lot of money.,"A bɔɔrlo nãa nɩ a wʊ nɩbɛrɛ na wa lɔ̃ɔ taa, ba guor taa de libiyɔɔ kʊ a sojasɩ","The hunter and his companions went to hunt in the bush, they killed a big elephant yesterday",gerhardt_60BC0D18_output (8),,17.481394391371406,6.682063801556247,4.079135223332653
"But I will show you that the Son of Man has the right to forgive sins here on earth.” So Jesus said to the man, “Get up! Pick up your mat and go on home.”",") N ba wa ɩka n wa bʊɔl a bala na tor ɛ, tɩchɛ n wan ɩka n wa bʊɔl a yelbe-ɩrbɛ.”","If you want to go and work on the farm, you will go and work on the farm, but if you want to go and learn a trade, you will go and learn a trade.",output-onesimus_002,0.20838875,16.559069872804972,6.682063801556247,4.079135223332653
"“A virgin will have a baby boy, and he will be called Immanuel,” which means “God is with us.”","“Nyɛ a pɔɔsarbile na tara na pʊɔ dɔɔ dabile, ban 'yɔ̃ɔn a wʊ yuor Emanuwɛl,” (Isaiya",And they shall call his name Emmanuel,output-onesimus_002,0.48086986,16.69389282762262,6.682063801556247,4.079135223332653
Anyone who obeys God is my brother or sister or mother.”,"Nɩrɛ 'lɔ jaa na turo a Nãaŋmɩn sɔr, 'lɔ lɛ a n yɛbɛ nɩ a n yɛpɔɔ nɩ a n ma.”","If you want to go to Nãaŋmɩn's farm, you will have to pass through the river and the bush and the forest.",output-onesimus_002,0.06864628,17.53864556519075,6.682063801556247,4.079135223332653
What kind of man did you go out to see? Was he someone dressed in fine clothes? People who dress like that live in the king's palace.,"Kai, ka bo lɛ yɩ chen ɩka yɩ tɩ kaa? Daba na su bʊ̃vɩɛl lɛ yɩ chen ɩka yɩ tɩ kaa bɩɩ? Nyɛ a bala na ma su bʊ̃vɩɛl ɛ, nãmɩne yie lɛ ba ma be.","What is it that you people are doing here? If our elders were here, what would you people be doing here? If our elders were around, you would not be doing this.",output-onesimus_002,0.15955612,20.295840026276746,6.682063801556247,4.079135223332653
"Jesus answered, “Don't you know in the beginning the Creator made a man and a woman?","Ka Yesu 'yɛr, “Yaa kar a be a nɩrɛ 'lɔ na maal ba a pielfʊ daar ‘Maal daba nɩ pɔɔ’ ”, (A Pielfʊ Gãn","And Jesus said, “Take heed and beware of the leaven of the Pharisees and of the Sadducees”",output-onesimus_002,0.32980716,18.735669202159063,6.682063801556247,4.079135223332653
"The angel said, “Get up and take the child and his mother back to Israel. The people who wanted to kill him are now dead.”","“Vaa ir 'mɔɔ a bie nɩ a wʊ ma na fʊ chiin a Isɩral wɛr pɔ, a bala na dɔ̃ɔ bʊɔrɔ a bie kʊfʊ kpi naa.”","And it came to pass when Israel was strong that they put the Canaanites to forced labor, but they did not drive them out completely.",onesimus_BAB3F503_Dec 10 output,,21.292715652033397,6.682063801556247,4.079135223332653
Everyone who asks will receive. Everyone who searches will find. And the door will be opened for everyone who knocks.,"Nɩrɛ 'lɔ na sʊɔr na nyɛ naa, ka a 'lɔ mɩ na yɔbɔ nyɛ, ka a pãn mɩ yuo kʊ a nɩrɛ 'lɔ na kpoor.","When the sun rises and the cock crows, then the dog will go and meet the sun at the hill.",onesimus_BAB3F503_Dec 10 output,,16.179393543691102,6.682063801556247,4.079135223332653
Many prophets and good people were eager to see what you see and to hear what you hear. But I tell you they did not see or hear. Jesus Explains the Story about the Farmer (Mark,"Yelmãɛ lɛ n 'yɛrɛ kʊrɔ yɩ ɩka Nãaŋmɩn 'yɛ'yɛrbɛ yɔɔ nɩ nɩtorsɩ yɔɔ ta bʊɔrɔ na ɩka ba nyɛ bon 'lɔ yɩn nyɛ tɩchɛ baa nyɛ ɛ, na ba ta wõ bon 'lɔ yɩn wõ tɩchɛ baa tʊ̃ɔ wõ ɛ.","When the men have gone to hunt, the women stay at home and pound the millet, and when the men come back from hunting, the women have already pounded the millet",onesimus_BAB3F503_Dec 10 output,,17.731104460646367,6.682063801556247,4.079135223332653
"Everyone who has something will be given more, and they will have more than enough. But everything will be taken from those who don't have anything.","Nɩrɛ 'lɔ jaa na tara yɔɔ, ban kʊ wʊn yɔɔ pʊɔ ka ba tara yɔɔ tɩchɛ a nɩrɛ 'lɔ na ba tara bon jaa ɛ, a bãlãa 'lɔ wʊn tara gba ban faan yin a wʊ sɛ̃.","When the men have gone to hunt, they give their wives the guns to keep until the men return from the hunt, and the wives take the guns and hide them so that the children will not play with them.",onesimus_BAB3F503_Dec 10 output,,27.499362060693354,6.682063801556247,4.079135223332653
So the chief priests met with the leaders and decided to bribe the soldiers with a lot of money.,"A bɔɔrlo nãa nɩ a wʊ nɩbɛrɛ na wa lɔ̃ɔ taa, ba guor taa de libiyɔɔ kʊ a sojasɩ","The dog and the cow went to the river to drink water, but the dog saw a big fish in the river",onesimus_BAB3F503_Dec 10 output,,18.55876344587232,6.682063801556247,4.079135223332653
"The angel said, “Get up and take the child and his mother back to Israel. The people who wanted to kill him are now dead.”","“Vaa ir 'mɔɔ a bie nɩ a wʊ ma na fʊ chiin a Isɩral wɛr pɔ, a bala na dɔ̃ɔ bʊɔrɔ a bie kʊfʊ kpi naa.”",And it came to pass when Israel was dwelling in the land that Reuben went and lay with Bilhah his father's concubine,onesimus_AE3F5661_Dec 08 output,,21.365712586234935,6.682063801556247,4.079135223332653
Everyone who asks will receive. Everyone who searches will find. And the door will be opened for everyone who knocks.,"Nɩrɛ 'lɔ na sʊɔr na nyɛ naa, ka a 'lɔ mɩ na yɔbɔ nyɛ, ka a pãn mɩ yuo kʊ a nɩrɛ 'lɔ na kpoor.","When the hunter goes to the farm and sees the elephant, he goes and tells the young men, and they come and help the hunter to tie the elephant.",onesimus_AE3F5661_Dec 08 output,,13.529228988058808,6.682063801556247,4.079135223332653
Many prophets and good people were eager to see what you see and to hear what you hear. But I tell you they did not see or hear. Jesus Explains the Story about the Farmer (Mark,"Yelmãɛ lɛ n 'yɛrɛ kʊrɔ yɩ ɩka Nãaŋmɩn 'yɛ'yɛrbɛ yɔɔ nɩ nɩtorsɩ yɔɔ ta bʊɔrɔ na ɩka ba nyɛ bon 'lɔ yɩn nyɛ tɩchɛ baa nyɛ ɛ, na ba ta wõ bon 'lɔ yɩn wõ tɩchɛ baa tʊ̃ɔ wõ ɛ.","The women went to the farm and the men also went to the farm, and when they arrived at the farm, the women were hoeing, and the men were also hoeing.",onesimus_AE3F5661_Dec 08 output,,17.75755240495284,6.682063801556247,4.079135223332653
"Everyone who has something will be given more, and they will have more than enough. But everything will be taken from those who don't have anything.","Nɩrɛ 'lɔ jaa na tara yɔɔ, ban kʊ wʊn yɔɔ pʊɔ ka ba tara yɔɔ tɩchɛ a nɩrɛ 'lɔ na ba tara bon jaa ɛ, a bãlãa 'lɔ wʊn tara gba ban faan yin a wʊ sɛ̃.","When the hunter goes to the farm, he does not go to the farm to harvest the farm, but the hunter goes to the farm to hunt animals, and the farmer goes to the farm to cultivate.",onesimus_AE3F5661_Dec 08 output,,17.614643555700265,6.682063801556247,4.079135223332653
So the chief priests met with the leaders and decided to bribe the soldiers with a lot of money.,"A bɔɔrlo nãa nɩ a wʊ nɩbɛrɛ na wa lɔ̃ɔ taa, ba guor taa de libiyɔɔ kʊ a sojasɩ","The hunter and his wife went to the farm, they found a big elephant that the young men had killed",onesimus_AE3F5661_Dec 08 output,,19.13445034497666,6.682063801556247,4.079135223332653
"The angel said, “Get up and take the child and his mother back to Israel. The people who wanted to kill him are now dead.”","“Vaa ir 'mɔɔ a bie nɩ a wʊ ma na fʊ chiin a Isɩral wɛr pɔ, a bala na dɔ̃ɔ bʊɔrɔ a bie kʊfʊ kpi naa.”",And it came to pass when the children of Israel had finished doing all that the Lord had commanded Moses,onesimus_A84A9EF3_Dec 04 output,,25.064266241105486,6.682063801556247,4.079135223332653
Everyone who asks will receive. Everyone who searches will find. And the door will be opened for everyone who knocks.,"Nɩrɛ 'lɔ na sʊɔr na nyɛ naa, ka a 'lɔ mɩ na yɔbɔ nyɛ, ka a pãn mɩ yuo kʊ a nɩrɛ 'lɔ na kpoor.","When the elephant goes to the river to drink water, it first looks at the water, then it smells it before it drinks.",onesimus_A84A9EF3_Dec 04 output,,16.873693259797445,6.682063801556247,4.079135223332653
Many prophets and good people were eager to see what you see and to hear what you hear. But I tell you they did not see or hear. Jesus Explains the Story about the Farmer (Mark,"Yelmãɛ lɛ n 'yɛrɛ kʊrɔ yɩ ɩka Nãaŋmɩn 'yɛ'yɛrbɛ yɔɔ nɩ nɩtorsɩ yɔɔ ta bʊɔrɔ na ɩka ba nyɛ bon 'lɔ yɩn nyɛ tɩchɛ baa nyɛ ɛ, na ba ta wõ bon 'lɔ yɩn wõ tɩchɛ baa tʊ̃ɔ wõ ɛ.","The women go to the farm to work and the men go to the farm to work, when they go to the farm to work they work and when they come back from the farm they rest.",onesimus_A84A9EF3_Dec 04 output,,16.525368627137226,6.682063801556247,4.079135223332653
"Everyone who has something will be given more, and they will have more than enough. But everything will be taken from those who don't have anything.","Nɩrɛ 'lɔ jaa na tara yɔɔ, ban kʊ wʊn yɔɔ pʊɔ ka ba tara yɔɔ tɩchɛ a nɩrɛ 'lɔ na ba tara bon jaa ɛ, a bãlãa 'lɔ wʊn tara gba ban faan yin a wʊ sɛ̃.","When the men have gone to hunt, they go to the bush and when they have hunted and caught something, they bring it back to the men who have stayed at home, and the women cook it for them to eat.",onesimus_A84A9EF3_Dec 04 output,,28.532063108613382,6.682063801556247,4.079135223332653
So the chief priests met with the leaders and decided to bribe the soldiers with a lot of money.,"A bɔɔrlo nãa nɩ a wʊ nɩbɛrɛ na wa lɔ̃ɔ taa, ba guor taa de libiyɔɔ kʊ a sojasɩ","The hunter and his wife went to the farm, they met a python that swallowed their child",onesimus_A84A9EF3_Dec 04 output,,21.093874713486553,6.682063801556247,4.079135223332653
"You're nothing but show-offs! First, take the log out of your own eye; then you can see how to take the speck out of your friend's eye.","Yɩn nɛɛr ayi dẽme, de nie ir a dakpɛ̃ɛ a fʊ nɩbir pɔ bar na fʊ pãa nyɛrɛ tʊ̃ɔ ir a dabile a fʊ yɛbɛ nɩbir pɔ mɩ bar.","If you want to go quickly, go alone, but if you want to go far, go together.",output-onesimus_006,0.1826902,14.193976455869883,6.682063801556247,4.079135223332653
"Philip, Bartholomew, Thomas, Matthew the tax collector, James the son of Alphaeus, and Thaddaeus were also apostles.","Filip nɩ Batolomi, Tomasɩ nɩ Matiu na ɩ a lõpodiere. Jemesɩ na ɩ Alfayasɩ bidaba nɩ Tadius.","Philip and Bartholomew, Thomas and Matthew and the mother of James and Alphaeus, and James the son of Alphaeus and Thaddaeus",output-onesimus_006,0.75852275,58.97468855120327,6.682063801556247,4.079135223332653
"No one was able to give Jesus an answer, and from that day on, no one dared ask him any more questions.","An yɩ a daar 'lɔ̃nɔ̃ chiine, nɩrɛ jaa ba lɛ haa nɛɛ 'yɛr 'yɛr ɛ bɩɩ lɛ 'la sʊʊr sʊʊrfʊ jaa go ɛ.","When the sun rises, the women go to the farm to weed and to clear the field.",output-onesimus_006,0.06590615,14.23437367514119,6.682063801556247,4.079135223332653
"Jesus looked straight at them and said, “There are some things people cannot do, but God can do anything.”","Ka Yesu kaa ba tɩ 'yɛr, “Ala na ɩ tuo nɩrɛ sɛ̃, Nãaŋmɩn sɛ̃ yele jaa ba ɩ tuo ɛ.”","And Jesus said to them, “If God were your Father, you would love me, for I came from God and now I am here.",output-onesimus_006,0.53057015,19.841221414603798,6.682063801556247,4.079135223332653
"He used stories to teach them many things, and this is part of what he taught:","Sʊkpar lɛ wʊ lɔɔrɔ wile nɩ ba yelyɔɔ, sʊkpa ãsʊɔ nɩ nyã:","The dog is very good at hunting, the dog is better than the cat",output-onesimus_006,0.14208452,17.77683237968211,6.682063801556247,4.079135223332653
"The angel said, “Get up and take the child and his mother back to Israel. The people who wanted to kill him are now dead.”","“Vaa ir 'mɔɔ a bie nɩ a wʊ ma na fʊ chiin a Isɩral wɛr pɔ, a bala na dɔ̃ɔ bʊɔrɔ a bie kʊfʊ kpi naa.”",And it came to pass when the children of Israel had finished doing all that the Lord had commanded Moses,gerhardt_34E1778F_output (7),,25.064266241105486,6.682063801556247,4.079135223332653
Everyone who asks will receive. Everyone who searches will find. And the door will be opened for everyone who knocks.,"Nɩrɛ 'lɔ na sʊɔr na nyɛ naa, ka a 'lɔ mɩ na yɔbɔ nyɛ, ka a pãn mɩ yuo kʊ a nɩrɛ 'lɔ na kpoor.","When the hunter goes to the farm and sees the elephant, he goes and informs the young men, and they come and kill the elephant.",gerhardt_34E1778F_output (7),,15.049052853302666,6.682063801556247,4.079135223332653
Many prophets and good people were eager to see what you see and to hear what you hear. But I tell you they did not see or hear. Jesus Explains the Story about the Farmer (Mark,"Yelmãɛ lɛ n 'yɛrɛ kʊrɔ yɩ ɩka Nãaŋmɩn 'yɛ'yɛrbɛ yɔɔ nɩ nɩtorsɩ yɔɔ ta bʊɔrɔ na ɩka ba nyɛ bon 'lɔ yɩn nyɛ tɩchɛ baa nyɛ ɛ, na ba ta wõ bon 'lɔ yɩn wõ tɩchɛ baa tʊ̃ɔ wõ ɛ.","When the women go to the farm, they go to fetch water and firewood, and when they come back home, they pound the fufu, and when their husbands come back home, they also pound the fufu",gerhardt_34E1778F_output (7),,18.310715919237396,6.682063801556247,4.079135223332653
"Everyone who has something will be given more, and they will have more than enough. But everything will be taken from those who don't have anything.","Nɩrɛ 'lɔ jaa na tara yɔɔ, ban kʊ wʊn yɔɔ pʊɔ ka ba tara yɔɔ tɩchɛ a nɩrɛ 'lɔ na ba tara bon jaa ɛ, a bãlãa 'lɔ wʊn tara gba ban faan yin a wʊ sɛ̃.","When the men have gone to hunt, they go to the bush and when they have hunted and caught something, they bring it back home and give it to their wives to cook, and the wives take it and prepare a meal for their husbands to eat.",gerhardt_34E1778F_output (7),,28.314477234740455,6.682063801556247,4.079135223332653
So the chief priests met with the leaders and decided to bribe the soldiers with a lot of money.,"A bɔɔrlo nãa nɩ a wʊ nɩbɛrɛ na wa lɔ̃ɔ taa, ba guor taa de libiyɔɔ kʊ a sojasɩ","The woman went to the farm with her child, they met a hunter who was chasing an animal",gerhardt_34E1778F_output (7),,17.40227912308596,6.682063801556247,4.079135223332653
"The angel said, “Get up and take the child and his mother back to Israel. The people who wanted to kill him are now dead.”","“Vaa ir 'mɔɔ a bie nɩ a wʊ ma na fʊ chiin a Isɩral wɛr pɔ, a bala na dɔ̃ɔ bʊɔrɔ a bie kʊfʊ kpi naa.”","And it came to pass when the children of Israel had finished doing all that the Lord had commanded Moses, they brought",output_JA-5,,25.29493837197105,6.682063801556247,4.079135223332653
Everyone who asks will receive. Everyone who searches will find. And the door will be opened for everyone who knocks.,"Nɩrɛ 'lɔ na sʊɔr na nyɛ naa, ka a 'lɔ mɩ na yɔbɔ nyɛ, ka a pãn mɩ yuo kʊ a nɩrɛ 'lɔ na kpoor.","When the moon is full and the stars are visible, then we go to the farm to work, and we return home when the moon is full and it is morning.",output_JA-5,,17.673723347171617,6.682063801556247,4.079135223332653
Many prophets and good people were eager to see what you see and to hear what you hear. But I tell you they did not see or hear. Jesus Explains the Story about the Farmer (Mark,"Yelmãɛ lɛ n 'yɛrɛ kʊrɔ yɩ ɩka Nãaŋmɩn 'yɛ'yɛrbɛ yɔɔ nɩ nɩtorsɩ yɔɔ ta bʊɔrɔ na ɩka ba nyɛ bon 'lɔ yɩn nyɛ tɩchɛ baa nyɛ ɛ, na ba ta wõ bon 'lɔ yɩn wõ tɩchɛ baa tʊ̃ɔ wõ ɛ.","The chief said to his people that the Nandom people had come to fight them, so they should prepare for battle, and if they defeat them, they will take their cattle, and if they are defeated, their cattle will be taken.",output_JA-5,,21.321585894638947,6.682063801556247,4.079135223332653
"Everyone who has something will be given more, and they will have more than enough. But everything will be taken from those who don't have anything.","Nɩrɛ 'lɔ jaa na tara yɔɔ, ban kʊ wʊn yɔɔ pʊɔ ka ba tara yɔɔ tɩchɛ a nɩrɛ 'lɔ na ba tara bon jaa ɛ, a bãlãa 'lɔ wʊn tara gba ban faan yin a wʊ sɛ̃.","When the hunter goes to the farm, he does not go to the farm to harvest the farm, but rather the hunter goes to the farm to look for animals, and the one who goes to the farm to harvest is the farmer.",output_JA-5,,19.468754557209582,6.682063801556247,4.079135223332653
So the chief priests met with the leaders and decided to bribe the soldiers with a lot of money.,"A bɔɔrlo nãa nɩ a wʊ nɩbɛrɛ na wa lɔ̃ɔ taa, ba guor taa de libiyɔɔ kʊ a sojasɩ","The hunter and his companions went to hunt in the forest, they killed a big elephant yesterday",output_JA-5,,18.67890881048776,6.682063801556247,4.079135223332653
"The angel said, “Get up and take the child and his mother back to Israel. The people who wanted to kill him are now dead.”","“Vaa ir 'mɔɔ a bie nɩ a wʊ ma na fʊ chiin a Isɩral wɛr pɔ, a bala na dɔ̃ɔ bʊɔrɔ a bie kʊfʊ kpi naa.”","And it came to pass when Israel was strong that they put the Canaanites to forced labor, but they did not drive them out completely.",john_86344B85_output (7),,21.292715652033397,6.682063801556247,4.079135223332653
Everyone who asks will receive. Everyone who searches will find. And the door will be opened for everyone who knocks.,"Nɩrɛ 'lɔ na sʊɔr na nyɛ naa, ka a 'lɔ mɩ na yɔbɔ nyɛ, ka a pãn mɩ yuo kʊ a nɩrɛ 'lɔ na kpoor.","When the elephant goes to the river to drink water, it first looks at the water, then it smells it before it drinks from the river.",john_86344B85_output (7),,17.13477557427157,6.682063801556247,4.079135223332653
Many prophets and good people were eager to see what you see and to hear what you hear. But I tell you they did not see or hear. Jesus Explains the Story about the Farmer (Mark,"Yelmãɛ lɛ n 'yɛrɛ kʊrɔ yɩ ɩka Nãaŋmɩn 'yɛ'yɛrbɛ yɔɔ nɩ nɩtorsɩ yɔɔ ta bʊɔrɔ na ɩka ba nyɛ bon 'lɔ yɩn nyɛ tɩchɛ baa nyɛ ɛ, na ba ta wõ bon 'lɔ yɩn wõ tɩchɛ baa tʊ̃ɔ wõ ɛ.","The women went to the farm and the men went to hunt, and when they went, they would leave their children with an old woman, and when they came back, they would leave their load with her, and she would take care of it for them.",john_86344B85_output (7),,18.284969970432353,6.682063801556247,4.079135223332653
"Everyone who has something will be given more, and they will have more than enough. But everything will be taken from those who don't have anything.","Nɩrɛ 'lɔ jaa na tara yɔɔ, ban kʊ wʊn yɔɔ pʊɔ ka ba tara yɔɔ tɩchɛ a nɩrɛ 'lɔ na ba tara bon jaa ɛ, a bãlãa 'lɔ wʊn tara gba ban faan yin a wʊ sɛ̃.","When the hunter goes to the farm, the dogs also go to the farm to help the hunter, and when the hunter returns from the farm, the dogs also return with him.",john_86344B85_output (7),,18.859448223817985,6.682063801556247,4.079135223332653
So the chief priests met with the leaders and decided to bribe the soldiers with a lot of money.,"A bɔɔrlo nãa nɩ a wʊ nɩbɛrɛ na wa lɔ̃ɔ taa, ba guor taa de libiyɔɔ kʊ a sojasɩ","The hunter and his wife went to the farm, they found a big elephant in the bush",john_86344B85_output (7),,16.997835325781235,6.682063801556247,4.079135223332653
"The angel said, “Get up and take the child and his mother back to Israel. The people who wanted to kill him are now dead.”","“Vaa ir 'mɔɔ a bie nɩ a wʊ ma na fʊ chiin a Isɩral wɛr pɔ, a bala na dɔ̃ɔ bʊɔrɔ a bie kʊfʊ kpi naa.”",And it came to pass when the children of Israel had finished doing all that the Lord had commanded Moses,Dec 05 output,,25.064266241105486,6.682063801556247,4.079135223332653
Everyone who asks will receive. Everyone who searches will find. And the door will be opened for everyone who knocks.,"Nɩrɛ 'lɔ na sʊɔr na nyɛ naa, ka a 'lɔ mɩ na yɔbɔ nyɛ, ka a pãn mɩ yuo kʊ a nɩrɛ 'lɔ na kpoor.","When the sun rises and the cock crows, then the woman takes her load and goes to the farm where the sun rises and the cock crows.",Dec 05 output,,16.399289930081085,6.682063801556247,4.079135223332653
Many prophets and good people were eager to see what you see and to hear what you hear. But I tell you they did not see or hear. Jesus Explains the Story about the Farmer (Mark,"Yelmãɛ lɛ n 'yɛrɛ kʊrɔ yɩ ɩka Nãaŋmɩn 'yɛ'yɛrbɛ yɔɔ nɩ nɩtorsɩ yɔɔ ta bʊɔrɔ na ɩka ba nyɛ bon 'lɔ yɩn nyɛ tɩchɛ baa nyɛ ɛ, na ba ta wõ bon 'lɔ yɩn wõ tɩchɛ baa tʊ̃ɔ wõ ɛ.","When the women go to the farm, they sing and dance, and when they come back from the farm, they sing and dance, and that is what they do every day.",Dec 05 output,,17.57345959569962,6.682063801556247,4.079135223332653
"Everyone who has something will be given more, and they will have more than enough. But everything will be taken from those who don't have anything.","Nɩrɛ 'lɔ jaa na tara yɔɔ, ban kʊ wʊn yɔɔ pʊɔ ka ba tara yɔɔ tɩchɛ a nɩrɛ 'lɔ na ba tara bon jaa ɛ, a bãlãa 'lɔ wʊn tara gba ban faan yin a wʊ sɛ̃.","When the sun rises, the men go to their farms, and when the sun sets, the men return home, and the women go to fetch water from the stream.",Dec 05 output,,21.15851871757844,6.682063801556247,4.079135223332653
So the chief priests met with the leaders and decided to bribe the soldiers with a lot of money.,"A bɔɔrlo nãa nɩ a wʊ nɩbɛrɛ na wa lɔ̃ɔ taa, ba guor taa de libiyɔɔ kʊ a sojasɩ","The man went to the farm with his wife to clear the land, but they found a large snake there",Dec 05 output,,21.82336049795153,6.682063801556247,4.079135223332653
"The angel said, “Get up and take the child and his mother back to Israel. The people who wanted to kill him are now dead.”","“Vaa ir 'mɔɔ a bie nɩ a wʊ ma na fʊ chiin a Isɩral wɛr pɔ, a bala na dɔ̃ɔ bʊɔrɔ a bie kʊfʊ kpi naa.”",And it came to pass when Israel was dwelling in the land that the people began to commit fornication with the daughters of the Moabites,onesimus_C968674F_Dec 07 output,,25.747201035587764,6.682063801556247,4.079135223332653
Everyone who asks will receive. Everyone who searches will find. And the door will be opened for everyone who knocks.,"Nɩrɛ 'lɔ na sʊɔr na nyɛ naa, ka a 'lɔ mɩ na yɔbɔ nyɛ, ka a pãn mɩ yuo kʊ a nɩrɛ 'lɔ na kpoor.","When the hunter goes to the farm and sees the elephant, he goes and informs the young men, and they come and help the hunter to kill the elephant.",onesimus_C968674F_Dec 07 output,,15.424750773070212,6.682063801556247,4.079135223332653
Many prophets and good people were eager to see what you see and to hear what you hear. But I tell you they did not see or hear. Jesus Explains the Story about the Farmer (Mark,"Yelmãɛ lɛ n 'yɛrɛ kʊrɔ yɩ ɩka Nãaŋmɩn 'yɛ'yɛrbɛ yɔɔ nɩ nɩtorsɩ yɔɔ ta bʊɔrɔ na ɩka ba nyɛ bon 'lɔ yɩn nyɛ tɩchɛ baa nyɛ ɛ, na ba ta wõ bon 'lɔ yɩn wõ tɩchɛ baa tʊ̃ɔ wõ ɛ.","When the men have gone to the farm, the women gather at the Naaŋmin shrine, and they do not go to the farm, and when they go to the farm, they do not go to the shrine, and if they go to the shrine, they do not go to the farm.",onesimus_C968674F_Dec 07 output,,18.33124018585931,6.682063801556247,4.079135223332653
"Everyone who has something will be given more, and they will have more than enough. But everything will be taken from those who don't have anything.","Nɩrɛ 'lɔ jaa na tara yɔɔ, ban kʊ wʊn yɔɔ pʊɔ ka ba tara yɔɔ tɩchɛ a nɩrɛ 'lɔ na ba tara bon jaa ɛ, a bãlãa 'lɔ wʊn tara gba ban faan yin a wʊ sɛ̃.","When the sun rises, the men go to the farm to work, and when the sun sets, the men return from the farm, and the women go to fetch water in the evening.",onesimus_C968674F_Dec 07 output,,23.04070498726424,6.682063801556247,4.079135223332653
So the chief priests met with the leaders and decided to bribe the soldiers with a lot of money.,"A bɔɔrlo nãa nɩ a wʊ nɩbɛrɛ na wa lɔ̃ɔ taa, ba guor taa de libiyɔɔ kʊ a sojasɩ","The hunter and his companions went to hunt in the bush, they killed a big lion with a single shot",onesimus_C968674F_Dec 07 output,,18.710400868295604,6.682063801556247,4.079135223332653
"The angel said, “Get up and take the child and his mother back to Israel. The people who wanted to kill him are now dead.”","“Vaa ir 'mɔɔ a bie nɩ a wʊ ma na fʊ chiin a Isɩral wɛr pɔ, a bala na dɔ̃ɔ bʊɔrɔ a bie kʊfʊ kpi naa.”","And it came to pass when the children of Israel had finished doing all that the Lord had commanded Moses, they brought",john_C52DEBBB_output (10),,25.29493837197105,6.682063801556247,4.079135223332653
Everyone who asks will receive. Everyone who searches will find. And the door will be opened for everyone who knocks.,"Nɩrɛ 'lɔ na sʊɔr na nyɛ naa, ka a 'lɔ mɩ na yɔbɔ nyɛ, ka a pãn mɩ yuo kʊ a nɩrɛ 'lɔ na kpoor.","When the sun rises and the day breaks, then the men go to their farms, and they return home with the sun at their backs.",john_C52DEBBB_output (10),,16.50281818103906,6.682063801556247,4.079135223332653
Many prophets and good people were eager to see what you see and to hear what you hear. But I tell you they did not see or hear. Jesus Explains the Story about the Farmer (Mark,"Yelmãɛ lɛ n 'yɛrɛ kʊrɔ yɩ ɩka Nãaŋmɩn 'yɛ'yɛrbɛ yɔɔ nɩ nɩtorsɩ yɔɔ ta bʊɔrɔ na ɩka ba nyɛ bon 'lɔ yɩn nyɛ tɩchɛ baa nyɛ ɛ, na ba ta wõ bon 'lɔ yɩn wõ tɩchɛ baa tʊ̃ɔ wõ ɛ.","When the men go to hunt, they go to the bush and stay for two or three days, and when they return, they bring game, and when they bring game, they share it among themselves.",john_C52DEBBB_output (10),,17.949712599735392,6.682063801556247,4.079135223332653
"Everyone who has something will be given more, and they will have more than enough. But everything will be taken from those who don't have anything.","Nɩrɛ 'lɔ jaa na tara yɔɔ, ban kʊ wʊn yɔɔ pʊɔ ka ba tara yɔɔ tɩchɛ a nɩrɛ 'lɔ na ba tara bon jaa ɛ, a bãlãa 'lɔ wʊn tara gba ban faan yin a wʊ sɛ̃.","When the hunter goes to the bush, the animals also go to the bush to meet the hunter, and when the hunter returns home, the animals also return home to sleep.",john_C52DEBBB_output (10),,18.613165543524783,6.682063801556247,4.079135223332653
So the chief priests met with the leaders and decided to bribe the soldiers with a lot of money.,"A bɔɔrlo nãa nɩ a wʊ nɩbɛrɛ na wa lɔ̃ɔ taa, ba guor taa de libiyɔɔ kʊ a sojasɩ","The woman went to the farm with her child, they found a big snake on the road",john_C52DEBBB_output (10),,18.001706117854457,6.682063801556247,4.079135223332653
"The angel said, “Get up and take the child and his mother back to Israel. The people who wanted to kill him are now dead.”","“Vaa ir 'mɔɔ a bie nɩ a wʊ ma na fʊ chiin a Isɩral wɛr pɔ, a bala na dɔ̃ɔ bʊɔrɔ a bie kʊfʊ kpi naa.”","And it came to pass when the children of Israel had finished doing all that the Lord had commanded them, then they made the tabernacle",gerhardt_62CB5CC1_output (4),,26.813491558882074,6.682063801556247,4.079135223332653
Everyone who asks will receive. Everyone who searches will find. And the door will be opened for everyone who knocks.,"Nɩrɛ 'lɔ na sʊɔr na nyɛ naa, ka a 'lɔ mɩ na yɔbɔ nyɛ, ka a pãn mɩ yuo kʊ a nɩrɛ 'lɔ na kpoor.","When the hunter goes to the farm and sees the animal, he goes and tells his fellow and they come and kill the animal at the farm.",gerhardt_62CB5CC1_output (4),,14.8737958091592,6.682063801556247,4.079135223332653
Many prophets and good people were eager to see what you see and to hear what you hear. But I tell you they did not see or hear. Jesus Explains the Story about the Farmer (Mark,"Yelmãɛ lɛ n 'yɛrɛ kʊrɔ yɩ ɩka Nãaŋmɩn 'yɛ'yɛrbɛ yɔɔ nɩ nɩtorsɩ yɔɔ ta bʊɔrɔ na ɩka ba nyɛ bon 'lɔ yɩn nyɛ tɩchɛ baa nyɛ ɛ, na ba ta wõ bon 'lɔ yɩn wõ tɩchɛ baa tʊ̃ɔ wõ ɛ.","The women went to the farm to work, and the men also went to the farm to work, and when the women came back from the farm, they would cook, and when the men came back from the farm, they would also cook.",gerhardt_62CB5CC1_output (4),,17.635853842045147,6.682063801556247,4.079135223332653
"Everyone who has something will be given more, and they will have more than enough. But everything will be taken from those who don't have anything.","Nɩrɛ 'lɔ jaa na tara yɔɔ, ban kʊ wʊn yɔɔ pʊɔ ka ba tara yɔɔ tɩchɛ a nɩrɛ 'lɔ na ba tara bon jaa ɛ, a bãlãa 'lɔ wʊn tara gba ban faan yin a wʊ sɛ̃.","When the sun rises, all the animals go to their hiding places, because when the sun rises, the hunters go to the bush to hunt, and the animals know that the hunters have come to kill them.",gerhardt_62CB5CC1_output (4),,22.113551975328345,6.682063801556247,4.079135223332653
So the chief priests met with the leaders and decided to bribe the soldiers with a lot of money.,"A bɔɔrlo nãa nɩ a wʊ nɩbɛrɛ na wa lɔ̃ɔ taa, ba guor taa de libiyɔɔ kʊ a sojasɩ","The woman went to the farm with her husband, they worked together and brought back a big load of firewood",gerhardt_62CB5CC1_output (4),,20.675292371324513,6.682063801556247,4.079135223332653
"The angel said, “Get up and take the child and his mother back to Israel. The people who wanted to kill him are now dead.”","“Vaa ir 'mɔɔ a bie nɩ a wʊ ma na fʊ chiin a Isɩral wɛr pɔ, a bala na dɔ̃ɔ bʊɔrɔ a bie kʊfʊ kpi naa.”",And it came to pass when the children of Israel had finished doing all that the Lord had commanded Moses,Dec 04 output,,25.064266241105486,6.682063801556247,4.079135223332653
Everyone who asks will receive. Everyone who searches will find. And the door will be opened for everyone who knocks.,"Nɩrɛ 'lɔ na sʊɔr na nyɛ naa, ka a 'lɔ mɩ na yɔbɔ nyɛ, ka a pãn mɩ yuo kʊ a nɩrɛ 'lɔ na kpoor.","When the elephant goes to the river to drink water, it first looks at the water, then it smells it before it drinks.",Dec 04 output,,16.873693259797445,6.682063801556247,4.079135223332653
Many prophets and good people were eager to see what you see and to hear what you hear. But I tell you they did not see or hear. Jesus Explains the Story about the Farmer (Mark,"Yelmãɛ lɛ n 'yɛrɛ kʊrɔ yɩ ɩka Nãaŋmɩn 'yɛ'yɛrbɛ yɔɔ nɩ nɩtorsɩ yɔɔ ta bʊɔrɔ na ɩka ba nyɛ bon 'lɔ yɩn nyɛ tɩchɛ baa nyɛ ɛ, na ba ta wõ bon 'lɔ yɩn wõ tɩchɛ baa tʊ̃ɔ wõ ɛ.","The women go to the farm to work and the men go to the farm to work, when they go to the farm to work they work and when they come back from the farm they rest.",Dec 04 output,,16.525368627137226,6.682063801556247,4.079135223332653
"Everyone who has something will be given more, and they will have more than enough. But everything will be taken from those who don't have anything.","Nɩrɛ 'lɔ jaa na tara yɔɔ, ban kʊ wʊn yɔɔ pʊɔ ka ba tara yɔɔ tɩchɛ a nɩrɛ 'lɔ na ba tara bon jaa ɛ, a bãlãa 'lɔ wʊn tara gba ban faan yin a wʊ sɛ̃.","When the men have gone to hunt, they go to the bush and when they have hunted and caught something, they bring it back to the men who have stayed at home, and the women cook it for them to eat.",Dec 04 output,,28.532063108613382,6.682063801556247,4.079135223332653
So the chief priests met with the leaders and decided to bribe the soldiers with a lot of money.,"A bɔɔrlo nãa nɩ a wʊ nɩbɛrɛ na wa lɔ̃ɔ taa, ba guor taa de libiyɔɔ kʊ a sojasɩ","The hunter and his wife went to the farm, they met a python that swallowed their child",Dec 04 output,,21.093874713486553,6.682063801556247,4.079135223332653
"The angel said, “Get up and take the child and his mother back to Israel. The people who wanted to kill him are now dead.”","“Vaa ir 'mɔɔ a bie nɩ a wʊ ma na fʊ chiin a Isɩral wɛr pɔ, a bala na dɔ̃ɔ bʊɔrɔ a bie kʊfʊ kpi naa.”",And it came to pass when the children of Israel had finished doing all that the Lord had commanded Moses,gerhardt_676E558A_output (6),,25.064266241105486,6.682063801556247,4.079135223332653
Everyone who asks will receive. Everyone who searches will find. And the door will be opened for everyone who knocks.,"Nɩrɛ 'lɔ na sʊɔr na nyɛ naa, ka a 'lɔ mɩ na yɔbɔ nyɛ, ka a pãn mɩ yuo kʊ a nɩrɛ 'lɔ na kpoor.","When the hunter goes to the farm and sees the elephant, he goes and tells the young men, and they come and kill the elephant at the farm.",gerhardt_676E558A_output (6),,14.33356142917116,6.682063801556247,4.079135223332653
Many prophets and good people were eager to see what you see and to hear what you hear. But I tell you they did not see or hear. Jesus Explains the Story about the Farmer (Mark,"Yelmãɛ lɛ n 'yɛrɛ kʊrɔ yɩ ɩka Nãaŋmɩn 'yɛ'yɛrbɛ yɔɔ nɩ nɩtorsɩ yɔɔ ta bʊɔrɔ na ɩka ba nyɛ bon 'lɔ yɩn nyɛ tɩchɛ baa nyɛ ɛ, na ba ta wõ bon 'lɔ yɩn wõ tɩchɛ baa tʊ̃ɔ wõ ɛ.","When the men go to the farm, they work and return home in the evening, and when they come home, their wives have prepared food for them to eat, and when their wives go to the farm, they too prepare food for them to eat.",gerhardt_676E558A_output (6),,18.65780953282329,6.682063801556247,4.079135223332653
"Everyone who has something will be given more, and they will have more than enough. But everything will be taken from those who don't have anything.","Nɩrɛ 'lɔ jaa na tara yɔɔ, ban kʊ wʊn yɔɔ pʊɔ ka ba tara yɔɔ tɩchɛ a nɩrɛ 'lɔ na ba tara bon jaa ɛ, a bãlãa 'lɔ wʊn tara gba ban faan yin a wʊ sɛ̃.","When the hunters go to hunt, they go to hunt in the bush where they will hunt for animals, and when they return from the hunt, they will share the meat among themselves.",gerhardt_676E558A_output (6),,26.569197651767496,6.682063801556247,4.079135223332653
So the chief priests met with the leaders and decided to bribe the soldiers with a lot of money.,"A bɔɔrlo nãa nɩ a wʊ nɩbɛrɛ na wa lɔ̃ɔ taa, ba guor taa de libiyɔɔ kʊ a sojasɩ","The hunter went to the bush and killed a deer and brought it to the chief, they then shared it among the warriors",gerhardt_676E558A_output (6),,26.78150353026928,6.682063801556247,4.079135223332653
"The angel said, “Get up and take the child and his mother back to Israel. The people who wanted to kill him are now dead.”","“Vaa ir 'mɔɔ a bie nɩ a wʊ ma na fʊ chiin a Isɩral wɛr pɔ, a bala na dɔ̃ɔ bʊɔrɔ a bie kʊfʊ kpi naa.”",And it came to pass when Israel was dwelling in the land that the people began to commit fornication with the daughters of Moab,gerhardt_107423D8_output (9),,25.609966440708977,6.682063801556247,4.079135223332653
Everyone who asks will receive. Everyone who searches will find. And the door will be opened for everyone who knocks.,"Nɩrɛ 'lɔ na sʊɔr na nyɛ naa, ka a 'lɔ mɩ na yɔbɔ nyɛ, ka a pãn mɩ yuo kʊ a nɩrɛ 'lɔ na kpoor.","When the elephant goes and breaks the trees and they fall, it goes and uproots another tree and throws it where the elephant went and broke the trees.",gerhardt_107423D8_output (9),,15.591574841258831,6.682063801556247,4.079135223332653
Many prophets and good people were eager to see what you see and to hear what you hear. But I tell you they did not see or hear. Jesus Explains the Story about the Farmer (Mark,"Yelmãɛ lɛ n 'yɛrɛ kʊrɔ yɩ ɩka Nãaŋmɩn 'yɛ'yɛrbɛ yɔɔ nɩ nɩtorsɩ yɔɔ ta bʊɔrɔ na ɩka ba nyɛ bon 'lɔ yɩn nyɛ tɩchɛ baa nyɛ ɛ, na ba ta wõ bon 'lɔ yɩn wõ tɩchɛ baa tʊ̃ɔ wõ ɛ.","When the old men have finished speaking, the young men also speak, and if they say something good, the old men will agree, and if they say something bad, the old men will disagree.",gerhardt_107423D8_output (9),,17.516980730322423,6.682063801556247,4.079135223332653
"Everyone who has something will be given more, and they will have more than enough. But everything will be taken from those who don't have anything.","Nɩrɛ 'lɔ jaa na tara yɔɔ, ban kʊ wʊn yɔɔ pʊɔ ka ba tara yɔɔ tɩchɛ a nɩrɛ 'lɔ na ba tara bon jaa ɛ, a bãlãa 'lɔ wʊn tara gba ban faan yin a wʊ sɛ̃.","When the hunter goes to the farm, the dogs go with him to the farm to catch the hunter's animals, and the hunter's wife cooks the animals the dogs have caught for the hunter to eat.",gerhardt_107423D8_output (9),,19.289363583558714,6.682063801556247,4.079135223332653
So the chief priests met with the leaders and decided to bribe the soldiers with a lot of money.,"A bɔɔrlo nãa nɩ a wʊ nɩbɛrɛ na wa lɔ̃ɔ taa, ba guor taa de libiyɔɔ kʊ a sojasɩ","The woman went to the farm with her child, they met a hunter who was chasing an animal",gerhardt_107423D8_output (9),,17.40227912308596,6.682063801556247,4.079135223332653
"The angel said, “Get up and take the child and his mother back to Israel. The people who wanted to kill him are now dead.”","“Vaa ir 'mɔɔ a bie nɩ a wʊ ma na fʊ chiin a Isɩral wɛr pɔ, a bala na dɔ̃ɔ bʊɔrɔ a bie kʊfʊ kpi naa.”","And it came to pass when the children of Israel had finished doing all that the Lord had commanded them, then they made the tabernacle",gerhardt_E4F773B6_output (3),,26.813491558882074,6.682063801556247,4.079135223332653
Everyone who asks will receive. Everyone who searches will find. And the door will be opened for everyone who knocks.,"Nɩrɛ 'lɔ na sʊɔr na nyɛ naa, ka a 'lɔ mɩ na yɔbɔ nyɛ, ka a pãn mɩ yuo kʊ a nɩrɛ 'lɔ na kpoor.","When the sun rises and the cock crows, then the man gets up and goes to the farm to work.",gerhardt_E4F773B6_output (3),,13.235259321482717,6.682063801556247,4.079135223332653
Many prophets and good people were eager to see what you see and to hear what you hear. But I tell you they did not see or hear. Jesus Explains the Story about the Farmer (Mark,"Yelmãɛ lɛ n 'yɛrɛ kʊrɔ yɩ ɩka Nãaŋmɩn 'yɛ'yɛrbɛ yɔɔ nɩ nɩtorsɩ yɔɔ ta bʊɔrɔ na ɩka ba nyɛ bon 'lɔ yɩn nyɛ tɩchɛ baa nyɛ ɛ, na ba ta wõ bon 'lɔ yɩn wõ tɩchɛ baa tʊ̃ɔ wõ ɛ.","The women are the ones who do the farm work and take care of the children, and when they come back from the farm, they cook and give to their husbands to eat, and when the husbands come back from the farm, they cook and give to them to eat.",gerhardt_E4F773B6_output (3),,19.26214158236027,6.682063801556247,4.079135223332653
"Everyone who has something will be given more, and they will have more than enough. But everything will be taken from those who don't have anything.","Nɩrɛ 'lɔ jaa na tara yɔɔ, ban kʊ wʊn yɔɔ pʊɔ ka ba tara yɔɔ tɩchɛ a nɩrɛ 'lɔ na ba tara bon jaa ɛ, a bãlãa 'lɔ wʊn tara gba ban faan yin a wʊ sɛ̃.","When the sun rises, they go to the farm, and when the sun sets, they return home, and the women go to fetch water and they pound the food for their husbands to eat.",gerhardt_E4F773B6_output (3),,20.85704515679825,6.682063801556247,4.079135223332653
So the chief priests met with the leaders and decided to bribe the soldiers with a lot of money.,"A bɔɔrlo nãa nɩ a wʊ nɩbɛrɛ na wa lɔ̃ɔ taa, ba guor taa de libiyɔɔ kʊ a sojasɩ","The woman went to the farm with her child, they met a hunter who was carrying a gun",gerhardt_E4F773B6_output (3),,16.653658836249498,6.682063801556247,4.079135223332653
"The angel said, “Get up and take the child and his mother back to Israel. The people who wanted to kill him are now dead.”","“Vaa ir 'mɔɔ a bie nɩ a wʊ ma na fʊ chiin a Isɩral wɛr pɔ, a bala na dɔ̃ɔ bʊɔrɔ a bie kʊfʊ kpi naa.”","And it came to pass when Israel was strong that they put the Canaanites to forced labor, but they did not drive them out completely.",john_B0DBB2CB_output (4),,21.292715652033397,6.682063801556247,4.079135223332653
Everyone who asks will receive. Everyone who searches will find. And the door will be opened for everyone who knocks.,"Nɩrɛ 'lɔ na sʊɔr na nyɛ naa, ka a 'lɔ mɩ na yɔbɔ nyɛ, ka a pãn mɩ yuo kʊ a nɩrɛ 'lɔ na kpoor.","When the hunter goes to the farm and sees the elephant, he goes and tells the young men, and they come and help the hunter to tie the elephant.",john_B0DBB2CB_output (4),,13.529228988058808,6.682063801556247,4.079135223332653
Many prophets and good people were eager to see what you see and to hear what you hear. But I tell you they did not see or hear. Jesus Explains the Story about the Farmer (Mark,"Yelmãɛ lɛ n 'yɛrɛ kʊrɔ yɩ ɩka Nãaŋmɩn 'yɛ'yɛrbɛ yɔɔ nɩ nɩtorsɩ yɔɔ ta bʊɔrɔ na ɩka ba nyɛ bon 'lɔ yɩn nyɛ tɩchɛ baa nyɛ ɛ, na ba ta wõ bon 'lɔ yɩn wõ tɩchɛ baa tʊ̃ɔ wõ ɛ.","The women and the men go to the farm and the women and the men work and they bring back food to their houses and they give it to their children to eat, and they bring back water to their houses and they give it to their children to drink.",john_B0DBB2CB_output (4),,20.211500351963934,6.682063801556247,4.079135223332653
"Everyone who has something will be given more, and they will have more than enough. But everything will be taken from those who don't have anything.","Nɩrɛ 'lɔ jaa na tara yɔɔ, ban kʊ wʊn yɔɔ pʊɔ ka ba tara yɔɔ tɩchɛ a nɩrɛ 'lɔ na ba tara bon jaa ɛ, a bãlãa 'lɔ wʊn tara gba ban faan yin a wʊ sɛ̃.","When the sun rises, all the animals go to their hiding places, because when the sun rises, the hunters go to the bush to hunt, and the animals know that the hunters have come to kill them.",john_B0DBB2CB_output (4),,22.113551975328345,6.682063801556247,4.079135223332653
So the chief priests met with the leaders and decided to bribe the soldiers with a lot of money.,"A bɔɔrlo nãa nɩ a wʊ nɩbɛrɛ na wa lɔ̃ɔ taa, ba guor taa de libiyɔɔ kʊ a sojasɩ","The hunter and his companions went to the bush to hunt, they killed a big animal and brought it home",john_B0DBB2CB_output (4),,18.546782030874848,6.682063801556247,4.079135223332653
"The angel said, “Get up and take the child and his mother back to Israel. The people who wanted to kill him are now dead.”","“Vaa ir 'mɔɔ a bie nɩ a wʊ ma na fʊ chiin a Isɩral wɛr pɔ, a bala na dɔ̃ɔ bʊɔrɔ a bie kʊfʊ kpi naa.”",And it came to pass when the children of Israel had finished doing all that the Lord had commanded Moses,gerhardt_E32D1C1E_output_mzX2S5,,25.064266241105486,6.682063801556247,4.079135223332653
Everyone who asks will receive. Everyone who searches will find. And the door will be opened for everyone who knocks.,"Nɩrɛ 'lɔ na sʊɔr na nyɛ naa, ka a 'lɔ mɩ na yɔbɔ nyɛ, ka a pãn mɩ yuo kʊ a nɩrɛ 'lɔ na kpoor.","When the sun rises and the day breaks, then the man goes to his farm, and he returns home when the sun sets.",gerhardt_E32D1C1E_output_mzX2S5,,14.919694718267298,6.682063801556247,4.079135223332653
Many prophets and good people were eager to see what you see and to hear what you hear. But I tell you they did not see or hear. Jesus Explains the Story about the Farmer (Mark,"Yelmãɛ lɛ n 'yɛrɛ kʊrɔ yɩ ɩka Nãaŋmɩn 'yɛ'yɛrbɛ yɔɔ nɩ nɩtorsɩ yɔɔ ta bʊɔrɔ na ɩka ba nyɛ bon 'lɔ yɩn nyɛ tɩchɛ baa nyɛ ɛ, na ba ta wõ bon 'lɔ yɩn wõ tɩchɛ baa tʊ̃ɔ wõ ɛ.","The women go to the farm to work and the men go to the farm to work, when they go to the farm to work they work and when they come back from the farm they rest.",gerhardt_E32D1C1E_output_mzX2S5,,16.525368627137226,6.682063801556247,4.079135223332653
"Everyone who has something will be given more, and they will have more than enough. But everything will be taken from those who don't have anything.","Nɩrɛ 'lɔ jaa na tara yɔɔ, ban kʊ wʊn yɔɔ pʊɔ ka ba tara yɔɔ tɩchɛ a nɩrɛ 'lɔ na ba tara bon jaa ɛ, a bãlãa 'lɔ wʊn tara gba ban faan yin a wʊ sɛ̃.","When the sun rises, the men go to the farm to work, and when the sun sets, the men return from the farm, and the women go to fetch water from the stream.",gerhardt_E32D1C1E_output_mzX2S5,,21.35462255897829,6.682063801556247,4.079135223332653
So the chief priests met with the leaders and decided to bribe the soldiers with a lot of money.,"A bɔɔrlo nãa nɩ a wʊ nɩbɛrɛ na wa lɔ̃ɔ taa, ba guor taa de libiyɔɔ kʊ a sojasɩ","The hunter went to the farm and saw that the yams were ripe, so he went to inform the elders",gerhardt_E32D1C1E_output_mzX2S5,,20.264798340581923,6.682063801556247,4.079135223332653
"The angel said, “Get up and take the child and his mother back to Israel. The people who wanted to kill him are now dead.”","“Vaa ir 'mɔɔ a bie nɩ a wʊ ma na fʊ chiin a Isɩral wɛr pɔ, a bala na dɔ̃ɔ bʊɔrɔ a bie kʊfʊ kpi naa.”",And it came to pass when Israel was strong and they had blotted out the Canaanites from their land,gerhardt_145C11AE_output (2),,20.270737597763823,6.682063801556247,4.079135223332653
Everyone who asks will receive. Everyone who searches will find. And the door will be opened for everyone who knocks.,"Nɩrɛ 'lɔ na sʊɔr na nyɛ naa, ka a 'lɔ mɩ na yɔbɔ nyɛ, ka a pãn mɩ yuo kʊ a nɩrɛ 'lɔ na kpoor.","When the hunter goes to the farm and sees an animal, he goes and informs his fellow and they come together to go to the farm.",gerhardt_145C11AE_output (2),,14.964858561645292,6.682063801556247,4.079135223332653
Many prophets and good people were eager to see what you see and to hear what you hear. But I tell you they did not see or hear. Jesus Explains the Story about the Farmer (Mark,"Yelmãɛ lɛ n 'yɛrɛ kʊrɔ yɩ ɩka Nãaŋmɩn 'yɛ'yɛrbɛ yɔɔ nɩ nɩtorsɩ yɔɔ ta bʊɔrɔ na ɩka ba nyɛ bon 'lɔ yɩn nyɛ tɩchɛ baa nyɛ ɛ, na ba ta wõ bon 'lɔ yɩn wõ tɩchɛ baa tʊ̃ɔ wõ ɛ.","The elders say that the Birifor used to go to the Naman's house to learn divination, and when they came back home they would divine for their people, and when their people came to them to divine for them, they would do it for them.",gerhardt_145C11AE_output (2),,22.39341939389981,6.682063801556247,4.079135223332653
"Everyone who has something will be given more, and they will have more than enough. But everything will be taken from those who don't have anything.","Nɩrɛ 'lɔ jaa na tara yɔɔ, ban kʊ wʊn yɔɔ pʊɔ ka ba tara yɔɔ tɩchɛ a nɩrɛ 'lɔ na ba tara bon jaa ɛ, a bãlãa 'lɔ wʊn tara gba ban faan yin a wʊ sɛ̃.","When the sun rises, all the animals go to their hiding places, because when the sun rises, all the hunters go to the bush, and the elephants go to their caves to hide.",gerhardt_145C11AE_output (2),,20.035622436533465,6.682063801556247,4.079135223332653
So the chief priests met with the leaders and decided to bribe the soldiers with a lot of money.,"A bɔɔrlo nãa nɩ a wʊ nɩbɛrɛ na wa lɔ̃ɔ taa, ba guor taa de libiyɔɔ kʊ a sojasɩ","The woman went to the farm with her child, they found a big snake on their way",gerhardt_145C11AE_output (2),,17.278732236790983,6.682063801556247,4.079135223332653
"The angel said, “Get up and take the child and his mother back to Israel. The people who wanted to kill him are now dead.”","“Vaa ir 'mɔɔ a bie nɩ a wʊ ma na fʊ chiin a Isɩral wɛr pɔ, a bala na dɔ̃ɔ bʊɔrɔ a bie kʊfʊ kpi naa.”","And it came to pass when the children of Israel had finished doing all that the Lord had commanded them, then they made the tabernacle",gerhardt_087BEB88_output_loRIsq,,26.813491558882074,6.682063801556247,4.079135223332653
Everyone who asks will receive. Everyone who searches will find. And the door will be opened for everyone who knocks.,"Nɩrɛ 'lɔ na sʊɔr na nyɛ naa, ka a 'lɔ mɩ na yɔbɔ nyɛ, ka a pãn mɩ yuo kʊ a nɩrɛ 'lɔ na kpoor.","When the rain falls and the sun shines, and it rains every day, then it is good for the farm and the rain falls and makes the millet grow.",gerhardt_087BEB88_output_loRIsq,,18.210796127371935,6.682063801556247,4.079135223332653
Many prophets and good people were eager to see what you see and to hear what you hear. But I tell you they did not see or hear. Jesus Explains the Story about the Farmer (Mark,"Yelmãɛ lɛ n 'yɛrɛ kʊrɔ yɩ ɩka Nãaŋmɩn 'yɛ'yɛrbɛ yɔɔ nɩ nɩtorsɩ yɔɔ ta bʊɔrɔ na ɩka ba nyɛ bon 'lɔ yɩn nyɛ tɩchɛ baa nyɛ ɛ, na ba ta wõ bon 'lɔ yɩn wõ tɩchɛ baa tʊ̃ɔ wõ ɛ.","The women are the ones who do the farming work in the village, they are the ones who take care of the children and cook food for their husbands, and when their husbands come from the farm, they cook food for them to eat",gerhardt_087BEB88_output_loRIsq,,19.649880710604492,6.682063801556247,4.079135223332653
"Everyone who has something will be given more, and they will have more than enough. But everything will be taken from those who don't have anything.","Nɩrɛ 'lɔ jaa na tara yɔɔ, ban kʊ wʊn yɔɔ pʊɔ ka ba tara yɔɔ tɩchɛ a nɩrɛ 'lɔ na ba tara bon jaa ɛ, a bãlãa 'lɔ wʊn tara gba ban faan yin a wʊ sɛ̃.","When the sun rises, all the animals go to their hiding places, and when the sun sets, all the animals come out to play, and the hunter goes to his hiding place to wait for them.",gerhardt_087BEB88_output_loRIsq,,20.995141133207614,6.682063801556247,4.079135223332653
So the chief priests met with the leaders and decided to bribe the soldiers with a lot of money.,"A bɔɔrlo nãa nɩ a wʊ nɩbɛrɛ na wa lɔ̃ɔ taa, ba guor taa de libiyɔɔ kʊ a sojasɩ","The hunter and his companions went to hunt in the forest, they killed a big elephant yesterday",gerhardt_087BEB88_output_loRIsq,,18.67890881048776,6.682063801556247,4.079135223332653
"The angel said, “Get up and take the child and his mother back to Israel. The people who wanted to kill him are now dead.”","“Vaa ir 'mɔɔ a bie nɩ a wʊ ma na fʊ chiin a Isɩral wɛr pɔ, a bala na dɔ̃ɔ bʊɔrɔ a bie kʊfʊ kpi naa.”","And it shall be that when all of Israel hears that Jericho has been captured, all of Israel will be afraid of you",john_C904F397_output (2),,19.44610480886536,6.682063801556247,4.079135223332653
Everyone who asks will receive. Everyone who searches will find. And the door will be opened for everyone who knocks.,"Nɩrɛ 'lɔ na sʊɔr na nyɛ naa, ka a 'lɔ mɩ na yɔbɔ nyɛ, ka a pãn mɩ yuo kʊ a nɩrɛ 'lɔ na kpoor.","When the elephant and the buffalo and the cow went, and the elephant went to the river to drink water, then it met the elephant that went to the farm.",john_C904F397_output (2),,14.515551204229368,6.682063801556247,4.079135223332653
Many prophets and good people were eager to see what you see and to hear what you hear. But I tell you they did not see or hear. Jesus Explains the Story about the Farmer (Mark,"Yelmãɛ lɛ n 'yɛrɛ kʊrɔ yɩ ɩka Nãaŋmɩn 'yɛ'yɛrbɛ yɔɔ nɩ nɩtorsɩ yɔɔ ta bʊɔrɔ na ɩka ba nyɛ bon 'lɔ yɩn nyɛ tɩchɛ baa nyɛ ɛ, na ba ta wõ bon 'lɔ yɩn wõ tɩchɛ baa tʊ̃ɔ wõ ɛ.","When the hunters go to the bush, they make a sacrifice to the Nãaŋmɩn spirits so that they will give them game, and when they give them game, they come back and share it among themselves, and when they do not give them game, they come back and are angry.",john_C904F397_output (2),,18.80499062452672,6.682063801556247,4.079135223332653
"Everyone who has something will be given more, and they will have more than enough. But everything will be taken from those who don't have anything.","Nɩrɛ 'lɔ jaa na tara yɔɔ, ban kʊ wʊn yɔɔ pʊɔ ka ba tara yɔɔ tɩchɛ a nɩrɛ 'lɔ na ba tara bon jaa ɛ, a bãlãa 'lɔ wʊn tara gba ban faan yin a wʊ sɛ̃.","When the hunter goes to the farm, he does not go to the farm to stay, but the hunter goes to the farm to look for animals to kill and bring back home to eat.",john_C904F397_output (2),,17.25770710999347,6.682063801556247,4.079135223332653
So the chief priests met with the leaders and decided to bribe the soldiers with a lot of money.,"A bɔɔrlo nãa nɩ a wʊ nɩbɛrɛ na wa lɔ̃ɔ taa, ba guor taa de libiyɔɔ kʊ a sojasɩ","The hunter went to the forest and shot an animal, but the animal ran away and entered a beehive",john_C904F397_output (2),,18.09028936247746,6.682063801556247,4.079135223332653
"The angel said, “Get up and take the child and his mother back to Israel. The people who wanted to kill him are now dead.”","“Vaa ir 'mɔɔ a bie nɩ a wʊ ma na fʊ chiin a Isɩral wɛr pɔ, a bala na dɔ̃ɔ bʊɔrɔ a bie kʊfʊ kpi naa.”","And it came to pass when Israel was strong that they put the Canaanites to forced labor, but they did not drive them out completely.",onesimus_E33AE420_Dec 11 output,,21.292715652033397,6.682063801556247,4.079135223332653
Everyone who asks will receive. Everyone who searches will find. And the door will be opened for everyone who knocks.,"Nɩrɛ 'lɔ na sʊɔr na nyɛ naa, ka a 'lɔ mɩ na yɔbɔ nyɛ, ka a pãn mɩ yuo kʊ a nɩrɛ 'lɔ na kpoor.","When the rain falls and the sun shines, the farmer goes to the farm, and he returns home with the rain and the sunshine.",onesimus_E33AE420_Dec 11 output,,14.72501442049882,6.682063801556247,4.079135223332653
Many prophets and good people were eager to see what you see and to hear what you hear. But I tell you they did not see or hear. Jesus Explains the Story about the Farmer (Mark,"Yelmãɛ lɛ n 'yɛrɛ kʊrɔ yɩ ɩka Nãaŋmɩn 'yɛ'yɛrbɛ yɔɔ nɩ nɩtorsɩ yɔɔ ta bʊɔrɔ na ɩka ba nyɛ bon 'lɔ yɩn nyɛ tɩchɛ baa nyɛ ɛ, na ba ta wõ bon 'lɔ yɩn wõ tɩchɛ baa tʊ̃ɔ wõ ɛ.","The women are the ones who do the farm work and they are the ones who take care of the children, and if they are not at the farm, they stay at home and take care of the children, and if they are at the farm, they take the children along with them.",onesimus_E33AE420_Dec 11 output,,19.05501289372783,6.682063801556247,4.079135223332653
"Everyone who has something will be given more, and they will have more than enough. But everything will be taken from those who don't have anything.","Nɩrɛ 'lɔ jaa na tara yɔɔ, ban kʊ wʊn yɔɔ pʊɔ ka ba tara yɔɔ tɩchɛ a nɩrɛ 'lɔ na ba tara bon jaa ɛ, a bãlãa 'lɔ wʊn tara gba ban faan yin a wʊ sɛ̃.","When the hunter goes to the farm, he tells his wife to prepare his farm food, and when the hunter returns from the farm, he gives his wife the game he has caught, and the wife cooks it for him to eat.",onesimus_E33AE420_Dec 11 output,,23.186866350565804,6.682063801556247,4.079135223332653
So the chief priests met with the leaders and decided to bribe the soldiers with a lot of money.,"A bɔɔrlo nãa nɩ a wʊ nɩbɛrɛ na wa lɔ̃ɔ taa, ba guor taa de libiyɔɔ kʊ a sojasɩ","The woman took her child and went to the farm, they met a certain hunter there",onesimus_E33AE420_Dec 11 output,,17.66750521476816,6.682063801556247,4.079135223332653
"The angel said, “Get up and take the child and his mother back to Israel. The people who wanted to kill him are now dead.”","“Vaa ir 'mɔɔ a bie nɩ a wʊ ma na fʊ chiin a Isɩral wɛr pɔ, a bala na dɔ̃ɔ bʊɔrɔ a bie kʊfʊ kpi naa.”",And it came to pass when Israel was dwelling in the land that the people began to commit fornication with the daughters of Moab,onesimus_48E85B7F_Dec 09 output,,25.609966440708977,6.682063801556247,4.079135223332653
Everyone who asks will receive. Everyone who searches will find. And the door will be opened for everyone who knocks.,"Nɩrɛ 'lɔ na sʊɔr na nyɛ naa, ka a 'lɔ mɩ na yɔbɔ nyɛ, ka a pãn mɩ yuo kʊ a nɩrɛ 'lɔ na kpoor.","When the hunter goes to the farm and sees the elephant, he goes and tells the young men, and they come and kill the elephant at the farm.",onesimus_48E85B7F_Dec 09 output,,14.33356142917116,6.682063801556247,4.079135223332653
Many prophets and good people were eager to see what you see and to hear what you hear. But I tell you they did not see or hear. Jesus Explains the Story about the Farmer (Mark,"Yelmãɛ lɛ n 'yɛrɛ kʊrɔ yɩ ɩka Nãaŋmɩn 'yɛ'yɛrbɛ yɔɔ nɩ nɩtorsɩ yɔɔ ta bʊɔrɔ na ɩka ba nyɛ bon 'lɔ yɩn nyɛ tɩchɛ baa nyɛ ɛ, na ba ta wõ bon 'lɔ yɩn wõ tɩchɛ baa tʊ̃ɔ wõ ɛ.","When the elders gather at the Naaŋmin shrine, they offer sacrifices to the ancestors and they pray and say that if they have done something wrong, they should forgive them, and if they have done something wrong to them, they should also forgive them.",onesimus_48E85B7F_Dec 09 output,,20.27631023412539,6.682063801556247,4.079135223332653
"Everyone who has something will be given more, and they will have more than enough. But everything will be taken from those who don't have anything.","Nɩrɛ 'lɔ jaa na tara yɔɔ, ban kʊ wʊn yɔɔ pʊɔ ka ba tara yɔɔ tɩchɛ a nɩrɛ 'lɔ na ba tara bon jaa ɛ, a bãlãa 'lɔ wʊn tara gba ban faan yin a wʊ sɛ̃.","When the men went to hunt, they would go to the bush and hunt for animals, and when they returned from the hunt, the women would pound the fufu for them to eat.",onesimus_48E85B7F_Dec 09 output,,21.358067420174738,6.682063801556247,4.079135223332653
So the chief priests met with the leaders and decided to bribe the soldiers with a lot of money.,"A bɔɔrlo nãa nɩ a wʊ nɩbɛrɛ na wa lɔ̃ɔ taa, ba guor taa de libiyɔɔ kʊ a sojasɩ","The hunter and his companions went to hunt in the bush, they killed a big lion with a single shot",onesimus_48E85B7F_Dec 09 output,,18.710400868295604,6.682063801556247,4.079135223332653
"The angel said, “Get up and take the child and his mother back to Israel. The people who wanted to kill him are now dead.”","“Vaa ir 'mɔɔ a bie nɩ a wʊ ma na fʊ chiin a Isɩral wɛr pɔ, a bala na dɔ̃ɔ bʊɔrɔ a bie kʊfʊ kpi naa.”","And it came to pass when Israel was strong and they had sown and had a lot to harvest, then the Midianites and the Amalekites and the sons of the east came up against them.",Dec 01 output,,23.412640113313092,6.682063801556247,4.079135223332653
Everyone who asks will receive. Everyone who searches will find. And the door will be opened for everyone who knocks.,"Nɩrɛ 'lɔ na sʊɔr na nyɛ naa, ka a 'lɔ mɩ na yɔbɔ nyɛ, ka a pãn mɩ yuo kʊ a nɩrɛ 'lɔ na kpoor.","When the hunter goes to the farm and sees an animal, he goes and tells his friend, and then they come together to the hunter's farm.",Dec 01 output,,13.912290217950519,6.682063801556247,4.079135223332653
Many prophets and good people were eager to see what you see and to hear what you hear. But I tell you they did not see or hear. Jesus Explains the Story about the Farmer (Mark,"Yelmãɛ lɛ n 'yɛrɛ kʊrɔ yɩ ɩka Nãaŋmɩn 'yɛ'yɛrbɛ yɔɔ nɩ nɩtorsɩ yɔɔ ta bʊɔrɔ na ɩka ba nyɛ bon 'lɔ yɩn nyɛ tɩchɛ baa nyɛ ɛ, na ba ta wõ bon 'lɔ yɩn wõ tɩchɛ baa tʊ̃ɔ wõ ɛ.","When the men have gone to hunt, the women stay at home to pound the millet, and when the men come back from hunting, they come back with meat, and when the women have finished pounding the millet, they cook it and the men eat it.",Dec 01 output,,18.10076554284511,6.682063801556247,4.079135223332653
"Everyone who has something will be given more, and they will have more than enough. But everything will be taken from those who don't have anything.","Nɩrɛ 'lɔ jaa na tara yɔɔ, ban kʊ wʊn yɔɔ pʊɔ ka ba tara yɔɔ tɩchɛ a nɩrɛ 'lɔ na ba tara bon jaa ɛ, a bãlãa 'lɔ wʊn tara gba ban faan yin a wʊ sɛ̃.","When the sun rises, the men go to the farm to work, and when the sun sets, the men return from the farm, and the women go to fetch water in the evening.",Dec 01 output,,23.04070498726424,6.682063801556247,4.079135223332653
So the chief priests met with the leaders and decided to bribe the soldiers with a lot of money.,"A bɔɔrlo nãa nɩ a wʊ nɩbɛrɛ na wa lɔ̃ɔ taa, ba guor taa de libiyɔɔ kʊ a sojasɩ","The hunter and his wife went to the farm, they met a lion and its cub there",Dec 01 output,,18.769993183365287,6.682063801556247,4.079135223332653
"The angel said, “Get up and take the child and his mother back to Israel. The people who wanted to kill him are now dead.”","“Vaa ir 'mɔɔ a bie nɩ a wʊ ma na fʊ chiin a Isɩral wɛr pɔ, a bala na dɔ̃ɔ bʊɔrɔ a bie kʊfʊ kpi naa.”",And it came to pass when Israel was dwelling in the land that Reuben went and lay with Bilhah his father's concubine,gerhardt_80805CFE_output_7z6RFo,,21.365712586234935,6.682063801556247,4.079135223332653
Everyone who asks will receive. Everyone who searches will find. And the door will be opened for everyone who knocks.,"Nɩrɛ 'lɔ na sʊɔr na nyɛ naa, ka a 'lɔ mɩ na yɔbɔ nyɛ, ka a pãn mɩ yuo kʊ a nɩrɛ 'lɔ na kpoor.","When the hunter goes to the farm and sees the elephant, he goes and tells the young men, and they come and help the hunter to tie the elephant.",gerhardt_80805CFE_output_7z6RFo,,13.529228988058808,6.682063801556247,4.079135223332653
Many prophets and good people were eager to see what you see and to hear what you hear. But I tell you they did not see or hear. Jesus Explains the Story about the Farmer (Mark,"Yelmãɛ lɛ n 'yɛrɛ kʊrɔ yɩ ɩka Nãaŋmɩn 'yɛ'yɛrbɛ yɔɔ nɩ nɩtorsɩ yɔɔ ta bʊɔrɔ na ɩka ba nyɛ bon 'lɔ yɩn nyɛ tɩchɛ baa nyɛ ɛ, na ba ta wõ bon 'lɔ yɩn wõ tɩchɛ baa tʊ̃ɔ wõ ɛ.","The women are the ones who do all the farm work from clearing the land to harvesting, and when they harvest, they are the ones who carry the loads on their heads, and when they come back, they are the ones who do all the cooking.",gerhardt_80805CFE_output_7z6RFo,,21.35895789211732,6.682063801556247,4.079135223332653
"Everyone who has something will be given more, and they will have more than enough. But everything will be taken from those who don't have anything.","Nɩrɛ 'lɔ jaa na tara yɔɔ, ban kʊ wʊn yɔɔ pʊɔ ka ba tara yɔɔ tɩchɛ a nɩrɛ 'lɔ na ba tara bon jaa ɛ, a bãlãa 'lɔ wʊn tara gba ban faan yin a wʊ sɛ̃.","When the sun rises, all the animals go to their hiding places, because when the sun rises, the hunter goes to the bush to hunt, and the hunter's dog goes with him to the bush.",gerhardt_80805CFE_output_7z6RFo,,19.840535651825338,6.682063801556247,4.079135223332653
So the chief priests met with the leaders and decided to bribe the soldiers with a lot of money.,"A bɔɔrlo nãa nɩ a wʊ nɩbɛrɛ na wa lɔ̃ɔ taa, ba guor taa de libiyɔɔ kʊ a sojasɩ","The hunter and his wife went to the farm, they found a large quantity of yams in the farm",gerhardt_80805CFE_output_7z6RFo,,16.634671686307264,6.682063801556247,4.079135223332653
"The angel said, “Get up and take the child and his mother back to Israel. The people who wanted to kill him are now dead.”","“Vaa ir 'mɔɔ a bie nɩ a wʊ ma na fʊ chiin a Isɩral wɛr pɔ, a bala na dɔ̃ɔ bʊɔrɔ a bie kʊfʊ kpi naa.”",And it came to pass when Israel went out of Egypt the house of Jacob from a people of strange language,output_JA-3,,21.125345613889227,6.682063801556247,4.079135223332653
Everyone who asks will receive. Everyone who searches will find. And the door will be opened for everyone who knocks.,"Nɩrɛ 'lɔ na sʊɔr na nyɛ naa, ka a 'lɔ mɩ na yɔbɔ nyɛ, ka a pãn mɩ yuo kʊ a nɩrɛ 'lɔ na kpoor.","When the hunter goes to the farm and sees the elephant, he goes and informs the young men, and they come and kill the elephant at the farm.",output_JA-3,,14.94448813426899,6.682063801556247,4.079135223332653
Many prophets and good people were eager to see what you see and to hear what you hear. But I tell you they did not see or hear. Jesus Explains the Story about the Farmer (Mark,"Yelmãɛ lɛ n 'yɛrɛ kʊrɔ yɩ ɩka Nãaŋmɩn 'yɛ'yɛrbɛ yɔɔ nɩ nɩtorsɩ yɔɔ ta bʊɔrɔ na ɩka ba nyɛ bon 'lɔ yɩn nyɛ tɩchɛ baa nyɛ ɛ, na ba ta wõ bon 'lɔ yɩn wõ tɩchɛ baa tʊ̃ɔ wõ ɛ.","The women went to the farm to harvest the crops, and when they arrived, they saw that the yams were very big and they were very happy, and they said that their husbands were very good, and they said that their husbands were very good farmers.",output_JA-3,,21.43867641148767,6.682063801556247,4.079135223332653
"Everyone who has something will be given more, and they will have more than enough. But everything will be taken from those who don't have anything.","Nɩrɛ 'lɔ jaa na tara yɔɔ, ban kʊ wʊn yɔɔ pʊɔ ka ba tara yɔɔ tɩchɛ a nɩrɛ 'lɔ na ba tara bon jaa ɛ, a bãlãa 'lɔ wʊn tara gba ban faan yin a wʊ sɛ̃.","When the sun rises and the cock crows, the men go to the farm to work, and when the sun sets and the cock crows again, the women come from the farm with firewood on their heads.",output_JA-3,,21.31412855530081,6.682063801556247,4.079135223332653
So the chief priests met with the leaders and decided to bribe the soldiers with a lot of money.,"A bɔɔrlo nãa nɩ a wʊ nɩbɛrɛ na wa lɔ̃ɔ taa, ba guor taa de libiyɔɔ kʊ a sojasɩ","The man and his wife went to the farm, they found a big snake in their way",output_JA-3,,14.732994436178684,6.682063801556247,4.079135223332653
"The angel said, “Get up and take the child and his mother back to Israel. The people who wanted to kill him are now dead.”","“Vaa ir 'mɔɔ a bie nɩ a wʊ ma na fʊ chiin a Isɩral wɛr pɔ, a bala na dɔ̃ɔ bʊɔrɔ a bie kʊfʊ kpi naa.”",And it came to pass when Israel was dwelling in the land that the people began to commit fornication with the daughters of the Moabites,Dec 06 output,,25.747201035587764,6.682063801556247,4.079135223332653
Everyone who asks will receive. Everyone who searches will find. And the door will be opened for everyone who knocks.,"Nɩrɛ 'lɔ na sʊɔr na nyɛ naa, ka a 'lɔ mɩ na yɔbɔ nyɛ, ka a pãn mɩ yuo kʊ a nɩrɛ 'lɔ na kpoor.","When the hunter goes to the farm and sees the elephant, he goes and informs the young men, and they come and help the hunter to kill the elephant.",Dec 06 output,,15.424750773070212,6.682063801556247,4.079135223332653
Many prophets and good people were eager to see what you see and to hear what you hear. But I tell you they did not see or hear. Jesus Explains the Story about the Farmer (Mark,"Yelmãɛ lɛ n 'yɛrɛ kʊrɔ yɩ ɩka Nãaŋmɩn 'yɛ'yɛrbɛ yɔɔ nɩ nɩtorsɩ yɔɔ ta bʊɔrɔ na ɩka ba nyɛ bon 'lɔ yɩn nyɛ tɩchɛ baa nyɛ ɛ, na ba ta wõ bon 'lɔ yɩn wõ tɩchɛ baa tʊ̃ɔ wõ ɛ.","When the old men are gathered, they tell the story of how the world was created and how death came into the world, and how the people of old died, and how we also will die, and how our children will also die.",Dec 06 output,,20.86504144526347,6.682063801556247,4.079135223332653
"Everyone who has something will be given more, and they will have more than enough. But everything will be taken from those who don't have anything.","Nɩrɛ 'lɔ jaa na tara yɔɔ, ban kʊ wʊn yɔɔ pʊɔ ka ba tara yɔɔ tɩchɛ a nɩrɛ 'lɔ na ba tara bon jaa ɛ, a bãlãa 'lɔ wʊn tara gba ban faan yin a wʊ sɛ̃.","When the hunter goes to the farm, they will go and meet the hunter at the farm to give him the farm work, and the hunter will give them the gun to go and shoot an animal to bring and cook.",Dec 06 output,,24.908036515904318,6.682063801556247,4.079135223332653
So the chief priests met with the leaders and decided to bribe the soldiers with a lot of money.,"A bɔɔrlo nãa nɩ a wʊ nɩbɛrɛ na wa lɔ̃ɔ taa, ba guor taa de libiyɔɔ kʊ a sojasɩ","The elephant and the buffalo went to the river to drink water, then the elephant stepped on the buffalo's testicles",Dec 06 output,,20.751435173503783,6.682063801556247,4.079135223332653
"The angel said, “Get up and take the child and his mother back to Israel. The people who wanted to kill him are now dead.”","“Vaa ir 'mɔɔ a bie nɩ a wʊ ma na fʊ chiin a Isɩral wɛr pɔ, a bala na dɔ̃ɔ bʊɔrɔ a bie kʊfʊ kpi naa.”","And it came to pass when Israel was strong that they put the Canaanites to forced labor, but they did not drive them out completely.",onesimus_C6D92021_Dec 02 output,,21.292715652033397,6.682063801556247,4.079135223332653
Everyone who asks will receive. Everyone who searches will find. And the door will be opened for everyone who knocks.,"Nɩrɛ 'lɔ na sʊɔr na nyɛ naa, ka a 'lɔ mɩ na yɔbɔ nyɛ, ka a pãn mɩ yuo kʊ a nɩrɛ 'lɔ na kpoor.","When the hunter goes to the farm and sees the elephant, he goes and informs the young men, and they come and kill the elephant with the hunter.",onesimus_C6D92021_Dec 02 output,,15.485740048267187,6.682063801556247,4.079135223332653
Many prophets and good people were eager to see what you see and to hear what you hear. But I tell you they did not see or hear. Jesus Explains the Story about the Farmer (Mark,"Yelmãɛ lɛ n 'yɛrɛ kʊrɔ yɩ ɩka Nãaŋmɩn 'yɛ'yɛrbɛ yɔɔ nɩ nɩtorsɩ yɔɔ ta bʊɔrɔ na ɩka ba nyɛ bon 'lɔ yɩn nyɛ tɩchɛ baa nyɛ ɛ, na ba ta wõ bon 'lɔ yɩn wõ tɩchɛ baa tʊ̃ɔ wõ ɛ.","When the men go to hunt, they go to the bush and stay there for two or three days, and when they come back home, they come back with meat, and when they go to the bush and come back, they come back with meat",onesimus_C6D92021_Dec 02 output,,18.04568249360757,6.682063801556247,4.079135223332653
"Everyone who has something will be given more, and they will have more than enough. But everything will be taken from those who don't have anything.","Nɩrɛ 'lɔ jaa na tara yɔɔ, ban kʊ wʊn yɔɔ pʊɔ ka ba tara yɔɔ tɩchɛ a nɩrɛ 'lɔ na ba tara bon jaa ɛ, a bãlãa 'lɔ wʊn tara gba ban faan yin a wʊ sɛ̃.","When the sun rises and the cock crows, all the animals wake up and start their daily activities, and the hunter also wakes up and prepares to go to the farm or the bush to hunt.",onesimus_C6D92021_Dec 02 output,,19.145552458385833,6.682063801556247,4.079135223332653
So the chief priests met with the leaders and decided to bribe the soldiers with a lot of money.,"A bɔɔrlo nãa nɩ a wʊ nɩbɛrɛ na wa lɔ̃ɔ taa, ba guor taa de libiyɔɔ kʊ a sojasɩ","The hunter and his companions went to the bush to hunt, but they found only a small bird",onesimus_C6D92021_Dec 02 output,,16.83770736120546,6.682063801556247,4.079135223332653
"The angel said, “Get up and take the child and his mother back to Israel. The people who wanted to kill him are now dead.”","“Vaa ir 'mɔɔ a bie nɩ a wʊ ma na fʊ chiin a Isɩral wɛr pɔ, a bala na dɔ̃ɔ bʊɔrɔ a bie kʊfʊ kpi naa.”",And it came to pass when Israel was strong and had settled in their cities that they forgot the Lord their God,Jan output 1 ,,20.054633569143487,6.682063801556247,4.079135223332653
Everyone who asks will receive. Everyone who searches will find. And the door will be opened for everyone who knocks.,"Nɩrɛ 'lɔ na sʊɔr na nyɛ naa, ka a 'lɔ mɩ na yɔbɔ nyɛ, ka a pãn mɩ yuo kʊ a nɩrɛ 'lɔ na kpoor.","When the sun rises and the cock crows, then the old man goes to the farm, and he returns in the evening when the sun sets.",Jan output 1 ,,15.754624792661076,6.682063801556247,4.079135223332653
Many prophets and good people were eager to see what you see and to hear what you hear. But I tell you they did not see or hear. Jesus Explains the Story about the Farmer (Mark,"Yelmãɛ lɛ n 'yɛrɛ kʊrɔ yɩ ɩka Nãaŋmɩn 'yɛ'yɛrbɛ yɔɔ nɩ nɩtorsɩ yɔɔ ta bʊɔrɔ na ɩka ba nyɛ bon 'lɔ yɩn nyɛ tɩchɛ baa nyɛ ɛ, na ba ta wõ bon 'lɔ yɩn wõ tɩchɛ baa tʊ̃ɔ wõ ɛ.","When the men have gone to hunt, the women stay at home to pound the millet, and when the men come back from hunting, they come back with meat, and when the women have finished pounding the millet, they cook it and the men eat.",Jan output 1 ,,18.149435612335196,6.682063801556247,4.079135223332653
"Everyone who has something will be given more, and they will have more than enough. But everything will be taken from those who don't have anything.","Nɩrɛ 'lɔ jaa na tara yɔɔ, ban kʊ wʊn yɔɔ pʊɔ ka ba tara yɔɔ tɩchɛ a nɩrɛ 'lɔ na ba tara bon jaa ɛ, a bãlãa 'lɔ wʊn tara gba ban faan yin a wʊ sɛ̃.","When the sun rises and it becomes daytime, people go to their farms to work, and when the sun sets and it becomes night, the men return home and the women pound the millet that they brought.",Jan output 1 ,,22.161310475003322,6.682063801556247,4.079135223332653
So the chief priests met with the leaders and decided to bribe the soldiers with a lot of money.,"A bɔɔrlo nãa nɩ a wʊ nɩbɛrɛ na wa lɔ̃ɔ taa, ba guor taa de libiyɔɔ kʊ a sojasɩ","The woman went to the farm with her child, they met a hunter who was chasing an animal",Jan output 1 ,,17.40227912308596,6.682063801556247,4.079135223332653
"The angel said, “Get up and take the child and his mother back to Israel. The people who wanted to kill him are now dead.”","“Vaa ir 'mɔɔ a bie nɩ a wʊ ma na fʊ chiin a Isɩral wɛr pɔ, a bala na dɔ̃ɔ bʊɔrɔ a bie kʊfʊ kpi naa.”",And it came to pass when the children of Israel had finished doing all that the Lord had commanded Moses,onesimus_5B146D14_Dec 05 output,,25.064266241105486,6.682063801556247,4.079135223332653
Everyone who asks will receive. Everyone who searches will find. And the door will be opened for everyone who knocks.,"Nɩrɛ 'lɔ na sʊɔr na nyɛ naa, ka a 'lɔ mɩ na yɔbɔ nyɛ, ka a pãn mɩ yuo kʊ a nɩrɛ 'lɔ na kpoor.","When the sun rises and the cock crows, then the woman takes her load and goes to the farm where the sun rises and the cock crows.",onesimus_5B146D14_Dec 05 output,,16.399289930081085,6.682063801556247,4.079135223332653
Many prophets and good people were eager to see what you see and to hear what you hear. But I tell you they did not see or hear. Jesus Explains the Story about the Farmer (Mark,"Yelmãɛ lɛ n 'yɛrɛ kʊrɔ yɩ ɩka Nãaŋmɩn 'yɛ'yɛrbɛ yɔɔ nɩ nɩtorsɩ yɔɔ ta bʊɔrɔ na ɩka ba nyɛ bon 'lɔ yɩn nyɛ tɩchɛ baa nyɛ ɛ, na ba ta wõ bon 'lɔ yɩn wõ tɩchɛ baa tʊ̃ɔ wõ ɛ.","When the women go to the farm, they sing and dance, and when they come back from the farm, they sing and dance, and that is what they do every day.",onesimus_5B146D14_Dec 05 output,,17.57345959569962,6.682063801556247,4.079135223332653
"Everyone who has something will be given more, and they will have more than enough. But everything will be taken from those who don't have anything.","Nɩrɛ 'lɔ jaa na tara yɔɔ, ban kʊ wʊn yɔɔ pʊɔ ka ba tara yɔɔ tɩchɛ a nɩrɛ 'lɔ na ba tara bon jaa ɛ, a bãlãa 'lɔ wʊn tara gba ban faan yin a wʊ sɛ̃.","When the sun rises, the men go to their farms, and when the sun sets, the men return home, and the women go to fetch water from the stream.",onesimus_5B146D14_Dec 05 output,,21.15851871757844,6.682063801556247,4.079135223332653
So the chief priests met with the leaders and decided to bribe the soldiers with a lot of money.,"A bɔɔrlo nãa nɩ a wʊ nɩbɛrɛ na wa lɔ̃ɔ taa, ba guor taa de libiyɔɔ kʊ a sojasɩ","The man went to the farm with his wife to clear the land, but they found a large snake there",onesimus_5B146D14_Dec 05 output,,21.82336049795153,6.682063801556247,4.079135223332653
"Now they were more afraid than ever and said to each other, “Who is this? Even the wind and the waves obey him!”","Ka a dãbãɛ kpɛ ba ka ba lɩɛb sʊrɔ taa, “An lɛ a nyã ka a sɛsɛbɛ nɩ a man tu a wʊ nɛɛ?”","And then they went to the old man and asked him, “Is it true that you have a daughter who is a spirit that you are hiding?”",output_eliasd,0.48005205,26.141204240540528,6.682063801556247,4.079135223332653
"So the evil spirits begged Jesus, “Send us into those pigs! Let us go into them.”","Ka a sɩdɛbɛ sʊɔr a Yesu, “Ir sɩ 'yɔ̃ɔ a dor ala pɔ na fʊ sɔɔ ka sɩ tɩ kpɛ a ba pɔ.”","And Jesus said to them, “If you are without sin, throw the first stone at her.”",output_eliasd,0.4832108,23.73329572316004,6.682063801556247,4.079135223332653
"After Jesus had told the people to sit down,",Wʊ vɛ̃n ka a nɩbɛ jãnɛ tẽe.,They will come and take our cattle again.,output_eliasd,0.17183073,10.821914052052033,6.682063801556247,4.079135223332653
You can tell what they are by what they do. No one picks grapes or figs from thornbushes.,A ba wɔ̃mɔ̃ lɛ yɩn bɔ̃ɔn a lɛ ban be. Ba ma pɔr 'wɔ̃rɔ gʊtɩɛ ju bɩɩ pɔr kɔ̃kɔ̃ɔ nyaartɩɛ ju ɔ?,"They are going to the farm to work, but they don't know if they will get any food to eat today or not",output_eliasd,0.20374343,24.873682739228357,6.682063801556247,4.079135223332653
He then sent more servants than he did the first time. But the renters treated them in the same way.,Be lɛ wʊ lɛ tʊ̃ a gbãgbaar bamɩne ka ba ge ba a lɛ nɛ nɩ wʊ ju.,They will come and take the Gbãgbaar Bamɩne and give it to them so that they can eat and drink.,output_eliasd,0.24075937,17.830800034056654,6.682063801556247,4.079135223332653
"The angel said, “Get up and take the child and his mother back to Israel. The people who wanted to kill him are now dead.”","“Vaa ir 'mɔɔ a bie nɩ a wʊ ma na fʊ chiin a Isɩral wɛr pɔ, a bala na dɔ̃ɔ bʊɔrɔ a bie kʊfʊ kpi naa.”","And it came to pass when Israel was dwelling in those places, then the people greatly increased in number.",gerhardt_428C0151_output_jQjr1f,,24.193052321589327,6.682063801556247,4.079135223332653
Everyone who asks will receive. Everyone who searches will find. And the door will be opened for everyone who knocks.,"Nɩrɛ 'lɔ na sʊɔr na nyɛ naa, ka a 'lɔ mɩ na yɔbɔ nyɛ, ka a pãn mɩ yuo kʊ a nɩrɛ 'lɔ na kpoor.","When the elephant and the buffalo and the cow went, and the elephant went and met the buffalo, then it told the buffalo to tell the elephant's family.",gerhardt_428C0151_output_jQjr1f,,12.502862988202926,6.682063801556247,4.079135223332653
Many prophets and good people were eager to see what you see and to hear what you hear. But I tell you they did not see or hear. Jesus Explains the Story about the Farmer (Mark,"Yelmãɛ lɛ n 'yɛrɛ kʊrɔ yɩ ɩka Nãaŋmɩn 'yɛ'yɛrbɛ yɔɔ nɩ nɩtorsɩ yɔɔ ta bʊɔrɔ na ɩka ba nyɛ bon 'lɔ yɩn nyɛ tɩchɛ baa nyɛ ɛ, na ba ta wõ bon 'lɔ yɩn wõ tɩchɛ baa tʊ̃ɔ wõ ɛ.","When the men have finished their work, they go to the chief's house and sit down, and if they have come to ask for a wife, they sit down, and if they have come to ask for a wife, the chief will call his servants to bring the girl, and they will bring the girl and give her to them, and they will take her away.",gerhardt_428C0151_output_jQjr1f,,19.11437349150638,6.682063801556247,4.079135223332653
"Everyone who has something will be given more, and they will have more than enough. But everything will be taken from those who don't have anything.","Nɩrɛ 'lɔ jaa na tara yɔɔ, ban kʊ wʊn yɔɔ pʊɔ ka ba tara yɔɔ tɩchɛ a nɩrɛ 'lɔ na ba tara bon jaa ɛ, a bãlãa 'lɔ wʊn tara gba ban faan yin a wʊ sɛ̃.","When the hunter goes to the bush, the animals know that the hunter has gone to the bush to look for them, and they hide, and the hunter returns with nothing.",gerhardt_428C0151_output_jQjr1f,,23.187916790188044,6.682063801556247,4.079135223332653
So the chief priests met with the leaders and decided to bribe the soldiers with a lot of money.,"A bɔɔrlo nãa nɩ a wʊ nɩbɛrɛ na wa lɔ̃ɔ taa, ba guor taa de libiyɔɔ kʊ a sojasɩ","The woman went to the farm with her child on her back, they found a big snake there",gerhardt_428C0151_output_jQjr1f,,18.87925734844121,6.682063801556247,4.079135223332653
"The angel said, “Get up and take the child and his mother back to Israel. The people who wanted to kill him are now dead.”","“Vaa ir 'mɔɔ a bie nɩ a wʊ ma na fʊ chiin a Isɩral wɛr pɔ, a bala na dɔ̃ɔ bʊɔrɔ a bie kʊfʊ kpi naa.”",And it came to pass when the children of Israel had finished doing all that the Lord had commanded Moses,gerhardt_E4DFEBFE_output_T8d1lo,,25.064266241105486,6.682063801556247,4.079135223332653
Everyone who asks will receive. Everyone who searches will find. And the door will be opened for everyone who knocks.,"Nɩrɛ 'lɔ na sʊɔr na nyɛ naa, ka a 'lɔ mɩ na yɔbɔ nyɛ, ka a pãn mɩ yuo kʊ a nɩrɛ 'lɔ na kpoor.","When the elephant and the buffalo and the cow went, and the elephant went to the river to drink water, then it met the elephant that went to the farm.",gerhardt_E4DFEBFE_output_T8d1lo,,14.515551204229368,6.682063801556247,4.079135223332653
Many prophets and good people were eager to see what you see and to hear what you hear. But I tell you they did not see or hear. Jesus Explains the Story about the Farmer (Mark,"Yelmãɛ lɛ n 'yɛrɛ kʊrɔ yɩ ɩka Nãaŋmɩn 'yɛ'yɛrbɛ yɔɔ nɩ nɩtorsɩ yɔɔ ta bʊɔrɔ na ɩka ba nyɛ bon 'lɔ yɩn nyɛ tɩchɛ baa nyɛ ɛ, na ba ta wõ bon 'lɔ yɩn wõ tɩchɛ baa tʊ̃ɔ wõ ɛ.","The women go to the farm to weed and clear, and when they return from the farm, they cook and pound, and when the men go to the farm, they clear and weed, and when they return from the farm, they rest.",gerhardt_E4DFEBFE_output_T8d1lo,,18.814473939817532,6.682063801556247,4.079135223332653
"Everyone who has something will be given more, and they will have more than enough. But everything will be taken from those who don't have anything.","Nɩrɛ 'lɔ jaa na tara yɔɔ, ban kʊ wʊn yɔɔ pʊɔ ka ba tara yɔɔ tɩchɛ a nɩrɛ 'lɔ na ba tara bon jaa ɛ, a bãlãa 'lɔ wʊn tara gba ban faan yin a wʊ sɛ̃.","When the men have gone to hunt, they go to the bush and when they have hunted and brought back meat, the women pound the fufu and the men cook the meat and they eat.",gerhardt_E4DFEBFE_output_T8d1lo,,21.123049754868408,6.682063801556247,4.079135223332653
So the chief priests met with the leaders and decided to bribe the soldiers with a lot of money.,"A bɔɔrlo nãa nɩ a wʊ nɩbɛrɛ na wa lɔ̃ɔ taa, ba guor taa de libiyɔɔ kʊ a sojasɩ","The hunter and his companions went to the forest to hunt, but they found only a small bird",gerhardt_E4DFEBFE_output_T8d1lo,,18.27641479438332,6.682063801556247,4.079135223332653
"The angel said, “Get up and take the child and his mother back to Israel. The people who wanted to kill him are now dead.”","“Vaa ir 'mɔɔ a bie nɩ a wʊ ma na fʊ chiin a Isɩral wɛr pɔ, a bala na dɔ̃ɔ bʊɔrɔ a bie kʊfʊ kpi naa.”",And it came to pass when Israel was strong and had settled in their cities that they forgot the Lord their God,onesimus_4838858E_Jan output 1 ,,20.054633569143487,6.682063801556247,4.079135223332653
Everyone who asks will receive. Everyone who searches will find. And the door will be opened for everyone who knocks.,"Nɩrɛ 'lɔ na sʊɔr na nyɛ naa, ka a 'lɔ mɩ na yɔbɔ nyɛ, ka a pãn mɩ yuo kʊ a nɩrɛ 'lɔ na kpoor.","When the sun rises and the cock crows, then the old man goes to the farm, and he returns in the evening when the sun sets.",onesimus_4838858E_Jan output 1 ,,15.754624792661076,6.682063801556247,4.079135223332653
Many prophets and good people were eager to see what you see and to hear what you hear. But I tell you they did not see or hear. Jesus Explains the Story about the Farmer (Mark,"Yelmãɛ lɛ n 'yɛrɛ kʊrɔ yɩ ɩka Nãaŋmɩn 'yɛ'yɛrbɛ yɔɔ nɩ nɩtorsɩ yɔɔ ta bʊɔrɔ na ɩka ba nyɛ bon 'lɔ yɩn nyɛ tɩchɛ baa nyɛ ɛ, na ba ta wõ bon 'lɔ yɩn wõ tɩchɛ baa tʊ̃ɔ wõ ɛ.","When the men have gone to hunt, the women stay at home to pound the millet, and when the men come back from hunting, they come back with meat, and when the women have finished pounding the millet, they cook it and the men eat.",onesimus_4838858E_Jan output 1 ,,18.149435612335196,6.682063801556247,4.079135223332653
"Everyone who has something will be given more, and they will have more than enough. But everything will be taken from those who don't have anything.","Nɩrɛ 'lɔ jaa na tara yɔɔ, ban kʊ wʊn yɔɔ pʊɔ ka ba tara yɔɔ tɩchɛ a nɩrɛ 'lɔ na ba tara bon jaa ɛ, a bãlãa 'lɔ wʊn tara gba ban faan yin a wʊ sɛ̃.","When the sun rises and it becomes daytime, people go to their farms to work, and when the sun sets and it becomes night, the men return home and the women pound the millet that they brought.",onesimus_4838858E_Jan output 1 ,,22.161310475003322,6.682063801556247,4.079135223332653
So the chief priests met with the leaders and decided to bribe the soldiers with a lot of money.,"A bɔɔrlo nãa nɩ a wʊ nɩbɛrɛ na wa lɔ̃ɔ taa, ba guor taa de libiyɔɔ kʊ a sojasɩ","The woman went to the farm with her child, they met a hunter who was chasing an animal",onesimus_4838858E_Jan output 1 ,,17.40227912308596,6.682063801556247,4.079135223332653
"The angel said, “Get up and take the child and his mother back to Israel. The people who wanted to kill him are now dead.”","“Vaa ir 'mɔɔ a bie nɩ a wʊ ma na fʊ chiin a Isɩral wɛr pɔ, a bala na dɔ̃ɔ bʊɔrɔ a bie kʊfʊ kpi naa.”",And it came to pass when the children of Israel had finished all the work that the Lord had commanded Moses,gerhardt_2F3FAF10_output (1),,25.658075416884984,6.682063801556247,4.079135223332653
Everyone who asks will receive. Everyone who searches will find. And the door will be opened for everyone who knocks.,"Nɩrɛ 'lɔ na sʊɔr na nyɛ naa, ka a 'lɔ mɩ na yɔbɔ nyɛ, ka a pãn mɩ yuo kʊ a nɩrɛ 'lɔ na kpoor.","When the hunter goes to the farm and sees the animal, he goes and tells his friend, and they come together to the hunter's farm.",gerhardt_2F3FAF10_output (1),,14.166476451018134,6.682063801556247,4.079135223332653
Many prophets and good people were eager to see what you see and to hear what you hear. But I tell you they did not see or hear. Jesus Explains the Story about the Farmer (Mark,"Yelmãɛ lɛ n 'yɛrɛ kʊrɔ yɩ ɩka Nãaŋmɩn 'yɛ'yɛrbɛ yɔɔ nɩ nɩtorsɩ yɔɔ ta bʊɔrɔ na ɩka ba nyɛ bon 'lɔ yɩn nyɛ tɩchɛ baa nyɛ ɛ, na ba ta wõ bon 'lɔ yɩn wõ tɩchɛ baa tʊ̃ɔ wõ ɛ.","When the men have gone to the farm, the women stay at home and pound the millet, and when the women have gone to the farm, the men stay at home and pound the millet.",gerhardt_2F3FAF10_output (1),,18.040503156107977,6.682063801556247,4.079135223332653
"Everyone who has something will be given more, and they will have more than enough. But everything will be taken from those who don't have anything.","Nɩrɛ 'lɔ jaa na tara yɔɔ, ban kʊ wʊn yɔɔ pʊɔ ka ba tara yɔɔ tɩchɛ a nɩrɛ 'lɔ na ba tara bon jaa ɛ, a bãlãa 'lɔ wʊn tara gba ban faan yin a wʊ sɛ̃.","When the sun rises, all the animals go to their hiding places, because when the sun rises, all human beings go to their farms, and the hunters go to the bush to hunt.",gerhardt_2F3FAF10_output (1),,20.73339183714801,6.682063801556247,4.079135223332653
So the chief priests met with the leaders and decided to bribe the soldiers with a lot of money.,"A bɔɔrlo nãa nɩ a wʊ nɩbɛrɛ na wa lɔ̃ɔ taa, ba guor taa de libiyɔɔ kʊ a sojasɩ","The woman went to the farm with her child, they found a big snake on their way",gerhardt_2F3FAF10_output (1),,17.278732236790983,6.682063801556247,4.079135223332653
"The angel said, “Get up and take the child and his mother back to Israel. The people who wanted to kill him are now dead.”","“Vaa ir 'mɔɔ a bie nɩ a wʊ ma na fʊ chiin a Isɩral wɛr pɔ, a bala na dɔ̃ɔ bʊɔrɔ a bie kʊfʊ kpi naa.”",And it came to pass when Israel was dwelling in the land that the people began to commit fornication with the daughters of the Moabites,onesimus_778C5456_Dec 06 output,,25.747201035587764,6.682063801556247,4.079135223332653
Everyone who asks will receive. Everyone who searches will find. And the door will be opened for everyone who knocks.,"Nɩrɛ 'lɔ na sʊɔr na nyɛ naa, ka a 'lɔ mɩ na yɔbɔ nyɛ, ka a pãn mɩ yuo kʊ a nɩrɛ 'lɔ na kpoor.","When the hunter goes to the farm and sees the elephant, he goes and informs the young men, and they come and help the hunter to kill the elephant.",onesimus_778C5456_Dec 06 output,,15.424750773070212,6.682063801556247,4.079135223332653
Many prophets and good people were eager to see what you see and to hear what you hear. But I tell you they did not see or hear. Jesus Explains the Story about the Farmer (Mark,"Yelmãɛ lɛ n 'yɛrɛ kʊrɔ yɩ ɩka Nãaŋmɩn 'yɛ'yɛrbɛ yɔɔ nɩ nɩtorsɩ yɔɔ ta bʊɔrɔ na ɩka ba nyɛ bon 'lɔ yɩn nyɛ tɩchɛ baa nyɛ ɛ, na ba ta wõ bon 'lɔ yɩn wõ tɩchɛ baa tʊ̃ɔ wõ ɛ.","When the old men are gathered, they tell the story of how the world was created and how death came into the world, and how the people of old died, and how we also will die, and how our children will also die.",onesimus_778C5456_Dec 06 output,,20.86504144526347,6.682063801556247,4.079135223332653
"Everyone who has something will be given more, and they will have more than enough. But everything will be taken from those who don't have anything.","Nɩrɛ 'lɔ jaa na tara yɔɔ, ban kʊ wʊn yɔɔ pʊɔ ka ba tara yɔɔ tɩchɛ a nɩrɛ 'lɔ na ba tara bon jaa ɛ, a bãlãa 'lɔ wʊn tara gba ban faan yin a wʊ sɛ̃.","When the hunter goes to the farm, they will go and meet the hunter at the farm to give him the farm work, and the hunter will give them the gun to go and shoot an animal to bring and cook.",onesimus_778C5456_Dec 06 output,,24.908036515904318,6.682063801556247,4.079135223332653
So the chief priests met with the leaders and decided to bribe the soldiers with a lot of money.,"A bɔɔrlo nãa nɩ a wʊ nɩbɛrɛ na wa lɔ̃ɔ taa, ba guor taa de libiyɔɔ kʊ a sojasɩ","The elephant and the buffalo went to the river to drink water, then the elephant stepped on the buffalo's testicles",onesimus_778C5456_Dec 06 output,,20.751435173503783,6.682063801556247,4.079135223332653
"The angel said, “Get up and take the child and his mother back to Israel. The people who wanted to kill him are now dead.”","“Vaa ir 'mɔɔ a bie nɩ a wʊ ma na fʊ chiin a Isɩral wɛr pɔ, a bala na dɔ̃ɔ bʊɔrɔ a bie kʊfʊ kpi naa.”","And it came to pass when Israel was strong that they put the Canaanites to forced labor, but they did not drive them out completely.",gerhardt_E3C23636_output_AHjhdB,,21.292715652033397,6.682063801556247,4.079135223332653
Everyone who asks will receive. Everyone who searches will find. And the door will be opened for everyone who knocks.,"Nɩrɛ 'lɔ na sʊɔr na nyɛ naa, ka a 'lɔ mɩ na yɔbɔ nyɛ, ka a pãn mɩ yuo kʊ a nɩrɛ 'lɔ na kpoor.","When the sun rises and it is daytime, then the person will go to the farm, and he will come back in the evening when the sun sets.",gerhardt_E3C23636_output_AHjhdB,,17.081133690184995,6.682063801556247,4.079135223332653
Many prophets and good people were eager to see what you see and to hear what you hear. But I tell you they did not see or hear. Jesus Explains the Story about the Farmer (Mark,"Yelmãɛ lɛ n 'yɛrɛ kʊrɔ yɩ ɩka Nãaŋmɩn 'yɛ'yɛrbɛ yɔɔ nɩ nɩtorsɩ yɔɔ ta bʊɔrɔ na ɩka ba nyɛ bon 'lɔ yɩn nyɛ tɩchɛ baa nyɛ ɛ, na ba ta wõ bon 'lɔ yɩn wõ tɩchɛ baa tʊ̃ɔ wõ ɛ.","When the men have gone to hunt, the women stay at home to pound the millet, and when the men come back from hunting, they come back with meat, and when the women have finished pounding the millet, they finish cooking the food.",gerhardt_E3C23636_output_AHjhdB,,17.87642889833553,6.682063801556247,4.079135223332653
"Everyone who has something will be given more, and they will have more than enough. But everything will be taken from those who don't have anything.","Nɩrɛ 'lɔ jaa na tara yɔɔ, ban kʊ wʊn yɔɔ pʊɔ ka ba tara yɔɔ tɩchɛ a nɩrɛ 'lɔ na ba tara bon jaa ɛ, a bãlãa 'lɔ wʊn tara gba ban faan yin a wʊ sɛ̃.","When the sun rises, the men go to the farm to work, and when the sun sets, the men return home, and the women go to fetch water from the stream.",gerhardt_E3C23636_output_AHjhdB,,21.604202321719328,6.682063801556247,4.079135223332653
So the chief priests met with the leaders and decided to bribe the soldiers with a lot of money.,"A bɔɔrlo nãa nɩ a wʊ nɩbɛrɛ na wa lɔ̃ɔ taa, ba guor taa de libiyɔɔ kʊ a sojasɩ","The elephant and the buffalo went to the river to drink water, but the elephant drank all the water",gerhardt_E3C23636_output_AHjhdB,,18.131034126520216,6.682063801556247,4.079135223332653
"The angel said, “Get up and take the child and his mother back to Israel. The people who wanted to kill him are now dead.”","“Vaa ir 'mɔɔ a bie nɩ a wʊ ma na fʊ chiin a Isɩral wɛr pɔ, a bala na dɔ̃ɔ bʊɔrɔ a bie kʊfʊ kpi naa.”",And it came to pass when Israel was dwelling in the land that the people began to commit fornication with the daughters of the Moabites.,Dec 12 output,,25.860985349359773,6.682063801556247,4.079135223332653
Everyone who asks will receive. Everyone who searches will find. And the door will be opened for everyone who knocks.,"Nɩrɛ 'lɔ na sʊɔr na nyɛ naa, ka a 'lɔ mɩ na yɔbɔ nyɛ, ka a pãn mɩ yuo kʊ a nɩrɛ 'lɔ na kpoor.","When the sun rises and the day breaks, then the men go to their farms, and they return home when the sun sets.",Dec 12 output,,15.377931055773422,6.682063801556247,4.079135223332653
Many prophets and good people were eager to see what you see and to hear what you hear. But I tell you they did not see or hear. Jesus Explains the Story about the Farmer (Mark,"Yelmãɛ lɛ n 'yɛrɛ kʊrɔ yɩ ɩka Nãaŋmɩn 'yɛ'yɛrbɛ yɔɔ nɩ nɩtorsɩ yɔɔ ta bʊɔrɔ na ɩka ba nyɛ bon 'lɔ yɩn nyɛ tɩchɛ baa nyɛ ɛ, na ba ta wõ bon 'lɔ yɩn wõ tɩchɛ baa tʊ̃ɔ wõ ɛ.","When the hunter goes to hunt, he first greets the Naaŋmɩn, the god of hunting, and if he is successful, he gives him some of the game, and if he is not successful, he also gives him some of the game, that is why.",Dec 12 output,,17.222540408076018,6.682063801556247,4.079135223332653
"Everyone who has something will be given more, and they will have more than enough. But everything will be taken from those who don't have anything.","Nɩrɛ 'lɔ jaa na tara yɔɔ, ban kʊ wʊn yɔɔ pʊɔ ka ba tara yɔɔ tɩchɛ a nɩrɛ 'lɔ na ba tara bon jaa ɛ, a bãlãa 'lɔ wʊn tara gba ban faan yin a wʊ sɛ̃.","When the sun rises, people go to their farms, and when the sun sets, they return to their homes, and the men go to their rooms to sleep.",Dec 12 output,,18.679079328983455,6.682063801556247,4.079135223332653
So the chief priests met with the leaders and decided to bribe the soldiers with a lot of money.,"A bɔɔrlo nãa nɩ a wʊ nɩbɛrɛ na wa lɔ̃ɔ taa, ba guor taa de libiyɔɔ kʊ a sojasɩ","The woman went to the farm with her child on her back, they met a hunter who was coming from the forest",Dec 12 output,,19.590105252751812,6.682063801556247,4.079135223332653
"The angel said, “Get up and take the child and his mother back to Israel. The people who wanted to kill him are now dead.”","“Vaa ir 'mɔɔ a bie nɩ a wʊ ma na fʊ chiin a Isɩral wɛr pɔ, a bala na dɔ̃ɔ bʊɔrɔ a bie kʊfʊ kpi naa.”",And it came to pass when the children of Israel had finished doing all that the Lord had commanded Moses,onesimus_CF2838B3_Dec 03 output,,25.064266241105486,6.682063801556247,4.079135223332653
Everyone who asks will receive. Everyone who searches will find. And the door will be opened for everyone who knocks.,"Nɩrɛ 'lɔ na sʊɔr na nyɛ naa, ka a 'lɔ mɩ na yɔbɔ nyɛ, ka a pãn mɩ yuo kʊ a nɩrɛ 'lɔ na kpoor.","When the hunter goes to the farm and sees the animal, he goes and tells the young men, and they come and help the hunter to catch the animal.",onesimus_CF2838B3_Dec 03 output,,14.411400168013595,6.682063801556247,4.079135223332653
Many prophets and good people were eager to see what you see and to hear what you hear. But I tell you they did not see or hear. Jesus Explains the Story about the Farmer (Mark,"Yelmãɛ lɛ n 'yɛrɛ kʊrɔ yɩ ɩka Nãaŋmɩn 'yɛ'yɛrbɛ yɔɔ nɩ nɩtorsɩ yɔɔ ta bʊɔrɔ na ɩka ba nyɛ bon 'lɔ yɩn nyɛ tɩchɛ baa nyɛ ɛ, na ba ta wõ bon 'lɔ yɩn wõ tɩchɛ baa tʊ̃ɔ wõ ɛ.","The women go to the farm to work and the men go to the farm to work and when they return from the farm they give their wives the food, and when their wives give them food they eat, and when they give their children food they eat.",onesimus_CF2838B3_Dec 03 output,,18.375906072579482,6.682063801556247,4.079135223332653
"Everyone who has something will be given more, and they will have more than enough. But everything will be taken from those who don't have anything.","Nɩrɛ 'lɔ jaa na tara yɔɔ, ban kʊ wʊn yɔɔ pʊɔ ka ba tara yɔɔ tɩchɛ a nɩrɛ 'lɔ na ba tara bon jaa ɛ, a bãlãa 'lɔ wʊn tara gba ban faan yin a wʊ sɛ̃.","When the men went hunting, they would go and hunt in the bush and bring back meat for the men to eat and the women would pound the fufu for them to eat.",onesimus_CF2838B3_Dec 03 output,,19.977634637447146,6.682063801556247,4.079135223332653
So the chief priests met with the leaders and decided to bribe the soldiers with a lot of money.,"A bɔɔrlo nãa nɩ a wʊ nɩbɛrɛ na wa lɔ̃ɔ taa, ba guor taa de libiyɔɔ kʊ a sojasɩ","The man went to the farm with his wife and they cleared a new place, they made a big fire and cooked their food",onesimus_CF2838B3_Dec 03 output,,22.01856475293366,6.682063801556247,4.079135223332653
"The angel said, “Get up and take the child and his mother back to Israel. The people who wanted to kill him are now dead.”","“Vaa ir 'mɔɔ a bie nɩ a wʊ ma na fʊ chiin a Isɩral wɛr pɔ, a bala na dɔ̃ɔ bʊɔrɔ a bie kʊfʊ kpi naa.”",And it came to pass when Israel was dwelling in the land that the people began to commit fornication with the daughters of the Moabites,john_BA3F5F9A_output (3),,25.747201035587764,6.682063801556247,4.079135223332653
Everyone who asks will receive. Everyone who searches will find. And the door will be opened for everyone who knocks.,"Nɩrɛ 'lɔ na sʊɔr na nyɛ naa, ka a 'lɔ mɩ na yɔbɔ nyɛ, ka a pãn mɩ yuo kʊ a nɩrɛ 'lɔ na kpoor.","When the sun rises and the cock crows, then the man gets up and goes to the farm to work.",john_BA3F5F9A_output (3),,13.235259321482717,6.682063801556247,4.079135223332653
Many prophets and good people were eager to see what you see and to hear what you hear. But I tell you they did not see or hear. Jesus Explains the Story about the Farmer (Mark,"Yelmãɛ lɛ n 'yɛrɛ kʊrɔ yɩ ɩka Nãaŋmɩn 'yɛ'yɛrbɛ yɔɔ nɩ nɩtorsɩ yɔɔ ta bʊɔrɔ na ɩka ba nyɛ bon 'lɔ yɩn nyɛ tɩchɛ baa nyɛ ɛ, na ba ta wõ bon 'lɔ yɩn wõ tɩchɛ baa tʊ̃ɔ wõ ɛ.","The women are the ones who do the farming work and they are the ones who feed the men, and when they are hungry they give them food to eat, and when they are thirsty they give them water to drink.",john_BA3F5F9A_output (3),,19.859895158647028,6.682063801556247,4.079135223332653
"Everyone who has something will be given more, and they will have more than enough. But everything will be taken from those who don't have anything.","Nɩrɛ 'lɔ jaa na tara yɔɔ, ban kʊ wʊn yɔɔ pʊɔ ka ba tara yɔɔ tɩchɛ a nɩrɛ 'lɔ na ba tara bon jaa ɛ, a bãlãa 'lɔ wʊn tara gba ban faan yin a wʊ sɛ̃.","When the hunter goes to the farm, he does not go to the farm to play, but the hunter goes to the farm to work, and the farmer also goes to the farm to work and to feed himself.",john_BA3F5F9A_output (3),,17.668681505937844,6.682063801556247,4.079135223332653
So the chief priests met with the leaders and decided to bribe the soldiers with a lot of money.,"A bɔɔrlo nãa nɩ a wʊ nɩbɛrɛ na wa lɔ̃ɔ taa, ba guor taa de libiyɔɔ kʊ a sojasɩ","The hunter and his companions went to the farm, they found a big elephant that the hunters had killed",john_BA3F5F9A_output (3),,19.737333960439543,6.682063801556247,4.079135223332653
